0,100,30,0,0,24.978341394302426,0.019004239654409553,0.0
1,100,30,0,0,24.948983018382226,0.04091328910657224,0.0
2,100,30,0,0,25.309306115380743,0.06305790703518714,0.0
3,100,30,0,0,24.942021563084467,0.08332489593497575,0.0
4,100,30,0,0,24.833985424376483,0.09595928573461182,-0.01287994966057213
5,100,30,0,0,24.86368609620002,0.1146183286365789,-0.01287994966057213
6,100,30,0,0,24.994090852125407,0.12242186019762441,-0.038322274995854604
7,100,30,0,0,25.006657813596544,0.1356039294930403,-0.038322274995854604
8,100,30,0,0,25.001028146098783,0.14639728748098638,-0.038322274995854604
9,100,30,1,1,24.712200350536136,0.1632684543228228,-0.044597765378991724
10,100,30,1,1,24.96498118992677,0.18229756502497788,-0.044597765378991724
11,100,30,2,2,24.861166822289768,0.19373462290977878,-0.058019256639607504
12,100,30,2,2,25.116418641311355,0.20616623850168184,-0.058019256639607504
13,100,30,2,2,24.95087787199274,0.21599408619134242,-0.07041605567409596
14,100,30,3,3,25.074475972949102,0.2260321641925406,-0.08380417049778548
15,100,30,3,3,24.53932025339541,0.23603762662898403,-0.09636966434945986
16,100,30,3,3,24.44870749554357,0.24662605938056462,-0.10894021775728167
17,100,30,3,3,24.831886450230172,0.25857433306134664,-0.12158620614789775
18,100,30,5,5,24.088417049349246,0.25851323860226005,-0.15483359883144074
19,100,30,5,5,24.420123433278775,0.2630289056631936,-0.18046377786918677
20,100,30,6,6,24.29044156479886,0.2693490143883212,-0.2068366404046489
21,100,30,6,6,24.989946683334924,0.27966250710603197,-0.2068366404046489
22,100,30,8,8,23.644363544351442,0.2801103436872328,-0.2195785681165227
23,100,30,8,8,24.993819704473218,0.28975084651167243,-0.2195785681165227
24,100,30,8,8,25.184627713584863,0.2938129123343178,-0.2195785681165227
25,100,30,8,8,25.043319333592574,0.30320638669787425,-0.2195785681165227
26,100,30,8,8,24.628066950536624,0.30717282644801713,-0.2324937284097643
27,100,30,8,8,24.89147065825545,0.3162913236090273,-0.2324937284097643
28,100,30,8,8,24.79065684008667,0.32465641277715923,-0.2324937284097643
29,100,30,8,8,25.168836601851005,0.32653274628166407,-0.2324937284097643
30,100,30,8,8,25.021797234362023,0.33555403900071135,-0.2324937284097643
31,100,30,8,8,25.171534237702588,0.3516828779842913,-0.2324937284097643
32,100,30,8,8,24.74864636658712,0.35788415941585094,-0.2324937284097643
33,100,30,8,8,22.587525266988138,0.3535895006646469,-0.2686158092632214
34,100,30,9,9,24.199670715931553,0.36107487698876545,-0.2870330891371299
35,100,30,9,9,25.10143688011595,0.3666215359250406,-0.2870330891371299
36,100,30,9,9,25.067187473384546,0.37425049670792077,-0.2870330891371299
37,100,30,9,9,25.011289801019565,0.37980686094352206,-0.2870330891371299
38,100,30,9,9,25.148004719957587,0.3816421356043433,-0.3000853554864355
39,100,30,9,9,25.0439738398687,0.3885132322685145,-0.3000853554864355
40,100,30,9,9,25.055998435967695,0.40054432003370793,-0.3000853554864355
41,100,30,9,9,25.130882955452314,0.40275915853805827,-0.3000853554864355
42,100,30,9,9,25.00263583617962,0.41227979866320774,-0.3130901754970959
43,100,30,9,9,24.989288969514686,0.4172200010188907,-0.3130901754970959
44,100,30,9,9,25.0360486406532,0.42753002973320736,-0.3130901754970959
45,100,30,9,9,24.412024915851394,0.4280961045288338,-0.3388972980736936
46,100,30,10,10,24.63716328585718,0.4315568517654361,-0.34547583087735956
47,100,30,10,10,25.11667842586707,0.44205527576387743,-0.34547583087735956
48,100,30,11,11,24.354885608055362,0.4385866958200988,-0.35156144185167554
49,100,30,11,11,24.883066088193928,0.4438369441166639,-0.35156144185167554
50,100,30,11,11,24.794956936554236,0.4498197167099293,-0.36441348398173556
51,100,30,12,12,24.46488050916577,0.4533651636807711,-0.3707942720262268
52,100,30,12,12,24.840388044243703,0.4525398291310048,-0.3707942720262268
53,100,30,12,12,25.033930996389444,0.45221843783443155,-0.3707942720262268
54,100,30,13,13,24.680336167088782,0.4531890133239316,-0.3770617651973395
55,100,30,13,13,24.938979833176745,0.4590478394434605,-0.3770617651973395
56,100,30,13,13,24.822237163959947,0.46506399253666625,-0.38985356723742826
57,100,30,13,13,24.72399979104594,0.46827411456858486,-0.4029058323729688
58,100,30,14,14,24.893430205076452,0.46995302095208974,-0.4096892402523819
59,100,30,15,15,24.624395886226882,0.4751295684261384,-0.41662216769082344
60,100,30,16,16,23.97811138875891,0.47964504150010095,-0.42279283696464076
61,100,30,16,16,25.236346743520023,0.485776961234733,-0.42279283696464076
62,100,30,16,16,24.899106685516053,0.48626846370029414,-0.42279283696464076
63,100,30,16,16,25.024661497520242,0.4844496522386648,-0.42279283696464076
64,100,30,16,16,24.935976193736224,0.4869675870163344,-0.42279283696464076
65,100,30,16,16,24.596182288001884,0.49221569476516996,-0.4355973119125744
66,100,30,17,17,24.76495844359397,0.4956223653473744,-0.44206994224418694
67,100,30,17,17,25.32770098240185,0.5000377027272254,-0.44206994224418694
68,100,30,17,17,25.122456232723593,0.5043294709013056,-0.44206994224418694
69,100,30,18,18,24.702193399852824,0.5058842154570748,-0.44890323195712045
70,100,30,19,19,24.71017893978238,0.510677499560466,-0.4554046668620992
71,100,30,19,19,25.01971584398563,0.5204121054986337,-0.4554046668620992
72,100,30,19,19,24.77492758394687,0.5198400292054606,-0.4554046668620992
73,100,30,20,20,24.55789779969218,0.5232569787754833,-0.4615986896852634
74,100,30,20,20,25.224535500321377,0.5282163691044791,-0.4615986896852634
75,100,30,21,21,24.9419348627702,0.5277310979292653,-0.46781369938644424
76,100,30,21,21,24.824524349626746,0.5311831795199449,-0.46781369938644424
77,100,30,21,21,25.046337946755145,0.5326521760884351,-0.48114461004237813
78,100,30,21,21,25.061024543473586,0.5370334582725264,-0.48114461004237813
79,100,30,21,21,25.18366359247733,0.5359367194619792,-0.48114461004237813
80,100,30,21,21,24.971812348679887,0.5349613280309458,-0.48114461004237813
81,100,30,21,21,25.209016445949857,0.5294215004724081,-0.48114461004237813
82,100,30,21,21,25.00116179608048,0.5301349922914872,-0.48114461004237813
83,100,30,21,21,25.00650451729569,0.5315759876528225,-0.48114461004237813
84,100,30,21,21,25.04177082453517,0.5346237703658377,-0.48114461004237813
85,100,30,21,21,25.077903810717473,0.5318286961252934,-0.48114461004237813
86,100,30,21,21,24.97341410220463,0.5334594198948092,-0.48114461004237813
87,100,30,21,21,24.921787756686925,0.5329215890586024,-0.48114461004237813
88,100,30,21,21,25.36888416342508,0.5256400662364431,-0.48114461004237813
89,100,30,21,21,25.02319813835011,0.5254419146291621,-0.48114461004237813
90,100,30,21,21,25.04104858113054,0.5263410658222625,-0.48114461004237813
91,100,30,22,22,24.73175140836261,0.5252565333472708,-0.487295987543081
92,100,30,22,22,25.02124226310201,0.530991388102598,-0.487295987543081
93,100,30,22,22,25.016127626038177,0.5343198245871098,-0.487295987543081
94,100,30,22,22,25.036749570037877,0.5378602560865904,-0.487295987543081
95,100,30,22,22,25.07529163414459,0.5484446831348053,-0.487295987543081
96,100,30,22,22,25.000691091486832,0.5534284590441118,-0.487295987543081
97,100,30,22,22,24.88546418622348,0.5500491489503497,-0.487295987543081
98,100,30,22,22,24.816620652357354,0.5457714922611813,-0.487295987543081
99,100,30,22,22,24.944579716160447,0.5470733377200651,-0.487295987543081
100,100,30,23,23,24.52711990790785,0.5456155294610351,-0.49377110863155416
101,100,30,23,23,24.996427378222542,0.5495542661843491,-0.49377110863155416
102,100,30,23,23,25.04100788245859,0.5529951622159269,-0.49377110863155416
103,100,30,23,23,24.937160891732425,0.5507252967434658,-0.49377110863155416
104,100,30,23,23,24.932317871387504,0.5520799885796704,-0.49377110863155416
105,100,30,23,23,24.93299469650195,0.55215298978807,-0.49377110863155416
106,100,30,23,23,24.889515017327,0.5528408511249568,-0.49377110863155416
107,100,30,24,24,24.58232997822545,0.5523916647416788,-0.5004438651520733
108,100,30,24,24,24.975160107288428,0.557027428443714,-0.5004438651520733
109,100,30,24,24,25.18460511782532,0.5578489145659655,-0.5004438651520733
110,100,30,25,25,23.19089268505184,0.5549189131731048,-0.5190745410514126
111,100,30,26,26,24.83898882252752,0.5500121157737332,-0.5253249730952488
112,100,30,26,26,25.067599666400227,0.5534816295586499,-0.5253249730952488
113,100,30,26,26,24.9177399026958,0.552594531701077,-0.5253249730952488
114,100,30,26,26,25.0421559028036,0.5508189472690324,-0.5253249730952488
115,100,30,26,26,25.027005084885232,0.5559560367803973,-0.5253249730952488
116,100,30,26,26,25.103410707906065,0.5596596349843127,-0.5253249730952488
117,100,30,27,27,24.574109426103476,0.5610706636435562,-0.5314723977689899
118,100,30,27,27,25.027042100805772,0.564009504209502,-0.5314723977689899
119,100,30,27,27,25.20806862404818,0.5669740618994193,-0.5314723977689899
120,100,30,28,28,24.669094062774292,0.5690186338534766,-0.5377637337230787
121,100,30,28,28,25.320079001024645,0.5680120285296527,-0.5377637337230787
122,100,30,28,28,25.050996948919032,0.5697514102151957,-0.5377637337230787
123,100,30,28,28,25.003447597183513,0.571534368143489,-0.5377637337230787
124,100,30,28,28,25.29178347266466,0.5743333789506869,-0.5377637337230787
125,100,30,28,28,25.013606384231366,0.5749632376295978,-0.5377637337230787
126,100,30,28,28,24.986299961151083,0.5744458664978133,-0.5377637337230787
127,100,30,28,28,25.002491634276275,0.5754728050922486,-0.5377637337230787
128,100,30,28,28,25.003542030385834,0.5809358999182785,-0.5377637337230787
129,100,30,28,28,24.873791348717187,0.5797855055589051,-0.5377637337230787
130,100,30,28,28,25.199359016712044,0.5821767940140773,-0.5377637337230787
131,100,30,28,28,24.90703373383676,0.5852549619992142,-0.5377637337230787
132,100,30,28,28,25.017740108342487,0.5880398525554217,-0.5377637337230787
133,100,30,28,28,24.966891626670105,0.588375310745182,-0.5377637337230787
134,100,30,29,29,25.088452341543885,0.5889517205914041,-0.5441164652610992
135,100,30,29,29,25.30736731678639,0.5863214410319656,-0.5441164652610992
136,100,30,29,29,24.886787345839597,0.5901857601503403,-0.5441164652610992
137,100,30,29,29,24.775739692389067,0.5903218505275468,-0.5441164652610992
138,100,30,29,29,24.976320504335483,0.5931033433334413,-0.5441164652610992
139,100,30,29,29,25.09849197688215,0.5942697120108488,-0.5441164652610992
140,100,30,29,29,24.984559812709065,0.5940469804579317,-0.5441164652610992
141,100,30,29,29,25.00112624510782,0.5902032872697539,-0.5441164652610992
142,100,30,29,29,24.966629386931388,0.5923920512548834,-0.5441164652610992
143,100,30,29,29,25.149647209128823,0.5866082507396162,-0.5441164652610992
144,100,30,29,29,24.829426791195168,0.5848891875748409,-0.5441164652610992
145,100,30,29,29,24.94651826112555,0.5787904448516805,-0.5441164652610992
146,100,30,29,29,24.907838154621942,0.5788386602801407,-0.5441164652610992
147,100,30,29,29,24.95269866598164,0.5801148184120428,-0.5441164652610992
148,100,30,29,29,24.916482238940745,0.5797604995969324,-0.5441164652610992
149,100,30,29,29,24.85133936729425,0.5856001808190492,-0.5441164652610992
150,100,30,29,29,25.043858062280158,0.5890426287877949,-0.5441164652610992
151,100,30,29,29,24.85140474864,0.586165419498912,-0.5441164652610992
152,100,30,29,29,25.274397273050944,0.5896645336642578,-0.5441164652610992
153,100,30,29,29,24.81156376846558,0.5934495279533442,-0.5441164652610992
154,100,30,29,29,24.966196778899125,0.593207310332198,-0.5441164652610992
155,100,30,29,29,25.00664008517095,0.5975878841480833,-0.5441164652610992
156,100,30,29,29,25.014440179202325,0.6005406283232125,-0.5441164652610992
157,100,30,29,29,25.348862816220116,0.5964302375032665,-0.5441164652610992
158,100,30,29,29,25.271734080544185,0.5935314339696118,-0.5441164652610992
159,100,30,29,29,25.075682668002536,0.590023878784818,-0.5441164652610992
160,100,30,29,29,25.143253980344085,0.5921486601024544,-0.5441164652610992
161,100,30,29,29,24.849531329600406,0.5919848015444741,-0.5441164652610992
162,100,30,29,29,24.876692704034205,0.5874413975822427,-0.5441164652610992
163,100,30,29,29,24.987891576378694,0.5860664340842802,-0.5441164652610992
164,100,30,29,29,25.085220538120304,0.5825245470098128,-0.5441164652610992
165,100,30,29,29,25.094885277539184,0.5857367696533237,-0.5441164652610992
166,100,30,29,29,24.658305585568662,0.5792961524531159,-0.5441164652610992
167,100,30,29,29,24.9297623965936,0.5851410003063074,-0.5441164652610992
168,100,30,29,29,24.801196454360657,0.5870359512656976,-0.5441164652610992
169,100,30,29,29,25.04901240495094,0.59209266269645,-0.5441164652610992
170,100,30,29,29,25.07444721716196,0.5889219182706382,-0.5441164652610992
171,100,30,29,29,24.982964593450895,0.5908447854875163,-0.5441164652610992
172,100,30,29,29,25.032345392258286,0.5964728392306962,-0.5441164652610992
173,100,30,29,29,25.08329905348144,0.5986148763783767,-0.5441164652610992
174,100,30,29,29,25.002502134354046,0.6011676531921272,-0.5441164652610992
175,100,30,29,29,25.265703918721236,0.5964043750147795,-0.5441164652610992
176,100,30,29,29,24.868093254106473,0.5910554158771087,-0.5441164652610992
177,100,30,29,29,25.21827155391808,0.5922364188718744,-0.5441164652610992
178,100,30,29,29,25.016246174781177,0.5940876637760355,-0.5441164652610992
179,100,30,29,29,25.017618051315196,0.5857624125691183,-0.5441164652610992
180,100,30,29,29,25.006035927397022,0.5906059863914953,-0.5441164652610992
181,100,30,29,29,24.923651394711392,0.5925647357440276,-0.5441164652610992
182,100,30,29,29,24.97034293864018,0.5946430508950509,-0.5441164652610992
183,100,30,29,29,24.982013124523263,0.5937718402042436,-0.5441164652610992
184,100,30,29,29,25.074355129033798,0.5913693903258889,-0.5441164652610992
185,100,30,29,29,24.997195400200603,0.5867258185503731,-0.5441164652610992
186,100,30,29,29,24.995226619171646,0.5904092909694328,-0.5441164652610992
187,100,30,29,29,24.864803385194755,0.5935528907900542,-0.5441164652610992
188,100,30,29,29,24.980468469620305,0.59875744365816,-0.5441164652610992
189,100,30,29,29,24.896934975734933,0.5979539416891483,-0.5441164652610992
190,100,30,29,29,24.83550080187525,0.594520836102895,-0.5441164652610992
191,100,30,29,29,24.951769155026973,0.594151488662068,-0.5441164652610992
192,100,30,30,30,24.597052341103712,0.59673465316583,-0.5503189612982297
193,100,30,30,30,25.025506073680774,0.6006443872205948,-0.5503189612982297
194,100,30,30,30,25.210295559917007,0.5997653604523973,-0.5503189612982297
195,100,30,30,30,25.028256778125574,0.5971486936511683,-0.5503189612982297
196,100,30,30,30,24.853028569488224,0.5958029154922126,-0.5503189612982297
197,100,30,30,30,25.0001795239558,0.5970917469707094,-0.5503189612982297
198,100,30,30,30,24.996303827315487,0.593923710229366,-0.5503189612982297
199,100,30,30,30,24.962577536961177,0.5917385134036532,-0.5503189612982297
200,100,30,30,30,25.07493176240591,0.5946574109752998,-0.5503189612982297
201,100,30,30,30,25.139177912062948,0.5962261408870395,-0.5503189612982297
202,100,30,30,30,24.97280988352714,0.5992069667383932,-0.5503189612982297
203,100,30,30,30,24.971469723325683,0.5992845275170515,-0.5503189612982297
204,100,30,30,30,25.128728517856516,0.5966451082424938,-0.5503189612982297
205,100,30,30,30,24.856212027517437,0.5987365606358429,-0.5503189612982297
206,100,30,30,30,24.812691347225645,0.5954337459601576,-0.5503189612982297
207,100,30,30,30,24.98637778362249,0.5899423337940346,-0.5503189612982297
208,100,30,30,30,25.009160260332095,0.5955318477681141,-0.5503189612982297
209,100,30,30,30,24.8067261476847,0.5950101949182803,-0.5503189612982297
210,100,30,30,30,24.992851164942717,0.5940673018476826,-0.5503189612982297
211,100,30,30,30,25.0100088393697,0.5947695511391929,-0.5503189612982297
212,100,30,30,30,25.023716838597842,0.595288991347623,-0.5503189612982297
213,100,30,30,30,25.04051150813558,0.5932486681120195,-0.5503189612982297
214,100,30,30,30,25.06454631723981,0.5898621063302354,-0.5503189612982297
215,100,30,30,30,25.149098390366028,0.5913151330101999,-0.5503189612982297
216,100,30,30,30,25.129816398361562,0.5904566750264881,-0.5503189612982297
217,100,30,30,30,25.534616066300167,0.590946018082817,-0.5503189612982297
218,100,30,30,30,24.838181534822915,0.5919513066212823,-0.5503189612982297
219,100,30,30,30,25.372699204317748,0.5907621925120855,-0.5503189612982297
220,100,30,30,30,24.6890054108904,0.5886538811359552,-0.5503189612982297
221,100,30,30,30,25.027840436175822,0.5948168970874015,-0.5503189612982297
222,100,30,30,30,24.867470128037894,0.5890195711325172,-0.5503189612982297
223,100,30,30,30,25.052293333715554,0.5865505197092523,-0.5503189612982297
224,100,30,30,30,24.97896600893735,0.5763999005978413,-0.5503189612982297
225,100,30,30,30,25.020769583085283,0.5745965389514024,-0.5503189612982297
226,100,30,30,30,25.126028566540395,0.5749938641723673,-0.5503189612982297
227,100,30,30,30,25.134624581668497,0.5751213990363974,-0.5503189612982297
228,100,30,30,30,24.988922640481153,0.5709164573352623,-0.5503189612982297
229,100,30,30,30,24.84159618040193,0.5725728174397295,-0.5503189612982297
230,100,30,30,30,25.070272109860767,0.5714926765923104,-0.5503189612982297
231,100,30,30,30,24.908273806420944,0.5788445310018777,-0.5503189612982297
232,100,30,30,30,24.998527411693694,0.5775374988526243,-0.5503189612982297
233,100,30,30,30,24.89402555603687,0.5818922066808216,-0.5503189612982297
234,100,30,30,30,24.74009102050239,0.5796944920004402,-0.5503189612982297
235,100,30,30,30,25.11581304474666,0.5820703881827756,-0.5503189612982297
236,100,30,30,30,25.097985070381824,0.5883871090427059,-0.5503189612982297
237,100,30,30,30,25.02355909975977,0.5892553270185292,-0.5503189612982297
238,100,30,30,30,24.820377566248077,0.5886055713840304,-0.5503189612982297
239,100,30,30,30,24.928146645955906,0.58788466855164,-0.5503189612982297
240,100,30,30,30,25.079935283218152,0.5870466732450463,-0.5503189612982297
241,100,30,30,30,24.911772815104598,0.5854774759629808,-0.5503189612982297
242,100,30,30,30,25.042047809516298,0.5889753231597776,-0.5503189612982297
243,100,30,30,30,24.859560262179397,0.5906230301608206,-0.5503189612982297
244,100,30,30,30,25.286643772929743,0.5860369894974706,-0.5503189612982297
245,100,30,30,30,25.045217354474588,0.5841154719910109,-0.5503189612982297
246,100,30,30,30,25.05778857256184,0.5851171131891825,-0.5503189612982297
247,100,30,30,30,25.011336085321226,0.5834274611108374,-0.5503189612982297
248,100,30,30,30,25.088004779571627,0.5899415026832774,-0.5503189612982297
249,100,30,30,30,25.05573233495317,0.5908153941950468,-0.5503189612982297
250,100,30,30,30,24.985094367446642,0.592584308971458,-0.5503189612982297
251,100,30,30,30,24.97719296248027,0.5954509329011526,-0.5503189612982297
252,100,30,30,30,25.066766774409267,0.5950808566986056,-0.5503189612982297
253,100,30,30,30,24.937681078569142,0.595931087737816,-0.5503189612982297
254,100,30,30,30,24.980221183702426,0.5954134902350547,-0.5503189612982297
255,100,30,30,30,25.13404105640069,0.5910692449160988,-0.5503189612982297
256,100,30,30,30,25.154020184705008,0.5911431193855002,-0.5503189612982297
257,100,30,30,30,24.86915053220556,0.5922845844705035,-0.5503189612982297
258,100,30,30,30,25.06500594388889,0.5955732671696814,-0.5503189612982297
259,100,30,30,30,24.8995660146207,0.5904810321680382,-0.5503189612982297
260,100,30,30,30,24.942142818343868,0.5875321605329867,-0.5503189612982297
261,100,30,30,30,25.071371819295894,0.5941755513770262,-0.5503189612982297
262,100,30,30,30,24.8800164687557,0.59626455502972,-0.5503189612982297
263,100,30,30,30,25.134439188060107,0.595796282640452,-0.5503189612982297
264,100,30,30,30,24.983068166159214,0.5911639371943613,-0.5503189612982297
265,100,30,30,30,25.0081746255725,0.5874097189877715,-0.5503189612982297
266,100,30,30,30,25.098696773161834,0.5859324600890592,-0.5503189612982297
267,100,30,30,30,25.00933239159987,0.5866829520024226,-0.5503189612982297
268,100,30,30,30,24.94220174190856,0.5843747114172144,-0.5503189612982297
269,100,30,30,30,25.00200598487909,0.5870439660029558,-0.5503189612982297
270,100,30,30,30,24.953916198757014,0.585030477929329,-0.5503189612982297
271,100,30,30,30,25.240225952375912,0.5812977931678119,-0.5503189612982297
272,100,30,30,30,24.7715648353887,0.5746078739760017,-0.5503189612982297
273,100,30,30,30,24.99083685466429,0.5768438062140162,-0.5503189612982297
274,100,30,30,30,25.072399726043276,0.5769056129698141,-0.5503189612982297
275,100,30,30,30,25.09355501354834,0.5812169096462316,-0.5503189612982297
276,100,30,30,30,24.7176372740603,0.5880694504276864,-0.5503189612982297
277,100,30,30,30,25.097953492461983,0.5875288135786937,-0.5503189612982297
278,100,30,30,30,25.003472377788306,0.588897350359318,-0.5503189612982297
279,100,30,30,30,25.062773368927672,0.5872555842402023,-0.5503189612982297
280,100,30,30,30,24.71292013058389,0.5878353862937832,-0.5503189612982297
281,100,30,30,30,24.984144615564013,0.5907525757765247,-0.5503189612982297
282,100,30,30,30,24.881086410323828,0.5951928208341332,-0.5503189612982297
283,100,30,30,30,24.741274425344216,0.5847847545347975,-0.5503189612982297
284,100,30,30,30,25.006711410376198,0.5821130111190917,-0.5503189612982297
285,100,30,30,30,24.8456054998873,0.5709081515571642,-0.5503189612982297
286,100,30,30,30,25.067361739685865,0.5713871854087917,-0.5503189612982297
287,100,30,30,30,24.978726024782596,0.5717782411184787,-0.5503189612982297
288,100,30,30,30,24.62471129490853,0.5623976975926528,-0.5503189612982297
289,100,30,30,30,24.97397050856833,0.5606057834828935,-0.5503189612982297
290,100,30,30,30,24.802373031671316,0.5622986396929657,-0.5503189612982297
291,100,30,30,30,24.968793004851534,0.5613604887320892,-0.5503189612982297
292,100,30,30,30,25.075731745696977,0.5617773889192768,-0.5503189612982297
293,100,30,30,30,24.70267763587084,0.558063625889374,-0.5503189612982297
294,100,30,30,30,24.949261487210254,0.5583010873946743,-0.5503189612982297
295,100,30,30,30,25.07205781866262,0.5552414300394749,-0.5503189612982297
296,100,30,30,30,24.91519880538447,0.5570675251117333,-0.5503189612982297
297,100,30,30,30,24.991506796822122,0.5581387045428379,-0.5503189612982297
298,100,30,30,30,25.02904012878676,0.5638004900081048,-0.5503189612982297
299,100,30,30,30,25.01094848731364,0.5665953190164391,-0.5503189612982297
300,100,30,30,30,25.063677377734827,0.567200339320007,-0.5503189612982297
301,100,30,30,30,25.12319214251264,0.5686374258583942,-0.5503189612982297
302,100,30,30,30,25.003676405408047,0.5780539420944477,-0.5503189612982297
303,100,30,30,30,25.226205857940556,0.5771400205946352,-0.5503189612982297
304,100,30,30,30,24.95590690948484,0.5781602741626176,-0.5503189612982297
305,100,30,30,30,24.93298161317332,0.5843654482086423,-0.5503189612982297
306,100,30,30,30,24.700334613559384,0.5822023021635241,-0.5503189612982297
307,100,30,30,30,25.135296338211965,0.5873316187961134,-0.5503189612982297
308,100,30,30,30,25.14639868793568,0.5901452963360571,-0.5503189612982297
309,100,30,30,30,25.10999706798444,0.5863682242465438,-0.5503189612982297
310,100,30,30,30,24.985956494484697,0.5824997953735117,-0.5503189612982297
311,100,30,30,30,24.67016502014198,0.5805175993847099,-0.5503189612982297
312,100,30,30,30,25.039175274533665,0.5665896850759743,-0.5503189612982297
313,100,30,30,30,24.939546600227814,0.5662658224238692,-0.5503189612982297
314,100,30,30,30,24.763930845581353,0.560075779308321,-0.5503189612982297
315,100,30,30,30,24.82625119529833,0.5638092230284769,-0.5503189612982297
316,100,30,30,30,24.92300798484574,0.5628708114954843,-0.5503189612982297
317,100,30,30,30,24.87591881621843,0.5615529842780539,-0.5503189612982297
318,100,30,30,30,24.9420281600855,0.5640919182815808,-0.5503189612982297
319,100,30,30,30,24.95858833108731,0.5632370488675404,-0.5503189612982297
320,100,30,30,30,25.312175449774923,0.5634827859695045,-0.5503189612982297
321,100,30,30,30,25.16099511824339,0.5679020620929105,-0.5503189612982297
322,100,30,30,30,25.02758777133418,0.5712409850048404,-0.5503189612982297
323,100,30,30,30,24.949695518833604,0.5713506426183255,-0.5503189612982297
324,100,30,30,30,24.974626536556883,0.5679125703575224,-0.5503189612982297
325,100,30,30,30,25.100526219432346,0.5696284614801964,-0.5503189612982297
326,100,30,30,30,24.878523510867474,0.5657139921533387,-0.5503189612982297
327,100,30,30,30,24.91151917461888,0.5692882925536566,-0.5503189612982297
328,100,30,30,30,24.866490011065192,0.5657644570406496,-0.5503189612982297
329,100,30,30,30,24.929174376093382,0.5654626051569878,-0.5503189612982297
330,100,30,30,30,25.05096804173899,0.5691425771052394,-0.5503189612982297
331,100,30,30,30,25.06613896720448,0.5723029770146594,-0.5503189612982297
332,100,30,30,30,25.10167890330743,0.5690670424739449,-0.5503189612982297
333,100,30,30,30,24.986389943672673,0.5684512000307093,-0.5503189612982297
334,100,30,30,30,24.905065112247,0.5705452269385485,-0.5503189612982297
335,100,30,30,30,24.917634243266882,0.5775601555862943,-0.5503189612982297
336,100,30,30,30,25.041061098875225,0.5797331558454702,-0.5503189612982297
337,100,30,30,30,24.992569030445246,0.5804343619661387,-0.5503189612982297
338,100,30,30,30,24.940803746688108,0.5824798586766162,-0.5503189612982297
339,100,30,30,30,24.83336966556466,0.5857405158217261,-0.5503189612982297
340,100,30,30,30,25.027748438854594,0.5816113429889272,-0.5503189612982297
341,100,30,30,30,24.977634875007183,0.580224775862679,-0.5503189612982297
342,100,30,30,30,24.97299279623585,0.5811439556193804,-0.5503189612982297
343,100,30,30,30,25.032224868355783,0.5805956626168809,-0.5503189612982297
344,100,30,30,30,25.068382624649985,0.5802268953247083,-0.5503189612982297
345,100,30,30,30,24.997823750871994,0.5807871547071808,-0.5503189612982297
346,100,30,30,30,24.987923082267926,0.58268451931456,-0.5503189612982297
347,100,30,30,30,25.058414282367202,0.5847079189078234,-0.5503189612982297
348,100,30,30,30,24.908088559762504,0.5821550606395322,-0.5503189612982297
349,100,30,30,30,24.848018812025792,0.5803777451048823,-0.5503189612982297
350,100,30,30,30,25.011979188028388,0.5843065005792353,-0.5503189612982297
351,100,30,30,30,25.00105243364426,0.5836285400916317,-0.5503189612982297
352,100,30,30,30,24.985757320998438,0.5872956896514219,-0.5503189612982297
353,100,30,30,30,24.865053545514826,0.5899247391162715,-0.5503189612982297
354,100,30,30,30,25.144087812439306,0.5915912101053212,-0.5503189612982297
355,100,30,30,30,24.92369503490822,0.5879376465241057,-0.5503189612982297
356,100,30,30,30,24.934910756098404,0.5855873377341936,-0.5503189612982297
357,100,30,30,30,24.83044982275578,0.5859650748562726,-0.5503189612982297
358,100,30,30,30,24.92228099228913,0.5837931103302857,-0.5503189612982297
359,100,30,30,30,24.998262901491778,0.59062225019466,-0.5503189612982297
360,100,30,30,30,24.913378089042467,0.5921468588116697,-0.5503189612982297
361,100,30,30,30,24.99472139967591,0.5959178766990174,-0.5503189612982297
362,100,30,30,30,24.939435250194286,0.5932414299682972,-0.5503189612982297
363,100,30,30,30,25.08914915914488,0.5917465385062919,-0.5503189612982297
364,100,30,30,30,25.0204614647616,0.594577695633359,-0.5503189612982297
365,100,30,30,30,24.958615063267537,0.5906239388755694,-0.5503189612982297
366,100,30,30,30,24.89657594818829,0.5868768155997449,-0.5503189612982297
367,100,30,30,30,24.851690414769077,0.5813099876512284,-0.5503189612982297
368,100,30,30,30,25.019836623500442,0.5831775267365176,-0.5503189612982297
369,100,30,30,30,24.874972572615327,0.5829663087983922,-0.5503189612982297
370,100,30,30,30,24.917412530160952,0.5819851045601232,-0.5503189612982297
371,100,30,30,30,24.948637778219364,0.5769755089252414,-0.5503189612982297
372,100,30,30,30,25.133852906280097,0.577786755699396,-0.5503189612982297
373,100,30,30,30,25.021032058880884,0.5759295800882943,-0.5503189612982297
374,100,30,30,30,24.944263456943126,0.5776598282547936,-0.5503189612982297
375,100,30,30,30,24.758774059479904,0.5753855967353113,-0.5503189612982297
376,100,30,30,30,24.913541135832638,0.579410787811633,-0.5503189612982297
377,100,30,30,30,25.00024990172801,0.5791833572808088,-0.5503189612982297
378,100,30,30,30,24.9852614713136,0.5810687131921777,-0.5503189612982297
379,100,30,30,30,24.778547665701524,0.575273521378631,-0.5503189612982297
380,100,30,30,30,25.005885521484785,0.5799796692953338,-0.5503189612982297
381,100,30,30,30,24.958551008099334,0.5786941786814231,-0.5503189612982297
382,100,30,30,30,25.02689318050976,0.5774957757345648,-0.5503189612982297
383,100,30,30,30,25.078945556320406,0.5836235317257219,-0.5503189612982297
384,100,30,30,30,24.863747836028814,0.5815255829955713,-0.5503189612982297
385,100,30,30,30,24.936960507739947,0.5811288174241491,-0.5503189612982297
386,100,30,30,30,24.918217997619628,0.5808857491710916,-0.5503189612982297
387,100,30,30,30,25.02569374570687,0.5813583033743261,-0.5503189612982297
388,100,30,30,30,24.93805798021011,0.5828303097986274,-0.5503189612982297
389,100,30,30,30,25.025667533392735,0.5839331904434721,-0.5503189612982297
390,100,30,30,30,24.99779900128274,0.582200257389154,-0.5503189612982297
391,100,30,30,30,24.99385182349967,0.5754537322999672,-0.5503189612982297
392,100,30,30,30,24.998327644971084,0.5782333485149261,-0.5503189612982297
393,100,30,30,30,24.821427153450976,0.579991133277225,-0.5503189612982297
394,100,30,30,30,24.94266952353056,0.5814332069388678,-0.5503189612982297
395,100,30,30,30,24.937240888390193,0.5807008655064889,-0.5503189612982297
396,100,30,30,30,24.98473263409523,0.5793290204003261,-0.5503189612982297
397,100,30,30,30,25.030554384937105,0.5755229009495965,-0.5503189612982297
398,100,30,30,30,24.94622002206936,0.5781188240396542,-0.5503189612982297
399,100,30,30,30,24.934839916955635,0.575866169286361,-0.5503189612982297
400,100,30,30,30,24.99933686985331,0.5835264916425565,-0.5503189612982297
401,100,30,30,30,25.058270781593276,0.5841974054837964,-0.5503189612982297
402,100,30,30,30,25.079340561034456,0.5802715828472598,-0.5503189612982297
403,100,30,30,30,25.046589221349414,0.5797400350688667,-0.5503189612982297
404,100,30,30,30,24.85947831430495,0.5838308903729715,-0.5503189612982297
405,100,30,30,30,25.020121258459564,0.5944310783753534,-0.5503189612982297
406,100,30,30,30,24.92450665274154,0.5932717269717261,-0.5503189612982297
407,100,30,30,30,25.03041908142037,0.5869864339808495,-0.5503189612982297
408,100,30,30,30,25.089381822197424,0.5894410094558105,-0.5503189612982297
409,100,30,30,30,24.977683790862827,0.5919728654991385,-0.5503189612982297
410,100,30,30,30,25.231042220795544,0.592761298475564,-0.5503189612982297
411,100,30,30,30,25.00201884519142,0.5916661678404918,-0.5503189612982297
412,100,30,30,30,24.840489311229327,0.5929096108597118,-0.5503189612982297
413,100,30,30,30,25.066492577985557,0.5903537373561523,-0.5503189612982297
414,100,30,30,30,24.866638918316482,0.5898365996778966,-0.5503189612982297
415,100,30,30,30,25.100822447339286,0.5962023346243424,-0.5503189612982297
416,100,30,30,30,24.766385075823486,0.5950497952299695,-0.5503189612982297
417,100,30,30,30,24.965588110340175,0.5872663805366939,-0.5503189612982297
418,100,30,30,30,25.050722577415296,0.5909037809245637,-0.5503189612982297
419,100,30,30,30,24.82401265187235,0.59051277681103,-0.5503189612982297
420,100,30,30,30,24.660617328609902,0.5836930300648785,-0.5503189612982297
421,100,30,30,30,24.9993605726548,0.5797525108000346,-0.5503189612982297
422,100,30,30,30,25.00776239942724,0.5800409791460264,-0.5503189612982297
423,100,30,30,30,25.00400396727941,0.5811432760728994,-0.5503189612982297
424,100,30,30,30,24.985141039900643,0.5818649588260892,-0.5503189612982297
425,100,30,30,30,25.114759873696936,0.5806265320504597,-0.5503189612982297
426,100,30,30,30,25.005453698573803,0.5801198470385204,-0.5503189612982297
427,100,30,30,30,24.926172871365786,0.5790191698409553,-0.5503189612982297
428,100,30,30,30,24.57742968585619,0.5817173127725881,-0.5503189612982297
429,100,30,30,30,24.903528642421882,0.5850922182945762,-0.5503189612982297
430,100,30,30,30,24.874028051748727,0.579136134310885,-0.5503189612982297
431,100,30,30,30,25.077734219204338,0.5789576832587376,-0.5503189612982297
432,100,30,30,30,25.084593365439613,0.5752036805512786,-0.5503189612982297
433,100,30,30,30,25.1103579744496,0.5682757890282999,-0.5503189612982297
434,100,30,30,30,24.960919533549948,0.564809065357967,-0.5503189612982297
435,100,30,30,30,25.06470243724556,0.567724354048998,-0.5503189612982297
436,100,30,30,30,24.755495677982772,0.5665012739552387,-0.5503189612982297
437,100,30,30,30,24.893372152718882,0.5675105539455281,-0.5503189612982297
438,100,30,30,30,25.088144612695793,0.570073536690515,-0.5503189612982297
439,100,30,30,30,25.134992006530723,0.5722366799885976,-0.5503189612982297
440,100,30,30,30,25.024086203144833,0.5685422756585544,-0.5503189612982297
441,100,30,30,30,24.87356102249481,0.5658183379279963,-0.5503189612982297
442,100,30,30,30,24.99674858443982,0.5693038590312116,-0.5503189612982297
443,100,30,30,30,24.984043684321612,0.5712930661213947,-0.5503189612982297
444,100,30,30,30,24.98148749625568,0.5729162872166059,-0.5503189612982297
445,100,30,30,30,24.896249543802604,0.5707684597407949,-0.5503189612982297
446,100,30,30,30,24.932908217346917,0.5674578486451137,-0.5503189612982297
447,100,30,30,30,24.710450006932103,0.5633301418385015,-0.5503189612982297
448,100,30,30,30,24.929593247897614,0.5657108557816446,-0.5503189612982297
449,100,30,30,30,24.9172206599816,0.5689048795736663,-0.5503189612982297
450,100,30,30,30,24.910522317977495,0.5690084887860128,-0.5503189612982297
451,100,30,30,30,24.98188174703823,0.5667657377288714,-0.5503189612982297
452,100,30,30,30,25.232647465120216,0.5652589606536951,-0.5503189612982297
453,100,30,30,30,24.84844836294207,0.5684267460352662,-0.5503189612982297
454,100,30,30,30,24.968954538989017,0.5688045741900342,-0.5503189612982297
455,100,30,30,30,25.060638249318448,0.5734435322164069,-0.5503189612982297
456,100,30,30,30,25.014962344147094,0.572943531191863,-0.5503189612982297
457,100,30,30,30,25.088805549051976,0.574675042279433,-0.5503189612982297
458,100,30,30,30,24.919301882878678,0.5745991821487614,-0.5503189612982297
459,100,30,30,30,25.179282300195247,0.5722697041089077,-0.5503189612982297
460,100,30,30,30,24.994019975804186,0.5662024523297724,-0.5503189612982297
461,100,30,30,30,25.044107851147714,0.5707666816389526,-0.5503189612982297
462,100,30,30,30,25.12624532266018,0.571359273445569,-0.5503189612982297
463,100,30,30,30,25.03384126581345,0.5685822749491447,-0.5503189612982297
464,100,30,30,30,24.96948046727947,0.5752224020133193,-0.5503189612982297
465,100,30,30,30,25.038276251626797,0.5748532294319616,-0.5503189612982297
466,100,30,30,30,25.247475268889826,0.5742427175303044,-0.5503189612982297
467,100,30,30,30,25.001769943739866,0.5777978874685328,-0.5503189612982297
468,100,30,30,30,24.872876099090863,0.5796501739863485,-0.5503189612982297
469,100,30,30,30,25.06581754686721,0.5821908344794737,-0.5503189612982297
470,100,30,30,30,25.044885623380495,0.5853428013459325,-0.5503189612982297
471,100,30,30,30,24.93632363755983,0.5826896158587836,-0.5503189612982297
472,100,30,30,30,24.700022626268833,0.5854151011413181,-0.5503189612982297
473,100,30,30,30,25.098702386492896,0.5847741588406267,-0.5503189612982297
474,100,30,30,30,24.97598455283611,0.5812768194980975,-0.5503189612982297
475,100,30,30,30,24.957762309957296,0.5822997248416282,-0.5503189612982297
476,100,30,30,30,25.004226109469723,0.581268444412208,-0.5503189612982297
477,100,30,30,30,25.069917184177474,0.579538540452453,-0.5503189612982297
478,100,30,30,30,24.835102407218223,0.5779924188215568,-0.5503189612982297
479,100,30,30,30,24.986239666803367,0.5813827024506285,-0.5503189612982297
480,100,30,30,30,24.86420396113121,0.5799329812867272,-0.5503189612982297
481,100,30,30,30,25.04466882469356,0.5755374053104386,-0.5503189612982297
482,100,30,30,30,25.088144680624758,0.5765043124103233,-0.5503189612982297
483,100,30,30,30,25.24473652958978,0.576080135202964,-0.5503189612982297
484,100,30,30,30,25.029336729085372,0.5825757268005146,-0.5503189612982297
485,100,30,30,30,25.00833529356762,0.581766721556297,-0.5503189612982297
486,100,30,30,30,24.807655329751636,0.5809428753888074,-0.5503189612982297
487,100,30,30,30,24.98333109185871,0.5858151204566467,-0.5503189612982297
488,100,30,30,30,24.999833662800715,0.5829092129824405,-0.5503189612982297
489,100,30,30,30,24.97219929276035,0.5821978296812912,-0.5503189612982297
490,100,30,30,30,25.009663580062973,0.5840761868089955,-0.5503189612982297
491,100,30,30,30,25.004290172174258,0.5859940558205361,-0.5503189612982297
492,100,30,30,30,24.856856620330237,0.5820655055174863,-0.5503189612982297
493,100,30,30,30,24.99966085615591,0.58600520481046,-0.5503189612982297
494,100,30,30,30,24.830714806406863,0.5830444592968403,-0.5503189612982297
495,100,30,30,30,25.00985136562307,0.5863971227546034,-0.5503189612982297
496,100,30,30,30,25.067147354118724,0.5811238636515644,-0.5503189612982297
497,100,30,30,30,25.009501814703036,0.585560300276283,-0.5503189612982297
498,100,30,30,30,24.930187537639185,0.5812692200934028,-0.5503189612982297
499,100,30,30,30,24.87727701369866,0.5779955985395787,-0.5503189612982297
500,100,30,30,30,25.036036426386044,0.581524739375857,-0.5503189612982297
501,100,30,30,30,24.731132130747056,0.5792714853798058,-0.5503189612982297
502,100,30,30,30,24.991039879010163,0.5836253501559288,-0.5503189612982297
503,100,30,30,30,24.96271422829924,0.5843212896811254,-0.5503189612982297
504,100,30,30,30,24.839729508334024,0.5780235662515623,-0.5503189612982297
505,100,30,30,30,25.02105951680562,0.5783954866517925,-0.5503189612982297
506,100,30,30,30,25.103766026809986,0.5727113458952028,-0.5503189612982297
507,100,30,30,30,24.84269625905159,0.5761536022044477,-0.5503189612982297
508,100,30,30,30,25.11900247514984,0.5768865647377525,-0.5503189612982297
509,100,30,30,30,24.991608867724242,0.5751964576962965,-0.5503189612982297
510,100,30,30,30,24.917065360502153,0.5756948742943391,-0.5503189612982297
511,100,30,30,30,24.95523894309614,0.5783833930271092,-0.5503189612982297
512,100,30,30,30,25.297374871121992,0.5699588965335146,-0.5503189612982297
513,100,30,30,30,24.775411782679928,0.5697086021122729,-0.5503189612982297
514,100,30,30,30,24.84627401148854,0.5656121840023047,-0.5503189612982297
515,100,30,30,30,25.08872229424641,0.5685904582479795,-0.5503189612982297
516,100,30,30,30,24.934761888395457,0.5688171472168908,-0.5503189612982297
517,100,30,30,30,24.8595850770132,0.5657997746189785,-0.5503189612982297
518,100,30,30,30,24.787312701159593,0.558680678143325,-0.5503189612982297
519,100,30,30,30,24.990166904778167,0.5633007112198191,-0.5503189612982297
520,100,30,30,30,24.874704157374367,0.5649768944312518,-0.5503189612982297
521,100,30,30,30,25.08648121520389,0.565822007836832,-0.5503189612982297
522,100,30,30,30,24.827639397612863,0.5617076865400877,-0.5503189612982297
523,100,30,30,30,24.837241883410336,0.5596949777568005,-0.5503189612982297
524,100,30,30,30,24.743821327938996,0.5527318080829815,-0.5503189612982297
525,100,30,30,30,24.93477739016592,0.5571832086207047,-0.5503189612982297
526,100,30,30,30,24.78445137266668,0.5555038351242279,-0.5503189612982297
527,100,30,30,30,24.97850571968682,0.5604510208306626,-0.5503189612982297
528,100,30,30,30,25.072598472090938,0.5616361439489745,-0.5503189612982297
529,100,30,30,30,24.885176183798023,0.5675015581694325,-0.5503189612982297
530,100,30,30,30,25.166225187747372,0.5713796929972729,-0.5503189612982297
531,100,30,30,30,25.182968973962762,0.5700717976580312,-0.5503189612982297
532,100,30,30,30,25.17465900243311,0.5678942548034998,-0.5503189612982297
533,100,30,30,30,25.01759287792278,0.5706034269034536,-0.5503189612982297
534,100,30,30,30,24.99174130780591,0.5751038603874952,-0.5503189612982297
535,100,30,30,30,24.970705468887417,0.5767719787063704,-0.5503189612982297
536,100,30,30,30,25.10461543483868,0.584137292700258,-0.5503189612982297
537,100,30,30,30,24.86552381068748,0.5846662191352556,-0.5503189612982297
538,100,30,30,30,25.030167510706853,0.5851017689792043,-0.5503189612982297
539,100,30,30,30,24.960303243827006,0.5832621769939617,-0.5503189612982297
540,100,30,30,30,24.96475753957028,0.5843754416613801,-0.5503189612982297
541,100,30,30,30,24.959405024652344,0.5833445818382007,-0.5503189612982297
542,100,30,30,30,24.980359688960164,0.5783927934501609,-0.5503189612982297
543,100,30,30,30,24.909858168495752,0.5797042678037468,-0.5503189612982297
544,100,30,30,30,24.970706365279838,0.5821381118318049,-0.5503189612982297
545,100,30,30,30,24.76293610519852,0.5818387154123904,-0.5503189612982297
546,100,30,30,30,24.97411799263589,0.5790018259966789,-0.5503189612982297
547,100,30,30,30,25.007868631831506,0.5823120310453854,-0.5503189612982297
548,100,30,30,30,24.995051406604084,0.5846620583049896,-0.5503189612982297
549,100,30,30,30,24.99856875327497,0.584634767696397,-0.5503189612982297
550,100,30,30,30,24.820657916317224,0.5781199066052828,-0.5503189612982297
551,100,30,30,30,25.051044542161275,0.5763345788450083,-0.5503189612982297
552,100,30,30,30,24.927500156524033,0.5790139466440049,-0.5503189612982297
553,100,30,30,30,24.98269889452273,0.5805041534799672,-0.5503189612982297
554,100,30,30,30,24.79569432005154,0.5739528423097324,-0.5503189612982297
555,100,30,30,30,24.677440991501634,0.5693338936677517,-0.5503189612982297
556,100,30,30,30,24.893400747407952,0.5706918546035162,-0.5503189612982297
557,100,30,30,30,24.845903853615518,0.5753771383497314,-0.5503189612982297
558,100,30,30,30,25.029211597136666,0.5767900077652149,-0.5503189612982297
559,100,30,30,30,24.584062626315973,0.5706093231062908,-0.5503189612982297
560,100,30,30,30,25.089743282828884,0.5657370989933403,-0.5503189612982297
561,100,30,30,30,24.979352245799326,0.5656795488266303,-0.5503189612982297
562,100,30,30,30,24.52873026138696,0.5638020356224979,-0.5503189612982297
563,100,30,30,30,24.966824073774852,0.5635920240280888,-0.5503189612982297
564,100,30,30,30,24.968472110228465,0.5627685711912745,-0.5503189612982297
565,100,30,30,30,25.0298914728872,0.5649331301848751,-0.5503189612982297
566,100,30,30,30,25.18693948625041,0.5692108049914335,-0.5503189612982297
567,100,30,30,30,24.83679317851486,0.5722820848363113,-0.5503189612982297
568,100,30,30,30,24.878981883568514,0.5685929508043116,-0.5503189612982297
569,100,30,30,30,24.96310385518848,0.5703358362571761,-0.5503189612982297
570,100,30,30,30,24.943953938231505,0.5702854033315546,-0.5503189612982297
571,100,30,30,30,25.01793209176313,0.5670626536230179,-0.5503189612982297
572,100,30,30,30,24.925793123817442,0.5684389693631706,-0.5503189612982297
573,100,30,30,30,24.82941560522289,0.5674162520580518,-0.5503189612982297
574,100,30,30,30,24.982135765141315,0.5680454976810058,-0.5503189612982297
575,100,30,30,30,24.845889390843663,0.5640915183344801,-0.5503189612982297
576,100,30,30,30,24.97944244920795,0.5655494523508019,-0.5503189612982297
577,100,30,30,30,24.9707040800904,0.5690392659128994,-0.5503189612982297
578,100,30,30,30,25.003871649248758,0.5610576753301604,-0.5503189612982297
579,100,30,30,30,25.007881488089758,0.5582120014873335,-0.5503189612982297
580,100,30,30,30,24.768259711836194,0.5513798311747683,-0.5503189612982297
581,100,30,30,30,24.694128831944962,0.5556149539943936,-0.5503189612982297
582,100,30,30,30,24.77392571038769,0.5542857345686591,-0.5503189612982297
583,100,30,30,30,24.97123598990626,0.5526357759298904,-0.5503189612982297
584,100,30,30,30,24.916833286768792,0.5500591439724793,-0.5503189612982297
585,100,30,30,30,25.043634957826647,0.5493685380373919,-0.5503189612982297
586,100,30,30,30,24.90213238652381,0.5538721415860136,-0.5503189612982297
587,100,30,30,30,24.934533163382778,0.5543053704450823,-0.5503189612982297
588,100,30,30,30,24.939721297835423,0.5583056745224914,-0.5503189612982297
589,100,30,30,30,24.63621446555674,0.5548001023985674,-0.5503189612982297
590,100,30,30,30,25.141175381082775,0.5602252724137583,-0.5503189612982297
591,100,30,30,30,25.047440891910192,0.5644935552421119,-0.5503189612982297
592,100,30,30,30,25.04477801673984,0.5626681148116491,-0.5503189612982297
593,100,30,30,30,25.002442234418158,0.5660996939246385,-0.5503189612982297
594,100,30,30,30,24.991232696542816,0.562445099310453,-0.5503189612982297
595,100,30,30,30,25.127263025150636,0.5631779924989538,-0.5503189612982297
596,100,30,30,30,25.393770916696308,0.5628165388862115,-0.5503189612982297
597,100,30,30,30,24.98818142734434,0.5573687426812636,-0.5503189612982297
598,100,30,30,30,24.832776739727855,0.5535007539692223,-0.5503189612982297
599,100,30,30,30,24.902753140460494,0.5529791124290555,-0.5503189612982297
600,100,30,30,30,24.996769976445645,0.5515635431325359,-0.5503189612982297
601,100,30,30,30,25.184701422388574,0.5487453356654955,-0.5503189612982297
602,100,30,30,30,24.76059040537389,0.5524235311400691,-0.5503189612982297
603,100,30,30,30,25.090482949786953,0.5528061682000021,-0.5503189612982297
604,100,30,30,30,25.067570501221965,0.5573395082474407,-0.5503189612982297
605,100,30,30,30,24.7929614605572,0.5617009089905529,-0.5503189612982297
606,100,30,30,30,25.063809470363346,0.5661843070032859,-0.5503189612982297
607,100,30,30,30,24.85010121334267,0.5702588637564432,-0.5503189612982297
608,100,30,30,30,24.913815916560445,0.5647637496636283,-0.5503189612982297
609,100,30,30,30,24.87870601136317,0.5598694695024486,-0.5503189612982297
610,100,30,30,30,24.91445122197359,0.5591393036730804,-0.5503189612982297
611,100,30,30,30,24.87092436849779,0.5558358166451519,-0.5503189612982297
612,100,30,30,30,24.75866388101185,0.5584683330998871,-0.5503189612982297
613,100,30,30,30,24.769940480761548,0.5573749705014657,-0.5503189612982297
614,100,30,30,30,25.14650220343074,0.5625561256811,-0.5503189612982297
615,100,30,30,30,25.113353603602512,0.5659927897008085,-0.5503189612982297
616,100,30,30,30,24.838850465762857,0.5698461775982112,-0.5503189612982297
617,100,30,30,30,25.06867672166006,0.5731715647966247,-0.5503189612982297
618,100,30,30,30,25.03804402870823,0.571960428105448,-0.5503189612982297
619,100,30,30,30,24.90465727876069,0.5748709994741048,-0.5503189612982297
620,100,30,30,30,24.96762636269588,0.5703472931284246,-0.5503189612982297
621,100,30,30,30,24.941220696683004,0.5698242581710485,-0.5503189612982297
622,100,30,30,30,25.01675477891705,0.577796675007551,-0.5503189612982297
623,100,30,30,30,25.000068091904794,0.575901925675734,-0.5503189612982297
624,100,30,30,30,24.869015469779768,0.574834325300307,-0.5503189612982297
625,100,30,30,30,24.998281300430165,0.576915207658883,-0.5503189612982297
626,100,30,30,30,24.94064273546958,0.5827349419628762,-0.5503189612982297
627,100,30,30,30,24.99598556409817,0.5848610346408374,-0.5503189612982297
628,100,30,30,30,25.105283563188852,0.5810801050701309,-0.5503189612982297
629,100,30,30,30,24.771226143174534,0.5835756311747129,-0.5503189612982297
630,100,30,30,30,24.731442105687357,0.5779459470426745,-0.5503189612982297
631,100,30,30,30,24.949410246912088,0.5833984316995247,-0.5503189612982297
632,100,30,30,30,25.05620697831482,0.580789319431481,-0.5503189612982297
633,100,30,30,30,24.960058213395154,0.5809546702162466,-0.5503189612982297
634,100,30,30,30,24.788211262073215,0.581223603624485,-0.5503189612982297
635,100,30,30,30,24.942972586598295,0.5845070691291909,-0.5503189612982297
636,100,30,30,30,25.092758559174875,0.5816161655600333,-0.5503189612982297
637,100,30,30,30,24.492353656875807,0.5739218269081933,-0.5503189612982297
638,100,30,30,30,24.861527874439183,0.5726078059767855,-0.5503189612982297
639,100,30,30,30,24.89189868730311,0.5691108994345699,-0.5503189612982297
640,100,30,30,30,24.964490590313307,0.5691604676125114,-0.5503189612982297
641,100,30,30,30,24.951235439113624,0.5721677394025672,-0.5503189612982297
642,100,30,30,30,25.09097414093351,0.5758433725427354,-0.5503189612982297
643,100,30,30,30,25.050634796569568,0.5739476872948389,-0.5503189612982297
644,100,30,30,30,24.870250382516623,0.5709724256414918,-0.5503189612982297
645,100,30,30,30,25.06655726758045,0.571999484935524,-0.5503189612982297
646,100,30,30,30,24.90348182184338,0.5649375019187847,-0.5503189612982297
647,100,30,30,30,24.688085580085396,0.5596330410536506,-0.5503189612982297
648,100,30,30,30,24.961473619057738,0.5628824908323414,-0.5503189612982297
649,100,30,30,30,24.87885091293954,0.5594262966073779,-0.5503189612982297
650,100,30,30,30,24.95945111869021,0.5611744380452763,-0.5503189612982297
651,100,30,30,30,24.867587883138825,0.5610789286631471,-0.5503189612982297
652,100,30,30,30,24.66528642386543,0.5573323978575281,-0.5503189612982297
653,100,30,30,30,25.021883404540755,0.5562148422992603,-0.5503189612982297
654,100,30,30,30,24.905745577740447,0.5620469490611922,-0.5503189612982297
655,100,30,30,30,25.05997567911033,0.5590306648962263,-0.5503189612982297
656,100,30,30,30,24.9076525490591,0.5615604904191547,-0.5503189612982297
657,100,30,30,30,24.975366272835537,0.5612710107662245,-0.5503189612982297
658,100,30,30,30,25.059004926232443,0.5645664949449256,-0.5503189612982297
659,100,30,30,30,24.865530715032474,0.565500006235289,-0.5503189612982297
660,100,30,30,30,24.86776158160785,0.5670865472707578,-0.5503189612982297
661,100,30,30,30,25.031006108258545,0.5701743815398128,-0.5503189612982297
662,100,30,30,30,24.775878502014944,0.5655659938510187,-0.5503189612982297
663,100,30,30,30,25.17495648917776,0.5664924196909146,-0.5503189612982297
664,100,30,30,30,25.021424511173812,0.5666700583554162,-0.5503189612982297
665,100,30,30,30,24.91985397241319,0.5666112647611001,-0.5503189612982297
666,100,30,30,30,25.212868453869813,0.5666773691380059,-0.5503189612982297
667,100,30,30,30,25.00079784555522,0.5724872711789437,-0.5503189612982297
668,100,30,30,30,24.96153876722704,0.5698058707263648,-0.5503189612982297
669,100,30,30,30,24.97130939782553,0.5728256328256266,-0.5503189612982297
670,100,30,30,30,24.8899749982176,0.5715537799426736,-0.5503189612982297
671,100,30,30,30,24.9500900802189,0.5689018790213953,-0.5503189612982297
672,100,30,30,30,24.933893483817876,0.5625444171761289,-0.5503189612982297
673,100,30,30,30,24.999891797025896,0.5659247463675189,-0.5503189612982297
674,100,30,30,30,24.953727019944118,0.5680094018091383,-0.5503189612982297
675,100,30,30,30,25.318253025179892,0.563409677410098,-0.5503189612982297
676,100,30,30,30,24.65185653370247,0.5596355200251067,-0.5503189612982297
677,100,30,30,30,24.96197872285831,0.5585757990881127,-0.5503189612982297
678,100,30,30,30,24.732729247276726,0.5566020136451547,-0.5503189612982297
679,100,30,30,30,24.8005724961381,0.5543532860629896,-0.5503189612982297
680,100,30,30,30,24.877388548256988,0.5558691609507166,-0.5503189612982297
681,100,30,30,30,25.06656419861297,0.5574378216105434,-0.5503189612982297
682,100,30,30,30,24.791663023457296,0.5544321847559363,-0.5503189612982297
683,100,30,30,30,24.730935836764687,0.54827675695481,-0.5503189612982297
684,100,30,30,30,24.912289020198894,0.5557017979517314,-0.5503189612982297
685,100,30,30,30,24.908330970608503,0.5528158728735036,-0.5503189612982297
686,100,30,30,30,24.870222921502375,0.5528239665443795,-0.5503189612982297
687,100,30,30,30,25.127578079041662,0.5514230852091894,-0.5503189612982297
688,100,30,30,30,24.91788637864702,0.5541393361646652,-0.5503189612982297
689,100,30,30,30,24.94028717017747,0.5541050728011595,-0.5503189612982297
690,100,30,30,30,24.886777933894095,0.5582302542635988,-0.5503189612982297
691,100,30,30,30,24.971723006621154,0.5538307103741504,-0.5503189612982297
692,100,30,30,30,25.06324786189373,0.5515281146385344,-0.5503189612982297
693,100,30,30,30,24.983917111500485,0.5523769007510244,-0.5503189612982297
694,100,30,30,30,25.005656708662535,0.5502855749834831,-0.5503189612982297
695,100,30,30,30,25.093848827052803,0.5462550357446583,-0.5503189612982297
696,100,30,30,30,24.92743105636645,0.5451143807725976,-0.5503189612982297
697,100,30,30,30,24.982390599894064,0.542777866522857,-0.5503189612982297
698,100,30,30,30,24.78729109120121,0.5404603242563494,-0.5503189612982297
699,100,30,30,30,24.9985749578439,0.5445932822035988,-0.5503189612982297
700,100,30,30,30,25.046457430948905,0.5426006042771442,-0.5503189612982297
701,100,30,30,30,25.00879356656734,0.545855013029285,-0.5503189612982297
702,100,30,30,30,24.886192772787854,0.5441727001480675,-0.5503189612982297
703,100,30,30,30,25.08394718734499,0.5469562121690676,-0.5503189612982297
704,100,30,30,30,24.928564539927837,0.5444367934198294,-0.5503189612982297
705,100,30,30,30,25.045838040264382,0.5466977515551569,-0.5503189612982297
706,100,30,30,30,25.009130909010217,0.5507688152067466,-0.5503189612982297
707,100,30,30,30,24.893407687434113,0.5557562182418081,-0.5503189612982297
708,100,30,30,30,24.703170288100054,0.5448739101255823,-0.5503189612982297
709,100,30,30,30,24.77833070100247,0.5484853014045212,-0.5503189612982297
710,100,30,30,30,24.945188538422357,0.552617328316375,-0.5503189612982297
711,100,30,30,30,24.86179791557705,0.5565915611790241,-0.5503189612982297
712,100,30,30,30,25.02117133474936,0.5589105121649579,-0.5503189612982297
713,100,30,30,30,24.93713074769525,0.5566159692882765,-0.5503189612982297
714,100,30,30,30,24.821674050041388,0.5576429323019452,-0.5503189612982297
715,100,30,30,30,24.90157819038515,0.5585263297828198,-0.5503189612982297
716,100,30,30,30,24.87313606115627,0.5536973729062843,-0.5503189612982297
717,100,30,30,30,24.9207181879925,0.5628272397435605,-0.5503189612982297
718,100,30,30,30,25.00771519990451,0.5605519435217002,-0.5503189612982297
719,100,30,30,30,24.777264573800664,0.5548549451595324,-0.5503189612982297
720,100,30,30,30,24.553364486326483,0.5527808572050593,-0.5503189612982297
721,100,30,30,30,24.74422156999144,0.5580847288782699,-0.5503189612982297
722,100,30,30,30,24.927146546117505,0.5553940590338081,-0.5503189612982297
723,100,30,30,30,24.835757354914566,0.5547924038055481,-0.5503189612982297
724,100,30,30,30,25.22008967330966,0.5555774084015153,-0.5503189612982297
725,100,30,30,30,24.91443363673363,0.5566211298693613,-0.5503189612982297
726,100,30,30,30,25.057693227404386,0.5564537840683766,-0.5503189612982297
727,100,30,30,30,24.811387672122024,0.5604868504037928,-0.5503189612982297
728,100,30,30,30,25.031988939262718,0.5629571460605923,-0.5503189612982297
729,100,30,30,30,25.012912505102296,0.5667226657420328,-0.5503189612982297
730,100,30,30,30,24.86922791174257,0.5654677852331905,-0.5503189612982297
731,100,30,30,30,24.91108122863481,0.5642166306607486,-0.5503189612982297
732,100,30,30,30,25.08162677099889,0.5589161434354167,-0.5503189612982297
733,100,30,30,30,25.001994230768357,0.5639906322914362,-0.5503189612982297
734,100,30,30,30,25.148111139025218,0.5644147968208999,-0.5503189612982297
735,100,30,30,30,25.075271474657473,0.568919440312043,-0.5503189612982297
736,100,30,30,30,25.033519845799198,0.5694699427715381,-0.5503189612982297
737,100,30,30,30,24.877692943032557,0.5676087282011619,-0.5503189612982297
738,100,30,30,30,25.0149213723899,0.5695705886385437,-0.5503189612982297
739,100,30,30,30,25.03673516835743,0.5734215375057581,-0.5503189612982297
740,100,30,30,30,25.01096020170008,0.5691143496246847,-0.5503189612982297
741,100,30,30,30,24.662266350349817,0.5689903418918446,-0.5503189612982297
742,100,30,30,30,25.06191526322386,0.5652668591286873,-0.5503189612982297
743,100,30,30,30,24.89156364658993,0.5625763528915545,-0.5503189612982297
744,100,30,30,30,24.90805347637601,0.5575959492807011,-0.5503189612982297
745,100,30,30,30,24.997415399239514,0.5550979958628317,-0.5503189612982297
746,100,30,30,30,25.003241138848097,0.5561407906422167,-0.5503189612982297
747,100,30,30,30,24.637578964982357,0.5543989248915394,-0.5503189612982297
748,100,30,30,30,25.10400018432479,0.5580433927085099,-0.5503189612982297
749,100,30,30,30,25.20218071905203,0.5568319586386018,-0.5503189612982297
750,100,30,30,30,25.26557966147643,0.5582007331164992,-0.5503189612982297
751,100,30,30,30,25.06863915433446,0.5601960666935251,-0.5503189612982297
752,100,30,30,30,24.953419218713606,0.5604596903744761,-0.5503189612982297
753,100,30,30,30,24.919601395016358,0.5610076664367667,-0.5503189612982297
754,100,30,30,30,25.10462860054877,0.5661617804234925,-0.5503189612982297
755,100,30,30,30,24.77119934593396,0.5711104489875919,-0.5503189612982297
756,100,30,30,30,24.84180651524516,0.5704936901326579,-0.5503189612982297
757,100,30,30,30,24.59906672605996,0.5594104897216325,-0.5503189612982297
758,100,30,30,30,24.889864141093486,0.558385774349531,-0.5503189612982297
759,100,30,30,30,24.963140100924264,0.5611012608773727,-0.5503189612982297
760,100,30,30,30,25.056044646137565,0.5604694891737138,-0.5503189612982297
761,100,30,30,30,24.926937337794822,0.5628951097787311,-0.5503189612982297
762,100,30,30,30,25.037336887435114,0.5673725147487314,-0.5503189612982297
763,100,30,30,30,24.96804562793575,0.5664832852012491,-0.5503189612982297
764,100,30,30,30,24.50312662447559,0.5632909171197653,-0.5503189612982297
765,100,30,30,30,25.050952801119568,0.5683638427786298,-0.5503189612982297
766,100,30,30,30,24.827454157702757,0.5657976533190365,-0.5503189612982297
767,100,30,30,30,24.922025121970794,0.5634799097468535,-0.5503189612982297
768,100,30,30,30,24.94790833540842,0.5658706466444464,-0.5503189612982297
769,100,30,30,30,25.14793374090363,0.5633997930072399,-0.5503189612982297
770,100,30,30,30,24.98735531117787,0.5571410403305977,-0.5503189612982297
771,100,30,30,30,25.03682464435761,0.5541860801439331,-0.5503189612982297
772,100,30,30,30,24.869902853579383,0.5515632924070548,-0.5503189612982297
773,100,30,30,30,24.846460804963456,0.5516969927640709,-0.5503189612982297
774,100,30,30,30,24.8115188839215,0.5564622670229938,-0.5503189612982297
775,100,30,30,30,24.76189779132428,0.5537180287024963,-0.5503189612982297
776,100,30,30,30,25.11485753089805,0.5519889582654817,-0.5503189612982297
777,100,30,30,30,24.939446899537263,0.552429361889695,-0.5503189612982297
778,100,30,30,30,24.969162112714784,0.5484852947946769,-0.5503189612982297
779,100,30,30,30,24.999988291690567,0.554797756387163,-0.5503189612982297
780,100,30,30,30,25.186667816666546,0.5583903811056212,-0.5503189612982297
781,100,30,30,30,24.973126299132357,0.5580669262679606,-0.5503189612982297
782,100,30,30,30,24.911093473063605,0.5614868447222605,-0.5503189612982297
783,100,30,30,30,25.062271289599106,0.5603598342008804,-0.5503189612982297
784,100,30,30,30,25.013242047221496,0.5571710653826211,-0.5503189612982297
785,100,30,30,30,24.93294775683416,0.554683014723282,-0.5503189612982297
786,100,30,30,30,25.03643496251836,0.5539683299076718,-0.5503189612982297
787,100,30,30,30,24.962809085059565,0.5494586127732792,-0.5503189612982297
788,100,30,30,30,24.792120939741,0.549735353289135,-0.5503189612982297
789,100,30,30,30,25.02319423272075,0.5498000611753167,-0.5503189612982297
790,100,30,30,30,25.00571304494344,0.5530969339607285,-0.5503189612982297
791,100,30,30,30,24.791637198615824,0.5537549403740571,-0.5503189612982297
792,100,30,30,30,24.846968908081713,0.5576642919712783,-0.5503189612982297
793,100,30,30,30,25.345394309016697,0.5544570195282144,-0.5503189612982297
794,100,30,30,30,24.885298185759115,0.5492346586984572,-0.5503189612982297
795,100,30,30,30,25.004008674378603,0.5567287438394893,-0.5503189612982297
796,100,30,30,30,25.06162952075627,0.5583118768688025,-0.5503189612982297
797,100,30,30,30,24.98884400162688,0.5591407653149959,-0.5503189612982297
798,100,30,30,30,24.965450027960276,0.5654508766962176,-0.5503189612982297
799,100,30,30,30,25.077214615576253,0.5618562570534352,-0.5503189612982297
800,100,30,30,30,24.973447365304708,0.5635223865310539,-0.5503189612982297
801,100,30,30,30,24.820040974311542,0.5597952520494857,-0.5503189612982297
802,100,30,30,30,24.88136378048188,0.5645788057947704,-0.5503189612982297
803,100,30,30,30,24.904752202134592,0.5620665154000485,-0.5503189612982297
804,100,30,30,30,24.85054020207046,0.5675375775746877,-0.5503189612982297
805,100,30,30,30,24.941301785353694,0.5613622746835715,-0.5503189612982297
806,100,30,30,30,24.991542317481592,0.5526114255718019,-0.5503189612982297
807,100,30,30,30,25.10750458593793,0.555187143915021,-0.5503189612982297
808,100,30,30,30,25.020068418369938,0.5519165655366255,-0.5503189612982297
809,100,30,30,30,24.925687578897413,0.5521233918464507,-0.5503189612982297
810,100,30,30,30,24.952405302483246,0.5525401923545138,-0.5503189612982297
811,100,30,30,30,25.05120248976288,0.5514305062649993,-0.5503189612982297
812,100,30,30,30,25.024357320939192,0.5541302131435639,-0.5503189612982297
813,100,30,30,30,24.97104925770732,0.5568021812855778,-0.5503189612982297
814,100,30,30,30,24.980182686607577,0.5573230764358786,-0.5503189612982297
815,100,30,30,30,24.844494349058948,0.5527121999336063,-0.5503189612982297
816,100,30,30,30,24.878302169100436,0.5549617139642267,-0.5503189612982297
817,100,30,30,30,24.903406628237946,0.5547710713492722,-0.5503189612982297
818,100,30,30,30,24.762851159580634,0.5494624559564117,-0.5503189612982297
819,100,30,30,30,25.016231538840465,0.5511033609925493,-0.5503189612982297
820,100,30,30,30,24.80383894921291,0.5449426422611192,-0.5503189612982297
821,100,30,30,30,24.97854021138994,0.5518413205616222,-0.5503189612982297
822,100,30,30,30,24.973074133191407,0.5558794931764005,-0.5503189612982297
823,100,30,30,30,24.977887106185154,0.5595570082339675,-0.5503189612982297
824,100,30,30,30,24.84224226125226,0.5564343575226776,-0.5503189612982297
825,100,30,30,30,25.11333926043205,0.5533787243024582,-0.5503189612982297
826,100,30,30,30,25.098556326974844,0.5553987386428761,-0.5503189612982297
827,100,30,30,30,25.070752630930475,0.5601403205699655,-0.5503189612982297
828,100,30,30,30,24.915947312121396,0.5556134473811625,-0.5503189612982297
829,100,30,30,30,24.788481921883296,0.5543099366022929,-0.5503189612982297
830,100,30,30,30,24.697695106700138,0.5506892297958653,-0.5503189612982297
831,100,30,30,30,24.941890766764946,0.550697572196708,-0.5503189612982297
832,100,30,30,30,24.888449007677877,0.5502018376521639,-0.5503189612982297
833,100,30,30,30,24.964836427713905,0.5460861655366844,-0.5503189612982297
834,100,30,30,30,24.959264010652,0.5493949650150038,-0.5503189612982297
835,100,30,30,30,25.037039006059086,0.552735223672579,-0.5503189612982297
836,100,30,30,30,24.91462403377732,0.5571414651991647,-0.5503189612982297
837,100,30,30,30,24.868087994336587,0.5587873369032194,-0.5503189612982297
838,100,30,30,30,25.14798362138437,0.5578664010693442,-0.5503189612982297
839,100,30,30,30,24.85294956735642,0.5587169420807294,-0.5503189612982297
840,100,30,30,30,24.95622716980445,0.5647137751108965,-0.5503189612982297
841,100,30,30,30,24.90103910737407,0.5615206354550756,-0.5503189612982297
842,100,30,30,30,24.864052179262373,0.5604310675610589,-0.5503189612982297
843,100,30,30,30,24.71460018030497,0.5549774330982349,-0.5503189612982297
844,100,30,30,30,24.724774743114523,0.5547097790833425,-0.5503189612982297
845,100,30,30,30,24.85960177635737,0.5562697606486857,-0.5503189612982297
846,100,30,30,30,25.014813829228665,0.5486195525325894,-0.5503189612982297
847,100,30,30,30,24.909217953533926,0.5496963749044007,-0.5503189612982297
848,100,30,30,30,25.052226488167108,0.5547597974963046,-0.5503189612982297
849,100,30,30,30,25.027193294515364,0.5536711692045786,-0.5503189612982297
850,100,30,30,30,25.034679212966303,0.56082839667144,-0.5503189612982297
851,100,30,30,30,24.91716678285252,0.5665344222636236,-0.5503189612982297
852,100,30,30,30,25.052888852343045,0.5659199643525253,-0.5503189612982297
853,100,30,30,30,24.984014898548544,0.5644954032782462,-0.5503189612982297
854,100,30,30,30,25.23929281979406,0.5683346556018232,-0.5503189612982297
855,100,30,30,30,24.980966521197573,0.5732765272312291,-0.5503189612982297
856,100,30,30,30,24.877312485819186,0.5659343719323439,-0.5503189612982297
857,100,30,30,30,24.865006248171213,0.5615273054183813,-0.5503189612982297
858,100,30,30,30,24.991227586631027,0.5569736128084883,-0.5503189612982297
859,100,30,30,30,24.951621966693068,0.5570937469164436,-0.5503189612982297
860,100,30,30,30,24.869528138637687,0.5575219543894688,-0.5503189612982297
861,100,30,30,30,25.07110348174198,0.5669585865436217,-0.5503189612982297
862,100,30,30,30,24.899678234567816,0.5584731516380443,-0.5503189612982297
863,100,30,30,30,24.919723404656764,0.5625119087219551,-0.5503189612982297
864,100,30,30,30,24.73392833420632,0.5516425606925477,-0.5503189612982297
865,100,30,30,30,24.945215741851072,0.5544864661810487,-0.5503189612982297
866,100,30,30,30,24.94429376480159,0.5521767053929955,-0.5503189612982297
867,100,30,30,30,24.98929083753294,0.5591334571946222,-0.5503189612982297
868,100,30,30,30,25.16307972509901,0.5542017589072428,-0.5503189612982297
869,100,30,30,30,24.99928822732442,0.560555850525179,-0.5503189612982297
870,100,30,30,30,25.088792243154728,0.5593790151162037,-0.5503189612982297
871,100,30,30,30,25.081222766922323,0.5656787442398024,-0.5503189612982297
872,100,30,30,30,24.956661895501558,0.5631357284857432,-0.5503189612982297
873,100,30,30,30,24.95920662850738,0.564769567697233,-0.5503189612982297
874,100,30,30,30,24.877909810373318,0.5577858761549019,-0.5503189612982297
875,100,30,30,30,24.858155097393045,0.5588926164810829,-0.5503189612982297
876,100,30,30,30,25.083465226728496,0.5554891605060556,-0.5503189612982297
877,100,30,30,30,24.99083672409131,0.5565118995904641,-0.5503189612982297
878,100,30,30,30,25.001061350198746,0.5564145135678853,-0.5503189612982297
879,100,30,30,30,25.063768612958903,0.5564473767650487,-0.5503189612982297
880,100,30,30,30,24.920770154726316,0.5565155587866233,-0.5503189612982297
881,100,30,30,30,24.955457541499694,0.557730983519863,-0.5503189612982297
882,100,30,30,30,25.03661294130466,0.5572006154375675,-0.5503189612982297
883,100,30,30,30,24.96247035316933,0.5554328421257285,-0.5503189612982297
884,100,30,30,30,25.10271006413243,0.5606354798648634,-0.5503189612982297
885,100,30,30,30,24.98419030939514,0.5624085110518772,-0.5503189612982297
886,100,30,30,30,25.037786089628852,0.5643700567765312,-0.5503189612982297
887,100,30,30,30,25.158431393052155,0.565123383175814,-0.5503189612982297
888,100,30,30,30,25.040882168102087,0.5635205994467415,-0.5503189612982297
889,100,30,30,30,24.953901855456103,0.5654606634635789,-0.5503189612982297
890,100,30,30,30,25.069010021618837,0.570327012579102,-0.5503189612982297
891,100,30,30,30,25.106856006562516,0.5743979060245862,-0.5503189612982297
892,100,30,30,30,24.969928821818193,0.5721001342288515,-0.5503189612982297
893,100,30,30,30,24.961309972860484,0.5705102728739314,-0.5503189612982297
894,100,30,30,30,24.95653189064838,0.5697523733474298,-0.5503189612982297
895,100,30,30,30,24.9888213788482,0.5665046549751936,-0.5503189612982297
896,100,30,30,30,25.098639623272398,0.5717768365191311,-0.5503189612982297
897,100,30,30,30,24.959478505303373,0.5744967876133446,-0.5503189612982297
898,100,30,30,30,25.02467439799606,0.5692508482656161,-0.5503189612982297
899,100,30,30,30,24.935924281619684,0.5675807887061589,-0.5503189612982297
900,100,30,30,30,25.1242822047832,0.5732995752402094,-0.5503189612982297
901,100,30,30,30,24.777624327425396,0.5669440770674448,-0.5503189612982297
902,100,30,30,30,24.966709392622107,0.5698541576837647,-0.5503189612982297
903,100,30,30,30,25.126940380177963,0.5657545614376243,-0.5503189612982297
904,100,30,30,30,25.114278126861315,0.5659880135855619,-0.5503189612982297
905,100,30,30,30,25.03960585740849,0.5654029503409764,-0.5503189612982297
906,100,30,30,30,24.967398066535807,0.5599371152728287,-0.5503189612982297
907,100,30,30,30,25.22734063729839,0.5648707581705709,-0.5503189612982297
908,100,30,30,30,25.064732622480093,0.5716955854168152,-0.5503189612982297
909,100,30,30,30,25.055433881704428,0.56877016520998,-0.5503189612982297
910,100,30,30,30,25.016819556916595,0.5686732423299521,-0.5503189612982297
911,100,30,30,30,24.967177134142883,0.5711406899456335,-0.5503189612982297
912,100,30,30,30,25.06121326710217,0.5718025908147661,-0.5503189612982297
913,100,30,30,30,24.98535108868468,0.5672820531094818,-0.5503189612982297
914,100,30,30,30,24.558895005296385,0.5637269181826645,-0.5503189612982297
915,100,30,30,30,24.97077818950333,0.5579032821769153,-0.5503189612982297
916,100,30,30,30,24.7653548547582,0.5540576054140889,-0.5503189612982297
917,100,30,30,30,24.83796298506291,0.5536275346780243,-0.5503189612982297
918,100,30,30,30,24.863869002594242,0.5484021457103876,-0.5503189612982297
919,100,30,30,30,24.614360224366717,0.5523413674385942,-0.5503189612982297
920,100,30,30,30,24.983890925672313,0.5553069243521751,-0.5503189612982297
921,100,30,30,30,24.88459006988363,0.5548729226945894,-0.5503189612982297
922,100,30,30,30,24.824193229624775,0.5519670003088855,-0.5503189612982297
923,100,30,30,30,24.930713065765225,0.5504964432710716,-0.5503189612982297
924,100,30,30,30,24.97023294637503,0.5579048212938454,-0.5503189612982297
925,100,30,30,30,25.15286523150852,0.5576003674870472,-0.5503189612982297
926,100,30,30,30,24.952164765766085,0.5541961512966258,-0.5503189612982297
927,100,30,30,30,25.001387043712263,0.5607498015178564,-0.5503189612982297
928,100,30,30,30,25.055138661220607,0.5644937279527618,-0.5503189612982297
929,100,30,30,30,24.937051886272016,0.5645391352423624,-0.5503189612982297
930,100,30,30,30,25.022298118261517,0.566261175768591,-0.5503189612982297
931,100,30,30,30,24.88823207902717,0.5674661608240446,-0.5503189612982297
932,100,30,30,30,24.792859734101533,0.5688005711989913,-0.5503189612982297
933,100,30,30,30,25.028329461686518,0.5705415041801879,-0.5503189612982297
934,100,30,30,30,24.78529716197091,0.5690921498372321,-0.5503189612982297
935,100,30,30,30,24.895279553077174,0.5728713742168533,-0.5503189612982297
936,100,30,30,30,24.75942379125798,0.5740856584788799,-0.5503189612982297
937,100,30,30,30,24.974960542354495,0.5744239981551095,-0.5503189612982297
938,100,30,30,30,25.029461757980208,0.5742532593747552,-0.5503189612982297
939,100,30,30,30,24.868192710349945,0.5739200931608182,-0.5503189612982297
940,100,30,30,30,24.86184278611715,0.5698887819113461,-0.5503189612982297
941,100,30,30,30,25.01000361449215,0.5678408881375009,-0.5503189612982297
942,100,30,30,30,24.95970289321116,0.570758623364679,-0.5503189612982297
943,100,30,30,30,25.061082455034246,0.5753185980215353,-0.5503189612982297
944,100,30,30,30,24.961691113686918,0.5743337843520177,-0.5503189612982297
945,100,30,30,30,24.992738247584338,0.5805293535950289,-0.5503189612982297
946,100,30,30,30,24.889300815873796,0.580709991691647,-0.5503189612982297
947,100,30,30,30,25.179071606612297,0.5799132834412867,-0.5503189612982297
948,100,30,30,30,24.85791645356026,0.5776247721111466,-0.5503189612982297
949,100,30,30,30,24.812528664234613,0.5780384821053209,-0.5503189612982297
950,100,30,30,30,24.88333641423118,0.5809328808424183,-0.5503189612982297
951,100,30,30,30,24.929140704561718,0.5792615283906404,-0.5503189612982297
952,100,30,30,30,24.668162059035943,0.5718934453492934,-0.5503189612982297
953,100,30,30,30,24.88094513519509,0.5766019837431698,-0.5503189612982297
954,100,30,30,30,24.86875423995572,0.5774335470600175,-0.5503189612982297
955,100,30,30,30,24.848591019127923,0.5765248064314035,-0.5503189612982297
956,100,30,30,30,24.929964432570834,0.5803882394030158,-0.5503189612982297
957,100,30,30,30,24.972833100179827,0.5782017629098025,-0.5503189612982297
958,100,30,30,30,24.986045216588344,0.5791008721101107,-0.5503189612982297
959,100,30,30,30,24.695946972378714,0.5740013527038197,-0.5503189612982297
960,100,30,30,30,25.027396536722915,0.5769931229645299,-0.5503189612982297
961,100,30,30,30,24.75474243018814,0.5646204002656412,-0.5503189612982297
962,100,30,30,30,24.688963312527207,0.5653470564449316,-0.5503189612982297
963,100,30,30,30,25.109565879218543,0.5633271276461602,-0.5503189612982297
964,100,30,30,30,24.953928775205735,0.5572644694422153,-0.5503189612982297
965,100,30,30,30,25.017715926988565,0.5539229353813733,-0.5503189612982297
966,100,30,30,30,25.067230858905308,0.5550121563337869,-0.5503189612982297
967,100,30,30,30,24.897574042422967,0.5476488170526019,-0.5503189612982297
968,100,30,30,30,24.980031245788307,0.5541047824384799,-0.5503189612982297
969,100,30,30,30,25.13061655037138,0.5566647951253109,-0.5503189612982297
970,100,30,30,30,24.98551969124582,0.5583895622164404,-0.5503189612982297
971,100,30,30,30,25.167434854027743,0.5601588362470005,-0.5503189612982297
972,100,30,30,30,25.028050836821702,0.5556558335498789,-0.5503189612982297
973,100,30,30,30,24.968923451052206,0.5544739259604037,-0.5503189612982297
974,100,30,30,30,24.98291776643088,0.5530329968901175,-0.5503189612982297
975,100,30,30,30,24.76637140629696,0.5540576950851174,-0.5503189612982297
976,100,30,30,30,24.893241664250844,0.5585667582356878,-0.5503189612982297
977,100,30,30,30,24.837543927642322,0.5694932640569146,-0.5503189612982297
978,100,30,30,30,24.952250385082547,0.5697125184864785,-0.5503189612982297
979,100,30,30,30,25.01609726671243,0.5619411553659486,-0.5503189612982297
980,100,30,30,30,24.983398711851255,0.5653156913294808,-0.5503189612982297
981,100,30,30,30,24.88474197625642,0.5701542059519747,-0.5503189612982297
982,100,30,30,30,24.770515014138788,0.569369752796182,-0.5503189612982297
983,100,30,30,30,25.100488820333304,0.5678526532236475,-0.5503189612982297
984,100,30,30,30,24.8762957874562,0.5610282904316126,-0.5503189612982297
985,100,30,30,30,24.83789156677345,0.5578565184956515,-0.5503189612982297
986,100,30,30,30,24.891006314359323,0.555945860392879,-0.5503189612982297
987,100,30,30,30,24.96840052627078,0.5637049933384326,-0.5503189612982297
988,100,30,30,30,24.954925845917455,0.5612729333708616,-0.5503189612982297
989,100,30,30,30,24.696998570390246,0.5544937784550837,-0.5503189612982297
990,100,30,30,30,24.992666052998,0.5628386444567508,-0.5503189612982297
991,100,30,30,30,24.878013690755324,0.5695389433697987,-0.5503189612982297
992,100,30,30,30,24.905114178449196,0.569603809789245,-0.5503189612982297
993,100,30,30,30,24.835220441879187,0.5681050371135099,-0.5503189612982297
994,100,30,30,30,24.871186537286583,0.565588369433415,-0.5503189612982297
995,100,30,30,30,25.110341010598898,0.5684891271169381,-0.5503189612982297
996,100,30,30,30,24.89716387628584,0.5642791817704407,-0.5503189612982297
997,100,30,30,30,24.914172531900842,0.5664291062469132,-0.5503189612982297
998,100,30,30,30,25.080456617200348,0.5631198624458488,-0.5503189612982297
999,100,30,30,30,24.968065214092206,0.5597229352391638,-0.5503189612982297
1000,100,30,30,30,24.970234997988644,0.5588311302745982,-0.5503189612982297
1001,100,30,30,30,25.00245611137897,0.5635304887332337,-0.5503189612982297
1002,100,30,30,30,24.968850977296135,0.5594089529085599,-0.5503189612982297
1003,100,30,30,30,25.06221756155276,0.5597700849026471,-0.5503189612982297
1004,100,30,30,30,25.08878502013091,0.5537840005441147,-0.5503189612982297
1005,100,30,30,30,24.975005400810026,0.5575818055890279,-0.5503189612982297
1006,100,30,30,30,24.75401135589339,0.5600563277525521,-0.5503189612982297
1007,100,30,30,30,24.577004934224156,0.5576787166458087,-0.5503189612982297
1008,100,30,30,30,25.073328724335504,0.5500017837119888,-0.5503189612982297
1009,100,30,30,30,24.983463510809113,0.5524830282742624,-0.5503189612982297
1010,100,30,30,30,24.96410959262662,0.549128940368479,-0.5503189612982297
1011,100,30,30,30,25.142681519374865,0.5559525184268167,-0.5503189612982297
1012,100,30,30,30,24.761893712547828,0.5551442580892018,-0.5503189612982297
1013,100,30,30,30,24.86164260736973,0.5541269875975585,-0.5503189612982297
1014,100,30,30,30,25.022500937970626,0.5560966572961031,-0.5503189612982297
1015,100,30,30,30,25.00819982753442,0.5564609774721038,-0.5503189612982297
1016,100,30,30,30,25.05934651799545,0.5600806051180869,-0.5503189612982297
1017,100,30,30,30,24.998054225937782,0.5591202475047312,-0.5503189612982297
1018,100,30,30,30,24.830777640252105,0.5489736377874797,-0.5503189612982297
1019,100,30,30,30,25.043593433587727,0.5489746446361086,-0.5503189612982297
1020,100,30,30,30,24.86792084617415,0.5495078477320963,-0.5503189612982297
1021,100,30,30,30,25.00523786813401,0.5530136339976964,-0.5503189612982297
1022,100,30,30,30,24.941365544753666,0.5606106850469433,-0.5503189612982297
1023,100,30,30,30,24.988002531814274,0.5629668151570227,-0.5503189612982297
1024,100,30,30,30,24.95688612681542,0.5628057012227706,-0.5503189612982297
1025,100,30,30,30,24.96389033654878,0.5578574345462293,-0.5503189612982297
1026,100,30,30,30,24.84457225871606,0.5562324916681947,-0.5503189612982297
1027,100,30,30,30,24.98514404120983,0.5557654260250477,-0.5503189612982297
1028,100,30,30,30,25.219892394222132,0.5554896400582395,-0.5503189612982297
1029,100,30,30,30,24.869501284162027,0.5534885507413471,-0.5503189612982297
1030,100,30,30,30,25.27361538490037,0.552317433004867,-0.5503189612982297
1031,100,30,30,30,25.00127524757106,0.5482160968884822,-0.5503189612982297
1032,100,30,30,30,25.18637169600536,0.5499114841171336,-0.5503189612982297
1033,100,30,30,30,24.939375022978922,0.5513756678568822,-0.5503189612982297
1034,100,30,30,30,24.91354481854249,0.5574013414079717,-0.5503189612982297
1035,100,30,30,30,24.962622232633393,0.5608948696035813,-0.5503189612982297
1036,100,30,30,30,24.954002889037575,0.5589643824288134,-0.5503189612982297
1037,100,30,30,30,25.026676768281632,0.5627907908015456,-0.5503189612982297
1038,100,30,30,30,24.902378854492362,0.565348208255137,-0.5503189612982297
1039,100,30,30,30,24.969153341219155,0.5676849918485611,-0.5503189612982297
1040,100,30,30,30,24.999042497113734,0.5716639541179476,-0.5503189612982297
1041,100,30,30,30,24.998329971314405,0.5739054209503105,-0.5503189612982297
1042,100,30,30,30,24.948579997651954,0.5706113167281337,-0.5503189612982297
1043,100,30,30,30,24.903660693143046,0.5690676352047246,-0.5503189612982297
1044,100,30,30,30,24.926344290611215,0.5618269952775304,-0.5503189612982297
1045,100,30,30,30,24.87714145931084,0.5664024549354642,-0.5503189612982297
1046,100,30,30,30,24.921298891957875,0.5640582473806931,-0.5503189612982297
1047,100,30,30,30,25.085573441668487,0.5654783498213029,-0.5503189612982297
1048,100,30,30,30,24.947974439259276,0.5644337413204988,-0.5503189612982297
1049,100,30,30,30,24.976058620401282,0.5588519214040435,-0.5503189612982297
1050,100,30,30,30,24.840357882029423,0.5559821989532386,-0.5503189612982297
1051,100,30,30,30,25.1489621201843,0.5536033631998035,-0.5503189612982297
1052,100,30,30,30,24.952794860201635,0.5573003773669648,-0.5503189612982297
1053,100,30,30,30,24.895193138651287,0.5571802202345922,-0.5503189612982297
1054,100,30,30,30,25.00706171404068,0.5619460875173127,-0.5503189612982297
1055,100,30,30,30,24.968995729614118,0.5611894575736155,-0.5503189612982297
1056,100,30,30,30,25.15379957042353,0.5594417129672374,-0.5503189612982297
1057,100,30,30,30,24.9933562993239,0.5568840183508428,-0.5503189612982297
1058,100,30,30,30,25.012966349338235,0.5478198292799518,-0.5503189612982297
1059,100,30,30,30,24.578295900631314,0.5398081848918481,-0.5503189612982297
1060,100,30,30,30,24.907139955491957,0.5455583308349514,-0.5503189612982297
1061,100,30,30,30,24.844529260014777,0.547685678136659,-0.5503189612982297
1062,100,30,30,30,25.012976282872636,0.5471912689629223,-0.5503189612982297
1063,100,30,30,30,24.917292888482855,0.5465919927839433,-0.5503189612982297
1064,100,30,30,30,24.677758160981803,0.5391124062764036,-0.5503189612982297
1065,100,30,30,30,24.91842386141119,0.5366301948013497,-0.5503189612982297
1066,100,30,30,30,25.028795942284777,0.5400335626251938,-0.5503189612982297
1067,100,30,30,30,25.009501549067842,0.5424828028905389,-0.5503189612982297
1068,100,30,30,30,25.10462234896228,0.5410640908363819,-0.5503189612982297
1069,100,30,30,30,24.947037300584867,0.5449196351708343,-0.5503189612982297
1070,100,30,30,30,24.973798549110008,0.5418224886777867,-0.5503189612982297
1071,100,30,30,30,24.832453873106303,0.5401670590043561,-0.5503189612982297
1072,100,30,30,30,24.29190657723967,0.53156662596266,-0.5503189612982297
1073,100,30,30,30,25.049195710476784,0.5293134881422077,-0.5503189612982297
1074,100,30,30,30,24.895310419149773,0.5309361176456348,-0.5503189612982297
1075,100,30,30,30,24.783571469567086,0.5291145894120187,-0.5503189612982297
1076,100,30,30,30,25.003188112877343,0.5308649963195179,-0.5503189612982297
1077,100,30,30,30,24.823761629409077,0.5374465525512432,-0.5503189612982297
1078,100,30,30,30,25.022130706422143,0.5397403294951335,-0.5503189612982297
1079,100,30,30,30,24.814333057641363,0.5287879012583535,-0.5503189612982297
1080,100,30,30,30,24.996340857740964,0.534182393034717,-0.5503189612982297
1081,100,30,30,30,24.909602799204876,0.5357324301822702,-0.5503189612982297
1082,100,30,30,30,24.958400343410993,0.536801121183195,-0.5503189612982297
1083,100,30,30,30,24.945257388045576,0.5430709105686716,-0.5503189612982297
1084,100,30,30,30,24.562813858122045,0.5395460016347476,-0.5503189612982297
1085,100,30,30,30,24.986466049273915,0.5380296749522714,-0.5503189612982297
1086,100,30,30,30,24.918263909294332,0.5325529175892362,-0.5503189612982297
1087,100,30,30,30,24.966882746476767,0.5289633025366782,-0.5503189612982297
1088,100,30,30,30,25.10956359587426,0.5290369115649917,-0.5503189612982297
1089,100,30,30,30,25.042265383186162,0.531536421636377,-0.5503189612982297
1090,100,30,30,30,24.785663834569682,0.5309574344618352,-0.5503189612982297
1091,100,30,30,30,25.007469520992956,0.5333318485309722,-0.5503189612982297
1092,100,30,30,30,25.022294908106502,0.5393943356843467,-0.5503189612982297
1093,100,30,30,30,24.99176815730892,0.5377024975319104,-0.5503189612982297
1094,100,30,30,30,24.89438705581869,0.5359026918159044,-0.5503189612982297
1095,100,30,30,30,24.84250872519245,0.5364308962252049,-0.5503189612982297
1096,100,30,30,30,25.151900601472406,0.5326400579445373,-0.5503189612982297
1097,100,30,30,30,25.10018790730264,0.5355262426183715,-0.5503189612982297
1098,100,30,30,30,24.781526763754417,0.5373373574310305,-0.5503189612982297
1099,100,30,30,30,25.30828209966215,0.5404491751827467,-0.5503189612982297
1100,100,30,30,30,24.991549823617476,0.545654219913592,-0.5503189612982297
1101,100,30,30,30,24.65114328291061,0.543417440262531,-0.5503189612982297
1102,100,30,30,30,24.88031128278972,0.5452689843285388,-0.5503189612982297
1103,100,30,30,30,25.152403136868774,0.5506383696026186,-0.5503189612982297
1104,100,30,30,30,24.897932885863597,0.5501513621884193,-0.5503189612982297
1105,100,30,30,30,24.985440779585858,0.557061732167423,-0.5503189612982297
1106,100,30,30,30,24.96731463638093,0.558205604562306,-0.5503189612982297
1107,100,30,30,30,25.038931933159787,0.5572670174788327,-0.5503189612982297
1108,100,30,30,30,24.82118570900867,0.5514598325854874,-0.5503189612982297
1109,100,30,30,30,24.65737709776107,0.5518469347848495,-0.5503189612982297
1110,100,30,30,30,24.957816843472834,0.5516354453262453,-0.5503189612982297
1111,100,30,30,30,24.49599801207057,0.5445473127035221,-0.5503189612982297
1112,100,30,30,30,25.20313719242166,0.5391989329374318,-0.5503189612982297
1113,100,30,30,30,25.02308734762987,0.5446228176364182,-0.5503189612982297
1114,100,30,30,30,25.12441478775005,0.548590373842287,-0.5503189612982297
1115,100,30,30,30,24.96246641596831,0.551687835849953,-0.5503189612982297
1116,100,30,30,30,24.805412232362492,0.5504816483986618,-0.5503189612982297
1117,100,30,30,30,25.029472574410857,0.5517227803587721,-0.5503189612982297
1118,100,30,30,30,24.96505422059706,0.5545422197004781,-0.5503189612982297
1119,100,30,30,30,24.849425757231927,0.5608111349324636,-0.5503189612982297
1120,100,30,30,30,24.53633574179454,0.5583305294667018,-0.5503189612982297
1121,100,30,30,30,24.85478397393831,0.5555275264884593,-0.5503189612982297
1122,100,30,30,30,24.895090635273455,0.5494393950007169,-0.5503189612982297
1123,100,30,30,30,24.975561816662058,0.5494272096714325,-0.5503189612982297
1124,100,30,30,30,24.99556713464006,0.5538868494250625,-0.5503189612982297
1125,100,30,30,30,25.0309692683278,0.5517873021808454,-0.5503189612982297
1126,100,30,30,30,25.222840586749726,0.5605398705482784,-0.5503189612982297
1127,100,30,30,30,24.866236841061628,0.5569393480318295,-0.5503189612982297
1128,100,30,30,30,24.936120514134124,0.5540329470622721,-0.5503189612982297
1129,100,30,30,30,24.97563236292777,0.5562623517144675,-0.5503189612982297
1130,100,30,30,30,24.973707630660172,0.5622303275816286,-0.5503189612982297
1131,100,30,30,30,24.847416289356993,0.5659329539900596,-0.5503189612982297
1132,100,30,30,30,24.93413944628773,0.5585342836911882,-0.5503189612982297
1133,100,30,30,30,24.981563840782886,0.5638210388979423,-0.5503189612982297
1134,100,30,30,30,24.966982029603557,0.5627897824142973,-0.5503189612982297
1135,100,30,30,30,25.0528139007792,0.5649469794237353,-0.5503189612982297
1136,100,30,30,30,24.973008303795005,0.5633654697360925,-0.5503189612982297
1137,100,30,30,30,25.03982513559952,0.5646301468050258,-0.5503189612982297
1138,100,30,30,30,24.956043467670302,0.5640925836968884,-0.5503189612982297
1139,100,30,30,30,25.127304840274213,0.5577633127824151,-0.5503189612982297
1140,100,30,30,30,24.8193051073344,0.557336132628922,-0.5503189612982297
1141,100,30,30,30,25.09061541619523,0.5597635163404097,-0.5503189612982297
1142,100,30,30,30,24.813968189292652,0.5587944832706707,-0.5503189612982297
1143,100,30,30,30,24.639921665161484,0.5521633439108319,-0.5503189612982297
1144,100,30,30,30,25.051296233640635,0.5498595271514551,-0.5503189612982297
1145,100,30,30,30,24.966269071236482,0.5479832035561163,-0.5503189612982297
1146,100,30,30,30,25.008519868445276,0.5571408908814055,-0.5503189612982297
1147,100,30,30,30,24.98131265947335,0.556623306349611,-0.5503189612982297
1148,100,30,30,30,24.977304864427907,0.5576141852742871,-0.5503189612982297
1149,100,30,30,30,24.962797131509138,0.5620113077206627,-0.5503189612982297
1150,100,30,30,30,25.04421544162495,0.5617117460048047,-0.5503189612982297
1151,100,30,30,30,24.982529035903468,0.5641575967595405,-0.5503189612982297
1152,100,30,30,30,24.988242913652932,0.5636964320826375,-0.5503189612982297
1153,100,30,30,30,24.997301988421384,0.5706653861669614,-0.5503189612982297
1154,100,30,30,30,25.256467650109332,0.5639828315913145,-0.5503189612982297
1155,100,30,30,30,24.858749138184827,0.5642355499715912,-0.5503189612982297
1156,100,30,30,30,25.022756633588514,0.5657692349838025,-0.5503189612982297
1157,100,30,30,30,24.841538960055313,0.5632333431408049,-0.5503189612982297
1158,100,30,30,30,25.020307136115235,0.5629571840000598,-0.5503189612982297
1159,100,30,30,30,24.99746489438288,0.5632801473633885,-0.5503189612982297
1160,100,30,30,30,24.970429781570523,0.563757904619246,-0.5503189612982297
1161,100,30,30,30,24.841949763352254,0.5651623044108004,-0.5503189612982297
1162,100,30,30,30,25.10173093011719,0.5705545617829676,-0.5503189612982297
1163,100,30,30,30,24.976030070608346,0.5593192799731447,-0.5503189612982297
1164,100,30,30,30,24.93903500955507,0.5560049348105449,-0.5503189612982297
1165,100,30,30,30,24.845786144325658,0.5510780944697712,-0.5503189612982297
1166,100,30,30,30,25.07500425553325,0.5474342295754322,-0.5503189612982297
1167,100,30,30,30,25.036015514887083,0.5482601430236488,-0.5503189612982297
1168,100,30,30,30,24.982029047442424,0.5468383955327459,-0.5503189612982297
1169,100,30,30,30,25.54268416981454,0.5527119078731314,-0.5503189612982297
1170,100,30,30,30,24.840628976566663,0.5497751063274818,-0.5503189612982297
1171,100,30,30,30,24.985321053400106,0.5523774441436116,-0.5503189612982297
1172,100,30,30,30,25.09455480323907,0.545290410727925,-0.5503189612982297
1173,100,30,30,30,24.8041910844385,0.5440514934051395,-0.5503189612982297
1174,100,30,30,30,24.7564380615416,0.5378585746943559,-0.5503189612982297
1175,100,30,30,30,24.98207816557462,0.5419770486556486,-0.5503189612982297
1176,100,30,30,30,24.783250408944667,0.5443823025532263,-0.5503189612982297
1177,100,30,30,30,24.75337258910228,0.5464117181976903,-0.5503189612982297
1178,100,30,30,30,25.01256736775134,0.5500867439168685,-0.5503189612982297
1179,100,30,30,30,25.04276348176072,0.5483235047488623,-0.5503189612982297
1180,100,30,30,30,24.894605102597453,0.5468314063704481,-0.5503189612982297
1181,100,30,30,30,24.8419110232905,0.5412775931242686,-0.5503189612982297
1182,100,30,30,30,24.86804598292946,0.540185817762295,-0.5503189612982297
1183,100,30,30,30,25.05607129502745,0.5440104743767508,-0.5503189612982297
1184,100,30,30,30,25.2036385376746,0.548895939490218,-0.5503189612982297
1185,100,30,30,30,25.077201535324193,0.5540646644219169,-0.5503189612982297
1186,100,30,30,30,24.80559471569019,0.5547459756461673,-0.5503189612982297
1187,100,30,30,30,25.09002603371004,0.5600537750871054,-0.5503189612982297
1188,100,30,30,30,24.988635134042283,0.5608319273888757,-0.5503189612982297
1189,100,30,30,30,24.91928449927268,0.5597312629170886,-0.5503189612982297
1190,100,30,30,30,24.961052666979207,0.5574695441518666,-0.5503189612982297
1191,100,30,30,30,24.907934906757006,0.5548255848600214,-0.5503189612982297
1192,100,30,30,30,25.018070057236216,0.554018085590284,-0.5503189612982297
1193,100,30,30,30,24.85903421403613,0.5563912226072053,-0.5503189612982297
1194,100,30,30,30,24.85553877988526,0.5542784793591075,-0.5503189612982297
1195,100,30,30,30,25.022251679740044,0.5540857181121531,-0.5503189612982297
1196,100,30,30,30,24.774471306755466,0.547034973033579,-0.5503189612982297
1197,100,30,30,30,25.02949993409853,0.5426804733549991,-0.5503189612982297
1198,100,30,30,30,24.991083190063335,0.5389491750674811,-0.5503189612982297
1199,100,30,30,30,24.92108958695366,0.5407470051118201,-0.5503189612982297
1200,100,30,30,30,24.968576009618715,0.5400461188713778,-0.5503189612982297
1201,100,30,30,30,25.072702098649803,0.5452060848164881,-0.5503189612982297
1202,100,30,30,30,24.83390734485134,0.5416464154140471,-0.5503189612982297
1203,100,30,30,30,24.89848830540935,0.5430415822940015,-0.5503189612982297
1204,100,30,30,30,24.94839300657716,0.5472987947443647,-0.5503189612982297
1205,100,30,30,30,24.816726950775646,0.54360799462103,-0.5503189612982297
1206,100,30,30,30,24.813248302369704,0.5441843574786438,-0.5503189612982297
1207,100,30,30,30,24.9285889638589,0.5438237710175683,-0.5503189612982297
1208,100,30,30,30,24.88968468924707,0.5484921804347874,-0.5503189612982297
1209,100,30,30,30,24.929313646655174,0.5507270203787448,-0.5503189612982297
1210,100,30,30,30,25.005611912368764,0.5545066046236119,-0.5503189612982297
1211,100,30,30,30,24.960000452627497,0.5552885273386003,-0.5503189612982297
1212,100,30,30,30,24.96822218981123,0.5618175475818499,-0.5503189612982297
1213,100,30,30,30,24.995850208188088,0.5607763297280104,-0.5503189612982297
1214,100,30,30,30,24.939345277908934,0.5616875192196416,-0.5503189612982297
1215,100,30,30,30,25.14505694936494,0.5624919750611485,-0.5503189612982297
1216,100,30,30,30,25.009639265573206,0.5644708482400222,-0.5503189612982297
1217,100,30,30,30,24.97723619712463,0.5648230794608656,-0.5503189612982297
1218,100,30,30,30,25.121428290609852,0.5641203138867266,-0.5503189612982297
1219,100,30,30,30,25.07163629988606,0.556263532675813,-0.5503189612982297
1220,100,30,30,30,24.59483427389747,0.5523467996828747,-0.5503189612982297
1221,100,30,30,30,24.961944713905055,0.554553305625007,-0.5503189612982297
1222,100,30,30,30,24.93812686099154,0.5533778160602887,-0.5503189612982297
1223,100,30,30,30,25.121568414731065,0.5465169163471087,-0.5503189612982297
1224,100,30,30,30,25.031303677097142,0.5472268705773602,-0.5503189612982297
1225,100,30,30,30,24.669350915730853,0.5441376392969457,-0.5503189612982297
1226,100,30,30,30,25.090605026266037,0.5487025455920058,-0.5503189612982297
1227,100,30,30,30,24.910616554754284,0.5538254713215848,-0.5503189612982297
1228,100,30,30,30,25.0151196413836,0.5585377821379343,-0.5503189612982297
1229,100,30,30,30,24.893994822469594,0.5546688500187953,-0.5503189612982297
1230,100,30,30,30,24.882370894162342,0.5573733679669475,-0.5503189612982297
1231,100,30,30,30,24.913255589558098,0.554527281496789,-0.5503189612982297
1232,100,30,30,30,25.04892040683974,0.5550865220432886,-0.5503189612982297
1233,100,30,30,30,24.930341116978372,0.5566211736744073,-0.5503189612982297
1234,100,30,30,30,25.101973351922034,0.5600113161511163,-0.5503189612982297
1235,100,30,30,30,24.999643973269787,0.555848251066289,-0.5503189612982297
1236,100,30,30,30,24.901502968316695,0.5517625014332299,-0.5503189612982297
1237,100,30,30,30,25.031395119282372,0.5612593412370086,-0.5503189612982297
1238,100,30,30,30,25.061299222177468,0.5609503923957528,-0.5503189612982297
1239,100,30,30,30,24.913225989343005,0.5591838467474732,-0.5503189612982297
1240,100,30,30,30,24.79412040083542,0.559301408801254,-0.5503189612982297
1241,100,30,30,30,24.86599002063383,0.5618198657691008,-0.5503189612982297
1242,100,30,30,30,25.108413671511922,0.5607959145886035,-0.5503189612982297
1243,100,30,30,30,24.904004100735623,0.5598308814098906,-0.5503189612982297
1244,100,30,30,30,24.938786740113088,0.5608999112658782,-0.5503189612982297
1245,100,30,30,30,24.89354575592234,0.5639887291501594,-0.5503189612982297
1246,100,30,30,30,25.099724827439037,0.5690770382252889,-0.5503189612982297
1247,100,30,30,30,25.034497698531524,0.5672727907516233,-0.5503189612982297
1248,100,30,30,30,25.02454970116085,0.569518568654153,-0.5503189612982297
1249,100,30,30,30,24.813884614482582,0.5717104198595716,-0.5503189612982297
1250,100,30,30,30,24.913121616097637,0.5691339995902432,-0.5503189612982297
1251,100,30,30,30,24.978322436343117,0.5623908895692531,-0.5503189612982297
1252,100,30,30,30,24.923758724505234,0.5602273983227666,-0.5503189612982297
1253,100,30,30,30,24.885206027830307,0.5614784996373049,-0.5503189612982297
1254,100,30,30,30,25.074697675778573,0.5586235167184407,-0.5503189612982297
1255,100,30,30,30,25.079196761075206,0.5591218989400338,-0.5503189612982297
1256,100,30,30,30,25.16837818792287,0.5624761760176068,-0.5503189612982297
1257,100,30,30,30,24.86955260214038,0.5631404166008291,-0.5503189612982297
1258,100,30,30,30,24.94677214707839,0.5607892734062611,-0.5503189612982297
1259,100,30,30,30,25.136722360760867,0.5588828255934187,-0.5503189612982297
1260,100,30,30,30,25.012834432897545,0.5591750681437518,-0.5503189612982297
1261,100,30,30,30,25.00055445813068,0.5613505309138341,-0.5503189612982297
1262,100,30,30,30,24.90519633452346,0.5642450251980111,-0.5503189612982297
1263,100,30,30,30,24.849070123834956,0.5655338358638453,-0.5503189612982297
1264,100,30,30,30,24.65271930750637,0.5585396809987032,-0.5503189612982297
1265,100,30,30,30,24.891648524843305,0.5566746198853277,-0.5503189612982297
1266,100,30,30,30,24.714854975016237,0.5576753793612863,-0.5503189612982297
1267,100,30,30,30,25.038416886698627,0.5573573852529262,-0.5503189612982297
1268,100,30,30,30,24.938652439043622,0.5620301324745106,-0.5503189612982297
1269,100,30,30,30,24.89738826576121,0.5616784280082521,-0.5503189612982297
1270,100,30,30,30,25.150149188168243,0.5624883693229032,-0.5503189612982297
1271,100,30,30,30,25.100757913559722,0.5625490111107317,-0.5503189612982297
1272,100,30,30,30,24.75633952365186,0.5634029357094905,-0.5503189612982297
1273,100,30,30,30,25.100859205831053,0.5655276871008419,-0.5503189612982297
1274,100,30,30,30,24.979444378034355,0.5714992190465058,-0.5503189612982297
1275,100,30,30,30,24.951146024205663,0.5681768451396121,-0.5503189612982297
1276,100,30,30,30,24.93456544598184,0.5644322459499422,-0.5503189612982297
1277,100,30,30,30,24.878185611886614,0.5650225295916855,-0.5503189612982297
1278,100,30,30,30,24.937785910340445,0.5659116970298634,-0.5503189612982297
1279,100,30,30,30,24.788761942856567,0.5670652635330301,-0.5503189612982297
1280,100,30,30,30,25.223536015680775,0.5629497118896918,-0.5503189612982297
1281,100,30,30,30,24.95712055744348,0.5513408096538801,-0.5503189612982297
1282,100,30,30,30,24.815748790289955,0.5471752242394768,-0.5503189612982297
1283,100,30,30,30,24.771106785586603,0.5507951632437288,-0.5503189612982297
1284,100,30,30,30,24.910120550061784,0.5421541606567871,-0.5503189612982297
1285,100,30,30,30,25.072558082100812,0.5444240127828898,-0.5503189612982297
1286,100,30,30,30,25.028924639163268,0.5511361357647893,-0.5503189612982297
1287,100,30,30,30,24.89898686594516,0.5477558251426613,-0.5503189612982297
1288,100,30,30,30,25.114974967390623,0.546333730100457,-0.5503189612982297
1289,100,30,30,30,24.9798784307965,0.5506044062807417,-0.5503189612982297
1290,100,30,30,30,25.170291486360767,0.548950678111464,-0.5503189612982297
1291,100,30,30,30,24.865815258337573,0.5508313322298831,-0.5503189612982297
1292,100,30,30,30,24.95585159030787,0.5509424349413127,-0.5503189612982297
1293,100,30,30,30,24.927303789594465,0.5558716545859519,-0.5503189612982297
1294,100,30,30,30,24.863209727888492,0.5563383218523396,-0.5503189612982297
1295,100,30,30,30,25.038427172792733,0.5580296570486774,-0.5503189612982297
1296,100,30,30,30,24.997183544780356,0.5582004064756072,-0.5503189612982297
1297,100,30,30,30,24.942989692159436,0.5576627758990668,-0.5503189612982297
1298,100,30,30,30,24.749981652740694,0.5514025295837711,-0.5503189612982297
1299,100,30,30,30,25.051929192837747,0.5536252805991512,-0.5503189612982297
1300,100,30,30,30,24.781575558590426,0.5564689437980594,-0.5503189612982297
1301,100,30,30,30,24.952640270794163,0.5526071498686331,-0.5503189612982297
1302,100,30,30,30,24.927802149313287,0.5437730635814734,-0.5503189612982297
1303,100,30,30,30,24.942948385707698,0.5420035540300415,-0.5503189612982297
1304,100,30,30,30,24.895783218502373,0.5462135439041247,-0.5503189612982297
1305,100,30,30,30,24.902181920923592,0.5421156031404379,-0.5503189612982297
1306,100,30,30,30,24.94327501366699,0.543259228335864,-0.5503189612982297
1307,100,30,30,30,24.648196892033994,0.534772681292664,-0.5503189612982297
1308,100,30,30,30,24.95775000611669,0.5351315659928275,-0.5503189612982297
1309,100,30,30,30,25.086506205815922,0.5358497390220041,-0.5503189612982297
1310,100,30,30,30,24.96862970229897,0.5331248173982633,-0.5503189612982297
1311,100,30,30,30,24.901918247412908,0.5340480598388969,-0.5503189612982297
1312,100,30,30,30,24.898269639017318,0.5396443891855471,-0.5503189612982297
1313,100,30,30,30,24.97419314939327,0.5393943364194642,-0.5503189612982297
1314,100,30,30,30,24.96020069719879,0.5344403465398103,-0.5503189612982297
1315,100,30,30,30,24.7507954403857,0.5254117737534831,-0.5503189612982297
1316,100,30,30,30,24.89908742591385,0.5246123310881895,-0.5503189612982297
1317,100,30,30,30,24.954051632463205,0.5250742072925917,-0.5503189612982297
1318,100,30,30,30,24.757313505202326,0.52475793712815,-0.5503189612982297
1319,100,30,30,30,25.13509739297248,0.5286792022618547,-0.5503189612982297
1320,100,30,30,30,25.289045579626304,0.5327479032059373,-0.5503189612982297
1321,100,30,30,30,24.617943415545472,0.5296092433862198,-0.5503189612982297
1322,100,30,30,30,24.699782212731712,0.5231063352373436,-0.5503189612982297
1323,100,30,30,30,24.887694047090378,0.5185322882827164,-0.5503189612982297
1324,100,30,30,30,24.968800587665804,0.5149554673270944,-0.5503189612982297
1325,100,30,30,30,24.982570504403647,0.5207999340835312,-0.5503189612982297
1326,100,30,30,30,24.825267426769614,0.5236537878846697,-0.5503189612982297
1327,100,30,30,30,25.23597843063989,0.5258403940059504,-0.5503189612982297
1328,100,30,30,30,25.04362516354663,0.5214413186594974,-0.5503189612982297
1329,100,30,30,30,24.867261146846218,0.5266860913312368,-0.5503189612982297
1330,100,30,30,30,24.973548891172197,0.5297135869406048,-0.5503189612982297
1331,100,30,30,30,24.95201396534589,0.5220708700582075,-0.5503189612982297
1332,100,30,30,30,24.85905332622235,0.5145931542834296,-0.5503189612982297
1333,100,30,30,30,24.939515094665744,0.5140283004380363,-0.5503189612982297
1334,100,30,30,30,25.039392109857076,0.5194609071520516,-0.5503189612982297
1335,100,30,30,30,25.30215976632941,0.5220130135127001,-0.5503189612982297
1336,100,30,30,30,25.019859418752464,0.5196950752523682,-0.5503189612982297
1337,100,30,30,30,24.878469073290287,0.5160512437635768,-0.5503189612982297
1338,100,30,30,30,24.507288485169916,0.5104149704529595,-0.5503189612982297
1339,100,30,30,30,25.00035890961016,0.507847053143046,-0.5503189612982297
1340,100,30,30,30,25.09537071597409,0.5126671984770346,-0.5503189612982297
1341,100,30,30,30,25.100454386497447,0.5177757735549405,-0.5503189612982297
1342,100,30,30,30,24.89605775349252,0.5221178318365663,-0.5503189612982297
1343,100,30,30,30,25.163161262015915,0.5218517994201506,-0.5503189612982297
1344,100,30,30,30,25.002010647483118,0.5249661738726699,-0.5503189612982297
1345,100,30,30,30,24.918824923163246,0.5269606254315485,-0.5503189612982297
1346,100,30,30,30,24.815124798394585,0.525791440764264,-0.5503189612982297
1347,100,30,30,30,24.879678534150727,0.5217527655523506,-0.5503189612982297
1348,100,30,30,30,24.87807181989195,0.5254663244895258,-0.5503189612982297
1349,100,30,30,30,24.990060078542555,0.5242439909719412,-0.5503189612982297
1350,100,30,30,30,24.96284570040011,0.5238866401319342,-0.5503189612982297
1351,100,30,30,30,24.95731154220269,0.5256678160199154,-0.5503189612982297
1352,100,30,30,30,24.993776155742246,0.5225936234445433,-0.5503189612982297
1353,100,30,30,30,24.965188531604397,0.5274908756170386,-0.5503189612982297
1354,100,30,30,30,25.108548913000078,0.530366232629491,-0.5503189612982297
1355,100,30,30,30,24.89649194353897,0.531317975226569,-0.5503189612982297
1356,100,30,30,30,24.84431502620464,0.5335399096459988,-0.5503189612982297
1357,100,30,30,30,24.843027986421873,0.5335967016110832,-0.5503189612982297
1358,100,30,30,30,24.896762011568256,0.5307876384833529,-0.5503189612982297
1359,100,30,30,30,24.924659086799338,0.5313799198870685,-0.5503189612982297
1360,100,30,30,30,25.066958927915987,0.5311877187451106,-0.5503189612982297
1361,100,30,30,30,24.99033013106619,0.531295792286326,-0.5503189612982297
1362,100,30,30,30,25.005845341562413,0.528130824882838,-0.5503189612982297
1363,100,30,30,30,24.97627432366843,0.5275016974927681,-0.5503189612982297
1364,100,30,30,30,25.1132622521106,0.5265639170931258,-0.5503189612982297
1365,100,30,30,30,24.92690747915459,0.5272946039508348,-0.5503189612982297
1366,100,30,30,30,25.08760330644212,0.5288304409931625,-0.5503189612982297
1367,100,30,30,30,25.143701177542702,0.539488107275296,-0.5503189612982297
1368,100,30,30,30,24.77595243075676,0.5368405392315281,-0.5503189612982297
1369,100,30,30,30,24.947470761238534,0.5317879084505653,-0.5503189612982297
1370,100,30,30,30,24.951669525798298,0.5360788016254912,-0.5503189612982297
1371,100,30,30,30,24.937182105178316,0.5421044650178356,-0.5503189612982297
1372,100,30,30,30,24.92852779988574,0.5414548130981647,-0.5503189612982297
1373,100,30,30,30,24.636275082212034,0.529913339270301,-0.5503189612982297
1374,100,30,30,30,24.906932951846265,0.5341195994091099,-0.5503189612982297
1375,100,30,30,30,25.00966900135414,0.5360940130639826,-0.5503189612982297
1376,100,30,30,30,24.983472785516746,0.5379161936581903,-0.5503189612982297
1377,100,30,30,30,24.967968564853294,0.5415882163676884,-0.5503189612982297
1378,100,30,30,30,24.937733235748752,0.5450493226906272,-0.5503189612982297
1379,100,30,30,30,24.978118607143735,0.5443141786278839,-0.5503189612982297
1380,100,30,30,30,24.834035289489275,0.5405447024283397,-0.5503189612982297
1381,100,30,30,30,25.070356216338453,0.5426194721224923,-0.5503189612982297
1382,100,30,30,30,24.90472255199671,0.5459989356401901,-0.5503189612982297
1383,100,30,30,30,24.759779344512403,0.5451869793585337,-0.5503189612982297
1384,100,30,30,30,25.16816594096403,0.5455731703861163,-0.5503189612982297
1385,100,30,30,30,24.822847387191445,0.54507475719952,-0.5503189612982297
1386,100,30,30,30,24.991005744486642,0.5455664186127339,-0.5503189612982297
1387,100,30,30,30,24.952474191674973,0.5488158073292926,-0.5503189612982297
1388,100,30,30,30,24.918801352517846,0.546402242799355,-0.5503189612982297
1389,100,30,30,30,25.07960547788054,0.5426705212753227,-0.5503189612982297
1390,100,30,30,30,25.048636428366827,0.546670476951781,-0.5503189612982297
1391,100,30,30,30,24.79796138722501,0.5542768466048682,-0.5503189612982297
1392,100,30,30,30,24.98660246942526,0.5586403019122712,-0.5503189612982297
1393,100,30,30,30,25.002382097468345,0.5616815749281545,-0.5503189612982297
1394,100,30,30,30,24.978656645074494,0.5579153422620224,-0.5503189612982297
1395,100,30,30,30,24.71285837560865,0.5557597260447023,-0.5503189612982297
1396,100,30,30,30,24.68108101927978,0.5564006182622496,-0.5503189612982297
1397,100,30,30,30,24.678664106649897,0.5552888246903432,-0.5503189612982297
1398,100,30,30,30,25.0364364952395,0.5581056507091484,-0.5503189612982297
1399,100,30,30,30,25.107205319847075,0.5603360270416889,-0.5503189612982297
1400,100,30,30,30,25.023086992341753,0.5649926153233664,-0.5503189612982297
1401,100,30,30,30,25.058131068291882,0.5644588845154274,-0.5503189612982297
1402,100,30,30,30,25.01435680406887,0.5652208069297486,-0.5503189612982297
1403,100,30,30,30,24.984112823065104,0.5642533167361231,-0.5503189612982297
1404,100,30,30,30,24.735496728964975,0.557975047919268,-0.5503189612982297
1405,100,30,30,30,25.342565410416313,0.5600316653529162,-0.5503189612982297
1406,100,30,30,30,25.18254157842273,0.5555981285190458,-0.5503189612982297
1407,100,30,30,30,24.992375986701745,0.557836378744618,-0.5503189612982297
1408,100,30,30,30,24.91091465318393,0.5591028870132181,-0.5503189612982297
1409,100,30,30,30,24.975586084692743,0.5623509590052364,-0.5503189612982297
1410,100,30,30,30,24.88972091272259,0.5624897970122328,-0.5503189612982297
1411,100,30,30,30,24.748683494336447,0.5592921263124063,-0.5503189612982297
1412,100,30,30,30,24.89370142025103,0.5595362137601408,-0.5503189612982297
1413,100,30,30,30,24.92311691118333,0.563092087474579,-0.5503189612982297
1414,100,30,30,30,24.893085704413544,0.5618169644428993,-0.5503189612982297
1415,100,30,30,30,24.86939322019394,0.5581267684605276,-0.5503189612982297
1416,100,30,30,30,25.079687300022783,0.567875240526837,-0.5503189612982297
1417,100,30,30,30,24.974810362169638,0.5715341449350914,-0.5503189612982297
1418,100,30,30,30,25.0364135471365,0.5650251343876223,-0.5503189612982297
1419,100,30,30,30,25.01730959782918,0.5661856728905514,-0.5503189612982297
1420,100,30,30,30,24.997249832008123,0.5661958210877986,-0.5503189612982297
1421,100,30,30,30,25.009431108038356,0.5740029094584909,-0.5503189612982297
1422,100,30,30,30,24.979629229673023,0.5709640844436474,-0.5503189612982297
1423,100,30,30,30,24.705113238564188,0.5695991769823928,-0.5503189612982297
1424,100,30,30,30,24.93221211750587,0.5660571136112974,-0.5503189612982297
1425,100,30,30,30,25.194347314597653,0.5643836618627381,-0.5503189612982297
1426,100,30,30,30,24.775326436806978,0.5615955625932952,-0.5503189612982297
1427,100,30,30,30,24.659327373763823,0.5542476365315997,-0.5503189612982297
1428,100,30,30,30,24.95179050203756,0.5549460951860224,-0.5503189612982297
1429,100,30,30,30,24.80754407211881,0.5549633182414075,-0.5503189612982297
1430,100,30,30,30,24.933479413792803,0.556260967324869,-0.5503189612982297
1431,100,30,30,30,24.907045276607207,0.559694962831959,-0.5503189612982297
1432,100,30,30,30,24.621236101534414,0.5545660300725853,-0.5503189612982297
1433,100,30,30,30,24.652390911474136,0.5548233635848215,-0.5503189612982297
1434,100,30,30,30,24.6412304420696,0.5495729896328231,-0.5503189612982297
1435,100,30,30,30,24.941065409735927,0.5593958181701597,-0.5503189612982297
1436,100,30,30,30,24.897170924229805,0.5587595567464769,-0.5503189612982297
1437,100,30,30,30,24.86385764341732,0.5583911375683827,-0.5503189612982297
1438,100,30,30,30,24.99873517214923,0.5586483590068145,-0.5503189612982297
1439,100,30,30,30,24.80477807740295,0.555917072288516,-0.5503189612982297
1440,100,30,30,30,24.87587008480306,0.5572892544806695,-0.5503189612982297
1441,100,30,30,30,25.005915049823955,0.5595843004721063,-0.5503189612982297
1442,100,30,30,30,24.88916153225226,0.5593677652284436,-0.5503189612982297
1443,100,30,30,30,25.005610184442283,0.5584961612451335,-0.5503189612982297
1444,100,30,30,30,25.133298087909324,0.5633452773342364,-0.5503189612982297
1445,100,30,30,30,24.993516294607115,0.5620212134813024,-0.5503189612982297
1446,100,30,30,30,25.128019726197607,0.5660730204654003,-0.5503189612982297
1447,100,30,30,30,25.019462508595485,0.5675556915052511,-0.5503189612982297
1448,100,30,30,30,25.03108176847702,0.5628195764192477,-0.5503189612982297
1449,100,30,30,30,25.00048101039082,0.5650204788155835,-0.5503189612982297
1450,100,30,30,30,24.563938839974007,0.5556305776653351,-0.5503189612982297
1451,100,30,30,30,24.997132802173592,0.5508092571471473,-0.5503189612982297
1452,100,30,30,30,25.029284212784297,0.5544490402564495,-0.5503189612982297
1453,100,30,30,30,25.061344087612916,0.554658942093195,-0.5503189612982297
1454,100,30,30,30,24.923539594627805,0.5540411722553737,-0.5503189612982297
1455,100,30,30,30,24.904127976121373,0.553191213640133,-0.5503189612982297
1456,100,30,30,30,24.867954231529392,0.5439480769429771,-0.5503189612982297
1457,100,30,30,30,25.093511579720683,0.5406171751095774,-0.5503189612982297
1458,100,30,30,30,25.17537673340055,0.5480445996318952,-0.5503189612982297
1459,100,30,30,30,24.954229491062698,0.5400008559844054,-0.5503189612982297
1460,100,30,30,30,24.77600712933203,0.5417921633696576,-0.5503189612982297
1461,100,30,30,30,24.84865391524954,0.5445859613949632,-0.5503189612982297
1462,100,30,30,30,24.746855578974426,0.5447135829274642,-0.5503189612982297
1463,100,30,30,30,24.972019428080365,0.5479613941652666,-0.5503189612982297
1464,100,30,30,30,25.146096853912304,0.5515542380558403,-0.5503189612982297
1465,100,30,30,30,24.961772789750583,0.5500952462362453,-0.5503189612982297
1466,100,30,30,30,24.956259149991542,0.546322272257087,-0.5503189612982297
1467,100,30,30,30,25.014668435563262,0.5504859828762234,-0.5503189612982297
1468,100,30,30,30,25.36905234808264,0.5515521671552155,-0.5503189612982297
1469,100,30,30,30,24.928310841982807,0.5504208086433036,-0.5503189612982297
1470,100,30,30,30,24.853174233279894,0.553249742218377,-0.5503189612982297
1471,100,30,30,30,24.76718880288867,0.5485893708756431,-0.5503189612982297
1472,100,30,30,30,24.968279766074453,0.5505679722261406,-0.5503189612982297
1473,100,30,30,30,25.056927576067096,0.5494250846371262,-0.5503189612982297
1474,100,30,30,30,24.86441675549521,0.54494986599299,-0.5503189612982297
1475,100,30,30,30,25.015360554018862,0.5470739014901291,-0.5503189612982297
1476,100,30,30,30,24.87308603016026,0.5461063144238065,-0.5503189612982297
1477,100,30,30,30,24.986301945208474,0.5505426418917475,-0.5503189612982297
1478,100,30,30,30,24.81369869075953,0.5480514756254732,-0.5503189612982297
1479,100,30,30,30,25.10603385512855,0.5541874951468065,-0.5503189612982297
1480,100,30,30,30,24.698666687554795,0.5608521587520562,-0.5503189612982297
1481,100,30,30,30,24.81934136937635,0.5540811840782423,-0.5503189612982297
1482,100,30,30,30,24.90721979147575,0.5557566249392492,-0.5503189612982297
1483,100,30,30,30,24.65773049497937,0.5524214792432113,-0.5503189612982297
1484,100,30,30,30,25.024909357394087,0.5530503097669701,-0.5503189612982297
1485,100,30,30,30,25.0638823043461,0.5543744012391735,-0.5503189612982297
1486,100,30,30,30,24.86176368290446,0.5525797158075266,-0.5503189612982297
1487,100,30,30,30,25.101491801811093,0.5557661639823677,-0.5503189612982297
1488,100,30,30,30,24.981679423250824,0.5610083406223005,-0.5503189612982297
1489,100,30,30,30,24.990654148909414,0.5593901424021622,-0.5503189612982297
1490,100,30,30,30,24.600145629178492,0.5578452168080247,-0.5503189612982297
1491,100,30,30,30,24.68061054413946,0.554024488464116,-0.5503189612982297
1492,100,30,30,30,24.4771920869781,0.550718191902117,-0.5503189612982297
1493,100,30,30,30,24.721631706040633,0.5512753112776043,-0.5503189612982297
1494,100,30,30,30,24.980018588168477,0.5542266489878092,-0.5503189612982297
1495,100,30,30,30,24.859248024331833,0.5537358953352133,-0.5503189612982297
1496,100,30,30,30,25.108521669933467,0.5579710491607301,-0.5503189612982297
1497,100,30,30,30,24.93442095601808,0.5641131848305067,-0.5503189612982297
1498,100,30,30,30,24.990493913942807,0.5735838248206028,-0.5503189612982297
1499,100,30,30,30,25.0217470484531,0.5758103472932239,-0.5503189612982297
1500,100,30,30,30,25.014103338968084,0.5803839130605751,-0.5503189612982297
1501,100,30,30,30,24.760060887027546,0.5722383510505662,-0.5503189612982297
1502,100,30,30,30,24.875696733634236,0.5673938322939588,-0.5503189612982297
1503,100,30,30,30,24.810890043686527,0.5627785277673225,-0.5503189612982297
1504,100,30,30,30,25.155125862684564,0.5641724451406176,-0.5503189612982297
1505,100,30,30,30,24.874835233789746,0.5611322464495699,-0.5503189612982297
1506,100,30,30,30,24.884656638667934,0.5540530131106128,-0.5503189612982297
1507,100,30,30,30,25.004612703836685,0.5512603399130536,-0.5503189612982297
1508,100,30,30,30,24.822395449890198,0.5467823024870856,-0.5503189612982297
1509,100,30,30,30,24.82888121314762,0.542630897640978,-0.5503189612982297
1510,100,30,30,30,24.621740379646006,0.5410045862785313,-0.5503189612982297
1511,100,30,30,30,24.95742991590695,0.548600955886532,-0.5503189612982297
1512,100,30,30,30,24.88135027400342,0.555471867622873,-0.5503189612982297
1513,100,30,30,30,25.03707560093048,0.5578943520951101,-0.5503189612982297
1514,100,30,30,30,24.984699447819203,0.5627872982948153,-0.5503189612982297
1515,100,30,30,30,24.862030528418238,0.5625031830186052,-0.5503189612982297
1516,100,30,30,30,24.929262160795716,0.5651379357839008,-0.5503189612982297
1517,100,30,30,30,24.974532060029834,0.5700081836809106,-0.5503189612982297
1518,100,30,30,30,25.02102386645918,0.5715335373112024,-0.5503189612982297
1519,100,30,30,30,24.993192010223098,0.5728015582784413,-0.5503189612982297
1520,100,30,30,30,25.083098694386223,0.5698102942262135,-0.5503189612982297
1521,100,30,30,30,25.189281280745554,0.5717232252951822,-0.5503189612982297
1522,100,30,30,30,24.61985420548448,0.5578762909305609,-0.5503189612982297
1523,100,30,30,30,24.787676318668982,0.5552375459675412,-0.5503189612982297
1524,100,30,30,30,24.99979642184642,0.561198470831553,-0.5503189612982297
1525,100,30,30,30,25.120942193968922,0.5636578874148379,-0.5503189612982297
1526,100,30,30,30,24.552392454972875,0.5646789156233034,-0.5503189612982297
1527,100,30,30,30,25.01045932321455,0.5633224549860404,-0.5503189612982297
1528,100,30,30,30,24.597337004657295,0.553701252362857,-0.5503189612982297
1529,100,30,30,30,24.876566342660865,0.5469716755911306,-0.5503189612982297
1530,100,30,30,30,24.993006009360567,0.5464861509772753,-0.5503189612982297
1531,100,30,30,30,24.949194311388702,0.5430505293798699,-0.5503189612982297
1532,100,30,30,30,24.646841096354564,0.532684627218892,-0.5503189612982297
1533,100,30,30,30,25.050717892745176,0.5349595555683287,-0.5503189612982297
1534,100,30,30,30,24.39136646153911,0.5274680701274798,-0.5503189612982297
1535,100,30,30,30,25.064330246594448,0.5315583182794853,-0.5503189612982297
1536,100,30,30,30,25.067545508413204,0.5306809486580032,-0.5503189612982297
1537,100,30,30,30,25.05160451335939,0.5273544447744691,-0.5503189612982297
1538,100,30,30,30,24.901697959399513,0.5295895103287377,-0.5503189612982297
1539,100,30,30,30,24.93648182932546,0.5295201780822121,-0.5503189612982297
1540,100,30,30,30,24.721560338699636,0.5220494365330328,-0.5503189612982297
1541,100,30,30,30,24.84367889670412,0.5205403373369328,-0.5503189612982297
1542,100,30,30,30,24.789956973885566,0.5175637663594099,-0.5503189612982297
1543,100,30,30,30,24.9796790749612,0.5230180689710953,-0.5503189612982297
1544,100,30,30,30,25.075072554303986,0.5153385629759809,-0.5503189612982297
1545,100,30,30,30,24.851953306207456,0.5096848287646706,-0.5503189612982297
1546,100,30,30,30,24.974109896033237,0.5120908207741458,-0.5503189612982297
1547,100,30,30,30,24.959651864373047,0.5104421997493197,-0.5503189612982297
1548,100,30,30,30,24.704713061696214,0.5065539147844278,-0.5503189612982297
1549,100,30,30,30,24.857388032925286,0.5004453513116157,-0.5503189612982297
1550,100,30,30,30,24.79987797814601,0.4999825531663584,-0.5503189612982297
1551,100,30,30,30,25.058585693741335,0.505992140247999,-0.5503189612982297
1552,100,30,30,30,24.7823374109189,0.49645553089030575,-0.5503189612982297
1553,100,30,30,30,24.986249492171254,0.4924550438488794,-0.5503189612982297
1554,100,30,30,30,24.746929524427777,0.49022694551730905,-0.5503189612982297
1555,100,30,30,30,24.200079586188647,0.4801139142260697,-0.5503189612982297
1556,100,30,30,30,24.93486245901898,0.482209068197294,-0.5503189612982297
1557,100,30,30,30,24.93540099998545,0.4864124924151462,-0.5503189612982297
1558,100,30,30,30,25.003828613632294,0.4918163341578496,-0.5503189612982297
1559,100,30,30,30,25.108827869278777,0.49055972604167614,-0.5503189612982297
1560,100,30,30,30,25.003294574232747,0.488401814821463,-0.5503189612982297
1561,100,30,30,30,24.84008785994206,0.48503144181423924,-0.5503189612982297
1562,100,30,30,30,24.866272581985932,0.4868042849913892,-0.5503189612982297
1563,100,30,30,30,25.00410639179222,0.49101323088677984,-0.5503189612982297
1564,100,30,30,30,25.435541454455866,0.4905778425611323,-0.5503189612982297
1565,100,30,30,30,24.957298701560568,0.49257717993649675,-0.5503189612982297
1566,100,30,30,30,24.2133128869256,0.48559011499332133,-0.5503189612982297
1567,100,30,30,30,25.065382244609452,0.49796440520960844,-0.5503189612982297
1568,100,30,30,30,24.731074139020684,0.5067309019480964,-0.5503189612982297
1569,100,30,30,30,24.920040810421575,0.4979195932366432,-0.5503189612982297
1570,100,30,30,30,24.999910381962415,0.5047020289625804,-0.5503189612982297
1571,100,30,30,30,24.944964254269454,0.5008826555253119,-0.5503189612982297
1572,100,30,30,30,24.955312628458003,0.4982509747426957,-0.5503189612982297
1573,100,30,30,30,24.818111883562448,0.5004089794853773,-0.5503189612982297
1574,100,30,30,30,24.748132097812597,0.5007888309094164,-0.5503189612982297
1575,100,30,30,30,24.73794703347904,0.4994390283685283,-0.5503189612982297
1576,100,30,30,30,25.072439117187074,0.5098970102336349,-0.5503189612982297
1577,100,30,30,30,24.917293576067532,0.5115143031897884,-0.5503189612982297
1578,100,30,30,30,24.876432895972197,0.5155925676977722,-0.5503189612982297
1579,100,30,30,30,24.992771028967663,0.5193221396460521,-0.5503189612982297
1580,100,30,30,30,24.777040082447183,0.5168987255680604,-0.5503189612982297
1581,100,30,30,30,24.960192145597155,0.5166571462231496,-0.5503189612982297
1582,100,30,30,30,24.969730329731775,0.5141338910248897,-0.5503189612982297
1583,100,30,30,30,25.029610438097695,0.5198851023365169,-0.5503189612982297
1584,100,30,30,30,24.891835197250707,0.5246810376181129,-0.5503189612982297
1585,100,30,30,30,25.051134121799578,0.5244598766631245,-0.5503189612982297
1586,100,30,30,30,24.946555987575003,0.5232951883588814,-0.5503189612982297
1587,100,30,30,30,24.961604837543867,0.5209558594372706,-0.5503189612982297
1588,100,30,30,30,24.948127165310048,0.5276689317267641,-0.5503189612982297
1589,100,30,30,30,24.99699849796074,0.5346905339382717,-0.5503189612982297
1590,100,30,30,30,25.02938223667357,0.5347407826211883,-0.5503189612982297
1591,100,30,30,30,24.987249599289626,0.5358237463768044,-0.5503189612982297
1592,100,30,30,30,24.991950228693074,0.5384293924617192,-0.5503189612982297
1593,100,30,30,30,24.982162820388425,0.5408181415850563,-0.5503189612982297
1594,100,30,30,30,24.946522082258547,0.5484034455068997,-0.5503189612982297
1595,100,30,30,30,25.11410418218397,0.5468018215518544,-0.5503189612982297
1596,100,30,30,30,24.919378582448203,0.5438667659133359,-0.5503189612982297
1597,100,30,30,30,24.94570509005443,0.5467196041338207,-0.5503189612982297
1598,100,30,30,30,24.940823401993114,0.5488703141702752,-0.5503189612982297
1599,100,30,30,30,24.983900686024,0.5495339976520356,-0.5503189612982297
1600,100,30,30,30,24.783782003474915,0.5442237579057907,-0.5503189612982297
1601,100,30,30,30,24.391294169519984,0.5428696796809177,-0.5503189612982297
1602,100,30,30,30,24.881566767070005,0.5406278481870045,-0.5503189612982297
1603,100,30,30,30,25.053819572982356,0.5384701512231286,-0.5503189612982297
1604,100,30,30,30,24.846370323914044,0.5423651319744591,-0.5503189612982297
1605,100,30,30,30,24.75520907669185,0.5408944761368721,-0.5503189612982297
1606,100,30,30,30,25.217816467767804,0.5428510118057086,-0.5503189612982297
1607,100,30,30,30,24.70549696893378,0.5348154668829664,-0.5503189612982297
1608,100,30,30,30,24.900081612127828,0.5405344042365569,-0.5503189612982297
1609,100,30,30,30,25.04197906390906,0.545505077119658,-0.5503189612982297
1610,100,30,30,30,24.897923849224416,0.5490598819510879,-0.5503189612982297
1611,100,30,30,30,24.698921887429158,0.5476708562070739,-0.5503189612982297
1612,100,30,30,30,24.962093632450465,0.5482858568334259,-0.5503189612982297
1613,100,30,30,30,25.083696657287014,0.5536473140114465,-0.5503189612982297
1614,100,30,30,30,24.87147609644969,0.5537961999715102,-0.5503189612982297
1615,100,30,30,30,25.104924261509115,0.5510700059574737,-0.5503189612982297
1616,100,30,30,30,24.957195244752597,0.5521631731841069,-0.5503189612982297
1617,100,30,30,30,24.90155466778227,0.5553024423856339,-0.5503189612982297
1618,100,30,30,30,24.945479518248387,0.5551411740587633,-0.5503189612982297
1619,100,30,30,30,24.70642587113965,0.5476026834374071,-0.5503189612982297
1620,100,30,30,30,24.931559586688316,0.5483052250272412,-0.5503189612982297
1621,100,30,30,30,25.15376282824449,0.5468323016083124,-0.5503189612982297
1622,100,30,30,30,24.536246144806718,0.5431089439876782,-0.5503189612982297
1623,100,30,30,30,24.687579827319304,0.5516913797525375,-0.5503189612982297
1624,100,30,30,30,25.04626997430259,0.5525232124986943,-0.5503189612982297
1625,100,30,30,30,24.94479340702923,0.5610567191653416,-0.5503189612982297
1626,100,30,30,30,24.947789017033415,0.5700995304584568,-0.5503189612982297
1627,100,30,30,30,25.023316180547035,0.564987861299598,-0.5503189612982297
1628,100,30,30,30,24.879566514699192,0.5638203743686214,-0.5503189612982297
1629,100,30,30,30,24.913177125055576,0.5624137937430943,-0.5503189612982297
1630,100,30,30,30,24.8734253522035,0.566241256551345,-0.5503189612982297
1631,100,30,30,30,24.976177904588052,0.5649349643024418,-0.5503189612982297
1632,100,30,30,30,24.996210552092727,0.5664621143732392,-0.5503189612982297
1633,100,30,30,30,25.089395176822876,0.5685603341230099,-0.5503189612982297
1634,100,30,30,30,24.778911273122908,0.5666629943614463,-0.5503189612982297
1635,100,30,30,30,25.096381534288543,0.5681647857530022,-0.5503189612982297
1636,100,30,30,30,24.931039542733444,0.5709141668482491,-0.5503189612982297
1637,100,30,30,30,24.97448755480748,0.5702572508276209,-0.5503189612982297
1638,100,30,30,30,24.992821703001702,0.5704412585840806,-0.5503189612982297
1639,100,30,30,30,24.820805809260904,0.5694723764861578,-0.5503189612982297
1640,100,30,30,30,25.003448041153394,0.5683284848360168,-0.5503189612982297
1641,100,30,30,30,25.256338896992496,0.5687322921213311,-0.5503189612982297
1642,100,30,30,30,24.89418394464554,0.5701329339629667,-0.5503189612982297
1643,100,30,30,30,24.361861602356218,0.5665899780157836,-0.5503189612982297
1644,100,30,30,30,24.961323372390325,0.5680712300363496,-0.5503189612982297
1645,100,30,30,30,25.023597963387232,0.5691489884361156,-0.5503189612982297
1646,100,30,30,30,24.908377023045595,0.5669452555385707,-0.5503189612982297
1647,100,30,30,30,24.977902622037636,0.5680453923081706,-0.5503189612982297
1648,100,30,30,30,24.676490604304853,0.5637186587816065,-0.5503189612982297
1649,100,30,30,30,24.933909375341074,0.5566672678624555,-0.5503189612982297
1650,100,30,30,30,25.054131279000522,0.5533208212204165,-0.5503189612982297
1651,100,30,30,30,24.97080919511254,0.550699996257639,-0.5503189612982297
1652,100,30,30,30,25.105224008186518,0.5454007351670505,-0.5503189612982297
1653,100,30,30,30,25.019036462726014,0.5507963666536855,-0.5503189612982297
1654,100,30,30,30,24.859118421691583,0.5487162018505685,-0.5503189612982297
1655,100,30,30,30,24.708507867175605,0.5495414782775982,-0.5503189612982297
1656,100,30,30,30,25.06035908335172,0.5499142281138786,-0.5503189612982297
1657,100,30,30,30,25.09764113101636,0.5536680839095093,-0.5503189612982297
1658,100,30,30,30,25.00187482136596,0.5566096992864805,-0.5503189612982297
1659,100,30,30,30,24.93910119536066,0.5602799623240291,-0.5503189612982297
1660,100,30,30,30,25.031790924868197,0.5588952352394951,-0.5503189612982297
1661,100,30,30,30,24.7679773939523,0.5609817626988914,-0.5503189612982297
1662,100,30,30,30,24.83293745565357,0.558423539540619,-0.5503189612982297
1663,100,30,30,30,24.989378351381326,0.5597970738080197,-0.5503189612982297
1664,100,30,30,30,25.027411909970954,0.5606457937993614,-0.5503189612982297
1665,100,30,30,30,24.976891864351238,0.5633814588995503,-0.5503189612982297
1666,100,30,30,30,24.994240352747084,0.564859157543904,-0.5503189612982297
1667,100,30,30,30,24.882401066945967,0.5652996874969392,-0.5503189612982297
1668,100,30,30,30,24.989278232019302,0.5613515974679761,-0.5503189612982297
1669,100,30,30,30,24.94238149571531,0.5623370215292505,-0.5503189612982297
1670,100,30,30,30,24.693589595963093,0.5535274404966893,-0.5503189612982297
1671,100,30,30,30,24.98812743395254,0.560158955648398,-0.5503189612982297
1672,100,30,30,30,25.06123822715052,0.5610341856450609,-0.5503189612982297
1673,100,30,30,30,25.053734413340194,0.5593843606410099,-0.5503189612982297
1674,100,30,30,30,24.862644393416993,0.5590763581905318,-0.5503189612982297
1675,100,30,30,30,24.670986902192524,0.5568943256131421,-0.5503189612982297
1676,100,30,30,30,25.04439811473491,0.5634818608979104,-0.5503189612982297
1677,100,30,30,30,25.021916985382397,0.5644682412779926,-0.5503189612982297
1678,100,30,30,30,24.99865684483505,0.5691987953750307,-0.5503189612982297
1679,100,30,30,30,24.663694336073277,0.5652828084606465,-0.5503189612982297
1680,100,30,30,30,24.801744443494762,0.5641091068718804,-0.5503189612982297
1681,100,30,30,30,24.929404085841192,0.5604086036849287,-0.5503189612982297
1682,100,30,30,30,25.008610607559604,0.5631529396335662,-0.5503189612982297
1683,100,30,30,30,24.997258504482293,0.5621397054526807,-0.5503189612982297
1684,100,30,30,30,24.868301191686342,0.5626642568516321,-0.5503189612982297
1685,100,30,30,30,25.07681089487859,0.5641493697040935,-0.5503189612982297
1686,100,30,30,30,24.901826023193852,0.5601736755008799,-0.5503189612982297
1687,100,30,30,30,24.894486766612033,0.5541041659745897,-0.5503189612982297
1688,100,30,30,30,24.74814311995548,0.5504277476945727,-0.5503189612982297
1689,100,30,30,30,25.086283226654835,0.553468995984633,-0.5503189612982297
1690,100,30,30,30,25.10210171636823,0.5500882437568718,-0.5503189612982297
1691,100,30,30,30,24.893402415649327,0.5551688099202979,-0.5503189612982297
1692,100,30,30,30,25.090076178892893,0.5524545598188563,-0.5503189612982297
1693,100,30,30,30,24.924364171881706,0.5510854189169484,-0.5503189612982297
1694,100,30,30,30,25.27281914126723,0.5481487428127395,-0.5503189612982297
1695,100,30,30,30,25.008889777878153,0.5524558664685453,-0.5503189612982297
1696,100,30,30,30,24.880558077094214,0.5510389541655398,-0.5503189612982297
1697,100,30,30,30,24.97573995018307,0.5538643409702306,-0.5503189612982297
1698,100,30,30,30,24.695588804952976,0.5514954371859373,-0.5503189612982297
1699,100,30,30,30,24.89396982309301,0.5509873222473184,-0.5503189612982297
1700,100,30,30,30,24.96009325177476,0.5511074865605793,-0.5503189612982297
1701,100,30,30,30,25.123982119224127,0.5557217416139508,-0.5503189612982297
1702,100,30,30,30,24.944396625080053,0.5573294104126241,-0.5503189612982297
1703,100,30,30,30,25.008278023334306,0.5566237468217261,-0.5503189612982297
1704,100,30,30,30,24.88254918707313,0.5545290875623905,-0.5503189612982297
1705,100,30,30,30,25.21110162267138,0.5586338084423152,-0.5503189612982297
1706,100,30,30,30,24.847608127782177,0.5457891658716739,-0.5503189612982297
1707,100,30,30,30,24.888232571656978,0.5488927077043035,-0.5503189612982297
1708,100,30,30,30,24.8870163796146,0.5551339032473875,-0.5503189612982297
1709,100,30,30,30,24.829760488287953,0.5554267665185314,-0.5503189612982297
1710,100,30,30,30,24.80439834051884,0.5478208950835983,-0.5503189612982297
1711,100,30,30,30,24.906335422842158,0.549323390134259,-0.5503189612982297
1712,100,30,30,30,24.946347652100346,0.5549238232637513,-0.5503189612982297
1713,100,30,30,30,24.976736959355833,0.5600995354351718,-0.5503189612982297
1714,100,30,30,30,24.84428691292369,0.554945169896383,-0.5503189612982297
1715,100,30,30,30,24.971644559670427,0.5585984326313297,-0.5503189612982297
1716,100,30,30,30,25.004379485110952,0.5566268158866801,-0.5503189612982297
1717,100,30,30,30,24.970487823982662,0.5603993874326728,-0.5503189612982297
1718,100,30,30,30,25.05253312523737,0.5558960467358709,-0.5503189612982297
1719,100,30,30,30,24.727688620325132,0.5562591344715231,-0.5503189612982297
1720,100,30,30,30,24.93060591331494,0.5557647114716172,-0.5503189612982297
1721,100,30,30,30,25.02696492888949,0.5629120544968361,-0.5503189612982297
1722,100,30,30,30,24.885199625974302,0.5633901149246523,-0.5503189612982297
1723,100,30,30,30,24.847252039484836,0.563270756577795,-0.5503189612982297
1724,100,30,30,30,24.804220595492374,0.5613442530988354,-0.5503189612982297
1725,100,30,30,30,24.824277211994463,0.5633255607991465,-0.5503189612982297
1726,100,30,30,30,24.950592698570745,0.5595998737683838,-0.5503189612982297
1727,100,30,30,30,24.990583151182918,0.5549727539218712,-0.5503189612982297
1728,100,30,30,30,24.883566557507883,0.5515362603738788,-0.5503189612982297
1729,100,30,30,30,24.855893872843293,0.5498610452233059,-0.5503189612982297
1730,100,30,30,30,24.854814754676234,0.5441836663724609,-0.5503189612982297
1731,100,30,30,30,24.789570128618685,0.5388052482776293,-0.5503189612982297
1732,100,30,30,30,24.938315620848485,0.5344771061109498,-0.5503189612982297
1733,100,30,30,30,24.892922307840752,0.5351699965433482,-0.5503189612982297
1734,100,30,30,30,24.977078993766575,0.5379077434623442,-0.5503189612982297
1735,100,30,30,30,24.71613982016041,0.5325326781136241,-0.5503189612982297
1736,100,30,30,30,25.115119879040464,0.5319769381670643,-0.5503189612982297
1737,100,30,30,30,24.737760638838125,0.5285184744653306,-0.5503189612982297
1738,100,30,30,30,24.811164882154202,0.5292427828770526,-0.5503189612982297
1739,100,30,30,30,24.946345298271776,0.5324930867210081,-0.5503189612982297
1740,100,30,30,30,24.67802224230799,0.5292483674893084,-0.5503189612982297
1741,100,30,30,30,24.99457199176946,0.5338747835805931,-0.5503189612982297
1742,100,30,30,30,24.86934515803712,0.5315525603675411,-0.5503189612982297
1743,100,30,30,30,25.077932629792663,0.5373589351508253,-0.5503189612982297
1744,100,30,30,30,24.994598280774795,0.5395441531803844,-0.5503189612982297
1745,100,30,30,30,24.846573551118855,0.5371551518903317,-0.5503189612982297
1746,100,30,30,30,24.984468285329925,0.5410820750583974,-0.5503189612982297
1747,100,30,30,30,24.95416310270062,0.5477508769165841,-0.5503189612982297
1748,100,30,30,30,24.810860872689325,0.5442204861492768,-0.5503189612982297
1749,100,30,30,30,25.220173192743715,0.5460525093543541,-0.5503189612982297
1750,100,30,30,30,24.885145570441498,0.5415768084879512,-0.5503189612982297
1751,100,30,30,30,25.0125691766875,0.5365366889090492,-0.5503189612982297
1752,100,30,30,30,25.040083802580455,0.5365367634068744,-0.5503189612982297
1753,100,30,30,30,25.04311185608873,0.5402886016442874,-0.5503189612982297
1754,100,30,30,30,24.70636855307938,0.5363406230581931,-0.5503189612982297
1755,100,30,30,30,24.745445186596747,0.5382437437737387,-0.5503189612982297
1756,100,30,30,30,24.89609947405976,0.5454655572745543,-0.5503189612982297
1757,100,30,30,30,24.94360851660693,0.5389915994970303,-0.5503189612982297
1758,100,30,30,30,24.758397837704173,0.5270693887976584,-0.5503189612982297
1759,100,30,30,30,24.94136202559828,0.5298195866184727,-0.5503189612982297
1760,100,30,30,30,24.870738975829543,0.533724713419343,-0.5503189612982297
1761,100,30,30,30,24.999207214587223,0.535417080686357,-0.5503189612982297
1762,100,30,30,30,24.91292737991578,0.5310195908279953,-0.5503189612982297
1763,100,30,30,30,24.692850842799118,0.5322890518346435,-0.5503189612982297
1764,100,30,30,30,25.014714367870816,0.5341211710677908,-0.5503189612982297
1765,100,30,30,30,24.718955457723386,0.5368473979503737,-0.5503189612982297
1766,100,30,30,30,24.711426576069236,0.5278664222505464,-0.5503189612982297
1767,100,30,30,30,24.97293385680849,0.5369290905564168,-0.5503189612982297
1768,100,30,30,30,24.919874214338737,0.5383830098031599,-0.5503189612982297
1769,100,30,30,30,24.77697910494966,0.5386345437772632,-0.5503189612982297
1770,100,30,30,30,25.018886932051114,0.5406280215848788,-0.5503189612982297
1771,100,30,30,30,25.032312117821526,0.5394595363371207,-0.5503189612982297
1772,100,30,30,30,25.002040729692265,0.5401295034021883,-0.5503189612982297
1773,100,30,30,30,25.113407654574555,0.5414411775489695,-0.5503189612982297
1774,100,30,30,30,24.949193354934028,0.5405130529425403,-0.5503189612982297
1775,100,30,30,30,24.809248711586065,0.5370070430945859,-0.5503189612982297
1776,100,30,30,30,24.947289462827825,0.5258948754585692,-0.5503189612982297
1777,100,30,30,30,24.864587226226757,0.5227459653271046,-0.5503189612982297
1778,100,30,30,30,24.38311709496335,0.520569786524261,-0.5503189612982297
1779,100,30,30,30,25.003928533526178,0.527211472209482,-0.5503189612982297
1780,100,30,30,30,24.839180823273896,0.531112935230145,-0.5503189612982297
1781,100,30,30,30,25.030229640621982,0.5309388711082174,-0.5503189612982297
1782,100,30,30,30,24.865439043506896,0.5332728082175936,-0.5503189612982297
1783,100,30,30,30,24.934130830582838,0.5265283956444033,-0.5503189612982297
1784,100,30,30,30,25.025910038808114,0.5280720981309157,-0.5503189612982297
1785,100,30,30,30,24.80081284183216,0.5327067706682349,-0.5503189612982297
1786,100,30,30,30,24.368274697403557,0.5198606251166664,-0.5503189612982297
1787,100,30,30,30,25.00969167344843,0.5222709360674804,-0.5503189612982297
1788,100,30,30,30,24.96850197567,0.519345839199648,-0.5503189612982297
1789,100,30,30,30,24.993385449260906,0.5143110053051702,-0.5503189612982297
1790,100,30,30,30,25.03322006821403,0.5101834496913898,-0.5503189612982297
1791,100,30,30,30,24.980815688110724,0.5085831551113659,-0.5503189612982297
1792,100,30,30,30,24.91536651926978,0.5082866317031595,-0.5503189612982297
1793,100,30,30,30,25.06496444580531,0.5087997043887634,-0.5503189612982297
1794,100,30,30,30,25.000211955397713,0.5112741937661646,-0.5503189612982297
1795,100,30,30,30,24.60109494662114,0.5021386493254311,-0.5503189612982297
1796,100,30,30,30,24.798627013206023,0.5044903973045878,-0.5503189612982297
1797,100,30,30,30,24.969267892324993,0.508705163482364,-0.5503189612982297
1798,100,30,30,30,24.625706352520588,0.5013423094287635,-0.5503189612982297
1799,100,30,30,30,24.996683291806228,0.5030921060961393,-0.5503189612982297
1800,100,30,30,30,24.874991846629914,0.5050049431757743,-0.5503189612982297
1801,100,30,30,30,24.968357454798227,0.5105267963407747,-0.5503189612982297
1802,100,30,30,30,24.891537799757486,0.5173335164411725,-0.5503189612982297
1803,100,30,30,30,24.997861557034685,0.5156860466710624,-0.5503189612982297
1804,100,30,30,30,24.824605224521697,0.5106514996667327,-0.5503189612982297
1805,100,30,30,30,25.21021670310759,0.5195566726843751,-0.5503189612982297
1806,100,30,30,30,25.083503844346694,0.5204183592900928,-0.5503189612982297
1807,100,30,30,30,24.801320491725484,0.5206793099844287,-0.5503189612982297
1808,100,30,30,30,24.845824422596145,0.5218790744239056,-0.5503189612982297
1809,100,30,30,30,24.908403397674363,0.5296990739482837,-0.5503189612982297
1810,100,30,30,30,25.09245080785025,0.5243058896529735,-0.5503189612982297
1811,100,30,30,30,24.869191770897928,0.5205334361370211,-0.5503189612982297
1812,100,30,30,30,24.71656796086065,0.5140197197001378,-0.5503189612982297
1813,100,30,30,30,24.975751812377712,0.5142498996249723,-0.5503189612982297
1814,100,30,30,30,24.81164667650955,0.5110754030346758,-0.5503189612982297
1815,100,30,30,30,25.0610735545715,0.5095055320627778,-0.5503189612982297
1816,100,30,30,30,25.11518971985938,0.5133683659997748,-0.5503189612982297
1817,100,30,30,30,24.991210580538635,0.5152464456567091,-0.5503189612982297
1818,100,30,30,30,24.844802636458965,0.5171183140516963,-0.5503189612982297
1819,100,30,30,30,24.9535979319042,0.5227556739589291,-0.5503189612982297
1820,100,30,30,30,24.95887495378442,0.5293462853343514,-0.5503189612982297
1821,100,30,30,30,25.007714831602556,0.5307272846788439,-0.5503189612982297
1822,100,30,30,30,24.877598911596884,0.5336240519279403,-0.5503189612982297
1823,100,30,30,30,24.72484139988309,0.5313923978893542,-0.5503189612982297
1824,100,30,30,30,24.9948737285534,0.5269580780811787,-0.5503189612982297
1825,100,30,30,30,24.948729649370954,0.5301227736481177,-0.5503189612982297
1826,100,30,30,30,25.121611116862255,0.5318447838435324,-0.5503189612982297
1827,100,30,30,30,24.864203599001527,0.5300518098071662,-0.5503189612982297
1828,100,30,30,30,25.12812563026983,0.5322540300139471,-0.5503189612982297
1829,100,30,30,30,24.866236136563337,0.5311748224498489,-0.5503189612982297
1830,100,30,30,30,25.06686279637121,0.5315320414359904,-0.5503189612982297
1831,100,30,30,30,24.865997153839324,0.5362371129639982,-0.5503189612982297
1832,100,30,30,30,24.71598006981938,0.5294907427626452,-0.5503189612982297
1833,100,30,30,30,24.637978568393734,0.5210179221605528,-0.5503189612982297
1834,100,30,30,30,25.32279525166161,0.5211904965654455,-0.5503189612982297
1835,100,30,30,30,25.063625348009374,0.5225602479905671,-0.5503189612982297
1836,100,30,30,30,24.854964992755285,0.5268801647049819,-0.5503189612982297
1837,100,30,30,30,25.033760026106414,0.5303465449870645,-0.5503189612982297
1838,100,30,30,30,24.807811352709333,0.5347490189547773,-0.5503189612982297
1839,100,30,30,30,25.032264605329075,0.535066130120591,-0.5503189612982297
1840,100,30,30,30,25.053828761125008,0.5356636131920076,-0.5503189612982297
1841,100,30,30,30,25.025358902216052,0.5354983743532037,-0.5503189612982297
1842,100,30,30,30,25.086379825876342,0.5397813827500032,-0.5503189612982297
1843,100,30,30,30,25.027682628112032,0.5418667521737497,-0.5503189612982297
1844,100,30,30,30,24.88712673790213,0.540424558807878,-0.5503189612982297
1845,100,30,30,30,24.61162836712895,0.5330808935499252,-0.5503189612982297
1846,100,30,30,30,24.688361923829543,0.528877955672637,-0.5503189612982297
1847,100,30,30,30,24.98488867463075,0.5356554581257272,-0.5503189612982297
1848,100,30,30,30,24.783770884328867,0.5366508523687218,-0.5503189612982297
1849,100,30,30,30,24.983267545100617,0.543005003743355,-0.5503189612982297
1850,100,30,30,30,25.017740473963563,0.5451339984695448,-0.5503189612982297
1851,100,30,30,30,24.93089415754057,0.5422173854423865,-0.5503189612982297
1852,100,30,30,30,25.20438545716786,0.5423150582983013,-0.5503189612982297
1853,100,30,30,30,25.224106305388005,0.5497352153737585,-0.5503189612982297
1854,100,30,30,30,25.028352915352578,0.549201289307968,-0.5503189612982297
1855,100,30,30,30,24.849896797335376,0.5457294782217397,-0.5503189612982297
1856,100,30,30,30,24.918226648616756,0.5349313358292241,-0.5503189612982297
1857,100,30,30,30,24.930138736918998,0.5423779715437657,-0.5503189612982297
1858,100,30,30,30,25.015387393610304,0.5475930676992011,-0.5503189612982297
1859,100,30,30,30,24.99077238599854,0.5480114649730142,-0.5503189612982297
1860,100,30,30,30,24.99893680938024,0.5466016914886936,-0.5503189612982297
1861,100,30,30,30,24.89574881180073,0.5384709416087705,-0.5503189612982297
1862,100,30,30,30,24.852219680592988,0.5389885805597158,-0.5503189612982297
1863,100,30,30,30,25.02150081288734,0.5444089350523182,-0.5503189612982297
1864,100,30,30,30,25.092889623884947,0.5474054886974267,-0.5503189612982297
1865,100,30,30,30,25.00838531513718,0.5456131730512311,-0.5503189612982297
1866,100,30,30,30,24.566681442036263,0.5386715401224604,-0.5503189612982297
1867,100,30,30,30,24.941851285001313,0.5361990925483406,-0.5503189612982297
1868,100,30,30,30,24.862783200767957,0.5357878012747616,-0.5503189612982297
1869,100,30,30,30,24.914195431414093,0.5341120065677804,-0.5503189612982297
1870,100,30,30,30,24.673162170224593,0.5349787668639479,-0.5503189612982297
1871,100,30,30,30,24.41836196337548,0.5364940326991104,-0.5503189612982297
1872,100,30,30,30,24.959320617503053,0.5417991933729936,-0.5503189612982297
1873,100,30,30,30,25.107492457849077,0.5509619408094791,-0.5503189612982297
1874,100,30,30,30,25.003829225826365,0.5530243162717348,-0.5503189612982297
1875,100,30,30,30,24.997789629397744,0.5570225258624308,-0.5503189612982297
1876,100,30,30,30,24.85416840424793,0.5595917842305209,-0.5503189612982297
1877,100,30,30,30,24.896683754912125,0.5624944331674337,-0.5503189612982297
1878,100,30,30,30,24.81436360165106,0.5558558264295882,-0.5503189612982297
1879,100,30,30,30,24.992673214953907,0.5544761876938362,-0.5503189612982297
1880,100,30,30,30,24.96252063984329,0.5500189244073966,-0.5503189612982297
1881,100,30,30,30,24.887475658277985,0.5505336600692351,-0.5503189612982297
1882,100,30,30,30,25.018063681706245,0.549040324174567,-0.5503189612982297
1883,100,30,30,30,24.75723602876335,0.5390144490679666,-0.5503189612982297
1884,100,30,30,30,24.91219589730019,0.5365621304380815,-0.5503189612982297
1885,100,30,30,30,25.066191380701547,0.538011071175203,-0.5503189612982297
1886,100,30,30,30,24.999820229473283,0.5414180730588378,-0.5503189612982297
1887,100,30,30,30,24.82074807939842,0.540593241237165,-0.5503189612982297
1888,100,30,30,30,25.037427301102312,0.5424957983900967,-0.5503189612982297
1889,100,30,30,30,24.966754749544858,0.5386588406857711,-0.5503189612982297
1890,100,30,30,30,24.792190895491316,0.5340412594427989,-0.5503189612982297
1891,100,30,30,30,25.095709878409394,0.541049648572734,-0.5503189612982297
1892,100,30,30,30,24.986736324662253,0.5303417299433921,-0.5503189612982297
1893,100,30,30,30,24.62307408942005,0.5265700949500797,-0.5503189612982297
1894,100,30,30,30,24.807920721219148,0.5233699359030763,-0.5503189612982297
1895,100,30,30,30,24.948628079596645,0.522661112643401,-0.5503189612982297
1896,100,30,30,30,25.014470314012584,0.5336264717313401,-0.5503189612982297
1897,100,30,30,30,24.933836918064195,0.5351252041651107,-0.5503189612982297
1898,100,30,30,30,24.895080498201317,0.540598550713283,-0.5503189612982297
1899,100,30,30,30,24.82615938251053,0.5451728510763,-0.5503189612982297
1900,100,30,30,30,24.977399871160713,0.5456815355704541,-0.5503189612982297
1901,100,30,30,30,24.716859446416425,0.5460926792958664,-0.5503189612982297
1902,100,30,30,30,24.97631846918743,0.5455955087639884,-0.5503189612982297
1903,100,30,30,30,24.988383474112283,0.5425527522928845,-0.5503189612982297
1904,100,30,30,30,25.03868639831701,0.5439962042984285,-0.5503189612982297
1905,100,30,30,30,24.696494475303794,0.5376306165624015,-0.5503189612982297
1906,100,30,30,30,25.161976078268488,0.5433536930182965,-0.5503189612982297
1907,100,30,30,30,24.902460184495357,0.5392189828989917,-0.5503189612982297
1908,100,30,30,30,25.04798748853615,0.5377429362023566,-0.5503189612982297
1909,100,30,30,30,24.754100795875164,0.5423087498873319,-0.5503189612982297
1910,100,30,30,30,25.004468558008774,0.5441766449389215,-0.5503189612982297
1911,100,30,30,30,24.813852287466666,0.545478509093617,-0.5503189612982297
1912,100,30,30,30,24.946994087768942,0.5470670267725946,-0.5503189612982297
1913,100,30,30,30,24.575982496309656,0.5462134444298665,-0.5503189612982297
1914,100,30,30,30,24.97373355134089,0.5500204894686865,-0.5503189612982297
1915,100,30,30,30,24.778716617755276,0.5414270706028098,-0.5503189612982297
1916,100,30,30,30,24.978704710410998,0.5407433653175671,-0.5503189612982297
1917,100,30,30,30,24.993341109079346,0.5432200912899738,-0.5503189612982297
1918,100,30,30,30,25.10065210925525,0.5470208796018555,-0.5503189612982297
1919,100,30,30,30,24.884658746469114,0.5497257010018672,-0.5503189612982297
1920,100,30,30,30,25.026001943408232,0.5501512026722019,-0.5503189612982297
1921,100,30,30,30,24.761132293717214,0.545788358378821,-0.5503189612982297
1922,100,30,30,30,24.81323177881457,0.5496130783376653,-0.5503189612982297
1923,100,30,30,30,24.92176763314231,0.5479645661506246,-0.5503189612982297
1924,100,30,30,30,24.988799983051795,0.5516522911660848,-0.5503189612982297
1925,100,30,30,30,25.033289144252684,0.5472974930531067,-0.5503189612982297
1926,100,30,30,30,24.992754867419876,0.5483508733270311,-0.5503189612982297
1927,100,30,30,30,24.930512495866456,0.5442397213876127,-0.5503189612982297
1928,100,30,30,30,24.934222955680283,0.5363663634501826,-0.5503189612982297
1929,100,30,30,30,24.718137656091436,0.5310276149998568,-0.5503189612982297
1930,100,30,30,30,25.03195887461085,0.5286567752389042,-0.5503189612982297
1931,100,30,30,30,25.030944313566685,0.5271740862900514,-0.5503189612982297
1932,100,30,30,30,25.146635305449543,0.5254845363661167,-0.5503189612982297
1933,100,30,30,30,24.9958429192069,0.5233614986544619,-0.5503189612982297
1934,100,30,30,30,25.061425026884265,0.5217963747735733,-0.5503189612982297
1935,100,30,30,30,25.023823107220537,0.515927560048827,-0.5503189612982297
1936,100,30,30,30,24.778534453045275,0.5205005147616393,-0.5503189612982297
1937,100,30,30,30,25.02395070586145,0.5258726746177304,-0.5503189612982297
1938,100,30,30,30,24.652092528276015,0.5258857370271582,-0.5503189612982297
1939,100,30,30,30,25.044096433158664,0.5286908918519604,-0.5503189612982297
1940,100,30,30,30,24.98558964716605,0.5322089677560016,-0.5503189612982297
1941,100,30,30,30,25.02666911440903,0.5374165280551326,-0.5503189612982297
1942,100,30,30,30,24.84652024005554,0.5374624272608153,-0.5503189612982297
1943,100,30,30,30,24.944727360619776,0.530016208014017,-0.5503189612982297
1944,100,30,30,30,24.86712292399041,0.5312677376006343,-0.5503189612982297
1945,100,30,30,30,24.771002628669795,0.5276707358436508,-0.5503189612982297
1946,100,30,30,30,25.09372633988776,0.5350674021311826,-0.5503189612982297
1947,100,30,30,30,24.916427809719316,0.5362640169242189,-0.5503189612982297
1948,100,30,30,30,25.319124284603785,0.541081094582687,-0.5503189612982297
1949,100,30,30,30,25.009439087955528,0.5472239527246587,-0.5503189612982297
1950,100,30,30,30,24.875656669126194,0.542054593433426,-0.5503189612982297
1951,100,30,30,30,24.941135836439567,0.5423163149747894,-0.5503189612982297
1952,100,30,30,30,24.92715057307261,0.5441760892099291,-0.5503189612982297
1953,100,30,30,30,25.060123299779328,0.5459241958764955,-0.5503189612982297
1954,100,30,30,30,24.629376740276534,0.5511844230552895,-0.5503189612982297
1955,100,30,30,30,24.995198890880538,0.5569420953244182,-0.5503189612982297
1956,100,30,30,30,24.93962772525262,0.5553596463820433,-0.5503189612982297
1957,100,30,30,30,24.935722371449433,0.5515009308060671,-0.5503189612982297
1958,100,30,30,30,24.948529253680576,0.5506054099388905,-0.5503189612982297
1959,100,30,30,30,24.895544997795906,0.5517909219433201,-0.5503189612982297
1960,100,30,30,30,25.018736159108663,0.5526336242574327,-0.5503189612982297
1961,100,30,30,30,24.30128268603176,0.5359869397864637,-0.5503189612982297
1962,100,30,30,30,24.970973760922107,0.5346480056971389,-0.5503189612982297
1963,100,30,30,30,24.99595209932734,0.5318468805697776,-0.5503189612982297
1964,100,30,30,30,24.86669525649237,0.5289988826863297,-0.5503189612982297
1965,100,30,30,30,24.9639051201001,0.5292430516114598,-0.5503189612982297
1966,100,30,30,30,24.808601458225898,0.5294867822536435,-0.5503189612982297
1967,100,30,30,30,24.929923091496406,0.5268216311355809,-0.5503189612982297
1968,100,30,30,30,25.002058238178673,0.5325298870663205,-0.5503189612982297
1969,100,30,30,30,24.884883697272542,0.5334027749021836,-0.5503189612982297
1970,100,30,30,30,24.968453107171097,0.5295056078738003,-0.5503189612982297
1971,100,30,30,30,25.188798514117515,0.5267636550613405,-0.5503189612982297
1972,100,30,30,30,24.97187339408157,0.522943732816597,-0.5503189612982297
1973,100,30,30,30,25.055655751804597,0.5278513870796739,-0.5503189612982297
1974,100,30,30,30,24.763595641830044,0.525901838678751,-0.5503189612982297
1975,100,30,30,30,24.79978852830419,0.5188402254474002,-0.5503189612982297
1976,100,30,30,30,24.50790518921443,0.5093639997302493,-0.5503189612982297
1977,100,30,30,30,24.92570882313646,0.5100909324596895,-0.5503189612982297
1978,100,30,30,30,24.442014803613766,0.5038438070619656,-0.5503189612982297
1979,100,30,30,30,24.592767813111042,0.4993230591005608,-0.5503189612982297
1980,100,30,30,30,24.50732080296958,0.49707861006369214,-0.5503189612982297
1981,100,30,30,30,24.909662592641432,0.4918107982164101,-0.5503189612982297
1982,100,30,30,30,25.065326285230775,0.4894490077271511,-0.5503189612982297
1983,100,30,30,30,24.885572066165317,0.4872438848382169,-0.5503189612982297
1984,100,30,30,30,24.843659718749976,0.49019860293466827,-0.5503189612982297
1985,100,30,30,30,25.06379089250368,0.501870870610693,-0.5503189612982297
1986,100,30,30,30,24.833009527387453,0.49989027653454393,-0.5503189612982297
1987,100,30,30,30,25.112791728765217,0.500950108349306,-0.5503189612982297
1988,100,30,30,30,25.058928205474878,0.4996271768717656,-0.5503189612982297
1989,100,30,30,30,24.999702843369683,0.5042167239201537,-0.5503189612982297
1990,100,30,30,30,24.614476709872935,0.5013600839645961,-0.5503189612982297
1991,100,30,30,30,25.074399049561215,0.5055075732282485,-0.5503189612982297
1992,100,30,30,30,25.117213740563137,0.5020212502453655,-0.5503189612982297
1993,100,30,30,30,25.082723969128086,0.506789832242944,-0.5503189612982297
1994,100,30,30,30,25.09028469886652,0.5110855873668907,-0.5503189612982297
1995,100,30,30,30,24.927643681193572,0.5162821272766865,-0.5503189612982297
1996,100,30,30,30,24.99522928000863,0.5219210206943473,-0.5503189612982297
1997,100,30,30,30,24.801460881681493,0.5204644635974451,-0.5503189612982297
1998,100,30,30,30,24.732807685729114,0.5236814038018848,-0.5503189612982297
1999,100,30,30,30,25.02476642862439,0.5314157632447694,-0.5503189612982297
2000,100,30,30,30,23.889150274025,0.5116342039324688,-0.5503189612982297
2001,100,30,30,30,24.763270814480826,0.515456982181648,-0.5503189612982297
2002,100,30,30,30,23.994469525050683,0.5070605149584093,-0.5503189612982297
2003,100,30,30,30,25.04223933303733,0.5065566383764144,-0.5503189612982297
2004,100,30,30,30,24.892508874344887,0.5050391667853903,-0.5503189612982297
2005,100,30,30,30,25.040576329282707,0.5083295382370329,-0.5503189612982297
2006,100,30,30,30,24.89991102579752,0.5049882216054967,-0.5503189612982297
2007,100,30,30,30,24.942144893602684,0.5036206148341376,-0.5503189612982297
2008,100,30,30,30,24.938547134908106,0.5037812214877857,-0.5503189612982297
2009,100,30,30,30,24.964470746419178,0.5053708441859006,-0.5503189612982297
2010,100,30,30,30,24.76629796676749,0.5065684710533795,-0.5503189612982297
2011,100,30,30,30,24.847856523797255,0.5116075717269636,-0.5503189612982297
2012,100,30,30,30,24.884901591992517,0.5130472794826978,-0.5503189612982297
2013,100,30,30,30,24.98145318462268,0.5146230435266439,-0.5503189612982297
2014,100,30,30,30,25.026051443969678,0.5050831149865417,-0.5503189612982297
2015,100,30,30,30,24.86277219554899,0.5042468054134421,-0.5503189612982297
2016,100,30,30,30,24.932005444559312,0.5024873177864743,-0.5503189612982297
2017,100,30,30,30,24.89206166730819,0.5040180854935148,-0.5503189612982297
2018,100,30,30,30,24.80396343162424,0.5090678090781081,-0.5503189612982297
2019,100,30,30,30,25.023332719698622,0.5080282642393487,-0.5503189612982297
2020,100,30,30,30,25.120428509603286,0.5094851469088469,-0.5503189612982297
2021,100,30,30,30,24.939922937569616,0.5078420061116358,-0.5503189612982297
2022,100,30,30,30,24.988430218867293,0.5073662109776241,-0.5503189612982297
2023,100,30,30,30,24.990832797948727,0.5127243194195296,-0.5503189612982297
2024,100,30,30,30,24.952233186947335,0.5135018450386903,-0.5503189612982297
2025,100,30,30,30,24.687226078179314,0.5138628564024484,-0.5503189612982297
2026,100,30,30,30,25.074118976495193,0.5163334036015663,-0.5503189612982297
2027,100,30,30,30,24.627812697849613,0.5105183179083336,-0.5503189612982297
2028,100,30,30,30,24.98791043150617,0.5136863760530673,-0.5503189612982297
2029,100,30,30,30,25.01746950045768,0.5145516025910202,-0.5503189612982297
2030,100,30,30,30,24.95979098926555,0.5138556629904948,-0.5503189612982297
2031,100,30,30,30,24.918254589176108,0.5143880798046776,-0.5503189612982297
2032,100,30,30,30,24.517650597620502,0.5045920887019911,-0.5503189612982297
2033,100,30,30,30,24.925555893606266,0.4964832597710822,-0.5503189612982297
2034,100,30,30,30,24.941347455684237,0.4988565120709263,-0.5503189612982297
2035,100,30,30,30,24.82412898683144,0.49327087704342026,-0.5503189612982297
2036,100,30,30,30,25.090463393275634,0.496226730069265,-0.5503189612982297
2037,100,30,30,30,24.89616500718504,0.4935223107233686,-0.5503189612982297
2038,100,30,30,30,25.142872669400667,0.49162512098048167,-0.5503189612982297
2039,100,30,30,30,24.988127139668848,0.49453240478917027,-0.5503189612982297
2040,100,30,30,30,24.9705913141267,0.49395761929677906,-0.5503189612982297
2041,100,30,30,30,24.84510595374355,0.4998819711150561,-0.5503189612982297
2042,100,30,30,30,24.858000000142216,0.4976147087944602,-0.5503189612982297
2043,100,30,30,30,24.925525356477827,0.501826166528415,-0.5503189612982297
2044,100,30,30,30,24.827631499664946,0.49964919701015276,-0.5503189612982297
2045,100,30,30,30,24.912678606359233,0.4982441674267671,-0.5503189612982297
2046,100,30,30,30,25.104420207639777,0.5009456095544286,-0.5503189612982297
2047,100,30,30,30,24.909824125070486,0.5056350390831758,-0.5503189612982297
2048,100,30,30,30,24.937848325598978,0.5028956849066922,-0.5503189612982297
2049,100,30,30,30,24.861854176100806,0.5039329704642139,-0.5503189612982297
2050,100,30,30,30,24.64724132088375,0.5054042295388304,-0.5503189612982297
2051,100,30,30,30,24.9490404165783,0.5041437666084876,-0.5503189612982297
2052,100,30,30,30,24.949210113641296,0.5024985843777432,-0.5503189612982297
2053,100,30,30,30,24.800546104394744,0.5042254208619434,-0.5503189612982297
2054,100,30,30,30,25.060276713519766,0.5067351190299927,-0.5503189612982297
2055,100,30,30,30,24.999936728186356,0.5077509594283884,-0.5503189612982297
2056,100,30,30,30,24.516594178425677,0.5063069673014592,-0.5503189612982297
2057,100,30,30,30,24.158913004126944,0.4950316234168373,-0.5503189612982297
2058,100,30,30,30,24.966160931353844,0.4928679513780265,-0.5503189612982297
2059,100,30,30,30,24.786563084808968,0.491928895564013,-0.5503189612982297
2060,100,30,30,30,24.91739104209393,0.49379274261080874,-0.5503189612982297
2061,100,30,30,30,25.077234571238087,0.4967667023707868,-0.5503189612982297
2062,100,30,30,30,25.030245294164224,0.501850147132886,-0.5503189612982297
2063,100,30,30,30,24.970973898546912,0.5023950645250563,-0.5503189612982297
2064,100,30,30,30,24.71600325172087,0.4956653539324082,-0.5503189612982297
2065,100,30,30,30,24.904786511697885,0.48637546478814897,-0.5503189612982297
2066,100,30,30,30,25.007393142082393,0.491516443418975,-0.5503189612982297
2067,100,30,30,30,25.037658275957725,0.5006714130398581,-0.5503189612982297
2068,100,30,30,30,24.990717130372946,0.508609502287636,-0.5503189612982297
2069,100,30,30,30,24.901990001394793,0.5122436325391148,-0.5503189612982297
2070,100,30,30,30,24.72276248536607,0.5098062855299134,-0.5503189612982297
2071,100,30,30,30,24.973474428878944,0.5051030333879836,-0.5503189612982297
2072,100,30,30,30,24.83606171510167,0.5048203754221698,-0.5503189612982297
2073,100,30,30,30,24.857677827367883,0.5087790697675567,-0.5503189612982297
2074,100,30,30,30,24.915095428957883,0.5091286053366313,-0.5503189612982297
2075,100,30,30,30,25.1992382335893,0.5118619971161712,-0.5503189612982297
2076,100,30,30,30,24.590381723280572,0.5060381533712225,-0.5503189612982297
2077,100,30,30,30,24.868254015951962,0.5094829526384729,-0.5503189612982297
2078,100,30,30,30,24.593035267159433,0.5076488975564248,-0.5503189612982297
2079,100,30,30,30,24.964725497849138,0.5072381160686756,-0.5503189612982297
2080,100,30,30,30,25.004857479067972,0.5110045037227064,-0.5503189612982297
2081,100,30,30,30,24.940167127372263,0.5120040079945806,-0.5503189612982297
2082,100,30,30,30,24.899011381394747,0.5146334594739834,-0.5503189612982297
2083,100,30,30,30,24.968890435190634,0.519059355335168,-0.5503189612982297
2084,100,30,30,30,24.55674971588863,0.5155020680227194,-0.5503189612982297
2085,100,30,30,30,25.077141358907774,0.5200787814124121,-0.5503189612982297
2086,100,30,30,30,24.371363566658857,0.5168903389989585,-0.5503189612982297
2087,100,30,30,30,25.015044625321075,0.5125809965699842,-0.5503189612982297
2088,100,30,30,30,24.993894578115327,0.510404059758748,-0.5503189612982297
2089,100,30,30,30,24.844352137498802,0.5190388138430522,-0.5503189612982297
2090,100,30,30,30,24.538301793210096,0.508243477922725,-0.5503189612982297
2091,100,30,30,30,24.907829616264845,0.5113404732998797,-0.5503189612982297
2092,100,30,30,30,24.835400190897275,0.5110343347231073,-0.5503189612982297
2093,100,30,30,30,24.834042302478665,0.5084799579096682,-0.5503189612982297
2094,100,30,30,30,24.73904578012897,0.5067952455373567,-0.5503189612982297
2095,100,30,30,30,24.92609299305184,0.5110112073455783,-0.5503189612982297
2096,100,30,30,30,24.974693790895238,0.5088785499695263,-0.5503189612982297
2097,100,30,30,30,25.011980462896794,0.5144491498055851,-0.5503189612982297
2098,100,30,30,30,24.97999681656404,0.5189270684490239,-0.5503189612982297
2099,100,30,30,30,24.502388169018698,0.5175964933558147,-0.5503189612982297
2100,100,30,30,30,24.621643468563562,0.5139748486104049,-0.5503189612982297
2101,100,30,30,30,24.618431667181575,0.5175065168313432,-0.5503189612982297
2102,100,30,30,30,24.521138680967777,0.5073115688304816,-0.5503189612982297
2103,100,30,30,30,24.976667420699194,0.5094839683924848,-0.5503189612982297
2104,100,30,30,30,24.70245694361269,0.5060457870963095,-0.5503189612982297
2105,100,30,30,30,24.841356067512447,0.5043901747482155,-0.5503189612982297
2106,100,30,30,30,24.743743692767694,0.5028143743638395,-0.5503189612982297
2107,100,30,30,30,24.972791467545463,0.4987868699327089,-0.5503189612982297
2108,100,30,30,30,25.15391457622625,0.5021670742061041,-0.5503189612982297
2109,100,30,30,30,24.768382705868156,0.49810340386375074,-0.5503189612982297
2110,100,30,30,30,24.59265822956446,0.49558491428544155,-0.5503189612982297
2111,100,30,30,30,25.07403107426179,0.49754596369756293,-0.5503189612982297
2112,100,30,30,30,24.870243779845335,0.5009275672718004,-0.5503189612982297
2113,100,30,30,30,24.977903697567434,0.5045775019482919,-0.5503189612982297
2114,100,30,30,30,25.07507824102784,0.501180049496241,-0.5503189612982297
2115,100,30,30,30,24.978123969056895,0.504899963207234,-0.5503189612982297
2116,100,30,30,30,24.64883816050899,0.49735697904899295,-0.5503189612982297
2117,100,30,30,30,25.009758098872872,0.4956112462154143,-0.5503189612982297
2118,100,30,30,30,24.9540420803092,0.48816603881651416,-0.5503189612982297
2119,100,30,30,30,24.968835037639195,0.488302277053985,-0.5503189612982297
2120,100,30,30,30,25.126666776211817,0.49046816687630307,-0.5503189612982297
2121,100,30,30,30,24.80980412647498,0.4875300429175815,-0.5503189612982297
2122,100,30,30,30,24.684437951907917,0.4868881889708129,-0.5503189612982297
2123,100,30,30,30,24.848960382371388,0.48953994670529943,-0.5503189612982297
2124,100,30,30,30,24.976451077765656,0.49062390391506044,-0.5503189612982297
2125,100,30,30,30,24.76791626155412,0.48421770820144516,-0.5503189612982297
2126,100,30,30,30,24.99575858122849,0.4799857663465677,-0.5503189612982297
2127,100,30,30,30,25.005935591320736,0.4857561571617129,-0.5503189612982297
2128,100,30,30,30,24.975365672822647,0.4955298483771874,-0.5503189612982297
2129,100,30,30,30,25.010867897717304,0.49684484724455696,-0.5503189612982297
2130,100,30,30,30,24.81492843453864,0.4944123867521651,-0.5503189612982297
2131,100,30,30,30,24.7436107071248,0.4880759192521349,-0.5503189612982297
2132,100,30,30,30,24.733312639784685,0.48557478190580017,-0.5503189612982297
2133,100,30,30,30,25.058753969816706,0.4889174476368401,-0.5503189612982297
2134,100,30,30,30,25.042106085315236,0.49616225083284626,-0.5503189612982297
2135,100,30,30,30,24.43449950771052,0.49167775609966236,-0.5503189612982297
2136,100,30,30,30,24.9326300984635,0.4933393692665225,-0.5503189612982297
2137,100,30,30,30,24.736361283791066,0.4899073264594051,-0.5503189612982297
2138,100,30,30,30,24.72766951125368,0.4899335867300498,-0.5503189612982297
2139,100,30,30,30,24.76992074861977,0.48992522068017447,-0.5503189612982297
2140,100,30,30,30,24.966387463906138,0.4979373962867417,-0.5503189612982297
2141,100,30,30,30,25.005920573310306,0.5037980285734356,-0.5503189612982297
2142,100,30,30,30,25.03183842778227,0.5045062464965815,-0.5503189612982297
2143,100,30,30,30,24.902616709235488,0.5087051436771709,-0.5503189612982297
2144,100,30,30,30,24.82780016099322,0.5096062328049543,-0.5503189612982297
2145,100,30,30,30,24.800249408946993,0.5070766443288383,-0.5503189612982297
2146,100,30,30,30,24.764007560800188,0.5068420336425542,-0.5503189612982297
2147,100,30,30,30,24.959691119974657,0.5131682268465556,-0.5503189612982297
2148,100,30,30,30,25.015910116660883,0.512816128028708,-0.5503189612982297
2149,100,30,30,30,24.88647657306899,0.5109577568994812,-0.5503189612982297
2150,100,30,30,30,24.938273538376233,0.5127192484550478,-0.5503189612982297
2151,100,30,30,30,24.95890076565822,0.5139142118181618,-0.5503189612982297
2152,100,30,30,30,24.970486489496864,0.5151549602134045,-0.5503189612982297
2153,100,30,30,30,24.541706696410646,0.508323916632184,-0.5503189612982297
2154,100,30,30,30,24.947509827307137,0.5072664935548327,-0.5503189612982297
2155,100,30,30,30,24.955183562042556,0.5101103601702349,-0.5503189612982297
2156,100,30,30,30,25.006164367321297,0.5111422385482777,-0.5503189612982297
2157,100,30,30,30,24.97430389299533,0.5132180215453929,-0.5503189612982297
2158,100,30,30,30,24.89109511295157,0.5243854368249928,-0.5503189612982297
2159,100,30,30,30,25.03171342810132,0.523145591407763,-0.5503189612982297
2160,100,30,30,30,25.21677771618488,0.5243671693504729,-0.5503189612982297
2161,100,30,30,30,25.21652959516785,0.5228987938059192,-0.5503189612982297
2162,100,30,30,30,24.954125896460198,0.5303371176443599,-0.5503189612982297
2163,100,30,30,30,25.05718567237203,0.5294184031482351,-0.5503189612982297
2164,100,30,30,30,24.83458052322078,0.5268858813750149,-0.5503189612982297
2165,100,30,30,30,25.19608399111485,0.530041305774233,-0.5503189612982297
2166,100,30,30,30,24.928306003334306,0.5259488434032459,-0.5503189612982297
2167,100,30,30,30,24.8332516309046,0.524294454748071,-0.5503189612982297
2168,100,30,30,30,24.93260435995317,0.5208141665399056,-0.5503189612982297
2169,100,30,30,30,24.9415541205773,0.5205869181877268,-0.5503189612982297
2170,100,30,30,30,24.887038758895315,0.5212228481242894,-0.5503189612982297
2171,100,30,30,30,24.922412100058835,0.5211538277934614,-0.5503189612982297
2172,100,30,30,30,25.062696943830538,0.5186387539444656,-0.5503189612982297
2173,100,30,30,30,24.82692668103857,0.5154743854622467,-0.5503189612982297
2174,100,30,30,30,25.03995436980895,0.518984675700273,-0.5503189612982297
2175,100,30,30,30,24.897205771859745,0.510778251578296,-0.5503189612982297
2176,100,30,30,30,24.794769273764466,0.5130932195758395,-0.5503189612982297
2177,100,30,30,30,25.057565468186926,0.5135437107145354,-0.5503189612982297
2178,100,30,30,30,24.951200665594552,0.5147228075429146,-0.5503189612982297
2179,100,30,30,30,24.996785431624154,0.5211116970992581,-0.5503189612982297
2180,100,30,30,30,24.81452249069394,0.5268857085643545,-0.5503189612982297
2181,100,30,30,30,25.180307006399147,0.5248371669970987,-0.5503189612982297
2182,100,30,30,30,24.949667695928554,0.5284016323202017,-0.5503189612982297
2183,100,30,30,30,24.754988680949374,0.5260632539378872,-0.5503189612982297
2184,100,30,30,30,25.03010071695165,0.5303439815168237,-0.5503189612982297
2185,100,30,30,30,25.01630668248649,0.5354233590571079,-0.5503189612982297
2186,100,30,30,30,24.707752316226312,0.5281470439463642,-0.5503189612982297
2187,100,30,30,30,24.91495817740788,0.5322525844468491,-0.5503189612982297
2188,100,30,30,30,25.10758024549519,0.533348829509332,-0.5503189612982297
2189,100,30,30,30,24.942173153990083,0.5282140991770922,-0.5503189612982297
2190,100,30,30,30,24.937122958907523,0.5247278911481812,-0.5503189612982297
2191,100,30,30,30,24.210993083488706,0.5133333501241958,-0.5503189612982297
2192,100,30,30,30,25.07588772957276,0.5206705213475336,-0.5503189612982297
2193,100,30,30,30,24.874908239156834,0.5232343115808437,-0.5503189612982297
2194,100,30,30,30,24.207103328689932,0.5166601233823949,-0.5503189612982297
2195,100,30,30,30,25.00125123862579,0.5141982508594765,-0.5503189612982297
2196,100,30,30,30,25.00023868768429,0.5135897120004879,-0.5503189612982297
2197,100,30,30,30,24.797355161395338,0.5112518919927374,-0.5503189612982297
2198,100,30,30,30,25.02946344582162,0.5137861740892586,-0.5503189612982297
2199,100,30,30,30,24.933422284107017,0.5137009588479977,-0.5503189612982297
2200,100,30,30,30,24.855191501750184,0.5159400668010353,-0.5503189612982297
2201,100,30,30,30,24.97678335218435,0.5224745288194795,-0.5503189612982297
2202,100,30,30,30,24.869631938080012,0.5241880334871074,-0.5503189612982297
2203,100,30,30,30,24.856217151459354,0.5143313636416974,-0.5503189612982297
2204,100,30,30,30,24.88594502863798,0.5138580096028564,-0.5503189612982297
2205,100,30,30,30,24.924527836835228,0.5113812448949454,-0.5503189612982297
2206,100,30,30,30,25.069594958132832,0.5117969246053147,-0.5503189612982297
2207,100,30,30,30,24.951438381856768,0.5168221658839431,-0.5503189612982297
2208,100,30,30,30,24.968377506494726,0.5152381722411701,-0.5503189612982297
2209,100,30,30,30,24.979307206616646,0.5200369184956887,-0.5503189612982297
2210,100,30,30,30,25.02551644391415,0.5257848848543396,-0.5503189612982297
2211,100,30,30,30,24.96964039272494,0.5284832203005351,-0.5503189612982297
2212,100,30,30,30,24.45448024396224,0.5219532293128875,-0.5503189612982297
2213,100,30,30,30,24.949261442417356,0.5201940704059271,-0.5503189612982297
2214,100,30,30,30,24.962498953712725,0.5163860395280562,-0.5503189612982297
2215,100,30,30,30,24.887775571385355,0.5095641174519769,-0.5503189612982297
2216,100,30,30,30,24.94919303229196,0.5076360147631277,-0.5503189612982297
2217,100,30,30,30,24.520658871847267,0.5052381582121879,-0.5503189612982297
2218,100,30,30,30,24.553516953094267,0.502446218118969,-0.5503189612982297
2219,100,30,30,30,24.723876489109657,0.5002118306265567,-0.5503189612982297
2220,100,30,30,30,24.825164724575327,0.4953794341546856,-0.5503189612982297
2221,100,30,30,30,24.842365223377726,0.5018325583332539,-0.5503189612982297
2222,100,30,30,30,25.386369139833285,0.5046965668104103,-0.5503189612982297
2223,100,30,30,30,24.91480118258478,0.5026191751179513,-0.5503189612982297
2224,100,30,30,30,25.205694989744202,0.5034161277425689,-0.5503189612982297
2225,100,30,30,30,24.806908018011008,0.5032573624808362,-0.5503189612982297
2226,100,30,30,30,24.988526134258336,0.5006782612938674,-0.5503189612982297
2227,100,30,30,30,24.654904135365822,0.4923306556934121,-0.5503189612982297
2228,100,30,30,30,25.03274581632354,0.49406459177604795,-0.5503189612982297
2229,100,30,30,30,24.95564096150931,0.49524641249280604,-0.5503189612982297
2230,100,30,30,30,24.731863305263076,0.4937129072565929,-0.5503189612982297
2231,100,30,30,30,24.60248971322156,0.4904670596131976,-0.5503189612982297
2232,100,30,30,30,25.122087583801953,0.49081455377891764,-0.5503189612982297
2233,100,30,30,30,25.02585592524014,0.48763321866634624,-0.5503189612982297
2234,100,30,30,30,24.921733645896502,0.49610583782344364,-0.5503189612982297
2235,100,30,30,30,24.94233762106165,0.49304335991836684,-0.5503189612982297
2236,100,30,30,30,24.62810413542079,0.49382687335248787,-0.5503189612982297
2237,100,30,30,30,24.97551765074148,0.4918798233303355,-0.5503189612982297
2238,100,30,30,30,24.8471008413933,0.48889225824465166,-0.5503189612982297
2239,100,30,30,30,24.91307483840964,0.49571976874614887,-0.5503189612982297
2240,100,30,30,30,24.97599269871182,0.4970555394727282,-0.5503189612982297
2241,100,30,30,30,24.989524440698553,0.4951237243894306,-0.5503189612982297
2242,100,30,30,30,24.72021317746356,0.4990712869836714,-0.5503189612982297
2243,100,30,30,30,24.670438210861676,0.4984216111370757,-0.5503189612982297
2244,100,30,30,30,24.978315677784014,0.4873683603658149,-0.5503189612982297
2245,100,30,30,30,24.982329124790553,0.48754656366240234,-0.5503189612982297
2246,100,30,30,30,25.0426462265141,0.4853409786597204,-0.5503189612982297
2247,100,30,30,30,24.850727634830367,0.4916815954506271,-0.5503189612982297
2248,100,30,30,30,24.90945003108505,0.48878289697775273,-0.5503189612982297
2249,100,30,30,30,25.070586384796226,0.4921272064685414,-0.5503189612982297
2250,100,30,30,30,24.60652290336101,0.486511224515544,-0.5503189612982297
2251,100,30,30,30,24.989596367720765,0.49214378336678155,-0.5503189612982297
2252,100,30,30,30,24.56795143047366,0.4907273725306863,-0.5503189612982297
2253,100,30,30,30,25.084768881151803,0.4876810632306771,-0.5503189612982297
2254,100,30,30,30,25.03843790223147,0.49152774968285734,-0.5503189612982297
2255,100,30,30,30,24.978761443768832,0.4947886602195038,-0.5503189612982297
2256,100,30,30,30,24.94687122412661,0.4957613058428004,-0.5503189612982297
2257,100,30,30,30,24.908488501279688,0.4938984078583298,-0.5503189612982297
2258,100,30,30,30,24.713035471149325,0.496798087708588,-0.5503189612982297
2259,100,30,30,30,24.879584234414928,0.501235660763029,-0.5503189612982297
2260,100,30,30,30,25.04738804658578,0.5031202404411198,-0.5503189612982297
2261,100,30,30,30,24.84523329667538,0.5030987052503221,-0.5503189612982297
2262,100,30,30,30,24.468090396698834,0.4939227687137266,-0.5503189612982297
2263,100,30,30,30,24.99056818079763,0.4944803849007738,-0.5503189612982297
2264,100,30,30,30,25.094301481460484,0.49343166459403714,-0.5503189612982297
2265,100,30,30,30,25.035154784736065,0.4953612668663779,-0.5503189612982297
2266,100,30,30,30,24.89580643804184,0.497193224036993,-0.5503189612982297
2267,100,30,30,30,25.09548991195932,0.501274103485114,-0.5503189612982297
2268,100,30,30,30,25.169696374252478,0.5043895602614843,-0.5503189612982297
2269,100,30,30,30,24.976292462692747,0.5056164788776698,-0.5503189612982297
2270,100,30,30,30,24.987345139210497,0.5044890170102203,-0.5503189612982297
2271,100,30,30,30,24.967511880114095,0.49925132978789444,-0.5503189612982297
2272,100,30,30,30,25.018581884536147,0.5002373287121346,-0.5503189612982297
2273,100,30,30,30,24.887953099736535,0.5074561955783382,-0.5503189612982297
2274,100,30,30,30,25.13498961385082,0.5090424334953181,-0.5503189612982297
2275,100,30,30,30,25.07238112224885,0.5065542474371647,-0.5503189612982297
2276,100,30,30,30,24.96334199584288,0.5078195712536332,-0.5503189612982297
2277,100,30,30,30,24.867613457581427,0.5069012615649318,-0.5503189612982297
2278,100,30,30,30,24.698058830433368,0.5095592165180782,-0.5503189612982297
2279,100,30,30,30,24.873071391325283,0.5082579054824092,-0.5503189612982297
2280,100,30,30,30,24.925787264280345,0.511882763267574,-0.5503189612982297
2281,100,30,30,30,24.8536828532064,0.5161160351301474,-0.5503189612982297
2282,100,30,30,30,24.957776284392732,0.5204074352599916,-0.5503189612982297
2283,100,30,30,30,24.59435499852536,0.5160569284443325,-0.5503189612982297
2284,100,30,30,30,24.847705918183454,0.5123370285089877,-0.5503189612982297
2285,100,30,30,30,24.99819711839563,0.5128666431970937,-0.5503189612982297
2286,100,30,30,30,25.019776630786694,0.5169098857777579,-0.5503189612982297
2287,100,30,30,30,25.037806467909775,0.5140791285165167,-0.5503189612982297
2288,100,30,30,30,25.01990722483603,0.5127257079839224,-0.5503189612982297
2289,100,30,30,30,25.24164658836981,0.5098266636507379,-0.5503189612982297
2290,100,30,30,30,25.14961785207604,0.5145945261287241,-0.5503189612982297
2291,100,30,30,30,25.241206759942862,0.5205902539759077,-0.5503189612982297
2292,100,30,30,30,25.12736027434812,0.5222737655778374,-0.5503189612982297
2293,100,30,30,30,24.123729076427438,0.5117361118251511,-0.5503189612982297
2294,100,30,30,30,24.911672866958174,0.5058732879947616,-0.5503189612982297
2295,100,30,30,30,24.689907839155047,0.508621505787309,-0.5503189612982297
2296,100,30,30,30,24.947719622664913,0.5115401085229359,-0.5503189612982297
2297,100,30,30,30,24.990786064869425,0.517406809698133,-0.5503189612982297
2298,100,30,30,30,24.907600159305847,0.5243540734655181,-0.5503189612982297
2299,100,30,30,30,24.893038567650542,0.5325984999717751,-0.5503189612982297
2300,100,30,30,30,24.843998020227588,0.5311314061296547,-0.5503189612982297
2301,100,30,30,30,24.747246311045885,0.5267990435101102,-0.5503189612982297
2302,100,30,30,30,24.907672884200117,0.5312311478317729,-0.5503189612982297
2303,100,30,30,30,24.75498714668221,0.5268561524397954,-0.5503189612982297
2304,100,30,30,30,24.724058629187923,0.5288503108564593,-0.5503189612982297
2305,100,30,30,30,25.041828517000155,0.5351639705102458,-0.5503189612982297
2306,100,30,30,30,24.813561623387084,0.541393388635944,-0.5503189612982297
2307,100,30,30,30,25.014137876186453,0.545763680105188,-0.5503189612982297
2308,100,30,30,30,24.97533026807496,0.5376207440267756,-0.5503189612982297
2309,100,30,30,30,25.09943832069807,0.5426740228772725,-0.5503189612982297
2310,100,30,30,30,24.719602686919494,0.5398712561994823,-0.5503189612982297
2311,100,30,30,30,24.956666831990255,0.5392678302452178,-0.5503189612982297
2312,100,30,30,30,25.052763933392065,0.5385064730212604,-0.5503189612982297
2313,100,30,30,30,24.912661338321495,0.5384816634465719,-0.5503189612982297
2314,100,30,30,30,24.91026652358087,0.5336336662398862,-0.5503189612982297
2315,100,30,30,30,24.96032217501142,0.5286589491476803,-0.5503189612982297
2316,100,30,30,30,25.081940769362518,0.5296114894377748,-0.5503189612982297
2317,100,30,30,30,25.029477578201636,0.5181886378604942,-0.5503189612982297
2318,100,30,30,30,24.857150819657353,0.5124233157504142,-0.5503189612982297
2319,100,30,30,30,24.982891687344402,0.5191666380598319,-0.5503189612982297
2320,100,30,30,30,24.828423133609512,0.5230229265006082,-0.5503189612982297
2321,100,30,30,30,24.925096841852614,0.5247493218363107,-0.5503189612982297
2322,100,30,30,30,24.25021783389046,0.5226848534746485,-0.5503189612982297
2323,100,30,30,30,25.105708204458224,0.5224823155074162,-0.5503189612982297
2324,100,30,30,30,24.935382540863444,0.51609138695983,-0.5503189612982297
2325,100,30,30,30,24.78506248509636,0.5145900449165134,-0.5503189612982297
2326,100,30,30,30,24.873074981053662,0.5112805087969419,-0.5503189612982297
2327,100,30,30,30,25.0873028280259,0.5112711626721962,-0.5503189612982297
2328,100,30,30,30,24.971375169500938,0.5135467484717169,-0.5503189612982297
2329,100,30,30,30,24.577806188115858,0.5105214163708018,-0.5503189612982297
2330,100,30,30,30,25.12023391475364,0.5086129046668616,-0.5503189612982297
2331,100,30,30,30,24.855287116324174,0.5124583457756444,-0.5503189612982297
2332,100,30,30,30,24.94670225138684,0.5143245773968006,-0.5503189612982297
2333,100,30,30,30,24.945805738272774,0.5173706156079713,-0.5503189612982297
2334,100,30,30,30,24.882157565242213,0.5176057986115403,-0.5503189612982297
2335,100,30,30,30,25.09095677655185,0.5202456192773424,-0.5503189612982297
2336,100,30,30,30,25.048708368695838,0.5114564271471318,-0.5503189612982297
2337,100,30,30,30,25.114727418205682,0.5121495087114941,-0.5503189612982297
2338,100,30,30,30,25.008264085767678,0.514871918302291,-0.5503189612982297
2339,100,30,30,30,24.51277775312978,0.5017145187581473,-0.5503189612982297
2340,100,30,30,30,24.809742940661156,0.5018264480513203,-0.5503189612982297
2341,100,30,30,30,25.0034191447266,0.5068774512235018,-0.5503189612982297
2342,100,30,30,30,24.604000046991924,0.5003933588140624,-0.5503189612982297
2343,100,30,30,30,24.998372054592362,0.4953425908010115,-0.5503189612982297
2344,100,30,30,30,24.94030309480771,0.495382306252713,-0.5503189612982297
2345,100,30,30,30,24.75498382884992,0.4985404119555976,-0.5503189612982297
2346,100,30,30,30,24.89418095291807,0.49396885362809195,-0.5503189612982297
2347,100,30,30,30,24.770193461177875,0.49330990373375777,-0.5503189612982297
2348,100,30,30,30,24.935935912814408,0.5005083892154174,-0.5503189612982297
2349,100,30,30,30,24.609247118724113,0.4878146436868678,-0.5503189612982297
2350,100,30,30,30,24.602972590011902,0.48791865893152747,-0.5503189612982297
2351,100,30,30,30,25.063931676751007,0.4865214723297343,-0.5503189612982297
2352,100,30,30,30,24.939488331421934,0.48925372988961613,-0.5503189612982297
2353,100,30,30,30,24.6907892762669,0.48615551845965976,-0.5503189612982297
2354,100,30,30,30,24.928748759089004,0.4917420221849162,-0.5503189612982297
2355,100,30,30,30,25.116709538442805,0.49703798214130485,-0.5503189612982297
2356,100,30,30,30,24.993547742131092,0.49764808123589493,-0.5503189612982297
2357,100,30,30,30,24.958787477726524,0.4985173907766864,-0.5503189612982297
2358,100,30,30,30,24.650007761878385,0.49297703482303235,-0.5503189612982297
2359,100,30,30,30,24.6795363288348,0.49546144846485296,-0.5503189612982297
2360,100,30,30,30,24.961724606660006,0.4949303054051214,-0.5503189612982297
2361,100,30,30,30,24.775754081701287,0.4926409961596945,-0.5503189612982297
2362,100,30,30,30,24.901721653501767,0.49200449992321993,-0.5503189612982297
2363,100,30,30,30,25.045224023340523,0.4854135524980533,-0.5503189612982297
2364,100,30,30,30,25.005402140580486,0.48953338188792067,-0.5503189612982297
2365,100,30,30,30,24.775469559823215,0.48851848983257073,-0.5503189612982297
2366,100,30,30,30,24.936512365937865,0.4882568023311433,-0.5503189612982297
2367,100,30,30,30,25.035537682343012,0.49290755695151045,-0.5503189612982297
2368,100,30,30,30,24.891459684691334,0.4946219860538409,-0.5503189612982297
2369,100,30,30,30,24.895126305932944,0.4978999228349599,-0.5503189612982297
2370,100,30,30,30,25.017881449716164,0.5011740039068407,-0.5503189612982297
2371,100,30,30,30,24.9283386415785,0.4937687487608789,-0.5503189612982297
2372,100,30,30,30,25.071418834551036,0.4991564259846118,-0.5503189612982297
2373,100,30,30,30,25.10629701254378,0.5026263679268972,-0.5503189612982297
2374,100,30,30,30,24.861853070865347,0.5002496547593707,-0.5503189612982297
2375,100,30,30,30,24.818963213033065,0.4976285123937634,-0.5503189612982297
2376,100,30,30,30,24.972478045208987,0.49549653923676007,-0.5503189612982297
2377,100,30,30,30,24.837259245187706,0.49880642879899895,-0.5503189612982297
2378,100,30,30,30,24.932426428720703,0.4907017660562618,-0.5503189612982297
2379,100,30,30,30,24.983956760636502,0.4893880818156926,-0.5503189612982297
2380,100,30,30,30,24.98805970192793,0.4906772563109045,-0.5503189612982297
2381,100,30,30,30,25.028567828974175,0.4939518296357799,-0.5503189612982297
2382,100,30,30,30,24.787538229972355,0.49611772924345277,-0.5503189612982297
2383,100,30,30,30,24.944864847927605,0.5024670564110283,-0.5503189612982297
2384,100,30,30,30,24.964757832213486,0.5076327654038009,-0.5503189612982297
2385,100,30,30,30,24.903512302684717,0.5040221607540468,-0.5503189612982297
2386,100,30,30,30,24.94058308868685,0.5065002006550158,-0.5503189612982297
2387,100,30,30,30,25.174882546552354,0.5025951423751797,-0.5503189612982297
2388,100,30,30,30,24.587310578906138,0.4953372465614935,-0.5503189612982297
2389,100,30,30,30,24.790342707847657,0.4925337289564241,-0.5503189612982297
2390,100,30,30,30,24.840504448752647,0.4992926816499728,-0.5503189612982297
2391,100,30,30,30,25.024302868347903,0.5069243044797025,-0.5503189612982297
2392,100,30,30,30,24.892372557844826,0.5024535227758201,-0.5503189612982297
2393,100,30,30,30,24.72387946135789,0.5004476024820105,-0.5503189612982297
2394,100,30,30,30,24.830523636723527,0.5004752230219723,-0.5503189612982297
2395,100,30,30,30,25.01146223702586,0.5043840591047175,-0.5503189612982297
2396,100,30,30,30,24.735645066145494,0.49969932690140584,-0.5503189612982297
2397,100,30,30,30,25.092878592561668,0.5010725991255685,-0.5503189612982297
2398,100,30,30,30,24.865776843335674,0.5057227668904734,-0.5503189612982297
2399,100,30,30,30,25.00951109586154,0.5069888857642044,-0.5503189612982297
2400,100,30,30,30,24.998436130195063,0.5069219661630459,-0.5503189612982297
2401,100,30,30,30,24.801274335888877,0.5107448844907877,-0.5503189612982297
2402,100,30,30,30,25.085681543920263,0.5127974840033488,-0.5503189612982297
2403,100,30,30,30,24.609244634971674,0.5082800135405932,-0.5503189612982297
2404,100,30,30,30,24.929876529524634,0.5102747634163591,-0.5503189612982297
2405,100,30,30,30,25.019149053233583,0.5128937351294504,-0.5503189612982297
2406,100,30,30,30,24.71070073804248,0.5065997392233144,-0.5503189612982297
2407,100,30,30,30,24.953053227066633,0.5046890285106098,-0.5503189612982297
2408,100,30,30,30,24.836500942268508,0.5048384780984153,-0.5503189612982297
2409,100,30,30,30,24.77549046690391,0.5020827263221823,-0.5503189612982297
2410,100,30,30,30,24.995254767881683,0.5053045983675337,-0.5503189612982297
2411,100,30,30,30,25.261746774504978,0.5030606407414925,-0.5503189612982297
2412,100,30,30,30,25.221463741386245,0.5058552993865251,-0.5503189612982297
2413,100,30,30,30,24.98809233708457,0.5022900198266921,-0.5503189612982297
2414,100,30,30,30,24.818398207879483,0.4969695028328769,-0.5503189612982297
2415,100,30,30,30,24.980516477358982,0.4960590481619918,-0.5503189612982297
2416,100,30,30,30,24.54213530887869,0.49695230237061727,-0.5503189612982297
2417,100,30,30,30,24.97735306849892,0.5006889419801398,-0.5503189612982297
2418,100,30,30,30,25.15686742019561,0.5023680420206634,-0.5503189612982297
2419,100,30,30,30,24.716982645859545,0.4995710439693868,-0.5503189612982297
2420,100,30,30,30,25.049524306005054,0.4980799066500558,-0.5503189612982297
2421,100,30,30,30,25.02706648220203,0.49489414313377894,-0.5503189612982297
2422,100,30,30,30,24.994763798399525,0.49760603428452055,-0.5503189612982297
2423,100,30,30,30,25.034686276317554,0.5003238190675475,-0.5503189612982297
2424,100,30,30,30,23.959206522481537,0.4891496361183327,-0.5503189612982297
2425,100,30,30,30,25.04692235999658,0.4905666183886751,-0.5503189612982297
2426,100,30,30,30,24.90375611496616,0.4882593354130756,-0.5503189612982297
2427,100,30,30,30,25.07938842653749,0.4954216811578975,-0.5503189612982297
2428,100,30,30,30,24.76490126833628,0.4927549638723651,-0.5503189612982297
2429,100,30,30,30,24.94818203243812,0.5001285385213501,-0.5503189612982297
2430,100,30,30,30,24.911904777638647,0.4997380199193736,-0.5503189612982297
2431,100,30,30,30,24.748736098663993,0.4916486639007573,-0.5503189612982297
2432,100,30,30,30,24.945923491952357,0.49482064520858465,-0.5503189612982297
2433,100,30,30,30,24.878724628952977,0.4965221903407501,-0.5503189612982297
2434,100,30,30,30,24.5968620515441,0.4881237632489152,-0.5503189612982297
2435,100,30,30,30,24.989360954317345,0.48700333568829696,-0.5503189612982297
2436,100,30,30,30,24.99384679024221,0.4863245312594169,-0.5503189612982297
2437,100,30,30,30,25.03052162640993,0.48840384182800256,-0.5503189612982297
2438,100,30,30,30,24.744316826992698,0.4921514579642587,-0.5503189612982297
2439,100,30,30,30,24.756309322198668,0.49375258881361667,-0.5503189612982297
2440,100,30,30,30,25.06773123586119,0.5000253487024527,-0.5503189612982297
2441,100,30,30,30,24.965259582553312,0.5065165789578776,-0.5503189612982297
2442,100,30,30,30,24.962166316756896,0.5051174795278166,-0.5503189612982297
2443,100,30,30,30,24.944110186763623,0.5145502006275211,-0.5503189612982297
2444,100,30,30,30,24.94313375110694,0.5123056359250814,-0.5503189612982297
2445,100,30,30,30,25.104019961564404,0.511202086598045,-0.5503189612982297
2446,100,30,30,30,25.139128606329127,0.5078790904889691,-0.5503189612982297
2447,100,30,30,30,25.006710045925452,0.5141130320257458,-0.5503189612982297
2448,100,30,30,30,24.652951496742844,0.5094004252419235,-0.5503189612982297
2449,100,30,30,30,24.885156475542463,0.5111855371605927,-0.5503189612982297
2450,100,30,30,30,25.087975137655512,0.5159478586004596,-0.5503189612982297
2451,100,30,30,30,24.60816620604748,0.5115326885340045,-0.5503189612982297
2452,100,30,30,30,24.848867448664603,0.5131029520214554,-0.5503189612982297
2453,100,30,30,30,25.02399444422531,0.5185741590309034,-0.5503189612982297
2454,100,30,30,30,24.973923781381743,0.5201280873596323,-0.5503189612982297
2455,100,30,30,30,24.92690801644214,0.5177467024573648,-0.5503189612982297
2456,100,30,30,30,24.87272790017103,0.5062415214350628,-0.5503189612982297
2457,100,30,30,30,24.943299648464002,0.5111658748691001,-0.5503189612982297
2458,100,30,30,30,24.84302977281536,0.5162475494324902,-0.5503189612982297
2459,100,30,30,30,24.941636303744403,0.5162396724963804,-0.5503189612982297
2460,100,30,30,30,24.945065993648324,0.5134636152054814,-0.5503189612982297
2461,100,30,30,30,24.98555781672657,0.5171127556684929,-0.5503189612982297
2462,100,30,30,30,24.798296324567673,0.5132223224548165,-0.5503189612982297
2463,100,30,30,30,24.68672646262552,0.5195632189348741,-0.5503189612982297
2464,100,30,30,30,24.88208838286667,0.5184536353740615,-0.5503189612982297
2465,100,30,30,30,25.1396587857219,0.5220666209551807,-0.5503189612982297
2466,100,30,30,30,24.77724491372534,0.5185119597681913,-0.5503189612982297
2467,100,30,30,30,24.80871897240091,0.5164791702424291,-0.5503189612982297
2468,100,30,30,30,24.950644999660227,0.5207067213159409,-0.5503189612982297
2469,100,30,30,30,25.111658237996263,0.5209957275648129,-0.5503189612982297
2470,100,30,30,30,24.866913097508544,0.517801990316315,-0.5503189612982297
2471,100,30,30,30,24.715495021394425,0.5117101482925508,-0.5503189612982297
2472,100,30,30,30,25.031663804981413,0.5104161587155824,-0.5503189612982297
2473,100,30,30,30,24.998618449770976,0.5128328982754005,-0.5503189612982297
2474,100,30,30,30,25.21777335774287,0.5116298822164137,-0.5503189612982297
2475,100,30,30,30,25.129728165555946,0.5142789862917713,-0.5503189612982297
2476,100,30,30,30,24.976371979801407,0.5155738459380137,-0.5503189612982297
2477,100,30,30,30,25.01931710432872,0.5226011850982886,-0.5503189612982297
2478,100,30,30,30,24.90979440550657,0.5217630046332183,-0.5503189612982297
2479,100,30,30,30,24.843508645224226,0.5272195832639468,-0.5503189612982297
2480,100,30,30,30,24.72387405136999,0.5267516155848085,-0.5503189612982297
2481,100,30,30,30,24.933840881465642,0.5196147159379311,-0.5503189612982297
2482,100,30,30,30,25.02109774025859,0.5180742744635836,-0.5503189612982297
2483,100,30,30,30,24.702096243001876,0.520108018945647,-0.5503189612982297
2484,100,30,30,30,25.00845166631988,0.5136620096941431,-0.5503189612982297
2485,100,30,30,30,25.036173469423936,0.5130896163975468,-0.5503189612982297
2486,100,30,30,30,24.965518854830286,0.5142406677453728,-0.5503189612982297
2487,100,30,30,30,24.6771186936221,0.5190231188460548,-0.5503189612982297
2488,100,30,30,30,24.906684744239918,0.5104209562015559,-0.5503189612982297
2489,100,30,30,30,25.019447082520863,0.517145246607566,-0.5503189612982297
2490,100,30,30,30,24.970524742642155,0.5190484505182565,-0.5503189612982297
2491,100,30,30,30,25.024004740187678,0.5217110771892808,-0.5503189612982297
2492,100,30,30,30,25.06541367042025,0.5270663024805279,-0.5503189612982297
2493,100,30,30,30,25.139474637346893,0.5257176983399994,-0.5503189612982297
2494,100,30,30,30,24.940815901594576,0.534411453396188,-0.5503189612982297
2495,100,30,30,30,24.950320658160045,0.5422959574345151,-0.5503189612982297
2496,100,30,30,30,24.81648381191968,0.5383598215964299,-0.5503189612982297
2497,100,30,30,30,24.991377121463664,0.542232347404511,-0.5503189612982297
2498,100,30,30,30,24.904968794186097,0.538639135398412,-0.5503189612982297
2499,100,30,30,30,24.980631412942316,0.536455636517353,-0.5503189612982297
2500,100,30,30,30,24.99884447715461,0.5374472368407096,-0.5503189612982297
2501,100,30,30,30,24.94387988397321,0.5327444099414107,-0.5503189612982297
2502,100,30,30,30,24.80932638864977,0.5187091726007879,-0.5503189612982297
2503,100,30,30,30,24.822531667184222,0.5177951053079699,-0.5503189612982297
2504,100,30,30,30,24.834553666387524,0.5063106405047504,-0.5503189612982297
2505,100,30,30,30,24.99397387386088,0.5120688041201088,-0.5503189612982297
2506,100,30,30,30,24.89417289162742,0.5097206754521972,-0.5503189612982297
2507,100,30,30,30,24.89332070304354,0.513114125727772,-0.5503189612982297
2508,100,30,30,30,24.8847517466767,0.5153321628044373,-0.5503189612982297
2509,100,30,30,30,25.062337637760578,0.5196566643909332,-0.5503189612982297
2510,100,30,30,30,24.847251122455226,0.518735475912765,-0.5503189612982297
2511,100,30,30,30,24.934339444299255,0.5192462377560016,-0.5503189612982297
2512,100,30,30,30,24.905568843742167,0.518963310117881,-0.5503189612982297
2513,100,30,30,30,24.973896665469844,0.5247038940118302,-0.5503189612982297
2514,100,30,30,30,25.00836487854206,0.521277420632383,-0.5503189612982297
2515,100,30,30,30,25.015858605381016,0.5215474132898849,-0.5503189612982297
2516,100,30,30,30,24.60685208644578,0.5116917283026859,-0.5503189612982297
2517,100,30,30,30,24.93502534897548,0.5055383815248629,-0.5503189612982297
2518,100,30,30,30,25.042566247787633,0.5073375214673194,-0.5503189612982297
2519,100,30,30,30,24.453734349295893,0.5025732374346096,-0.5503189612982297
2520,100,30,30,30,25.00534120628972,0.5049858085736821,-0.5503189612982297
2521,100,30,30,30,25.03316809825071,0.5099996122979938,-0.5503189612982297
2522,100,30,30,30,24.69571354898065,0.5057362490382608,-0.5503189612982297
2523,100,30,30,30,24.569144082851256,0.5029162923026581,-0.5503189612982297
2524,100,30,30,30,25.050094155369145,0.5003836259809603,-0.5503189612982297
2525,100,30,30,30,24.986506319811447,0.5057624039324494,-0.5503189612982297
2526,100,30,30,30,24.936139867460522,0.5157381402593492,-0.5503189612982297
2527,100,30,30,30,24.979270554972473,0.5143485809926148,-0.5503189612982297
2528,100,30,30,30,25.010215878083994,0.515976581021784,-0.5503189612982297
2529,100,30,30,30,24.849090777586035,0.5161635592410262,-0.5503189612982297
2530,100,30,30,30,24.99366826470539,0.5221380020913995,-0.5503189612982297
2531,100,30,30,30,24.9356621798594,0.5348715717593279,-0.5503189612982297
2532,100,30,30,30,24.633626606684846,0.5309549418360935,-0.5503189612982297
2533,100,30,30,30,25.140035249830774,0.5291587777711247,-0.5503189612982297
2534,100,30,30,30,24.87470083487854,0.5287446982900365,-0.5503189612982297
2535,100,30,30,30,24.764124537880488,0.5259432853494497,-0.5503189612982297
2536,100,30,30,30,24.788937508873442,0.5185751157409273,-0.5503189612982297
2537,100,30,30,30,24.995943051728865,0.519196879123443,-0.5503189612982297
2538,100,30,30,30,24.975335060671547,0.522088170672949,-0.5503189612982297
2539,100,30,30,30,25.118165524788168,0.5241100926524567,-0.5503189612982297
2540,100,30,30,30,25.054214940802243,0.5295629998320891,-0.5503189612982297
2541,100,30,30,30,24.945710606410984,0.5306192557395497,-0.5503189612982297
2542,100,30,30,30,24.211133359869585,0.5231365727615911,-0.5503189612982297
2543,100,30,30,30,25.0167037061116,0.5302963382084469,-0.5503189612982297
2544,100,30,30,30,25.014126186794208,0.5303696146273023,-0.5503189612982297
2545,100,30,30,30,24.881858397169367,0.5297001164771074,-0.5503189612982297
2546,100,30,30,30,24.849927615000574,0.5283924554867574,-0.5503189612982297
2547,100,30,30,30,24.98285711202371,0.5286786419334543,-0.5503189612982297
2548,100,30,30,30,25.639400739197963,0.5238110007373892,-0.5503189612982297
2549,100,30,30,30,24.493394062710244,0.5250383613410631,-0.5503189612982297
2550,100,30,30,30,25.018327184070266,0.521676179140796,-0.5503189612982297
2551,100,30,30,30,24.93580954406856,0.5196174669306821,-0.5503189612982297
2552,100,30,30,30,24.832196483985733,0.5144427911612378,-0.5503189612982297
2553,100,30,30,30,25.203106787511494,0.5198453036536251,-0.5503189612982297
2554,100,30,30,30,25.067905715759863,0.5167540894179581,-0.5503189612982297
2555,100,30,30,30,25.064631582432902,0.5179143102993659,-0.5503189612982297
2556,100,30,30,30,24.624216680106905,0.5058450060726839,-0.5503189612982297
2557,100,30,30,30,24.854153416507238,0.5108260640320835,-0.5503189612982297
2558,100,30,30,30,25.042772292892174,0.51331681771614,-0.5503189612982297
2559,100,30,30,30,25.13914922948387,0.5044105060621825,-0.5503189612982297
2560,100,30,30,30,25.030089197085246,0.5056202430451495,-0.5503189612982297
2561,100,30,30,30,24.800313371655093,0.5029196659338752,-0.5503189612982297
2562,100,30,30,30,24.482942655029156,0.491937842075343,-0.5503189612982297
2563,100,30,30,30,24.852149062601157,0.48980901168752283,-0.5503189612982297
2564,100,30,30,30,24.91890337423689,0.48667909571669543,-0.5503189612982297
2565,100,30,30,30,24.94294884762359,0.48173340975534895,-0.5503189612982297
2566,100,30,30,30,24.940513766827014,0.48350722583939926,-0.5503189612982297
2567,100,30,30,30,24.894023394694976,0.4862586904294974,-0.5503189612982297
2568,100,30,30,30,24.85855993743747,0.4908737065214059,-0.5503189612982297
2569,100,30,30,30,25.080191735015298,0.4966756003480518,-0.5503189612982297
2570,100,30,30,30,24.953890288419146,0.5056578444353583,-0.5503189612982297
2571,100,30,30,30,24.872193420355707,0.504306948873563,-0.5503189612982297
2572,100,30,30,30,24.922985996575022,0.5037334399882931,-0.5503189612982297
2573,100,30,30,30,24.908614595175493,0.5086025787731412,-0.5503189612982297
2574,100,30,30,30,24.96553930719469,0.5032440507743748,-0.5503189612982297
2575,100,30,30,30,24.63236597554657,0.5005974667846893,-0.5503189612982297
2576,100,30,30,30,24.90995363582182,0.49583994347777455,-0.5503189612982297
2577,100,30,30,30,24.886684674930073,0.4919377556053204,-0.5503189612982297
2578,100,30,30,30,25.040531082853427,0.49626290897957964,-0.5503189612982297
2579,100,30,30,30,24.887599344589074,0.4965631077867131,-0.5503189612982297
2580,100,30,30,30,24.93876276803406,0.4942129617606315,-0.5503189612982297
2581,100,30,30,30,24.84869944906749,0.49469787947723065,-0.5503189612982297
2582,100,30,30,30,25.01018092212967,0.5018067512501639,-0.5503189612982297
2583,100,30,30,30,24.736199678354623,0.5033003427891235,-0.5503189612982297
2584,100,30,30,30,24.98192685875489,0.49742789435418544,-0.5503189612982297
2585,100,30,30,30,25.05022621880051,0.4945391875332427,-0.5503189612982297
2586,100,30,30,30,24.884655514990826,0.49706518822720763,-0.5503189612982297
2587,100,30,30,30,25.04967908512233,0.49848487152625254,-0.5503189612982297
2588,100,30,30,30,24.779214062635795,0.48891005923824155,-0.5503189612982297
2589,100,30,30,30,24.93072247696015,0.4980263653638929,-0.5503189612982297
2590,100,30,30,30,25.024173241584975,0.49900599062850615,-0.5503189612982297
2591,100,30,30,30,24.991591548520795,0.49804660092040304,-0.5503189612982297
2592,100,30,30,30,24.997418563849138,0.49500730974727086,-0.5503189612982297
2593,100,30,30,30,24.64604981681333,0.4921808943712459,-0.5503189612982297
2594,100,30,30,30,24.725254406731654,0.4893061772577334,-0.5503189612982297
2595,100,30,30,30,24.492677467651603,0.48491904138852937,-0.5503189612982297
2596,100,30,30,30,25.049068521984978,0.4816002648283499,-0.5503189612982297
2597,100,30,30,30,24.995132101507618,0.47016278032730807,-0.5503189612982297
2598,100,30,30,30,24.540754640102914,0.46587248471738635,-0.5503189612982297
2599,100,30,30,30,24.987626153139864,0.4770844951636823,-0.5503189612982297
2600,100,30,30,30,25.203887890703925,0.48020345942584075,-0.5503189612982297
2601,100,30,30,30,25.037713792716026,0.48255757583491304,-0.5503189612982297
2602,100,30,30,30,24.471397031704065,0.47876551194269745,-0.5503189612982297
2603,100,30,30,30,24.8638415098711,0.4799828618468002,-0.5503189612982297
2604,100,30,30,30,24.760108238994626,0.47949308222028464,-0.5503189612982297
2605,100,30,30,30,24.695016168040652,0.4746577241876789,-0.5503189612982297
2606,100,30,30,30,25.229988431445943,0.48115933793665644,-0.5503189612982297
2607,100,30,30,30,24.915274847716773,0.4856394578009718,-0.5503189612982297
2608,100,30,30,30,24.370039743815653,0.4794495974659681,-0.5503189612982297
2609,100,30,30,30,24.962084628600117,0.48153578607201347,-0.5503189612982297
2610,100,30,30,30,24.882301570246582,0.4889619993729311,-0.5503189612982297
2611,100,30,30,30,24.554410353821922,0.48632241808423543,-0.5503189612982297
2612,100,30,30,30,24.89187272715808,0.49030652870492913,-0.5503189612982297
2613,100,30,30,30,25.004349379814393,0.48802059613688664,-0.5503189612982297
2614,100,30,30,30,25.12971468783482,0.4893829130406714,-0.5503189612982297
2615,100,30,30,30,24.79570076046582,0.48266214730532186,-0.5503189612982297
2616,100,30,30,30,24.965235267811046,0.4910883346638541,-0.5503189612982297
2617,100,30,30,30,24.748671526705785,0.49347382207622226,-0.5503189612982297
2618,100,30,30,30,24.951365949398728,0.49629591890821295,-0.5503189612982297
2619,100,30,30,30,24.86248797851134,0.4980543008510054,-0.5503189612982297
2620,100,30,30,30,24.991396741885282,0.5027351033610609,-0.5503189612982297
2621,100,30,30,30,25.159929718615242,0.5112880435426295,-0.5503189612982297
2622,100,30,30,30,24.650598874694225,0.5064836422174924,-0.5503189612982297
2623,100,30,30,30,25.084759823070975,0.5106720673199051,-0.5503189612982297
2624,100,30,30,30,24.874783889261927,0.5059861240122305,-0.5503189612982297
2625,100,30,30,30,24.96979661143957,0.5021022132384108,-0.5503189612982297
2626,100,30,30,30,24.83038391813904,0.5038192329056853,-0.5503189612982297
2627,100,30,30,30,24.875238561161783,0.5031640886993293,-0.5503189612982297
2628,100,30,30,30,24.91489782777289,0.5002860765801713,-0.5503189612982297
2629,100,30,30,30,24.9525035298049,0.5024505076407679,-0.5503189612982297
2630,100,30,30,30,24.84659606919098,0.5028766042182665,-0.5503189612982297
2631,100,30,30,30,24.89049090501488,0.5023453796980709,-0.5503189612982297
2632,100,30,30,30,24.889621969905384,0.4993935022888618,-0.5503189612982297
2633,100,30,30,30,24.968928068147108,0.5012948239628807,-0.5503189612982297
2634,100,30,30,30,24.8315595680765,0.5038679287557707,-0.5503189612982297
2635,100,30,30,30,24.97347676058222,0.49812341334360893,-0.5503189612982297
2636,100,30,30,30,24.88380961049976,0.4931601949897712,-0.5503189612982297
2637,100,30,30,30,24.98671200205281,0.49276132577178294,-0.5503189612982297
2638,100,30,30,30,24.873826054171037,0.4917897829245203,-0.5503189612982297
2639,100,30,30,30,24.993371559530193,0.49997167859357916,-0.5503189612982297
2640,100,30,30,30,24.98862244114426,0.5050444286935806,-0.5503189612982297
2641,100,30,30,30,24.892934471441855,0.5039147356706672,-0.5503189612982297
2642,100,30,30,30,25.030137513384553,0.5017164291956228,-0.5503189612982297
2643,100,30,30,30,24.730491427373934,0.4915151414994413,-0.5503189612982297
2644,100,30,30,30,24.630737313872807,0.4889533259066795,-0.5503189612982297
2645,100,30,30,30,25.05046608961993,0.48498755278669997,-0.5503189612982297
2646,100,30,30,30,24.872445887400417,0.4900027311334312,-0.5503189612982297
2647,100,30,30,30,25.046817788723835,0.4893559471304823,-0.5503189612982297
2648,100,30,30,30,24.96513462403245,0.48920155869120846,-0.5503189612982297
2649,100,30,30,30,24.906978990410728,0.4938101516330781,-0.5503189612982297
2650,100,30,30,30,25.11731864219822,0.49480387606364784,-0.5503189612982297
2651,100,30,30,30,24.159267824363795,0.4872212973844687,-0.5503189612982297
2652,100,30,30,30,24.77073404268056,0.48383368018450496,-0.5503189612982297
2653,100,30,30,30,24.425473030965534,0.48130929399145067,-0.5503189612982297
2654,100,30,30,30,24.93690045272797,0.4785562251540699,-0.5503189612982297
2655,100,30,30,30,25.156183743885055,0.4820242130479023,-0.5503189612982297
2656,100,30,30,30,25.02785588243644,0.4876485443212691,-0.5503189612982297
2657,100,30,30,30,25.10559475597807,0.486069080463111,-0.5503189612982297
2658,100,30,30,30,24.805080236526095,0.48955111206570345,-0.5503189612982297
2659,100,30,30,30,24.93022616452611,0.49446382551196755,-0.5503189612982297
2660,100,30,30,30,25.370655436869605,0.4966796119897389,-0.5503189612982297
2661,100,30,30,30,24.79681402693012,0.48912340813976496,-0.5503189612982297
2662,100,30,30,30,24.897120865146235,0.48632731912440474,-0.5503189612982297
2663,100,30,30,30,24.90296583003878,0.48731321546526524,-0.5503189612982297
2664,100,30,30,30,24.98215673633869,0.4916625569049707,-0.5503189612982297
2665,100,30,30,30,24.491177349450062,0.48754052130516967,-0.5503189612982297
2666,100,30,30,30,25.051927122684663,0.4856323298871525,-0.5503189612982297
2667,100,30,30,30,24.816149664277923,0.4737830163252726,-0.5503189612982297
2668,100,30,30,30,24.949559576187845,0.47802557004191143,-0.5503189612982297
2669,100,30,30,30,25.042772027468974,0.48169419865227475,-0.5503189612982297
2670,100,30,30,30,25.044786485637744,0.4875659672700021,-0.5503189612982297
2671,100,30,30,30,24.81200940933623,0.4862733982953667,-0.5503189612982297
2672,100,30,30,30,24.89216038630699,0.4802719801744608,-0.5503189612982297
2673,100,30,30,30,24.697798005552265,0.4766496019456823,-0.5503189612982297
2674,100,30,30,30,25.03272849709383,0.4795738779726274,-0.5503189612982297
2675,100,30,30,30,25.031451923608778,0.493661124500486,-0.5503189612982297
2676,100,30,30,30,25.05591931151613,0.4952618002534466,-0.5503189612982297
2677,100,30,30,30,24.81559900073756,0.493882307733536,-0.5503189612982297
2678,100,30,30,30,24.885493985120736,0.4920033748891416,-0.5503189612982297
2679,100,30,30,30,24.48886088786129,0.4910909425990555,-0.5503189612982297
2680,100,30,30,30,25.149596243259253,0.5009614379560082,-0.5503189612982297
2681,100,30,30,30,24.91952044789133,0.49804998647992554,-0.5503189612982297
2682,100,30,30,30,24.40845932853898,0.4974125823933469,-0.5503189612982297
2683,100,30,30,30,24.833285123657365,0.49425431692517247,-0.5503189612982297
2684,100,30,30,30,24.909222438461825,0.499551567132721,-0.5503189612982297
2685,100,30,30,30,24.680990251286033,0.4936963414541011,-0.5503189612982297
2686,100,30,30,30,24.5907110967248,0.4792239452944479,-0.5503189612982297
2687,100,30,30,30,24.465543218910177,0.4804653857957094,-0.5503189612982297
2688,100,30,30,30,25.0047570385817,0.484296819074301,-0.5503189612982297
2689,100,30,30,30,25.01337080006939,0.48416601722611013,-0.5503189612982297
2690,100,30,30,30,24.87875391666021,0.4881924199213477,-0.5503189612982297
2691,100,30,30,30,25.035210201248113,0.49046930509465414,-0.5503189612982297
2692,100,30,30,30,24.80994768622529,0.490026517289391,-0.5503189612982297
2693,100,30,30,30,25.001499304844174,0.48888914787843346,-0.5503189612982297
2694,100,30,30,30,24.499058764139832,0.48691641541877306,-0.5503189612982297
2695,100,30,30,30,24.524837467585712,0.48764213962277725,-0.5503189612982297
2696,100,30,30,30,24.850160444793197,0.4834286911598799,-0.5503189612982297
2697,100,30,30,30,24.95227513635147,0.4876531547269562,-0.5503189612982297
2698,100,30,30,30,24.933816239421084,0.48947699436218955,-0.5503189612982297
2699,100,30,30,30,24.997354599255594,0.4908514218274725,-0.5503189612982297
2700,100,30,30,30,24.898390948888363,0.4906596407574067,-0.5503189612982297
2701,100,30,30,30,24.917877876337847,0.49396733785297225,-0.5503189612982297
2702,100,30,30,30,24.99433417821504,0.495808931115374,-0.5503189612982297
2703,100,30,30,30,24.90468272928249,0.4929201392862922,-0.5503189612982297
2704,100,30,30,30,25.27349698486978,0.4949332523084013,-0.5503189612982297
2705,100,30,30,30,24.99156502791135,0.497119642819914,-0.5503189612982297
2706,100,30,30,30,24.92580139166281,0.5015231863966713,-0.5503189612982297
2707,100,30,30,30,25.02912766269676,0.5045754639502303,-0.5503189612982297
2708,100,30,30,30,25.220019094187876,0.5059179990135053,-0.5503189612982297
2709,100,30,30,30,25.0608172788909,0.4983428073370572,-0.5503189612982297
2710,100,30,30,30,25.143115628982905,0.49394135673819134,-0.5503189612982297
2711,100,30,30,30,24.850127300294332,0.49847492537988486,-0.5503189612982297
2712,100,30,30,30,24.79453299431546,0.4921081983264922,-0.5503189612982297
2713,100,30,30,30,25.049584608305302,0.4912779578315576,-0.5503189612982297
2714,100,30,30,30,24.872327672808638,0.488201849425063,-0.5503189612982297
2715,100,30,30,30,24.911917447662372,0.4927658249012232,-0.5503189612982297
2716,100,30,30,30,25.087485744182274,0.4870440855218303,-0.5503189612982297
2717,100,30,30,30,24.688566182831785,0.486470015466422,-0.5503189612982297
2718,100,30,30,30,25.0160765185934,0.4846616890179946,-0.5503189612982297
2719,100,30,30,30,25.030870250196774,0.4800781561310168,-0.5503189612982297
2720,100,30,30,30,25.028740516018644,0.4818069984512262,-0.5503189612982297
2721,100,30,30,30,24.820098460694858,0.48591436030392815,-0.5503189612982297
2722,100,30,30,30,24.983151182214044,0.482335344380746,-0.5503189612982297
2723,100,30,30,30,25.139033695171726,0.484057099665839,-0.5503189612982297
2724,100,30,30,30,24.691562615212618,0.47672596921835914,-0.5503189612982297
2725,100,30,30,30,24.914639593760544,0.47377513525661913,-0.5503189612982297
2726,100,30,30,30,24.917954989323718,0.4698575628045634,-0.5503189612982297
2727,100,30,30,30,25.00921472768883,0.4796942551501998,-0.5503189612982297
2728,100,30,30,30,24.93879755499112,0.48444373209870834,-0.5503189612982297
2729,100,30,30,30,24.96312782371264,0.4904469067302394,-0.5503189612982297
2730,100,30,30,30,25.001209824412634,0.4870667931746291,-0.5503189612982297
2731,100,30,30,30,24.707722105231273,0.4833864214703963,-0.5503189612982297
2732,100,30,30,30,24.969100787299315,0.48288831898774387,-0.5503189612982297
2733,100,30,30,30,24.899967937631317,0.4799753887803092,-0.5503189612982297
2734,100,30,30,30,24.89015185555577,0.4810824716765022,-0.5503189612982297
2735,100,30,30,30,24.674058651552926,0.4767716787547315,-0.5503189612982297
2736,100,30,30,30,24.74934067797023,0.47382690824967266,-0.5503189612982297
2737,100,30,30,30,25.01083250095114,0.4745078557889153,-0.5503189612982297
2738,100,30,30,30,24.89687110676329,0.47565400913949757,-0.5503189612982297
2739,100,30,30,30,24.040509515046363,0.4611556561556615,-0.5503189612982297
2740,100,30,30,30,25.078241602937304,0.4724320546045827,-0.5503189612982297
2741,100,30,30,30,24.91055350194018,0.4632145211580996,-0.5503189612982297
2742,100,30,30,30,24.959495014430424,0.4665229927823595,-0.5503189612982297
2743,100,30,30,30,24.765205609540637,0.4663754669993301,-0.5503189612982297
2744,100,30,30,30,25.074387415173895,0.4653392101809005,-0.5503189612982297
2745,100,30,30,30,24.687060491885443,0.4603011139607188,-0.5503189612982297
2746,100,30,30,30,24.8006393622074,0.461515890471692,-0.5503189612982297
2747,100,30,30,30,24.999416530053903,0.4699683102274622,-0.5503189612982297
2748,100,30,30,30,24.992250033663606,0.470865764811731,-0.5503189612982297
2749,100,30,30,30,24.835890038087427,0.4648495016094483,-0.5503189612982297
2750,100,30,30,30,24.999870195534747,0.4592934339246136,-0.5503189612982297
2751,100,30,30,30,24.678265772976555,0.458114608930228,-0.5503189612982297
2752,100,30,30,30,24.651821858432136,0.46263260382849863,-0.5503189612982297
2753,100,30,30,30,24.7720069163712,0.46551631761166296,-0.5503189612982297
2754,100,30,30,30,24.930660136790046,0.4743024319576494,-0.5503189612982297
2755,100,30,30,30,24.99105714592652,0.46734818589094007,-0.5503189612982297
2756,100,30,30,30,24.97988056657828,0.464032532955315,-0.5503189612982297
2757,100,30,30,30,24.736667301179864,0.46718993769438466,-0.5503189612982297
2758,100,30,30,30,24.932021536149577,0.47519720138350235,-0.5503189612982297
2759,100,30,30,30,24.859587431385037,0.47719605047551195,-0.5503189612982297
2760,100,30,30,30,24.874944114300884,0.4737716678692125,-0.5503189612982297
2761,100,30,30,30,24.942543992818173,0.47795950325840864,-0.5503189612982297
2762,100,30,30,30,24.98494397874391,0.4770673440958315,-0.5503189612982297
2763,100,30,30,30,24.830333679349746,0.47921301922131665,-0.5503189612982297
2764,100,30,30,30,24.943632228346004,0.4839114177182642,-0.5503189612982297
2765,100,30,30,30,24.698574233436887,0.4849629566373902,-0.5503189612982297
2766,100,30,30,30,25.042252728387815,0.47818265425599316,-0.5503189612982297
2767,100,30,30,30,24.97739428258047,0.4803095670583883,-0.5503189612982297
2768,100,30,30,30,25.047334521649354,0.48003103063838587,-0.5503189612982297
2769,100,30,30,30,25.05509978162094,0.48135547157453323,-0.5503189612982297
2770,100,30,30,30,24.823824210258188,0.4749462333431676,-0.5503189612982297
2771,100,30,30,30,24.830969640636503,0.4800855141385763,-0.5503189612982297
2772,100,30,30,30,24.939761603316246,0.477200894829115,-0.5503189612982297
2773,100,30,30,30,25.107432544396335,0.4825349062325398,-0.5503189612982297
2774,100,30,30,30,24.807217970795524,0.48012036528838514,-0.5503189612982297
2775,100,30,30,30,24.64904817405217,0.4681837914682476,-0.5503189612982297
2776,100,30,30,30,24.89772444095071,0.4722451956308031,-0.5503189612982297
2777,100,30,30,30,24.549844648715066,0.4723498009904833,-0.5503189612982297
2778,100,30,30,30,24.90381906941621,0.4697155309190176,-0.5503189612982297
2779,100,30,30,30,24.89683358673142,0.46780400279375334,-0.5503189612982297
2780,100,30,30,30,24.820293071363363,0.46735127202577564,-0.5503189612982297
2781,100,30,30,30,24.82256104477395,0.46544236101127734,-0.5503189612982297
2782,100,30,30,30,24.804573489684696,0.4619182599157738,-0.5503189612982297
2783,100,30,30,30,24.76370327874936,0.45969405795100604,-0.5503189612982297
2784,100,30,30,30,24.966230151439937,0.46781372284295447,-0.5503189612982297
2785,100,30,30,30,24.801679667153756,0.4632570636648101,-0.5503189612982297
2786,100,30,30,30,25.108417657832923,0.4611864989564235,-0.5503189612982297
2787,100,30,30,30,24.955414057100732,0.46603976713158235,-0.5503189612982297
2788,100,30,30,30,24.820333340663858,0.46862494933991933,-0.5503189612982297
2789,100,30,30,30,24.626740959332295,0.4653921291614798,-0.5503189612982297
2790,100,30,30,30,24.98709122757638,0.46425452844078846,-0.5503189612982297
2791,100,30,30,30,25.04815387010343,0.47361861603611694,-0.5503189612982297
2792,100,30,30,30,24.906775461379887,0.47624381226615214,-0.5503189612982297
2793,100,30,30,30,25.134608394180542,0.4821007058279769,-0.5503189612982297
2794,100,30,30,30,24.99643014224981,0.4893035880342304,-0.5503189612982297
2795,100,30,30,30,24.973242912313374,0.49133323093348946,-0.5503189612982297
2796,100,30,30,30,24.96283809923844,0.49243886770091194,-0.5503189612982297
2797,100,30,30,30,24.965568554498855,0.4908350186690687,-0.5503189612982297
2798,100,30,30,30,24.87399868847375,0.4873675147913207,-0.5503189612982297
2799,100,30,30,30,24.587667890103795,0.48587111133742017,-0.5503189612982297
2800,100,30,30,30,25.052359376603015,0.4917270261841458,-0.5503189612982297
2801,100,30,30,30,25.030341172542762,0.48960935543869755,-0.5503189612982297
2802,100,30,30,30,24.61266279064548,0.4661742890951658,-0.5503189612982297
2803,100,30,30,30,24.619040189049038,0.4615107016925542,-0.5503189612982297
2804,100,30,30,30,24.922504714706196,0.4671284729092929,-0.5503189612982297
2805,100,30,30,30,25.21734324697871,0.47824660029010907,-0.5503189612982297
2806,100,30,30,30,24.87447495358972,0.48635290666124464,-0.5503189612982297
2807,100,30,30,30,25.005762293967436,0.48474958014837727,-0.5503189612982297
2808,100,30,30,30,24.74403698608512,0.4845344162931649,-0.5503189612982297
2809,100,30,30,30,25.02652122554696,0.484531457129121,-0.5503189612982297
2810,100,30,30,30,25.044369165808067,0.4821757223729838,-0.5503189612982297
2811,100,30,30,30,25.05177510009131,0.4875105952918321,-0.5503189612982297
2812,100,30,30,30,24.76877074910497,0.4924554678530293,-0.5503189612982297
2813,100,30,30,30,24.713978901206325,0.48838693447535286,-0.5503189612982297
2814,100,30,30,30,25.232145986258942,0.4862603473206866,-0.5503189612982297
2815,100,30,30,30,24.871124176362827,0.49036546547637416,-0.5503189612982297
2816,100,30,30,30,25.113066957665612,0.4889787034962539,-0.5503189612982297
2817,100,30,30,30,25.048449941884527,0.48567584212705617,-0.5503189612982297
2818,100,30,30,30,25.150454777708386,0.4866945327284211,-0.5503189612982297
2819,100,30,30,30,24.652561282193687,0.4869390075688294,-0.5503189612982297
2820,100,30,30,30,24.849724075909407,0.4902392230420045,-0.5503189612982297
2821,100,30,30,30,24.788639474629278,0.48664430418919163,-0.5503189612982297
2822,100,30,30,30,25.054267190829453,0.48774838603572124,-0.5503189612982297
2823,100,30,30,30,24.84282271587397,0.48783341645819656,-0.5503189612982297
2824,100,30,30,30,24.884941986036765,0.48303454737407847,-0.5503189612982297
2825,100,30,30,30,24.89204197078904,0.4857547784342265,-0.5503189612982297
2826,100,30,30,30,24.8588625324326,0.48452695393097545,-0.5503189612982297
2827,100,30,30,30,25.000140336269723,0.48769896240273025,-0.5503189612982297
2828,100,30,30,30,24.94749571752341,0.48788507101163187,-0.5503189612982297
2829,100,30,30,30,24.921754772755513,0.4881345241037249,-0.5503189612982297
2830,100,30,30,30,24.986768101285804,0.485734185750317,-0.5503189612982297
2831,100,30,30,30,24.943083036812283,0.4832913324876597,-0.5503189612982297
2832,100,30,30,30,24.67337278548209,0.4780266988285981,-0.5503189612982297
2833,100,30,30,30,25.089312548240898,0.4823230058686449,-0.5503189612982297
2834,100,30,30,30,25.009145031459436,0.48296436274583354,-0.5503189612982297
2835,100,30,30,30,25.00168183824176,0.4866649102614079,-0.5503189612982297
2836,100,30,30,30,24.913984820365165,0.48849292844681813,-0.5503189612982297
2837,100,30,30,30,24.953547731809913,0.49174795898215873,-0.5503189612982297
2838,100,30,30,30,24.240725555475,0.4809714042358432,-0.5503189612982297
2839,100,30,30,30,24.93551028285058,0.4847722129234454,-0.5503189612982297
2840,100,30,30,30,24.86122602579602,0.4832150689767372,-0.5503189612982297
2841,100,30,30,30,25.039122018311147,0.48304408459684184,-0.5503189612982297
2842,100,30,30,30,25.22963986526152,0.48154029446713126,-0.5503189612982297
2843,100,30,30,30,24.668783407056573,0.484497150030027,-0.5503189612982297
2844,100,30,30,30,25.032925005186407,0.4887727006285423,-0.5503189612982297
2845,100,30,30,30,25.026374808997858,0.4827233778110592,-0.5503189612982297
2846,100,30,30,30,24.633853468136138,0.47699354782062653,-0.5503189612982297
2847,100,30,30,30,24.845161924796685,0.47118920811838216,-0.5503189612982297
2848,100,30,30,30,24.90856974904571,0.4770955973360856,-0.5503189612982297
2849,100,30,30,30,24.74889210057951,0.47636302487742727,-0.5503189612982297
2850,100,30,30,30,25.002600531048678,0.48170502086964107,-0.5503189612982297
2851,100,30,30,30,25.033868357977788,0.49140912700666123,-0.5503189612982297
2852,100,30,30,30,24.181098392000465,0.4745083536610421,-0.5503189612982297
2853,100,30,30,30,24.500136856084534,0.46969440565072884,-0.5503189612982297
2854,100,30,30,30,24.8330898692697,0.46612578222427964,-0.5503189612982297
2855,100,30,30,30,24.913861842597193,0.4713798082457779,-0.5503189612982297
2856,100,30,30,30,25.129392456696518,0.47282760476391905,-0.5503189612982297
2857,100,30,30,30,25.027840389293047,0.478886362932762,-0.5503189612982297
2858,100,30,30,30,24.405014961446973,0.4736097811009732,-0.5503189612982297
2859,100,30,30,30,24.87658734735712,0.47565733751637423,-0.5503189612982297
2860,100,30,30,30,24.9021007449332,0.4752303600684741,-0.5503189612982297
2861,100,30,30,30,24.90711382496884,0.4725278864532496,-0.5503189612982297
2862,100,30,30,30,24.653751630277434,0.4665071349358027,-0.5503189612982297
2863,100,30,30,30,25.053821119341233,0.4662767577458577,-0.5503189612982297
2864,100,30,30,30,24.879798626852377,0.46748944984079416,-0.5503189612982297
2865,100,30,30,30,24.86886213406444,0.47655181493441906,-0.5503189612982297
2866,100,30,30,30,25.0684085039966,0.48246542643551893,-0.5503189612982297
2867,100,30,30,30,24.67501673157897,0.4808070263674005,-0.5503189612982297
2868,100,30,30,30,24.58735010839259,0.4853645307653081,-0.5503189612982297
2869,100,30,30,30,25.05681513780075,0.4821475185445341,-0.5503189612982297
2870,100,30,30,30,24.790284565061143,0.48026023732660944,-0.5503189612982297
2871,100,30,30,30,25.031363082069383,0.4818738217486373,-0.5503189612982297
2872,100,30,30,30,24.957522350658866,0.47513481388745354,-0.5503189612982297
2873,100,30,30,30,24.992031810868575,0.48097783379128095,-0.5503189612982297
2874,100,30,30,30,25.002114705322818,0.48968277365851653,-0.5503189612982297
2875,100,30,30,30,24.928862291559057,0.4845887057554806,-0.5503189612982297
2876,100,30,30,30,24.665103956387583,0.4808182096992993,-0.5503189612982297
2877,100,30,30,30,25.01775361008612,0.4891116054450611,-0.5503189612982297
2878,100,30,30,30,24.92579454580966,0.498101453302864,-0.5503189612982297
2879,100,30,30,30,24.93023882259461,0.49864271606346805,-0.5503189612982297
2880,100,30,30,30,24.802612330801047,0.4983634563482725,-0.5503189612982297
2881,100,30,30,30,25.07135318093049,0.5056641268883579,-0.5503189612982297
2882,100,30,30,30,24.87284386813474,0.5043109949112067,-0.5503189612982297
2883,100,30,30,30,25.065979888461587,0.5091395129867763,-0.5503189612982297
2884,100,30,30,30,24.935391517663593,0.5080161318747312,-0.5503189612982297
2885,100,30,30,30,24.907896924580726,0.4996107865175025,-0.5503189612982297
2886,100,30,30,30,24.750821553932532,0.494485997184077,-0.5503189612982297
2887,100,30,30,30,24.76721769437173,0.4978631456320725,-0.5503189612982297
2888,100,30,30,30,24.859188460760922,0.5006239446427585,-0.5503189612982297
2889,100,30,30,30,24.88250650851753,0.498487661570041,-0.5503189612982297
2890,100,30,30,30,24.45684631840055,0.49440659907637935,-0.5503189612982297
2891,100,30,30,30,24.35425329092744,0.48819376119868685,-0.5503189612982297
2892,100,30,30,30,24.86476859712582,0.4868170498460512,-0.5503189612982297
2893,100,30,30,30,24.99694626488867,0.4843041212939089,-0.5503189612982297
2894,100,30,30,30,24.737226266755922,0.4863134881927123,-0.5503189612982297
2895,100,30,30,30,24.61093933180792,0.49030830584517276,-0.5503189612982297
2896,100,30,30,30,25.04379260931742,0.49799890513242356,-0.5503189612982297
2897,100,30,30,30,24.85750853072429,0.49755596067283475,-0.5503189612982297
2898,100,30,30,30,24.906450775159268,0.5027021767066562,-0.5503189612982297
2899,100,30,30,30,24.876362977221792,0.5036533368486968,-0.5503189612982297
2900,100,30,30,30,25.33359436185289,0.5015849234124231,-0.5503189612982297
2901,100,30,30,30,24.936860793834544,0.5015547572100306,-0.5503189612982297
2902,100,30,30,30,24.765465428679065,0.4895956639715068,-0.5503189612982297
2903,100,30,30,30,24.929128946515817,0.49480150253874455,-0.5503189612982297
2904,100,30,30,30,24.911403359645554,0.4979115776111106,-0.5503189612982297
2905,100,30,30,30,24.90890831803969,0.49971666895797245,-0.5503189612982297
2906,100,30,30,30,24.859725944364627,0.49893820463290733,-0.5503189612982297
2907,100,30,30,30,25.024376354159756,0.49879865968740983,-0.5503189612982297
2908,100,30,30,30,24.874435471873262,0.49625419981218977,-0.5503189612982297
2909,100,30,30,30,24.753910520629812,0.4917418618827248,-0.5503189612982297
2910,100,30,30,30,24.494603868659517,0.4871296200399854,-0.5503189612982297
2911,100,30,30,30,24.757257865956923,0.4830367079962725,-0.5503189612982297
2912,100,30,30,30,25.01186863793992,0.4850027577185218,-0.5503189612982297
2913,100,30,30,30,24.965228495329345,0.48348481611388205,-0.5503189612982297
2914,100,30,30,30,24.81880386760941,0.4853383533893594,-0.5503189612982297
2915,100,30,30,30,24.989768049696316,0.48792384369062985,-0.5503189612982297
2916,100,30,30,30,24.992482866652207,0.4891527937610047,-0.5503189612982297
2917,100,30,30,30,24.988338552629088,0.49515028768058145,-0.5503189612982297
2918,100,30,30,30,25.082031288166448,0.5002500646191086,-0.5503189612982297
2919,100,30,30,30,24.987784900068572,0.49644262196830535,-0.5503189612982297
2920,100,30,30,30,25.00284261247668,0.494121167099361,-0.5503189612982297
2921,100,30,30,30,25.037561809015536,0.5001804526995013,-0.5503189612982297
2922,100,30,30,30,24.846416903025393,0.5018707550971399,-0.5503189612982297
2923,100,30,30,30,25.11915746507257,0.5026955590413162,-0.5503189612982297
2924,100,30,30,30,24.974253060397416,0.5025511778704495,-0.5503189612982297
2925,100,30,30,30,24.983457055118336,0.5048886734045619,-0.5503189612982297
2926,100,30,30,30,25.00670921947286,0.5056757378557698,-0.5503189612982297
2927,100,30,30,30,24.14855577766627,0.4921085890895039,-0.5503189612982297
2928,100,30,30,30,24.982333445055836,0.4897121743758501,-0.5503189612982297
2929,100,30,30,30,24.49519093092369,0.4890125808643447,-0.5503189612982297
2930,100,30,30,30,24.69090729552542,0.48639210745274203,-0.5503189612982297
2931,100,30,30,30,24.94890079117956,0.48561485837363116,-0.5503189612982297
2932,100,30,30,30,24.68917326073987,0.4785229826458999,-0.5503189612982297
2933,100,30,30,30,25.079091788970402,0.4820878229824195,-0.5503189612982297
2934,100,30,30,30,24.850109023018902,0.47982228034243235,-0.5503189612982297
2935,100,30,30,30,24.99508141756516,0.48520562600322037,-0.5503189612982297
2936,100,30,30,30,24.90224103195025,0.4784008063581923,-0.5503189612982297
2937,100,30,30,30,25.1164098236324,0.48393461618076616,-0.5503189612982297
2938,100,30,30,30,24.84088480340193,0.4890877381624919,-0.5503189612982297
2939,100,30,30,30,25.067283085783536,0.4945108070382327,-0.5503189612982297
2940,100,30,30,30,25.074986771928618,0.4953191548781433,-0.5503189612982297
2941,100,30,30,30,24.996025069955365,0.4993572118817899,-0.5503189612982297
2942,100,30,30,30,24.938568509231843,0.4920222799497525,-0.5503189612982297
2943,100,30,30,30,25.056785779269,0.48197331575200125,-0.5503189612982297
2944,100,30,30,30,24.916579628553194,0.481386717797071,-0.5503189612982297
2945,100,30,30,30,24.707035464150238,0.48301645473752525,-0.5503189612982297
2946,100,30,30,30,24.928140756948494,0.48395566210152685,-0.5503189612982297
2947,100,30,30,30,25.205791586388216,0.48794434852971286,-0.5503189612982297
2948,100,30,30,30,25.12016676417983,0.4863711980097392,-0.5503189612982297
2949,100,30,30,30,24.70565706293995,0.4848442451364961,-0.5503189612982297
2950,100,30,30,30,24.730165305204707,0.48364089495064166,-0.5503189612982297
2951,100,30,30,30,25.20499709264863,0.48529644974590247,-0.5503189612982297
2952,100,30,30,30,24.619656121544693,0.4826576560928549,-0.5503189612982297
2953,100,30,30,30,24.858365124784818,0.4802851108182593,-0.5503189612982297
2954,100,30,30,30,25.066249499554612,0.4811215818830652,-0.5503189612982297
2955,100,30,30,30,24.969889655419607,0.4839326566191485,-0.5503189612982297
2956,100,30,30,30,24.96838740399075,0.48295668730146896,-0.5503189612982297
2957,100,30,30,30,24.95997393396967,0.484318291330464,-0.5503189612982297
2958,100,30,30,30,25.137787454809008,0.48408454353071206,-0.5503189612982297
2959,100,30,30,30,24.468316474312296,0.48088315283611244,-0.5503189612982297
2960,100,30,30,30,25.03791828129858,0.48327482344002926,-0.5503189612982297
2961,100,30,30,30,24.966263695834144,0.48551600739588746,-0.5503189612982297
2962,100,30,30,30,25.27656655157983,0.4866866797905708,-0.5503189612982297
2963,100,30,30,30,25.007710602701547,0.4899412103135255,-0.5503189612982297
2964,100,30,30,30,24.77542100586072,0.4908997453678951,-0.5503189612982297
2965,100,30,30,30,24.951136798988486,0.4938457737876203,-0.5503189612982297
2966,100,30,30,30,24.960771649324748,0.49755488351757515,-0.5503189612982297
2967,100,30,30,30,24.598376126600876,0.4915527862116877,-0.5503189612982297
2968,100,30,30,30,24.849408176041372,0.48869251431675165,-0.5503189612982297
2969,100,30,30,30,24.971537926312926,0.49357855847821475,-0.5503189612982297
2970,100,30,30,30,24.934544701377867,0.4955310801794109,-0.5503189612982297
2971,100,30,30,30,23.93972859234778,0.4836297149534372,-0.5503189612982297
2972,100,30,30,30,25.049581356577182,0.48718193435659113,-0.5503189612982297
2973,100,30,30,30,24.78093390627727,0.4872070042819117,-0.5503189612982297
2974,100,30,30,30,24.883301522494712,0.48631903767119433,-0.5503189612982297
2975,100,30,30,30,24.942085436994162,0.4831510030750412,-0.5503189612982297
2976,100,30,30,30,25.038649361284513,0.4894252585096513,-0.5503189612982297
2977,100,30,30,30,24.759024837743194,0.4850332467809894,-0.5503189612982297
2978,100,30,30,30,25.02373869276959,0.48399819784181336,-0.5503189612982297
2979,100,30,30,30,25.09580482407072,0.4861118308668049,-0.5503189612982297
2980,100,30,30,30,24.769673786436513,0.48182905008385263,-0.5503189612982297
2981,100,30,30,30,24.894167797058184,0.4822112592121994,-0.5503189612982297
2982,100,30,30,30,24.892433200703593,0.47983140884647163,-0.5503189612982297
2983,100,30,30,30,24.75798777246627,0.4786980175248658,-0.5503189612982297
2984,100,30,30,30,24.428124463905686,0.47281331056701514,-0.5503189612982297
2985,100,30,30,30,24.969435176718818,0.4746561151277481,-0.5503189612982297
2986,100,30,30,30,24.98197452844409,0.47623509217116405,-0.5503189612982297
2987,100,30,30,30,24.92860460831179,0.47622175959491425,-0.5503189612982297
2988,100,30,30,30,24.741639445527408,0.48123132818337877,-0.5503189612982297
2989,100,30,30,30,25.083565622310793,0.4822187853697597,-0.5503189612982297
2990,100,30,30,30,24.72851179426131,0.4788932404362167,-0.5503189612982297
2991,100,30,30,30,25.12283686762685,0.47877623948762504,-0.5503189612982297
2992,100,30,30,30,24.826629484511805,0.48333305707490043,-0.5503189612982297
2993,100,30,30,30,24.81103743376429,0.48902053355992103,-0.5503189612982297
2994,100,30,30,30,25.060480471786704,0.4865349539953435,-0.5503189612982297
2995,100,30,30,30,24.94012279318512,0.4862500284245901,-0.5503189612982297
2996,100,30,30,30,25.129576517727536,0.4876616165461817,-0.5503189612982297
2997,100,30,30,30,24.97604417342078,0.4891147166981095,-0.5503189612982297
2998,100,30,30,30,25.019595805779836,0.49138996928819,-0.5503189612982297
2999,100,30,30,30,24.976929892888815,0.4916891360976116,-0.5503189612982297
3000,100,30,30,30,24.92544701797436,0.5010445979539112,-0.5503189612982297
3001,100,30,30,30,24.928072193851655,0.5036012186876998,-0.5503189612982297
3002,100,30,30,30,25.129477373623114,0.5070541074479339,-0.5503189612982297
3003,100,30,30,30,24.808546707704785,0.49970690828096936,-0.5503189612982297
3004,100,30,30,30,24.82994534760249,0.5051402248907881,-0.5503189612982297
3005,100,30,30,30,24.820476793403387,0.5026862363451651,-0.5503189612982297
3006,100,30,30,30,24.928431866411096,0.5041968306442355,-0.5503189612982297
3007,100,30,30,30,24.99196383893506,0.500600159136102,-0.5503189612982297
3008,100,30,30,30,24.480359690040768,0.49273139448885467,-0.5503189612982297
3009,100,30,30,30,24.879710256842845,0.4959399353407459,-0.5503189612982297
3010,100,30,30,30,24.861993387722848,0.4933583881598264,-0.5503189612982297
3011,100,30,30,30,24.89181191031196,0.4951822250692113,-0.5503189612982297
3012,100,30,30,30,24.99751635519724,0.48862188221844066,-0.5503189612982297
3013,100,30,30,30,24.892236111746946,0.4854702584273539,-0.5503189612982297
3014,100,30,30,30,24.87477745504397,0.491119100942098,-0.5503189612982297
3015,100,30,30,30,25.14391434509158,0.4916703146963004,-0.5503189612982297
3016,100,30,30,30,24.761216955467333,0.48871469110174326,-0.5503189612982297
3017,100,30,30,30,24.92931323880142,0.48599133860098953,-0.5503189612982297
3018,100,30,30,30,24.94869008393987,0.48316145596470556,-0.5503189612982297
3019,100,30,30,30,24.874329835667822,0.48629796539436226,-0.5503189612982297
3020,100,30,30,30,24.812742609477127,0.48771324264886745,-0.5503189612982297
3021,100,30,30,30,24.988981548469795,0.492325095477922,-0.5503189612982297
3022,100,30,30,30,24.540328611081385,0.4921660521164315,-0.5503189612982297
3023,100,30,30,30,24.913453313728784,0.4889445595460021,-0.5503189612982297
3024,100,30,30,30,25.259799422188735,0.49160220066985827,-0.5503189612982297
3025,100,30,30,30,24.86992046406951,0.48739793580233115,-0.5503189612982297
3026,100,30,30,30,24.674017401271637,0.48092997973084195,-0.5503189612982297
3027,100,30,30,30,24.979066161596315,0.4827015918403654,-0.5503189612982297
3028,100,30,30,30,25.04590284213258,0.4856305316855214,-0.5503189612982297
3029,100,30,30,30,24.946823984368876,0.4814466423261878,-0.5503189612982297
3030,100,30,30,30,24.902151644302343,0.48114666884927165,-0.5503189612982297
3031,100,30,30,30,24.45249108935078,0.4792184164025805,-0.5503189612982297
3032,100,30,30,30,24.29091540992105,0.4748957163635686,-0.5503189612982297
3033,100,30,30,30,24.905164841386338,0.4816475051103427,-0.5503189612982297
3034,100,30,30,30,24.988149016915887,0.4842156845890064,-0.5503189612982297
3035,100,30,30,30,24.6781301709065,0.47965279070490724,-0.5503189612982297
3036,100,30,30,30,24.72198371686428,0.48189044640147255,-0.5503189612982297
3037,100,30,30,30,24.635754749298044,0.47720198800633123,-0.5503189612982297
3038,100,30,30,30,24.74624271579652,0.4728705395849077,-0.5503189612982297
3039,100,30,30,30,24.854636553779617,0.47801879787116985,-0.5503189612982297
3040,100,30,30,30,24.73453710611523,0.4784135048853946,-0.5503189612982297
3041,100,30,30,30,24.81257952634305,0.4757493246810708,-0.5503189612982297
3042,100,30,30,30,25.104416699242705,0.4808799174452575,-0.5503189612982297
3043,100,30,30,30,24.908170864496377,0.47390199388128035,-0.5503189612982297
3044,100,30,30,30,24.873371991067053,0.4814538589038068,-0.5503189612982297
3045,100,30,30,30,24.971822879432075,0.48227269786019056,-0.5503189612982297
3046,100,30,30,30,25.108716345718904,0.4889515907407003,-0.5503189612982297
3047,100,30,30,30,24.496943018859845,0.48706418269715257,-0.5503189612982297
3048,100,30,30,30,24.856803835950842,0.48771703160835367,-0.5503189612982297
3049,100,30,30,30,24.89706683398107,0.48011876866985503,-0.5503189612982297
3050,100,30,30,30,24.990831659392594,0.480579856500907,-0.5503189612982297
3051,100,30,30,30,24.268977882259342,0.47865939820121384,-0.5503189612982297
3052,100,30,30,30,24.71031648217751,0.48149127403469955,-0.5503189612982297
3053,100,30,30,30,24.49964726853311,0.4739419060431855,-0.5503189612982297
3054,100,30,30,30,24.95542205118931,0.4737127518195801,-0.5503189612982297
3055,100,30,30,30,24.418462096166515,0.4684863350096344,-0.5503189612982297
3056,100,30,30,30,24.78549798133839,0.46488530414352625,-0.5503189612982297
3057,100,30,30,30,24.89676429167033,0.46470062222917985,-0.5503189612982297
3058,100,30,30,30,24.527345257103015,0.4619152086022759,-0.5503189612982297
3059,100,30,30,30,25.137358821817656,0.4634721596405147,-0.5503189612982297
3060,100,30,30,30,24.860076932816376,0.4615842277529144,-0.5503189612982297
3061,100,30,30,30,24.882180791352383,0.4685205581214288,-0.5503189612982297
3062,100,30,30,30,25.000739972256294,0.4665882118625859,-0.5503189612982297
3063,100,30,30,30,24.95230878506942,0.46742157586949284,-0.5503189612982297
3064,100,30,30,30,24.905237756759444,0.4788077852286943,-0.5503189612982297
3065,100,30,30,30,25.02669826506197,0.485828452273068,-0.5503189612982297
3066,100,30,30,30,24.894964691856025,0.48870493811746696,-0.5503189612982297
3067,100,30,30,30,24.346730225563284,0.4753088977078234,-0.5503189612982297
3068,100,30,30,30,25.011268283920685,0.4752667027206341,-0.5503189612982297
3069,100,30,30,30,24.946791519307087,0.4767461930786318,-0.5503189612982297
3070,100,30,30,30,24.834249155992396,0.47395632279282274,-0.5503189612982297
3071,100,30,30,30,25.039845948142048,0.47873139558201316,-0.5503189612982297
3072,100,30,30,30,24.888576526062042,0.488056678021093,-0.5503189612982297
3073,100,30,30,30,24.75401579360669,0.48414648904723817,-0.5503189612982297
3074,100,30,30,30,25.099022827316645,0.48983006522760897,-0.5503189612982297
3075,100,30,30,30,24.50194357891496,0.48582795527505057,-0.5503189612982297
3076,100,30,30,30,24.92764669793819,0.49023112698346544,-0.5503189612982297
3077,100,30,30,30,24.730424191064017,0.48264439923317953,-0.5503189612982297
3078,100,30,30,30,24.8007634398207,0.4801292889595069,-0.5503189612982297
3079,100,30,30,30,24.866558931589715,0.479091986653015,-0.5503189612982297
3080,100,30,30,30,24.991961359530723,0.48863291645390755,-0.5503189612982297
3081,100,30,30,30,24.67473333895036,0.48548133157090945,-0.5503189612982297
3082,100,30,30,30,24.997241339207108,0.4888616664429718,-0.5503189612982297
3083,100,30,30,30,24.98661684042414,0.49571493510725,-0.5503189612982297
3084,100,30,30,30,24.955551938149515,0.49974094900224525,-0.5503189612982297
3085,100,30,30,30,25.04476849264124,0.49930459923213866,-0.5503189612982297
3086,100,30,30,30,24.94669877184885,0.4979316311774403,-0.5503189612982297
3087,100,30,30,30,24.81027212131513,0.49802780790704143,-0.5503189612982297
3088,100,30,30,30,24.417884992038374,0.4993137744587156,-0.5503189612982297
3089,100,30,30,30,24.899556306851707,0.4974264138080394,-0.5503189612982297
3090,100,30,30,30,24.95147279865249,0.5020546015972391,-0.5503189612982297
3091,100,30,30,30,24.64932413658112,0.5013779533006718,-0.5503189612982297
3092,100,30,30,30,24.852223335596392,0.4999517740346028,-0.5503189612982297
3093,100,30,30,30,24.69150588570811,0.5037992056599572,-0.5503189612982297
3094,100,30,30,30,24.64138305088045,0.5000818439769875,-0.5503189612982297
3095,100,30,30,30,24.920204803566357,0.5035898579316944,-0.5503189612982297
3096,100,30,30,30,24.83807143714028,0.5002182797146523,-0.5503189612982297
3097,100,30,30,30,24.902018822722365,0.4983746577928351,-0.5503189612982297
3098,100,30,30,30,24.986593527805386,0.49194451870124667,-0.5503189612982297
3099,100,30,30,30,24.892816031218516,0.49460584530103946,-0.5503189612982297
3100,100,30,30,30,25.11181419391632,0.505086217209727,-0.5503189612982297
3101,100,30,30,30,24.798876250200124,0.4983330574461903,-0.5503189612982297
3102,100,30,30,30,24.94009438202648,0.49278829366926025,-0.5503189612982297
3103,100,30,30,30,24.978176881220946,0.4958870049339626,-0.5503189612982297
3104,100,30,30,30,24.900968356314742,0.49774176274323256,-0.5503189612982297
3105,100,30,30,30,24.901455841646538,0.4898871296343045,-0.5503189612982297
3106,100,30,30,30,24.852008951692987,0.49211612804807153,-0.5503189612982297
3107,100,30,30,30,25.066326327321043,0.4902956480340398,-0.5503189612982297
3108,100,30,30,30,24.723642868438354,0.484586787865995,-0.5503189612982297
3109,100,30,30,30,24.8731653619715,0.487835271193874,-0.5503189612982297
3110,100,30,30,30,24.58763187119098,0.48765529637565846,-0.5503189612982297
3111,100,30,30,30,25.106600127593055,0.49248976581716336,-0.5503189612982297
3112,100,30,30,30,24.918810111347128,0.4966342489384577,-0.5503189612982297
3113,100,30,30,30,25.069325695714078,0.5006840725442075,-0.5503189612982297
3114,100,30,30,30,24.282408860446743,0.4926388557282405,-0.5503189612982297
3115,100,30,30,30,24.96144742424584,0.4931655557475834,-0.5503189612982297
3116,100,30,30,30,24.978470355530504,0.4884609613899662,-0.5503189612982297
3117,100,30,30,30,25.33737455286071,0.48969496764245163,-0.5503189612982297
3118,100,30,30,30,24.892768197895442,0.48864291171659613,-0.5503189612982297
3119,100,30,30,30,24.9977458868055,0.48832862020807033,-0.5503189612982297
3120,100,30,30,30,24.971294227002296,0.4848289677526371,-0.5503189612982297
3121,100,30,30,30,25.027971807204324,0.4864069618017925,-0.5503189612982297
3122,100,30,30,30,24.91419992175672,0.4855898139154665,-0.5503189612982297
3123,100,30,30,30,24.589209591075086,0.47551438189643075,-0.5503189612982297
3124,100,30,30,30,25.159179592345183,0.4810525697559794,-0.5503189612982297
3125,100,30,30,30,24.792071681360333,0.48194107633084105,-0.5503189612982297
3126,100,30,30,30,24.961966631332658,0.4878746261289367,-0.5503189612982297
3127,100,30,30,30,24.915561395827403,0.49206280628835375,-0.5503189612982297
3128,100,30,30,30,24.88988954273567,0.4908713618073893,-0.5503189612982297
3129,100,30,30,30,25.00308957504113,0.48853465363500853,-0.5503189612982297
3130,100,30,30,30,24.47897160368231,0.48204554190281146,-0.5503189612982297
3131,100,30,30,30,24.942220519964216,0.48107885954668256,-0.5503189612982297
3132,100,30,30,30,25.07267249529321,0.48350617694015535,-0.5503189612982297
3133,100,30,30,30,24.893381875969432,0.4866312697802053,-0.5503189612982297
3134,100,30,30,30,24.83758896770526,0.48633422430138123,-0.5503189612982297
3135,100,30,30,30,24.959610681943367,0.48390549556517864,-0.5503189612982297
3136,100,30,30,30,24.87965516018825,0.47682174895998425,-0.5503189612982297
3137,100,30,30,30,24.952184690321666,0.47843519887559044,-0.5503189612982297
3138,100,30,30,30,24.6711915298547,0.47817706720209807,-0.5503189612982297
3139,100,30,30,30,24.807037247531447,0.48086514142952075,-0.5503189612982297
3140,100,30,30,30,24.91630767795671,0.48657089470072196,-0.5503189612982297
3141,100,30,30,30,25.045504524339343,0.48223809108573246,-0.5503189612982297
3142,100,30,30,30,25.079986136406177,0.4829488246789794,-0.5503189612982297
3143,100,30,30,30,24.923162725281095,0.47807396097505234,-0.5503189612982297
3144,100,30,30,30,24.45460966102668,0.47103495294197106,-0.5503189612982297
3145,100,30,30,30,25.092395312808705,0.47118324654710275,-0.5503189612982297
3146,100,30,30,30,24.99259464348559,0.47074357563101515,-0.5503189612982297
3147,100,30,30,30,24.846498129458794,0.47039709751213893,-0.5503189612982297
3148,100,30,30,30,25.01068017160298,0.475528552323993,-0.5503189612982297
3149,100,30,30,30,25.027614627454227,0.4763155594889778,-0.5503189612982297
3150,100,30,30,30,24.862737582201476,0.4794389950121675,-0.5503189612982297
3151,100,30,30,30,25.00586529505224,0.4842252638768724,-0.5503189612982297
3152,100,30,30,30,24.91991916907857,0.48176025722845506,-0.5503189612982297
3153,100,30,30,30,24.841776286379886,0.4803424358905607,-0.5503189612982297
3154,100,30,30,30,24.843485367472496,0.4797038351412286,-0.5503189612982297
3155,100,30,30,30,24.99719718703239,0.4880441302751271,-0.5503189612982297
3156,100,30,30,30,24.803108122643017,0.49023169540375705,-0.5503189612982297
3157,100,30,30,30,24.801234328032308,0.4954268044705313,-0.5503189612982297
3158,100,30,30,30,25.007525197734388,0.49773646808078836,-0.5503189612982297
3159,100,30,30,30,24.830470090084294,0.4947960524845538,-0.5503189612982297
3160,100,30,30,30,24.72303123854401,0.49425367998884207,-0.5503189612982297
3161,100,30,30,30,24.88469217587847,0.4981644437205069,-0.5503189612982297
3162,100,30,30,30,24.95500462107531,0.5028633575610042,-0.5503189612982297
3163,100,30,30,30,24.817465374630466,0.5090433037295069,-0.5503189612982297
3164,100,30,30,30,24.90229658882531,0.5146664296094994,-0.5503189612982297
3165,100,30,30,30,24.97048197680433,0.5207260912329417,-0.5503189612982297
3166,100,30,30,30,24.80329703561302,0.5194494392547762,-0.5503189612982297
3167,100,30,30,30,25.010560204956143,0.520083255065522,-0.5503189612982297
3168,100,30,30,30,24.845995423543968,0.5153887992248132,-0.5503189612982297
3169,100,30,30,30,24.966524046368825,0.5266635894442693,-0.5503189612982297
3170,100,30,30,30,24.696365883155448,0.5231057187128292,-0.5503189612982297
3171,100,30,30,30,24.903861716732266,0.5211076966477781,-0.5503189612982297
3172,100,30,30,30,24.842719680184455,0.5200424537465319,-0.5503189612982297
3173,100,30,30,30,24.853408356160617,0.5229589880847219,-0.5503189612982297
3174,100,30,30,30,24.990105141774343,0.523495432802599,-0.5503189612982297
3175,100,30,30,30,23.906736074798182,0.5125233737359315,-0.5503189612982297
3176,100,30,30,30,24.349367789559167,0.5069822942338191,-0.5503189612982297
3177,100,30,30,30,24.92821349470865,0.5100468999875482,-0.5503189612982297
3178,100,30,30,30,24.950541608217353,0.5102951080438792,-0.5503189612982297
3179,100,30,30,30,24.776238387638124,0.5169470207338372,-0.5503189612982297
3180,100,30,30,30,25.018348514532256,0.5141878514209305,-0.5503189612982297
3181,100,30,30,30,24.94036101318739,0.5181346979666613,-0.5503189612982297
3182,100,30,30,30,25.000638123857726,0.5283773168715691,-0.5503189612982297
3183,100,30,30,30,24.833039986134175,0.5284261567417328,-0.5503189612982297
3184,100,30,30,30,25.074964114945814,0.5192091076096734,-0.5503189612982297
3185,100,30,30,30,24.992574294937178,0.5226871498851463,-0.5503189612982297
3186,100,30,30,30,24.861584330536544,0.5156827538340792,-0.5503189612982297
3187,100,30,30,30,25.09370338206834,0.5117496492230239,-0.5503189612982297
3188,100,30,30,30,24.96748703974945,0.5111583660785196,-0.5503189612982297
3189,100,30,30,30,24.974872517885167,0.5075265727745377,-0.5503189612982297
3190,100,30,30,30,24.98972859997363,0.5018998979579373,-0.5503189612982297
3191,100,30,30,30,24.925151692499703,0.5034792073818376,-0.5503189612982297
3192,100,30,30,30,24.937454683776586,0.5085049127198543,-0.5503189612982297
3193,100,30,30,30,24.81009085546103,0.5113566014593149,-0.5503189612982297
3194,100,30,30,30,24.909113431028327,0.5103413714344984,-0.5503189612982297
3195,100,30,30,30,25.01254499661146,0.5085173594003869,-0.5503189612982297
3196,100,30,30,30,24.876111859856373,0.5088564719837247,-0.5503189612982297
3197,100,30,30,30,25.021625059165558,0.504888681738086,-0.5503189612982297
3198,100,30,30,30,24.933391250891127,0.5093348058680892,-0.5503189612982297
3199,100,30,30,30,25.000198813522633,0.5092970690880261,-0.5503189612982297
3200,100,30,30,30,24.94126780356933,0.5058733175201099,-0.5503189612982297
3201,100,30,30,30,24.898591613767394,0.4983836808209487,-0.5503189612982297
3202,100,30,30,30,24.83197994961793,0.49836079663805594,-0.5503189612982297
3203,100,30,30,30,24.890089630477384,0.5004416409812785,-0.5503189612982297
3204,100,30,30,30,24.99318636955912,0.502543710307188,-0.5503189612982297
3205,100,30,30,30,24.654916051644584,0.501064874857345,-0.5503189612982297
3206,100,30,30,30,24.83674799177802,0.49793940176835455,-0.5503189612982297
3207,100,30,30,30,24.95702465002315,0.49431680533996214,-0.5503189612982297
3208,100,30,30,30,24.805086903420566,0.49379760271813233,-0.5503189612982297
3209,100,30,30,30,24.869551550565454,0.490877074945636,-0.5503189612982297
3210,100,30,30,30,24.552810164085294,0.486749737905596,-0.5503189612982297
3211,100,30,30,30,24.501819576294345,0.49455981720938597,-0.5503189612982297
3212,100,30,30,30,25.057413607840218,0.5030471545413056,-0.5503189612982297
3213,100,30,30,30,24.32148463314418,0.49387790114154634,-0.5503189612982297
3214,100,30,30,30,24.979907492109838,0.49412534011547543,-0.5503189612982297
3215,100,30,30,30,24.950128948515967,0.49678343422317944,-0.5503189612982297
3216,100,30,30,30,25.071026565469854,0.4970565141123292,-0.5503189612982297
3217,100,30,30,30,24.993238663006426,0.5108653903512669,-0.5503189612982297
3218,100,30,30,30,24.677548253505705,0.511865108706455,-0.5503189612982297
3219,100,30,30,30,24.971915028051885,0.5145128004183519,-0.5503189612982297
3220,100,30,30,30,25.091049769593514,0.5125497132918824,-0.5503189612982297
3221,100,30,30,30,25.001089659690294,0.5094000516785678,-0.5503189612982297
3222,100,30,30,30,24.71521296693786,0.5040128033145929,-0.5503189612982297
3223,100,30,30,30,24.97346102538591,0.4996826479021209,-0.5503189612982297
3224,100,30,30,30,25.014085897627446,0.5065490271911596,-0.5503189612982297
3225,100,30,30,30,24.968067650348026,0.5095074926009426,-0.5503189612982297
3226,100,30,30,30,25.00842771051402,0.5129474088403199,-0.5503189612982297
3227,100,30,30,30,24.818183169549037,0.5127628158636327,-0.5503189612982297
3228,100,30,30,30,24.99440365145315,0.5183827854484291,-0.5503189612982297
3229,100,30,30,30,24.867784386982702,0.5197420746990316,-0.5503189612982297
3230,100,30,30,30,25.11331035470843,0.525924141126897,-0.5503189612982297
3231,100,30,30,30,25.07223831858942,0.523962290868323,-0.5503189612982297
3232,100,30,30,30,24.799971687512468,0.5203998498165415,-0.5503189612982297
3233,100,30,30,30,24.968009770103144,0.5263381500256565,-0.5503189612982297
3234,100,30,30,30,24.923603475915773,0.5252196754866473,-0.5503189612982297
3235,100,30,30,30,24.545698430244524,0.5189074891543806,-0.5503189612982297
3236,100,30,30,30,24.97359003735084,0.5155675490305899,-0.5503189612982297
3237,100,30,30,30,24.746975922072828,0.5141508599079703,-0.5503189612982297
3238,100,30,30,30,24.97533292556327,0.5152117210387845,-0.5503189612982297
3239,100,30,30,30,24.89239297149784,0.5217615119317954,-0.5503189612982297
3240,100,30,30,30,24.70647422157784,0.5246311153205855,-0.5503189612982297
3241,100,30,30,30,25.09551335002041,0.5276948566207691,-0.5503189612982297
3242,100,30,30,30,24.76408873623776,0.5231384170673277,-0.5503189612982297
3243,100,30,30,30,24.733602679283116,0.5221254832980419,-0.5503189612982297
3244,100,30,30,30,24.71416633920748,0.5152266555521369,-0.5503189612982297
3245,100,30,30,30,25.063218073822867,0.5205009875010314,-0.5503189612982297
3246,100,30,30,30,24.710508642142337,0.51830417844989,-0.5503189612982297
3247,100,30,30,30,24.938067115946613,0.5142340709149232,-0.5503189612982297
3248,100,30,30,30,25.067179540564986,0.5169689532424121,-0.5503189612982297
3249,100,30,30,30,25.14389099114905,0.5217343494447544,-0.5503189612982297
3250,100,30,30,30,25.017684696106336,0.520481890725118,-0.5503189612982297
3251,100,30,30,30,25.054807597649095,0.5256411653297255,-0.5503189612982297
3252,100,30,30,30,25.143801252975287,0.5292791992781865,-0.5503189612982297
3253,100,30,30,30,24.730018241716866,0.5276390587543028,-0.5503189612982297
3254,100,30,30,30,24.769394042960418,0.5234483240725042,-0.5503189612982297
3255,100,30,30,30,24.932311556386068,0.5266600372593064,-0.5503189612982297
3256,100,30,30,30,24.7054929548122,0.5288426820512617,-0.5503189612982297
3257,100,30,30,30,25.00042688877693,0.5316507034131036,-0.5503189612982297
3258,100,30,30,30,25.26593056402749,0.5335310454014818,-0.5503189612982297
3259,100,30,30,30,24.963814169350897,0.5292110776236955,-0.5503189612982297
3260,100,30,30,30,25.01737864640444,0.527605269261457,-0.5503189612982297
3261,100,30,30,30,25.122140923389853,0.5275004019793753,-0.5503189612982297
3262,100,30,30,30,24.94867052787255,0.5324402693583785,-0.5503189612982297
3263,100,30,30,30,24.897314809146273,0.5286477911596543,-0.5503189612982297
3264,100,30,30,30,24.906639395699123,0.528094873377848,-0.5503189612982297
3265,100,30,30,30,24.993775679899958,0.5316032108233374,-0.5503189612982297
3266,100,30,30,30,24.97087447032295,0.5315485271100816,-0.5503189612982297
3267,100,30,30,30,24.985100663447625,0.5362305243268473,-0.5503189612982297
3268,100,30,30,30,24.90101960881015,0.537464682249736,-0.5503189612982297
3269,100,30,30,30,24.84834688056258,0.5404701920907053,-0.5503189612982297
3270,100,30,30,30,24.580047002435485,0.5318948822282467,-0.5503189612982297
3271,100,30,30,30,24.83579967206323,0.5296241444778712,-0.5503189612982297
3272,100,30,30,30,24.91718261068268,0.5263232195853051,-0.5503189612982297
3273,100,30,30,30,24.505425994109252,0.521483468008678,-0.5503189612982297
3274,100,30,30,30,24.85509985629526,0.5199805736242799,-0.5503189612982297
3275,100,30,30,30,25.056713436775922,0.5207240847870852,-0.5503189612982297
3276,100,30,30,30,25.242489842645455,0.5224976031382593,-0.5503189612982297
3277,100,30,30,30,24.9817575801604,0.5310850931838138,-0.5503189612982297
3278,100,30,30,30,25.09003666311167,0.5306868360864555,-0.5503189612982297
3279,100,30,30,30,25.05013299078182,0.5318128928657443,-0.5503189612982297
3280,100,30,30,30,24.91370349746009,0.532921988305184,-0.5503189612982297
3281,100,30,30,30,24.887571621713946,0.5321270106335723,-0.5503189612982297
3282,100,30,30,30,24.97305315099404,0.5286381489842829,-0.5503189612982297
3283,100,30,30,30,25.027223834611064,0.5267572769042098,-0.5503189612982297
3284,100,30,30,30,24.837938965543962,0.5256116919776899,-0.5503189612982297
3285,100,30,30,30,24.989082269444296,0.5194022892181943,-0.5503189612982297
3286,100,30,30,30,24.924487055713342,0.5160605720413821,-0.5503189612982297
3287,100,30,30,30,24.79592816880703,0.5156092151821616,-0.5503189612982297
3288,100,30,30,30,24.737422675427254,0.5180820838303384,-0.5503189612982297
3289,100,30,30,30,24.66479044372509,0.5181362817970762,-0.5503189612982297
3290,100,30,30,30,24.76729022144802,0.5182304307555885,-0.5503189612982297
3291,100,30,30,30,24.704757023883225,0.5154284999897553,-0.5503189612982297
3292,100,30,30,30,25.03366648676231,0.5154561803245884,-0.5503189612982297
3293,100,30,30,30,24.589557231548454,0.5108782549066816,-0.5503189612982297
3294,100,30,30,30,24.83710162651986,0.5115796975423125,-0.5503189612982297
3295,100,30,30,30,24.67844173667832,0.5094653007164465,-0.5503189612982297
3296,100,30,30,30,24.81772470298212,0.504131093752307,-0.5503189612982297
3297,100,30,30,30,24.780008966094712,0.49949109447233936,-0.5503189612982297
3298,100,30,30,30,24.851817606148042,0.49239675294969315,-0.5503189612982297
3299,100,30,30,30,24.980581959294547,0.49421184810163865,-0.5503189612982297
3300,100,30,30,30,25.31099151022058,0.4918899021681352,-0.5503189612982297
3301,100,30,30,30,25.008158143262108,0.4914284346015009,-0.5503189612982297
3302,100,30,30,30,24.95179666026118,0.48906406964996296,-0.5503189612982297
3303,100,30,30,30,24.92173819960245,0.48910552534380025,-0.5503189612982297
3304,100,30,30,30,24.942698167251315,0.4843960178650284,-0.5503189612982297
3305,100,30,30,30,25.08421345648849,0.48272095830497336,-0.5503189612982297
3306,100,30,30,30,24.75476305581493,0.48566375603449785,-0.5503189612982297
3307,100,30,30,30,24.80002371844754,0.4791692857759287,-0.5503189612982297
3308,100,30,30,30,24.861893337008176,0.4848377875019421,-0.5503189612982297
3309,100,30,30,30,24.955764847551116,0.48629755758702536,-0.5503189612982297
3310,100,30,30,30,24.929322211541326,0.4862339874781203,-0.5503189612982297
3311,100,30,30,30,24.819159566370537,0.48815946414855355,-0.5503189612982297
3312,100,30,30,30,24.80367745874355,0.4870998614581324,-0.5503189612982297
3313,100,30,30,30,24.601677277440622,0.48326216740255595,-0.5503189612982297
3314,100,30,30,30,24.686160989763792,0.4805377655742691,-0.5503189612982297
3315,100,30,30,30,24.960626621456885,0.47937917156121007,-0.5503189612982297
3316,100,30,30,30,24.561740440645657,0.4732563966765723,-0.5503189612982297
3317,100,30,30,30,24.90692652951727,0.4679819010823674,-0.5503189612982297
3318,100,30,30,30,24.73032835158672,0.46852115774947795,-0.5503189612982297
3319,100,30,30,30,24.340812279243288,0.4552809584649114,-0.5503189612982297
3320,100,30,30,30,25.194148833406377,0.45875757963188885,-0.5503189612982297
3321,100,30,30,30,25.026579228128764,0.46444709937334006,-0.5503189612982297
3322,100,30,30,30,24.735191357312267,0.4598809298620093,-0.5503189612982297
3323,100,30,30,30,25.00662128058594,0.4651579267405956,-0.5503189612982297
3324,100,30,30,30,24.881510380882702,0.4702700968538564,-0.5503189612982297
3325,100,30,30,30,24.25528166602551,0.46453642121730415,-0.5503189612982297
3326,100,30,30,30,24.8882638736537,0.468032704989846,-0.5503189612982297
3327,100,30,30,30,24.773495219441422,0.47111140910582705,-0.5503189612982297
3328,100,30,30,30,24.91138671768598,0.46925685700812747,-0.5503189612982297
3329,100,30,30,30,24.94712455970587,0.47414901933186016,-0.5503189612982297
3330,100,30,30,30,24.990283890179406,0.4790010646240134,-0.5503189612982297
3331,100,30,30,30,24.88889199228519,0.4843329233296364,-0.5503189612982297
3332,100,30,30,30,24.803845767253108,0.48179802427290475,-0.5503189612982297
3333,100,30,30,30,24.84780103147385,0.48629716446678983,-0.5503189612982297
3334,100,30,30,30,24.861517728435864,0.48143722466662614,-0.5503189612982297
3335,100,30,30,30,25.040758091486076,0.48823025405507464,-0.5503189612982297
3336,100,30,30,30,24.680704987912357,0.48956767118597255,-0.5503189612982297
3337,100,30,30,30,24.81648515193558,0.48510169634497463,-0.5503189612982297
3338,100,30,30,30,24.826434147767216,0.4840813653837092,-0.5503189612982297
3339,100,30,30,30,24.442829793982206,0.47792906727062284,-0.5503189612982297
3340,100,30,30,30,24.78011061704155,0.4771382472432148,-0.5503189612982297
3341,100,30,30,30,25.039675680318343,0.48039092958885243,-0.5503189612982297
3342,100,30,30,30,25.032269658020994,0.47956466598983943,-0.5503189612982297
3343,100,30,30,30,24.987993581407174,0.48605932325920176,-0.5503189612982297
3344,100,30,30,30,24.93164115758445,0.4934236790888506,-0.5503189612982297
3345,100,30,30,30,24.988691600167286,0.492450999518417,-0.5503189612982297
3346,100,30,30,30,24.961965326198666,0.4914374257516082,-0.5503189612982297
3347,100,30,30,30,25.00755706946925,0.4900745363295152,-0.5503189612982297
3348,100,30,30,30,24.964940216423045,0.48796990011676716,-0.5503189612982297
3349,100,30,30,30,24.567547912179556,0.48970262410175963,-0.5503189612982297
3350,100,30,30,30,25.065626851489334,0.4961146741555732,-0.5503189612982297
3351,100,30,30,30,24.750418464733333,0.49156514045817884,-0.5503189612982297
3352,100,30,30,30,25.022903789402747,0.49549095410466515,-0.5503189612982297
3353,100,30,30,30,25.138986754789553,0.501027626004458,-0.5503189612982297
3354,100,30,30,30,24.817069348963727,0.5015327645666797,-0.5503189612982297
3355,100,30,30,30,24.757989154631247,0.512041963279445,-0.5503189612982297
3356,100,30,30,30,24.822555460423658,0.5126463502331283,-0.5503189612982297
3357,100,30,30,30,25.00399239417718,0.509115043217616,-0.5503189612982297
3358,100,30,30,30,24.83777207031293,0.49884825275943623,-0.5503189612982297
3359,100,30,30,30,24.7330339291782,0.50001891969024,-0.5503189612982297
3360,100,30,30,30,24.86692012809325,0.5033196494512192,-0.5503189612982297
3361,100,30,30,30,25.279517730708264,0.507394354498477,-0.5503189612982297
3362,100,30,30,30,24.916687954405003,0.5079116814548686,-0.5503189612982297
3363,100,30,30,30,24.858686378711404,0.5064606223836526,-0.5503189612982297
3364,100,30,30,30,24.793985815853063,0.4993973980412944,-0.5503189612982297
3365,100,30,30,30,24.979441664888547,0.4918652375292407,-0.5503189612982297
3366,100,30,30,30,24.809581326358902,0.49151683324364936,-0.5503189612982297
3367,100,30,30,30,24.83657034879014,0.4965034635026159,-0.5503189612982297
3368,100,30,30,30,25.10082947429713,0.49874527457995654,-0.5503189612982297
3369,100,30,30,30,24.611362714514325,0.49135619922466683,-0.5503189612982297
3370,100,30,30,30,24.972082297854993,0.4880307144486111,-0.5503189612982297
3371,100,30,30,30,24.678554566266307,0.48145158288323914,-0.5503189612982297
3372,100,30,30,30,24.926232811229482,0.48895846814215915,-0.5503189612982297
3373,100,30,30,30,24.916142380857025,0.4904268456283543,-0.5503189612982297
3374,100,30,30,30,24.8407757821259,0.4905393941818198,-0.5503189612982297
3375,100,30,30,30,25.020951056387354,0.4939092518121227,-0.5503189612982297
3376,100,30,30,30,24.97156273029163,0.5017133388553242,-0.5503189612982297
3377,100,30,30,30,24.96353925856141,0.4932142524569918,-0.5503189612982297
3378,100,30,30,30,24.628787269006477,0.4893789679092704,-0.5503189612982297
3379,100,30,30,30,24.82821980799969,0.4809693703403243,-0.5503189612982297
3380,100,30,30,30,24.94966593148351,0.48344232673690635,-0.5503189612982297
3381,100,30,30,30,25.345227484881626,0.48599876375546175,-0.5503189612982297
3382,100,30,30,30,24.940030474037165,0.48533631609385525,-0.5503189612982297
3383,100,30,30,30,24.26399515688324,0.4776521791017325,-0.5503189612982297
3384,100,30,30,30,24.662623614951073,0.4730425641641317,-0.5503189612982297
3385,100,30,30,30,24.75047228875718,0.4755937199973171,-0.5503189612982297
3386,100,30,30,30,24.782470499313604,0.4708902426420712,-0.5503189612982297
3387,100,30,30,30,24.881535635015947,0.4777470287614288,-0.5503189612982297
3388,100,30,30,30,24.998348197310236,0.48128281108092585,-0.5503189612982297
3389,100,30,30,30,24.791901664720058,0.4797835063055081,-0.5503189612982297
3390,100,30,30,30,24.631210690117744,0.4692630173977954,-0.5503189612982297
3391,100,30,30,30,24.88578432635356,0.47228846760888193,-0.5503189612982297
3392,100,30,30,30,24.85894268243948,0.4760700678804356,-0.5503189612982297
3393,100,30,30,30,24.792975843480058,0.4810013468031917,-0.5503189612982297
3394,100,30,30,30,24.99240473078538,0.478972124581345,-0.5503189612982297
3395,100,30,30,30,24.77287359758997,0.4783613416062164,-0.5503189612982297
3396,100,30,30,30,24.627895204007068,0.46863064944304417,-0.5503189612982297
3397,100,30,30,30,25.059978829280695,0.4727943118335558,-0.5503189612982297
3398,100,30,30,30,25.00012373784407,0.48022028256920474,-0.5503189612982297
3399,100,30,30,30,24.921996624979826,0.4843319916048457,-0.5503189612982297
3400,100,30,30,30,24.74128332433916,0.47817697377545715,-0.5503189612982297
3401,100,30,30,30,24.67023761916507,0.4781339867590414,-0.5503189612982297
3402,100,30,30,30,24.497642979419055,0.4791577133795884,-0.5503189612982297
3403,100,30,30,30,24.693374056303664,0.46915518866052225,-0.5503189612982297
3404,100,30,30,30,25.02337084507474,0.47109264540803203,-0.5503189612982297
3405,100,30,30,30,24.685357943143718,0.4621653589249477,-0.5503189612982297
3406,100,30,30,30,25.179580275720227,0.46286213858965025,-0.5503189612982297
3407,100,30,30,30,24.804298248276304,0.46129589192560444,-0.5503189612982297
3408,100,30,30,30,25.005814273845637,0.4602935604331456,-0.5503189612982297
3409,100,30,30,30,24.9788698288271,0.4569319550951348,-0.5503189612982297
3410,100,30,30,30,24.927948941602025,0.46045298425671116,-0.5503189612982297
3411,100,30,30,30,24.914902393701038,0.4638161023862771,-0.5503189612982297
3412,100,30,30,30,25.07068379357247,0.47317582602542074,-0.5503189612982297
3413,100,30,30,30,24.99119669422128,0.48331044973085907,-0.5503189612982297
3414,100,30,30,30,24.94670532424218,0.48391353724555036,-0.5503189612982297
3415,100,30,30,30,24.905583990617643,0.48758852651024714,-0.5503189612982297
3416,100,30,30,30,24.79512264470718,0.4874723415941855,-0.5503189612982297
3417,100,30,30,30,25.047689277546485,0.4881173739156104,-0.5503189612982297
3418,100,30,30,30,24.720115050178336,0.4798500230390212,-0.5503189612982297
3419,100,30,30,30,24.965116416283806,0.4750272617011441,-0.5503189612982297
3420,100,30,30,30,24.6164413423609,0.46010575820172295,-0.5503189612982297
3421,100,30,30,30,24.98497995775473,0.4646973468880058,-0.5503189612982297
3422,100,30,30,30,24.677954365759295,0.46789717798498104,-0.5503189612982297
3423,100,30,30,30,24.8991797607367,0.47787610120435664,-0.5503189612982297
3424,100,30,30,30,24.421628207326243,0.47536439279020204,-0.5503189612982297
3425,100,30,30,30,24.848556168997135,0.4825618965292519,-0.5503189612982297
3426,100,30,30,30,25.215600470540373,0.4869177932114093,-0.5503189612982297
3427,100,30,30,30,24.839591536959254,0.4814057462304765,-0.5503189612982297
3428,100,30,30,30,24.969994343073125,0.487585870455787,-0.5503189612982297
3429,100,30,30,30,24.635627294054984,0.47721686793980606,-0.5503189612982297
3430,100,30,30,30,24.833790572725118,0.47418756663625916,-0.5503189612982297
3431,100,30,30,30,24.988338547265727,0.48302630186932,-0.5503189612982297
3432,100,30,30,30,24.395092974602214,0.4827874592931261,-0.5503189612982297
3433,100,30,30,30,24.639145091001268,0.4841166401429612,-0.5503189612982297
3434,100,30,30,30,24.827708197886,0.4853699159767049,-0.5503189612982297
3435,100,30,30,30,24.996067015486254,0.484581251677329,-0.5503189612982297
3436,100,30,30,30,24.95748612440289,0.483367477121677,-0.5503189612982297
3437,100,30,30,30,24.92300219260946,0.4779564025401695,-0.5503189612982297
3438,100,30,30,30,25.00999564654864,0.4783927368007712,-0.5503189612982297
3439,100,30,30,30,24.884615484612414,0.4836499040534414,-0.5503189612982297
3440,100,30,30,30,24.261893623139947,0.48000211656668146,-0.5503189612982297
3441,100,30,30,30,24.50753226434267,0.47744948248525987,-0.5503189612982297
3442,100,30,30,30,24.809542429521393,0.47577156135753335,-0.5503189612982297
3443,100,30,30,30,25.077091968747396,0.4798907798550639,-0.5503189612982297
3444,100,30,30,30,24.940789679329278,0.47297634182528764,-0.5503189612982297
3445,100,30,30,30,24.594121994536675,0.4745581962706198,-0.5503189612982297
3446,100,30,30,30,25.005868379332057,0.47871568465523595,-0.5503189612982297
3447,100,30,30,30,24.95071742470801,0.47728790208214206,-0.5503189612982297
3448,100,30,30,30,25.098305556144847,0.4771525554103251,-0.5503189612982297
3449,100,30,30,30,24.703309984236867,0.48001569326500604,-0.5503189612982297
3450,100,30,30,30,24.848468926672517,0.4827166987994403,-0.5503189612982297
3451,100,30,30,30,24.67129914297979,0.48115067197459294,-0.5503189612982297
3452,100,30,30,30,25.031086384148043,0.4838720894244174,-0.5503189612982297
3453,100,30,30,30,24.937214232684582,0.48798381133027524,-0.5503189612982297
3454,100,30,30,30,24.78956209942695,0.49398342118702293,-0.5503189612982297
3455,100,30,30,30,24.51108731196551,0.4899903872795831,-0.5503189612982297
3456,100,30,30,30,24.956170768503736,0.48959252515048296,-0.5503189612982297
3457,100,30,30,30,24.920516909747924,0.4899857525663085,-0.5503189612982297
3458,100,30,30,30,24.433126626871726,0.48545673317464266,-0.5503189612982297
3459,100,30,30,30,24.72496063241848,0.4850040050868554,-0.5503189612982297
3460,100,30,30,30,24.660200157041267,0.4870593970555447,-0.5503189612982297
3461,100,30,30,30,24.846875312912935,0.48932660079404044,-0.5503189612982297
3462,100,30,30,30,24.97469473298583,0.49005531638293587,-0.5503189612982297
3463,100,30,30,30,24.958346578395506,0.4886136518621412,-0.5503189612982297
3464,100,30,30,30,25.185549538559933,0.48901015386243823,-0.5503189612982297
3465,100,30,30,30,24.964477286617548,0.49603339198645163,-0.5503189612982297
3466,100,30,30,30,24.64378601361411,0.4912373440559782,-0.5503189612982297
3467,100,30,30,30,24.726221611738346,0.4890299256846664,-0.5503189612982297
3468,100,30,30,30,25.070450893255273,0.49265287262126883,-0.5503189612982297
3469,100,30,30,30,24.383640503655773,0.4833211000587263,-0.5503189612982297
3470,100,30,30,30,24.94549529437893,0.485348339795304,-0.5503189612982297
3471,100,30,30,30,24.97717500641089,0.48568179981780935,-0.5503189612982297
3472,100,30,30,30,24.9212359377198,0.4843996288734668,-0.5503189612982297
3473,100,30,30,30,24.567546640453564,0.491480537908096,-0.5503189612982297
3474,100,30,30,30,24.84651263255971,0.48383263194233006,-0.5503189612982297
3475,100,30,30,30,24.730507166267884,0.4824217789005636,-0.5503189612982297
3476,100,30,30,30,24.75649536691347,0.48408609406494796,-0.5503189612982297
3477,100,30,30,30,25.023739766558858,0.48997257803697736,-0.5503189612982297
3478,100,30,30,30,25.14753954122368,0.4898560493502123,-0.5503189612982297
3479,100,30,30,30,25.10834768790322,0.47878632070077237,-0.5503189612982297
3480,100,30,30,30,25.036071691287155,0.4821581486055684,-0.5503189612982297
3481,100,30,30,30,25.27160970233441,0.4857155007735725,-0.5503189612982297
3482,100,30,30,30,24.962654751855784,0.489222962067362,-0.5503189612982297
3483,100,30,30,30,25.155590973183333,0.49033758961200063,-0.5503189612982297
3484,100,30,30,30,24.797298885229704,0.481345318267763,-0.5503189612982297
3485,100,30,30,30,24.857729226119197,0.4856859079073934,-0.5503189612982297
3486,100,30,30,30,24.96498974741068,0.4896435749061589,-0.5503189612982297
3487,100,30,30,30,24.974386349018957,0.4973805454125359,-0.5503189612982297
3488,100,30,30,30,24.857981016919442,0.49850466669056703,-0.5503189612982297
3489,100,30,30,30,24.99924216337934,0.49344352155052684,-0.5503189612982297
3490,100,30,30,30,25.095759160091404,0.4904056346993997,-0.5503189612982297
3491,100,30,30,30,25.013546446025824,0.4876697035374498,-0.5503189612982297
3492,100,30,30,30,24.955342850028565,0.47582987445062314,-0.5503189612982297
3493,100,30,30,30,24.953381072254547,0.4742239979977566,-0.5503189612982297
3494,100,30,30,30,23.361873499537452,0.4586666123200663,-0.5503189612982297
3495,100,30,30,30,24.84821247262746,0.46347803616622557,-0.5503189612982297
3496,100,30,30,30,24.894663446989583,0.4622241488921692,-0.5503189612982297
3497,100,30,30,30,24.922851403653027,0.4564142130222651,-0.5503189612982297
3498,100,30,30,30,24.74449834437482,0.4524403969652759,-0.5503189612982297
3499,100,30,30,30,24.882146153370066,0.4510922076763041,-0.5503189612982297
3500,100,30,30,30,23.91463969165156,0.43956942212532474,-0.5503189612982297
3501,100,30,30,30,24.98529092758779,0.4403164997988645,-0.5503189612982297
3502,100,30,30,30,24.90296794242922,0.442039951982022,-0.5503189612982297
3503,100,30,30,30,24.93227389086414,0.4460458970266997,-0.5503189612982297
3504,100,30,30,30,25.050895090622788,0.4510040141909587,-0.5503189612982297
3505,100,30,30,30,24.916744307081835,0.45377145771388266,-0.5503189612982297
3506,100,30,30,30,24.798242408079012,0.4468220170182153,-0.5503189612982297
3507,100,30,30,30,24.92700761850051,0.43990996037338137,-0.5503189612982297
3508,100,30,30,30,24.775293043593294,0.4479193162927772,-0.5503189612982297
3509,100,30,30,30,24.902051147767793,0.4562321713710085,-0.5503189612982297
3510,100,30,30,30,24.814875422784056,0.4513440216531048,-0.5503189612982297
3511,100,30,30,30,23.533237439919162,0.43638259224929127,-0.5503189612982297
3512,100,30,30,30,24.975816970783267,0.44118019093130995,-0.5503189612982297
3513,100,30,30,30,24.987415550249565,0.4436027497785873,-0.5503189612982297
3514,100,30,30,30,24.832330089696832,0.4519007594667075,-0.5503189612982297
3515,100,30,30,30,24.956532316194338,0.4510752912992755,-0.5503189612982297
3516,100,30,30,30,25.004976625232885,0.45600098652869936,-0.5503189612982297
3517,100,30,30,30,24.1048260234132,0.44400832586056843,-0.5503189612982297
3518,100,30,30,30,24.872727352614653,0.44529632131509117,-0.5503189612982297
3519,100,30,30,30,24.838463352274765,0.4426667480362882,-0.5503189612982297
3520,100,30,30,30,25.043200574660617,0.44946295263044145,-0.5503189612982297
3521,100,30,30,30,24.965532645374562,0.45525499558945537,-0.5503189612982297
3522,100,30,30,30,25.133861761400233,0.4586397859461355,-0.5503189612982297
3523,100,30,30,30,25.032235941543988,0.46910581260758294,-0.5503189612982297
3524,100,30,30,30,24.904475382030277,0.4693174173119992,-0.5503189612982297
3525,100,30,30,30,25.19306846637776,0.47263204933253067,-0.5503189612982297
3526,100,30,30,30,25.247473198653914,0.4817795355705992,-0.5503189612982297
3527,100,30,30,30,24.997664016084535,0.4863572475407005,-0.5503189612982297
3528,100,30,30,30,24.98987026103533,0.4919075003453944,-0.5503189612982297
3529,100,30,30,30,24.949028648672403,0.49544553768481786,-0.5503189612982297
3530,100,30,30,30,25.08296208761378,0.4923603972274009,-0.5503189612982297
3531,100,30,30,30,24.979004533734496,0.4917888179850884,-0.5503189612982297
3532,100,30,30,30,24.553379657798516,0.4942632888568352,-0.5503189612982297
3533,100,30,30,30,24.11454458173492,0.4832848843570583,-0.5503189612982297
3534,100,30,30,30,24.987352935096474,0.4864084176425625,-0.5503189612982297
3535,100,30,30,30,25.075499387161983,0.48978300544458436,-0.5503189612982297
3536,100,30,30,30,24.636219643169582,0.4898517601452454,-0.5503189612982297
3537,100,30,30,30,24.97964311210091,0.4885750981457571,-0.5503189612982297
3538,100,30,30,30,25.174410624525887,0.48844864455776044,-0.5503189612982297
3539,100,30,30,30,24.933690026608556,0.4963178271826096,-0.5503189612982297
3540,100,30,30,30,25.195815034468325,0.4984849584029538,-0.5503189612982297
3541,100,30,30,30,24.846379949471014,0.4963022613333168,-0.5503189612982297
3542,100,30,30,30,25.082560229974273,0.49902456760254005,-0.5503189612982297
3543,100,30,30,30,24.934513512318176,0.491217856309934,-0.5503189612982297
3544,100,30,30,30,25.09046655892533,0.4971296497205528,-0.5503189612982297
3545,100,30,30,30,24.937860197815958,0.494182123209261,-0.5503189612982297
3546,100,30,30,30,24.84318455416611,0.4868441164758515,-0.5503189612982297
3547,100,30,30,30,24.942927401425905,0.48437124121866587,-0.5503189612982297
3548,100,30,30,30,25.015331021090603,0.4869261272048404,-0.5503189612982297
3549,100,30,30,30,24.72900695054439,0.48063672659265233,-0.5503189612982297
3550,100,30,30,30,24.877814739652372,0.47761857719196366,-0.5503189612982297
3551,100,30,30,30,25.030224759661003,0.47837665329191176,-0.5503189612982297
3552,100,30,30,30,24.71025153118599,0.479952690380377,-0.5503189612982297
3553,100,30,30,30,24.884719391343104,0.4797389582433973,-0.5503189612982297
3554,100,30,30,30,24.98748651155657,0.4856943684186345,-0.5503189612982297
3555,100,30,30,30,25.008464371064292,0.48813100249605107,-0.5503189612982297
3556,100,30,30,30,24.91738550030186,0.4895376966195345,-0.5503189612982297
3557,100,30,30,30,24.954715122619742,0.48756342876706293,-0.5503189612982297
3558,100,30,30,30,24.860501790394462,0.49096151472426175,-0.5503189612982297
3559,100,30,30,30,24.97575763456966,0.49077700028227905,-0.5503189612982297
3560,100,30,30,30,24.94995009682016,0.49447171692300723,-0.5503189612982297
3561,100,30,30,30,25.1752913921843,0.5028286798933828,-0.5503189612982297
3562,100,30,30,30,24.985877613356102,0.501226021138382,-0.5503189612982297
3563,100,30,30,30,25.15515920359238,0.500853861856975,-0.5503189612982297
3564,100,30,30,30,24.979352091740772,0.5114309736768896,-0.5503189612982297
3565,100,30,30,30,25.001339112970513,0.5112500649793934,-0.5503189612982297
3566,100,30,30,30,24.965840473408072,0.5134060961831689,-0.5503189612982297
3567,100,30,30,30,25.113122216901587,0.5216702089073327,-0.5503189612982297
3568,100,30,30,30,24.989577671260886,0.518181974608735,-0.5503189612982297
3569,100,30,30,30,24.878068336056682,0.5196902258306287,-0.5503189612982297
3570,100,30,30,30,25.020434136058228,0.5220233613146045,-0.5503189612982297
3571,100,30,30,30,24.950324883221214,0.5213200786083647,-0.5503189612982297
3572,100,30,30,30,24.778843864516297,0.5145639139609924,-0.5503189612982297
3573,100,30,30,30,24.941816391522,0.5128058204268017,-0.5503189612982297
3574,100,30,30,30,24.878215753910194,0.515273400526679,-0.5503189612982297
3575,100,30,30,30,24.898292086360208,0.5166543268948492,-0.5503189612982297
3576,100,30,30,30,24.620548536212638,0.5113688186918761,-0.5503189612982297
3577,100,30,30,30,24.887556453509596,0.5138742995824798,-0.5503189612982297
3578,100,30,30,30,24.87967661934144,0.5173145571777095,-0.5503189612982297
3579,100,30,30,30,25.180516699974334,0.5230837032338923,-0.5503189612982297
3580,100,30,30,30,25.110437249494655,0.5202056722853429,-0.5503189612982297
3581,100,30,30,30,25.193590839267188,0.5217390637760205,-0.5503189612982297
3582,100,30,30,30,24.704299279320782,0.5201495262278856,-0.5503189612982297
3583,100,30,30,30,24.85812718256239,0.5184907039772816,-0.5503189612982297
3584,100,30,30,30,24.98549731830774,0.5201195002755303,-0.5503189612982297
3585,100,30,30,30,25.270765398466573,0.5185970030047861,-0.5503189612982297
3586,100,30,30,30,24.776662957277722,0.5148863674758205,-0.5503189612982297
3587,100,30,30,30,24.691767594939332,0.5117881448793116,-0.5503189612982297
3588,100,30,30,30,24.690032467917174,0.5076189541167924,-0.5503189612982297
3589,100,30,30,30,24.82971089283333,0.4986586735345881,-0.5503189612982297
3590,100,30,30,30,25.097440810213747,0.49862660541604853,-0.5503189612982297
3591,100,30,30,30,25.171777489367976,0.5036189517861622,-0.5503189612982297
3592,100,30,30,30,24.347293464234518,0.49786184988947,-0.5503189612982297
3593,100,30,30,30,24.981863907891494,0.5051743998761576,-0.5503189612982297
3594,100,30,30,30,24.990765612327582,0.5048062584623191,-0.5503189612982297
3595,100,30,30,30,24.832937023168874,0.4947450116042345,-0.5503189612982297
3596,100,30,30,30,24.63159929040205,0.48777394809716096,-0.5503189612982297
3597,100,30,30,30,24.97679918061518,0.4962356039488436,-0.5503189612982297
3598,100,30,30,30,24.9112760182081,0.49382966365569536,-0.5503189612982297
3599,100,30,30,30,24.986833836932178,0.5023037275071865,-0.5503189612982297
3600,100,30,30,30,24.89271880778743,0.4960722006332551,-0.5503189612982297
3601,100,30,30,30,24.62121269161961,0.48644282603088396,-0.5503189612982297
3602,100,30,30,30,24.956059379587096,0.4940841964937056,-0.5503189612982297
3603,100,30,30,30,24.994436009953272,0.49405029383426385,-0.5503189612982297
3604,100,30,30,30,24.90940746360905,0.48531126784176065,-0.5503189612982297
3605,100,30,30,30,24.84098165414079,0.481045758345514,-0.5503189612982297
3606,100,30,30,30,25.01919280761151,0.47847313519828116,-0.5503189612982297
3607,100,30,30,30,24.20907208606176,0.4663569372060468,-0.5503189612982297
3608,100,30,30,30,24.98551846497155,0.47131617444805085,-0.5503189612982297
3609,100,30,30,30,24.904285793368963,0.47331213042862,-0.5503189612982297
3610,100,30,30,30,24.725871313456608,0.46633333728327003,-0.5503189612982297
3611,100,30,30,30,24.9670290692571,0.4656232188591184,-0.5503189612982297
3612,100,30,30,30,25.06249227534358,0.4698071777888749,-0.5503189612982297
3613,100,30,30,30,24.840018218076892,0.465738050269282,-0.5503189612982297
3614,100,30,30,30,24.854210450240735,0.465241295764232,-0.5503189612982297
3615,100,30,30,30,24.942936946158568,0.46389821639856005,-0.5503189612982297
3616,100,30,30,30,25.061903694370905,0.4674982454070186,-0.5503189612982297
3617,100,30,30,30,25.272448221931892,0.4743546608091946,-0.5503189612982297
3618,100,30,30,30,24.845704498040448,0.4738130226665217,-0.5503189612982297
3619,100,30,30,30,25.01123955307895,0.4810605813984532,-0.5503189612982297
3620,100,30,30,30,24.944468946840182,0.48240466663435505,-0.5503189612982297
3621,100,30,30,30,24.733491711658246,0.4878223551308948,-0.5503189612982297
3622,100,30,30,30,25.066522245608112,0.4920908241876728,-0.5503189612982297
3623,100,30,30,30,24.81928435058245,0.49769485753970355,-0.5503189612982297
3624,100,30,30,30,24.73673504119301,0.49092770985783546,-0.5503189612982297
3625,100,30,30,30,25.00219358919624,0.4960190186008485,-0.5503189612982297
3626,100,30,30,30,24.929423183219463,0.4961448198726921,-0.5503189612982297
3627,100,30,30,30,24.819410028665907,0.4898829717149313,-0.5503189612982297
3628,100,30,30,30,24.928201241256684,0.49344862652489924,-0.5503189612982297
3629,100,30,30,30,25.01438628758469,0.4973488175718322,-0.5503189612982297
3630,100,30,30,30,24.89796674578666,0.4975500855310537,-0.5503189612982297
3631,100,30,30,30,24.75918139828831,0.4952626659419381,-0.5503189612982297
3632,100,30,30,30,24.971057715405117,0.4996948146876082,-0.5503189612982297
3633,100,30,30,30,25.00402586269974,0.499522802322808,-0.5503189612982297
3634,100,30,30,30,24.90479002870068,0.5068403477712241,-0.5503189612982297
3635,100,30,30,30,24.97504096670952,0.5075919245939734,-0.5503189612982297
3636,100,30,30,30,25.08581339276801,0.5047381830266903,-0.5503189612982297
3637,100,30,30,30,24.57573105040168,0.4991076373788185,-0.5503189612982297
3638,100,30,30,30,25.0575120535305,0.49434568323340694,-0.5503189612982297
3639,100,30,30,30,25.171010231671026,0.49718602621003805,-0.5503189612982297
3640,100,30,30,30,24.886031589802457,0.4966975993213471,-0.5503189612982297
3641,100,30,30,30,25.283094921138208,0.49853951647521055,-0.5503189612982297
3642,100,30,30,30,24.77626484488129,0.49369115837742217,-0.5503189612982297
3643,100,30,30,30,25.010844336687896,0.4970517991013792,-0.5503189612982297
3644,100,30,30,30,25.036891203173056,0.4988030146423273,-0.5503189612982297
3645,100,30,30,30,24.823066696611576,0.4887969328588242,-0.5503189612982297
3646,100,30,30,30,24.93796002728876,0.4849780648491229,-0.5503189612982297
3647,100,30,30,30,24.710029276045226,0.4788537342599633,-0.5503189612982297
3648,100,30,30,30,25.16924307536842,0.47477033411378083,-0.5503189612982297
3649,100,30,30,30,25.12779938453542,0.47614644577582593,-0.5503189612982297
3650,100,30,30,30,24.871157555876692,0.47372901066873335,-0.5503189612982297
3651,100,30,30,30,25.09880573290363,0.4797484302182862,-0.5503189612982297
3652,100,30,30,30,24.877366169039647,0.4759448074661992,-0.5503189612982297
3653,100,30,30,30,24.22410729509118,0.47161102773238495,-0.5503189612982297
3654,100,30,30,30,24.868598313039,0.4778072045381838,-0.5503189612982297
3655,100,30,30,30,25.151486556958183,0.4736276606852818,-0.5503189612982297
3656,100,30,30,30,24.891809784102517,0.47486844702280623,-0.5503189612982297
3657,100,30,30,30,24.938399914955937,0.47598013106358344,-0.5503189612982297
3658,100,30,30,30,25.11619012047112,0.4760476656825355,-0.5503189612982297
3659,100,30,30,30,24.956404881207554,0.4821262627817812,-0.5503189612982297
3660,100,30,30,30,24.97612702131684,0.4878213104422632,-0.5503189612982297
3661,100,30,30,30,25.027137189707922,0.49431197216565,-0.5503189612982297
3662,100,30,30,30,24.88560901713153,0.49933033901995805,-0.5503189612982297
3663,100,30,30,30,24.903874112453742,0.49843220906293206,-0.5503189612982297
3664,100,30,30,30,24.975705083647394,0.5011796011891728,-0.5503189612982297
3665,100,30,30,30,25.06849017702936,0.5058271759848857,-0.5503189612982297
3666,100,30,30,30,24.99871172206489,0.5126597368730454,-0.5503189612982297
3667,100,30,30,30,24.840210713974443,0.5177040908602569,-0.5503189612982297
3668,100,30,30,30,25.03193157086524,0.5192770761219588,-0.5503189612982297
3669,100,30,30,30,25.04731618599473,0.5182931612021745,-0.5503189612982297
3670,100,30,30,30,24.556283975437722,0.510394911580006,-0.5503189612982297
3671,100,30,30,30,24.983055011326172,0.5153862095108807,-0.5503189612982297
3672,100,30,30,30,24.47073780066384,0.5104351613183424,-0.5503189612982297
3673,100,30,30,30,25.13261033907187,0.5188212592445918,-0.5503189612982297
3674,100,30,30,30,24.75424034203322,0.5169990167531615,-0.5503189612982297
3675,100,30,30,30,24.88290506642383,0.5178491619740571,-0.5503189612982297
3676,100,30,30,30,24.36044374703836,0.5130061955241739,-0.5503189612982297
3677,100,30,30,30,24.81993670543205,0.511984770305848,-0.5503189612982297
3678,100,30,30,30,24.792176246318075,0.5074793124254333,-0.5503189612982297
3679,100,30,30,30,25.090565626488246,0.5080401048072493,-0.5503189612982297
3680,100,30,30,30,24.578165934802584,0.4973225067357607,-0.5503189612982297
3681,100,30,30,30,24.89710020977451,0.49023923608014236,-0.5503189612982297
3682,100,30,30,30,24.598048434931822,0.4840415170255766,-0.5503189612982297
3683,100,30,30,30,25.04262113562411,0.48442796924516635,-0.5503189612982297
3684,100,30,30,30,24.900289299209984,0.48182141501987497,-0.5503189612982297
3685,100,30,30,30,25.102083452222153,0.4902521420316044,-0.5503189612982297
3686,100,30,30,30,24.926893308042587,0.4926704506872632,-0.5503189612982297
3687,100,30,30,30,24.94218256840754,0.4909491425319142,-0.5503189612982297
3688,100,30,30,30,24.791847182166123,0.4946800274783925,-0.5503189612982297
3689,100,30,30,30,24.734514424046083,0.4898788645867566,-0.5503189612982297
3690,100,30,30,30,24.853120170014567,0.495331300444969,-0.5503189612982297
3691,100,30,30,30,24.36891285226571,0.4845005936446869,-0.5503189612982297
3692,100,30,30,30,24.99898430571938,0.491812325658115,-0.5503189612982297
3693,100,30,30,30,24.945851784332035,0.492101565345621,-0.5503189612982297
3694,100,30,30,30,25.006667866831307,0.4995010081497198,-0.5503189612982297
3695,100,30,30,30,24.97097317189882,0.500984070816318,-0.5503189612982297
3696,100,30,30,30,24.968002645864694,0.5006384550776861,-0.5503189612982297
3697,100,30,30,30,24.69222665479243,0.4869160973309225,-0.5503189612982297
3698,100,30,30,30,25.006228858689358,0.48976923615149826,-0.5503189612982297
3699,100,30,30,30,24.81364670852684,0.49051372151825196,-0.5503189612982297
3700,100,30,30,30,24.977209947225845,0.48915959033085576,-0.5503189612982297
3701,100,30,30,30,25.065310847363918,0.4941786430577628,-0.5503189612982297
3702,100,30,30,30,25.033504887482483,0.4977131105820802,-0.5503189612982297
3703,100,30,30,30,24.702153132977642,0.4896861819216721,-0.5503189612982297
3704,100,30,30,30,24.82185953404408,0.48732995396240314,-0.5503189612982297
3705,100,30,30,30,24.97093678723201,0.48413792224728647,-0.5503189612982297
3706,100,30,30,30,24.98019079558484,0.4849113503530846,-0.5503189612982297
3707,100,30,30,30,24.806989529435175,0.4762288958247253,-0.5503189612982297
3708,100,30,30,30,24.92164301925384,0.4792125068677794,-0.5503189612982297
3709,100,30,30,30,24.748789962734826,0.47140979664671284,-0.5503189612982297
3710,100,30,30,30,24.931301003894973,0.47466937087973055,-0.5503189612982297
3711,100,30,30,30,24.928973248205573,0.47193219811950654,-0.5503189612982297
3712,100,30,30,30,24.90755980630618,0.47100280189066573,-0.5503189612982297
3713,100,30,30,30,24.90614749444827,0.46998324190130053,-0.5503189612982297
3714,100,30,30,30,24.91773408871939,0.4672799022207066,-0.5503189612982297
3715,100,30,30,30,24.601648967055475,0.4688281224380422,-0.5503189612982297
3716,100,30,30,30,24.97547512217417,0.4739725434384612,-0.5503189612982297
3717,100,30,30,30,24.965842692512084,0.4714280375242366,-0.5503189612982297
3718,100,30,30,30,25.11451806138904,0.47418223379892926,-0.5503189612982297
3719,100,30,30,30,24.91236827337883,0.478047189487064,-0.5503189612982297
3720,100,30,30,30,24.85898553324659,0.4775541120835696,-0.5503189612982297
3721,100,30,30,30,24.972353570018633,0.4763764255680464,-0.5503189612982297
3722,100,30,30,30,24.791565509842172,0.4765651864574047,-0.5503189612982297
3723,100,30,30,30,25.048554398059053,0.4746439678199783,-0.5503189612982297
3724,100,30,30,30,24.977192269579977,0.4740959152193237,-0.5503189612982297
3725,100,30,30,30,24.69846137877018,0.4731883623118002,-0.5503189612982297
3726,100,30,30,30,24.93956881506375,0.4777168747449516,-0.5503189612982297
3727,100,30,30,30,24.325248120870825,0.47078898733588354,-0.5503189612982297
3728,100,30,30,30,24.82869524600715,0.4653816305777084,-0.5503189612982297
3729,100,30,30,30,24.78934597255952,0.4664111048038514,-0.5503189612982297
3730,100,30,30,30,24.8717300727621,0.468988011776697,-0.5503189612982297
3731,100,30,30,30,24.964122597663074,0.46122747343578296,-0.5503189612982297
3732,100,30,30,30,24.439940225950416,0.45467475138200164,-0.5503189612982297
3733,100,30,30,30,24.959233777407867,0.4552145332745581,-0.5503189612982297
3734,100,30,30,30,24.662933235821328,0.45101529607684765,-0.5503189612982297
3735,100,30,30,30,24.776857370130863,0.45489655200446877,-0.5503189612982297
3736,100,30,30,30,24.997689577700704,0.45698355707243543,-0.5503189612982297
3737,100,30,30,30,24.79027781882699,0.46025420570363695,-0.5503189612982297
3738,100,30,30,30,24.78859818036294,0.4647736856374201,-0.5503189612982297
3739,100,30,30,30,25.003481605039497,0.4648128603564978,-0.5503189612982297
3740,100,30,30,30,24.940314133767238,0.4640102660385442,-0.5503189612982297
3741,100,30,30,30,24.443999406049144,0.4565789118503984,-0.5503189612982297
3742,100,30,30,30,24.923966569975633,0.4587704021146839,-0.5503189612982297
3743,100,30,30,30,24.973022450888838,0.45300953287978485,-0.5503189612982297
3744,100,30,30,30,24.97920539800341,0.4522997823186439,-0.5503189612982297
3745,100,30,30,30,24.674170035409773,0.4339293053491619,-0.5503189612982297
3746,100,30,30,30,24.989684938161773,0.43418146022629134,-0.5503189612982297
3747,100,30,30,30,24.3536893609808,0.42859052978929335,-0.5503189612982297
3748,100,30,30,30,24.83865206128403,0.4296915603547571,-0.5503189612982297
3749,100,30,30,30,25.195353118642384,0.4435185505544326,-0.5503189612982297
3750,100,30,30,30,25.00951215004462,0.4475369981597682,-0.5503189612982297
3751,100,30,30,30,24.945349565960196,0.4603591160118392,-0.5503189612982297
3752,100,30,30,30,24.977017624467237,0.46845382298460914,-0.5503189612982297
3753,100,30,30,30,24.961039618940397,0.4676708309385987,-0.5503189612982297
3754,100,30,30,30,25.015178393433825,0.46741243777691505,-0.5503189612982297
3755,100,30,30,30,25.026869037955645,0.4732441895368869,-0.5503189612982297
3756,100,30,30,30,24.482277307837606,0.46925333335355623,-0.5503189612982297
3757,100,30,30,30,25.096287736821214,0.46872612185187074,-0.5503189612982297
3758,100,30,30,30,24.92377023226142,0.4700071810831123,-0.5503189612982297
3759,100,30,30,30,24.996016607878815,0.47402208092917725,-0.5503189612982297
3760,100,30,30,30,24.985312221052013,0.48413220729020057,-0.5503189612982297
3761,100,30,30,30,24.914213181139118,0.488940631541434,-0.5503189612982297
3762,100,30,30,30,25.200489496297635,0.4841719060726138,-0.5503189612982297
3763,100,30,30,30,25.00969109276365,0.48580663703848775,-0.5503189612982297
3764,100,30,30,30,24.378602785535072,0.4767525124153244,-0.5503189612982297
3765,100,30,30,30,25.092594816459997,0.48010293248360053,-0.5503189612982297
3766,100,30,30,30,24.68962509210422,0.4874403254731934,-0.5503189612982297
3767,100,30,30,30,24.921819278191887,0.4835796134944311,-0.5503189612982297
3768,100,30,30,30,24.97910570468978,0.48694711903349575,-0.5503189612982297
3769,100,30,30,30,24.962053713108816,0.4882036332510055,-0.5503189612982297
3770,100,30,30,30,25.05297292088425,0.4787965513621239,-0.5503189612982297
3771,100,30,30,30,24.874856311744846,0.47023134356897744,-0.5503189612982297
3772,100,30,30,30,24.80653423204768,0.4704623266359779,-0.5503189612982297
3773,100,30,30,30,24.95548114447829,0.47760442127136693,-0.5503189612982297
3774,100,30,30,30,24.669203537964634,0.47250341751587804,-0.5503189612982297
3775,100,30,30,30,24.981731994640555,0.47536167504672966,-0.5503189612982297
3776,100,30,30,30,25.05211966735186,0.48000159025139383,-0.5503189612982297
3777,100,30,30,30,25.04635791824613,0.4781044077622901,-0.5503189612982297
3778,100,30,30,30,24.987786757649673,0.4781394310942449,-0.5503189612982297
3779,100,30,30,30,25.14333634821259,0.48149835317273487,-0.5503189612982297
3780,100,30,30,30,24.874018464333112,0.4809457513888927,-0.5503189612982297
3781,100,30,30,30,24.785189262289634,0.471315367935011,-0.5503189612982297
3782,100,30,30,30,24.562550005838375,0.46195920014843495,-0.5503189612982297
3783,100,30,30,30,24.96519073131399,0.4653811221472577,-0.5503189612982297
3784,100,30,30,30,25.007741001225146,0.4649475799857949,-0.5503189612982297
3785,100,30,30,30,24.573111960506065,0.46233350539707896,-0.5503189612982297
3786,100,30,30,30,25.022800764518262,0.466283615233733,-0.5503189612982297
3787,100,30,30,30,24.69121852672121,0.46625261968499654,-0.5503189612982297
3788,100,30,30,30,24.981227571025066,0.4661333216821471,-0.5503189612982297
3789,100,30,30,30,24.800900610166067,0.465837770794008,-0.5503189612982297
3790,100,30,30,30,24.73284821683633,0.46549902429354495,-0.5503189612982297
3791,100,30,30,30,24.94888523874543,0.47226048825462263,-0.5503189612982297
3792,100,30,30,30,24.979482472225786,0.47915888368197995,-0.5503189612982297
3793,100,30,30,30,24.78395584914027,0.4821587894146028,-0.5503189612982297
3794,100,30,30,30,24.614607036513426,0.48056546804518846,-0.5503189612982297
3795,100,30,30,30,24.29465624730262,0.4719912572416429,-0.5503189612982297
3796,100,30,30,30,24.991456058020336,0.47679397234262993,-0.5503189612982297
3797,100,30,30,30,24.88605565475882,0.47690523923970013,-0.5503189612982297
3798,100,30,30,30,24.563135109739893,0.4755862468723997,-0.5503189612982297
3799,100,30,30,30,25.095292498149067,0.47818210247534054,-0.5503189612982297
3800,100,30,30,30,25.170878089242436,0.48487119275134843,-0.5503189612982297
3801,100,30,30,30,24.85975065345326,0.4843605018569156,-0.5503189612982297
3802,100,30,30,30,24.92040758416809,0.4843016500092434,-0.5503189612982297
3803,100,30,30,30,24.846750092691085,0.4836873541886137,-0.5503189612982297
3804,100,30,30,30,24.83142388138352,0.4843795448548714,-0.5503189612982297
3805,100,30,30,30,24.993564879254073,0.4886275073466151,-0.5503189612982297
3806,100,30,30,30,25.11064760789872,0.48754787011116535,-0.5503189612982297
3807,100,30,30,30,24.93917627534627,0.4810827524404937,-0.5503189612982297
3808,100,30,30,30,24.817062709632303,0.47650648685657454,-0.5503189612982297
3809,100,30,30,30,24.574195633741134,0.4690194721689184,-0.5503189612982297
3810,100,30,30,30,24.878274311062306,0.46419383780228807,-0.5503189612982297
3811,100,30,30,30,24.804559322443737,0.4651764887735851,-0.5503189612982297
3812,100,30,30,30,25.019881393654707,0.46644903154210215,-0.5503189612982297
3813,100,30,30,30,24.728416273148426,0.46235028262955447,-0.5503189612982297
3814,100,30,30,30,24.916738443836024,0.46869163272591285,-0.5503189612982297
3815,100,30,30,30,24.727495407274564,0.4618277712501897,-0.5503189612982297
3816,100,30,30,30,24.801100555024906,0.4559407647943773,-0.5503189612982297
3817,100,30,30,30,24.696046949094804,0.456268896755482,-0.5503189612982297
3818,100,30,30,30,24.855381234144474,0.45712260457102016,-0.5503189612982297
3819,100,30,30,30,25.162269699908187,0.4619286253398031,-0.5503189612982297
3820,100,30,30,30,24.87602844315755,0.46477790113402845,-0.5503189612982297
3821,100,30,30,30,25.06802199406338,0.4701956210658954,-0.5503189612982297
3822,100,30,30,30,25.08224252530652,0.47473953441573097,-0.5503189612982297
3823,100,30,30,30,24.726562024964768,0.4734098759607537,-0.5503189612982297
3824,100,30,30,30,24.780275977169367,0.47288408608812155,-0.5503189612982297
3825,100,30,30,30,25.004439655407985,0.4786830160604756,-0.5503189612982297
3826,100,30,30,30,24.742227031465156,0.479416383137568,-0.5503189612982297
3827,100,30,30,30,24.775007259661805,0.4803462857358032,-0.5503189612982297
3828,100,30,30,30,25.167247389149857,0.4882800884131712,-0.5503189612982297
3829,100,30,30,30,24.87667416428797,0.48443487802996815,-0.5503189612982297
3830,100,30,30,30,25.14503020000536,0.48712846753129774,-0.5503189612982297
3831,100,30,30,30,24.86364856449008,0.4888724765615704,-0.5503189612982297
3832,100,30,30,30,24.964573126222252,0.48386569961688825,-0.5503189612982297
3833,100,30,30,30,25.025725467067318,0.4891840626112607,-0.5503189612982297
3834,100,30,30,30,24.808548983738095,0.48892342291816504,-0.5503189612982297
3835,100,30,30,30,24.583919022393225,0.4856699704720497,-0.5503189612982297
3836,100,30,30,30,24.867792426490468,0.48157562507739665,-0.5503189612982297
3837,100,30,30,30,24.904780583187197,0.48853682237771867,-0.5503189612982297
3838,100,30,30,30,24.88336383126269,0.48980907944148605,-0.5503189612982297
3839,100,30,30,30,24.988093571966544,0.49482778241367475,-0.5503189612982297
3840,100,30,30,30,24.99965192606328,0.499238432062765,-0.5503189612982297
3841,100,30,30,30,24.934973796088713,0.49430256287659774,-0.5503189612982297
3842,100,30,30,30,25.081188131534724,0.4962499975856074,-0.5503189612982297
3843,100,30,30,30,24.57403639400077,0.49769615378052107,-0.5503189612982297
3844,100,30,30,30,24.541137780249443,0.49497400445356904,-0.5503189612982297
3845,100,30,30,30,24.980089871613515,0.49420383353995995,-0.5503189612982297
3846,100,30,30,30,25.084758340042683,0.4990721855470732,-0.5503189612982297
3847,100,30,30,30,24.94216260663479,0.4941379182231943,-0.5503189612982297
3848,100,30,30,30,24.726437159161726,0.4886493632414823,-0.5503189612982297
3849,100,30,30,30,24.80816282458585,0.48246857046136477,-0.5503189612982297
3850,100,30,30,30,24.463079381500528,0.479491731350849,-0.5503189612982297
3851,100,30,30,30,24.905970480168037,0.4805169445299028,-0.5503189612982297
3852,100,30,30,30,25.135626595949667,0.4848211678799267,-0.5503189612982297
3853,100,30,30,30,24.970210323082544,0.49279308063226096,-0.5503189612982297
3854,100,30,30,30,24.823691277956012,0.4960472287168676,-0.5503189612982297
3855,100,30,30,30,24.906342130109493,0.49351756134272456,-0.5503189612982297
3856,100,30,30,30,24.76401307903734,0.48798339476289976,-0.5503189612982297
3857,100,30,30,30,24.747810596277304,0.49300281186840095,-0.5503189612982297
3858,100,30,30,30,24.872537919395725,0.4881986067031834,-0.5503189612982297
3859,100,30,30,30,24.800887189027186,0.49237659711155635,-0.5503189612982297
3860,100,30,30,30,25.178887782899096,0.5000219625139263,-0.5503189612982297
3861,100,30,30,30,24.765836193964144,0.4927804806270166,-0.5503189612982297
3862,100,30,30,30,24.959436331853166,0.4980650778476055,-0.5503189612982297
3863,100,30,30,30,24.637246956720798,0.49466835281383226,-0.5503189612982297
3864,100,30,30,30,24.96950854754033,0.4999444120502047,-0.5503189612982297
3865,100,30,30,30,24.591862699457835,0.4916856740086537,-0.5503189612982297
3866,100,30,30,30,25.08228153143643,0.48898382740499957,-0.5503189612982297
3867,100,30,30,30,24.8353076480629,0.49176458549741214,-0.5503189612982297
3868,100,30,30,30,24.809949453606222,0.49145861429199067,-0.5503189612982297
3869,100,30,30,30,24.98150133715121,0.4940092214344529,-0.5503189612982297
3870,100,30,30,30,24.92321295646334,0.49726152846085847,-0.5503189612982297
3871,100,30,30,30,24.834806791258238,0.5008597093786186,-0.5503189612982297
3872,100,30,30,30,25.017877894079042,0.5023136496303867,-0.5503189612982297
3873,100,30,30,30,24.760492431784535,0.5035056429660729,-0.5503189612982297
3874,100,30,30,30,24.938602094925663,0.5039768170553485,-0.5503189612982297
3875,100,30,30,30,25.022868633372095,0.5068992157792905,-0.5503189612982297
3876,100,30,30,30,24.928493562983547,0.5022477530690904,-0.5503189612982297
3877,100,30,30,30,24.612332010993427,0.4974255872796189,-0.5503189612982297
3878,100,30,30,30,24.708696549987362,0.49664239090997636,-0.5503189612982297
3879,100,30,30,30,25.155860954328745,0.5036387798774881,-0.5503189612982297
3880,100,30,30,30,24.604508399753882,0.5051230472277702,-0.5503189612982297
3881,100,30,30,30,25.083421117169497,0.5102722042481217,-0.5503189612982297
3882,100,30,30,30,25.24014803974953,0.5095587250174889,-0.5503189612982297
3883,100,30,30,30,25.069539463264583,0.5112372366764841,-0.5503189612982297
3884,100,30,30,30,24.63166790699887,0.5070983886989376,-0.5503189612982297
3885,100,30,30,30,24.97468095011061,0.5006805806392638,-0.5503189612982297
3886,100,30,30,30,24.9773847696564,0.49530740039620097,-0.5503189612982297
3887,100,30,30,30,24.989337272621384,0.4965176215406966,-0.5503189612982297
3888,100,30,30,30,24.5037108977456,0.49040075954939755,-0.5503189612982297
3889,100,30,30,30,24.793559274285307,0.4915084278800519,-0.5503189612982297
3890,100,30,30,30,24.892974406830533,0.4927499601668573,-0.5503189612982297
3891,100,30,30,30,24.94516191942033,0.49520258989061927,-0.5503189612982297
3892,100,30,30,30,25.031980921365108,0.4977385569477506,-0.5503189612982297
3893,100,30,30,30,24.965645238450527,0.4983789155596772,-0.5503189612982297
3894,100,30,30,30,24.49563674417181,0.49801046883624606,-0.5503189612982297
3895,100,30,30,30,24.900407028539988,0.5017241152038342,-0.5503189612982297
3896,100,30,30,30,24.346280150151244,0.49239777909336047,-0.5503189612982297
3897,100,30,30,30,24.936943212889876,0.48586700910145403,-0.5503189612982297
3898,100,30,30,30,24.953124662287387,0.48596448515466967,-0.5503189612982297
3899,100,30,30,30,25.009195225580466,0.49205664373906766,-0.5503189612982297
3900,100,30,30,30,24.96610527273831,0.4884964622596266,-0.5503189612982297
3901,100,30,30,30,24.988091852304272,0.4886161835480504,-0.5503189612982297
3902,100,30,30,30,24.48243671758567,0.48202341858044284,-0.5503189612982297
3903,100,30,30,30,24.66513680747956,0.4858553807004543,-0.5503189612982297
3904,100,30,30,30,24.901656069997564,0.4869225349462465,-0.5503189612982297
3905,100,30,30,30,25.033959800522588,0.4939585746114038,-0.5503189612982297
3906,100,30,30,30,24.739764223694237,0.49063408616227094,-0.5503189612982297
3907,100,30,30,30,24.81780709428442,0.48826632525060176,-0.5503189612982297
3908,100,30,30,30,24.971095009768632,0.48887765587161675,-0.5503189612982297
3909,100,30,30,30,24.96890392417365,0.4882744311960742,-0.5503189612982297
3910,100,30,30,30,24.977209518811108,0.49279999280213005,-0.5503189612982297
3911,100,30,30,30,24.665394546146175,0.48817318019898326,-0.5503189612982297
3912,100,30,30,30,24.62012334601002,0.4851821457652372,-0.5503189612982297
3913,100,30,30,30,24.64786704016564,0.4854992412116478,-0.5503189612982297
3914,100,30,30,30,24.802029025598202,0.4867225200105822,-0.5503189612982297
3915,100,30,30,30,24.62384960306467,0.47969858721273084,-0.5503189612982297
3916,100,30,30,30,24.97524895567094,0.47834899924884017,-0.5503189612982297
3917,100,30,30,30,24.950624610305997,0.47732379888362003,-0.5503189612982297
3918,100,30,30,30,24.94660156063587,0.477176573972938,-0.5503189612982297
3919,100,30,30,30,24.641067458793067,0.47361204612465296,-0.5503189612982297
3920,100,30,30,30,24.988575484088095,0.4737683296312712,-0.5503189612982297
3921,100,30,30,30,25.21077505002108,0.482988526897811,-0.5503189612982297
3922,100,30,30,30,24.972310396928012,0.4794313461753182,-0.5503189612982297
3923,100,30,30,30,24.821530279378127,0.47314747195136014,-0.5503189612982297
3924,100,30,30,30,24.77733327513137,0.47532242128185914,-0.5503189612982297
3925,100,30,30,30,25.049241914170025,0.4780294246526034,-0.5503189612982297
3926,100,30,30,30,25.045964059160426,0.4756150583726466,-0.5503189612982297
3927,100,30,30,30,24.757222603302147,0.4724575645492083,-0.5503189612982297
3928,100,30,30,30,24.82826345682637,0.47308345970427773,-0.5503189612982297
3929,100,30,30,30,24.987792838327458,0.46777555379430363,-0.5503189612982297
3930,100,30,30,30,25.022969664470807,0.47235799427989106,-0.5503189612982297
3931,100,30,30,30,24.197657270567447,0.4687789479691997,-0.5503189612982297
3932,100,30,30,30,24.869695531266387,0.467335290795558,-0.5503189612982297
3933,100,30,30,30,24.569503096007118,0.4703495739732923,-0.5503189612982297
3934,100,30,30,30,24.77745686399675,0.47202153733702545,-0.5503189612982297
3935,100,30,30,30,25.004374068824347,0.4805828893307015,-0.5503189612982297
3936,100,30,30,30,25.163186423137603,0.48303853293842536,-0.5503189612982297
3937,100,30,30,30,24.877869182207217,0.4818025289801171,-0.5503189612982297
3938,100,30,30,30,25.00540962079262,0.47971675641076195,-0.5503189612982297
3939,100,30,30,30,24.88185820032715,0.47295693889080287,-0.5503189612982297
3940,100,30,30,30,24.80445258604685,0.47388148787020856,-0.5503189612982297
3941,100,30,30,30,24.570539217782056,0.4753030089765661,-0.5503189612982297
3942,100,30,30,30,24.969869787129657,0.4738427271205808,-0.5503189612982297
3943,100,30,30,30,25.052813268326695,0.4795214024710677,-0.5503189612982297
3944,100,30,30,30,24.914745610212734,0.4805297648825695,-0.5503189612982297
3945,100,30,30,30,24.78634373591578,0.48110012117857914,-0.5503189612982297
3946,100,30,30,30,24.587151906287634,0.477178254240351,-0.5503189612982297
3947,100,30,30,30,25.139600359950613,0.4806766666735821,-0.5503189612982297
3948,100,30,30,30,24.425443229416814,0.4808011527833215,-0.5503189612982297
3949,100,30,30,30,24.621189555705413,0.48142998688096766,-0.5503189612982297
3950,100,30,30,30,24.78910148960759,0.48452250658133766,-0.5503189612982297
3951,100,30,30,30,24.954824200131732,0.4768863548338473,-0.5503189612982297
3952,100,30,30,30,25.092769219610204,0.4822868498117366,-0.5503189612982297
3953,100,30,30,30,24.27777662221562,0.4744820683035374,-0.5503189612982297
3954,100,30,30,30,24.58030197325664,0.4668397920364095,-0.5503189612982297
3955,100,30,30,30,25.075076953094754,0.46983398394064113,-0.5503189612982297
3956,100,30,30,30,24.606615875646256,0.4697144307928997,-0.5503189612982297
3957,100,30,30,30,24.793337508116466,0.47472278744807367,-0.5503189612982297
3958,100,30,30,30,25.06528903416491,0.4765825670868679,-0.5503189612982297
3959,100,30,30,30,24.737700081167407,0.47124466792997444,-0.5503189612982297
3960,100,30,30,30,24.904414656805727,0.4730949218430274,-0.5503189612982297
3961,100,30,30,30,24.69367871977118,0.46697031386878385,-0.5503189612982297
3962,100,30,30,30,25.049817084488865,0.4645076862597721,-0.5503189612982297
3963,100,30,30,30,25.178144108506107,0.4688869465071293,-0.5503189612982297
3964,100,30,30,30,24.94099061987083,0.46494018740091353,-0.5503189612982297
3965,100,30,30,30,24.95071066637038,0.47181743059007136,-0.5503189612982297
3966,100,30,30,30,24.771666861348194,0.4710821303965578,-0.5503189612982297
3967,100,30,30,30,24.95516426653093,0.4683755794282292,-0.5503189612982297
3968,100,30,30,30,24.95076998718931,0.4612187607730534,-0.5503189612982297
3969,100,30,30,30,24.426371077988847,0.4619440090939067,-0.5503189612982297
3970,100,30,30,30,24.950939314854246,0.46199082486208626,-0.5503189612982297
3971,100,30,30,30,24.838668235966168,0.45815078141029225,-0.5503189612982297
3972,100,30,30,30,24.743001936088934,0.45756389081028287,-0.5503189612982297
3973,100,30,30,30,24.76331658844547,0.4530512115789295,-0.5503189612982297
3974,100,30,30,30,24.720869151809403,0.4447993441023565,-0.5503189612982297
3975,100,30,30,30,24.66124495310946,0.44049027114106365,-0.5503189612982297
3976,100,30,30,30,24.880604965797215,0.4396035595713734,-0.5503189612982297
3977,100,30,30,30,24.96665467928707,0.443938932145313,-0.5503189612982297
3978,100,30,30,30,24.813508957424148,0.4510656805843623,-0.5503189612982297
3979,100,30,30,30,25.03819450322974,0.45509168027737434,-0.5503189612982297
3980,100,30,30,30,24.547993351872517,0.45216509973810437,-0.5503189612982297
3981,100,30,30,30,25.007106088923734,0.4581445868716037,-0.5503189612982297
3982,100,30,30,30,24.845998806322854,0.4582939152170948,-0.5503189612982297
3983,100,30,30,30,24.750107541596176,0.4599877111383631,-0.5503189612982297
3984,100,30,30,30,24.79370092410106,0.45454282824487635,-0.5503189612982297
3985,100,30,30,30,24.91979336085295,0.45870197934562995,-0.5503189612982297
3986,100,30,30,30,24.589400147913253,0.4617778361763299,-0.5503189612982297
3987,100,30,30,30,24.81923544678134,0.45607558118300867,-0.5503189612982297
3988,100,30,30,30,24.773300672556086,0.46140693875157057,-0.5503189612982297
3989,100,30,30,30,24.336258722766672,0.45456828410267025,-0.5503189612982297
3990,100,30,30,30,24.54774824749981,0.4488565474723285,-0.5503189612982297
3991,100,30,30,30,24.998300260877727,0.4496643177801025,-0.5503189612982297
3992,100,30,30,30,25.042577156140965,0.4540063546894002,-0.5503189612982297
3993,100,30,30,30,24.979650986332068,0.45743402268147487,-0.5503189612982297
3994,100,30,30,30,25.06564466249403,0.45598383941995624,-0.5503189612982297
3995,100,30,30,30,24.521795150930892,0.45275471276422424,-0.5503189612982297
3996,100,30,30,30,24.991275740775205,0.46320254046571085,-0.5503189612982297
3997,100,30,30,30,25.03230231037362,0.4687477276277466,-0.5503189612982297
3998,100,30,30,30,24.834317640833135,0.47084213247714835,-0.5503189612982297
3999,100,30,30,30,24.439165621859843,0.4656652320145833,-0.5503189612982297
4000,100,30,30,30,24.910707065272817,0.4689182803437972,-0.5503189612982297
4001,100,30,30,30,24.018693033455683,0.46100163042759384,-0.5503189612982297
4002,100,30,30,30,24.78496218737746,0.4552163598774225,-0.5503189612982297
4003,100,30,30,30,25.217305341043804,0.4609810841830935,-0.5503189612982297
4004,100,30,30,30,25.012967518999837,0.46541905340521683,-0.5503189612982297
4005,100,30,30,30,24.831324538979892,0.4611997635937653,-0.5503189612982297
4006,100,30,30,30,24.99844102658244,0.46225013265403303,-0.5503189612982297
4007,100,30,30,30,24.849293011618272,0.46441759625454687,-0.5503189612982297
4008,100,30,30,30,24.882373649321295,0.4636745642500545,-0.5503189612982297
4009,100,30,30,30,25.01376103562808,0.4716194575289682,-0.5503189612982297
4010,100,30,30,30,24.811014881874435,0.4694886005547885,-0.5503189612982297
4011,100,30,30,30,24.9713419407049,0.4680603223914175,-0.5503189612982297
4012,100,30,30,30,25.038481470784895,0.4710500848617606,-0.5503189612982297
4013,100,30,30,30,25.029916591208497,0.4738334944746626,-0.5503189612982297
4014,100,30,30,30,24.652882018516305,0.4776217364274768,-0.5503189612982297
4015,100,30,30,30,24.91854022912719,0.48061359752483224,-0.5503189612982297
4016,100,30,30,30,25.04206261344961,0.484148487663652,-0.5503189612982297
4017,100,30,30,30,24.969042890845174,0.48960072015055334,-0.5503189612982297
4018,100,30,30,30,24.912590904637703,0.4924540904751862,-0.5503189612982297
4019,100,30,30,30,24.769033878534522,0.4880246683299793,-0.5503189612982297
4020,100,30,30,30,24.835051787414642,0.48186746175524786,-0.5503189612982297
4021,100,30,30,30,25.124261642609426,0.48482375054474197,-0.5503189612982297
4022,100,30,30,30,24.944962415107902,0.48403182423362684,-0.5503189612982297
4023,100,30,30,30,24.967411239316228,0.4806069876646447,-0.5503189612982297
4024,100,30,30,30,25.1060719622975,0.4771474992049888,-0.5503189612982297
4025,100,30,30,30,23.884198257856298,0.4669257550770302,-0.5503189612982297
4026,100,30,30,30,24.927853008833374,0.4646514764574871,-0.5503189612982297
4027,100,30,30,30,24.895801742541146,0.4673205512195473,-0.5503189612982297
4028,100,30,30,30,24.838506760688297,0.46852450640143833,-0.5503189612982297
4029,100,30,30,30,24.95745447369944,0.46819668141305115,-0.5503189612982297
4030,100,30,30,30,24.971254191465185,0.469998456643816,-0.5503189612982297
4031,100,30,30,30,24.657659862229806,0.47565467610785145,-0.5503189612982297
4032,100,30,30,30,24.879829259900337,0.4728252681132252,-0.5503189612982297
4033,100,30,30,30,24.98494859845745,0.4739315518260219,-0.5503189612982297
4034,100,30,30,30,24.962037197068952,0.47944701083961616,-0.5503189612982297
4035,100,30,30,30,25.03498938945776,0.47913054901329316,-0.5503189612982297
4036,100,30,30,30,24.865018829405486,0.47851648163413246,-0.5503189612982297
4037,100,30,30,30,24.178183308669446,0.47492591101566567,-0.5503189612982297
4038,100,30,30,30,24.872589384096372,0.4693222043113714,-0.5503189612982297
4039,100,30,30,30,24.938420907409586,0.46665051527555385,-0.5503189612982297
4040,100,30,30,30,24.990470386966702,0.4727220357593071,-0.5503189612982297
4041,100,30,30,30,25.080751704851135,0.47886281324197466,-0.5503189612982297
4042,100,30,30,30,24.995227142130602,0.4793883719723957,-0.5503189612982297
4043,100,30,30,30,24.82524647405711,0.4789410342267068,-0.5503189612982297
4044,100,30,30,30,24.886457812166924,0.48264572767205943,-0.5503189612982297
4045,100,30,30,30,24.840517385699037,0.48619795866224585,-0.5503189612982297
4046,100,30,30,30,24.37000033425884,0.4780296331295293,-0.5503189612982297
4047,100,30,30,30,24.82247366284939,0.47967582842828255,-0.5503189612982297
4048,100,30,30,30,25.087502562758612,0.482151170608394,-0.5503189612982297
4049,100,30,30,30,24.84025988641829,0.480753501153963,-0.5503189612982297
4050,100,30,30,30,24.913716827970703,0.4718695976429019,-0.5503189612982297
4051,100,30,30,30,24.854375613592126,0.4736541267900098,-0.5503189612982297
4052,100,30,30,30,25.06057180352052,0.47745532166543325,-0.5503189612982297
4053,100,30,30,30,24.932023544959723,0.4818674754599502,-0.5503189612982297
4054,100,30,30,30,24.39212510451327,0.4800373237266646,-0.5503189612982297
4055,100,30,30,30,24.66055910443987,0.473362947229662,-0.5503189612982297
4056,100,30,30,30,24.926320867010844,0.4728475811946847,-0.5503189612982297
4057,100,30,30,30,24.98666113433158,0.4805789829041782,-0.5503189612982297
4058,100,30,30,30,24.839725515600403,0.48250583467027813,-0.5503189612982297
4059,100,30,30,30,24.893936427068283,0.4797746608262132,-0.5503189612982297
4060,100,30,30,30,24.89807182838704,0.4731070813679812,-0.5503189612982297
4061,100,30,30,30,24.736749282656017,0.4709259941057544,-0.5503189612982297
4062,100,30,30,30,24.886929509900256,0.4734569958326038,-0.5503189612982297
4063,100,30,30,30,24.033794192390854,0.46849136271612013,-0.5503189612982297
4064,100,30,30,30,24.997864766063934,0.4742779258844,-0.5503189612982297
4065,100,30,30,30,23.696616817887787,0.46271870465987397,-0.5503189612982297
4066,100,30,30,30,25.00394690307249,0.4669254535560262,-0.5503189612982297
4067,100,30,30,30,24.955959021774355,0.4681980220345158,-0.5503189612982297
4068,100,30,30,30,24.353514317023013,0.45316860171525297,-0.5503189612982297
4069,100,30,30,30,24.992236218632435,0.46427792308471855,-0.5503189612982297
4070,100,30,30,30,24.87062386427143,0.4652328220608964,-0.5503189612982297
4071,100,30,30,30,24.964116187005168,0.4636247201468865,-0.5503189612982297
4072,100,30,30,30,24.87509548016947,0.4610208899819386,-0.5503189612982297
4073,100,30,30,30,24.974973622335305,0.46686025968788536,-0.5503189612982297
4074,100,30,30,30,25.008042981786275,0.4736709663995014,-0.5503189612982297
4075,100,30,30,30,24.66311086795163,0.4714701328728433,-0.5503189612982297
4076,100,30,30,30,24.98912402842898,0.47290671189879946,-0.5503189612982297
4077,100,30,30,30,24.66528965747402,0.470332499689069,-0.5503189612982297
4078,100,30,30,30,24.479932690218128,0.471660627426703,-0.5503189612982297
4079,100,30,30,30,24.88652079216643,0.47055035913407967,-0.5503189612982297
4080,100,30,30,30,24.84984923250761,0.47805070717586245,-0.5503189612982297
4081,100,30,30,30,24.208271029769527,0.4707795930198873,-0.5503189612982297
4082,100,30,30,30,24.77318744253232,0.4743234211204859,-0.5503189612982297
4083,100,30,30,30,24.801136194026896,0.4684644156969859,-0.5503189612982297
4084,100,30,30,30,24.679722309345316,0.4628223756321807,-0.5503189612982297
4085,100,30,30,30,24.451867963309333,0.4511339915068903,-0.5503189612982297
4086,100,30,30,30,24.951657528749102,0.44574433774517597,-0.5503189612982297
4087,100,30,30,30,24.895434662926647,0.4472384078518168,-0.5503189612982297
4088,100,30,30,30,24.79874169774445,0.45307247383569793,-0.5503189612982297
4089,100,30,30,30,24.979707218920147,0.4570068644051923,-0.5503189612982297
4090,100,30,30,30,24.64238687206824,0.4560955830490514,-0.5503189612982297
4091,100,30,30,30,25.133873614782416,0.45269411774510515,-0.5503189612982297
4092,100,30,30,30,24.983911068601046,0.458155592925689,-0.5503189612982297
4093,100,30,30,30,24.439997038692276,0.45919053040986596,-0.5503189612982297
4094,100,30,30,30,25.017436456751696,0.4618472928980494,-0.5503189612982297
4095,100,30,30,30,25.04003748590182,0.46760980353000436,-0.5503189612982297
4096,100,30,30,30,25.11988234013713,0.46664662848654614,-0.5503189612982297
4097,100,30,30,30,24.84915101445099,0.4684142548240333,-0.5503189612982297
4098,100,30,30,30,25.05159794819085,0.46263803478269755,-0.5503189612982297
4099,100,30,30,30,24.769903189416425,0.45913083392291804,-0.5503189612982297
4100,100,30,30,30,24.76202507113444,0.4540115468026238,-0.5503189612982297
4101,100,30,30,30,24.850962466415186,0.4565145318763273,-0.5503189612982297
4102,100,30,30,30,24.50263912900225,0.44674507604574176,-0.5503189612982297
4103,100,30,30,30,24.882411522104583,0.4458471835715671,-0.5503189612982297
4104,100,30,30,30,24.675765749957293,0.4465191862795125,-0.5503189612982297
4105,100,30,30,30,24.786737957727883,0.44915016897516263,-0.5503189612982297
4106,100,30,30,30,24.922493551854004,0.453094288363696,-0.5503189612982297
4107,100,30,30,30,24.72046545922347,0.45140209245067764,-0.5503189612982297
4108,100,30,30,30,24.86000880731833,0.45784520478661,-0.5503189612982297
4109,100,30,30,30,24.985592029994493,0.4644421962689167,-0.5503189612982297
4110,100,30,30,30,24.784602983243552,0.46340278808519986,-0.5503189612982297
4111,100,30,30,30,25.04401219776439,0.4615669017194666,-0.5503189612982297
4112,100,30,30,30,24.932433483078636,0.4642212313095291,-0.5503189612982297
4113,100,30,30,30,24.59679880791809,0.45800018554225597,-0.5503189612982297
4114,100,30,30,30,24.988524437990073,0.45788985245759023,-0.5503189612982297
4115,100,30,30,30,25.295398977278225,0.4680603202416462,-0.5503189612982297
4116,100,30,30,30,24.88746102960077,0.47316774995632616,-0.5503189612982297
4117,100,30,30,30,24.821672220371532,0.47586948115068284,-0.5503189612982297
4118,100,30,30,30,24.970751648575344,0.4736473483568823,-0.5503189612982297
4119,100,30,30,30,24.633892311770012,0.4689169763771992,-0.5503189612982297
4120,100,30,30,30,24.826894255959132,0.4665216938718501,-0.5503189612982297
4121,100,30,30,30,24.671956769258344,0.46464378696535513,-0.5503189612982297
4122,100,30,30,30,25.114055747863517,0.4666654115716961,-0.5503189612982297
4123,100,30,30,30,25.02009673808888,0.4635635425733232,-0.5503189612982297
4124,100,30,30,30,24.979686704340267,0.46329396134616274,-0.5503189612982297
4125,100,30,30,30,24.89083627083364,0.46754829359715394,-0.5503189612982297
4126,100,30,30,30,24.615540399294694,0.4658501014451603,-0.5503189612982297
4127,100,30,30,30,25.019065290596146,0.4690622929315559,-0.5503189612982297
4128,100,30,30,30,24.888624544666303,0.4663846860363373,-0.5503189612982297
4129,100,30,30,30,24.89325897306574,0.47514719299553465,-0.5503189612982297
4130,100,30,30,30,24.82294832729422,0.4758491757944052,-0.5503189612982297
4131,100,30,30,30,24.734883148303823,0.47143786053018655,-0.5503189612982297
4132,100,30,30,30,24.87066464588745,0.4689120935459959,-0.5503189612982297
4133,100,30,30,30,24.77520791109712,0.47076032739293644,-0.5503189612982297
4134,100,30,30,30,24.66236039861056,0.4746217727966987,-0.5503189612982297
4135,100,30,30,30,24.982358017045495,0.46795904445373976,-0.5503189612982297
4136,100,30,30,30,24.674047215517533,0.4683305736076429,-0.5503189612982297
4137,100,30,30,30,25.005522160315927,0.46568661830990477,-0.5503189612982297
4138,100,30,30,30,24.14200217317147,0.4557910514720759,-0.5503189612982297
4139,100,30,30,30,25.00330808187553,0.457986440316823,-0.5503189612982297
4140,100,30,30,30,24.861650909835262,0.4599431698091477,-0.5503189612982297
4141,100,30,30,30,24.804379151001434,0.4675006033188218,-0.5503189612982297
4142,100,30,30,30,24.994490449599606,0.4688053596180455,-0.5503189612982297
4143,100,30,30,30,24.64949709626402,0.4608543827226261,-0.5503189612982297
4144,100,30,30,30,24.90852312792817,0.45914361642277896,-0.5503189612982297
4145,100,30,30,30,24.996767726532617,0.4610281827452333,-0.5503189612982297
4146,100,30,30,30,24.817043300917504,0.4620531822434329,-0.5503189612982297
4147,100,30,30,30,24.394316639012132,0.45273983367404536,-0.5503189612982297
4148,100,30,30,30,24.96309072360321,0.454507280209261,-0.5503189612982297
4149,100,30,30,30,25.01490858711503,0.4544095434472925,-0.5503189612982297
4150,100,30,30,30,24.90033867776915,0.45649880730085435,-0.5503189612982297
4151,100,30,30,30,24.70199039984361,0.4498637139534761,-0.5503189612982297
4152,100,30,30,30,24.872070493704886,0.4616599913541484,-0.5503189612982297
4153,100,30,30,30,24.920694007702508,0.4675100336514038,-0.5503189612982297
4154,100,30,30,30,24.864653113153192,0.4617769295622047,-0.5503189612982297
4155,100,30,30,30,25.100811548001857,0.47118495376098346,-0.5503189612982297
4156,100,30,30,30,24.8656459946747,0.47079061537075534,-0.5503189612982297
4157,100,30,30,30,25.020950564533138,0.473710641712735,-0.5503189612982297
4158,100,30,30,30,25.052553231479543,0.4781850624430767,-0.5503189612982297
4159,100,30,30,30,24.579319463605565,0.4693658654430356,-0.5503189612982297
4160,100,30,30,30,24.845464659215867,0.46709417727774366,-0.5503189612982297
4161,100,30,30,30,24.857352131518095,0.46832312427667416,-0.5503189612982297
4162,100,30,30,30,25.114272933849914,0.4763717831677412,-0.5503189612982297
4163,100,30,30,30,24.597749908396572,0.4748320545916945,-0.5503189612982297
4164,100,30,30,30,24.778726775246493,0.4759663757388459,-0.5503189612982297
4165,100,30,30,30,24.57754345861384,0.468942203065814,-0.5503189612982297
4166,100,30,30,30,24.69547445965183,0.4567514477067979,-0.5503189612982297
4167,100,30,30,30,24.973801833814903,0.4664885945438752,-0.5503189612982297
4168,100,30,30,30,24.85307797297381,0.47087632099777255,-0.5503189612982297
4169,100,30,30,30,24.777591508043002,0.46921812006009084,-0.5503189612982297
4170,100,30,30,30,24.895396844015295,0.4748784367944974,-0.5503189612982297
4171,100,30,30,30,24.863534147178086,0.47481376209451087,-0.5503189612982297
4172,100,30,30,30,24.785792887594155,0.46194843763828064,-0.5503189612982297
4173,100,30,30,30,24.944210761702628,0.46230231797748506,-0.5503189612982297
4174,100,30,30,30,24.99010822252268,0.4655486903403605,-0.5503189612982297
4175,100,30,30,30,24.73749800925386,0.4682168020822431,-0.5503189612982297
4176,100,30,30,30,24.78775092297137,0.46167489416476876,-0.5503189612982297
4177,100,30,30,30,25.00918448628932,0.4662201496742532,-0.5503189612982297
4178,100,30,30,30,24.62078218906574,0.4627223722285499,-0.5503189612982297
4179,100,30,30,30,25.025202894304474,0.4637471304309052,-0.5503189612982297
4180,100,30,30,30,25.041934124864504,0.4660186768451871,-0.5503189612982297
4181,100,30,30,30,24.97971098246459,0.4653240383295703,-0.5503189612982297
4182,100,30,30,30,24.99586787140943,0.46676535124426044,-0.5503189612982297
4183,100,30,30,30,24.076699305936483,0.4550209484867604,-0.5503189612982297
4184,100,30,30,30,24.923326260546872,0.4564422794198416,-0.5503189612982297
4185,100,30,30,30,25.052142856860165,0.46093030602774204,-0.5503189612982297
4186,100,30,30,30,24.731029412723075,0.46163303755832946,-0.5503189612982297
4187,100,30,30,30,24.794942220698736,0.4645265578134037,-0.5503189612982297
4188,100,30,30,30,24.849515074198578,0.47020284581086025,-0.5503189612982297
4189,100,30,30,30,24.862278120151075,0.4727842217369587,-0.5503189612982297
4190,100,30,30,30,25.065814378478866,0.48624703899003197,-0.5503189612982297
4191,100,30,30,30,24.989658077200048,0.49462406428420785,-0.5503189612982297
4192,100,30,30,30,24.590477387522768,0.4926051283631451,-0.5503189612982297
4193,100,30,30,30,24.95720867525508,0.4983546211185039,-0.5503189612982297
4194,100,30,30,30,24.919591831191326,0.5001896075797159,-0.5503189612982297
4195,100,30,30,30,25.053039546977818,0.49864796301694586,-0.5503189612982297
4196,100,30,30,30,24.999959050275276,0.49776471887903223,-0.5503189612982297
4197,100,30,30,30,24.34833730296073,0.49085698698805424,-0.5503189612982297
4198,100,30,30,30,24.640974069548218,0.48884697732582927,-0.5503189612982297
4199,100,30,30,30,24.90199108456949,0.4879677864168256,-0.5503189612982297
4200,100,30,30,30,24.51274926548292,0.4829764465134719,-0.5503189612982297
4201,100,30,30,30,24.95059052993777,0.47962101960052994,-0.5503189612982297
4202,100,30,30,30,25.344646303879813,0.4791913814170628,-0.5503189612982297
4203,100,30,30,30,24.9800093301845,0.4776427089953792,-0.5503189612982297
4204,100,30,30,30,24.81983068830659,0.4833347642659834,-0.5503189612982297
4205,100,30,30,30,24.704105679698575,0.48008354336910325,-0.5503189612982297
4206,100,30,30,30,25.008123921851062,0.4847088946133072,-0.5503189612982297
4207,100,30,30,30,24.730636302532297,0.48766656169875283,-0.5503189612982297
4208,100,30,30,30,24.720929164686194,0.47950586509698495,-0.5503189612982297
4209,100,30,30,30,24.915817087131977,0.48301062988960075,-0.5503189612982297
4210,100,30,30,30,25.069644202293425,0.48584783538147064,-0.5503189612982297
4211,100,30,30,30,24.953590520330877,0.48462616110162965,-0.5503189612982297
4212,100,30,30,30,24.91985855170052,0.48887486560084487,-0.5503189612982297
4213,100,30,30,30,24.91051066226926,0.48719030858847473,-0.5503189612982297
4214,100,30,30,30,25.054079483137944,0.48944881949924124,-0.5503189612982297
4215,100,30,30,30,24.822670360914625,0.4791805278604034,-0.5503189612982297
4216,100,30,30,30,24.88801588168739,0.4842223245467692,-0.5503189612982297
4217,100,30,30,30,24.985859174140877,0.4822081218484375,-0.5503189612982297
4218,100,30,30,30,25.11313808888189,0.48387987632074597,-0.5503189612982297
4219,100,30,30,30,24.892014016949183,0.48001400320617343,-0.5503189612982297
4220,100,30,30,30,24.987544585711277,0.48435379969065084,-0.5503189612982297
4221,100,30,30,30,24.89524074558532,0.48707624972382096,-0.5503189612982297
4222,100,30,30,30,24.666016256948136,0.48938761971488864,-0.5503189612982297
4223,100,30,30,30,24.890038920534757,0.4831985106368977,-0.5503189612982297
4224,100,30,30,30,24.68818537232044,0.48639027227553994,-0.5503189612982297
4225,100,30,30,30,24.97073762240876,0.485304385229169,-0.5503189612982297
4226,100,30,30,30,25.049886116599424,0.49054052054461794,-0.5503189612982297
4227,100,30,30,30,24.922060404549427,0.4941270041415762,-0.5503189612982297
4228,100,30,30,30,24.761575940017607,0.49106970705712,-0.5503189612982297
4229,100,30,30,30,24.981261771837865,0.4955782193780677,-0.5503189612982297
4230,100,30,30,30,24.878796478527214,0.5017290665959593,-0.5503189612982297
4231,100,30,30,30,24.95210004968398,0.5004276900372088,-0.5503189612982297
4232,100,30,30,30,24.940491083875322,0.5008277627126019,-0.5503189612982297
4233,100,30,30,30,24.991775991312387,0.5023627968644345,-0.5503189612982297
4234,100,30,30,30,24.824337864356288,0.4978367567134026,-0.5503189612982297
4235,100,30,30,30,24.986711161391923,0.5007846460392577,-0.5503189612982297
4236,100,30,30,30,25.012943498921203,0.49832402920965646,-0.5503189612982297
4237,100,30,30,30,24.77385694010498,0.49803763945812646,-0.5503189612982297
4238,100,30,30,30,25.00215719431366,0.5003348573309121,-0.5503189612982297
4239,100,30,30,30,24.875056557152078,0.49891909974932847,-0.5503189612982297
4240,100,30,30,30,25.03424518029808,0.5005606131994371,-0.5503189612982297
4241,100,30,30,30,24.867152686123184,0.49450660742177105,-0.5503189612982297
4242,100,30,30,30,24.69278460204719,0.4876078116918761,-0.5503189612982297
4243,100,30,30,30,24.903031517830065,0.49223154487743537,-0.5503189612982297
4244,100,30,30,30,24.863734765460297,0.49711204805287595,-0.5503189612982297
4245,100,30,30,30,25.009591896066276,0.5019449524326486,-0.5503189612982297
4246,100,30,30,30,24.787960191344716,0.5066822027650763,-0.5503189612982297
4247,100,30,30,30,24.90440254842865,0.49903771676538905,-0.5503189612982297
4248,100,30,30,30,24.814730045170677,0.49911311613823345,-0.5503189612982297
4249,100,30,30,30,24.835980697754167,0.5002581135722486,-0.5503189612982297
4250,100,30,30,30,24.6729093046296,0.5008379128529108,-0.5503189612982297
4251,100,30,30,30,24.66045792117341,0.49631885412082877,-0.5503189612982297
4252,100,30,30,30,25.0085385702652,0.4954441261769213,-0.5503189612982297
4253,100,30,30,30,24.885303835494827,0.49994442094273056,-0.5503189612982297
4254,100,30,30,30,25.125294043859466,0.5050771818348642,-0.5503189612982297
4255,100,30,30,30,24.962002645859396,0.5090827851233476,-0.5503189612982297
4256,100,30,30,30,24.910691855493766,0.507015919781421,-0.5503189612982297
4257,100,30,30,30,24.55906664067073,0.49896798460554265,-0.5503189612982297
4258,100,30,30,30,25.03682101620185,0.494610797798124,-0.5503189612982297
4259,100,30,30,30,24.245411091760488,0.4853536979732082,-0.5503189612982297
4260,100,30,30,30,24.93126420070837,0.48665836669431184,-0.5503189612982297
4261,100,30,30,30,24.880495486458855,0.4898359634593295,-0.5503189612982297
4262,100,30,30,30,24.71573600077211,0.4770772628269714,-0.5503189612982297
4263,100,30,30,30,25.003357003528432,0.4777634941897516,-0.5503189612982297
4264,100,30,30,30,24.952568422877036,0.4747040220246446,-0.5503189612982297
4265,100,30,30,30,24.785966482769076,0.48118915319297617,-0.5503189612982297
4266,100,30,30,30,24.733296869964516,0.48076108975962706,-0.5503189612982297
4267,100,30,30,30,24.518859051441275,0.4765404142084164,-0.5503189612982297
4268,100,30,30,30,24.71984931850515,0.47380309096579365,-0.5503189612982297
4269,100,30,30,30,24.637821953536886,0.46681187365293997,-0.5503189612982297
4270,100,30,30,30,24.8485941334433,0.46341867253971714,-0.5503189612982297
4271,100,30,30,30,24.6055872379005,0.46551267892927045,-0.5503189612982297
4272,100,30,30,30,24.747296307097457,0.46291610534200994,-0.5503189612982297
4273,100,30,30,30,24.68990109233869,0.45963034293862126,-0.5503189612982297
4274,100,30,30,30,24.89967509827391,0.46739533568117303,-0.5503189612982297
4275,100,30,30,30,25.01108243033648,0.4727642633468135,-0.5503189612982297
4276,100,30,30,30,24.6176331613269,0.467165232784079,-0.5503189612982297
4277,100,30,30,30,24.923533775718884,0.464838448973311,-0.5503189612982297
4278,100,30,30,30,24.897453016416094,0.45910019832194404,-0.5503189612982297
4279,100,30,30,30,24.96195615545372,0.46281705063159395,-0.5503189612982297
4280,100,30,30,30,24.91011008467262,0.46525485949806855,-0.5503189612982297
4281,100,30,30,30,24.784843490215277,0.4665505703952908,-0.5503189612982297
4282,100,30,30,30,24.891931559618655,0.4659386755535816,-0.5503189612982297
4283,100,30,30,30,25.13787719364245,0.4681021407735358,-0.5503189612982297
4284,100,30,30,30,24.331178089907915,0.4523885342916973,-0.5503189612982297
4285,100,30,30,30,24.86718518992265,0.4517045779339979,-0.5503189612982297
4286,100,30,30,30,24.620462515168967,0.44751146019372745,-0.5503189612982297
4287,100,30,30,30,24.472869777562767,0.44362614447895127,-0.5503189612982297
4288,100,30,30,30,24.928049233271125,0.4471941711274381,-0.5503189612982297
4289,100,30,30,30,24.93421492529481,0.4439640462182732,-0.5503189612982297
4290,100,30,30,30,24.890186862512216,0.4470400954387838,-0.5503189612982297
4291,100,30,30,30,24.73555488874201,0.43641932683245355,-0.5503189612982297
4292,100,30,30,30,24.93355428189213,0.4410984501371705,-0.5503189612982297
4293,100,30,30,30,24.88854828892873,0.4392361363862351,-0.5503189612982297
4294,100,30,30,30,24.89049145165118,0.44769574770131354,-0.5503189612982297
4295,100,30,30,30,24.967740703897416,0.4540129404262353,-0.5503189612982297
4296,100,30,30,30,24.406691512715827,0.4523226621055389,-0.5503189612982297
4297,100,30,30,30,25.00868690874502,0.4646366062072968,-0.5503189612982297
4298,100,30,30,30,24.822026194170196,0.46718513114365096,-0.5503189612982297
4299,100,30,30,30,24.93154333722584,0.47200886940558157,-0.5503189612982297
4300,100,30,30,30,24.399920582468752,0.4690143025180973,-0.5503189612982297
4301,100,30,30,30,24.939318504057894,0.47232541878544854,-0.5503189612982297
4302,100,30,30,30,24.720258749412807,0.4681919559809648,-0.5503189612982297
4303,100,30,30,30,24.820897054482316,0.47144389807114767,-0.5503189612982297
4304,100,30,30,30,24.908492570818254,0.4740979582654873,-0.5503189612982297
4305,100,30,30,30,24.9442995818396,0.4856989383716593,-0.5503189612982297
4306,100,30,30,30,25.01884888013037,0.4932427843428146,-0.5503189612982297
4307,100,30,30,30,24.739764264222714,0.4947887815154236,-0.5503189612982297
4308,100,30,30,30,24.803922425666983,0.4943741485586471,-0.5503189612982297
4309,100,30,30,30,24.933669221398965,0.49922537003757056,-0.5503189612982297
4310,100,30,30,30,25.045678094027267,0.5009838065516309,-0.5503189612982297
4311,100,30,30,30,25.04380308601192,0.5000291091477684,-0.5503189612982297
4312,100,30,30,30,24.911608491428424,0.49587740033184063,-0.5503189612982297
4313,100,30,30,30,24.998027963584313,0.49605625791776475,-0.5503189612982297
4314,100,30,30,30,24.856622958062495,0.4986024272472577,-0.5503189612982297
4315,100,30,30,30,24.61431860850123,0.49113667842591624,-0.5503189612982297
4316,100,30,30,30,24.774215476577538,0.4920445278195637,-0.5503189612982297
4317,100,30,30,30,24.701437988693698,0.48772170997493425,-0.5503189612982297
4318,100,30,30,30,24.85358139264273,0.49169177815541304,-0.5503189612982297
4319,100,30,30,30,24.83045137805232,0.49468413624662344,-0.5503189612982297
4320,100,30,30,30,25.062542603131543,0.4998806421086908,-0.5503189612982297
4321,100,30,30,30,24.590654897942194,0.4905785653997239,-0.5503189612982297
4322,100,30,30,30,24.950770966937093,0.48757366351395043,-0.5503189612982297
4323,100,30,30,30,24.873097982651295,0.48660464588971947,-0.5503189612982297
4324,100,30,30,30,24.78902138436368,0.4902927282031596,-0.5503189612982297
4325,100,30,30,30,24.75216524561823,0.49385152652227565,-0.5503189612982297
4326,100,30,30,30,24.795315589076672,0.49334663395153494,-0.5503189612982297
4327,100,30,30,30,24.87613578877101,0.49205832454918996,-0.5503189612982297
4328,100,30,30,30,24.8392676416249,0.48867401355867873,-0.5503189612982297
4329,100,30,30,30,25.02021541284814,0.5005594426975342,-0.5503189612982297
4330,100,30,30,30,24.694202671017244,0.49884740633070845,-0.5503189612982297
4331,100,30,30,30,24.774283072649755,0.49622516733744004,-0.5503189612982297
4332,100,30,30,30,24.29783500977018,0.4861172751702746,-0.5503189612982297
4333,100,30,30,30,24.75333109140741,0.4875982227995347,-0.5503189612982297
4334,100,30,30,30,25.02542593718327,0.4899460919736101,-0.5503189612982297
4335,100,30,30,30,24.984795390086298,0.490687234432634,-0.5503189612982297
4336,100,30,30,30,25.0236175730677,0.4900685612720019,-0.5503189612982297
4337,100,30,30,30,24.980217450973765,0.4932630247890237,-0.5503189612982297
4338,100,30,30,30,24.65984428719722,0.4831204025725111,-0.5503189612982297
4339,100,30,30,30,24.434826172926485,0.4817778305569198,-0.5503189612982297
4340,100,30,30,30,24.94282522544632,0.4739403516383484,-0.5503189612982297
4341,100,30,30,30,24.641395838913716,0.4693080762438136,-0.5503189612982297
4342,100,30,30,30,24.840977809710346,0.4732686731128832,-0.5503189612982297
4343,100,30,30,30,24.772010821047083,0.4751702528615549,-0.5503189612982297
4344,100,30,30,30,24.66279424843806,0.46882217150800015,-0.5503189612982297
4345,100,30,30,30,25.01001985111737,0.47798571324127337,-0.5503189612982297
4346,100,30,30,30,25.003131167971915,0.47912263461382054,-0.5503189612982297
4347,100,30,30,30,24.771386737511996,0.4790644105005561,-0.5503189612982297
4348,100,30,30,30,25.00135699854338,0.4793633856464599,-0.5503189612982297
4349,100,30,30,30,24.977392067058766,0.4867763404689241,-0.5503189612982297
4350,100,30,30,30,24.93408201982696,0.4820615395898332,-0.5503189612982297
4351,100,30,30,30,24.630899761730163,0.47956197965281605,-0.5503189612982297
4352,100,30,30,30,24.581847430678884,0.47671933486022683,-0.5503189612982297
4353,100,30,30,30,25.043683025133085,0.47761071820965273,-0.5503189612982297
4354,100,30,30,30,24.911728781204495,0.47738233652704554,-0.5503189612982297
4355,100,30,30,30,24.80326029599886,0.4703875707519425,-0.5503189612982297
4356,100,30,30,30,25.143256586111075,0.4713410424839648,-0.5503189612982297
4357,100,30,30,30,24.873011161685746,0.46829228964442454,-0.5503189612982297
4358,100,30,30,30,25.101068751043506,0.47115268562541246,-0.5503189612982297
4359,100,30,30,30,24.63588301960742,0.46947368575585946,-0.5503189612982297
4360,100,30,30,30,25.011535813887527,0.4714317213371588,-0.5503189612982297
4361,100,30,30,30,24.832643043268646,0.4664861246774129,-0.5503189612982297
4362,100,30,30,30,25.06814591843665,0.4736117887194852,-0.5503189612982297
4363,100,30,30,30,24.920886573720082,0.47717963593949875,-0.5503189612982297
4364,100,30,30,30,25.06695984896625,0.4772303283880393,-0.5503189612982297
4365,100,30,30,30,24.98487924295251,0.47938137625809185,-0.5503189612982297
4366,100,30,30,30,24.807809977664327,0.4727046962453369,-0.5503189612982297
4367,100,30,30,30,24.625886487617368,0.46728305558951067,-0.5503189612982297
4368,100,30,30,30,25.07011715031895,0.46679049055716565,-0.5503189612982297
4369,100,30,30,30,24.982579301039433,0.4693503961716773,-0.5503189612982297
4370,100,30,30,30,24.951173850376392,0.4701929272361974,-0.5503189612982297
4371,100,30,30,30,24.825005278705767,0.4720704894753922,-0.5503189612982297
4372,100,30,30,30,24.720730884301368,0.4709431507475344,-0.5503189612982297
4373,100,30,30,30,24.650091492173637,0.4687459945620907,-0.5503189612982297
4374,100,30,30,30,24.87465320074918,0.46249574668391347,-0.5503189612982297
4375,100,30,30,30,24.985656827031566,0.4735388860725369,-0.5503189612982297
4376,100,30,30,30,24.680974744037364,0.4739861130053644,-0.5503189612982297
4377,100,30,30,30,24.34072268317606,0.4681304985663361,-0.5503189612982297
4378,100,30,30,30,24.959616292584606,0.4728570658336757,-0.5503189612982297
4379,100,30,30,30,24.903716909101533,0.4768696887059633,-0.5503189612982297
4380,100,30,30,30,24.677237499468184,0.47772077726861345,-0.5503189612982297
4381,100,30,30,30,24.990191537070988,0.48606742558333643,-0.5503189612982297
4382,100,30,30,30,25.01101069422102,0.4860256667367358,-0.5503189612982297
4383,100,30,30,30,24.80456175795644,0.47870565872012977,-0.5503189612982297
4384,100,30,30,30,25.013775146823647,0.4794580797513449,-0.5503189612982297
4385,100,30,30,30,25.019119536127814,0.48448788915516405,-0.5503189612982297
4386,100,30,30,30,24.94312601408602,0.48989150647458773,-0.5503189612982297
4387,100,30,30,30,24.889763871094267,0.49069221647651723,-0.5503189612982297
4388,100,30,30,30,24.945872708218893,0.4862188505016767,-0.5503189612982297
4389,100,30,30,30,24.997241886398022,0.4891832666575041,-0.5503189612982297
4390,100,30,30,30,24.72937824387045,0.4880574123896819,-0.5503189612982297
4391,100,30,30,30,24.984697898264216,0.4848869486707396,-0.5503189612982297
4392,100,30,30,30,24.490695392000948,0.4840122956477112,-0.5503189612982297
4393,100,30,30,30,24.704050483049116,0.4834623807827113,-0.5503189612982297
4394,100,30,30,30,24.46180927625617,0.4762701567452946,-0.5503189612982297
4395,100,30,30,30,24.687942869792778,0.47024204535303016,-0.5503189612982297
4396,100,30,30,30,24.93363223293585,0.4765484623115376,-0.5503189612982297
4397,100,30,30,30,24.988308041878387,0.4821500230342225,-0.5503189612982297
4398,100,30,30,30,24.947904693119938,0.48701750630588936,-0.5503189612982297
4399,100,30,30,30,25.01645531628379,0.4980495217743545,-0.5503189612982297
4400,100,30,30,30,25.009179150132127,0.5018927351407625,-0.5503189612982297
4401,100,30,30,30,24.90584038271536,0.5046150724694146,-0.5503189612982297
4402,100,30,30,30,24.395036905154434,0.4937816193992123,-0.5503189612982297
4403,100,30,30,30,25.00863456691709,0.4904265562232034,-0.5503189612982297
4404,100,30,30,30,24.800979631649966,0.49456651987875244,-0.5503189612982297
4405,100,30,30,30,24.93579042930851,0.4938671997781196,-0.5503189612982297
4406,100,30,30,30,24.42391409093252,0.48297549256258776,-0.5503189612982297
4407,100,30,30,30,24.372503193818762,0.4819085110676104,-0.5503189612982297
4408,100,30,30,30,24.487722630283876,0.476784210517574,-0.5503189612982297
4409,100,30,30,30,24.57147344318464,0.4767265793136292,-0.5503189612982297
4410,100,30,30,30,24.923816946019734,0.4747592868151582,-0.5503189612982297
4411,100,30,30,30,24.960303955456013,0.4803878538398611,-0.5503189612982297
4412,100,30,30,30,24.691707550352724,0.47747063394013806,-0.5503189612982297
4413,100,30,30,30,24.943089637398607,0.48354015643046294,-0.5503189612982297
4414,100,30,30,30,24.763518783135726,0.49115723655371557,-0.5503189612982297
4415,100,30,30,30,24.53101098817153,0.49384347909483345,-0.5503189612982297
4416,100,30,30,30,24.89579759172561,0.49494101412971564,-0.5503189612982297
4417,100,30,30,30,24.624757143328193,0.48736397172350976,-0.5503189612982297
4418,100,30,30,30,24.976526100191016,0.49050365939752893,-0.5503189612982297
4419,100,30,30,30,24.673389122281847,0.4857244497660456,-0.5503189612982297
4420,100,30,30,30,24.943628369797842,0.4821649194112802,-0.5503189612982297
4421,100,30,30,30,25.01297758447126,0.4820760527055697,-0.5503189612982297
4422,100,30,30,30,24.963564214808734,0.4791499776586674,-0.5503189612982297
4423,100,30,30,30,24.613088893805187,0.4814990201757415,-0.5503189612982297
4424,100,30,30,30,24.70545915952515,0.47246899448284674,-0.5503189612982297
4425,100,30,30,30,24.75934774739254,0.4718513498878565,-0.5503189612982297
4426,100,30,30,30,24.6445470131311,0.46976404312768616,-0.5503189612982297
4427,100,30,30,30,25.02336738995057,0.4765974351012686,-0.5503189612982297
4428,100,30,30,30,24.82063286060381,0.4706336258354945,-0.5503189612982297
4429,100,30,30,30,25.06255973772851,0.4757943868804493,-0.5503189612982297
4430,100,30,30,30,24.58296035257834,0.47004284150579095,-0.5503189612982297
4431,100,30,30,30,24.965984992150755,0.46953486355182356,-0.5503189612982297
4432,100,30,30,30,24.75439950674388,0.4672504100729251,-0.5503189612982297
4433,100,30,30,30,24.608984516794337,0.4673783146442992,-0.5503189612982297
4434,100,30,30,30,24.348859528179528,0.4669354397979311,-0.5503189612982297
4435,100,30,30,30,24.97613956177704,0.4648325273501176,-0.5503189612982297
4436,100,30,30,30,24.908226877437837,0.4694670359375875,-0.5503189612982297
4437,100,30,30,30,24.958559171290368,0.4781281082190352,-0.5503189612982297
4438,100,30,30,30,24.851834459008177,0.4785043002625343,-0.5503189612982297
4439,100,30,30,30,24.883226235065493,0.4822152577517781,-0.5503189612982297
4440,100,30,30,30,24.922440340386192,0.48247769910797417,-0.5503189612982297
4441,100,30,30,30,24.58836947204624,0.48443164356393914,-0.5503189612982297
4442,100,30,30,30,24.880831340154394,0.48827950938082865,-0.5503189612982297
4443,100,30,30,30,24.750987966198785,0.49013083002452007,-0.5503189612982297
4444,100,30,30,30,24.79676059971171,0.49378314372033144,-0.5503189612982297
4445,100,30,30,30,25.078217773250742,0.49858848097701025,-0.5503189612982297
4446,100,30,30,30,24.78826017979654,0.4981105285422073,-0.5503189612982297
4447,100,30,30,30,24.761216407638074,0.4995637498144796,-0.5503189612982297
4448,100,30,30,30,24.67945195200438,0.4980722665346571,-0.5503189612982297
4449,100,30,30,30,24.83312333735884,0.4904871614170526,-0.5503189612982297
4450,100,30,30,30,24.995819208042697,0.48882261907688973,-0.5503189612982297
4451,100,30,30,30,24.504379373552442,0.4835884494545306,-0.5503189612982297
4452,100,30,30,30,25.001310201587923,0.48368724106995536,-0.5503189612982297
4453,100,30,30,30,24.76041171465193,0.4835582207309494,-0.5503189612982297
4454,100,30,30,30,24.86834059753036,0.48099066268067187,-0.5503189612982297
4455,100,30,30,30,25.07804355994932,0.4857462450425476,-0.5503189612982297
4456,100,30,30,30,24.9959481347931,0.4819989072942042,-0.5503189612982297
4457,100,30,30,30,24.790382935133437,0.4768573598924938,-0.5503189612982297
4458,100,30,30,30,24.995134497442912,0.4766753630582657,-0.5503189612982297
4459,100,30,30,30,24.62938589745832,0.47383218188766085,-0.5503189612982297
4460,100,30,30,30,24.95653799643202,0.47461527849530877,-0.5503189612982297
4461,100,30,30,30,24.999109711969332,0.47395451697502955,-0.5503189612982297
4462,100,30,30,30,25.24909524424002,0.47784599907176134,-0.5503189612982297
4463,100,30,30,30,24.776468160606083,0.47701996049699874,-0.5503189612982297
4464,100,30,30,30,24.942317506725907,0.48021841760462913,-0.5503189612982297
4465,100,30,30,30,24.766123019161817,0.48239431569257274,-0.5503189612982297
4466,100,30,30,30,24.964638167244665,0.4770218765624489,-0.5503189612982297
4467,100,30,30,30,24.953785920718673,0.4764348552012325,-0.5503189612982297
4468,100,30,30,30,24.706622389549572,0.47341809390165945,-0.5503189612982297
4469,100,30,30,30,24.730391418103935,0.4608328300837252,-0.5503189612982297
4470,100,30,30,30,24.871232443802533,0.46480565304492255,-0.5503189612982297
4471,100,30,30,30,24.731068405366152,0.46918169482815636,-0.5503189612982297
4472,100,30,30,30,24.396922252293336,0.46985430664329986,-0.5503189612982297
4473,100,30,30,30,24.98973178563343,0.47551380611087674,-0.5503189612982297
4474,100,30,30,30,24.741767627563693,0.4707093255702172,-0.5503189612982297
4475,100,30,30,30,24.919228374978218,0.4763126035016277,-0.5503189612982297
4476,100,30,30,30,24.785506692219023,0.4722184123053728,-0.5503189612982297
4477,100,30,30,30,24.79477979165842,0.46770844397539113,-0.5503189612982297
4478,100,30,30,30,24.35918197387123,0.4611755490582068,-0.5503189612982297
4479,100,30,30,30,24.503174664073637,0.45905508589993216,-0.5503189612982297
4480,100,30,30,30,24.16304127362757,0.4530468470042315,-0.5503189612982297
4481,100,30,30,30,24.989933997203536,0.4554832674689394,-0.5503189612982297
4482,100,30,30,30,25.012001980746888,0.4509763866011997,-0.5503189612982297
4483,100,30,30,30,24.839225244008006,0.4484774612455081,-0.5503189612982297
4484,100,30,30,30,24.65649127462398,0.4442091337733002,-0.5503189612982297
4485,100,30,30,30,25.060885791924612,0.4461069457592047,-0.5503189612982297
4486,100,30,30,30,24.86198966598978,0.4376943657793638,-0.5503189612982297
4487,100,30,30,30,25.032158775273537,0.43739229684866066,-0.5503189612982297
4488,100,30,30,30,24.474263329203865,0.4219314836627319,-0.5503189612982297
4489,100,30,30,30,24.88053334826425,0.42455966809245377,-0.5503189612982297
4490,100,30,30,30,24.741185062888892,0.42562615644774987,-0.5503189612982297
4491,100,30,30,30,24.828854846182594,0.4303123241542523,-0.5503189612982297
4492,100,30,30,30,24.93404984631718,0.4382082333941486,-0.5503189612982297
4493,100,30,30,30,24.576348758758158,0.43673845451857257,-0.5503189612982297
4494,100,30,30,30,24.864438760762987,0.4411980389426767,-0.5503189612982297
4495,100,30,30,30,24.5721305416467,0.4370979442290102,-0.5503189612982297
4496,100,30,30,30,24.809107366034475,0.4333479976570834,-0.5503189612982297
4497,100,30,30,30,25.01736782267435,0.42787105257304425,-0.5503189612982297
4498,100,30,30,30,24.688380986762404,0.4279339898446347,-0.5503189612982297
4499,100,30,30,30,25.019843767606133,0.437286883516826,-0.5503189612982297
4500,100,30,30,30,24.75832928779294,0.43470249091231544,-0.5503189612982297
4501,100,30,30,30,24.790703346805444,0.43780755538726124,-0.5503189612982297
4502,100,30,30,30,24.9148082845146,0.43882863205412387,-0.5503189612982297
4503,100,30,30,30,25.00646881485598,0.4420675397378602,-0.5503189612982297
4504,100,30,30,30,24.52386892672461,0.4342005361931942,-0.5503189612982297
4505,100,30,30,30,24.86686350761141,0.4396757629537411,-0.5503189612982297
4506,100,30,30,30,25.0750087109931,0.4425508305478412,-0.5503189612982297
4507,100,30,30,30,24.933698229885586,0.4455497738382695,-0.5503189612982297
4508,100,30,30,30,25.023907955903162,0.44726210073915396,-0.5503189612982297
4509,100,30,30,30,25.056759213159168,0.4437028547464379,-0.5503189612982297
4510,100,30,30,30,24.892463599834013,0.44352272316189656,-0.5503189612982297
4511,100,30,30,30,24.873879429858363,0.447162422081438,-0.5503189612982297
4512,100,30,30,30,24.653046238196413,0.443877915194408,-0.5503189612982297
4513,100,30,30,30,25.02856272517446,0.43962213215640267,-0.5503189612982297
4514,100,30,30,30,25.02399137970503,0.43958888145656416,-0.5503189612982297
4515,100,30,30,30,24.512261327120108,0.43483023966878837,-0.5503189612982297
4516,100,30,30,30,25.003427758619214,0.4403620001417519,-0.5503189612982297
4517,100,30,30,30,24.905402294957874,0.4408752724719278,-0.5503189612982297
4518,100,30,30,30,25.01250875438002,0.4443709924270342,-0.5503189612982297
4519,100,30,30,30,24.976928389064373,0.44590237875605576,-0.5503189612982297
4520,100,30,30,30,24.6274777401796,0.44450834325676425,-0.5503189612982297
4521,100,30,30,30,23.905002644045965,0.4302661866370278,-0.5503189612982297
4522,100,30,30,30,24.919188393774856,0.43535265395949757,-0.5503189612982297
4523,100,30,30,30,24.460063072862056,0.42549174778910837,-0.5503189612982297
4524,100,30,30,30,24.737762885148687,0.42235041327796796,-0.5503189612982297
4525,100,30,30,30,24.85078106041904,0.43219993108519983,-0.5503189612982297
4526,100,30,30,30,24.997715979412543,0.4394138591151129,-0.5503189612982297
4527,100,30,30,30,24.788260475566126,0.436046226018049,-0.5503189612982297
4528,100,30,30,30,25.00167083778107,0.44444011946499723,-0.5503189612982297
4529,100,30,30,30,25.07194969022213,0.44713827738956197,-0.5503189612982297
4530,100,30,30,30,24.7489988311804,0.4478172388368341,-0.5503189612982297
4531,100,30,30,30,24.951953469855354,0.45505670452745817,-0.5503189612982297
4532,100,30,30,30,24.953012098410596,0.4605748685766515,-0.5503189612982297
4533,100,30,30,30,25.05924824892157,0.46458212629874607,-0.5503189612982297
4534,100,30,30,30,24.69334370771623,0.46664196960140436,-0.5503189612982297
4535,100,30,30,30,24.85303626231818,0.4653731292195226,-0.5503189612982297
4536,100,30,30,30,24.489655526563006,0.4520399011389036,-0.5503189612982297
4537,100,30,30,30,24.86434047140842,0.44882840189963275,-0.5503189612982297
4538,100,30,30,30,24.96064771322641,0.44367077417792344,-0.5503189612982297
4539,100,30,30,30,24.779357259108036,0.4493536965051731,-0.5503189612982297
4540,100,30,30,30,24.36521716723159,0.44151569038332034,-0.5503189612982297
4541,100,30,30,30,24.732733477356845,0.43501675875648865,-0.5503189612982297
4542,100,30,30,30,25.025321501086168,0.44638999953582975,-0.5503189612982297
4543,100,30,30,30,24.776913203027505,0.4425604344456329,-0.5503189612982297
4544,100,30,30,30,24.82500182656846,0.44573597535143555,-0.5503189612982297
4545,100,30,30,30,24.8170540481348,0.4462158791823277,-0.5503189612982297
4546,100,30,30,30,25.057363502447195,0.44541814791456336,-0.5503189612982297
4547,100,30,30,30,24.951556717807367,0.4422673531053595,-0.5503189612982297
4548,100,30,30,30,24.93119080300268,0.44640715995241287,-0.5503189612982297
4549,100,30,30,30,24.680856331715617,0.44742195422884184,-0.5503189612982297
4550,100,30,30,30,24.91250329639968,0.45270614859488556,-0.5503189612982297
4551,100,30,30,30,24.96666581924458,0.45648975908852585,-0.5503189612982297
4552,100,30,30,30,24.690399626249395,0.4579978002957904,-0.5503189612982297
4553,100,30,30,30,24.85300069605344,0.45053768837677116,-0.5503189612982297
4554,100,30,30,30,24.453123313346687,0.4485329011076348,-0.5503189612982297
4555,100,30,30,30,24.68337062817971,0.4446214118845882,-0.5503189612982297
4556,100,30,30,30,24.775117908039768,0.43998391689325117,-0.5503189612982297
4557,100,30,30,30,24.67320130362399,0.4416655857168257,-0.5503189612982297
4558,100,30,30,30,24.784436924188658,0.43669198451266106,-0.5503189612982297
4559,100,30,30,30,24.675760608243863,0.43808618859947074,-0.5503189612982297
4560,100,30,30,30,24.37984246093773,0.4305853123914501,-0.5503189612982297
4561,100,30,30,30,24.344274734198407,0.421850167421898,-0.5503189612982297
4562,100,30,30,30,24.97778913205433,0.4291243725216039,-0.5503189612982297
4563,100,30,30,30,24.956536319742224,0.4289422633987867,-0.5503189612982297
4564,100,30,30,30,24.177103340244134,0.4224256273596357,-0.5503189612982297
4565,100,30,30,30,24.84630836205609,0.4175574934211145,-0.5503189612982297
4566,100,30,30,30,24.594380211850115,0.41838328205551767,-0.5503189612982297
4567,100,30,30,30,24.872264854200672,0.42114275895350106,-0.5503189612982297
4568,100,30,30,30,24.809998126873516,0.42576812336193576,-0.5503189612982297
4569,100,30,30,30,25.113517799278064,0.4214122777629936,-0.5503189612982297
4570,100,30,30,30,24.911949459088298,0.422901622416058,-0.5503189612982297
4571,100,30,30,30,24.826380598251838,0.4254019001225906,-0.5503189612982297
4572,100,30,30,30,24.77296042663384,0.42181989585480806,-0.5503189612982297
4573,100,30,30,30,24.791928075095086,0.4165357259063909,-0.5503189612982297
4574,100,30,30,30,25.000450500329244,0.42152034818111156,-0.5503189612982297
4575,100,30,30,30,24.850896556180473,0.4208072608792484,-0.5503189612982297
4576,100,30,30,30,24.73891863361836,0.4225850781555897,-0.5503189612982297
4577,100,30,30,30,25.114526668805887,0.416458719735753,-0.5503189612982297
4578,100,30,30,30,24.978451507803456,0.41873812900703083,-0.5503189612982297
4579,100,30,30,30,24.408473431654087,0.41520282678236275,-0.5503189612982297
4580,100,30,30,30,24.724592982745698,0.4183378782998652,-0.5503189612982297
4581,100,30,30,30,25.03555649790631,0.4244343204427959,-0.5503189612982297
4582,100,30,30,30,24.566389068989743,0.41232024142081175,-0.5503189612982297
4583,100,30,30,30,24.996771546861666,0.41811862337311156,-0.5503189612982297
4584,100,30,30,30,24.778615505508263,0.416069514894824,-0.5503189612982297
4585,100,30,30,30,24.685282133964627,0.41810785341811263,-0.5503189612982297
4586,100,30,30,30,24.925186624036236,0.42312126314953097,-0.5503189612982297
4587,100,30,30,30,24.801741227639404,0.4209844485449219,-0.5503189612982297
4588,100,30,30,30,25.00939499621714,0.427499481194679,-0.5503189612982297
4589,100,30,30,30,24.647054393929533,0.4254404930498225,-0.5503189612982297
4590,100,30,30,30,25.026278398958908,0.4269913269681858,-0.5503189612982297
4591,100,30,30,30,24.721821989623507,0.4174526153292591,-0.5503189612982297
4592,100,30,30,30,24.970676036132332,0.4210614545975913,-0.5503189612982297
4593,100,30,30,30,24.312365725153896,0.41202857871086906,-0.5503189612982297
4594,100,30,30,30,24.98642000904288,0.4163048960794658,-0.5503189612982297
4595,100,30,30,30,24.776190161059347,0.4193473314339888,-0.5503189612982297
4596,100,30,30,30,24.852588773887653,0.4274917612717141,-0.5503189612982297
4597,100,30,30,30,24.977219659813414,0.42472560282733135,-0.5503189612982297
4598,100,30,30,30,23.259419509411238,0.40950048816682144,-0.5503189612982297
4599,100,30,30,30,24.910963061326306,0.4128377279926661,-0.5503189612982297
4600,100,30,30,30,24.500835420753557,0.40834534173926573,-0.5503189612982297
4601,100,30,30,30,24.591362317948274,0.4100062038230412,-0.5503189612982297
4602,100,30,30,30,24.728343452011483,0.4207426485562557,-0.5503189612982297
4603,100,30,30,30,25.040769051685153,0.4295329284210585,-0.5503189612982297
4604,100,30,30,30,24.578377148852333,0.41779713999718715,-0.5503189612982297
4605,100,30,30,30,24.89907461985643,0.4252198793469433,-0.5503189612982297
4606,100,30,30,30,25.156331811291047,0.42911208753023733,-0.5503189612982297
4607,100,30,30,30,24.65700664209172,0.43293496611202315,-0.5503189612982297
4608,100,30,30,30,24.94669240375076,0.43791993594452255,-0.5503189612982297
4609,100,30,30,30,24.83378630111551,0.43674473252378937,-0.5503189612982297
4610,100,30,30,30,24.803834351678226,0.43390634800175426,-0.5503189612982297
4611,100,30,30,30,24.862410271319575,0.4366737636853711,-0.5503189612982297
4612,100,30,30,30,24.856878511108086,0.43772873018942626,-0.5503189612982297
4613,100,30,30,30,24.52345009917719,0.43581779578843827,-0.5503189612982297
4614,100,30,30,30,24.829495532375418,0.43143693877121797,-0.5503189612982297
4615,100,30,30,30,24.29329857364584,0.42823029605336194,-0.5503189612982297
4616,100,30,30,30,24.889438817096426,0.4340936816377588,-0.5503189612982297
4617,100,30,30,30,24.9356036507334,0.4399346185865097,-0.5503189612982297
4618,100,30,30,30,24.888843344723433,0.44009966670204437,-0.5503189612982297
4619,100,30,30,30,24.860473540788348,0.4359367716711678,-0.5503189612982297
4620,100,30,30,30,24.708364313238356,0.4266003206825246,-0.5503189612982297
4621,100,30,30,30,25.010396706158012,0.4231778649249896,-0.5503189612982297
4622,100,30,30,30,24.880532643654327,0.4201624458293823,-0.5503189612982297
4623,100,30,30,30,25.05675311562971,0.42732968735903615,-0.5503189612982297
4624,100,30,30,30,24.45966271549998,0.4247332686133869,-0.5503189612982297
4625,100,30,30,30,24.966574170684176,0.4238124625497681,-0.5503189612982297
4626,100,30,30,30,24.711187587506572,0.41706040141422257,-0.5503189612982297
4627,100,30,30,30,24.63559545817485,0.4111279302238792,-0.5503189612982297
4628,100,30,30,30,24.995590659916793,0.4183924180824446,-0.5503189612982297
4629,100,30,30,30,24.276491301520032,0.4175002585923426,-0.5503189612982297
4630,100,30,30,30,24.699620234539722,0.41512865800985316,-0.5503189612982297
4631,100,30,30,30,25.03222520160306,0.41577633350148996,-0.5503189612982297
4632,100,30,30,30,24.16517126461875,0.4092829951566972,-0.5503189612982297
4633,100,30,30,30,24.803381644980263,0.4126360428987605,-0.5503189612982297
4634,100,30,30,30,24.610618155309382,0.4127420213988104,-0.5503189612982297
4635,100,30,30,30,24.726863557263307,0.4161807264459704,-0.5503189612982297
4636,100,30,30,30,24.349492066117172,0.4143541613508444,-0.5503189612982297
4637,100,30,30,30,24.99621878888172,0.4189266284981657,-0.5503189612982297
4638,100,30,30,30,24.72248321943795,0.4138481525346435,-0.5503189612982297
4639,100,30,30,30,24.967090715023804,0.4160783342307595,-0.5503189612982297
4640,100,30,30,30,24.944466636207405,0.42466686124196235,-0.5503189612982297
4641,100,30,30,30,25.073157010398816,0.4278101108637807,-0.5503189612982297
4642,100,30,30,30,24.799969296504152,0.4190054308806903,-0.5503189612982297
4643,100,30,30,30,24.759367384389048,0.4141589563158313,-0.5503189612982297
4644,100,30,30,30,24.75591072505894,0.4076858410720455,-0.5503189612982297
4645,100,30,30,30,24.925974597929287,0.40876474872887186,-0.5503189612982297
4646,100,30,30,30,25.157573796827357,0.41221521008889955,-0.5503189612982297
4647,100,30,30,30,24.464686642503636,0.4047716382037498,-0.5503189612982297
4648,100,30,30,30,24.812577918179045,0.40092110858040336,-0.5503189612982297
4649,100,30,30,30,24.71309427328093,0.39976102818527,-0.5503189612982297
4650,100,30,30,30,25.022533683369673,0.40177062155930876,-0.5503189612982297
4651,100,30,30,30,24.958209189306388,0.40951851676278245,-0.5503189612982297
4652,100,30,30,30,25.086082393163572,0.41627475388729956,-0.5503189612982297
4653,100,30,30,30,25.098039278027674,0.4235145064562654,-0.5503189612982297
4654,100,30,30,30,24.869187078787895,0.4211434522123026,-0.5503189612982297
4655,100,30,30,30,24.708663284850616,0.41539350408001513,-0.5503189612982297
4656,100,30,30,30,25.003023490623555,0.41857630643817206,-0.5503189612982297
4657,100,30,30,30,24.615943399244422,0.42000410317816794,-0.5503189612982297
4658,100,30,30,30,24.92693342477613,0.426006586718696,-0.5503189612982297
4659,100,30,30,30,24.907661474480747,0.42652082024784027,-0.5503189612982297
4660,100,30,30,30,25.039226378046585,0.4213068306886292,-0.5503189612982297
4661,100,30,30,30,24.60484803919579,0.4169778476255112,-0.5503189612982297
4662,100,30,30,30,24.981269658803242,0.42269206773874685,-0.5503189612982297
4663,100,30,30,30,24.94373709383476,0.4281305409872515,-0.5503189612982297
4664,100,30,30,30,24.73909499726995,0.42502455357588403,-0.5503189612982297
4665,100,30,30,30,24.77934183994485,0.42141265194844385,-0.5503189612982297
4666,100,30,30,30,24.889338581622404,0.42669521794464976,-0.5503189612982297
4667,100,30,30,30,25.00602843185053,0.4248692971953635,-0.5503189612982297
4668,100,30,30,30,24.795278386465952,0.4290422736937679,-0.5503189612982297
4669,100,30,30,30,24.725759116961243,0.42683220021043494,-0.5503189612982297
4670,100,30,30,30,24.282492978926747,0.41712668682529386,-0.5503189612982297
4671,100,30,30,30,24.826401535383944,0.4196129197188633,-0.5503189612982297
4672,100,30,30,30,24.76454139322024,0.4242037695146861,-0.5503189612982297
4673,100,30,30,30,24.86241489387385,0.43421338456123315,-0.5503189612982297
4674,100,30,30,30,24.990915783876208,0.43432759490525846,-0.5503189612982297
4675,100,30,30,30,24.790389724913908,0.43112364623205796,-0.5503189612982297
4676,100,30,30,30,24.698499991655133,0.42932261362758567,-0.5503189612982297
4677,100,30,30,30,24.584919014706163,0.42008965869100273,-0.5503189612982297
4678,100,30,30,30,24.480017849114887,0.4164344755082492,-0.5503189612982297
4679,100,30,30,30,24.561471395356666,0.41133114861488146,-0.5503189612982297
4680,100,30,30,30,24.748438659626856,0.4009288588969057,-0.5503189612982297
4681,100,30,30,30,24.828289474694962,0.40116969900150234,-0.5503189612982297
4682,100,30,30,30,24.565386493274556,0.4043322991888141,-0.5503189612982297
4683,100,30,30,30,25.078294386438508,0.40063892336403506,-0.5503189612982297
4684,100,30,30,30,25.031339983212632,0.4027952466940882,-0.5503189612982297
4685,100,30,30,30,25.04314700668267,0.40599931975886283,-0.5503189612982297
4686,100,30,30,30,24.93279428068447,0.4093082374814489,-0.5503189612982297
4687,100,30,30,30,24.96899645630625,0.4165905779459214,-0.5503189612982297
4688,100,30,30,30,25.02824260617663,0.4173461651435602,-0.5503189612982297
4689,100,30,30,30,24.98066192654008,0.4163546981301692,-0.5503189612982297
4690,100,30,30,30,25.01859610498196,0.4208462315716885,-0.5503189612982297
4691,100,30,30,30,25.104193307242845,0.4227793895173127,-0.5503189612982297
4692,100,30,30,30,24.242107181963767,0.4194799815862293,-0.5503189612982297
4693,100,30,30,30,24.9440362861503,0.4226587782106316,-0.5503189612982297
4694,100,30,30,30,24.5827879788827,0.41360264299076205,-0.5503189612982297
4695,100,30,30,30,25.054424809552195,0.41437281158971145,-0.5503189612982297
4696,100,30,30,30,25.03577445019049,0.4214533784683722,-0.5503189612982297
4697,100,30,30,30,24.745089126519353,0.4208766411839181,-0.5503189612982297
4698,100,30,30,30,24.795965016767575,0.42042315920580026,-0.5503189612982297
4699,100,30,30,30,24.655402434172412,0.42203558060105784,-0.5503189612982297
4700,100,30,30,30,24.7711044028736,0.4289778409585674,-0.5503189612982297
4701,100,30,30,30,25.03008125467737,0.42481110835155556,-0.5503189612982297
4702,100,30,30,30,24.947491302027316,0.42519113464935615,-0.5503189612982297
4703,100,30,30,30,25.056276905370236,0.42973412215702605,-0.5503189612982297
4704,100,30,30,30,24.717262409297785,0.42411969793950133,-0.5503189612982297
4705,100,30,30,30,24.888246392299866,0.41766228470528743,-0.5503189612982297
4706,100,30,30,30,24.070186878540213,0.40788531159794655,-0.5503189612982297
4707,100,30,30,30,24.618671954638522,0.40440536800206806,-0.5503189612982297
4708,100,30,30,30,25.021481722405014,0.4094685933802241,-0.5503189612982297
4709,100,30,30,30,24.790270558376555,0.40483207905096125,-0.5503189612982297
4710,100,30,30,30,24.95638263002042,0.41164557674732305,-0.5503189612982297
4711,100,30,30,30,24.902520463732714,0.41306546860380117,-0.5503189612982297
4712,100,30,30,30,24.633906559356753,0.4126648158842473,-0.5503189612982297
4713,100,30,30,30,24.69641515264866,0.41111045237455573,-0.5503189612982297
4714,100,30,30,30,24.972676094121145,0.4106765120113954,-0.5503189612982297
4715,100,30,30,30,25.020418905953967,0.41165540641763904,-0.5503189612982297
4716,100,30,30,30,24.71518381471452,0.4229941343431566,-0.5503189612982297
4717,100,30,30,30,23.886198929379834,0.41066997472944866,-0.5503189612982297
4718,100,30,30,30,25.06345074752885,0.41736705616548025,-0.5503189612982297
4719,100,30,30,30,24.954442105515554,0.41919070195699937,-0.5503189612982297
4720,100,30,30,30,24.79973704835107,0.41991533650591045,-0.5503189612982297
4721,100,30,30,30,24.732833808889097,0.42576200835767886,-0.5503189612982297
4722,100,30,30,30,24.481342214443114,0.4257609680445749,-0.5503189612982297
4723,100,30,30,30,24.981138181363264,0.4367441173414617,-0.5503189612982297
4724,100,30,30,30,24.49301134162823,0.42534018647585065,-0.5503189612982297
4725,100,30,30,30,24.316480639966354,0.4182294963634265,-0.5503189612982297
4726,100,30,30,30,24.610937234717035,0.4149019935528913,-0.5503189612982297
4727,100,30,30,30,24.769947591090773,0.41674344180105,-0.5503189612982297
4728,100,30,30,30,24.75761941655314,0.41753893334554715,-0.5503189612982297
4729,100,30,30,30,24.709175933907336,0.4134830205736171,-0.5503189612982297
4730,100,30,30,30,24.75478378392871,0.4149272631462625,-0.5503189612982297
4731,100,30,30,30,24.947322912912256,0.42644444288361527,-0.5503189612982297
4732,100,30,30,30,24.858895432346007,0.4301779541432431,-0.5503189612982297
4733,100,30,30,30,24.921949543106354,0.4365428916067115,-0.5503189612982297
4734,100,30,30,30,24.8755377616213,0.44438603417820083,-0.5503189612982297
4735,100,30,30,30,24.34699936646026,0.43652192843114307,-0.5503189612982297
4736,100,30,30,30,24.672245687117154,0.43251017117401946,-0.5503189612982297
4737,100,30,30,30,24.960560879582424,0.42280019284487513,-0.5503189612982297
4738,100,30,30,30,25.054594461025285,0.4292720638019413,-0.5503189612982297
4739,100,30,30,30,24.849416041440733,0.4258586008479982,-0.5503189612982297
4740,100,30,30,30,24.731002291779483,0.4261149806069952,-0.5503189612982297
4741,100,30,30,30,24.994720643747584,0.42760260826777036,-0.5503189612982297
4742,100,30,30,30,24.77897367024461,0.4287070150322439,-0.5503189612982297
4743,100,30,30,30,24.91795973769346,0.43376209429203555,-0.5503189612982297
4744,100,30,30,30,24.64269135722509,0.43638070342188356,-0.5503189612982297
4745,100,30,30,30,24.815161272421534,0.4361030228998835,-0.5503189612982297
4746,100,30,30,30,23.903659480354193,0.4259399152791534,-0.5503189612982297
4747,100,30,30,30,25.021453352607843,0.4256922217641288,-0.5503189612982297
4748,100,30,30,30,24.836726208680858,0.4269010677804026,-0.5503189612982297
4749,100,30,30,30,24.83001449391159,0.4274060075215709,-0.5503189612982297
4750,100,30,30,30,24.738360309123053,0.424999043860248,-0.5503189612982297
4751,100,30,30,30,24.923398642362955,0.4248363454099305,-0.5503189612982297
4752,100,30,30,30,24.9525224946256,0.428537081715942,-0.5503189612982297
4753,100,30,30,30,25.072424551454535,0.4316544329887143,-0.5503189612982297
4754,100,30,30,30,24.241243138857012,0.4171649171925114,-0.5503189612982297
4755,100,30,30,30,24.755052694419824,0.4135783438527216,-0.5503189612982297
4756,100,30,30,30,24.586746712379554,0.4073177000559093,-0.5503189612982297
4757,100,30,30,30,24.823676905031522,0.41235400589134963,-0.5503189612982297
4758,100,30,30,30,24.533288063952917,0.4053913111490387,-0.5503189612982297
4759,100,30,30,30,24.758483557635078,0.40630279462018704,-0.5503189612982297
4760,100,30,30,30,24.857547583497045,0.4006528177080256,-0.5503189612982297
4761,100,30,30,30,24.841133841425346,0.40101553108005644,-0.5503189612982297
4762,100,30,30,30,24.803467221442432,0.4070598465944943,-0.5503189612982297
4763,100,30,30,30,24.98899204128763,0.40683287274583474,-0.5503189612982297
4764,100,30,30,30,24.726020421795894,0.412397815509165,-0.5503189612982297
4765,100,30,30,30,24.810005918477763,0.41253658019499245,-0.5503189612982297
4766,100,30,30,30,24.775616151655985,0.41650701600466095,-0.5503189612982297
4767,100,30,30,30,24.94930515734771,0.41998379420120263,-0.5503189612982297
4768,100,30,30,30,24.554642194166,0.41560398656647035,-0.5503189612982297
4769,100,30,30,30,24.91764352072946,0.415985004637901,-0.5503189612982297
4770,100,30,30,30,25.016079992716975,0.42212563683856846,-0.5503189612982297
4771,100,30,30,30,24.79358208718666,0.4218619007960065,-0.5503189612982297
4772,100,30,30,30,24.963566428630493,0.4228519080906549,-0.5503189612982297
4773,100,30,30,30,24.976965618964382,0.4197723496713223,-0.5503189612982297
4774,100,30,30,30,24.93858103299811,0.4213721820443395,-0.5503189612982297
4775,100,30,30,30,24.541049580356983,0.41863709264880333,-0.5503189612982297
4776,100,30,30,30,24.98699947502753,0.424667870263354,-0.5503189612982297
4777,100,30,30,30,24.235866369886843,0.42208227183442976,-0.5503189612982297
4778,100,30,30,30,24.976842788145156,0.42504193970150367,-0.5503189612982297
4779,100,30,30,30,24.91589331978596,0.42951225155913486,-0.5503189612982297
4780,100,30,30,30,25.01599208419973,0.434841061457947,-0.5503189612982297
4781,100,30,30,30,23.101022207201222,0.4210926950110016,-0.5503189612982297
4782,100,30,30,30,25.010723668434597,0.4245071986077373,-0.5503189612982297
4783,100,30,30,30,25.105562825240316,0.43099276548185933,-0.5503189612982297
4784,100,30,30,30,24.804497648222213,0.4347635143198139,-0.5503189612982297
4785,100,30,30,30,24.578006269866087,0.4354593529886573,-0.5503189612982297
4786,100,30,30,30,24.514132557749598,0.4298163285871182,-0.5503189612982297
4787,100,30,30,30,24.921578328306683,0.4243858470361432,-0.5503189612982297
4788,100,30,30,30,24.85845843867778,0.4293030532211822,-0.5503189612982297
4789,100,30,30,30,24.83164714888254,0.4338696085350593,-0.5503189612982297
4790,100,30,30,30,24.96358071523706,0.4347551486516691,-0.5503189612982297
4791,100,30,30,30,25.001417611755613,0.4374430484394459,-0.5503189612982297
4792,100,30,30,30,24.790073843944242,0.4322196805179486,-0.5503189612982297
4793,100,30,30,30,24.651468233039072,0.42025775466944526,-0.5503189612982297
4794,100,30,30,30,24.941494100628475,0.4246163134477507,-0.5503189612982297
4795,100,30,30,30,24.719560374070085,0.4219454437373402,-0.5503189612982297
4796,100,30,30,30,24.768597146581243,0.4213013636652986,-0.5503189612982297
4797,100,30,30,30,24.886342123639313,0.4254097246025873,-0.5503189612982297
4798,100,30,30,30,24.9039596594507,0.4267589892238029,-0.5503189612982297
4799,100,30,30,30,24.63069229436234,0.42582115944285504,-0.5503189612982297
4800,100,30,30,30,24.85323138374413,0.43147951419420966,-0.5503189612982297
4801,100,30,30,30,24.522428008479366,0.4295507700388588,-0.5503189612982297
4802,100,30,30,30,24.574324366700445,0.42791933524524983,-0.5503189612982297
4803,100,30,30,30,24.845860067079244,0.4219807068058648,-0.5503189612982297
4804,100,30,30,30,24.995351482899814,0.42296592589490145,-0.5503189612982297
4805,100,30,30,30,24.915861611082736,0.43154064969640205,-0.5503189612982297
4806,100,30,30,30,25.234427888181635,0.436547909979391,-0.5503189612982297
4807,100,30,30,30,25.10514610072651,0.44857060087561407,-0.5503189612982297
4808,100,30,30,30,24.775733565509633,0.44673078473629396,-0.5503189612982297
4809,100,30,30,30,24.978807620733953,0.44904170202346744,-0.5503189612982297
4810,100,30,30,30,24.98258648033461,0.45530415231777266,-0.5503189612982297
4811,100,30,30,30,24.824092644512596,0.4562071664477343,-0.5503189612982297
4812,100,30,30,30,25.023725022647447,0.46430208583908267,-0.5503189612982297
4813,100,30,30,30,24.967833706356124,0.4628273243526353,-0.5503189612982297
4814,100,30,30,30,24.970977877672524,0.4570604836300731,-0.5503189612982297
4815,100,30,30,30,24.811024233525156,0.4577831011623414,-0.5503189612982297
4816,100,30,30,30,24.383354587434233,0.4535227666311164,-0.5503189612982297
4817,100,30,30,30,24.73422740936963,0.45079968590117026,-0.5503189612982297
4818,100,30,30,30,24.99615552083946,0.45322120954560063,-0.5503189612982297
4819,100,30,30,30,24.73125930913124,0.45251565707789143,-0.5503189612982297
4820,100,30,30,30,24.770825153625104,0.4558848958774874,-0.5503189612982297
4821,100,30,30,30,24.893892443780462,0.44817081904939976,-0.5503189612982297
4822,100,30,30,30,24.898791491572283,0.44879950732691426,-0.5503189612982297
4823,100,30,30,30,24.999474207080794,0.4506703641890749,-0.5503189612982297
4824,100,30,30,30,24.802617083588228,0.4556111090110127,-0.5503189612982297
4825,100,30,30,30,25.035758963329748,0.4640823777425166,-0.5503189612982297
4826,100,30,30,30,24.613113052949707,0.4696742111098659,-0.5503189612982297
4827,100,30,30,30,25.056530315157218,0.4794135534434369,-0.5503189612982297
4828,100,30,30,30,24.469303149231795,0.47411629225301805,-0.5503189612982297
4829,100,30,30,30,24.988751266204062,0.4699861450917398,-0.5503189612982297
4830,100,30,30,30,24.981314384663182,0.47098081598099445,-0.5503189612982297
4831,100,30,30,30,25.068527435687137,0.46615992445567156,-0.5503189612982297
4832,100,30,30,30,24.79626089548889,0.46738945009575505,-0.5503189612982297
4833,100,30,30,30,24.9390925954239,0.4613574268505292,-0.5503189612982297
4834,100,30,30,30,24.894752305679873,0.4590879528984798,-0.5503189612982297
4835,100,30,30,30,24.955131262911785,0.45525564132281077,-0.5503189612982297
4836,100,30,30,30,25.199932772047656,0.4637539102501424,-0.5503189612982297
4837,100,30,30,30,25.03132706053102,0.46949114463975244,-0.5503189612982297
4838,100,30,30,30,25.02228366962295,0.46878483801015886,-0.5503189612982297
4839,100,30,30,30,24.75493538053363,0.46347289893099514,-0.5503189612982297
4840,100,30,30,30,24.782276091425324,0.4613696968315929,-0.5503189612982297
4841,100,30,30,30,24.871251944454777,0.45635168989684205,-0.5503189612982297
4842,100,30,30,30,24.87103348907543,0.45459104386512633,-0.5503189612982297
4843,100,30,30,30,24.562979549893395,0.44965898378642466,-0.5503189612982297
4844,100,30,30,30,24.777498792878653,0.4524578548422685,-0.5503189612982297
4845,100,30,30,30,24.498295948222182,0.4479205384559011,-0.5503189612982297
4846,100,30,30,30,25.00724368032639,0.44590056973135267,-0.5503189612982297
4847,100,30,30,30,24.795865314843383,0.4439736398280851,-0.5503189612982297
4848,100,30,30,30,24.851220845078934,0.4427439273188029,-0.5503189612982297
4849,100,30,30,30,24.991786206194227,0.4417972787310114,-0.5503189612982297
4850,100,30,30,30,24.873836319826324,0.44396486584426975,-0.5503189612982297
4851,100,30,30,30,24.633319437551002,0.43934112795259,-0.5503189612982297
4852,100,30,30,30,24.978137362645786,0.44202354986581943,-0.5503189612982297
4853,100,30,30,30,24.829635313662735,0.4402189680695692,-0.5503189612982297
4854,100,30,30,30,24.995395335243586,0.44338569539725003,-0.5503189612982297
4855,100,30,30,30,25.06625189676796,0.44667072697118165,-0.5503189612982297
4856,100,30,30,30,24.692137089327332,0.444462835845905,-0.5503189612982297
4857,100,30,30,30,24.616308782593688,0.4472562279479977,-0.5503189612982297
4858,100,30,30,30,25.06670291142881,0.4483047861684839,-0.5503189612982297
4859,100,30,30,30,25.151709040526047,0.45326781659287824,-0.5503189612982297
4860,100,30,30,30,25.031770215242176,0.4567731135489318,-0.5503189612982297
4861,100,30,30,30,24.962353607717645,0.46572578939118525,-0.5503189612982297
4862,100,30,30,30,25.03559700242818,0.4760054609664186,-0.5503189612982297
4863,100,30,30,30,24.769165028740435,0.4766716384234689,-0.5503189612982297
4864,100,30,30,30,25.00404408994556,0.47946009968825537,-0.5503189612982297
4865,100,30,30,30,24.808408241812405,0.47600242284581373,-0.5503189612982297
4866,100,30,30,30,24.789085596596593,0.4716842481789446,-0.5503189612982297
4867,100,30,30,30,25.014667550082905,0.474484961571195,-0.5503189612982297
4868,100,30,30,30,25.034416898603006,0.4731819870258842,-0.5503189612982297
4869,100,30,30,30,24.627171247817405,0.4787150103827865,-0.5503189612982297
4870,100,30,30,30,24.757365262184777,0.47467759462790154,-0.5503189612982297
4871,100,30,30,30,24.871760242621754,0.47517448689830855,-0.5503189612982297
4872,100,30,30,30,24.310642674051678,0.4640525533403458,-0.5503189612982297
4873,100,30,30,30,25.17233559510523,0.4622713571022891,-0.5503189612982297
4874,100,30,30,30,24.598249542327657,0.45603017732725665,-0.5503189612982297
4875,100,30,30,30,24.708607680894204,0.4562005635239738,-0.5503189612982297
4876,100,30,30,30,25.14787380384596,0.4582776042656499,-0.5503189612982297
4877,100,30,30,30,24.483654081303875,0.46222680907048214,-0.5503189612982297
4878,100,30,30,30,25.19605124868761,0.4604405591963723,-0.5503189612982297
4879,100,30,30,30,24.76306658507213,0.4653627911023714,-0.5503189612982297
4880,100,30,30,30,24.7581527069632,0.4686531851225909,-0.5503189612982297
4881,100,30,30,30,25.028520831428516,0.4745096738055331,-0.5503189612982297
4882,100,30,30,30,24.9490943255865,0.4778948152136883,-0.5503189612982297
4883,100,30,30,30,25.062199645421863,0.4786038799117089,-0.5503189612982297
4884,100,30,30,30,24.65326154425489,0.4733850788952934,-0.5503189612982297
4885,100,30,30,30,24.971203827020023,0.4776876078581743,-0.5503189612982297
4886,100,30,30,30,24.938194553432545,0.47650928248213165,-0.5503189612982297
4887,100,30,30,30,25.144243343661657,0.48098494494913097,-0.5503189612982297
4888,100,30,30,30,24.52822244253638,0.47047189633116104,-0.5503189612982297
4889,100,30,30,30,25.08265087331703,0.472339822638666,-0.5503189612982297
4890,100,30,30,30,24.829231421911146,0.4678509178164134,-0.5503189612982297
4891,100,30,30,30,24.955546710451248,0.4749315670373517,-0.5503189612982297
4892,100,30,30,30,25.168221516513483,0.4794762709922999,-0.5503189612982297
4893,100,30,30,30,24.99772538467195,0.4812324105171604,-0.5503189612982297
4894,100,30,30,30,24.82687483011438,0.47850007091997215,-0.5503189612982297
4895,100,30,30,30,25.2102412013637,0.4765088437739813,-0.5503189612982297
4896,100,30,30,30,24.99505420445424,0.47857240316764477,-0.5503189612982297
4897,100,30,30,30,24.554309956144504,0.48185639918771345,-0.5503189612982297
4898,100,30,30,30,25.096718486881326,0.4871007374251229,-0.5503189612982297
4899,100,30,30,30,24.432740115836786,0.4812273536674333,-0.5503189612982297
4900,100,30,30,30,24.901072732645268,0.4823431044055691,-0.5503189612982297
4901,100,30,30,30,24.20283920401202,0.4685383596041769,-0.5503189612982297
4902,100,30,30,30,24.782780391812828,0.46632533073796195,-0.5503189612982297
4903,100,30,30,30,24.819360375291588,0.45935165680549944,-0.5503189612982297
4904,100,30,30,30,24.841365875845796,0.4612322216655254,-0.5503189612982297
4905,100,30,30,30,25.03827016195679,0.4679211636981047,-0.5503189612982297
4906,100,30,30,30,24.90996199337791,0.4658572609976935,-0.5503189612982297
4907,100,30,30,30,24.887152483007046,0.465129066991782,-0.5503189612982297
4908,100,30,30,30,24.57016221440871,0.4634652629759462,-0.5503189612982297
4909,100,30,30,30,25.015289484121954,0.4677709555707122,-0.5503189612982297
4910,100,30,30,30,24.751078731964903,0.4597938363785007,-0.5503189612982297
4911,100,30,30,30,24.420770225357494,0.45500124769740263,-0.5503189612982297
4912,100,30,30,30,24.963893028199095,0.4555129402361668,-0.5503189612982297
4913,100,30,30,30,24.901386191389857,0.45462708697671006,-0.5503189612982297
4914,100,30,30,30,24.884580430562124,0.454048008276349,-0.5503189612982297
4915,100,30,30,30,24.750122379419878,0.45629856302347144,-0.5503189612982297
4916,100,30,30,30,24.868726254146463,0.4553059953598639,-0.5503189612982297
4917,100,30,30,30,25.09123663223236,0.45654383304159046,-0.5503189612982297
4918,100,30,30,30,24.994844823081863,0.46292805889115335,-0.5503189612982297
4919,100,30,30,30,24.969509863990126,0.4651954668099371,-0.5503189612982297
4920,100,30,30,30,24.82007056415701,0.4634438825504694,-0.5503189612982297
4921,100,30,30,30,24.955196793729208,0.4666378011812188,-0.5503189612982297
4922,100,30,30,30,24.96910819653791,0.4671307487477504,-0.5503189612982297
4923,100,30,30,30,24.978607552440444,0.46327391408311747,-0.5503189612982297
4924,100,30,30,30,24.73886663461134,0.457522523495283,-0.5503189612982297
4925,100,30,30,30,24.746343347806253,0.4627893545304097,-0.5503189612982297
4926,100,30,30,30,24.94592979347816,0.4645328342236765,-0.5503189612982297
4927,100,30,30,30,25.05760303798413,0.4557223387319033,-0.5503189612982297
4928,100,30,30,30,24.92625850951545,0.45342647565358,-0.5503189612982297
4929,100,30,30,30,24.780369382371962,0.45712149312229916,-0.5503189612982297
4930,100,30,30,30,24.69729594574362,0.4541663628699829,-0.5503189612982297
4931,100,30,30,30,25.08121841874489,0.4670227725534338,-0.5503189612982297
4932,100,30,30,30,25.09220138783763,0.47045586032542835,-0.5503189612982297
4933,100,30,30,30,24.975841369188966,0.47308897468094996,-0.5503189612982297
4934,100,30,30,30,24.98797587573678,0.47147977808800245,-0.5503189612982297
4935,100,30,30,30,24.619422229715916,0.46652877149102634,-0.5503189612982297
4936,100,30,30,30,24.285212863851868,0.4631850477109227,-0.5503189612982297
4937,100,30,30,30,23.99565116051013,0.45887219833654497,-0.5503189612982297
4938,100,30,30,30,24.92264051497844,0.4644342483400513,-0.5503189612982297
4939,100,30,30,30,24.754255280263514,0.4709502045881696,-0.5503189612982297
4940,100,30,30,30,24.774371702111857,0.4667346208074938,-0.5503189612982297
4941,100,30,30,30,25.084647895051614,0.46768276723470237,-0.5503189612982297
4942,100,30,30,30,24.81667595353006,0.470763440870091,-0.5503189612982297
4943,100,30,30,30,25.011118328824118,0.46776723822527544,-0.5503189612982297
4944,100,30,30,30,24.44646446396596,0.4708627709250515,-0.5503189612982297
4945,100,30,30,30,25.020126646653573,0.47524862612747126,-0.5503189612982297
4946,100,30,30,30,24.866422829564826,0.47325058391835356,-0.5503189612982297
4947,100,30,30,30,24.36259016567736,0.4645700571072443,-0.5503189612982297
4948,100,30,30,30,24.379611629062943,0.4573624289311407,-0.5503189612982297
4949,100,30,30,30,24.98730342344323,0.46971853423398785,-0.5503189612982297
4950,100,30,30,30,23.77806719883626,0.45909640660911016,-0.5503189612982297
4951,100,30,30,30,25.16549002651243,0.4580719187221498,-0.5503189612982297
4952,100,30,30,30,25.029487651222418,0.4585320053442151,-0.5503189612982297
4953,100,30,30,30,24.60689920347383,0.45710465838249337,-0.5503189612982297
4954,100,30,30,30,24.98645974284409,0.45457483894751344,-0.5503189612982297
4955,100,30,30,30,25.000095059969937,0.4531354316234797,-0.5503189612982297
4956,100,30,30,30,24.560985067482605,0.4471209285915426,-0.5503189612982297
4957,100,30,30,30,25.07481731321005,0.45229845527268425,-0.5503189612982297
4958,100,30,30,30,24.544757447667557,0.4448675077967806,-0.5503189612982297
4959,100,30,30,30,24.931522091630157,0.44522991812637436,-0.5503189612982297
4960,100,30,30,30,24.988783298781662,0.4493298313747515,-0.5503189612982297
4961,100,30,30,30,24.99547156957891,0.45222895580638695,-0.5503189612982297
4962,100,30,30,30,25.120540786465924,0.456955603949684,-0.5503189612982297
4963,100,30,30,30,24.504193720570296,0.4535423086277747,-0.5503189612982297
4964,100,30,30,30,24.928756702134287,0.45774309627974424,-0.5503189612982297
4965,100,30,30,30,22.84472969437538,0.43855756708148463,-0.5503189612982297
4966,100,30,30,30,23.131919720187884,0.41778511907120625,-0.5503189612982297
4967,100,30,30,30,25.034939655600844,0.418728595594466,-0.5503189612982297
4968,100,30,30,30,24.85837160783121,0.42282401045412116,-0.5503189612982297
4969,100,30,30,30,24.98136799782144,0.42666059260508143,-0.5503189612982297
4970,100,30,30,30,24.880593712101835,0.4249183295630452,-0.5503189612982297
4971,100,30,30,30,24.81074025262267,0.42413300643387025,-0.5503189612982297
4972,100,30,30,30,24.315946011232512,0.41413219342488566,-0.5503189612982297
4973,100,30,30,30,24.869184038359833,0.41042567895376003,-0.5503189612982297
4974,100,30,30,30,24.669561626522306,0.40133134223464784,-0.5503189612982297
4975,100,30,30,30,25.039897179839855,0.4047251696994584,-0.5503189612982297
4976,100,30,30,30,24.86925577655061,0.3999102988005206,-0.5503189612982297
4977,100,30,30,30,25.0180979857791,0.40538363652677223,-0.5503189612982297
4978,100,30,30,30,24.640567792159516,0.40352652118126764,-0.5503189612982297
4979,100,30,30,30,24.806646125126523,0.4034726325335274,-0.5503189612982297
4980,100,30,30,30,25.054779286134753,0.405541261617202,-0.5503189612982297
4981,100,30,30,30,24.649791469105743,0.4086602220995756,-0.5503189612982297
4982,100,30,30,30,24.946418236691613,0.4095184937285143,-0.5503189612982297
4983,100,30,30,30,25.00387168171911,0.4242793022651585,-0.5503189612982297
4984,100,30,30,30,24.710067221170306,0.4264370898313155,-0.5503189612982297
4985,100,30,30,30,24.454512000345126,0.4193837223800316,-0.5503189612982297
4986,100,30,30,30,24.440243366568147,0.4125279782710553,-0.5503189612982297
4987,100,30,30,30,24.800704560165915,0.41056722355407543,-0.5503189612982297
4988,100,30,30,30,24.815901923977577,0.40798458669992405,-0.5503189612982297
4989,100,30,30,30,25.078484068495978,0.4153234239186285,-0.5503189612982297
4990,100,30,30,30,24.907188458477943,0.4075381871919493,-0.5503189612982297
4991,100,30,30,30,24.527695459819896,0.4018140717577636,-0.5503189612982297
4992,100,30,30,30,24.971731003685694,0.39816072970825067,-0.5503189612982297
4993,100,30,30,30,24.978918817198835,0.4061987582531103,-0.5503189612982297
4994,100,30,30,30,24.811133999292323,0.4099395320380851,-0.5503189612982297
4995,100,30,30,30,24.954238395659083,0.4040106422949299,-0.5503189612982297
4996,100,30,30,30,24.199018505799927,0.40388830499753126,-0.5503189612982297
4997,100,30,30,30,24.897529629109467,0.40286682493305154,-0.5503189612982297
4998,100,30,30,30,25.410212976410158,0.4083417786109084,-0.5503189612982297
4999,100,30,30,30,24.323283258534133,0.40246256281109055,-0.5503189612982297
5000,100,30,30,30,24.70810345542114,0.40524848920280826,-0.5503189612982297
5001,100,30,30,30,24.748203669505436,0.40865843683414355,-0.5503189612982297
5002,100,30,30,30,24.557649229431945,0.4032308514111218,-0.5503189612982297
5003,100,30,30,30,25.089374906807834,0.4154079880658211,-0.5503189612982297
5004,100,30,30,30,24.730169328122926,0.4158507141271236,-0.5503189612982297
5005,100,30,30,30,24.820690176698516,0.41298093107248735,-0.5503189612982297
5006,100,30,30,30,24.963921154271397,0.41844329980700845,-0.5503189612982297
5007,100,30,30,30,24.940005053986134,0.42091816274195143,-0.5503189612982297
5008,100,30,30,30,25.008111122674702,0.42696265195773203,-0.5503189612982297
5009,100,30,30,30,25.07199312602564,0.4349299587795538,-0.5503189612982297
5010,100,30,30,30,24.54762542649188,0.4308663749621705,-0.5503189612982297
5011,100,30,30,30,25.094630080433014,0.4385900874728831,-0.5503189612982297
5012,100,30,30,30,24.845927596205392,0.4455329783370249,-0.5503189612982297
5013,100,30,30,30,25.000096984754656,0.4516913367546682,-0.5503189612982297
5014,100,30,30,30,24.893077232265245,0.45143559373136866,-0.5503189612982297
5015,100,30,30,30,24.489384331933053,0.44802050176217234,-0.5503189612982297
5016,100,30,30,30,24.891844803311493,0.4548880627762096,-0.5503189612982297
5017,100,30,30,30,24.74575928029923,0.4528311076050328,-0.5503189612982297
5018,100,30,30,30,24.89039517495715,0.45366005127346837,-0.5503189612982297
5019,100,30,30,30,24.759645534246296,0.4533044657987678,-0.5503189612982297
5020,100,30,30,30,25.020385980979235,0.4499078812938563,-0.5503189612982297
5021,100,30,30,30,24.52919903094338,0.4495976469264669,-0.5503189612982297
5022,100,30,30,30,24.962018642072522,0.4578165312333078,-0.5503189612982297
5023,100,30,30,30,25.02944007161005,0.46378812253422136,-0.5503189612982297
5024,100,30,30,30,24.841021734003093,0.46079908956589355,-0.5503189612982297
5025,100,30,30,30,24.792605457375092,0.45632283352284364,-0.5503189612982297
5026,100,30,30,30,24.78071653517896,0.4542066766541112,-0.5503189612982297
5027,100,30,30,30,24.658805856190405,0.4448874233402512,-0.5503189612982297
5028,100,30,30,30,24.52590034105431,0.4466928580338561,-0.5503189612982297
5029,100,30,30,30,25.104318483529916,0.44988797924077845,-0.5503189612982297
5030,100,30,30,30,24.729405901839414,0.4489214881137394,-0.5503189612982297
5031,100,30,30,30,24.666183833987965,0.4363771709840898,-0.5503189612982297
5032,100,30,30,30,24.706954646696303,0.43892948300498313,-0.5503189612982297
5033,100,30,30,30,24.81493398809972,0.43732226023156523,-0.5503189612982297
5034,100,30,30,30,24.738087709994417,0.43535633606685054,-0.5503189612982297
5035,100,30,30,30,24.66820938363206,0.4342685772585314,-0.5503189612982297
5036,100,30,30,30,24.763675612223224,0.4375472350269713,-0.5503189612982297
5037,100,30,30,30,24.932953272493823,0.43769746287388345,-0.5503189612982297
5038,100,30,30,30,24.56987986342869,0.4286452935721026,-0.5503189612982297
5039,100,30,30,30,24.918884384431287,0.4284983600346759,-0.5503189612982297
5040,100,30,30,30,24.407795595405965,0.4233257050452972,-0.5503189612982297
5041,100,30,30,30,24.14254936574075,0.4176763516638191,-0.5503189612982297
5042,100,30,30,30,25.049128804993828,0.42158232282736813,-0.5503189612982297
5043,100,30,30,30,25.09574722235873,0.42932545109464026,-0.5503189612982297
5044,100,30,30,30,24.85656744764955,0.4289204079695166,-0.5503189612982297
5045,100,30,30,30,25.028989699392962,0.44041915160525025,-0.5503189612982297
5046,100,30,30,30,24.49652323420525,0.43009414639319027,-0.5503189612982297
5047,100,30,30,30,24.724073411217674,0.4329776522510064,-0.5503189612982297
5048,100,30,30,30,24.567582762526968,0.427481318495951,-0.5503189612982297
5049,100,30,30,30,24.576844582385142,0.41780827374789686,-0.5503189612982297
5050,100,30,30,30,24.226611828670144,0.41531482176487466,-0.5503189612982297
5051,100,30,30,30,24.652776259558145,0.41138051260165165,-0.5503189612982297
5052,100,30,30,30,25.07303662879537,0.41373894306395265,-0.5503189612982297
5053,100,30,30,30,24.79568808640859,0.4107130470380111,-0.5503189612982297
5054,100,30,30,30,24.939813180595092,0.41783917081842614,-0.5503189612982297
5055,100,30,30,30,24.989382787341654,0.42377408799080296,-0.5503189612982297
5056,100,30,30,30,24.9095843151401,0.42035191067069533,-0.5503189612982297
5057,100,30,30,30,24.262047600209478,0.41340469673007063,-0.5503189612982297
5058,100,30,30,30,24.843665036647433,0.412738139467632,-0.5503189612982297
5059,100,30,30,30,25.00538196514063,0.4091992462058582,-0.5503189612982297
5060,100,30,30,30,24.96388676428395,0.4099891156844202,-0.5503189612982297
5061,100,30,30,30,24.990914426240657,0.4106747402487559,-0.5503189612982297
5062,100,30,30,30,25.01874220430117,0.41825270539332765,-0.5503189612982297
5063,100,30,30,30,24.92430364552252,0.4120780051285594,-0.5503189612982297
5064,100,30,30,30,24.771638279208986,0.4193475552175829,-0.5503189612982297
5065,100,30,30,30,25.03911391043374,0.42179894791652867,-0.5503189612982297
5066,100,30,30,30,25.054275553365898,0.42889993837009033,-0.5503189612982297
5067,100,30,30,30,24.991438420247995,0.4328002958998739,-0.5503189612982297
5068,100,30,30,30,24.949392771586325,0.4393372029237292,-0.5503189612982297
5069,100,30,30,30,25.022152095838795,0.445156414382928,-0.5503189612982297
5070,100,30,30,30,25.00926956740522,0.4448357668191389,-0.5503189612982297
5071,100,30,30,30,24.694684648044507,0.44321979969246295,-0.5503189612982297
5072,100,30,30,30,24.728018807256742,0.4494837250545123,-0.5503189612982297
5073,100,30,30,30,24.637156990355948,0.4472588864655749,-0.5503189612982297
5074,100,30,30,30,24.677869101541006,0.4504631994461662,-0.5503189612982297
5075,100,30,30,30,24.965409266107873,0.4579271933330181,-0.5503189612982297
5076,100,30,30,30,24.701357740828296,0.4588406465236462,-0.5503189612982297
5077,100,30,30,30,24.90395495419891,0.45454771714446185,-0.5503189612982297
5078,100,30,30,30,25.014530300887962,0.4558054929758583,-0.5503189612982297
5079,100,30,30,30,24.79773272091724,0.45821497032698233,-0.5503189612982297
5080,100,30,30,30,24.779365054767187,0.45599196622873645,-0.5503189612982297
5081,100,30,30,30,24.978640436868712,0.4541086820377,-0.5503189612982297
5082,100,30,30,30,24.75416205884341,0.4532310488121321,-0.5503189612982297
5083,100,30,30,30,24.60332242601421,0.4468646456810493,-0.5503189612982297
5084,100,30,30,30,24.713626206403518,0.44983685713006116,-0.5503189612982297
5085,100,30,30,30,24.98467725570564,0.45016395430152073,-0.5503189612982297
5086,100,30,30,30,25.0978031428792,0.45016600484763075,-0.5503189612982297
5087,100,30,30,30,24.940176417390912,0.4620312578383904,-0.5503189612982297
5088,100,30,30,30,24.877724719796706,0.4553875890790569,-0.5503189612982297
5089,100,30,30,30,24.95869219553796,0.46379164661113054,-0.5503189612982297
5090,100,30,30,30,24.881867218269818,0.47005177659827674,-0.5503189612982297
5091,100,30,30,30,24.911943313075184,0.46481937220157965,-0.5503189612982297
5092,100,30,30,30,25.04656456786017,0.46809206694620187,-0.5503189612982297
5093,100,30,30,30,24.906062947585944,0.4678662543740663,-0.5503189612982297
5094,100,30,30,30,24.442413031746156,0.46615760843279963,-0.5503189612982297
5095,100,30,30,30,25.05103198564619,0.4657197488518461,-0.5503189612982297
5096,100,30,30,30,24.952521667498598,0.4569486057197135,-0.5503189612982297
5097,100,30,30,30,25.037569304752417,0.453580978098862,-0.5503189612982297
5098,100,30,30,30,24.981513366819822,0.4510338155719752,-0.5503189612982297
5099,100,30,30,30,24.809010430612787,0.4474710531658141,-0.5503189612982297
5100,100,30,30,30,24.493268895387587,0.4469545105133348,-0.5503189612982297
5101,100,30,30,30,24.96700918172302,0.4531995801431366,-0.5503189612982297
5102,100,30,30,30,24.828805417549134,0.4574946281115707,-0.5503189612982297
5103,100,30,30,30,24.971052096420113,0.4605038348795807,-0.5503189612982297
5104,100,30,30,30,25.014788354884416,0.4616953031943874,-0.5503189612982297
5105,100,30,30,30,24.86477271521165,0.45813939301481726,-0.5503189612982297
5106,100,30,30,30,23.841716773854834,0.4499687202459274,-0.5503189612982297
5107,100,30,30,30,24.725113436875898,0.43827888228767076,-0.5503189612982297
5108,100,30,30,30,24.542737843706952,0.43691502100258595,-0.5503189612982297
5109,100,30,30,30,24.913603174104875,0.4390639840133133,-0.5503189612982297
5110,100,30,30,30,24.937230309227317,0.4487969934049807,-0.5503189612982297
5111,100,30,30,30,25.2029922509287,0.4560538801273926,-0.5503189612982297
5112,100,30,30,30,24.87831325749492,0.45453080532257184,-0.5503189612982297
5113,100,30,30,30,24.902750795571052,0.4534188527180397,-0.5503189612982297
5114,100,30,30,30,24.151769558383528,0.4478917890540069,-0.5503189612982297
5115,100,30,30,30,24.528738444063272,0.44662688760545755,-0.5503189612982297
5116,100,30,30,30,24.993276812089,0.45171252599311484,-0.5503189612982297
5117,100,30,30,30,24.326374669574243,0.4512733803626088,-0.5503189612982297
5118,100,30,30,30,24.452916864593128,0.44634379535224794,-0.5503189612982297
5119,100,30,30,30,24.791210769669995,0.44826317381276437,-0.5503189612982297
5120,100,30,30,30,25.04878220522209,0.45635336648240676,-0.5503189612982297
5121,100,30,30,30,24.883213629736616,0.45510725726328527,-0.5503189612982297
5122,100,30,30,30,25.083610136342998,0.4591123148465052,-0.5503189612982297
5123,100,30,30,30,24.7562104152317,0.4529442562877645,-0.5503189612982297
5124,100,30,30,30,24.96249550855519,0.44881118554356997,-0.5503189612982297
5125,100,30,30,30,24.98258071432881,0.4540766065164534,-0.5503189612982297
5126,100,30,30,30,24.647442902705414,0.45297413981804113,-0.5503189612982297
5127,100,30,30,30,24.849296024508305,0.45094552097439045,-0.5503189612982297
5128,100,30,30,30,24.91425860436432,0.45042553250673306,-0.5503189612982297
5129,100,30,30,30,25.031440480094055,0.45698032037561814,-0.5503189612982297
5130,100,30,30,30,24.929211137957438,0.45992792141384475,-0.5503189612982297
5131,100,30,30,30,24.93832616569405,0.46022172716190324,-0.5503189612982297
5132,100,30,30,30,24.850460637131867,0.4551416980117174,-0.5503189612982297
5133,100,30,30,30,24.74710018864287,0.4563246406330677,-0.5503189612982297
5134,100,30,30,30,24.799799262628994,0.4564552132654808,-0.5503189612982297
5135,100,30,30,30,24.796503716583004,0.4569342574890821,-0.5503189612982297
5136,100,30,30,30,24.996836269776484,0.4614338666543817,-0.5503189612982297
5137,100,30,30,30,24.85208281270442,0.4613272478714814,-0.5503189612982297
5138,100,30,30,30,24.756955027041435,0.4537286835081998,-0.5503189612982297
5139,100,30,30,30,24.93494523045988,0.45456676116411066,-0.5503189612982297
5140,100,30,30,30,24.9995185530358,0.4516217701298088,-0.5503189612982297
5141,100,30,30,30,24.764801637686872,0.4473043289103507,-0.5503189612982297
5142,100,30,30,30,24.660029934672586,0.4450947261023297,-0.5503189612982297
5143,100,30,30,30,24.621170300447673,0.4410461056377229,-0.5503189612982297
5144,100,30,30,30,24.926406935248846,0.4365655435088028,-0.5503189612982297
5145,100,30,30,30,24.872658593097476,0.4308452384627522,-0.5503189612982297
5146,100,30,30,30,24.682100914782133,0.42586589730026875,-0.5503189612982297
5147,100,30,30,30,24.915357060187517,0.4247963604684633,-0.5503189612982297
5148,100,30,30,30,24.880172026235606,0.42774649514906327,-0.5503189612982297
5149,100,30,30,30,24.9161511910617,0.4282756646914099,-0.5503189612982297
5150,100,30,30,30,24.83140141329026,0.42747826904329733,-0.5503189612982297
5151,100,30,30,30,25.000362642594258,0.4346822292670825,-0.5503189612982297
5152,100,30,30,30,24.91494319345368,0.4369866216774558,-0.5503189612982297
5153,100,30,30,30,24.75145281719717,0.4390419671325005,-0.5503189612982297
5154,100,30,30,30,24.776171270491833,0.44387622255761017,-0.5503189612982297
5155,100,30,30,30,24.930338432579035,0.445292998244138,-0.5503189612982297
5156,100,30,30,30,24.92344064254334,0.44500778355912324,-0.5503189612982297
5157,100,30,30,30,24.86876518236484,0.4421121417324264,-0.5503189612982297
5158,100,30,30,30,25.135527691358828,0.43999635350979666,-0.5503189612982297
5159,100,30,30,30,24.530387418117357,0.4307208280124594,-0.5503189612982297
5160,100,30,30,30,25.188264055300014,0.43438410618622386,-0.5503189612982297
5161,100,30,30,30,24.520671335656996,0.43541507768982796,-0.5503189612982297
5162,100,30,30,30,24.647184293860654,0.43500117707544955,-0.5503189612982297
5163,100,30,30,30,24.867406990672436,0.4308297247997815,-0.5503189612982297
5164,100,30,30,30,24.71848850001792,0.43343200795572445,-0.5503189612982297
5165,100,30,30,30,24.831862182576405,0.4329070659685521,-0.5503189612982297
5166,100,30,30,30,24.666944966176416,0.42806508762484097,-0.5503189612982297
5167,100,30,30,30,24.421407471089545,0.42286256469240563,-0.5503189612982297
5168,100,30,30,30,25.091619327989683,0.42158243621036157,-0.5503189612982297
5169,100,30,30,30,25.058337937874796,0.4212112828803573,-0.5503189612982297
5170,100,30,30,30,24.50064769160619,0.41632641007533705,-0.5503189612982297
5171,100,30,30,30,24.671053330259525,0.41864809910759665,-0.5503189612982297
5172,100,30,30,30,24.894053946515236,0.4231657877694053,-0.5503189612982297
5173,100,30,30,30,24.85037762087953,0.4278443564007211,-0.5503189612982297
5174,100,30,30,30,24.702277471324162,0.42987344203161165,-0.5503189612982297
5175,100,30,30,30,24.89308594084232,0.43178479773180956,-0.5503189612982297
5176,100,30,30,30,24.969961910874826,0.4287421077487463,-0.5503189612982297
5177,100,30,30,30,25.010291166190928,0.4338848765114339,-0.5503189612982297
5178,100,30,30,30,24.81526370246873,0.43587260879661055,-0.5503189612982297
5179,100,30,30,30,24.771335580332853,0.43376772214762777,-0.5503189612982297
5180,100,30,30,30,25.020251840158,0.4303921044858148,-0.5503189612982297
5181,100,30,30,30,24.86749858653521,0.42974700036477215,-0.5503189612982297
5182,100,30,30,30,24.671463140809983,0.4282074681118044,-0.5503189612982297
5183,100,30,30,30,24.94348096531653,0.43285816750630285,-0.5503189612982297
5184,100,30,30,30,25.18693374739093,0.437012655084214,-0.5503189612982297
5185,100,30,30,30,24.673172880781944,0.4247940544795923,-0.5503189612982297
5186,100,30,30,30,24.587886724161375,0.42274323337127273,-0.5503189612982297
5187,100,30,30,30,24.29238535911797,0.42289488869179065,-0.5503189612982297
5188,100,30,30,30,24.958602338698565,0.4318549186922674,-0.5503189612982297
5189,100,30,30,30,24.90301446730392,0.4368714762953826,-0.5503189612982297
5190,100,30,30,30,24.920893908282167,0.4385211762095122,-0.5503189612982297
5191,100,30,30,30,24.730264078272953,0.439705497654929,-0.5503189612982297
5192,100,30,30,30,24.81062030728225,0.4378892126384086,-0.5503189612982297
5193,100,30,30,30,24.96360522864137,0.44052694434944356,-0.5503189612982297
5194,100,30,30,30,24.97470778609435,0.4387504061190149,-0.5503189612982297
5195,100,30,30,30,25.093358211787894,0.44269623652122536,-0.5503189612982297
5196,100,30,30,30,24.88757502296376,0.44551977281781024,-0.5503189612982297
5197,100,30,30,30,24.871844718259275,0.44946520303171067,-0.5503189612982297
5198,100,30,30,30,24.921030978512462,0.45479279053995914,-0.5503189612982297
5199,100,30,30,30,24.945669549399256,0.45192607483760106,-0.5503189612982297
5200,100,30,30,30,24.9305088576378,0.4508539196314769,-0.5503189612982297
5201,100,30,30,30,24.586332530078703,0.44838614853169706,-0.5503189612982297
5202,100,30,30,30,25.00912162262521,0.45500795531152616,-0.5503189612982297
5203,100,30,30,30,25.034919607670183,0.4577564907398188,-0.5503189612982297
5204,100,30,30,30,24.94114655734066,0.461315928950413,-0.5503189612982297
5205,100,30,30,30,24.89463788284242,0.4609400880560335,-0.5503189612982297
5206,100,30,30,30,24.672178997981707,0.45479986019613533,-0.5503189612982297
5207,100,30,30,30,24.93844293673911,0.46118575368765696,-0.5503189612982297
5208,100,30,30,30,24.887716363690522,0.4565580552176634,-0.5503189612982297
5209,100,30,30,30,24.771287182153305,0.4600684869704006,-0.5503189612982297
5210,100,30,30,30,24.9175857839273,0.4574778384933648,-0.5503189612982297
5211,100,30,30,30,24.772271108878012,0.45606216204140504,-0.5503189612982297
5212,100,30,30,30,24.643816387994946,0.45877938008606206,-0.5503189612982297
5213,100,30,30,30,24.913465671600065,0.4515561262750216,-0.5503189612982297
5214,100,30,30,30,24.982847838230867,0.44697429922564597,-0.5503189612982297
5215,100,30,30,30,24.8986874554044,0.4477895809705902,-0.5503189612982297
5216,100,30,30,30,24.83250204772594,0.45391849261299494,-0.5503189612982297
5217,100,30,30,30,24.79522575888113,0.44534177073116193,-0.5503189612982297
5218,100,30,30,30,24.7467133792362,0.44329553042940667,-0.5503189612982297
5219,100,30,30,30,24.949032712798306,0.45267810247122237,-0.5503189612982297
5220,100,30,30,30,25.066974226937674,0.45475353709771155,-0.5503189612982297
5221,100,30,30,30,24.40639703827776,0.4602640295790601,-0.5503189612982297
5222,100,30,30,30,24.881563775320853,0.4580055271581984,-0.5503189612982297
5223,100,30,30,30,24.866455142675974,0.46040962567776617,-0.5503189612982297
5224,100,30,30,30,24.791377291215642,0.4623270627093387,-0.5503189612982297
5225,100,30,30,30,25.063030530011723,0.4696024388204343,-0.5503189612982297
5226,100,30,30,30,24.885668078278233,0.4733540358785102,-0.5503189612982297
5227,100,30,30,30,24.902768298415502,0.4760001210752635,-0.5503189612982297
5228,100,30,30,30,25.049440796502587,0.4786339239556348,-0.5503189612982297
5229,100,30,30,30,24.831989697547787,0.4799365485102123,-0.5503189612982297
5230,100,30,30,30,24.349554076982294,0.47055429567293344,-0.5503189612982297
5231,100,30,30,30,25.0015031747317,0.4793507794362922,-0.5503189612982297
5232,100,30,30,30,24.688465688743754,0.48033684665477727,-0.5503189612982297
5233,100,30,30,30,24.992498876831792,0.4800110021075044,-0.5503189612982297
5234,100,30,30,30,24.912393250261655,0.4790628551064952,-0.5503189612982297
5235,100,30,30,30,25.07087156961665,0.4761835850171982,-0.5503189612982297
5236,100,30,30,30,24.953993928256,0.48211356506524916,-0.5503189612982297
5237,100,30,30,30,24.769017664508024,0.4815047780520861,-0.5503189612982297
5238,100,30,30,30,24.950716746419083,0.4841989106353561,-0.5503189612982297
5239,100,30,30,30,24.941570168276264,0.4858042744943078,-0.5503189612982297
5240,100,30,30,30,24.98596373421041,0.4876754476706106,-0.5503189612982297
5241,100,30,30,30,24.882324134298536,0.4880321462627166,-0.5503189612982297
5242,100,30,30,30,24.790901341996612,0.482298803434973,-0.5503189612982297
5243,100,30,30,30,24.903759496939692,0.4728629277348558,-0.5503189612982297
5244,100,30,30,30,24.904720436318712,0.47295749088303957,-0.5503189612982297
5245,100,30,30,30,24.633232599131475,0.46714239729921986,-0.5503189612982297
5246,100,30,30,30,24.82901528277018,0.47030554511389694,-0.5503189612982297
5247,100,30,30,30,24.804049055296524,0.46937520122508075,-0.5503189612982297
5248,100,30,30,30,24.72495656634714,0.45927860770681456,-0.5503189612982297
5249,100,30,30,30,24.961815971963446,0.4606360678556803,-0.5503189612982297
5250,100,30,30,30,24.57785711329335,0.45869265669972126,-0.5503189612982297
5251,100,30,30,30,25.017135896750542,0.46482782004365614,-0.5503189612982297
5252,100,30,30,30,24.94757190266332,0.46615352907283764,-0.5503189612982297
5253,100,30,30,30,25.063354503819482,0.46479574857364414,-0.5503189612982297
5254,100,30,30,30,24.713269723056534,0.4674323128447293,-0.5503189612982297
5255,100,30,30,30,24.91209422734932,0.4643516890192636,-0.5503189612982297
5256,100,30,30,30,25.0363327379718,0.4713936060606167,-0.5503189612982297
5257,100,30,30,30,24.92858030552156,0.47263181130750564,-0.5503189612982297
5258,100,30,30,30,24.656519958534112,0.4697936650232597,-0.5503189612982297
5259,100,30,30,30,25.008572039486417,0.46759514951516185,-0.5503189612982297
5260,100,30,30,30,24.81417636954165,0.46803436609175586,-0.5503189612982297
5261,100,30,30,30,24.880790009349724,0.4701861213569899,-0.5503189612982297
5262,100,30,30,30,25.008275249723674,0.467624345030066,-0.5503189612982297
5263,100,30,30,30,25.118007719378888,0.4642247202386959,-0.5503189612982297
5264,100,30,30,30,25.0313399041148,0.4598534637358606,-0.5503189612982297
5265,100,30,30,30,24.90479136757937,0.45789456531705325,-0.5503189612982297
5266,100,30,30,30,25.0008800752165,0.4579155638456342,-0.5503189612982297
5267,100,30,30,30,24.65720900832057,0.4577464240626527,-0.5503189612982297
5268,100,30,30,30,24.75190753024045,0.4546211542056136,-0.5503189612982297
5269,100,30,30,30,24.940134493552627,0.4581058481700008,-0.5503189612982297
5270,100,30,30,30,24.96154423177434,0.4543085401438712,-0.5503189612982297
5271,100,30,30,30,24.994400256111096,0.4566168135862031,-0.5503189612982297
5272,100,30,30,30,25.05577363092651,0.46424631369438873,-0.5503189612982297
5273,100,30,30,30,24.976771002966444,0.46672239145132804,-0.5503189612982297
5274,100,30,30,30,24.924364948344312,0.47646605545517867,-0.5503189612982297
5275,100,30,30,30,24.781903946792944,0.47914496410921503,-0.5503189612982297
5276,100,30,30,30,25.014095165739874,0.4803596241453805,-0.5503189612982297
5277,100,30,30,30,24.25470396899,0.4625314758717053,-0.5503189612982297
5278,100,30,30,30,24.453210519262903,0.4600969441936159,-0.5503189612982297
5279,100,30,30,30,24.87263705522348,0.4571239665294955,-0.5503189612982297
5280,100,30,30,30,25.02586224398079,0.45803631482483587,-0.5503189612982297
5281,100,30,30,30,25.010006258795713,0.4585860605334516,-0.5503189612982297
5282,100,30,30,30,24.85506540353922,0.4574854159578978,-0.5503189612982297
5283,100,30,30,30,24.743998200198224,0.45307541072552315,-0.5503189612982297
5284,100,30,30,30,24.677248106999436,0.45499778640086624,-0.5503189612982297
5285,100,30,30,30,23.95530900428114,0.44081338577404716,-0.5503189612982297
5286,100,30,30,30,24.62305146123059,0.4347194729434916,-0.5503189612982297
5287,100,30,30,30,25.128634106788166,0.44071632281662626,-0.5503189612982297
5288,100,30,30,30,24.73974809147333,0.4439049367700001,-0.5503189612982297
5289,100,30,30,30,24.910875690693743,0.4470893180783306,-0.5503189612982297
5290,100,30,30,30,24.9030825262689,0.44874210673992215,-0.5503189612982297
5291,100,30,30,30,25.029966640343332,0.44929444820498426,-0.5503189612982297
5292,100,30,30,30,24.676917540733214,0.4485036722203436,-0.5503189612982297
5293,100,30,30,30,24.98729786514192,0.45504403009275857,-0.5503189612982297
5294,100,30,30,30,24.88054381370511,0.457018865344817,-0.5503189612982297
5295,100,30,30,30,25.03450180027341,0.4612930020593007,-0.5503189612982297
5296,100,30,30,30,24.718031080969773,0.45738146906998833,-0.5503189612982297
5297,100,30,30,30,24.439276599918042,0.4545646525669912,-0.5503189612982297
5298,100,30,30,30,24.939917308858526,0.4644263673258342,-0.5503189612982297
5299,100,30,30,30,24.365011362660436,0.46395629927232235,-0.5503189612982297
5300,100,30,30,30,24.96125281851471,0.4651329596974906,-0.5503189612982297
5301,100,30,30,30,24.882939422736488,0.46762816127546564,-0.5503189612982297
5302,100,30,30,30,24.950544211289724,0.47130090662636204,-0.5503189612982297
5303,100,30,30,30,24.966672613059124,0.4803241979165073,-0.5503189612982297
5304,100,30,30,30,24.94278124311429,0.47837069031077095,-0.5503189612982297
5305,100,30,30,30,25.049114450736973,0.4850190822037624,-0.5503189612982297
5306,100,30,30,30,24.507405445974783,0.47888825789498457,-0.5503189612982297
5307,100,30,30,30,25.041995906977313,0.48419372400259875,-0.5503189612982297
5308,100,30,30,30,24.41299880904601,0.48524217795456853,-0.5503189612982297
5309,100,30,30,30,24.997780526919136,0.486276511916072,-0.5503189612982297
5310,100,30,30,30,24.776149137437862,0.4905962989034386,-0.5503189612982297
5311,100,30,30,30,24.65503940471698,0.4825913567667253,-0.5503189612982297
5312,100,30,30,30,24.953059937390663,0.48835038208246145,-0.5503189612982297
5313,100,30,30,30,24.986582894102057,0.4929113342258607,-0.5503189612982297
5314,100,30,30,30,24.892182841329557,0.49767710310078406,-0.5503189612982297
5315,100,30,30,30,24.963978743081803,0.4949387237867645,-0.5503189612982297
5316,100,30,30,30,24.950722616319453,0.4955012257276184,-0.5503189612982297
5317,100,30,30,30,24.561836104999944,0.490088754441034,-0.5503189612982297
5318,100,30,30,30,25.09766225029466,0.49548913876998696,-0.5503189612982297
5319,100,30,30,30,24.536157805260636,0.4901171817453779,-0.5503189612982297
5320,100,30,30,30,24.783323413620455,0.4913721791091486,-0.5503189612982297
5321,100,30,30,30,24.683217835674057,0.492155171861902,-0.5503189612982297
5322,100,30,30,30,24.994920311238893,0.4861710433048083,-0.5503189612982297
5323,100,30,30,30,24.90615840999387,0.4891540325955392,-0.5503189612982297
5324,100,30,30,30,24.973215780134076,0.4889612736787324,-0.5503189612982297
5325,100,30,30,30,25.103323110812145,0.48825017951825195,-0.5503189612982297
5326,100,30,30,30,25.153785283023858,0.4821439869213025,-0.5503189612982297
5327,100,30,30,30,25.000232475166232,0.48319786216496424,-0.5503189612982297
5328,100,30,30,30,25.149379974600485,0.48582135950413347,-0.5503189612982297
5329,100,30,30,30,24.647630801700405,0.4823952213347262,-0.5503189612982297
5330,100,30,30,30,25.104072262099407,0.48761273676468014,-0.5503189612982297
5331,100,30,30,30,24.767824449402053,0.4798228998675101,-0.5503189612982297
5332,100,30,30,30,24.624616035936995,0.4710614915713395,-0.5503189612982297
5333,100,30,30,30,24.893982985596857,0.46671134303669126,-0.5503189612982297
5334,100,30,30,30,24.998461739491034,0.4752105228859051,-0.5503189612982297
5335,100,30,30,30,24.689265176225675,0.47290678107976064,-0.5503189612982297
5336,100,30,30,30,24.592737570935363,0.4676591470027124,-0.5503189612982297
5337,100,30,30,30,24.9384316635036,0.4717093341114803,-0.5503189612982297
5338,100,30,30,30,24.493543590884222,0.4716547606277876,-0.5503189612982297
5339,100,30,30,30,24.791618286559494,0.4682804188894981,-0.5503189612982297
5340,100,30,30,30,24.040441534861642,0.4550133346006268,-0.5503189612982297
5341,100,30,30,30,24.986901119295652,0.4540764823038832,-0.5503189612982297
5342,100,30,30,30,24.829711108100177,0.45232418081652437,-0.5503189612982297
5343,100,30,30,30,25.03483622094763,0.45779081482118644,-0.5503189612982297
5344,100,30,30,30,25.037286673323173,0.46411635987296995,-0.5503189612982297
5345,100,30,30,30,24.63735024238366,0.46210124431467725,-0.5503189612982297
5346,100,30,30,30,24.99286015745121,0.46329652178520625,-0.5503189612982297
5347,100,30,30,30,24.6915511630297,0.4635636282069877,-0.5503189612982297
5348,100,30,30,30,24.906686538509852,0.4690753506000868,-0.5503189612982297
5349,100,30,30,30,25.02668762045269,0.46683294042142204,-0.5503189612982297
5350,100,30,30,30,24.616319661244,0.46226159135293887,-0.5503189612982297
5351,100,30,30,30,24.628507645391636,0.4571210612692555,-0.5503189612982297
5352,100,30,30,30,24.783477051943283,0.45475019660478977,-0.5503189612982297
5353,100,30,30,30,25.066893548177923,0.4513302091342061,-0.5503189612982297
5354,100,30,30,30,24.990633736779508,0.4515139460582741,-0.5503189612982297
5355,100,30,30,30,24.8980201173434,0.45442193580794343,-0.5503189612982297
5356,100,30,30,30,24.992606014557623,0.46016930528230393,-0.5503189612982297
5357,100,30,30,30,25.078338875381114,0.46224804692159144,-0.5503189612982297
5358,100,30,30,30,24.98155489174716,0.46505721869246697,-0.5503189612982297
5359,100,30,30,30,24.9248144960177,0.46269894204301465,-0.5503189612982297
5360,100,30,30,30,24.943089472824134,0.46741803964029693,-0.5503189612982297
5361,100,30,30,30,24.79549956106707,0.4700906314853938,-0.5503189612982297
5362,100,30,30,30,25.023192300137797,0.4695770465715163,-0.5503189612982297
5363,100,30,30,30,24.56245697154307,0.46987136916554206,-0.5503189612982297
5364,100,30,30,30,24.867836444006493,0.4735079949178621,-0.5503189612982297
5365,100,30,30,30,24.669618643346404,0.46695508015609977,-0.5503189612982297
5366,100,30,30,30,24.896849521234593,0.4645932203224011,-0.5503189612982297
5367,100,30,30,30,24.765382026013093,0.4589265333056011,-0.5503189612982297
5368,100,30,30,30,25.00663403052716,0.4574937669345846,-0.5503189612982297
5369,100,30,30,30,25.045494520199554,0.4503488643882753,-0.5503189612982297
5370,100,30,30,30,24.783676225443152,0.45134203523488087,-0.5503189612982297
5371,100,30,30,30,25.030706953945113,0.4572024315709999,-0.5503189612982297
5372,100,30,30,30,24.72274483659974,0.45432629042586986,-0.5503189612982297
5373,100,30,30,30,24.952203729101242,0.4619045032195483,-0.5503189612982297
5374,100,30,30,30,24.46701070893065,0.4676778477678988,-0.5503189612982297
5375,100,30,30,30,24.994835355611954,0.4668809569588193,-0.5503189612982297
5376,100,30,30,30,24.822696083653017,0.4710812367592298,-0.5503189612982297
5377,100,30,30,30,24.872331099134655,0.47499722564892316,-0.5503189612982297
5378,100,30,30,30,24.67711547458594,0.47059955952836835,-0.5503189612982297
5379,100,30,30,30,24.93279549795932,0.47664263014327335,-0.5503189612982297
5380,100,30,30,30,24.95641029885327,0.476899233165424,-0.5503189612982297
5381,100,30,30,30,25.06176348254982,0.4798887178315681,-0.5503189612982297
5382,100,30,30,30,24.80422090568033,0.4750986884086293,-0.5503189612982297
5383,100,30,30,30,24.497149097777278,0.4722297817693651,-0.5503189612982297
5384,100,30,30,30,24.96478872537059,0.4771855057342092,-0.5503189612982297
5385,100,30,30,30,25.268413699180634,0.4812259038619133,-0.5503189612982297
5386,100,30,30,30,25.01790154703783,0.4887425802738541,-0.5503189612982297
5387,100,30,30,30,24.827661248391916,0.488613213451717,-0.5503189612982297
5388,100,30,30,30,24.994267323610387,0.48866605759699866,-0.5503189612982297
5389,100,30,30,30,24.90360496877682,0.48757782693983903,-0.5503189612982297
5390,100,30,30,30,24.77492596628687,0.4890701327341581,-0.5503189612982297
5391,100,30,30,30,24.6033419414713,0.4825746255134613,-0.5503189612982297
5392,100,30,30,30,24.894544503940352,0.4857344604666814,-0.5503189612982297
5393,100,30,30,30,24.810061284938623,0.48631804019163505,-0.5503189612982297
5394,100,30,30,30,24.654263306997244,0.4822838642596547,-0.5503189612982297
5395,100,30,30,30,24.681914681841597,0.482381363932492,-0.5503189612982297
5396,100,30,30,30,24.73264754580122,0.4805192490046627,-0.5503189612982297
5397,100,30,30,30,24.97501596428477,0.48295351988914836,-0.5503189612982297
5398,100,30,30,30,24.239642035497788,0.47737174695861667,-0.5503189612982297
5399,100,30,30,30,24.86754329093253,0.4730586475301645,-0.5503189612982297
5400,100,30,30,30,25.104865936254882,0.4747553709924144,-0.5503189612982297
5401,100,30,30,30,24.91352860581179,0.47944058062309836,-0.5503189612982297
5402,100,30,30,30,24.708174763301002,0.48123918683065026,-0.5503189612982297
5403,100,30,30,30,25.079612530254153,0.48175528074895463,-0.5503189612982297
5404,100,30,30,30,24.509335667466285,0.4691689232236446,-0.5503189612982297
5405,100,30,30,30,25.003008385736727,0.46846346976959086,-0.5503189612982297
5406,100,30,30,30,24.990020712538787,0.47494093963774325,-0.5503189612982297
5407,100,30,30,30,25.00542634209586,0.4720087447067888,-0.5503189612982297
5408,100,30,30,30,24.65180873446683,0.4733471859483314,-0.5503189612982297
5409,100,30,30,30,24.69148486323553,0.47311317372121064,-0.5503189612982297
5410,100,30,30,30,24.76129121814638,0.4746787480798013,-0.5503189612982297
5411,100,30,30,30,24.41442693217403,0.4678087366039919,-0.5503189612982297
5412,100,30,30,30,24.21511620051523,0.45865668199052123,-0.5503189612982297
5413,100,30,30,30,24.871254092797233,0.4592760989754266,-0.5503189612982297
5414,100,30,30,30,24.947508110998882,0.4666795269153939,-0.5503189612982297
5415,100,30,30,30,24.89181125642606,0.4760301137617011,-0.5503189612982297
5416,100,30,30,30,24.617629198158014,0.47714801156128134,-0.5503189612982297
5417,100,30,30,30,24.8383058122204,0.4732538842158987,-0.5503189612982297
5418,100,30,30,30,24.917008068672132,0.47718771111199854,-0.5503189612982297
5419,100,30,30,30,24.91643585290892,0.4798163212311315,-0.5503189612982297
5420,100,30,30,30,24.770090779256492,0.47258067851578145,-0.5503189612982297
5421,100,30,30,30,24.914905460555033,0.47546903728702483,-0.5503189612982297
5422,100,30,30,30,24.72794159592347,0.47063844041074887,-0.5503189612982297
5423,100,30,30,30,24.938771278624365,0.477742256045699,-0.5503189612982297
5424,100,30,30,30,24.532808033263223,0.47970149101885257,-0.5503189612982297
5425,100,30,30,30,24.992856298468173,0.48917045278605015,-0.5503189612982297
5426,100,30,30,30,24.853231995270313,0.4840436639616297,-0.5503189612982297
5427,100,30,30,30,24.447112308650006,0.48057412264975924,-0.5503189612982297
5428,100,30,30,30,24.52582886176831,0.4756136067249225,-0.5503189612982297
5429,100,30,30,30,24.90476402985891,0.4801578351456704,-0.5503189612982297
5430,100,30,30,30,25.000636061811853,0.48444980293881434,-0.5503189612982297
5431,100,30,30,30,24.892290077189173,0.4781717596246586,-0.5503189612982297
5432,100,30,30,30,24.988197448262078,0.47562185959021935,-0.5503189612982297
5433,100,30,30,30,25.13379276435699,0.47506913382874755,-0.5503189612982297
5434,100,30,30,30,24.932055407111527,0.4771615983248229,-0.5503189612982297
5435,100,30,30,30,25.09901120147679,0.47537781607236673,-0.5503189612982297
5436,100,30,30,30,24.955110098780242,0.4764574547061053,-0.5503189612982297
5437,100,30,30,30,24.968376474085474,0.4802436640073633,-0.5503189612982297
5438,100,30,30,30,24.882378486264734,0.4758692214366504,-0.5503189612982297
5439,100,30,30,30,24.89010998075274,0.4727320581853733,-0.5503189612982297
5440,100,30,30,30,25.09013088267837,0.4761749607021455,-0.5503189612982297
5441,100,30,30,30,25.022246228015963,0.4832341137646605,-0.5503189612982297
5442,100,30,30,30,24.548662396338273,0.4765549908461863,-0.5503189612982297
5443,100,30,30,30,25.023306385175644,0.4752153687519593,-0.5503189612982297
5444,100,30,30,30,24.80738094918753,0.4787581869021203,-0.5503189612982297
5445,100,30,30,30,24.721298593007937,0.474148561864944,-0.5503189612982297
5446,100,30,30,30,24.83815467328437,0.4667165893032649,-0.5503189612982297
5447,100,30,30,30,24.54321745499942,0.46678257949048857,-0.5503189612982297
5448,100,30,30,30,24.766929031471278,0.45944400260240903,-0.5503189612982297
5449,100,30,30,30,24.895095070197357,0.45518801622089045,-0.5503189612982297
5450,100,30,30,30,24.98469058251703,0.4577939679653321,-0.5503189612982297
5451,100,30,30,30,24.970322362787744,0.4647771640844748,-0.5503189612982297
5452,100,30,30,30,24.95735336626484,0.47009199535827734,-0.5503189612982297
5453,100,30,30,30,24.494745742281644,0.46112303587063336,-0.5503189612982297
5454,100,30,30,30,24.813776749469675,0.4599690038144872,-0.5503189612982297
5455,100,30,30,30,24.99728587681292,0.46255234475291485,-0.5503189612982297
5456,100,30,30,30,24.821931218256942,0.45984251811109106,-0.5503189612982297
5457,100,30,30,30,24.851170347828678,0.46138386668069303,-0.5503189612982297
5458,100,30,30,30,25.020571476464735,0.466563041882006,-0.5503189612982297
5459,100,30,30,30,24.986238252967997,0.46628853316974894,-0.5503189612982297
5460,100,30,30,30,24.687373966681072,0.4689741646895739,-0.5503189612982297
5461,100,30,30,30,24.493673921658797,0.46287609086067527,-0.5503189612982297
5462,100,30,30,30,24.839926622086807,0.4592188259309621,-0.5503189612982297
5463,100,30,30,30,24.78786514238437,0.45891161263721236,-0.5503189612982297
5464,100,30,30,30,24.488506826868665,0.46496421309901703,-0.5503189612982297
5465,100,30,30,30,24.54905167656997,0.4576257329563601,-0.5503189612982297
5466,100,30,30,30,25.02246323022691,0.46129522528010575,-0.5503189612982297
5467,100,30,30,30,24.83938689740792,0.4623842158326973,-0.5503189612982297
5468,100,30,30,30,24.838995641831673,0.4600080323281377,-0.5503189612982297
5469,100,30,30,30,24.91496037701264,0.4579633328272719,-0.5503189612982297
5470,100,30,30,30,24.981863716845076,0.46147612042632075,-0.5503189612982297
5471,100,30,30,30,24.912389002304316,0.4608438760702374,-0.5503189612982297
5472,100,30,30,30,24.960380812703704,0.46841650489306497,-0.5503189612982297
5473,100,30,30,30,24.438685726091784,0.4609247751736924,-0.5503189612982297
5474,100,30,30,30,25.071343776068648,0.46460181396161204,-0.5503189612982297
5475,100,30,30,30,24.8235034096791,0.4724329775751189,-0.5503189612982297
5476,100,30,30,30,24.850368705993972,0.46872015504939923,-0.5503189612982297
5477,100,30,30,30,24.52541389646405,0.4657611091500414,-0.5503189612982297
5478,100,30,30,30,25.05410750703298,0.4721336743827441,-0.5503189612982297
5479,100,30,30,30,24.923076601709763,0.4720256778689881,-0.5503189612982297
5480,100,30,30,30,24.838770994260706,0.471223804952939,-0.5503189612982297
5481,100,30,30,30,24.76487775608934,0.47878962430921684,-0.5503189612982297
5482,100,30,30,30,24.445353820531203,0.4699579702602031,-0.5503189612982297
5483,100,30,30,30,24.764693247456755,0.46005618332927845,-0.5503189612982297
5484,100,30,30,30,25.054540270160047,0.4597675572025141,-0.5503189612982297
5485,100,30,30,30,24.96524603857759,0.4621911498126566,-0.5503189612982297
5486,100,30,30,30,24.963764510207465,0.46583642870549663,-0.5503189612982297
5487,100,30,30,30,24.329727623273193,0.46415418891494764,-0.5503189612982297
5488,100,30,30,30,24.63633898055982,0.46053879290922534,-0.5503189612982297
5489,100,30,30,30,24.835228620929062,0.4674205122635029,-0.5503189612982297
5490,100,30,30,30,24.822257999387862,0.47098518920383137,-0.5503189612982297
5491,100,30,30,30,24.97298287859715,0.4694994781821041,-0.5503189612982297
5492,100,30,30,30,24.946146440336513,0.46449120838303637,-0.5503189612982297
5493,100,30,30,30,24.985112776470004,0.45874476966626887,-0.5503189612982297
5494,100,30,30,30,24.86593706170975,0.4571513543259669,-0.5503189612982297
5495,100,30,30,30,24.91708217209022,0.45691237055477185,-0.5503189612982297
5496,100,30,30,30,24.84405440753192,0.4563500158652092,-0.5503189612982297
5497,100,30,30,30,25.00441291681097,0.45457608521384285,-0.5503189612982297
5498,100,30,30,30,24.957760473005358,0.4580111734586556,-0.5503189612982297
5499,100,30,30,30,24.904500094589327,0.4580264343368508,-0.5503189612982297
5500,100,30,30,30,24.584189401900126,0.4501763927353981,-0.5503189612982297
5501,100,30,30,30,24.960956048626628,0.44705133589481827,-0.5503189612982297
5502,100,30,30,30,24.261732120837735,0.44502487702232796,-0.5503189612982297
5503,100,30,30,30,24.78552421228521,0.45310410591160877,-0.5503189612982297
5504,100,30,30,30,24.952385812393583,0.45712467526216266,-0.5503189612982297
5505,100,30,30,30,24.977038705010983,0.45616327102952536,-0.5503189612982297
5506,100,30,30,30,24.988478220339246,0.4562048066969818,-0.5503189612982297
5507,100,30,30,30,24.78221199886236,0.4552498993993148,-0.5503189612982297
5508,100,30,30,30,24.965460594285396,0.4564428643803652,-0.5503189612982297
5509,100,30,30,30,24.81429514598927,0.46311278018398777,-0.5503189612982297
5510,100,30,30,30,24.726517699755327,0.46514749574018077,-0.5503189612982297
5511,100,30,30,30,24.815710084725684,0.461925108839126,-0.5503189612982297
5512,100,30,30,30,24.969455652972115,0.4591491521123973,-0.5503189612982297
5513,100,30,30,30,24.92966066642143,0.4590552607386965,-0.5503189612982297
5514,100,30,30,30,24.936341054578406,0.4568474604685505,-0.5503189612982297
5515,100,30,30,30,24.814559634479608,0.4567809781206142,-0.5503189612982297
5516,100,30,30,30,24.85115802006984,0.457042219652354,-0.5503189612982297
5517,100,30,30,30,24.922237806319682,0.45799684280790254,-0.5503189612982297
5518,100,30,30,30,24.929570086884578,0.45858081350127083,-0.5503189612982297
5519,100,30,30,30,24.969190983770233,0.46347799057764316,-0.5503189612982297
5520,100,30,30,30,24.86190964560392,0.45696310178473426,-0.5503189612982297
5521,100,30,30,30,25.025477490316376,0.4576026939281116,-0.5503189612982297
5522,100,30,30,30,24.37697976719952,0.4487440640803421,-0.5503189612982297
5523,100,30,30,30,25.02614682444568,0.44927875402348555,-0.5503189612982297
5524,100,30,30,30,24.93228467747968,0.44307295934528385,-0.5503189612982297
5525,100,30,30,30,24.79478965709613,0.4503535576027961,-0.5503189612982297
5526,100,30,30,30,24.76204426038452,0.4548760546822918,-0.5503189612982297
5527,100,30,30,30,24.905997981091133,0.45229744215503453,-0.5503189612982297
5528,100,30,30,30,24.7695765679579,0.4546365632672196,-0.5503189612982297
5529,100,30,30,30,24.99447050181856,0.45653785260840607,-0.5503189612982297
5530,100,30,30,30,24.667338105883537,0.4523744568538308,-0.5503189612982297
5531,100,30,30,30,24.76679792353056,0.45017366112963425,-0.5503189612982297
5532,100,30,30,30,25.005040442313064,0.4528306324054458,-0.5503189612982297
5533,100,30,30,30,25.114794473872152,0.4500189553818641,-0.5503189612982297
5534,100,30,30,30,24.988918123588114,0.4529692607467529,-0.5503189612982297
5535,100,30,30,30,25.09561993228516,0.46077025864062165,-0.5503189612982297
5536,100,30,30,30,24.981670592199038,0.4631825968823595,-0.5503189612982297
5537,100,30,30,30,24.584182926851796,0.45770026365675026,-0.5503189612982297
5538,100,30,30,30,25.055986757523932,0.45671753667465226,-0.5503189612982297
5539,100,30,30,30,24.927479766247878,0.46017922908677783,-0.5503189612982297
5540,100,30,30,30,24.755708786851375,0.45462783283965513,-0.5503189612982297
5541,100,30,30,30,24.828215470939856,0.45697897420827727,-0.5503189612982297
5542,100,30,30,30,25.043283178445204,0.4540322535551273,-0.5503189612982297
5543,100,30,30,30,24.8866422146931,0.44891618769096664,-0.5503189612982297
5544,100,30,30,30,24.65468767843395,0.44050689629854045,-0.5503189612982297
5545,100,30,30,30,24.886104084130086,0.44536971420509053,-0.5503189612982297
5546,100,30,30,30,24.870630651817663,0.44186554732160244,-0.5503189612982297
5547,100,30,30,30,24.794680601710187,0.4417400345163793,-0.5503189612982297
5548,100,30,30,30,25.359202954052215,0.44749936733379353,-0.5503189612982297
5549,100,30,30,30,24.861164675574372,0.4517579707706785,-0.5503189612982297
5550,100,30,30,30,24.766370062353502,0.4478065886923408,-0.5503189612982297
5551,100,30,30,30,24.974787317948582,0.45030844775634526,-0.5503189612982297
5552,100,30,30,30,24.918921676727145,0.4536011737104004,-0.5503189612982297
5553,100,30,30,30,24.800047009938446,0.4494229668072939,-0.5503189612982297
5554,100,30,30,30,24.94461107511858,0.4503757629448974,-0.5503189612982297
5555,100,30,30,30,24.82869522465706,0.4501816673476174,-0.5503189612982297
5556,100,30,30,30,24.975308161327273,0.4537181175605,-0.5503189612982297
5557,100,30,30,30,24.567649521483485,0.4557726895123494,-0.5503189612982297
5558,100,30,30,30,25.069551970680852,0.4605868752221255,-0.5503189612982297
5559,100,30,30,30,24.960020439979644,0.46693371489332003,-0.5503189612982297
5560,100,30,30,30,24.678792909139503,0.4615645074883505,-0.5503189612982297
5561,100,30,30,30,24.952421139197526,0.46496878322926977,-0.5503189612982297
5562,100,30,30,30,24.457171875623583,0.45858455830767775,-0.5503189612982297
5563,100,30,30,30,24.632650467469812,0.457027493071202,-0.5503189612982297
5564,100,30,30,30,25.085243538867523,0.45909654869282446,-0.5503189612982297
5565,100,30,30,30,24.77441174727324,0.4604668809103157,-0.5503189612982297
5566,100,30,30,30,24.648209544297664,0.46291828963081577,-0.5503189612982297
5567,100,30,30,30,24.879931404957546,0.4754855943876235,-0.5503189612982297
5568,100,30,30,30,24.456193635055556,0.46771042948118774,-0.5503189612982297
5569,100,30,30,30,25.182932697825663,0.4717024122430331,-0.5503189612982297
5570,100,30,30,30,25.000024107492955,0.46783604205342666,-0.5503189612982297
5571,100,30,30,30,24.79911177318817,0.4602419552922802,-0.5503189612982297
5572,100,30,30,30,24.86313428909856,0.4566286164887052,-0.5503189612982297
5573,100,30,30,30,24.9641138671701,0.453243182377002,-0.5503189612982297
5574,100,30,30,30,24.766657996509196,0.44829688705809057,-0.5503189612982297
5575,100,30,30,30,24.796360795104082,0.44918274448597734,-0.5503189612982297
5576,100,30,30,30,24.839659652729953,0.45463108983446265,-0.5503189612982297
5577,100,30,30,30,24.878328181288126,0.4559772192000984,-0.5503189612982297
5578,100,30,30,30,24.644381526225914,0.45175031547013766,-0.5503189612982297
5579,100,30,30,30,25.07307134072853,0.45360715098562177,-0.5503189612982297
5580,100,30,30,30,24.79645827052775,0.45009080830255943,-0.5503189612982297
5581,100,30,30,30,25.02186893971112,0.45417554445008734,-0.5503189612982297
5582,100,30,30,30,25.239343803571323,0.45600196334732046,-0.5503189612982297
5583,100,30,30,30,24.920309509203726,0.45048029676789586,-0.5503189612982297
5584,100,30,30,30,24.911928076194208,0.4568283636263744,-0.5503189612982297
5585,100,30,30,30,25.114677020076,0.4627725369861941,-0.5503189612982297
5586,100,30,30,30,24.733596002715448,0.4601768593107066,-0.5503189612982297
5587,100,30,30,30,25.04605613900926,0.4678720897268188,-0.5503189612982297
5588,100,30,30,30,24.97832574372414,0.4682306607196526,-0.5503189612982297
5589,100,30,30,30,24.837695052907304,0.4699468674860768,-0.5503189612982297
5590,100,30,30,30,24.44209357157888,0.4641955940215577,-0.5503189612982297
5591,100,30,30,30,25.000629097600054,0.4709643230016134,-0.5503189612982297
5592,100,30,30,30,24.98584116762996,0.47059686073473384,-0.5503189612982297
5593,100,30,30,30,24.799269858260896,0.4774556293062262,-0.5503189612982297
5594,100,30,30,30,24.843387576843952,0.4685545315029649,-0.5503189612982297
5595,100,30,30,30,24.76234721955887,0.4739638414807514,-0.5503189612982297
5596,100,30,30,30,24.721073866238548,0.47788335836419266,-0.5503189612982297
5597,100,30,30,30,24.87207553960154,0.48094692903363745,-0.5503189612982297
5598,100,30,30,30,24.852313100116856,0.4847781065045922,-0.5503189612982297
5599,100,30,30,30,25.07999141368854,0.48236505451486866,-0.5503189612982297
5600,100,30,30,30,24.597070691019788,0.47941713992941787,-0.5503189612982297
5601,100,30,30,30,25.102872899886343,0.4830886070836445,-0.5503189612982297
5602,100,30,30,30,24.854192447269508,0.48241545252262513,-0.5503189612982297
5603,100,30,30,30,24.85926362753746,0.4863596366130679,-0.5503189612982297
5604,100,30,30,30,24.920348301124907,0.49212533578409323,-0.5503189612982297
5605,100,30,30,30,24.865898859186412,0.4957281899876573,-0.5503189612982297
5606,100,30,30,30,24.598503952960392,0.49155461162395825,-0.5503189612982297
5607,100,30,30,30,24.753637774904178,0.4872781095088223,-0.5503189612982297
5608,100,30,30,30,24.97734392634579,0.4948945857975683,-0.5503189612982297
5609,100,30,30,30,25.0675315141091,0.4991400071468599,-0.5503189612982297
5610,100,30,30,30,24.86805905821697,0.4943700930924704,-0.5503189612982297
5611,100,30,30,30,25.01997538513949,0.5017627027235217,-0.5503189612982297
5612,100,30,30,30,25.02340680224986,0.503675897842546,-0.5503189612982297
5613,100,30,30,30,24.874141955334245,0.5085405747156366,-0.5503189612982297
5614,100,30,30,30,25.109711003996214,0.5083623078499081,-0.5503189612982297
5615,100,30,30,30,24.810930691607403,0.5138531716792207,-0.5503189612982297
5616,100,30,30,30,24.669913417623466,0.5130281493454375,-0.5503189612982297
5617,100,30,30,30,25.099792546054555,0.5153529959333449,-0.5503189612982297
5618,100,30,30,30,25.193617485483173,0.5151271989478224,-0.5503189612982297
5619,100,30,30,30,24.739954837199193,0.5133500937532423,-0.5503189612982297
5620,100,30,30,30,24.965604781361108,0.5152767114494906,-0.5503189612982297
5621,100,30,30,30,24.716980346056587,0.5114331932586071,-0.5503189612982297
5622,100,30,30,30,24.633266124290515,0.5007979666827321,-0.5503189612982297
5623,100,30,30,30,24.92303764852509,0.5033194775832646,-0.5503189612982297
5624,100,30,30,30,24.973369619694118,0.4973871575650794,-0.5503189612982297
5625,100,30,30,30,24.83215167931397,0.49759700615573815,-0.5503189612982297
5626,100,30,30,30,24.966618727002363,0.4964487284667706,-0.5503189612982297
5627,100,30,30,30,24.568006836275273,0.49046943326745635,-0.5503189612982297
5628,100,30,30,30,24.798414933247948,0.487788643078628,-0.5503189612982297
5629,100,30,30,30,24.746832768508238,0.48406538363561175,-0.5503189612982297
5630,100,30,30,30,24.76361570137898,0.48425735864758335,-0.5503189612982297
5631,100,30,30,30,24.923060481033318,0.48339922819719083,-0.5503189612982297
5632,100,30,30,30,24.931571206277717,0.48032799729220355,-0.5503189612982297
5633,100,30,30,30,25.130468391291522,0.4857046526899463,-0.5503189612982297
5634,100,30,30,30,24.65367855531011,0.49205625504906314,-0.5503189612982297
5635,100,30,30,30,24.95671382197983,0.4917086872883654,-0.5503189612982297
5636,100,30,30,30,25.085807905858275,0.48795287653544483,-0.5503189612982297
5637,100,30,30,30,24.852594395436334,0.4858148577503206,-0.5503189612982297
5638,100,30,30,30,24.908615695289086,0.4891672453362729,-0.5503189612982297
5639,100,30,30,30,24.85302361004803,0.4935766898286753,-0.5503189612982297
5640,100,30,30,30,24.82979308659641,0.4900021622491814,-0.5503189612982297
5641,100,30,30,30,24.8086583537724,0.48731729638833626,-0.5503189612982297
5642,100,30,30,30,25.01550599441835,0.48893102734585137,-0.5503189612982297
5643,100,30,30,30,24.691041763148892,0.4953748930598477,-0.5503189612982297
5644,100,30,30,30,24.98854156756682,0.49914034435587756,-0.5503189612982297
5645,100,30,30,30,24.80194165765149,0.49423325787162964,-0.5503189612982297
5646,100,30,30,30,24.759598145301965,0.4944493047553746,-0.5503189612982297
5647,100,30,30,30,25.126417814002338,0.49553300537863143,-0.5503189612982297
5648,100,30,30,30,24.977449964511823,0.48721037029226694,-0.5503189612982297
5649,100,30,30,30,24.834766619920575,0.4878090504336954,-0.5503189612982297
5650,100,30,30,30,24.99913724395904,0.484034804301452,-0.5503189612982297
5651,100,30,30,30,24.562344747416162,0.4748053636729181,-0.5503189612982297
5652,100,30,30,30,24.733159816421853,0.47486632199767026,-0.5503189612982297
5653,100,30,30,30,24.850763510715055,0.47559579660228096,-0.5503189612982297
5654,100,30,30,30,24.912753730183738,0.4718129812327844,-0.5503189612982297
5655,100,30,30,30,24.989219938791184,0.47655671703115315,-0.5503189612982297
5656,100,30,30,30,24.8972176210088,0.47493235318394267,-0.5503189612982297
5657,100,30,30,30,24.82233028439935,0.47192252335674373,-0.5503189612982297
5658,100,30,30,30,24.75344665670775,0.47034434106535,-0.5503189612982297
5659,100,30,30,30,24.871882747837017,0.47373553047226213,-0.5503189612982297
5660,100,30,30,30,24.990278253314358,0.47332178660898633,-0.5503189612982297
5661,100,30,30,30,24.869983614257116,0.471503096619468,-0.5503189612982297
5662,100,30,30,30,24.744120444896232,0.46692197572490457,-0.5503189612982297
5663,100,30,30,30,24.856868749172293,0.4650123674631012,-0.5503189612982297
5664,100,30,30,30,25.064422043557556,0.4637765738754198,-0.5503189612982297
5665,100,30,30,30,24.840794381368152,0.4628165993368,-0.5503189612982297
5666,100,30,30,30,25.009684420758685,0.4686334184075608,-0.5503189612982297
5667,100,30,30,30,25.17199704409475,0.47624213407898475,-0.5503189612982297
5668,100,30,30,30,24.755631355260203,0.4822578768868041,-0.5503189612982297
5669,100,30,30,30,24.969944995928756,0.48322980918565833,-0.5503189612982297
5670,100,30,30,30,25.03105430159542,0.49113944222493,-0.5503189612982297
5671,100,30,30,30,24.387664926537113,0.4811364982200656,-0.5503189612982297
5672,100,30,30,30,25.076153930967344,0.48276594763672237,-0.5503189612982297
5673,100,30,30,30,24.166479002269334,0.47398633770299775,-0.5503189612982297
5674,100,30,30,30,24.73537174744223,0.4760605139684261,-0.5503189612982297
5675,100,30,30,30,23.46253385955048,0.4588689493087034,-0.5503189612982297
5676,100,30,30,30,25.009324292657954,0.4608469745944714,-0.5503189612982297
5677,100,30,30,30,24.71704880418175,0.4648047666060826,-0.5503189612982297
5678,100,30,30,30,24.873575543306252,0.46081328840444535,-0.5503189612982297
5679,100,30,30,30,24.961221527538857,0.45960245494067,-0.5503189612982297
5680,100,30,30,30,24.844629228073238,0.454755548363361,-0.5503189612982297
5681,100,30,30,30,25.040308865444956,0.46230578209248635,-0.5503189612982297
5682,100,30,30,30,24.840349714069788,0.4568591133489418,-0.5503189612982297
5683,100,30,30,30,25.106284109951012,0.4615503971417838,-0.5503189612982297
5684,100,30,30,30,24.859907519293948,0.4638677847206454,-0.5503189612982297
5685,100,30,30,30,24.95135994060906,0.46611272243768515,-0.5503189612982297
5686,100,30,30,30,24.877760453336446,0.46519675485996753,-0.5503189612982297
5687,100,30,30,30,24.866833778382986,0.46653131747607507,-0.5503189612982297
5688,100,30,30,30,24.82263378633049,0.4676380275388012,-0.5503189612982297
5689,100,30,30,30,24.995385666458233,0.4664196897550908,-0.5503189612982297
5690,100,30,30,30,24.79809390148344,0.46976660350603416,-0.5503189612982297
5691,100,30,30,30,24.816635775972678,0.4672425017725171,-0.5503189612982297
5692,100,30,30,30,24.99560704360057,0.4679081042238396,-0.5503189612982297
5693,100,30,30,30,24.889521492648587,0.4695332607477984,-0.5503189612982297
5694,100,30,30,30,24.375583507007256,0.4663953099599279,-0.5503189612982297
5695,100,30,30,30,24.873080977021836,0.46593802368377063,-0.5503189612982297
5696,100,30,30,30,24.90205215101124,0.46819443167667063,-0.5503189612982297
5697,100,30,30,30,25.022533411667247,0.477239500790985,-0.5503189612982297
5698,100,30,30,30,24.81661905114896,0.4767664092749515,-0.5503189612982297
5699,100,30,30,30,24.797933704403118,0.4709931269523946,-0.5503189612982297
5700,100,30,30,30,24.82826189071087,0.4693481947841492,-0.5503189612982297
5701,100,30,30,30,24.88103229711196,0.4747494808940731,-0.5503189612982297
5702,100,30,30,30,24.851511939080133,0.46916443543485986,-0.5503189612982297
5703,100,30,30,30,24.256752848905826,0.46105901245499104,-0.5503189612982297
5704,100,30,30,30,24.815634041457432,0.45877867935798355,-0.5503189612982297
5705,100,30,30,30,25.018562322284083,0.46593883585460544,-0.5503189612982297
5706,100,30,30,30,24.87015599467079,0.4652790580165618,-0.5503189612982297
5707,100,30,30,30,24.78946577101742,0.4698870147268334,-0.5503189612982297
5708,100,30,30,30,24.971821867810426,0.4704188047469744,-0.5503189612982297
5709,100,30,30,30,24.746949072234187,0.4745295353454126,-0.5503189612982297
5710,100,30,30,30,24.892250411035086,0.4773215737459899,-0.5503189612982297
5711,100,30,30,30,24.91882639077515,0.4856888247429442,-0.5503189612982297
5712,100,30,30,30,24.32107012315231,0.47720699476478357,-0.5503189612982297
5713,100,30,30,30,24.711240976279115,0.47392644549085755,-0.5503189612982297
5714,100,30,30,30,25.134536667259535,0.4829793171887856,-0.5503189612982297
5715,100,30,30,30,24.92081658991367,0.484599468429355,-0.5503189612982297
5716,100,30,30,30,24.693089091383758,0.48431879826920265,-0.5503189612982297
5717,100,30,30,30,25.045455817328882,0.4885256666981765,-0.5503189612982297
5718,100,30,30,30,24.841296014299807,0.48749856498725475,-0.5503189612982297
5719,100,30,30,30,25.072214121077288,0.4868605815348704,-0.5503189612982297
5720,100,30,30,30,24.76241737901651,0.47973051132410793,-0.5503189612982297
5721,100,30,30,30,25.05989418499045,0.4872721141483133,-0.5503189612982297
5722,100,30,30,30,24.898323329557336,0.48872313838955017,-0.5503189612982297
5723,100,30,30,30,24.893285067594356,0.48789083672557637,-0.5503189612982297
5724,100,30,30,30,24.769855727347036,0.4880304707729358,-0.5503189612982297
5725,100,30,30,30,24.954615933318948,0.4901873088215256,-0.5503189612982297
5726,100,30,30,30,24.890704109940444,0.48627000581109314,-0.5503189612982297
5727,100,30,30,30,24.852260406538427,0.48969671286889827,-0.5503189612982297
5728,100,30,30,30,24.944671074855478,0.49353889972545684,-0.5503189612982297
5729,100,30,30,30,24.88885613166908,0.48673907504398833,-0.5503189612982297
5730,100,30,30,30,24.7500048271869,0.4863548246924111,-0.5503189612982297
5731,100,30,30,30,24.950584061580116,0.48318954271555237,-0.5503189612982297
5732,100,30,30,30,24.844019413869326,0.47868962758167777,-0.5503189612982297
5733,100,30,30,30,24.491851359108715,0.4717622721214862,-0.5503189612982297
5734,100,30,30,30,24.979432909021163,0.4762773368327807,-0.5503189612982297
5735,100,30,30,30,24.79618484237092,0.47360181187527417,-0.5503189612982297
5736,100,30,30,30,24.777620443547274,0.477151141243335,-0.5503189612982297
5737,100,30,30,30,24.708268202655617,0.4705021815458344,-0.5503189612982297
5738,100,30,30,30,24.904660852383522,0.4655809929896011,-0.5503189612982297
5739,100,30,30,30,24.840245870615703,0.4616797085620711,-0.5503189612982297
5740,100,30,30,30,24.720553868969667,0.4600444717498327,-0.5503189612982297
5741,100,30,30,30,24.963202662883113,0.45980985128250346,-0.5503189612982297
5742,100,30,30,30,24.899794502780594,0.4551202973847479,-0.5503189612982297
5743,100,30,30,30,24.856516545112942,0.45552842452555026,-0.5503189612982297
5744,100,30,30,30,24.920062743421145,0.45200914023934236,-0.5503189612982297
5745,100,30,30,30,24.552299090529388,0.45078916969657973,-0.5503189612982297
5746,100,30,30,30,25.13251056082219,0.4554241794175505,-0.5503189612982297
5747,100,30,30,30,24.936597860661173,0.4621282569120644,-0.5503189612982297
5748,100,30,30,30,24.72412673376016,0.45953157891123836,-0.5503189612982297
5749,100,30,30,30,24.9035384824939,0.45444631236216526,-0.5503189612982297
5750,100,30,30,30,25.052336765960245,0.46142333603366764,-0.5503189612982297
5751,100,30,30,30,24.863719016187005,0.4677690913828486,-0.5503189612982297
5752,100,30,30,30,24.65003108518156,0.4617885905890753,-0.5503189612982297
5753,100,30,30,30,24.411697042029093,0.4581071433727221,-0.5503189612982297
5754,100,30,30,30,24.909046628621976,0.45773652576893065,-0.5503189612982297
5755,100,30,30,30,25.028666725296112,0.4650159732764316,-0.5503189612982297
5756,100,30,30,30,25.01645823970446,0.4679953583695182,-0.5503189612982297
5757,100,30,30,30,24.767320874552674,0.46718321504153426,-0.5503189612982297
5758,100,30,30,30,24.537526118846138,0.45719361382370594,-0.5503189612982297
5759,100,30,30,30,25.060854460287906,0.4585464153643303,-0.5503189612982297
5760,100,30,30,30,24.997925874973504,0.4586094368467846,-0.5503189612982297
5761,100,30,30,30,24.887898892139106,0.45621622677087725,-0.5503189612982297
5762,100,30,30,30,24.758919751639006,0.4542602162246533,-0.5503189612982297
5763,100,30,30,30,24.82388864972359,0.45736744525851003,-0.5503189612982297
5764,100,30,30,30,24.878592678048395,0.4516666282922962,-0.5503189612982297
5765,100,30,30,30,24.93032670372158,0.45815221348690693,-0.5503189612982297
5766,100,30,30,30,24.995116618028767,0.46403425710384494,-0.5503189612982297
5767,100,30,30,30,24.933836213989792,0.4687973887998863,-0.5503189612982297
5768,100,30,30,30,24.99952787750324,0.4629855099869066,-0.5503189612982297
5769,100,30,30,30,24.846892376297845,0.4616637883202441,-0.5503189612982297
5770,100,30,30,30,25.095925659076684,0.47043891015963035,-0.5503189612982297
5771,100,30,30,30,24.74491089552121,0.4673891078902189,-0.5503189612982297
5772,100,30,30,30,24.983448114796545,0.47270162007455646,-0.5503189612982297
5773,100,30,30,30,24.682483648589216,0.4719111693297612,-0.5503189612982297
5774,100,30,30,30,25.137405333890364,0.47387716154739873,-0.5503189612982297
5775,100,30,30,30,24.429674769767537,0.46676538532007167,-0.5503189612982297
5776,100,30,30,30,24.706254028459746,0.47115643969879445,-0.5503189612982297
5777,100,30,30,30,24.698522151604415,0.4724721503734104,-0.5503189612982297
5778,100,30,30,30,24.979098136874036,0.47543001150546443,-0.5503189612982297
5779,100,30,30,30,24.884712096346348,0.4712810608149788,-0.5503189612982297
5780,100,30,30,30,24.946501161190493,0.472811599882531,-0.5503189612982297
5781,100,30,30,30,24.65742720153401,0.4672496099932986,-0.5503189612982297
5782,100,30,30,30,24.87157645686966,0.47538042916367207,-0.5503189612982297
5783,100,30,30,30,25.146869973980863,0.47132253820150155,-0.5503189612982297
5784,100,30,30,30,24.87380867474574,0.4706460506221188,-0.5503189612982297
5785,100,30,30,30,25.0977046251121,0.4719521237800789,-0.5503189612982297
5786,100,30,30,30,24.593828973396832,0.46041148628798234,-0.5503189612982297
5787,100,30,30,30,24.28703695083639,0.4475985131063176,-0.5503189612982297
5788,100,30,30,30,24.97202596948037,0.45153160366837597,-0.5503189612982297
5789,100,30,30,30,24.861823615845005,0.4539240691248046,-0.5503189612982297
5790,100,30,30,30,24.90696268810932,0.4548933159587169,-0.5503189612982297
5791,100,30,30,30,24.779671211548262,0.45114665024032985,-0.5503189612982297
5792,100,30,30,30,24.548501627479617,0.44836175348174245,-0.5503189612982297
5793,100,30,30,30,24.948412237629682,0.44981653408001626,-0.5503189612982297
5794,100,30,30,30,24.270918332362772,0.4384724388360443,-0.5503189612982297
5795,100,30,30,30,24.75512264623485,0.4359784524458036,-0.5503189612982297
5796,100,30,30,30,24.974855122197877,0.44217005628696987,-0.5503189612982297
5797,100,30,30,30,24.512843151971886,0.44581555961731145,-0.5503189612982297
5798,100,30,30,30,25.012182337777865,0.45163945048203535,-0.5503189612982297
5799,100,30,30,30,24.767091186670683,0.4480725955376379,-0.5503189612982297
5800,100,30,30,30,24.788524088432062,0.4453876109379091,-0.5503189612982297
5801,100,30,30,30,24.88174315518054,0.43698310056741835,-0.5503189612982297
5802,100,30,30,30,24.70119744703066,0.4333184741124075,-0.5503189612982297
5803,100,30,30,30,24.928627070611334,0.4341324488136561,-0.5503189612982297
5804,100,30,30,30,24.987721667980537,0.437186795039155,-0.5503189612982297
5805,100,30,30,30,24.97042639363572,0.43892027936037553,-0.5503189612982297
5806,100,30,30,30,24.74584628859236,0.4448354923603561,-0.5503189612982297
5807,100,30,30,30,24.89472658120195,0.44983422004896473,-0.5503189612982297
5808,100,30,30,30,24.96529351639439,0.4558349775626622,-0.5503189612982297
5809,100,30,30,30,25.000725972179367,0.4636601629634284,-0.5503189612982297
5810,100,30,30,30,24.952246230543093,0.46393255341244555,-0.5503189612982297
5811,100,30,30,30,24.895296441625895,0.4584178575263887,-0.5503189612982297
5812,100,30,30,30,25.007616874882164,0.45445480731695764,-0.5503189612982297
5813,100,30,30,30,24.96056182165688,0.45325926813670986,-0.5503189612982297
5814,100,30,30,30,24.999503808384894,0.4550439366585398,-0.5503189612982297
5815,100,30,30,30,24.998796058240217,0.4613494758497349,-0.5503189612982297
5816,100,30,30,30,24.879774920327336,0.4604353459289446,-0.5503189612982297
5817,100,30,30,30,24.437291792087407,0.4559479534583145,-0.5503189612982297
5818,100,30,30,30,25.172075999284644,0.4503447610815735,-0.5503189612982297
5819,100,30,30,30,24.98854353804387,0.45524916444430347,-0.5503189612982297
5820,100,30,30,30,25.01467528231018,0.4628584661847449,-0.5503189612982297
5821,100,30,30,30,25.026203753767813,0.4670526025313797,-0.5503189612982297
5822,100,30,30,30,24.965003050361368,0.47161487404771035,-0.5503189612982297
5823,100,30,30,30,24.816901953801615,0.4688399427203601,-0.5503189612982297
5824,100,30,30,30,25.088911923139356,0.47028924922901916,-0.5503189612982297
5825,100,30,30,30,24.980760506835907,0.47466194388153826,-0.5503189612982297
5826,100,30,30,30,25.19907974935959,0.4754112622564181,-0.5503189612982297
5827,100,30,30,30,24.81626222589874,0.4738051741125127,-0.5503189612982297
5828,100,30,30,30,25.02434594246529,0.4778695798101981,-0.5503189612982297
5829,100,30,30,30,25.175273220675912,0.4767751556177361,-0.5503189612982297
5830,100,30,30,30,24.87097620226578,0.4737156900756967,-0.5503189612982297
5831,100,30,30,30,24.562021723850638,0.4680614921190209,-0.5503189612982297
5832,100,30,30,30,24.957111004954655,0.47164584459528996,-0.5503189612982297
5833,100,30,30,30,24.446494923032844,0.4653350553483138,-0.5503189612982297
5834,100,30,30,30,24.817898906530697,0.4656324753017675,-0.5503189612982297
5835,100,30,30,30,25.015376342599485,0.46452190517519226,-0.5503189612982297
5836,100,30,30,30,24.36037291925534,0.4635648138494925,-0.5503189612982297
5837,100,30,30,30,24.832799806414663,0.46215163814635907,-0.5503189612982297
5838,100,30,30,30,24.856558906957556,0.46557680319334843,-0.5503189612982297
5839,100,30,30,30,24.95642249807127,0.46737550532302063,-0.5503189612982297
5840,100,30,30,30,24.98192983305985,0.4664053129813651,-0.5503189612982297
5841,100,30,30,30,25.104217772806706,0.4733327293130085,-0.5503189612982297
5842,100,30,30,30,25.00388727060772,0.47192333412549164,-0.5503189612982297
5843,100,30,30,30,24.98181688166654,0.478068261780255,-0.5503189612982297
5844,100,30,30,30,24.810840759364766,0.47668530808480636,-0.5503189612982297
5845,100,30,30,30,24.874516894264804,0.4694753600336745,-0.5503189612982297
5846,100,30,30,30,24.977404274020653,0.4775733414969466,-0.5503189612982297
5847,100,30,30,30,24.975235446048806,0.48009271091211253,-0.5503189612982297
5848,100,30,30,30,24.549177919927455,0.4734277970087759,-0.5503189612982297
5849,100,30,30,30,24.89933737762904,0.4700617252971419,-0.5503189612982297
5850,100,30,30,30,24.680174264704497,0.4781404297826386,-0.5503189612982297
5851,100,30,30,30,25.012163623845645,0.4781699368037185,-0.5503189612982297
5852,100,30,30,30,24.771761057721154,0.4844833278590784,-0.5503189612982297
5853,100,30,30,30,24.6444123538836,0.4781297371320134,-0.5503189612982297
5854,100,30,30,30,24.87379267203169,0.4773403919289345,-0.5503189612982297
5855,100,30,30,30,24.858703669438604,0.4778566850040559,-0.5503189612982297
5856,100,30,30,30,24.84098960266939,0.47746868291277117,-0.5503189612982297
5857,100,30,30,30,24.773351763335697,0.48096885904985576,-0.5503189612982297
5858,100,30,30,30,24.76804272763157,0.467896694639235,-0.5503189612982297
5859,100,30,30,30,24.960450446651365,0.47385046246626233,-0.5503189612982297
5860,100,30,30,30,24.690273679081763,0.46499766497609557,-0.5503189612982297
5861,100,30,30,30,24.73715899369802,0.46155891032487173,-0.5503189612982297
5862,100,30,30,30,24.926778890927217,0.46187016737420034,-0.5503189612982297
5863,100,30,30,30,25.199215329092254,0.4679980325389906,-0.5503189612982297
5864,100,30,30,30,24.763953801167972,0.4705673696002689,-0.5503189612982297
5865,100,30,30,30,24.901278442187213,0.46396194166214194,-0.5503189612982297
5866,100,30,30,30,24.809324937280806,0.46507654395001524,-0.5503189612982297
5867,100,30,30,30,24.79066060814673,0.46429146079299954,-0.5503189612982297
5868,100,30,30,30,24.750970501150526,0.46033020587859286,-0.5503189612982297
5869,100,30,30,30,24.52348612635373,0.449336887740911,-0.5503189612982297
5870,100,30,30,30,24.87661575931655,0.4543823388087841,-0.5503189612982297
5871,100,30,30,30,25.040247684836515,0.45908688575963685,-0.5503189612982297
5872,100,30,30,30,24.935478614762637,0.4662234071947373,-0.5503189612982297
5873,100,30,30,30,25.002807331815706,0.46963036500455896,-0.5503189612982297
5874,100,30,30,30,24.735567926229237,0.4697227263229086,-0.5503189612982297
5875,100,30,30,30,24.89467560171105,0.4690226738250021,-0.5503189612982297
5876,100,30,30,30,25.006064067240445,0.46683447033255693,-0.5503189612982297
5877,100,30,30,30,24.61781102258047,0.4718818641415918,-0.5503189612982297
5878,100,30,30,30,24.90776785785819,0.4712946267485284,-0.5503189612982297
5879,100,30,30,30,25.051781316532352,0.47705328785486,-0.5503189612982297
5880,100,30,30,30,24.836119740782248,0.4708008748082563,-0.5503189612982297
5881,100,30,30,30,24.920205629333882,0.47025218346505226,-0.5503189612982297
5882,100,30,30,30,25.09836652043377,0.4699583076921156,-0.5503189612982297
5883,100,30,30,30,24.814681453859734,0.4749819544335987,-0.5503189612982297
5884,100,30,30,30,24.75024049063166,0.4791124313500003,-0.5503189612982297
5885,100,30,30,30,24.012860465182804,0.46809671654321616,-0.5503189612982297
5886,100,30,30,30,25.122126315798454,0.47436646375083363,-0.5503189612982297
5887,100,30,30,30,24.765034267433577,0.46859759957911507,-0.5503189612982297
5888,100,30,30,30,24.902154372402315,0.4691446083888744,-0.5503189612982297
5889,100,30,30,30,24.372753915997787,0.4657766584986972,-0.5503189612982297
5890,100,30,30,30,25.070355227546223,0.4658513776779812,-0.5503189612982297
5891,100,30,30,30,24.48165634922112,0.46317893404649796,-0.5503189612982297
5892,100,30,30,30,24.9603312139023,0.4649582850642501,-0.5503189612982297
5893,100,30,30,30,24.950041129678965,0.46679452501218627,-0.5503189612982297
5894,100,30,30,30,24.857512217642764,0.4662186582026117,-0.5503189612982297
5895,100,30,30,30,24.818860587596014,0.46402897885642946,-0.5503189612982297
5896,100,30,30,30,24.731541673184033,0.45351851994697506,-0.5503189612982297
5897,100,30,30,30,25.219214901152405,0.45052644584694973,-0.5503189612982297
5898,100,30,30,30,25.119988639439377,0.4560561896352227,-0.5503189612982297
5899,100,30,30,30,24.90193082570342,0.45107313199523924,-0.5503189612982297
5900,100,30,30,30,25.0398547642384,0.4544324119485106,-0.5503189612982297
5901,100,30,30,30,25.082668972346497,0.4626152578979494,-0.5503189612982297
5902,100,30,30,30,24.83196797190155,0.45764595889888793,-0.5503189612982297
5903,100,30,30,30,24.608785730736066,0.4617920830007486,-0.5503189612982297
5904,100,30,30,30,24.86132887808817,0.46455959845072325,-0.5503189612982297
5905,100,30,30,30,25.037855038315904,0.4611791321644648,-0.5503189612982297
5906,100,30,30,30,24.88208395528664,0.4630365001505157,-0.5503189612982297
5907,100,30,30,30,24.811771327378832,0.4700989111579375,-0.5503189612982297
5908,100,30,30,30,24.766961966882796,0.4665602617672922,-0.5503189612982297
5909,100,30,30,30,24.752366191098712,0.46395443717518003,-0.5503189612982297
5910,100,30,30,30,24.462026796416268,0.4546694872027977,-0.5503189612982297
5911,100,30,30,30,24.722869687133688,0.45845716548609466,-0.5503189612982297
5912,100,30,30,30,24.60336067087131,0.45556983616635954,-0.5503189612982297
5913,100,30,30,30,24.651414788092588,0.451102017291627,-0.5503189612982297
5914,100,30,30,30,24.732564283553558,0.4446209275695259,-0.5503189612982297
5915,100,30,30,30,24.2753111877902,0.44291662948638166,-0.5503189612982297
5916,100,30,30,30,25.096884591844905,0.4460402617457195,-0.5503189612982297
5917,100,30,30,30,24.66203796367676,0.4468886454916805,-0.5503189612982297
5918,100,30,30,30,24.92594523458706,0.4495760253804024,-0.5503189612982297
5919,100,30,30,30,25.20860349026725,0.45257468245633964,-0.5503189612982297
5920,100,30,30,30,24.96111855216656,0.4529386923556106,-0.5503189612982297
5921,100,30,30,30,24.892242208344303,0.45993226583911473,-0.5503189612982297
5922,100,30,30,30,24.938961503258447,0.4602237013291737,-0.5503189612982297
5923,100,30,30,30,24.98091226260317,0.4626171823748641,-0.5503189612982297
5924,100,30,30,30,24.895059645632905,0.4714248724547328,-0.5503189612982297
5925,100,30,30,30,25.212546758493534,0.46722407096358953,-0.5503189612982297
5926,100,30,30,30,25.09733785885604,0.4676472072974717,-0.5503189612982297
5927,100,30,30,30,24.767774252259787,0.46570668963708367,-0.5503189612982297
5928,100,30,30,30,24.999156526595183,0.46366206698331985,-0.5503189612982297
5929,100,30,30,30,24.910533556157233,0.46310533621950833,-0.5503189612982297
5930,100,30,30,30,25.04463470194993,0.46558341224412647,-0.5503189612982297
5931,100,30,30,30,24.99967513865316,0.466898345890077,-0.5503189612982297
5932,100,30,30,30,24.922640387200893,0.4680283226440601,-0.5503189612982297
5933,100,30,30,30,24.929562011664054,0.4727762559460055,-0.5503189612982297
5934,100,30,30,30,24.846794067397774,0.4744940789436389,-0.5503189612982297
5935,100,30,30,30,24.902447626383328,0.47815073066713243,-0.5503189612982297
5936,100,30,30,30,25.00773041782809,0.4789056277215387,-0.5503189612982297
5937,100,30,30,30,25.079497816185665,0.4811632080551204,-0.5503189612982297
5938,100,30,30,30,24.93696827839561,0.4863715947213797,-0.5503189612982297
5939,100,30,30,30,24.912139669421872,0.486055715033144,-0.5503189612982297
5940,100,30,30,30,25.00040961451169,0.48974788458194984,-0.5503189612982297
5941,100,30,30,30,24.405891013244023,0.4845278396522672,-0.5503189612982297
5942,100,30,30,30,24.66718684708991,0.4796590453954232,-0.5503189612982297
5943,100,30,30,30,24.830774318021604,0.4781681724145771,-0.5503189612982297
5944,100,30,30,30,25.050547982308395,0.4747943235570299,-0.5503189612982297
5945,100,30,30,30,24.876689721118304,0.4724159802214694,-0.5503189612982297
5946,100,30,30,30,25.40838010728187,0.4645100567083508,-0.5503189612982297
5947,100,30,30,30,24.98297517778621,0.469687410509309,-0.5503189612982297
5948,100,30,30,30,25.086204744844025,0.4665581960235744,-0.5503189612982297
5949,100,30,30,30,24.911135608163104,0.4660547487575884,-0.5503189612982297
5950,100,30,30,30,24.97188037939673,0.46634965557456076,-0.5503189612982297
5951,100,30,30,30,24.67024909700416,0.46533893991041375,-0.5503189612982297
5952,100,30,30,30,24.803951427696298,0.46812250612265366,-0.5503189612982297
5953,100,30,30,30,24.915171325745632,0.4695969609047195,-0.5503189612982297
5954,100,30,30,30,25.084838407997697,0.4734891798464835,-0.5503189612982297
5955,100,30,30,30,24.846328541237323,0.4755505707575722,-0.5503189612982297
5956,100,30,30,30,25.114233143408256,0.47971358117048124,-0.5503189612982297
5957,100,30,30,30,24.860160734790675,0.4786942001446769,-0.5503189612982297
5958,100,30,30,30,24.982737144618532,0.48077583937458823,-0.5503189612982297
5959,100,30,30,30,24.903848057830814,0.47766597527339183,-0.5503189612982297
5960,100,30,30,30,24.564571593592095,0.47686829403948067,-0.5503189612982297
5961,100,30,30,30,24.8681922931925,0.4822785194543167,-0.5503189612982297
5962,100,30,30,30,24.982927690736176,0.47847501045768226,-0.5503189612982297
5963,100,30,30,30,24.827744030368144,0.4732971254669378,-0.5503189612982297
5964,100,30,30,30,24.650790486630804,0.4721704769940321,-0.5503189612982297
5965,100,30,30,30,25.00670380921624,0.47296803633502926,-0.5503189612982297
5966,100,30,30,30,24.978795224469792,0.47383039744135547,-0.5503189612982297
5967,100,30,30,30,24.733890842209867,0.47341363396988845,-0.5503189612982297
5968,100,30,30,30,24.70146777693118,0.47291332792932256,-0.5503189612982297
5969,100,30,30,30,25.01944891650448,0.4811479987979733,-0.5503189612982297
5970,100,30,30,30,24.59662087173036,0.4772490234288626,-0.5503189612982297
5971,100,30,30,30,24.983475321421764,0.4766938182365897,-0.5503189612982297
5972,100,30,30,30,24.930006374518754,0.4671937606398507,-0.5503189612982297
5973,100,30,30,30,24.96764794188011,0.47108280502718247,-0.5503189612982297
5974,100,30,30,30,24.877519342104666,0.46613799392806216,-0.5503189612982297
5975,100,30,30,30,24.91333049338126,0.4663826498609778,-0.5503189612982297
5976,100,30,30,30,24.620769132216886,0.4626286337030712,-0.5503189612982297
5977,100,30,30,30,24.99430969124319,0.4620518363213719,-0.5503189612982297
5978,100,30,30,30,24.908399606521687,0.4655688565593144,-0.5503189612982297
5979,100,30,30,30,24.87573271176755,0.46303039889661424,-0.5503189612982297
5980,100,30,30,30,24.57368970660505,0.4532029800152038,-0.5503189612982297
5981,100,30,30,30,25.02291355804695,0.45755735503908285,-0.5503189612982297
5982,100,30,30,30,24.885587429325618,0.45835372032126376,-0.5503189612982297
5983,100,30,30,30,25.03744575336053,0.4592207691492955,-0.5503189612982297
5984,100,30,30,30,24.991490653985945,0.46260260121224733,-0.5503189612982297
5985,100,30,30,30,25.00013329133617,0.4677129722458392,-0.5503189612982297
5986,100,30,30,30,24.71583303534905,0.4671540297544155,-0.5503189612982297
5987,100,30,30,30,24.991625659335305,0.4697702582766889,-0.5503189612982297
5988,100,30,30,30,24.952187669772115,0.47097970660465577,-0.5503189612982297
5989,100,30,30,30,24.690749497267017,0.4731638913299318,-0.5503189612982297
5990,100,30,30,30,25.129140627566333,0.47757344925714085,-0.5503189612982297
5991,100,30,30,30,24.7626229301464,0.4710937326439648,-0.5503189612982297
5992,100,30,30,30,25.056655451851924,0.4678233410700709,-0.5503189612982297
5993,100,30,30,30,24.93095982357009,0.4656665835537321,-0.5503189612982297
5994,100,30,30,30,24.876574546156455,0.46947277193733045,-0.5503189612982297
5995,100,30,30,30,24.88110278344754,0.4691508289897872,-0.5503189612982297
5996,100,30,30,30,24.82109179574217,0.46846099547717596,-0.5503189612982297
5997,100,30,30,30,24.999954376934525,0.4633161695687883,-0.5503189612982297
5998,100,30,30,30,24.73495248576365,0.46094687459929795,-0.5503189612982297
5999,100,30,30,30,25.00151869169145,0.465241418461659,-0.5503189612982297
6000,100,30,30,30,24.87253773076108,0.4673764228118798,-0.5503189612982297
6001,100,30,30,30,24.88402644097885,0.4744997927329318,-0.5503189612982297
6002,100,30,30,30,24.99639085297876,0.47137307153005725,-0.5503189612982297
6003,100,30,30,30,25.09761101369211,0.474614323995732,-0.5503189612982297
6004,100,30,30,30,24.75224628180481,0.4765992183069172,-0.5503189612982297
6005,100,30,30,30,24.87076497665675,0.4739177161019101,-0.5503189612982297
6006,100,30,30,30,25.00152474898335,0.47920020742775477,-0.5503189612982297
6007,100,30,30,30,24.868090391818065,0.4817871083003649,-0.5503189612982297
6008,100,30,30,30,24.92749759839058,0.47450207475493017,-0.5503189612982297
6009,100,30,30,30,25.00651332554162,0.4821337201594717,-0.5503189612982297
6010,100,30,30,30,24.96854546495052,0.48059973572207093,-0.5503189612982297
6011,100,30,30,30,25.060296808690683,0.48326708595473145,-0.5503189612982297
6012,100,30,30,30,24.934008294281234,0.47986302908112727,-0.5503189612982297
6013,100,30,30,30,24.930291282593682,0.48618972316356773,-0.5503189612982297
6014,100,30,30,30,24.75326590722146,0.48334996261843993,-0.5503189612982297
6015,100,30,30,30,24.78993932901995,0.48042812508675486,-0.5503189612982297
6016,100,30,30,30,25.158665232474686,0.4811485455021616,-0.5503189612982297
6017,100,30,30,30,25.068889676076875,0.48028092253091026,-0.5503189612982297
6018,100,30,30,30,25.11809154365816,0.47676697816750807,-0.5503189612982297
6019,100,30,30,30,25.000542776022456,0.48193128640863686,-0.5503189612982297
6020,100,30,30,30,25.07236635973738,0.48287267091525143,-0.5503189612982297
6021,100,30,30,30,24.93988777141294,0.48596943057334646,-0.5503189612982297
6022,100,30,30,30,25.005508026426103,0.4898954591433922,-0.5503189612982297
6023,100,30,30,30,24.70165008702135,0.49160057695793,-0.5503189612982297
6024,100,30,30,30,24.99225640127694,0.490718545769156,-0.5503189612982297
6025,100,30,30,30,24.92704831336369,0.48598874495291144,-0.5503189612982297
6026,100,30,30,30,24.948165537854578,0.4904018431063552,-0.5503189612982297
6027,100,30,30,30,24.84184502274956,0.4869829202842237,-0.5503189612982297
6028,100,30,30,30,24.911301344559103,0.48421151738061285,-0.5503189612982297
6029,100,30,30,30,25.004872569872177,0.4889601049156937,-0.5503189612982297
6030,100,30,30,30,24.975558169439694,0.4852910733345836,-0.5503189612982297
6031,100,30,30,30,25.00442930802081,0.4892194478382595,-0.5503189612982297
6032,100,30,30,30,24.49011275348409,0.4834068074432846,-0.5503189612982297
6033,100,30,30,30,25.005023493818854,0.482817956760985,-0.5503189612982297
6034,100,30,30,30,24.885227003483696,0.48826329274059505,-0.5503189612982297
6035,100,30,30,30,24.789478172038912,0.48758341532116284,-0.5503189612982297
6036,100,30,30,30,24.853690315837426,0.48892428343589134,-0.5503189612982297
6037,100,30,30,30,24.917715551323624,0.48744381340300813,-0.5503189612982297
6038,100,30,30,30,24.957472201554896,0.48321186585684744,-0.5503189612982297
6039,100,30,30,30,24.755983381236973,0.4825456368380299,-0.5503189612982297
6040,100,30,30,30,24.950742895140667,0.48039954483872244,-0.5503189612982297
6041,100,30,30,30,24.94415472780459,0.48507487744991246,-0.5503189612982297
6042,100,30,30,30,24.450843630055985,0.47919808030799554,-0.5503189612982297
6043,100,30,30,30,24.53273967024127,0.472615336175878,-0.5503189612982297
6044,100,30,30,30,24.89093863084109,0.48003700103029956,-0.5503189612982297
6045,100,30,30,30,25.030983869119822,0.48265779368648065,-0.5503189612982297
6046,100,30,30,30,25.005004577356345,0.48197849288562206,-0.5503189612982297
6047,100,30,30,30,24.965896536487023,0.48410158475016984,-0.5503189612982297
6048,100,30,30,30,24.97197640781321,0.4849377957503488,-0.5503189612982297
6049,100,30,30,30,24.902958390515487,0.48582255897183363,-0.5503189612982297
6050,100,30,30,30,24.947893966015826,0.4874091466592348,-0.5503189612982297
6051,100,30,30,30,25.128649802660732,0.493868105837247,-0.5503189612982297
6052,100,30,30,30,25.023891365387847,0.4945602794107784,-0.5503189612982297
6053,100,30,30,30,25.181214758918493,0.4879631818477487,-0.5503189612982297
6054,100,30,30,30,24.656517305181236,0.48854537128626946,-0.5503189612982297
6055,100,30,30,30,24.972656725347406,0.4861983823664864,-0.5503189612982297
6056,100,30,30,30,24.996196361632016,0.4872363914495917,-0.5503189612982297
6057,100,30,30,30,25.023611670157628,0.5006952260242189,-0.5503189612982297
6058,100,30,30,30,24.918748956600716,0.4977978624054941,-0.5503189612982297
6059,100,30,30,30,24.81966387939147,0.496864167046965,-0.5503189612982297
6060,100,30,30,30,25.051927439870525,0.49790481541585263,-0.5503189612982297
6061,100,30,30,30,24.84321132793195,0.4995522304052702,-0.5503189612982297
6062,100,30,30,30,24.983716626772246,0.5022324466872654,-0.5503189612982297
6063,100,30,30,30,25.051317661128856,0.5073852803086418,-0.5503189612982297
6064,100,30,30,30,25.00299670614912,0.5125169200447284,-0.5503189612982297
6065,100,30,30,30,25.057423012445902,0.5179909688574587,-0.5503189612982297
6066,100,30,30,30,23.904398501835992,0.5076136190817909,-0.5503189612982297
6067,100,30,30,30,24.901064261357764,0.5063741412840713,-0.5503189612982297
6068,100,30,30,30,24.929925858500795,0.5085518767400525,-0.5503189612982297
6069,100,30,30,30,24.95633933799668,0.5061339731559612,-0.5503189612982297
6070,100,30,30,30,24.614737323345757,0.5006520402440546,-0.5503189612982297
6071,100,30,30,30,25.00706279080778,0.5019034426154194,-0.5503189612982297
6072,100,30,30,30,24.9661141656685,0.5070888579227226,-0.5503189612982297
6073,100,30,30,30,24.78234058387533,0.5075729293076133,-0.5503189612982297
6074,100,30,30,30,24.717161992453434,0.5048359266916865,-0.5503189612982297
6075,100,30,30,30,25.125394115208024,0.5038025117848238,-0.5503189612982297
6076,100,30,30,30,24.461080841998506,0.49821767427889735,-0.5503189612982297
6077,100,30,30,30,24.917248841719655,0.4953310688114308,-0.5503189612982297
6078,100,30,30,30,24.522759048461523,0.4944535747720271,-0.5503189612982297
6079,100,30,30,30,25.201743618470175,0.498634053615384,-0.5503189612982297
6080,100,30,30,30,25.076863938251158,0.5092036202580036,-0.5503189612982297
6081,100,30,30,30,25.043968417867784,0.5137332838082411,-0.5503189612982297
6082,100,30,30,30,24.96397059908653,0.5101914687185577,-0.5503189612982297
6083,100,30,30,30,24.800012644154954,0.5048039080282609,-0.5503189612982297
6084,100,30,30,30,24.920787565782273,0.5058886304592101,-0.5503189612982297
6085,100,30,30,30,24.88130982089018,0.5016132973743757,-0.5503189612982297
6086,100,30,30,30,25.172847436965696,0.5017623750768584,-0.5503189612982297
6087,100,30,30,30,25.020153154204074,0.5090113755293979,-0.5503189612982297
6088,100,30,30,30,24.427263455828168,0.5088026075617109,-0.5503189612982297
6089,100,30,30,30,24.93171016752769,0.5031773218059553,-0.5503189612982297
6090,100,30,30,30,24.92228087278651,0.5117640089820487,-0.5503189612982297
6091,100,30,30,30,24.354826653617668,0.5038501321454812,-0.5503189612982297
6092,100,30,30,30,24.688659635281372,0.49608589226536526,-0.5503189612982297
6093,100,30,30,30,24.805779979184656,0.48949455296579725,-0.5503189612982297
6094,100,30,30,30,25.042873461887243,0.49219399068973857,-0.5503189612982297
6095,100,30,30,30,24.738812310133145,0.49191009203557495,-0.5503189612982297
6096,100,30,30,30,25.139437272200396,0.4902750107983513,-0.5503189612982297
6097,100,30,30,30,25.023699343224497,0.49115656019335235,-0.5503189612982297
6098,100,30,30,30,24.913331990860613,0.48865447905824205,-0.5503189612982297
6099,100,30,30,30,24.88997073144266,0.479346237001703,-0.5503189612982297
6100,100,30,30,30,25.137915417377386,0.48166715186694314,-0.5503189612982297
6101,100,30,30,30,25.07501766031264,0.48114529357246577,-0.5503189612982297
6102,100,30,30,30,24.887878513283678,0.4847918295365795,-0.5503189612982297
6103,100,30,30,30,24.59122635522757,0.4802866044959122,-0.5503189612982297
6104,100,30,30,30,25.00280685206294,0.4870532012526207,-0.5503189612982297
6105,100,30,30,30,24.83524251875609,0.484322510064073,-0.5503189612982297
6106,100,30,30,30,24.854020554080183,0.4854731615568729,-0.5503189612982297
6107,100,30,30,30,25.010510678163616,0.4822459770541802,-0.5503189612982297
6108,100,30,30,30,24.929185599780322,0.4725233406374532,-0.5503189612982297
6109,100,30,30,30,24.723019348777804,0.4709085099825863,-0.5503189612982297
6110,100,30,30,30,24.973837620702653,0.4734006725801905,-0.5503189612982297
6111,100,30,30,30,25.008436513962465,0.4722173105771212,-0.5503189612982297
6112,100,30,30,30,24.895076418733282,0.4818872279826116,-0.5503189612982297
6113,100,30,30,30,25.007028642398765,0.488157557602569,-0.5503189612982297
6114,100,30,30,30,24.894843066911722,0.4822766493500872,-0.5503189612982297
6115,100,30,30,30,24.84883078903021,0.47712868339460257,-0.5503189612982297
6116,100,30,30,30,24.899856266172335,0.47897010864705214,-0.5503189612982297
6117,100,30,30,30,25.009461882941622,0.47860377648354496,-0.5503189612982297
6118,100,30,30,30,24.9878274755688,0.48645501178615463,-0.5503189612982297
6119,100,30,30,30,24.730078563159793,0.48483686801375847,-0.5503189612982297
6120,100,30,30,30,24.942241767522574,0.48012729407561705,-0.5503189612982297
6121,100,30,30,30,24.395711652180292,0.4712593673869045,-0.5503189612982297
6122,100,30,30,30,24.883263242624782,0.4681580276715936,-0.5503189612982297
6123,100,30,30,30,24.998021758542485,0.4681675452077169,-0.5503189612982297
6124,100,30,30,30,25.184026298218647,0.47550228521169385,-0.5503189612982297
6125,100,30,30,30,25.05876595023858,0.47610308132537094,-0.5503189612982297
6126,100,30,30,30,24.407648048793554,0.47003129106070174,-0.5503189612982297
6127,100,30,30,30,24.91749675239626,0.47162983396047164,-0.5503189612982297
6128,100,30,30,30,24.30199242429408,0.4614237039483794,-0.5503189612982297
6129,100,30,30,30,24.852077310532557,0.4654575851513833,-0.5503189612982297
6130,100,30,30,30,24.842474218115147,0.4648563097913067,-0.5503189612982297
6131,100,30,30,30,24.89188589195306,0.46335077943035774,-0.5503189612982297
6132,100,30,30,30,24.907954567150618,0.4676313070917416,-0.5503189612982297
6133,100,30,30,30,24.573458476808177,0.4646106659233349,-0.5503189612982297
6134,100,30,30,30,24.817662243981772,0.46522669364401015,-0.5503189612982297
6135,100,30,30,30,25.158569036398877,0.4732292278089304,-0.5503189612982297
6136,100,30,30,30,24.97538671849227,0.47371473636128625,-0.5503189612982297
6137,100,30,30,30,24.967459095470467,0.48145301773402077,-0.5503189612982297
6138,100,30,30,30,24.5558574242011,0.47829481973135524,-0.5503189612982297
6139,100,30,30,30,24.953346318932056,0.4811941208100332,-0.5503189612982297
6140,100,30,30,30,24.930133638632235,0.4858229255908381,-0.5503189612982297
6141,100,30,30,30,24.94214249643384,0.48421400746233234,-0.5503189612982297
6142,100,30,30,30,24.884362417642677,0.4853129958641689,-0.5503189612982297
6143,100,30,30,30,24.28074465203822,0.48296672571742355,-0.5503189612982297
6144,100,30,30,30,24.940288292555266,0.481260630804695,-0.5503189612982297
6145,100,30,30,30,25.02299582024603,0.48992351516193094,-0.5503189612982297
6146,100,30,30,30,24.701094449858296,0.4901596661996043,-0.5503189612982297
6147,100,30,30,30,24.956239627738373,0.4927793598495519,-0.5503189612982297
6148,100,30,30,30,25.04933822503292,0.5007967200355523,-0.5503189612982297
6149,100,30,30,30,24.81140415839745,0.4937218137752129,-0.5503189612982297
6150,100,30,30,30,24.953610451204685,0.49423453556089547,-0.5503189612982297
6151,100,30,30,30,25.17794370375328,0.5043218604938513,-0.5503189612982297
6152,100,30,30,30,25.254239410391026,0.5028716717592653,-0.5503189612982297
6153,100,30,30,30,25.019980857821768,0.4977520803082747,-0.5503189612982297
6154,100,30,30,30,24.895507748747733,0.5008216988241151,-0.5503189612982297
6155,100,30,30,30,25.14401758796133,0.5020511507087008,-0.5503189612982297
6156,100,30,30,30,24.79935744203721,0.4893906651681597,-0.5503189612982297
6157,100,30,30,30,25.1141246803033,0.49451466332448807,-0.5503189612982297
6158,100,30,30,30,24.718978253976616,0.48711856975763307,-0.5503189612982297
6159,100,30,30,30,24.99753899620696,0.48087474078871445,-0.5503189612982297
6160,100,30,30,30,24.953734001332002,0.47467309439594163,-0.5503189612982297
6161,100,30,30,30,24.47744024057787,0.4716570163318983,-0.5503189612982297
6162,100,30,30,30,24.89662035551811,0.4768465220684985,-0.5503189612982297
6163,100,30,30,30,25.048843031955684,0.4818633061312907,-0.5503189612982297
6164,100,30,30,30,24.972839793451932,0.4793733966340822,-0.5503189612982297
6165,100,30,30,30,24.810775657797766,0.4837149148850308,-0.5503189612982297
6166,100,30,30,30,24.923952516496144,0.4826764167630083,-0.5503189612982297
6167,100,30,30,30,24.72804649044675,0.4817758384107409,-0.5503189612982297
6168,100,30,30,30,25.201953359474135,0.48825892918262365,-0.5503189612982297
6169,100,30,30,30,24.676696621062174,0.48595354775030253,-0.5503189612982297
6170,100,30,30,30,24.98361877547616,0.4859903384959976,-0.5503189612982297
6171,100,30,30,30,24.980613553746146,0.4910160362947915,-0.5503189612982297
6172,100,30,30,30,24.776208476405515,0.489526407109674,-0.5503189612982297
6173,100,30,30,30,24.794843242281033,0.4896629652361282,-0.5503189612982297
6174,100,30,30,30,24.997890306328202,0.4987767432439214,-0.5503189612982297
6175,100,30,30,30,24.95408424592574,0.49601383434297625,-0.5503189612982297
6176,100,30,30,30,25.021693328399472,0.4972120211686526,-0.5503189612982297
6177,100,30,30,30,24.980596563239317,0.49661291374164784,-0.5503189612982297
6178,100,30,30,30,25.161905770278043,0.4973797228816839,-0.5503189612982297
6179,100,30,30,30,24.99737513644083,0.5000178621508494,-0.5503189612982297
6180,100,30,30,30,24.946368367502867,0.4985551869573718,-0.5503189612982297
6181,100,30,30,30,25.00633187257686,0.4976609462160263,-0.5503189612982297
6182,100,30,30,30,24.89496238479689,0.5004491204541216,-0.5503189612982297
6183,100,30,30,30,24.890797051589082,0.4966874052716525,-0.5503189612982297
6184,100,30,30,30,25.035368248732205,0.4923002148846977,-0.5503189612982297
6185,100,30,30,30,24.95166231891404,0.49777095752899275,-0.5503189612982297
6186,100,30,30,30,24.95823718202663,0.49388818102037646,-0.5503189612982297
6187,100,30,30,30,24.97257925370865,0.4972963248641797,-0.5503189612982297
6188,100,30,30,30,24.991465661703664,0.49491847608514367,-0.5503189612982297
6189,100,30,30,30,24.952238354662143,0.49644199365171005,-0.5503189612982297
6190,100,30,30,30,24.885076951632442,0.49155026621465814,-0.5503189612982297
6191,100,30,30,30,24.858066689648144,0.49150660944957686,-0.5503189612982297
6192,100,30,30,30,24.815688940500603,0.487277510322523,-0.5503189612982297
6193,100,30,30,30,24.89062145539642,0.48885015756572425,-0.5503189612982297
6194,100,30,30,30,24.75873063416884,0.481099462401802,-0.5503189612982297
6195,100,30,30,30,24.916287619737517,0.48152707279009316,-0.5503189612982297
6196,100,30,30,30,24.810145697798916,0.4789058599730609,-0.5503189612982297
6197,100,30,30,30,24.948243823533282,0.47380249068322655,-0.5503189612982297
6198,100,30,30,30,24.96955707601446,0.4713176068941409,-0.5503189612982297
6199,100,30,30,30,24.89776585510797,0.476188290729156,-0.5503189612982297
6200,100,30,30,30,24.95044902985223,0.4796526180691124,-0.5503189612982297
6201,100,30,30,30,24.977172859941575,0.4827965298387376,-0.5503189612982297
6202,100,30,30,30,25.0085908611917,0.49009029157837175,-0.5503189612982297
6203,100,30,30,30,25.19082244255042,0.48708788740257103,-0.5503189612982297
6204,100,30,30,30,25.049708524845492,0.4902700711856109,-0.5503189612982297
6205,100,30,30,30,24.895442728542214,0.48782289323693817,-0.5503189612982297
6206,100,30,30,30,24.952090470538216,0.49073747834762643,-0.5503189612982297
6207,100,30,30,30,24.721213398934495,0.49055563477422826,-0.5503189612982297
6208,100,30,30,30,24.90178821869148,0.4899349015289974,-0.5503189612982297
6209,100,30,30,30,24.56327100224326,0.4898508988427326,-0.5503189612982297
6210,100,30,30,30,24.888748828687064,0.48201717011591855,-0.5503189612982297
6211,100,30,30,30,24.719805037907854,0.4800713098753371,-0.5503189612982297
6212,100,30,30,30,24.71208801993246,0.48274461108538397,-0.5503189612982297
6213,100,30,30,30,24.82393971396653,0.48296330696044887,-0.5503189612982297
6214,100,30,30,30,25.100594759756582,0.48934656362811557,-0.5503189612982297
6215,100,30,30,30,24.98734193519885,0.48939313736462525,-0.5503189612982297
6216,100,30,30,30,24.964577242511375,0.48937739673370656,-0.5503189612982297
6217,100,30,30,30,24.96111868119192,0.49546342849162855,-0.5503189612982297
6218,100,30,30,30,24.878449220712657,0.49045371808981375,-0.5503189612982297
6219,100,30,30,30,25.005416538712943,0.49489818901596394,-0.5503189612982297
6220,100,30,30,30,25.273663297282287,0.4907478359090641,-0.5503189612982297
6221,100,30,30,30,24.724937080664052,0.49287048764767016,-0.5503189612982297
6222,100,30,30,30,24.714593791227358,0.48784915082554414,-0.5503189612982297
6223,100,30,30,30,24.97162553118838,0.4912866920163978,-0.5503189612982297
6224,100,30,30,30,24.78328799943911,0.4901698429453252,-0.5503189612982297
6225,100,30,30,30,24.626845685863493,0.48998271148693606,-0.5503189612982297
6226,100,30,30,30,25.263546178365992,0.49134957981619615,-0.5503189612982297
6227,100,30,30,30,24.92271404058694,0.494556154825574,-0.5503189612982297
6228,100,30,30,30,25.009877788564882,0.4900869706966411,-0.5503189612982297
6229,100,30,30,30,24.999628154471132,0.48794939641145607,-0.5503189612982297
6230,100,30,30,30,24.98172467489794,0.4955179149380278,-0.5503189612982297
6231,100,30,30,30,24.743899285867357,0.4949611489890258,-0.5503189612982297
6232,100,30,30,30,24.77870290166954,0.49288770420481154,-0.5503189612982297
6233,100,30,30,30,24.87717242280415,0.49165609672640187,-0.5503189612982297
6234,100,30,30,30,24.92692818496849,0.4921825227980516,-0.5503189612982297
6235,100,30,30,30,24.915809193492912,0.4891894944256204,-0.5503189612982297
6236,100,30,30,30,24.985105125984113,0.49379730870443667,-0.5503189612982297
6237,100,30,30,30,24.49952551011754,0.4899646322271158,-0.5503189612982297
6238,100,30,30,30,25.039031370545594,0.4788026684855117,-0.5503189612982297
6239,100,30,30,30,24.900573693219716,0.47679623850466024,-0.5503189612982297
6240,100,30,30,30,25.06407048267475,0.4755464436718721,-0.5503189612982297
6241,100,30,30,30,24.436493073948135,0.4699617938169165,-0.5503189612982297
6242,100,30,30,30,24.438617282465245,0.4680144853774626,-0.5503189612982297
6243,100,30,30,30,24.319529621328954,0.45682085942084144,-0.5503189612982297
6244,100,30,30,30,24.861698931522533,0.46071599190034157,-0.5503189612982297
6245,100,30,30,30,24.77463001616482,0.4586964011708288,-0.5503189612982297
6246,100,30,30,30,24.99662082309178,0.4608969333730742,-0.5503189612982297
6247,100,30,30,30,25.128404217734918,0.4630150183275253,-0.5503189612982297
6248,100,30,30,30,25.003539900873193,0.45419243829457373,-0.5503189612982297
6249,100,30,30,30,24.891788660334573,0.4504670631407682,-0.5503189612982297
6250,100,30,30,30,24.998508797662183,0.4548619932307507,-0.5503189612982297
6251,100,30,30,30,24.99157289329768,0.4543188759430453,-0.5503189612982297
6252,100,30,30,30,24.930078366033293,0.4550416965981287,-0.5503189612982297
6253,100,30,30,30,25.005652555195226,0.4581949031824612,-0.5503189612982297
6254,100,30,30,30,25.011657742550785,0.46166090440193314,-0.5503189612982297
6255,100,30,30,30,24.88515868928718,0.4650324971214716,-0.5503189612982297
6256,100,30,30,30,25.112112555567055,0.4711740983796253,-0.5503189612982297
6257,100,30,30,30,24.669167429904604,0.4680102299152473,-0.5503189612982297
6258,100,30,30,30,24.853084839868323,0.46293595459074094,-0.5503189612982297
6259,100,30,30,30,24.35608981308853,0.4552089128718621,-0.5503189612982297
6260,100,30,30,30,24.236399915850676,0.4507267422842565,-0.5503189612982297
6261,100,30,30,30,24.86069546502184,0.4393582996319647,-0.5503189612982297
6262,100,30,30,30,25.18973800377342,0.43448833722462515,-0.5503189612982297
6263,100,30,30,30,24.888913827362153,0.4398250650947152,-0.5503189612982297
6264,100,30,30,30,24.62294518502126,0.4412376339297288,-0.5503189612982297
6265,100,30,30,30,24.810174994411284,0.43736566348301226,-0.5503189612982297
6266,100,30,30,30,25.00819143862131,0.45177691174381096,-0.5503189612982297
6267,100,30,30,30,25.136277559657625,0.45679214399322704,-0.5503189612982297
6268,100,30,30,30,24.98350800795761,0.45313859054771455,-0.5503189612982297
6269,100,30,30,30,24.934507470443467,0.4483151755914497,-0.5503189612982297
6270,100,30,30,30,24.890876602142676,0.4495053070371638,-0.5503189612982297
6271,100,30,30,30,25.021693527039947,0.4528941438443837,-0.5503189612982297
6272,100,30,30,30,25.035670010971508,0.45858369037654995,-0.5503189612982297
6273,100,30,30,30,24.865348418957495,0.4616971453851684,-0.5503189612982297
6274,100,30,30,30,24.797610407921088,0.4550713201240782,-0.5503189612982297
6275,100,30,30,30,25.06241186204167,0.45668458907556936,-0.5503189612982297
6276,100,30,30,30,24.74638911397934,0.4566342309498507,-0.5503189612982297
6277,100,30,30,30,24.666076674801374,0.45522786464537124,-0.5503189612982297
6278,100,30,30,30,24.920827688263746,0.45444285414652547,-0.5503189612982297
6279,100,30,30,30,24.99723737991914,0.452979499943573,-0.5503189612982297
6280,100,30,30,30,25.03175156158472,0.4468545872341471,-0.5503189612982297
6281,100,30,30,30,24.849267505353367,0.4450153136951455,-0.5503189612982297
6282,100,30,30,30,24.90206585596959,0.4428058594611934,-0.5503189612982297
6283,100,30,30,30,24.933426759643744,0.43933680824759513,-0.5503189612982297
6284,100,30,30,30,24.930331748119016,0.443623728544136,-0.5503189612982297
6285,100,30,30,30,24.53381308453344,0.43749216516026596,-0.5503189612982297
6286,100,30,30,30,24.984851878327788,0.4389404689282908,-0.5503189612982297
6287,100,30,30,30,25.001132510672093,0.4377342438352764,-0.5503189612982297
6288,100,30,30,30,24.085787300516504,0.42436563766895014,-0.5503189612982297
6289,100,30,30,30,25.0116527480874,0.438279322676784,-0.5503189612982297
6290,100,30,30,30,24.800332313580984,0.4445024585102961,-0.5503189612982297
6291,100,30,30,30,25.008500109611276,0.44946152121439875,-0.5503189612982297
6292,100,30,30,30,25.111675720584703,0.45225911317562445,-0.5503189612982297
6293,100,30,30,30,24.939163548358543,0.45264551669552167,-0.5503189612982297
6294,100,30,30,30,24.951817929247348,0.45992139647291636,-0.5503189612982297
6295,100,30,30,30,24.624299914145027,0.4578159417023656,-0.5503189612982297
6296,100,30,30,30,24.91660416626089,0.45364082254106936,-0.5503189612982297
6297,100,30,30,30,24.796214254042123,0.46105154658479586,-0.5503189612982297
6298,100,30,30,30,24.941722882082885,0.46354581562834685,-0.5503189612982297
6299,100,30,30,30,25.068440619107992,0.47107577916536475,-0.5503189612982297
6300,100,30,30,30,24.95101607891796,0.47190664936668053,-0.5503189612982297
6301,100,30,30,30,24.95849309050081,0.47435449552110054,-0.5503189612982297
6302,100,30,30,30,24.696433881667527,0.47369674431774655,-0.5503189612982297
6303,100,30,30,30,24.341177705219764,0.46282086393816835,-0.5503189612982297
6304,100,30,30,30,25.114652523880856,0.46416257961278484,-0.5503189612982297
6305,100,30,30,30,24.998463538427433,0.4671974961507656,-0.5503189612982297
6306,100,30,30,30,24.900670691261503,0.46825691018355176,-0.5503189612982297
6307,100,30,30,30,24.572565161234436,0.4674808955341646,-0.5503189612982297
6308,100,30,30,30,24.862472436468636,0.46529671899932135,-0.5503189612982297
6309,100,30,30,30,24.944330620742235,0.47006276631538385,-0.5503189612982297
6310,100,30,30,30,24.8523126701027,0.4672887329333487,-0.5503189612982297
6311,100,30,30,30,24.780143397994358,0.4655180177550803,-0.5503189612982297
6312,100,30,30,30,24.742000058018608,0.4586610767535439,-0.5503189612982297
6313,100,30,30,30,25.11277656752526,0.4621916816551931,-0.5503189612982297
6314,100,30,30,30,24.889246318110445,0.46658326670305517,-0.5503189612982297
6315,100,30,30,30,24.71218166755608,0.4718735281883322,-0.5503189612982297
6316,100,30,30,30,24.56367394302339,0.46593684858451595,-0.5503189612982297
6317,100,30,30,30,24.746303578374594,0.46773619353621104,-0.5503189612982297
6318,100,30,30,30,25.16429992480481,0.477215837640076,-0.5503189612982297
6319,100,30,30,30,25.086806437842107,0.48279161290764555,-0.5503189612982297
6320,100,30,30,30,24.65114071153309,0.4759985419808496,-0.5503189612982297
6321,100,30,30,30,24.933873776959704,0.4728170542079247,-0.5503189612982297
6322,100,30,30,30,24.971396285428078,0.47419349375521136,-0.5503189612982297
6323,100,30,30,30,24.834818906242752,0.4746453478546265,-0.5503189612982297
6324,100,30,30,30,24.90728804563149,0.47112311929102557,-0.5503189612982297
6325,100,30,30,30,25.02059350631379,0.47398086085178986,-0.5503189612982297
6326,100,30,30,30,24.80231320751687,0.4707185142892852,-0.5503189612982297
6327,100,30,30,30,24.889140145654444,0.4738999298693016,-0.5503189612982297
6328,100,30,30,30,24.345606610222262,0.4676776250843023,-0.5503189612982297
6329,100,30,30,30,24.63264738306612,0.46774891564871757,-0.5503189612982297
6330,100,30,30,30,25.059243870406064,0.4742060399559411,-0.5503189612982297
6331,100,30,30,30,24.689717935115606,0.4697235059675546,-0.5503189612982297
6332,100,30,30,30,24.892459516533837,0.47685443920220083,-0.5503189612982297
6333,100,30,30,30,25.023063027299365,0.47532239582016467,-0.5503189612982297
6334,100,30,30,30,24.91251957884206,0.48165126108066636,-0.5503189612982297
6335,100,30,30,30,24.267327869753252,0.46775449231593047,-0.5503189612982297
6336,100,30,30,30,24.95562871068683,0.4694725340987625,-0.5503189612982297
6337,100,30,30,30,24.791498037287298,0.4749859882267872,-0.5503189612982297
6338,100,30,30,30,24.883798238716857,0.47520979117932804,-0.5503189612982297
6339,100,30,30,30,24.93529662374153,0.47383796663482086,-0.5503189612982297
6340,100,30,30,30,24.8039374737317,0.47348465750307855,-0.5503189612982297
6341,100,30,30,30,24.839475689124555,0.47803695450469263,-0.5503189612982297
6342,100,30,30,30,24.921893125994945,0.47949636284780767,-0.5503189612982297
6343,100,30,30,30,24.999387665255828,0.4804075950117488,-0.5503189612982297
6344,100,30,30,30,25.196969641113945,0.48200350928886554,-0.5503189612982297
6345,100,30,30,30,25.031677569129265,0.48629283099935083,-0.5503189612982297
6346,100,30,30,30,24.61880271687204,0.4799008300500084,-0.5503189612982297
6347,100,30,30,30,24.982150151879402,0.48496401268166817,-0.5503189612982297
6348,100,30,30,30,24.891717003938084,0.4836216667823319,-0.5503189612982297
6349,100,30,30,30,25.058139451578334,0.48471412826661153,-0.5503189612982297
6350,100,30,30,30,24.997807989229106,0.49079407361557637,-0.5503189612982297
6351,100,30,30,30,24.875651573968995,0.49415484002049437,-0.5503189612982297
6352,100,30,30,30,24.944776372096545,0.49090782244922604,-0.5503189612982297
6353,100,30,30,30,24.774527396426123,0.4895834120799612,-0.5503189612982297
6354,100,30,30,30,24.85002331925645,0.4861018054349809,-0.5503189612982297
6355,100,30,30,30,24.815051359883547,0.4872788515372406,-0.5503189612982297
6356,100,30,30,30,24.83196102998469,0.48364124745440273,-0.5503189612982297
6357,100,30,30,30,25.04740556388817,0.49443709782976725,-0.5503189612982297
6358,100,30,30,30,24.52247466078704,0.48667212710728486,-0.5503189612982297
6359,100,30,30,30,25.022187844653168,0.49058798157427197,-0.5503189612982297
6360,100,30,30,30,24.858427879864152,0.497227104162274,-0.5503189612982297
6361,100,30,30,30,25.099998726449996,0.5023231524462655,-0.5503189612982297
6362,100,30,30,30,25.04412016047452,0.49547454191117707,-0.5503189612982297
6363,100,30,30,30,25.24346479258998,0.5029771191103853,-0.5503189612982297
6364,100,30,30,30,25.08049998991437,0.5023779662671157,-0.5503189612982297
6365,100,30,30,30,25.010592647997036,0.5010174335171501,-0.5503189612982297
6366,100,30,30,30,24.66837678792253,0.505455430619414,-0.5503189612982297
6367,100,30,30,30,25.0032026123127,0.5034929370844016,-0.5503189612982297
6368,100,30,30,30,24.777908075973077,0.4978656124084955,-0.5503189612982297
6369,100,30,30,30,24.684021564030424,0.4966425039233675,-0.5503189612982297
6370,100,30,30,30,25.184858996172572,0.4929220180136248,-0.5503189612982297
6371,100,30,30,30,24.305952592907417,0.4821352993079214,-0.5503189612982297
6372,100,30,30,30,24.897049717745396,0.48464203547915036,-0.5503189612982297
6373,100,30,30,30,24.72685589687019,0.4877542453968585,-0.5503189612982297
6374,100,30,30,30,24.889260397340998,0.48529570809728495,-0.5503189612982297
6375,100,30,30,30,24.798882313023356,0.481089105647492,-0.5503189612982297
6376,100,30,30,30,24.98913154334955,0.47628838784293837,-0.5503189612982297
6377,100,30,30,30,24.941776999821336,0.4687996139215291,-0.5503189612982297
6378,100,30,30,30,25.10611231015133,0.4713386263410659,-0.5503189612982297
6379,100,30,30,30,24.505422751020884,0.4662286851071606,-0.5503189612982297
6380,100,30,30,30,24.246335178233462,0.4597290507228219,-0.5503189612982297
6381,100,30,30,30,24.983345899152663,0.462475964662759,-0.5503189612982297
6382,100,30,30,30,24.99501114841724,0.4679657415493172,-0.5503189612982297
6383,100,30,30,30,24.921116800210104,0.47310461021860034,-0.5503189612982297
6384,100,30,30,30,24.88059291616552,0.4737685780035894,-0.5503189612982297
6385,100,30,30,30,24.77808372539094,0.4742728058838279,-0.5503189612982297
6386,100,30,30,30,24.98142551394617,0.4725314065551012,-0.5503189612982297
6387,100,30,30,30,24.88276978394415,0.47684653157111806,-0.5503189612982297
6388,100,30,30,30,24.901659471608717,0.47448514117346097,-0.5503189612982297
6389,100,30,30,30,24.927096617831694,0.4739605351061965,-0.5503189612982297
6390,100,30,30,30,24.943173615974782,0.4770583790858684,-0.5503189612982297
6391,100,30,30,30,24.91717522916624,0.47597281732233665,-0.5503189612982297
6392,100,30,30,30,24.86991443706858,0.47077070253590125,-0.5503189612982297
6393,100,30,30,30,24.838370714832998,0.4668850593581941,-0.5503189612982297
6394,100,30,30,30,24.86431782914004,0.4718441144497839,-0.5503189612982297
6395,100,30,30,30,24.857621426648294,0.46965584382615994,-0.5503189612982297
6396,100,30,30,30,25.03328005924852,0.4762541913496697,-0.5503189612982297
6397,100,30,30,30,24.965963487814,0.4794329763927315,-0.5503189612982297
6398,100,30,30,30,24.912702973869834,0.4791310603594072,-0.5503189612982297
6399,100,30,30,30,25.080156868905902,0.4723942839343589,-0.5503189612982297
6400,100,30,30,30,24.991096955332765,0.47444123703852636,-0.5503189612982297
6401,100,30,30,30,25.069883458677857,0.47887591248846073,-0.5503189612982297
6402,100,30,30,30,24.840929032923064,0.47216064567901156,-0.5503189612982297
6403,100,30,30,30,24.90273717842068,0.47225591160885855,-0.5503189612982297
6404,100,30,30,30,24.553652486306365,0.4677485605441462,-0.5503189612982297
6405,100,30,30,30,24.96896710937831,0.47101789605598116,-0.5503189612982297
6406,100,30,30,30,24.916692108457177,0.46856078786110605,-0.5503189612982297
6407,100,30,30,30,24.818587580393924,0.4715763450559433,-0.5503189612982297
6408,100,30,30,30,25.208043382336164,0.4696127771798299,-0.5503189612982297
6409,100,30,30,30,24.604115954013743,0.4629779391173677,-0.5503189612982297
6410,100,30,30,30,25.037347729736872,0.4612299954013641,-0.5503189612982297
6411,100,30,30,30,24.63574446477739,0.4625226488530653,-0.5503189612982297
6412,100,30,30,30,25.0014828925908,0.470871211715755,-0.5503189612982297
6413,100,30,30,30,24.918339128187476,0.46581227494183264,-0.5503189612982297
6414,100,30,30,30,24.717293071449397,0.46496686410476684,-0.5503189612982297
6415,100,30,30,30,24.795056368637447,0.4642675687699808,-0.5503189612982297
6416,100,30,30,30,25.004738086933024,0.4722126701479841,-0.5503189612982297
6417,100,30,30,30,24.766970140821353,0.47389252588356195,-0.5503189612982297
6418,100,30,30,30,24.415077176548223,0.4644578499815594,-0.5503189612982297
6419,100,30,30,30,24.955183481080276,0.46795776243023335,-0.5503189612982297
6420,100,30,30,30,25.00448025539032,0.4652983139550881,-0.5503189612982297
6421,100,30,30,30,24.96453646131571,0.4658618926854819,-0.5503189612982297
6422,100,30,30,30,24.9705370490893,0.4719556851403225,-0.5503189612982297
6423,100,30,30,30,24.46709744597033,0.4634202302970013,-0.5503189612982297
6424,100,30,30,30,24.988707714493465,0.4559538555692133,-0.5503189612982297
6425,100,30,30,30,24.996882108930123,0.4629075250922896,-0.5503189612982297
6426,100,30,30,30,25.171156954224536,0.4613359368657684,-0.5503189612982297
6427,100,30,30,30,24.938920946612,0.4602584357609199,-0.5503189612982297
6428,100,30,30,30,24.996996457869688,0.4671991584199284,-0.5503189612982297
6429,100,30,30,30,24.998246243380756,0.46335987589099364,-0.5503189612982297
6430,100,30,30,30,24.83264674141105,0.45846900391209977,-0.5503189612982297
6431,100,30,30,30,24.629663151778058,0.458732039996064,-0.5503189612982297
6432,100,30,30,30,24.613511268175344,0.4583736027214417,-0.5503189612982297
6433,100,30,30,30,24.686970285329032,0.45901075382062106,-0.5503189612982297
6434,100,30,30,30,24.974407461425095,0.4620633356662241,-0.5503189612982297
6435,100,30,30,30,24.92287576781769,0.4681685908278961,-0.5503189612982297
6436,100,30,30,30,24.74384742237802,0.46730643471962596,-0.5503189612982297
6437,100,30,30,30,24.73615038529774,0.4616625689243053,-0.5503189612982297
6438,100,30,30,30,24.768564345239966,0.4573380989692155,-0.5503189612982297
6439,100,30,30,30,24.693394706161065,0.4595758673356819,-0.5503189612982297
6440,100,30,30,30,25.011065864736814,0.46250226629844177,-0.5503189612982297
6441,100,30,30,30,24.93153757759963,0.4686108376765481,-0.5503189612982297
6442,100,30,30,30,24.699695163073695,0.46639872999518334,-0.5503189612982297
6443,100,30,30,30,24.945067813180245,0.4644102658089375,-0.5503189612982297
6444,100,30,30,30,24.904504480637605,0.46954530898041985,-0.5503189612982297
6445,100,30,30,30,24.500036978755226,0.4641790380676489,-0.5503189612982297
6446,100,30,30,30,24.72355769135943,0.46682080090678946,-0.5503189612982297
6447,100,30,30,30,24.84417579776027,0.46354415630905066,-0.5503189612982297
6448,100,30,30,30,24.976227675357897,0.4612303618936635,-0.5503189612982297
6449,100,30,30,30,24.80663413345266,0.457074885137246,-0.5503189612982297
6450,100,30,30,30,24.962860842681586,0.4605325448484748,-0.5503189612982297
6451,100,30,30,30,24.66533825948722,0.46085397382715637,-0.5503189612982297
6452,100,30,30,30,24.74607519125336,0.45749415384471714,-0.5503189612982297
6453,100,30,30,30,24.96125459691708,0.45999875712168664,-0.5503189612982297
6454,100,30,30,30,24.650410637753744,0.45489908001831375,-0.5503189612982297
6455,100,30,30,30,24.972095967611235,0.45761894870620085,-0.5503189612982297
6456,100,30,30,30,24.871125504494753,0.4600523158227726,-0.5503189612982297
6457,100,30,30,30,24.55171458512155,0.4579302474042071,-0.5503189612982297
6458,100,30,30,30,24.674365797135742,0.4540848710331139,-0.5503189612982297
6459,100,30,30,30,24.876262660856376,0.4593130371895561,-0.5503189612982297
6460,100,30,30,30,24.744730178303804,0.45691792326925573,-0.5503189612982297
6461,100,30,30,30,24.96067427778383,0.45729654432491224,-0.5503189612982297
6462,100,30,30,30,24.950956588653483,0.46048676695966345,-0.5503189612982297
6463,100,30,30,30,24.8674745612665,0.4622301424647607,-0.5503189612982297
6464,100,30,30,30,24.596887892922688,0.4612362178541211,-0.5503189612982297
6465,100,30,30,30,24.679348864178856,0.45848665970047486,-0.5503189612982297
6466,100,30,30,30,24.19583534568651,0.4488410267007647,-0.5503189612982297
6467,100,30,30,30,25.061622890064285,0.44699396610721137,-0.5503189612982297
6468,100,30,30,30,24.987545825468818,0.4522284225107731,-0.5503189612982297
6469,100,30,30,30,24.983884268998764,0.45405208758794985,-0.5503189612982297
6470,100,30,30,30,25.00901964773211,0.4505117831833821,-0.5503189612982297
6471,100,30,30,30,24.21711884620072,0.44646223626279075,-0.5503189612982297
6472,100,30,30,30,24.987869667108676,0.44435077537425965,-0.5503189612982297
6473,100,30,30,30,24.397695770839185,0.43444303614282875,-0.5503189612982297
6474,100,30,30,30,24.949759855888853,0.4383786277689728,-0.5503189612982297
6475,100,30,30,30,24.876840751373045,0.4399909323720596,-0.5503189612982297
6476,100,30,30,30,24.809646630785103,0.4411625052041858,-0.5503189612982297
6477,100,30,30,30,24.70305332272605,0.4448363398896363,-0.5503189612982297
6478,100,30,30,30,24.962318786653356,0.43722080431339694,-0.5503189612982297
6479,100,30,30,30,24.894053349271168,0.4380099324557029,-0.5503189612982297
6480,100,30,30,30,24.98549439386413,0.44040273694168997,-0.5503189612982297
6481,100,30,30,30,24.899294453528796,0.4393781948535775,-0.5503189612982297
6482,100,30,30,30,25.01657525608082,0.44741961013535286,-0.5503189612982297
6483,100,30,30,30,24.565847358164703,0.4465878016192096,-0.5503189612982297
6484,100,30,30,30,24.88119820211086,0.44511929331955735,-0.5503189612982297
6485,100,30,30,30,24.793797925010388,0.4513349320631482,-0.5503189612982297
6486,100,30,30,30,24.966979059870734,0.45480233400329845,-0.5503189612982297
6487,100,30,30,30,24.99455205008327,0.45969497584595537,-0.5503189612982297
6488,100,30,30,30,24.63952426271768,0.4559634201234553,-0.5503189612982297
6489,100,30,30,30,24.75739215552399,0.45845082574844553,-0.5503189612982297
6490,100,30,30,30,24.899327804995586,0.4586435563523083,-0.5503189612982297
6491,100,30,30,30,24.894288785004072,0.4534521759760996,-0.5503189612982297
6492,100,30,30,30,24.925363590241744,0.45327655522074534,-0.5503189612982297
6493,100,30,30,30,24.90895728368318,0.4493885571185434,-0.5503189612982297
6494,100,30,30,30,24.932313362379432,0.4452473225208339,-0.5503189612982297
6495,100,30,30,30,25.00941683199938,0.44914933335454904,-0.5503189612982297
6496,100,30,30,30,25.02964367723685,0.44545967067928643,-0.5503189612982297
6497,100,30,30,30,25.156241199057405,0.4500454278185426,-0.5503189612982297
6498,100,30,30,30,24.840629467263184,0.4495734696294409,-0.5503189612982297
6499,100,30,30,30,24.980420602971137,0.45715055717921727,-0.5503189612982297
6500,100,30,30,30,24.501393179528115,0.45352128182722634,-0.5503189612982297
6501,100,30,30,30,25.01673174740444,0.45577251304973004,-0.5503189612982297
6502,100,30,30,30,24.994385709257575,0.4640745360347684,-0.5503189612982297
6503,100,30,30,30,24.88952948670549,0.4668857251644427,-0.5503189612982297
6504,100,30,30,30,24.901031639366764,0.46834114780990693,-0.5503189612982297
6505,100,30,30,30,24.97758791637522,0.4715014223912264,-0.5503189612982297
6506,100,30,30,30,25.142473084893886,0.47056241521977427,-0.5503189612982297
6507,100,30,30,30,24.938521469885853,0.4767982641665124,-0.5503189612982297
6508,100,30,30,30,24.894324470724804,0.4808540727361021,-0.5503189612982297
6509,100,30,30,30,24.839479280837544,0.48464505540687447,-0.5503189612982297
6510,100,30,30,30,25.177297462756712,0.490535259766272,-0.5503189612982297
6511,100,30,30,30,25.03868763432535,0.49632403037094813,-0.5503189612982297
6512,100,30,30,30,25.111089616917965,0.49307393069101024,-0.5503189612982297
6513,100,30,30,30,24.979018535820266,0.49280664560820386,-0.5503189612982297
6514,100,30,30,30,24.748086159208185,0.4903937888066892,-0.5503189612982297
6515,100,30,30,30,24.90496734772931,0.48792691775496855,-0.5503189612982297
6516,100,30,30,30,24.585722437469165,0.4815416721300237,-0.5503189612982297
6517,100,30,30,30,25.120823017098104,0.48650248739748453,-0.5503189612982297
6518,100,30,30,30,24.662183944138427,0.47859297830373954,-0.5503189612982297
6519,100,30,30,30,24.644677401612213,0.47807562904604645,-0.5503189612982297
6520,100,30,30,30,24.77899916065051,0.48081764230211155,-0.5503189612982297
6521,100,30,30,30,25.07993523178829,0.48734629884398045,-0.5503189612982297
6522,100,30,30,30,25.02786979137418,0.491015614889654,-0.5503189612982297
6523,100,30,30,30,24.943953905957798,0.4814223360465945,-0.5503189612982297
6524,100,30,30,30,24.743354336265323,0.48112258009398345,-0.5503189612982297
6525,100,30,30,30,24.899211358699006,0.47703341689730355,-0.5503189612982297
6526,100,30,30,30,24.79986025875278,0.47827798664598953,-0.5503189612982297
6527,100,30,30,30,24.48669793161688,0.4706509306202318,-0.5503189612982297
6528,100,30,30,30,24.85320415174226,0.4713707745383552,-0.5503189612982297
6529,100,30,30,30,24.969797543174966,0.47637312151896166,-0.5503189612982297
6530,100,30,30,30,24.95761731202518,0.475153265115309,-0.5503189612982297
6531,100,30,30,30,24.79668337041514,0.47490808738619555,-0.5503189612982297
6532,100,30,30,30,24.94549211639481,0.47340950958948125,-0.5503189612982297
6533,100,30,30,30,24.94633130974042,0.4757909174139459,-0.5503189612982297
6534,100,30,30,30,24.85810543056919,0.4726681666222621,-0.5503189612982297
6535,100,30,30,30,25.03773547585256,0.47760825889311403,-0.5503189612982297
6536,100,30,30,30,25.005426995607124,0.4811749268415335,-0.5503189612982297
6537,100,30,30,30,24.858756855892068,0.47800920358971677,-0.5503189612982297
6538,100,30,30,30,25.038787952819348,0.4791556459352152,-0.5503189612982297
6539,100,30,30,30,24.72325199269517,0.473866511849737,-0.5503189612982297
6540,100,30,30,30,25.13136516060366,0.47617193581147077,-0.5503189612982297
6541,100,30,30,30,25.003744623370608,0.4877012558198125,-0.5503189612982297
6542,100,30,30,30,24.29938674780157,0.4827303111596174,-0.5503189612982297
6543,100,30,30,30,25.029738342511433,0.4884623369021484,-0.5503189612982297
6544,100,30,30,30,25.013476194430687,0.4926588342250069,-0.5503189612982297
6545,100,30,30,30,24.765135289189253,0.491779724864941,-0.5503189612982297
6546,100,30,30,30,24.887611561785725,0.48323398479166985,-0.5503189612982297
6547,100,30,30,30,25.24922853499986,0.48756513448162264,-0.5503189612982297
6548,100,30,30,30,25.03604835195499,0.4867177169282302,-0.5503189612982297
6549,100,30,30,30,24.78417986264062,0.4865571294422391,-0.5503189612982297
6550,100,30,30,30,24.99044816849028,0.48690321170449125,-0.5503189612982297
6551,100,30,30,30,25.039887297273474,0.4887865994115188,-0.5503189612982297
6552,100,30,30,30,24.82911609327318,0.4920037091235513,-0.5503189612982297
6553,100,30,30,30,24.707398949437582,0.4877551068372791,-0.5503189612982297
6554,100,30,30,30,24.83650415048824,0.491804875074739,-0.5503189612982297
6555,100,30,30,30,24.822246108065595,0.49061854108855435,-0.5503189612982297
6556,100,30,30,30,24.150557854852703,0.4803327667477508,-0.5503189612982297
6557,100,30,30,30,24.733353564406627,0.4750266965343552,-0.5503189612982297
6558,100,30,30,30,24.99637214692632,0.47818363159899946,-0.5503189612982297
6559,100,30,30,30,24.7361334452569,0.4771319376300365,-0.5503189612982297
6560,100,30,30,30,24.94654427806126,0.47701362518392876,-0.5503189612982297
6561,100,30,30,30,24.776033861902086,0.47857334815615876,-0.5503189612982297
6562,100,30,30,30,24.90940378469403,0.47402273669366496,-0.5503189612982297
6563,100,30,30,30,25.10342260149241,0.4726792241754497,-0.5503189612982297
6564,100,30,30,30,24.95917229300528,0.47854074174885824,-0.5503189612982297
6565,100,30,30,30,25.092281329123512,0.47632682079208755,-0.5503189612982297
6566,100,30,30,30,25.000143827703166,0.48467064346167127,-0.5503189612982297
6567,100,30,30,30,24.81732444234833,0.48585891140441706,-0.5503189612982297
6568,100,30,30,30,24.939809570104366,0.4855834572307017,-0.5503189612982297
6569,100,30,30,30,24.598140544408132,0.4866457097700172,-0.5503189612982297
6570,100,30,30,30,25.016658651717226,0.49613691773897717,-0.5503189612982297
6571,100,30,30,30,24.601055878058908,0.4956069357084705,-0.5503189612982297
6572,100,30,30,30,24.758598006647166,0.49338879748330566,-0.5503189612982297
6573,100,30,30,30,24.93052073260855,0.4921547168781304,-0.5503189612982297
6574,100,30,30,30,24.598527791133215,0.48626806555489066,-0.5503189612982297
6575,100,30,30,30,25.207231804963897,0.4879940362470731,-0.5503189612982297
6576,100,30,30,30,24.751509243983442,0.4836044348535813,-0.5503189612982297
6577,100,30,30,30,24.770924980544574,0.4768019467507202,-0.5503189612982297
6578,100,30,30,30,24.75198767189208,0.4736139050626496,-0.5503189612982297
6579,100,30,30,30,24.93393408037999,0.4733595014153306,-0.5503189612982297
6580,100,30,30,30,24.77985480087594,0.4729022319017883,-0.5503189612982297
6581,100,30,30,30,24.98066731154065,0.4703398130814447,-0.5503189612982297
6582,100,30,30,30,24.934703272138535,0.4731422477758991,-0.5503189612982297
6583,100,30,30,30,24.75099934767684,0.47080145739750073,-0.5503189612982297
6584,100,30,30,30,24.923469405907007,0.4702379609206936,-0.5503189612982297
6585,100,30,30,30,24.987257574640587,0.471820351894609,-0.5503189612982297
6586,100,30,30,30,24.994234122170205,0.46922262019789135,-0.5503189612982297
6587,100,30,30,30,25.045858889603146,0.47010204996306715,-0.5503189612982297
6588,100,30,30,30,24.923803535771945,0.4708043599286242,-0.5503189612982297
6589,100,30,30,30,24.935944887284393,0.47382048193209464,-0.5503189612982297
6590,100,30,30,30,25.06434913318266,0.4760253090969027,-0.5503189612982297
6591,100,30,30,30,24.926109424508127,0.47608005561294714,-0.5503189612982297
6592,100,30,30,30,24.98902296754252,0.4792814464814626,-0.5503189612982297
6593,100,30,30,30,24.755548994644506,0.4787204330660891,-0.5503189612982297
6594,100,30,30,30,25.013259966871903,0.47730477490030493,-0.5503189612982297
6595,100,30,30,30,24.998164401928253,0.47399684137346093,-0.5503189612982297
6596,100,30,30,30,24.945508370644333,0.47892374299291135,-0.5503189612982297
6597,100,30,30,30,24.954084875815177,0.4804123515645834,-0.5503189612982297
6598,100,30,30,30,25.25225146060277,0.48642374326994287,-0.5503189612982297
6599,100,30,30,30,24.986663892749345,0.49114395400071525,-0.5503189612982297
6600,100,30,30,30,24.693450770767452,0.4910692757620489,-0.5503189612982297
6601,100,30,30,30,24.904292727164155,0.49197276754802416,-0.5503189612982297
6602,100,30,30,30,24.985353233056834,0.4984203652717184,-0.5503189612982297
6603,100,30,30,30,24.90873939800487,0.4948323309650329,-0.5503189612982297
6604,100,30,30,30,24.994646318843927,0.49876249899084096,-0.5503189612982297
6605,100,30,30,30,24.761651041326765,0.5016603259691658,-0.5503189612982297
6606,100,30,30,30,24.705497033817835,0.4938191618756072,-0.5503189612982297
6607,100,30,30,30,24.99430431316967,0.4881394330951033,-0.5503189612982297
6608,100,30,30,30,24.84709607285737,0.4904791282368254,-0.5503189612982297
6609,100,30,30,30,24.910907232470098,0.49899893496521525,-0.5503189612982297
6610,100,30,30,30,24.779857157836894,0.4987556768359121,-0.5503189612982297
6611,100,30,30,30,24.52747050242621,0.4990186669379139,-0.5503189612982297
6612,100,30,30,30,24.854650372036772,0.49508650660260095,-0.5503189612982297
6613,100,30,30,30,25.04703473504386,0.4988538959305429,-0.5503189612982297
6614,100,30,30,30,24.848259003234553,0.4914311780931333,-0.5503189612982297
6615,100,30,30,30,24.98726396068414,0.4947012882698715,-0.5503189612982297
6616,100,30,30,30,24.925963075534305,0.49307644985696064,-0.5503189612982297
6617,100,30,30,30,24.820478913871995,0.4922902504141956,-0.5503189612982297
6618,100,30,30,30,24.92352608574434,0.48855284458454673,-0.5503189612982297
6619,100,30,30,30,24.925524695246686,0.48315790007537945,-0.5503189612982297
6620,100,30,30,30,25.08911515927675,0.49091645543490464,-0.5503189612982297
6621,100,30,30,30,24.397559818305144,0.4900148695062227,-0.5503189612982297
6622,100,30,30,30,24.7013500812702,0.4903450669783493,-0.5503189612982297
6623,100,30,30,30,25.031526466808565,0.48634786902606086,-0.5503189612982297
6624,100,30,30,30,25.017445575816915,0.493091153334428,-0.5503189612982297
6625,100,30,30,30,24.91017026752335,0.4929956387459977,-0.5503189612982297
6626,100,30,30,30,25.085880095617348,0.4927122769967514,-0.5503189612982297
6627,100,30,30,30,24.956431346280013,0.49636592783842703,-0.5503189612982297
6628,100,30,30,30,24.734086719097018,0.49831347369439416,-0.5503189612982297
6629,100,30,30,30,24.937639450250817,0.5010562738891736,-0.5503189612982297
6630,100,30,30,30,24.977996505260357,0.5000731919598389,-0.5503189612982297
6631,100,30,30,30,24.963431002535177,0.5000226417106316,-0.5503189612982297
6632,100,30,30,30,25.0442885610542,0.5035744340114261,-0.5503189612982297
6633,100,30,30,30,24.84530632637715,0.5018278160217101,-0.5503189612982297
6634,100,30,30,30,24.823813260339502,0.49974775434925645,-0.5503189612982297
6635,100,30,30,30,24.97323437690864,0.5000094086193408,-0.5503189612982297
6636,100,30,30,30,24.97698541373339,0.5020075341477871,-0.5503189612982297
6637,100,30,30,30,25.068402218955743,0.49633103902389064,-0.5503189612982297
6638,100,30,30,30,24.751130031455837,0.4868065900467879,-0.5503189612982297
6639,100,30,30,30,24.71950629145818,0.48370602458256634,-0.5503189612982297
6640,100,30,30,30,24.873911298386197,0.48416609657823323,-0.5503189612982297
6641,100,30,30,30,24.567547636549758,0.4855787063125548,-0.5503189612982297
6642,100,30,30,30,24.927307843324428,0.4901296812601039,-0.5503189612982297
6643,100,30,30,30,25.018710223657738,0.4956642833659824,-0.5503189612982297
6644,100,30,30,30,25.26849198786447,0.4962757054346834,-0.5503189612982297
6645,100,30,30,30,24.9999404933616,0.49544113131448964,-0.5503189612982297
6646,100,30,30,30,25.071314895904223,0.49899195005742963,-0.5503189612982297
6647,100,30,30,30,25.154662580018034,0.5038330625638433,-0.5503189612982297
6648,100,30,30,30,24.523384860263775,0.49480572176645654,-0.5503189612982297
6649,100,30,30,30,24.75097818049499,0.4957124743781689,-0.5503189612982297
6650,100,30,30,30,24.954079935745476,0.49317492222842957,-0.5503189612982297
6651,100,30,30,30,24.967789843493087,0.4870860630787358,-0.5503189612982297
6652,100,30,30,30,25.00061897816824,0.48924445872569466,-0.5503189612982297
6653,100,30,30,30,25.055470194953475,0.4851247151077665,-0.5503189612982297
6654,100,30,30,30,25.00541268905915,0.48789221669858,-0.5503189612982297
6655,100,30,30,30,24.981283806019306,0.4893066563799119,-0.5503189612982297
6656,100,30,30,30,24.816198594382918,0.4846318654761911,-0.5503189612982297
6657,100,30,30,30,24.961262084059125,0.4842137425140757,-0.5503189612982297
6658,100,30,30,30,24.69873488483114,0.4827032006577784,-0.5503189612982297
6659,100,30,30,30,25.010213847892775,0.4778311324389092,-0.5503189612982297
6660,100,30,30,30,24.77221058152157,0.47352349218273143,-0.5503189612982297
6661,100,30,30,30,24.979150155285847,0.4784747208883361,-0.5503189612982297
6662,100,30,30,30,24.607763370907335,0.4750479221699708,-0.5503189612982297
6663,100,30,30,30,25.172804534463975,0.47668128006849914,-0.5503189612982297
6664,100,30,30,30,24.68325493548879,0.4776892309201411,-0.5503189612982297
6665,100,30,30,30,24.97193976724668,0.4758022030189442,-0.5503189612982297
6666,100,30,30,30,24.74231917606708,0.4697625286498133,-0.5503189612982297
6667,100,30,30,30,25.012534864875438,0.46774953492689225,-0.5503189612982297
6668,100,30,30,30,24.648539673328514,0.4629645540432293,-0.5503189612982297
6669,100,30,30,30,24.830540408061843,0.4650702108284828,-0.5503189612982297
6670,100,30,30,30,24.982633664619243,0.47009467731425786,-0.5503189612982297
6671,100,30,30,30,24.99851323718369,0.4778369549152192,-0.5503189612982297
6672,100,30,30,30,24.515988689871868,0.46511896327572283,-0.5503189612982297
6673,100,30,30,30,24.890078981798435,0.4688638256577405,-0.5503189612982297
6674,100,30,30,30,24.94147751822149,0.47117084532130066,-0.5503189612982297
6675,100,30,30,30,24.900485383978598,0.47390287052869606,-0.5503189612982297
6676,100,30,30,30,25.02015260352112,0.4735570667004457,-0.5503189612982297
6677,100,30,30,30,24.940040719727598,0.478046788072632,-0.5503189612982297
6678,100,30,30,30,24.55564813089056,0.48204401455645435,-0.5503189612982297
6679,100,30,30,30,24.968846474414462,0.4805496298068569,-0.5503189612982297
6680,100,30,30,30,24.814960652155364,0.48292006437450286,-0.5503189612982297
6681,100,30,30,30,25.15649868203038,0.4801533350753665,-0.5503189612982297
6682,100,30,30,30,24.989076134596903,0.4835006188483617,-0.5503189612982297
6683,100,30,30,30,24.888743215149887,0.48447759906868354,-0.5503189612982297
6684,100,30,30,30,24.92009071046806,0.4934015120957765,-0.5503189612982297
6685,100,30,30,30,25.05681634357614,0.4955484227789047,-0.5503189612982297
6686,100,30,30,30,24.97541481900569,0.5008109072259094,-0.5503189612982297
6687,100,30,30,30,24.85318250401649,0.5045001651608064,-0.5503189612982297
6688,100,30,30,30,24.967301174380864,0.5045560845607833,-0.5503189612982297
6689,100,30,30,30,24.90206268286886,0.5033399239674946,-0.5503189612982297
6690,100,30,30,30,24.92091944788004,0.5059305686908123,-0.5503189612982297
6691,100,30,30,30,24.929399162530316,0.5049179919401148,-0.5503189612982297
6692,100,30,30,30,24.71644507083436,0.5026764617102899,-0.5503189612982297
6693,100,30,30,30,24.830360601090852,0.505029384185663,-0.5503189612982297
6694,100,30,30,30,25.015270852427257,0.5090108454290003,-0.5503189612982297
6695,100,30,30,30,24.983489288837866,0.5158485564758484,-0.5503189612982297
6696,100,30,30,30,24.605202706689308,0.5122519053694762,-0.5503189612982297
6697,100,30,30,30,24.811401431602356,0.5113302140071236,-0.5503189612982297
6698,100,30,30,30,24.95699175162189,0.511353525081425,-0.5503189612982297
6699,100,30,30,30,24.852619865671404,0.5107407277701324,-0.5503189612982297
6700,100,30,30,30,25.015879555049295,0.512625416704698,-0.5503189612982297
6701,100,30,30,30,25.020643980460267,0.5127862032719298,-0.5503189612982297
6702,100,30,30,30,25.00972714973449,0.5180004227054862,-0.5503189612982297
6703,100,30,30,30,24.910875375161375,0.5207677903864846,-0.5503189612982297
6704,100,30,30,30,25.089269493989548,0.5224410812829973,-0.5503189612982297
6705,100,30,30,30,24.7706040267827,0.5198529191090883,-0.5503189612982297
6706,100,30,30,30,25.157491131806367,0.5174790405876656,-0.5503189612982297
6707,100,30,30,30,25.039190032776553,0.5208511700680456,-0.5503189612982297
6708,100,30,30,30,24.894746809311386,0.5218256358190257,-0.5503189612982297
6709,100,30,30,30,24.790023983299214,0.5198485608586981,-0.5503189612982297
6710,100,30,30,30,24.823029491870415,0.5145592525955823,-0.5503189612982297
6711,100,30,30,30,24.432517163084373,0.514431769232226,-0.5503189612982297
6712,100,30,30,30,25.077111697134576,0.5168475155321873,-0.5503189612982297
6713,100,30,30,30,24.71387128409799,0.5165858182603458,-0.5503189612982297
6714,100,30,30,30,24.774339519676836,0.5107071923234117,-0.5503189612982297
6715,100,30,30,30,24.804793844451844,0.5085771588841979,-0.5503189612982297
6716,100,30,30,30,24.58418185022147,0.4988219924380983,-0.5503189612982297
6717,100,30,30,30,24.784516292713292,0.4939652818910689,-0.5503189612982297
6718,100,30,30,30,24.983153777080993,0.487391585467404,-0.5503189612982297
6719,100,30,30,30,24.832575675958104,0.4868527235063839,-0.5503189612982297
6720,100,30,30,30,24.489068237188,0.48485308868069776,-0.5503189612982297
6721,100,30,30,30,24.88199848488094,0.4866844296974001,-0.5503189612982297
6722,100,30,30,30,24.831217638974532,0.4899600407097918,-0.5503189612982297
6723,100,30,30,30,24.90505877182919,0.4922057127951363,-0.5503189612982297
6724,100,30,30,30,24.93718247903568,0.4941527356433075,-0.5503189612982297
6725,100,30,30,30,24.741911685700007,0.4984287564904666,-0.5503189612982297
6726,100,30,30,30,24.471065407135107,0.488030924349657,-0.5503189612982297
6727,100,30,30,30,24.911409394723755,0.49295754769484373,-0.5503189612982297
6728,100,30,30,30,25.010738554678547,0.493239169926292,-0.5503189612982297
6729,100,30,30,30,24.79432013958977,0.4879241948290298,-0.5503189612982297
6730,100,30,30,30,24.943848840339466,0.48307030270658313,-0.5503189612982297
6731,100,30,30,30,25.006731989408543,0.48673914586110184,-0.5503189612982297
6732,100,30,30,30,24.958290487488725,0.49002265825160896,-0.5503189612982297
6733,100,30,30,30,24.810972424054633,0.4866226808097036,-0.5503189612982297
6734,100,30,30,30,24.69400190566294,0.4812460161927077,-0.5503189612982297
6735,100,30,30,30,24.821429099689908,0.4843211818978226,-0.5503189612982297
6736,100,30,30,30,24.93803609789468,0.4855082333905832,-0.5503189612982297
6737,100,30,30,30,24.95935598000894,0.4824076447757314,-0.5503189612982297
6738,100,30,30,30,24.927105708966568,0.47944061804524063,-0.5503189612982297
6739,100,30,30,30,24.963982677094652,0.4808005741469008,-0.5503189612982297
6740,100,30,30,30,24.953057706827778,0.48711030163949576,-0.5503189612982297
6741,100,30,30,30,24.833051963426414,0.4893382428578572,-0.5503189612982297
6742,100,30,30,30,25.062243976469908,0.4901417824741288,-0.5503189612982297
6743,100,30,30,30,24.601804262056632,0.48736930198178985,-0.5503189612982297
6744,100,30,30,30,24.943779635193252,0.48081327192343465,-0.5503189612982297
6745,100,30,30,30,24.876979086483118,0.4850030437691078,-0.5503189612982297
6746,100,30,30,30,24.52909778461659,0.4802739519307927,-0.5503189612982297
6747,100,30,30,30,25.013467696949448,0.4767231645481121,-0.5503189612982297
6748,100,30,30,30,24.90282564920211,0.48372236897851845,-0.5503189612982297
6749,100,30,30,30,24.546433822750757,0.47709904729877856,-0.5503189612982297
6750,100,30,30,30,25.07174442758307,0.47534764260920154,-0.5503189612982297
6751,100,30,30,30,25.13847563815375,0.47971141178787197,-0.5503189612982297
6752,100,30,30,30,25.02525858640164,0.47784911446484923,-0.5503189612982297
6753,100,30,30,30,25.070318115795423,0.4775700643590955,-0.5503189612982297
6754,100,30,30,30,24.94304629545033,0.47651169960939505,-0.5503189612982297
6755,100,30,30,30,24.524493133971944,0.46813411642175423,-0.5503189612982297
6756,100,30,30,30,24.88982842531581,0.4714903093700275,-0.5503189612982297
6757,100,30,30,30,24.984710012581957,0.47720742723771575,-0.5503189612982297
6758,100,30,30,30,24.979372376586106,0.4810763408731388,-0.5503189612982297
6759,100,30,30,30,24.659877756293298,0.4736160032871577,-0.5503189612982297
6760,100,30,30,30,24.830837967892485,0.4700877761341659,-0.5503189612982297
6761,100,30,30,30,25.14486239148615,0.47063204211278925,-0.5503189612982297
6762,100,30,30,30,24.92806485391693,0.4833571200621705,-0.5503189612982297
6763,100,30,30,30,24.84743193866643,0.4825432785171816,-0.5503189612982297
6764,100,30,30,30,24.88592294502959,0.4810498601389545,-0.5503189612982297
6765,100,30,30,30,24.665107853712342,0.48588612359968136,-0.5503189612982297
6766,100,30,30,30,25.069373909055123,0.48777952872683,-0.5503189612982297
6767,100,30,30,30,24.835326207721096,0.49122481941819446,-0.5503189612982297
6768,100,30,30,30,25.02628363499794,0.4924588094825168,-0.5503189612982297
6769,100,30,30,30,24.513136148106845,0.4835286851068511,-0.5503189612982297
6770,100,30,30,30,24.785651383299918,0.4840719785637405,-0.5503189612982297
6771,100,30,30,30,24.84260466116787,0.4798622826764139,-0.5503189612982297
6772,100,30,30,30,24.44352277358838,0.46906598864243126,-0.5503189612982297
6773,100,30,30,30,24.765437466427795,0.46550017922995185,-0.5503189612982297
6774,100,30,30,30,24.881031811086856,0.4596854185323494,-0.5503189612982297
6775,100,30,30,30,25.082296285055023,0.46196600100847524,-0.5503189612982297
6776,100,30,30,30,24.42643468562536,0.45894458807891464,-0.5503189612982297
6777,100,30,30,30,24.87966283260978,0.4631277327710556,-0.5503189612982297
6778,100,30,30,30,25.162702734033324,0.46843307593781197,-0.5503189612982297
6779,100,30,30,30,24.952087122510086,0.47224726741429696,-0.5503189612982297
6780,100,30,30,30,24.978960313670157,0.4738260672687258,-0.5503189612982297
6781,100,30,30,30,24.980204799850107,0.480027853800169,-0.5503189612982297
6782,100,30,30,30,25.088220546380892,0.48208121052070485,-0.5503189612982297
6783,100,30,30,30,24.803368193578486,0.4800226600225856,-0.5503189612982297
6784,100,30,30,30,24.541853527874395,0.4804657246494079,-0.5503189612982297
6785,100,30,30,30,24.85044769177099,0.47579445264006404,-0.5503189612982297
6786,100,30,30,30,24.431578533744535,0.4687879588061861,-0.5503189612982297
6787,100,30,30,30,25.16826244884132,0.46108852426928715,-0.5503189612982297
6788,100,30,30,30,24.88609488730727,0.4621012151552441,-0.5503189612982297
6789,100,30,30,30,24.88869873001161,0.46078657515584476,-0.5503189612982297
6790,100,30,30,30,24.888722254792597,0.4551024760260046,-0.5503189612982297
6791,100,30,30,30,24.937054275190892,0.4600542329410115,-0.5503189612982297
6792,100,30,30,30,25.020961314803728,0.4654233652962197,-0.5503189612982297
6793,100,30,30,30,25.001179385986248,0.4683160675359797,-0.5503189612982297
6794,100,30,30,30,24.692728969642957,0.46457755086993574,-0.5503189612982297
6795,100,30,30,30,25.148122257474466,0.4703673399317836,-0.5503189612982297
6796,100,30,30,30,24.902855341031007,0.47213848106173506,-0.5503189612982297
6797,100,30,30,30,24.928249777318,0.48117699355604393,-0.5503189612982297
6798,100,30,30,30,25.05854444654633,0.4861511472378392,-0.5503189612982297
6799,100,30,30,30,24.909276038083284,0.48118953628681305,-0.5503189612982297
6800,100,30,30,30,24.83703695234552,0.47678739805854004,-0.5503189612982297
6801,100,30,30,30,24.821050594359455,0.46683690515721393,-0.5503189612982297
6802,100,30,30,30,25.035820029709736,0.46650418318190184,-0.5503189612982297
6803,100,30,30,30,25.0658620190909,0.47014162232767803,-0.5503189612982297
6804,100,30,30,30,25.260810038357874,0.47096222980556257,-0.5503189612982297
6805,100,30,30,30,24.873676022780458,0.4763116762517073,-0.5503189612982297
6806,100,30,30,30,25.017354118238686,0.48087923454158854,-0.5503189612982297
6807,100,30,30,30,25.095011677945195,0.4940650518583138,-0.5503189612982297
6808,100,30,30,30,24.84864265190223,0.49473620798558543,-0.5503189612982297
6809,100,30,30,30,24.85568446646007,0.4969075114963757,-0.5503189612982297
6810,100,30,30,30,24.669099832199308,0.48811305488559903,-0.5503189612982297
6811,100,30,30,30,25.06266910022409,0.48944414708357586,-0.5503189612982297
6812,100,30,30,30,25.021631157586697,0.491986053386491,-0.5503189612982297
6813,100,30,30,30,24.85106117443629,0.49747300269762573,-0.5503189612982297
6814,100,30,30,30,25.00694189102234,0.5045724079242836,-0.5503189612982297
6815,100,30,30,30,25.005213309354048,0.507266857947585,-0.5503189612982297
6816,100,30,30,30,25.138793437910564,0.5112877632458063,-0.5503189612982297
6817,100,30,30,30,24.86355201247838,0.5065045014822547,-0.5503189612982297
6818,100,30,30,30,24.821669827197795,0.508221059360864,-0.5503189612982297
6819,100,30,30,30,25.020691019537892,0.510288971306591,-0.5503189612982297
6820,100,30,30,30,24.898762698628673,0.5013837022065538,-0.5503189612982297
6821,100,30,30,30,24.55392150032635,0.5053022421681075,-0.5503189612982297
6822,100,30,30,30,24.81066519901789,0.49519099221409574,-0.5503189612982297
6823,100,30,30,30,24.955094141848853,0.4995129140355651,-0.5503189612982297
6824,100,30,30,30,24.8994694582001,0.49529788926049645,-0.5503189612982297
6825,100,30,30,30,24.920057855244924,0.5034947102487681,-0.5503189612982297
6826,100,30,30,30,25.190460972891728,0.5024276542091659,-0.5503189612982297
6827,100,30,30,30,24.83153453806885,0.5060100744940362,-0.5503189612982297
6828,100,30,30,30,24.797266509626276,0.5111881299708086,-0.5503189612982297
6829,100,30,30,30,24.827791052761498,0.510662363967995,-0.5503189612982297
6830,100,30,30,30,24.79603780209135,0.5132875662610556,-0.5503189612982297
6831,100,30,30,30,25.26084463075769,0.514899865447873,-0.5503189612982297
6832,100,30,30,30,24.752327958113728,0.5113930796422079,-0.5503189612982297
6833,100,30,30,30,24.82238855429987,0.5058464301560788,-0.5503189612982297
6834,100,30,30,30,24.845297114611014,0.5121201320002546,-0.5503189612982297
6835,100,30,30,30,24.92681103883452,0.5103523133550455,-0.5503189612982297
6836,100,30,30,30,24.703895680756908,0.5054454991933763,-0.5503189612982297
6837,100,30,30,30,24.88769118105104,0.5006955634906919,-0.5503189612982297
6838,100,30,30,30,24.93354166007442,0.503369022093165,-0.5503189612982297
6839,100,30,30,30,24.685393343385307,0.49750761977680247,-0.5503189612982297
6840,100,30,30,30,25.011157418556472,0.5045796629942843,-0.5503189612982297
6841,100,30,30,30,24.950328383120137,0.5100178955287163,-0.5503189612982297
6842,100,30,30,30,24.928475627414848,0.5124478113157317,-0.5503189612982297
6843,100,30,30,30,24.88039859646119,0.5114591607673431,-0.5503189612982297
6844,100,30,30,30,24.86281876344203,0.5092650277964196,-0.5503189612982297
6845,100,30,30,30,25.08355907277419,0.5047253295629498,-0.5503189612982297
6846,100,30,30,30,24.214646479360294,0.494469347264388,-0.5503189612982297
6847,100,30,30,30,24.886468663490582,0.4904612259068474,-0.5503189612982297
6848,100,30,30,30,25.047148719177613,0.49328336584273913,-0.5503189612982297
6849,100,30,30,30,24.8192106765434,0.489325776991094,-0.5503189612982297
6850,100,30,30,30,24.63935751703471,0.4865099486567388,-0.5503189612982297
6851,100,30,30,30,24.95743651957021,0.49019904131086217,-0.5503189612982297
6852,100,30,30,30,24.83131902369259,0.4826881673305113,-0.5503189612982297
6853,100,30,30,30,24.726304872014374,0.47912167671134653,-0.5503189612982297
6854,100,30,30,30,24.855587144352704,0.48029346039627807,-0.5503189612982297
6855,100,30,30,30,24.780476649414503,0.4827925854308538,-0.5503189612982297
6856,100,30,30,30,24.824560310863596,0.47993405077057505,-0.5503189612982297
6857,100,30,30,30,24.81172096010751,0.4819648647777156,-0.5503189612982297
6858,100,30,30,30,25.023960940417552,0.4814045800256958,-0.5503189612982297
6859,100,30,30,30,24.989394078114895,0.48024228392254714,-0.5503189612982297
6860,100,30,30,30,24.86222863390551,0.4740451430675573,-0.5503189612982297
6861,100,30,30,30,24.441824117950596,0.46298321080731697,-0.5503189612982297
6862,100,30,30,30,24.977182699165944,0.46989749100224826,-0.5503189612982297
6863,100,30,30,30,24.940969637599636,0.4696677140543919,-0.5503189612982297
6864,100,30,30,30,25.04821378419475,0.4718163208683169,-0.5503189612982297
6865,100,30,30,30,24.60915632617497,0.4708936562502094,-0.5503189612982297
6866,100,30,30,30,24.8388841127191,0.47069503883218766,-0.5503189612982297
6867,100,30,30,30,25.073493216222925,0.4768746728223366,-0.5503189612982297
6868,100,30,30,30,24.87931242860148,0.47857692550172165,-0.5503189612982297
6869,100,30,30,30,24.918219457638173,0.47468325212481405,-0.5503189612982297
6870,100,30,30,30,24.98969425444824,0.4791083636357304,-0.5503189612982297
6871,100,30,30,30,24.968982236709127,0.48111671446923115,-0.5503189612982297
6872,100,30,30,30,24.998860392060777,0.4844626603280018,-0.5503189612982297
6873,100,30,30,30,25.022785680670697,0.4904562178639319,-0.5503189612982297
6874,100,30,30,30,24.96871841301918,0.4909123998716718,-0.5503189612982297
6875,100,30,30,30,24.970511740509554,0.4963600743461205,-0.5503189612982297
6876,100,30,30,30,24.665046177324328,0.49474010227688053,-0.5503189612982297
6877,100,30,30,30,24.859793479780286,0.4951787795830564,-0.5503189612982297
6878,100,30,30,30,24.92755858636773,0.4876234516012171,-0.5503189612982297
6879,100,30,30,30,24.903731661389145,0.4906180392245918,-0.5503189612982297
6880,100,30,30,30,24.891745338046345,0.48609727415650406,-0.5503189612982297
6881,100,30,30,30,24.97089562165576,0.4838888145893984,-0.5503189612982297
6882,100,30,30,30,24.878252370356627,0.4859000252878831,-0.5503189612982297
6883,100,30,30,30,24.65752165240356,0.4847629180164421,-0.5503189612982297
6884,100,30,30,30,25.11957018345012,0.488531131086714,-0.5503189612982297
6885,100,30,30,30,24.719711412158894,0.48316814649413586,-0.5503189612982297
6886,100,30,30,30,24.830396931991856,0.4867699707856415,-0.5503189612982297
6887,100,30,30,30,24.88539336211666,0.47782449912414143,-0.5503189612982297
6888,100,30,30,30,24.89096612469915,0.47598547046247736,-0.5503189612982297
6889,100,30,30,30,24.894692161105265,0.48361589553851214,-0.5503189612982297
6890,100,30,30,30,24.948895348078523,0.4867832333854399,-0.5503189612982297
6891,100,30,30,30,24.61099114656968,0.478754281188711,-0.5503189612982297
6892,100,30,30,30,24.980956264223778,0.48384725971792353,-0.5503189612982297
6893,100,30,30,30,24.92952820176221,0.4872063853557701,-0.5503189612982297
6894,100,30,30,30,24.91766449204018,0.4868479646043444,-0.5503189612982297
6895,100,30,30,30,24.880390822742754,0.4887055745169788,-0.5503189612982297
6896,100,30,30,30,25.04870098267245,0.4913920958345911,-0.5503189612982297
6897,100,30,30,30,24.966794096746163,0.501130776569734,-0.5503189612982297
6898,100,30,30,30,25.031688679623443,0.4979128752373904,-0.5503189612982297
6899,100,30,30,30,24.34441673884446,0.4874369445079767,-0.5503189612982297
6900,100,30,30,30,24.88159519060209,0.4861563093777283,-0.5503189612982297
6901,100,30,30,30,24.996641872285178,0.48726480603314337,-0.5503189612982297
6902,100,30,30,30,24.602115482575023,0.48690337706472764,-0.5503189612982297
6903,100,30,30,30,24.48415312997359,0.4861273419441337,-0.5503189612982297
6904,100,30,30,30,24.98362117669702,0.49267120144412946,-0.5503189612982297
6905,100,30,30,30,24.743436031352967,0.4952864864128687,-0.5503189612982297
6906,100,30,30,30,24.891291622814514,0.4906305551785348,-0.5503189612982297
6907,100,30,30,30,24.765441268620297,0.4918776527188664,-0.5503189612982297
6908,100,30,30,30,24.858929327054366,0.49180685068442764,-0.5503189612982297
6909,100,30,30,30,24.84684432072006,0.49223725779226307,-0.5503189612982297
6910,100,30,30,30,25.022392400834597,0.49888573312077106,-0.5503189612982297
6911,100,30,30,30,24.917040981577244,0.49502744970103923,-0.5503189612982297
6912,100,30,30,30,24.99676479771297,0.49240654129901223,-0.5503189612982297
6913,100,30,30,30,24.719763980653305,0.4922903372662022,-0.5503189612982297
6914,100,30,30,30,24.726871741875563,0.4935940800590758,-0.5503189612982297
6915,100,30,30,30,24.63619109578476,0.48931542585873605,-0.5503189612982297
6916,100,30,30,30,25.01726093658171,0.49694843712378256,-0.5503189612982297
6917,100,30,30,30,24.800162340077165,0.4953849520867754,-0.5503189612982297
6918,100,30,30,30,24.735428938741464,0.4926839986419979,-0.5503189612982297
6919,100,30,30,30,25.01036819256761,0.49722021853915155,-0.5503189612982297
6920,100,30,30,30,25.016156581635038,0.49755209354197294,-0.5503189612982297
6921,100,30,30,30,24.786278468552947,0.48865628214763573,-0.5503189612982297
6922,100,30,30,30,24.872732356195954,0.4878210523573612,-0.5503189612982297
6923,100,30,30,30,24.97670411671851,0.4829663821182772,-0.5503189612982297
6924,100,30,30,30,25.093912814665742,0.4821527086301223,-0.5503189612982297
6925,100,30,30,30,24.932953369572672,0.4833516876015388,-0.5503189612982297
6926,100,30,30,30,24.931406337006308,0.4779001764127243,-0.5503189612982297
6927,100,30,30,30,25.01564460256199,0.481561990086851,-0.5503189612982297
6928,100,30,30,30,24.761360108124848,0.4815712199391854,-0.5503189612982297
6929,100,30,30,30,24.08055349221034,0.4795829901750979,-0.5503189612982297
6930,100,30,30,30,24.737575083696655,0.46874935191645617,-0.5503189612982297
6931,100,30,30,30,25.044290439003856,0.4685692012730965,-0.5503189612982297
6932,100,30,30,30,25.10044658553996,0.47286595248800073,-0.5503189612982297
6933,100,30,30,30,24.711493578885033,0.47103315763294773,-0.5503189612982297
6934,100,30,30,30,24.86230931753007,0.4748812241354509,-0.5503189612982297
6935,100,30,30,30,24.77316048709101,0.4740758821694253,-0.5503189612982297
6936,100,30,30,30,24.58257745165519,0.4717945432691449,-0.5503189612982297
6937,100,30,30,30,24.948484320104185,0.47179542809209024,-0.5503189612982297
6938,100,30,30,30,24.898135343047624,0.4756001320169774,-0.5503189612982297
6939,100,30,30,30,24.942062081831025,0.4820172355028734,-0.5503189612982297
6940,100,30,30,30,24.905093860042868,0.4793709145466321,-0.5503189612982297
6941,100,30,30,30,24.970297927412584,0.49001165258522456,-0.5503189612982297
6942,100,30,30,30,24.936419555289657,0.4900588785342289,-0.5503189612982297
6943,100,30,30,30,24.93949793834029,0.48711460747775553,-0.5503189612982297
6944,100,30,30,30,24.961289571376888,0.4976248541095843,-0.5503189612982297
6945,100,30,30,30,24.8833225676479,0.49894823701764235,-0.5503189612982297
6946,100,30,30,30,24.792762358942763,0.49654203185671436,-0.5503189612982297
6947,100,30,30,30,24.900032266847056,0.5013625316104593,-0.5503189612982297
6948,100,30,30,30,24.99874563116516,0.49849623250161385,-0.5503189612982297
6949,100,30,30,30,25.184134722267643,0.4978677911901344,-0.5503189612982297
6950,100,30,30,30,25.111830666487702,0.5030080223864704,-0.5503189612982297
6951,100,30,30,30,24.85610216113111,0.4943575028267744,-0.5503189612982297
6952,100,30,30,30,25.174581145800946,0.4998601797411484,-0.5503189612982297
6953,100,30,30,30,25.000956416062294,0.5042323950165667,-0.5503189612982297
6954,100,30,30,30,24.97616702370644,0.5095870645567526,-0.5503189612982297
6955,100,30,30,30,24.803980759477042,0.5108305387139346,-0.5503189612982297
6956,100,30,30,30,24.996941300904382,0.5196676545742701,-0.5503189612982297
6957,100,30,30,30,24.036331473308575,0.509397286979387,-0.5503189612982297
6958,100,30,30,30,24.392570949156372,0.49773349780160386,-0.5503189612982297
6959,100,30,30,30,24.877888881450534,0.49990008863137364,-0.5503189612982297
6960,100,30,30,30,24.99486685024202,0.49906925848384437,-0.5503189612982297
6961,100,30,30,30,25.03875359169626,0.5041173560926645,-0.5503189612982297
6962,100,30,30,30,24.681530880742827,0.5035224964505969,-0.5503189612982297
6963,100,30,30,30,24.902277503445738,0.509334219045231,-0.5503189612982297
6964,100,30,30,30,24.941423087114217,0.5107092933309899,-0.5503189612982297
6965,100,30,30,30,24.735931113495994,0.5028427122376714,-0.5503189612982297
6966,100,30,30,30,24.90819279894534,0.5041341638677616,-0.5503189612982297
6967,100,30,30,30,24.894500745193007,0.5065525393934113,-0.5503189612982297
6968,100,30,30,30,24.857043804153715,0.5057366928571204,-0.5503189612982297
6969,100,30,30,30,24.956021854077665,0.5071040067277895,-0.5503189612982297
6970,100,30,30,30,24.794286311036675,0.5073106435733356,-0.5503189612982297
6971,100,30,30,30,24.8681921917631,0.507658910500378,-0.5503189612982297
6972,100,30,30,30,25.021966138405645,0.5091565229931879,-0.5503189612982297
6973,100,30,30,30,25.154561020803932,0.5126044866331151,-0.5503189612982297
6974,100,30,30,30,24.748007571846728,0.5119420483177404,-0.5503189612982297
6975,100,30,30,30,24.772740249240684,0.5084280404240245,-0.5503189612982297
6976,100,30,30,30,24.957238067904868,0.501286183958809,-0.5503189612982297
6977,100,30,30,30,25.1440168948263,0.5055904071128188,-0.5503189612982297
6978,100,30,30,30,25.04849642208554,0.5075443251003144,-0.5503189612982297
6979,100,30,30,30,24.999867348328884,0.5137503005761741,-0.5503189612982297
6980,100,30,30,30,25.040983276213737,0.51233494437926,-0.5503189612982297
6981,100,30,30,30,24.97885424751022,0.5136325175919876,-0.5503189612982297
6982,100,30,30,30,25.093131441188618,0.5144559128588099,-0.5503189612982297
6983,100,30,30,30,24.879327734041198,0.513871341148017,-0.5503189612982297
6984,100,30,30,30,24.80465087577897,0.5144773577553605,-0.5503189612982297
6985,100,30,30,30,24.99213383055008,0.5194512303471548,-0.5503189612982297
6986,100,30,30,30,24.652677332754706,0.5131894812023762,-0.5503189612982297
6987,100,30,30,30,24.81534680690065,0.5080854071824136,-0.5503189612982297
6988,100,30,30,30,25.00287763398216,0.5092572205298707,-0.5503189612982297
6989,100,30,30,30,25.06797340999719,0.5162891485138624,-0.5503189612982297
6990,100,30,30,30,25.197117781987572,0.5146576636922159,-0.5503189612982297
6991,100,30,30,30,25.013181962351,0.5167470156688542,-0.5503189612982297
6992,100,30,30,30,24.890305641267787,0.5209429474255842,-0.5503189612982297
6993,100,30,30,30,24.998800665611146,0.5210990333818525,-0.5503189612982297
6994,100,30,30,30,25.145341171845672,0.5166705419020523,-0.5503189612982297
6995,100,30,30,30,25.260500298407287,0.5201785159776502,-0.5503189612982297
6996,100,30,30,30,24.907304228170318,0.5245750184093484,-0.5503189612982297
6997,100,30,30,30,24.75252239396564,0.5221907753574575,-0.5503189612982297
6998,100,30,30,30,24.979962508229427,0.5253515083741755,-0.5503189612982297
6999,100,30,30,30,24.948074713437514,0.5289960140872652,-0.5503189612982297
7000,100,30,30,30,24.65338220732253,0.5320681437620159,-0.5503189612982297
7001,100,30,30,30,24.699040188462423,0.5427439476628799,-0.5503189612982297
7002,100,30,30,30,24.911798026911896,0.5420894106218963,-0.5503189612982297
7003,100,30,30,30,24.969837813345166,0.5448039496464236,-0.5503189612982297
7004,100,30,30,30,25.218754268454664,0.540199200818973,-0.5503189612982297
7005,100,30,30,30,24.92620774744876,0.5369661105627734,-0.5503189612982297
7006,100,30,30,30,24.6979339777174,0.5356061672560782,-0.5503189612982297
7007,100,30,30,30,24.880915174851353,0.5360182518867641,-0.5503189612982297
7008,100,30,30,30,24.960460509891327,0.5381488505291505,-0.5503189612982297
7009,100,30,30,30,24.735699095011817,0.5329280769647524,-0.5503189612982297
7010,100,30,30,30,24.87770877387969,0.5302371783750983,-0.5503189612982297
7011,100,30,30,30,24.893847972009354,0.5255012381506113,-0.5503189612982297
7012,100,30,30,30,24.74272681346055,0.5260621644153433,-0.5503189612982297
7013,100,30,30,30,24.427463580378763,0.5196274627197385,-0.5503189612982297
7014,100,30,30,30,24.86240141058046,0.5204759423658144,-0.5503189612982297
7015,100,30,30,30,24.919228268471684,0.5217781630612885,-0.5503189612982297
7016,100,30,30,30,24.643726790856565,0.5187973046785439,-0.5503189612982297
7017,100,30,30,30,25.00748897447818,0.5176270133123685,-0.5503189612982297
7018,100,30,30,30,24.827844019824035,0.5155827291575669,-0.5503189612982297
7019,100,30,30,30,24.883283386970575,0.5127473589258127,-0.5503189612982297
7020,100,30,30,30,24.921684616509253,0.5192176103471782,-0.5503189612982297
7021,100,30,30,30,25.105675429561437,0.5219627026080638,-0.5503189612982297
7022,100,30,30,30,24.982204659494524,0.5254031365312958,-0.5503189612982297
7023,100,30,30,30,24.906421264100373,0.5272133351730611,-0.5503189612982297
7024,100,30,30,30,24.824725353293132,0.5193109236327221,-0.5503189612982297
7025,100,30,30,30,25.049987275023,0.5187398082841785,-0.5503189612982297
7026,100,30,30,30,24.97809913166882,0.5262883949540077,-0.5503189612982297
7027,100,30,30,30,25.02070419215893,0.526907313542579,-0.5503189612982297
7028,100,30,30,30,24.93462777677678,0.5225744609696275,-0.5503189612982297
7029,100,30,30,30,24.849751185387657,0.5270373378702973,-0.5503189612982297
7030,100,30,30,30,24.711129127071946,0.5239863888951297,-0.5503189612982297
7031,100,30,30,30,24.94894746219499,0.5307144822090245,-0.5503189612982297
7032,100,30,30,30,24.99929966399248,0.535716821403521,-0.5503189612982297
7033,100,30,30,30,24.795361348959354,0.5346687635823126,-0.5503189612982297
7034,100,30,30,30,24.640650148115455,0.5298244343452683,-0.5503189612982297
7035,100,30,30,30,24.90548377790622,0.5319505842183266,-0.5503189612982297
7036,100,30,30,30,24.302457655673386,0.5261498622778471,-0.5503189612982297
7037,100,30,30,30,25.048479416252135,0.5320892471813007,-0.5503189612982297
7038,100,30,30,30,24.93935960804549,0.5322078711233136,-0.5503189612982297
7039,100,30,30,30,25.068612152205976,0.5367483257940003,-0.5503189612982297
7040,100,30,30,30,24.97903479830618,0.535557751311724,-0.5503189612982297
7041,100,30,30,30,24.995226705858354,0.5389452214008015,-0.5503189612982297
7042,100,30,30,30,24.818721985182847,0.5284300483052871,-0.5503189612982297
7043,100,30,30,30,25.01441274500034,0.5294895483092769,-0.5503189612982297
7044,100,30,30,30,24.933745225162184,0.5255857412508542,-0.5503189612982297
7045,100,30,30,30,24.72892409008464,0.524173268790466,-0.5503189612982297
7046,100,30,30,30,24.86197488582859,0.5220197786982401,-0.5503189612982297
7047,100,30,30,30,24.791836392376137,0.5220860451461856,-0.5503189612982297
7048,100,30,30,30,24.871405387367307,0.5175137552838392,-0.5503189612982297
7049,100,30,30,30,24.858342630602625,0.5140938268648505,-0.5503189612982297
7050,100,30,30,30,24.96995120821099,0.5175707363365665,-0.5503189612982297
7051,100,30,30,30,25.015982805276288,0.5152955298416717,-0.5503189612982297
7052,100,30,30,30,24.95329865945697,0.5107223510033897,-0.5503189612982297
7053,100,30,30,30,24.573032579926878,0.5123847865951697,-0.5503189612982297
7054,100,30,30,30,24.81715908056361,0.5136664509206965,-0.5503189612982297
7055,100,30,30,30,24.935238898715326,0.5088443774625149,-0.5503189612982297
7056,100,30,30,30,25.090081915250938,0.5123611315476628,-0.5503189612982297
7057,100,30,30,30,24.82692812802477,0.5111676039607872,-0.5503189612982297
7058,100,30,30,30,24.94776648032707,0.5083403748082802,-0.5503189612982297
7059,100,30,30,30,24.894791772926382,0.5024564793629959,-0.5503189612982297
7060,100,30,30,30,24.978578442987097,0.5014436291918267,-0.5503189612982297
7061,100,30,30,30,25.047571999030865,0.5044369570769557,-0.5503189612982297
7062,100,30,30,30,25.003558917199683,0.5008192074969601,-0.5503189612982297
7063,100,30,30,30,24.911893048898794,0.5027075670049316,-0.5503189612982297
7064,100,30,30,30,24.98238442220406,0.5078009746821041,-0.5503189612982297
7065,100,30,30,30,24.82004487491379,0.504718217211548,-0.5503189612982297
7066,100,30,30,30,24.875373581018362,0.5031769025862092,-0.5503189612982297
7067,100,30,30,30,24.997313846423335,0.5021944234333221,-0.5503189612982297
7068,100,30,30,30,24.954629797442195,0.5040812024764236,-0.5503189612982297
7069,100,30,30,30,24.378115598336656,0.4958373157610664,-0.5503189612982297
7070,100,30,30,30,24.897052769776003,0.5006454766169725,-0.5503189612982297
7071,100,30,30,30,24.92045405523828,0.4966962068157264,-0.5503189612982297
7072,100,30,30,30,24.943305346435693,0.4994135220084989,-0.5503189612982297
7073,100,30,30,30,24.507552392052645,0.4969578858040868,-0.5503189612982297
7074,100,30,30,30,24.545007028996565,0.493339891342299,-0.5503189612982297
7075,100,30,30,30,24.931615779604133,0.4986953958359787,-0.5503189612982297
7076,100,30,30,30,24.6016126402983,0.49135134174866785,-0.5503189612982297
7077,100,30,30,30,24.96139043116169,0.49579255361016283,-0.5503189612982297
7078,100,30,30,30,25.049169209119793,0.49208190182543127,-0.5503189612982297
7079,100,30,30,30,24.99654479840057,0.4932130992692185,-0.5503189612982297
7080,100,30,30,30,25.116097554866542,0.49709869200316836,-0.5503189612982297
7081,100,30,30,30,24.702214150812352,0.4916487131515998,-0.5503189612982297
7082,100,30,30,30,25.00191038691104,0.49170469036994435,-0.5503189612982297
7083,100,30,30,30,24.86807641805184,0.49358545019812283,-0.5503189612982297
7084,100,30,30,30,25.118713429744968,0.4985713275518615,-0.5503189612982297
7085,100,30,30,30,24.850832283041246,0.4977635127379021,-0.5503189612982297
7086,100,30,30,30,24.785224495927423,0.49175138361142223,-0.5503189612982297
7087,100,30,30,30,24.963132365008292,0.49359879157316877,-0.5503189612982297
7088,100,30,30,30,25.10364179944438,0.4996522158788902,-0.5503189612982297
7089,100,30,30,30,24.9104461754746,0.4986265970144761,-0.5503189612982297
7090,100,30,30,30,25.038682444466307,0.5032173673913674,-0.5503189612982297
7091,100,30,30,30,24.90390461073897,0.5064650495561936,-0.5503189612982297
7092,100,30,30,30,24.8350073921806,0.49637932631060905,-0.5503189612982297
7093,100,30,30,30,24.917563425407106,0.49340927886377484,-0.5503189612982297
7094,100,30,30,30,25.00410911220292,0.4914388350186011,-0.5503189612982297
7095,100,30,30,30,24.808635430646802,0.487601220715315,-0.5503189612982297
7096,100,30,30,30,25.000952877024744,0.48794723533215184,-0.5503189612982297
7097,100,30,30,30,24.920025556242635,0.48412352136048853,-0.5503189612982297
7098,100,30,30,30,25.003472198526364,0.4880603400069722,-0.5503189612982297
7099,100,30,30,30,24.91841846594545,0.49333483533832084,-0.5503189612982297
7100,100,30,30,30,24.889525415167142,0.49335057352345046,-0.5503189612982297
7101,100,30,30,30,24.98222659026124,0.4954217064330703,-0.5503189612982297
7102,100,30,30,30,24.997894492389086,0.49191967458076136,-0.5503189612982297
7103,100,30,30,30,24.70607467476185,0.49010354663346833,-0.5503189612982297
7104,100,30,30,30,24.95149633822757,0.49426941037842725,-0.5503189612982297
7105,100,30,30,30,24.69081325701235,0.4910706657557837,-0.5503189612982297
7106,100,30,30,30,24.29057538321787,0.48093114367605583,-0.5503189612982297
7107,100,30,30,30,25.060996836033027,0.47970131371057817,-0.5503189612982297
7108,100,30,30,30,25.01965754280493,0.48909850720349257,-0.5503189612982297
7109,100,30,30,30,24.85978798876041,0.492976986767852,-0.5503189612982297
7110,100,30,30,30,24.93884731407639,0.48829950974992514,-0.5503189612982297
7111,100,30,30,30,24.869205552916462,0.49051205946024834,-0.5503189612982297
7112,100,30,30,30,25.05034890311396,0.497924536356446,-0.5503189612982297
7113,100,30,30,30,24.98787029900484,0.5021137274062273,-0.5503189612982297
7114,100,30,30,30,25.301367304463326,0.4944232219715956,-0.5503189612982297
7115,100,30,30,30,24.763942325753717,0.4971055034501658,-0.5503189612982297
7116,100,30,30,30,24.99313515439097,0.49338307196152176,-0.5503189612982297
7117,100,30,30,30,25.15496028617064,0.4939409468091823,-0.5503189612982297
7118,100,30,30,30,24.984769248133958,0.4909190769848143,-0.5503189612982297
7119,100,30,30,30,24.3817654808714,0.4871643234355177,-0.5503189612982297
7120,100,30,30,30,24.570246606796807,0.48083935173807796,-0.5503189612982297
7121,100,30,30,30,24.7244816951858,0.4806735907343997,-0.5503189612982297
7122,100,30,30,30,24.87876647810829,0.4796069239448877,-0.5503189612982297
7123,100,30,30,30,24.910974132977397,0.48129662788991556,-0.5503189612982297
7124,100,30,30,30,24.916430394234986,0.480354918095045,-0.5503189612982297
7125,100,30,30,30,25.101795514655315,0.48215014114384674,-0.5503189612982297
7126,100,30,30,30,24.845008974391384,0.4817149767089086,-0.5503189612982297
7127,100,30,30,30,24.95744215858115,0.4801531228787283,-0.5503189612982297
7128,100,30,30,30,24.132869216853877,0.4753092367451496,-0.5503189612982297
7129,100,30,30,30,24.978762756639735,0.4833307703417248,-0.5503189612982297
7130,100,30,30,30,24.865408298215126,0.49294563882809156,-0.5503189612982297
7131,100,30,30,30,25.033164610796206,0.48718604391632586,-0.5503189612982297
7132,100,30,30,30,25.06396522668659,0.4889719466320493,-0.5503189612982297
7133,100,30,30,30,24.338988095327394,0.4780050763225885,-0.5503189612982297
7134,100,30,30,30,24.913934501166516,0.48927688284921406,-0.5503189612982297
7135,100,30,30,30,25.010158625084358,0.4984036927794438,-0.5503189612982297
7136,100,30,30,30,24.926823733654835,0.5027031819084109,-0.5503189612982297
7137,100,30,30,30,24.562759051513787,0.487147096061008,-0.5503189612982297
7138,100,30,30,30,24.82861371041313,0.48665059430166885,-0.5503189612982297
7139,100,30,30,30,24.662772684601187,0.4774234943178767,-0.5503189612982297
7140,100,30,30,30,25.0203237175118,0.48046105980251935,-0.5503189612982297
7141,100,30,30,30,24.859301313251276,0.4840456866345146,-0.5503189612982297
7142,100,30,30,30,24.912963093410994,0.4837888178306675,-0.5503189612982297
7143,100,30,30,30,25.04123448885396,0.48060069718641807,-0.5503189612982297
7144,100,30,30,30,25.00251773935583,0.48575936174365797,-0.5503189612982297
7145,100,30,30,30,25.040066159835686,0.48829842554426933,-0.5503189612982297
7146,100,30,30,30,24.950532012188496,0.4839152254035867,-0.5503189612982297
7147,100,30,30,30,24.78123363617817,0.47948779253487767,-0.5503189612982297
7148,100,30,30,30,24.401940812374676,0.4759113189340611,-0.5503189612982297
7149,100,30,30,30,24.807801502304727,0.4782263521992676,-0.5503189612982297
7150,100,30,30,30,24.97636394046736,0.4771319657269606,-0.5503189612982297
7151,100,30,30,30,24.918336513965404,0.4761679265207116,-0.5503189612982297
7152,100,30,30,30,24.89188199929022,0.47885180661419185,-0.5503189612982297
7153,100,30,30,30,24.69297770547955,0.4743882330097192,-0.5503189612982297
7154,100,30,30,30,24.864862199428124,0.47030526365881176,-0.5503189612982297
7155,100,30,30,30,24.83678092832457,0.47228931432395566,-0.5503189612982297
7156,100,30,30,30,25.122406594751972,0.47489166135938843,-0.5503189612982297
7157,100,30,30,30,24.818368481750056,0.47078660593415317,-0.5503189612982297
7158,100,30,30,30,24.456715693702797,0.46878727362509104,-0.5503189612982297
7159,100,30,30,30,24.97752502950568,0.47064906373737886,-0.5503189612982297
7160,100,30,30,30,24.789962956686157,0.47222191177529965,-0.5503189612982297
7161,100,30,30,30,24.907186251818963,0.4755172274155423,-0.5503189612982297
7162,100,30,30,30,25.245175742547346,0.48061754329097334,-0.5503189612982297
7163,100,30,30,30,24.91029377810326,0.4823763362870467,-0.5503189612982297
7164,100,30,30,30,24.705627612133938,0.4776965541886568,-0.5503189612982297
7165,100,30,30,30,24.70008909816926,0.4715535582959724,-0.5503189612982297
7166,100,30,30,30,24.34273504145771,0.46955210406631787,-0.5503189612982297
7167,100,30,30,30,24.97940802053112,0.466668076716886,-0.5503189612982297
7168,100,30,30,30,24.458805254440055,0.45589774115845416,-0.5503189612982297
7169,100,30,30,30,24.767346184138056,0.45173724953689476,-0.5503189612982297
7170,100,30,30,30,24.668034636011235,0.4503924820008351,-0.5503189612982297
7171,100,30,30,30,24.939940110312556,0.45271238461166696,-0.5503189612982297
7172,100,30,30,30,25.133597970185907,0.44720156321468546,-0.5503189612982297
7173,100,30,30,30,24.9547693720018,0.4510150238787925,-0.5503189612982297
7174,100,30,30,30,24.868333287367463,0.4503124405838744,-0.5503189612982297
7175,100,30,30,30,24.9090463242195,0.45533646018783613,-0.5503189612982297
7176,100,30,30,30,24.828145181165777,0.4594805276204607,-0.5503189612982297
7177,100,30,30,30,24.79988625493588,0.455068943272743,-0.5503189612982297
7178,100,30,30,30,25.02827557651986,0.4611343332450075,-0.5503189612982297
7179,100,30,30,30,25.05657865540373,0.4640806140945945,-0.5503189612982297
7180,100,30,30,30,24.989450533839808,0.4662037477802877,-0.5503189612982297
7181,100,30,30,30,24.96300024244165,0.46425231295628383,-0.5503189612982297
7182,100,30,30,30,24.80736626188541,0.46752567933884726,-0.5503189612982297
7183,100,30,30,30,24.98705746755814,0.470270537161461,-0.5503189612982297
7184,100,30,30,30,25.029519724879144,0.46949182583332943,-0.5503189612982297
7185,100,30,30,30,25.054964812183144,0.47706821552547485,-0.5503189612982297
7186,100,30,30,30,24.78325435570536,0.4777070548305467,-0.5503189612982297
7187,100,30,30,30,24.98666125840294,0.48663152905371404,-0.5503189612982297
7188,100,30,30,30,25.211883916290695,0.48584493913498833,-0.5503189612982297
7189,100,30,30,30,24.47798722696277,0.4854302792848492,-0.5503189612982297
7190,100,30,30,30,25.045920226270354,0.48648384888958174,-0.5503189612982297
7191,100,30,30,30,24.454351723149053,0.4820671764899721,-0.5503189612982297
7192,100,30,30,30,24.92729594044725,0.48273692385782974,-0.5503189612982297
7193,100,30,30,30,25.06132508762431,0.4913206204937798,-0.5503189612982297
7194,100,30,30,30,24.975023874201867,0.4919728700093118,-0.5503189612982297
7195,100,30,30,30,25.032982208984222,0.4898129401398338,-0.5503189612982297
7196,100,30,30,30,24.7599554609001,0.4885002300335511,-0.5503189612982297
7197,100,30,30,30,24.755768229600704,0.49481207936983823,-0.5503189612982297
7198,100,30,30,30,24.910854588470873,0.4974284480754062,-0.5503189612982297
7199,100,30,30,30,25.121145353952656,0.5008890561394926,-0.5503189612982297
7200,100,30,30,30,25.063666433839376,0.506493041055368,-0.5503189612982297
7201,100,30,30,30,24.957341710415136,0.5097126509164286,-0.5503189612982297
7202,100,30,30,30,24.775793033433565,0.5071377960557389,-0.5503189612982297
7203,100,30,30,30,24.49763700736508,0.5117249586733702,-0.5503189612982297
7204,100,30,30,30,24.882144883749135,0.5079709098916139,-0.5503189612982297
7205,100,30,30,30,24.790094032594247,0.508813998047034,-0.5503189612982297
7206,100,30,30,30,25.016013077210495,0.510782409180122,-0.5503189612982297
7207,100,30,30,30,24.939841776127018,0.5130887258054214,-0.5503189612982297
7208,100,30,30,30,24.994882606120495,0.5138635896848242,-0.5503189612982297
7209,100,30,30,30,24.905649771576783,0.5205243936157893,-0.5503189612982297
7210,100,30,30,30,25.04039835373124,0.52300005712983,-0.5503189612982297
7211,100,30,30,30,24.782734517358364,0.5182523025690322,-0.5503189612982297
7212,100,30,30,30,24.963317355037063,0.522827829552304,-0.5503189612982297
7213,100,30,30,30,24.962529879561515,0.5238684900731191,-0.5503189612982297
7214,100,30,30,30,24.922114075572704,0.5279637809312645,-0.5503189612982297
7215,100,30,30,30,24.39883971606545,0.5182566282110274,-0.5503189612982297
7216,100,30,30,30,24.997351158117784,0.5214522116841374,-0.5503189612982297
7217,100,30,30,30,24.937440618235073,0.5217939654394431,-0.5503189612982297
7218,100,30,30,30,25.00832836973555,0.5181100084488817,-0.5503189612982297
7219,100,30,30,30,24.91679328108192,0.5200519678189807,-0.5503189612982297
7220,100,30,30,30,24.937833988942742,0.5241053354288592,-0.5503189612982297
7221,100,30,30,30,24.904753763777208,0.5240115865242361,-0.5503189612982297
7222,100,30,30,30,24.981103577693986,0.5201201307212516,-0.5503189612982297
7223,100,30,30,30,25.038939731901642,0.5218103152316221,-0.5503189612982297
7224,100,30,30,30,24.912104853391405,0.5271593910216207,-0.5503189612982297
7225,100,30,30,30,24.72610882015451,0.5164580296294606,-0.5503189612982297
7226,100,30,30,30,24.97395272258496,0.5258249967759542,-0.5503189612982297
7227,100,30,30,30,24.638814478932122,0.5201534134982585,-0.5503189612982297
7228,100,30,30,30,25.03476669825813,0.5171256436383593,-0.5503189612982297
7229,100,30,30,30,24.69603362708713,0.5187559106175069,-0.5503189612982297
7230,100,30,30,30,24.9173113379294,0.5279327762859989,-0.5503189612982297
7231,100,30,30,30,24.94101424284323,0.5290541266197744,-0.5503189612982297
7232,100,30,30,30,24.8618393662233,0.5314304310945301,-0.5503189612982297
7233,100,30,30,30,24.919140456434313,0.5305729539642047,-0.5503189612982297
7234,100,30,30,30,24.96366347853558,0.5233844132992171,-0.5503189612982297
7235,100,30,30,30,24.982301279553752,0.5231763826318283,-0.5503189612982297
7236,100,30,30,30,24.831726832670462,0.5212575099467824,-0.5503189612982297
7237,100,30,30,30,24.92827217957441,0.520657647818283,-0.5503189612982297
7238,100,30,30,30,24.763161944727045,0.5137302898355293,-0.5503189612982297
7239,100,30,30,30,24.734431824168315,0.5172421098732705,-0.5503189612982297
7240,100,30,30,30,24.738290067330478,0.5139873764102283,-0.5503189612982297
7241,100,30,30,30,24.90321184125158,0.5211070682304247,-0.5503189612982297
7242,100,30,30,30,24.959997180808664,0.5191951212397788,-0.5503189612982297
7243,100,30,30,30,24.968876192468542,0.5234292934700493,-0.5503189612982297
7244,100,30,30,30,24.901880267791128,0.5183354174237681,-0.5503189612982297
7245,100,30,30,30,24.964510631452285,0.5144383073660952,-0.5503189612982297
7246,100,30,30,30,24.954886158755095,0.517732193034464,-0.5503189612982297
7247,100,30,30,30,24.845038304918397,0.5184977888382432,-0.5503189612982297
7248,100,30,30,30,25.004085570063054,0.5165797942274835,-0.5503189612982297
7249,100,30,30,30,25.100188596513725,0.5136861104808781,-0.5503189612982297
7250,100,30,30,30,24.704645124879363,0.5084117088926509,-0.5503189612982297
7251,100,30,30,30,24.979060127731632,0.5110703783079721,-0.5503189612982297
7252,100,30,30,30,24.76296420015293,0.5085311151540574,-0.5503189612982297
7253,100,30,30,30,24.766635818123007,0.5065178056346257,-0.5503189612982297
7254,100,30,30,30,25.001762733760287,0.5073396625090822,-0.5503189612982297
7255,100,30,30,30,24.939503339534404,0.5040260688740508,-0.5503189612982297
7256,100,30,30,30,24.779724455930626,0.49378206362663823,-0.5503189612982297
7257,100,30,30,30,24.886324276913236,0.492289065495774,-0.5503189612982297
7258,100,30,30,30,24.78220045638678,0.49210172961728854,-0.5503189612982297
7259,100,30,30,30,24.763283084082797,0.487965360853875,-0.5503189612982297
7260,100,30,30,30,24.894130836466225,0.48780093946269054,-0.5503189612982297
7261,100,30,30,30,25.065081331604148,0.48576081900122453,-0.5503189612982297
7262,100,30,30,30,24.95378990629091,0.4769716628656136,-0.5503189612982297
7263,100,30,30,30,24.658993918840885,0.4702301440289518,-0.5503189612982297
7264,100,30,30,30,24.843344737407655,0.47578184799040235,-0.5503189612982297
7265,100,30,30,30,24.98057949598231,0.4820479129267153,-0.5503189612982297
7266,100,30,30,30,24.852425136836363,0.4798406316430223,-0.5503189612982297
7267,100,30,30,30,24.986905953855306,0.4833364900803388,-0.5503189612982297
7268,100,30,30,30,25.145409795622044,0.48945059593680845,-0.5503189612982297
7269,100,30,30,30,25.040862279985042,0.4926448211101436,-0.5503189612982297
7270,100,30,30,30,24.903949488385997,0.4940346048620856,-0.5503189612982297
7271,100,30,30,30,24.8224228950265,0.4941103996084714,-0.5503189612982297
7272,100,30,30,30,24.942455783887215,0.49345969966384146,-0.5503189612982297
7273,100,30,30,30,24.45641011795799,0.4861644512545706,-0.5503189612982297
7274,100,30,30,30,24.87671178462775,0.48429419259407375,-0.5503189612982297
7275,100,30,30,30,24.402509220905166,0.479979322861576,-0.5503189612982297
7276,100,30,30,30,24.88276403615844,0.4776174849781206,-0.5503189612982297
7277,100,30,30,30,24.85759176143355,0.4842357623071245,-0.5503189612982297
7278,100,30,30,30,24.96753735603781,0.48300776962626457,-0.5503189612982297
7279,100,30,30,30,24.931617297649517,0.49120916078252036,-0.5503189612982297
7280,100,30,30,30,24.890149226928784,0.4903399896025325,-0.5503189612982297
7281,100,30,30,30,25.034266399112248,0.4924798313289413,-0.5503189612982297
7282,100,30,30,30,24.96780691494022,0.4917920464120647,-0.5503189612982297
7283,100,30,30,30,24.841408388314527,0.4908634219939498,-0.5503189612982297
7284,100,30,30,30,25.118165731551336,0.4933794875178676,-0.5503189612982297
7285,100,30,30,30,25.097636281678014,0.4897336555139532,-0.5503189612982297
7286,100,30,30,30,24.40423643821293,0.4822876330510264,-0.5503189612982297
7287,100,30,30,30,24.816180641806397,0.4796548326047129,-0.5503189612982297
7288,100,30,30,30,24.707002286631372,0.47850753850040206,-0.5503189612982297
7289,100,30,30,30,24.813764504555373,0.48103011483166025,-0.5503189612982297
7290,100,30,30,30,24.841132038193102,0.47489079640987564,-0.5503189612982297
7291,100,30,30,30,24.686087778207423,0.4731966760227927,-0.5503189612982297
7292,100,30,30,30,25.2038298107485,0.4720235876588775,-0.5503189612982297
7293,100,30,30,30,24.91895497814179,0.47362839620935687,-0.5503189612982297
7294,100,30,30,30,24.588555505501933,0.47287629960462707,-0.5503189612982297
7295,100,30,30,30,24.84905483168301,0.4758198147825589,-0.5503189612982297
7296,100,30,30,30,24.944775106558527,0.4740903336228485,-0.5503189612982297
7297,100,30,30,30,24.859113788365086,0.4758949853381377,-0.5503189612982297
7298,100,30,30,30,24.86531946589841,0.47085776982878674,-0.5503189612982297
7299,100,30,30,30,24.75421672853585,0.46626031036799215,-0.5503189612982297
7300,100,30,30,30,24.954875440176785,0.46618323251536475,-0.5503189612982297
7301,100,30,30,30,25.001357595398364,0.46727417550537687,-0.5503189612982297
7302,100,30,30,30,24.843604404075357,0.46257473303273927,-0.5503189612982297
7303,100,30,30,30,24.953192418156473,0.46518530304690814,-0.5503189612982297
7304,100,30,30,30,24.678155981021213,0.46725889460512837,-0.5503189612982297
7305,100,30,30,30,24.760130584522653,0.4721747930847326,-0.5503189612982297
7306,100,30,30,30,24.97632381701343,0.4763811353973977,-0.5503189612982297
7307,100,30,30,30,24.893348792970404,0.48124031436757914,-0.5503189612982297
7308,100,30,30,30,24.20746286606547,0.48311594181406464,-0.5503189612982297
7309,100,30,30,30,24.982888758959184,0.4904654609053554,-0.5503189612982297
7310,100,30,30,30,24.944595011706166,0.4999852091361994,-0.5503189612982297
7311,100,30,30,30,24.287609251514528,0.4905801365076761,-0.5503189612982297
7312,100,30,30,30,24.98528678919792,0.4906081242185338,-0.5503189612982297
7313,100,30,30,30,24.898651197814775,0.49249847054401336,-0.5503189612982297
7314,100,30,30,30,24.76427997050406,0.48769166505768496,-0.5503189612982297
7315,100,30,30,30,24.99371822694295,0.4849274664364437,-0.5503189612982297
7316,100,30,30,30,25.02226313404389,0.4913608475269114,-0.5503189612982297
7317,100,30,30,30,24.733066789625397,0.48295551304245005,-0.5503189612982297
7318,100,30,30,30,25.042916773536376,0.48785589412058394,-0.5503189612982297
7319,100,30,30,30,25.034728641556438,0.49741964589523285,-0.5503189612982297
7320,100,30,30,30,24.980236998838542,0.49637806925261563,-0.5503189612982297
7321,100,30,30,30,24.833620814033303,0.49685562154956253,-0.5503189612982297
7322,100,30,30,30,24.934641147261953,0.5049729508693843,-0.5503189612982297
7323,100,30,30,30,24.70639739923918,0.5033016511419924,-0.5503189612982297
7324,100,30,30,30,24.939761135020603,0.5037959903035678,-0.5503189612982297
7325,100,30,30,30,25.038564842581998,0.5026154880737985,-0.5503189612982297
7326,100,30,30,30,24.936930642296737,0.5048518328852294,-0.5503189612982297
7327,100,30,30,30,25.078978405087238,0.5017449165772461,-0.5503189612982297
7328,100,30,30,30,24.98670848029427,0.5046131688076645,-0.5503189612982297
7329,100,30,30,30,25.015828368452347,0.5062239721928307,-0.5503189612982297
7330,100,30,30,30,24.913974262377575,0.5066537546239304,-0.5503189612982297
7331,100,30,30,30,24.80125421395914,0.5059753817283409,-0.5503189612982297
7332,100,30,30,30,24.936840406141584,0.5044955378240749,-0.5503189612982297
7333,100,30,30,30,24.934775756153154,0.5022672109344453,-0.5503189612982297
7334,100,30,30,30,24.99943688845714,0.4998913824857234,-0.5503189612982297
7335,100,30,30,30,24.971302005382718,0.502216103828849,-0.5503189612982297
7336,100,30,30,30,25.003298805867153,0.5102720019983298,-0.5503189612982297
7337,100,30,30,30,24.921425598254768,0.5137851179671203,-0.5503189612982297
7338,100,30,30,30,24.938012421576875,0.5121745718805324,-0.5503189612982297
7339,100,30,30,30,24.979939040365544,0.5099536675653699,-0.5503189612982297
7340,100,30,30,30,25.056218800141615,0.5046877314981056,-0.5503189612982297
7341,100,30,30,30,24.7740369382386,0.5049416364131709,-0.5503189612982297
7342,100,30,30,30,24.71140541116349,0.5027891517626449,-0.5503189612982297
7343,100,30,30,30,25.09169121905265,0.5065233436676676,-0.5503189612982297
7344,100,30,30,30,24.830694162180812,0.5048295750957724,-0.5503189612982297
7345,100,30,30,30,24.737460546021577,0.49713901292319623,-0.5503189612982297
7346,100,30,30,30,24.91864676762731,0.4994475390891917,-0.5503189612982297
7347,100,30,30,30,25.037873647856525,0.493525741341124,-0.5503189612982297
7348,100,30,30,30,24.8028501916499,0.4939456107592255,-0.5503189612982297
7349,100,30,30,30,24.900259622725386,0.49733276527780645,-0.5503189612982297
7350,100,30,30,30,25.076049445158283,0.49676251093111035,-0.5503189612982297
7351,100,30,30,30,24.730154980526176,0.4994200717884489,-0.5503189612982297
7352,100,30,30,30,24.79753703374835,0.5033575320310268,-0.5503189612982297
7353,100,30,30,30,24.662529710128894,0.506876725937779,-0.5503189612982297
7354,100,30,30,30,24.863170054403465,0.5091146467730424,-0.5503189612982297
7355,100,30,30,30,24.542557096111608,0.49809153000030365,-0.5503189612982297
7356,100,30,30,30,25.03519005447824,0.5005455777844215,-0.5503189612982297
7357,100,30,30,30,25.025653013368,0.5037593890632531,-0.5503189612982297
7358,100,30,30,30,23.94755036343873,0.492606293723813,-0.5503189612982297
7359,100,30,30,30,24.73036159931083,0.48891440172421746,-0.5503189612982297
7360,100,30,30,30,24.968782274065568,0.4904546660865737,-0.5503189612982297
7361,100,30,30,30,25.020128503155206,0.49277764674502517,-0.5503189612982297
7362,100,30,30,30,24.88528965247683,0.494000874344749,-0.5503189612982297
7363,100,30,30,30,24.96748228034466,0.49656685152353486,-0.5503189612982297
7364,100,30,30,30,24.6855332135908,0.49440494187219985,-0.5503189612982297
7365,100,30,30,30,24.54952496009859,0.49396971857792443,-0.5503189612982297
7366,100,30,30,30,24.73297675109996,0.49480328879285035,-0.5503189612982297
7367,100,30,30,30,24.98224256670405,0.49509041835929873,-0.5503189612982297
7368,100,30,30,30,25.068451930701855,0.500819319457763,-0.5503189612982297
7369,100,30,30,30,24.805906091313247,0.49687608261917626,-0.5503189612982297
7370,100,30,30,30,24.666500061243617,0.49479563259528814,-0.5503189612982297
7371,100,30,30,30,25.002991004041732,0.49311561968301937,-0.5503189612982297
7372,100,30,30,30,25.074970518849305,0.4940448872105252,-0.5503189612982297
7373,100,30,30,30,24.762106342724607,0.4898362409643375,-0.5503189612982297
7374,100,30,30,30,24.939350293973025,0.4870917220968388,-0.5503189612982297
7375,100,30,30,30,24.79251836424912,0.4824806683805286,-0.5503189612982297
7376,100,30,30,30,24.766297889409632,0.4820573707753933,-0.5503189612982297
7377,100,30,30,30,24.63333143048032,0.4740289340296538,-0.5503189612982297
7378,100,30,30,30,24.948481049525206,0.4729250562662915,-0.5503189612982297
7379,100,30,30,30,24.921038926792754,0.48597642348942655,-0.5503189612982297
7380,100,30,30,30,24.946608529128703,0.48153378545288894,-0.5503189612982297
7381,100,30,30,30,25.017069569668173,0.4867173452177599,-0.5503189612982297
7382,100,30,30,30,24.946488221725627,0.49258648746457084,-0.5503189612982297
7383,100,30,30,30,24.817640171018272,0.4899241509725209,-0.5503189612982297
7384,100,30,30,30,24.78942476434849,0.5015725055510136,-0.5503189612982297
7385,100,30,30,30,25.023090017684588,0.5048117943664874,-0.5503189612982297
7386,100,30,30,30,24.51422294685635,0.4970914563438198,-0.5503189612982297
7387,100,30,30,30,24.505860302107834,0.4866277355887655,-0.5503189612982297
7388,100,30,30,30,24.82286196742212,0.48229208509558663,-0.5503189612982297
7389,100,30,30,30,24.828497064283546,0.4898120225207951,-0.5503189612982297
7390,100,30,30,30,24.86424985062684,0.4841456352688836,-0.5503189612982297
7391,100,30,30,30,25.16648370849099,0.48235437322902397,-0.5503189612982297
7392,100,30,30,30,24.93268558080773,0.4883974238606463,-0.5503189612982297
7393,100,30,30,30,24.884448422086052,0.48833204544321956,-0.5503189612982297
7394,100,30,30,30,24.810027118100287,0.48972077395245595,-0.5503189612982297
7395,100,30,30,30,24.89483452890708,0.4876624285925106,-0.5503189612982297
7396,100,30,30,30,24.75626709312644,0.4861109868412966,-0.5503189612982297
7397,100,30,30,30,24.66939218421651,0.4845220759372168,-0.5503189612982297
7398,100,30,30,30,24.904723267018255,0.4853472422413404,-0.5503189612982297
7399,100,30,30,30,24.99536948243714,0.4868156097447288,-0.5503189612982297
7400,100,30,30,30,24.791235544147987,0.4871246907592297,-0.5503189612982297
7401,100,30,30,30,24.94792399620096,0.4926123200602405,-0.5503189612982297
7402,100,30,30,30,24.98835357262572,0.49416022903187645,-0.5503189612982297
7403,100,30,30,30,24.787115129998398,0.49105040815866274,-0.5503189612982297
7404,100,30,30,30,24.95411905954392,0.4910049183375852,-0.5503189612982297
7405,100,30,30,30,24.993774790805475,0.4937392538555053,-0.5503189612982297
7406,100,30,30,30,25.103776745113073,0.48997913142222504,-0.5503189612982297
7407,100,30,30,30,24.87539157325232,0.4951543682381418,-0.5503189612982297
7408,100,30,30,30,24.99402060876611,0.49823601853592325,-0.5503189612982297
7409,100,30,30,30,24.8627533523538,0.4973552562806063,-0.5503189612982297
7410,100,30,30,30,24.901513210876672,0.49367884751886787,-0.5503189612982297
7411,100,30,30,30,25.000605684237918,0.4941459798668406,-0.5503189612982297
7412,100,30,30,30,24.943438742105357,0.49472906538574557,-0.5503189612982297
7413,100,30,30,30,24.87865521305541,0.4989275368124676,-0.5503189612982297
7414,100,30,30,30,24.879016608888175,0.4943782129616292,-0.5503189612982297
7415,100,30,30,30,24.42757352700571,0.4937569040432558,-0.5503189612982297
7416,100,30,30,30,24.994560722961822,0.495155304827833,-0.5503189612982297
7417,100,30,30,30,24.87593581363731,0.4903497170135047,-0.5503189612982297
7418,100,30,30,30,24.811378686564268,0.4894504652170643,-0.5503189612982297
7419,100,30,30,30,25.079965246474384,0.48861124526757027,-0.5503189612982297
7420,100,30,30,30,25.01727499861109,0.4937760567823714,-0.5503189612982297
7421,100,30,30,30,24.88971247457802,0.5009055368527159,-0.5503189612982297
7422,100,30,30,30,24.89022038792173,0.4964425056056926,-0.5503189612982297
7423,100,30,30,30,24.86602332812177,0.4959732974786594,-0.5503189612982297
7424,100,30,30,30,24.835813296941247,0.49938563826609367,-0.5503189612982297
7425,100,30,30,30,24.751286303519667,0.49788262001555605,-0.5503189612982297
7426,100,30,30,30,24.82676851184629,0.4960584920813336,-0.5503189612982297
7427,100,30,30,30,25.194606427032145,0.4956709323799636,-0.5503189612982297
7428,100,30,30,30,24.427595090611206,0.48960190095714,-0.5503189612982297
7429,100,30,30,30,25.073337364583157,0.49033091275377133,-0.5503189612982297
7430,100,30,30,30,24.64395199724013,0.48111182937217395,-0.5503189612982297
7431,100,30,30,30,25.050372098424802,0.47879811240618253,-0.5503189612982297
7432,100,30,30,30,24.764685626941215,0.47895745439026344,-0.5503189612982297
7433,100,30,30,30,25.136071448223586,0.47860616434405473,-0.5503189612982297
7434,100,30,30,30,24.565453557195355,0.48267063853040904,-0.5503189612982297
7435,100,30,30,30,24.76698212511917,0.4859529373350441,-0.5503189612982297
7436,100,30,30,30,24.80300082430211,0.4859840947643289,-0.5503189612982297
7437,100,30,30,30,24.913964114315732,0.4892189109610163,-0.5503189612982297
7438,100,30,30,30,24.989320342826062,0.4930792094150256,-0.5503189612982297
7439,100,30,30,30,24.79238578917151,0.48138378001480725,-0.5503189612982297
7440,100,30,30,30,25.038228988520473,0.4878147651248659,-0.5503189612982297
7441,100,30,30,30,24.873779171323324,0.49116815221040144,-0.5503189612982297
7442,100,30,30,30,24.808188251909307,0.4880033518652239,-0.5503189612982297
7443,100,30,30,30,24.830101206274115,0.4833910113190497,-0.5503189612982297
7444,100,30,30,30,24.894107496779263,0.4854592962001339,-0.5503189612982297
7445,100,30,30,30,25.21027931791223,0.4904346257434416,-0.5503189612982297
7446,100,30,30,30,24.753455814551494,0.48888020615088956,-0.5503189612982297
7447,100,30,30,30,24.97536612429959,0.48512082647368004,-0.5503189612982297
7448,100,30,30,30,24.721188781058093,0.48285569810360673,-0.5503189612982297
7449,100,30,30,30,25.018082555468347,0.482983286688627,-0.5503189612982297
7450,100,30,30,30,24.84289092211209,0.4903871968306139,-0.5503189612982297
7451,100,30,30,30,25.064566025319348,0.4891183804011533,-0.5503189612982297
7452,100,30,30,30,24.877895111532233,0.49168203873708843,-0.5503189612982297
7453,100,30,30,30,25.029983992509003,0.49709608873016453,-0.5503189612982297
7454,100,30,30,30,24.711269454985725,0.4966991894950343,-0.5503189612982297
7455,100,30,30,30,24.817112151169436,0.4958131144087973,-0.5503189612982297
7456,100,30,30,30,24.972260950215514,0.4997886029753017,-0.5503189612982297
7457,100,30,30,30,24.853904723113732,0.49904578750138534,-0.5503189612982297
7458,100,30,30,30,24.92073082378443,0.4994499180609907,-0.5503189612982297
7459,100,30,30,30,24.754271682542157,0.49897288158759806,-0.5503189612982297
7460,100,30,30,30,24.85053772074493,0.4986338489571675,-0.5503189612982297
7461,100,30,30,30,25.20587379589447,0.5024315698487036,-0.5503189612982297
7462,100,30,30,30,24.996146360066888,0.5097556626737126,-0.5503189612982297
7463,100,30,30,30,25.0319556442513,0.5129736863589941,-0.5503189612982297
7464,100,30,30,30,24.971939613903793,0.5116221445320656,-0.5503189612982297
7465,100,30,30,30,24.98462802915207,0.5141161708725722,-0.5503189612982297
7466,100,30,30,30,25.01645232501058,0.5147445086766856,-0.5503189612982297
7467,100,30,30,30,25.025033626466552,0.5214266442504416,-0.5503189612982297
7468,100,30,30,30,24.59974963847105,0.5167886027669443,-0.5503189612982297
7469,100,30,30,30,24.978650949185223,0.5226348810805244,-0.5503189612982297
7470,100,30,30,30,24.98926155337078,0.5225087335758497,-0.5503189612982297
7471,100,30,30,30,24.99175158957391,0.523358224975843,-0.5503189612982297
7472,100,30,30,30,24.495490603943246,0.5178942848393806,-0.5503189612982297
7473,100,30,30,30,24.931087019055806,0.5156411422320009,-0.5503189612982297
7474,100,30,30,30,24.813439259831647,0.5129866156705732,-0.5503189612982297
7475,100,30,30,30,25.07907408832466,0.5155139554978334,-0.5503189612982297
7476,100,30,30,30,24.740584754130474,0.5109942666003665,-0.5503189612982297
7477,100,30,30,30,25.152220352424898,0.5153722441332599,-0.5503189612982297
7478,100,30,30,30,25.021774863028305,0.5140119472005144,-0.5503189612982297
7479,100,30,30,30,24.278025862640373,0.5064887021675111,-0.5503189612982297
7480,100,30,30,30,24.569797745552357,0.4959886712331099,-0.5503189612982297
7481,100,30,30,30,24.97671375449059,0.49946417369026364,-0.5503189612982297
7482,100,30,30,30,24.39037151820284,0.4989430870672583,-0.5503189612982297
7483,100,30,30,30,24.987224643707993,0.5065090651100284,-0.5503189612982297
7484,100,30,30,30,25.00087964250315,0.5088960749309699,-0.5503189612982297
7485,100,30,30,30,24.803790194177125,0.5030937404730388,-0.5503189612982297
7486,100,30,30,30,25.15825616090809,0.5060865684247121,-0.5503189612982297
7487,100,30,30,30,24.848808070622436,0.5075348074825753,-0.5503189612982297
7488,100,30,30,30,25.17866469785324,0.5013039464940456,-0.5503189612982297
7489,100,30,30,30,24.74420624018951,0.49600226408786596,-0.5503189612982297
7490,100,30,30,30,24.957337002194684,0.5000137329058674,-0.5503189612982297
7491,100,30,30,30,24.8714471982031,0.5017073061855756,-0.5503189612982297
7492,100,30,30,30,24.92759047641144,0.5005184545914749,-0.5503189612982297
7493,100,30,30,30,24.600133455115575,0.4959535590858506,-0.5503189612982297
7494,100,30,30,30,24.990600429893092,0.4988650666076363,-0.5503189612982297
7495,100,30,30,30,24.981275257305242,0.5007708024168237,-0.5503189612982297
7496,100,30,30,30,25.059991859094257,0.5004304901562653,-0.5503189612982297
7497,100,30,30,30,25.03819345339901,0.5011829618179051,-0.5503189612982297
7498,100,30,30,30,24.82318385361075,0.500196711091808,-0.5503189612982297
7499,100,30,30,30,24.792616542261783,0.5031342674721053,-0.5503189612982297
7500,100,30,30,30,24.667057114917153,0.5030242684789392,-0.5503189612982297
7501,100,30,30,30,24.974040553692568,0.5060731441186191,-0.5503189612982297
7502,100,30,30,30,24.997890956468822,0.5105281649297739,-0.5503189612982297
7503,100,30,30,30,24.97878228937946,0.5079626792610535,-0.5503189612982297
7504,100,30,30,30,24.876983254698537,0.5040335794442073,-0.5503189612982297
7505,100,30,30,30,24.887762269999687,0.5043378844002667,-0.5503189612982297
7506,100,30,30,30,24.678500922758857,0.5061993742849656,-0.5503189612982297
7507,100,30,30,30,25.0308013414448,0.5062208194551424,-0.5503189612982297
7508,100,30,30,30,24.927935415771184,0.5079491941168746,-0.5503189612982297
7509,100,30,30,30,24.625320038169082,0.5067901859197661,-0.5503189612982297
7510,100,30,30,30,24.6774683556958,0.5012711763214787,-0.5503189612982297
7511,100,30,30,30,24.098403062874194,0.48881950485807,-0.5503189612982297
7512,100,30,30,30,24.416219037634256,0.4854739211535357,-0.5503189612982297
7513,100,30,30,30,24.943425085147275,0.48410189787229213,-0.5503189612982297
7514,100,30,30,30,25.024404601903587,0.4864908222516723,-0.5503189612982297
7515,100,30,30,30,25.146945654741593,0.4926454411959801,-0.5503189612982297
7516,100,30,30,30,25.134091652208305,0.4895874270272138,-0.5503189612982297
7517,100,30,30,30,24.86930129406922,0.4808340464409792,-0.5503189612982297
7518,100,30,30,30,24.95845066427951,0.47884077217888055,-0.5503189612982297
7519,100,30,30,30,25.07861621154201,0.48602870585056807,-0.5503189612982297
7520,100,30,30,30,25.015930409077104,0.492572033948665,-0.5503189612982297
7521,100,30,30,30,25.026878125496285,0.49694571576940083,-0.5503189612982297
7522,100,30,30,30,24.990115327177215,0.4956366315118588,-0.5503189612982297
7523,100,30,30,30,25.087390391584965,0.4837699113446135,-0.5503189612982297
7524,100,30,30,30,24.957498318138196,0.48079520315190677,-0.5503189612982297
7525,100,30,30,30,24.9656310205445,0.48522956399590506,-0.5503189612982297
7526,100,30,30,30,24.59043875093115,0.4846279077791466,-0.5503189612982297
7527,100,30,30,30,24.882886012674597,0.48001403973357576,-0.5503189612982297
7528,100,30,30,30,24.846086933059,0.4844736800797323,-0.5503189612982297
7529,100,30,30,30,24.52954562980776,0.48248702650177133,-0.5503189612982297
7530,100,30,30,30,24.969562939812498,0.4860950298972203,-0.5503189612982297
7531,100,30,30,30,25.065783238734955,0.4820039277473304,-0.5503189612982297
7532,100,30,30,30,24.83339424370684,0.4830063958601661,-0.5503189612982297
7533,100,30,30,30,24.949835655308952,0.4797232626252602,-0.5503189612982297
7534,100,30,30,30,24.97558925256518,0.4863359311528373,-0.5503189612982297
7535,100,30,30,30,24.85586518873359,0.4773787816759067,-0.5503189612982297
7536,100,30,30,30,24.915372210673496,0.4772633109740995,-0.5503189612982297
7537,100,30,30,30,24.870203806355818,0.4808300029843542,-0.5503189612982297
7538,100,30,30,30,24.880721982499587,0.4846457877299162,-0.5503189612982297
7539,100,30,30,30,24.83491538254539,0.48527135354528395,-0.5503189612982297
7540,100,30,30,30,24.983207003810705,0.4835275701453765,-0.5503189612982297
7541,100,30,30,30,24.865489264411387,0.48857782958788026,-0.5503189612982297
7542,100,30,30,30,24.96454483231335,0.49320319432262577,-0.5503189612982297
7543,100,30,30,30,24.799116997610867,0.4928660339101105,-0.5503189612982297
7544,100,30,30,30,25.007966705397926,0.4935898637512217,-0.5503189612982297
7545,100,30,30,30,24.914171530910735,0.4909867781998463,-0.5503189612982297
7546,100,30,30,30,25.01546239002182,0.49791759652398815,-0.5503189612982297
7547,100,30,30,30,25.00520434014332,0.49836751377993077,-0.5503189612982297
7548,100,30,30,30,24.917758823332292,0.4944764206903585,-0.5503189612982297
7549,100,30,30,30,24.854978446718174,0.49510158458748665,-0.5503189612982297
7550,100,30,30,30,25.049347620552844,0.4952655203141242,-0.5503189612982297
7551,100,30,30,30,24.574343176737102,0.49355513872625423,-0.5503189612982297
7552,100,30,30,30,23.9545860008377,0.4767056909455625,-0.5503189612982297
7553,100,30,30,30,24.76881922091558,0.4745987980336592,-0.5503189612982297
7554,100,30,30,30,25.061108130111457,0.4808582263303073,-0.5503189612982297
7555,100,30,30,30,25.037606612148245,0.49032144782208775,-0.5503189612982297
7556,100,30,30,30,24.850650923151946,0.49359595989245314,-0.5503189612982297
7557,100,30,30,30,24.94653697316862,0.49932458393347523,-0.5503189612982297
7558,100,30,30,30,25.065035779613254,0.5053196689097144,-0.5503189612982297
7559,100,30,30,30,25.106407574995764,0.5020114114998296,-0.5503189612982297
7560,100,30,30,30,24.919381616894626,0.4957940389197539,-0.5503189612982297
7561,100,30,30,30,25.02934537416697,0.49253635839392396,-0.5503189612982297
7562,100,30,30,30,25.233418928292373,0.4964950603631138,-0.5503189612982297
7563,100,30,30,30,24.991989571382444,0.4965265505893184,-0.5503189612982297
7564,100,30,30,30,24.932538333764708,0.5033812083603746,-0.5503189612982297
7565,100,30,30,30,25.049954029649477,0.502090872900629,-0.5503189612982297
7566,100,30,30,30,24.9698274418007,0.5005700394266492,-0.5503189612982297
7567,100,30,30,30,24.94575477067882,0.5006391330546105,-0.5503189612982297
7568,100,30,30,30,25.005959356390793,0.5061739356295328,-0.5503189612982297
7569,100,30,30,30,24.979605002848963,0.5127651214817089,-0.5503189612982297
7570,100,30,30,30,25.019954648961647,0.5142937244617037,-0.5503189612982297
7571,100,30,30,30,24.847893326783428,0.5115327113694466,-0.5503189612982297
7572,100,30,30,30,25.119544770508156,0.5042725116954154,-0.5503189612982297
7573,100,30,30,30,24.86831970950106,0.506375156801162,-0.5503189612982297
7574,100,30,30,30,24.724525650110152,0.5117042404565312,-0.5503189612982297
7575,100,30,30,30,25.076269762149714,0.5158490334995579,-0.5503189612982297
7576,100,30,30,30,24.959669257109802,0.5136882235653899,-0.5503189612982297
7577,100,30,30,30,24.917720801775772,0.5202064666771856,-0.5503189612982297
7578,100,30,30,30,24.9043300866636,0.5295931472684571,-0.5503189612982297
7579,100,30,30,30,24.990321692991724,0.5301783438978402,-0.5503189612982297
7580,100,30,30,30,25.02577080081423,0.5306242473271349,-0.5503189612982297
7581,100,30,30,30,24.750891135931788,0.5229392168534998,-0.5503189612982297
7582,100,30,30,30,25.117180774391038,0.5243636445443981,-0.5503189612982297
7583,100,30,30,30,24.252361925338505,0.514979832960039,-0.5503189612982297
7584,100,30,30,30,25.046937845324436,0.5148140304690974,-0.5503189612982297
7585,100,30,30,30,24.771446541753505,0.5090680359067568,-0.5503189612982297
7586,100,30,30,30,24.398194807087734,0.504745391247439,-0.5503189612982297
7587,100,30,30,30,24.90882895462801,0.5065297750118098,-0.5503189612982297
7588,100,30,30,30,24.803785874779685,0.5117496246388474,-0.5503189612982297
7589,100,30,30,30,25.15155112695181,0.5104013311493949,-0.5503189612982297
7590,100,30,30,30,24.811525091728384,0.5030643984919397,-0.5503189612982297
7591,100,30,30,30,24.83939553585757,0.507936619810266,-0.5503189612982297
7592,100,30,30,30,24.659187838874374,0.5041057634379029,-0.5503189612982297
7593,100,30,30,30,24.91867531203492,0.5071807039863659,-0.5503189612982297
7594,100,30,30,30,24.87761306637821,0.5064175623329307,-0.5503189612982297
7595,100,30,30,30,24.853774836748016,0.5056878385090673,-0.5503189612982297
7596,100,30,30,30,24.907258172142264,0.5098064106846586,-0.5503189612982297
7597,100,30,30,30,24.637455909771006,0.5007655646810109,-0.5503189612982297
7598,100,30,30,30,24.81628316564378,0.5021142548275837,-0.5503189612982297
7599,100,30,30,30,25.078361335292264,0.4982353617987087,-0.5503189612982297
7600,100,30,30,30,24.970140526771406,0.49990825529083904,-0.5503189612982297
7601,100,30,30,30,24.868513081068528,0.49895297746175454,-0.5503189612982297
7602,100,30,30,30,25.197694301894714,0.4999658354348474,-0.5503189612982297
7603,100,30,30,30,24.998583558129646,0.49731394519286837,-0.5503189612982297
7604,100,30,30,30,23.310018572898713,0.48323822009788586,-0.5503189612982297
7605,100,30,30,30,25.097392734975024,0.4820002838926603,-0.5503189612982297
7606,100,30,30,30,24.68227471154028,0.4823320129288226,-0.5503189612982297
7607,100,30,30,30,24.915381720146357,0.4868669929835438,-0.5503189612982297
7608,100,30,30,30,24.7781306296923,0.48789848268888414,-0.5503189612982297
7609,100,30,30,30,24.921956300271535,0.4944296056945508,-0.5503189612982297
7610,100,30,30,30,24.847624506518684,0.49511878905454615,-0.5503189612982297
7611,100,30,30,30,24.925545941991842,0.49523413421046986,-0.5503189612982297
7612,100,30,30,30,24.971013365406183,0.4992974430712065,-0.5503189612982297
7613,100,30,30,30,24.989445456333684,0.5022444461664356,-0.5503189612982297
7614,100,30,30,30,24.861910526561942,0.5005793547506422,-0.5503189612982297
7615,100,30,30,30,24.99506864997472,0.5045503701920326,-0.5503189612982297
7616,100,30,30,30,25.116721297942288,0.5067262684368722,-0.5503189612982297
7617,100,30,30,30,24.973241786714357,0.5068765945894975,-0.5503189612982297
7618,100,30,30,30,24.38662292880845,0.489363021670393,-0.5503189612982297
7619,100,30,30,30,24.78438124476365,0.49130574784593,-0.5503189612982297
7620,100,30,30,30,24.64286389939366,0.4844805104362897,-0.5503189612982297
7621,100,30,30,30,24.841919891353083,0.4849488301490177,-0.5503189612982297
7622,100,30,30,30,24.86062979596867,0.48910076837665845,-0.5503189612982297
7623,100,30,30,30,24.64479280155072,0.4847042645300594,-0.5503189612982297
7624,100,30,30,30,25.101891032266266,0.48635274227752634,-0.5503189612982297
7625,100,30,30,30,24.899362841274144,0.48902071392095486,-0.5503189612982297
7626,100,30,30,30,24.84301613140541,0.48949033892041394,-0.5503189612982297
7627,100,30,30,30,24.02487317401593,0.482224904347419,-0.5503189612982297
7628,100,30,30,30,24.909718554896926,0.4917719475291651,-0.5503189612982297
7629,100,30,30,30,24.641732325648555,0.4952031164226686,-0.5503189612982297
7630,100,30,30,30,24.141197912622935,0.48101432857817655,-0.5503189612982297
7631,100,30,30,30,24.85141388059029,0.4798367971455967,-0.5503189612982297
7632,100,30,30,30,24.833616794498106,0.48576094681749366,-0.5503189612982297
7633,100,30,30,30,24.989628059356292,0.48566375846548065,-0.5503189612982297
7634,100,30,30,30,24.999659587263498,0.4798326841562613,-0.5503189612982297
7635,100,30,30,30,25.047886613905426,0.4904196308023095,-0.5503189612982297
7636,100,30,30,30,24.696997550417617,0.486427311453058,-0.5503189612982297
7637,100,30,30,30,24.708657758435336,0.49119287804454165,-0.5503189612982297
7638,100,30,30,30,25.225387824179307,0.48815903314281905,-0.5503189612982297
7639,100,30,30,30,24.903435840723773,0.48300745081293966,-0.5503189612982297
7640,100,30,30,30,24.768419757753392,0.48830980007746994,-0.5503189612982297
7641,100,30,30,30,25.012812448121615,0.4871738780885714,-0.5503189612982297
7642,100,30,30,30,24.745407312842108,0.4847906923277951,-0.5503189612982297
7643,100,30,30,30,24.973279514680527,0.4881552713787488,-0.5503189612982297
7644,100,30,30,30,25.030204059497187,0.4837812871106952,-0.5503189612982297
7645,100,30,30,30,24.92262345751984,0.4877775968408443,-0.5503189612982297
7646,100,30,30,30,25.088535548216168,0.4890709014559913,-0.5503189612982297
7647,100,30,30,30,25.10265032389654,0.4964719804216766,-0.5503189612982297
7648,100,30,30,30,24.696657980143147,0.4870840192509398,-0.5503189612982297
7649,100,30,30,30,25.000392025188624,0.4892102897759224,-0.5503189612982297
7650,100,30,30,30,24.857339647247496,0.4979997640464446,-0.5503189612982297
7651,100,30,30,30,25.19888391850521,0.4990916107498031,-0.5503189612982297
7652,100,30,30,30,25.03595712228048,0.50572479252915,-0.5503189612982297
7653,100,30,30,30,24.181648702998643,0.4965795408277859,-0.5503189612982297
7654,100,30,30,30,25.041715069707433,0.5031369804212854,-0.5503189612982297
7655,100,30,30,30,24.98688122641822,0.5071627891763762,-0.5503189612982297
7656,100,30,30,30,24.837432824002498,0.5117877710178316,-0.5503189612982297
7657,100,30,30,30,24.869790420569593,0.5084042226946309,-0.5503189612982297
7658,100,30,30,30,24.88442066278011,0.5125730250841768,-0.5503189612982297
7659,100,30,30,30,24.950364683408598,0.5152949488447252,-0.5503189612982297
7660,100,30,30,30,24.959429024475952,0.5185684419890774,-0.5503189612982297
7661,100,30,30,30,25.003943761547514,0.5234108506908468,-0.5503189612982297
7662,100,30,30,30,24.84579318108892,0.5143923797542533,-0.5503189612982297
7663,100,30,30,30,24.665989813038664,0.515258002096363,-0.5503189612982297
7664,100,30,30,30,24.670504542726125,0.514085677806227,-0.5503189612982297
7665,100,30,30,30,24.947950942810596,0.5203749643449328,-0.5503189612982297
7666,100,30,30,30,25.001093551439624,0.5276131435890985,-0.5503189612982297
7667,100,30,30,30,24.357748880101788,0.5228333189602609,-0.5503189612982297
7668,100,30,30,30,24.442850914327103,0.5180478555002287,-0.5503189612982297
7669,100,30,30,30,24.949391792572392,0.5152683034533263,-0.5503189612982297
7670,100,30,30,30,24.987272245262808,0.513582843945987,-0.5503189612982297
7671,100,30,30,30,24.914121849078015,0.5176664668977128,-0.5503189612982297
7672,100,30,30,30,25.006690570564707,0.5205930130949102,-0.5503189612982297
7673,100,30,30,30,25.193478966541385,0.5227714814478304,-0.5503189612982297
7674,100,30,30,30,24.69933973769811,0.5219989473713278,-0.5503189612982297
7675,100,30,30,30,24.50976660748553,0.5113412669921887,-0.5503189612982297
7676,100,30,30,30,25.003402407974498,0.5143036964972808,-0.5503189612982297
7677,100,30,30,30,24.83114844388636,0.5097713571199078,-0.5503189612982297
7678,100,30,30,30,24.968122635208573,0.5106756914843136,-0.5503189612982297
7679,100,30,30,30,25.05427332451871,0.5100258925607278,-0.5503189612982297
7680,100,30,30,30,24.771319243359848,0.5051402231913248,-0.5503189612982297
7681,100,30,30,30,25.07857261315759,0.5139634178129331,-0.5503189612982297
7682,100,30,30,30,25.01349066770168,0.5130673029864324,-0.5503189612982297
7683,100,30,30,30,24.866035848066993,0.5054738987057756,-0.5503189612982297
7684,100,30,30,30,24.936231464993924,0.5061664641341125,-0.5503189612982297
7685,100,30,30,30,24.840920367873487,0.5097606114056893,-0.5503189612982297
7686,100,30,30,30,24.3361256600782,0.5062589179899234,-0.5503189612982297
7687,100,30,30,30,24.986467137588207,0.5082764280288542,-0.5503189612982297
7688,100,30,30,30,24.986147503556317,0.5073168893433646,-0.5503189612982297
7689,100,30,30,30,24.900474802043327,0.504631055515737,-0.5503189612982297
7690,100,30,30,30,24.983969221650316,0.5106598290425718,-0.5503189612982297
7691,100,30,30,30,24.964902174489875,0.509070477664696,-0.5503189612982297
7692,100,30,30,30,24.994580621299846,0.5053783492454061,-0.5503189612982297
7693,100,30,30,30,24.998398451133617,0.5067924219423404,-0.5503189612982297
7694,100,30,30,30,25.01186338608891,0.506999768420999,-0.5503189612982297
7695,100,30,30,30,24.977118433868128,0.5176354510098322,-0.5503189612982297
7696,100,30,30,30,24.775897770176908,0.517296578291511,-0.5503189612982297
7697,100,30,30,30,24.8447257534109,0.5175087045923087,-0.5503189612982297
7698,100,30,30,30,25.032675615222132,0.5143953237531947,-0.5503189612982297
7699,100,30,30,30,24.68238140990181,0.5146876366073473,-0.5503189612982297
7700,100,30,30,30,24.984052791358497,0.5152236808742645,-0.5503189612982297
7701,100,30,30,30,24.746151093899453,0.5156055030101526,-0.5503189612982297
7702,100,30,30,30,25.019810940300957,0.5157975264374178,-0.5503189612982297
7703,100,30,30,30,25.022460387937137,0.5198236949160722,-0.5503189612982297
7704,100,30,30,30,24.928839995915755,0.5197824928770103,-0.5503189612982297
7705,100,30,30,30,24.810800360730447,0.5194072259281656,-0.5503189612982297
7706,100,30,30,30,25.204118619797963,0.5230097117311078,-0.5503189612982297
7707,100,30,30,30,24.645752765712444,0.5195484606912162,-0.5503189612982297
7708,100,30,30,30,24.994536591598155,0.5220170058693064,-0.5503189612982297
7709,100,30,30,30,25.266815269305617,0.5167919543891981,-0.5503189612982297
7710,100,30,30,30,24.6995915578918,0.512613273177961,-0.5503189612982297
7711,100,30,30,30,24.987896423002272,0.5145461707810196,-0.5503189612982297
7712,100,30,30,30,24.467364082556127,0.5077358923887194,-0.5503189612982297
7713,100,30,30,30,24.947930396882946,0.5108042298243981,-0.5503189612982297
7714,100,30,30,30,24.605127715504857,0.5021235128806375,-0.5503189612982297
7715,100,30,30,30,24.882423144900308,0.5002009060798387,-0.5503189612982297
7716,100,30,30,30,24.98087563855166,0.4995535933316148,-0.5503189612982297
7717,100,30,30,30,24.959042567631503,0.5070854810418363,-0.5503189612982297
7718,100,30,30,30,24.982357186278236,0.5136831568830987,-0.5503189612982297
7719,100,30,30,30,24.966321362686532,0.5134600772808223,-0.5503189612982297
7720,100,30,30,30,24.921096386338625,0.515551480008082,-0.5503189612982297
7721,100,30,30,30,24.947849829935656,0.5185009961883638,-0.5503189612982297
7722,100,30,30,30,24.929374020291615,0.5232832287125944,-0.5503189612982297
7723,100,30,30,30,25.000190081937408,0.5264540108816914,-0.5503189612982297
7724,100,30,30,30,24.830208273473637,0.5243997393917308,-0.5503189612982297
7725,100,30,30,30,24.955594513853896,0.5246453735340568,-0.5503189612982297
7726,100,30,30,30,24.70319569214398,0.5215772202234733,-0.5503189612982297
7727,100,30,30,30,24.920431447443562,0.5226071375073202,-0.5503189612982297
7728,100,30,30,30,24.926175412627636,0.5214462843940102,-0.5503189612982297
7729,100,30,30,30,24.994779817543304,0.5208285164729799,-0.5503189612982297
7730,100,30,30,30,24.732886351444627,0.5185275418306322,-0.5503189612982297
7731,100,30,30,30,24.783892252669833,0.5123819902851494,-0.5503189612982297
7732,100,30,30,30,24.979765353936,0.509650713334823,-0.5503189612982297
7733,100,30,30,30,24.897044043109073,0.510491885868215,-0.5503189612982297
7734,100,30,30,30,25.156862506144112,0.5062510609067157,-0.5503189612982297
7735,100,30,30,30,24.999625754893962,0.5115611966154118,-0.5503189612982297
7736,100,30,30,30,24.789132070328442,0.512413144760341,-0.5503189612982297
7737,100,30,30,30,24.998722414611166,0.5110554022342834,-0.5503189612982297
7738,100,30,30,30,25.054544765351977,0.509990691745272,-0.5503189612982297
7739,100,30,30,30,24.79585726295941,0.5060618264297082,-0.5503189612982297
7740,100,30,30,30,24.70280163227606,0.5076520484933278,-0.5503189612982297
7741,100,30,30,30,24.370051369966063,0.5041096696220844,-0.5503189612982297
7742,100,30,30,30,24.95492241134489,0.5015991810706917,-0.5503189612982297
7743,100,30,30,30,24.937443891867744,0.5052320703617421,-0.5503189612982297
7744,100,30,30,30,24.97373840854024,0.509628276422474,-0.5503189612982297
7745,100,30,30,30,24.963569873706113,0.5101365430875773,-0.5503189612982297
7746,100,30,30,30,24.975632742108317,0.5134204330531457,-0.5503189612982297
7747,100,30,30,30,25.06333243628555,0.5151739574260337,-0.5503189612982297
7748,100,30,30,30,24.75111066482562,0.509935097440486,-0.5503189612982297
7749,100,30,30,30,25.017285664984833,0.5079709098876615,-0.5503189612982297
7750,100,30,30,30,24.920611138407025,0.5112462641312487,-0.5503189612982297
7751,100,30,30,30,24.49436501440345,0.5012118109469592,-0.5503189612982297
7752,100,30,30,30,24.80212690337372,0.4974403884824898,-0.5503189612982297
7753,100,30,30,30,24.933396001167974,0.49862791325605127,-0.5503189612982297
7754,100,30,30,30,25.001240772351622,0.5010882498261294,-0.5503189612982297
7755,100,30,30,30,24.829466420813286,0.5024086856316166,-0.5503189612982297
7756,100,30,30,30,24.687008375426373,0.49845663080837416,-0.5503189612982297
7757,100,30,30,30,24.950125602526732,0.49924312867444554,-0.5503189612982297
7758,100,30,30,30,24.21450094632999,0.4885903200360972,-0.5503189612982297
7759,100,30,30,30,24.975649955941016,0.4893880526789164,-0.5503189612982297
7760,100,30,30,30,25.044740000225854,0.4956019061136196,-0.5503189612982297
7761,100,30,30,30,24.910154532159556,0.49297414788825916,-0.5503189612982297
7762,100,30,30,30,24.85566743172106,0.48669489951299016,-0.5503189612982297
7763,100,30,30,30,24.900434120518284,0.49210462234936764,-0.5503189612982297
7764,100,30,30,30,25.094256693766916,0.4901038627741614,-0.5503189612982297
7765,100,30,30,30,25.01669904525329,0.4928451953952801,-0.5503189612982297
7766,100,30,30,30,24.85540438287102,0.4874154119954715,-0.5503189612982297
7767,100,30,30,30,24.758452368891035,0.4802394420728655,-0.5503189612982297
7768,100,30,30,30,25.003806900941377,0.48174654330968575,-0.5503189612982297
7769,100,30,30,30,25.271361706789257,0.4888698297638796,-0.5503189612982297
7770,100,30,30,30,25.089415246813168,0.49193286228743205,-0.5503189612982297
7771,100,30,30,30,25.17604736536478,0.4971395088209321,-0.5503189612982297
7772,100,30,30,30,25.030659416043655,0.5010977916065993,-0.5503189612982297
7773,100,30,30,30,24.803770936916024,0.49865298218839604,-0.5503189612982297
7774,100,30,30,30,24.886598358384603,0.5091304492999507,-0.5503189612982297
7775,100,30,30,30,25.095871480442785,0.5034982072815405,-0.5503189612982297
7776,100,30,30,30,24.87919463087648,0.5030317060505263,-0.5503189612982297
7777,100,30,30,30,25.03126017128959,0.5077665502928578,-0.5503189612982297
7778,100,30,30,30,24.990595295756002,0.5130860093121568,-0.5503189612982297
7779,100,30,30,30,24.969328842533415,0.5157073863484818,-0.5503189612982297
7780,100,30,30,30,24.678623833157715,0.5067991479509634,-0.5503189612982297
7781,100,30,30,30,24.997288458932445,0.5038295689861862,-0.5503189612982297
7782,100,30,30,30,24.73241577908853,0.5062366419032573,-0.5503189612982297
7783,100,30,30,30,24.97580849395561,0.509428527061883,-0.5503189612982297
7784,100,30,30,30,25.083311893519593,0.5133057943998618,-0.5503189612982297
7785,100,30,30,30,24.8637685145001,0.5130256551308123,-0.5503189612982297
7786,100,30,30,30,25.01403673818197,0.5130147166527412,-0.5503189612982297
7787,100,30,30,30,24.80229218506139,0.511342397543555,-0.5503189612982297
7788,100,30,30,30,24.60024591175663,0.4960536425370972,-0.5503189612982297
7789,100,30,30,30,24.98261277070616,0.496791752230425,-0.5503189612982297
7790,100,30,30,30,24.982925577541778,0.49519189088959603,-0.5503189612982297
7791,100,30,30,30,25.00493123492361,0.49541325188346413,-0.5503189612982297
7792,100,30,30,30,24.835225606742604,0.49971449575101384,-0.5503189612982297
7793,100,30,30,30,25.059976806555643,0.5021139286307532,-0.5503189612982297
7794,100,30,30,30,25.019881312252355,0.5057124661817294,-0.5503189612982297
7795,100,30,30,30,24.87915407813007,0.511288955179197,-0.5503189612982297
7796,100,30,30,30,24.798166526987053,0.5040691788582189,-0.5503189612982297
7797,100,30,30,30,24.9611541831758,0.5065423468995376,-0.5503189612982297
7798,100,30,30,30,24.883333223679777,0.5082997901494021,-0.5503189612982297
7799,100,30,30,30,25.047530643924723,0.5156083732118012,-0.5503189612982297
7800,100,30,30,30,24.858981376816452,0.5135379606728463,-0.5503189612982297
7801,100,30,30,30,24.948184698370934,0.5071535050394407,-0.5503189612982297
7802,100,30,30,30,24.899520478346815,0.507528545048004,-0.5503189612982297
7803,100,30,30,30,24.95003513701148,0.5113319810069935,-0.5503189612982297
7804,100,30,30,30,24.983798354064994,0.5167296541196398,-0.5503189612982297
7805,100,30,30,30,24.9373970281493,0.5214556078856448,-0.5503189612982297
7806,100,30,30,30,24.948055532005547,0.5281443913380518,-0.5503189612982297
7807,100,30,30,30,24.96541584021916,0.5309066393384082,-0.5503189612982297
7808,100,30,30,30,24.767849229780587,0.5304207886777897,-0.5503189612982297
7809,100,30,30,30,24.930054731405406,0.5338325372522182,-0.5503189612982297
7810,100,30,30,30,24.77062954828559,0.5288050130691749,-0.5503189612982297
7811,100,30,30,30,24.94459605276382,0.5209792005267484,-0.5503189612982297
7812,100,30,30,30,24.43261293327553,0.5181516349920233,-0.5503189612982297
7813,100,30,30,30,25.190350828431914,0.5179694825447788,-0.5503189612982297
7814,100,30,30,30,24.863084259625005,0.5161551611713193,-0.5503189612982297
7815,100,30,30,30,24.99400471492358,0.5169333916774476,-0.5503189612982297
7816,100,30,30,30,24.772887260791112,0.5155785191830714,-0.5503189612982297
7817,100,30,30,30,25.0157293700582,0.518528981541529,-0.5503189612982297
7818,100,30,30,30,24.973009565922332,0.517122831174126,-0.5503189612982297
7819,100,30,30,30,24.794036618055152,0.5182043353011656,-0.5503189612982297
7820,100,30,30,30,24.591014535591135,0.5153094134056054,-0.5503189612982297
7821,100,30,30,30,24.611856754777342,0.5079484259127911,-0.5503189612982297
7822,100,30,30,30,24.80679188343831,0.5029796558206184,-0.5503189612982297
7823,100,30,30,30,24.91521952802613,0.5118045922996524,-0.5503189612982297
7824,100,30,30,30,24.763169837361154,0.5087502893752225,-0.5503189612982297
7825,100,30,30,30,24.726433060663005,0.5056378071818597,-0.5503189612982297
7826,100,30,30,30,24.685233982541945,0.49948449149470375,-0.5503189612982297
7827,100,30,30,30,24.73049109109572,0.49459323020411694,-0.5503189612982297
7828,100,30,30,30,24.891468240545343,0.49655321795253615,-0.5503189612982297
7829,100,30,30,30,25.026977393143575,0.5002161855407563,-0.5503189612982297
7830,100,30,30,30,24.811070650532592,0.49961145996795253,-0.5503189612982297
7831,100,30,30,30,25.212289580125287,0.5057499131483943,-0.5503189612982297
7832,100,30,30,30,25.007951953132824,0.5100687107681459,-0.5503189612982297
7833,100,30,30,30,24.622719301518437,0.49958421902859323,-0.5503189612982297
7834,100,30,30,30,24.855031929249897,0.4897883917919134,-0.5503189612982297
7835,100,30,30,30,24.950567083390276,0.4988676276086103,-0.5503189612982297
7836,100,30,30,30,25.14857776935085,0.5064401179146577,-0.5503189612982297
7837,100,30,30,30,24.902731168856995,0.5117339452969514,-0.5503189612982297
7838,100,30,30,30,25.077312280636892,0.509138160964468,-0.5503189612982297
7839,100,30,30,30,24.92886295814774,0.5120419620492659,-0.5503189612982297
7840,100,30,30,30,24.826120937600656,0.5143681444051512,-0.5503189612982297
7841,100,30,30,30,24.9941695977573,0.5177602759586275,-0.5503189612982297
7842,100,30,30,30,24.993775589281082,0.5164848746305417,-0.5503189612982297
7843,100,30,30,30,25.108792614429426,0.513785246082239,-0.5503189612982297
7844,100,30,30,30,24.97672306020626,0.5113649076008168,-0.5503189612982297
7845,100,30,30,30,24.716553558164513,0.5110859242397942,-0.5503189612982297
7846,100,30,30,30,24.585765192210744,0.5063600415791237,-0.5503189612982297
7847,100,30,30,30,24.548060347342137,0.5035286579421929,-0.5503189612982297
7848,100,30,30,30,24.97787435590273,0.5036966844925013,-0.5503189612982297
7849,100,30,30,30,24.802973504334794,0.494217137343197,-0.5503189612982297
7850,100,30,30,30,25.078479746605495,0.4960670811282401,-0.5503189612982297
7851,100,30,30,30,24.746449852902764,0.4947676572171322,-0.5503189612982297
7852,100,30,30,30,24.997688984150667,0.49773281980525896,-0.5503189612982297
7853,100,30,30,30,24.9782014654938,0.49494291340474134,-0.5503189612982297
7854,100,30,30,30,25.003908274827456,0.49662480300430484,-0.5503189612982297
7855,100,30,30,30,24.614371785971045,0.4907963553566135,-0.5503189612982297
7856,100,30,30,30,24.92658198175032,0.48919959144331476,-0.5503189612982297
7857,100,30,30,30,25.121719659641993,0.4885146379204055,-0.5503189612982297
7858,100,30,30,30,24.922513324585807,0.48942396062644655,-0.5503189612982297
7859,100,30,30,30,24.853244878324745,0.4807774306123648,-0.5503189612982297
7860,100,30,30,30,25.01529978126244,0.4850380781275485,-0.5503189612982297
7861,100,30,30,30,24.928393873657537,0.4857462195469073,-0.5503189612982297
7862,100,30,30,30,25.030966729883538,0.4931426839977827,-0.5503189612982297
7863,100,30,30,30,24.965886277804636,0.4943790952126154,-0.5503189612982297
7864,100,30,30,30,24.764798699202295,0.4930952490290442,-0.5503189612982297
7865,100,30,30,30,24.969039100744,0.4867411512645463,-0.5503189612982297
7866,100,30,30,30,25.183969285268972,0.4904304192222121,-0.5503189612982297
7867,100,30,30,30,25.033208503248176,0.48933044499467593,-0.5503189612982297
7868,100,30,30,30,24.992502878280423,0.48466841727695265,-0.5503189612982297
7869,100,30,30,30,25.09909286975453,0.4928014749405701,-0.5503189612982297
7870,100,30,30,30,24.557487075923845,0.48132393599570644,-0.5503189612982297
7871,100,30,30,30,24.944260986449837,0.48610336466765613,-0.5503189612982297
7872,100,30,30,30,25.056772500654027,0.49074803725034893,-0.5503189612982297
7873,100,30,30,30,25.070926655529675,0.4917442707453747,-0.5503189612982297
7874,100,30,30,30,24.84491352770413,0.4913548141637852,-0.5503189612982297
7875,100,30,30,30,24.54894319507728,0.49299408173596776,-0.5503189612982297
7876,100,30,30,30,24.973947736812363,0.48801165722768197,-0.5503189612982297
7877,100,30,30,30,24.76749273249327,0.4923685054472705,-0.5503189612982297
7878,100,30,30,30,24.950818260487623,0.4886361183925464,-0.5503189612982297
7879,100,30,30,30,25.07083808432048,0.4874635982134466,-0.5503189612982297
7880,100,30,30,30,24.935723039178882,0.49602245236970777,-0.5503189612982297
7881,100,30,30,30,24.54993656014804,0.48956187721343586,-0.5503189612982297
7882,100,30,30,30,24.982559156257015,0.4980431066813815,-0.5503189612982297
7883,100,30,30,30,24.876972507988498,0.5035677255685757,-0.5503189612982297
7884,100,30,30,30,24.9417682652549,0.49701908246783444,-0.5503189612982297
7885,100,30,30,30,24.773095996017666,0.48805505159475027,-0.5503189612982297
7886,100,30,30,30,24.84448406918023,0.4874217660648781,-0.5503189612982297
7887,100,30,30,30,25.078903521831315,0.49075264124234996,-0.5503189612982297
7888,100,30,30,30,25.000626005055178,0.4894550276832224,-0.5503189612982297
7889,100,30,30,30,25.01943305589451,0.493957481423651,-0.5503189612982297
7890,100,30,30,30,25.132161156966745,0.4970456805115577,-0.5503189612982297
7891,100,30,30,30,25.073543137477103,0.49948593970014254,-0.5503189612982297
7892,100,30,30,30,24.939012135852664,0.4987982781998464,-0.5503189612982297
7893,100,30,30,30,24.79922023555286,0.49467383488304484,-0.5503189612982297
7894,100,30,30,30,24.0950046383363,0.4827909394281562,-0.5503189612982297
7895,100,30,30,30,25.014098005936148,0.486248288274918,-0.5503189612982297
7896,100,30,30,30,24.838023518886114,0.48611484135342004,-0.5503189612982297
7897,100,30,30,30,24.620711403145805,0.4790846612768452,-0.5503189612982297
7898,100,30,30,30,24.936331139473495,0.46844481324901455,-0.5503189612982297
7899,100,30,30,30,24.99512957606401,0.46853877152474704,-0.5503189612982297
7900,100,30,30,30,24.99421165535944,0.4739803349996157,-0.5503189612982297
7901,100,30,30,30,24.800275390113416,0.47275048948888665,-0.5503189612982297
7902,100,30,30,30,25.001901947673108,0.4761649733207843,-0.5503189612982297
7903,100,30,30,30,24.57778118863731,0.46482434212576507,-0.5503189612982297
7904,100,30,30,30,25.080804639807575,0.4671324636729144,-0.5503189612982297
7905,100,30,30,30,25.0037373556625,0.47293257548953077,-0.5503189612982297
7906,100,30,30,30,24.934443073970822,0.47071833302143967,-0.5503189612982297
7907,100,30,30,30,25.053360127796147,0.4676065053246325,-0.5503189612982297
7908,100,30,30,30,24.8150226852068,0.4690403270276907,-0.5503189612982297
7909,100,30,30,30,25.061046630777668,0.47392997895807026,-0.5503189612982297
7910,100,30,30,30,24.97794010280633,0.46972927643002577,-0.5503189612982297
7911,100,30,30,30,24.991617495360188,0.47409434430329966,-0.5503189612982297
7912,100,30,30,30,24.766794189196737,0.47319667626126627,-0.5503189612982297
7913,100,30,30,30,25.10261359420754,0.4735255778166641,-0.5503189612982297
7914,100,30,30,30,24.935374254760706,0.47690485818630585,-0.5503189612982297
7915,100,30,30,30,24.92771679199072,0.4722015345273644,-0.5503189612982297
7916,100,30,30,30,24.964475901296943,0.4744621661529359,-0.5503189612982297
7917,100,30,30,30,25.028744389782865,0.4810586032853529,-0.5503189612982297
7918,100,30,30,30,24.856736490965822,0.481293190131706,-0.5503189612982297
7919,100,30,30,30,24.80213775473953,0.48820834023254966,-0.5503189612982297
7920,100,30,30,30,24.685943823040084,0.4923436076350026,-0.5503189612982297
7921,100,30,30,30,24.8407826255057,0.4935016771790115,-0.5503189612982297
7922,100,30,30,30,24.628799717528324,0.4948959879956029,-0.5503189612982297
7923,100,30,30,30,24.999194615922367,0.49764526243090473,-0.5503189612982297
7924,100,30,30,30,24.913810366339305,0.5004262193655546,-0.5503189612982297
7925,100,30,30,30,24.84336169630715,0.4973729630484109,-0.5503189612982297
7926,100,30,30,30,25.00946014359421,0.5005472214246675,-0.5503189612982297
7927,100,30,30,30,24.7967220944673,0.5006437646729252,-0.5503189612982297
7928,100,30,30,30,24.96743632862484,0.4958945596141634,-0.5503189612982297
7929,100,30,30,30,24.808135510706244,0.49788463670672933,-0.5503189612982297
7930,100,30,30,30,24.67068911930778,0.4992194231738248,-0.5503189612982297
7931,100,30,30,30,24.85360091844301,0.4989047676763957,-0.5503189612982297
7932,100,30,30,30,24.823888541472517,0.49411168009151973,-0.5503189612982297
7933,100,30,30,30,25.008351873054604,0.49661257871064574,-0.5503189612982297
7934,100,30,30,30,24.726241757384532,0.49122407809465357,-0.5503189612982297
7935,100,30,30,30,24.912453385025486,0.4865300044831626,-0.5503189612982297
7936,100,30,30,30,24.990923122126617,0.490184075856223,-0.5503189612982297
7937,100,30,30,30,25.051959042430838,0.4915468319196345,-0.5503189612982297
7938,100,30,30,30,24.857016477164006,0.4926209165811048,-0.5503189612982297
7939,100,30,30,30,24.994544211927916,0.4914064584824791,-0.5503189612982297
7940,100,30,30,30,24.86901910768947,0.49380647604171535,-0.5503189612982297
7941,100,30,30,30,24.947832789785505,0.4992170604683425,-0.5503189612982297
7942,100,30,30,30,24.54369455883381,0.49358391382449773,-0.5503189612982297
7943,100,30,30,30,24.81789479475192,0.49968379220895165,-0.5503189612982297
7944,100,30,30,30,24.89961116857844,0.4994741332175333,-0.5503189612982297
7945,100,30,30,30,25.14279125228137,0.5100031228295652,-0.5503189612982297
7946,100,30,30,30,24.826191197204942,0.5100921696277847,-0.5503189612982297
7947,100,30,30,30,24.82389684755283,0.5129189310301022,-0.5503189612982297
7948,100,30,30,30,24.963113696243305,0.5107047988442491,-0.5503189612982297
7949,100,30,30,30,25.020486636285277,0.5085732449119704,-0.5503189612982297
7950,100,30,30,30,25.05068478271459,0.5134226624387627,-0.5503189612982297
7951,100,30,30,30,24.60444101511628,0.5115694764866303,-0.5503189612982297
7952,100,30,30,30,24.816864904260935,0.5185797803485764,-0.5503189612982297
7953,100,30,30,30,24.916916268008425,0.522240751239024,-0.5503189612982297
7954,100,30,30,30,24.971463327601406,0.5173689598187176,-0.5503189612982297
7955,100,30,30,30,24.731402055093405,0.5133530666295844,-0.5503189612982297
7956,100,30,30,30,24.971242430462745,0.5126527302137505,-0.5503189612982297
7957,100,30,30,30,24.921985879658735,0.5167286927004845,-0.5503189612982297
7958,100,30,30,30,24.706021577742803,0.5156228123878365,-0.5503189612982297
7959,100,30,30,30,24.858507584894177,0.5145466179553242,-0.5503189612982297
7960,100,30,30,30,25.19688139280897,0.5203950649572133,-0.5503189612982297
7961,100,30,30,30,24.925217901491298,0.5248035965461764,-0.5503189612982297
7962,100,30,30,30,24.847693920514683,0.5180659316966754,-0.5503189612982297
7963,100,30,30,30,24.8499852440713,0.513465531275511,-0.5503189612982297
7964,100,30,30,30,25.00781283833726,0.5162664309484101,-0.5503189612982297
7965,100,30,30,30,24.418318507869145,0.5134093409115826,-0.5503189612982297
7966,100,30,30,30,24.941861595060832,0.5162418479199471,-0.5503189612982297
7967,100,30,30,30,24.898034375945677,0.5182796980071097,-0.5503189612982297
7968,100,30,30,30,25.000653834265346,0.5159348082468332,-0.5503189612982297
7969,100,30,30,30,25.057778182578225,0.5233770102202983,-0.5503189612982297
7970,100,30,30,30,24.960942342476734,0.5217406870668491,-0.5503189612982297
7971,100,30,30,30,25.010382061113887,0.5248880700933726,-0.5503189612982297
7972,100,30,30,30,24.974994345251673,0.5352835874449375,-0.5503189612982297
7973,100,30,30,30,24.86725878043864,0.5253616913226723,-0.5503189612982297
7974,100,30,30,30,24.994992747641838,0.5217714733520362,-0.5503189612982297
7975,100,30,30,30,24.90031477665135,0.5259907134323494,-0.5503189612982297
7976,100,30,30,30,25.076697750444204,0.5289854182563563,-0.5503189612982297
7977,100,30,30,30,25.031947567703057,0.5258098411616074,-0.5503189612982297
7978,100,30,30,30,25.085801395256663,0.5280617219987772,-0.5503189612982297
7979,100,30,30,30,25.00478535409865,0.524686099371542,-0.5503189612982297
7980,100,30,30,30,24.903629872723663,0.5278593868012804,-0.5503189612982297
7981,100,30,30,30,24.723471947551523,0.521263536403334,-0.5503189612982297
7982,100,30,30,30,25.003572315007162,0.5225610652507853,-0.5503189612982297
7983,100,30,30,30,24.98142405923356,0.5237557172469542,-0.5503189612982297
7984,100,30,30,30,24.98544261819143,0.5276224177414305,-0.5503189612982297
7985,100,30,30,30,24.954130309513683,0.5252547856376631,-0.5503189612982297
7986,100,30,30,30,24.899954380843603,0.5209262310238177,-0.5503189612982297
7987,100,30,30,30,24.042809953017972,0.5060309218823967,-0.5503189612982297
7988,100,30,30,30,25.031683325796973,0.5072413426450928,-0.5503189612982297
7989,100,30,30,30,25.14747378441293,0.50106840145114,-0.5503189612982297
7990,100,30,30,30,25.051972018137334,0.5009537229957218,-0.5503189612982297
7991,100,30,30,30,24.730327379192843,0.4982976957687436,-0.5503189612982297
7992,100,30,30,30,24.64033223601426,0.4989465617059139,-0.5503189612982297
7993,100,30,30,30,24.72838966751158,0.49811614273281496,-0.5503189612982297
7994,100,30,30,30,24.818170778131524,0.4910418055770445,-0.5503189612982297
7995,100,30,30,30,24.93374983812442,0.4879217995225569,-0.5503189612982297
7996,100,30,30,30,24.52709106360719,0.4846361887230772,-0.5503189612982297
7997,100,30,30,30,24.925630680271233,0.4886072491634863,-0.5503189612982297
7998,100,30,30,30,24.78371151775845,0.48968802210581136,-0.5503189612982297
7999,100,30,30,30,24.852301613918407,0.48607650796832075,-0.5503189612982297
8000,100,30,30,30,24.971371464536638,0.4841122743149436,-0.5503189612982297
8001,100,30,30,30,25.01517668934501,0.4898637213615621,-0.5503189612982297
8002,100,30,30,30,24.918335533984568,0.4914243586496007,-0.5503189612982297
8003,100,30,30,30,24.81836008511914,0.4895022421135843,-0.5503189612982297
8004,100,30,30,30,24.904592054031657,0.49589066276809085,-0.5503189612982297
8005,100,30,30,30,24.718327524882444,0.49296864012794384,-0.5503189612982297
8006,100,30,30,30,24.957091197565976,0.49887698474736347,-0.5503189612982297
8007,100,30,30,30,24.74353503271052,0.4964101872922824,-0.5503189612982297
8008,100,30,30,30,24.930201619500643,0.49492082822670097,-0.5503189612982297
8009,100,30,30,30,24.87362386403371,0.49369556070434795,-0.5503189612982297
8010,100,30,30,30,24.965548655524408,0.49645088019169736,-0.5503189612982297
8011,100,30,30,30,24.950793307847178,0.4927569130090292,-0.5503189612982297
8012,100,30,30,30,24.919472255374142,0.4892229518531801,-0.5503189612982297
8013,100,30,30,30,24.777181367144564,0.49405996308065364,-0.5503189612982297
8014,100,30,30,30,24.896784492498625,0.4974079329394781,-0.5503189612982297
8015,100,30,30,30,24.91728130900622,0.5028440522565882,-0.5503189612982297
8016,100,30,30,30,25.080604726948387,0.5098210924692388,-0.5503189612982297
8017,100,30,30,30,25.04401650774637,0.5138024374247936,-0.5503189612982297
8018,100,30,30,30,25.02286924742252,0.5146127032646598,-0.5503189612982297
8019,100,30,30,30,24.89398815994997,0.510125148092288,-0.5503189612982297
8020,100,30,30,30,25.05150954059676,0.5074590279151026,-0.5503189612982297
8021,100,30,30,30,24.94431191095544,0.5029247180306424,-0.5503189612982297
8022,100,30,30,30,24.58483691481404,0.5015001215490948,-0.5503189612982297
8023,100,30,30,30,24.903137245588546,0.5065285295811254,-0.5503189612982297
8024,100,30,30,30,24.953473118281966,0.5002727855676324,-0.5503189612982297
8025,100,30,30,30,24.983204833014128,0.5037206495077202,-0.5503189612982297
8026,100,30,30,30,24.89848982131444,0.49770851436131197,-0.5503189612982297
8027,100,30,30,30,24.88961680720339,0.488757977034116,-0.5503189612982297
8028,100,30,30,30,25.12916534572596,0.49223745193681573,-0.5503189612982297
8029,100,30,30,30,24.891684139379358,0.49115385414314494,-0.5503189612982297
8030,100,30,30,30,24.659098464100097,0.48815519866034723,-0.5503189612982297
8031,100,30,30,30,24.828431288095608,0.4867043444408348,-0.5503189612982297
8032,100,30,30,30,24.868026766496186,0.49230549879963115,-0.5503189612982297
8033,100,30,30,30,24.995926580764426,0.49646688074059303,-0.5503189612982297
8034,100,30,30,30,24.926520581791127,0.4959098616915715,-0.5503189612982297
8035,100,30,30,30,24.829602860274488,0.4930518358909275,-0.5503189612982297
8036,100,30,30,30,24.982484476889177,0.4985596359373811,-0.5503189612982297
8037,100,30,30,30,24.74449164491216,0.4965635440661039,-0.5503189612982297
8038,100,30,30,30,24.800879547172684,0.4943295599255944,-0.5503189612982297
8039,100,30,30,30,24.94001911386045,0.49116443688110534,-0.5503189612982297
8040,100,30,30,30,25.083352064145767,0.4907674660347156,-0.5503189612982297
8041,100,30,30,30,25.02445428622243,0.4956733030555593,-0.5503189612982297
8042,100,30,30,30,24.995933836722315,0.496372683164552,-0.5503189612982297
8043,100,30,30,30,24.96610157077639,0.49744433402954696,-0.5503189612982297
8044,100,30,30,30,24.88435660320384,0.4997779837709495,-0.5503189612982297
8045,100,30,30,30,24.966552113898203,0.49595234935841076,-0.5503189612982297
8046,100,30,30,30,24.914354375234133,0.4929721420634766,-0.5503189612982297
8047,100,30,30,30,24.912360878675486,0.48970724736384363,-0.5503189612982297
8048,100,30,30,30,24.609036071829557,0.48524419338815405,-0.5503189612982297
8049,100,30,30,30,25.025540845731918,0.48142919203558665,-0.5503189612982297
8050,100,30,30,30,24.749161022112894,0.4701031406561838,-0.5503189612982297
8051,100,30,30,30,25.105237684583756,0.47194830775183905,-0.5503189612982297
8052,100,30,30,30,25.025591446001364,0.4730582096539304,-0.5503189612982297
8053,100,30,30,30,24.92800927953813,0.47690403875146925,-0.5503189612982297
8054,100,30,30,30,25.01927853236222,0.4845680237957983,-0.5503189612982297
8055,100,30,30,30,25.019853791300324,0.4856434926399627,-0.5503189612982297
8056,100,30,30,30,24.900048567942044,0.481207492278874,-0.5503189612982297
8057,100,30,30,30,24.978161032452874,0.48583681658847777,-0.5503189612982297
8058,100,30,30,30,24.82627359177851,0.48969104788863504,-0.5503189612982297
8059,100,30,30,30,24.64026155434584,0.4822966933292839,-0.5503189612982297
8060,100,30,30,30,24.940667005170383,0.4838660231315381,-0.5503189612982297
8061,100,30,30,30,24.623483782919237,0.48376027379525377,-0.5503189612982297
8062,100,30,30,30,24.810660104078394,0.48202091143351833,-0.5503189612982297
8063,100,30,30,30,24.98407428684183,0.479373251603712,-0.5503189612982297
8064,100,30,30,30,25.090170342359436,0.48491638435447393,-0.5503189612982297
8065,100,30,30,30,25.0170105733578,0.4899118960065948,-0.5503189612982297
8066,100,30,30,30,24.812190010048933,0.49067870662005086,-0.5503189612982297
8067,100,30,30,30,24.993281173834745,0.4926378109170221,-0.5503189612982297
8068,100,30,30,30,24.976391729220786,0.4965495110097691,-0.5503189612982297
8069,100,30,30,30,24.966474058893397,0.5006983593314416,-0.5503189612982297
8070,100,30,30,30,25.00104905922669,0.49757726733607693,-0.5503189612982297
8071,100,30,30,30,24.930233952372973,0.49329118804875743,-0.5503189612982297
8072,100,30,30,30,24.679723442158394,0.4884769747399382,-0.5503189612982297
8073,100,30,30,30,25.00147128769445,0.49478910448691055,-0.5503189612982297
8074,100,30,30,30,24.66619180818389,0.4861910304431458,-0.5503189612982297
8075,100,30,30,30,25.128462688062907,0.48590709175412194,-0.5503189612982297
8076,100,30,30,30,25.07971417913963,0.4924483428228666,-0.5503189612982297
8077,100,30,30,30,24.93964729823798,0.4920373349986696,-0.5503189612982297
8078,100,30,30,30,24.838150503710434,0.49641095930505413,-0.5503189612982297
8079,100,30,30,30,24.992625544830922,0.49692441885945227,-0.5503189612982297
8080,100,30,30,30,24.823540159227065,0.49802307425745257,-0.5503189612982297
8081,100,30,30,30,24.99564342180932,0.49582032588505304,-0.5503189612982297
8082,100,30,30,30,24.835433023122935,0.49977572645670015,-0.5503189612982297
8083,100,30,30,30,24.976225943575734,0.5021429269898284,-0.5503189612982297
8084,100,30,30,30,24.86877265240927,0.4962817929840464,-0.5503189612982297
8085,100,30,30,30,24.950792960700134,0.491805812168794,-0.5503189612982297
8086,100,30,30,30,25.052770329354956,0.4901854631652257,-0.5503189612982297
8087,100,30,30,30,24.799804336736255,0.4907695794471262,-0.5503189612982297
8088,100,30,30,30,24.842829141295706,0.4932322344423077,-0.5503189612982297
8089,100,30,30,30,25.05308708302113,0.497186819003047,-0.5503189612982297
8090,100,30,30,30,24.95365032478586,0.5006786046272678,-0.5503189612982297
8091,100,30,30,30,24.945631950849602,0.49322990066280203,-0.5503189612982297
8092,100,30,30,30,24.693478889984547,0.48959424578178123,-0.5503189612982297
8093,100,30,30,30,24.978490906442648,0.49395335482744035,-0.5503189612982297
8094,100,30,30,30,24.972980966328585,0.5012568416952814,-0.5503189612982297
8095,100,30,30,30,24.996250910738702,0.5034188214142206,-0.5503189612982297
8096,100,30,30,30,25.213413114958712,0.5068783852906085,-0.5503189612982297
8097,100,30,30,30,24.677847219371444,0.5041057833240485,-0.5503189612982297
8098,100,30,30,30,25.020956099312087,0.514078704674511,-0.5503189612982297
8099,100,30,30,30,24.90353456429556,0.5114223364359486,-0.5503189612982297
8100,100,30,30,30,24.983116882460653,0.5191391238088812,-0.5503189612982297
8101,100,30,30,30,24.87096696481366,0.5261903092010621,-0.5503189612982297
8102,100,30,30,30,25.02536288133431,0.5204447519915008,-0.5503189612982297
8103,100,30,30,30,24.914355174286186,0.520638896670646,-0.5503189612982297
8104,100,30,30,30,24.865363235831833,0.5215769189558354,-0.5503189612982297
8105,100,30,30,30,24.78029061469087,0.5224738196853962,-0.5503189612982297
8106,100,30,30,30,24.99800335357329,0.5261874409586045,-0.5503189612982297
8107,100,30,30,30,24.59544133615895,0.5193367107439593,-0.5503189612982297
8108,100,30,30,30,24.972794577083867,0.518184316520262,-0.5503189612982297
8109,100,30,30,30,25.035168744401467,0.5108910723692167,-0.5503189612982297
8110,100,30,30,30,25.263849285027593,0.5153756121535383,-0.5503189612982297
8111,100,30,30,30,24.91592510948141,0.5148000328813198,-0.5503189612982297
8112,100,30,30,30,24.881890296363608,0.5104176677911841,-0.5503189612982297
8113,100,30,30,30,24.837032402796588,0.5082331706479709,-0.5503189612982297
8114,100,30,30,30,24.999513467672156,0.5065155074818208,-0.5503189612982297
8115,100,30,30,30,24.751299304119442,0.5077001551849111,-0.5503189612982297
8116,100,30,30,30,24.93025820074259,0.511527868229,-0.5503189612982297
8117,100,30,30,30,25.02862569408753,0.5107574237684762,-0.5503189612982297
8118,100,30,30,30,25.067306310533958,0.510988183564329,-0.5503189612982297
8119,100,30,30,30,25.138018731953544,0.5158123078716629,-0.5503189612982297
8120,100,30,30,30,24.940859372697627,0.5251070831646742,-0.5503189612982297
8121,100,30,30,30,24.911760421905402,0.5279559012239184,-0.5503189612982297
8122,100,30,30,30,24.836849851903327,0.5261608177721572,-0.5503189612982297
8123,100,30,30,30,24.81416302063302,0.5210637423860247,-0.5503189612982297
8124,100,30,30,30,24.978149370107914,0.5161862193450003,-0.5503189612982297
8125,100,30,30,30,24.84493898625535,0.5157360848604473,-0.5503189612982297
8126,100,30,30,30,24.83918439080835,0.5108939111578946,-0.5503189612982297
8127,100,30,30,30,25.012411872888165,0.5111418573050609,-0.5503189612982297
8128,100,30,30,30,24.829186678037157,0.5049022634324892,-0.5503189612982297
8129,100,30,30,30,24.5771586495514,0.5050132572549454,-0.5503189612982297
8130,100,30,30,30,25.239668550320822,0.5104491543427284,-0.5503189612982297
8131,100,30,30,30,25.00626677944832,0.5163122729463029,-0.5503189612982297
8132,100,30,30,30,25.050054465025383,0.5099598283603305,-0.5503189612982297
8133,100,30,30,30,24.993826854965054,0.5099286516663881,-0.5503189612982297
8134,100,30,30,30,24.9628202554719,0.5166241737746051,-0.5503189612982297
8135,100,30,30,30,24.712813241294228,0.5140172616541429,-0.5503189612982297
8136,100,30,30,30,24.862508346412127,0.510253545249394,-0.5503189612982297
8137,100,30,30,30,24.410029713354454,0.5072525116083066,-0.5503189612982297
8138,100,30,30,30,24.77376006974651,0.49819845157241716,-0.5503189612982297
8139,100,30,30,30,24.763609010689546,0.4939760318041811,-0.5503189612982297
8140,100,30,30,30,25.0481180117284,0.4891383963148821,-0.5503189612982297
8141,100,30,30,30,24.69042520750205,0.4838893707281246,-0.5503189612982297
8142,100,30,30,30,25.059321290183703,0.4844760562443287,-0.5503189612982297
8143,100,30,30,30,25.00294972607926,0.4779808025337736,-0.5503189612982297
8144,100,30,30,30,24.99067593835553,0.48065470358671303,-0.5503189612982297
8145,100,30,30,30,24.954364484387384,0.48598651068800447,-0.5503189612982297
8146,100,30,30,30,24.5505248607423,0.4838925401976069,-0.5503189612982297
8147,100,30,30,30,24.70717417219541,0.4819902394365949,-0.5503189612982297
8148,100,30,30,30,25.016770089034324,0.4808150476417481,-0.5503189612982297
8149,100,30,30,30,24.973525092511498,0.4851805900935088,-0.5503189612982297
8150,100,30,30,30,24.912250351918814,0.48807725951208547,-0.5503189612982297
8151,100,30,30,30,24.978484052940935,0.4902961164838665,-0.5503189612982297
8152,100,30,30,30,25.08741688676234,0.4960840616678889,-0.5503189612982297
8153,100,30,30,30,24.936795141555432,0.49774783797699584,-0.5503189612982297
8154,100,30,30,30,25.189491201368583,0.4963339702508591,-0.5503189612982297
8155,100,30,30,30,24.768739645662244,0.4937391876050027,-0.5503189612982297
8156,100,30,30,30,24.99950002114391,0.5043463441727175,-0.5503189612982297
8157,100,30,30,30,25.157802320118957,0.5100471305016971,-0.5503189612982297
8158,100,30,30,30,25.02427142568614,0.5102340668637301,-0.5503189612982297
8159,100,30,30,30,24.999273055992536,0.5062513421432019,-0.5503189612982297
8160,100,30,30,30,25.00945189964454,0.5106028011633053,-0.5503189612982297
8161,100,30,30,30,24.763077493214592,0.5033480539151166,-0.5503189612982297
8162,100,30,30,30,24.650453189917105,0.49114292054413067,-0.5503189612982297
8163,100,30,30,30,24.832316631018614,0.49469935866556947,-0.5503189612982297
8164,100,30,30,30,24.770086179096943,0.49332195687521513,-0.5503189612982297
8165,100,30,30,30,24.963257303225653,0.48558157522804857,-0.5503189612982297
8166,100,30,30,30,25.09909190863791,0.47614523333584324,-0.5503189612982297
8167,100,30,30,30,24.98236230560893,0.4758737369343909,-0.5503189612982297
8168,100,30,30,30,24.91995678762681,0.48180606968400214,-0.5503189612982297
8169,100,30,30,30,24.820455899627753,0.4828987969626678,-0.5503189612982297
8170,100,30,30,30,25.082349484103013,0.4889114494048094,-0.5503189612982297
8171,100,30,30,30,24.618453755571817,0.4910201755796499,-0.5503189612982297
8172,100,30,30,30,25.035997505788885,0.49400084672721406,-0.5503189612982297
8173,100,30,30,30,25.10596479751284,0.5011995307783027,-0.5503189612982297
8174,100,30,30,30,25.027955579825054,0.5075138492526386,-0.5503189612982297
8175,100,30,30,30,25.008758176460525,0.502065785362391,-0.5503189612982297
8176,100,30,30,30,25.115243325745972,0.5024573379489098,-0.5503189612982297
8177,100,30,30,30,25.017096682252188,0.5076669615801331,-0.5503189612982297
8178,100,30,30,30,24.766024250970634,0.5066020297641861,-0.5503189612982297
8179,100,30,30,30,24.89074834557033,0.5084398616079767,-0.5503189612982297
8180,100,30,30,30,25.098552204155606,0.512028924741321,-0.5503189612982297
8181,100,30,30,30,24.865059048701767,0.5094698830665477,-0.5503189612982297
8182,100,30,30,30,25.024263937422347,0.5129130738733936,-0.5503189612982297
8183,100,30,30,30,24.997954914125394,0.5100608942769087,-0.5503189612982297
8184,100,30,30,30,24.694954694074212,0.5032186481412103,-0.5503189612982297
8185,100,30,30,30,24.72206315469434,0.495549679625046,-0.5503189612982297
8186,100,30,30,30,24.934071684703966,0.4957295123230273,-0.5503189612982297
8187,100,30,30,30,24.96254642087618,0.4955362582024689,-0.5503189612982297
8188,100,30,30,30,25.010233630268765,0.493245803062541,-0.5503189612982297
8189,100,30,30,30,25.09804974113916,0.4959178319550306,-0.5503189612982297
8190,100,30,30,30,25.052056503518205,0.497447997328136,-0.5503189612982297
8191,100,30,30,30,24.63322520718106,0.4981825164889179,-0.5503189612982297
8192,100,30,30,30,24.899282978538885,0.4943120778674575,-0.5503189612982297
8193,100,30,30,30,24.993390931957432,0.49724517806551327,-0.5503189612982297
8194,100,30,30,30,25.013713091320604,0.504950846589066,-0.5503189612982297
8195,100,30,30,30,25.042406538811623,0.5131943370918677,-0.5503189612982297
8196,100,30,30,30,24.791139666993914,0.5176627797304109,-0.5503189612982297
8197,100,30,30,30,25.09977314886528,0.5211955172833692,-0.5503189612982297
8198,100,30,30,30,24.738447496097187,0.5169801569027755,-0.5503189612982297
8199,100,30,30,30,25.206497172459255,0.510086541059995,-0.5503189612982297
8200,100,30,30,30,24.9606363982383,0.5104432625729686,-0.5503189612982297
8201,100,30,30,30,24.956973474909383,0.5093990483464288,-0.5503189612982297
8202,100,30,30,30,25.249111117627045,0.5156339501630082,-0.5503189612982297
8203,100,30,30,30,24.975460646834094,0.5139388449629274,-0.5503189612982297
8204,100,30,30,30,24.896456675756312,0.5189548060493475,-0.5503189612982297
8205,100,30,30,30,24.952847617160355,0.5209051443151971,-0.5503189612982297
8206,100,30,30,30,25.12227930436314,0.521579612766164,-0.5503189612982297
8207,100,30,30,30,24.851416820180987,0.5188192816225318,-0.5503189612982297
8208,100,30,30,30,24.86589352413827,0.517873987781042,-0.5503189612982297
8209,100,30,30,30,24.940149417178134,0.5188888119263424,-0.5503189612982297
8210,100,30,30,30,25.010411908750434,0.5196435033666146,-0.5503189612982297
8211,100,30,30,30,24.963656135976848,0.524028643661643,-0.5503189612982297
8212,100,30,30,30,24.64258306521362,0.5078480744751533,-0.5503189612982297
8213,100,30,30,30,24.804027984174635,0.5027560611922436,-0.5503189612982297
8214,100,30,30,30,25.0391375257272,0.5023305081285799,-0.5503189612982297
8215,100,30,30,30,24.597371937069898,0.5055635211327186,-0.5503189612982297
8216,100,30,30,30,24.95156145776274,0.5051067735509599,-0.5503189612982297
8217,100,30,30,30,24.692951339529927,0.5066450552811704,-0.5503189612982297
8218,100,30,30,30,24.80491767619198,0.5107550954357643,-0.5503189612982297
8219,100,30,30,30,24.99832549031163,0.5111466245242342,-0.5503189612982297
8220,100,30,30,30,25.01314989221097,0.5120176594795763,-0.5503189612982297
8221,100,30,30,30,25.023751062102267,0.5208720205818655,-0.5503189612982297
8222,100,30,30,30,24.958285379352883,0.521084873855164,-0.5503189612982297
8223,100,30,30,30,24.68363757898046,0.5118134153870394,-0.5503189612982297
8224,100,30,30,30,25.01295885622031,0.5095090414142643,-0.5503189612982297
8225,100,30,30,30,24.92928799360554,0.5158184084904086,-0.5503189612982297
8226,100,30,30,30,25.04813108952186,0.5200410585660327,-0.5503189612982297
8227,100,30,30,30,25.00260515170769,0.5257336632104627,-0.5503189612982297
8228,100,30,30,30,24.393804533335278,0.5153869593675352,-0.5503189612982297
8229,100,30,30,30,24.812235695979307,0.5043119635987753,-0.5503189612982297
8230,100,30,30,30,24.70093138917916,0.5016431881775487,-0.5503189612982297
8231,100,30,30,30,24.76382672118703,0.50256660225877,-0.5503189612982297
8232,100,30,30,30,24.87543108999583,0.5048013588198387,-0.5503189612982297
8233,100,30,30,30,25.008725353733446,0.5014820109144136,-0.5503189612982297
8234,100,30,30,30,24.758095136117106,0.4912359422813365,-0.5503189612982297
8235,100,30,30,30,24.83649048894472,0.4914003128139955,-0.5503189612982297
8236,100,30,30,30,24.973716302048825,0.49524406211439925,-0.5503189612982297
8237,100,30,30,30,24.818530523702748,0.5007690184418505,-0.5503189612982297
8238,100,30,30,30,24.93667695815678,0.5025231005786032,-0.5503189612982297
8239,100,30,30,30,25.018676100809238,0.5042584039276156,-0.5503189612982297
8240,100,30,30,30,24.867309829805038,0.5020442114049102,-0.5503189612982297
8241,100,30,30,30,24.8609451663201,0.49555916134515476,-0.5503189612982297
8242,100,30,30,30,25.17494085598021,0.4970158482452285,-0.5503189612982297
8243,100,30,30,30,25.01608205001921,0.4904440161396695,-0.5503189612982297
8244,100,30,30,30,24.847012888625088,0.4978474358604081,-0.5503189612982297
8245,100,30,30,30,24.898991935434097,0.4965490428507479,-0.5503189612982297
8246,100,30,30,30,25.033370649041043,0.49498490670335177,-0.5503189612982297
8247,100,30,30,30,25.024576013986533,0.5002332836599693,-0.5503189612982297
8248,100,30,30,30,25.044788512377664,0.5033468980248362,-0.5503189612982297
8249,100,30,30,30,25.242818464430837,0.5089551151347201,-0.5503189612982297
8250,100,30,30,30,24.971671056067173,0.5086199102491065,-0.5503189612982297
8251,100,30,30,30,25.24305312984933,0.5099747756927524,-0.5503189612982297
8252,100,30,30,30,25.002549166451416,0.5053414640465111,-0.5503189612982297
8253,100,30,30,30,24.66422722391491,0.5023549756442848,-0.5503189612982297
8254,100,30,30,30,24.930999540553884,0.5061060833515054,-0.5503189612982297
8255,100,30,30,30,25.023415149106235,0.5083885955309997,-0.5503189612982297
8256,100,30,30,30,24.674060375971308,0.503998873618752,-0.5503189612982297
8257,100,30,30,30,25.1911132859355,0.5029277049357556,-0.5503189612982297
8258,100,30,30,30,24.95859694257513,0.5011752740275244,-0.5503189612982297
8259,100,30,30,30,25.00121602116854,0.500990369768076,-0.5503189612982297
8260,100,30,30,30,24.87424222217878,0.49173768447608496,-0.5503189612982297
8261,100,30,30,30,24.705632470113443,0.4887714418038683,-0.5503189612982297
8262,100,30,30,30,24.995794694559212,0.49898653499563067,-0.5503189612982297
8263,100,30,30,30,24.7414351750893,0.4977681322322962,-0.5503189612982297
8264,100,30,30,30,25.04526479202949,0.5002505686069556,-0.5503189612982297
8265,100,30,30,30,25.13594905111122,0.5063823920605971,-0.5503189612982297
8266,100,30,30,30,24.65351455078838,0.5035836143905104,-0.5503189612982297
8267,100,30,30,30,25.29985813484423,0.5034740088545768,-0.5503189612982297
8268,100,30,30,30,24.646865283473275,0.5017512103214515,-0.5503189612982297
8269,100,30,30,30,24.50796773735877,0.494586973348383,-0.5503189612982297
8270,100,30,30,30,24.26860025629144,0.4872402010801209,-0.5503189612982297
8271,100,30,30,30,24.94614899454352,0.48495994649635565,-0.5503189612982297
8272,100,30,30,30,25.061782249516007,0.49160862832502417,-0.5503189612982297
8273,100,30,30,30,25.005452540126292,0.4920934872856815,-0.5503189612982297
8274,100,30,30,30,25.08906942742836,0.4926158784939459,-0.5503189612982297
8275,100,30,30,30,24.793119560125305,0.49308651690799266,-0.5503189612982297
8276,100,30,30,30,25.265867277855044,0.49774560883099833,-0.5503189612982297
8277,100,30,30,30,24.930444084741147,0.49169254725039624,-0.5503189612982297
8278,100,30,30,30,24.890010235030257,0.48901601269554096,-0.5503189612982297
8279,100,30,30,30,24.985441484823937,0.48916237260998097,-0.5503189612982297
8280,100,30,30,30,24.94010768780774,0.48566406491589387,-0.5503189612982297
8281,100,30,30,30,24.652387430281482,0.4857573533150469,-0.5503189612982297
8282,100,30,30,30,25.01923616261231,0.4874718992823176,-0.5503189612982297
8283,100,30,30,30,24.82313702996634,0.47896794841166196,-0.5503189612982297
8284,100,30,30,30,25.019461108632505,0.48373058224589116,-0.5503189612982297
8285,100,30,30,30,24.5537408792734,0.4843404246670954,-0.5503189612982297
8286,100,30,30,30,25.03407864989614,0.48246959269057704,-0.5503189612982297
8287,100,30,30,30,24.902142851020507,0.48143219377696655,-0.5503189612982297
8288,100,30,30,30,24.85311927215289,0.4763741875193092,-0.5503189612982297
8289,100,30,30,30,24.948473979042763,0.48409596698321816,-0.5503189612982297
8290,100,30,30,30,24.847463322921925,0.4870399476642673,-0.5503189612982297
8291,100,30,30,30,24.841228092670413,0.4828864395827296,-0.5503189612982297
8292,100,30,30,30,24.832716310825177,0.4752084552300771,-0.5503189612982297
8293,100,30,30,30,24.85684704762577,0.4794650613986699,-0.5503189612982297
8294,100,30,30,30,25.17256314843261,0.48195127929123577,-0.5503189612982297
8295,100,30,30,30,24.996358940289134,0.49199296894661665,-0.5503189612982297
8296,100,30,30,30,24.999033000353805,0.4973759945071238,-0.5503189612982297
8297,100,30,30,30,24.95155665297292,0.49048081259016885,-0.5503189612982297
8298,100,30,30,30,24.9991562875977,0.4979523013048597,-0.5503189612982297
8299,100,30,30,30,24.88525197231227,0.49860221592421866,-0.5503189612982297
8300,100,30,30,30,24.901849582948067,0.5054786204248234,-0.5503189612982297
8301,100,30,30,30,24.899906993504544,0.5072877902345121,-0.5503189612982297
8302,100,30,30,30,24.93792265447353,0.5072704564556015,-0.5503189612982297
8303,100,30,30,30,24.944505874137285,0.5142303381072207,-0.5503189612982297
8304,100,30,30,30,24.604756068875428,0.5070469801443517,-0.5503189612982297
8305,100,30,30,30,24.852997680089004,0.510944661918446,-0.5503189612982297
8306,100,30,30,30,25.004561084403402,0.5165794597748259,-0.5503189612982297
8307,100,30,30,30,24.9381971899207,0.5183840029888103,-0.5503189612982297
8308,100,30,30,30,24.992720667078117,0.526049798709718,-0.5503189612982297
8309,100,30,30,30,24.99523706449292,0.5240091847854328,-0.5503189612982297
8310,100,30,30,30,24.928725482407494,0.5269760118797661,-0.5503189612982297
8311,100,30,30,30,24.91280456762178,0.5258701687076203,-0.5503189612982297
8312,100,30,30,30,24.957680496131186,0.5317261464384455,-0.5503189612982297
8313,100,30,30,30,25.060739272294114,0.5373960323527759,-0.5503189612982297
8314,100,30,30,30,24.977227650785572,0.5403403385921604,-0.5503189612982297
8315,100,30,30,30,25.04213342372449,0.5424471976349619,-0.5503189612982297
8316,100,30,30,30,24.914185424910137,0.5440756701377332,-0.5503189612982297
8317,100,30,30,30,25.29772969509618,0.5470700067708963,-0.5503189612982297
8318,100,30,30,30,24.65286329498995,0.5436023509463197,-0.5503189612982297
8319,100,30,30,30,24.535117194141762,0.5380546507460576,-0.5503189612982297
8320,100,30,30,30,24.886688172052757,0.5313210832114651,-0.5503189612982297
8321,100,30,30,30,24.96412146597271,0.5359355957835079,-0.5503189612982297
8322,100,30,30,30,25.17470630020906,0.5381941203862471,-0.5503189612982297
8323,100,30,30,30,24.986809883806522,0.5350134914557012,-0.5503189612982297
8324,100,30,30,30,24.854263799730756,0.5332926843359292,-0.5503189612982297
8325,100,30,30,30,24.96916914667206,0.5256313954617846,-0.5503189612982297
8326,100,30,30,30,24.873625100896604,0.5223735320012461,-0.5503189612982297
8327,100,30,30,30,24.67629830498936,0.5225554463242132,-0.5503189612982297
8328,100,30,30,30,24.96986467009591,0.5187679013802963,-0.5503189612982297
8329,100,30,30,30,25.08483231347649,0.520855836389833,-0.5503189612982297
8330,100,30,30,30,24.848669023685456,0.519267406693426,-0.5503189612982297
8331,100,30,30,30,25.03487046660824,0.5237172864143923,-0.5503189612982297
8332,100,30,30,30,24.901188145941518,0.517467929129762,-0.5503189612982297
8333,100,30,30,30,24.71556324251796,0.5194360504759762,-0.5503189612982297
8334,100,30,30,30,24.89396516010789,0.5193211263082229,-0.5503189612982297
8335,100,30,30,30,25.010366242018826,0.5165877201687924,-0.5503189612982297
8336,100,30,30,30,24.84830203143561,0.5238003926411108,-0.5503189612982297
8337,100,30,30,30,24.963291720179903,0.5209513198268761,-0.5503189612982297
8338,100,30,30,30,24.91195867663935,0.5238532985183552,-0.5503189612982297
8339,100,30,30,30,24.753009144439105,0.5205999758623387,-0.5503189612982297
8340,100,30,30,30,25.113476146650093,0.5227559112650288,-0.5503189612982297
8341,100,30,30,30,24.923794620417095,0.5244961142845345,-0.5503189612982297
8342,100,30,30,30,24.947773739624658,0.5297647981106512,-0.5503189612982297
8343,100,30,30,30,25.047345798821784,0.5246204741039604,-0.5503189612982297
8344,100,30,30,30,24.810587356093823,0.5150934674959654,-0.5503189612982297
8345,100,30,30,30,24.763185143075273,0.5114544489020243,-0.5503189612982297
8346,100,30,30,30,24.586853977988362,0.49836926921387276,-0.5503189612982297
8347,100,30,30,30,24.966669714791678,0.49454109294584997,-0.5503189612982297
8348,100,30,30,30,25.147611799772157,0.499690735525029,-0.5503189612982297
8349,100,30,30,30,25.029044678333477,0.503555050914689,-0.5503189612982297
8350,100,30,30,30,24.98063620127979,0.505192717385882,-0.5503189612982297
8351,100,30,30,30,25.152241717593615,0.5043107994840403,-0.5503189612982297
8352,100,30,30,30,24.969090714304826,0.5046228152366353,-0.5503189612982297
8353,100,30,30,30,25.013007077144355,0.5053663211286548,-0.5503189612982297
8354,100,30,30,30,24.920246514089136,0.4997553759287942,-0.5503189612982297
8355,100,30,30,30,24.974308124840746,0.5085973460136511,-0.5503189612982297
8356,100,30,30,30,24.91394272178176,0.5099563075891093,-0.5503189612982297
8357,100,30,30,30,25.21044773783681,0.5037693598177181,-0.5503189612982297
8358,100,30,30,30,25.131718341899813,0.5085096087253195,-0.5503189612982297
8359,100,30,30,30,24.940536856120115,0.5085311598405375,-0.5503189612982297
8360,100,30,30,30,24.80327293871511,0.5071605998708476,-0.5503189612982297
8361,100,30,30,30,24.9032706295991,0.5174711977937352,-0.5503189612982297
8362,100,30,30,30,24.877928046661587,0.5058406625668794,-0.5503189612982297
8363,100,30,30,30,24.870622891311285,0.5062107768605149,-0.5503189612982297
8364,100,30,30,30,24.99560478694794,0.5066694700808446,-0.5503189612982297
8365,100,30,30,30,25.025670287540628,0.5080281996452376,-0.5503189612982297
8366,100,30,30,30,24.67362895590921,0.4965668846158045,-0.5503189612982297
8367,100,30,30,30,24.80522266853168,0.4883419487933208,-0.5503189612982297
8368,100,30,30,30,24.800069565710647,0.4859295951426024,-0.5503189612982297
8369,100,30,30,30,25.005041162977474,0.4878738437813644,-0.5503189612982297
8370,100,30,30,30,24.90331213836896,0.4855275819486211,-0.5503189612982297
8371,100,30,30,30,24.868090383335474,0.4907540552052817,-0.5503189612982297
8372,100,30,30,30,25.01984112951289,0.49529545056915214,-0.5503189612982297
8373,100,30,30,30,24.913976801061363,0.494797462042395,-0.5503189612982297
8374,100,30,30,30,25.047414912852197,0.49687975298407394,-0.5503189612982297
8375,100,30,30,30,24.539310195827316,0.4922500244786335,-0.5503189612982297
8376,100,30,30,30,24.615996786020563,0.48636231383107176,-0.5503189612982297
8377,100,30,30,30,24.812645296203222,0.4846067016110596,-0.5503189612982297
8378,100,30,30,30,24.974292371719898,0.4879933033389454,-0.5503189612982297
8379,100,30,30,30,24.567311125904055,0.48880888392206795,-0.5503189612982297
8380,100,30,30,30,24.689339424739828,0.48636185483723254,-0.5503189612982297
8381,100,30,30,30,24.98564727685293,0.49180791169600685,-0.5503189612982297
8382,100,30,30,30,25.096592388309446,0.4847669245583681,-0.5503189612982297
8383,100,30,30,30,24.924772338580205,0.4819612108175828,-0.5503189612982297
8384,100,30,30,30,24.309900504099367,0.47512896247308906,-0.5503189612982297
8385,100,30,30,30,24.919053952184157,0.47871113780001523,-0.5503189612982297
8386,100,30,30,30,25.03529263336644,0.4796099415471054,-0.5503189612982297
8387,100,30,30,30,24.95095772082316,0.4855158219603337,-0.5503189612982297
8388,100,30,30,30,24.6658273381421,0.4841414328330728,-0.5503189612982297
8389,100,30,30,30,24.748791076083826,0.4861853580768205,-0.5503189612982297
8390,100,30,30,30,24.80301883329933,0.4905574138062319,-0.5503189612982297
8391,100,30,30,30,24.84164610250218,0.4874041169236167,-0.5503189612982297
8392,100,30,30,30,24.66186472743533,0.49507678320316983,-0.5503189612982297
8393,100,30,30,30,25.30065474421282,0.5021928250999564,-0.5503189612982297
8394,100,30,30,30,25.03362195715561,0.5055743926908297,-0.5503189612982297
8395,100,30,30,30,24.972478666222017,0.5039346896525009,-0.5503189612982297
8396,100,30,30,30,24.862428864686358,0.5030645391549143,-0.5503189612982297
8397,100,30,30,30,24.67718558676752,0.5019778246810928,-0.5503189612982297
8398,100,30,30,30,24.87059151942986,0.5049894035879835,-0.5503189612982297
8399,100,30,30,30,24.895359519134374,0.504331505341956,-0.5503189612982297
8400,100,30,30,30,25.017607066328893,0.5112376637477858,-0.5503189612982297
8401,100,30,30,30,24.924901137148915,0.5125363587899139,-0.5503189612982297
8402,100,30,30,30,25.04313508967722,0.5126032517068402,-0.5503189612982297
8403,100,30,30,30,24.786123470775504,0.5184128672474386,-0.5503189612982297
8404,100,30,30,30,24.755356295061596,0.5106615859481666,-0.5503189612982297
8405,100,30,30,30,24.927993520103314,0.51682617203137,-0.5503189612982297
8406,100,30,30,30,24.91646359203083,0.525421631901578,-0.5503189612982297
8407,100,30,30,30,24.633278737387677,0.5211368189899196,-0.5503189612982297
8408,100,30,30,30,25.01030557337809,0.5227972788382875,-0.5503189612982297
8409,100,30,30,30,24.92380746606448,0.5195852135754222,-0.5503189612982297
8410,100,30,30,30,25.024020158351078,0.528184500938594,-0.5503189612982297
8411,100,30,30,30,25.190212893894575,0.5265534454098989,-0.5503189612982297
8412,100,30,30,30,24.673253863553494,0.52598793253521,-0.5503189612982297
8413,100,30,30,30,24.885417477159606,0.5235723856618397,-0.5503189612982297
8414,100,30,30,30,24.988930015157145,0.515882380660574,-0.5503189612982297
8415,100,30,30,30,24.882764912472872,0.5162002396730123,-0.5503189612982297
8416,100,30,30,30,24.681041210035172,0.512216881680766,-0.5503189612982297
8417,100,30,30,30,24.996295954160097,0.5134831690450352,-0.5503189612982297
8418,100,30,30,30,24.781951163447765,0.5016868331395713,-0.5503189612982297
8419,100,30,30,30,24.994422505953743,0.502264028179602,-0.5503189612982297
8420,100,30,30,30,24.885384802942525,0.49676136753098754,-0.5503189612982297
8421,100,30,30,30,24.839666165062045,0.499095671461416,-0.5503189612982297
8422,100,30,30,30,24.546285581322024,0.5002344103179088,-0.5503189612982297
8423,100,30,30,30,24.98379347668013,0.49755430590761,-0.5503189612982297
8424,100,30,30,30,25.230310261137383,0.499616423443118,-0.5503189612982297
8425,100,30,30,30,24.49125038999307,0.4901450939967319,-0.5503189612982297
8426,100,30,30,30,24.979430919321793,0.4878090022665873,-0.5503189612982297
8427,100,30,30,30,24.750087341631982,0.4890451783382986,-0.5503189612982297
8428,100,30,30,30,24.91508215785816,0.48684776789912193,-0.5503189612982297
8429,100,30,30,30,24.88086459212641,0.4853053833909909,-0.5503189612982297
8430,100,30,30,30,24.259323353502317,0.4800188294857364,-0.5503189612982297
8431,100,30,30,30,24.766819291503026,0.4720302103597401,-0.5503189612982297
8432,100,30,30,30,25.053940744814028,0.46011388448047075,-0.5503189612982297
8433,100,30,30,30,24.849214342100744,0.4598429802704615,-0.5503189612982297
8434,100,30,30,30,24.904075359450374,0.46339594073487467,-0.5503189612982297
8435,100,30,30,30,24.94051492269122,0.4676910373912776,-0.5503189612982297
8436,100,30,30,30,25.144280627175455,0.47000058533950045,-0.5503189612982297
8437,100,30,30,30,24.89358198031735,0.47986715636587035,-0.5503189612982297
8438,100,30,30,30,24.927359372746274,0.4772155971249467,-0.5503189612982297
8439,100,30,30,30,24.92710212944435,0.48115213985032507,-0.5503189612982297
8440,100,30,30,30,24.517504718206222,0.4710318555003399,-0.5503189612982297
8441,100,30,30,30,23.889313966450235,0.4606124152639765,-0.5503189612982297
8442,100,30,30,30,24.999948427789988,0.4608336985464362,-0.5503189612982297
8443,100,30,30,30,24.689290714958936,0.4549070086576997,-0.5503189612982297
8444,100,30,30,30,24.901009745755,0.4556109039320608,-0.5503189612982297
8445,100,30,30,30,24.71241737782239,0.4491428841421817,-0.5503189612982297
8446,100,30,30,30,24.85782016374935,0.44235766708095814,-0.5503189612982297
8447,100,30,30,30,25.162699498482517,0.45190749608677677,-0.5503189612982297
8448,100,30,30,30,24.764199797073324,0.46073629264834914,-0.5503189612982297
8449,100,30,30,30,25.056675410654908,0.4596749115805626,-0.5503189612982297
8450,100,30,30,30,24.995418091486894,0.4617639513836559,-0.5503189612982297
8451,100,30,30,30,24.864121474885863,0.4644439506203152,-0.5503189612982297
8452,100,30,30,30,25.158701848319353,0.4672995140874275,-0.5503189612982297
8453,100,30,30,30,24.998582518476905,0.46963362939442116,-0.5503189612982297
8454,100,30,30,30,24.991568453361587,0.4704224319095023,-0.5503189612982297
8455,100,30,30,30,24.979602390401915,0.4810604365836097,-0.5503189612982297
8456,100,30,30,30,24.667330517614634,0.4848907256169252,-0.5503189612982297
8457,100,30,30,30,25.324701603492628,0.48148014201737094,-0.5503189612982297
8458,100,30,30,30,25.054130545314653,0.48184257531934654,-0.5503189612982297
8459,100,30,30,30,24.743687884380332,0.47795699173862466,-0.5503189612982297
8460,100,30,30,30,24.948396909136296,0.4845810483700721,-0.5503189612982297
8461,100,30,30,30,24.992293191953245,0.48918840476336506,-0.5503189612982297
8462,100,30,30,30,24.98159849665921,0.4943505969695522,-0.5503189612982297
8463,100,30,30,30,24.755610172510465,0.4975070481488949,-0.5503189612982297
8464,100,30,30,30,25.063178423247642,0.5007254046338402,-0.5503189612982297
8465,100,30,30,30,24.943806792477446,0.5030465904804545,-0.5503189612982297
8466,100,30,30,30,24.742331847181706,0.5011195289624037,-0.5503189612982297
8467,100,30,30,30,24.833582296659337,0.4974728925860472,-0.5503189612982297
8468,100,30,30,30,25.012115775649555,0.4961823651866515,-0.5503189612982297
8469,100,30,30,30,24.953664526060603,0.49923694309436584,-0.5503189612982297
8470,100,30,30,30,24.988377641815575,0.5011735318905256,-0.5503189612982297
8471,100,30,30,30,24.817692119209788,0.4973732366870124,-0.5503189612982297
8472,100,30,30,30,24.952291448992018,0.489752821246864,-0.5503189612982297
8473,100,30,30,30,24.995572744590532,0.492195484357226,-0.5503189612982297
8474,100,30,30,30,24.910176423219774,0.4945886569601758,-0.5503189612982297
8475,100,30,30,30,24.97091900157647,0.4909815171312027,-0.5503189612982297
8476,100,30,30,30,24.0452902172219,0.4706285655714198,-0.5503189612982297
8477,100,30,30,30,24.833699973439757,0.4735660283546844,-0.5503189612982297
8478,100,30,30,30,25.059123606164704,0.4770374622092423,-0.5503189612982297
8479,100,30,30,30,24.70235086900383,0.475694809916263,-0.5503189612982297
8480,100,30,30,30,24.808351044177545,0.4722626588602717,-0.5503189612982297
8481,100,30,30,30,24.989874115597843,0.4822889545219787,-0.5503189612982297
8482,100,30,30,30,25.430094204431512,0.4765236926332258,-0.5503189612982297
8483,100,30,30,30,24.951840718194372,0.48156125102402497,-0.5503189612982297
8484,100,30,30,30,25.26410974047255,0.47905790542472715,-0.5503189612982297
8485,100,30,30,30,24.895022020326877,0.4798012149625615,-0.5503189612982297
8486,100,30,30,30,24.96231163859639,0.4782723972382049,-0.5503189612982297
8487,100,30,30,30,24.574510053439646,0.4736525653742588,-0.5503189612982297
8488,100,30,30,30,24.955661480665164,0.4780008272307434,-0.5503189612982297
8489,100,30,30,30,25.010381701097103,0.4793932360197844,-0.5503189612982297
8490,100,30,30,30,24.56207525010081,0.4814844476626336,-0.5503189612982297
8491,100,30,30,30,24.85605434022238,0.4794320044274185,-0.5503189612982297
8492,100,30,30,30,24.817418713050337,0.47719835511544745,-0.5503189612982297
8493,100,30,30,30,24.93883770563135,0.4844760079340707,-0.5503189612982297
8494,100,30,30,30,24.976706048504045,0.48003516636601334,-0.5503189612982297
8495,100,30,30,30,24.66028740631411,0.4754455126265375,-0.5503189612982297
8496,100,30,30,30,24.98782684345633,0.47513690588294555,-0.5503189612982297
8497,100,30,30,30,24.77346312686229,0.4790294090852885,-0.5503189612982297
8498,100,30,30,30,25.101082103373116,0.4777792933522138,-0.5503189612982297
8499,100,30,30,30,24.976308964825783,0.4758677824717848,-0.5503189612982297
8500,100,30,30,30,24.75888520412226,0.4758737578289281,-0.5503189612982297
8501,100,30,30,30,24.215085717703136,0.46590537065954435,-0.5503189612982297
8502,100,30,30,30,24.9290553990783,0.4702137683854197,-0.5503189612982297
8503,100,30,30,30,24.978441460481015,0.47186077834681206,-0.5503189612982297
8504,100,30,30,30,24.813258488143468,0.4775130909659129,-0.5503189612982297
8505,100,30,30,30,24.81551854053385,0.4827012877517273,-0.5503189612982297
8506,100,30,30,30,24.97569142763782,0.4819806612751269,-0.5503189612982297
8507,100,30,30,30,25.100216156845704,0.4865012946976968,-0.5503189612982297
8508,100,30,30,30,25.06030826184277,0.48915682839577335,-0.5503189612982297
8509,100,30,30,30,24.836706362808563,0.4810443425133742,-0.5503189612982297
8510,100,30,30,30,25.09694345214737,0.4870932792676677,-0.5503189612982297
8511,100,30,30,30,24.970905226929073,0.4805159962297559,-0.5503189612982297
8512,100,30,30,30,24.71100643285753,0.48282014677919166,-0.5503189612982297
8513,100,30,30,30,24.840622591132878,0.48151763127394553,-0.5503189612982297
8514,100,30,30,30,24.991798188422518,0.48267456062576924,-0.5503189612982297
8515,100,30,30,30,24.99926450722185,0.4843083275695256,-0.5503189612982297
8516,100,30,30,30,25.13670698343136,0.48961875136413396,-0.5503189612982297
8517,100,30,30,30,24.876358499457872,0.496326022211271,-0.5503189612982297
8518,100,30,30,30,24.92225626299142,0.4919191174609268,-0.5503189612982297
8519,100,30,30,30,24.659964439031338,0.4899152021851626,-0.5503189612982297
8520,100,30,30,30,24.936987702168853,0.4903392266874639,-0.5503189612982297
8521,100,30,30,30,25.118013065188563,0.49637214622574655,-0.5503189612982297
8522,100,30,30,30,24.960018994902946,0.49280629106972434,-0.5503189612982297
8523,100,30,30,30,24.877494745582588,0.4978902683851759,-0.5503189612982297
8524,100,30,30,30,24.743606128591793,0.4948400708183441,-0.5503189612982297
8525,100,30,30,30,24.93841002046632,0.4977554264727144,-0.5503189612982297
8526,100,30,30,30,24.972533037796538,0.4911464092101901,-0.5503189612982297
8527,100,30,30,30,25.150640189247692,0.492766957562956,-0.5503189612982297
8528,100,30,30,30,24.749414143711014,0.49028376905982857,-0.5503189612982297
8529,100,30,30,30,24.987835378051578,0.4928213955612303,-0.5503189612982297
8530,100,30,30,30,25.027590347626003,0.49684728716986665,-0.5503189612982297
8531,100,30,30,30,24.76852926769662,0.49384311299552175,-0.5503189612982297
8532,100,30,30,30,24.919696625593144,0.4946068066422078,-0.5503189612982297
8533,100,30,30,30,24.854299049171622,0.49493746944833816,-0.5503189612982297
8534,100,30,30,30,24.822849540842654,0.48912435419689015,-0.5503189612982297
8535,100,30,30,30,24.5007630134783,0.4843845663496174,-0.5503189612982297
8536,100,30,30,30,25.078874823646125,0.48524514510229405,-0.5503189612982297
8537,100,30,30,30,24.973042663290585,0.4841095886971257,-0.5503189612982297
8538,100,30,30,30,24.93130293633496,0.4844526600757028,-0.5503189612982297
8539,100,30,30,30,25.15508474838372,0.48710724930667043,-0.5503189612982297
8540,100,30,30,30,24.87370112292401,0.49366984749887904,-0.5503189612982297
8541,100,30,30,30,24.997376597950407,0.4940648655732468,-0.5503189612982297
8542,100,30,30,30,24.9821259455982,0.5025057455850435,-0.5503189612982297
8543,100,30,30,30,24.88416998285117,0.5028745135255992,-0.5503189612982297
8544,100,30,30,30,24.938595063799433,0.5046206492837253,-0.5503189612982297
8545,100,30,30,30,24.803585239171476,0.4972250194105455,-0.5503189612982297
8546,100,30,30,30,24.517137376889256,0.48410364559339647,-0.5503189612982297
8547,100,30,30,30,24.961176877541313,0.48404956296719287,-0.5503189612982297
8548,100,30,30,30,25.04378322205672,0.49022681493464454,-0.5503189612982297
8549,100,30,30,30,24.947096699766043,0.4935465049472484,-0.5503189612982297
8550,100,30,30,30,24.756876198328456,0.4890818356909626,-0.5503189612982297
8551,100,30,30,30,24.946258517494535,0.4872715195361101,-0.5503189612982297
8552,100,30,30,30,24.37438747887051,0.4822806453479695,-0.5503189612982297
8553,100,30,30,30,25.004142600877536,0.4863423745357384,-0.5503189612982297
8554,100,30,30,30,24.74618515583272,0.4803199095982394,-0.5503189612982297
8555,100,30,30,30,24.9332794482154,0.4801947401391799,-0.5503189612982297
8556,100,30,30,30,24.779417732836954,0.4807834722730974,-0.5503189612982297
8557,100,30,30,30,24.89001153283657,0.4855393040189784,-0.5503189612982297
8558,100,30,30,30,24.49825251962387,0.47846872754619846,-0.5503189612982297
8559,100,30,30,30,24.961751683757612,0.47708159929472305,-0.5503189612982297
8560,100,30,30,30,25.012808341986027,0.4805529633752946,-0.5503189612982297
8561,100,30,30,30,24.569910916842385,0.47659953117807163,-0.5503189612982297
8562,100,30,30,30,24.929320969866144,0.48221552390356653,-0.5503189612982297
8563,100,30,30,30,24.87287827277908,0.4796315888987733,-0.5503189612982297
8564,100,30,30,30,24.82714989356752,0.47987951249110655,-0.5503189612982297
8565,100,30,30,30,25.17173005576518,0.4797475198863689,-0.5503189612982297
8566,100,30,30,30,24.906694382894273,0.4810925002842741,-0.5503189612982297
8567,100,30,30,30,25.01996732508598,0.47950766215919277,-0.5503189612982297
8568,100,30,30,30,24.900551051179868,0.48359363314521153,-0.5503189612982297
8569,100,30,30,30,24.779640469723827,0.4805742382269908,-0.5503189612982297
8570,100,30,30,30,25.00187221520825,0.47267620041784664,-0.5503189612982297
8571,100,30,30,30,24.706308691060336,0.46462580306402596,-0.5503189612982297
8572,100,30,30,30,24.867409341679235,0.4631202123508453,-0.5503189612982297
8573,100,30,30,30,24.898265088923015,0.4642662639181222,-0.5503189612982297
8574,100,30,30,30,24.927958294931535,0.4651401785031707,-0.5503189612982297
8575,100,30,30,30,25.077150540421783,0.46362263272361215,-0.5503189612982297
8576,100,30,30,30,24.974238622537882,0.4682710267764583,-0.5503189612982297
8577,100,30,30,30,24.913955901015477,0.47181861938707065,-0.5503189612982297
8578,100,30,30,30,25.064540275418288,0.4712676814967098,-0.5503189612982297
8579,100,30,30,30,24.97802886356687,0.47920572785708343,-0.5503189612982297
8580,100,30,30,30,25.16834056521276,0.4826513984600895,-0.5503189612982297
8581,100,30,30,30,24.539652139360417,0.4810081703918695,-0.5503189612982297
8582,100,30,30,30,24.936656362396906,0.47841358968599407,-0.5503189612982297
8583,100,30,30,30,24.790294977306694,0.47889210672098453,-0.5503189612982297
8584,100,30,30,30,24.995596826147967,0.4806240786015677,-0.5503189612982297
8585,100,30,30,30,24.947928672422194,0.4825439367057739,-0.5503189612982297
8586,100,30,30,30,24.999313285396234,0.49050944689786047,-0.5503189612982297
8587,100,30,30,30,24.934765840135093,0.4956244786438126,-0.5503189612982297
8588,100,30,30,30,25.225296507995665,0.49517495355658625,-0.5503189612982297
8589,100,30,30,30,24.90384236466076,0.5005131742058886,-0.5503189612982297
8590,100,30,30,30,24.853237065382658,0.500513602504683,-0.5503189612982297
8591,100,30,30,30,24.80945281748687,0.5045028754760168,-0.5503189612982297
8592,100,30,30,30,24.89619260811846,0.5077957703011883,-0.5503189612982297
8593,100,30,30,30,24.823928996776964,0.4994820677976371,-0.5503189612982297
8594,100,30,30,30,24.954221159020108,0.5034150397379789,-0.5503189612982297
8595,100,30,30,30,24.98279927170341,0.4996974457362895,-0.5503189612982297
8596,100,30,30,30,24.79045638034256,0.503009517950768,-0.5503189612982297
8597,100,30,30,30,24.541121791561878,0.5011748770686155,-0.5503189612982297
8598,100,30,30,30,24.9918192256606,0.4989864499252372,-0.5503189612982297
8599,100,30,30,30,24.96404215938056,0.49932207457886324,-0.5503189612982297
8600,100,30,30,30,24.823989673857035,0.4971474209249243,-0.5503189612982297
8601,100,30,30,30,24.83893453643355,0.49416757631551483,-0.5503189612982297
8602,100,30,30,30,24.62276106543918,0.49960327889851036,-0.5503189612982297
8603,100,30,30,30,24.905424597783053,0.4927883385126041,-0.5503189612982297
8604,100,30,30,30,24.88303325225396,0.4969594566888826,-0.5503189612982297
8605,100,30,30,30,24.833068254075513,0.4978973233355997,-0.5503189612982297
8606,100,30,30,30,25.000206923129817,0.5027906170491881,-0.5503189612982297
8607,100,30,30,30,24.867255458081893,0.49862303298817984,-0.5503189612982297
8608,100,30,30,30,24.911340625223573,0.4929311937650081,-0.5503189612982297
8609,100,30,30,30,24.99249987106997,0.4930529221704176,-0.5503189612982297
8610,100,30,30,30,24.786830762313706,0.4946399970832858,-0.5503189612982297
8611,100,30,30,30,24.925940777399894,0.49192193654708094,-0.5503189612982297
8612,100,30,30,30,24.987179142284084,0.4915116901172251,-0.5503189612982297
8613,100,30,30,30,24.83471592760486,0.48846938837498205,-0.5503189612982297
8614,100,30,30,30,24.808349850677253,0.48579190717995785,-0.5503189612982297
8615,100,30,30,30,24.264023695227063,0.4829353054475407,-0.5503189612982297
8616,100,30,30,30,24.43483701308085,0.47126077992640125,-0.5503189612982297
8617,100,30,30,30,25.001332897103467,0.47333885663891156,-0.5503189612982297
8618,100,30,30,30,24.670248840667117,0.465753731238059,-0.5503189612982297
8619,100,30,30,30,24.93136386413362,0.47101213025778704,-0.5503189612982297
8620,100,30,30,30,24.95112047912751,0.474471308686864,-0.5503189612982297
8621,100,30,30,30,24.724170848808882,0.4785334295321162,-0.5503189612982297
8622,100,30,30,30,24.80037244875573,0.4764216876921484,-0.5503189612982297
8623,100,30,30,30,24.897508846687707,0.4760438916775248,-0.5503189612982297
8624,100,30,30,30,24.87048196208209,0.47368773322896274,-0.5503189612982297
8625,100,30,30,30,24.56198963601748,0.47118694786339493,-0.5503189612982297
8626,100,30,30,30,24.46767953399691,0.4688013653912086,-0.5503189612982297
8627,100,30,30,30,24.925980348636593,0.47102014445403495,-0.5503189612982297
8628,100,30,30,30,24.958552386801603,0.46982495019711884,-0.5503189612982297
8629,100,30,30,30,25.149797983110616,0.47161469942626916,-0.5503189612982297
8630,100,30,30,30,25.11090732994795,0.4699734931046811,-0.5503189612982297
8631,100,30,30,30,24.563089985289736,0.46842155395682505,-0.5503189612982297
8632,100,30,30,30,24.84328529556103,0.4664043716260274,-0.5503189612982297
8633,100,30,30,30,25.015150531155292,0.4644796278633215,-0.5503189612982297
8634,100,30,30,30,25.066038944200585,0.4724493830196464,-0.5503189612982297
8635,100,30,30,30,24.945602771456144,0.47719349450378357,-0.5503189612982297
8636,100,30,30,30,24.682553384334348,0.47744571053235213,-0.5503189612982297
8637,100,30,30,30,24.833679802464474,0.4759931962262107,-0.5503189612982297
8638,100,30,30,30,24.9895598479239,0.4815580915775402,-0.5503189612982297
8639,100,30,30,30,24.66712826438863,0.48088737483282,-0.5503189612982297
8640,100,30,30,30,25.014611904588122,0.4755422564917303,-0.5503189612982297
8641,100,30,30,30,24.922675588597475,0.47778299909734817,-0.5503189612982297
8642,100,30,30,30,25.114942771830428,0.4754343966866795,-0.5503189612982297
8643,100,30,30,30,24.93000164741133,0.47945313882762874,-0.5503189612982297
8644,100,30,30,30,24.979414880469623,0.48064167646714184,-0.5503189612982297
8645,100,30,30,30,25.12189833747603,0.47927191363177946,-0.5503189612982297
8646,100,30,30,30,24.60753739927599,0.4757730295545785,-0.5503189612982297
8647,100,30,30,30,25.0067386499977,0.47936313747622694,-0.5503189612982297
8648,100,30,30,30,24.686429474408705,0.47436108656884884,-0.5503189612982297
8649,100,30,30,30,24.81259107798699,0.47901599409060985,-0.5503189612982297
8650,100,30,30,30,25.000285856002822,0.48939340400239423,-0.5503189612982297
8651,100,30,30,30,24.973740742560146,0.4951129906569115,-0.5503189612982297
8652,100,30,30,30,25.07029655200693,0.5046123931845727,-0.5503189612982297
8653,100,30,30,30,25.164543175044958,0.5021683880002297,-0.5503189612982297
8654,100,30,30,30,25.004823257563025,0.510870566345324,-0.5503189612982297
8655,100,30,30,30,24.938260831588547,0.5082606231006828,-0.5503189612982297
8656,100,30,30,30,24.795390176328233,0.509030749779251,-0.5503189612982297
8657,100,30,30,30,25.080526118157337,0.5129621773519768,-0.5503189612982297
8658,100,30,30,30,24.95360085485639,0.5097871451116119,-0.5503189612982297
8659,100,30,30,30,24.790063745673624,0.5117056915959166,-0.5503189612982297
8660,100,30,30,30,24.98556658722628,0.5136657642703198,-0.5503189612982297
8661,100,30,30,30,24.900686241910954,0.5150324722739446,-0.5503189612982297
8662,100,30,30,30,25.090124016585513,0.5151797481762227,-0.5503189612982297
8663,100,30,30,30,24.941675978402138,0.5207087057008793,-0.5503189612982297
8664,100,30,30,30,25.035075349801495,0.5153210527290971,-0.5503189612982297
8665,100,30,30,30,24.89500008912644,0.5174898285170472,-0.5503189612982297
8666,100,30,30,30,24.995631591973023,0.5190920922373492,-0.5503189612982297
8667,100,30,30,30,24.93207313950911,0.5153181747017598,-0.5503189612982297
8668,100,30,30,30,24.85482911879861,0.5136607653889222,-0.5503189612982297
8669,100,30,30,30,24.958481664718853,0.5132869785621852,-0.5503189612982297
8670,100,30,30,30,24.796726432407603,0.5094143112321885,-0.5503189612982297
8671,100,30,30,30,24.91855134553577,0.5085605347117241,-0.5503189612982297
8672,100,30,30,30,25.047925264985956,0.5040575118742467,-0.5503189612982297
8673,100,30,30,30,25.0240502527871,0.5020197950958638,-0.5503189612982297
8674,100,30,30,30,24.928701365407072,0.5032412954192144,-0.5503189612982297
8675,100,30,30,30,24.868916093518063,0.5025987116974577,-0.5503189612982297
8676,100,30,30,30,24.957535860162295,0.504358393275838,-0.5503189612982297
8677,100,30,30,30,24.883046536532145,0.5007235935385328,-0.5503189612982297
8678,100,30,30,30,24.997254635207454,0.4998635886562134,-0.5503189612982297
8679,100,30,30,30,24.90679322485668,0.5099889903548307,-0.5503189612982297
8680,100,30,30,30,24.925060942737563,0.5116073738608282,-0.5503189612982297
8681,100,30,30,30,24.799634366492803,0.5142520756857677,-0.5503189612982297
8682,100,30,30,30,24.944180724514844,0.5216923012768007,-0.5503189612982297
8683,100,30,30,30,24.65098984115766,0.5190792087718297,-0.5503189612982297
8684,100,30,30,30,24.853084124752947,0.5109324271319261,-0.5503189612982297
8685,100,30,30,30,25.06032018107172,0.5090233644330601,-0.5503189612982297
8686,100,30,30,30,24.81804933405128,0.5116315358404475,-0.5503189612982297
8687,100,30,30,30,25.054814142250372,0.5108356601007381,-0.5503189612982297
8688,100,30,30,30,25.21429078062001,0.5101657131716064,-0.5503189612982297
8689,100,30,30,30,24.934512780712637,0.5104657787180387,-0.5503189612982297
8690,100,30,30,30,24.773071825142395,0.5028941157354557,-0.5503189612982297
8691,100,30,30,30,24.875949621653994,0.5025230749922805,-0.5503189612982297
8692,100,30,30,30,25.020864903703355,0.50372336287704,-0.5503189612982297
8693,100,30,30,30,24.74134178692114,0.5046780003412147,-0.5503189612982297
8694,100,30,30,30,24.86606895734691,0.5046568413824173,-0.5503189612982297
8695,100,30,30,30,24.70194248136584,0.5069087827428643,-0.5503189612982297
8696,100,30,30,30,24.777250641688042,0.5079322312680646,-0.5503189612982297
8697,100,30,30,30,25.012546525068924,0.514117926473416,-0.5503189612982297
8698,100,30,30,30,25.0263661012117,0.5107623084699857,-0.5503189612982297
8699,100,30,30,30,24.99161930240835,0.5143978005496397,-0.5503189612982297
8700,100,30,30,30,24.814876635662294,0.5154632390319064,-0.5503189612982297
8701,100,30,30,30,24.93148594707499,0.5072472119303038,-0.5503189612982297
8702,100,30,30,30,25.13441687067113,0.5137137060394976,-0.5503189612982297
8703,100,30,30,30,24.667598573965186,0.513372712765677,-0.5503189612982297
8704,100,30,30,30,24.814830661936405,0.5115788378401759,-0.5503189612982297
8705,100,30,30,30,24.538457694672335,0.5045376379385007,-0.5503189612982297
8706,100,30,30,30,25.144081518344713,0.5105803203959538,-0.5503189612982297
8707,100,30,30,30,24.27776060731229,0.5041634411464245,-0.5503189612982297
8708,100,30,30,30,25.08603019711124,0.5040797660907873,-0.5503189612982297
8709,100,30,30,30,24.98699795110266,0.5064819269942119,-0.5503189612982297
8710,100,30,30,30,24.73647654588203,0.4964580204142644,-0.5503189612982297
8711,100,30,30,30,24.8454428016419,0.49597924613605066,-0.5503189612982297
8712,100,30,30,30,24.98485002496798,0.500778749757449,-0.5503189612982297
8713,100,30,30,30,25.039478876815274,0.5073206954737779,-0.5503189612982297
8714,100,30,30,30,24.870272341785682,0.5106081633934315,-0.5503189612982297
8715,100,30,30,30,25.004567181618846,0.5186187360772839,-0.5503189612982297
8716,100,30,30,30,24.737447288388232,0.5216503094215252,-0.5503189612982297
8717,100,30,30,30,24.99932883423629,0.5249300024386431,-0.5503189612982297
8718,100,30,30,30,24.754721938200923,0.529269903338671,-0.5503189612982297
8719,100,30,30,30,24.30883554659804,0.5150649072340562,-0.5503189612982297
8720,100,30,30,30,24.96686615520205,0.5195228713322125,-0.5503189612982297
8721,100,30,30,30,24.931119962177,0.5196619329504282,-0.5503189612982297
8722,100,30,30,30,24.911077095768846,0.5199897578418796,-0.5503189612982297
8723,100,30,30,30,24.890086008475684,0.5179792504757499,-0.5503189612982297
8724,100,30,30,30,24.947298386521638,0.520078057187259,-0.5503189612982297
8725,100,30,30,30,24.78391282757791,0.5155301009999038,-0.5503189612982297
8726,100,30,30,30,24.85478524418533,0.5123286750233847,-0.5503189612982297
8727,100,30,30,30,24.96345741457029,0.5196421992480218,-0.5503189612982297
8728,100,30,30,30,24.968007286928483,0.5139811896163311,-0.5503189612982297
8729,100,30,30,30,24.79424440541645,0.5122374940159925,-0.5503189612982297
8730,100,30,30,30,25.181383357518456,0.5113636203705632,-0.5503189612982297
8731,100,30,30,30,24.646631024621847,0.5089396086604293,-0.5503189612982297
8732,100,30,30,30,25.03196560430986,0.5124958916194197,-0.5503189612982297
8733,100,30,30,30,24.977995647353083,0.5131060645219633,-0.5503189612982297
8734,100,30,30,30,24.877942116065142,0.5154524993780654,-0.5503189612982297
8735,100,30,30,30,24.913058549864374,0.5175760531948562,-0.5503189612982297
8736,100,30,30,30,24.84192048573623,0.518190200441016,-0.5503189612982297
8737,100,30,30,30,24.970396119861718,0.5230718586529839,-0.5503189612982297
8738,100,30,30,30,24.82898874619076,0.5222460745459787,-0.5503189612982297
8739,100,30,30,30,24.618627090787054,0.5182428411088126,-0.5503189612982297
8740,100,30,30,30,24.74626246389811,0.5179574622273995,-0.5503189612982297
8741,100,30,30,30,25.016211586629687,0.5221007485288487,-0.5503189612982297
8742,100,30,30,30,24.81708855884187,0.5263081553971165,-0.5503189612982297
8743,100,30,30,30,25.012148368341734,0.5237355549504877,-0.5503189612982297
8744,100,30,30,30,24.71976517427705,0.5168467179032156,-0.5503189612982297
8745,100,30,30,30,24.926260044466087,0.5106417075349317,-0.5503189612982297
8746,100,30,30,30,24.99306507162333,0.5130931019887054,-0.5503189612982297
8747,100,30,30,30,24.45569956090759,0.5103819533026605,-0.5503189612982297
8748,100,30,30,30,24.025326026726823,0.5037976518738256,-0.5503189612982297
8749,100,30,30,30,25.003447788366586,0.5108731987840917,-0.5503189612982297
8750,100,30,30,30,25.027253146329283,0.5130581851089168,-0.5503189612982297
8751,100,30,30,30,24.738860412433354,0.5089863508394464,-0.5503189612982297
8752,100,30,30,30,25.099555363298933,0.5057991572650659,-0.5503189612982297
8753,100,30,30,30,24.94205039307748,0.5079107368948194,-0.5503189612982297
8754,100,30,30,30,24.88232380101966,0.5100275012944786,-0.5503189612982297
8755,100,30,30,30,25.077126081582783,0.5075963905776935,-0.5503189612982297
8756,100,30,30,30,24.891510429450193,0.5104517036727623,-0.5503189612982297
8757,100,30,30,30,25.28322829616831,0.5107651711529135,-0.5503189612982297
8758,100,30,30,30,25.01822604566074,0.5073552792542974,-0.5503189612982297
8759,100,30,30,30,24.771555359110415,0.5119001807636523,-0.5503189612982297
8760,100,30,30,30,24.946858559168938,0.513449343383236,-0.5503189612982297
8761,100,30,30,30,24.968228292559722,0.5158295620168291,-0.5503189612982297
8762,100,30,30,30,25.257913019610406,0.5209705333745097,-0.5503189612982297
8763,100,30,30,30,25.016442195891507,0.5244031227329865,-0.5503189612982297
8764,100,30,30,30,24.942039335443546,0.5250650155809753,-0.5503189612982297
8765,100,30,30,30,24.805355478051542,0.523192001615814,-0.5503189612982297
8766,100,30,30,30,24.77314035810896,0.5227737914892276,-0.5503189612982297
8767,100,30,30,30,25.11500546248593,0.5313904522740095,-0.5503189612982297
8768,100,30,30,30,24.492211584913054,0.5209106828992517,-0.5503189612982297
8769,100,30,30,30,24.890173919455155,0.5252863286030248,-0.5503189612982297
8770,100,30,30,30,24.78753960605517,0.5274495056682973,-0.5503189612982297
8771,100,30,30,30,24.884730171132478,0.5290723115200363,-0.5503189612982297
8772,100,30,30,30,24.8954925281706,0.5259114736501774,-0.5503189612982297
8773,100,30,30,30,24.976796813497614,0.5325395742376691,-0.5503189612982297
8774,100,30,30,30,24.995620537388408,0.5311938676088875,-0.5503189612982297
8775,100,30,30,30,24.983063154959485,0.534824036708751,-0.5503189612982297
8776,100,30,30,30,24.977801787399677,0.5375847929788369,-0.5503189612982297
8777,100,30,30,30,25.00040727707922,0.5456255372412062,-0.5503189612982297
8778,100,30,30,30,25.030509452896947,0.5476135493002794,-0.5503189612982297
8779,100,30,30,30,25.124862980763858,0.546050822765053,-0.5503189612982297
8780,100,30,30,30,24.948160487146623,0.5455150540505969,-0.5503189612982297
8781,100,30,30,30,24.692547638504323,0.5423124557435374,-0.5503189612982297
8782,100,30,30,30,24.853195279451633,0.5395872546195668,-0.5503189612982297
8783,100,30,30,30,24.923391821039417,0.5402330452179095,-0.5503189612982297
8784,100,30,30,30,24.847966748361067,0.5435479801184988,-0.5503189612982297
8785,100,30,30,30,24.753918360567525,0.5446824323952408,-0.5503189612982297
8786,100,30,30,30,24.881156280543628,0.5405123780653286,-0.5503189612982297
8787,100,30,30,30,24.956040227899848,0.5373078039083898,-0.5503189612982297
8788,100,30,30,30,24.868398968382266,0.5352127509580594,-0.5503189612982297
8789,100,30,30,30,25.037310663468656,0.5281279674923259,-0.5503189612982297
8790,100,30,30,30,24.998885760800352,0.5268651059784736,-0.5503189612982297
8791,100,30,30,30,25.042500732583783,0.5218971090279132,-0.5503189612982297
8792,100,30,30,30,25.01373894473248,0.5270884483061122,-0.5503189612982297
8793,100,30,30,30,24.910911941515096,0.5270319271923875,-0.5503189612982297
8794,100,30,30,30,24.9961122776895,0.5324435636154371,-0.5503189612982297
8795,100,30,30,30,24.95163330074189,0.5301270523205697,-0.5503189612982297
8796,100,30,30,30,25.065007441136565,0.5307750670293033,-0.5503189612982297
8797,100,30,30,30,24.978704905062983,0.5327468791159744,-0.5503189612982297
8798,100,30,30,30,24.99971807935146,0.5424954666224047,-0.5503189612982297
8799,100,30,30,30,24.94272578842717,0.5410646341375006,-0.5503189612982297
8800,100,30,30,30,24.928973605709967,0.5461309750353589,-0.5503189612982297
8801,100,30,30,30,24.85874658577268,0.5480466367570337,-0.5503189612982297
8802,100,30,30,30,25.129070940175833,0.5487660701520634,-0.5503189612982297
8803,100,30,30,30,24.727767532076896,0.5404252296046431,-0.5503189612982297
8804,100,30,30,30,25.075146363608436,0.5421005684755918,-0.5503189612982297
8805,100,30,30,30,25.024350195294943,0.5368007123097569,-0.5503189612982297
8806,100,30,30,30,24.711869687443535,0.5359572335422502,-0.5503189612982297
8807,100,30,30,30,25.030162470447337,0.5376079796581451,-0.5503189612982297
8808,100,30,30,30,24.930085222632044,0.5387298300738105,-0.5503189612982297
8809,100,30,30,30,24.754977971343948,0.534498415965734,-0.5503189612982297
8810,100,30,30,30,24.855879043330937,0.5401307496854194,-0.5503189612982297
8811,100,30,30,30,24.77979069977323,0.5372272401063395,-0.5503189612982297
8812,100,30,30,30,24.911082072856722,0.5361149972614034,-0.5503189612982297
8813,100,30,30,30,25.12384287271481,0.5396070272999169,-0.5503189612982297
8814,100,30,30,30,25.17175999574085,0.5420006284335889,-0.5503189612982297
8815,100,30,30,30,24.961444414861788,0.5352008169799757,-0.5503189612982297
8816,100,30,30,30,24.920422810365128,0.5285587761618522,-0.5503189612982297
8817,100,30,30,30,25.1493010638946,0.5359272252680961,-0.5503189612982297
8818,100,30,30,30,25.039505983765373,0.5310776528527751,-0.5503189612982297
8819,100,30,30,30,24.955144870006173,0.5278374436274913,-0.5503189612982297
8820,100,30,30,30,24.90774245278504,0.5256291196291765,-0.5503189612982297
8821,100,30,30,30,24.55872360254842,0.5168131824356417,-0.5503189612982297
8822,100,30,30,30,24.92873515715941,0.5169544979564915,-0.5503189612982297
8823,100,30,30,30,24.948230495032863,0.5093634520291006,-0.5503189612982297
8824,100,30,30,30,25.077994024302704,0.5116003352489403,-0.5503189612982297
8825,100,30,30,30,25.135409385077487,0.5165520462996138,-0.5503189612982297
8826,100,30,30,30,24.999026919612888,0.5158533462180168,-0.5503189612982297
8827,100,30,30,30,25.347521166482025,0.5175018969855602,-0.5503189612982297
8828,100,30,30,30,24.60647968562863,0.5118344207586384,-0.5503189612982297
8829,100,30,30,30,24.74928765555339,0.5058681435457052,-0.5503189612982297
8830,100,30,30,30,24.88442067505261,0.511810798022229,-0.5503189612982297
8831,100,30,30,30,24.977646538370767,0.5083347822157291,-0.5503189612982297
8832,100,30,30,30,24.772729693601466,0.5030227472414739,-0.5503189612982297
8833,100,30,30,30,24.994282414355162,0.4997619987628423,-0.5503189612982297
8834,100,30,30,30,24.622701443144408,0.49160803382555734,-0.5503189612982297
8835,100,30,30,30,24.773033078103715,0.4974777216886408,-0.5503189612982297
8836,100,30,30,30,24.93908517008341,0.49986440443456803,-0.5503189612982297
8837,100,30,30,30,24.949425658058388,0.4972893983074098,-0.5503189612982297
8838,100,30,30,30,24.957266868224764,0.49576321778975463,-0.5503189612982297
8839,100,30,30,30,24.669146387532265,0.4941905101193769,-0.5503189612982297
8840,100,30,30,30,24.93527807546097,0.49660107739515635,-0.5503189612982297
8841,100,30,30,30,24.960000970100168,0.4970355273162843,-0.5503189612982297
8842,100,30,30,30,25.006596904114687,0.5022780368764573,-0.5503189612982297
8843,100,30,30,30,25.026912680844013,0.5064250196636021,-0.5503189612982297
8844,100,30,30,30,24.973309211898957,0.5106996401047971,-0.5503189612982297
8845,100,30,30,30,24.787589113015407,0.5014895075454497,-0.5503189612982297
8846,100,30,30,30,25.165661531660398,0.5030568798990439,-0.5503189612982297
8847,100,30,30,30,24.857766331111737,0.49785082516435386,-0.5503189612982297
8848,100,30,30,30,24.744890534867572,0.4883735285268839,-0.5503189612982297
8849,100,30,30,30,24.94554041090768,0.4896855561686805,-0.5503189612982297
8850,100,30,30,30,24.819835725165255,0.4911260713654361,-0.5503189612982297
8851,100,30,30,30,24.98680124019613,0.4889040365718065,-0.5503189612982297
8852,100,30,30,30,24.7864962126723,0.4912696784296851,-0.5503189612982297
8853,100,30,30,30,25.051951332853918,0.4965906549383695,-0.5503189612982297
8854,100,30,30,30,24.593284659175794,0.4904670769382919,-0.5503189612982297
8855,100,30,30,30,24.7204296064657,0.48797720849337217,-0.5503189612982297
8856,100,30,30,30,24.699106083813124,0.4841484480584966,-0.5503189612982297
8857,100,30,30,30,25.002462555459935,0.485646093382239,-0.5503189612982297
8858,100,30,30,30,25.004322026825605,0.4914642858702973,-0.5503189612982297
8859,100,30,30,30,24.78327942882195,0.48357282638428095,-0.5503189612982297
8860,100,30,30,30,25.00140939049215,0.4838285800272689,-0.5503189612982297
8861,100,30,30,30,24.763583027818207,0.47846994314239605,-0.5503189612982297
8862,100,30,30,30,24.699390457201176,0.4720019119468101,-0.5503189612982297
8863,100,30,30,30,25.062829588346695,0.4687704719815045,-0.5503189612982297
8864,100,30,30,30,25.01189814149393,0.47531579594293133,-0.5503189612982297
8865,100,30,30,30,24.209576589882868,0.45577799234552946,-0.5503189612982297
8866,100,30,30,30,24.962751540270673,0.4644740942027316,-0.5503189612982297
8867,100,30,30,30,24.634356699326318,0.46837407403382575,-0.5503189612982297
8868,100,30,30,30,24.88730500246789,0.4772276940778004,-0.5503189612982297
8869,100,30,30,30,25.244176696286416,0.47620304376217626,-0.5503189612982297
8870,100,30,30,30,24.852447229058544,0.4819885358939902,-0.5503189612982297
8871,100,30,30,30,24.655867157553708,0.47905371231119287,-0.5503189612982297
8872,100,30,30,30,24.975474947087818,0.47475639559619437,-0.5503189612982297
8873,100,30,30,30,24.82222374113529,0.47917790080786316,-0.5503189612982297
8874,100,30,30,30,24.77766336392866,0.48483680237320653,-0.5503189612982297
8875,100,30,30,30,24.797295039499247,0.4851036798885629,-0.5503189612982297
8876,100,30,30,30,24.635450252469376,0.4804210651806795,-0.5503189612982297
8877,100,30,30,30,24.794849077137215,0.4887881892351127,-0.5503189612982297
8878,100,30,30,30,24.748744774401807,0.48736078633937113,-0.5503189612982297
8879,100,30,30,30,25.009610437048593,0.48960069780966153,-0.5503189612982297
8880,100,30,30,30,24.88985169744914,0.4887204440257541,-0.5503189612982297
8881,100,30,30,30,25.089216844919928,0.4880919655234775,-0.5503189612982297
8882,100,30,30,30,25.112219695435698,0.49157010920040134,-0.5503189612982297
8883,100,30,30,30,24.942593055747253,0.4993989491188033,-0.5503189612982297
8884,100,30,30,30,24.793144950303876,0.4971232147552638,-0.5503189612982297
8885,100,30,30,30,25.05666129587103,0.499631063564207,-0.5503189612982297
8886,100,30,30,30,24.94710018499203,0.4968288736158186,-0.5503189612982297
8887,100,30,30,30,24.980069269800595,0.5035894329991437,-0.5503189612982297
8888,100,30,30,30,24.768496470384804,0.49821902404199525,-0.5503189612982297
8889,100,30,30,30,24.974548557039093,0.4987539867493661,-0.5503189612982297
8890,100,30,30,30,25.077874088109976,0.5039114955090148,-0.5503189612982297
8891,100,30,30,30,24.999839325489148,0.5081273395594587,-0.5503189612982297
8892,100,30,30,30,24.973911107005602,0.5088308927397893,-0.5503189612982297
8893,100,30,30,30,24.932416003727567,0.5117154569812694,-0.5503189612982297
8894,100,30,30,30,25.004630053352813,0.5153500049920233,-0.5503189612982297
8895,100,30,30,30,24.785129603545528,0.513805388261936,-0.5503189612982297
8896,100,30,30,30,24.84047615240607,0.5083143481523246,-0.5503189612982297
8897,100,30,30,30,24.97977287078068,0.5087108427733386,-0.5503189612982297
8898,100,30,30,30,24.40769686698085,0.4999133716017887,-0.5503189612982297
8899,100,30,30,30,25.063005747642798,0.505222230484072,-0.5503189612982297
8900,100,30,30,30,24.98376575256038,0.4971082648996976,-0.5503189612982297
8901,100,30,30,30,24.95619437772221,0.49358200890290066,-0.5503189612982297
8902,100,30,30,30,25.234641742450474,0.4933399746830546,-0.5503189612982297
8903,100,30,30,30,25.176207056744197,0.4904530625494992,-0.5503189612982297
8904,100,30,30,30,24.743044651796403,0.4863114106964063,-0.5503189612982297
8905,100,30,30,30,25.00653246358457,0.4903830921803244,-0.5503189612982297
8906,100,30,30,30,24.829263689850833,0.4852071842980779,-0.5503189612982297
8907,100,30,30,30,24.702727785831186,0.48231706539973457,-0.5503189612982297
8908,100,30,30,30,25.000817598177182,0.482361178643448,-0.5503189612982297
8909,100,30,30,30,25.00335967118307,0.48804307355002247,-0.5503189612982297
8910,100,30,30,30,24.52051583114382,0.4822654522485218,-0.5503189612982297
8911,100,30,30,30,24.739343290623314,0.4804109161099924,-0.5503189612982297
8912,100,30,30,30,25.04510979073177,0.48062790400559957,-0.5503189612982297
8913,100,30,30,30,25.094971559419108,0.482665175030142,-0.5503189612982297
8914,100,30,30,30,24.63966769356619,0.47954774003368317,-0.5503189612982297
8915,100,30,30,30,24.729618775626307,0.47284471145001955,-0.5503189612982297
8916,100,30,30,30,24.74180694316216,0.46974120436037503,-0.5503189612982297
8917,100,30,30,30,24.99892340588771,0.4745922580139741,-0.5503189612982297
8918,100,30,30,30,24.99182925134574,0.48119889213597977,-0.5503189612982297
8919,100,30,30,30,24.893100878449598,0.48583780009376054,-0.5503189612982297
8920,100,30,30,30,24.65568457457195,0.4818728109788358,-0.5503189612982297
8921,100,30,30,30,24.835493990843233,0.4877063944725888,-0.5503189612982297
8922,100,30,30,30,24.58452453223734,0.48180504472935665,-0.5503189612982297
8923,100,30,30,30,25.078440997788448,0.48285780892742686,-0.5503189612982297
8924,100,30,30,30,24.907132102717213,0.48335698840703833,-0.5503189612982297
8925,100,30,30,30,25.057608046052756,0.4869347118629012,-0.5503189612982297
8926,100,30,30,30,25.02783407236663,0.4973256451905236,-0.5503189612982297
8927,100,30,30,30,24.84680203214763,0.4976602653684109,-0.5503189612982297
8928,100,30,30,30,25.014287989340872,0.5031441987918598,-0.5503189612982297
8929,100,30,30,30,24.68266989945693,0.49920690939500034,-0.5503189612982297
8930,100,30,30,30,24.837867463338615,0.5023865775533874,-0.5503189612982297
8931,100,30,30,30,24.930519322019883,0.4985225009579277,-0.5503189612982297
8932,100,30,30,30,25.040183366621136,0.49604760170854223,-0.5503189612982297
8933,100,30,30,30,24.90918722042895,0.5061027471585663,-0.5503189612982297
8934,100,30,30,30,24.994701744346393,0.5126608568873808,-0.5503189612982297
8935,100,30,30,30,24.94036633945126,0.510905836002419,-0.5503189612982297
8936,100,30,30,30,24.839002045987357,0.5056620438322733,-0.5503189612982297
8937,100,30,30,30,24.99076655014217,0.5066880280282601,-0.5503189612982297
8938,100,30,30,30,24.968091177389148,0.50120244257951,-0.5503189612982297
8939,100,30,30,30,24.883603892255575,0.5039895538711339,-0.5503189612982297
8940,100,30,30,30,24.916477924550392,0.5004277430738245,-0.5503189612982297
8941,100,30,30,30,25.02428200304104,0.5047308427233907,-0.5503189612982297
8942,100,30,30,30,24.97821940508654,0.5063676097666072,-0.5503189612982297
8943,100,30,30,30,24.415203919958618,0.5027918688145288,-0.5503189612982297
8944,100,30,30,30,24.454177562516204,0.49369769452497914,-0.5503189612982297
8945,100,30,30,30,25.040111200791983,0.5030441994710163,-0.5503189612982297
8946,100,30,30,30,24.851101414788932,0.5014769439131513,-0.5503189612982297
8947,100,30,30,30,24.89553491956752,0.5052159915760329,-0.5503189612982297
8948,100,30,30,30,24.911094377134276,0.5115220397768486,-0.5503189612982297
8949,100,30,30,30,24.843699851435545,0.5122472525442004,-0.5503189612982297
8950,100,30,30,30,25.003136361625028,0.5201441511381236,-0.5503189612982297
8951,100,30,30,30,25.11413280795665,0.5248072320365179,-0.5503189612982297
8952,100,30,30,30,24.90450625739915,0.525157095254549,-0.5503189612982297
8953,100,30,30,30,24.97592746843074,0.5238746654208551,-0.5503189612982297
8954,100,30,30,30,25.053626888899583,0.5223647446547827,-0.5503189612982297
8955,100,30,30,30,25.060460458225226,0.519161892258808,-0.5503189612982297
8956,100,30,30,30,24.448632596317807,0.5125072776457045,-0.5503189612982297
8957,100,30,30,30,24.71395024387871,0.5068303191468507,-0.5503189612982297
8958,100,30,30,30,24.870041728378748,0.49972455747550737,-0.5503189612982297
8959,100,30,30,30,23.95813865671613,0.48698191354120796,-0.5503189612982297
8960,100,30,30,30,24.95382730253973,0.49318949736700335,-0.5503189612982297
8961,100,30,30,30,24.984607102829543,0.5023468880699438,-0.5503189612982297
8962,100,30,30,30,24.493902907908435,0.49453340765996046,-0.5503189612982297
8963,100,30,30,30,24.83695249252535,0.49662752490324585,-0.5503189612982297
8964,100,30,30,30,24.79077243790514,0.5039519615769817,-0.5503189612982297
8965,100,30,30,30,24.878371290756128,0.49234959491264346,-0.5503189612982297
8966,100,30,30,30,25.0373850102893,0.4954555697163281,-0.5503189612982297
8967,100,30,30,30,24.771840088886215,0.49675466832124643,-0.5503189612982297
8968,100,30,30,30,25.260951934429208,0.4917662816163133,-0.5503189612982297
8969,100,30,30,30,24.96748901524864,0.4905288698940666,-0.5503189612982297
8970,100,30,30,30,24.585200077959257,0.48763138315883986,-0.5503189612982297
8971,100,30,30,30,24.982248085869266,0.48802099159973844,-0.5503189612982297
8972,100,30,30,30,24.953236104358396,0.4901171891806863,-0.5503189612982297
8973,100,30,30,30,25.0237391833545,0.48800358060577703,-0.5503189612982297
8974,100,30,30,30,24.87614639836419,0.4797398232088767,-0.5503189612982297
8975,100,30,30,30,24.9164074465545,0.47664070882299886,-0.5503189612982297
8976,100,30,30,30,24.792191154648563,0.4837869981813127,-0.5503189612982297
8977,100,30,30,30,25.005910912619107,0.48410339489915116,-0.5503189612982297
8978,100,30,30,30,24.995739271665215,0.4933058258412366,-0.5503189612982297
8979,100,30,30,30,25.136329084384762,0.4953805204880168,-0.5503189612982297
8980,100,30,30,30,24.989538976752243,0.5014593931831238,-0.5503189612982297
8981,100,30,30,30,24.795903898710435,0.49773504322296264,-0.5503189612982297
8982,100,30,30,30,24.91378015262286,0.4998448652995754,-0.5503189612982297
8983,100,30,30,30,24.919451140265004,0.5028142679980151,-0.5503189612982297
8984,100,30,30,30,25.022017496829477,0.5012071411419108,-0.5503189612982297
8985,100,30,30,30,24.918827567529036,0.5054115531861144,-0.5503189612982297
8986,100,30,30,30,25.070684395631773,0.5120622034872037,-0.5503189612982297
8987,100,30,30,30,24.05609971198464,0.5029634557208039,-0.5503189612982297
8988,100,30,30,30,24.82142430500241,0.509215925478984,-0.5503189612982297
8989,100,30,30,30,24.86265279933314,0.5125714162365519,-0.5503189612982297
8990,100,30,30,30,24.913227846740718,0.5097917148256585,-0.5503189612982297
8991,100,30,30,30,24.838959121566496,0.5124298350745167,-0.5503189612982297
8992,100,30,30,30,24.924318050036426,0.5146965124598959,-0.5503189612982297
8993,100,30,30,30,25.054714042569,0.520744026472455,-0.5503189612982297
8994,100,30,30,30,24.601369773396854,0.5208800558747065,-0.5503189612982297
8995,100,30,30,30,24.986213619243586,0.522767083796126,-0.5503189612982297
8996,100,30,30,30,24.949914108616383,0.5186919275007221,-0.5503189612982297
8997,100,30,30,30,24.918674085887286,0.5125792930955347,-0.5503189612982297
8998,100,30,30,30,24.79790498940266,0.5155980753491545,-0.5503189612982297
8999,100,30,30,30,24.94213767394372,0.5181058898435752,-0.5503189612982297
9000,100,30,30,30,24.886306065121907,0.5138298821524226,-0.5503189612982297
9001,100,30,30,30,24.9719444597148,0.5089877035498698,-0.5503189612982297
9002,100,30,30,30,24.685087087249656,0.5040434820545686,-0.5503189612982297
9003,100,30,30,30,25.014524118936983,0.5051303493857193,-0.5503189612982297
9004,100,30,30,30,24.949383777514974,0.5124834603472213,-0.5503189612982297
9005,100,30,30,30,25.016023323060526,0.5072124213374316,-0.5503189612982297
9006,100,30,30,30,24.5989698582025,0.5093035905651487,-0.5503189612982297
9007,100,30,30,30,25.013686242811904,0.5105131530822405,-0.5503189612982297
9008,100,30,30,30,24.869903560666685,0.511023914375331,-0.5503189612982297
9009,100,30,30,30,24.6576489929022,0.5134864373596255,-0.5503189612982297
9010,100,30,30,30,24.892220074247422,0.5125312741614966,-0.5503189612982297
9011,100,30,30,30,24.906879201800916,0.5087869708284757,-0.5503189612982297
9012,100,30,30,30,24.91726462549441,0.510386394050915,-0.5503189612982297
9013,100,30,30,30,24.918286764275813,0.510133073432188,-0.5503189612982297
9014,100,30,30,30,24.94510077578144,0.5119693735345306,-0.5503189612982297
9015,100,30,30,30,25.035399989261855,0.5186711784174737,-0.5503189612982297
9016,100,30,30,30,25.056547940602975,0.5238079717874481,-0.5503189612982297
9017,100,30,30,30,24.497626357154534,0.5167125470207521,-0.5503189612982297
9018,100,30,30,30,24.647618537509572,0.517488620244251,-0.5503189612982297
9019,100,30,30,30,25.01630747983488,0.518432811758773,-0.5503189612982297
9020,100,30,30,30,24.971658114698187,0.5252723617164933,-0.5503189612982297
9021,100,30,30,30,24.907036370132587,0.5216193635255587,-0.5503189612982297
9022,100,30,30,30,24.845086484453155,0.5232806079880179,-0.5503189612982297
9023,100,30,30,30,25.064803061969485,0.5263036827940327,-0.5503189612982297
9024,100,30,30,30,25.01772080281598,0.5265981560764669,-0.5503189612982297
9025,100,30,30,30,25.098647532970297,0.5255777860575344,-0.5503189612982297
9026,100,30,30,30,24.998208774123487,0.521321529735971,-0.5503189612982297
9027,100,30,30,30,24.947216503332044,0.5239254029596269,-0.5503189612982297
9028,100,30,30,30,24.960991029959267,0.5263749131517396,-0.5503189612982297
9029,100,30,30,30,24.96773098993196,0.5216509701985841,-0.5503189612982297
9030,100,30,30,30,24.835041972346108,0.5223097131951165,-0.5503189612982297
9031,100,30,30,30,25.18491285068396,0.5284269202578769,-0.5503189612982297
9032,100,30,30,30,25.03332117268665,0.5297047925671542,-0.5503189612982297
9033,100,30,30,30,24.992287645430423,0.5293108858204925,-0.5503189612982297
9034,100,30,30,30,24.673693044579032,0.5315638039770207,-0.5503189612982297
9035,100,30,30,30,25.034434826146125,0.5328998484078363,-0.5503189612982297
9036,100,30,30,30,24.604757616820557,0.5311626685001934,-0.5503189612982297
9037,100,30,30,30,24.979322360583197,0.5314369976546289,-0.5503189612982297
9038,100,30,30,30,24.84376602343691,0.5295285258329112,-0.5503189612982297
9039,100,30,30,30,24.90992138215912,0.5287757893212189,-0.5503189612982297
9040,100,30,30,30,24.92308969881619,0.5310284595938276,-0.5503189612982297
9041,100,30,30,30,24.93690707838072,0.5317448219857851,-0.5503189612982297
9042,100,30,30,30,24.783555045411497,0.5309906427744483,-0.5503189612982297
9043,100,30,30,30,24.801354913532048,0.5260981350075732,-0.5503189612982297
9044,100,30,30,30,25.075588364710804,0.5182546012141621,-0.5503189612982297
9045,100,30,30,30,25.180529849501696,0.5194865848885953,-0.5503189612982297
9046,100,30,30,30,24.953701146790117,0.5211512998471897,-0.5503189612982297
9047,100,30,30,30,24.802714121810922,0.5178344119074489,-0.5503189612982297
9048,100,30,30,30,24.780633323984006,0.5086952543363903,-0.5503189612982297
9049,100,30,30,30,24.835316986971435,0.5112705525784254,-0.5503189612982297
9050,100,30,30,30,24.911857710186958,0.5110602664097398,-0.5503189612982297
9051,100,30,30,30,24.971544114176446,0.510529551134611,-0.5503189612982297
9052,100,30,30,30,25.14069507178602,0.5149512401072344,-0.5503189612982297
9053,100,30,30,30,24.99857206588871,0.5167884416775193,-0.5503189612982297
9054,100,30,30,30,24.821263466001415,0.5121876177773649,-0.5503189612982297
9055,100,30,30,30,25.126928973882954,0.5064304904901933,-0.5503189612982297
9056,100,30,30,30,24.85178132829427,0.5034325821939856,-0.5503189612982297
9057,100,30,30,30,24.889612385277488,0.5017984840061344,-0.5503189612982297
9058,100,30,30,30,24.697571613949012,0.5005376610807716,-0.5503189612982297
9059,100,30,30,30,24.874988179094988,0.5034690973930956,-0.5503189612982297
9060,100,30,30,30,25.04837920631639,0.5144114399127963,-0.5503189612982297
9061,100,30,30,30,24.86616708552051,0.5180642103795793,-0.5503189612982297
9062,100,30,30,30,25.153572529069717,0.5168405539654926,-0.5503189612982297
9063,100,30,30,30,24.955922929819913,0.5175854819843573,-0.5503189612982297
9064,100,30,30,30,24.80537753324065,0.5071222590468474,-0.5503189612982297
9065,100,30,30,30,24.94266343281569,0.5109781260950476,-0.5503189612982297
9066,100,30,30,30,24.955262467912828,0.5124102916245638,-0.5503189612982297
9067,100,30,30,30,25.08108800655436,0.5094331675509326,-0.5503189612982297
9068,100,30,30,30,25.092127460729877,0.5081298826157211,-0.5503189612982297
9069,100,30,30,30,25.16401566745824,0.5080855442133293,-0.5503189612982297
9070,100,30,30,30,25.022261306081212,0.5084801727652213,-0.5503189612982297
9071,100,30,30,30,24.8748749301069,0.5013399453195213,-0.5503189612982297
9072,100,30,30,30,24.768555661681937,0.49811468981936624,-0.5503189612982297
9073,100,30,30,30,24.918777183040447,0.49483313005152313,-0.5503189612982297
9074,100,30,30,30,24.86419172396812,0.4985413624517671,-0.5503189612982297
9075,100,30,30,30,25.317472092967797,0.5000159964864498,-0.5503189612982297
9076,100,30,30,30,24.879648102873357,0.5032946025402951,-0.5503189612982297
9077,100,30,30,30,24.962252428978065,0.5077813072392273,-0.5503189612982297
9078,100,30,30,30,24.720034985004048,0.5041639920783272,-0.5503189612982297
9079,100,30,30,30,24.71476249065909,0.5014013229222531,-0.5503189612982297
9080,100,30,30,30,24.7315082799731,0.4932013637829232,-0.5503189612982297
9081,100,30,30,30,24.833365532337744,0.48978570142152794,-0.5503189612982297
9082,100,30,30,30,24.870467285645937,0.4906022799894576,-0.5503189612982297
9083,100,30,30,30,24.99296166309973,0.49706248592637053,-0.5503189612982297
9084,100,30,30,30,24.538881631848575,0.49308859573277863,-0.5503189612982297
9085,100,30,30,30,24.986052566187066,0.49269394441093056,-0.5503189612982297
9086,100,30,30,30,25.056825220887838,0.4945837506124569,-0.5503189612982297
9087,100,30,30,30,24.939094757708048,0.5052007438609751,-0.5503189612982297
9088,100,30,30,30,25.075768951403532,0.5111298357309083,-0.5503189612982297
9089,100,30,30,30,24.677753220996664,0.5031500260111569,-0.5503189612982297
9090,100,30,30,30,24.911439481800194,0.5032146179701759,-0.5503189612982297
9091,100,30,30,30,24.940712246946696,0.5064262812944949,-0.5503189612982297
9092,100,30,30,30,24.942613352218558,0.5052158714725118,-0.5503189612982297
9093,100,30,30,30,25.02066035203908,0.5035157754817992,-0.5503189612982297
9094,100,30,30,30,25.01285683600198,0.5053847801661702,-0.5503189612982297
9095,100,30,30,30,24.91636293833428,0.5086953972700266,-0.5503189612982297
9096,100,30,30,30,24.94569993564995,0.5111474384797786,-0.5503189612982297
9097,100,30,30,30,24.886231742763286,0.5101443042943891,-0.5503189612982297
9098,100,30,30,30,24.754352862674118,0.5033433302277447,-0.5503189612982297
9099,100,30,30,30,24.566041496120057,0.49899417283958647,-0.5503189612982297
9100,100,30,30,30,25.003046167809146,0.5059557002536853,-0.5503189612982297
9101,100,30,30,30,24.963808181715635,0.5111786939959284,-0.5503189612982297
9102,100,30,30,30,25.005796477468373,0.5186870525861953,-0.5503189612982297
9103,100,30,30,30,24.904401935702687,0.5249689522697554,-0.5503189612982297
9104,100,30,30,30,24.98671033476156,0.5278996495402484,-0.5503189612982297
9105,100,30,30,30,24.979694953912286,0.5169652144591534,-0.5503189612982297
9106,100,30,30,30,25.024653011954534,0.5239515574597383,-0.5503189612982297
9107,100,30,30,30,24.988697217250788,0.5218196932343154,-0.5503189612982297
9108,100,30,30,30,24.987892652684497,0.5217275495310888,-0.5503189612982297
9109,100,30,30,30,24.95536014020733,0.5216003168810145,-0.5503189612982297
9110,100,30,30,30,24.911636128206105,0.5266708722223311,-0.5503189612982297
9111,100,30,30,30,24.96705408983786,0.522178452932235,-0.5503189612982297
9112,100,30,30,30,24.562200497777866,0.5105445248906921,-0.5503189612982297
9113,100,30,30,30,25.022596239439594,0.5135813771195875,-0.5503189612982297
9114,100,30,30,30,24.80715249735244,0.5020604127174513,-0.5503189612982297
9115,100,30,30,30,24.854415814422257,0.49990555794683333,-0.5503189612982297
9116,100,30,30,30,24.939402318071433,0.4967935583857543,-0.5503189612982297
9117,100,30,30,30,24.703854154900245,0.4867719177731109,-0.5503189612982297
9118,100,30,30,30,25.016478796765377,0.48538732771312687,-0.5503189612982297
9119,100,30,30,30,25.104667794056137,0.4915032563618963,-0.5503189612982297
9120,100,30,30,30,25.063149521898453,0.49179624326457555,-0.5503189612982297
9121,100,30,30,30,24.88544051032939,0.4900558304311694,-0.5503189612982297
9122,100,30,30,30,24.665589228510576,0.4853180577542942,-0.5503189612982297
9123,100,30,30,30,24.996877725505357,0.49025343889562506,-0.5503189612982297
9124,100,30,30,30,24.72888490224108,0.4910669006184701,-0.5503189612982297
9125,100,30,30,30,24.47945613993714,0.4859738439622103,-0.5503189612982297
9126,100,30,30,30,24.942397690902297,0.48870466451595496,-0.5503189612982297
9127,100,30,30,30,24.85169424906499,0.4868465769635915,-0.5503189612982297
9128,100,30,30,30,25.054811459629363,0.48710204322639705,-0.5503189612982297
9129,100,30,30,30,24.869318192142813,0.48598548650279333,-0.5503189612982297
9130,100,30,30,30,24.703357881897794,0.4776210271329033,-0.5503189612982297
9131,100,30,30,30,24.836166948056608,0.46746865916450264,-0.5503189612982297
9132,100,30,30,30,24.94651145968983,0.46232106212278856,-0.5503189612982297
9133,100,30,30,30,25.057313864820983,0.469029711393748,-0.5503189612982297
9134,100,30,30,30,24.669866141485194,0.4673733367417965,-0.5503189612982297
9135,100,30,30,30,24.98396187350789,0.4666337729487975,-0.5503189612982297
9136,100,30,30,30,24.877271569685185,0.46896111893218606,-0.5503189612982297
9137,100,30,30,30,24.89790025810413,0.46721728498577264,-0.5503189612982297
9138,100,30,30,30,23.844496377053368,0.45733548902451093,-0.5503189612982297
9139,100,30,30,30,25.036178837454887,0.46368787594552635,-0.5503189612982297
9140,100,30,30,30,25.178692080282005,0.4633136684562802,-0.5503189612982297
9141,100,30,30,30,24.249425209097975,0.456613228792782,-0.5503189612982297
9142,100,30,30,30,24.994411468459838,0.4652330817008113,-0.5503189612982297
9143,100,30,30,30,24.786390110139948,0.4690874963968899,-0.5503189612982297
9144,100,30,30,30,24.88787634201765,0.4626384942313446,-0.5503189612982297
9145,100,30,30,30,23.953770394921346,0.4518215846620663,-0.5503189612982297
9146,100,30,30,30,24.87844121674133,0.4573251576646613,-0.5503189612982297
9147,100,30,30,30,25.03709147678456,0.46916613101027504,-0.5503189612982297
9148,100,30,30,30,24.71918826748725,0.4667510442171164,-0.5503189612982297
9149,100,30,30,30,25.080864670803493,0.4692305018707674,-0.5503189612982297
9150,100,30,30,30,24.870738778153868,0.46744035372390563,-0.5503189612982297
9151,100,30,30,30,24.68918141680887,0.46784739475445514,-0.5503189612982297
9152,100,30,30,30,25.071953041202036,0.4711530512592436,-0.5503189612982297
9153,100,30,30,30,25.00563344819063,0.4747620922524118,-0.5503189612982297
9154,100,30,30,30,24.927880709798245,0.47989582249747553,-0.5503189612982297
9155,100,30,30,30,24.873444220658467,0.478395427013476,-0.5503189612982297
9156,100,30,30,30,24.99899091825249,0.4804413187326161,-0.5503189612982297
9157,100,30,30,30,24.953322106960723,0.47794670350218404,-0.5503189612982297
9158,100,30,30,30,24.98982060883476,0.4804060056985239,-0.5503189612982297
9159,100,30,30,30,24.999352852452127,0.48945299840082257,-0.5503189612982297
9160,100,30,30,30,25.019034814750373,0.4941139337479224,-0.5503189612982297
9161,100,30,30,30,24.987489400411604,0.4940581264264668,-0.5503189612982297
9162,100,30,30,30,24.959280938625493,0.49547793051621414,-0.5503189612982297
9163,100,30,30,30,24.947897748193448,0.492080399537862,-0.5503189612982297
9164,100,30,30,30,24.962771022721988,0.4918259063564404,-0.5503189612982297
9165,100,30,30,30,24.92796608295569,0.493443294138145,-0.5503189612982297
9166,100,30,30,30,24.907203841217417,0.4970409332443761,-0.5503189612982297
9167,100,30,30,30,24.916430008336434,0.49305402464924647,-0.5503189612982297
9168,100,30,30,30,24.842742341687092,0.4947384649416507,-0.5503189612982297
9169,100,30,30,30,24.942259830315507,0.503547615936277,-0.5503189612982297
9170,100,30,30,30,24.934085119078922,0.5024437198588257,-0.5503189612982297
9171,100,30,30,30,25.129451053517663,0.5049829404726411,-0.5503189612982297
9172,100,30,30,30,24.91590888715809,0.5078587444773454,-0.5503189612982297
9173,100,30,30,30,24.99289814222296,0.5082982322283374,-0.5503189612982297
9174,100,30,30,30,25.18315146734178,0.5077390951792976,-0.5503189612982297
9175,100,30,30,30,24.95326912269341,0.5127999157201404,-0.5503189612982297
9176,100,30,30,30,25.03405299273866,0.5160280207122522,-0.5503189612982297
9177,100,30,30,30,24.83388930244405,0.5137805378554153,-0.5503189612982297
9178,100,30,30,30,24.764557268948803,0.5024044877969992,-0.5503189612982297
9179,100,30,30,30,25.07560186106416,0.5053371713747745,-0.5503189612982297
9180,100,30,30,30,24.971405046636544,0.5068180275319583,-0.5503189612982297
9181,100,30,30,30,24.99264683769986,0.5051165318248639,-0.5503189612982297
9182,100,30,30,30,24.96071264278328,0.5052006724661908,-0.5503189612982297
9183,100,30,30,30,25.3702036520194,0.4998773283823986,-0.5503189612982297
9184,100,30,30,30,24.287905821471227,0.49082459004897205,-0.5503189612982297
9185,100,30,30,30,24.654272150568424,0.49040261132234225,-0.5503189612982297
9186,100,30,30,30,24.977665642299584,0.4882788289846896,-0.5503189612982297
9187,100,30,30,30,25.31392482533186,0.4945122165639654,-0.5503189612982297
9188,100,30,30,30,25.004083023921773,0.49593720241906486,-0.5503189612982297
9189,100,30,30,30,24.963812256970435,0.49964379624073385,-0.5503189612982297
9190,100,30,30,30,25.131314013775043,0.5034698476767531,-0.5503189612982297
9191,100,30,30,30,24.749655680574346,0.5038016297937318,-0.5503189612982297
9192,100,30,30,30,24.97146565522155,0.503326298498694,-0.5503189612982297
9193,100,30,30,30,24.932989466694693,0.5070226035914172,-0.5503189612982297
9194,100,30,30,30,25.089729463718072,0.5033415520596883,-0.5503189612982297
9195,100,30,30,30,24.833058717199997,0.4954087215636881,-0.5503189612982297
9196,100,30,30,30,24.901873390232943,0.4994822082917828,-0.5503189612982297
9197,100,30,30,30,24.973888782824076,0.5014659042212669,-0.5503189612982297
9198,100,30,30,30,24.44688113830076,0.5007585753759967,-0.5503189612982297
9199,100,30,30,30,25.00439635899956,0.4981626260581496,-0.5503189612982297
9200,100,30,30,30,24.990620352309378,0.5006269565973972,-0.5503189612982297
9201,100,30,30,30,25.00071210639313,0.4988590220960422,-0.5503189612982297
9202,100,30,30,30,24.779658987805576,0.5032149190790767,-0.5503189612982297
9203,100,30,30,30,24.90005222842486,0.5094148190485565,-0.5503189612982297
9204,100,30,30,30,24.923623015456503,0.5045895354721839,-0.5503189612982297
9205,100,30,30,30,25.02515786485526,0.500579489636156,-0.5503189612982297
9206,100,30,30,30,24.857793363678844,0.502718647116902,-0.5503189612982297
9207,100,30,30,30,24.87349422102379,0.49559225265394097,-0.5503189612982297
9208,100,30,30,30,24.597166114267782,0.49328044322615217,-0.5503189612982297
9209,100,30,30,30,24.675971980409198,0.48555465107528945,-0.5503189612982297
9210,100,30,30,30,24.85556106287803,0.4835153517939865,-0.5503189612982297
9211,100,30,30,30,24.995542467029743,0.47948627578619096,-0.5503189612982297
9212,100,30,30,30,24.838992873721182,0.47559395975956736,-0.5503189612982297
9213,100,30,30,30,24.52844409709308,0.473067002026314,-0.5503189612982297
9214,100,30,30,30,25.052009414603177,0.47458520268861965,-0.5503189612982297
9215,100,30,30,30,24.980521413581393,0.47448395723563663,-0.5503189612982297
9216,100,30,30,30,25.02768421968743,0.475074282571675,-0.5503189612982297
9217,100,30,30,30,24.817162671669838,0.47040276395254776,-0.5503189612982297
9218,100,30,30,30,24.848955758684085,0.47513967314471606,-0.5503189612982297
9219,100,30,30,30,24.97122502006504,0.477741911822763,-0.5503189612982297
9220,100,30,30,30,24.696597064206617,0.4728919896905107,-0.5503189612982297
9221,100,30,30,30,24.99940460917019,0.4775224049758007,-0.5503189612982297
9222,100,30,30,30,24.82195457037978,0.47361980907054735,-0.5503189612982297
9223,100,30,30,30,24.954916537537706,0.4746205232021217,-0.5503189612982297
9224,100,30,30,30,24.585844739116347,0.47083887342978636,-0.5503189612982297
9225,100,30,30,30,24.891317928162927,0.47340084293481044,-0.5503189612982297
9226,100,30,30,30,25.035549332658128,0.47413731269192466,-0.5503189612982297
9227,100,30,30,30,24.845648629037008,0.4796355035178899,-0.5503189612982297
9228,100,30,30,30,24.78569708972495,0.4778970660313789,-0.5503189612982297
9229,100,30,30,30,24.915650482321865,0.4759227288007865,-0.5503189612982297
9230,100,30,30,30,24.864063808758857,0.4793859697241154,-0.5503189612982297
9231,100,30,30,30,24.26973200972141,0.4671033865557142,-0.5503189612982297
9232,100,30,30,30,25.050606749463775,0.46619144041973204,-0.5503189612982297
9233,100,30,30,30,25.1302029249158,0.4711581950040267,-0.5503189612982297
9234,100,30,30,30,24.944416867227012,0.4749652248454867,-0.5503189612982297
9235,100,30,30,30,25.03477470370605,0.47651283550248413,-0.5503189612982297
9236,100,30,30,30,25.133717904890716,0.4653848200394678,-0.5503189612982297
9237,100,30,30,30,24.764434815755887,0.4681934806007306,-0.5503189612982297
9238,100,30,30,30,24.975474591660518,0.46593983073865225,-0.5503189612982297
9239,100,30,30,30,24.925935586104558,0.4688851119363021,-0.5503189612982297
9240,100,30,30,30,24.703512588970376,0.46664530980043545,-0.5503189612982297
9241,100,30,30,30,24.702961797363457,0.46325300274113435,-0.5503189612982297
9242,100,30,30,30,24.77139259451063,0.46428713239069663,-0.5503189612982297
9243,100,30,30,30,24.920524858457917,0.4668978875337883,-0.5503189612982297
9244,100,30,30,30,24.993357510802543,0.4625349303890641,-0.5503189612982297
9245,100,30,30,30,24.979047259050574,0.46817143528776006,-0.5503189612982297
9246,100,30,30,30,25.04066111597066,0.46971471336604953,-0.5503189612982297
9247,100,30,30,30,24.878490554632023,0.4736157583619399,-0.5503189612982297
9248,100,30,30,30,25.26719465847158,0.4727567449156113,-0.5503189612982297
9249,100,30,30,30,24.627329215766956,0.4720705558808668,-0.5503189612982297
9250,100,30,30,30,24.976778063368215,0.478061050376472,-0.5503189612982297
9251,100,30,30,30,24.994064021567755,0.47601199413137363,-0.5503189612982297
9252,100,30,30,30,25.034717908803685,0.47704451864783853,-0.5503189612982297
9253,100,30,30,30,25.108941712896158,0.47734942510023187,-0.5503189612982297
9254,100,30,30,30,25.027209601732054,0.4778068787361101,-0.5503189612982297
9255,100,30,30,30,25.011471402715465,0.4812180552959268,-0.5503189612982297
9256,100,30,30,30,24.993478227877702,0.4812626429872523,-0.5503189612982297
9257,100,30,30,30,24.879666633027732,0.4738433776271555,-0.5503189612982297
9258,100,30,30,30,24.83097217259361,0.4764352497276844,-0.5503189612982297
9259,100,30,30,30,25.012111886734274,0.47855872966366847,-0.5503189612982297
9260,100,30,30,30,25.104330586146034,0.48352308196272814,-0.5503189612982297
9261,100,30,30,30,24.96416882569386,0.48343578248767854,-0.5503189612982297
9262,100,30,30,30,24.883262808970425,0.4848281847450222,-0.5503189612982297
9263,100,30,30,30,25.00685782854632,0.4865065550087218,-0.5503189612982297
9264,100,30,30,30,24.90583742964632,0.49201185656354735,-0.5503189612982297
9265,100,30,30,30,24.962147245594974,0.49079391132418754,-0.5503189612982297
9266,100,30,30,30,24.869397208397203,0.485059135249059,-0.5503189612982297
9267,100,30,30,30,24.680850381917118,0.48162851406681884,-0.5503189612982297
9268,100,30,30,30,25.18741841682904,0.49167948007923357,-0.5503189612982297
9269,100,30,30,30,25.010909383462284,0.49150686607063504,-0.5503189612982297
9270,100,30,30,30,24.91616237842576,0.4918867823352137,-0.5503189612982297
9271,100,30,30,30,24.60521755459051,0.49668347442396793,-0.5503189612982297
9272,100,30,30,30,25.067920031630315,0.49371071605610256,-0.5503189612982297
9273,100,30,30,30,25.058669379000595,0.49589554160286337,-0.5503189612982297
9274,100,30,30,30,24.79524510135891,0.4939924228467353,-0.5503189612982297
9275,100,30,30,30,25.033748582276967,0.49477906409674527,-0.5503189612982297
9276,100,30,30,30,25.27607194557349,0.49440909809577455,-0.5503189612982297
9277,100,30,30,30,25.09240700831916,0.4953123070128349,-0.5503189612982297
9278,100,30,30,30,24.993376332968012,0.5015576312689608,-0.5503189612982297
9279,100,30,30,30,24.74689815616917,0.5011394470507626,-0.5503189612982297
9280,100,30,30,30,25.019380879956497,0.5021019625927233,-0.5503189612982297
9281,100,30,30,30,24.979313742663997,0.5041306450743849,-0.5503189612982297
9282,100,30,30,30,24.997557804770743,0.5083235948505328,-0.5503189612982297
9283,100,30,30,30,25.048570802800448,0.507613861682889,-0.5503189612982297
9284,100,30,30,30,24.692307229204335,0.510825597952417,-0.5503189612982297
9285,100,30,30,30,24.951683460815516,0.511505974537381,-0.5503189612982297
9286,100,30,30,30,24.837952389039554,0.5033559681673333,-0.5503189612982297
9287,100,30,30,30,24.92969992086539,0.5029019508713962,-0.5503189612982297
9288,100,30,30,30,24.964365976439474,0.5082648018623429,-0.5503189612982297
9289,100,30,30,30,24.840352831887564,0.5057772814766103,-0.5503189612982297
9290,100,30,30,30,24.89665181302916,0.5059198051330532,-0.5503189612982297
9291,100,30,30,30,24.835726084145648,0.5065649291960073,-0.5503189612982297
9292,100,30,30,30,25.01223832026053,0.5152822794642309,-0.5503189612982297
9293,100,30,30,30,25.022682727155924,0.5119242589536123,-0.5503189612982297
9294,100,30,30,30,24.892333810678075,0.5151689747158247,-0.5503189612982297
9295,100,30,30,30,25.149617354639595,0.508102352294607,-0.5503189612982297
9296,100,30,30,30,24.99665607948657,0.5128323148149226,-0.5503189612982297
9297,100,30,30,30,25.0465589032546,0.5160298826973009,-0.5503189612982297
9298,100,30,30,30,24.978395141264357,0.5147351528366245,-0.5503189612982297
9299,100,30,30,30,24.657148578452322,0.5077414362463484,-0.5503189612982297
9300,100,30,30,30,24.84586806964457,0.5072214949114855,-0.5503189612982297
9301,100,30,30,30,24.99060022850623,0.5117541640109248,-0.5503189612982297
9302,100,30,30,30,25.250407343478393,0.5132524989783954,-0.5503189612982297
9303,100,30,30,30,24.92902347666838,0.5161182443836148,-0.5503189612982297
9304,100,30,30,30,24.691130373677566,0.5218954177046103,-0.5503189612982297
9305,100,30,30,30,24.859738853564362,0.52380845137915,-0.5503189612982297
9306,100,30,30,30,24.94054818435709,0.52566551347925,-0.5503189612982297
9307,100,30,30,30,25.007130555291347,0.520108909324298,-0.5503189612982297
9308,100,30,30,30,24.619988147919802,0.5174060434177437,-0.5503189612982297
9309,100,30,30,30,24.956076246441842,0.5158271993480981,-0.5503189612982297
9310,100,30,30,30,25.179130538301806,0.5175588568018703,-0.5503189612982297
9311,100,30,30,30,24.8334064261211,0.5179268977186493,-0.5503189612982297
9312,100,30,30,30,24.791522157290867,0.5135902265350057,-0.5503189612982297
9313,100,30,30,30,24.933705601876554,0.5139694768028238,-0.5503189612982297
9314,100,30,30,30,24.696440864883037,0.5079049963836286,-0.5503189612982297
9315,100,30,30,30,25.044208568601857,0.5057849916156061,-0.5503189612982297
9316,100,30,30,30,24.899408900231414,0.5013744214418893,-0.5503189612982297
9317,100,30,30,30,24.951499710898744,0.5037709276490545,-0.5503189612982297
9318,100,30,30,30,25.081049373646653,0.501221572416287,-0.5503189612982297
9319,100,30,30,30,24.92444484993386,0.49719624637400545,-0.5503189612982297
9320,100,30,30,30,24.90160764625135,0.502647629358977,-0.5503189612982297
9321,100,30,30,30,24.558195154838394,0.4947650712159461,-0.5503189612982297
9322,100,30,30,30,24.89813548312661,0.5018991475862493,-0.5503189612982297
9323,100,30,30,30,24.730232449610106,0.4994530646115372,-0.5503189612982297
9324,100,30,30,30,24.715662620230418,0.5052861049576356,-0.5503189612982297
9325,100,30,30,30,25.19053157539617,0.5105879213462011,-0.5503189612982297
9326,100,30,30,30,25.017971990759484,0.5177755451316977,-0.5503189612982297
9327,100,30,30,30,24.96064979338214,0.5192125780321786,-0.5503189612982297
9328,100,30,30,30,25.066671536745716,0.5228123952200429,-0.5503189612982297
9329,100,30,30,30,24.97839959475041,0.5239681433746504,-0.5503189612982297
9330,100,30,30,30,24.912321841458102,0.5243532263958371,-0.5503189612982297
9331,100,30,30,30,24.929318930831123,0.5217038403172719,-0.5503189612982297
9332,100,30,30,30,25.07680215220124,0.523330805554549,-0.5503189612982297
9333,100,30,30,30,25.06932884440008,0.5231189816093762,-0.5503189612982297
9334,100,30,30,30,24.75922831859245,0.5199452358241174,-0.5503189612982297
9335,100,30,30,30,25.0365195447553,0.5267869692539414,-0.5503189612982297
9336,100,30,30,30,24.997067945918268,0.532530684621658,-0.5503189612982297
9337,100,30,30,30,24.613853641157537,0.5282203334021753,-0.5503189612982297
9338,100,30,30,30,24.72593419566902,0.5247846849957754,-0.5503189612982297
9339,100,30,30,30,24.760227512708674,0.5282846070814564,-0.5503189612982297
9340,100,30,30,30,24.72127996617761,0.5264897622537453,-0.5503189612982297
9341,100,30,30,30,24.916097476550455,0.5205072212771847,-0.5503189612982297
9342,100,30,30,30,24.650944426460114,0.5169959851305094,-0.5503189612982297
9343,100,30,30,30,24.87819967239213,0.511800714461728,-0.5503189612982297
9344,100,30,30,30,24.355579806147258,0.5064498373104853,-0.5503189612982297
9345,100,30,30,30,24.912777925437652,0.5093425379761616,-0.5503189612982297
9346,100,30,30,30,24.781584210520112,0.5009508160138446,-0.5503189612982297
9347,100,30,30,30,24.722904764239754,0.5072650013570462,-0.5503189612982297
9348,100,30,30,30,24.922899140448806,0.5022431907463359,-0.5503189612982297
9349,100,30,30,30,24.758087341155353,0.4968631804644403,-0.5503189612982297
9350,100,30,30,30,25.132786020318527,0.49534218986451556,-0.5503189612982297
9351,100,30,30,30,25.129730713388486,0.4954038100735164,-0.5503189612982297
9352,100,30,30,30,24.555542775163005,0.4894947868485695,-0.5503189612982297
9353,100,30,30,30,25.25989240079801,0.4914287581985427,-0.5503189612982297
9354,100,30,30,30,24.8531977949801,0.4917941323067088,-0.5503189612982297
9355,100,30,30,30,24.895201714603438,0.4991276019684533,-0.5503189612982297
9356,100,30,30,30,24.97450460084606,0.5048536823741424,-0.5503189612982297
9357,100,30,30,30,25.012896878814075,0.5174860636873427,-0.5503189612982297
9358,100,30,30,30,24.980776175061756,0.5182786377859795,-0.5503189612982297
9359,100,30,30,30,25.00800348763702,0.522430815252791,-0.5503189612982297
9360,100,30,30,30,25.029615612773263,0.5204466749889588,-0.5503189612982297
9361,100,30,30,30,24.729635457375426,0.5129512055300863,-0.5503189612982297
9362,100,30,30,30,24.922864424115065,0.5103402240688129,-0.5503189612982297
9363,100,30,30,30,24.91056593723382,0.5088514363394451,-0.5503189612982297
9364,100,30,30,30,25.026965003760658,0.505687625370407,-0.5503189612982297
9365,100,30,30,30,24.935425158365597,0.5069130921298655,-0.5503189612982297
9366,100,30,30,30,25.082450808298734,0.5071391449884737,-0.5503189612982297
9367,100,30,30,30,24.999156136139494,0.5040223037318518,-0.5503189612982297
9368,100,30,30,30,24.980777699867996,0.503044552128776,-0.5503189612982297
9369,100,30,30,30,24.919210736946773,0.4945235636011903,-0.5503189612982297
9370,100,30,30,30,25.045422596922215,0.49493976845513804,-0.5503189612982297
9371,100,30,30,30,25.186639187441695,0.4905987633118783,-0.5503189612982297
9372,100,30,30,30,24.84193080630328,0.4909147693496679,-0.5503189612982297
9373,100,30,30,30,24.573000337130356,0.4867093580386171,-0.5503189612982297
9374,100,30,30,30,25.096079630791003,0.4852763655060454,-0.5503189612982297
9375,100,30,30,30,24.923668465501606,0.48520759579224476,-0.5503189612982297
9376,100,30,30,30,24.915732715826433,0.4882890548287582,-0.5503189612982297
9377,100,30,30,30,24.89321046221466,0.4861138653784254,-0.5503189612982297
9378,100,30,30,30,24.721034821627256,0.4869967530751002,-0.5503189612982297
9379,100,30,30,30,25.124940774085914,0.4953962130187527,-0.5503189612982297
9380,100,30,30,30,24.991933633838237,0.49373488546794886,-0.5503189612982297
9381,100,30,30,30,24.777143259300487,0.4949840043337524,-0.5503189612982297
9382,100,30,30,30,24.932125719890394,0.49321241956558687,-0.5503189612982297
9383,100,30,30,30,24.909190469826164,0.4904092720663217,-0.5503189612982297
9384,100,30,30,30,24.87036362210207,0.4914839679648128,-0.5503189612982297
9385,100,30,30,30,24.92735228026021,0.4932032123648286,-0.5503189612982297
9386,100,30,30,30,24.987465404285658,0.4935605768142554,-0.5503189612982297
9387,100,30,30,30,24.83524003842024,0.49781949336493897,-0.5503189612982297
9388,100,30,30,30,24.954951900719685,0.500722877078283,-0.5503189612982297
9389,100,30,30,30,24.76854403170342,0.5069085432138526,-0.5503189612982297
9390,100,30,30,30,25.09792670199159,0.5063016438564325,-0.5503189612982297
9391,100,30,30,30,25.102787108266767,0.5105506788415265,-0.5503189612982297
9392,100,30,30,30,24.73502693643823,0.5007599550426161,-0.5503189612982297
9393,100,30,30,30,24.406439079040066,0.49248543150971275,-0.5503189612982297
9394,100,30,30,30,24.944165622264443,0.4968132383898771,-0.5503189612982297
9395,100,30,30,30,25.001813561200365,0.49726668017085945,-0.5503189612982297
9396,100,30,30,30,24.7879771841044,0.4936980036261239,-0.5503189612982297
9397,100,30,30,30,25.183704903073256,0.5001262766457204,-0.5503189612982297
9398,100,30,30,30,24.956087597985736,0.5012150459936032,-0.5503189612982297
9399,100,30,30,30,24.938062612521204,0.5034940525965939,-0.5503189612982297
9400,100,30,30,30,25.01280459418758,0.5072928397692443,-0.5503189612982297
9401,100,30,30,30,25.060299417962213,0.5085500824188318,-0.5503189612982297
9402,100,30,30,30,24.9664122111589,0.5116171729696266,-0.5503189612982297
9403,100,30,30,30,24.978219515300232,0.5130527909568293,-0.5503189612982297
9404,100,30,30,30,24.821776234052557,0.5131004464848224,-0.5503189612982297
9405,100,30,30,30,25.034269933610346,0.511447268089315,-0.5503189612982297
9406,100,30,30,30,24.94265594322275,0.5145397159355632,-0.5503189612982297
9407,100,30,30,30,25.084105407921076,0.5203338191322613,-0.5503189612982297
9408,100,30,30,30,24.76288059412718,0.5182667108381486,-0.5503189612982297
9409,100,30,30,30,24.68686572931663,0.5122048658230145,-0.5503189612982297
9410,100,30,30,30,24.822797976920853,0.5129922213328337,-0.5503189612982297
9411,100,30,30,30,24.770671157761328,0.5121642510222374,-0.5503189612982297
9412,100,30,30,30,24.89117189664831,0.5131169247463877,-0.5503189612982297
9413,100,30,30,30,24.99439545727713,0.5115753356633481,-0.5503189612982297
9414,100,30,30,30,24.933748656897244,0.5112173086784216,-0.5503189612982297
9415,100,30,30,30,24.777987573158377,0.5046084378481291,-0.5503189612982297
9416,100,30,30,30,24.858416099334022,0.5063157431786608,-0.5503189612982297
9417,100,30,30,30,24.89609008072914,0.5043270035687631,-0.5503189612982297
9418,100,30,30,30,25.03643922073197,0.5023885129189869,-0.5503189612982297
9419,100,30,30,30,24.93860567491542,0.4998728445658969,-0.5503189612982297
9420,100,30,30,30,24.990714392974333,0.4989520881403548,-0.5503189612982297
9421,100,30,30,30,24.791264754088193,0.5033757875587449,-0.5503189612982297
9422,100,30,30,30,24.995504449783958,0.5101610556551139,-0.5503189612982297
9423,100,30,30,30,24.894704824840986,0.5154486357505849,-0.5503189612982297
9424,100,30,30,30,24.591637257574767,0.5132969813978482,-0.5503189612982297
9425,100,30,30,30,24.301965567740236,0.5013679157859585,-0.5503189612982297
9426,100,30,30,30,25.156923836905364,0.5021682129630051,-0.5503189612982297
9427,100,30,30,30,24.60139943496505,0.5002554435227025,-0.5503189612982297
9428,100,30,30,30,24.975442230551536,0.5012337853105683,-0.5503189612982297
9429,100,30,30,30,24.802908732978914,0.5001981582636956,-0.5503189612982297
9430,100,30,30,30,24.785368082225048,0.49713552271255923,-0.5503189612982297
9431,100,30,30,30,24.137328165683215,0.4911952117368203,-0.5503189612982297
9432,100,30,30,30,24.886433369148378,0.4908033835247811,-0.5503189612982297
9433,100,30,30,30,24.754161506584616,0.491648864041223,-0.5503189612982297
9434,100,30,30,30,24.916571114477634,0.48831486429978443,-0.5503189612982297
9435,100,30,30,30,24.85337043536846,0.4900843505338225,-0.5503189612982297
9436,100,30,30,30,25.03398848732624,0.48948815706966925,-0.5503189612982297
9437,100,30,30,30,24.823273700586224,0.4872694953728548,-0.5503189612982297
9438,100,30,30,30,24.956256704070096,0.49427176309402937,-0.5503189612982297
9439,100,30,30,30,24.922552681957548,0.5012058072687077,-0.5503189612982297
9440,100,30,30,30,25.073648338735865,0.5062949779456682,-0.5503189612982297
9441,100,30,30,30,24.97850028284931,0.49973895076405633,-0.5503189612982297
9442,100,30,30,30,24.752026204697305,0.49686200695814253,-0.5503189612982297
9443,100,30,30,30,24.99283855395553,0.5005678973925985,-0.5503189612982297
9444,100,30,30,30,24.882547359131877,0.5080486549479195,-0.5503189612982297
9445,100,30,30,30,25.05923505476116,0.5104904811899995,-0.5503189612982297
9446,100,30,30,30,24.48354671832336,0.5091889287279812,-0.5503189612982297
9447,100,30,30,30,24.750362677166777,0.5050958340130173,-0.5503189612982297
9448,100,30,30,30,24.714833135687563,0.5039889132708519,-0.5503189612982297
9449,100,30,30,30,25.011161600596616,0.5059806324962179,-0.5503189612982297
9450,100,30,30,30,24.870785487400067,0.5036384458259784,-0.5503189612982297
9451,100,30,30,30,24.89910453840821,0.504937664441922,-0.5503189612982297
9452,100,30,30,30,24.585861894889923,0.504083579975752,-0.5503189612982297
9453,100,30,30,30,24.5467034243107,0.4982836079421392,-0.5503189612982297
9454,100,30,30,30,25.032771555946887,0.5078807355545236,-0.5503189612982297
9455,100,30,30,30,24.872581062179044,0.5079147416531329,-0.5503189612982297
9456,100,30,30,30,23.942927783244052,0.4955225153986994,-0.5503189612982297
9457,100,30,30,30,24.949350209394325,0.496580902997672,-0.5503189612982297
9458,100,30,30,30,25.08237928892385,0.4963983974597352,-0.5503189612982297
9459,100,30,30,30,24.59728716513412,0.49503729062043333,-0.5503189612982297
9460,100,30,30,30,24.924710556032135,0.4992037461680669,-0.5503189612982297
9461,100,30,30,30,25.09352701687993,0.5045274387831405,-0.5503189612982297
9462,100,30,30,30,24.89143100687245,0.5034776195143487,-0.5503189612982297
9463,100,30,30,30,25.056876814087083,0.5085141143745445,-0.5503189612982297
9464,100,30,30,30,24.844561829884825,0.5093115822386014,-0.5503189612982297
9465,100,30,30,30,24.895020091616754,0.5113444091539833,-0.5503189612982297
9466,100,30,30,30,24.78775501125858,0.515679025601972,-0.5503189612982297
9467,100,30,30,30,24.85840062326834,0.5142562932306654,-0.5503189612982297
9468,100,30,30,30,25.02610618623072,0.5142202332242598,-0.5503189612982297
9469,100,30,30,30,24.846696847820347,0.5159873910169402,-0.5503189612982297
9470,100,30,30,30,24.955616880581616,0.5173927662303869,-0.5503189612982297
9471,100,30,30,30,25.11377897836796,0.5141158539332432,-0.5503189612982297
9472,100,30,30,30,24.628333241193804,0.5084992920153546,-0.5503189612982297
9473,100,30,30,30,24.895562293951222,0.5055253787188235,-0.5503189612982297
9474,100,30,30,30,24.798823342054618,0.5045058931433055,-0.5503189612982297
9475,100,30,30,30,24.563550859482035,0.5009720900370273,-0.5503189612982297
9476,100,30,30,30,24.789660000390178,0.4959444173986709,-0.5503189612982297
9477,100,30,30,30,25.07041050885766,0.4984501129539062,-0.5503189612982297
9478,100,30,30,30,25.041672331400065,0.5023597249732075,-0.5503189612982297
9479,100,30,30,30,24.972750189863113,0.5051653114999536,-0.5503189612982297
9480,100,30,30,30,25.04547242662888,0.5046253478844296,-0.5503189612982297
9481,100,30,30,30,25.13850069266098,0.5058518378619556,-0.5503189612982297
9482,100,30,30,30,24.62108717946913,0.4997277212863294,-0.5503189612982297
9483,100,30,30,30,25.03466710364923,0.5063905993737089,-0.5503189612982297
9484,100,30,30,30,25.03900627908763,0.505621689973804,-0.5503189612982297
9485,100,30,30,30,25.001920563258157,0.5126891872553226,-0.5503189612982297
9486,100,30,30,30,24.83881872825463,0.5173294419150929,-0.5503189612982297
9487,100,30,30,30,24.944166636368365,0.5205000753833765,-0.5503189612982297
9488,100,30,30,30,24.58917364891674,0.5189205816760625,-0.5503189612982297
9489,100,30,30,30,24.63497509270146,0.5109219063649701,-0.5503189612982297
9490,100,30,30,30,24.92994458236049,0.5069402192655852,-0.5503189612982297
9491,100,30,30,30,24.979386839829445,0.5040415855352856,-0.5503189612982297
9492,100,30,30,30,24.825113936822312,0.4956498796572993,-0.5503189612982297
9493,100,30,30,30,24.604171534693506,0.488903803020294,-0.5503189612982297
9494,100,30,30,30,24.901271753617547,0.495019214354812,-0.5503189612982297
9495,100,30,30,30,24.881934421321546,0.4955458821101341,-0.5503189612982297
9496,100,30,30,30,24.84250312703996,0.4996668491883913,-0.5503189612982297
9497,100,30,30,30,25.066068886912532,0.5023988344843937,-0.5503189612982297
9498,100,30,30,30,24.808368172689086,0.5042140462864642,-0.5503189612982297
9499,100,30,30,30,24.8401217573986,0.5013572083623379,-0.5503189612982297
9500,100,30,30,30,24.861123998768896,0.5059969306225268,-0.5503189612982297
9501,100,30,30,30,24.93400583276961,0.5017816931512393,-0.5503189612982297
9502,100,30,30,30,24.79887735428835,0.4975903175275862,-0.5503189612982297
9503,100,30,30,30,25.11485023086712,0.4992834527809799,-0.5503189612982297
9504,100,30,30,30,24.91823326894132,0.5059125347039048,-0.5503189612982297
9505,100,30,30,30,24.975919211959706,0.5056663582670015,-0.5503189612982297
9506,100,30,30,30,24.954122731864544,0.5099563943878473,-0.5503189612982297
9507,100,30,30,30,24.8657615111966,0.5138701880237441,-0.5503189612982297
9508,100,30,30,30,24.822394849816888,0.5187653565863158,-0.5503189612982297
9509,100,30,30,30,25.026869324898044,0.5195559009002241,-0.5503189612982297
9510,100,30,30,30,25.092432907108517,0.5235292338895506,-0.5503189612982297
9511,100,30,30,30,24.97188760084979,0.5331832899451775,-0.5503189612982297
9512,100,30,30,30,25.0173451941899,0.5285832393604399,-0.5503189612982297
9513,100,30,30,30,24.960967420327197,0.529640776186089,-0.5503189612982297
9514,100,30,30,30,24.404763888204315,0.5254587703211191,-0.5503189612982297
9515,100,30,30,30,24.98803777955728,0.519561717943217,-0.5503189612982297
9516,100,30,30,30,25.08280604081544,0.5244290073160204,-0.5503189612982297
9517,100,30,30,30,24.336047310469386,0.5176738308618862,-0.5503189612982297
9518,100,30,30,30,25.118817312245625,0.5178068657327849,-0.5503189612982297
9519,100,30,30,30,24.953297738800366,0.5206791319022598,-0.5503189612982297
9520,100,30,30,30,25.13019814614713,0.5280723497553802,-0.5503189612982297
9521,100,30,30,30,24.812639767545967,0.521844573841222,-0.5503189612982297
9522,100,30,30,30,25.15615539582747,0.5170338979198145,-0.5503189612982297
9523,100,30,30,30,24.876312530333117,0.5231850459262183,-0.5503189612982297
9524,100,30,30,30,24.942179880843433,0.5260702638382396,-0.5503189612982297
9525,100,30,30,30,24.864806475450784,0.5270014006391097,-0.5503189612982297
9526,100,30,30,30,24.770891335586725,0.5236602600506833,-0.5503189612982297
9527,100,30,30,30,25.12942765056701,0.519344363827384,-0.5503189612982297
9528,100,30,30,30,24.823222938010694,0.525425252539633,-0.5503189612982297
9529,100,30,30,30,24.918196414273744,0.5319492660820186,-0.5503189612982297
9530,100,30,30,30,24.93587353274288,0.5337511947354733,-0.5503189612982297
9531,100,30,30,30,24.89927727751509,0.540598760404289,-0.5503189612982297
9532,100,30,30,30,24.86949831473389,0.5410406104900245,-0.5503189612982297
9533,100,30,30,30,24.98018715612593,0.5427242976993312,-0.5503189612982297
9534,100,30,30,30,24.96377840260976,0.5422488119196994,-0.5503189612982297
9535,100,30,30,30,24.960325127994338,0.5399395505833181,-0.5503189612982297
9536,100,30,30,30,24.88947374842995,0.5361841550020082,-0.5503189612982297
9537,100,30,30,30,24.635634686278493,0.5377980250151725,-0.5503189612982297
9538,100,30,30,30,24.935495519861444,0.5436948818697876,-0.5503189612982297
9539,100,30,30,30,24.943532293359638,0.5422732887813714,-0.5503189612982297
9540,100,30,30,30,24.932676477583904,0.5418184080857336,-0.5503189612982297
9541,100,30,30,30,24.71568023842378,0.5311024001425729,-0.5503189612982297
9542,100,30,30,30,24.90675412310462,0.5361764015028496,-0.5503189612982297
9543,100,30,30,30,24.781340606567255,0.5335839482341919,-0.5503189612982297
9544,100,30,30,30,25.043759526580082,0.5401778707287613,-0.5503189612982297
9545,100,30,30,30,24.930041585925714,0.5372187174420517,-0.5503189612982297
9546,100,30,30,30,24.660097987176233,0.5382856285866869,-0.5503189612982297
9547,100,30,30,30,25.003455861791508,0.5424715093169601,-0.5503189612982297
9548,100,30,30,30,24.96778417221423,0.5389889268162581,-0.5503189612982297
9549,100,30,30,30,24.799492394301737,0.5395487146230409,-0.5503189612982297
9550,100,30,30,30,25.118298903523545,0.544901371565226,-0.5503189612982297
9551,100,30,30,30,24.177216503188053,0.5263432662401732,-0.5503189612982297
9552,100,30,30,30,25.013875137485847,0.5248019258432958,-0.5503189612982297
9553,100,30,30,30,24.971438599763324,0.5251500316777482,-0.5503189612982297
9554,100,30,30,30,25.027388564759107,0.5245322359947849,-0.5503189612982297
9555,100,30,30,30,24.98803399175364,0.5235555638815343,-0.5503189612982297
9556,100,30,30,30,24.824934768499432,0.528382449696173,-0.5503189612982297
9557,100,30,30,30,24.927316643208023,0.5305202115397183,-0.5503189612982297
9558,100,30,30,30,24.819745235985692,0.5308021797066559,-0.5503189612982297
9559,100,30,30,30,24.85706996690691,0.5405553092339155,-0.5503189612982297
9560,100,30,30,30,25.009948733131058,0.5458514915349724,-0.5503189612982297
9561,100,30,30,30,24.968062252618843,0.5486399099312897,-0.5503189612982297
9562,100,30,30,30,25.15023174410951,0.5505850370440433,-0.5503189612982297
9563,100,30,30,30,24.801512614577497,0.5493413890761254,-0.5503189612982297
9564,100,30,30,30,24.89131733062903,0.5432731600120279,-0.5503189612982297
9565,100,30,30,30,24.885167858312236,0.5396227121765174,-0.5503189612982297
9566,100,30,30,30,24.48650561408686,0.5370681911341019,-0.5503189612982297
9567,100,30,30,30,24.932959712915416,0.5414947438264672,-0.5503189612982297
9568,100,30,30,30,24.897127520587492,0.5399377426632486,-0.5503189612982297
9569,100,30,30,30,24.796742111339753,0.5373836509717221,-0.5503189612982297
9570,100,30,30,30,24.975755607747534,0.5357234291029509,-0.5503189612982297
9571,100,30,30,30,25.03750697565379,0.5411284273450668,-0.5503189612982297
9572,100,30,30,30,24.956784112574766,0.5383714316175077,-0.5503189612982297
9573,100,30,30,30,24.978503306168275,0.5354522366290136,-0.5503189612982297
9574,100,30,30,30,24.890250994421375,0.5416343001078384,-0.5503189612982297
9575,100,30,30,30,24.609238765648662,0.5363976657451147,-0.5503189612982297
9576,100,30,30,30,24.96156163044683,0.537244261334738,-0.5503189612982297
9577,100,30,30,30,25.017143163798472,0.5355083638622251,-0.5503189612982297
9578,100,30,30,30,24.910963680075827,0.5371453363870274,-0.5503189612982297
9579,100,30,30,30,24.93936933450096,0.5353485512353354,-0.5503189612982297
9580,100,30,30,30,24.83774402566722,0.5356486373302394,-0.5503189612982297
9581,100,30,30,30,24.870915382690754,0.5360334459218745,-0.5503189612982297
9582,100,30,30,30,24.66636929499422,0.5303778957979415,-0.5503189612982297
9583,100,30,30,30,24.736276125026144,0.5250464604785517,-0.5503189612982297
9584,100,30,30,30,25.146368378060345,0.5260021792503471,-0.5503189612982297
9585,100,30,30,30,25.10918890727633,0.5303791894818068,-0.5503189612982297
9586,100,30,30,30,24.896558717122236,0.5256486950106223,-0.5503189612982297
9587,100,30,30,30,24.833818332922377,0.5256022926983447,-0.5503189612982297
9588,100,30,30,30,24.595111370217268,0.5253881710419126,-0.5503189612982297
9589,100,30,30,30,25.044075701891302,0.5245408326180145,-0.5503189612982297
9590,100,30,30,30,25.00246435397522,0.5293573273746545,-0.5503189612982297
9591,100,30,30,30,24.973491360983115,0.5305180830066788,-0.5503189612982297
9592,100,30,30,30,24.863049787261883,0.5295284853025901,-0.5503189612982297
9593,100,30,30,30,25.006979134015644,0.5284973065493557,-0.5503189612982297
9594,100,30,30,30,24.883454696625908,0.5285232554300779,-0.5503189612982297
9595,100,30,30,30,24.65110596082087,0.5208625836519136,-0.5503189612982297
9596,100,30,30,30,24.805071967481346,0.5163020990436953,-0.5503189612982297
9597,100,30,30,30,24.98523274300885,0.518822052091112,-0.5503189612982297
9598,100,30,30,30,24.844999694182626,0.5218807492432372,-0.5503189612982297
9599,100,30,30,30,25.109606157886148,0.515706602933001,-0.5503189612982297
9600,100,30,30,30,24.874099587979618,0.5132460530161851,-0.5503189612982297
9601,100,30,30,30,25.009063394518687,0.5200341750760731,-0.5503189612982297
9602,100,30,30,30,24.571602640013438,0.5138539400614758,-0.5503189612982297
9603,100,30,30,30,24.986768729252372,0.5191768389707418,-0.5503189612982297
9604,100,30,30,30,25.098906806213073,0.5221974363579681,-0.5503189612982297
9605,100,30,30,30,25.075284860750294,0.5282534748941659,-0.5503189612982297
9606,100,30,30,30,25.005724075742442,0.5260003135016328,-0.5503189612982297
9607,100,30,30,30,24.920516658040228,0.5261340356687265,-0.5503189612982297
9608,100,30,30,30,24.566693899017935,0.5188351524867542,-0.5503189612982297
9609,100,30,30,30,24.89962187875843,0.521675844346445,-0.5503189612982297
9610,100,30,30,30,24.951360568751085,0.5222364177261096,-0.5503189612982297
9611,100,30,30,30,25.007878173145613,0.5277608590275533,-0.5503189612982297
9612,100,30,30,30,24.834987881748184,0.5249315279897981,-0.5503189612982297
9613,100,30,30,30,25.099650239117413,0.5247478468037523,-0.5503189612982297
9614,100,30,30,30,25.033891159199186,0.5314727311294826,-0.5503189612982297
9615,100,30,30,30,24.833312925246027,0.5362701137983178,-0.5503189612982297
9616,100,30,30,30,25.190177705986006,0.5315966201217047,-0.5503189612982297
9617,100,30,30,30,24.687062713632233,0.5271189910678646,-0.5503189612982297
9618,100,30,30,30,24.800215511936436,0.5210197946697013,-0.5503189612982297
9619,100,30,30,30,25.029443079710433,0.5206371457595204,-0.5503189612982297
9620,100,30,30,30,24.824786564096243,0.5224764416381998,-0.5503189612982297
9621,100,30,30,30,25.040230045337793,0.5224538662996276,-0.5503189612982297
9622,100,30,30,30,25.075631014075924,0.5178199531489911,-0.5503189612982297
9623,100,30,30,30,24.967862688216456,0.5174000124063975,-0.5503189612982297
9624,100,30,30,30,25.08468318247605,0.5217489671038111,-0.5503189612982297
9625,100,30,30,30,24.927175572044362,0.521926669593921,-0.5503189612982297
9626,100,30,30,30,24.93249028848772,0.523730167420597,-0.5503189612982297
9627,100,30,30,30,24.87426479586597,0.5234746783396544,-0.5503189612982297
9628,100,30,30,30,24.647781566796322,0.5184332659800704,-0.5503189612982297
9629,100,30,30,30,24.61350677353831,0.5171076119827535,-0.5503189612982297
9630,100,30,30,30,24.749309492242944,0.5131592128760056,-0.5503189612982297
9631,100,30,30,30,24.98303633017637,0.5134374237252305,-0.5503189612982297
9632,100,30,30,30,25.093089028847892,0.5148777380779015,-0.5503189612982297
9633,100,30,30,30,24.77115529487793,0.508185530463507,-0.5503189612982297
9634,100,30,30,30,24.82242540003567,0.516041718650242,-0.5503189612982297
9635,100,30,30,30,24.726871338142438,0.518951517573103,-0.5503189612982297
9636,100,30,30,30,24.612497237383835,0.5120074252693645,-0.5503189612982297
9637,100,30,30,30,24.849606441076137,0.5104420828356075,-0.5503189612982297
9638,100,30,30,30,24.964240794853723,0.5040892787011165,-0.5503189612982297
9639,100,30,30,30,24.883346119910875,0.4992306480545874,-0.5503189612982297
9640,100,30,30,30,24.73288131170853,0.4974550168257131,-0.5503189612982297
9641,100,30,30,30,25.203652141141553,0.49890233659267,-0.5503189612982297
9642,100,30,30,30,25.32897412556028,0.5049313024254765,-0.5503189612982297
9643,100,30,30,30,24.993680915802152,0.5094039635326801,-0.5503189612982297
9644,100,30,30,30,24.915963938396104,0.5086496806617802,-0.5503189612982297
9645,100,30,30,30,24.945869646699293,0.5017598639855166,-0.5503189612982297
9646,100,30,30,30,24.96475535320372,0.5046736314050496,-0.5503189612982297
9647,100,30,30,30,25.00432885638822,0.5063350501220549,-0.5503189612982297
9648,100,30,30,30,24.52290420526421,0.5008768981859928,-0.5503189612982297
9649,100,30,30,30,24.918837683346364,0.5061777888592408,-0.5503189612982297
9650,100,30,30,30,24.932406307480655,0.5094310760680409,-0.5503189612982297
9651,100,30,30,30,24.890645568014627,0.5152646603035086,-0.5503189612982297
9652,100,30,30,30,24.977163598755048,0.519437157300518,-0.5503189612982297
9653,100,30,30,30,24.868752813298922,0.512627966452114,-0.5503189612982297
9654,100,30,30,30,24.955210980475055,0.5153583169601262,-0.5503189612982297
9655,100,30,30,30,25.03991443899554,0.5170673869712845,-0.5503189612982297
9656,100,30,30,30,24.507650603626765,0.5134273134943041,-0.5503189612982297
9657,100,30,30,30,24.836211942336703,0.5159824586293317,-0.5503189612982297
9658,100,30,30,30,24.95768299650118,0.5175289200126272,-0.5503189612982297
9659,100,30,30,30,24.761732566953782,0.5152619250401889,-0.5503189612982297
9660,100,30,30,30,24.951866855695144,0.5232499951282648,-0.5503189612982297
9661,100,30,30,30,24.969284004882013,0.527072856874685,-0.5503189612982297
9662,100,30,30,30,24.95064259846321,0.5365751599557342,-0.5503189612982297
9663,100,30,30,30,24.690961834598596,0.529012574918223,-0.5503189612982297
9664,100,30,30,30,24.92228555733378,0.5192915767315013,-0.5503189612982297
9665,100,30,30,30,24.929584425698387,0.5195651679703174,-0.5503189612982297
9666,100,30,30,30,24.973647799743855,0.5215408055399322,-0.5503189612982297
9667,100,30,30,30,24.77184459835012,0.5187794035000619,-0.5503189612982297
9668,100,30,30,30,24.98761597150018,0.5206144096584608,-0.5503189612982297
9669,100,30,30,30,24.87921150723498,0.5241346157741845,-0.5503189612982297
9670,100,30,30,30,24.830803594911096,0.5222502988878549,-0.5503189612982297
9671,100,30,30,30,24.638870272497606,0.5226571140107906,-0.5503189612982297
9672,100,30,30,30,24.94312385236965,0.5180027821189805,-0.5503189612982297
9673,100,30,30,30,24.862379952726812,0.5153795137498153,-0.5503189612982297
9674,100,30,30,30,24.788646062044762,0.5218316336090063,-0.5503189612982297
9675,100,30,30,30,25.01109938385636,0.5231826769450934,-0.5503189612982297
9676,100,30,30,30,24.748227530788732,0.5203329632576708,-0.5503189612982297
9677,100,30,30,30,24.942967669596232,0.5228073978766201,-0.5503189612982297
9678,100,30,30,30,24.701606544532666,0.515156322880482,-0.5503189612982297
9679,100,30,30,30,24.9727057269993,0.5181297016230498,-0.5503189612982297
9680,100,30,30,30,25.019822716877776,0.5242570378651248,-0.5503189612982297
9681,100,30,30,30,24.61895599360835,0.52429993723343,-0.5503189612982297
9682,100,30,30,30,24.889181563640243,0.5241191254024654,-0.5503189612982297
9683,100,30,30,30,24.990160517846363,0.5263431746240107,-0.5503189612982297
9684,100,30,30,30,24.880727361285842,0.5288146544577699,-0.5503189612982297
9685,100,30,30,30,24.808689975854882,0.5281082949905479,-0.5503189612982297
9686,100,30,30,30,24.920986520678518,0.5221109354275826,-0.5503189612982297
9687,100,30,30,30,25.016918396866053,0.5228049061953047,-0.5503189612982297
9688,100,30,30,30,25.007494206888275,0.5193197538842679,-0.5503189612982297
9689,100,30,30,30,24.994166996306312,0.5112226486503709,-0.5503189612982297
9690,100,30,30,30,24.582715144826093,0.5133345330098583,-0.5503189612982297
9691,100,30,30,30,24.906715937141428,0.509384322989789,-0.5503189612982297
9692,100,30,30,30,25.01491223777051,0.5072329511385234,-0.5503189612982297
9693,100,30,30,30,25.12107669877877,0.5102001662431793,-0.5503189612982297
9694,100,30,30,30,24.892503608222455,0.5089492830041403,-0.5503189612982297
9695,100,30,30,30,25.000952434339,0.5089289454782411,-0.5503189612982297
9696,100,30,30,30,24.76541421465553,0.5067455498349843,-0.5503189612982297
9697,100,30,30,30,24.97227430515146,0.5054935262163038,-0.5503189612982297
9698,100,30,30,30,24.934176954039383,0.5131930062242899,-0.5503189612982297
9699,100,30,30,30,24.93255840038186,0.5107087234449083,-0.5503189612982297
9700,100,30,30,30,24.8690591590571,0.5105422109584976,-0.5503189612982297
9701,100,30,30,30,24.687084744541544,0.5092873665053043,-0.5503189612982297
9702,100,30,30,30,25.057589205713562,0.5130263259640505,-0.5503189612982297
9703,100,30,30,30,25.003680057527074,0.520052885998648,-0.5503189612982297
9704,100,30,30,30,24.99228058935977,0.5191977920148811,-0.5503189612982297
9705,100,30,30,30,24.934324943872582,0.5086303731752543,-0.5503189612982297
9706,100,30,30,30,25.001680556011614,0.5171619814225069,-0.5503189612982297
9707,100,30,30,30,24.935208085442895,0.5173810058543524,-0.5503189612982297
9708,100,30,30,30,25.00106995296985,0.5180420216229756,-0.5503189612982297
9709,100,30,30,30,24.812348516471136,0.5132343740041235,-0.5503189612982297
9710,100,30,30,30,24.996583614764948,0.5083312902943721,-0.5503189612982297
9711,100,30,30,30,25.054182544925734,0.510668267703716,-0.5503189612982297
9712,100,30,30,30,24.91606214785383,0.5078113256164855,-0.5503189612982297
9713,100,30,30,30,24.606461191414716,0.49882987382153926,-0.5503189612982297
9714,100,30,30,30,24.998824147879624,0.5011564839760067,-0.5503189612982297
9715,100,30,30,30,24.974425781697644,0.501016790338784,-0.5503189612982297
9716,100,30,30,30,24.89861557453507,0.5009817292419797,-0.5503189612982297
9717,100,30,30,30,24.810717567770467,0.5037160349856912,-0.5503189612982297
9718,100,30,30,30,25.00209674267395,0.5056478362199346,-0.5503189612982297
9719,100,30,30,30,25.18118549069474,0.5060983773300696,-0.5503189612982297
9720,100,30,30,30,24.808736360033606,0.5065194341106839,-0.5503189612982297
9721,100,30,30,30,24.96761873540868,0.5130376632243415,-0.5503189612982297
9722,100,30,30,30,24.83549761708536,0.5185029351863645,-0.5503189612982297
9723,100,30,30,30,24.788649562318867,0.5173746676146278,-0.5503189612982297
9724,100,30,30,30,24.982685972391558,0.5118084991718129,-0.5503189612982297
9725,100,30,30,30,24.88535376140421,0.5143166700876005,-0.5503189612982297
9726,100,30,30,30,24.900004755459406,0.5217406408255935,-0.5503189612982297
9727,100,30,30,30,24.663333363297916,0.5256966683503861,-0.5503189612982297
9728,100,30,30,30,24.944414173607733,0.5259077297879049,-0.5503189612982297
9729,100,30,30,30,24.918772166134566,0.5246699262339877,-0.5503189612982297
9730,100,30,30,30,24.907992164620843,0.523393381605796,-0.5503189612982297
9731,100,30,30,30,25.291327974374575,0.5210862826324298,-0.5503189612982297
9732,100,30,30,30,24.53085864370856,0.5046533238057606,-0.5503189612982297
9733,100,30,30,30,23.94705918334646,0.49419727921170603,-0.5503189612982297
9734,100,30,30,30,25.01979194608539,0.4938200185636645,-0.5503189612982297
9735,100,30,30,30,25.00033635348486,0.4976597068876424,-0.5503189612982297
9736,100,30,30,30,24.808286713052766,0.4982299093468151,-0.5503189612982297
9737,100,30,30,30,24.86878446540559,0.4969938198522962,-0.5503189612982297
9738,100,30,30,30,25.057233673643434,0.49950923948019904,-0.5503189612982297
9739,100,30,30,30,24.80075092826338,0.4990664433111533,-0.5503189612982297
9740,100,30,30,30,24.993548631193,0.4992242687823723,-0.5503189612982297
9741,100,30,30,30,25.164584790880227,0.49501775873522735,-0.5503189612982297
9742,100,30,30,30,25.225616500996935,0.499247245860044,-0.5503189612982297
9743,100,30,30,30,25.004161861498254,0.502871840045815,-0.5503189612982297
9744,100,30,30,30,24.695798959909887,0.5048757463087893,-0.5503189612982297
9745,100,30,30,30,24.9122328928962,0.5009026610434516,-0.5503189612982297
9746,100,30,30,30,25.007711535595842,0.5019387272072445,-0.5503189612982297
9747,100,30,30,30,24.950213439650618,0.5092383420527543,-0.5503189612982297
9748,100,30,30,30,24.860884320724637,0.5033151341046043,-0.5503189612982297
9749,100,30,30,30,24.98003588521336,0.5015334096573643,-0.5503189612982297
9750,100,30,30,30,24.343286630326936,0.49639616712691687,-0.5503189612982297
9751,100,30,30,30,24.95176765392703,0.4973075213648265,-0.5503189612982297
9752,100,30,30,30,24.900478423382232,0.4998057397622043,-0.5503189612982297
9753,100,30,30,30,24.9986087437616,0.4962386393907239,-0.5503189612982297
9754,100,30,30,30,25.326619496900726,0.4981090508124182,-0.5503189612982297
9755,100,30,30,30,24.896016913112263,0.49803285715346873,-0.5503189612982297
9756,100,30,30,30,24.64412316962568,0.49639866977242186,-0.5503189612982297
9757,100,30,30,30,24.86488737469972,0.49973346710893807,-0.5503189612982297
9758,100,30,30,30,25.183994437874805,0.5005062047846136,-0.5503189612982297
9759,100,30,30,30,24.87464420995824,0.4967627236120787,-0.5503189612982297
9760,100,30,30,30,24.991690074610414,0.4988234259901348,-0.5503189612982297
9761,100,30,30,30,24.997800347406397,0.4944262298436037,-0.5503189612982297
9762,100,30,30,30,25.08985524669517,0.4862077271105073,-0.5503189612982297
9763,100,30,30,30,24.992698628582673,0.4908653514587686,-0.5503189612982297
9764,100,30,30,30,25.010280101936736,0.49332074003052945,-0.5503189612982297
9765,100,30,30,30,24.474194911628388,0.49334149122690657,-0.5503189612982297
9766,100,30,30,30,24.86078653267964,0.4951281258796926,-0.5503189612982297
9767,100,30,30,30,24.81855377910839,0.4966691972940003,-0.5503189612982297
9768,100,30,30,30,24.990250523930108,0.4965332423740031,-0.5503189612982297
9769,100,30,30,30,24.94672766576533,0.49752007325082825,-0.5503189612982297
9770,100,30,30,30,24.966933409864097,0.4965952675363538,-0.5503189612982297
9771,100,30,30,30,25.3006422133191,0.501461860814981,-0.5503189612982297
9772,100,30,30,30,24.793998515139904,0.5038170743060059,-0.5503189612982297
9773,100,30,30,30,24.843877830496687,0.5051333900206986,-0.5503189612982297
9774,100,30,30,30,25.154671379450406,0.5139682006655865,-0.5503189612982297
9775,100,30,30,30,24.474744768930634,0.5034971055010334,-0.5503189612982297
9776,100,30,30,30,25.183807585466425,0.5092937317941275,-0.5503189612982297
9777,100,30,30,30,24.990391533926385,0.5127626433474457,-0.5503189612982297
9778,100,30,30,30,24.832948287505555,0.5086427192703192,-0.5503189612982297
9779,100,30,30,30,25.179717823919205,0.5123944652548508,-0.5503189612982297
9780,100,30,30,30,24.944485842795665,0.5127720102393846,-0.5503189612982297
9781,100,30,30,30,25.24011725159007,0.5150874669444274,-0.5503189612982297
9782,100,30,30,30,25.10141553213014,0.5171976737978516,-0.5503189612982297
9783,100,30,30,30,25.038766223980545,0.5218888530395526,-0.5503189612982297
9784,100,30,30,30,24.83956748684934,0.5194012128854376,-0.5503189612982297
9785,100,30,30,30,24.856269062609186,0.518922126928848,-0.5503189612982297
9786,100,30,30,30,24.822801924888807,0.5154997741382732,-0.5503189612982297
9787,100,30,30,30,24.93868054520123,0.5176543936905456,-0.5503189612982297
9788,100,30,30,30,24.70917639629117,0.5096854669917539,-0.5503189612982297
9789,100,30,30,30,24.868932863982067,0.5093927231916681,-0.5503189612982297
9790,100,30,30,30,24.739007589434102,0.5011760330374415,-0.5503189612982297
9791,100,30,30,30,24.719971391191304,0.49569438813550437,-0.5503189612982297
9792,100,30,30,30,24.99582339110664,0.4926660647452346,-0.5503189612982297
9793,100,30,30,30,25.073470466976076,0.4940382887741448,-0.5503189612982297
9794,100,30,30,30,24.884728552581052,0.5005712944764186,-0.5503189612982297
9795,100,30,30,30,24.94951709552594,0.504136757744413,-0.5503189612982297
9796,100,30,30,30,24.82877612555241,0.5024981106181573,-0.5503189612982297
9797,100,30,30,30,24.62497994776809,0.5010116046186971,-0.5503189612982297
9798,100,30,30,30,24.790163226898716,0.4875250772809418,-0.5503189612982297
9799,100,30,30,30,24.89155080171333,0.4928143670335086,-0.5503189612982297
9800,100,30,30,30,24.835918205647715,0.4944558013178978,-0.5503189612982297
9801,100,30,30,30,25.098162257452422,0.49486733836031616,-0.5503189612982297
9802,100,30,30,30,24.932201662555734,0.5015632767534902,-0.5503189612982297
9803,100,30,30,30,24.841730640866473,0.4997419045597275,-0.5503189612982297
9804,100,30,30,30,24.99209713949827,0.49605491556366743,-0.5503189612982297
9805,100,30,30,30,24.901391062017495,0.49988916767254027,-0.5503189612982297
9806,100,30,30,30,24.91984452653676,0.5023039607595251,-0.5503189612982297
9807,100,30,30,30,24.975122713431745,0.5066774462840876,-0.5503189612982297
9808,100,30,30,30,24.85119417156583,0.5087774444667752,-0.5503189612982297
9809,100,30,30,30,24.545405762050763,0.5040994223266533,-0.5503189612982297
9810,100,30,30,30,24.972753092505805,0.5067801730705414,-0.5503189612982297
9811,100,30,30,30,25.18498690027057,0.507125102137484,-0.5503189612982297
9812,100,30,30,30,24.830599906451653,0.5145936293500182,-0.5503189612982297
9813,100,30,30,30,24.98173594895932,0.5153363506691208,-0.5503189612982297
9814,100,30,30,30,25.069652307388466,0.5256081760840067,-0.5503189612982297
9815,100,30,30,30,24.808604263746417,0.5195747995820472,-0.5503189612982297
9816,100,30,30,30,24.978552624934913,0.5184223190241654,-0.5503189612982297
9817,100,30,30,30,25.03223895735981,0.5193704687347835,-0.5503189612982297
9818,100,30,30,30,25.07224852608187,0.5283861801148142,-0.5503189612982297
9819,100,30,30,30,24.71363802013675,0.5192121518047474,-0.5503189612982297
9820,100,30,30,30,24.94923776040803,0.5212353326341612,-0.5503189612982297
9821,100,30,30,30,24.97046502600309,0.5224743148171266,-0.5503189612982297
9822,100,30,30,30,24.972207899169508,0.5238868194037419,-0.5503189612982297
9823,100,30,30,30,25.078556105835382,0.5288978464712655,-0.5503189612982297
9824,100,30,30,30,24.60984749291165,0.5255299478414012,-0.5503189612982297
9825,100,30,30,30,24.903836709346464,0.5285758250525022,-0.5503189612982297
9826,100,30,30,30,24.934821594079537,0.5302353313315837,-0.5503189612982297
9827,100,30,30,30,24.682195750380053,0.523745107824584,-0.5503189612982297
9828,100,30,30,30,24.738176299282664,0.5191368486563359,-0.5503189612982297
9829,100,30,30,30,24.833591596011594,0.5187308114058569,-0.5503189612982297
9830,100,30,30,30,25.14398182468193,0.5255626959251284,-0.5503189612982297
9831,100,30,30,30,24.85221226467477,0.5233312753846034,-0.5503189612982297
9832,100,30,30,30,24.945328185394764,0.5250806731690011,-0.5503189612982297
9833,100,30,30,30,24.947166429924863,0.5314425307873751,-0.5503189612982297
9834,100,30,30,30,24.94914416302268,0.5340433973101801,-0.5503189612982297
9835,100,30,30,30,24.90617790756096,0.5340508477901592,-0.5503189612982297
9836,100,30,30,30,25.064197554688015,0.5315641587917757,-0.5503189612982297
9837,100,30,30,30,25.22040653727751,0.5361927377369686,-0.5503189612982297
9838,100,30,30,30,25.001776126080465,0.5332608778929313,-0.5503189612982297
9839,100,30,30,30,24.943083128191688,0.5342469071311445,-0.5503189612982297
9840,100,30,30,30,24.991151525991327,0.5398871154936765,-0.5503189612982297
9841,100,30,30,30,25.00867186813381,0.5391163165926949,-0.5503189612982297
9842,100,30,30,30,24.812714343422776,0.5417819641921966,-0.5503189612982297
9843,100,30,30,30,24.933215557130477,0.5435730625616538,-0.5503189612982297
9844,100,30,30,30,24.962887778545223,0.5464303850129171,-0.5503189612982297
9845,100,30,30,30,24.647836359188553,0.5485757431863404,-0.5503189612982297
9846,100,30,30,30,24.970288587564795,0.5524714350980463,-0.5503189612982297
9847,100,30,30,30,25.017606276675302,0.5529397080828995,-0.5503189612982297
9848,100,30,30,30,24.833101258549277,0.5551616224073905,-0.5503189612982297
9849,100,30,30,30,24.562344009501906,0.5545838770206408,-0.5503189612982297
9850,100,30,30,30,24.864208724626053,0.5562295304827755,-0.5503189612982297
9851,100,30,30,30,24.74670121741986,0.5567441509467714,-0.5503189612982297
9852,100,30,30,30,24.899833870801807,0.5547176679846821,-0.5503189612982297
9853,100,30,30,30,24.901210907389675,0.5519829667944745,-0.5503189612982297
9854,100,30,30,30,24.81651003037281,0.547440797300825,-0.5503189612982297
9855,100,30,30,30,24.94082719597442,0.5407890069413284,-0.5503189612982297
9856,100,30,30,30,24.804996377953493,0.5434353213297344,-0.5503189612982297
9857,100,30,30,30,24.774542369070545,0.5466456585049702,-0.5503189612982297
9858,100,30,30,30,24.960664934792028,0.5497081326432829,-0.5503189612982297
9859,100,30,30,30,24.85107098222361,0.5494183917497496,-0.5503189612982297
9860,100,30,30,30,24.822995180523737,0.5434410744189204,-0.5503189612982297
9861,100,30,30,30,24.862201679469827,0.5368391105123176,-0.5503189612982297
9862,100,30,30,30,24.80561849576282,0.5267973654337226,-0.5503189612982297
9863,100,30,30,30,24.909200331530677,0.523820775998728,-0.5503189612982297
9864,100,30,30,30,24.98754179608377,0.5218035560420073,-0.5503189612982297
9865,100,30,30,30,24.799729032402922,0.5226613701462245,-0.5503189612982297
9866,100,30,30,30,24.878226667618623,0.519981842654651,-0.5503189612982297
9867,100,30,30,30,24.862268011909343,0.5270999895550377,-0.5503189612982297
9868,100,30,30,30,24.967160830630373,0.5275513308547064,-0.5503189612982297
9869,100,30,30,30,24.8255883651794,0.5301275843809011,-0.5503189612982297
9870,100,30,30,30,24.95570312795426,0.5262132689268807,-0.5503189612982297
9871,100,30,30,30,24.90281823777038,0.5300045772768076,-0.5503189612982297
9872,100,30,30,30,24.73190712122264,0.5358383932648779,-0.5503189612982297
9873,100,30,30,30,24.809868842758274,0.5330424166753459,-0.5503189612982297
9874,100,30,30,30,24.956223622738104,0.5385372078187265,-0.5503189612982297
9875,100,30,30,30,24.793815153262436,0.5391296563177009,-0.5503189612982297
9876,100,30,30,30,24.958192549297202,0.5282718896860074,-0.5503189612982297
9877,100,30,30,30,25.24923370919034,0.5270830781785057,-0.5503189612982297
9878,100,30,30,30,25.001384027472884,0.5237895639362565,-0.5503189612982297
9879,100,30,30,30,24.965922218639797,0.5134889289488,-0.5503189612982297
9880,100,30,30,30,25.083625420878786,0.5151964703798758,-0.5503189612982297
9881,100,30,30,30,25.07582376400959,0.5100996289827936,-0.5503189612982297
9882,100,30,30,30,25.039202286171637,0.5147165803128994,-0.5503189612982297
9883,100,30,30,30,25.09472575781956,0.5128048013622861,-0.5503189612982297
9884,100,30,30,30,24.852717320399684,0.5090281820000481,-0.5503189612982297
9885,100,30,30,30,24.943543338485533,0.511383920870454,-0.5503189612982297
9886,100,30,30,30,24.874734289376832,0.5080338088203178,-0.5503189612982297
9887,100,30,30,30,24.952202883745976,0.5168591942681834,-0.5503189612982297
9888,100,30,30,30,24.981806327964506,0.516743042141092,-0.5503189612982297
9889,100,30,30,30,24.99323987689793,0.5212160767322787,-0.5503189612982297
9890,100,30,30,30,25.069788393602643,0.5211349015058517,-0.5503189612982297
9891,100,30,30,30,24.969652034452565,0.5270655368892261,-0.5503189612982297
9892,100,30,30,30,24.724302759560224,0.5226334034703708,-0.5503189612982297
9893,100,30,30,30,25.00978937346068,0.5265514571900634,-0.5503189612982297
9894,100,30,30,30,24.69513496911958,0.5239325358901552,-0.5503189612982297
9895,100,30,30,30,24.98868873307937,0.5219407495560736,-0.5503189612982297
9896,100,30,30,30,24.86805359083761,0.5157593939927331,-0.5503189612982297
9897,100,30,30,30,24.885097867104868,0.5167560524213469,-0.5503189612982297
9898,100,30,30,30,25.031549527235867,0.5098348083332046,-0.5503189612982297
9899,100,30,30,30,24.768654181400287,0.5079917782063278,-0.5503189612982297
9900,100,30,30,30,24.78973589406283,0.5058049967900854,-0.5503189612982297
9901,100,30,30,30,25.297633383457978,0.5052949744289711,-0.5503189612982297
9902,100,30,30,30,25.101100259396787,0.5004369190944493,-0.5503189612982297
9903,100,30,30,30,24.852345333316933,0.5018055924370266,-0.5503189612982297
9904,100,30,30,30,24.499310780043196,0.49296752417720335,-0.5503189612982297
9905,100,30,30,30,25.031579716304883,0.4935883590975499,-0.5503189612982297
9906,100,30,30,30,24.787496231160812,0.500277126144462,-0.5503189612982297
9907,100,30,30,30,24.88172152324743,0.493585285186253,-0.5503189612982297
9908,100,30,30,30,24.93808086712805,0.49633790802714284,-0.5503189612982297
9909,100,30,30,30,24.9877623146931,0.4964061919582009,-0.5503189612982297
9910,100,30,30,30,24.965378715137522,0.497603994530933,-0.5503189612982297
9911,100,30,30,30,25.108549274358854,0.5042520354072343,-0.5503189612982297
9912,100,30,30,30,24.752308203696465,0.5042988783747144,-0.5503189612982297
9913,100,30,30,30,24.804469271242368,0.5067448854546296,-0.5503189612982297
9914,100,30,30,30,24.98344986346214,0.5066679527380791,-0.5503189612982297
9915,100,30,30,30,24.86459353836168,0.5034377808981445,-0.5503189612982297
9916,100,30,30,30,25.11622119581071,0.5019882092957785,-0.5503189612982297
9917,100,30,30,30,25.02704194410267,0.5118182945755204,-0.5503189612982297
9918,100,30,30,30,24.67400946005406,0.5063237368244816,-0.5503189612982297
9919,100,30,30,30,25.041308022062587,0.5119814395886421,-0.5503189612982297
9920,100,30,30,30,24.76369508005597,0.5159262242492519,-0.5503189612982297
9921,100,30,30,30,24.26317851235804,0.5013803678453198,-0.5503189612982297
9922,100,30,30,30,24.75719627243068,0.5048577083169293,-0.5503189612982297
9923,100,30,30,30,24.82050876188059,0.5038544758591057,-0.5503189612982297
9924,100,30,30,30,24.98451585368367,0.5061314380181164,-0.5503189612982297
9925,100,30,30,30,24.937374888304735,0.5137875517370897,-0.5503189612982297
9926,100,30,30,30,25.001080081310164,0.5200319853573637,-0.5503189612982297
9927,100,30,30,30,25.012496571427985,0.5179871565393462,-0.5503189612982297
9928,100,30,30,30,24.901704671893434,0.5215266227452523,-0.5503189612982297
9929,100,30,30,30,25.178176309861946,0.5231347341990076,-0.5503189612982297
9930,100,30,30,30,24.834120389416075,0.5243555422454715,-0.5503189612982297
9931,100,30,30,30,24.84984419800891,0.5213161549270185,-0.5503189612982297
9932,100,30,30,30,24.990106870384622,0.525595870034564,-0.5503189612982297
9933,100,30,30,30,24.6392572551663,0.5178983870614625,-0.5503189612982297
9934,100,30,30,30,24.781335529121662,0.5144145355539823,-0.5503189612982297
9935,100,30,30,30,24.91773572900334,0.5188391339005705,-0.5503189612982297
9936,100,30,30,30,24.04482795941167,0.5073080934761257,-0.5503189612982297
9937,100,30,30,30,24.972779268582656,0.5113331431411952,-0.5503189612982297
9938,100,30,30,30,24.5704802396955,0.5010941485145428,-0.5503189612982297
9939,100,30,30,30,24.990842702549063,0.5021509170415817,-0.5503189612982297
9940,100,30,30,30,24.90354172630115,0.5027456507356474,-0.5503189612982297
9941,100,30,30,30,25.017863556049083,0.5012212469820955,-0.5503189612982297
9942,100,30,30,30,24.971208288356458,0.5036317004055109,-0.5503189612982297
9943,100,30,30,30,24.867061478247958,0.5048613399106009,-0.5503189612982297
9944,100,30,30,30,25.00506464021135,0.5099394513237413,-0.5503189612982297
9945,100,30,30,30,25.093517237631897,0.5161346711321096,-0.5503189612982297
9946,100,30,30,30,25.130569504160537,0.5185555927661097,-0.5503189612982297
9947,100,30,30,30,24.964111190067584,0.5193272351660355,-0.5503189612982297
9948,100,30,30,30,25.104548724423125,0.5221646564560256,-0.5503189612982297
9949,100,30,30,30,24.79380110889575,0.5197952447144202,-0.5503189612982297
9950,100,30,30,30,25.069061784731765,0.5217419687164708,-0.5503189612982297
9951,100,30,30,30,25.219529425785865,0.5286933196302082,-0.5503189612982297
9952,100,30,30,30,25.104825558469813,0.5344398319052615,-0.5503189612982297
9953,100,30,30,30,24.88608877749113,0.5346190666305399,-0.5503189612982297
9954,100,30,30,30,24.882206987994703,0.5259883032747819,-0.5503189612982297
9955,100,30,30,30,24.93111484457107,0.5283493424904313,-0.5503189612982297
9956,100,30,30,30,24.942225548175728,0.5289215720089212,-0.5503189612982297
9957,100,30,30,30,24.715098500413337,0.529038155170468,-0.5503189612982297
9958,100,30,30,30,24.859964006720226,0.5227348870484855,-0.5503189612982297
9959,100,30,30,30,24.503707796993652,0.5184566863369913,-0.5503189612982297
9960,100,30,30,30,24.98834802509535,0.5227886222845418,-0.5503189612982297
9961,100,30,30,30,24.628702414599253,0.5226178225675236,-0.5503189612982297
9962,100,30,30,30,24.9654535046181,0.5251432569960826,-0.5503189612982297
9963,100,30,30,30,24.84981203830351,0.5262927301000911,-0.5503189612982297
9964,100,30,30,30,24.9153071777884,0.5253237041599349,-0.5503189612982297
9965,100,30,30,30,25.05737816979996,0.5203869337624476,-0.5503189612982297
9966,100,30,30,30,24.979136452189437,0.5232936677044346,-0.5503189612982297
9967,100,30,30,30,24.879348317936035,0.5219950482535713,-0.5503189612982297
9968,100,30,30,30,24.821371119322535,0.5106835071771174,-0.5503189612982297
9969,100,30,30,30,24.92571494595218,0.5132158235714004,-0.5503189612982297
9970,100,30,30,30,24.981295478634376,0.5156984641861844,-0.5503189612982297
9971,100,30,30,30,24.625394452983397,0.51152848764718,-0.5503189612982297
9972,100,30,30,30,24.9601767028409,0.5121704941780734,-0.5503189612982297
9973,100,30,30,30,24.8499084610716,0.5153927275055207,-0.5503189612982297
9974,100,30,30,30,24.978129917572918,0.5153147532034396,-0.5503189612982297
9975,100,30,30,30,24.89974132781775,0.5152436749894689,-0.5503189612982297
9976,100,30,30,30,24.98082983409458,0.5150347535468563,-0.5503189612982297
9977,100,30,30,30,25.1542603111327,0.5208105900134724,-0.5503189612982297
9978,100,30,30,30,25.0474810516967,0.5288828396382793,-0.5503189612982297
9979,100,30,30,30,24.671129944026728,0.5238160900525669,-0.5503189612982297
9980,100,30,30,30,25.003528246227813,0.5259790171027161,-0.5503189612982297
9981,100,30,30,30,25.134088800027257,0.5224045029998013,-0.5503189612982297
9982,100,30,30,30,24.938761499352513,0.5246585542929975,-0.5503189612982297
9983,100,30,30,30,24.787363433863103,0.5196391705887611,-0.5503189612982297
9984,100,30,30,30,24.98181292108247,0.5170133419588172,-0.5503189612982297
9985,100,30,30,30,25.024077557516332,0.5168026884045205,-0.5503189612982297
9986,100,30,30,30,24.81539665470966,0.5166343979449798,-0.5503189612982297
9987,100,30,30,30,24.842775706873518,0.5134445586748727,-0.5503189612982297
9988,100,30,30,30,24.79431846382628,0.5110870003098438,-0.5503189612982297
9989,100,30,30,30,24.993699617486357,0.5139671417869804,-0.5503189612982297
9990,100,30,30,30,24.96297923799112,0.5097509947489028,-0.5503189612982297
9991,100,30,30,30,25.125408796136607,0.5109849650407842,-0.5503189612982297
9992,100,30,30,30,25.00640817479549,0.5162801487739814,-0.5503189612982297
9993,100,30,30,30,25.01410872240333,0.5183635922259958,-0.5503189612982297
9994,100,30,30,30,24.51729675096584,0.5073592790602441,-0.5503189612982297
9995,100,30,30,30,24.943522994930618,0.5068341248767465,-0.5503189612982297
9996,100,30,30,30,25.009021804534108,0.5161908635643189,-0.5503189612982297
9997,100,30,30,30,25.148141446902503,0.5159706749643913,-0.5503189612982297
9998,100,30,30,30,24.656510693596893,0.5149018582630452,-0.5503189612982297
9999,100,30,30,30,25.010519246523113,0.5258350658858242,-0.5503189612982297
