Unnamed: 0,battery,humidity,pressure,rf_counter,rf_total,temperature,direction,speed,f_cnt,rssi,snr,value,time
11022.142857142857,100.0,35.642857142857146,1012.8714285714285,0.0,0.031428571428571424,29.414285714285715,191.87142857142857,2.0999999999999996,4626.428571428572,-104.42857142857143,-4.642857142857143,1.0,2025-06-04T12:02:08.140711936Z
15226.2,100.0,32.2,1013.1600000000001,0.0,0.02,30.22,187.14,1.8399999999999999,6461.8,-104.4,-0.5399999999999998,1.0,2025-06-04T12:11:50.328133888Z
11026.142857142857,100.0,34.0,1012.7857142857143,0.0,0.031428571428571424,29.557142857142853,196.54285714285717,2.357142857142857,4629.571428571428,-107.0,-2.257142857142857,1.0,2025-06-04T12:22:08.085843712Z
12779.166666666666,100.0,34.25,1012.7499999999999,0.0,0.02666666666666666,30.150000000000002,175.5333333333333,2.283333333333333,5395.5,-105.66666666666667,-4.3999999999999995,1.0,2025-06-04T12:32:50.870744320Z
15232.2,100.0,32.4,1012.8199999999999,0.0,0.02,30.52,182.58,1.58,6467.2,-102.6,-3.0599999999999996,1.0,2025-06-04T12:41:50.275594752Z
11032.142857142857,100.0,32.92857142857143,1012.4714285714286,0.0,0.031428571428571424,30.314285714285713,159.79999999999998,1.3571428571428572,4634.285714285715,-106.57142857142857,-1.6428571428571428,1.0,2025-06-04T12:52:08.085331456Z
11589.0,100.0,33.2,1012.4800000000001,0.0,0.027999999999999997,30.119999999999997,208.84,1.7600000000000002,4863.6,-108.0,-1.6200000000000003,1.0,2025-06-04T13:02:08.160025600Z
12786.833333333334,100.0,32.833333333333336,1012.6166666666667,0.0,0.04,30.28333333333333,188.54999999999998,2.9,5402.166666666667,-106.66666666666667,-1.3833333333333335,1.0,2025-06-04T13:12:50.535846144Z
12788.833333333334,100.0,32.166666666666664,1012.6,0.0,0.043333333333333335,30.216666666666665,208.88333333333333,3.233333333333333,5403.833333333333,-107.33333333333333,-1.5,1.0,2025-06-04T13:22:50.522752256Z
12790.833333333334,100.0,31.5,1012.6,0.0,0.043333333333333335,30.5,198.76666666666665,3.4,5405.5,-106.0,-1.8666666666666665,1.0,2025-06-04T13:32:50.709677824Z
12792.833333333334,100.0,31.0,1012.65,0.0,0.043333333333333335,30.616666666666664,184.6833333333333,2.7999999999999994,5407.166666666667,-107.66666666666667,-1.3999999999999997,1.0,2025-06-04T13:42:50.648756992Z
11539.6,100.0,31.7,1012.6200000000001,0.0,0.05800000000000001,30.040000000000003,190.68,3.3600000000000003,4875.0,-108.4,-2.2399999999999998,1.0,2025-06-04T13:53:34.390912000Z
12796.5,100.0,31.916666666666668,1012.6833333333334,0.0,0.049999999999999996,29.816666666666666,210.61666666666667,3.266666666666666,5410.5,-106.0,-2.783333333333333,1.0,2025-06-04T14:02:50.719859968Z
15249.4,100.0,32.6,1012.9199999999998,0.0,0.055999999999999994,29.46,220.84,1.9600000000000002,6483.4,-105.6,-0.54,1.0,2025-06-04T14:11:50.235733504Z
15251.2,100.0,34.5,1012.9599999999998,0.0,0.06599999999999999,29.22,196.18,2.82,6485.4,-105.8,-2.6,1.0,2025-06-04T14:23:49.077508608Z
12801.833333333334,100.0,34.666666666666664,1012.75,0.0,0.07500000000000001,29.383333333333336,197.95000000000002,3.033333333333333,5415.5,-106.83333333333333,-1.9666666666666668,1.0,2025-06-04T14:32:50.701463296Z
12803.833333333334,100.0,34.666666666666664,1012.6666666666666,0.0,0.07833333333333334,29.91666666666666,196.29999999999998,2.35,5417.166666666667,-105.5,-3.466666666666667,1.0,2025-06-04T14:42:50.688703232Z
11609.6,100.0,33.7,1012.5200000000001,0.0,0.062,30.2,211.4,2.96,4881.2,-106.0,-1.7,1.0,2025-06-04T14:52:08.071948800Z
12807.5,100.0,33.916666666666664,1012.5833333333335,0.0,0.105,30.05,193.43333333333337,3.5666666666666664,5420.5,-106.66666666666667,-0.8666666666666666,1.0,2025-06-04T15:02:50.573248768Z
12809.5,100.0,35.416666666666664,1012.4333333333333,0.0,0.11666666666666665,29.53333333333333,197.1,3.25,5422.166666666667,-104.66666666666667,-1.8333333333333333,1.0,2025-06-04T15:12:50.543052544Z
12811.5,100.0,36.916666666666664,1012.4,0.0,0.12833333333333333,29.2,199.75,3.1666666666666665,5423.833333333333,-102.5,-4.716666666666667,1.0,2025-06-04T15:22:50.564780288Z
15264.6,100.0,36.9,1012.6,0.0,0.152,29.4,204.82000000000002,2.42,6497.8,-106.2,-1.24,1.0,2025-06-04T15:31:50.440503040Z
11064.42857142857,100.0,37.785714285714285,1012.1714285714286,0.0,0.12571428571428572,29.057142857142853,190.47142857142856,2.814285714285714,4661.0,-109.28571428571429,-3.1,1.0,2025-06-04T15:42:08.509235968Z
12817.5,100.0,38.25,1012.2166666666667,0.0,0.13666666666666666,29.033333333333335,208.70000000000002,1.9666666666666668,5428.833333333333,-107.83333333333333,-2.933333333333333,1.0,2025-06-04T15:52:50.347350784Z
12819.5,100.0,39.916666666666664,1012.0833333333334,0.0,0.13666666666666666,28.533333333333335,187.46666666666667,1.6666666666666667,5430.5,-104.83333333333333,-2.9499999999999997,1.0,2025-06-04T16:02:50.433126144Z
12821.5,100.0,39.416666666666664,1011.9499999999999,0.0,0.13666666666666666,28.733333333333334,201.35000000000002,1.883333333333333,5432.166666666667,-105.66666666666667,-1.8500000000000003,1.0,2025-06-04T16:12:50.538245120Z
12823.5,100.0,41.083333333333336,1011.7666666666668,0.0,0.13666666666666666,28.433333333333337,204.15000000000006,1.4333333333333333,5433.833333333333,-107.0,-1.8833333333333335,1.0,2025-06-04T16:22:50.597774080Z
15276.6,100.0,40.8,1011.86,0.0,0.152,28.78,212.76,1.38,6508.6,-105.8,-6.3,1.0,2025-06-04T16:31:50.112273152Z
9787.833333333334,100.0,41.25,1011.4666666666667,0.0,0.08833333333333333,28.566666666666666,218.18333333333337,1.8,4094.0,-107.16666666666667,-3.6166666666666667,1.0,2025-06-04T16:41:25.896171264Z
11633.2,100.0,40.5,1011.6,0.0,0.094,28.380000000000003,218.26,1.72,4900.4,-105.4,-3.54,1.0,2025-06-04T16:52:07.835464448Z
9766.75,100.0,41.625,1011.575,0.0,0.1175,28.025,205.65,2.375,4098.5,-109.5,-4.7250000000000005,1.0,2025-06-04T17:02:51.694982144Z
12832.166666666666,100.0,43.166666666666664,1011.8333333333334,0.0,0.13666666666666666,27.616666666666664,188.63333333333333,1.7166666666666668,5442.166666666667,-104.83333333333333,-3.183333333333333,1.0,2025-06-04T17:12:50.569536768Z
12834.166666666666,100.0,44.916666666666664,1011.8166666666666,0.0,0.13666666666666666,27.016666666666666,210.65,1.4666666666666668,5443.833333333333,-107.5,-2.716666666666667,1.0,2025-06-04T17:22:50.448884736Z
12836.166666666666,100.0,46.083333333333336,1011.8333333333331,0.0,0.13666666666666666,26.616666666666664,183.93333333333337,1.3,5445.5,-106.66666666666667,-1.3999999999999997,1.0,2025-06-04T17:32:50.380029952Z
11642.4,100.0,46.7,1011.7,0.0,0.094,26.140000000000004,182.4,1.3000000000000003,4908.4,-108.4,-2.54,1.0,2025-06-04T17:42:08.002249216Z
15290.6,100.0,48.0,1011.9199999999998,0.0,0.152,25.7,172.16,0.96,6523.2,-107.4,-1.6199999999999999,1.0,2025-06-04T17:53:48.905703936Z
15292.4,100.0,48.5,1011.8399999999999,0.0,0.152,25.340000000000003,128.68,0.66,6525.0,-105.0,-0.76,1.0,2025-06-04T18:03:48.887525888Z
15294.2,100.0,48.0,1011.74,0.0,0.152,25.22,157.14000000000001,0.8400000000000001,6526.8,-103.8,-0.7,1.0,2025-06-04T18:13:48.881605376Z
14414.0,100.0,48.375,1011.65,0.0,0.1025,25.025,177.77499999999998,1.375,6123.5,-108.0,-2.825,1.0,2025-06-04T18:23:10.334375424Z
15297.4,100.0,48.6,1011.6200000000001,0.0,0.154,25.14,137.44,0.9199999999999999,6530.4,-105.8,-2.1,1.0,2025-06-04T18:33:48.872162816Z
15299.2,100.0,50.3,1012.0200000000001,0.0,0.154,24.880000000000003,163.3,0.64,6532.2,-104.6,-1.9200000000000004,1.0,2025-06-04T18:43:48.855272960Z
15301.0,100.0,54.5,1012.1600000000001,0.0,0.40199999999999997,24.5,223.66,0.41999999999999993,6534.0,-102.8,-1.0600000000000003,1.0,2025-06-04T18:53:48.850179584Z
14420.75,100.0,61.75,1011.925,0.0,0.5349999999999999,23.425,188.925,0.32499999999999996,6130.5,-105.0,0.42500000000000004,1.0,2025-06-04T19:03:10.288045568Z
14422.25,100.0,66.625,1011.825,0.0,0.575,22.699999999999996,132.8,0.7,6132.25,-106.5,-1.425,1.0,2025-06-04T19:13:10.283178240Z
15305.6,100.0,70.1,1011.9399999999999,0.0,0.704,22.220000000000002,167.88,0.45999999999999996,6539.4,-103.4,0.3,1.0,2025-06-04T19:23:48.818373632Z
15307.4,100.0,69.7,1011.9399999999999,0.0,0.708,22.080000000000002,211.82,0.52,6541.2,-103.2,-1.06,1.0,2025-06-04T19:33:48.843332352Z
15309.2,100.0,70.1,1012.0599999999998,0.0,0.708,22.220000000000002,239.64000000000001,0.78,6543.0,-103.4,1.08,1.0,2025-06-04T19:43:48.792195072Z
15311.0,100.0,72.4,1012.1600000000001,0.0,0.64,21.9,220.21999999999997,0.58,6544.8,-108.4,-3.04,1.0,2025-06-04T19:53:48.788108032Z
15312.8,100.0,69.5,1012.22,0.0,0.64,21.86,174.51999999999998,0.48,6546.6,-102.8,-0.2799999999999999,1.0,2025-06-04T20:03:48.766473728Z
14432.5,100.0,68.0,1012.175,0.0,0.5,22.074999999999996,193.05,0.45,6142.75,-101.25,-0.09999999999999987,1.0,2025-06-04T20:13:10.215301632Z
14434.0,100.0,68.75,1012.2750000000001,0.0,0.5,21.925,116.95,0.35,6144.5,-103.75,0.050000000000000044,1.0,2025-06-04T20:23:10.216168960Z
15317.4,100.0,69.1,1012.36,0.0,0.64,21.74,248.34,0.27999999999999997,6552.0,-106.4,-1.8200000000000003,1.0,2025-06-04T20:33:48.787890432Z
15319.2,100.0,69.7,1012.36,0.0,0.64,21.64,238.21999999999997,0.4000000000000001,6553.8,-102.2,-2.72,1.0,2025-06-04T20:43:48.728705792Z
15321.0,100.0,72.8,1012.3800000000001,0.0,0.64,21.46,100.2,0.5,6555.6,-104.8,-1.8199999999999998,1.0,2025-06-04T20:53:48.729573888Z
15322.8,100.0,75.1,1012.32,0.0,0.64,21.22,182.66,0.43999999999999995,6557.4,-105.6,-0.47999999999999987,1.0,2025-06-04T21:03:48.712062976Z
15324.6,100.0,76.5,1012.3,0.0,0.64,21.02,236.16,0.52,6559.2,-107.6,-3.9200000000000004,1.0,2025-06-04T21:13:48.703908352Z
19006.5,100.0,79.5,1012.625,0.0,0.8,20.700000000000003,198.875,0.475,8176.5,-100.75,0.75,1.0,2025-06-04T21:22:47.970148864Z
12874.5,99.83333333333333,76.66666666666667,1012.1,0.0,0.5333333333333333,20.683333333333334,174.83333333333334,0.5166666666666667,5485.5,-104.0,-0.4833333333333332,1.0,2025-06-04T21:32:49.530999040Z
14447.75,99.5,78.5,1012.225,0.0,0.5,20.525000000000002,189.475,0.525,6158.5,-104.75,0.425,1.0,2025-06-04T21:43:10.197256192Z
14373.0,99.75,80.0,1012.15,0.0,0.7,20.325000000000003,283.95000000000005,0.775,6164.5,-104.75,-2.2249999999999996,1.0,2025-06-04T21:54:57.556518400Z
14450.5,99.25,78.375,1012.025,0.0,0.5,20.45,228.62500000000003,0.9,6162.25,-101.25,0.6499999999999999,1.0,2025-06-04T22:04:25.123389952Z
15334.2,99.4,79.9,1012.14,0.0,0.64,20.419999999999998,187.78,0.5,6570.0,-104.0,0.30000000000000004,1.0,2025-06-04T22:13:48.639603712Z
15336.0,99.4,81.2,1012.14,0.0,0.64,20.259999999999998,279.17999999999995,0.42000000000000004,6571.8,-105.0,-1.0799999999999998,1.0,2025-06-04T22:23:48.630877440Z
14455.5,99.25,80.5,1012.125,0.0,0.5,20.2,202.42499999999998,0.55,6167.5,-101.75,-0.4500000000000002,1.0,2025-06-04T22:34:25.091401472Z
15339.2,98.2,83.2,1012.2,0.0,0.64,19.8,211.3,0.36000000000000004,6575.4,-102.0,0.6199999999999999,1.0,2025-06-04T22:43:48.651660032Z
15341.0,98.2,81.0,1012.28,0.0,0.64,19.64,240.68,0.48,6577.2,-102.2,0.74,1.0,2025-06-04T22:53:48.593774080Z
15342.8,98.2,78.2,1012.2800000000001,0.0,0.64,19.9,240.85999999999999,0.5799999999999998,6579.0,-104.8,-0.2,1.0,2025-06-04T23:03:48.579468800Z
15344.6,97.8,75.5,1012.36,0.0,0.64,19.98,185.64,0.62,6580.8,-106.8,-3.2600000000000002,1.0,2025-06-04T23:13:48.582765568Z
15346.4,97.8,79.3,1012.4,0.0,0.64,19.74,184.16,0.52,6582.6,-104.6,-1.8,1.0,2025-06-04T23:23:48.565191936Z
15348.2,97.8,79.5,1012.4399999999999,0.0,0.64,19.68,207.03999999999996,0.74,6584.4,-103.2,0.72,1.0,2025-06-04T23:33:48.559483904Z
15350.0,97.4,75.4,1012.4199999999998,0.0,0.64,19.82,279.5,0.86,6586.2,-105.0,1.0,1.0,2025-06-04T23:43:48.557939968Z
15351.8,97.0,74.0,1012.4399999999999,0.0,0.64,20.04,257.12,0.7600000000000001,6588.0,-108.0,-3.18,1.0,2025-06-04T23:53:48.587599872Z
15353.6,97.0,77.1,1012.4,0.0,0.64,19.7,208.44,0.58,6589.8,-105.8,-0.76,1.0,2025-06-05T00:03:48.516987648Z
15355.4,96.8,77.0,1012.36,0.0,0.64,19.580000000000002,215.08,0.82,6591.6,-104.0,-2.06,1.0,2025-06-05T00:13:48.515241472Z
15357.2,96.8,75.3,1012.3,0.0,0.64,19.660000000000004,218.0,0.76,6593.4,-106.4,0.8,1.0,2025-06-05T00:23:48.509346304Z
15359.0,96.8,70.6,1012.28,0.0,0.64,20.020000000000003,245.56,0.8399999999999999,6595.2,-108.4,-2.7399999999999998,1.0,2025-06-05T00:33:48.920058112Z
15360.8,96.0,70.5,1012.2800000000001,0.0,0.64,20.02,197.68,0.74,6597.0,-103.4,-0.5599999999999999,1.0,2025-06-05T00:43:48.485954048Z
15362.6,95.2,73.0,1012.36,0.0,0.64,19.640000000000004,199.34,0.7000000000000001,6598.8,-104.4,-1.0,1.0,2025-06-05T00:53:48.527853056Z
12908.0,95.33333333333333,69.66666666666667,1012.1666666666666,0.0,0.5333333333333333,19.766666666666666,182.13333333333335,0.8666666666666666,5520.666666666667,-107.0,-0.06666666666666672,1.0,2025-06-05T01:04:28.956343296Z
15365.4,95.2,73.8,1012.4,0.0,0.64,19.259999999999998,161.88,0.6,6602.4,-102.8,-1.36,1.0,2025-06-05T01:13:48.441848832Z
15367.2,94.8,73.6,1012.28,0.0,0.64,18.979999999999997,244.76,0.5,6604.2,-105.6,-0.78,1.0,2025-06-05T01:23:48.455470080Z
19053.5,95.0,71.75,1012.525,0.0,0.8,18.825,139.625,0.35,8226.5,-100.75,2.45,1.0,2025-06-05T01:32:47.700671488Z
11655.2,94.4,70.9,1011.9799999999999,0.0,0.5599999999999999,18.96,273.3,0.5,4988.6,-108.6,-1.04,1.0,2025-06-05T01:43:32.545575680Z
15372.2,94.0,71.4,1012.1600000000001,0.0,0.64,18.880000000000003,215.01999999999998,0.4600000000000001,6609.6,-103.8,0.5,1.0,2025-06-05T01:53:48.422825472Z
15374.0,94.0,70.4,1012.1600000000001,0.0,0.64,18.68,128.32,0.44000000000000006,6611.4,-102.4,-2.1,1.0,2025-06-05T02:03:48.451343104Z
15375.8,94.0,71.8,1012.2,0.0,0.64,18.68,211.2,0.6199999999999999,6613.2,-103.0,-0.3,1.0,2025-06-05T02:13:48.381313024Z
15377.6,93.8,72.2,1012.1600000000001,0.0,0.64,18.34,190.12,0.32,6615.0,-104.8,-0.11999999999999993,1.0,2025-06-05T02:23:48.382061056Z
15379.4,93.8,74.2,1012.18,0.0,0.64,17.839999999999996,194.71999999999997,0.36000000000000004,6616.8,-107.6,-3.1,1.0,2025-06-05T02:33:48.398209792Z
15381.2,93.8,72.8,1012.3,0.0,0.64,17.979999999999997,114.51999999999998,0.4800000000000001,6618.6,-105.0,-0.9400000000000001,1.0,2025-06-05T02:43:48.351068416Z
15383.0,92.6,72.5,1012.28,0.0,0.64,17.82,199.6,0.5,6620.4,-107.4,-4.1,1.0,2025-06-05T02:53:48.806518272Z
15384.8,92.6,73.1,1012.4,0.0,0.64,17.619999999999997,156.4,0.33999999999999997,6622.2,-104.8,1.0,1.0,2025-06-05T03:03:48.386492928Z
15386.6,92.6,73.0,1012.5400000000002,0.0,0.64,17.479999999999997,220.51999999999998,0.33999999999999997,6624.0,-104.4,0.07999999999999989,1.0,2025-06-05T03:13:48.321504512Z
15388.4,92.4,72.3,1012.46,0.0,0.64,17.54,184.5,0.32,6625.8,-104.8,0.18000000000000008,1.0,2025-06-05T03:23:48.336868608Z
14430.25,92.5,70.5,1012.35,0.0,0.7,17.825,223.77499999999998,0.425,6224.0,-104.75,1.3,1.0,2025-06-05T03:34:57.179351808Z
15391.6,92.4,71.0,1012.4,0.0,0.64,17.779999999999998,192.57999999999998,0.5599999999999999,6629.4,-105.6,0.3,1.0,2025-06-05T03:43:48.299161856Z
15393.4,91.8,72.9,1012.4599999999998,0.0,0.64,17.619999999999997,136.18,0.5599999999999999,6631.2,-105.2,0.15999999999999998,1.0,2025-06-05T03:53:48.301372416Z
15395.2,91.2,75.8,1012.4800000000001,0.0,0.64,17.3,231.8,0.4,6633.0,-104.6,-0.41999999999999993,1.0,2025-06-05T04:03:48.278393344Z
15397.0,91.2,72.2,1012.5800000000002,0.0,0.64,17.520000000000003,170.22,0.4000000000000001,6634.8,-103.6,-1.22,1.0,2025-06-05T04:13:48.314488320Z
15398.8,91.0,77.1,1012.72,0.0,0.64,17.520000000000003,213.44,0.42000000000000004,6636.6,-104.2,-1.1,1.0,2025-06-05T04:23:48.259403264Z
15400.6,91.0,77.2,1012.76,0.0,0.64,17.44,205.84,0.45999999999999996,6638.4,-105.6,-1.26,1.0,2025-06-05T04:33:48.258511616Z
15402.4,91.0,75.6,1012.68,0.0,0.64,17.86,68.16000000000001,0.42000000000000004,6640.2,-103.4,-0.8600000000000001,1.0,2025-06-05T04:43:48.256569344Z
15404.2,91.0,77.7,1012.82,0.0,0.64,18.160000000000004,174.24,0.7,6642.0,-104.0,-1.04,1.0,2025-06-05T04:53:48.254635264Z
19094.5,91.5,78.25,1013.2,0.0,0.8250000000000001,18.700000000000003,295.875,0.55,8268.5,-103.75,-1.125,1.0,2025-06-05T05:02:47.489438464Z
12948.5,91.33333333333333,75.75,1012.7333333333332,0.0,0.5566666666666668,19.083333333333332,215.81666666666663,0.6166666666666667,5562.166666666667,-106.16666666666667,-3.5833333333333335,1.0,2025-06-05T05:12:49.132302592Z
15409.6,91.8,72.7,1012.96,0.0,0.668,19.48,222.45999999999998,0.8,6647.4,-102.4,-1.56,1.0,2025-06-05T05:23:48.209719040Z
15411.4,91.8,71.6,1013.0800000000002,0.0,0.668,19.8,173.68,0.58,6649.2,-105.0,-1.46,1.0,2025-06-05T05:33:48.185922304Z
15413.2,91.8,71.7,1013.3399999999999,0.0,0.6719999999999999,20.6,241.8,0.44000000000000006,6651.0,-104.0,-1.6600000000000001,1.0,2025-06-05T05:43:48.189594112Z
14530.5,91.75,65.5,1013.15,0.0,0.5225,21.65,188.075,0.5750000000000001,6244.5,-106.75,-3.575,1.0,2025-06-05T05:54:24.694813696Z
15416.4,93.0,65.5,1013.1,0.0,0.6719999999999999,21.879999999999995,107.8,0.9,6654.6,-104.2,-3.3,1.0,2025-06-05T06:03:48.164057600Z
15418.2,93.4,64.4,1013.1,0.0,0.6719999999999999,21.959999999999997,180.95999999999998,0.7999999999999999,6656.4,-103.2,-0.54,1.0,2025-06-05T06:13:48.144922112Z
15420.0,93.4,65.4,1013.1800000000001,0.0,0.6719999999999999,22.24,168.45999999999998,0.86,6658.2,-106.4,-1.7399999999999998,1.0,2025-06-05T06:23:48.184238848Z
15421.8,94.2,64.8,1013.6600000000001,0.0,0.6719999999999999,22.580000000000002,242.3,0.9799999999999999,6660.0,-105.0,-2.9200000000000004,1.0,2025-06-05T06:33:48.127142656Z
15423.6,94.2,64.7,1013.8799999999999,0.0,0.6719999999999999,22.76,282.94,0.72,6661.8,-103.0,-1.94,1.0,2025-06-05T06:43:48.122059264Z
14464.5,94.5,61.75,1013.35,0.0,0.7424999999999999,23.375,222.275,0.575,6259.0,-103.5,-4.325,1.0,2025-06-05T06:54:56.962577664Z
15426.8,97.6,58.3,1013.0599999999998,0.0,0.6759999999999999,24.14,171.84,1.06,6665.4,-104.2,-1.72,1.0,2025-06-05T07:03:48.104580608Z
15428.6,98.6,55.5,1012.96,0.0,0.6759999999999999,24.78,220.45999999999998,1.5000000000000002,6667.2,-103.0,-0.9400000000000001,1.0,2025-06-05T07:13:48.090369280Z
15430.4,98.6,53.1,1012.8800000000001,0.0,0.6759999999999999,24.660000000000004,172.32,1.6999999999999997,6669.0,-103.6,-2.3200000000000003,1.0,2025-06-05T07:23:48.131284480Z
15432.2,98.6,50.8,1012.8,0.0,0.6759999999999999,24.66,189.78000000000003,1.48,6670.8,-103.2,0.14000000000000004,1.0,2025-06-05T07:33:48.502467328Z
15434.0,99.2,44.6,1012.86,0.0,0.6759999999999999,25.56,172.6,2.2,6672.6,-104.6,-2.34,1.0,2025-06-05T07:43:48.066088704Z
15435.8,99.2,43.8,1012.9,0.0,0.6759999999999999,25.72,216.58,1.56,6674.4,-106.8,-3.4800000000000004,1.0,2025-06-05T07:53:48.051973376Z
15437.6,99.2,43.8,1013.0200000000001,0.0,0.6759999999999999,25.560000000000002,217.24,0.6599999999999999,6676.2,-104.4,-3.06,1.0,2025-06-05T08:03:48.045548032Z
15439.4,100.0,44.2,1013.1200000000001,0.0,0.6759999999999999,25.639999999999997,206.85999999999999,0.9800000000000001,6678.0,-102.6,-1.0,1.0,2025-06-05T08:13:48.027160064Z
15441.2,100.0,43.8,1013.22,0.0,0.6759999999999999,25.860000000000003,233.21999999999997,1.44,6679.8,-106.8,-3.1,1.0,2025-06-05T08:23:48.033755904Z
15443.0,100.0,44.0,1013.28,0.0,0.6759999999999999,25.919999999999998,122.7,0.86,6681.6,-101.6,-4.04,1.0,2025-06-05T08:33:48.053797120Z
15444.8,100.0,43.1,1013.3,0.0,0.6759999999999999,25.8,201.88,1.3,6683.4,-106.0,0.19999999999999982,1.0,2025-06-05T08:43:48.439390464Z
15446.6,100.0,43.8,1013.3399999999999,0.0,0.6759999999999999,25.660000000000004,178.06,1.1400000000000001,6685.2,-103.2,-4.46,1.0,2025-06-05T08:53:48.007286016Z
15448.4,100.0,44.1,1013.28,0.0,0.6759999999999999,25.939999999999998,152.64,0.96,6687.0,-106.2,-3.7399999999999998,1.0,2025-06-05T09:03:47.988230912Z
15450.2,100.0,43.1,1013.2199999999999,0.0,0.6759999999999999,26.080000000000002,136.52,1.2799999999999998,6688.8,-104.6,-5.5600000000000005,1.0,2025-06-05T09:13:47.982848768Z
15452.0,100.0,42.3,1013.1600000000001,0.0,0.6759999999999999,26.320000000000004,187.04000000000002,1.4600000000000002,6690.6,-106.4,-3.3600000000000003,1.0,2025-06-05T09:23:47.971438592Z
15453.8,100.0,41.3,1013.18,0.0,0.6759999999999999,26.4,171.14000000000001,1.18,6692.4,-105.0,-0.9,1.0,2025-06-05T09:33:48.015882240Z
15455.6,100.0,42.0,1013.1,0.0,0.6759999999999999,26.76,190.83999999999997,1.16,6694.2,-106.2,-1.5399999999999998,1.0,2025-06-05T09:43:47.955092992Z
14495.75,100.0,40.5,1013.05,0.0,0.7424999999999999,27.325000000000003,171.62500000000003,1.0250000000000001,6290.25,-104.25,-0.19999999999999996,1.0,2025-06-05T09:53:41.774739712Z
15458.8,100.0,40.4,1013.04,0.0,0.6759999999999999,27.9,195.10000000000002,0.86,6697.8,-104.4,-1.8199999999999998,1.0,2025-06-05T10:03:47.929253120Z
15460.6,100.0,56.6,2121.12,51.0,131.664,22.559999999999995,146.95999999999998,1312.04,6699.6,-105.6,-1.54,1.0,2025-06-05T10:13:48.752992768Z
15462.4,100.0,37.1,1013.0200000000001,0.0,0.512,28.9,175.74,1.2399999999999998,6701.4,-105.6,-2.6399999999999997,1.0,2025-06-05T10:23:47.918940160Z
15464.2,100.0,36.4,1013.0600000000001,0.0,0.512,29.0,173.44,1.0,6703.2,-107.2,-2.2,1.0,2025-06-05T10:33:47.906144512Z
15466.0,100.0,36.4,1013.0400000000002,0.0,0.512,29.439999999999998,237.3,0.74,6705.0,-106.4,-3.2600000000000002,1.0,2025-06-05T10:43:47.945507584Z
15467.8,100.0,34.5,1013.0200000000001,0.0,0.004,29.439999999999998,155.42000000000002,1.1999999999999997,6706.8,-104.8,-0.8,1.0,2025-06-05T10:53:47.893903360Z
15469.6,100.0,36.6,1013.0199999999999,0.0,0.004,28.76,207.56,1.1599999999999997,6708.6,-105.2,0.34,1.0,2025-06-05T11:03:48.321323520Z
15471.4,100.0,37.6,1012.9399999999999,0.0,0.004,28.6,197.7,1.5,6710.4,-106.2,-1.58,1.0,2025-06-05T11:13:47.877731584Z
15473.2,100.0,38.6,1012.86,0.0,0.004,28.76,144.7,1.52,6712.2,-104.6,-1.4,1.0,2025-06-05T11:23:47.873127936Z
15475.0,100.0,37.9,1012.6599999999999,0.0,0.004,29.080000000000002,219.2,1.6,6714.0,-105.2,-1.22,1.0,2025-06-05T11:33:47.863297280Z
15476.8,100.0,35.4,1012.6200000000001,0.0,0.004,29.279999999999994,161.35999999999999,1.1,6715.8,-106.6,-0.33999999999999997,1.0,2025-06-05T11:43:47.904178944Z
15478.6,100.0,38.0,1012.6,0.0,0.004,29.419999999999998,208.61999999999998,1.4,6717.6,-106.8,-2.3600000000000003,1.0,2025-06-05T11:53:47.859809792Z
15480.4,100.0,39.1,1012.5,0.0,0.004,29.520000000000003,153.16,1.56,6719.4,-103.2,0.15999999999999998,1.0,2025-06-05T12:03:47.843138048Z
14520.0,100.0,38.875,1012.375,0.0,0.005,29.575000000000003,187.975,2.575,6314.75,-105.75,-3.1999999999999997,1.0,2025-06-05T12:13:41.664249344Z
15483.6,100.0,39.3,1012.26,0.0,0.004,29.580000000000002,186.3,0.9,6723.0,-106.0,-2.98,1.0,2025-06-05T12:23:47.836315136Z
15485.4,100.0,42.0,1012.2,0.0,0.004,29.620000000000005,189.78,1.06,6724.8,-104.6,-1.9600000000000002,1.0,2025-06-05T12:33:47.817494528Z
15487.2,100.0,55.8,2120.4400000000005,51.0,131.074,24.28,141.16000000000003,1312.1200000000001,6726.6,-103.2,-3.2,1.0,2025-06-05T12:43:48.628439808Z
15489.0,100.0,38.5,1012.24,0.0,0.004,30.1,241.48000000000002,0.78,6728.4,-104.8,-1.9200000000000004,1.0,2025-06-05T12:53:47.851891200Z
15490.8,100.0,41.6,1012.28,0.0,0.004,29.6,217.32,1.06,6730.2,-105.6,-1.4,1.0,2025-06-05T13:03:47.815282944Z
15492.6,100.0,43.3,1012.2199999999999,0.0,0.004,29.060000000000002,205.3,1.0,6732.0,-104.0,0.44000000000000006,1.0,2025-06-05T13:13:47.788838400Z
15494.4,100.0,42.6,1012.0799999999999,0.0,0.004,29.179999999999996,158.08,1.5,6733.8,-104.2,-2.3600000000000003,1.0,2025-06-05T13:23:47.786519296Z
15496.2,100.0,43.5,1012.1,0.0,0.004,28.98,195.94,2.08,6735.6,-102.4,0.24,1.0,2025-06-05T13:33:47.777666560Z
15498.0,100.0,45.1,1012.0,0.0,0.004,28.579999999999995,213.01999999999998,2.2,6737.4,-107.4,-0.6199999999999999,1.0,2025-06-05T13:43:47.765225472Z
15499.8,100.0,45.6,1012.0200000000001,0.0,0.004,28.26,228.35999999999999,2.84,6739.2,-102.8,-1.3800000000000003,1.0,2025-06-05T13:53:47.813174528Z
15501.6,100.0,46.2,1011.9,0.0,0.004,28.52,182.18,2.38,6741.0,-105.4,-1.94,1.0,2025-06-05T14:03:47.757506048Z
15503.4,100.0,45.9,1011.86,0.0,0.016,28.939999999999998,216.88000000000002,2.54,6742.8,-106.4,0.15999999999999992,1.0,2025-06-05T14:13:48.185072128Z
15505.2,100.0,44.0,1011.7599999999999,0.0,0.022,29.380000000000003,212.42,3.0799999999999996,6744.6,-106.4,-2.46,1.0,2025-06-05T14:23:47.743148800Z
15507.0,100.0,43.4,1011.74,0.0,0.034,29.6,193.92,2.7399999999999998,6746.4,-104.6,-1.7,1.0,2025-06-05T14:33:47.734443776Z
15508.8,100.0,44.0,1011.6,0.0,0.044,29.8,174.86,1.48,6748.2,-107.2,-2.04,1.0,2025-06-05T14:43:47.722921984Z
15510.6,100.0,43.9,1011.54,0.0,0.062,29.619999999999997,187.0,2.7399999999999998,6750.0,-104.0,0.18000000000000008,1.0,2025-06-05T14:53:47.720251648Z
15512.4,100.0,44.1,1011.46,0.0,0.072,29.68,209.68,2.34,6751.8,-106.0,-3.5,1.0,2025-06-05T15:03:47.765833984Z
15514.2,100.0,43.6,1011.54,0.0,0.072,29.659999999999997,200.24,2.46,6753.6,-106.0,-1.8399999999999999,1.0,2025-06-05T15:13:47.699247104Z
15516.0,100.0,44.2,1011.46,0.0,0.072,29.619999999999997,195.16,2.56,6755.4,-106.6,-1.56,1.0,2025-06-05T15:23:47.703998464Z
15517.8,100.0,43.9,1011.46,0.0,0.074,29.6,176.52,2.08,6757.2,-105.4,-0.41999999999999993,1.0,2025-06-05T15:33:47.688944384Z
19220.5,100.0,44.0,1011.75,0.0,0.09,29.699999999999996,212.425,2.2750000000000004,8396.5,-107.0,-0.10000000000000009,1.0,2025-06-05T15:42:46.912777728Z
13053.833333333334,100.0,46.0,1011.2833333333333,0.0,0.06666666666666667,28.849999999999998,197.48333333333335,2.8000000000000003,5668.833333333333,-104.33333333333333,-0.8166666666666665,1.0,2025-06-05T15:52:48.537363456Z
19224.5,100.0,46.5,1011.775,0.0,0.09,29.2,217.3,1.65,8400.5,-103.0,-1.8,1.0,2025-06-05T16:02:46.956502272Z
13057.166666666666,100.0,48.416666666666664,1011.2166666666667,0.0,0.06666666666666667,28.566666666666666,207.21666666666667,2.9,5672.166666666667,-107.33333333333333,-2.2,1.0,2025-06-05T16:12:48.523211520Z
15526.8,100.0,48.8,1011.4399999999999,0.0,0.076,28.439999999999998,235.66,2.2600000000000002,6766.2,-107.0,0.04000000000000008,1.0,2025-06-05T16:23:47.646371840Z
15528.6,100.0,49.6,1011.5,0.0,0.076,28.1,235.4,1.8399999999999999,6768.0,-107.6,-3.2,1.0,2025-06-05T16:33:47.633011456Z
15530.4,100.0,49.8,1011.4199999999998,0.0,0.08,27.860000000000003,231.0,2.74,6769.8,-104.6,-0.45999999999999996,1.0,2025-06-05T16:43:47.630237696Z
15532.2,100.0,50.7,1011.3800000000001,0.0,0.092,27.6,187.2,2.16,6771.6,-105.8,0.0,1.0,2025-06-05T16:53:47.621371392Z
15534.0,100.0,51.8,1011.36,0.0,0.092,27.28,205.62000000000003,2.48,6773.4,-106.2,-2.52,1.0,2025-06-05T17:03:47.602964992Z
15535.8,100.0,52.4,1011.3399999999999,0.0,0.094,27.04,186.6,1.98,6775.2,-106.4,-0.68,1.0,2025-06-05T17:13:47.663842048Z
15537.6,100.0,53.7,1011.3399999999999,0.0,0.096,26.78,200.32,2.6599999999999997,6777.0,-104.6,-1.2600000000000002,1.0,2025-06-05T17:23:47.614477056Z
15539.4,100.0,55.0,1011.36,0.0,0.096,26.5,193.8,1.54,6778.8,-105.8,-0.5599999999999999,1.0,2025-06-05T17:33:47.584806400Z
15541.2,100.0,56.2,1011.28,0.0,0.096,26.220000000000006,186.48000000000002,1.5399999999999998,6780.6,-107.2,-3.38,1.0,2025-06-05T17:43:47.582521856Z
15543.0,100.0,56.6,1011.3,0.0,0.096,25.959999999999997,198.60000000000002,1.5399999999999998,6782.4,-107.8,-1.8399999999999999,1.0,2025-06-05T17:53:47.572772864Z
15544.8,100.0,58.1,1011.32,0.0,0.096,25.660000000000004,194.6,1.1400000000000001,6784.2,-107.6,-0.8800000000000001,1.0,2025-06-05T18:03:47.557089280Z
15546.6,100.0,59.4,1011.3399999999999,0.0,0.096,25.4,182.38000000000002,1.0799999999999998,6786.0,-105.6,-0.96,1.0,2025-06-05T18:13:47.591619072Z
15548.4,100.0,60.4,1011.3199999999999,0.0,0.096,25.0,205.88000000000002,1.08,6787.8,-107.8,-0.8200000000000001,1.0,2025-06-05T18:23:47.567005696Z
15550.2,100.0,61.2,1011.3,0.0,0.096,24.72,177.76,1.1400000000000001,6789.6,-107.0,-1.3,1.0,2025-06-05T18:33:47.536500224Z
15552.0,100.0,62.0,1011.4200000000001,0.0,0.096,24.46,146.14,1.38,6791.4,-105.0,-1.4600000000000002,1.0,2025-06-05T18:43:47.528727040Z
15553.8,100.0,63.2,1011.6600000000001,0.0,0.096,24.159999999999997,156.76,0.6,6793.2,-105.4,-0.8200000000000001,1.0,2025-06-05T18:53:47.953590784Z
14667.0,100.0,65.625,1011.7249999999999,0.0,0.0625,23.424999999999997,209.875,0.325,6382.75,-107.5,-1.825,1.0,2025-06-05T19:04:24.086619136Z
15557.0,100.0,66.3,1011.86,0.0,0.096,23.22,225.14000000000001,0.68,6796.8,-103.8,0.5599999999999999,1.0,2025-06-05T19:13:47.483301888Z
15558.8,100.0,66.8,1011.8799999999999,0.0,0.096,23.080000000000002,219.21999999999997,0.74,6798.6,-106.0,-1.8,1.0,2025-06-05T19:23:47.553299200Z
15560.6,100.0,67.0,1012.0,0.0,0.096,23.019999999999996,238.26,0.8,6800.4,-105.8,-0.13999999999999982,1.0,2025-06-05T19:33:47.910694912Z
15562.4,100.0,67.9,1012.1200000000001,0.0,0.096,22.840000000000003,197.4,0.86,6802.2,-106.2,-0.41999999999999993,1.0,2025-06-05T19:43:47.471417344Z
15564.2,100.0,67.9,1012.2599999999999,0.0,0.092,22.68,176.26,1.0,6804.0,-109.0,-2.54,1.0,2025-06-05T19:53:47.464179456Z
15566.0,100.0,68.3,1012.26,0.0,0.092,22.619999999999997,143.82,1.1,6805.8,-104.4,-2.2,1.0,2025-06-05T20:03:47.439608064Z
15567.8,100.0,69.3,1012.3,0.0,0.092,22.3,135.02,0.96,6807.6,-106.0,-1.46,1.0,2025-06-05T20:13:47.433749248Z
15569.6,100.0,69.3,1012.3,0.0,0.092,22.18,117.82000000000001,1.4599999999999997,6809.4,-105.8,-1.8,1.0,2025-06-05T20:23:47.475971584Z
14682.5,100.0,69.625,1012.25,0.0,0.0575,21.874999999999996,124.92500000000001,1.7000000000000002,6398.5,-107.25,-2.8499999999999996,1.0,2025-06-05T20:34:23.998908160Z
15572.8,100.0,69.1,1012.3399999999999,0.0,0.092,22.059999999999995,236.01999999999998,1.7,6813.0,-106.2,-0.24000000000000005,1.0,2025-06-05T20:43:47.425464832Z
15574.6,100.0,69.8,1012.4199999999998,0.0,0.092,21.9,226.32,1.48,6814.8,-105.0,-0.24000000000000005,1.0,2025-06-05T20:53:47.393310208Z
15576.4,100.0,70.8,1012.46,0.0,0.092,21.619999999999997,218.4,1.2600000000000002,6816.6,-108.6,-0.8800000000000001,1.0,2025-06-05T21:03:47.369250560Z
14613.25,100.0,70.875,1012.4000000000001,0.0,0.115,21.650000000000002,202.12500000000003,1.25,6409.5,-110.25,-2.325,1.0,2025-06-05T21:14:56.164358144Z
15579.6,100.0,72.1,1012.5,0.0,0.092,21.24,209.00000000000006,1.4200000000000002,6820.2,-104.4,-2.6399999999999997,1.0,2025-06-05T21:23:47.367617280Z
15581.4,100.0,71.5,1012.5599999999998,0.0,0.092,21.32,214.14000000000001,1.24,6822.0,-105.6,-1.2,1.0,2025-06-05T21:33:47.392012032Z
14618.25,100.0,73.25,1012.6999999999999,0.0,0.115,21.0,210.9,0.875,6414.75,-108.25,-1.025,1.0,2025-06-05T21:44:56.144216064Z
14695.25,100.0,75.0,1012.7,0.0,0.0575,20.275,168.0,0.675,6412.5,-108.0,-4.575,1.0,2025-06-05T21:54:23.911115520Z
14696.75,100.0,75.625,1012.8000000000001,0.0,0.0575,20.175,59.725,0.8250000000000001,6414.25,-105.75,0.1999999999999999,1.0,2025-06-05T22:04:23.908633088Z
15587.4,100.0,76.7,1013.0,0.0,0.092,19.860000000000003,124.22,0.68,6829.2,-105.6,-0.36,1.0,2025-06-05T22:13:47.313211392Z
15589.2,100.0,77.6,1013.04,0.0,0.092,19.44,275.46000000000004,0.4800000000000001,6831.0,-106.2,-1.3599999999999999,1.0,2025-06-05T22:23:47.305577984Z
15591.0,100.0,77.7,1013.0799999999999,0.0,0.092,19.240000000000002,239.42000000000002,0.52,6832.8,-107.8,-3.44,1.0,2025-06-05T22:33:47.764028416Z
15592.8,99.6,78.5,1013.0799999999999,0.0,0.094,19.060000000000002,244.85999999999999,0.6000000000000001,6834.6,-103.0,-3.5799999999999996,1.0,2025-06-05T22:43:47.280398848Z
15594.6,98.8,80.0,1013.1,0.0,0.094,18.66,272.7,0.78,6836.4,-104.2,0.82,1.0,2025-06-05T22:53:47.285818880Z
15596.4,98.8,81.8,1013.1600000000001,0.0,0.094,18.16,259.43999999999994,0.68,6838.2,-106.6,-0.04,1.0,2025-06-05T23:03:47.252264448Z
15598.2,98.8,82.6,1013.1,0.0,0.094,17.88,245.56000000000003,0.54,6840.0,-107.4,-3.3600000000000003,1.0,2025-06-05T23:13:47.258061056Z
15600.0,98.8,84.1,1013.18,0.0,0.094,17.42,237.5,0.48,6841.8,-105.8,-1.4600000000000002,1.0,2025-06-05T23:23:47.245174784Z
15601.8,98.8,85.1,1013.2,0.0,0.094,17.28,183.16,0.44000000000000006,6843.6,-104.8,0.3799999999999999,1.0,2025-06-05T23:33:47.237590784Z
15603.6,98.4,85.4,1013.2,0.0,0.094,17.339999999999996,228.88000000000002,0.42000000000000004,6845.4,-107.4,-0.040000000000000036,1.0,2025-06-05T23:43:47.269907968Z
15605.4,97.2,85.6,1013.2,0.0,0.094,17.240000000000002,160.9,0.48,6847.2,-106.0,-1.2799999999999998,1.0,2025-06-05T23:53:47.220484864Z
14641.5,97.0,85.75,1013.15,0.0,0.11750000000000001,17.174999999999997,144.075,0.425,6439.0,-106.75,-2.125,1.0,2025-06-06T00:03:40.983307264Z
15608.6,97.0,85.1,1013.24,0.0,0.094,17.2,298.68,0.5,6850.8,-105.8,-1.58,1.0,2025-06-06T00:13:47.183241472Z
15610.4,97.0,85.6,1013.32,0.0,0.094,17.04,248.14000000000001,0.52,6852.6,-106.2,-0.3,1.0,2025-06-06T00:23:47.213478144Z
15612.2,97.0,85.9,1013.4200000000001,0.0,0.094,16.94,115.38,0.38,6854.4,-104.4,-1.0200000000000002,1.0,2025-06-06T00:33:47.182155264Z
15614.0,96.8,86.8,1013.36,0.0,0.094,16.76,201.62,0.16,6856.2,-107.2,-2.9200000000000004,1.0,2025-06-06T00:43:47.201334272Z
15615.8,96.2,86.7,1013.3399999999999,0.0,0.094,16.9,114.04,0.58,6858.0,-104.8,-0.4800000000000001,1.0,2025-06-06T00:53:47.158059264Z
14727.5,96.25,87.0,1013.2,0.0,0.060000000000000005,16.9,157.0,0.35000000000000003,6445.5,-106.5,-2.3,1.0,2025-06-06T01:03:08.749714432Z
15619.0,95.8,85.7,1013.26,0.0,0.094,17.1,187.48,0.4,6861.6,-108.4,-5.380000000000001,1.0,2025-06-06T01:13:47.139778048Z
15620.8,95.8,85.2,1013.32,0.0,0.094,17.140000000000004,250.85999999999999,0.42000000000000004,6863.4,-104.2,-1.5,1.0,2025-06-06T01:23:47.122509312Z
15622.6,95.8,85.5,1013.28,0.0,0.094,16.98,207.4,0.7,6865.2,-105.4,-0.9,1.0,2025-06-06T01:33:47.116180224Z
15624.4,95.8,86.1,1013.26,0.0,0.094,16.799999999999997,220.08,0.6199999999999999,6867.0,-105.4,-2.8,1.0,2025-06-06T01:43:47.100984576Z
15626.2,95.2,85.8,1013.1600000000001,0.0,0.094,16.880000000000003,228.92,0.68,6868.8,-106.0,-6.58,1.0,2025-06-06T01:53:47.148747264Z
15628.0,95.0,86.2,1013.22,0.0,0.094,16.639999999999997,241.35999999999999,0.4600000000000001,6870.6,-104.8,-0.5,1.0,2025-06-06T02:03:47.519586304Z
15629.8,94.8,87.3,1013.2199999999999,0.0,0.094,16.46,214.82000000000002,0.5199999999999999,6872.4,-103.6,-2.44,1.0,2025-06-06T02:13:47.088889344Z
15631.6,94.8,88.3,1013.2400000000001,0.0,0.094,16.160000000000004,195.56,0.26,6874.2,-104.6,-1.7,1.0,2025-06-06T02:23:47.054849280Z
15633.4,94.8,89.5,1013.2199999999999,0.0,0.094,15.9,172.32,0.38,6876.0,-104.8,-0.2,1.0,2025-06-06T02:33:47.055877632Z
15635.2,94.8,90.4,1013.24,0.0,0.094,15.74,216.56,0.36,6877.8,-107.0,-0.46000000000000013,1.0,2025-06-06T02:43:47.052111360Z
15637.0,94.4,90.4,1013.36,0.0,0.094,15.780000000000001,171.5,0.42000000000000004,6879.6,-106.0,-1.8799999999999997,1.0,2025-06-06T02:53:47.470005248Z
15638.8,93.2,90.8,1013.4399999999999,0.0,0.094,15.66,222.27999999999997,0.32,6881.4,-107.8,-0.2,1.0,2025-06-06T03:03:47.053115904Z
15640.6,93.2,90.9,1013.4199999999998,0.0,0.094,15.540000000000001,193.28,0.42000000000000004,6883.2,-105.6,-2.1,1.0,2025-06-06T03:13:47.024420352Z
15642.4,92.8,91.3,1013.5599999999998,0.0,0.094,15.6,188.1,0.42000000000000004,6885.0,-103.8,-2.2600000000000002,1.0,2025-06-06T03:23:47.027389696Z
15644.2,92.8,91.0,1013.5799999999999,0.0,0.094,15.4,199.8,0.43999999999999995,6886.8,-103.0,0.18000000000000008,1.0,2025-06-06T03:33:46.998556672Z
15646.0,92.8,92.0,1013.54,0.0,0.094,15.459999999999999,149.45999999999998,0.4,6888.6,-107.2,-1.26,1.0,2025-06-06T03:43:46.997890560Z
15647.8,92.6,90.5,1013.64,0.0,0.094,15.84,220.6,0.5,6890.4,-102.2,-1.2200000000000002,1.0,2025-06-06T03:53:46.980018688Z
15649.6,92.2,90.2,1013.72,0.0,0.094,16.04,236.82,0.52,6892.2,-105.0,0.15999999999999998,1.0,2025-06-06T04:03:47.018994944Z
15651.4,92.0,89.9,1013.8399999999999,0.0,0.094,16.38,224.26,0.5599999999999999,6894.0,-104.0,-1.8,1.0,2025-06-06T04:13:47.142731264Z
15653.2,92.0,88.9,1013.8799999999999,0.0,0.094,16.859999999999996,134.56,0.5800000000000001,6895.8,-105.0,-0.4800000000000001,1.0,2025-06-06T04:23:46.973459968Z
15655.0,92.0,87.1,1013.8799999999999,0.0,0.094,17.560000000000002,151.35999999999999,0.5599999999999999,6897.6,-103.2,-0.7,1.0,2025-06-06T04:33:47.376537088Z
15656.8,92.0,85.2,1013.8799999999999,0.0,0.094,18.28,207.6,0.39999999999999997,6899.4,-104.2,-0.25999999999999995,1.0,2025-06-06T04:43:46.920481024Z
15658.6,92.0,83.6,1013.9799999999999,0.0,0.094,19.0,247.42,0.52,6901.2,-105.6,-1.2799999999999998,1.0,2025-06-06T04:53:46.922972928Z
15660.4,92.0,81.0,1014.0,0.0,0.094,19.7,204.45999999999998,0.7,6903.0,-105.2,-1.34,1.0,2025-06-06T05:03:46.947030272Z
15662.2,92.4,79.1,1014.14,0.0,0.094,20.36,183.48,0.72,6904.8,-104.2,-1.1,1.0,2025-06-06T05:13:47.333113856Z
15664.0,92.6,76.9,1014.1800000000001,0.0,0.094,21.080000000000002,193.18,0.66,6906.6,-105.4,-2.4200000000000004,1.0,2025-06-06T05:23:46.891262464Z
15665.8,92.6,73.7,1014.2,0.0,0.094,21.860000000000003,233.84,0.7200000000000001,6908.4,-105.4,-1.8,1.0,2025-06-06T05:33:46.870063616Z
15667.6,92.6,70.6,1014.22,0.0,0.094,22.66,218.93999999999997,0.9800000000000001,6910.2,-107.4,-1.7600000000000002,1.0,2025-06-06T05:43:46.857403136Z
15669.4,92.6,68.6,1014.2400000000001,0.0,0.094,23.24,228.44,1.0,6912.0,-106.6,-1.4,1.0,2025-06-06T05:53:46.856294656Z
15671.2,93.0,65.6,1014.3,0.0,0.094,23.979999999999997,242.56000000000003,0.86,6913.8,-104.2,-1.26,1.0,2025-06-06T06:03:47.271313920Z
15673.0,94.2,63.4,1014.4799999999999,0.0,0.094,24.360000000000003,240.02000000000004,1.22,6915.6,-103.8,0.0,1.0,2025-06-06T06:13:46.876691712Z
15674.8,95.0,63.4,1014.5800000000002,0.0,0.094,24.82,225.67999999999998,1.22,6917.4,-107.0,-2.7399999999999998,1.0,2025-06-06T06:23:46.824067840Z
15676.6,95.0,60.3,1014.5800000000002,0.0,0.094,25.32,193.52,0.96,6919.2,-105.0,-1.1,1.0,2025-06-06T06:33:46.813024512Z
15678.4,95.0,57.8,1014.6199999999999,0.0,0.094,25.919999999999998,292.71999999999997,0.9800000000000001,6921.0,-106.6,-2.9799999999999995,1.0,2025-06-06T06:43:46.814161152Z
15680.2,95.0,56.8,1014.68,0.0,0.094,26.559999999999995,223.14000000000001,0.6799999999999999,6922.8,-105.8,-2.7,1.0,2025-06-06T06:53:46.791103488Z
15682.0,96.2,54.5,1014.76,0.0,0.094,27.04,147.98,1.0399999999999998,6924.6,-105.0,-3.2600000000000002,1.0,2025-06-06T07:03:46.799895040Z
15683.8,98.2,52.1,1014.7800000000001,0.0,0.094,27.22,276.28000000000003,1.04,6926.4,-109.2,-4.84,1.0,2025-06-06T07:13:46.827313920Z
15685.6,99.0,51.3,1014.76,0.0,0.094,27.52,228.42,0.9800000000000001,6928.2,-104.8,-2.8600000000000003,1.0,2025-06-06T07:23:46.841760000Z
15687.4,99.6,51.0,1014.7199999999999,0.0,0.094,27.419999999999998,255.08,1.0,6930.0,-104.6,-1.7200000000000002,1.0,2025-06-06T07:33:46.774751744Z
15689.2,99.6,50.4,1014.68,0.0,0.094,27.72,278.38,1.26,6931.8,-106.0,-1.16,1.0,2025-06-06T07:43:46.745495552Z
15691.0,99.6,50.8,1014.7,0.0,0.094,28.0,304.48,0.9400000000000001,6933.6,-105.6,-2.34,1.0,2025-06-06T07:53:46.773104128Z
15692.8,99.6,48.8,1014.74,0.0,0.094,28.259999999999998,289.28,1.02,6935.4,-106.2,-1.8200000000000003,1.0,2025-06-06T08:03:46.755254528Z
15694.6,99.8,49.0,1014.8,0.0,0.094,28.380000000000003,248.42,0.8400000000000002,6937.2,-104.2,0.15999999999999998,1.0,2025-06-06T08:13:46.727750912Z
15696.4,100.0,48.4,1014.82,0.0,0.094,28.880000000000003,201.26,0.76,6939.0,-104.8,-0.6,1.0,2025-06-06T08:23:46.768845312Z
15698.2,100.0,46.4,1014.76,0.0,0.094,28.840000000000003,242.85999999999999,0.8,6940.8,-107.8,-1.7,1.0,2025-06-06T08:33:46.720638464Z
15700.0,100.0,45.4,1014.76,0.0,0.094,29.139999999999997,199.98000000000002,0.8400000000000001,6942.6,-105.8,-2.8,1.0,2025-06-06T08:43:46.710491904Z
15701.8,100.0,45.4,1014.7800000000001,0.0,0.094,29.339999999999996,259.56000000000006,0.78,6944.4,-105.0,-1.4200000000000002,1.0,2025-06-06T08:53:46.694732544Z
15703.6,100.0,45.3,1014.8,0.0,0.094,29.74,274.1,0.9400000000000001,6946.2,-106.0,-0.3,1.0,2025-06-06T09:03:46.698858496Z
15705.4,100.0,42.8,1014.8,0.0,0.094,29.279999999999994,206.54000000000002,2.02,6948.0,-107.0,-2.7600000000000002,1.0,2025-06-06T09:13:46.685479936Z
15707.2,100.0,44.3,1014.8599999999999,0.0,0.094,28.839999999999996,261.3,0.74,6949.8,-105.4,-0.8,1.0,2025-06-06T09:23:46.735930112Z
15709.0,100.0,43.0,1014.78,0.0,0.094,29.18,132.04000000000002,0.86,6951.6,-103.8,-1.6,1.0,2025-06-06T09:33:46.674187776Z
15710.8,100.0,43.7,1014.76,0.0,0.094,28.919999999999998,182.36,0.9400000000000001,6953.4,-107.2,-1.3800000000000001,1.0,2025-06-06T09:43:46.678255872Z
15712.6,100.0,42.5,1014.7199999999999,0.0,0.094,29.22,240.96000000000004,0.9600000000000002,6955.2,-105.8,-3.9200000000000004,1.0,2025-06-06T09:53:46.669001728Z
15714.4,100.0,42.7,1014.74,0.0,0.094,28.940000000000005,196.16,0.9400000000000001,6957.0,-105.0,-2.2,1.0,2025-06-06T10:03:46.651233792Z
15716.2,100.0,42.6,1014.76,0.0,0.094,29.440000000000005,228.34,0.6199999999999999,6958.8,-106.8,-2.7600000000000002,1.0,2025-06-06T10:13:46.651458048Z
15718.0,100.0,42.0,1014.7199999999999,0.0,0.094,29.8,206.98000000000002,0.8200000000000001,6960.6,-107.6,-0.9199999999999999,1.0,2025-06-06T10:23:47.522423296Z
15719.8,100.0,43.4,1014.74,0.0,0.094,29.02,141.42000000000002,1.46,6962.4,-107.0,-1.5799999999999998,1.0,2025-06-06T10:33:46.672411136Z
15721.6,100.0,44.6,1014.7,0.0,0.094,28.7,214.4,1.3,6964.2,-106.6,-2.16,1.0,2025-06-06T10:43:46.627261184Z
19446.5,100.0,44.125,1014.925,0.0,0.0,29.075000000000003,167.825,1.45,8626.5,-106.0,0.050000000000000044,1.0,2025-06-06T10:52:45.822918144Z
15725.0,100.0,45.1,1014.5799999999999,0.0,0.002,28.840000000000003,199.61999999999998,0.74,6967.6,-104.8,-0.9,1.0,2025-06-06T11:01:47.041474560Z
13244.5,100.0,44.333333333333336,1014.3333333333334,0.0,0.0033333333333333335,28.933333333333334,91.66666666666667,1.1666666666666667,5862.166666666667,-108.33333333333333,-4.416666666666667,1.0,2025-06-06T11:12:47.498635264Z
15728.8,100.0,43.6,1014.4799999999999,0.0,0.002,29.240000000000002,72.72,1.02,6971.4,-104.4,-1.9,1.0,2025-06-06T11:23:46.598422016Z
15730.6,100.0,43.3,1014.3799999999999,0.0,0.002,29.159999999999997,151.42,1.1800000000000002,6973.2,-105.6,-1.5000000000000002,1.0,2025-06-06T11:33:46.639513088Z
15732.4,100.0,45.6,1014.24,0.0,0.002,29.160000000000004,180.16,1.44,6975.0,-107.0,-0.6,1.0,2025-06-06T11:43:46.581324288Z
15734.2,100.0,43.8,1014.2199999999999,0.0,0.002,29.7,183.57999999999998,1.2799999999999998,6976.8,-107.0,-2.34,1.0,2025-06-06T11:53:46.596332800Z
15736.0,100.0,43.1,1014.2,0.0,0.002,29.860000000000003,169.28,0.78,6978.6,-103.4,-3.62,1.0,2025-06-06T12:03:46.575232768Z
15737.8,100.0,43.5,1014.18,0.0,0.002,29.840000000000003,212.24,1.32,6980.4,-102.0,-1.38,1.0,2025-06-06T12:13:46.552801792Z
15739.6,100.0,42.0,1014.1,0.0,0.002,30.140000000000004,186.78,1.1199999999999999,6982.2,-106.4,-1.8,1.0,2025-06-06T12:23:46.555290368Z
15741.4,100.0,41.7,1014.0200000000001,0.0,0.002,30.380000000000003,177.28,0.7,6984.0,-106.6,-1.42,1.0,2025-06-06T12:33:46.549783040Z
15743.2,100.0,42.0,1013.9799999999999,0.0,0.002,30.7,156.86,1.34,6985.8,-106.0,-1.54,1.0,2025-06-06T12:43:46.579291136Z
15745.0,100.0,44.1,1014.0200000000001,0.0,0.002,30.18,216.3,1.02,6987.6,-103.8,-1.3000000000000003,1.0,2025-06-06T12:53:46.982608128Z
15746.8,100.0,41.9,1013.9200000000001,0.0,0.002,30.4,123.22,0.82,6989.4,-106.0,-1.26,1.0,2025-06-06T13:03:46.537038080Z
15748.6,100.0,43.5,1013.82,0.0,0.002,30.3,154.1,1.04,6991.2,-102.6,-1.7763568394002506e-16,1.0,2025-06-06T13:13:46.544739072Z
15750.4,100.0,44.7,1013.76,0.0,0.002,29.940000000000005,170.3,1.3400000000000003,6993.0,-105.6,-2.04,1.0,2025-06-06T13:23:46.516900352Z
15752.2,100.0,46.5,1013.7,0.0,0.002,29.4,158.52,1.5,6994.8,-105.2,-1.6,1.0,2025-06-06T13:33:46.552053760Z
15754.0,100.0,45.8,1013.68,0.0,0.002,29.02,169.6,1.8799999999999997,6996.6,-106.0,-3.12,1.0,2025-06-06T13:43:46.567843328Z
15755.8,100.0,47.0,1013.6200000000001,0.0,0.002,29.380000000000003,169.9,0.8800000000000001,6998.4,-106.8,-1.6199999999999999,1.0,2025-06-06T13:53:46.935897600Z
14863.75,100.0,47.25,1013.425,0.0,0.0025,29.275,168.55,2.025,6582.0,-104.75,-4.525,1.0,2025-06-06T14:03:08.158108416Z
15759.0,100.0,46.3,1013.4799999999999,0.0,0.002,29.380000000000003,177.87999999999997,1.6800000000000002,7002.0,-104.6,-0.8400000000000001,1.0,2025-06-06T14:13:46.478212352Z
15760.8,100.0,46.2,1013.5,0.0,0.002,29.660000000000004,186.01999999999998,1.26,7003.8,-105.0,-1.7800000000000005,1.0,2025-06-06T14:23:46.477421056Z
15762.6,100.0,45.0,1013.4399999999999,0.0,0.002,29.940000000000005,170.68,1.22,7005.6,-104.8,-2.7399999999999998,1.0,2025-06-06T14:33:46.472653312Z
15764.4,100.0,46.8,1013.3800000000001,0.0,0.002,29.600000000000005,177.82,0.9399999999999998,7007.4,-105.6,-2.7399999999999998,1.0,2025-06-06T14:43:46.471533056Z
15766.2,100.0,46.4,1013.28,0.0,0.002,29.6,192.78,1.64,7009.2,-105.0,-0.040000000000000036,1.0,2025-06-06T14:53:46.941005568Z
15768.0,100.0,44.7,1013.1800000000001,0.0,0.002,30.04,193.17999999999998,1.2,7011.0,-106.0,-1.1400000000000001,1.0,2025-06-06T15:03:46.442598912Z
14875.75,100.0,43.875,1013.0500000000001,0.0,0.0025,30.325000000000003,204.7,1.0999999999999999,6594.25,-107.0,-1.475,1.0,2025-06-06T15:13:08.155364864Z
15771.2,100.0,44.2,1013.0799999999999,0.0,0.002,30.339999999999996,181.4,1.92,7014.6,-104.6,-2.6,1.0,2025-06-06T15:23:46.432974336Z
15773.0,100.0,43.4,1013.0,0.0,0.002,30.5,159.7,1.9,7016.4,-104.8,0.31999999999999995,1.0,2025-06-06T15:33:46.429548800Z
14880.75,100.0,44.25,1012.9,0.0,0.0025,30.225,157.95,1.625,6599.5,-105.75,-1.625,1.0,2025-06-06T15:43:08.086913536Z
14882.25,100.0,44.5,1012.825,0.0,0.0025,30.1,223.425,1.525,6601.25,-106.75,-0.675,1.0,2025-06-06T15:53:08.085443328Z
15777.6,100.0,44.6,1012.86,0.0,0.002,29.259999999999998,192.56,2.2800000000000002,7021.8,-104.2,-1.6800000000000002,1.0,2025-06-06T16:03:46.393077248Z
15779.4,100.0,44.8,1012.8199999999999,0.0,0.002,29.26,193.22000000000003,1.8399999999999999,7023.6,-105.4,-1.0799999999999998,1.0,2025-06-06T16:13:46.387813376Z
14887.25,100.0,44.5,1012.7,0.0,0.0025,29.375,211.075,2.0,6606.5,-107.0,-1.2,1.0,2025-06-06T16:23:08.071853056Z
15782.6,100.0,44.4,1012.76,0.0,0.002,29.619999999999997,229.01999999999998,1.1600000000000001,7027.2,-105.8,-2.0799999999999996,1.0,2025-06-06T16:33:46.382246400Z
15784.4,100.0,45.1,1012.7599999999999,0.0,0.002,29.18,199.28,1.8800000000000001,7029.0,-104.4,-2.1799999999999997,1.0,2025-06-06T16:43:46.358153472Z
15786.2,100.0,45.4,1012.76,0.0,0.002,28.939999999999998,191.2,2.2,7030.8,-104.2,-2.2399999999999998,1.0,2025-06-06T16:53:46.378648576Z
15788.0,100.0,45.4,1012.76,0.0,0.002,28.6,206.85999999999999,2.2600000000000002,7032.6,-107.4,-3.84,1.0,2025-06-06T17:03:46.780527104Z
15789.8,100.0,47.6,1012.78,0.0,0.002,28.02,223.2,1.7799999999999998,7034.4,-104.0,-1.7399999999999998,1.0,2025-06-06T17:13:46.350607104Z
15791.6,100.0,47.2,1012.72,0.0,0.002,28.120000000000005,219.38000000000002,1.7799999999999998,7036.2,-107.2,-3.7399999999999998,1.0,2025-06-06T17:23:46.771843072Z
15793.4,100.0,48.0,1012.72,0.0,0.002,27.880000000000003,174.98000000000002,1.24,7038.0,-105.6,-1.7799999999999998,1.0,2025-06-06T17:33:46.338617344Z
15795.2,100.0,49.8,1012.68,0.0,0.002,27.5,186.85999999999999,1.1400000000000001,7039.8,-108.4,-0.82,1.0,2025-06-06T17:43:46.312293632Z
14825.5,100.0,50.0,1012.65,0.0,0.0025,27.175000000000004,179.39999999999998,0.975,6626.5,-104.25,-0.30000000000000004,1.0,2025-06-06T17:54:55.022989312Z
15798.4,100.0,52.0,1012.7,0.0,0.002,26.8,181.76,1.28,7043.4,-104.2,-0.86,1.0,2025-06-06T18:03:46.340930048Z
15800.2,100.0,53.2,1012.72,0.0,0.002,26.32,189.12,1.28,7045.2,-105.2,0.21999999999999992,1.0,2025-06-06T18:13:46.279997696Z
15802.0,100.0,53.5,1012.76,0.0,0.002,25.860000000000003,179.12000000000003,1.1800000000000002,7047.0,-105.6,0.5199999999999999,1.0,2025-06-06T18:23:46.275303936Z
15803.8,100.0,54.3,1012.74,0.0,0.002,25.419999999999998,147.45999999999998,1.0399999999999998,7048.8,-106.6,-2.92,1.0,2025-06-06T18:33:46.270118144Z
15805.6,100.0,55.6,1012.8199999999999,0.0,0.002,24.96,112.12,0.86,7050.6,-105.0,0.45999999999999996,1.0,2025-06-06T18:43:46.278825472Z
15807.4,100.0,57.4,1012.8399999999999,0.0,0.002,24.48,244.51999999999998,0.64,7052.4,-103.8,-0.05999999999999992,1.0,2025-06-06T18:53:46.249306112Z
14914.5,100.0,60.375,1012.8,0.0,0.0025,23.675,279.04999999999995,0.65,6634.75,-105.25,-2.7,1.0,2025-06-06T19:04:22.945960192Z
14838.75,100.0,61.5,1012.8499999999999,0.0,0.005,23.299999999999997,274.35,0.6749999999999999,6640.25,-104.5,-0.875,1.0,2025-06-06T19:13:40.004694272Z
15812.0,100.0,61.2,1012.9799999999999,0.0,0.004,23.020000000000003,246.42,0.86,7057.8,-104.4,-0.9199999999999999,1.0,2025-06-06T19:23:46.241637632Z
15813.8,100.0,60.2,1013.0200000000001,0.0,0.004,23.0,156.8,0.64,7059.6,-104.0,0.24000000000000005,1.0,2025-06-06T19:33:46.215253248Z
15815.6,100.0,62.1,1013.1800000000001,0.0,0.004,22.5,226.34,0.8200000000000001,7061.4,-104.0,1.1,1.0,2025-06-06T19:43:46.216841728Z
15817.4,100.0,60.4,1013.24,0.0,0.0,22.56,146.66,0.52,7063.2,-103.6,0.72,1.0,2025-06-06T19:53:46.618091520Z
15819.2,100.0,59.6,1013.3399999999999,0.0,0.0,22.639999999999997,158.95999999999998,0.68,7065.0,-105.6,-3.0799999999999996,1.0,2025-06-06T20:03:46.179856896Z
15821.0,100.0,59.1,1013.3799999999999,0.0,0.0,22.64,126.62,0.7,7066.8,-104.2,0.24,1.0,2025-06-06T20:13:46.231919104Z
15822.8,100.0,59.4,1013.4,0.0,0.0,22.440000000000005,153.0,0.5800000000000001,7068.6,-105.2,1.24,1.0,2025-06-06T20:23:46.170860800Z
14929.5,100.0,59.625,1013.3,0.0,0.0,22.125,214.95,0.6249999999999999,6650.5,-107.0,-2.625,1.0,2025-06-06T20:34:22.849337344Z
15826.0,100.0,58.8,1013.3799999999999,0.0,0.0,22.02,241.1,0.58,7072.2,-106.2,-1.2200000000000002,1.0,2025-06-06T20:43:46.136717824Z
15827.8,100.0,57.7,1013.4199999999998,0.0,0.0,21.96,133.78000000000003,0.22000000000000003,7074.0,-104.8,-0.1200000000000001,1.0,2025-06-06T20:53:48.192684032Z
15829.6,100.0,58.4,1013.4399999999999,0.0,0.0,21.619999999999997,164.96,0.39999999999999997,7075.8,-105.2,-0.7200000000000001,1.0,2025-06-06T21:03:46.120388608Z
15831.4,100.0,60.6,1013.4200000000001,0.0,0.0,21.419999999999998,188.61999999999998,0.42000000000000004,7077.6,-106.8,-2.22,1.0,2025-06-06T21:13:46.101478656Z
15833.2,100.0,62.2,1013.4400000000002,0.0,0.0,20.94,178.42000000000002,0.5800000000000001,7079.4,-102.4,-1.0,1.0,2025-06-06T21:23:46.203817984Z
15835.0,100.0,60.4,1013.4,0.0,0.0,20.940000000000005,149.4,0.82,7081.2,-103.6,-1.1,1.0,2025-06-06T21:33:46.088114688Z
15836.8,100.0,61.2,1013.4,0.0,0.0,20.799999999999997,184.74,0.8400000000000001,7083.0,-106.2,-1.6600000000000001,1.0,2025-06-06T21:43:46.095787520Z
15838.6,100.0,61.3,1013.3399999999999,0.0,0.0,20.8,205.38000000000002,0.6599999999999999,7084.8,-107.8,-3.34,1.0,2025-06-06T21:53:46.092672512Z
15840.4,100.0,60.7,1013.3799999999999,0.0,0.0,20.54,134.26,0.6399999999999999,7086.6,-106.0,-1.6,1.0,2025-06-06T22:03:46.061258240Z
15842.2,100.0,61.2,1013.3599999999999,0.0,0.0,20.259999999999998,148.54000000000002,0.64,7088.4,-104.0,0.3600000000000002,1.0,2025-06-06T22:13:46.046643712Z
15844.0,100.0,62.4,1013.3799999999999,0.0,0.0,20.060000000000002,127.05999999999999,0.5199999999999999,7090.2,-106.2,0.09999999999999995,1.0,2025-06-06T22:23:46.078620416Z
15845.8,100.0,63.7,1013.4199999999998,0.0,0.0,19.96,164.71999999999997,0.6200000000000001,7092.0,-103.4,-0.33999999999999986,1.0,2025-06-06T22:33:46.022187264Z
15847.6,99.8,68.2,1013.5199999999999,0.0,0.0,19.220000000000002,142.16,0.6599999999999999,7093.8,-104.0,-0.7799999999999999,1.0,2025-06-06T22:43:46.032383488Z
14876.5,98.5,68.5,1013.4499999999999,0.0,0.0,18.7,138.7,0.4,6679.0,-103.75,0.625,1.0,2025-06-06T22:54:54.721943040Z
14955.0,98.25,83.75,2398.425,63.75,163.8375,13.825,92.15,1638.7,6676.5,-104.75,0.675,1.0,2025-06-06T23:03:08.824235264Z
15852.2,98.4,69.1,1013.4799999999999,0.0,0.0,18.68,174.57999999999998,0.4600000000000001,7099.2,-107.6,-3.2,1.0,2025-06-06T23:13:45.990118144Z
15854.0,98.4,70.6,1013.4400000000002,0.0,0.0,18.580000000000002,259.85999999999996,0.52,7101.0,-102.2,-0.8399999999999999,1.0,2025-06-06T23:23:45.974966528Z
15855.8,98.4,71.0,1013.4399999999999,0.0,0.0,18.32,185.94,0.56,7102.8,-103.2,0.6199999999999999,1.0,2025-06-06T23:33:46.021742080Z
15857.6,98.0,71.8,1013.4400000000002,0.0,0.0,18.22,236.52000000000004,0.54,7104.6,-104.2,-0.74,1.0,2025-06-06T23:43:45.956192768Z
14963.5,97.75,73.0,1013.3,0.0,0.0,18.0,275.875,0.35,6685.25,-104.25,-2.525,1.0,2025-06-06T23:53:07.653879296Z
15860.8,97.0,70.8,1013.28,0.0,0.0,18.119999999999997,110.8,0.44000000000000006,7108.2,-102.2,-1.46,1.0,2025-06-07T00:03:45.938065664Z
15862.6,97.0,71.1,1013.18,0.0,0.0,18.02,239.6,0.44000000000000006,7110.0,-104.2,1.16,1.0,2025-06-07T00:13:45.917967872Z
15864.4,97.0,69.7,1013.1600000000001,0.0,0.0,18.119999999999997,188.74000000000004,0.42000000000000004,7111.8,-106.6,-0.05999999999999996,1.0,2025-06-07T00:23:45.915388416Z
15866.2,97.0,72.2,1013.1200000000001,0.0,0.0,17.94,143.54,0.4600000000000001,7113.6,-105.8,-4.34,1.0,2025-06-07T00:33:45.963438080Z
14894.5,96.75,73.5,1013.0,0.0,0.0,17.825,175.40000000000003,0.275,6698.25,-106.5,-3.625,1.0,2025-06-07T00:44:54.583700736Z
15869.4,96.6,73.3,1013.0199999999999,0.0,0.0,17.639999999999997,123.74000000000001,0.33999999999999997,7117.2,-104.0,-0.05999999999999996,1.0,2025-06-07T00:53:45.884489728Z
15871.2,95.8,76.2,1013.04,0.0,0.0,17.300000000000004,122.52000000000001,0.34,7119.0,-104.0,-2.3200000000000003,1.0,2025-06-07T01:03:45.908951296Z
15873.0,95.4,76.5,1013.0600000000001,0.0,0.0,17.060000000000002,112.8,0.32,7120.8,-108.0,-3.04,1.0,2025-06-07T01:13:45.866001408Z
15874.8,95.4,75.6,1013.1,0.0,0.0,17.2,210.58,0.6399999999999999,7122.6,-105.0,-1.56,1.0,2025-06-07T01:23:45.854732800Z
15876.6,95.4,75.3,1012.96,0.0,0.0,17.28,220.71999999999997,0.32,7124.4,-103.2,-0.39999999999999997,1.0,2025-06-07T01:33:45.845573120Z
14982.0,95.25,79.5,1012.825,0.0,0.0,16.775,201.375,0.375,6704.5,-104.25,0.39999999999999997,1.0,2025-06-07T01:43:07.638493696Z
15879.8,95.0,78.0,1012.8,0.0,0.0,16.64,241.07999999999998,0.31999999999999995,7128.0,-103.0,-1.48,1.0,2025-06-07T01:53:45.818351360Z
14907.75,95.0,76.75,1012.625,0.0,0.0,16.700000000000003,229.45000000000002,0.44999999999999996,6712.25,-102.75,-2.1,1.0,2025-06-07T02:04:54.494804992Z
15883.0,94.4,76.1,1012.74,0.0,0.0,16.82,183.22,0.5399999999999999,7131.6,-102.8,-0.6,1.0,2025-06-07T02:13:45.817472000Z
15884.8,94.4,79.8,1012.7,0.0,0.0,16.339999999999996,252.58,0.48,7133.4,-104.4,-0.9200000000000002,1.0,2025-06-07T02:23:45.787949568Z
15886.6,94.4,81.0,1012.74,0.0,0.0,16.02,214.52000000000004,0.64,7135.2,-107.6,-5.4399999999999995,1.0,2025-06-07T02:33:45.796417792Z
15888.4,94.4,80.8,1012.7199999999999,0.0,0.0,16.06,231.38000000000002,0.7,7137.0,-102.8,-1.8,1.0,2025-06-07T02:43:45.814270976Z
15890.2,93.6,83.8,1012.64,0.0,0.0,15.580000000000002,187.64000000000001,0.62,7138.8,-103.4,-1.3800000000000001,1.0,2025-06-07T02:53:45.775424256Z
15892.0,93.6,82.3,1012.7,0.0,0.0,15.559999999999999,200.4,0.36,7140.6,-104.8,-0.9800000000000001,1.0,2025-06-07T03:03:45.757718016Z
15893.8,93.0,82.5,1012.6600000000001,0.0,0.0,15.479999999999999,209.34,0.3,7142.4,-106.0,-2.2600000000000002,1.0,2025-06-07T03:13:45.750219264Z
14998.75,92.75,82.625,1012.575,0.0,0.0,15.225,136.85,0.32500000000000007,6722.25,-102.75,0.55,1.0,2025-06-07T03:24:22.472873216Z
15897.0,92.8,81.6,1012.6600000000001,0.0,0.0,15.4,165.2,0.45999999999999996,7146.0,-104.4,-1.42,1.0,2025-06-07T03:33:45.725758464Z
15898.8,92.8,81.6,1012.76,0.0,0.0,15.34,192.1,0.6,7147.8,-103.2,-1.1400000000000001,1.0,2025-06-07T03:43:45.712886528Z
15900.6,92.6,80.9,1012.78,0.0,0.0,15.580000000000002,215.84,0.38,7149.6,-104.6,-0.019999999999999928,1.0,2025-06-07T03:53:45.773337856Z
15902.4,92.4,82.0,1012.82,0.0,0.0,15.76,202.7,0.4,7151.4,-106.2,-3.1399999999999997,1.0,2025-06-07T04:03:45.700937216Z
15904.2,92.2,78.9,1012.72,0.0,0.0,16.2,241.82000000000002,0.34,7153.2,-104.2,0.040000000000000036,1.0,2025-06-07T04:13:45.689060864Z
15906.0,92.0,77.3,1012.74,0.0,0.0,16.740000000000002,227.34,0.44000000000000006,7155.0,-105.6,-0.7,1.0,2025-06-07T04:23:45.675445504Z
15907.8,92.0,76.0,1012.8,0.0,0.0,17.68,195.42000000000002,0.3,7156.8,-102.6,-2.54,1.0,2025-06-07T04:33:45.662649600Z
15909.6,92.0,73.5,1012.8,0.0,0.0,18.580000000000002,186.94,0.6,7158.6,-106.6,-2.04,1.0,2025-06-07T04:43:45.670261504Z
15911.4,92.0,69.8,1012.76,0.0,0.0,19.46,168.59999999999997,0.4,7160.4,-104.2,0.5,1.0,2025-06-07T04:53:45.688895488Z
15913.2,92.0,68.5,1012.78,0.0,0.0,20.32,205.66,0.30000000000000004,7162.2,-107.2,-0.82,1.0,2025-06-07T05:03:45.642132992Z
15915.0,92.2,69.1,1012.9,0.0,0.0,20.820000000000004,219.34,0.5599999999999999,7164.0,-104.2,-2.6399999999999997,1.0,2025-06-07T05:13:45.635144960Z
15916.8,92.4,63.9,1012.8199999999999,0.0,0.0,21.96,149.1,0.38,7165.8,-104.8,-0.96,1.0,2025-06-07T05:23:45.623025664Z
15918.6,92.6,61.6,1012.8399999999999,0.0,0.0,23.02,269.22,0.45999999999999996,7167.6,-104.2,0.15999999999999998,1.0,2025-06-07T05:33:45.629993216Z
15920.4,92.6,62.0,1012.76,0.0,0.0,23.54,212.24,0.82,7169.4,-106.6,-2.1,1.0,2025-06-07T05:43:45.592922880Z
15922.2,92.6,61.9,1012.8,0.0,0.0,23.92,222.13999999999996,0.8799999999999999,7171.2,-105.6,-2.06,1.0,2025-06-07T05:53:45.594432256Z
15924.0,93.4,58.5,1012.8399999999999,0.0,0.0,24.6,199.11999999999998,1.0,7173.0,-103.4,-1.58,1.0,2025-06-07T06:03:45.633912832Z
15925.8,93.8,56.3,1012.7599999999999,0.0,0.0,25.139999999999997,251.5,0.9199999999999999,7174.8,-105.0,-0.09999999999999995,1.0,2025-06-07T06:13:45.592815104Z
15927.6,94.2,53.6,1012.6800000000001,0.0,0.0,25.68,314.14,0.7,7176.6,-105.2,-2.8200000000000003,1.0,2025-06-07T06:23:45.562091776Z
15929.4,94.2,53.5,1012.76,0.0,0.0,26.159999999999997,230.56000000000003,1.1,7178.4,-102.8,-4.0200000000000005,1.0,2025-06-07T06:33:45.558262272Z
15931.2,95.2,51.1,1012.7,0.0,0.0,26.7,225.45999999999998,0.8800000000000001,7180.2,-104.2,-2.9,1.0,2025-06-07T06:43:45.538618624Z
15933.0,95.2,50.6,1012.7199999999999,0.0,0.0,27.139999999999997,307.1,0.5599999999999999,7182.0,-104.2,-0.6,1.0,2025-06-07T06:53:45.528796672Z
15934.8,97.6,49.1,1012.6200000000001,0.0,0.0,27.560000000000002,125.0,0.38,7183.8,-105.4,-2.9200000000000004,1.0,2025-06-07T07:03:45.565528832Z
15936.6,98.0,48.2,1012.5,0.0,0.0,27.96,290.48,0.86,7185.6,-107.2,-2.8199999999999994,1.0,2025-06-07T07:13:45.504558848Z
15938.4,98.4,48.6,1012.5,0.0,0.0,28.26,264.54,0.9800000000000001,7187.4,-104.4,-0.6799999999999999,1.0,2025-06-07T07:23:45.500471808Z
15940.2,98.4,46.6,1012.4,0.0,0.0,28.48,285.14,0.9399999999999998,7189.2,-104.0,-0.45999999999999996,1.0,2025-06-07T07:33:45.508828928Z
15942.0,98.8,46.2,1012.4200000000001,0.0,0.0,28.72,301.73999999999995,0.8400000000000001,7191.0,-107.2,-2.02,1.0,2025-06-07T07:43:45.483428608Z
15943.8,98.8,45.3,1012.3399999999999,0.0,0.0,29.060000000000002,259.78000000000003,0.66,7192.8,-104.2,-2.7,1.0,2025-06-07T07:53:45.487122688Z
15945.6,98.8,45.8,1012.24,0.0,0.0,29.140000000000004,237.06,1.16,7194.6,-103.0,-2.6799999999999997,1.0,2025-06-07T08:03:45.489887744Z
15947.4,98.8,47.8,1012.14,0.0,0.0,29.380000000000003,191.76000000000002,0.9400000000000001,7196.4,-104.2,-1.3799999999999997,1.0,2025-06-07T08:13:45.511355648Z
15949.2,100.0,45.4,1012.14,0.0,0.0,29.68,200.62,1.2600000000000002,7198.2,-106.4,-1.64,1.0,2025-06-07T08:23:45.481501696Z
15951.0,100.0,46.7,1012.0200000000001,0.0,0.0,29.78,233.64000000000001,1.3800000000000001,7200.0,-101.4,-3.3600000000000003,1.0,2025-06-07T08:33:45.460462848Z
15952.8,100.0,44.5,1011.96,0.0,0.0,29.4,174.78,0.8400000000000001,7201.8,-103.6,-2.12,1.0,2025-06-07T08:43:45.456070144Z
15954.6,100.0,45.5,1011.8799999999999,0.0,0.0,29.9,200.4,1.3599999999999999,7203.6,-104.6,-1.56,1.0,2025-06-07T08:53:45.443588096Z
15956.4,100.0,46.9,1011.8,0.0,0.0,29.619999999999997,181.48,1.3599999999999999,7205.4,-103.6,-2.7399999999999998,1.0,2025-06-07T09:03:45.443344896Z
15958.2,100.0,45.0,1011.76,0.0,0.0,29.96,139.66,2.04,7207.2,-104.4,-7.12,1.0,2025-06-07T09:13:45.490178304Z
15960.0,100.0,47.6,1011.7800000000001,0.0,0.0,29.860000000000003,200.57999999999998,1.48,7209.0,-104.4,0.6599999999999999,1.0,2025-06-07T09:23:45.429756672Z
15961.8,100.0,43.3,1011.76,0.0,0.0,30.240000000000002,208.56,1.4,7210.8,-104.2,-2.7800000000000002,1.0,2025-06-07T09:33:45.410120192Z
15963.6,100.0,44.8,1011.74,0.0,0.0,30.639999999999997,184.56,1.02,7212.6,-105.8,-1.34,1.0,2025-06-07T09:43:45.401449216Z
15965.4,100.0,39.9,1011.7,0.0,0.0,31.1,180.94,1.56,7214.4,-107.2,-5.2,1.0,2025-06-07T09:53:45.414962688Z
15967.2,100.0,40.9,1011.68,0.0,0.0,31.32,118.72,0.74,7216.2,-103.2,-1.9799999999999998,1.0,2025-06-07T10:03:45.410286080Z
15969.0,100.0,40.1,1011.5799999999999,0.0,0.0,31.48,115.22,0.8400000000000001,7218.0,-106.0,-1.8,1.0,2025-06-07T10:13:45.386572800Z
15970.8,100.0,38.7,1011.4399999999999,0.0,0.0,32.12,216.9,0.82,7219.8,-104.2,-4.5600000000000005,1.0,2025-06-07T10:23:45.877715712Z
15972.6,100.0,41.5,1011.3799999999999,0.0,0.0,31.5,122.74000000000001,1.5,7221.6,-102.6,-3.7600000000000002,1.0,2025-06-07T10:33:45.387668224Z
15075.5,100.0,42.75,1011.1750000000001,0.0,0.0,31.500000000000004,205.325,1.1500000000000001,6799.0,-104.5,-3.8,1.0,2025-06-07T10:43:07.166159616Z
15975.8,100.0,38.7,1011.2,0.0,0.0,32.1,167.88,1.1,7225.2,-104.4,-2.7600000000000002,1.0,2025-06-07T10:53:45.390671360Z
15977.6,100.0,40.7,1011.0200000000001,0.0,0.0,31.72,188.12,1.7,7227.0,-105.8,-0.44000000000000006,1.0,2025-06-07T11:03:45.884930304Z
15979.4,100.0,38.1,1010.9200000000001,0.0,0.0,32.22,221.9,1.4599999999999997,7228.8,-103.0,-1.28,1.0,2025-06-07T11:13:45.370235136Z
15981.2,100.0,38.5,1010.8,0.0,0.0,32.18,135.5,1.6600000000000001,7230.6,-105.6,-0.2600000000000001,1.0,2025-06-07T11:23:45.415087616Z
15983.0,100.0,38.0,1010.6,0.0,0.0,32.04,123.21999999999998,1.9,7232.4,-105.6,-2.22,1.0,2025-06-07T11:33:45.369707776Z
15085.75,100.0,37.25,1010.325,0.0,0.0,31.575000000000003,157.25,2.2,6809.75,-104.25,-3.55,1.0,2025-06-07T11:44:22.131363584Z
15986.2,100.0,39.0,1010.36,0.0,0.0,31.619999999999997,187.06,2.9799999999999995,7236.0,-105.4,-3.88,1.0,2025-06-07T11:53:45.351471104Z
15988.0,100.0,38.1,1010.3,0.0,0.002,31.82,207.5,1.8399999999999999,7237.8,-104.6,-3.0,1.0,2025-06-07T12:03:45.341596416Z
15989.8,100.0,36.3,1010.1200000000001,0.0,0.004,32.14,182.94,1.7399999999999998,7239.6,-105.0,-3.1399999999999997,1.0,2025-06-07T12:13:45.336720384Z
15991.6,100.0,37.1,1010.0200000000001,0.0,0.004,32.260000000000005,209.87999999999997,2.52,7241.4,-108.2,-2.24,1.0,2025-06-07T12:23:45.334908416Z
15016.25,100.0,35.625,1009.875,0.0,0.005,32.3,216.97500000000002,3.225,6822.5,-109.0,-1.75,1.0,2025-06-07T12:34:54.022956800Z
15994.8,100.0,34.5,1009.74,0.0,0.008,32.8,208.0,2.56,7245.0,-105.6,-1.7600000000000002,1.0,2025-06-07T12:43:45.338738176Z
15996.6,100.0,33.9,1009.74,0.0,0.014000000000000002,32.94,175.04000000000002,3.0200000000000005,7246.8,-105.4,-2.46,1.0,2025-06-07T12:53:45.310563072Z
15998.4,100.0,34.1,1009.6,0.0,0.024,32.980000000000004,134.92,3.08,7248.6,-106.6,-2.7,1.0,2025-06-07T13:03:45.325598720Z
16000.2,100.0,34.1,1009.5599999999998,0.0,0.030000000000000006,33.00000000000001,230.82,2.9,7250.4,-104.0,-0.4,1.0,2025-06-07T13:13:45.367462400Z
16002.0,100.0,34.4,1009.54,0.0,0.036,33.14,207.01999999999998,2.8199999999999994,7252.2,-106.8,-2.72,1.0,2025-06-07T13:23:45.299689472Z
16003.8,100.0,33.0,1009.5,0.0,0.052000000000000005,33.279999999999994,195.7,3.04,7254.0,-106.6,-0.96,1.0,2025-06-07T13:33:45.334680064Z
16005.6,100.0,34.2,1009.4200000000001,0.0,0.06200000000000001,33.06,192.87999999999997,3.4800000000000004,7255.8,-107.0,-0.3,1.0,2025-06-07T13:43:45.308721920Z
16007.4,100.0,34.9,1009.32,0.0,0.08600000000000001,32.82,182.46,3.06,7257.6,-105.0,-1.2000000000000002,1.0,2025-06-07T13:53:45.284580352Z
16009.2,100.0,34.4,1009.2599999999999,0.0,0.10400000000000001,32.62,189.98,3.3400000000000007,7259.4,-103.0,-4.0600000000000005,1.0,2025-06-07T14:03:45.293701376Z
16011.0,100.0,34.7,1009.2199999999999,0.0,0.11800000000000002,32.540000000000006,223.8,3.3200000000000003,7261.2,-104.2,-0.6999999999999998,1.0,2025-06-07T14:13:45.272433152Z
16012.8,100.0,34.7,1009.2,0.0,0.13599999999999998,32.379999999999995,201.2,2.7600000000000002,7263.0,-106.6,-0.2800000000000001,1.0,2025-06-07T14:23:45.268664064Z
16014.6,100.0,34.4,1009.1,0.0,0.148,32.6,212.54000000000002,3.0999999999999996,7264.8,-105.0,0.040000000000000036,1.0,2025-06-07T14:33:45.710603008Z
16016.4,100.0,52.2,2117.7799999999997,51.0,131.148,26.220000000000006,127.84,1312.98,7266.6,-105.0,1.0,1.0,2025-06-07T14:43:45.682985728Z
16018.2,100.0,34.3,1008.9,0.0,0.16999999999999998,32.58,213.42,3.34,7268.4,-105.0,-1.2000000000000002,1.0,2025-06-07T14:53:45.249088768Z
16020.0,100.0,34.3,1008.86,0.0,0.184,32.279999999999994,203.77999999999997,3.62,7270.2,-105.6,-2.2800000000000002,1.0,2025-06-07T15:03:45.244236288Z
16021.8,100.0,34.2,1008.8399999999999,0.0,0.192,32.17999999999999,221.08,3.8199999999999994,7272.0,-106.2,-2.5999999999999996,1.0,2025-06-07T15:13:45.242904064Z
16023.6,100.0,34.2,1008.7199999999999,0.0,0.202,32.0,221.0,4.3,7273.8,-106.0,-0.36,1.0,2025-06-07T15:23:45.248632320Z
16025.4,100.0,35.4,1008.74,0.0,0.22400000000000003,31.879999999999995,181.95999999999998,3.4200000000000004,7275.6,-104.4,-1.5000000000000002,1.0,2025-06-07T15:33:45.654145536Z
16027.2,100.0,36.0,1008.6600000000001,0.0,0.244,31.7,203.45999999999998,3.72,7277.4,-107.2,-0.31999999999999995,1.0,2025-06-07T15:43:45.270177536Z
16029.0,100.0,37.6,1008.6200000000001,0.0,0.26,31.4,188.8,2.54,7279.2,-104.2,-0.5599999999999999,1.0,2025-06-07T15:53:45.247570432Z
16030.8,100.0,38.0,1008.64,0.0,0.27599999999999997,31.3,211.35999999999999,2.7199999999999998,7281.0,-106.0,-1.0,1.0,2025-06-07T16:03:45.647306752Z
15132.25,100.0,38.875,1008.425,0.0,0.1775,31.15,185.925,2.175,6857.0,-107.0,-1.9500000000000002,1.0,2025-06-07T16:14:22.000038912Z
16034.0,100.0,37.9,1008.5,0.0,0.292,30.839999999999996,187.3,3.12,7284.6,-108.6,-2.28,1.0,2025-06-07T16:23:45.200772608Z
16035.8,100.0,38.3,1008.5,0.0,0.312,30.68,209.3,4.0,7286.4,-107.2,-3.2600000000000002,1.0,2025-06-07T16:33:45.192522240Z
16037.6,100.0,39.2,1008.4399999999999,0.0,0.32,30.419999999999998,184.28,3.62,7288.2,-103.8,-3.66,1.0,2025-06-07T16:43:45.273087488Z
16039.4,100.0,40.0,1008.4799999999999,0.0,0.33199999999999996,30.18,180.71999999999997,3.44,7290.0,-105.2,-1.94,1.0,2025-06-07T16:53:45.223124480Z
16041.2,100.0,40.2,1008.46,0.0,0.33599999999999997,29.98,175.4,3.66,7291.8,-105.6,-2.04,1.0,2025-06-07T17:03:45.168592128Z
16043.0,100.0,40.8,1008.4799999999999,0.0,0.348,29.74,222.71999999999997,2.38,7293.6,-105.4,-1.4,1.0,2025-06-07T17:13:45.174261504Z
16044.8,100.0,40.7,1008.54,0.0,0.354,29.52,220.7,2.82,7295.4,-105.6,-3.2000000000000006,1.0,2025-06-07T17:23:45.163760640Z
16046.6,100.0,42.0,1008.6,0.0,0.356,29.18,219.21999999999997,2.2600000000000002,7297.2,-106.2,-0.9800000000000001,1.0,2025-06-07T17:33:45.154039552Z
16048.4,100.0,42.3,1008.6,0.0,0.356,28.860000000000003,197.6,2.34,7299.0,-105.2,-2.88,1.0,2025-06-07T17:43:45.160364544Z
16050.2,100.0,43.4,1008.6600000000001,0.0,0.356,28.46,167.76,2.1800000000000006,7300.8,-102.8,0.2800000000000001,1.0,2025-06-07T17:53:45.193756672Z
16052.0,100.0,43.7,1008.6800000000001,0.0,0.356,28.060000000000002,221.51999999999998,2.1,7302.6,-103.8,-1.4800000000000002,1.0,2025-06-07T18:03:45.117819392Z
16053.8,100.0,44.5,1008.76,0.0,0.356,27.68,188.58,1.6600000000000001,7304.4,-105.0,-0.29999999999999993,1.0,2025-06-07T18:13:45.126025472Z
16055.6,100.0,44.9,1008.72,0.0,0.356,27.28,211.67999999999998,2.12,7306.2,-107.2,0.040000000000000036,1.0,2025-06-07T18:23:45.082671360Z
16057.4,100.0,45.4,1008.74,0.0,0.36,26.9,202.09999999999997,2.54,7308.0,-106.6,0.41999999999999993,1.0,2025-06-07T18:33:45.174504960Z
16059.2,100.0,45.8,1008.76,0.0,0.364,26.619999999999997,196.5,1.9,7309.8,-104.2,-1.86,1.0,2025-06-07T18:43:45.066750720Z
16061.0,100.0,47.0,1008.78,0.0,0.366,26.159999999999997,175.14,1.7399999999999998,7311.6,-105.4,-0.86,1.0,2025-06-07T18:53:45.155805952Z
16062.8,100.0,64.3,2117.6600000000003,51.0,131.254,20.48,136.82,1311.92,7313.4,-107.4,-1.8399999999999999,1.0,2025-06-07T19:03:45.481020672Z
16064.6,100.0,48.0,1008.9,0.0,0.366,25.58,165.18,2.1399999999999997,7315.2,-104.2,0.24000000000000005,1.0,2025-06-07T19:13:45.052723200Z
16066.4,100.0,48.4,1008.9999999999998,0.0,0.366,25.479999999999997,155.76,1.9400000000000002,7317.0,-106.8,-2.6199999999999997,1.0,2025-06-07T19:23:45.031475200Z
16068.2,100.0,48.9,1009.0200000000001,0.0,0.366,25.2,130.06,2.3600000000000003,7318.8,-105.6,-2.02,1.0,2025-06-07T19:33:45.022193920Z
16070.0,100.0,49.5,1009.14,0.0,0.366,25.080000000000002,176.1,2.38,7320.6,-107.4,-3.94,1.0,2025-06-07T19:43:45.121207296Z
16071.8,100.0,50.1,1009.2800000000001,0.0,0.364,24.8,238.9,1.98,7322.4,-107.4,0.10000000000000005,1.0,2025-06-07T19:53:45.017872384Z
16073.6,100.0,51.0,1009.4,0.0,0.364,24.6,236.9,1.8199999999999998,7324.2,-105.2,-1.1600000000000001,1.0,2025-06-07T20:03:45.118939904Z
15096.0,100.0,51.625,1009.425,0.0,0.455,24.65,233.85000000000002,1.9,6903.0,-106.0,-1.575,1.0,2025-06-07T20:14:53.593496064Z
16076.8,100.0,53.7,1009.6,0.0,0.364,23.8,250.90000000000003,1.1599999999999997,7327.8,-107.0,-1.2,1.0,2025-06-07T20:23:44.985232896Z
16078.6,100.0,56.3,1009.6,0.0,0.364,23.259999999999998,244.26,0.8,7329.6,-106.4,0.41999999999999993,1.0,2025-06-07T20:33:44.978194944Z
16080.4,100.0,55.7,1009.6,0.0,0.364,22.96,184.3,0.76,7331.4,-103.6,-2.2,1.0,2025-06-07T20:43:44.955337984Z
16082.2,100.0,70.2,2118.3399999999997,51.0,131.434,18.4,220.95999999999998,1311.44,7333.2,-104.8,-0.3,1.0,2025-06-07T20:53:45.763130880Z
16084.0,100.0,55.4,1009.68,0.0,0.366,22.82,134.85999999999999,0.6599999999999999,7335.0,-108.0,-1.26,1.0,2025-06-07T21:03:44.936548864Z
16085.8,100.0,56.1,1009.68,0.0,0.366,22.439999999999998,197.64000000000001,0.7,7336.8,-107.0,-0.21999999999999992,1.0,2025-06-07T21:13:44.975021568Z
16087.6,100.0,56.9,1009.7400000000001,0.0,0.366,22.060000000000002,185.0,0.5,7338.6,-103.2,-1.9,1.0,2025-06-07T21:23:45.364993024Z
15109.75,100.0,56.125,1009.75,0.0,0.4575,22.15,239.125,0.625,6916.75,-106.0,-0.9500000000000002,1.0,2025-06-07T21:33:38.527231744Z
16090.8,100.0,57.4,1009.8799999999999,0.0,0.366,21.82,150.28,0.30000000000000004,7342.2,-108.0,-2.6399999999999997,1.0,2025-06-07T21:43:45.347486208Z
16092.6,100.0,60.5,1009.9399999999999,0.0,0.366,21.599999999999998,174.57999999999998,0.4,7344.0,-104.4,-0.9400000000000001,1.0,2025-06-07T21:53:44.894947840Z
16094.4,100.0,61.2,1010.0,0.0,0.366,21.580000000000002,176.21999999999997,0.42000000000000004,7345.8,-103.8,-2.78,1.0,2025-06-07T22:03:44.913098240Z
16096.2,100.0,61.6,1010.0,0.0,0.366,21.740000000000002,200.9,0.58,7347.6,-105.2,-0.3799999999999999,1.0,2025-06-07T22:13:44.921563904Z
16098.0,100.0,61.5,1009.96,0.0,0.366,21.8,152.28000000000003,0.38,7349.4,-108.2,-1.7399999999999998,1.0,2025-06-07T22:23:44.862643712Z
16099.8,99.6,62.8,1009.9,0.0,0.37,21.6,181.74,0.5,7351.2,-103.4,0.25999999999999995,1.0,2025-06-07T22:33:45.280729088Z
16101.6,99.6,64.8,1009.86,0.0,0.372,21.46,205.88000000000002,0.58,7353.0,-103.6,-1.16,1.0,2025-06-07T22:43:44.837512448Z
16103.4,98.4,64.4,1009.8,0.0,0.376,21.299999999999997,178.82,0.74,7354.8,-106.0,-0.5199999999999999,1.0,2025-06-07T22:53:44.853792000Z
16105.2,98.4,67.7,1009.86,0.0,0.376,20.98,102.66000000000001,0.4800000000000001,7356.6,-107.6,-2.0599999999999996,1.0,2025-06-07T23:03:44.842641920Z
16107.0,98.4,70.1,1009.8799999999999,0.0,0.376,20.720000000000002,125.46,0.38,7358.4,-106.2,-2.3600000000000003,1.0,2025-06-07T23:13:44.819265536Z
16108.8,98.4,69.6,1009.9200000000001,0.0,0.376,20.7,174.82,0.34,7360.2,-106.4,-1.94,1.0,2025-06-07T23:23:44.850566912Z
16110.6,98.0,69.6,1009.9,0.0,0.376,20.759999999999998,195.54,0.38,7362.0,-105.6,-0.9,1.0,2025-06-07T23:33:44.819036928Z
16112.4,98.0,69.6,1009.8399999999999,0.0,0.376,20.939999999999998,212.33999999999997,0.30000000000000004,7363.8,-107.2,-1.5000000000000002,1.0,2025-06-07T23:43:44.770128384Z
16114.2,97.6,70.7,1009.8800000000001,0.0,0.376,20.639999999999997,190.51999999999998,0.42000000000000004,7365.6,-107.2,-1.08,1.0,2025-06-07T23:53:44.786561792Z
16116.0,97.4,73.0,1009.8799999999999,0.0,0.376,20.08,161.98,0.45999999999999996,7367.4,-104.6,-2.1,1.0,2025-06-08T00:03:44.753772800Z
16117.8,97.4,72.1,1009.9,0.0,0.376,20.16,240.83999999999997,0.36,7369.2,-105.4,0.38000000000000006,1.0,2025-06-08T00:13:44.748999680Z
16119.6,97.4,72.7,1009.86,0.0,0.376,20.28,214.44,0.48,7371.0,-105.8,-0.45999999999999996,1.0,2025-06-08T00:23:44.783489280Z
16121.4,96.6,71.4,1009.8,0.0,0.376,20.580000000000002,158.85999999999999,0.7200000000000001,7372.8,-106.6,-0.2,1.0,2025-06-08T00:33:44.755971072Z
16123.2,96.6,71.6,1009.76,0.0,0.376,20.62,187.42000000000002,0.5599999999999999,7374.6,-106.2,0.8400000000000001,1.0,2025-06-08T00:43:45.164104960Z
16125.0,96.4,74.7,1009.82,0.0,0.376,19.88,186.3,0.54,7376.4,-104.8,-0.96,1.0,2025-06-08T00:53:44.710352384Z
16126.8,95.8,76.5,1009.8,0.0,0.376,19.339999999999996,234.94,0.45999999999999996,7378.2,-106.6,-1.8399999999999999,1.0,2025-06-08T01:03:47.429496320Z
16128.6,95.8,74.9,1009.74,0.0,0.376,19.4,176.6,0.48,7380.0,-103.4,-0.38000000000000006,1.0,2025-06-08T01:13:45.124462080Z
16130.4,95.8,74.5,1009.74,0.0,0.376,19.7,184.70000000000002,0.8200000000000001,7381.8,-105.0,-0.16000000000000014,1.0,2025-06-08T01:23:44.679702784Z
16132.2,95.6,74.1,1009.6599999999999,0.0,0.376,19.919999999999998,215.00000000000006,0.6,7383.6,-104.6,-0.1,1.0,2025-06-08T01:33:44.706916352Z
16134.0,95.4,74.5,1009.68,0.0,0.376,19.939999999999998,255.7,0.6,7385.4,-107.2,-0.5,1.0,2025-06-08T01:43:44.660147456Z
16135.8,95.0,76.2,1009.64,0.0,0.38,19.56,249.14000000000001,0.45999999999999996,7387.2,-107.2,-1.92,1.0,2025-06-08T01:53:44.669438464Z
16137.6,94.4,77.5,1009.5800000000002,0.0,0.38,19.24,248.4,0.54,7389.0,-104.2,-0.6,1.0,2025-06-08T02:03:44.632961792Z
16139.4,94.4,77.4,1009.6,0.0,0.38,19.28,196.32000000000002,0.4,7390.8,-105.4,-0.4200000000000001,1.0,2025-06-08T02:13:44.617890304Z
16141.2,94.4,78.9,1009.5800000000002,0.0,0.38,18.9,239.82,0.32,7392.6,-107.2,-0.15999999999999998,1.0,2025-06-08T02:23:44.602731264Z
16143.0,94.0,89.0,2118.2799999999997,51.0,131.268,14.9,210.78000000000003,1311.1399999999999,7394.4,-104.0,0.82,1.0,2025-06-08T02:33:45.053444864Z
16144.8,93.6,79.7,1009.5,0.0,0.38,18.82,261.62,0.64,7396.2,-104.8,-0.8800000000000001,1.0,2025-06-08T02:43:44.603980800Z
16146.6,93.6,77.8,1009.46,0.0,0.38,19.48,228.44,0.8600000000000001,7398.0,-104.8,0.5199999999999999,1.0,2025-06-08T02:53:44.589346304Z
16148.4,93.0,76.3,1009.4799999999999,0.0,0.38,19.8,182.11999999999998,1.3,7399.8,-107.2,-0.15999999999999998,1.0,2025-06-08T03:03:44.584195840Z
16150.2,93.0,77.0,1009.4799999999999,0.0,0.38,19.6,197.87999999999997,0.9800000000000001,7401.6,-105.8,-1.16,1.0,2025-06-08T03:13:44.560151552Z
16152.0,93.0,75.1,1009.54,0.0,0.38,19.92,173.52000000000004,1.18,7403.4,-105.4,-1.4,1.0,2025-06-08T03:23:44.546617856Z
16153.8,92.8,74.8,1009.5200000000001,0.0,0.38,19.96,172.88,0.9800000000000001,7405.2,-105.4,0.6399999999999999,1.0,2025-06-08T03:33:44.543805696Z
16155.6,92.6,74.6,1009.54,0.0,0.38,19.88,176.94,1.6400000000000001,7407.0,-105.8,0.8400000000000001,1.0,2025-06-08T03:43:44.584259840Z
16157.4,92.6,74.4,1009.5,0.0,0.38,19.9,174.92000000000002,1.2,7408.8,-107.0,-1.3599999999999999,1.0,2025-06-08T03:53:44.525705984Z
16159.2,92.0,73.7,1009.5800000000002,0.0,0.38,20.119999999999997,192.08,1.42,7410.6,-103.4,-3.04,1.0,2025-06-08T04:03:44.526050816Z
16161.0,92.0,72.4,1009.6200000000001,0.0,0.38,20.439999999999998,240.54000000000002,2.36,7412.4,-106.0,-0.15999999999999998,1.0,2025-06-08T04:13:44.504696832Z
16162.8,92.0,71.9,1009.6,0.0,0.38,20.82,242.56,2.0000000000000004,7414.2,-107.0,-1.2,1.0,2025-06-08T04:23:44.503988992Z
16164.6,92.0,70.9,1009.54,0.0,0.38,21.18,175.4,1.72,7416.0,-108.2,-1.5,1.0,2025-06-08T04:33:44.496211712Z
16166.4,92.0,69.4,1009.5200000000001,0.0,0.38,21.64,224.07999999999998,1.9200000000000004,7417.8,-105.4,-1.6199999999999999,1.0,2025-06-08T04:43:44.967047680Z
16168.2,92.0,68.5,1009.5199999999999,0.0,0.38,22.060000000000002,172.35999999999999,1.4200000000000002,7419.6,-105.2,-0.36,1.0,2025-06-08T04:53:44.458148352Z
16170.0,92.2,67.3,1009.4399999999999,0.0,0.38,22.54,172.16,1.86,7421.4,-106.6,-0.33999999999999997,1.0,2025-06-08T05:03:44.471789824Z
16171.8,92.4,67.2,1009.4399999999999,0.0,0.38,22.919999999999998,164.98000000000002,2.0,7423.2,-106.0,-1.02,1.0,2025-06-08T05:13:44.434904832Z
16173.6,92.4,65.0,1009.4200000000001,0.0,0.38,23.42,202.33999999999997,1.98,7425.0,-105.4,-2.1399999999999997,1.0,2025-06-08T05:23:44.437898752Z
16175.4,92.4,62.9,1009.4399999999999,0.0,0.38,24.259999999999998,224.68,1.36,7426.8,-105.6,-0.25999999999999995,1.0,2025-06-08T05:33:44.411993856Z
13662.5,92.66666666666667,60.916666666666664,1009.2166666666667,0.0,0.33,24.733333333333334,169.65,2.1,6287.333333333333,-106.5,-2.8000000000000003,1.0,2025-06-08T05:44:25.122569984Z
16179.2,92.8,58.1,1009.4800000000001,0.0,0.38,25.52,140.3,2.1399999999999997,7430.4,-104.2,0.4000000000000002,1.0,2025-06-08T05:53:44.460915456Z
16181.0,92.8,55.2,1009.5200000000001,0.0,0.38,26.060000000000002,198.2,2.08,7432.2,-104.2,-2.9,1.0,2025-06-08T06:03:44.406984704Z
16182.8,93.6,54.6,1009.5200000000001,0.0,0.38,26.6,171.7,1.52,7434.0,-104.2,-0.5800000000000001,1.0,2025-06-08T06:13:44.414275072Z
16184.6,94.4,52.4,1009.5199999999999,0.0,0.38,26.880000000000003,184.16000000000003,1.54,7435.8,-105.4,-1.3,1.0,2025-06-08T06:23:44.372172032Z
16186.4,94.4,51.1,1009.5199999999999,0.0,0.38,27.2,252.23999999999995,1.64,7437.6,-107.0,-0.86,1.0,2025-06-08T06:33:44.363529472Z
16188.2,96.0,50.7,1009.36,0.0,0.38,27.6,258.08,1.48,7439.4,-103.8,-2.8199999999999994,1.0,2025-06-08T06:43:44.345680384Z
16190.0,96.0,47.6,1009.4399999999999,0.0,0.38,27.96,251.68,1.4600000000000002,7441.2,-106.2,-2.54,1.0,2025-06-08T06:53:44.411008768Z
16191.8,96.0,47.3,1009.5799999999999,0.0,0.38,28.220000000000006,279.55999999999995,0.8600000000000001,7443.0,-109.8,-4.6,1.0,2025-06-08T07:03:44.346602752Z
16193.6,96.8,45.5,1009.5799999999999,0.0,0.38,28.5,285.68,1.1,7444.8,-108.6,-1.2799999999999998,1.0,2025-06-08T07:13:44.336588032Z
16195.4,97.6,44.8,1009.4799999999999,0.0,0.38,28.660000000000004,224.01999999999998,1.3599999999999999,7446.6,-104.0,-2.5,1.0,2025-06-08T07:23:44.317503744Z
16197.2,97.6,44.8,1009.4399999999999,0.0,0.38,29.020000000000003,234.13999999999996,1.1600000000000001,7448.4,-105.2,-0.8400000000000001,1.0,2025-06-08T07:33:44.329938688Z
16199.0,98.2,45.4,1009.32,0.0,0.38,29.240000000000002,214.56,1.4000000000000001,7450.2,-105.0,-1.86,1.0,2025-06-08T07:43:44.301411584Z
16200.8,98.8,44.9,1009.4200000000001,0.0,0.38,29.339999999999996,237.14000000000001,1.52,7452.0,-103.4,-2.54,1.0,2025-06-08T07:53:44.289626112Z
16202.6,98.8,59.0,2118.04,51.0,131.268,23.860000000000003,190.33999999999997,1312.26,7453.8,-106.2,-2.02,1.0,2025-06-08T08:03:44.721935872Z
16204.4,100.0,43.0,1009.3399999999999,0.0,0.38,29.5,222.6,1.2399999999999998,7455.6,-105.2,0.14000000000000004,1.0,2025-06-08T08:13:44.289190400Z
16206.2,100.0,43.3,1009.3399999999999,0.0,0.38,29.740000000000002,217.84,1.6,7457.4,-108.0,-1.8199999999999998,1.0,2025-06-08T08:23:44.273816064Z
16208.0,100.0,42.9,1009.2599999999999,0.0,0.38,29.78,181.06,1.6,7459.2,-104.0,0.8800000000000001,1.0,2025-06-08T08:33:44.262769408Z
16209.8,100.0,42.6,1009.2,0.0,0.38,29.920000000000005,205.35999999999999,2.0599999999999996,7461.0,-104.2,-0.8799999999999999,1.0,2025-06-08T08:43:44.252052736Z
16211.6,100.0,42.3,1009.2,0.0,0.38,30.04,236.76,2.02,7462.8,-104.4,-0.72,1.0,2025-06-08T08:53:44.255566336Z
16213.4,100.0,41.3,1009.24,0.0,0.38,30.1,269.76,2.1,7464.6,-106.6,-0.36,1.0,2025-06-08T09:03:44.285658368Z
16215.2,100.0,40.8,1009.24,0.0,0.38,30.18,247.92000000000002,2.5599999999999996,7466.4,-106.8,-0.36,1.0,2025-06-08T09:13:44.238383616Z
16217.0,100.0,40.6,1009.3399999999999,0.0,0.38,30.439999999999998,244.3,1.72,7468.2,-106.0,-1.24,1.0,2025-06-08T09:23:44.661756416Z
16218.8,100.0,42.4,1009.3799999999999,0.0,0.38,30.419999999999998,243.06,2.18,7470.0,-105.6,-0.1200000000000001,1.0,2025-06-08T09:33:44.217860864Z
16220.6,100.0,41.2,1009.36,0.0,0.38,30.679999999999996,224.42000000000002,1.94,7471.8,-107.2,-0.9199999999999999,1.0,2025-06-08T09:43:44.208900608Z
16222.4,100.0,41.9,1009.3799999999999,0.0,0.38,30.839999999999996,207.93999999999997,3.1199999999999997,7473.6,-104.6,0.1,1.0,2025-06-08T09:53:44.208646144Z
16224.2,100.0,41.3,1009.32,0.0,0.38,30.98,186.98000000000002,2.86,7475.4,-107.2,-1.0,1.0,2025-06-08T10:03:44.207183872Z
16226.0,100.0,42.6,1009.3,0.0,0.38,31.080000000000002,180.02,1.72,7477.2,-105.4,-1.5,1.0,2025-06-08T10:13:44.247713792Z
16227.8,100.0,42.1,1009.26,0.0,0.38,31.3,181.5,2.12,7479.0,-107.8,-2.16,1.0,2025-06-08T10:23:44.193744128Z
16229.6,100.0,43.0,1009.22,0.0,0.38,31.32,192.06,1.9400000000000002,7480.8,-105.4,0.9400000000000001,1.0,2025-06-08T10:33:44.184571392Z
16231.4,100.0,42.2,1009.1600000000001,0.0,0.38,31.24,224.16,1.8400000000000003,7482.6,-106.4,-1.9600000000000002,1.0,2025-06-08T10:43:44.175893760Z
16233.2,100.0,42.8,1009.1200000000001,0.0,0.016,31.340000000000003,237.69999999999996,2.5,7484.4,-107.4,-1.2,1.0,2025-06-08T10:53:44.182743808Z
16235.0,100.0,43.8,1008.96,0.0,0.016,31.419999999999998,204.26,2.4,7486.2,-107.8,-0.25999999999999995,1.0,2025-06-08T11:03:44.171832320Z
16236.8,100.0,43.0,1009.0,0.0,0.016,31.660000000000004,149.82,2.3200000000000003,7488.0,-104.6,-1.5600000000000003,1.0,2025-06-08T11:13:44.212851456Z
16238.6,100.0,42.8,1008.9200000000001,0.0,0.016,31.6,191.88,3.0,7489.8,-106.6,-1.98,1.0,2025-06-08T11:23:44.155327744Z
16240.4,100.0,42.6,1008.9799999999999,0.0,0.016,31.46,176.34,1.86,7491.6,-105.4,-0.1,1.0,2025-06-08T11:33:44.156682496Z
16242.2,100.0,43.0,1008.8799999999999,0.0,0.016,31.419999999999998,206.26,3.7399999999999998,7493.4,-108.6,-1.2,1.0,2025-06-08T11:43:44.146838272Z
16244.0,100.0,43.4,1008.8,0.0,0.018,31.3,203.45999999999998,2.9,7495.2,-104.2,-1.7199999999999995,1.0,2025-06-08T11:53:44.140024320Z
16245.8,100.0,43.6,1008.8,0.0,0.019999999999999997,31.4,175.11999999999998,2.52,7497.0,-105.6,-2.22,1.0,2025-06-08T12:03:44.142201344Z
16247.6,100.0,43.8,1008.74,0.0,0.03,31.120000000000005,174.01999999999998,2.9799999999999995,7498.8,-106.2,-0.45999999999999996,1.0,2025-06-08T12:13:44.136141056Z
16249.4,100.0,44.5,1008.7599999999999,0.0,0.033999999999999996,30.74,195.18,3.8400000000000007,7500.6,-107.2,-1.94,1.0,2025-06-08T12:23:44.166952192Z
16251.2,100.0,43.2,1008.72,0.0,0.046000000000000006,31.02,154.72,2.9799999999999995,7502.4,-107.2,-1.64,1.0,2025-06-08T12:33:44.120761600Z
16253.0,100.0,43.0,1008.7,0.0,0.057999999999999996,31.359999999999996,202.94,3.9200000000000004,7504.2,-106.0,0.5,1.0,2025-06-08T12:43:44.116828672Z
16254.8,100.0,42.6,1008.7199999999999,0.0,0.076,31.159999999999997,157.54000000000002,3.8599999999999994,7506.0,-106.2,-0.8800000000000001,1.0,2025-06-08T12:53:44.102128896Z
16256.6,100.0,59.5,2117.6,51.0,131.17400000000004,24.580000000000002,169.88000000000002,1315.3600000000001,7507.8,-107.8,-2.8,1.0,2025-06-08T13:03:44.919375104Z
16258.4,100.0,42.0,1008.6200000000001,0.0,0.13,31.339999999999996,197.8,3.9,7509.6,-105.4,-0.86,1.0,2025-06-08T13:13:44.092937728Z
16260.2,100.0,40.6,1008.4399999999999,0.0,0.164,31.28,201.45999999999998,4.5200000000000005,7511.4,-103.6,-2.5,1.0,2025-06-08T13:23:44.129567232Z
16262.0,100.0,40.8,1008.3,0.0,0.198,31.080000000000002,209.95999999999998,3.7,7513.2,-104.8,-0.24000000000000005,1.0,2025-06-08T13:33:44.510128128Z
16263.8,100.0,40.7,1008.3399999999999,0.0,0.22400000000000003,31.3,204.44,3.4400000000000004,7515.0,-107.4,-0.64,1.0,2025-06-08T13:43:44.074461440Z
16265.6,100.0,40.4,1008.22,0.0,0.25199999999999995,31.1,203.32,3.6399999999999997,7516.8,-103.0,1.8800000000000001,1.0,2025-06-08T13:53:44.508817408Z
16267.4,100.0,40.1,1008.1600000000001,0.0,0.27199999999999996,30.8,196.48000000000002,4.14,7518.6,-104.2,-0.82,1.0,2025-06-08T14:03:44.060634112Z
16269.2,100.0,39.8,1008.1600000000001,0.0,0.296,30.860000000000003,187.62,3.0200000000000005,7520.4,-103.8,0.06000000000000001,1.0,2025-06-08T14:13:44.043256064Z
16271.0,100.0,39.8,1008.1800000000001,0.0,0.308,30.859999999999996,185.42,2.8,7522.2,-105.8,-2.46,1.0,2025-06-08T14:23:44.046423296Z
16272.8,100.0,39.2,1008.1,0.0,0.32599999999999996,30.919999999999998,212.71999999999997,3.7,7524.0,-103.4,-0.16000000000000014,1.0,2025-06-08T14:33:44.518577152Z
16274.6,100.0,39.1,1008.1200000000001,0.0,0.348,31.0,192.38,3.08,7525.8,-104.4,-1.2,1.0,2025-06-08T14:43:44.021984768Z
16276.4,100.0,38.3,1008.1,0.0,0.362,30.939999999999998,196.14000000000001,3.9200000000000004,7527.6,-104.6,-0.6199999999999999,1.0,2025-06-08T14:53:44.024075520Z
16278.2,100.0,37.5,1008.04,0.0,0.37,30.8,191.9,3.1399999999999997,7529.4,-106.8,-3.7600000000000002,1.0,2025-06-08T15:03:44.019074816Z
16280.0,100.0,36.8,1008.0,0.0,0.388,30.72,205.02000000000004,3.5200000000000005,7531.2,-104.2,1.2200000000000002,1.0,2025-06-08T15:13:44.004376576Z
16281.8,100.0,37.3,1007.96,0.0,0.40800000000000003,30.6,219.3,3.72,7533.0,-102.4,-1.8399999999999999,1.0,2025-06-08T15:23:44.001587712Z
16283.6,100.0,37.2,1007.9799999999999,0.0,0.42000000000000004,30.26,218.61999999999998,3.5200000000000005,7534.8,-103.4,-0.18000000000000002,1.0,2025-06-08T15:33:44.040462848Z
16285.4,100.0,36.7,1008.0,0.0,0.44000000000000006,30.0,193.68,3.7,7536.6,-105.0,-3.3,1.0,2025-06-08T15:43:43.980749568Z
16287.2,100.0,36.9,1008.0199999999999,0.0,0.45200000000000007,29.82,207.68,3.8600000000000003,7538.4,-105.8,-1.3,1.0,2025-06-08T15:53:43.995786240Z
16289.0,100.0,37.8,1008.0,0.0,0.47400000000000003,29.6,214.76,3.5,7540.2,-105.4,-0.7,1.0,2025-06-08T16:03:43.968965376Z
16290.8,100.0,39.1,1008.0600000000001,0.0,0.492,29.52,213.88000000000002,2.98,7542.0,-104.4,-0.7,1.0,2025-06-08T16:13:44.401998336Z
16292.6,100.0,39.7,1008.1,0.0,0.5,29.28,187.74,2.6399999999999997,7543.8,-105.8,0.15999999999999998,1.0,2025-06-08T16:23:43.960782848Z
16294.4,100.0,40.3,1008.0600000000001,0.0,0.5,28.959999999999997,205.32,3.2,7545.6,-104.2,0.38000000000000006,1.0,2025-06-08T16:33:43.948833536Z
20081.5,100.0,39.125,1008.3000000000001,0.0,0.6125,28.9,205.5,2.975,9272.5,-103.75,-2.1750000000000003,1.0,2025-06-08T16:42:43.086705152Z
13774.166666666666,100.0,40.083333333333336,1008.0166666666668,0.0,0.4366666666666667,28.400000000000002,204.11666666666667,3.8666666666666667,6398.833333333333,-105.83333333333333,-1.2333333333333334,1.0,2025-06-08T16:52:45.659857664Z
16299.8,100.0,39.8,1008.24,0.0,0.508,28.28,219.06,2.7600000000000002,7551.0,-105.8,-1.4200000000000004,1.0,2025-06-08T17:03:43.923365632Z
16301.6,100.0,39.7,1008.3,0.0,0.508,28.040000000000003,213.04000000000002,2.34,7552.8,-105.6,-1.92,1.0,2025-06-08T17:13:43.920328192Z
16303.4,100.0,40.6,1008.36,0.0,0.508,27.720000000000006,212.1,2.54,7554.6,-105.4,-1.52,1.0,2025-06-08T17:23:43.901134848Z
16305.2,100.0,40.3,1008.4200000000001,0.0,0.512,27.339999999999996,219.94,2.8,7556.4,-105.4,-0.72,1.0,2025-06-08T17:33:43.899888896Z
16307.0,100.0,40.2,1008.54,0.0,0.512,26.920000000000005,207.86000000000004,3.22,7558.2,-105.6,-3.1,1.0,2025-06-08T17:43:43.933289728Z
15323.25,100.0,41.25,1008.575,0.0,0.64,26.475,183.325,2.525,7130.5,-106.5,-0.675,1.0,2025-06-08T17:54:52.382013952Z
16310.2,100.0,42.6,1008.6,0.0,0.512,26.159999999999997,205.45999999999998,2.86,7561.8,-103.0,-3.34,1.0,2025-06-08T18:03:43.865472256Z
16312.0,100.0,44.5,1008.68,0.0,0.512,25.720000000000006,198.10000000000002,1.9,7563.6,-104.6,-2.4,1.0,2025-06-08T18:13:43.861496320Z
16313.8,100.0,46.1,1008.8399999999999,0.0,0.512,25.4,140.26,2.6599999999999997,7565.4,-106.2,-0.96,1.0,2025-06-08T18:23:43.853030912Z
16315.6,100.0,46.8,1008.8800000000001,0.0,0.512,24.98,199.7,1.98,7567.2,-106.4,-0.7200000000000001,1.0,2025-06-08T18:33:43.844017408Z
16317.4,100.0,47.2,1008.8799999999999,0.0,0.516,24.620000000000005,231.4,2.44,7569.0,-106.2,-1.56,1.0,2025-06-08T18:43:43.827954688Z
16319.2,100.0,48.1,1008.9200000000001,0.0,0.516,24.26,224.35999999999999,2.0599999999999996,7570.8,-104.8,-1.04,1.0,2025-06-08T18:53:43.871213568Z
16321.0,100.0,48.7,1008.9799999999999,0.0,0.516,23.88,226.95999999999998,2.74,7572.6,-107.2,-3.06,1.0,2025-06-08T19:03:43.814571776Z
16322.8,100.0,49.2,1009.1200000000001,0.0,0.516,23.68,221.56,2.4800000000000004,7574.4,-106.2,-0.1,1.0,2025-06-08T19:13:43.817904896Z
16324.6,100.0,49.6,1009.3,0.0,0.516,23.46,189.86,1.86,7576.2,-105.6,-0.5,1.0,2025-06-08T19:23:43.800433152Z
16326.4,100.0,50.1,1009.4,0.0,0.516,23.259999999999998,159.2,2.02,7578.0,-104.8,-0.6800000000000003,1.0,2025-06-08T19:33:43.790479872Z
16328.2,100.0,49.9,1009.46,0.0,0.516,23.02,157.83999999999997,1.7399999999999998,7579.8,-107.2,-2.9799999999999995,1.0,2025-06-08T19:43:43.769440000Z
16330.0,100.0,49.7,1009.5800000000002,0.0,0.496,22.860000000000003,170.26,1.6800000000000002,7581.6,-104.2,-0.1200000000000001,1.0,2025-06-08T19:53:43.822662400Z
16331.8,100.0,49.1,1009.6600000000001,0.0,0.496,22.859999999999996,151.33999999999997,1.86,7583.4,-103.4,-2.2800000000000002,1.0,2025-06-08T20:03:43.752724736Z
16333.6,100.0,49.5,1009.76,0.0,0.496,22.64,117.24000000000001,2.38,7585.2,-105.0,-0.3,1.0,2025-06-08T20:13:43.740371200Z
16335.4,100.0,49.6,1009.9,0.0,0.496,22.48,193.04000000000002,1.94,7587.0,-105.8,-3.34,1.0,2025-06-08T20:23:44.178591488Z
16337.2,100.0,50.2,1010.0400000000002,0.0,0.496,22.24,223.1,1.58,7588.8,-104.4,-3.28,1.0,2025-06-08T20:33:43.723331584Z
16339.0,100.0,50.5,1010.14,0.0,0.496,22.04,198.85999999999999,2.08,7590.6,-104.2,-3.06,1.0,2025-06-08T20:43:43.710078208Z
16340.8,100.0,51.1,1010.26,0.0,0.496,21.84,198.70000000000002,1.42,7592.4,-104.4,-1.3199999999999998,1.0,2025-06-08T20:53:43.702778368Z
16342.6,100.0,52.0,1010.3799999999999,0.0,0.496,21.52,175.7,1.58,7594.2,-108.2,-2.2,1.0,2025-06-08T21:03:43.743371776Z
16344.4,100.0,52.8,1010.54,0.0,0.496,21.32,185.74,1.4200000000000002,7596.0,-104.2,1.38,1.0,2025-06-08T21:13:44.113206784Z
16346.2,100.0,54.2,1010.6,0.0,0.496,20.94,152.62,1.16,7597.8,-106.4,-2.44,1.0,2025-06-08T21:23:43.676915200Z
16348.0,100.0,55.7,1010.7,0.0,0.496,20.660000000000004,144.32,1.16,7599.6,-104.8,-1.1,1.0,2025-06-08T21:33:44.095645952Z
16349.8,100.0,56.8,1010.82,0.0,0.496,20.4,161.24,0.9199999999999999,7601.4,-104.8,-1.4,1.0,2025-06-08T21:43:43.649348864Z
16351.6,100.0,56.8,1010.8800000000001,0.0,0.496,20.119999999999997,171.2,0.7799999999999999,7603.2,-105.2,-0.36,1.0,2025-06-08T21:53:43.639859200Z
16353.4,100.0,71.0,2119.38,51.0,131.318,15.919999999999998,204.78,1311.58,7605.0,-105.6,-0.1,1.0,2025-06-08T22:03:44.057711360Z
16355.2,100.0,58.7,1011.0,0.0,0.496,19.759999999999998,253.11999999999998,0.7999999999999999,7606.8,-104.6,-0.9199999999999999,1.0,2025-06-08T22:13:43.621792512Z
16357.0,99.8,58.7,1011.0600000000001,0.0,0.496,19.699999999999996,269.91999999999996,0.86,7608.6,-107.0,-0.76,1.0,2025-06-08T22:23:44.048072448Z
16358.8,99.4,59.2,1011.1,0.0,0.496,19.5,152.94,0.62,7610.4,-105.4,-3.5799999999999996,1.0,2025-06-08T22:33:43.616927488Z
15451.0,99.5,59.625,1011.15,0.0,0.3125,19.325,262.05,0.6,7177.25,-102.5,0.1499999999999999,1.0,2025-06-08T22:44:20.563902464Z
16362.0,98.6,60.1,1011.26,0.0,0.49800000000000005,19.18,256.6,0.72,7614.0,-105.2,-1.92,1.0,2025-06-08T22:53:43.584518656Z
16363.8,98.6,61.3,1011.28,0.0,0.49800000000000005,19.04,207.2,0.4800000000000001,7615.8,-106.2,-1.1400000000000001,1.0,2025-06-08T23:03:43.572077056Z
16365.6,98.6,63.0,1011.22,0.0,0.49800000000000005,18.82,232.58,0.6,7617.6,-106.0,-0.38000000000000006,1.0,2025-06-08T23:13:43.605814016Z
15380.25,98.5,60.75,1011.1500000000001,0.0,0.6225,18.95,207.15,0.6749999999999999,7188.0,-107.0,-1.3,1.0,2025-06-08T23:23:37.028897280Z
16368.8,98.0,61.8,1011.1600000000001,0.0,0.49800000000000005,18.64,218.4,0.5599999999999999,7621.2,-104.0,-1.6,1.0,2025-06-08T23:33:43.543249664Z
16370.6,98.0,62.2,1011.1599999999999,0.0,0.49800000000000005,18.48,182.9,0.54,7623.0,-105.6,-2.3199999999999994,1.0,2025-06-08T23:43:43.526909440Z
16372.4,97.6,64.2,1011.14,0.0,0.49800000000000005,18.380000000000003,222.72000000000003,0.52,7624.8,-105.0,-1.2200000000000002,1.0,2025-06-08T23:53:43.528822272Z
16374.2,97.6,65.6,1011.2,0.0,0.49800000000000005,18.080000000000002,201.44,0.52,7626.6,-103.2,-1.7399999999999998,1.0,2025-06-09T00:03:43.508682240Z
16376.0,97.6,64.2,1011.2,0.0,0.49800000000000005,18.1,174.9,0.62,7628.4,-104.8,-0.09999999999999995,1.0,2025-06-09T00:13:43.542187520Z
16377.8,97.2,63.1,1011.3400000000001,0.0,0.49800000000000005,18.4,231.56,0.5,7630.2,-106.0,-1.6,1.0,2025-06-09T00:23:43.495283200Z
16379.6,96.4,62.8,1011.4200000000001,0.0,0.49800000000000005,18.54,250.8,0.6000000000000001,7632.0,-101.8,-3.12,1.0,2025-06-09T00:33:43.482844928Z
16381.4,96.4,64.3,1011.4800000000001,0.0,0.49800000000000005,18.3,244.7,0.5,7633.8,-102.8,-1.6799999999999997,1.0,2025-06-09T00:43:43.461119488Z
16383.2,96.0,64.7,1011.54,0.0,0.49800000000000005,18.14,205.02000000000004,0.34,7635.6,-104.6,-2.7399999999999998,1.0,2025-06-09T00:53:43.461648384Z
16385.0,96.0,65.4,1011.6,0.0,0.49800000000000005,18.08,204.42,0.6599999999999999,7637.4,-106.4,0.5,1.0,2025-06-09T01:03:43.449705984Z
16386.8,96.0,63.1,1011.6199999999999,0.0,0.49800000000000005,18.259999999999998,207.14000000000001,0.72,7639.2,-106.0,-2.88,1.0,2025-06-09T01:13:43.437308672Z
16388.6,96.0,64.5,1011.72,0.0,0.49800000000000005,18.240000000000002,168.0,0.56,7641.0,-105.0,0.6599999999999999,1.0,2025-06-09T01:23:43.480422656Z
15402.75,95.25,63.625,1011.625,0.0,0.6225,18.275000000000002,226.34999999999997,0.6749999999999999,7210.75,-105.75,-0.6000000000000001,1.0,2025-06-09T01:33:36.911263744Z
16391.8,95.4,66.8,1011.76,0.0,0.49800000000000005,17.940000000000005,149.57999999999998,0.6,7644.6,-107.8,-1.52,1.0,2025-06-09T01:43:43.410290176Z
16393.6,95.0,67.3,1011.78,0.0,0.49800000000000005,17.78,164.16000000000003,0.6599999999999999,7646.4,-105.4,-1.2799999999999998,1.0,2025-06-09T01:53:43.406237696Z
16395.4,94.6,68.4,1011.8800000000001,0.0,0.49800000000000005,17.619999999999997,159.54000000000002,0.76,7648.2,-106.0,0.9800000000000001,1.0,2025-06-09T02:03:43.386338048Z
16397.2,94.6,68.8,1011.9200000000001,0.0,0.49800000000000005,17.619999999999997,140.22,0.62,7650.0,-106.0,0.16,1.0,2025-06-09T02:13:43.377118208Z
16399.0,94.6,69.0,1012.0,0.0,0.49800000000000005,17.46,145.4,0.38,7651.8,-106.6,-1.58,1.0,2025-06-09T02:23:43.851409920Z
16400.8,93.8,69.6,1012.0600000000001,0.0,0.49800000000000005,17.26,229.12000000000003,0.48,7653.6,-103.6,0.0,1.0,2025-06-09T02:33:43.376745216Z
16402.6,93.8,71.0,1012.1200000000001,0.0,0.49800000000000005,17.119999999999997,150.8,0.5399999999999999,7655.4,-105.2,-0.5,1.0,2025-06-09T02:43:43.347981312Z
16404.4,93.8,71.0,1012.28,0.0,0.49800000000000005,17.1,94.14,0.42000000000000004,7657.2,-106.0,-1.4600000000000002,1.0,2025-06-09T02:53:43.336902656Z
16406.2,93.4,73.3,1012.4,0.0,0.49800000000000005,16.82,278.66,0.34,7659.0,-106.4,-1.02,1.0,2025-06-09T03:03:43.345967360Z
16408.0,93.4,72.6,1012.54,0.0,0.5,16.7,281.06,0.38,7660.8,-106.2,-1.3199999999999998,1.0,2025-06-09T03:13:43.324238336Z
16409.8,93.4,74.1,1012.5600000000001,0.0,0.5,16.82,195.6,0.64,7662.6,-103.0,-2.66,1.0,2025-06-09T03:23:43.311911424Z
16411.6,93.0,77.6,1012.74,0.0,0.5,16.4,218.58,0.4,7664.4,-104.2,-1.9799999999999998,1.0,2025-06-09T03:33:43.362209024Z
15425.25,92.25,75.375,1012.725,0.0,0.625,16.55,174.64999999999998,0.7250000000000001,7233.75,-106.25,-1.325,1.0,2025-06-09T03:44:51.749938176Z
16414.8,92.4,75.2,1012.96,0.0,0.5,16.7,127.58,0.42000000000000004,7668.0,-105.8,-0.9799999999999999,1.0,2025-06-09T03:53:43.283290880Z
16416.6,92.2,74.6,1012.9400000000002,0.0,0.5,16.96,153.07999999999998,0.36,7669.8,-104.4,-1.6799999999999997,1.0,2025-06-09T04:03:43.272596224Z
16418.4,92.0,75.0,1013.1,0.0,0.5,17.12,157.8,0.36,7671.6,-106.2,-2.54,1.0,2025-06-09T04:13:43.256072704Z
15508.75,92.0,75.375,1013.225,0.0,0.315,17.424999999999997,215.47499999999997,0.42500000000000004,7236.5,-106.5,-0.7,1.0,2025-06-09T04:23:05.287267840Z
16421.6,92.0,75.4,1013.26,0.0,0.5,17.660000000000004,215.32,0.6599999999999999,7675.2,-105.6,-0.9200000000000003,1.0,2025-06-09T04:33:43.290391296Z
16423.4,92.0,74.8,1013.46,0.0,0.5,18.220000000000002,271.65999999999997,0.6799999999999999,7677.0,-105.0,-2.84,1.0,2025-06-09T04:43:43.235467264Z
16425.2,92.0,72.9,1013.4399999999999,0.0,0.5,18.740000000000002,256.56,0.7,7678.8,-105.8,-0.019999999999999928,1.0,2025-06-09T04:53:43.224114176Z
16427.0,92.0,70.4,1013.4800000000001,0.0,0.5,19.54,154.32,0.6799999999999999,7680.6,-105.8,-1.86,1.0,2025-06-09T05:03:43.224979968Z
16428.8,92.4,67.9,1013.5800000000002,0.0,0.5,20.22,212.24,0.52,7682.4,-104.8,-0.24000000000000005,1.0,2025-06-09T05:13:43.210479616Z
16430.6,92.4,67.1,1013.6600000000001,0.0,0.5,21.0,285.65999999999997,0.5399999999999999,7684.2,-105.8,-0.9400000000000001,1.0,2025-06-09T05:23:43.202658816Z
16432.4,92.6,64.7,1013.78,0.0,0.5,21.800000000000004,232.01999999999998,0.68,7686.0,-106.6,-1.54,1.0,2025-06-09T05:33:43.195079168Z
16434.2,93.2,62.4,1013.9399999999999,0.0,0.5,22.54,223.24,0.54,7687.8,-106.0,-1.7,1.0,2025-06-09T05:43:43.244538624Z
16436.0,93.2,58.8,1014.0199999999999,0.0,0.5,23.04,264.38,0.8,7689.6,-105.8,-0.54,1.0,2025-06-09T05:53:43.164352768Z
16437.8,93.2,57.1,1014.0799999999999,0.0,0.5,23.5,225.11999999999998,1.34,7691.4,-103.8,-3.0799999999999996,1.0,2025-06-09T06:03:43.149671936Z
16439.6,93.6,58.3,1014.2,0.0,0.5,23.9,272.2,1.54,7693.2,-107.0,-1.7599999999999998,1.0,2025-06-09T06:13:43.146716672Z
16441.4,94.0,58.8,1014.36,0.0,0.5,24.3,222.22000000000003,1.2200000000000002,7695.0,-107.8,-2.9,1.0,2025-06-09T06:23:43.156364800Z
16443.2,94.8,57.9,1014.5,0.0,0.5,24.619999999999997,242.98000000000002,1.56,7696.8,-103.8,-3.34,1.0,2025-06-09T06:33:43.134802688Z
16445.0,95.6,58.0,1014.6600000000001,0.0,0.5,24.94,236.01999999999998,1.5,7698.6,-106.2,-2.4,1.0,2025-06-09T06:43:43.161085184Z
16446.8,96.8,59.0,1014.7,0.0,0.5,25.22,240.61999999999998,1.3399999999999999,7700.4,-107.8,-3.3,1.0,2025-06-09T06:53:43.110489344Z
16448.6,96.8,58.6,1014.76,0.0,0.5,25.44,256.86,1.6,7702.2,-107.6,-4.08,1.0,2025-06-09T07:03:43.096861440Z
16450.4,97.8,57.5,1014.86,0.0,0.5,25.660000000000004,289.58,1.7399999999999998,7704.0,-105.8,-3.1,1.0,2025-06-09T07:13:43.083327232Z
16452.2,98.8,58.0,1014.9,0.0,0.5,25.78,283.46,1.46,7705.8,-106.4,-2.3199999999999994,1.0,2025-06-09T07:23:43.085166080Z
16454.0,98.8,58.2,1015.0,0.0,0.5,26.119999999999997,281.04,1.6,7707.6,-106.6,-2.38,1.0,2025-06-09T07:33:43.071839232Z
16455.8,100.0,59.5,1015.0600000000001,0.0,0.5,26.26,313.02000000000004,1.6,7709.4,-107.6,-3.1,1.0,2025-06-09T07:43:43.065781760Z
16457.6,100.0,58.5,1015.1200000000001,0.0,0.5,26.52,243.51999999999998,1.6600000000000001,7711.2,-108.2,-2.34,1.0,2025-06-09T07:53:43.095685888Z
16459.4,100.0,59.0,1015.18,0.0,0.5,26.54,180.85999999999999,1.42,7713.0,-106.4,-2.0599999999999996,1.0,2025-06-09T08:03:43.042500096Z
16461.2,100.0,57.7,1015.2,0.0,0.5,27.04,239.9,1.48,7714.8,-104.2,-0.8200000000000001,1.0,2025-06-09T08:13:43.030077952Z
16463.0,100.0,59.0,1015.32,0.0,0.5,27.339999999999996,335.52,1.08,7716.6,-106.8,-3.2,1.0,2025-06-09T08:23:43.308526080Z
16464.8,100.0,57.7,1015.46,0.0,0.5,27.459999999999997,293.93999999999994,1.3199999999999998,7718.4,-103.6,-2.6,1.0,2025-06-09T08:33:43.016713728Z
16466.6,100.0,58.5,1015.5799999999999,0.0,0.5,27.479999999999997,236.66,0.8400000000000001,7720.2,-105.2,-1.1400000000000001,1.0,2025-06-09T08:43:43.010194432Z
16468.4,100.0,57.1,1015.6200000000001,0.0,0.5,27.76,197.02,0.9,7722.0,-106.4,-2.56,1.0,2025-06-09T08:53:43.046565888Z
16470.2,100.0,57.8,1015.6600000000001,0.0,0.5,27.639999999999997,253.11999999999998,1.0399999999999998,7723.8,-105.8,-1.3599999999999999,1.0,2025-06-09T09:03:43.013815808Z
16472.0,100.0,59.2,1015.7599999999999,0.0,0.5,27.759999999999998,96.76,1.0399999999999998,7725.6,-106.2,-2.5199999999999996,1.0,2025-06-09T09:13:42.995596032Z
16473.8,100.0,57.5,1015.9,0.0,0.5,27.8,178.1,0.9799999999999999,7727.4,-105.6,-2.3600000000000003,1.0,2025-06-09T09:23:42.983300608Z
16475.6,100.0,57.2,1015.96,0.0,0.5,27.919999999999998,131.71999999999997,1.22,7729.2,-106.0,-1.3000000000000003,1.0,2025-06-09T09:33:43.409833216Z
16477.4,100.0,55.7,1015.9799999999999,0.0,0.5,28.52,174.32,0.9400000000000001,7731.0,-105.8,-2.44,1.0,2025-06-09T09:43:42.975357696Z
16479.2,100.0,55.4,1016.04,0.0,0.5,28.1,78.05999999999999,1.28,7732.8,-104.4,-1.4,1.0,2025-06-09T09:53:42.957577472Z
15491.0,100.0,56.625,1016.025,0.0,0.625,27.75,126.25,1.0,7300.0,-106.0,-2.925,1.0,2025-06-09T10:03:36.454596608Z
16482.4,100.0,54.9,1016.0200000000001,0.0,0.5,27.76,117.01999999999998,1.5999999999999999,7736.4,-105.2,-2.7,1.0,2025-06-09T10:13:42.962884608Z
16484.2,100.0,54.8,1016.0600000000001,0.0,0.5,28.119999999999997,149.16,1.7,7738.2,-107.8,-5.779999999999999,1.0,2025-06-09T10:23:42.935919360Z
16486.0,100.0,55.2,1016.0600000000001,0.0,0.5,27.919999999999998,156.35999999999999,1.3399999999999999,7740.0,-106.4,-2.16,1.0,2025-06-09T10:33:42.941450240Z
16487.8,100.0,56.7,1016.1199999999999,0.0,0.5,27.78,68.96000000000001,2.1000000000000005,7741.8,-106.6,-7.159999999999999,1.0,2025-06-09T10:43:42.928403968Z
16489.6,100.0,56.4,1016.2,0.0,0.004,27.82,104.1,1.7600000000000002,7743.6,-106.4,-3.62,1.0,2025-06-09T10:53:42.917680128Z
16491.4,100.0,56.6,1016.28,0.0,0.004,27.6,181.44,2.04,7745.4,-107.6,-4.2,1.0,2025-06-09T11:03:42.954440704Z
16493.2,100.0,55.5,1016.28,0.0,0.004,27.54,83.92,2.3800000000000003,7747.2,-107.0,-2.3,1.0,2025-06-09T11:13:43.325968896Z
16495.0,100.0,55.3,1016.3399999999999,0.0,0.004,27.54,118.04,1.7000000000000004,7749.0,-103.6,-3.84,1.0,2025-06-09T11:23:42.887984384Z
16496.8,100.0,53.2,1016.3800000000001,0.0,0.004,27.6,143.26,2.58,7750.8,-106.2,-2.16,1.0,2025-06-09T11:33:42.880041472Z
16498.6,100.0,49.9,1016.5,0.0,0.004,28.04,125.74000000000001,2.9799999999999995,7752.6,-107.6,-6.1,1.0,2025-06-09T11:43:42.881868800Z
16500.4,100.0,49.7,1016.46,0.0,0.004,27.9,153.9,1.9400000000000002,7754.4,-106.2,-1.6800000000000004,1.0,2025-06-09T11:53:42.869355776Z
16502.2,100.0,50.9,1016.4800000000001,0.0,0.004,27.76,102.78000000000002,2.2,7756.2,-105.2,-3.3199999999999994,1.0,2025-06-09T12:03:42.868638720Z
16504.0,100.0,49.6,1016.4800000000001,0.0,0.004,27.98,91.66,2.2399999999999998,7758.0,-105.8,-2.7600000000000002,1.0,2025-06-09T12:13:42.904051200Z
16505.8,100.0,49.1,1016.54,0.0,0.004,27.860000000000003,64.69999999999999,2.82,7759.8,-106.2,-1.64,1.0,2025-06-09T12:23:42.849051904Z
16507.6,100.0,49.8,1016.5,0.0,0.004,28.2,183.78,2.1399999999999997,7761.6,-103.4,-2.44,1.0,2025-06-09T12:33:42.827670784Z
16509.4,100.0,48.6,1016.46,0.0,0.004,28.24,81.96000000000001,2.1,7763.4,-107.0,-2.84,1.0,2025-06-09T12:43:42.842842624Z
16511.2,100.0,47.9,1016.4399999999999,0.0,0.004,28.28,121.06000000000002,2.2600000000000002,7765.2,-105.8,-0.78,1.0,2025-06-09T12:53:42.825431552Z
16513.0,100.0,49.7,1016.46,0.0,0.004,28.04,146.04000000000002,2.3000000000000003,7767.0,-107.0,-1.1199999999999997,1.0,2025-06-09T13:03:42.816777472Z
16514.8,100.0,48.3,1016.5,0.0,0.004,28.32,128.18,1.4200000000000002,7768.8,-105.0,-1.5799999999999996,1.0,2025-06-09T13:13:42.842844416Z
16516.6,100.0,46.7,1016.5200000000001,0.0,0.004,28.339999999999996,147.84,1.8,7770.6,-105.8,-0.8,1.0,2025-06-09T13:23:42.812206336Z
16518.4,100.0,46.5,1016.5799999999999,0.0,0.004,28.18,127.73999999999998,2.1199999999999997,7772.4,-107.2,-3.7,1.0,2025-06-09T13:33:42.792208128Z
16520.2,100.0,46.8,1016.5599999999998,0.0,0.004,28.02,149.7,1.6,7774.2,-107.4,-5.4399999999999995,1.0,2025-06-09T13:43:42.783874304Z
16522.0,100.0,47.1,1016.6,0.0,0.004,28.119999999999997,210.66000000000003,2.2199999999999998,7776.0,-106.4,-1.3799999999999994,1.0,2025-06-09T13:53:42.786152960Z
16523.8,100.0,47.3,1016.54,0.0,0.012,28.24,149.3,1.7600000000000002,7777.8,-107.0,-2.9200000000000004,1.0,2025-06-09T14:03:42.771376896Z
16525.6,100.0,47.0,1016.5,0.0,0.012,28.18,135.6,1.8599999999999999,7779.6,-106.6,-3.3199999999999994,1.0,2025-06-09T14:13:42.759248384Z
16527.4,100.0,46.9,1016.46,0.0,0.012,28.24,138.33999999999997,1.52,7781.4,-107.2,-3.3,1.0,2025-06-09T14:23:42.804084992Z
16529.2,100.0,45.4,1016.5,0.0,0.012,28.380000000000003,183.38,2.5,7783.2,-106.8,-0.5600000000000002,1.0,2025-06-09T14:33:42.752572160Z
16531.0,100.0,46.0,1016.5,0.0,0.012,28.2,155.22,2.2800000000000002,7785.0,-105.8,-3.2,1.0,2025-06-09T14:43:42.733088000Z
16532.8,100.0,46.4,1016.5200000000001,0.0,0.012,27.98,133.0,2.04,7786.8,-107.4,-1.86,1.0,2025-06-09T14:53:42.733970944Z
16534.6,100.0,45.2,1016.5,0.0,0.012,28.02,138.48,1.7399999999999998,7788.6,-106.8,-1.9600000000000002,1.0,2025-06-09T15:03:42.719491584Z
16536.4,100.0,45.3,1016.4800000000001,0.0,0.012,27.880000000000003,154.08,2.52,7790.4,-107.0,-0.8799999999999997,1.0,2025-06-09T15:13:42.710338816Z
16538.2,100.0,62.7,2123.7799999999997,51.0,131.082,22.0,112.93999999999998,1312.58,7792.2,-107.4,-5.76,1.0,2025-06-09T15:23:43.140067328Z
16540.0,100.0,45.9,1016.3799999999999,0.0,0.012,27.580000000000002,177.35999999999999,1.78,7794.0,-105.4,-1.2399999999999998,1.0,2025-06-09T15:33:42.700890112Z
16541.8,100.0,45.7,1016.3,0.0,0.012,27.380000000000003,141.6,2.68,7795.8,-109.2,-4.64,1.0,2025-06-09T15:43:42.671609344Z
16543.6,100.0,45.5,1016.3199999999999,0.0,0.012,27.26,164.47999999999996,2.92,7797.6,-107.4,-5.6000000000000005,1.0,2025-06-09T15:53:42.700101632Z
16545.4,100.0,45.7,1016.3,0.0,0.012,27.2,171.44,2.5,7799.4,-108.4,-4.1,1.0,2025-06-09T16:03:42.669354496Z
16547.2,100.0,46.2,1016.3799999999999,0.0,0.012,27.040000000000003,142.98,2.06,7801.2,-105.6,-1.46,1.0,2025-06-09T16:13:42.646603008Z
16549.0,100.0,46.1,1016.32,0.0,0.012,26.860000000000003,198.38,2.04,7803.0,-108.0,-3.1799999999999997,1.0,2025-06-09T16:23:42.642188288Z
16550.8,100.0,46.2,1016.3,0.0,0.012,26.659999999999997,141.62,2.32,7804.8,-104.2,-0.7600000000000003,1.0,2025-06-09T16:33:42.701687552Z
16552.6,100.0,47.8,1016.32,0.0,0.012,26.46,170.34,2.02,7806.6,-104.8,-0.8999999999999998,1.0,2025-06-09T16:43:42.637449216Z
16554.4,100.0,47.5,1016.3799999999999,0.0,0.012,26.26,183.92000000000002,1.9799999999999998,7808.4,-106.2,-1.1200000000000003,1.0,2025-06-09T16:53:42.633133312Z
16556.2,100.0,47.7,1016.4199999999998,0.0,0.012,26.119999999999997,155.16,1.6600000000000001,7810.2,-106.6,-1.2000000000000002,1.0,2025-06-09T17:03:42.608477696Z
16558.0,100.0,47.6,1016.4800000000001,0.0,0.012,25.96,127.46,1.8,7812.0,-105.8,-1.34,1.0,2025-06-09T17:13:42.599540992Z
16559.8,100.0,48.0,1016.4800000000001,0.0,0.012,25.74,125.04,1.94,7813.8,-106.4,-0.1,1.0,2025-06-09T17:23:43.030317568Z
16561.6,100.0,49.3,1016.5,0.0,0.012,25.34,161.21999999999997,2.0799999999999996,7815.6,-106.2,-0.7600000000000001,1.0,2025-06-09T17:33:42.634911232Z
16563.4,100.0,51.6,1016.5600000000001,0.0,0.012,25.0,173.88,1.4000000000000001,7817.4,-106.0,-3.0799999999999996,1.0,2025-06-09T17:43:42.586833408Z
16565.2,100.0,52.1,1016.5599999999998,0.0,0.012,24.619999999999997,187.4,1.44,7819.2,-104.2,-0.5399999999999998,1.0,2025-06-09T17:53:42.568949760Z
16567.0,100.0,54.1,1016.6600000000001,0.0,0.012,24.139999999999997,78.32000000000001,1.3199999999999998,7821.0,-105.4,-1.0999999999999999,1.0,2025-06-09T18:03:42.574382080Z
16568.8,100.0,56.1,1016.68,0.0,0.012,23.68,223.48000000000002,1.2600000000000002,7822.8,-104.2,0.34,1.0,2025-06-09T18:13:42.552924928Z
16570.6,100.0,58.4,1016.72,0.0,0.012,23.220000000000002,173.35999999999999,1.08,7824.6,-104.8,-0.2999999999999998,1.0,2025-06-09T18:23:42.543065856Z
16572.4,100.0,60.5,1016.68,0.0,0.012,22.7,170.74,0.9200000000000002,7826.4,-107.0,-2.1599999999999997,1.0,2025-06-09T18:33:42.530457088Z
16574.2,100.0,62.2,1016.76,0.0,0.012,22.16,164.98000000000002,0.78,7828.2,-103.2,-2.34,1.0,2025-06-09T18:43:42.574206208Z
16576.0,100.0,64.1,1016.86,0.0,0.012,21.7,154.22,0.6,7830.0,-104.0,0.4800000000000001,1.0,2025-06-09T18:53:42.537867264Z
16577.8,100.0,66.3,1016.9799999999999,0.0,0.012,21.240000000000002,146.72,0.42000000000000004,7831.8,-106.2,-0.54,1.0,2025-06-09T19:03:42.504096768Z
16579.6,100.0,68.1,1017.1,0.0,0.012,20.8,200.34,0.33999999999999997,7833.6,-106.4,-1.58,1.0,2025-06-09T19:13:42.476990464Z
16581.4,100.0,68.8,1017.2,0.0,0.012,20.5,199.4,0.5599999999999999,7835.4,-104.2,-1.32,1.0,2025-06-09T19:23:42.482881792Z
16583.2,100.0,70.0,1017.26,0.0,0.012,20.26,110.47999999999999,0.48,7837.2,-105.4,-0.16,1.0,2025-06-09T19:33:42.469172224Z
15592.25,100.0,72.125,1017.25,0.0,0.01,19.9,170.275,0.5249999999999999,7401.5,-109.25,-2.15,1.0,2025-06-09T19:43:35.917043712Z
16586.4,100.0,73.6,1017.3799999999999,0.0,0.008,19.6,136.74,0.6,7840.8,-106.8,-1.7,1.0,2025-06-09T19:53:42.461250048Z
16588.2,100.0,75.0,1017.4399999999999,0.0,0.008,19.28,129.8,0.4600000000000001,7842.6,-104.0,-1.06,1.0,2025-06-09T20:03:42.879203072Z
16590.0,100.0,76.0,1017.4599999999998,0.0,0.008,18.96,111.9,0.44000000000000006,7844.4,-105.4,-0.5199999999999999,1.0,2025-06-09T20:13:42.418933504Z
15675.5,100.0,89.5,2401.45,63.75,163.8475,14.15,34.400000000000006,1638.725,7404.75,-105.75,-3.375,1.0,2025-06-09T20:24:20.515873024Z
16593.2,100.0,77.6,1017.5799999999999,0.0,0.008,18.74,108.8,0.4600000000000001,7848.0,-106.6,-0.25999999999999995,1.0,2025-06-09T20:33:42.407864064Z
16595.0,100.0,77.9,1017.6200000000001,0.0,0.008,18.740000000000002,174.45999999999998,0.5399999999999999,7849.8,-103.8,-2.5200000000000005,1.0,2025-06-09T20:43:42.393131008Z
16596.8,100.0,78.0,1017.64,0.0,0.008,18.72,308.62,0.3,7851.6,-105.6,-0.24000000000000005,1.0,2025-06-09T20:53:42.438726912Z
16598.6,100.0,79.2,1017.6599999999999,0.0,0.008,18.580000000000002,179.62,0.34,7853.4,-105.8,0.36,1.0,2025-06-09T21:03:42.818962432Z
16600.4,100.0,80.3,1017.6600000000001,0.0,0.008,18.3,200.42000000000002,0.32,7855.2,-104.2,0.24000000000000005,1.0,2025-06-09T21:13:42.366444032Z
16602.2,100.0,81.9,1017.64,0.0,0.008,18.02,70.16000000000001,0.36000000000000004,7857.0,-104.6,-2.0,1.0,2025-06-09T21:23:42.789636608Z
16604.0,100.0,81.8,1017.7,0.0,0.008,18.1,108.28,0.48,7858.8,-106.2,0.2799999999999999,1.0,2025-06-09T21:33:42.351462912Z
15612.5,100.0,82.5,1017.6,0.0,0.005,17.975,170.97500000000002,0.475,7422.75,-108.0,-3.925,1.0,2025-06-09T21:44:50.760822016Z
16607.2,100.0,83.8,1017.7,0.0,0.008,17.660000000000004,214.47999999999996,0.25999999999999995,7862.4,-105.0,0.1,1.0,2025-06-09T21:53:42.389591296Z
15692.25,100.0,85.625,1017.725,0.0,0.01,17.150000000000002,211.85,0.275,7422.25,-106.0,1.05,1.0,2025-06-09T22:04:19.403797504Z
16610.4,100.0,87.4,1017.82,0.0,0.008,16.9,204.34,0.32,7866.0,-105.8,1.3800000000000001,1.0,2025-06-09T22:13:42.314795520Z
15618.75,100.0,88.875,1017.75,0.0,0.005,16.725,204.75,0.4,7429.75,-107.5,0.3,1.0,2025-06-09T22:24:50.698705408Z
16613.6,100.0,88.5,1017.8799999999999,0.0,0.008,16.580000000000002,181.04000000000002,0.42000000000000004,7869.6,-106.0,-1.94,1.0,2025-06-09T22:33:42.287872512Z
16615.4,100.0,89.5,1017.8800000000001,0.0,0.008,16.54,158.32,0.56,7871.4,-106.0,-0.82,1.0,2025-06-09T22:43:42.279899392Z
16617.2,99.8,90.0,1017.8799999999999,0.0,0.008,16.479999999999997,161.61999999999998,0.48,7873.2,-104.8,-0.05999999999999996,1.0,2025-06-09T22:53:42.261304832Z
16619.0,99.2,97.6,2124.94,51.0,131.078,13.059999999999999,147.85999999999999,1310.98,7875.0,-105.0,-0.5599999999999999,1.0,2025-06-09T23:03:42.692683264Z
15703.75,98.5,90.375,1017.85,0.0,0.01,16.375,212.14999999999998,0.47500000000000003,7434.5,-104.25,0.925,1.0,2025-06-09T23:14:19.351266304Z
16622.2,98.4,90.8,1017.86,0.0,0.008,16.160000000000004,180.22,0.32,7878.6,-106.0,0.6,1.0,2025-06-09T23:23:42.236087808Z
16624.0,98.4,90.8,1017.82,0.0,0.008,16.060000000000002,133.51999999999998,0.32,7880.4,-105.8,0.1,1.0,2025-06-09T23:33:42.241712640Z
16625.8,98.4,91.2,1017.8,0.0,0.008,15.98,194.57999999999998,0.4,7882.2,-105.2,-0.5,1.0,2025-06-09T23:43:42.230954496Z
16627.6,98.0,91.4,1017.78,0.0,0.008,16.02,263.56,0.41999999999999993,7884.0,-105.8,-0.08000000000000007,1.0,2025-06-09T23:53:42.222337536Z
16629.4,97.6,91.7,1017.74,0.0,0.008,15.839999999999998,250.04000000000002,0.32,7885.8,-104.6,-1.52,1.0,2025-06-10T00:03:42.248565248Z
16631.2,96.8,92.4,1017.72,0.0,0.008,15.780000000000001,235.42,0.33999999999999997,7887.6,-105.2,0.82,1.0,2025-06-10T00:13:43.050507776Z
16633.0,96.8,92.7,1017.76,0.0,0.008,15.719999999999999,240.5,0.45999999999999996,7889.4,-105.6,0.19999999999999996,1.0,2025-06-10T00:23:42.182120704Z
16634.8,96.8,92.7,1017.74,0.0,0.008,15.8,223.27999999999997,0.58,7891.2,-104.8,0.64,1.0,2025-06-10T00:33:42.155920384Z
16636.6,96.8,91.6,1017.7199999999999,0.0,0.008,15.88,222.44,0.44000000000000006,7893.0,-105.0,-0.6,1.0,2025-06-10T00:43:42.163948544Z
16638.4,96.8,92.0,1017.6800000000001,0.0,0.008,15.62,256.68,0.34,7894.8,-106.2,0.3,1.0,2025-06-10T00:53:42.145677824Z
15722.75,96.25,92.625,1017.5999999999999,0.0,0.01,15.350000000000001,275.2,0.45,7453.75,-106.75,0.02499999999999991,1.0,2025-06-10T01:04:19.257990144Z
16641.6,96.0,92.2,1017.54,0.0,0.008,15.34,216.45999999999998,0.62,7898.4,-106.4,-1.36,1.0,2025-06-10T01:13:42.172038144Z
16643.4,95.4,93.2,1017.5600000000001,0.0,0.008,15.24,240.61999999999998,0.6000000000000001,7900.2,-103.8,-1.44,1.0,2025-06-10T01:23:42.107851776Z
13993.666666666666,95.0,94.16666666666667,1017.3000000000001,0.0,0.0,14.9,203.73333333333335,0.7666666666666666,6731.0,-107.33333333333333,-1.2,1.0,2025-06-10T01:35:04.482981120Z
16646.2,95.4,93.2,1017.54,0.0,0.008,15.16,197.0,0.6,7903.8,-104.4,-2.04,1.0,2025-06-10T01:43:42.112731392Z
16648.0,95.4,93.5,1017.5,0.0,0.008,15.020000000000001,210.66,0.52,7905.6,-105.0,-0.9600000000000002,1.0,2025-06-10T01:53:42.094214656Z
16649.8,95.0,93.8,1017.4200000000001,0.0,0.008,15.0,215.76,0.62,7907.4,-104.4,-2.66,1.0,2025-06-10T02:03:42.082527488Z
16651.6,94.4,93.7,1017.4199999999998,0.0,0.008,14.940000000000001,198.06,0.5399999999999999,7909.2,-105.8,-0.1200000000000001,1.0,2025-06-10T02:13:42.110274560Z
15735.5,93.75,93.125,1017.3249999999999,0.0,0.01,14.925,195.45000000000002,0.675,7467.5,-106.0,0.75,1.0,2025-06-10T02:23:04.736889856Z
16654.8,93.8,94.2,1017.32,0.0,0.008,14.780000000000001,198.60000000000002,0.54,7912.8,-107.2,-2.4,1.0,2025-06-10T02:33:42.055804160Z
16656.6,93.8,94.2,1017.28,0.0,0.008,14.780000000000001,203.5,0.4600000000000001,7914.6,-104.8,-0.9799999999999999,1.0,2025-06-10T02:43:42.031950336Z
16658.4,93.8,94.5,1017.28,0.0,0.008,14.8,196.85999999999999,0.66,7916.4,-105.0,0.25999999999999995,1.0,2025-06-10T02:53:42.028939776Z
16660.2,93.6,94.2,1017.32,0.0,0.012,14.719999999999999,194.32,0.4,7918.2,-107.0,-0.43999999999999995,1.0,2025-06-10T03:03:42.022202880Z
16662.0,93.4,94.6,1017.28,0.0,0.012,14.540000000000001,199.84,0.38,7920.0,-107.0,-1.4200000000000002,1.0,2025-06-10T03:13:42.020195328Z
16663.8,92.6,94.9,1017.2800000000001,0.0,0.012,14.52,202.11999999999998,0.27999999999999997,7921.8,-104.8,-0.7999999999999998,1.0,2025-06-10T03:23:42.025083136Z
16665.6,92.4,95.3,1017.3,0.0,0.012,14.52,191.52000000000004,0.45999999999999996,7923.6,-105.6,3.3306690738754695e-17,1.0,2025-06-10T03:33:41.996178944Z
16667.4,92.4,95.2,1017.36,0.0,0.012,14.540000000000001,205.0,0.45999999999999996,7925.4,-105.0,-0.9,1.0,2025-06-10T03:43:41.978365440Z
16669.2,92.4,95.0,1017.4199999999998,0.0,0.012,14.6,199.4,0.52,7927.2,-107.8,-1.86,1.0,2025-06-10T03:53:41.971962624Z
16671.0,92.4,95.0,1017.3599999999999,0.0,0.012,14.74,209.01999999999998,0.4600000000000001,7929.0,-104.8,-0.54,1.0,2025-06-10T04:03:41.961945088Z
16672.8,92.0,94.6,1017.3799999999999,0.0,0.012,15.040000000000001,198.56,0.5,7930.8,-105.2,0.45999999999999996,1.0,2025-06-10T04:13:41.951926528Z
16674.6,92.0,93.9,1017.46,0.0,0.012,15.520000000000001,241.74,0.7,7932.6,-105.8,-0.9199999999999999,1.0,2025-06-10T04:23:42.434382080Z
16676.4,92.0,92.4,1017.4200000000001,0.0,0.012,16.080000000000002,226.76000000000005,0.54,7934.4,-105.6,-1.08,1.0,2025-06-10T04:33:41.932022528Z
16678.2,92.0,90.8,1017.4799999999999,0.0,0.012,16.660000000000004,275.21999999999997,0.7,7936.2,-102.6,-0.8199999999999997,1.0,2025-06-10T04:43:41.927334400Z
16680.0,92.0,89.1,1017.4599999999998,0.0,0.012,17.18,157.45999999999998,0.72,7938.0,-106.0,1.04,1.0,2025-06-10T04:53:41.907125504Z
16681.8,92.0,88.1,1017.46,0.0,0.012,17.759999999999998,285.38,0.6599999999999999,7939.8,-105.8,-2.94,1.0,2025-06-10T05:03:41.910013696Z
16683.6,92.0,86.3,1017.5,0.0,0.016,18.44,303.9,0.82,7941.6,-103.8,-4.8,1.0,2025-06-10T05:13:41.893774080Z
16685.4,92.2,83.2,1017.5,0.0,0.016,19.119999999999997,256.9599999999999,1.12,7943.4,-104.8,1.2,1.0,2025-06-10T05:23:41.879662080Z
16687.2,92.4,88.8,2124.58,51.0,131.086,16.080000000000002,147.18,1311.4199999999998,7945.2,-105.8,0.5,1.0,2025-06-10T05:33:42.305871872Z
16689.0,93.0,77.5,1017.46,0.0,0.016,20.2,247.17999999999998,1.0399999999999998,7947.0,-107.2,-3.7,1.0,2025-06-10T05:43:41.855521280Z
16690.8,93.0,74.9,1017.5799999999999,0.0,0.02,20.500000000000004,269.86,1.08,7948.8,-105.4,-0.78,1.0,2025-06-10T05:53:41.843833600Z
16692.6,93.0,74.1,1017.6200000000001,0.0,0.02,20.86,196.48,1.4,7950.6,-105.0,-2.44,1.0,2025-06-10T06:03:41.837401088Z
16694.4,93.6,71.8,1017.68,0.0,0.02,21.36,186.14000000000001,1.16,7952.4,-106.8,-0.4200000000000001,1.0,2025-06-10T06:13:41.827535360Z
16696.2,94.2,69.8,1017.7,0.0,0.02,21.68,269.84000000000003,0.9800000000000001,7954.2,-107.0,-4.46,1.0,2025-06-10T06:23:41.816594176Z
16698.0,95.4,69.2,1017.72,0.0,0.02,21.939999999999998,247.9,1.14,7956.0,-107.0,-3.9,1.0,2025-06-10T06:33:41.870327552Z
16699.8,96.4,68.3,1017.7800000000001,0.0,0.02,22.380000000000003,195.68,0.8600000000000001,7957.8,-104.8,-3.3,1.0,2025-06-10T06:43:41.803758080Z
16701.6,96.4,67.2,1017.7400000000001,0.0,0.02,22.72,248.76,0.82,7959.6,-107.0,-1.8,1.0,2025-06-10T06:53:41.783831808Z
16703.4,96.4,65.5,1017.72,0.0,0.02,23.139999999999997,250.45999999999998,0.66,7961.4,-108.6,-4.9,1.0,2025-06-10T07:03:41.786314240Z
16705.2,96.4,63.3,1017.6600000000001,0.0,0.02,23.52,212.78000000000003,1.3,7963.2,-106.8,-3.62,1.0,2025-06-10T07:13:41.762975744Z
16707.0,98.4,62.7,1017.64,0.0,0.02,23.8,176.1,1.26,7965.0,-105.0,-0.8600000000000001,1.0,2025-06-10T07:23:41.762330624Z
16708.8,99.2,61.7,1017.6,0.0,0.02,24.12,229.98000000000002,0.78,7966.8,-105.6,-0.7,1.0,2025-06-10T07:33:41.756884736Z
16710.6,100.0,62.0,1017.6200000000001,0.0,0.02,24.2,226.45999999999998,0.58,7968.6,-105.6,-4.16,1.0,2025-06-10T07:43:41.788287744Z
16712.4,100.0,60.1,1017.46,0.0,0.02,24.7,213.83999999999997,0.5199999999999999,7970.4,-105.2,-2.7,1.0,2025-06-10T07:53:41.742547456Z
16714.2,100.0,59.2,1017.4,0.0,0.02,25.1,198.95999999999998,0.5199999999999999,7972.2,-105.8,-4.14,1.0,2025-06-10T08:03:41.724268288Z
16716.0,100.0,57.9,1017.3199999999999,0.0,0.02,25.7,238.9,0.72,7974.0,-106.0,-0.54,1.0,2025-06-10T08:13:41.714895360Z
16717.8,100.0,55.3,1017.22,0.0,0.02,26.139999999999997,144.5,1.16,7975.8,-107.4,-3.2,1.0,2025-06-10T08:23:41.713617920Z
16719.6,100.0,55.3,1017.1200000000001,0.0,0.02,26.32,200.08,1.02,7977.6,-106.8,-1.6,1.0,2025-06-10T08:33:41.700398592Z
16721.4,100.0,56.4,1017.0199999999999,0.0,0.02,26.22,160.5,0.8400000000000001,7979.4,-106.8,-0.36,1.0,2025-06-10T08:43:41.738632704Z
16723.2,100.0,54.6,1016.8,0.0,0.02,26.4,141.45999999999998,1.04,7981.2,-106.2,-0.5200000000000001,1.0,2025-06-10T08:53:41.691495936Z
16725.0,100.0,51.5,1016.7,0.0,0.02,26.82,147.08,1.0799999999999998,7983.0,-106.6,-2.86,1.0,2025-06-10T09:03:41.683112192Z
16726.8,100.0,51.2,1016.6200000000001,0.0,0.02,26.360000000000003,118.51999999999998,1.3800000000000001,7984.8,-103.4,-1.7600000000000002,1.0,2025-06-10T09:13:41.670661632Z
15808.75,100.0,51.75,1016.525,0.0,0.025,26.525,207.175,0.875,7541.25,-106.5,-0.7,1.0,2025-06-10T09:24:18.813371904Z
16730.0,100.0,50.4,1016.5799999999999,0.0,0.02,26.96,236.14000000000001,0.6199999999999999,7988.4,-105.8,-0.4,1.0,2025-06-10T09:33:41.662232576Z
16731.8,100.0,50.8,1016.46,0.0,0.02,26.959999999999997,166.74,1.22,7990.2,-106.8,-2.8600000000000003,1.0,2025-06-10T09:43:41.657005568Z
16733.6,100.0,49.5,1016.36,0.0,0.02,27.32,146.74,0.82,7992.0,-107.6,-3.46,1.0,2025-06-10T09:53:41.687596800Z
16735.4,100.0,46.9,1016.24,0.0,0.02,27.74,138.07999999999998,0.8799999999999999,7993.8,-107.0,-1.4,1.0,2025-06-10T10:03:41.645274368Z
16737.2,100.0,47.5,1016.18,0.0,0.02,27.76,201.83999999999997,1.06,7995.6,-106.4,-1.5,1.0,2025-06-10T10:13:41.633725184Z
16739.0,100.0,48.7,1016.1,0.0,0.012,27.840000000000003,174.94,0.76,7997.4,-105.4,-2.3,1.0,2025-06-10T10:23:41.621793536Z
16740.8,100.0,47.1,1016.0200000000001,0.0,0.012,27.920000000000005,212.94,1.36,7999.2,-105.0,-1.0999999999999999,1.0,2025-06-10T10:33:41.607094016Z
16742.6,100.0,48.1,1015.8800000000001,0.0,0.012,28.04,255.44,1.06,8001.0,-105.2,-3.44,1.0,2025-06-10T10:43:41.621368064Z
16744.4,100.0,62.0,2123.2400000000002,51.0,131.082,22.62,211.34,1311.84,8002.8,-106.4,-0.4800000000000001,1.0,2025-06-10T10:53:42.034191104Z
16746.2,100.0,44.3,1015.78,0.0,0.012,28.52,182.82,1.26,8004.6,-108.0,-1.7,1.0,2025-06-10T11:03:41.586139136Z
16748.0,100.0,43.5,1015.6600000000001,0.0,0.012,28.740000000000002,229.58,1.02,8006.4,-105.0,-1.48,1.0,2025-06-10T11:13:41.577692672Z
16749.8,100.0,42.8,1015.64,0.0,0.012,29.32,196.32,0.62,8008.2,-106.8,-1.48,1.0,2025-06-10T11:23:41.570284032Z
16751.6,100.0,40.4,1015.6,0.0,0.012,29.9,218.64000000000001,0.8400000000000001,8010.0,-105.6,-0.86,1.0,2025-06-10T11:33:42.004303616Z
16753.4,100.0,42.9,1015.4200000000001,0.0,0.012,29.7,246.78000000000003,1.22,8011.8,-108.4,-1.52,1.0,2025-06-10T11:43:41.555827968Z
16755.2,100.0,40.8,1015.28,0.0,0.012,29.660000000000004,199.64000000000001,0.74,8013.6,-106.0,-3.3,1.0,2025-06-10T11:53:41.564492288Z
16757.0,100.0,40.5,1015.1800000000001,0.0,0.012,30.2,181.0,0.7,8015.4,-107.6,-1.8199999999999998,1.0,2025-06-10T12:03:41.592861952Z
16758.8,100.0,39.6,1015.1199999999999,0.0,0.012,30.160000000000004,204.16,1.2399999999999998,8017.2,-106.4,-1.7,1.0,2025-06-10T12:13:41.572588800Z
16760.6,100.0,39.3,1015.0,0.0,0.012,30.080000000000002,130.52,1.3,8019.0,-107.8,-2.2399999999999998,1.0,2025-06-10T12:23:41.535758848Z
16762.4,100.0,40.5,1014.82,0.0,0.012,29.979999999999997,209.01999999999998,0.82,8020.8,-105.4,-1.7399999999999998,1.0,2025-06-10T12:33:41.536683520Z
16764.2,100.0,39.3,1014.74,0.0,0.012,30.140000000000004,174.62,0.9,8022.6,-106.6,-2.0,1.0,2025-06-10T12:43:41.524389376Z
16766.0,100.0,40.3,1014.6,0.0,0.012,29.939999999999998,252.34,1.36,8024.4,-106.4,-1.3599999999999999,1.0,2025-06-10T12:53:41.523113984Z
16767.8,100.0,39.4,1014.46,0.0,0.012,30.46,130.98,0.62,8026.2,-107.4,-3.46,1.0,2025-06-10T13:03:41.573794304Z
15848.75,100.0,40.625,1014.2,0.0,0.015,30.549999999999997,261.325,0.675,7581.5,-103.75,-1.7499999999999998,1.0,2025-06-10T13:14:18.675063040Z
16771.0,100.0,39.9,1014.2199999999999,0.0,0.012,30.580000000000002,205.57999999999998,1.06,8029.8,-105.6,-3.7600000000000002,1.0,2025-06-10T13:23:41.943558912Z
15774.75,100.0,39.625,1014.125,0.0,0.015,30.35,127.87499999999999,0.9,7589.0,-106.0,-1.025,1.0,2025-06-10T13:34:49.836902912Z
16774.2,100.0,42.3,1014.0,0.0,0.012,30.32,203.84,0.86,8033.4,-107.2,-4.3,1.0,2025-06-10T13:43:41.491873280Z
14217.833333333334,100.0,40.5,1013.6166666666667,0.0,0.02,30.383333333333336,112.16666666666667,0.5499999999999999,6849.0,-107.83333333333333,-3.216666666666667,1.0,2025-06-10T13:54:22.745903360Z
16778.0,100.0,40.1,1013.76,0.0,0.012,30.580000000000002,207.42,0.78,8037.0,-105.8,-2.6399999999999997,1.0,2025-06-10T14:03:41.489126912Z
16779.8,100.0,39.5,1013.5800000000002,0.0,0.012,30.8,216.72000000000003,0.5599999999999999,8038.8,-105.8,-0.74,1.0,2025-06-10T14:13:41.525648896Z
15783.5,100.0,39.125,1013.4250000000001,0.0,0.015,30.975,259.72499999999997,0.675,7597.5,-107.5,-1.0750000000000002,1.0,2025-06-10T14:23:34.811318784Z
16783.0,100.0,38.7,1013.3,0.0,0.012,30.580000000000002,173.92,0.8,8042.4,-104.2,-1.3599999999999999,1.0,2025-06-10T14:33:41.472056320Z
16784.8,100.0,38.4,1013.24,0.0,0.012,30.96,140.16,0.7,8044.2,-107.6,-1.02,1.0,2025-06-10T14:43:41.469472256Z
16786.6,100.0,38.8,1013.18,0.0,0.012,30.96,200.45999999999998,0.64,8046.0,-106.6,-1.72,1.0,2025-06-10T14:53:41.457567488Z
16788.4,100.0,37.9,1013.1800000000001,0.0,0.012,31.060000000000002,87.28,0.9400000000000001,8047.8,-106.6,-2.84,1.0,2025-06-10T15:03:41.456993792Z
14231.166666666666,100.0,39.583333333333336,1012.9000000000001,0.0,0.02,30.450000000000003,96.35000000000001,1.3166666666666667,6862.333333333333,-108.5,-4.083333333333333,1.0,2025-06-10T15:14:23.650402304Z
16792.2,100.0,38.7,1013.04,0.0,0.012,30.8,198.76,0.66,8051.4,-104.4,-2.0200000000000005,1.0,2025-06-10T15:23:42.365834752Z
16794.0,100.0,37.3,1012.8800000000001,0.0,0.012,30.78,208.48000000000002,0.6799999999999999,8053.2,-105.8,-0.1,1.0,2025-06-10T15:33:41.437050112Z
16795.8,100.0,39.6,1012.8399999999999,0.0,0.012,30.74,227.78000000000003,0.76,8055.0,-106.8,-3.2399999999999998,1.0,2025-06-10T15:43:41.431305984Z
16797.6,100.0,39.8,1012.76,0.0,0.012,30.919999999999998,240.23999999999995,0.8400000000000001,8056.8,-106.4,-1.8,1.0,2025-06-10T15:53:41.423804416Z
16799.4,100.0,38.8,1012.7,0.0,0.012,30.580000000000002,201.4,0.9200000000000002,8058.6,-106.8,-0.8999999999999998,1.0,2025-06-10T16:03:41.477136384Z
16801.2,100.0,39.4,1012.5799999999999,0.0,0.012,30.619999999999997,227.60000000000005,0.48,8060.4,-106.8,-2.1,1.0,2025-06-10T16:13:41.407864576Z
16803.0,100.0,57.1,2120.6400000000003,51.0,131.082,24.000000000000004,168.58,1311.48,8062.2,-107.4,-0.09999999999999995,1.0,2025-06-10T16:23:41.834840064Z
16804.8,100.0,39.4,1012.5400000000002,0.0,0.012,30.060000000000002,172.32000000000002,0.6599999999999999,8064.0,-104.2,-1.7,1.0,2025-06-10T16:33:41.395724032Z
16806.6,100.0,41.0,1012.46,0.0,0.012,30.119999999999997,193.38,0.4,8065.8,-106.0,-1.8,1.0,2025-06-10T16:43:41.829405952Z
16808.4,100.0,39.7,1012.36,0.0,0.012,30.04,176.28,0.7,8067.6,-106.0,-0.54,1.0,2025-06-10T16:53:41.390800384Z
16810.2,100.0,39.9,1012.4200000000001,0.0,0.012,29.940000000000005,144.94,0.36000000000000004,8069.4,-107.2,-3.2,1.0,2025-06-10T17:03:41.394120960Z
16812.0,100.0,41.3,1012.36,0.0,0.012,29.72,173.7,0.6599999999999999,8071.2,-104.6,-0.2799999999999999,1.0,2025-06-10T17:13:41.366429184Z
16813.8,100.0,42.3,1012.4,0.0,0.012,29.439999999999998,100.24000000000001,0.43999999999999995,8073.0,-104.6,-1.9,1.0,2025-06-10T17:23:41.405931008Z
16815.6,100.0,44.0,1012.4399999999999,0.0,0.012,29.0,86.94000000000001,0.54,8074.8,-106.0,-0.6,1.0,2025-06-10T17:33:41.351152640Z
16817.4,100.0,45.5,1012.36,0.0,0.012,28.54,162.45999999999998,0.42000000000000004,8076.6,-105.2,-1.4600000000000002,1.0,2025-06-10T17:43:41.352009728Z
16819.2,100.0,46.8,1012.2,0.0,0.012,28.080000000000002,154.07999999999998,0.52,8078.4,-103.8,1.5,1.0,2025-06-10T17:53:41.338988032Z
16821.0,100.0,51.6,1012.22,0.0,0.012,27.259999999999998,95.63999999999999,0.7,8080.2,-105.0,-1.1999999999999997,1.0,2025-06-10T18:03:41.335218688Z
16822.8,100.0,56.4,1012.24,0.0,0.012,26.28,173.44,0.66,8082.0,-104.4,0.1,1.0,2025-06-10T18:13:41.319486464Z
16824.6,100.0,58.8,1012.2,0.0,0.012,25.619999999999997,144.62,0.64,8083.8,-105.6,-3.46,1.0,2025-06-10T18:23:41.312190976Z
16826.4,100.0,61.4,1012.24,0.0,0.012,25.020000000000003,214.11999999999998,1.56,8085.6,-105.4,-1.3000000000000003,1.0,2025-06-10T18:33:41.347259904Z
16828.2,100.0,63.9,1012.26,0.0,0.012,24.46,199.71999999999997,0.9800000000000001,8087.4,-103.8,-3.12,1.0,2025-06-10T18:43:41.288281600Z
16830.0,100.0,65.3,1012.28,0.0,0.012,24.04,230.9,1.1,8089.2,-105.0,-0.18000000000000002,1.0,2025-06-10T18:53:41.289250304Z
16831.8,100.0,66.1,1012.26,0.0,0.012,23.68,226.4,1.12,8091.0,-105.8,-2.46,1.0,2025-06-10T19:03:41.288995328Z
16833.6,100.0,67.0,1012.28,0.0,0.012,23.380000000000003,227.16,0.7599999999999999,8092.8,-105.8,-0.74,1.0,2025-06-10T19:13:41.273859584Z
16835.4,100.0,68.0,1012.36,0.0,0.018,23.060000000000002,108.51999999999998,0.7999999999999999,8094.6,-104.6,-1.7600000000000002,1.0,2025-06-10T19:23:41.249225216Z
15914.5,100.0,68.5,1012.375,0.0,0.0225,22.9,205.175,0.825,7647.75,-104.25,1.8,1.0,2025-06-10T19:33:03.428023552Z
16838.6,100.0,70.0,1012.5200000000001,0.0,0.018,22.54,216.78000000000003,0.66,8098.2,-104.8,-1.2,1.0,2025-06-10T19:43:41.228433152Z
15917.75,100.0,70.75,1012.4000000000001,0.0,0.0,22.35,186.20000000000002,0.55,7651.5,-106.0,-1.25,1.0,2025-06-10T19:54:18.429908480Z
16841.8,100.0,72.1,1012.4399999999999,0.0,0.0,22.08,188.6,0.5599999999999999,8101.8,-104.8,-0.040000000000000036,1.0,2025-06-10T20:03:41.210202368Z
16843.6,100.0,72.7,1012.5600000000001,0.0,0.0,21.880000000000003,205.1,0.48,8103.6,-105.4,0.28,1.0,2025-06-10T20:13:41.223662592Z
16845.4,100.0,73.1,1012.68,0.0,0.0,21.74,213.0,0.56,8105.4,-106.2,-0.3999999999999999,1.0,2025-06-10T20:23:41.189778176Z
16847.2,100.0,74.2,1012.64,0.0,0.0,21.46,187.6,0.44000000000000006,8107.2,-106.2,-1.9,1.0,2025-06-10T20:33:41.176838912Z
16849.0,100.0,74.9,1012.54,0.0,0.0,21.240000000000002,191.28,0.5999999999999999,8109.0,-104.6,-0.76,1.0,2025-06-10T20:43:41.219319808Z
16850.8,100.0,75.7,1012.4799999999999,0.0,0.0,21.06,220.64000000000001,0.5599999999999999,8110.8,-105.6,0.13999999999999985,1.0,2025-06-10T20:53:41.598472960Z
16852.6,100.0,76.3,1012.5,0.0,0.0,21.02,154.16,0.4600000000000001,8112.6,-106.4,-2.1399999999999997,1.0,2025-06-10T21:03:41.168672000Z
16854.4,100.0,77.4,1012.4799999999999,0.0,0.0,20.68,177.57999999999998,0.3,8114.4,-105.0,-2.28,1.0,2025-06-10T21:13:41.136834048Z
16856.2,100.0,78.5,1012.4799999999999,0.0,0.0,20.52,138.04000000000002,0.36,8116.2,-103.8,-1.8,1.0,2025-06-10T21:23:41.135232256Z
16858.0,100.0,79.3,1012.4799999999999,0.0,0.0,20.32,99.43999999999998,0.4,8118.0,-105.2,0.5599999999999999,1.0,2025-06-10T21:33:41.120377088Z
16859.8,100.0,80.5,1012.4200000000001,0.0,0.0,20.119999999999997,104.93999999999998,0.30000000000000004,8119.8,-106.0,-2.2,1.0,2025-06-10T21:43:41.153058816Z
16861.6,100.0,81.4,1012.4,0.0,0.0,19.94,218.1,0.30000000000000004,8121.6,-104.8,0.1200000000000001,1.0,2025-06-10T21:53:41.113608704Z
16863.4,99.8,82.0,1012.4399999999999,0.0,0.0,19.92,237.33999999999997,0.28,8123.4,-105.4,0.25999999999999995,1.0,2025-06-10T22:03:41.103995136Z
16865.2,99.8,83.6,1012.4200000000001,0.0,0.0,19.64,218.7,0.18,8125.2,-105.6,0.4,1.0,2025-06-10T22:13:41.082284544Z
16867.0,99.4,85.4,1012.4200000000001,0.0,0.0,19.28,175.2,0.3,8127.0,-105.6,-0.14000000000000004,1.0,2025-06-10T22:23:41.075373568Z
16868.8,99.4,85.2,1012.4,0.0,0.0,19.2,207.06,0.3,8128.8,-105.8,-3.5,1.0,2025-06-10T22:33:41.060763392Z
16870.6,99.4,84.4,1012.36,0.0,0.0,19.259999999999998,190.66,0.36,8130.6,-105.2,-0.8400000000000001,1.0,2025-06-10T22:43:41.054661888Z
16872.4,99.0,85.6,1012.32,0.0,0.0,19.060000000000002,136.88000000000002,0.44000000000000006,8132.4,-105.2,0.2599999999999999,1.0,2025-06-10T22:53:41.087550208Z
16874.2,98.6,86.1,1012.26,0.0,0.0,18.94,222.93999999999997,0.30000000000000004,8134.2,-104.6,-1.6,1.0,2025-06-10T23:03:41.025717504Z
16876.0,98.2,86.4,1012.32,0.0,0.0,18.660000000000004,146.16,0.5,8136.0,-106.0,-2.28,1.0,2025-06-10T23:13:41.013525504Z
16877.8,97.8,86.6,1012.2199999999999,0.0,0.0,18.74,282.84000000000003,0.4,8137.8,-105.0,-1.6199999999999997,1.0,2025-06-10T23:23:41.020002560Z
16879.6,97.8,87.0,1012.22,0.0,0.0,18.58,279.22,0.44000000000000006,8139.6,-105.4,0.45999999999999996,1.0,2025-06-10T23:33:41.010344704Z
16881.4,97.8,87.3,1012.3,0.0,0.0,18.52,289.8,0.32,8141.4,-106.8,-0.8,1.0,2025-06-10T23:43:40.993601024Z
16883.2,97.8,87.4,1012.22,0.0,0.0,18.439999999999998,221.76,0.42000000000000004,8143.2,-105.0,-0.8,1.0,2025-06-10T23:53:41.032611072Z
16885.0,97.4,87.1,1012.24,0.0,0.0,18.54,243.21999999999997,0.5599999999999999,8145.0,-105.0,-0.44000000000000006,1.0,2025-06-11T00:03:40.988030464Z
15885.75,97.25,86.875,1012.15,0.0,0.0,18.525,247.60000000000002,0.4000000000000001,7701.0,-106.0,-0.39999999999999997,1.0,2025-06-11T00:14:49.261977344Z
16888.2,96.4,87.0,1012.22,0.0,0.0,18.56,237.82000000000002,0.54,8148.6,-106.0,-2.32,1.0,2025-06-11T00:23:40.957820928Z
16890.0,96.4,87.6,1012.24,0.0,0.0,18.44,251.03999999999996,0.5399999999999999,8150.4,-103.6,-2.2800000000000002,1.0,2025-06-11T00:33:40.932677120Z
16891.8,96.4,87.9,1012.18,0.0,0.0,18.2,269.44,0.38,8152.2,-106.8,-0.34,1.0,2025-06-11T00:43:40.930928640Z
16893.6,96.4,88.4,1012.14,0.0,0.0,18.08,260.94,0.52,8154.0,-104.4,-1.44,1.0,2025-06-11T00:53:40.922449408Z
16895.4,96.0,88.1,1012.14,0.0,0.0,18.139999999999997,266.86,0.42000000000000004,8155.8,-105.6,-1.0799999999999998,1.0,2025-06-11T01:03:40.965675264Z
15973.0,95.5,88.0,1011.95,0.0,0.0,17.974999999999998,323.35,0.275,7707.5,-101.25,-1.8,1.0,2025-06-11T01:14:18.112613120Z
16898.6,95.0,88.5,1011.9799999999999,0.0,0.0,17.94,217.95999999999998,0.62,8159.4,-106.2,-1.16,1.0,2025-06-11T01:23:40.892974592Z
16900.4,95.0,88.0,1011.9400000000002,0.0,0.0,18.0,238.6,0.4,8161.2,-105.6,-1.26,1.0,2025-06-11T01:33:40.882869504Z
16902.2,95.0,87.4,1011.8800000000001,0.0,0.0,18.139999999999997,254.8,0.54,8163.0,-105.6,-2.6799999999999997,1.0,2025-06-11T01:43:40.876722944Z
16904.0,95.0,87.1,1011.9,0.0,0.0,18.080000000000002,278.86,0.43999999999999995,8164.8,-106.0,-1.06,1.0,2025-06-11T01:53:40.890356992Z
16905.8,94.8,87.6,1011.8799999999999,0.0,0.0,17.94,207.34,0.43999999999999995,8166.6,-102.8,-1.9800000000000004,1.0,2025-06-11T02:03:40.899371008Z
16907.6,94.6,88.9,1011.82,0.0,0.0,17.740000000000002,225.04000000000002,0.16,8168.4,-106.2,0.44000000000000006,1.0,2025-06-11T02:13:40.848305920Z
16909.4,93.8,89.5,1011.82,0.0,0.0,17.62,255.87999999999997,0.21999999999999997,8170.2,-105.8,-2.2399999999999998,1.0,2025-06-11T02:23:40.838076416Z
16911.2,93.8,89.5,1011.8,0.0,0.0,17.52,193.06,0.26,8172.0,-104.4,-1.5399999999999998,1.0,2025-06-11T02:33:40.816711424Z
16913.0,93.8,89.7,1011.86,0.0,0.0,17.3,116.38000000000002,0.24000000000000005,8173.8,-104.2,-1.0,1.0,2025-06-11T02:43:40.813800960Z
16914.8,93.8,90.3,1011.82,0.0,0.0,17.08,114.64000000000001,0.32,8175.6,-106.0,-0.019999999999999928,1.0,2025-06-11T02:53:41.240568320Z
16916.6,93.6,90.8,1011.8799999999999,0.0,0.0,17.0,187.6,0.44000000000000006,8177.4,-105.8,-0.5800000000000001,1.0,2025-06-11T03:03:40.815480320Z
16918.4,93.4,91.1,1011.9,0.0,0.0,16.919999999999998,209.34,0.33999999999999997,8179.2,-104.6,-0.6199999999999999,1.0,2025-06-11T03:13:40.820314112Z
16920.2,92.8,91.1,1011.8400000000001,0.0,0.0,16.98,187.82,0.6,8181.0,-106.4,0.16,1.0,2025-06-11T03:23:40.791234048Z
16922.0,92.4,91.5,1011.8399999999999,0.0,0.0,16.860000000000003,129.24,0.34,8182.8,-106.0,1.1800000000000002,1.0,2025-06-11T03:33:40.781863424Z
16923.8,92.4,91.6,1011.9,0.0,0.0,16.940000000000005,201.5,0.24000000000000005,8184.6,-105.6,-0.019999999999999928,1.0,2025-06-11T03:43:40.827213056Z
16925.6,92.4,90.2,1011.9399999999999,0.0,0.0,17.26,232.95999999999998,0.24000000000000005,8186.4,-105.4,-0.1,1.0,2025-06-11T03:53:40.732121856Z
16927.4,92.4,89.3,1011.96,0.0,0.0,17.5,193.54000000000002,0.36000000000000004,8188.2,-104.4,-0.8,1.0,2025-06-11T04:03:40.723926528Z
16929.2,92.0,88.4,1012.0800000000002,0.0,0.0,17.74,207.3,0.29999999999999993,8190.0,-105.2,-0.08000000000000007,1.0,2025-06-11T04:13:40.764170240Z
16931.0,92.0,88.2,1012.04,0.0,0.0,18.2,244.66,0.38,8191.8,-106.2,0.0,1.0,2025-06-11T04:23:40.717451776Z
16932.8,92.2,86.9,1012.1,0.0,0.0,18.76,175.24,0.26,8193.6,-106.8,-1.1400000000000001,1.0,2025-06-11T04:33:40.719424512Z
16934.6,92.2,85.5,1012.1,0.0,0.0,19.24,199.8,0.4,8195.4,-103.6,-2.8600000000000003,1.0,2025-06-11T04:43:40.702113536Z
16936.4,92.2,93.6,2120.38,51.0,131.07,15.680000000000001,53.879999999999995,1310.94,8197.2,-105.0,-0.3,1.0,2025-06-11T04:53:41.520724736Z
16938.2,92.2,83.0,1012.26,0.0,0.0,20.22,152.57999999999998,0.4600000000000001,8199.0,-106.4,-0.72,1.0,2025-06-11T05:03:40.676239360Z
16940.0,92.6,80.5,1012.36,0.0,0.0,20.96,180.78000000000003,0.3,8200.8,-105.8,-2.1,1.0,2025-06-11T05:13:40.668248320Z
16941.8,92.6,78.4,1012.3399999999999,0.0,0.0,21.8,286.98,0.32,8202.6,-106.8,-0.31999999999999995,1.0,2025-06-11T05:23:40.691927552Z
16943.6,93.2,73.2,1012.3399999999999,0.0,0.0,22.82,306.97999999999996,0.33999999999999997,8204.4,-106.2,-1.5,1.0,2025-06-11T05:33:40.642224384Z
16020.0,93.5,68.625,1012.25,0.0,0.0,24.1,194.775,0.525,7754.75,-105.75,-2.9000000000000004,1.0,2025-06-11T05:44:17.882628608Z
16946.8,93.6,67.6,1012.24,0.0,0.0,24.16,123.7,0.42000000000000004,8208.0,-106.0,-3.1199999999999997,1.0,2025-06-11T05:53:40.635773440Z
16948.6,93.6,65.8,1012.26,0.0,0.0,24.939999999999998,160.71999999999997,0.4,8209.8,-105.6,-0.34,1.0,2025-06-11T06:03:40.615594496Z
16950.4,94.4,61.9,1012.3199999999999,0.0,0.0,25.72,153.06,0.34,8211.6,-105.0,-0.9399999999999998,1.0,2025-06-11T06:13:40.609117952Z
16952.2,94.4,73.2,2120.54,51.0,131.07,21.3,115.05999999999999,1311.04,8213.4,-106.6,-0.21999999999999992,1.0,2025-06-11T06:23:41.030120960Z
16954.0,94.4,59.0,1012.5,0.0,0.0,26.620000000000005,202.62,0.52,8215.2,-104.8,-5.4799999999999995,1.0,2025-06-11T06:33:40.586774016Z
16955.8,96.4,58.5,1012.5,0.0,0.0,27.360000000000003,187.28,0.5,8217.0,-105.8,-2.28,1.0,2025-06-11T06:43:40.579554560Z
16957.6,96.4,57.8,1012.5,0.0,0.0,27.860000000000003,215.51999999999998,0.4600000000000001,8218.8,-105.8,-0.64,1.0,2025-06-11T06:53:40.998770688Z
16959.4,96.4,53.8,1012.5800000000002,0.0,0.0,28.359999999999996,141.5,0.48,8220.6,-105.4,-2.5,1.0,2025-06-11T07:03:40.547787776Z
16961.2,97.6,53.5,1012.5799999999999,0.0,0.0,28.52,123.48000000000002,0.6599999999999999,8222.4,-104.8,-5.5,1.0,2025-06-11T07:13:40.552035584Z
16963.0,97.6,49.9,1012.6200000000001,0.0,0.0,28.74,230.5,1.08,8224.2,-104.8,-3.7199999999999998,1.0,2025-06-11T07:23:40.541953280Z
16964.8,97.6,52.9,1012.6,0.0,0.0,28.28,286.5,1.1400000000000001,8226.0,-105.4,-0.76,1.0,2025-06-11T07:33:40.576482048Z
16966.6,99.2,50.6,1012.5800000000002,0.0,0.0,28.720000000000006,248.35999999999999,0.96,8227.8,-105.8,-2.12,1.0,2025-06-11T07:43:40.516378112Z
16968.4,99.2,50.0,1012.6,0.0,0.0,29.1,227.24,0.8,8229.6,-107.2,-2.88,1.0,2025-06-11T07:53:40.525724160Z
16970.2,99.2,48.8,1012.54,0.0,0.0,29.68,231.94,0.6799999999999999,8231.4,-104.8,-2.38,1.0,2025-06-11T08:03:40.501698560Z
16972.0,100.0,47.6,1012.5200000000001,0.0,0.0,30.24,240.04000000000002,0.6399999999999999,8233.2,-105.4,-0.54,1.0,2025-06-11T08:13:40.513246464Z
16973.8,100.0,47.1,1012.6200000000001,0.0,0.0,30.339999999999996,167.92,0.6799999999999999,8235.0,-106.2,-2.84,1.0,2025-06-11T08:23:40.491206656Z
16975.6,100.0,45.7,1012.64,0.0,0.0,30.439999999999998,156.51999999999998,1.2200000000000002,8236.8,-103.6,-2.2199999999999998,1.0,2025-06-11T08:33:40.523979520Z
16977.4,100.0,47.7,1012.6200000000001,0.0,0.0,30.080000000000002,136.9,0.96,8238.6,-102.0,-1.5000000000000002,1.0,2025-06-11T08:43:40.482262528Z
16979.2,100.0,45.7,1012.6,0.0,0.0,30.28,212.34,1.02,8240.4,-105.8,-0.5,1.0,2025-06-11T08:53:40.462746112Z
16981.0,100.0,45.2,1012.6600000000001,0.0,0.0,30.52,203.8,0.62,8242.2,-106.6,-1.56,1.0,2025-06-11T09:03:40.464218624Z
16982.8,100.0,45.0,1012.54,0.0,0.0,30.839999999999996,143.35999999999999,1.14,8244.0,-105.6,-3.56,1.0,2025-06-11T09:13:40.451240448Z
16984.6,100.0,43.4,1012.5599999999998,0.0,0.0,31.059999999999995,196.94,1.06,8245.8,-105.0,-1.0800000000000003,1.0,2025-06-11T09:23:40.456687360Z
16986.4,100.0,42.7,1012.5,0.0,0.0,31.1,89.17999999999999,1.2200000000000002,8247.6,-106.0,-1.4799999999999998,1.0,2025-06-11T09:33:40.442030336Z
16988.2,100.0,42.9,1012.54,0.0,0.0,31.3,138.76000000000002,0.9,8249.4,-106.2,-3.7,1.0,2025-06-11T09:43:40.497970688Z
16063.5,100.0,43.125,1012.4,0.0,0.0,31.224999999999998,134.95,0.42500000000000004,7798.5,-104.25,-0.9500000000000004,1.0,2025-06-11T09:54:17.705151488Z
16991.4,100.0,43.5,1012.5200000000001,0.0,0.0,31.6,131.35999999999999,0.8,8253.0,-105.8,-1.4800000000000004,1.0,2025-06-11T10:03:40.453918720Z
16993.2,100.0,42.2,1012.54,0.0,0.0,31.54,114.96000000000001,0.9,8254.8,-106.4,-1.58,1.0,2025-06-11T10:13:40.423853568Z
16995.0,100.0,40.7,1012.54,0.0,0.0,32.08,254.61999999999998,0.7,8256.6,-107.0,-1.7,1.0,2025-06-11T10:23:40.421096960Z
16070.25,100.0,42.625,1012.3750000000001,0.0,0.0,32.0,156.25000000000003,0.675,7805.5,-103.25,-1.7999999999999998,1.0,2025-06-11T10:34:17.693469184Z
16998.2,100.0,42.7,1012.46,0.0,0.0,31.620000000000005,94.73999999999998,1.06,8260.2,-105.8,0.0,1.0,2025-06-11T10:43:40.450498560Z
17000.0,100.0,42.9,1012.4,0.0,0.0,31.54,169.84,1.1600000000000001,8262.0,-106.4,-0.54,1.0,2025-06-11T10:53:40.420124928Z
17001.8,100.0,44.9,1012.4399999999999,0.0,0.0,31.840000000000003,137.78,1.02,8263.8,-104.6,-2.2600000000000002,1.0,2025-06-11T11:03:40.398488320Z
17003.6,100.0,42.8,1012.4,0.0,0.0,32.04,174.68,1.0,8265.6,-105.8,0.14000000000000004,1.0,2025-06-11T11:13:40.403953152Z
17005.4,100.0,42.7,1012.2800000000001,0.0,0.0,32.26,208.51999999999998,0.78,8267.4,-106.0,-0.24000000000000005,1.0,2025-06-11T11:23:40.398146560Z
17007.2,100.0,42.0,1012.24,0.0,0.0,32.42,180.28000000000003,1.14,8269.2,-104.6,-1.4,1.0,2025-06-11T11:33:40.490168832Z
17009.0,100.0,42.1,1012.26,0.0,0.0,32.32,150.72000000000003,0.9199999999999999,8271.0,-106.4,-3.54,1.0,2025-06-11T11:43:40.397635584Z
17010.8,100.0,41.2,1012.24,0.0,0.0,32.46,156.71999999999997,0.9,8272.8,-104.2,-1.1599999999999997,1.0,2025-06-11T11:53:40.431003136Z
17012.6,100.0,41.1,1012.2199999999999,0.0,0.0,32.8,142.38,0.9800000000000001,8274.6,-108.2,-3.3,1.0,2025-06-11T12:03:40.382439168Z
17014.4,100.0,39.7,1012.2,0.0,0.0,32.82,103.0,1.16,8276.4,-105.4,0.36,1.0,2025-06-11T12:13:40.383763968Z
16089.25,100.0,41.5,1011.9499999999999,0.0,0.0,32.275000000000006,181.825,1.6749999999999998,7824.5,-108.75,-0.875,1.0,2025-06-11T12:23:02.649644032Z
17017.6,100.0,40.9,1011.9,0.0,0.0,32.6,115.6,1.5799999999999998,8280.0,-105.6,-0.33999999999999997,1.0,2025-06-11T12:33:40.376143872Z
17019.4,100.0,40.3,1011.8,0.0,0.0,32.86000000000001,153.56,1.1,8281.8,-106.6,-1.26,1.0,2025-06-11T12:43:40.368695552Z
17021.2,100.0,39.3,1011.6800000000001,0.0,0.0,32.94,147.61999999999998,0.42000000000000004,8283.6,-106.6,-0.45999999999999996,1.0,2025-06-11T12:53:40.403184896Z
17023.0,100.0,41.5,1011.6,0.0,0.0,33.14,154.82,0.41999999999999993,8285.4,-106.6,-0.5800000000000001,1.0,2025-06-11T13:03:40.446756608Z
17024.8,100.0,40.2,1011.54,0.0,0.0,33.279999999999994,146.54,0.9399999999999998,8287.2,-104.4,-0.64,1.0,2025-06-11T13:13:40.350298368Z
17026.6,100.0,58.5,2119.84,51.0,131.07,26.72,93.34,1312.0000000000002,8289.0,-107.0,-5.279999999999999,1.0,2025-06-11T13:23:41.176717312Z
17028.4,100.0,39.5,1011.4399999999999,0.0,0.0,33.4,162.88000000000002,0.9800000000000001,8290.8,-105.4,-0.76,1.0,2025-06-11T13:33:40.343743232Z
17030.2,100.0,40.5,1011.46,0.0,0.0,33.660000000000004,109.05999999999999,0.8200000000000001,8292.6,-106.6,-0.5399999999999998,1.0,2025-06-11T13:43:40.326028800Z
17032.0,100.0,40.6,1011.3,0.0,0.0,33.019999999999996,171.04,1.2600000000000002,8294.4,-104.2,-2.3,1.0,2025-06-11T13:53:40.337180672Z
14456.666666666666,100.0,69.66666666666667,2858.2999999999997,85.0,218.45000000000002,21.666666666666668,65.63333333333334,2185.366666666667,7090.333333333333,-104.0,-6.266666666666667,1.0,2025-06-11T14:02:41.800970240Z
17034.8,100.0,40.6,1011.2199999999999,0.0,0.0,33.64,223.32,1.32,8298.0,-106.8,-1.44,1.0,2025-06-11T14:13:40.322063616Z
17036.6,100.0,39.5,1011.0799999999999,0.0,0.0,33.42,153.85999999999999,1.4600000000000002,8299.8,-106.4,-1.8599999999999999,1.0,2025-06-11T14:23:40.322853632Z
17038.4,100.0,41.3,1011.0799999999999,0.0,0.0,33.339999999999996,130.61999999999998,1.2,8301.6,-105.0,-0.1200000000000001,1.0,2025-06-11T14:33:40.315105280Z
17040.2,100.0,41.0,1011.0199999999999,0.0,0.0,33.11999999999999,88.12,1.2,8303.4,-105.0,-1.94,1.0,2025-06-11T14:43:40.321047808Z
17042.0,100.0,43.0,1010.9399999999999,0.0,0.0,33.08,189.35999999999999,0.5599999999999999,8305.2,-106.0,-1.2200000000000002,1.0,2025-06-11T14:53:40.311049472Z
17043.8,100.0,42.1,1010.9200000000001,0.0,0.0,33.1,137.4,1.34,8307.0,-106.6,-0.8600000000000001,1.0,2025-06-11T15:03:40.345707776Z
17045.6,100.0,43.4,1010.9399999999999,0.0,0.0,32.839999999999996,110.80000000000003,1.26,8308.8,-104.6,-0.8400000000000001,1.0,2025-06-11T15:13:40.296191488Z
16041.5,100.0,43.625,1010.875,0.0,0.0,33.025,153.05,0.975,7860.25,-108.75,-3.775,1.0,2025-06-11T15:24:48.552526080Z
17048.8,100.0,42.1,1010.8399999999999,0.0,0.0,32.779999999999994,104.12,1.26,8312.4,-105.6,-1.3399999999999999,1.0,2025-06-11T15:33:40.289405440Z
17050.6,100.0,44.7,1010.78,0.0,0.0,32.46,126.58,1.02,8314.2,-105.8,-0.060000000000000143,1.0,2025-06-11T15:43:40.283416064Z
17052.4,100.0,45.1,1010.76,0.0,0.0,32.17999999999999,148.94,1.86,8316.0,-105.6,-0.8800000000000001,1.0,2025-06-11T15:53:40.267803392Z
17054.2,100.0,47.0,1010.7199999999999,0.0,0.0,31.82,116.04,2.0000000000000004,8317.8,-105.6,-2.8600000000000003,1.0,2025-06-11T16:03:40.278356480Z
17056.0,100.0,47.1,1010.64,0.0,0.0,31.459999999999997,158.04000000000002,1.32,8319.6,-108.4,-2.12,1.0,2025-06-11T16:13:40.316899840Z
17057.8,100.0,47.2,1010.6600000000001,0.0,0.0,31.139999999999997,123.32000000000001,1.8399999999999999,8321.4,-106.4,-1.2200000000000002,1.0,2025-06-11T16:23:40.258337280Z
17059.6,100.0,48.5,1010.6600000000001,0.0,0.0,30.76,126.81999999999998,1.7,8323.2,-105.0,-3.2,1.0,2025-06-11T16:33:40.254283520Z
17061.4,100.0,50.0,1010.7400000000001,0.0,0.0,30.420000000000005,168.52000000000004,1.7,8325.0,-107.2,-6.519999999999999,1.0,2025-06-11T16:43:40.241076480Z
17063.2,100.0,49.5,1010.72,0.0,0.0,30.139999999999997,174.78,2.0799999999999996,8326.8,-106.0,-0.64,1.0,2025-06-11T16:53:40.248904960Z
17065.0,100.0,50.5,1010.7800000000001,0.0,0.0,29.860000000000003,165.45999999999998,1.52,8328.6,-107.4,-2.4,1.0,2025-06-11T17:03:40.225103872Z
17066.8,100.0,51.6,1010.76,0.0,0.0,29.540000000000003,166.2,1.3800000000000001,8330.4,-105.4,-0.7600000000000001,1.0,2025-06-11T17:13:40.266451200Z
17068.6,100.0,51.5,1010.74,0.0,0.0,29.160000000000004,203.56,1.48,8332.2,-108.2,-3.04,1.0,2025-06-11T17:23:40.218755840Z
17070.4,100.0,52.8,1010.76,0.0,0.0,28.8,92.66,1.4999999999999998,8334.0,-106.0,0.6599999999999999,1.0,2025-06-11T17:33:40.230867712Z
17072.2,100.0,53.3,1010.8399999999999,0.0,0.0,28.439999999999998,150.66,1.26,8335.8,-106.6,-1.1199999999999999,1.0,2025-06-11T17:43:40.199720448Z
17074.0,100.0,53.9,1010.9,0.0,0.0,28.080000000000002,216.28000000000003,1.2599999999999998,8337.6,-105.2,-1.3,1.0,2025-06-11T17:53:40.294344192Z
17075.8,100.0,55.0,1010.9199999999998,0.0,0.0,27.639999999999997,146.82,1.5400000000000003,8339.4,-105.2,0.3400000000000001,1.0,2025-06-11T18:03:40.196107008Z
17077.6,100.0,56.2,1010.9799999999999,0.0,0.0,27.26,193.04000000000002,1.42,8341.2,-105.4,0.14000000000000007,1.0,2025-06-11T18:13:40.601966080Z
17079.4,100.0,57.2,1011.0,0.0,0.0,26.78,159.68,1.3199999999999998,8343.0,-105.8,-1.46,1.0,2025-06-11T18:23:40.210503168Z
16152.5,100.0,58.875,1010.9750000000001,0.0,0.0,26.200000000000003,183.85000000000002,1.725,7889.5,-104.75,-2.075,1.0,2025-06-11T18:34:17.476535808Z
17082.6,100.0,59.9,1011.1600000000001,0.0,0.0,25.860000000000003,156.62,1.3,8346.6,-107.6,-1.06,1.0,2025-06-11T18:43:40.138497280Z
17084.4,100.0,61.7,1011.24,0.0,0.0,25.259999999999998,187.66,1.12,8348.4,-106.2,0.6,1.0,2025-06-11T18:53:40.568515584Z
16079.25,100.0,64.5,1011.1999999999999,0.0,0.0,24.575,160.79999999999998,1.025,7898.5,-107.0,-2.175,1.0,2025-06-11T19:03:33.389459456Z
17087.6,100.0,65.6,1011.3799999999999,0.0,0.0,24.2,184.9,0.9400000000000001,8352.0,-103.4,-2.3,1.0,2025-06-11T19:13:40.162544384Z
16082.5,100.0,66.75,1011.375,0.0,0.005,23.800000000000004,112.35,0.7,7902.0,-104.75,-0.8999999999999999,1.0,2025-06-11T19:23:33.423464960Z
17090.8,100.0,67.8,1011.5600000000001,0.0,0.01,23.380000000000003,126.7,0.6000000000000001,8355.6,-105.6,-0.3599999999999998,1.0,2025-06-11T19:33:40.534413056Z
17092.6,100.0,68.2,1011.7,0.0,0.016,23.139999999999997,130.45999999999998,0.45999999999999996,8357.4,-106.4,0.1,1.0,2025-06-11T19:43:40.112322816Z
17094.4,100.0,69.1,1011.82,0.0,0.016,22.759999999999998,174.06,0.36,8359.2,-105.0,-0.38,1.0,2025-06-11T19:53:40.104661248Z
17096.2,100.0,70.1,1011.8799999999999,0.0,0.018,22.520000000000003,151.76000000000002,0.6399999999999999,8361.0,-105.4,1.02,1.0,2025-06-11T20:03:40.072852736Z
17098.0,100.0,71.0,1012.0200000000001,0.0,0.018,22.3,166.02,0.5199999999999999,8362.8,-106.4,-1.5,1.0,2025-06-11T20:13:40.058305024Z
17099.8,100.0,71.9,1012.1,0.0,0.018,22.080000000000002,207.4,0.5599999999999999,8364.6,-105.6,-2.1399999999999997,1.0,2025-06-11T20:23:40.058243584Z
17101.6,100.0,71.1,1012.1200000000001,0.0,0.018,22.16,209.57999999999998,0.58,8366.4,-103.6,-0.13999999999999999,1.0,2025-06-11T20:33:40.550069504Z
17103.4,100.0,72.0,1012.22,0.0,0.018,22.02,140.01999999999998,0.52,8368.2,-105.6,-2.16,1.0,2025-06-11T20:43:40.105461760Z
17105.2,100.0,73.8,1012.2400000000001,0.0,0.018,21.68,135.76,0.56,8370.0,-104.6,0.019999999999999928,1.0,2025-06-11T20:53:40.016423936Z
16177.5,100.0,74.5,1012.25,0.0,0.0225,21.475,147.125,0.27499999999999997,7915.5,-106.0,-1.25,1.0,2025-06-11T21:03:02.311079424Z
17108.4,100.0,76.8,1012.4200000000001,0.0,0.018,21.04,92.47999999999999,0.3,8373.6,-105.4,0.7,1.0,2025-06-11T21:13:39.994584576Z
16102.75,100.0,77.125,1012.4000000000001,0.0,0.015,20.900000000000002,106.125,0.35,7923.25,-106.0,-5.275,1.0,2025-06-11T21:24:48.226606848Z
17111.6,100.0,87.5,2120.68,51.0,131.09,16.720000000000002,151.72,1310.8600000000001,8377.2,-106.2,-2.0,1.0,2025-06-11T21:33:40.399929856Z
17113.4,100.0,77.6,1012.54,0.0,0.02,20.9,138.24,0.36,8379.0,-106.6,-0.3600000000000001,1.0,2025-06-11T21:43:39.956908544Z
17115.2,100.0,77.4,1012.5800000000002,0.0,0.02,20.860000000000003,154.12,0.2,8380.8,-105.6,0.20000000000000004,1.0,2025-06-11T21:53:39.952221696Z
17117.0,100.0,78.0,1012.5800000000002,0.0,0.02,20.839999999999996,231.18,0.28,8382.6,-104.0,-1.24,1.0,2025-06-11T22:03:39.939502592Z
16189.0,100.0,79.0,1012.55,0.0,0.025,20.65,166.525,0.375,7927.75,-104.0,-0.125,1.0,2025-06-11T22:13:02.235380736Z
17120.2,99.8,81.1,1012.64,0.0,0.02,20.32,255.71999999999997,0.27999999999999997,8386.2,-106.6,-1.8399999999999999,1.0,2025-06-11T22:23:39.916712704Z
16114.25,99.5,81.75,1012.5,0.0,0.0175,20.099999999999998,164.25,0.4,7935.25,-106.0,-1.075,1.0,2025-06-11T22:33:33.141187072Z
17123.4,99.6,81.9,1012.54,0.0,0.02,20.04,192.64000000000001,0.38,8389.8,-105.4,-2.1,1.0,2025-06-11T22:43:39.939025920Z
16195.25,98.25,83.0,1012.4749999999999,0.0,0.025,19.900000000000002,224.29999999999998,0.375,7934.75,-105.75,1.075,1.0,2025-06-11T22:53:02.204878336Z
17126.6,98.4,84.1,1012.46,0.0,0.02,19.720000000000002,165.16000000000003,0.44000000000000006,8393.4,-107.0,-2.04,1.0,2025-06-11T23:03:39.876940288Z
17128.4,98.4,84.1,1012.4399999999999,0.0,0.028000000000000004,19.639999999999997,207.9,0.32,8395.2,-104.8,0.21999999999999997,1.0,2025-06-11T23:13:39.862697984Z
17130.2,98.4,84.4,1012.4799999999999,0.0,0.028000000000000004,19.580000000000002,195.27999999999997,0.4,8397.0,-105.8,0.08000000000000004,1.0,2025-06-11T23:23:39.863721216Z
17132.0,98.0,84.1,1012.4400000000002,0.0,0.028000000000000004,19.54,175.5,0.36,8398.8,-107.6,-1.04,1.0,2025-06-11T23:33:39.862117376Z
17133.8,98.0,84.9,1012.5199999999999,0.0,0.028000000000000004,19.38,147.26000000000002,0.4,8400.6,-106.8,-3.4200000000000004,1.0,2025-06-11T23:43:39.874670592Z
17135.6,97.6,85.5,1012.46,0.0,0.028000000000000004,19.180000000000003,183.45999999999998,0.34,8402.4,-105.8,0.6,1.0,2025-06-11T23:53:39.838330112Z
17137.4,97.4,86.6,1012.3399999999999,0.0,0.028000000000000004,19.160000000000004,139.5,0.4,8404.2,-106.6,-1.02,1.0,2025-06-12T00:03:40.245187328Z
16131.0,97.5,86.5,1012.25,0.0,0.0325,19.049999999999997,138.95,0.375,7953.0,-107.25,-1.575,1.0,2025-06-12T00:14:48.031043584Z
17140.6,97.4,86.3,1012.4,0.0,0.032,19.02,114.05999999999999,0.45999999999999996,8407.8,-106.6,-1.9600000000000002,1.0,2025-06-12T00:23:39.789693440Z
17142.4,97.2,87.0,1012.4399999999999,0.0,0.032,18.880000000000003,136.3,0.44000000000000006,8409.6,-103.6,0.6,1.0,2025-06-12T00:33:39.782660864Z
17144.2,97.0,87.8,1012.5,0.0,0.032,18.560000000000002,102.28,0.4,8411.4,-107.0,-1.0799999999999998,1.0,2025-06-12T00:43:39.776389888Z
17146.0,96.6,89.3,1012.5600000000001,0.0,0.032,18.38,241.03999999999996,0.38,8413.2,-107.2,-0.6,1.0,2025-06-12T00:53:39.810093568Z
17147.8,96.2,89.4,1012.6200000000001,0.0,0.032,18.46,234.42000000000002,0.41999999999999993,8415.0,-106.8,-1.1199999999999999,1.0,2025-06-12T01:03:39.763902976Z
17149.6,96.2,96.7,2121.06,51.0,131.082,14.679999999999998,53.839999999999996,1311.08,8416.8,-105.6,0.5599999999999999,1.0,2025-06-12T01:13:40.559832576Z
17151.4,96.2,89.5,1012.6200000000001,0.0,0.032,18.28,108.58000000000001,0.24,8418.6,-104.6,-1.0,1.0,2025-06-12T01:23:39.750096896Z
17153.2,96.2,90.1,1012.6200000000001,0.0,0.034,18.1,232.2,0.32,8420.4,-107.0,-1.06,1.0,2025-06-12T01:33:39.719678464Z
17155.0,95.4,90.5,1012.6200000000001,0.0,0.034,18.14,229.35999999999999,0.58,8422.2,-107.2,-1.3199999999999998,1.0,2025-06-12T01:43:39.715535360Z
17156.8,95.4,97.8,2120.7,51.0,131.10399999999998,14.48,192.07999999999998,1311.1,8424.0,-103.0,0.3200000000000002,1.0,2025-06-12T01:53:40.132730368Z
17158.6,94.4,91.1,1012.5799999999999,0.0,0.034,18.2,257.9,0.48,8425.8,-107.0,-1.08,1.0,2025-06-12T02:03:39.699145728Z
17160.4,94.4,91.6,1012.6599999999999,0.0,0.034,18.160000000000004,222.47999999999996,0.36,8427.6,-105.4,0.020000000000000073,1.0,2025-06-12T02:13:39.680151296Z
17162.2,94.4,91.8,1012.8,0.0,0.034,17.94,197.72,0.4800000000000001,8429.4,-107.4,-0.6,1.0,2025-06-12T02:23:39.699774208Z
17164.0,94.4,91.6,1012.8400000000001,0.0,0.034,17.82,143.48000000000002,0.44000000000000006,8431.2,-105.6,0.020000000000000108,1.0,2025-06-12T02:33:39.697970176Z
17165.8,94.2,92.2,1012.86,0.0,0.034,17.7,148.07999999999998,0.18000000000000002,8433.0,-106.0,-4.66,1.0,2025-06-12T02:43:39.662116864Z
17167.6,94.0,93.1,1012.8800000000001,0.0,0.034,17.6,175.07999999999998,0.24000000000000005,8434.8,-107.2,-1.32,1.0,2025-06-12T02:53:39.644670464Z
17169.4,93.6,92.9,1012.96,0.0,0.034,17.32,171.38,0.48,8436.6,-105.8,-4.32,1.0,2025-06-12T03:03:40.117806336Z
17171.2,93.4,93.8,1012.96,0.0,0.034,17.000000000000004,187.62000000000003,0.42000000000000004,8438.4,-105.0,-0.34,1.0,2025-06-12T03:13:39.617409024Z
17173.0,93.4,94.6,1013.0,0.0,0.034,16.880000000000003,140.95999999999998,0.26,8440.2,-106.2,-2.4799999999999995,1.0,2025-06-12T03:23:39.609110528Z
17174.8,93.4,95.3,1013.1,0.0,0.034,16.919999999999998,126.35999999999999,0.38,8442.0,-106.0,-0.31999999999999995,1.0,2025-06-12T03:33:39.597087232Z
17176.6,93.4,95.6,1013.1600000000001,0.0,0.034,16.9,165.82,0.5,8443.8,-105.8,-0.8,1.0,2025-06-12T03:43:39.588605184Z
17178.4,92.6,95.4,1013.22,0.0,0.034,16.880000000000003,133.68,0.32,8445.6,-105.2,-0.3,1.0,2025-06-12T03:53:39.585189888Z
16248.75,92.25,95.25,1013.25,0.0,0.0425,17.025,150.075,0.225,7989.0,-104.5,-1.2249999999999999,1.0,2025-06-12T04:03:01.923840256Z
17181.6,92.0,95.3,1013.32,0.0,0.034,17.28,174.45999999999998,0.3,8449.2,-107.0,-1.4,1.0,2025-06-12T04:13:39.559742720Z
16252.0,92.0,93.625,1013.3499999999999,0.0,0.0425,17.900000000000002,268.6,0.375,7992.75,-105.25,-0.8,1.0,2025-06-12T04:24:16.908588800Z
17184.8,92.0,92.8,1013.4799999999999,0.0,0.034,18.18,240.98000000000002,0.45999999999999996,8452.8,-105.2,-0.45999999999999996,1.0,2025-06-12T04:33:39.539660544Z
17186.6,92.0,91.5,1013.5600000000001,0.0,0.034,18.72,244.23999999999995,0.4,8454.6,-106.2,0.3,1.0,2025-06-12T04:43:39.524447488Z
16257.0,92.0,88.375,1013.5500000000001,0.0,0.0425,19.725,168.675,0.4,7997.75,-105.75,-0.34999999999999987,1.0,2025-06-12T04:53:01.880315136Z
17189.8,92.2,87.5,1013.7,0.0,0.034,19.919999999999998,127.75999999999999,0.64,8458.2,-107.0,-2.7399999999999998,1.0,2025-06-12T05:03:39.512589824Z
17191.6,92.6,86.2,1013.72,0.0,0.034,20.52,231.9,0.6799999999999999,8460.0,-104.2,-0.64,1.0,2025-06-12T05:13:39.545357824Z
17193.4,92.6,84.1,1013.8399999999999,0.0,0.034,21.2,308.06000000000006,0.6199999999999999,8461.8,-107.0,-2.9,1.0,2025-06-12T05:23:39.488286464Z
17195.2,92.6,81.2,1013.8799999999999,0.0,0.034,21.82,323.78000000000003,0.76,8463.6,-106.0,-0.41999999999999993,1.0,2025-06-12T05:33:39.475388416Z
17197.0,92.6,79.9,1013.8199999999999,0.0,0.034,22.36,268.98,0.62,8465.4,-107.0,-2.7,1.0,2025-06-12T05:43:39.468371968Z
17198.8,92.6,78.3,1013.82,0.0,0.034,22.9,224.9,0.6,8467.2,-103.4,-1.3399999999999999,1.0,2025-06-12T05:53:39.459525632Z
17200.6,93.4,76.5,1013.86,0.0,0.034,23.34,155.78,0.5800000000000001,8469.0,-104.6,-1.2,1.0,2025-06-12T06:03:39.460003328Z
17202.4,94.4,75.0,1013.9799999999999,0.0,0.034,23.740000000000002,160.44,0.76,8470.8,-107.0,-0.8,1.0,2025-06-12T06:13:39.484807168Z
17204.2,94.8,73.2,1014.0,0.0,0.034,24.28,200.07999999999998,0.64,8472.6,-106.6,-1.9600000000000002,1.0,2025-06-12T06:23:39.448780800Z
17206.0,94.8,71.9,1014.0,0.0,0.034,24.74,234.6,0.82,8474.4,-106.2,-0.9999999999999998,1.0,2025-06-12T06:33:39.501795840Z
17207.8,94.8,69.9,1013.9799999999999,0.0,0.034,25.3,229.2,0.9,8476.2,-104.4,-2.4,1.0,2025-06-12T06:43:39.409569280Z
16277.75,95.0,66.375,1013.825,0.0,0.0425,26.225,194.675,0.7000000000000001,8019.0,-106.25,-0.22500000000000003,1.0,2025-06-12T06:54:16.761074688Z
17211.0,96.0,64.3,1013.9399999999999,0.0,0.034,26.580000000000002,220.51999999999998,0.6599999999999999,8479.8,-107.0,-3.0,1.0,2025-06-12T07:03:39.398734080Z
16202.25,98.75,62.375,1014.025,0.0,0.035,26.925,189.225,0.44999999999999996,8026.25,-106.0,-2.075,1.0,2025-06-12T07:13:32.586630912Z
17214.2,99.6,57.1,1014.1200000000001,0.0,0.034,27.660000000000004,196.06,0.9800000000000001,8483.4,-104.0,-3.04,1.0,2025-06-12T07:23:39.420059136Z
17216.0,99.6,52.9,1014.1600000000001,0.0,0.034,28.0,160.84,0.6799999999999999,8485.2,-105.2,-2.3,1.0,2025-06-12T07:33:39.379392512Z
17217.8,99.6,52.1,1014.18,0.0,0.034,28.26,125.22,1.02,8487.0,-106.4,-1.2,1.0,2025-06-12T07:43:39.360060160Z
17219.6,99.6,49.9,1014.22,0.0,0.034,28.7,91.70000000000002,0.9,8488.8,-104.6,-1.1599999999999997,1.0,2025-06-12T07:53:39.351703040Z
17221.4,99.6,50.6,1014.28,0.0,0.034,28.74,109.34,1.0,8490.6,-106.8,-3.04,1.0,2025-06-12T08:03:39.344168192Z
17223.2,99.6,50.3,1014.28,0.0,0.034,29.1,165.44,0.82,8492.4,-106.4,-0.6799999999999999,1.0,2025-06-12T08:13:39.773750784Z
17225.0,100.0,50.1,1014.24,0.0,0.034,29.360000000000003,89.82000000000001,0.9400000000000001,8494.2,-107.0,-2.92,1.0,2025-06-12T08:23:39.376687104Z
17226.8,100.0,49.2,1014.3,0.0,0.034,29.5,108.35999999999999,0.9199999999999999,8496.0,-103.0,-3.5799999999999996,1.0,2025-06-12T08:33:39.322208768Z
17228.6,100.0,47.4,1014.36,0.0,0.034,29.72,102.02,0.7,8497.8,-107.6,-3.28,1.0,2025-06-12T08:43:39.309757952Z
17230.4,100.0,46.6,1014.3,0.0,0.034,30.02,155.72,0.78,8499.6,-106.0,-0.30000000000000004,1.0,2025-06-12T08:53:39.310890496Z
17232.2,100.0,46.5,1014.28,0.0,0.034,30.1,115.78,0.96,8501.4,-106.0,-2.16,1.0,2025-06-12T09:03:39.305357824Z
16301.5,100.0,44.875,1014.175,0.0,0.0425,30.174999999999997,77.25,0.975,8043.25,-105.5,-0.7999999999999998,1.0,2025-06-12T09:13:01.664954624Z
17235.4,100.0,43.6,1014.32,0.0,0.034,30.5,204.45999999999998,0.8200000000000001,8505.0,-106.0,-2.0,1.0,2025-06-12T09:23:39.299563008Z
17237.2,100.0,44.8,1014.26,0.0,0.034,30.54,173.66,1.2400000000000002,8506.8,-106.6,-0.15999999999999998,1.0,2025-06-12T09:33:39.324115200Z
17239.0,100.0,44.1,1014.26,0.0,0.034,30.76,193.64000000000001,0.86,8508.6,-106.0,-2.34,1.0,2025-06-12T09:43:39.928541696Z
17240.8,100.0,41.5,1014.26,0.0,0.034,31.079999999999995,165.74,1.38,8510.4,-102.6,-3.2,1.0,2025-06-12T09:53:39.279827712Z
17242.6,100.0,42.0,1014.1,0.0,0.034,30.939999999999998,150.38000000000002,1.24,8512.2,-106.4,-4.5,1.0,2025-06-12T10:03:39.292502272Z
16311.75,100.0,42.0,1013.95,0.0,0.0425,30.675,215.025,1.2750000000000001,8053.75,-105.5,-2.175,1.0,2025-06-12T10:13:01.628882944Z
17245.8,100.0,40.6,1013.9799999999999,0.0,0.022,31.360000000000003,113.08000000000001,1.18,8515.8,-107.4,-3.04,1.0,2025-06-12T10:23:39.260302848Z
16236.0,100.0,40.25,1013.8750000000001,0.0,0.0275,31.65,118.65,1.0750000000000002,8061.5,-106.0,-0.3500000000000001,1.0,2025-06-12T10:34:47.525441280Z
17249.0,100.0,40.1,1013.8,0.0,0.022,31.52,170.07999999999998,1.54,8519.4,-105.4,-2.2600000000000002,1.0,2025-06-12T10:43:39.241818112Z
17250.8,100.0,38.5,1013.78,0.0,0.022,31.8,148.84,1.4400000000000002,8521.2,-106.6,-0.9400000000000001,1.0,2025-06-12T10:53:39.240785408Z
17252.6,100.0,38.9,1013.74,0.0,0.022,31.98,94.74000000000001,0.9400000000000001,8523.0,-105.0,-3.72,1.0,2025-06-12T11:03:39.232853248Z
17254.4,100.0,38.9,1013.6,0.0,0.022,31.919999999999998,142.14000000000001,1.4,8524.8,-103.6,-2.7800000000000002,1.0,2025-06-12T11:13:39.230904320Z
17256.2,100.0,36.0,1013.64,0.0,0.022,32.16,167.56,0.6599999999999999,8526.6,-105.0,-1.58,1.0,2025-06-12T11:23:39.234000384Z
17258.0,100.0,38.6,1013.6,0.0,0.022,32.339999999999996,133.4,1.1800000000000002,8528.4,-105.6,-0.21999999999999992,1.0,2025-06-12T11:33:39.652258048Z
17259.8,100.0,37.4,1013.5,0.0,0.022,32.42,180.4,1.6800000000000002,8530.2,-107.6,-4.14,1.0,2025-06-12T11:43:39.259466496Z
17261.6,100.0,37.8,1013.4799999999999,0.0,0.022,32.3,130.7,2.3400000000000003,8532.0,-104.2,0.5,1.0,2025-06-12T11:53:39.208220160Z
17263.4,100.0,37.2,1013.4200000000001,0.0,0.022,32.36,172.84,1.2000000000000002,8533.8,-105.4,-1.04,1.0,2025-06-12T12:03:39.206782464Z
17265.2,100.0,37.8,1013.4200000000001,0.0,0.022,32.599999999999994,139.73999999999998,1.8,8535.6,-105.8,-0.039999999999999855,1.0,2025-06-12T12:13:39.198274560Z
16333.75,100.0,35.0,1013.175,0.0,0.0275,32.349999999999994,127.94999999999999,1.6,8076.75,-106.0,-2.2,1.0,2025-06-12T12:24:16.568929024Z
17268.4,100.0,35.7,1013.3199999999999,0.0,0.022,33.00000000000001,154.64000000000001,1.24,8539.2,-104.8,-0.31999999999999995,1.0,2025-06-12T12:33:39.202705408Z
17270.2,100.0,35.0,1013.22,0.0,0.022,33.0,108.13999999999999,0.9399999999999998,8541.0,-106.8,-3.1,1.0,2025-06-12T12:43:39.228655104Z
17272.0,100.0,35.5,1013.2,0.0,0.022,32.839999999999996,144.26,1.4,8542.8,-106.2,-0.040000000000000036,1.0,2025-06-12T12:53:39.176977920Z
17273.8,100.0,35.6,1013.1200000000001,0.0,0.022,33.260000000000005,112.72,1.22,8544.6,-106.4,-2.3600000000000003,1.0,2025-06-12T13:03:39.185436160Z
16342.25,100.0,35.25,1013.025,0.0,0.0275,32.825,170.675,1.175,8085.5,-105.0,-0.050000000000000044,1.0,2025-06-12T13:14:17.089005312Z
17277.0,100.0,36.9,1013.1600000000001,0.0,0.022,33.36,193.18,0.9800000000000001,8548.2,-105.8,-1.94,1.0,2025-06-12T13:23:39.176113920Z
17278.8,100.0,35.9,1013.0799999999999,0.0,0.022,33.419999999999995,143.78,1.2600000000000002,8550.0,-105.6,-0.5199999999999999,1.0,2025-06-12T13:33:39.172953344Z
17280.6,100.0,37.1,1013.0199999999999,0.0,0.022,33.260000000000005,131.35999999999999,1.64,8551.8,-105.2,-1.16,1.0,2025-06-12T13:43:39.155241728Z
16349.0,100.0,37.25,1012.85,0.0,0.0275,33.14999999999999,220.125,0.7250000000000001,8092.5,-105.75,0.75,1.0,2025-06-12T13:54:16.543217152Z
17283.8,100.0,38.5,1012.9199999999998,0.0,0.022,33.779999999999994,140.72,1.1,8555.4,-107.2,0.06000000000000001,1.0,2025-06-12T14:03:39.148821504Z
17285.6,100.0,39.7,1012.9799999999999,0.0,0.022,33.86,130.74,1.2799999999999998,8557.2,-106.6,-1.6,1.0,2025-06-12T14:13:39.140008192Z
17287.4,100.0,39.8,1012.9399999999999,0.0,0.022,33.660000000000004,115.44000000000001,1.7599999999999998,8559.0,-106.4,-0.44000000000000006,1.0,2025-06-12T14:23:39.146841088Z
17289.2,100.0,40.2,1012.9200000000001,0.0,0.022,33.42,185.02,1.4200000000000002,8560.8,-104.6,0.3799999999999999,1.0,2025-06-12T14:33:39.140800256Z
17291.0,100.0,40.0,1012.9399999999999,0.0,0.022,33.3,169.38000000000002,2.04,8562.6,-106.6,-3.4,1.0,2025-06-12T14:43:39.138644480Z
14591.666666666666,100.0,39.333333333333336,1012.8666666666667,0.0,0.03666666666666667,33.86666666666667,206.4,0.8333333333333334,7344.333333333333,-108.0,-0.5,1.0,2025-06-12T14:55:01.051966720Z
17293.8,100.0,41.2,1012.8799999999999,0.0,0.022,33.2,164.04000000000002,1.3399999999999999,8566.2,-106.8,-0.6599999999999999,1.0,2025-06-12T15:03:39.123248384Z
16361.75,100.0,42.875,1012.75,0.0,0.0275,32.525000000000006,155.025,1.2249999999999999,8106.5,-104.5,-0.07499999999999996,1.0,2025-06-12T15:14:16.504610304Z
17297.0,100.0,40.5,1012.8,0.0,0.022,32.88,171.92000000000002,1.48,8569.8,-104.2,-1.9799999999999998,1.0,2025-06-12T15:23:39.130449152Z
17298.8,100.0,40.8,1012.78,0.0,0.022,32.660000000000004,148.26000000000002,1.1800000000000002,8571.6,-106.4,0.4200000000000001,1.0,2025-06-12T15:33:39.124149760Z
17300.6,100.0,42.2,1012.82,0.0,0.022,32.559999999999995,165.38,1.7,8573.4,-107.4,-0.9400000000000001,1.0,2025-06-12T15:43:39.101813248Z
17302.4,100.0,41.7,1012.78,0.0,0.022,32.16,224.35999999999999,1.7600000000000002,8575.2,-105.2,-0.8,1.0,2025-06-12T15:53:39.120061952Z
17304.2,100.0,41.6,1012.6600000000001,0.0,0.022,32.08,152.96,1.36,8577.0,-105.4,-2.22,1.0,2025-06-12T16:03:39.140177408Z
17306.0,100.0,41.8,1012.7199999999999,0.0,0.022,31.839999999999996,149.54000000000002,1.44,8578.8,-105.8,-0.74,1.0,2025-06-12T16:13:39.087803904Z
17307.8,100.0,42.6,1012.78,0.0,0.022,31.580000000000002,202.04000000000002,1.5,8580.6,-106.4,-0.9800000000000001,1.0,2025-06-12T16:23:39.083713024Z
17309.6,100.0,43.3,1012.76,0.0,0.022,31.28,188.64,1.44,8582.4,-104.4,0.07999999999999989,1.0,2025-06-12T16:33:39.089184000Z
17311.4,100.0,43.8,1012.74,0.0,0.022,30.96,183.45999999999998,1.3800000000000001,8584.2,-107.2,-0.44000000000000006,1.0,2025-06-12T16:43:39.068289536Z
17313.2,100.0,43.5,1012.76,0.0,0.022,30.6,219.08,1.9,8586.0,-106.4,0.05999999999999992,1.0,2025-06-12T16:53:39.075945984Z
17315.0,100.0,44.5,1012.8,0.0,0.022,30.140000000000004,168.82,2.0200000000000005,8587.8,-106.6,-2.5,1.0,2025-06-12T17:03:39.094606848Z
17316.8,100.0,45.0,1012.86,0.0,0.022,29.74,158.94,1.7599999999999998,8589.6,-104.4,0.7200000000000001,1.0,2025-06-12T17:13:39.053374720Z
17318.6,100.0,45.4,1012.9399999999999,0.0,0.022,29.5,207.8,2.2399999999999993,8591.4,-105.0,-1.5799999999999996,1.0,2025-06-12T17:23:39.050212352Z
17320.4,100.0,46.5,1012.96,0.0,0.022,29.1,204.24,2.04,8593.2,-103.8,1.1400000000000001,1.0,2025-06-12T17:33:39.056348160Z
17322.2,100.0,46.8,1013.0800000000002,0.0,0.022,28.76,222.56000000000003,1.9,8595.0,-105.6,1.56,1.0,2025-06-12T17:43:39.038873600Z
17324.0,100.0,48.5,1013.1,0.0,0.022,28.4,191.46,1.7399999999999998,8596.8,-101.8,-3.9,1.0,2025-06-12T17:53:39.027650048Z
17325.8,100.0,48.2,1013.22,0.0,0.022,27.9,216.5,1.7,8598.6,-105.8,0.38000000000000006,1.0,2025-06-12T18:03:39.026512640Z
17327.6,100.0,48.8,1013.36,0.0,0.022,27.5,221.92,1.28,8600.4,-103.0,-1.94,1.0,2025-06-12T18:13:39.045080320Z
17329.4,100.0,49.2,1013.4,0.0,0.022,27.040000000000003,209.61999999999998,1.52,8602.2,-105.0,0.76,1.0,2025-06-12T18:23:39.003170048Z
17331.2,100.0,51.1,1013.5200000000001,0.0,0.022,26.5,200.7,1.1400000000000001,8604.0,-104.8,-0.78,1.0,2025-06-12T18:33:38.985485824Z
17333.0,100.0,53.1,1013.5799999999999,0.0,0.022,25.939999999999998,219.35999999999999,1.08,8605.8,-105.2,-1.5,1.0,2025-06-12T18:43:38.984120320Z
17334.8,100.0,53.9,1013.6200000000001,0.0,0.022,25.46,149.78,1.04,8607.6,-105.8,-0.040000000000000036,1.0,2025-06-12T18:53:38.964201472Z
16401.75,100.0,55.125,1013.5999999999999,0.0,0.0275,24.974999999999998,176.65,1.0999999999999999,8146.5,-106.5,-1.2499999999999998,1.0,2025-06-12T19:03:01.343339008Z
17338.0,100.0,56.6,1013.72,0.0,0.022,24.56,191.06,0.8800000000000001,8611.2,-105.4,0.68,1.0,2025-06-12T19:13:38.998067712Z
17339.8,100.0,57.6,1013.8399999999999,0.0,0.022,24.24,187.35999999999999,0.6799999999999999,8613.0,-104.8,-4.1,1.0,2025-06-12T19:23:38.926437888Z
16406.75,100.0,59.375,1013.9,0.0,0.0275,23.725,136.29999999999998,0.7,8152.0,-106.75,-2.1500000000000004,1.0,2025-06-12T19:34:16.336795904Z
17343.0,100.0,60.0,1014.14,0.0,0.022,23.439999999999998,106.26000000000002,0.45999999999999996,8616.6,-105.0,-0.96,1.0,2025-06-12T19:43:38.919866624Z
17344.8,100.0,61.8,1014.32,0.0,0.0,23.08,124.55999999999999,0.48,8618.4,-103.6,0.5599999999999999,1.0,2025-06-12T19:53:38.906214400Z
17346.6,100.0,63.9,1014.4200000000001,0.0,0.0,22.68,196.5,0.44000000000000006,8620.2,-106.2,-0.86,1.0,2025-06-12T20:03:39.325820160Z
17348.4,100.0,63.7,1014.4200000000001,0.0,0.0,22.56,204.2,0.72,8622.0,-106.4,-0.96,1.0,2025-06-12T20:13:38.888962816Z
17350.2,100.0,64.2,1014.46,0.0,0.0,22.5,185.8,0.58,8623.8,-106.4,-0.8800000000000001,1.0,2025-06-12T20:23:38.926829568Z
17352.0,100.0,65.8,1014.5199999999999,0.0,0.0,22.2,147.4,0.5199999999999999,8625.6,-103.4,0.18000000000000008,1.0,2025-06-12T20:33:38.861380864Z
16418.75,100.0,67.25,1014.5250000000001,0.0,0.0,21.875,125.625,0.5,8164.25,-106.25,-2.275,1.0,2025-06-12T20:44:16.253279232Z
17355.2,100.0,67.9,1014.5799999999999,0.0,0.0,21.72,154.66,0.44000000000000006,8629.2,-105.4,0.3,1.0,2025-06-12T20:53:38.846700800Z
17357.0,100.0,69.1,1014.6200000000001,0.0,0.0,21.54,140.52,0.33999999999999997,8631.0,-105.6,-0.05999999999999996,1.0,2025-06-12T21:03:38.853677824Z
17358.8,100.0,69.6,1014.64,0.0,0.0,21.380000000000003,180.44,0.42000000000000004,8632.8,-104.0,-0.5,1.0,2025-06-12T21:13:38.821664768Z
17360.6,100.0,69.9,1014.74,0.0,0.0,21.439999999999998,186.8,0.5599999999999999,8634.6,-105.2,-2.4200000000000004,1.0,2025-06-12T21:23:38.845149696Z
17362.4,100.0,71.1,1014.78,0.0,0.0,21.32,137.04000000000002,0.66,8636.4,-107.0,-0.24000000000000005,1.0,2025-06-12T21:33:38.817039104Z
17364.2,100.0,71.1,1014.86,0.0,0.0,21.139999999999997,162.71999999999997,0.32,8638.2,-105.2,-2.9,1.0,2025-06-12T21:43:38.804660736Z
17366.0,100.0,71.3,1014.9199999999998,0.0,0.0,21.1,147.44,0.36,8640.0,-102.0,-3.4,1.0,2025-06-12T21:53:38.785327616Z
17367.8,100.0,71.3,1014.96,0.0,0.0,21.200000000000003,215.71999999999997,0.52,8641.8,-105.8,0.36,1.0,2025-06-12T22:03:38.781149184Z
17369.6,100.0,71.9,1015.0,0.0,0.0,21.26,237.8,0.38,8643.6,-105.6,-0.44000000000000006,1.0,2025-06-12T22:13:38.752596736Z
17371.4,100.0,72.2,1014.96,0.0,0.0,21.2,224.56,0.52,8645.4,-106.6,-2.1,1.0,2025-06-12T22:23:38.740924160Z
17373.2,100.0,72.7,1014.8799999999999,0.0,0.0,21.06,170.72000000000003,0.39999999999999997,8647.2,-104.6,0.31999999999999995,1.0,2025-06-12T22:33:38.797779456Z
17375.0,99.8,72.8,1014.86,0.0,0.0,21.080000000000002,228.21999999999997,0.26,8649.0,-105.2,-0.1399999999999999,1.0,2025-06-12T22:43:38.746980096Z
17376.8,98.8,73.4,1014.78,0.0,0.0,20.96,209.61999999999998,0.33999999999999997,8650.8,-105.8,0.5,1.0,2025-06-12T22:53:38.732456448Z
17378.6,98.6,74.4,1014.8,0.0,0.004,20.720000000000002,175.35999999999999,0.36,8652.6,-106.6,-2.28,1.0,2025-06-12T23:03:38.727631360Z
17380.4,98.6,76.6,1014.8199999999999,0.0,0.004,20.46,205.44,0.45999999999999996,8654.4,-104.8,-1.04,1.0,2025-06-12T23:13:38.700685312Z
17382.2,98.6,76.5,1014.76,0.0,0.004,20.28,137.82,0.26,8656.2,-105.0,-2.3,1.0,2025-06-12T23:23:38.691042048Z
17384.0,98.6,76.2,1014.7,0.0,0.004,20.34,124.25999999999999,0.4,8658.0,-106.6,-0.96,1.0,2025-06-12T23:33:38.722206208Z
17385.8,98.2,77.3,1014.6800000000001,0.0,0.004,20.16,155.73999999999995,0.32,8659.8,-107.0,-1.26,1.0,2025-06-12T23:43:38.680801024Z
17387.6,97.6,77.9,1014.7,0.0,0.004,20.0,104.55999999999999,0.26,8661.6,-105.0,-0.17999999999999988,1.0,2025-06-12T23:53:38.672705536Z
17389.4,97.0,79.7,1014.6600000000001,0.0,0.004,19.740000000000002,159.6,0.34,8663.4,-105.8,-0.039999999999999966,1.0,2025-06-13T00:03:38.645262336Z
17391.2,97.0,79.1,1014.7,0.0,0.004,19.740000000000002,146.92000000000002,0.3,8665.2,-106.4,-0.11999999999999993,1.0,2025-06-13T00:13:38.679541760Z
17393.0,97.0,79.6,1014.7199999999999,0.0,0.004,19.8,156.16,0.33999999999999997,8667.0,-105.6,-0.76,1.0,2025-06-13T00:23:38.625697792Z
17394.8,97.0,80.6,1014.6800000000001,0.0,0.004,19.7,157.27999999999997,0.33999999999999997,8668.8,-103.2,-0.8400000000000001,1.0,2025-06-13T00:33:38.621083904Z
16380.5,96.75,81.25,1014.55,0.0,0.005,19.674999999999997,142.60000000000002,0.6499999999999999,8210.0,-107.25,0.07499999999999991,1.0,2025-06-13T00:43:31.824947968Z
17398.0,96.8,83.6,1014.6600000000001,0.0,0.004,19.279999999999998,133.94,0.38,8672.4,-106.4,0.05999999999999992,1.0,2025-06-13T00:53:38.596240128Z
17399.8,96.0,84.6,1014.68,0.0,0.004,19.18,149.61999999999998,0.48,8674.2,-106.8,-2.12,1.0,2025-06-13T01:03:38.605477120Z
17401.6,96.0,84.6,1014.6600000000001,0.0,0.004,19.1,152.82,0.4600000000000001,8676.0,-105.8,-0.2799999999999999,1.0,2025-06-13T01:13:38.997263872Z
17403.4,96.0,85.0,1014.6600000000001,0.0,0.004,19.04,124.5,0.42000000000000004,8677.8,-105.6,-2.5,1.0,2025-06-13T01:23:38.558530816Z
17405.2,96.0,85.2,1014.74,0.0,0.004,19.04,196.0,0.36,8679.6,-105.6,0.38,1.0,2025-06-13T01:33:38.567680768Z
16470.5,96.0,85.375,1014.725,0.0,0.005,18.85,121.525,0.42500000000000004,8216.75,-104.5,-1.4500000000000002,1.0,2025-06-13T01:44:16.042136064Z
17408.4,95.6,86.3,1014.6600000000001,0.0,0.004,18.82,258.84000000000003,0.36,8683.2,-105.2,-0.7,1.0,2025-06-13T01:53:38.551280128Z
17410.2,94.4,87.1,1014.76,0.0,0.004,18.619999999999997,284.90000000000003,0.3,8685.0,-106.0,-2.72,1.0,2025-06-13T02:03:38.528285184Z
17412.0,94.0,87.4,1014.78,0.0,0.004,18.54,309.08000000000004,0.52,8686.8,-105.4,-0.08000000000000003,1.0,2025-06-13T02:13:38.520759552Z
17413.8,94.0,87.1,1014.82,0.0,0.004,18.639999999999997,299.04,0.56,8688.6,-106.6,-0.5200000000000001,1.0,2025-06-13T02:23:38.500348672Z
17415.6,94.0,87.5,1014.8400000000001,0.0,0.004,18.520000000000003,236.88000000000002,0.5999999999999999,8690.4,-104.6,-0.5,1.0,2025-06-13T02:33:38.492740352Z
17417.4,94.0,87.7,1014.9,0.0,0.004,18.48,305.2,0.54,8692.2,-107.8,-1.6400000000000001,1.0,2025-06-13T02:43:38.480019712Z
17419.2,93.8,87.5,1015.0799999999999,0.0,0.008,18.4,201.7,0.38,8694.0,-105.6,0.18000000000000008,1.0,2025-06-13T02:53:38.533578240Z
17421.0,93.4,87.7,1015.14,0.0,0.008,18.32,315.12,0.64,8695.8,-102.8,-1.9,1.0,2025-06-13T03:03:38.470134016Z
17422.8,93.0,88.6,1015.18,0.0,0.008,18.1,325.04,0.5,8697.6,-103.4,-1.9600000000000002,1.0,2025-06-13T03:13:38.463467264Z
16487.75,93.0,88.875,1015.275,0.0,0.01,18.075,160.225,0.5,8234.0,-106.0,1.225,1.0,2025-06-13T03:23:00.884827648Z
17426.0,93.0,89.3,1015.3799999999999,0.0,0.008,17.94,278.32000000000005,0.7200000000000001,8701.2,-106.6,0.9199999999999999,1.0,2025-06-13T03:33:38.442917888Z
16410.75,93.0,90.75,1015.3249999999999,0.0,0.01,17.725,266.575,0.575,8241.5,-106.75,-2.45,1.0,2025-06-13T03:43:31.563755008Z
17429.2,93.0,90.7,1015.4200000000001,0.0,0.008,17.9,242.71999999999997,0.4,8704.8,-103.4,-1.34,1.0,2025-06-13T03:53:38.465450240Z
17431.0,92.6,90.0,1015.46,0.0,0.008,17.98,208.44,0.42000000000000004,8706.6,-104.4,-1.3,1.0,2025-06-13T04:03:38.413106688Z
17432.8,92.0,89.8,1015.5,0.0,0.008,18.22,187.07999999999998,0.42000000000000004,8708.4,-105.4,0.36,1.0,2025-06-13T04:13:38.395870464Z
17434.6,92.0,89.7,1015.5,0.0,0.008,18.580000000000002,143.36,0.52,8710.2,-106.6,-2.02,1.0,2025-06-13T04:23:38.395797760Z
16499.25,92.0,88.5,1015.55,0.0,0.01,19.174999999999997,142.2,0.8,8246.25,-105.0,-1.3499999999999999,1.0,2025-06-13T04:33:01.076745728Z
17437.8,92.0,87.8,1015.68,0.0,0.008,19.54,155.32,0.9,8713.8,-106.4,-2.46,1.0,2025-06-13T04:43:38.355883520Z
17439.6,92.0,86.7,1015.74,0.0,0.008,20.2,208.14000000000001,0.58,8715.6,-106.4,-2.7,1.0,2025-06-13T04:53:38.351741696Z
17441.4,92.0,84.3,1015.82,0.0,0.008,20.82,242.95999999999998,0.5800000000000001,8717.4,-107.4,-2.2,1.0,2025-06-13T05:03:38.381550848Z
17443.2,92.8,81.9,1015.96,0.0,0.008,21.580000000000002,277.14,0.62,8719.2,-104.6,-0.34,1.0,2025-06-13T05:13:38.340173824Z
17445.0,93.0,79.6,1016.0599999999998,0.0,0.008,22.36,144.66000000000003,0.42000000000000004,8721.0,-107.4,-2.94,1.0,2025-06-13T05:23:38.315576576Z
17446.8,93.0,77.1,1016.0800000000002,0.0,0.008,23.080000000000002,185.84000000000003,0.36000000000000004,8722.8,-106.4,-1.0,1.0,2025-06-13T05:33:38.326468608Z
16511.25,93.0,73.5,1016.025,0.0,0.01,24.099999999999998,256.625,0.375,8258.75,-106.0,-0.07499999999999996,1.0,2025-06-13T05:44:15.741416448Z
17450.0,93.0,72.1,1016.1600000000001,0.0,0.008,24.5,179.79999999999998,0.5199999999999999,8726.4,-104.4,-0.78,1.0,2025-06-13T05:53:38.279435776Z
17451.8,93.0,70.2,1016.3,0.0,0.008,25.0,196.45999999999998,0.74,8728.2,-106.2,-4.08,1.0,2025-06-13T06:03:38.323248896Z
16516.25,94.25,65.875,1016.25,0.0,0.01,25.875,177.075,0.625,8263.75,-104.25,-1.175,1.0,2025-06-13T06:13:00.737944064Z
17455.0,95.6,63.0,1016.4,0.0,0.008,26.380000000000003,227.4,0.38,8731.8,-107.0,-3.94,1.0,2025-06-13T06:23:38.284787200Z
17456.8,95.6,61.5,1016.4799999999999,0.0,0.008,26.919999999999998,296.16,0.74,8733.6,-104.8,-1.38,1.0,2025-06-13T06:33:38.265658624Z
17458.6,95.6,61.0,1016.68,0.0,0.008,27.1,239.13999999999996,0.6799999999999999,8735.4,-105.2,-2.86,1.0,2025-06-13T06:43:38.245539584Z
17460.4,95.6,59.2,1016.74,0.0,0.008,27.580000000000002,219.63999999999996,0.8,8737.2,-106.0,-1.6,1.0,2025-06-13T06:53:38.234031360Z
16524.75,95.5,57.75,1016.675,0.0,0.01,27.975,265.125,1.2,8272.75,-104.75,-2.7750000000000004,1.0,2025-06-13T07:04:15.676734976Z
17463.6,96.6,57.8,1016.8199999999999,0.0,0.008,27.96,197.22,0.62,8740.8,-105.6,-0.31999999999999995,1.0,2025-06-13T07:13:38.270220800Z
17465.4,100.0,55.6,1016.9,0.0,0.008,28.7,236.45999999999998,0.68,8742.6,-104.2,-1.4199999999999997,1.0,2025-06-13T07:23:38.216382464Z
17467.2,100.0,53.1,1016.9799999999999,0.0,0.008,29.040000000000003,171.09999999999997,0.6799999999999999,8744.4,-106.2,-1.7599999999999998,1.0,2025-06-13T07:33:38.202987776Z
17469.0,100.0,50.6,1017.0600000000001,0.0,0.008,29.52,218.44,0.78,8746.2,-105.8,-2.04,1.0,2025-06-13T07:43:38.195997952Z
16452.25,100.0,50.625,1016.975,0.0,0.01,29.575000000000003,285.9,0.7999999999999998,8285.5,-106.0,-1.4749999999999999,1.0,2025-06-13T07:54:46.325188352Z
17472.2,100.0,47.4,1017.04,0.0,0.008,29.78,191.0,0.6599999999999999,8749.8,-105.2,-4.1,1.0,2025-06-13T08:03:38.175505152Z
17474.0,100.0,42.0,1017.0200000000001,0.0,0.008,29.8,127.74000000000001,1.02,8751.6,-106.8,-1.2399999999999998,1.0,2025-06-13T08:13:38.231959808Z
17475.8,100.0,46.5,1017.0400000000002,0.0,0.008,30.0,165.21999999999997,0.64,8753.4,-106.0,-3.9,1.0,2025-06-13T08:23:38.203405824Z
17477.6,100.0,45.0,1017.1,0.0,0.008,30.28,84.88,1.08,8755.2,-101.8,-1.0799999999999996,1.0,2025-06-13T08:33:38.168356352Z
17479.4,100.0,45.7,1017.1200000000001,0.0,0.008,30.659999999999997,204.16000000000003,0.5599999999999999,8757.0,-105.0,-2.2199999999999998,1.0,2025-06-13T08:43:38.174207232Z
17481.2,100.0,45.5,1017.1200000000001,0.0,0.008,31.02,91.16,0.86,8758.8,-106.8,-0.8599999999999998,1.0,2025-06-13T08:53:38.598667776Z
17483.0,100.0,45.7,1017.24,0.0,0.008,31.18,154.51999999999998,0.8800000000000001,8760.6,-107.2,-3.6,1.0,2025-06-13T09:03:38.568143616Z
17484.8,100.0,45.3,1017.1600000000001,0.0,0.008,31.339999999999996,74.76,0.6599999999999999,8762.4,-104.4,-1.5799999999999996,1.0,2025-06-13T09:13:38.161949952Z
17486.6,100.0,43.1,1017.14,0.0,0.008,31.54,94.28000000000002,1.06,8764.2,-107.4,-2.94,1.0,2025-06-13T09:23:38.256750592Z
17488.4,100.0,41.2,1017.14,0.0,0.008,31.639999999999997,190.06,1.26,8766.0,-106.2,-1.3199999999999998,1.0,2025-06-13T09:33:38.124113664Z
17490.2,100.0,42.0,1017.14,0.0,0.008,31.919999999999998,72.56000000000002,1.2199999999999998,8767.8,-106.2,-1.24,1.0,2025-06-13T09:43:38.116003840Z
17492.0,100.0,41.0,1017.18,0.0,0.008,32.12,133.82,0.9400000000000001,8769.6,-103.4,-1.86,1.0,2025-06-13T09:53:38.119742976Z
17493.8,100.0,41.7,1017.24,0.0,0.008,32.4,131.2,0.96,8771.4,-105.0,-1.7,1.0,2025-06-13T10:03:38.109799936Z
17495.6,100.0,41.2,1017.2,0.0,0.008,32.8,143.34,0.9200000000000002,8773.2,-106.8,-1.1599999999999997,1.0,2025-06-13T10:13:38.112465152Z
17497.4,100.0,38.3,1017.24,0.0,0.008,33.04,185.76,0.9400000000000001,8775.0,-105.0,-4.92,1.0,2025-06-13T10:23:38.581083904Z
17499.2,100.0,40.6,1017.1600000000001,0.0,0.008,33.02,125.44000000000001,1.0,8776.8,-103.8,-1.1,1.0,2025-06-13T10:33:38.130508288Z
17501.0,100.0,40.0,1017.0599999999998,0.0,0.008,33.16,208.3,0.72,8778.6,-104.8,-1.1800000000000002,1.0,2025-06-13T10:43:38.095670784Z
17502.8,100.0,40.7,1016.9399999999999,0.0,0.008,33.059999999999995,109.58,1.24,8780.4,-105.2,0.36,1.0,2025-06-13T10:53:38.527593728Z
17504.6,100.0,39.5,1016.8799999999999,0.0,0.008,33.14,186.7,1.02,8782.2,-107.2,-2.2600000000000002,1.0,2025-06-13T11:03:38.097382144Z
17506.4,100.0,38.9,1016.8399999999999,0.0,0.008,33.120000000000005,119.46000000000001,1.12,8784.0,-104.0,-2.4000000000000004,1.0,2025-06-13T11:13:38.081912832Z
17508.2,100.0,40.3,1016.78,0.0,0.008,33.2,192.44,0.9199999999999999,8785.8,-106.6,-3.1,1.0,2025-06-13T11:23:38.080002816Z
17510.0,100.0,38.4,1016.7,0.0,0.008,33.54,167.5,1.04,8787.6,-107.6,-1.4,1.0,2025-06-13T11:33:38.145065472Z
17511.8,100.0,38.1,1016.6600000000001,0.0,0.008,33.519999999999996,127.04,1.3399999999999999,8789.4,-106.6,-1.9,1.0,2025-06-13T11:43:38.086792448Z
17513.6,100.0,38.5,1016.6,0.0,0.008,33.660000000000004,77.38,0.6,8791.2,-104.8,-0.8399999999999999,1.0,2025-06-13T11:53:38.071863808Z
16495.75,100.0,37.625,1016.45,0.0,0.01,34.15,99.05,0.6499999999999999,8329.25,-107.25,-6.125,1.0,2025-06-13T12:04:46.186820864Z
17516.8,100.0,38.2,1016.4799999999999,0.0,0.008,34.0,149.92000000000002,0.9400000000000001,8794.8,-106.0,0.1,1.0,2025-06-13T12:13:38.062792960Z
17518.6,100.0,38.4,1016.36,0.0,0.008,34.18,107.56000000000002,0.9200000000000002,8796.6,-107.4,-2.3600000000000003,1.0,2025-06-13T12:23:38.074312192Z
17520.4,100.0,38.0,1016.3,0.0,0.008,34.18,80.54,0.9199999999999999,8798.4,-104.2,-0.5799999999999998,1.0,2025-06-13T12:33:38.103613696Z
17522.2,100.0,37.3,1016.24,0.0,0.008,34.300000000000004,127.61999999999998,1.06,8800.2,-104.6,-2.1399999999999997,1.0,2025-06-13T12:43:38.055434752Z
17524.0,100.0,36.7,1016.1600000000001,0.0,0.008,34.34,200.34,1.0,8802.0,-105.8,-0.15999999999999998,1.0,2025-06-13T12:53:38.049363456Z
17525.8,100.0,37.2,1016.14,0.0,0.008,34.379999999999995,127.1,1.0799999999999998,8803.8,-106.6,-2.0599999999999996,1.0,2025-06-13T13:03:38.493547008Z
17527.6,100.0,37.1,1016.1199999999999,0.0,0.008,34.52,126.9,1.06,8805.6,-105.0,0.6199999999999999,1.0,2025-06-13T13:13:38.463764224Z
17529.4,100.0,37.7,1016.0799999999999,0.0,0.008,34.559999999999995,217.06,0.8800000000000001,8807.4,-104.8,-2.16,1.0,2025-06-13T13:23:38.476937984Z
17531.2,100.0,35.5,1016.0800000000002,0.0,0.008,34.64,48.6,0.7,8809.2,-105.0,0.9,1.0,2025-06-13T13:33:38.060621312Z
17533.0,100.0,36.3,1016.0200000000001,0.0,0.008,34.56,204.0,0.9800000000000001,8811.0,-107.0,-2.5799999999999996,1.0,2025-06-13T13:43:38.092158464Z
17534.8,100.0,39.2,1016.0200000000001,0.0,0.008,34.82,174.14000000000001,1.4600000000000002,8812.8,-102.6,-2.46,1.0,2025-06-13T13:53:38.022090496Z
17536.6,100.0,38.6,1016.0200000000001,0.0,0.008,34.660000000000004,172.64000000000001,1.48,8814.6,-106.0,-2.0,1.0,2025-06-13T14:03:38.040774400Z
17538.4,100.0,38.7,1015.9399999999999,0.0,0.008,34.54,144.64,1.1,8816.4,-106.4,-1.9599999999999997,1.0,2025-06-13T14:13:38.041266176Z
17540.2,100.0,37.8,1015.9,0.0,0.008,34.260000000000005,126.98000000000002,0.8800000000000001,8818.2,-106.6,-0.96,1.0,2025-06-13T14:23:38.026393856Z
17542.0,100.0,38.1,1016.04,0.0,0.008,34.38,68.08000000000001,1.64,8820.0,-104.6,-1.7399999999999998,1.0,2025-06-13T14:33:38.015439360Z
17543.8,100.0,40.1,1015.9200000000001,0.0,0.008,34.260000000000005,132.56,1.32,8821.8,-106.6,-0.45999999999999996,1.0,2025-06-13T14:43:38.064935424Z
17545.6,100.0,39.7,1015.8799999999999,0.0,0.008,33.88,170.6,2.2399999999999998,8823.6,-105.8,-0.6599999999999998,1.0,2025-06-13T14:53:38.009283328Z
17547.4,100.0,39.9,1015.86,0.0,0.008,33.7,126.88,2.04,8825.4,-104.6,-0.2400000000000002,1.0,2025-06-13T15:03:38.001218048Z
17549.2,100.0,39.9,1015.8,0.0,0.008,33.660000000000004,141.22,1.7399999999999998,8827.2,-104.0,-0.8600000000000003,1.0,2025-06-13T15:13:38.008550656Z
17551.0,100.0,39.9,1015.74,0.0,0.008,33.32000000000001,89.94,1.52,8829.0,-106.6,-1.98,1.0,2025-06-13T15:23:37.987734784Z
16612.75,100.0,39.875,1015.6,0.0,0.01,32.85,155.725,2.3249999999999997,8361.75,-105.75,-1.7,1.0,2025-06-13T15:33:00.478585856Z
17554.2,100.0,41.1,1015.64,0.0,0.008,33.0,118.96000000000001,1.8599999999999999,8832.6,-103.8,-7.519999999999999,1.0,2025-06-13T15:43:37.978066688Z
17556.0,100.0,41.9,1015.54,0.0,0.008,32.8,137.22,1.7600000000000002,8834.4,-105.2,-1.8800000000000003,1.0,2025-06-13T15:53:38.031564800Z
17557.8,100.0,40.8,1015.4799999999999,0.0,0.008,32.760000000000005,128.52,1.4400000000000002,8836.2,-105.4,-3.78,1.0,2025-06-13T16:03:37.975464448Z
17559.6,100.0,42.0,1015.4799999999999,0.0,0.008,32.56,166.85999999999999,1.3599999999999999,8838.0,-106.2,0.33999999999999986,1.0,2025-06-13T16:13:37.951469824Z
16621.25,100.0,42.875,1015.3499999999999,0.0,0.01,32.025,136.4,1.7750000000000001,8370.75,-105.75,-0.4000000000000001,1.0,2025-06-13T16:24:15.433945856Z
17562.8,100.0,42.1,1015.4399999999999,0.0,0.008,32.02,124.2,1.28,8841.6,-103.8,-1.5,1.0,2025-06-13T16:33:37.960095744Z
16543.5,100.0,42.5,1015.5,0.0,0.01,31.825000000000003,113.125,1.2,8378.0,-108.25,-2.325,1.0,2025-06-13T16:43:31.615060992Z
17566.0,100.0,60.4,2123.06,51.0,131.078,24.94,125.88,1311.96,8845.2,-105.4,0.08000000000000007,1.0,2025-06-13T16:53:38.374614016Z
17567.8,100.0,44.1,1015.5199999999999,0.0,0.008,31.120000000000005,156.86,0.9200000000000002,8847.0,-105.8,-0.96,1.0,2025-06-13T17:03:38.380583936Z
17569.6,100.0,44.6,1015.5799999999999,0.0,0.008,30.78,159.06,1.3400000000000003,8848.8,-103.0,0.44000000000000006,1.0,2025-06-13T17:13:37.929916160Z
16631.0,100.0,46.5,1015.525,0.0,0.01,30.275,179.77499999999998,1.3,8381.0,-105.25,-1.575,1.0,2025-06-13T17:23:00.395880192Z
17572.8,100.0,46.6,1015.74,0.0,0.008,30.080000000000002,151.04,0.9800000000000001,8852.4,-105.4,-0.72,1.0,2025-06-13T17:33:37.910795520Z
17574.6,100.0,47.0,1015.64,0.0,0.008,29.74,208.58,1.06,8854.2,-107.0,-2.38,1.0,2025-06-13T17:43:37.903678464Z
17576.4,100.0,48.3,1015.6600000000001,0.0,0.008,29.4,175.84,1.0399999999999998,8856.0,-103.6,0.08000000000000007,1.0,2025-06-13T17:53:38.332956928Z
17578.2,100.0,49.5,1015.6200000000001,0.0,0.008,29.0,197.85999999999999,0.86,8857.8,-104.2,-1.7,1.0,2025-06-13T18:03:37.960526336Z
16639.5,100.0,52.25,1015.575,0.0,0.01,28.225,174.6,0.875,8390.0,-105.75,0.55,1.0,2025-06-13T18:14:15.360206080Z
17581.4,100.0,52.8,1015.68,0.0,0.008,27.880000000000003,198.54000000000002,0.8,8861.4,-104.6,-3.0200000000000005,1.0,2025-06-13T18:23:37.866388736Z
17583.2,100.0,55.0,1015.8,0.0,0.008,27.419999999999998,194.06,0.5799999999999998,8863.2,-103.8,-0.2,1.0,2025-06-13T18:33:37.874856448Z
17585.0,100.0,57.4,1015.8399999999999,0.0,0.008,26.8,182.84,0.66,8865.0,-104.2,-1.52,1.0,2025-06-13T18:43:37.863117312Z
17586.8,100.0,59.1,1016.0,0.0,0.008,26.24,174.85999999999999,0.56,8866.8,-106.0,0.1200000000000001,1.0,2025-06-13T18:53:38.305187072Z
17588.6,100.0,73.9,2123.52,51.0,131.078,20.619999999999997,124.32000000000001,1311.1,8868.6,-106.4,-0.24000000000000005,1.0,2025-06-13T19:03:38.271935744Z
17590.4,100.0,62.0,1016.18,0.0,0.008,25.44,200.28000000000003,0.56,8870.4,-104.4,0.6,1.0,2025-06-13T19:13:37.815000576Z
17592.2,100.0,63.9,1016.3,0.0,0.008,24.98,125.44000000000001,0.56,8872.2,-103.4,-0.040000000000000036,1.0,2025-06-13T19:23:37.821639168Z
17594.0,100.0,66.2,1016.36,0.0,0.008,24.46,145.14000000000001,0.5799999999999998,8874.0,-105.4,-0.16,1.0,2025-06-13T19:33:37.807802368Z
17595.8,100.0,67.9,1016.4800000000001,0.0,0.008,24.080000000000005,135.8,0.4600000000000001,8875.8,-106.6,-2.9,1.0,2025-06-13T19:43:37.786596864Z
17597.6,100.0,69.5,1016.68,0.0,0.0,23.7,119.4,0.58,8877.6,-103.6,-0.019999999999999928,1.0,2025-06-13T19:53:37.786665984Z
17599.4,100.0,70.5,1016.7400000000001,0.0,0.0,23.42,124.08,0.42000000000000004,8879.4,-106.2,-3.2399999999999998,1.0,2025-06-13T20:03:37.767817216Z
17601.2,100.0,72.0,1016.8399999999999,0.0,0.0,23.1,221.62000000000003,0.36,8881.2,-105.6,-1.06,1.0,2025-06-13T20:13:37.797414144Z
17603.0,100.0,73.1,1016.8799999999999,0.0,0.0,22.9,141.38,0.38,8883.0,-106.0,-1.2399999999999998,1.0,2025-06-13T20:23:37.769566208Z
17604.8,100.0,73.9,1016.9200000000001,0.0,0.0,22.68,142.00000000000003,0.38,8884.8,-103.8,0.54,1.0,2025-06-13T20:33:38.167641600Z
17606.6,100.0,74.3,1016.9399999999999,0.0,0.0,22.540000000000003,178.06,0.24,8886.6,-106.0,-2.2600000000000002,1.0,2025-06-13T20:43:37.740563968Z
17608.4,100.0,74.1,1016.9200000000001,0.0,0.0,22.48,131.51999999999998,0.42000000000000004,8888.4,-105.6,-1.04,1.0,2025-06-13T20:53:37.717218048Z
17610.2,100.0,75.0,1016.9,0.0,0.0,22.28,189.88,0.48,8890.2,-106.2,-0.1,1.0,2025-06-13T21:03:37.707269376Z
17612.0,100.0,74.9,1016.9400000000002,0.0,0.0,22.299999999999997,211.11999999999998,0.52,8892.0,-104.2,-0.1,1.0,2025-06-13T21:13:37.737722112Z
16672.5,100.0,75.625,1016.925,0.0,0.0,22.125,211.17499999999998,0.44999999999999996,8423.0,-104.75,-0.8,1.0,2025-06-13T21:23:00.743596544Z
17615.2,100.0,77.1,1017.04,0.0,0.0,21.96,217.0,0.5599999999999999,8895.6,-106.8,-0.5200000000000001,1.0,2025-06-13T21:33:37.695023616Z
17617.0,100.0,77.3,1016.9400000000002,0.0,0.0,21.78,202.84,0.74,8897.4,-105.4,-2.0200000000000005,1.0,2025-06-13T21:43:37.676635136Z
17618.8,100.0,76.3,1016.9800000000001,0.0,0.0,21.959999999999997,202.34,0.9,8899.2,-102.8,-1.9,1.0,2025-06-13T21:53:38.097057024Z
17620.6,100.0,76.9,1016.8799999999999,0.0,0.0,21.839999999999996,166.3,0.6799999999999999,8901.0,-104.0,-0.9200000000000002,1.0,2025-06-13T22:03:37.652667136Z
17622.4,100.0,77.4,1016.8399999999999,0.0,0.0,21.72,200.3,0.68,8902.8,-105.8,-0.14000000000000004,1.0,2025-06-13T22:13:37.634192128Z
17624.2,100.0,77.9,1016.72,0.0,0.0,21.6,189.22,0.42000000000000004,8904.6,-105.4,-3.5200000000000005,1.0,2025-06-13T22:23:37.688872704Z
17626.0,99.8,77.9,1016.6,0.0,0.004,21.52,189.60000000000002,0.38,8906.4,-103.6,-1.98,1.0,2025-06-13T22:33:37.627107328Z
17627.8,99.8,78.0,1016.5599999999998,0.0,0.004,21.46,177.76,0.36,8908.2,-103.6,-0.9199999999999999,1.0,2025-06-13T22:43:37.607092992Z
17629.6,99.8,79.2,1016.5,0.0,0.004,21.22,210.8,0.44000000000000006,8910.0,-105.4,-0.44000000000000006,1.0,2025-06-13T22:53:37.596045568Z
16689.75,98.5,81.5,1016.4,0.0,0.005,20.6,181.54999999999998,0.4,8440.75,-103.5,-0.25,1.0,2025-06-13T23:04:15.115558656Z
16609.5,98.75,82.0,1016.45,0.0,0.005,20.475,163.25,0.375,8446.5,-105.5,-0.875,1.0,2025-06-13T23:14:45.668826368Z
17634.2,98.6,83.1,1016.4800000000001,0.0,0.004,20.18,210.71999999999997,0.4,8915.4,-105.6,-2.94,1.0,2025-06-13T23:23:37.619810304Z
17636.0,98.2,83.9,1016.5200000000001,0.0,0.004,19.96,151.42000000000002,0.24000000000000005,8917.2,-105.2,-0.30000000000000016,1.0,2025-06-13T23:33:37.556682240Z
16696.0,98.0,85.125,1016.575,0.0,0.005,19.725,140.375,0.30000000000000004,8447.75,-103.75,0.35000000000000003,1.0,2025-06-13T23:44:15.043955200Z
16615.75,98.25,85.125,1016.575,0.0,0.005,19.674999999999997,186.7,0.375,8453.25,-105.25,-0.75,1.0,2025-06-13T23:53:30.633844480Z
17640.6,97.6,86.3,1016.64,0.0,0.004,19.46,110.37999999999997,0.32,8922.6,-106.4,-2.5,1.0,2025-06-14T00:03:37.534820864Z
17642.4,97.0,87.2,1016.6800000000001,0.0,0.004,19.339999999999996,173.02,0.36,8924.4,-104.8,-0.29999999999999993,1.0,2025-06-14T00:13:37.518727936Z
17644.2,97.0,86.5,1016.76,0.0,0.004,19.24,218.24,0.58,8926.2,-105.4,-0.29999999999999993,1.0,2025-06-14T00:23:37.506227456Z
17646.0,96.8,87.2,1016.6800000000001,0.0,0.004,19.22,211.74,0.48,8928.0,-102.8,-0.45999999999999996,1.0,2025-06-14T00:33:37.560142336Z
17647.8,96.8,86.7,1016.64,0.0,0.004,19.3,204.71999999999997,0.38,8929.8,-102.8,4.4408920985006264e-17,1.0,2025-06-14T00:43:37.475649792Z
17649.6,96.8,86.5,1016.7,0.0,0.004,19.24,208.8,0.30000000000000004,8931.6,-106.2,-0.19999999999999996,1.0,2025-06-14T00:53:37.473571584Z
17651.4,96.6,87.5,1016.72,0.0,0.004,19.080000000000002,186.12,0.44000000000000006,8933.4,-105.4,-0.15999999999999998,1.0,2025-06-14T01:03:37.467698688Z
17653.2,95.6,88.1,1016.72,0.0,0.004,18.919999999999998,224.24,0.28,8935.2,-102.4,-1.3399999999999999,1.0,2025-06-14T01:13:37.448936192Z
17655.0,95.6,88.7,1016.7,0.0,0.004,18.759999999999998,187.0,0.39999999999999997,8937.0,-106.6,-2.5,1.0,2025-06-14T01:23:37.440487168Z
17656.8,95.6,89.6,1016.6800000000001,0.0,0.004,18.48,295.88,0.28,8938.8,-106.2,-0.31999999999999995,1.0,2025-06-14T01:33:37.480779520Z
16634.75,95.25,90.375,1016.625,0.0,0.005,18.0,170.70000000000002,0.2,8472.75,-107.0,-1.15,1.0,2025-06-14T01:44:45.510074624Z
17660.0,95.2,91.2,1016.6800000000001,0.0,0.004,18.139999999999997,270.42,0.4,8942.4,-104.4,0.14000000000000004,1.0,2025-06-14T01:53:37.410288640Z
17661.8,94.8,91.2,1016.8,0.0,0.004,17.9,249.14000000000001,0.31999999999999995,8944.2,-105.2,-0.4,1.0,2025-06-14T02:03:37.844725248Z
17663.6,94.2,91.9,1016.86,0.0,0.004,17.64,192.44,0.27999999999999997,8946.0,-105.8,-0.2800000000000001,1.0,2025-06-14T02:13:37.392498688Z
17665.4,94.0,92.9,1016.8399999999999,0.0,0.004,17.6,170.72,0.30000000000000004,8947.8,-106.4,0.39999999999999997,1.0,2025-06-14T02:23:37.379400192Z
17667.2,94.0,93.1,1016.82,0.0,0.004,17.58,224.51999999999998,0.34,8949.6,-104.8,0.6599999999999999,1.0,2025-06-14T02:33:37.367262720Z
17669.0,94.0,93.2,1016.7800000000001,0.0,0.004,17.639999999999997,240.1,0.26,8951.4,-105.0,-3.46,1.0,2025-06-14T02:43:37.405398784Z
17670.8,93.8,93.1,1016.9800000000001,0.0,0.004,17.659999999999997,294.46,0.6199999999999999,8953.2,-105.6,0.34,1.0,2025-06-14T02:53:37.402310656Z
17672.6,93.8,93.3,1017.0200000000001,0.0,0.004,17.36,208.24,0.48,8955.0,-106.2,-0.11999999999999993,1.0,2025-06-14T03:03:37.333680640Z
17674.4,93.2,94.0,1017.0799999999999,0.0,0.004,17.22,254.8,0.24000000000000005,8956.8,-104.4,0.20000000000000004,1.0,2025-06-14T03:13:37.343291392Z
17676.2,93.0,94.2,1017.14,0.0,0.004,17.14,159.32,0.38,8958.6,-106.6,-1.72,1.0,2025-06-14T03:23:37.334155264Z
17678.0,93.0,94.8,1017.18,0.0,0.004,17.02,237.46000000000004,0.26,8960.4,-106.8,-0.39999999999999997,1.0,2025-06-14T03:33:37.307302912Z
17679.8,93.0,95.5,1017.28,0.0,0.004,17.18,261.2,0.4800000000000001,8962.2,-105.4,-0.76,1.0,2025-06-14T03:43:37.340604416Z
17681.6,92.8,94.9,1017.26,0.0,0.004,17.240000000000002,228.76,0.4,8964.0,-104.6,0.4,1.0,2025-06-14T03:53:37.293035008Z
17683.4,92.8,94.3,1017.3,0.0,0.004,17.34,240.1,0.52,8965.8,-105.8,-2.3,1.0,2025-06-14T04:03:37.283071488Z
17685.2,92.2,94.0,1017.32,0.0,0.004,17.580000000000002,210.68,0.4,8967.6,-105.2,-0.36,1.0,2025-06-14T04:13:37.271427072Z
17687.0,92.0,93.7,1017.32,0.0,0.004,18.1,239.78000000000003,0.5,8969.4,-105.2,-1.5799999999999998,1.0,2025-06-14T04:23:37.266114816Z
17688.8,92.0,92.4,1017.32,0.0,0.004,18.64,236.61999999999998,0.36,8971.2,-104.2,0.21999999999999997,1.0,2025-06-14T04:33:37.245336832Z
17690.6,92.0,91.0,1017.36,0.0,0.004,19.16,141.1,0.52,8973.0,-106.2,-1.3199999999999998,1.0,2025-06-14T04:43:37.235499264Z
17692.4,92.0,90.2,1017.3399999999999,0.0,0.004,19.68,133.88,0.5,8974.8,-105.4,0.44000000000000006,1.0,2025-06-14T04:53:37.280031232Z
17694.2,92.0,88.1,1017.3,0.0,0.004,20.32,235.48000000000002,0.44000000000000006,8976.6,-106.4,-1.46,1.0,2025-06-14T05:03:37.220428288Z
17696.0,92.4,85.0,1017.24,0.0,0.004,21.1,251.06000000000003,0.52,8978.4,-104.0,-1.1,1.0,2025-06-14T05:13:37.214240256Z
17697.8,92.8,81.5,1017.22,0.0,0.004,21.839999999999996,269.58000000000004,0.42000000000000004,8980.2,-105.2,0.09999999999999995,1.0,2025-06-14T05:23:37.197617664Z
17699.6,92.8,79.1,1017.1600000000001,0.0,0.004,22.66,135.83999999999997,0.48,8982.0,-106.2,-1.26,1.0,2025-06-14T05:33:37.189671424Z
17701.4,92.8,76.4,1017.1,0.0,0.004,23.36,193.87999999999997,0.6200000000000001,8983.8,-105.4,-1.3599999999999999,1.0,2025-06-14T05:43:37.178302976Z
17703.2,92.8,73.2,1017.0800000000002,0.0,0.004,24.1,172.06,0.36,8985.6,-104.0,-0.6200000000000001,1.0,2025-06-14T05:53:37.218161920Z
16680.0,93.5,73.375,1017.025,0.0,0.005,24.125,201.8,0.47500000000000003,8518.0,-106.0,-1.8499999999999999,1.0,2025-06-14T06:03:30.246932992Z
17706.4,93.8,70.5,1017.1,0.0,0.004,24.82,191.42000000000002,0.7,8989.2,-107.0,-1.3,1.0,2025-06-14T06:13:37.166898944Z
17708.2,95.0,80.9,2124.3399999999997,51.0,131.074,20.18,143.66,1311.1599999999999,8991.0,-105.6,-3.1799999999999997,1.0,2025-06-14T06:23:37.965135360Z
17710.0,95.0,67.8,1017.04,0.0,0.004,25.880000000000003,200.07999999999998,0.8,8992.8,-102.6,-3.2399999999999998,1.0,2025-06-14T06:33:37.580674304Z
16767.75,95.0,60.75,1017.0,0.0,0.005,27.125,142.375,0.6749999999999999,8521.25,-105.5,-1.6749999999999998,1.0,2025-06-14T06:44:14.662238464Z
17713.2,95.0,59.9,1017.0200000000001,0.0,0.004,27.2,188.84,0.5,8996.4,-105.8,-0.74,1.0,2025-06-14T06:53:37.111014912Z
16771.0,96.25,59.125,1016.825,0.0,0.005,27.75,192.3,0.9,8524.5,-107.5,-4.0,1.0,2025-06-14T07:02:59.713998080Z
17716.4,97.0,59.6,1016.8399999999999,0.0,0.004,27.419999999999998,181.2,0.9999999999999998,9000.0,-104.0,-0.76,1.0,2025-06-14T07:13:37.092818176Z
17718.2,98.8,57.9,1016.86,0.0,0.004,27.9,154.42000000000002,1.04,9001.8,-103.8,-2.6399999999999997,1.0,2025-06-14T07:23:37.103604992Z
17720.0,99.6,54.7,1016.86,0.0,0.004,28.380000000000003,190.52,0.6399999999999999,9003.6,-105.0,-0.9199999999999999,1.0,2025-06-14T07:33:37.082755584Z
17721.8,99.6,51.6,1016.8800000000001,0.0,0.004,29.2,185.08,0.5,9005.4,-105.8,-0.7,1.0,2025-06-14T07:43:37.063588864Z
17723.6,99.6,48.5,1016.76,0.0,0.004,29.98,149.71999999999997,0.42000000000000004,9007.2,-103.2,-1.8,1.0,2025-06-14T07:53:37.066642432Z
16781.25,99.5,47.625,1016.5999999999999,0.0,0.005,30.175,152.475,0.6499999999999999,8535.0,-104.25,-2.25,1.0,2025-06-14T08:02:59.606847744Z
17726.8,99.6,47.3,1016.6600000000001,0.0,0.004,30.46,205.03999999999996,0.6,9010.8,-105.8,-1.4,1.0,2025-06-14T08:13:37.048007936Z
17728.6,99.8,47.1,1016.6400000000001,0.0,0.004,30.679999999999996,126.67999999999999,0.68,9012.6,-106.2,-0.5199999999999999,1.0,2025-06-14T08:23:37.039136768Z
17730.4,100.0,45.1,1016.6,0.0,0.004,31.0,226.51999999999998,0.38,9014.4,-103.6,-1.1,1.0,2025-06-14T08:33:37.037424896Z
17732.2,100.0,44.5,1016.6400000000001,0.0,0.004,31.359999999999996,166.8,0.42000000000000004,9016.2,-106.6,-3.12,1.0,2025-06-14T08:43:37.029517312Z
17734.0,100.0,44.2,1016.5799999999999,0.0,0.004,31.52,207.51999999999998,0.74,9018.0,-106.2,-0.11999999999999993,1.0,2025-06-14T08:53:37.027171072Z
16791.5,100.0,43.125,1016.5,0.0,0.005,31.9,165.325,0.575,8545.75,-104.0,-2.425,1.0,2025-06-14T09:04:14.576743680Z
17737.2,100.0,42.5,1016.5600000000001,0.0,0.004,31.68,200.01999999999998,0.7,9021.6,-103.8,-1.4600000000000004,1.0,2025-06-14T09:13:37.053841152Z
17739.0,100.0,42.6,1016.5200000000001,0.0,0.004,31.78,219.64000000000001,0.9800000000000001,9023.4,-105.8,0.8400000000000001,1.0,2025-06-14T09:23:37.015035136Z
17740.8,100.0,40.7,1016.5200000000001,0.0,0.004,32.28,219.18,0.8400000000000001,9025.2,-105.4,-0.019999999999999928,1.0,2025-06-14T09:33:37.005631232Z
16798.25,100.0,38.75,1016.3,0.0,0.005,33.05,198.6,0.725,8552.75,-105.0,-2.5,1.0,2025-06-14T09:44:14.555414784Z
17744.0,100.0,37.7,1016.36,0.0,0.004,33.279999999999994,127.5,0.48,9028.8,-103.8,-1.4,1.0,2025-06-14T09:53:36.996896512Z
17745.8,100.0,37.2,1016.2199999999999,0.0,0.004,33.52,138.18,0.5599999999999999,9030.6,-103.4,-1.04,1.0,2025-06-14T10:03:36.983780096Z
17747.6,100.0,35.0,1016.1200000000001,0.0,0.004,33.92,104.4,0.56,9032.4,-105.2,0.68,1.0,2025-06-14T10:13:37.030283008Z
17749.4,100.0,37.9,1016.0799999999999,0.0,0.004,33.940000000000005,197.5,0.7600000000000001,9034.2,-107.0,-5.26,1.0,2025-06-14T10:23:36.996491264Z
17751.2,100.0,36.4,1016.0600000000001,0.0,0.004,34.14,230.18,0.5599999999999999,9036.0,-103.0,-2.7800000000000002,1.0,2025-06-14T10:33:36.988514560Z
17753.0,100.0,36.6,1015.9399999999999,0.0,0.004,34.48,150.8,0.48,9037.8,-105.0,-4.040000000000001,1.0,2025-06-14T10:43:36.985071872Z
17754.8,100.0,35.4,1015.8199999999999,0.0,0.004,34.64,219.54000000000002,1.32,9039.6,-107.6,-2.2,1.0,2025-06-14T10:53:36.982519040Z
17756.6,100.0,35.7,1015.7,0.0,0.004,34.28,103.75999999999999,0.96,9041.4,-107.0,-2.3200000000000003,1.0,2025-06-14T11:03:36.981089792Z
16731.5,100.0,35.375,1015.6,0.0,0.005,34.300000000000004,139.825,1.2,8572.25,-105.0,-0.42500000000000004,1.0,2025-06-14T11:13:30.036882432Z
17759.8,100.0,35.2,1015.5,0.0,0.004,34.82000000000001,190.33999999999997,1.0399999999999998,9045.0,-105.4,-4.16,1.0,2025-06-14T11:23:37.031690752Z
17761.6,100.0,35.8,1015.4400000000002,0.0,0.004,34.94,143.16,0.6199999999999999,9046.8,-106.2,-0.96,1.0,2025-06-14T11:33:36.981810432Z
17763.4,100.0,35.2,1015.3399999999999,0.0,0.004,34.9,138.74,0.78,9048.6,-106.8,-4.54,1.0,2025-06-14T11:43:37.393580544Z
16820.25,100.0,35.0,1015.175,0.0,0.005,35.275000000000006,251.05,1.25,8575.5,-105.75,-1.3749999999999998,1.0,2025-06-14T11:54:14.560800512Z
17766.6,100.0,35.9,1015.24,0.0,0.004,35.3,225.16,0.8400000000000001,9052.2,-106.0,0.020000000000000108,1.0,2025-06-14T12:03:36.968037888Z
17768.4,100.0,34.3,1015.14,0.0,0.004,35.8,200.61999999999998,0.72,9054.0,-105.8,-2.8,1.0,2025-06-14T12:13:36.956212992Z
16825.25,100.0,34.625,1014.9,0.0,0.005,35.625,244.49999999999997,1.1500000000000001,8580.75,-104.5,-6.825,1.0,2025-06-14T12:24:15.097538304Z
17771.6,100.0,34.7,1014.9,0.0,0.004,35.599999999999994,295.54,1.1,9057.6,-104.4,-1.04,1.0,2025-06-14T12:33:36.972595200Z
17773.4,100.0,35.7,1014.82,0.0,0.004,35.88,209.68,1.3800000000000001,9059.4,-105.6,-1.4200000000000002,1.0,2025-06-14T12:43:36.962720768Z
17775.2,100.0,33.8,1014.7199999999999,0.0,0.004,35.96,169.34,1.12,9061.2,-105.8,0.9,1.0,2025-06-14T12:53:36.963757312Z
17777.0,100.0,37.7,1014.6200000000001,0.0,0.004,35.540000000000006,242.2,1.2,9063.0,-106.6,-0.76,1.0,2025-06-14T13:03:36.951271168Z
17778.8,100.0,35.1,1014.4399999999999,0.0,0.004,35.760000000000005,240.37999999999997,1.36,9064.8,-105.0,1.0,1.0,2025-06-14T13:13:36.948611584Z
17780.6,100.0,34.8,1014.36,0.0,0.004,36.08,262.7,1.3800000000000001,9066.6,-105.4,-1.4400000000000002,1.0,2025-06-14T13:23:36.958977536Z
17782.4,100.0,34.6,1014.18,0.0,0.004,36.46,85.86,0.9400000000000001,9068.4,-105.6,0.2,1.0,2025-06-14T13:33:36.997137920Z
16839.0,100.0,34.5,1013.975,0.0,0.005,36.650000000000006,49.55,0.7000000000000001,8594.5,-107.75,-3.25,1.0,2025-06-14T13:42:59.523610112Z
17785.6,100.0,33.3,1013.96,0.0,0.004,36.48,186.0,0.9600000000000002,9072.0,-104.4,-0.9400000000000001,1.0,2025-06-14T13:53:36.941904640Z
17787.4,100.0,34.6,1013.7800000000001,0.0,0.004,36.61999999999999,151.06,1.28,9073.8,-105.4,-0.8399999999999999,1.0,2025-06-14T14:03:36.941502976Z
17789.2,100.0,34.0,1013.76,0.0,0.004,36.48,216.24,0.74,9075.6,-106.0,-0.6000000000000002,1.0,2025-06-14T14:13:36.932321792Z
17791.0,100.0,35.3,1013.7,0.0,0.004,36.3,171.6,1.06,9077.4,-106.6,-2.7600000000000002,1.0,2025-06-14T14:23:36.955315712Z
17792.8,100.0,36.0,1013.6600000000001,0.0,0.004,36.2,328.34000000000003,0.8,9079.2,-105.0,-0.5399999999999998,1.0,2025-06-14T14:33:37.000614912Z
17794.6,100.0,33.8,1013.6600000000001,0.0,0.004,36.779999999999994,240.73999999999995,0.54,9081.0,-104.8,-1.4600000000000002,1.0,2025-06-14T14:43:36.941018880Z
16768.25,100.0,34.0,1013.6,0.0,0.005,37.099999999999994,105.575,1.0250000000000001,8610.75,-108.25,-1.4499999999999997,1.0,2025-06-14T14:53:30.561717760Z
16852.25,100.0,35.5,1013.35,0.0,0.005,36.900000000000006,149.05,0.95,8608.75,-104.75,-1.575,1.0,2025-06-14T15:04:14.507607552Z
17799.2,100.0,33.4,1013.3799999999999,0.0,0.004,36.8,211.92,0.78,9086.4,-107.8,-4.64,1.0,2025-06-14T15:13:36.945997056Z
17801.0,100.0,34.9,1013.26,0.0,0.004,36.56,99.25999999999999,0.78,9088.2,-104.6,-0.8800000000000001,1.0,2025-06-14T15:23:36.931905024Z
17802.8,100.0,36.3,1013.24,0.0,0.004,36.26,191.48000000000002,1.1800000000000002,9090.0,-106.8,-0.68,1.0,2025-06-14T15:33:36.952290560Z
17804.6,100.0,35.2,1013.26,0.0,0.004,36.21999999999999,203.51999999999998,0.8999999999999998,9091.8,-106.8,-2.6399999999999997,1.0,2025-06-14T15:43:36.973332992Z
17806.4,100.0,34.9,1013.24,0.0,0.004,36.2,137.92000000000002,0.6,9093.6,-104.2,1.0799999999999998,1.0,2025-06-14T15:53:36.950098688Z
15176.0,100.0,37.0,1013.0,0.0,0.006666666666666667,35.7,123.7,0.9666666666666667,7830.666666666667,-109.33333333333333,-3.9666666666666663,1.0,2025-06-14T16:04:17.777521664Z
16863.5,100.0,40.0,1013.0500000000001,0.0,0.005,34.6,113.25,1.7749999999999997,8620.75,-105.25,-1.5750000000000004,1.0,2025-06-14T16:12:59.492503040Z
17810.6,100.0,43.2,1013.36,0.0,0.004,34.06,144.64000000000001,1.0,9099.0,-107.0,-1.8,1.0,2025-06-14T16:23:36.940186880Z
16866.75,100.0,43.375,1013.425,0.0,0.005,33.574999999999996,172.425,2.05,8624.5,-104.25,-1.2750000000000004,1.0,2025-06-14T16:34:14.488508928Z
16868.25,100.0,46.25,1013.5749999999999,0.0,0.005,32.575,182.9,2.7249999999999996,8626.25,-106.25,-1.2000000000000002,1.0,2025-06-14T16:44:14.548632576Z
17815.2,100.0,47.9,1013.76,0.0,0.004,32.279999999999994,172.28000000000003,1.5,9104.4,-105.6,-3.3600000000000003,1.0,2025-06-14T16:53:36.911316224Z
16871.5,100.0,49.25,1013.575,0.0,0.005,31.75,154.275,1.85,8629.75,-104.5,-2.1499999999999995,1.0,2025-06-14T17:04:14.484519936Z
17818.4,100.0,49.3,1013.8199999999999,0.0,0.004,31.619999999999997,183.04000000000002,1.56,9108.0,-103.0,-0.05999999999999996,1.0,2025-06-14T17:13:36.889238528Z
16874.75,100.0,50.5,1013.75,0.0,0.005,30.825,156.775,2.425,8633.0,-105.0,-1.7249999999999999,1.0,2025-06-14T17:22:59.469484288Z
16876.25,100.0,51.375,1013.75,0.0,0.005,30.225,148.7,2.05,8635.0,-107.25,-1.45,1.0,2025-06-14T17:34:14.456546048Z
17823.0,100.0,53.1,1013.7199999999999,0.0,0.004,29.82,184.84,1.1800000000000002,9113.4,-106.2,-3.4799999999999995,1.0,2025-06-14T17:43:36.863531520Z
16879.5,100.0,53.5,1013.55,0.0,0.005,29.424999999999997,170.425,1.55,8638.25,-105.0,-0.9999999999999998,1.0,2025-06-14T17:52:59.498795008Z
17826.2,100.0,55.5,1013.68,0.0,0.004,29.080000000000002,195.88000000000002,1.2,9117.0,-105.6,-3.3200000000000003,1.0,2025-06-14T18:03:36.868798976Z
17828.0,100.0,56.6,1013.8799999999999,0.0,0.004,28.619999999999997,201.33999999999997,0.8799999999999999,9118.8,-106.0,0.54,1.0,2025-06-14T18:13:36.836674048Z
17829.8,100.0,72.0,2121.76,51.0,131.074,22.44,154.62,1311.26,9120.6,-105.6,-1.26,1.0,2025-06-14T18:23:37.646239232Z
16886.25,100.0,57.625,1013.925,0.0,0.005,27.725,160.375,0.825,8645.5,-103.75,0.1499999999999999,1.0,2025-06-14T18:34:14.425880064Z
17833.0,100.0,58.9,1014.2800000000001,0.0,0.004,27.259999999999998,117.92,0.78,9124.2,-107.2,-2.84,1.0,2025-06-14T18:43:36.832404992Z
17834.8,100.0,60.0,1014.3399999999999,0.0,0.004,26.78,190.82,1.3,9126.0,-104.2,-0.060000000000000143,1.0,2025-06-14T18:53:36.846059776Z
16891.25,100.0,61.25,1014.4,0.0,0.005,26.425,125.04999999999998,0.825,8650.75,-104.75,-0.575,1.0,2025-06-14T19:04:14.401986560Z
17838.0,100.0,60.7,1014.74,0.0,0.008,26.140000000000004,131.2,0.8200000000000001,9129.6,-102.8,-0.7199999999999998,1.0,2025-06-14T19:13:36.796225536Z
17839.8,100.0,62.1,1014.8,0.0,0.008,25.82,95.35999999999999,0.9199999999999999,9131.4,-105.0,-6.0,1.0,2025-06-14T19:23:36.772689920Z
16896.25,100.0,61.625,1014.8499999999999,0.0,0.01,25.625,138.10000000000002,1.125,8656.0,-105.5,-0.8249999999999997,1.0,2025-06-14T19:34:14.920133632Z
17843.0,100.0,63.1,1015.0400000000002,0.0,0.008,25.339999999999996,103.6,0.72,9135.0,-105.2,0.5599999999999999,1.0,2025-06-14T19:43:37.199695872Z
17844.8,100.0,63.4,1015.3799999999999,0.0,0.0,25.1,130.28,0.8,9136.8,-104.0,0.24000000000000005,1.0,2025-06-14T19:53:36.743214080Z
17846.6,100.0,63.0,1015.5799999999999,0.0,0.0,25.12,84.16,0.86,9138.6,-106.2,-1.64,1.0,2025-06-14T20:03:36.809605888Z
17848.4,100.0,77.6,2123.3599999999997,51.0,131.07,19.86,133.61999999999998,1311.1999999999998,9140.4,-105.6,0.2600000000000001,1.0,2025-06-14T20:13:37.549673984Z
17850.2,100.0,66.5,1015.82,0.0,0.0,24.46,158.45999999999998,0.58,9142.2,-107.0,-2.3,1.0,2025-06-14T20:23:36.709122304Z
17852.0,100.0,67.5,1015.9,0.0,0.0,24.28,184.7,0.5,9144.0,-103.4,1.0,1.0,2025-06-14T20:33:36.713915904Z
15218.666666666666,100.0,69.5,1015.6999999999999,0.0,0.0,24.2,156.9,0.39999999999999997,7877.666666666667,-108.66666666666667,-4.6000000000000005,1.0,2025-06-14T20:45:58.282164992Z
17854.8,100.0,68.4,1015.82,0.0,0.0,24.200000000000003,158.17999999999998,0.32,9147.6,-104.2,-0.44000000000000006,1.0,2025-06-14T20:53:36.690033920Z
16911.0,100.0,68.875,1015.875,0.0,0.0,24.099999999999998,171.47500000000002,0.35,8671.75,-103.75,0.024999999999999967,1.0,2025-06-14T21:04:14.346981376Z
17858.0,100.0,69.9,1016.4399999999999,0.0,0.0,24.2,278.8,1.08,9151.2,-103.6,1.08,1.0,2025-06-14T21:13:37.102490880Z
17859.8,100.0,62.5,1016.64,0.0,0.0,25.000000000000004,261.93999999999994,1.1400000000000001,9153.0,-105.8,-2.04,1.0,2025-06-14T21:23:36.661612544Z
16916.0,100.0,63.0,1016.05,0.0,0.0,25.075,178.82500000000002,0.5,8677.0,-106.75,-1.0,1.0,2025-06-14T21:34:14.251965184Z
17863.0,100.0,66.8,1015.72,0.0,0.0,24.740000000000002,174.56,0.6399999999999999,9156.6,-106.6,-3.7,1.0,2025-06-14T21:43:36.634971392Z
17864.8,99.6,67.0,1015.3199999999999,0.0,0.0,24.439999999999998,216.45999999999998,0.8400000000000001,9158.4,-104.4,-0.34,1.0,2025-06-14T21:53:36.625458432Z
16921.0,99.5,68.0,1015.225,0.0,0.0,24.125,176.5,0.425,8682.25,-105.75,-5.4,1.0,2025-06-14T22:04:14.223494144Z
17868.0,99.6,69.1,1014.9400000000002,0.0,0.0,24.060000000000002,156.35999999999999,0.5599999999999999,9162.0,-106.8,-0.9,1.0,2025-06-14T22:13:36.649704960Z
17869.8,99.2,70.3,1014.86,0.0,0.004,23.78,176.29999999999998,0.52,9163.8,-106.8,-1.5399999999999998,1.0,2025-06-14T22:23:36.625074688Z
16926.0,98.75,71.875,1014.925,0.0,0.005,23.474999999999998,243.525,0.6000000000000001,8687.5,-104.0,-0.42500000000000004,1.0,2025-06-14T22:34:14.202264320Z
17873.0,98.8,71.8,1014.96,0.0,0.004,23.339999999999996,141.48000000000002,0.5199999999999999,9167.4,-106.2,-0.7,1.0,2025-06-14T22:43:36.579250688Z
17874.8,98.4,73.3,1014.8,0.0,0.004,23.28,228.88000000000002,0.76,9169.2,-106.0,-0.4800000000000001,1.0,2025-06-14T22:53:36.568051456Z
16931.0,98.25,74.75,1014.4749999999999,0.0,0.005,23.125,205.57500000000002,0.7,8692.75,-105.0,0.675,1.0,2025-06-14T23:04:14.183552256Z
17878.0,98.4,74.8,1014.5,0.0,0.004,23.0,193.07999999999998,0.4800000000000001,9172.8,-105.0,-0.18000000000000008,1.0,2025-06-14T23:13:36.590051840Z
16847.75,98.25,74.875,1014.375,0.0,0.005,22.950000000000003,142.35,0.375,8700.0,-105.25,-1.05,1.0,2025-06-14T23:23:29.565584128Z
16935.5,97.5,75.875,1014.5250000000001,0.0,0.005,22.925,284.77500000000003,0.575,8698.0,-107.75,-1.3,1.0,2025-06-14T23:34:14.152532736Z
17882.6,97.4,78.0,1014.7199999999999,0.0,0.004,22.720000000000002,270.12,0.6799999999999999,9178.2,-106.8,-4.4799999999999995,1.0,2025-06-14T23:43:36.511129600Z
17884.4,97.0,76.9,1014.78,0.0,0.004,22.759999999999998,284.38,0.8,9180.0,-104.2,0.76,1.0,2025-06-14T23:53:36.524605952Z
16940.5,97.0,76.125,1014.75,0.0,0.005,22.975,297.79999999999995,0.925,8703.25,-105.0,-1.1250000000000002,1.0,2025-06-15T00:04:14.109663488Z
17887.6,97.0,77.9,1014.8399999999999,0.0,0.004,22.919999999999998,283.36,1.14,9183.6,-107.2,-0.4,1.0,2025-06-15T00:13:36.495519744Z
16943.75,96.75,78.875,1014.7,0.0,0.005,23.25,293.42499999999995,1.025,8706.75,-106.0,-2.575,1.0,2025-06-15T00:24:14.105425408Z
16945.25,96.75,79.125,1014.7,0.0,0.005,23.125000000000004,290.2,0.95,8708.5,-104.75,-1.2000000000000002,1.0,2025-06-15T00:34:14.083597824Z
17892.2,96.4,80.0,1014.9200000000001,0.0,0.004,22.9,291.36,1.06,9189.0,-107.0,0.45999999999999996,1.0,2025-06-15T00:43:36.485430016Z
16948.5,96.0,78.625,1014.95,0.0,0.005,23.1,279.95,1.6999999999999997,8712.0,-109.5,-2.35,1.0,2025-06-15T00:54:14.080124672Z
15257.666666666666,95.66666666666667,77.16666666666667,1014.8000000000001,0.0,0.006666666666666667,23.333333333333332,285.00000000000006,1.3666666666666665,7920.666666666667,-106.66666666666667,-6.266666666666667,1.0,2025-06-15T01:04:17.291461888Z
17896.4,95.6,78.0,1015.0,0.0,0.004,23.080000000000002,285.06000000000006,1.06,9194.4,-105.2,-0.9400000000000001,1.0,2025-06-15T01:13:36.418302720Z
17898.2,95.6,78.5,1015.0,0.0,0.004,22.919999999999998,277.84000000000003,1.0,9196.2,-106.0,-6.74,1.0,2025-06-15T01:23:36.459709696Z
16954.5,95.0,78.75,1015.05,0.0,0.005,22.65,241.82500000000002,0.875,8719.0,-107.25,-0.425,1.0,2025-06-15T01:34:14.035496704Z
16868.25,94.75,79.25,1014.925,0.0,0.005,22.424999999999997,220.35,0.8250000000000001,8724.75,-107.0,-3.5,1.0,2025-06-15T01:44:44.406462208Z
17902.8,94.8,80.4,1014.9399999999999,0.0,0.004,22.1,178.96,0.52,9201.6,-104.8,-0.8600000000000001,1.0,2025-06-15T01:53:36.385138176Z
16959.0,94.25,80.875,1014.95,0.0,0.005,21.95,183.8,0.5,8724.25,-106.75,-2.825,1.0,2025-06-15T02:04:14.009227264Z
16960.5,94.25,80.75,1014.875,0.0,0.005,21.875000000000004,155.6,0.65,8725.75,-107.0,-0.24999999999999994,1.0,2025-06-15T02:12:59.007381760Z
16874.0,94.5,79.625,1014.8249999999999,0.0,0.005,21.775000000000002,217.89999999999998,1.0,8731.75,-106.75,-5.7,1.0,2025-06-15T02:24:44.386763776Z
15387.666666666666,94.0,79.83333333333333,1014.7666666666668,0.0,0.006666666666666667,21.666666666666668,133.9,0.3,7930.333333333333,-105.0,-0.6333333333333334,1.0,2025-06-15T02:33:36.711040768Z
17909.8,93.4,79.5,1014.9200000000001,0.0,0.004,21.68,181.94,0.68,9210.6,-105.8,0.44000000000000006,1.0,2025-06-15T02:43:36.348831232Z
17911.6,93.4,79.1,1014.8800000000001,0.0,0.004,21.64,195.17999999999998,0.64,9212.4,-104.2,-1.7399999999999998,1.0,2025-06-15T02:53:36.333487616Z
16968.0,93.25,80.75,1014.925,0.0,0.01,21.375,242.925,0.45000000000000007,8734.75,-106.25,-0.3999999999999999,1.0,2025-06-15T03:04:13.963227904Z
17914.8,93.0,81.4,1014.9800000000001,0.0,0.008,21.199999999999996,170.26000000000002,0.52,9216.0,-102.6,-4.72,1.0,2025-06-15T03:13:36.309466112Z
17916.6,93.0,82.2,1014.96,0.0,0.008,21.080000000000002,218.24,0.72,9217.8,-107.4,-1.2,1.0,2025-06-15T03:23:36.296895488Z
16973.0,93.0,82.75,1014.9749999999999,0.0,0.01,20.975,249.725,0.55,8740.0,-106.75,-0.22500000000000003,1.0,2025-06-15T03:34:13.992163072Z
17919.8,92.6,83.7,1015.0600000000001,0.0,0.008,20.84,284.62,0.48,9221.4,-107.0,-2.7600000000000002,1.0,2025-06-15T03:43:36.271576576Z
17921.6,92.4,83.8,1015.0,0.0,0.008,20.860000000000003,266.94,0.5800000000000001,9223.2,-105.2,-0.6599999999999999,1.0,2025-06-15T03:53:36.254452992Z
16978.0,92.5,84.625,1014.95,0.0,0.01,21.0,239.025,0.5,8745.25,-106.0,-1.375,1.0,2025-06-15T04:04:13.892591104Z
17924.8,92.0,83.8,1014.9799999999999,0.0,0.008,21.18,221.98000000000002,0.48,9226.8,-105.6,0.36,1.0,2025-06-15T04:13:36.253494016Z
17926.6,92.0,82.2,1014.9799999999999,0.0,0.008,21.619999999999997,185.32,0.4600000000000001,9228.6,-106.0,-2.2399999999999998,1.0,2025-06-15T04:23:36.232001280Z
16983.0,92.0,80.875,1014.925,0.0,0.01,22.3,184.375,0.22500000000000003,8750.5,-104.5,-0.6000000000000001,1.0,2025-06-15T04:34:13.865694720Z
17929.8,91.8,78.8,1015.0,0.0,0.008,22.78,239.1,0.33999999999999997,9232.2,-104.4,-2.12,1.0,2025-06-15T04:43:36.260724224Z
17931.6,91.8,77.1,1015.0400000000002,0.0,0.008,23.36,226.1,0.44000000000000006,9234.0,-106.2,-1.8399999999999999,1.0,2025-06-15T04:53:36.210635264Z
16988.0,91.75,73.75,1015.0,0.0,0.01,24.25,125.0,0.45,8755.75,-105.5,-1.8,1.0,2025-06-15T05:04:13.832361728Z
17934.8,91.6,74.3,1015.0600000000001,0.0,0.008,24.22,240.61999999999998,0.5,9237.6,-105.4,-0.6599999999999999,1.0,2025-06-15T05:13:36.612502016Z
17936.6,91.4,72.7,1015.1200000000001,0.0,0.008,24.54,237.53999999999996,0.52,9239.4,-106.2,-4.0,1.0,2025-06-15T05:23:36.165683712Z
15298.0,91.33333333333333,71.83333333333333,1015.0,0.0,0.013333333333333334,25.0,166.23333333333335,0.26666666666666666,7966.0,-109.0,-3.633333333333333,1.0,2025-06-15T05:35:57.018334976Z
17939.4,91.4,73.3,1015.22,0.0,0.008,24.46,99.8,0.38,9243.0,-107.6,-2.6,1.0,2025-06-15T05:43:36.221469440Z
17941.2,92.2,75.3,1015.32,0.0,0.008,24.32,100.7,0.4,9244.8,-105.2,-0.5599999999999999,1.0,2025-06-15T05:53:36.166734336Z
16997.5,92.0,75.5,1015.3,0.0,0.01,24.4,157.825,0.575,8766.25,-104.75,-2.1500000000000004,1.0,2025-06-15T06:04:13.807826432Z
17944.4,92.2,72.2,1015.4,0.0,0.008,25.240000000000002,147.9,0.52,9248.4,-107.0,-0.72,1.0,2025-06-15T06:13:36.117108480Z
17946.2,93.4,67.5,1015.4,0.0,0.008,26.3,168.48,0.58,9250.2,-108.2,-1.7,1.0,2025-06-15T06:23:36.110043904Z
17002.5,93.5,63.25,1015.3499999999999,0.0,0.01,27.3,154.475,0.825,8771.5,-105.25,-0.55,1.0,2025-06-15T06:34:13.782140928Z
17949.4,93.4,61.8,1015.4799999999999,0.0,0.008,27.78,177.68,0.44000000000000006,9253.8,-106.8,-3.28,1.0,2025-06-15T06:43:36.115702784Z
17951.2,94.6,59.2,1015.5,0.0,0.008,28.560000000000002,222.42,0.4,9255.6,-106.6,-0.07999999999999997,1.0,2025-06-15T06:53:36.148264448Z
17007.5,96.0,54.25,1015.45,0.0,0.01,29.525,202.625,0.525,8776.75,-105.75,-2.925,1.0,2025-06-15T07:04:13.760783872Z
17954.4,96.0,53.5,1015.5600000000001,0.0,0.008,30.080000000000002,190.44,0.38,9259.2,-105.4,0.18000000000000008,1.0,2025-06-15T07:13:36.075734528Z
17956.2,97.2,53.2,1015.5199999999999,0.0,0.008,30.18,182.04000000000002,0.6,9261.0,-105.2,-1.0,1.0,2025-06-15T07:23:36.093311488Z
17012.5,97.5,51.0,1015.3,0.0,0.01,30.525000000000002,185.575,0.5499999999999999,8782.0,-106.75,-1.6,1.0,2025-06-15T07:34:13.725447680Z
17959.4,97.2,48.6,1015.36,0.0,0.008,31.02,162.94,0.36,9264.6,-107.2,-4.34,1.0,2025-06-15T07:43:36.055960832Z
17961.2,98.0,49.6,1015.26,0.0,0.008,31.18,159.8,0.8,9266.4,-105.0,-1.86,1.0,2025-06-15T07:53:36.524589568Z
17017.5,98.5,49.0,1015.0999999999999,0.0,0.01,31.900000000000002,219.1,0.475,8787.25,-107.25,-2.25,1.0,2025-06-15T08:04:13.697522176Z
17964.4,98.8,46.5,1015.2,0.0,0.008,32.120000000000005,170.56,0.6399999999999999,9270.0,-105.6,-0.039999999999999813,1.0,2025-06-15T08:13:36.041489920Z
17966.2,100.0,46.8,1015.1200000000001,0.0,0.008,31.959999999999997,167.24,0.76,9271.8,-107.0,-2.9799999999999995,1.0,2025-06-15T08:23:36.033269248Z
17022.5,100.0,44.75,1014.95,0.0,0.01,32.45,208.65,0.6499999999999999,8792.5,-104.25,0.3500000000000001,1.0,2025-06-15T08:34:14.224324096Z
17969.4,100.0,44.9,1015.0199999999999,0.0,0.008,32.660000000000004,130.4,0.5,9275.4,-102.2,-4.34,1.0,2025-06-15T08:43:36.002630144Z
17971.2,100.0,45.8,1015.0600000000001,0.0,0.008,32.36,194.72,0.9,9277.2,-106.6,-0.8,1.0,2025-06-15T08:53:36.028950272Z
17027.5,100.0,45.5,1014.825,0.0,0.01,32.725,143.975,0.8,8797.75,-105.75,-0.5,1.0,2025-06-15T09:04:14.215843072Z
17974.4,100.0,44.1,1014.8399999999999,0.0,0.008,32.78,146.18,0.72,9280.8,-105.2,0.019999999999999928,1.0,2025-06-15T09:13:35.989344768Z
17976.2,100.0,45.3,1014.8399999999999,0.0,0.008,33.239999999999995,164.1,0.76,9282.6,-105.8,-2.5,1.0,2025-06-15T09:23:36.008263168Z
17032.5,100.0,43.5,1014.7750000000001,0.0,0.01,33.575,144.125,1.025,8803.0,-108.5,-2.9499999999999997,1.0,2025-06-15T09:34:13.674661120Z
17979.4,100.0,43.7,1014.8399999999999,0.0,0.008,33.46,186.92000000000002,0.78,9286.2,-107.2,-3.84,1.0,2025-06-15T09:43:35.974839808Z
17981.2,100.0,43.2,1014.6600000000001,0.0,0.008,33.9,201.72,0.74,9288.0,-105.0,0.3200000000000001,1.0,2025-06-15T09:53:35.986754048Z
17037.5,100.0,47.875,1014.525,0.0,0.01,33.675,179.5,0.775,8808.25,-106.5,-2.3,1.0,2025-06-15T10:04:13.701583360Z
17984.4,100.0,46.0,1014.6,0.0,0.008,33.92,194.56,1.02,9291.6,-104.8,-2.1,1.0,2025-06-15T10:13:35.971747328Z
17986.2,100.0,42.5,1014.5,0.0,0.008,33.68,150.29999999999998,0.66,9293.4,-108.6,-3.0,1.0,2025-06-15T10:23:35.984933632Z
15467.0,100.0,42.5,1014.2333333333332,0.0,0.013333333333333334,34.0,86.89999999999999,1.0333333333333334,8010.333333333333,-105.33333333333333,-1.0999999999999999,1.0,2025-06-15T10:33:36.460844800Z
17989.0,100.0,44.1,1014.36,0.0,0.008,33.96000000000001,153.92000000000002,0.8800000000000001,9297.0,-105.0,-3.4799999999999995,1.0,2025-06-15T10:43:35.965447424Z
17990.8,100.0,41.7,1014.2000000000002,0.0,0.008,34.34,141.94,0.9199999999999999,9298.8,-107.0,-2.2399999999999998,1.0,2025-06-15T10:53:35.962675456Z
17047.25,100.0,41.375,1014.0,0.0,0.01,34.7,254.825,0.975,8818.75,-105.5,-2.4,1.0,2025-06-15T11:04:13.642020352Z
17994.0,100.0,41.7,1014.04,0.0,0.008,34.760000000000005,156.08,0.6399999999999999,9302.4,-104.8,1.7763568394002506e-16,1.0,2025-06-15T11:13:36.000108032Z
16958.0,100.0,42.875,1014.0999999999999,0.0,0.01,35.425000000000004,163.0,1.15,8826.0,-107.75,-1.125,1.0,2025-06-15T11:23:28.935543808Z
17051.75,100.0,40.625,1013.9499999999999,0.0,0.01,35.2,227.8,1.125,8824.0,-108.5,-2.95,1.0,2025-06-15T11:34:13.635144192Z
17998.6,100.0,40.2,1013.9399999999999,0.0,0.008,35.160000000000004,198.42,1.4400000000000002,9307.8,-107.6,-1.5799999999999996,1.0,2025-06-15T11:43:35.942609664Z
18000.4,100.0,39.1,1013.9,0.0,0.008,35.36,170.66,0.9800000000000001,9309.6,-105.6,0.0,1.0,2025-06-15T11:53:35.951069696Z
17056.75,100.0,37.875,1013.625,0.0,0.01,35.65,85.35,0.675,8829.25,-107.5,-2.9000000000000004,1.0,2025-06-15T12:04:13.644625920Z
18003.6,100.0,40.0,1013.5799999999999,0.0,0.008,35.44,211.88000000000002,1.2200000000000002,9313.2,-106.6,-2.16,1.0,2025-06-15T12:13:35.981571328Z
17060.0,100.0,38.625,1013.375,0.0,0.01,35.5,136.575,0.8,8832.5,-108.75,-2.425,1.0,2025-06-15T12:22:58.641694720Z
17061.5,100.0,40.75,1013.2249999999999,0.0,0.01,35.475,136.525,1.225,8834.5,-104.0,0.37500000000000006,1.0,2025-06-15T12:34:13.642429696Z
18008.2,100.0,39.5,1013.3399999999999,0.0,0.008,35.760000000000005,231.43999999999997,0.8400000000000001,9318.6,-105.6,-1.16,1.0,2025-06-15T12:43:35.933565440Z
18010.0,100.0,38.0,1013.24,0.0,0.008,36.199999999999996,171.38,0.6799999999999999,9320.4,-105.2,0.15999999999999998,1.0,2025-06-15T12:53:35.949358080Z
17066.5,100.0,39.25,1012.925,0.0,0.01,35.875,107.97500000000001,0.8,8839.75,-107.0,-1.1749999999999998,1.0,2025-06-15T13:04:13.615475968Z
18013.2,100.0,37.7,1012.9,0.0,0.008,35.98,138.58,1.56,9324.0,-104.0,-0.6,1.0,2025-06-15T13:13:35.937152000Z
18015.0,100.0,37.4,1012.7199999999999,0.0,0.008,35.919999999999995,167.06,2.2199999999999998,9325.8,-106.2,-3.62,1.0,2025-06-15T13:23:36.420790528Z
17071.5,100.0,37.0,1012.4250000000001,0.0,0.01,35.75,130.92499999999998,1.2,8845.0,-107.75,-2.175,1.0,2025-06-15T13:34:13.604503040Z
18018.2,100.0,36.1,1012.5599999999998,0.0,0.008,36.339999999999996,121.91999999999999,1.46,9329.4,-106.4,-1.94,1.0,2025-06-15T13:43:35.941941760Z
18020.0,100.0,36.9,1012.46,0.0,0.008,36.620000000000005,196.78,1.6600000000000001,9331.2,-105.4,-0.54,1.0,2025-06-15T13:53:36.362426880Z
17076.5,100.0,39.375,1012.2249999999999,0.0,0.01,36.3,153.475,1.35,8850.25,-106.75,-1.4,1.0,2025-06-15T14:04:13.609836800Z
16984.0,100.0,36.125,1012.2,0.0,0.01,37.1,113.1,1.575,8856.0,-107.75,-1.3,1.0,2025-06-15T14:14:43.896215552Z
18024.6,100.0,37.8,1011.96,0.0,0.008,36.46,170.82,1.0,9336.6,-107.6,-1.9799999999999998,1.0,2025-06-15T14:23:35.957969408Z
17081.0,100.0,35.0,1011.7,0.0,0.01,36.349999999999994,144.65,1.525,8855.5,-105.25,-1.8499999999999999,1.0,2025-06-15T14:34:13.593591296Z
18027.8,100.0,38.2,1011.6400000000001,0.0,0.008,36.52,130.42000000000002,1.52,9340.2,-105.4,-1.6800000000000004,1.0,2025-06-15T14:43:35.910669312Z
18029.6,100.0,37.8,1011.6200000000001,0.0,0.008,36.339999999999996,167.24,1.6,9342.0,-107.2,-0.76,1.0,2025-06-15T14:53:35.910359808Z
17086.0,100.0,37.875,1011.35,0.0,0.01,35.6,158.3,1.625,8860.75,-106.0,-3.175,1.0,2025-06-15T15:04:13.599879680Z
18032.8,100.0,38.8,1011.4,0.0,0.008,36.0,123.24000000000001,1.8199999999999998,9345.6,-105.4,-0.7600000000000001,1.0,2025-06-15T15:13:35.906573824Z
18034.6,100.0,41.4,1011.4200000000001,0.0,0.008,35.660000000000004,174.06,1.7599999999999998,9347.4,-105.6,-1.0,1.0,2025-06-15T15:23:35.911335168Z
17091.0,100.0,45.0,1011.2249999999999,0.0,0.01,34.900000000000006,92.175,2.1999999999999997,8866.0,-109.5,-3.0,1.0,2025-06-15T15:34:14.137682176Z
18037.8,100.0,45.7,1011.3,0.0,0.008,34.44,202.6,1.9,9351.0,-107.4,-2.46,1.0,2025-06-15T15:43:35.885371392Z
18039.6,100.0,47.6,1011.26,0.0,0.008,33.78,162.82,1.6,9352.8,-103.8,0.1,1.0,2025-06-15T15:53:35.899011584Z
17096.0,100.0,49.0,1010.975,0.0,0.01,32.574999999999996,166.925,1.95,8871.25,-108.5,-5.775,1.0,2025-06-15T16:04:13.560333568Z
18042.8,100.0,49.9,1010.9800000000001,0.0,0.008,32.260000000000005,174.2,1.72,9356.4,-105.2,-1.4600000000000004,1.0,2025-06-15T16:13:35.879892480Z
18044.6,100.0,50.3,1011.0,0.0,0.008,31.940000000000005,213.51999999999998,2.24,9358.2,-107.0,-1.8399999999999999,1.0,2025-06-15T16:23:35.872891392Z
17101.0,100.0,51.875,1010.975,0.0,0.01,31.6,160.25,1.75,8876.5,-105.75,-1.7000000000000002,1.0,2025-06-15T16:34:14.152011264Z
18047.8,100.0,51.4,1011.24,0.0,0.008,31.52,151.45999999999998,1.56,9361.8,-106.2,-3.1199999999999997,1.0,2025-06-15T16:43:35.857566976Z
18049.6,100.0,51.6,1011.1599999999999,0.0,0.008,31.259999999999998,155.37999999999997,1.6199999999999999,9363.6,-103.4,-3.7399999999999998,1.0,2025-06-15T16:53:35.852729856Z
17106.0,100.0,54.0,1011.075,0.0,0.01,30.8,174.5,2.0,8881.75,-106.0,-2.45,1.0,2025-06-15T17:04:13.532590080Z
18052.8,100.0,54.7,1011.0800000000002,0.0,0.008,30.46,198.68,1.7799999999999998,9367.2,-104.2,-0.3999999999999998,1.0,2025-06-15T17:13:35.839903232Z
18054.6,100.0,54.9,1011.0,0.0,0.008,30.2,199.0,1.8199999999999998,9369.0,-105.0,-4.24,1.0,2025-06-15T17:23:35.822402560Z
17111.0,100.0,56.375,1010.8,0.0,0.01,29.775,175.35000000000002,1.7499999999999998,8887.0,-108.0,-1.875,1.0,2025-06-15T17:34:13.509324032Z
18057.8,100.0,56.3,1010.86,0.0,0.008,29.639999999999997,159.68,1.92,9372.6,-106.4,-1.46,1.0,2025-06-15T17:43:35.847096576Z
18059.6,100.0,57.0,1010.64,0.0,0.008,29.4,211.1,1.6600000000000001,9374.4,-105.6,-0.9400000000000001,1.0,2025-06-15T17:53:35.797426432Z
17116.0,100.0,56.875,1010.6,0.0,0.01,29.125,162.32500000000002,1.825,8892.25,-105.5,-1.7750000000000001,1.0,2025-06-15T18:04:13.523579904Z
18062.8,100.0,56.9,1010.9,0.0,0.008,28.940000000000005,216.58,1.64,9378.0,-106.4,-1.6,1.0,2025-06-15T18:13:35.781331456Z
18064.6,100.0,57.2,1011.0,0.0,0.008,28.660000000000004,140.28000000000003,1.3399999999999999,9379.8,-106.0,-1.34,1.0,2025-06-15T18:23:35.771853312Z
17121.0,100.0,57.875,1010.925,0.0,0.01,28.35,144.04999999999998,1.5,8897.5,-104.0,0.025000000000000133,1.0,2025-06-15T18:34:13.457889792Z
18067.8,100.0,72.2,2119.44,51.0,131.078,22.46,138.18,1311.66,9383.4,-104.8,-1.86,1.0,2025-06-15T18:43:36.188240896Z
18069.6,100.0,59.7,1010.9799999999999,0.0,0.008,27.76,179.2,1.2600000000000002,9385.2,-105.8,0.7,1.0,2025-06-15T18:53:35.742581248Z
17126.0,100.0,60.0,1011.125,0.0,0.01,27.675,154.55,1.2,8902.75,-106.0,-1.875,1.0,2025-06-15T19:04:13.434507008Z
18072.8,100.0,61.6,1011.3,0.0,0.012,27.339999999999996,176.3,0.9800000000000001,9388.8,-103.8,-0.24000000000000005,1.0,2025-06-15T19:13:36.159412736Z
18074.6,100.0,63.2,1011.46,0.0,0.012,27.119999999999997,185.04,0.8,9390.6,-103.4,-2.9,1.0,2025-06-15T19:23:35.772742400Z
17034.75,100.0,63.5,1011.25,0.0,0.015,26.925,121.225,1.05,8912.0,-105.5,-0.3250000000000002,1.0,2025-06-15T19:34:44.768675328Z
18077.8,100.0,64.3,1011.3399999999999,0.0,0.012,26.9,182.44,0.9200000000000002,9394.2,-106.4,-0.76,1.0,2025-06-15T19:43:35.706798080Z
18079.6,100.0,64.9,1011.3,0.0,0.0,26.76,199.45999999999998,0.72,9396.0,-106.0,-1.2400000000000002,1.0,2025-06-15T19:53:35.738205952Z
15431.666666666666,100.0,66.33333333333333,1011.1333333333333,0.0,0.0,26.53333333333333,142.1,1.0,8110.666666666667,-105.0,-0.9666666666666668,1.0,2025-06-15T20:04:16.579394304Z
18082.4,100.0,67.2,1011.6199999999999,0.0,0.0,26.3,161.46,0.62,9399.6,-105.6,-1.52,1.0,2025-06-15T20:13:35.679442432Z
18084.2,100.0,67.8,1011.7199999999999,0.0,0.0,26.1,195.72,0.76,9401.4,-105.6,-1.54,1.0,2025-06-15T20:23:36.122370560Z
17140.25,100.0,69.0,1011.575,0.0,0.0,25.9,198.9,0.875,8918.5,-103.75,-1.0999999999999999,1.0,2025-06-15T20:34:13.361375744Z
18087.4,100.0,69.7,1011.54,0.0,0.0,25.839999999999996,216.5,1.04,9405.0,-106.8,-1.6600000000000001,1.0,2025-06-15T20:43:35.648637184Z
18089.2,100.0,70.4,1011.4,0.0,0.0,25.7,175.76,0.9,9406.8,-105.2,0.44000000000000006,1.0,2025-06-15T20:53:35.682715904Z
17145.25,100.0,71.875,1011.3749999999999,0.0,0.0,25.5,184.675,0.75,8923.75,-104.25,-0.37500000000000006,1.0,2025-06-15T21:04:13.330720000Z
18092.4,100.0,72.1,1011.46,0.0,0.0,25.32,242.44,0.48,9410.4,-106.0,-0.7200000000000001,1.0,2025-06-15T21:13:35.620379136Z
18094.2,100.0,72.6,1011.4399999999999,0.0,0.0,25.140000000000004,200.35999999999999,0.44000000000000006,9412.2,-105.2,-0.2,1.0,2025-06-15T21:23:35.608709632Z
17150.25,100.0,74.5,1011.35,0.0,0.0,24.875000000000004,245.39999999999998,0.3,8929.0,-106.25,0.30000000000000004,1.0,2025-06-15T21:34:13.361319424Z
18097.4,99.8,75.5,1011.4,0.0,0.0,24.740000000000002,155.18,0.32,9415.8,-106.0,-0.9800000000000001,1.0,2025-06-15T21:43:35.589325568Z
18099.2,99.6,76.4,1011.3799999999999,0.0,0.0,24.5,169.0,0.6399999999999999,9417.6,-101.6,-4.86,1.0,2025-06-15T21:53:35.572156416Z
17155.25,99.5,77.125,1011.425,0.0,0.0,24.25,162.175,0.375,8934.25,-106.25,-1.55,1.0,2025-06-15T22:04:13.280068352Z
17156.75,99.5,78.125,1011.4,0.0,0.0,24.0,167.675,0.375,8935.75,-105.25,0.32499999999999996,1.0,2025-06-15T22:12:58.259731200Z
18103.8,99.0,79.0,1011.5,0.0,0.0,23.9,175.12,0.54,9423.0,-106.0,-0.82,1.0,2025-06-15T22:23:35.549876736Z
17160.0,99.0,79.75,1011.5250000000001,0.0,0.0,23.725,151.77499999999998,0.8500000000000001,8939.5,-103.75,-0.675,1.0,2025-06-15T22:34:13.250140416Z
18107.0,98.8,79.9,1011.54,0.0,0.0,23.6,178.88,0.58,9426.6,-104.8,-0.7,1.0,2025-06-15T22:43:35.521549824Z
18108.8,98.6,80.6,1011.46,0.0,0.0,23.520000000000003,124.35999999999999,0.38,9428.4,-105.6,0.3,1.0,2025-06-15T22:53:35.511663360Z
15589.333333333334,98.33333333333333,80.83333333333333,1011.3000000000001,0.0,0.0,23.366666666666664,279.3333333333333,0.43333333333333335,8135.333333333333,-105.66666666666667,-0.09999999999999994,1.0,2025-06-15T23:03:36.081551360Z
18111.6,98.6,82.1,1011.28,0.0,0.0,23.080000000000002,229.88000000000002,0.5599999999999999,9432.0,-104.2,-2.6399999999999997,1.0,2025-06-15T23:13:35.493043200Z
18113.4,98.2,82.0,1011.24,0.0,0.0,22.959999999999997,222.04000000000002,0.54,9433.8,-105.2,-1.44,1.0,2025-06-15T23:23:35.485409792Z
15594.333333333334,97.66666666666667,80.83333333333333,1011.0333333333333,0.0,0.0,23.03333333333333,286.3666666666666,0.7333333333333334,8140.333333333333,-106.66666666666667,-0.3333333333333333,1.0,2025-06-15T23:33:36.056517888Z
18116.2,97.4,81.0,1011.1,0.0,0.0,23.08,164.5,0.5599999999999999,9437.4,-105.0,-2.96,1.0,2025-06-15T23:43:35.897024768Z
18118.0,96.6,80.2,1011.0800000000002,0.0,0.0,23.16,187.32000000000002,0.6,9439.2,-105.2,-0.6599999999999999,1.0,2025-06-15T23:53:35.459993088Z
18119.8,96.6,78.0,1011.1,0.0,0.0,23.5,268.68,0.6199999999999999,9441.0,-109.2,-6.34,1.0,2025-06-16T00:03:35.451887872Z
18121.6,96.6,76.8,1011.1600000000001,0.0,0.0,23.540000000000003,264.32,0.58,9442.8,-106.0,-0.8799999999999999,1.0,2025-06-16T00:13:35.474648576Z
18123.4,96.6,77.1,1011.22,0.0,0.0,23.5,265.14,0.5599999999999999,9444.6,-106.8,-2.04,1.0,2025-06-16T00:23:35.420981760Z
17179.75,96.0,76.5,1011.075,0.0,0.0,23.5,259.57500000000005,0.65,8960.5,-104.25,-0.6000000000000001,1.0,2025-06-16T00:34:13.136383232Z
18126.6,96.0,76.4,1011.14,0.0,0.0,23.400000000000002,292.14,0.5399999999999999,9448.2,-105.6,0.17999999999999994,1.0,2025-06-16T00:43:35.402295296Z
18128.4,95.8,75.9,1011.0,0.0,0.0,23.24,236.48000000000002,0.5599999999999999,9450.0,-105.6,0.36,1.0,2025-06-16T00:53:35.393268992Z
17184.75,95.5,75.0,1010.9,0.0,0.0,23.225,312.5,0.675,8965.75,-106.25,-1.2,1.0,2025-06-16T01:04:15.497533952Z
17087.25,95.75,76.625,1010.875,0.0,0.0,22.9,273.575,0.5,8971.25,-105.5,-0.925,1.0,2025-06-16T01:13:28.379410432Z
17187.5,95.5,75.125,1010.8499999999999,0.0,0.0,22.775000000000002,293.275,0.525,8969.25,-104.0,-2.5,1.0,2025-06-16T01:24:13.086657536Z
17189.0,94.5,76.375,1010.8499999999999,0.0,0.0,22.65,218.425,0.35,8971.0,-107.25,-0.125,1.0,2025-06-16T01:34:13.091970048Z
18135.8,94.4,78.9,1010.9799999999999,0.0,0.0,22.4,27.560000000000002,0.5000000000000001,9459.0,-105.6,-2.44,1.0,2025-06-16T01:43:35.773357824Z
18137.6,94.2,81.5,1011.28,0.0,0.0,22.160000000000004,254.93999999999997,0.6,9460.8,-103.6,-1.8,1.0,2025-06-16T01:53:35.383474944Z
17194.0,94.0,82.625,1011.4750000000001,0.0,0.0,22.025,77.75,0.575,8976.25,-106.5,-1.075,1.0,2025-06-16T02:04:13.080079872Z
18140.8,94.0,84.6,1011.72,0.0,0.0,22.08,174.66,0.9400000000000001,9464.4,-106.8,0.13999999999999999,1.0,2025-06-16T02:13:35.304345088Z
18142.6,94.0,87.1,1011.9200000000001,0.0,0.002,22.2,247.76,0.74,9466.2,-106.4,-0.24000000000000005,1.0,2025-06-16T02:23:35.345029888Z
17199.0,94.0,87.75,1011.9749999999999,0.0,0.005,22.425,270.85,0.6000000000000001,8981.5,-103.5,-2.0,1.0,2025-06-16T02:34:13.021771264Z
18145.8,93.4,87.9,1012.1200000000001,0.0,0.004,22.46,247.98000000000002,0.8400000000000002,9469.8,-107.6,-3.1799999999999997,1.0,2025-06-16T02:43:35.284346624Z
17202.25,93.5,88.125,1012.275,0.0,0.005,22.4,294.05,0.525,8985.0,-106.75,-1.2,1.0,2025-06-16T02:54:13.000386048Z
17203.75,92.5,88.875,1012.4749999999999,0.0,0.005,22.15,261.2,0.375,8986.75,-106.25,-0.9000000000000001,1.0,2025-06-16T03:04:13.007142912Z
18150.4,92.6,90.0,1012.54,0.0,0.004,21.78,164.24,0.43999999999999995,9475.2,-103.0,-1.4200000000000002,1.0,2025-06-16T03:13:35.241664512Z
18152.2,92.6,90.8,1012.68,0.0,0.008,21.599999999999998,181.5,0.5,9477.0,-106.8,-4.9,1.0,2025-06-16T03:23:35.292089600Z
17208.75,92.5,91.625,1012.725,0.0,0.01,21.65,221.35,0.6499999999999999,8992.0,-106.75,0.30000000000000004,1.0,2025-06-16T03:34:12.966771456Z
18155.4,92.4,92.1,1012.8399999999999,0.0,0.008,21.68,215.27999999999997,0.48,9480.6,-106.8,-0.6199999999999999,1.0,2025-06-16T03:43:35.219008256Z
18157.2,92.0,91.8,1012.8399999999999,0.0,0.008,21.779999999999998,198.78000000000003,0.5599999999999999,9482.4,-104.0,-0.47999999999999987,1.0,2025-06-16T03:53:35.216355328Z
17213.75,91.5,91.125,1012.725,0.0,0.01,21.825,183.825,0.5,8997.25,-107.25,-3.0,1.0,2025-06-16T04:04:13.004834816Z
18160.4,91.6,90.9,1012.8399999999999,0.0,0.008,21.94,167.0,0.5,9486.0,-105.2,-0.6,1.0,2025-06-16T04:13:35.628610304Z
18162.2,91.6,90.6,1012.9200000000001,0.0,0.008,22.080000000000002,174.94,0.54,9487.8,-107.6,-2.9,1.0,2025-06-16T04:23:35.186787840Z
18164.0,91.6,89.0,1012.9,0.0,0.008,22.6,220.2,0.7000000000000001,9489.6,-106.2,-0.24000000000000005,1.0,2025-06-16T04:33:35.227592704Z
18165.8,91.6,87.4,1012.82,0.0,0.008,23.18,193.90000000000003,0.82,9491.4,-104.6,-2.18,1.0,2025-06-16T04:43:35.167122688Z
18167.6,91.6,85.6,1012.82,0.0,0.008,23.86,181.3,0.5599999999999999,9493.2,-106.2,-1.0,1.0,2025-06-16T04:53:35.165522432Z
17224.0,92.0,82.0,1012.725,0.0,0.01,24.75,243.875,0.575,9007.75,-106.0,0.024999999999999967,1.0,2025-06-16T05:04:12.897357824Z
18170.8,92.0,81.6,1012.8399999999999,0.0,0.008,25.22,238.8,0.5,9496.8,-105.8,-1.1800000000000002,1.0,2025-06-16T05:13:35.120039936Z
18172.6,92.0,79.3,1012.9399999999999,0.0,0.008,25.96,228.52000000000004,0.4,9498.6,-107.0,-2.7,1.0,2025-06-16T05:23:35.129428480Z
17229.0,92.0,75.0,1012.9000000000001,0.0,0.01,26.9,112.60000000000001,0.6749999999999999,9013.0,-106.25,-0.8,1.0,2025-06-16T05:34:12.929639680Z
18175.8,92.0,76.1,1012.9399999999999,0.0,0.008,26.860000000000003,198.28000000000003,0.8,9502.2,-107.2,-2.78,1.0,2025-06-16T05:43:35.094560000Z
18177.6,92.2,75.7,1012.9200000000001,0.0,0.008,27.220000000000006,184.9,0.5,9504.0,-103.6,-0.15999999999999998,1.0,2025-06-16T05:53:35.091620096Z
17234.0,94.25,72.625,1012.825,0.0,0.01,27.775,204.05,0.9000000000000001,9018.25,-105.5,-1.225,1.0,2025-06-16T06:04:12.845231104Z
17235.5,94.25,71.25,1012.8,0.0,0.01,27.375,181.95,1.825,9020.0,-107.75,-2.275,1.0,2025-06-16T06:14:12.879059968Z
18182.2,94.0,72.3,1012.9200000000001,0.0,0.008,27.6,181.57999999999998,1.24,9509.4,-106.8,-1.7399999999999998,1.0,2025-06-16T06:23:35.520323584Z
17238.75,94.25,71.625,1012.825,0.0,0.01,27.825,203.625,1.8,9023.5,-106.25,-2.375,1.0,2025-06-16T06:34:12.820393984Z
18185.4,94.0,72.2,1012.9399999999999,0.0,0.008,28.04,217.2,1.56,9513.0,-107.0,-1.5799999999999998,1.0,2025-06-16T06:43:35.095981056Z
18187.2,95.0,71.7,1012.8399999999999,0.0,0.008,28.3,201.54000000000002,1.08,9514.8,-105.4,-0.7600000000000001,1.0,2025-06-16T06:53:35.045807360Z
17243.75,97.0,71.125,1012.7750000000001,0.0,0.01,28.5,185.675,1.225,9028.75,-105.75,-0.6000000000000001,1.0,2025-06-16T07:04:12.798802688Z
18190.4,98.0,69.3,1012.96,0.0,0.008,28.919999999999998,159.48,1.1400000000000001,9518.4,-105.6,-2.0799999999999996,1.0,2025-06-16T07:13:35.027916800Z
18192.2,98.0,68.3,1012.96,0.0,0.008,29.1,178.92000000000002,1.2,9520.2,-104.8,-1.52,1.0,2025-06-16T07:23:35.013927168Z
17248.75,98.0,65.875,1012.875,0.0,0.01,29.35,114.05,1.125,9034.0,-106.5,-1.075,1.0,2025-06-16T07:34:12.772869376Z
18195.4,98.0,67.2,1012.9200000000001,0.0,0.008,29.74,178.92000000000002,0.8200000000000001,9523.8,-106.6,-3.2,1.0,2025-06-16T07:43:35.052914432Z
18197.2,98.4,63.8,1012.86,0.0,0.008,30.139999999999997,156.3,1.48,9525.6,-104.8,-1.22,1.0,2025-06-16T07:53:35.024328192Z
17253.75,99.25,65.5,1012.7249999999999,0.0,0.01,30.1,153.85000000000002,0.9,9039.25,-107.25,-2.225,1.0,2025-06-16T08:04:12.758750208Z
18200.4,100.0,63.4,1012.76,0.0,0.008,30.379999999999995,166.84,1.08,9529.2,-107.6,-1.44,1.0,2025-06-16T08:13:34.987383040Z
18202.2,100.0,62.8,1012.86,0.0,0.008,30.52,90.12,1.0,9531.0,-106.0,-1.64,1.0,2025-06-16T08:23:34.977745408Z
17258.75,100.0,62.0,1012.7249999999999,0.0,0.01,30.5,139.55,1.2249999999999999,9044.5,-104.5,0.675,1.0,2025-06-16T08:34:12.723110400Z
18205.4,100.0,60.7,1012.8,0.0,0.008,31.079999999999995,114.67999999999999,1.2599999999999998,9534.6,-104.8,-2.1,1.0,2025-06-16T08:43:34.969993216Z
17159.0,100.0,59.375,1012.7249999999999,0.0,0.01,31.225,112.15,1.7,9052.0,-106.25,-1.9,1.0,2025-06-16T08:54:42.936226304Z
17263.25,100.0,60.625,1012.675,0.0,0.01,30.974999999999998,87.67500000000001,0.8250000000000001,9049.75,-104.25,-0.8500000000000001,1.0,2025-06-16T09:04:12.706741248Z
18210.0,100.0,59.3,1012.7,0.0,0.008,31.059999999999995,120.26000000000002,1.44,9540.0,-103.8,-0.05999999999999996,1.0,2025-06-16T09:13:34.937887488Z
17266.5,100.0,59.0,1012.6,0.0,0.01,31.075,143.72500000000002,1.2000000000000002,9053.0,-106.25,-1.5,1.0,2025-06-16T09:22:57.697273856Z
17268.0,100.0,59.25,1012.525,0.0,0.01,31.25,79.725,1.175,9055.0,-106.25,-0.47499999999999987,1.0,2025-06-16T09:34:12.699736320Z
15556.833333333334,100.0,57.166666666666664,1012.3333333333331,0.0,0.013333333333333334,31.650000000000006,121.21666666666665,1.5666666666666667,8247.333333333334,-107.33333333333333,-3.1500000000000004,1.0,2025-06-16T09:44:15.898288128Z
18216.6,100.0,55.9,1012.4800000000001,0.0,0.008,31.96,179.16,1.4,9547.2,-102.0,-4.26,1.0,2025-06-16T09:53:34.967570944Z
17273.25,100.0,56.5,1012.3,0.0,0.01,31.900000000000002,104.80000000000001,1.5,9060.25,-106.75,-5.625,1.0,2025-06-16T10:04:12.681535488Z
18219.8,100.0,56.5,1012.4200000000001,0.0,0.008,31.96,114.2,1.56,9550.8,-106.2,-2.2399999999999998,1.0,2025-06-16T10:13:34.913114624Z
18221.6,100.0,71.4,2120.54,51.0,131.078,25.380000000000003,111.1,1312.2,9552.6,-106.2,-3.5,1.0,2025-06-16T10:23:35.747856384Z
17278.25,100.0,74.0,2397.85,63.75,163.8375,23.85,103.1,1639.7,9065.5,-104.75,-1.4749999999999999,1.0,2025-06-16T10:34:13.208104960Z
18224.8,100.0,56.0,1012.3399999999999,0.0,0.008,31.68,68.32000000000001,1.78,9556.2,-104.4,-1.2600000000000002,1.0,2025-06-16T10:43:34.878834176Z
17177.5,100.0,56.125,1012.1999999999999,0.0,0.01,31.6,91.125,1.85,9072.75,-104.75,-0.9249999999999998,1.0,2025-06-16T10:53:27.807316480Z
17282.75,100.0,58.375,1012.025,0.0,0.01,31.075000000000003,123.725,1.9000000000000001,9070.75,-105.25,-2.5249999999999995,1.0,2025-06-16T11:04:12.659099648Z
18229.4,100.0,57.9,1012.04,0.0,0.008,31.3,123.96,1.72,9561.6,-104.0,-2.1399999999999997,1.0,2025-06-16T11:13:34.882712320Z
18231.2,100.0,57.8,1011.9399999999999,0.0,0.008,31.440000000000005,108.02000000000001,2.4,9563.4,-106.0,-4.18,1.0,2025-06-16T11:23:34.858259968Z
15573.666666666666,100.0,57.333333333333336,1011.7333333333335,0.0,0.013333333333333334,31.5,111.23333333333333,1.7,8266.0,-108.0,-2.5333333333333337,1.0,2025-06-16T11:35:55.776423680Z
17288.75,100.0,56.875,1011.6500000000001,0.0,0.01,31.45,73.475,1.8,9077.5,-105.25,-2.2749999999999995,1.0,2025-06-16T11:42:57.615142912Z
18235.4,100.0,55.8,1011.6,0.0,0.008,31.46,156.52,2.02,9568.8,-104.6,0.36000000000000015,1.0,2025-06-16T11:53:34.850097152Z
17292.0,100.0,57.0,1011.4000000000001,0.0,0.01,30.349999999999998,125.80000000000001,1.7000000000000002,9081.25,-105.5,-0.825,1.0,2025-06-16T12:04:12.671054848Z
18238.6,100.0,55.2,1011.0600000000001,0.0,0.008,30.04,61.08,2.2,9572.4,-105.0,-0.08000000000000007,1.0,2025-06-16T12:13:34.836466432Z
17295.25,100.0,55.375,1010.35,0.0,0.01,29.25,115.4,1.9749999999999999,9084.75,-105.25,-1.55,1.0,2025-06-16T12:24:12.600580608Z
17296.75,100.0,54.375,1010.675,0.0,0.0225,28.9,129.325,1.7500000000000002,9086.5,-105.75,-3.875,1.0,2025-06-16T12:34:12.609223936Z
18243.2,100.0,54.3,1011.0600000000001,0.0,0.02,28.6,112.94000000000001,1.5400000000000003,9577.8,-106.4,-2.2399999999999998,1.0,2025-06-16T12:43:34.856941568Z
18245.0,100.0,56.2,1010.82,0.0,0.05,28.119999999999997,179.47999999999996,1.3,9579.6,-106.6,-0.6600000000000001,1.0,2025-06-16T12:53:34.816447744Z
17301.75,100.0,58.75,1011.1999999999999,0.0,0.155,27.45,117.02499999999999,1.325,9091.75,-105.0,-0.55,1.0,2025-06-16T13:04:12.574634240Z
18248.2,100.0,59.4,1012.0,0.0,0.21600000000000003,27.080000000000002,210.14000000000001,1.32,9583.2,-104.6,0.17999999999999988,1.0,2025-06-16T13:13:35.224804864Z
18250.0,100.0,61.5,1012.0600000000001,0.0,0.27,26.7,185.08,1.3000000000000003,9585.0,-106.4,-1.6800000000000002,1.0,2025-06-16T13:23:34.783532544Z
17306.75,100.0,61.125,1012.4499999999999,0.0,0.34,26.500000000000004,119.325,1.1,9097.0,-104.25,0.0,1.0,2025-06-16T13:34:12.543374336Z
18253.2,100.0,62.2,1012.32,0.0,0.288,26.419999999999998,195.5,2.08,9588.6,-105.8,0.38,1.0,2025-06-16T13:43:34.769471232Z
18255.0,100.0,65.6,1013.0400000000002,0.0,0.314,25.9,224.82,1.7399999999999998,9590.4,-103.8,-2.7800000000000002,1.0,2025-06-16T13:53:34.764467712Z
17311.75,100.0,69.5,1014.675,0.0,0.49249999999999994,25.049999999999997,292.9,4.4,9102.25,-106.75,-2.925,1.0,2025-06-16T14:04:12.515324928Z
18258.2,100.0,83.7,1015.8399999999999,0.0,0.9780000000000001,20.98,251.5,4.880000000000001,9594.0,-107.2,-1.6199999999999999,1.0,2025-06-16T14:13:34.795901440Z
18260.0,100.0,90.8,1016.32,0.0,2.476,19.4,242.98000000000002,5.42,9595.8,-106.4,-0.19999999999999996,1.0,2025-06-16T14:23:34.712517376Z
18261.8,100.0,91.5,1016.7,0.0,3.478,18.479999999999997,246.4,4.9399999999999995,9597.6,-105.6,-3.8,1.0,2025-06-16T14:33:34.726512896Z
18263.6,100.0,90.4,1016.5799999999999,0.0,4.101999999999999,18.14,290.12,3.78,9599.4,-105.0,-0.41999999999999993,1.0,2025-06-16T14:43:34.704482304Z
18265.4,100.0,91.1,1016.4,0.0,4.804,18.16,314.22,2.9200000000000004,9601.2,-102.6,-0.5800000000000001,1.0,2025-06-16T14:53:34.722323456Z
17322.0,100.0,91.875,1016.375,0.0,5.760000000000001,18.275,212.8,2.275,9112.75,-100.25,-3.3499999999999996,1.0,2025-06-16T15:04:12.455177728Z
18268.6,100.0,91.8,1016.4200000000001,0.0,6.434,18.439999999999998,255.45999999999998,2.84,9604.8,-102.6,-0.5599999999999998,1.0,2025-06-16T15:13:34.652006912Z
18270.4,100.0,92.4,1016.22,0.0,7.947999999999999,18.4,241.06,2.2600000000000002,9606.6,-101.6,-1.98,1.0,2025-06-16T15:23:34.666698496Z
17327.0,100.0,93.0,1015.675,0.0,9.74,18.3,341.2,2.25,9118.0,-104.5,1.6,1.0,2025-06-16T15:34:12.460374528Z
18273.6,100.0,92.6,1015.5200000000001,0.0,10.249999999999998,18.380000000000003,195.2,1.16,9610.2,-104.8,1.38,1.0,2025-06-16T15:43:34.653840128Z
18275.4,100.0,92.7,1015.1400000000001,0.0,11.16,18.32,104.02000000000001,1.0399999999999998,9612.0,-103.2,1.1400000000000001,1.0,2025-06-16T15:53:34.628489984Z
15757.0,100.0,93.0,1014.1333333333332,0.0,13.219999999999999,18.2,129.33333333333334,2.1999999999999997,8305.333333333334,-102.33333333333333,1.7333333333333334,1.0,2025-06-16T16:03:35.392893952Z
18278.2,100.0,91.8,1014.1,0.0,12.456,18.339999999999996,192.04000000000002,1.3800000000000001,9615.6,-105.0,-0.5999999999999999,1.0,2025-06-16T16:13:34.608568064Z
18280.0,100.0,93.5,1014.4400000000002,0.0,12.815999999999999,18.32,162.56,1.6,9617.4,-102.6,-6.540000000000001,1.0,2025-06-16T16:23:34.660393728Z
17336.75,100.0,94.5,1013.7,0.0,13.430000000000001,18.1,196.2,0.7999999999999999,9128.5,-100.75,-2.875,1.0,2025-06-16T16:34:12.383135744Z
18283.2,100.0,94.6,1013.6800000000001,0.0,12.978,18.18,104.7,0.9800000000000001,9621.0,-105.4,-0.25999999999999995,1.0,2025-06-16T16:43:34.572530944Z
18285.0,100.0,94.3,1013.5600000000001,0.0,12.978,18.4,32.4,1.7600000000000002,9622.8,-107.8,-1.2,1.0,2025-06-16T16:53:34.577028608Z
17341.75,100.0,93.625,1013.625,0.0,13.430000000000001,18.55,59.0,1.85,9133.75,-107.25,-0.5499999999999999,1.0,2025-06-16T17:04:12.410694400Z
17236.0,100.0,93.75,1013.75,0.0,12.670000000000002,18.8,55.75,1.25,9139.5,-106.75,-0.32499999999999996,1.0,2025-06-16T17:14:42.459514880Z
18289.6,100.0,93.3,1014.26,0.0,12.978,19.04,72.36,1.6800000000000002,9628.2,-104.4,-6.7,1.0,2025-06-16T17:23:34.983130624Z
17346.25,100.0,90.5,1014.6500000000001,0.0,13.430000000000001,19.324999999999996,126.475,1.125,9139.0,-107.75,-1.475,1.0,2025-06-16T17:34:12.315524096Z
18292.8,100.0,89.3,1015.2,0.0,12.978,19.68,117.88000000000002,0.72,9631.8,-104.8,-2.7,1.0,2025-06-16T17:43:34.530582784Z
18294.6,100.0,88.3,1015.4399999999999,0.0,12.978,19.979999999999997,190.4,0.74,9633.6,-106.2,-1.6199999999999997,1.0,2025-06-16T17:53:34.506626560Z
17351.25,100.0,88.5,1015.5249999999999,0.0,13.430000000000001,19.925,159.075,1.15,9144.25,-103.0,-4.175,1.0,2025-06-16T18:04:12.306718464Z
18297.8,100.0,89.6,1015.7,0.0,12.978,19.880000000000003,146.92,1.14,9637.2,-107.6,-0.9,1.0,2025-06-16T18:13:34.479684096Z
18299.6,100.0,90.5,1015.72,0.0,12.978,19.56,185.57999999999998,0.82,9639.0,-108.0,-2.88,1.0,2025-06-16T18:23:34.483833344Z
17356.25,100.0,92.125,1015.9000000000001,0.0,13.430000000000001,19.25,179.95,1.075,9149.5,-106.0,0.39999999999999997,1.0,2025-06-16T18:34:12.329431808Z
18302.8,100.0,91.7,1016.1600000000001,0.0,12.978,19.22,188.73999999999998,0.8800000000000001,9642.6,-102.8,-5.58,1.0,2025-06-16T18:43:34.447825408Z
18304.6,100.0,92.2,1016.24,0.0,12.978,19.14,179.51999999999998,0.9200000000000002,9644.4,-107.6,-1.2,1.0,2025-06-16T18:53:34.440420096Z
17361.25,100.0,91.25,1016.375,0.0,13.430000000000001,19.099999999999998,177.25,0.8,9154.75,-107.0,-4.975,1.0,2025-06-16T19:04:12.242304512Z
18307.8,100.0,90.6,1016.3799999999999,0.0,12.978,19.14,162.0,0.9,9648.0,-105.6,-1.12,1.0,2025-06-16T19:13:34.470205440Z
17364.5,100.0,91.875,1016.3,0.0,13.430000000000001,18.975,192.175,0.7999999999999999,9158.25,-106.5,-2.425,1.0,2025-06-16T19:24:12.224358400Z
17366.0,100.0,92.625,1016.35,0.0,13.430000000000001,18.724999999999998,237.60000000000002,0.6000000000000001,9160.0,-109.5,-1.925,1.0,2025-06-16T19:34:12.213573888Z
18312.4,99.6,93.7,1016.6200000000001,0.0,12.978,18.42,223.34,0.5599999999999999,9653.4,-108.2,-4.18,1.0,2025-06-16T19:43:34.447378944Z
18314.2,99.6,94.5,1016.5600000000001,0.0,10.152000000000001,18.12,196.22,0.8,9655.2,-107.0,-3.0,1.0,2025-06-16T19:53:34.378427136Z
17371.0,99.5,95.25,1016.8,0.0,9.8975,17.799999999999997,257.05,0.45,9165.25,-106.0,-1.8,1.0,2025-06-16T20:04:12.178645760Z
17372.5,99.5,96.0,1016.9,0.0,9.8975,17.700000000000003,230.225,0.45,9167.0,-109.75,-2.025,1.0,2025-06-16T20:14:12.178530560Z
18318.8,99.6,96.3,1016.9799999999999,0.0,10.152000000000001,17.6,249.78000000000003,0.4800000000000001,9660.6,-107.8,-4.0600000000000005,1.0,2025-06-16T20:23:34.344766976Z
17375.75,99.25,96.25,1017.05,0.0,9.8975,17.575000000000003,214.125,0.35,9170.5,-108.0,-0.95,1.0,2025-06-16T20:34:12.168449024Z
18322.0,98.8,96.5,1016.9799999999999,0.0,10.152000000000001,17.68,232.1,0.44000000000000006,9664.2,-107.8,-2.1799999999999997,1.0,2025-06-16T20:43:34.372606976Z
18323.8,98.8,95.9,1017.0199999999999,0.0,10.152000000000001,17.779999999999998,214.56,0.44000000000000006,9666.0,-108.6,-2.28,1.0,2025-06-16T20:53:34.755320576Z
15806.333333333334,98.66666666666667,97.0,1016.9666666666667,0.0,9.473333333333334,17.633333333333336,275.73333333333335,0.20000000000000004,8355.333333333334,-110.66666666666667,-1.7,1.0,2025-06-16T21:03:35.170885632Z
18326.6,98.8,95.4,1017.1200000000001,0.0,10.16,17.939999999999998,262.22,0.44000000000000006,9669.6,-108.4,-1.3800000000000001,1.0,2025-06-16T21:13:34.288468224Z
18328.4,98.4,95.7,1017.1600000000001,0.0,10.197999999999999,18.14,301.14,0.54,9671.4,-107.2,-2.88,1.0,2025-06-16T21:23:34.386942976Z
17385.5,98.0,95.75,1016.9999999999999,0.0,10.105,18.15,189.5,0.625,9181.0,-109.25,-2.5,1.0,2025-06-16T21:34:12.119413504Z
18331.6,97.6,95.4,1017.04,0.0,10.51,18.22,192.3,0.5800000000000001,9675.0,-107.8,-5.14,1.0,2025-06-16T21:43:34.262153728Z
17278.75,97.5,95.125,1017.05,0.0,9.6275,18.299999999999997,267.0,0.8250000000000001,9188.25,-107.0,-0.55,1.0,2025-06-16T21:53:27.186921472Z
17390.0,97.0,94.875,1017.0749999999999,0.0,10.3325,18.3,262.85,0.9500000000000001,9186.25,-107.5,-1.45,1.0,2025-06-16T22:04:12.085230080Z
18336.2,97.2,93.9,1017.0,0.0,10.774000000000001,18.340000000000003,274.7,0.96,9680.4,-105.4,-1.3,1.0,2025-06-16T22:13:34.226880512Z
18338.0,97.0,92.0,1016.9,0.0,10.937999999999999,18.360000000000003,175.42,1.44,9682.2,-109.4,-2.84,1.0,2025-06-16T22:23:34.226202112Z
15673.666666666666,97.0,90.5,1016.6666666666666,0.0,9.27,18.366666666666664,280.96666666666664,1.3666666666666665,8376.0,-107.0,-1.0999999999999999,1.0,2025-06-16T22:35:55.147350784Z
17286.0,96.25,89.875,1016.75,0.0,10.1325,18.425,222.64999999999998,1.2,9197.0,-107.0,-4.6,1.0,2025-06-16T22:43:27.642457344Z
18342.2,95.8,90.7,1016.8799999999999,0.0,11.108,18.28,259.21999999999997,1.4600000000000002,9687.6,-107.8,-1.6,1.0,2025-06-16T22:53:34.245963776Z
15677.666666666666,96.0,91.16666666666667,1016.6999999999999,0.0,9.383333333333333,18.3,218.5666666666667,1.3666666666666665,8381.0,-106.33333333333333,-3.6666666666666665,1.0,2025-06-16T23:05:55.839659264Z
18345.0,95.8,91.2,1016.8799999999999,0.0,11.123999999999999,18.32,208.68,2.2199999999999998,9691.2,-106.6,-1.2000000000000002,1.0,2025-06-16T23:13:34.175261952Z
18346.8,95.8,91.6,1016.9,0.0,11.138,18.32,157.82,1.14,9693.0,-105.6,-2.8200000000000003,1.0,2025-06-16T23:23:34.161806848Z
17403.5,95.25,92.375,1016.75,0.0,10.7975,18.275,233.8,1.1,9202.0,-107.75,-6.125,1.0,2025-06-16T23:34:12.054363136Z
18350.0,94.8,93.1,1016.7,0.0,11.156,18.220000000000002,204.2,0.9,9696.6,-106.6,0.05999999999999996,1.0,2025-06-16T23:43:34.163170816Z
17296.75,94.75,93.0,1016.575,0.0,10.2075,18.2,215.02499999999998,1.125,9209.25,-105.75,-1.75,1.0,2025-06-16T23:53:27.004140544Z
17408.0,94.5,94.0,1016.7,0.0,10.8025,18.025,244.97500000000002,1.25,9207.25,-105.5,-0.6499999999999999,1.0,2025-06-17T00:04:11.955852032Z
17299.5,94.75,93.25,1016.5250000000001,0.0,10.21,18.075,248.52499999999998,1.55,9213.0,-110.0,-3.5999999999999996,1.0,2025-06-17T00:14:41.981701120Z
18356.0,94.6,93.0,1016.6800000000001,0.0,11.16,18.080000000000002,256.2,1.3000000000000003,9703.8,-105.4,-3.22,1.0,2025-06-17T00:23:34.098904320Z
17412.5,94.5,93.25,1016.8000000000001,0.0,10.8025,18.05,231.425,1.25,9212.5,-104.25,-2.25,1.0,2025-06-17T00:34:11.941147392Z
18359.2,93.6,93.2,1016.8199999999999,0.0,11.16,18.02,223.56,1.1,9707.4,-106.8,-2.2,1.0,2025-06-17T00:43:34.091842048Z
18361.0,93.2,93.2,1016.8400000000001,0.0,11.16,17.98,225.08,1.58,9709.2,-107.8,-0.9199999999999999,1.0,2025-06-17T00:53:34.089967360Z
17417.5,93.0,92.875,1016.85,0.0,10.8025,18.025000000000002,234.25,1.55,9217.75,-106.25,-0.6500000000000001,1.0,2025-06-17T01:04:13.921818112Z
18364.2,93.2,92.0,1016.96,0.0,11.166,18.080000000000002,267.43999999999994,1.46,9712.8,-106.8,-0.68,1.0,2025-06-17T01:13:34.058906112Z
18366.0,93.2,91.2,1016.9399999999999,0.0,11.168000000000001,18.16,198.5,1.42,9714.6,-106.0,-3.54,1.0,2025-06-17T01:23:34.056865792Z
12476.0,93.0,90.75,1016.65,0.0,7.865,18.15,258.35,1.8499999999999999,6763.0,-108.0,-2.0,1.0,2025-06-17T01:33:21.129654784Z
17423.25,92.25,91.125,1016.9,0.0,10.84,18.05,209.075,1.9000000000000001,9224.75,-106.25,0.075,1.0,2025-06-17T01:44:11.954742016Z
18369.8,91.8,91.7,1017.0,0.0,11.244,17.96,261.08000000000004,0.8800000000000001,9720.0,-106.0,-0.36,1.0,2025-06-17T01:53:34.014660864Z
15703.666666666666,92.0,91.16666666666667,1016.9,0.0,9.57,17.9,309.2333333333333,2.033333333333333,8410.666666666666,-107.0,-0.9333333333333332,1.0,2025-06-17T02:04:14.955623168Z
18372.6,91.8,91.8,1017.0,0.0,11.45,17.759999999999998,206.13999999999996,1.58,9723.6,-107.4,-1.1400000000000001,1.0,2025-06-17T02:13:34.037798400Z
18374.4,91.8,92.7,1016.8799999999999,0.0,11.623999999999999,17.640000000000004,209.26,1.42,9725.4,-105.8,-1.1,1.0,2025-06-17T02:23:33.992790528Z
17431.0,91.75,93.75,1016.8,0.0,11.43,17.525,172.02499999999998,1.1,9233.5,-105.25,-2.5,1.0,2025-06-17T02:34:11.840781056Z
18377.6,91.6,94.3,1016.76,0.0,11.784,17.479999999999997,257.04,1.38,9729.0,-108.0,-3.08,1.0,2025-06-17T02:43:33.998366720Z
18379.4,90.6,94.6,1016.7,0.0,11.822,17.44,187.71999999999997,1.2400000000000002,9730.8,-106.8,-0.3600000000000001,1.0,2025-06-17T02:53:33.972026624Z
15712.666666666666,90.66666666666667,94.5,1016.5,0.0,10.083333333333334,17.4,202.9,1.2666666666666666,8421.0,-106.0,-1.3,1.0,2025-06-17T03:05:54.888852736Z
17437.0,90.5,95.0,1016.7249999999999,0.0,11.647499999999999,17.425,167.65,1.7,9240.5,-106.5,-0.49999999999999994,1.0,2025-06-17T03:14:11.850779904Z
18383.6,90.6,94.7,1016.72,0.0,11.946,17.44,229.06000000000003,1.6599999999999997,9736.2,-102.4,-6.859999999999999,1.0,2025-06-17T03:23:33.943651840Z
17440.25,90.5,94.875,1016.625,0.0,11.697499999999998,17.450000000000003,225.125,1.875,9244.0,-108.0,-2.5,1.0,2025-06-17T03:34:11.769021696Z
18386.8,90.6,94.9,1016.64,0.0,11.992,17.48,209.8,1.7399999999999998,9739.8,-105.6,-2.7,1.0,2025-06-17T03:43:33.909836288Z
18388.6,89.4,94.9,1016.7,0.0,11.996,17.5,196.44,1.9,9741.6,-105.4,-1.86,1.0,2025-06-17T03:53:33.953592832Z
17445.25,89.25,94.75,1016.625,0.0,11.72,17.525,196.60000000000002,1.675,9249.25,-105.5,-0.17500000000000004,1.0,2025-06-17T04:04:11.740736512Z
18391.8,89.2,94.6,1016.68,0.0,11.996,17.559999999999995,207.01999999999998,2.02,9745.2,-106.0,-3.9799999999999995,1.0,2025-06-17T04:13:33.873877504Z
18393.6,89.2,94.7,1016.72,0.0,11.996,17.580000000000002,247.9,1.78,9747.0,-106.8,-1.2200000000000002,1.0,2025-06-17T04:23:33.915447808Z
17450.25,89.25,94.625,1016.7,0.0,11.72,17.6,202.57500000000002,1.675,9254.5,-105.0,-0.3999999999999999,1.0,2025-06-17T04:34:11.772239360Z
17339.75,89.25,93.75,1016.6500000000001,0.0,10.9225,17.700000000000003,240.15,2.6500000000000004,9260.25,-108.5,-1.9000000000000001,1.0,2025-06-17T04:44:41.703893248Z
18398.2,89.0,94.3,1016.78,0.0,11.998000000000001,17.72,196.39999999999998,2.2199999999999998,9752.4,-107.0,-2.08,1.0,2025-06-17T04:53:33.842531072Z
18400.0,88.6,94.1,1016.8800000000001,0.0,12.001999999999999,17.779999999999998,222.44,1.52,9754.2,-107.0,-5.46,1.0,2025-06-17T05:03:33.840451328Z
18401.8,88.6,94.6,1016.9200000000001,0.0,12.148,17.740000000000002,216.51999999999998,2.3200000000000003,9756.0,-103.2,0.64,1.0,2025-06-17T05:13:33.803668736Z
15733.666666666666,88.66666666666667,95.0,1016.9,0.0,10.546666666666667,17.666666666666668,216.83333333333334,2.533333333333333,8444.333333333334,-104.66666666666667,0.8333333333333334,1.0,2025-06-17T05:25:54.815513856Z
17459.25,88.5,95.375,1017.075,0.0,12.175,17.7,170.625,1.7999999999999998,9265.0,-105.75,0.1499999999999999,1.0,2025-06-17T05:34:11.670194688Z
18406.0,88.6,95.2,1017.22,0.0,12.588000000000001,17.82,218.43999999999997,1.44,9761.4,-105.2,-0.7,1.0,2025-06-17T05:43:33.774434816Z
18407.8,88.6,95.3,1017.24,0.0,12.646,17.860000000000003,223.5,1.4599999999999997,9763.2,-106.6,-1.02,1.0,2025-06-17T05:53:34.205684480Z
17464.25,88.5,95.125,1017.325,0.0,12.3925,17.950000000000003,192.7,1.0999999999999999,9270.25,-106.0,-1.825,1.0,2025-06-17T06:04:11.693738240Z
18411.0,88.6,94.9,1017.3799999999999,0.0,12.666,18.06,263.32,1.1800000000000002,9766.8,-106.6,0.24,1.0,2025-06-17T06:13:33.744244736Z
18412.8,88.6,94.8,1017.4399999999999,0.0,12.722000000000001,18.119999999999997,307.4,1.72,9768.6,-108.4,-2.3,1.0,2025-06-17T06:23:33.734288640Z
17469.25,88.5,94.875,1017.375,0.0,12.4675,18.224999999999998,297.5,1.65,9275.5,-105.25,-0.02499999999999991,1.0,2025-06-17T06:34:11.595924480Z
15745.833333333334,88.66666666666667,94.33333333333333,1017.1666666666666,0.0,11.041666666666666,18.316666666666666,279.8666666666666,2.5500000000000003,8457.333333333334,-106.16666666666667,-3.683333333333333,1.0,2025-06-17T06:44:14.747879424Z
17360.25,89.25,94.5,1017.2,0.0,11.745000000000001,18.4,284.175,2.1,9282.75,-107.75,-1.075,1.0,2025-06-17T06:53:26.553982464Z
17474.0,89.75,94.25,1017.225,0.0,12.472500000000002,18.625,291.325,1.35,9280.75,-105.75,-0.675,1.0,2025-06-17T07:04:11.579982848Z
18420.8,90.2,93.9,1017.3400000000001,0.0,12.748000000000001,18.700000000000003,295.47999999999996,2.0200000000000005,9777.6,-104.4,-4.159999999999999,1.0,2025-06-17T07:13:33.695477760Z
18422.6,90.2,93.7,1017.4200000000001,0.0,12.750000000000002,18.84,307.44,1.48,9779.4,-105.8,-3.1399999999999997,1.0,2025-06-17T07:23:33.689120000Z
17479.0,90.0,92.875,1017.4750000000001,0.0,12.480000000000002,18.924999999999997,225.95,1.15,9286.0,-108.25,-0.1999999999999999,1.0,2025-06-17T07:34:12.145079296Z
18425.8,90.2,93.1,1017.64,0.0,12.754000000000001,19.1,246.03999999999996,1.2999999999999998,9783.0,-107.8,0.12000000000000002,1.0,2025-06-17T07:43:33.660108288Z
18427.6,90.2,92.6,1017.72,0.0,12.754000000000001,19.34,252.5,1.5,9784.8,-105.4,0.0,1.0,2025-06-17T07:53:33.655781888Z
17484.0,90.75,92.25,1017.725,0.0,12.505,19.549999999999997,183.0,1.75,9291.25,-105.75,-0.22499999999999987,1.0,2025-06-17T08:04:12.063022080Z
18430.8,92.8,91.6,1017.8,0.0,12.854000000000003,19.54,249.64000000000001,1.48,9788.4,-107.2,-0.96,1.0,2025-06-17T08:13:33.686388480Z
18432.6,92.8,92.4,1017.8399999999999,0.0,13.072,19.5,268.41999999999996,1.58,9790.2,-105.4,1.0,1.0,2025-06-17T08:23:33.622602240Z
14472.6,92.4,92.8,1017.5600000000001,0.0,11.064,19.619999999999997,253.76,1.86,7816.0,-107.2,-5.3,1.0,2025-06-17T08:34:53.139624448Z
18436.0,92.8,91.2,1017.8800000000001,0.0,13.175999999999998,19.82,138.9,1.58,9793.8,-107.2,-2.8600000000000003,1.0,2025-06-17T08:43:33.654634240Z
18437.8,92.8,89.7,1017.86,0.0,13.175999999999998,19.96,151.98,1.1800000000000002,9795.6,-106.8,-0.37999999999999995,1.0,2025-06-17T08:53:33.606056960Z
17494.25,93.25,89.5,1017.8249999999999,0.0,12.924999999999999,20.325000000000003,238.07500000000002,1.05,9301.75,-107.5,-1.45,1.0,2025-06-17T09:04:11.472416000Z
18441.0,96.2,87.5,1017.8800000000001,0.0,13.178,20.52,212.24000000000007,1.16,9799.2,-106.2,-0.24000000000000005,1.0,2025-06-17T09:13:33.614872576Z
18442.8,96.2,85.8,1017.8799999999999,0.0,13.178,20.740000000000002,121.52000000000001,0.54,9801.0,-106.8,-0.6599999999999999,1.0,2025-06-17T09:23:33.565677568Z
17499.25,96.0,84.375,1017.9750000000001,0.0,12.9275,20.775000000000002,37.3,1.125,9307.0,-106.0,-0.5,1.0,2025-06-17T09:34:11.447537664Z
18446.0,96.2,83.6,1017.9400000000002,0.0,13.2,20.96,161.72,1.14,9804.6,-107.2,-2.7,1.0,2025-06-17T09:43:33.595089408Z
18447.8,96.2,82.5,1017.8399999999999,0.0,13.202000000000002,21.279999999999998,164.64,1.06,9806.4,-104.6,-2.7399999999999998,1.0,2025-06-17T09:53:33.543622144Z
15929.0,95.66666666666667,82.83333333333333,1017.7333333333332,0.0,12.536666666666667,21.400000000000002,92.46666666666665,0.7666666666666666,8485.333333333334,-109.0,-1.2666666666666666,1.0,2025-06-17T10:03:34.573025024Z
18450.6,99.0,80.0,1017.8799999999999,0.0,13.202000000000002,21.939999999999998,151.3,0.8,9810.0,-108.0,-1.6600000000000001,1.0,2025-06-17T10:13:33.528794368Z
18452.4,100.0,78.3,1017.8,0.0,6.441999999999998,22.32,232.64000000000001,0.78,9811.8,-108.8,-4.12,1.0,2025-06-17T10:23:33.558418944Z
17509.0,100.0,74.125,1017.75,0.0,4.5024999999999995,22.699999999999996,43.275,0.7499999999999999,9317.5,-106.25,-0.875,1.0,2025-06-17T10:34:11.401474560Z
18455.6,100.0,73.8,1017.8400000000001,0.0,6.441999999999998,22.839999999999996,205.58,0.8,9815.4,-107.2,-3.6,1.0,2025-06-17T10:43:33.490612992Z
17397.75,100.0,73.75,1017.75,0.0,0.9525,23.275000000000002,227.79999999999998,1.1,9325.0,-107.5,-1.125,1.0,2025-06-17T10:54:41.350256128Z
17513.5,100.0,71.25,1017.725,0.0,0.9525,23.725,93.25,1.075,9322.75,-108.25,-1.875,1.0,2025-06-17T11:04:11.369638400Z
17515.0,100.0,68.875,1017.725,0.0,0.9525,23.8,90.325,1.15,9324.5,-104.25,-2.7249999999999996,1.0,2025-06-17T11:14:11.355496448Z
18461.6,100.0,69.4,1017.86,0.0,0.762,23.52,188.77999999999997,0.7,9822.6,-105.2,-1.86,1.0,2025-06-17T11:23:33.481516544Z
17518.25,100.0,67.0,1017.75,0.0,0.9525,23.725,153.925,0.8,9328.0,-106.5,-0.5249999999999999,1.0,2025-06-17T11:34:11.344062464Z
18464.8,100.0,68.3,1017.76,0.0,0.762,23.9,121.7,0.9,9826.2,-106.8,-1.94,1.0,2025-06-17T11:43:33.431569408Z
18466.6,100.0,63.9,1017.64,0.0,0.762,25.02,105.25999999999999,1.3599999999999999,9828.0,-104.4,-0.78,1.0,2025-06-17T11:53:33.625686784Z
17523.25,100.0,60.0,1017.475,0.0,0.9525,25.349999999999998,140.45,1.65,9333.25,-107.25,-1.0999999999999999,1.0,2025-06-17T12:04:11.337688832Z
18469.8,100.0,60.5,1017.54,0.0,0.762,25.580000000000002,174.01999999999998,1.32,9831.6,-107.6,-1.1,1.0,2025-06-17T12:13:33.419307520Z
18471.6,100.0,58.4,1017.4399999999999,0.0,0.762,25.76,230.04000000000002,1.52,9833.4,-105.6,-2.2600000000000002,1.0,2025-06-17T12:23:33.826146048Z
17528.25,100.0,57.0,1017.45,0.0,0.9525,25.575,132.9,1.15,9338.5,-104.75,-0.575,1.0,2025-06-17T12:34:11.351118336Z
18474.8,100.0,56.2,1017.5200000000001,0.0,0.762,25.48,112.78,1.5399999999999998,9837.0,-106.8,-1.9,1.0,2025-06-17T12:43:33.381793792Z
18476.6,100.0,56.3,1017.5,0.0,0.762,25.979999999999997,128.48,1.2799999999999998,9838.8,-105.6,0.040000000000000036,1.0,2025-06-17T12:53:33.361346816Z
17533.25,100.0,55.0,1017.4000000000001,0.0,0.9525,25.775,92.9,1.4249999999999998,9343.75,-105.25,-1.875,1.0,2025-06-17T13:04:11.266681856Z
18479.8,100.0,52.6,1017.5199999999999,0.0,0.762,26.359999999999996,110.62,1.72,9842.4,-103.0,-2.6799999999999997,1.0,2025-06-17T13:13:33.337128960Z
18481.6,100.0,49.9,1017.5799999999999,0.0,0.762,26.639999999999997,156.38000000000002,1.5999999999999999,9844.2,-105.0,-3.7,1.0,2025-06-17T13:23:33.383271936Z
17538.25,100.0,52.625,1017.425,0.0,0.9525,26.549999999999997,198.525,1.6,9349.0,-107.25,-0.2750000000000001,1.0,2025-06-17T13:34:11.255350784Z
18484.8,100.0,47.8,1017.4,0.0,0.762,26.74,215.32,1.44,9847.8,-107.6,-4.54,1.0,2025-06-17T13:43:33.324234752Z
18486.6,100.0,48.8,1017.3800000000001,0.0,0.762,26.96,243.67999999999998,1.02,9849.6,-106.0,0.45999999999999996,1.0,2025-06-17T13:53:33.326204416Z
17543.25,100.0,48.0,1017.1750000000001,0.0,0.9525,26.275000000000002,119.275,1.15,9354.25,-106.5,-1.75,1.0,2025-06-17T14:04:11.288298496Z
18489.8,100.0,48.4,1017.14,0.0,0.762,27.02,111.24000000000001,1.1600000000000001,9853.2,-105.6,-0.54,1.0,2025-06-17T14:13:33.299619328Z
18491.6,100.0,44.8,1017.0199999999999,0.0,0.762,27.28,144.94,1.6199999999999999,9855.0,-105.8,-0.25999999999999995,1.0,2025-06-17T14:23:33.289813760Z
17548.25,100.0,46.125,1016.8,0.0,0.9525,27.150000000000002,124.35,1.3499999999999999,9359.5,-105.25,0.125,1.0,2025-06-17T14:34:11.216906240Z
18494.8,100.0,43.7,1016.7800000000001,0.0,0.762,27.46,122.12,1.24,9858.6,-104.2,-2.9200000000000004,1.0,2025-06-17T14:43:33.322230016Z
18496.6,100.0,44.6,1016.72,0.0,0.762,27.5,190.51999999999998,1.2399999999999998,9860.4,-105.8,0.12000000000000006,1.0,2025-06-17T14:53:33.262650880Z
17553.25,100.0,45.0,1016.575,0.0,0.9525,27.025,175.6,1.95,9364.75,-106.0,-1.9000000000000001,1.0,2025-06-17T15:04:11.193451776Z
18499.8,100.0,42.8,1016.5600000000001,0.0,0.762,27.540000000000003,174.34,1.04,9864.0,-104.6,0.72,1.0,2025-06-17T15:13:33.298355712Z
18501.6,100.0,43.5,1016.6,0.0,0.762,27.679999999999996,111.0,1.2999999999999998,9865.8,-105.8,0.0,1.0,2025-06-17T15:23:33.252303360Z
17558.25,100.0,44.75,1016.45,0.0,0.9525,27.349999999999998,107.725,1.65,9370.0,-106.5,-0.125,1.0,2025-06-17T15:34:11.149139200Z
17559.75,100.0,44.5,1016.375,0.0,0.9625,27.2,93.1,1.1,9371.5,-106.25,0.6499999999999999,1.0,2025-06-17T15:42:56.156062208Z
18506.2,100.0,46.6,1016.4199999999998,0.0,0.77,27.639999999999997,208.45999999999998,1.28,9871.2,-106.6,-3.16,1.0,2025-06-17T15:53:33.217070336Z
17563.0,100.0,46.0,1016.2750000000001,0.0,0.9625,27.225,146.675,0.9249999999999999,9375.25,-108.0,-4.125,1.0,2025-06-17T16:04:11.135137792Z
18509.4,100.0,48.1,1016.3400000000001,0.0,0.77,27.359999999999996,172.79999999999998,1.04,9874.8,-108.2,-1.44,1.0,2025-06-17T16:13:33.242755584Z
18511.2,100.0,47.7,1016.3399999999999,0.0,0.77,27.2,147.88,1.28,9876.6,-108.4,-2.9,1.0,2025-06-17T16:23:33.649659136Z
17568.0,100.0,49.625,1016.2750000000001,0.0,0.9625,26.625,191.925,0.825,9380.5,-107.75,-0.575,1.0,2025-06-17T16:34:11.107334400Z
18514.4,100.0,49.5,1016.3799999999999,0.0,0.77,26.82,202.85999999999999,0.9999999999999998,9880.2,-108.4,-4.2,1.0,2025-06-17T16:43:33.196431360Z
18516.2,100.0,49.7,1016.4199999999998,0.0,0.77,26.619999999999997,228.32,1.0399999999999998,9882.0,-107.0,-0.6599999999999999,1.0,2025-06-17T16:53:33.207996928Z
18518.0,100.0,50.8,1016.4199999999998,0.0,0.77,26.379999999999995,216.45999999999998,0.9800000000000001,9883.8,-109.6,-6.3,1.0,2025-06-17T17:03:33.174071296Z
17457.0,100.0,49.375,1016.4000000000001,0.0,0.9575,26.35,209.125,0.9249999999999999,9391.5,-106.5,-0.25,1.0,2025-06-17T17:14:40.938274816Z
18521.2,100.0,51.5,1016.5199999999999,0.0,0.77,25.860000000000003,157.58,1.04,9887.4,-108.2,-2.9799999999999995,1.0,2025-06-17T17:23:33.175281408Z
18523.0,100.0,52.6,1016.5600000000001,0.0,0.77,25.34,162.66,1.06,9889.2,-108.8,-5.0,1.0,2025-06-17T17:33:33.145495296Z
18524.8,100.0,55.8,1016.4799999999999,0.0,0.77,24.660000000000004,262.08000000000004,0.6399999999999999,9891.0,-107.8,-0.86,1.0,2025-06-17T17:43:33.123381760Z
18526.6,100.0,60.0,1016.46,0.0,0.77,23.880000000000003,150.0,0.58,9892.8,-105.6,-2.5,1.0,2025-06-17T17:53:33.107195136Z
17583.0,100.0,62.75,1016.5,0.0,0.9625,22.975,172.95,0.4,9396.25,-107.0,-2.625,1.0,2025-06-17T18:04:11.022641408Z
18529.8,100.0,62.5,1016.5,0.0,0.77,22.68,192.38,0.4600000000000001,9896.4,-107.6,-1.34,1.0,2025-06-17T18:13:33.084200960Z
18531.6,100.0,64.6,1016.54,0.0,0.77,22.38,171.07999999999998,0.32,9898.2,-107.8,-3.06,1.0,2025-06-17T18:23:33.566982656Z
15855.333333333334,100.0,67.5,1016.5,0.0,1.2766666666666666,21.733333333333334,117.73333333333333,0.26666666666666666,8576.0,-107.0,-1.6666666666666667,1.0,2025-06-17T18:35:54.035696640Z
18534.4,100.0,68.0,1016.72,0.0,0.77,21.64,168.4,0.27999999999999997,9901.8,-108.4,-3.5,1.0,2025-06-17T18:43:33.055020544Z
18536.2,100.0,69.5,1016.82,0.0,0.77,21.3,215.87999999999997,0.36,9903.6,-106.6,-0.82,1.0,2025-06-17T18:53:33.067352320Z
17592.5,100.0,70.75,1016.8000000000001,0.0,0.9625,20.9,168.775,0.525,9406.75,-108.5,-0.625,1.0,2025-06-17T19:04:11.027895296Z
18539.4,100.0,73.4,1016.9400000000002,0.0,0.77,20.619999999999997,192.12000000000003,0.5,9907.2,-105.6,-1.8199999999999998,1.0,2025-06-17T19:13:33.020769792Z
17477.75,100.0,73.875,1017.0,0.0,0.9575,20.3,241.47500000000002,0.32500000000000007,9414.25,-106.25,-4.8,1.0,2025-06-17T19:24:40.802830080Z
18542.6,100.0,74.9,1017.18,0.0,0.77,20.16,186.26,0.38,9910.8,-108.4,-0.9199999999999999,1.0,2025-06-17T19:33:33.052781312Z
17598.75,100.0,77.5,1017.35,0.0,0.9625,19.8,206.05,0.42500000000000004,9413.75,-106.75,-2.875,1.0,2025-06-17T19:44:10.926648832Z
18545.8,100.0,78.2,1017.4800000000001,0.0,0.008,19.54,230.34,0.36,9914.4,-106.6,-1.1,1.0,2025-06-17T19:53:32.984051712Z
17602.0,100.0,78.875,1017.4999999999999,0.0,0.01,19.325,230.85,0.45,9417.25,-108.5,-3.325,1.0,2025-06-17T20:04:10.908417024Z
18549.0,100.0,81.7,1017.6199999999999,0.0,0.008,18.98,187.27999999999997,0.36,9918.0,-108.4,-1.64,1.0,2025-06-17T20:13:32.969829120Z
18550.8,100.0,82.9,1017.7,0.0,0.008,18.8,296.18,0.45999999999999996,9919.8,-108.4,-3.7600000000000002,1.0,2025-06-17T20:23:32.961940736Z
17607.0,100.0,84.5,1017.675,0.0,0.01,18.5,282.05,0.35,9422.5,-106.75,-3.175,1.0,2025-06-17T20:34:10.934943744Z
17608.5,100.0,85.625,1017.7,0.0,0.01,18.275,270.05,0.375,9424.25,-107.75,-4.15,1.0,2025-06-17T20:44:10.875448320Z
18555.4,100.0,84.5,1017.74,0.0,0.008,18.44,268.7,0.4,9925.2,-108.2,-2.0799999999999996,1.0,2025-06-17T20:53:32.928415744Z
17611.75,100.0,87.625,1017.775,0.0,0.01,18.025,303.075,0.39999999999999997,9427.75,-109.0,-2.25,1.0,2025-06-17T21:04:10.854038016Z
18558.6,100.0,87.8,1017.78,0.0,0.008,17.94,250.1,0.28,9928.8,-107.6,-0.7,1.0,2025-06-17T21:13:32.944219648Z
17496.0,100.0,88.625,1017.725,0.0,0.005,17.65,232.35000000000002,0.35,9435.0,-108.0,-1.8,1.0,2025-06-17T21:23:25.688223488Z
17616.25,100.0,91.5,1017.75,0.0,0.01,17.25,171.6,0.575,9433.0,-108.25,-0.875,1.0,2025-06-17T21:34:10.825009664Z
18563.2,99.6,91.8,1017.72,0.0,0.008,17.080000000000002,227.82,0.4,9934.2,-108.2,-0.6599999999999999,1.0,2025-06-17T21:43:32.935075328Z
18565.0,99.6,91.8,1017.74,0.0,0.008,17.04,192.95999999999998,0.54,9936.0,-107.0,-2.38,1.0,2025-06-17T21:53:32.866340864Z
17621.25,99.25,92.625,1017.8,0.0,0.01,17.0,194.17499999999998,0.9000000000000001,9438.25,-108.0,-3.875,1.0,2025-06-17T22:04:10.804694016Z
17622.75,99.25,92.25,1017.875,0.0,0.01,16.95,169.85,0.675,9439.75,-108.25,-0.32499999999999996,1.0,2025-06-17T22:12:55.797273088Z
18569.6,99.0,92.5,1017.8199999999999,0.0,0.008,16.78,182.34,0.5,9941.4,-108.4,-1.5999999999999999,1.0,2025-06-17T22:23:32.837114112Z
17626.0,99.0,92.75,1017.8000000000001,0.0,0.01,16.625,139.825,0.625,9443.5,-105.5,-6.2,1.0,2025-06-17T22:34:10.774382848Z
18572.8,98.8,93.3,1017.74,0.0,0.008,16.560000000000002,205.61999999999998,0.62,9945.0,-108.2,-3.54,1.0,2025-06-17T22:43:32.857079296Z
15894.0,98.66666666666667,93.0,1017.6,0.0,0.006666666666666667,16.433333333333334,237.26666666666668,0.6999999999999998,8618.666666666666,-109.0,-2.5,1.0,2025-06-17T22:52:33.778500608Z
15895.0,98.66666666666667,93.33333333333333,1017.6333333333332,0.0,0.006666666666666667,16.3,243.26666666666665,0.6666666666666666,8621.0,-108.33333333333333,-5.1000000000000005,1.0,2025-06-17T23:05:53.764965632Z
18576.6,98.2,93.8,1017.8400000000001,0.0,0.008,16.24,178.2,0.64,9950.4,-107.0,-2.7599999999999993,1.0,2025-06-17T23:13:32.798966528Z
18578.4,97.8,93.3,1017.86,0.0,0.008,16.32,240.6,0.64,9952.2,-108.0,-2.44,1.0,2025-06-17T23:23:32.826714112Z
17634.75,97.5,93.375,1017.8499999999999,0.0,0.01,16.15,245.74999999999997,0.575,9454.0,-108.75,-3.0,1.0,2025-06-17T23:34:10.737983232Z
18581.6,97.2,93.5,1017.8800000000001,0.0,0.008,16.04,246.7,0.45999999999999996,9955.8,-106.4,-5.18,1.0,2025-06-17T23:43:32.757956096Z
18583.4,97.0,93.7,1017.9,0.0,0.008,16.0,250.28000000000003,0.4600000000000001,9957.6,-107.0,-3.2600000000000002,1.0,2025-06-17T23:53:32.801769984Z
17639.75,97.0,93.75,1017.9,0.0,0.01,15.875,238.725,0.5,9459.25,-109.25,-6.25,1.0,2025-06-18T00:04:10.704176640Z
18586.6,96.8,93.6,1017.8799999999999,0.0,0.008,15.860000000000003,258.92,0.4,9961.2,-108.6,-1.8400000000000003,1.0,2025-06-18T00:13:32.732136448Z
18588.4,96.6,93.8,1017.9199999999998,0.0,0.008,15.74,205.85999999999999,0.54,9963.0,-107.4,-3.94,1.0,2025-06-18T00:23:33.149451776Z
17644.75,96.5,94.5,1017.925,0.0,0.01,15.625,237.5,0.5249999999999999,9464.5,-108.25,-4.75,1.0,2025-06-18T00:34:10.675890688Z
18591.6,96.0,94.1,1017.9,0.0,0.008,15.66,231.27999999999997,0.6,9966.6,-107.6,-5.42,1.0,2025-06-18T00:43:32.706243328Z
18593.4,95.6,94.1,1017.8399999999999,0.0,0.008,15.559999999999999,206.98000000000002,0.48,9968.4,-107.0,-3.5200000000000005,1.0,2025-06-18T00:53:32.754536960Z
17649.75,95.5,94.375,1017.7749999999999,0.0,0.01,15.425,167.075,0.425,9469.75,-108.25,-5.324999999999999,1.0,2025-06-18T01:04:10.650170624Z
18596.6,95.6,94.6,1017.6600000000001,0.0,0.008,15.360000000000003,218.7,0.5200000000000001,9972.0,-107.6,-2.7,1.0,2025-06-18T01:13:32.671547136Z
17532.25,95.0,94.125,1017.475,0.0,0.005,15.350000000000001,191.825,0.525,9477.0,-109.0,-2.175,1.0,2025-06-18T01:23:25.431541504Z
17654.25,94.75,94.75,1017.625,0.0,0.01,15.274999999999999,288.75,0.44999999999999996,9475.0,-109.0,-4.125,1.0,2025-06-18T01:34:10.687973376Z
15919.0,94.66666666666667,93.83333333333333,1017.4,0.0,0.006666666666666667,15.266666666666666,216.36666666666667,0.6666666666666666,8647.333333333334,-108.33333333333333,-2.4,1.0,2025-06-18T01:44:13.598547968Z
18602.2,94.4,94.8,1017.54,0.0,0.008,15.12,124.9,0.28,9979.2,-106.4,-4.74,1.0,2025-06-18T01:53:32.637208576Z
17537.75,94.5,102.875,2401.4500000000003,63.75,163.8425,11.174999999999999,173.95,1638.8,9484.25,-108.5,-4.275,1.0,2025-06-18T02:04:40.916091136Z
18605.4,94.4,94.8,1017.5800000000002,0.0,0.008,14.959999999999999,214.27999999999997,0.3,9982.8,-108.0,-2.6399999999999997,1.0,2025-06-18T02:13:33.044190720Z
18607.2,93.8,95.0,1017.6,0.0,0.008,14.879999999999999,214.34,0.6,9984.6,-109.8,-5.34,1.0,2025-06-18T02:23:32.603782656Z
17663.25,93.5,95.75,1017.625,0.0,0.01,14.774999999999999,225.75,0.5249999999999999,9485.5,-106.0,-8.05,1.0,2025-06-18T02:34:10.563910656Z
18610.4,93.4,95.7,1017.6400000000001,0.0,0.008,14.66,195.42000000000002,0.3,9988.2,-108.4,-2.62,1.0,2025-06-18T02:43:32.573080320Z
18612.2,93.2,95.7,1017.7,0.0,0.008,14.66,175.72000000000003,0.44000000000000006,9990.0,-108.4,-2.46,1.0,2025-06-18T02:53:32.571651328Z
17668.25,93.0,95.625,1017.6500000000001,0.0,0.01,14.675,254.25,0.15000000000000002,9490.75,-109.25,-3.7,1.0,2025-06-18T03:04:10.595545856Z
18615.4,93.0,96.1,1017.6600000000001,0.0,0.008,14.679999999999998,238.16000000000003,0.24,9993.6,-106.8,-3.54,1.0,2025-06-18T03:13:32.543487488Z
17550.5,92.75,95.875,1017.625,0.0,0.005,14.625,191.0,0.19999999999999998,9498.25,-106.5,-5.8500000000000005,1.0,2025-06-18T03:24:40.304208384Z
17672.75,92.5,96.25,1017.85,0.0,0.01,14.525,210.62499999999997,0.275,9496.0,-109.25,-2.8499999999999996,1.0,2025-06-18T03:34:11.055819008Z
18620.0,92.4,96.4,1017.9,0.0,0.008,14.48,200.95999999999998,0.24,9999.0,-108.8,-4.0,1.0,2025-06-18T03:43:32.575350528Z
17676.0,92.25,96.5,1017.825,0.0,0.01,14.575,197.65,0.3,9499.5,-105.75,-6.325,1.0,2025-06-18T03:54:11.054523904Z
15939.666666666666,92.0,95.5,1017.6999999999999,0.0,0.006666666666666667,14.833333333333334,153.6,0.3666666666666667,8670.666666666666,-110.0,-3.6666666666666665,1.0,2025-06-18T04:04:13.487757056Z
18624.2,92.0,96.1,1017.9,0.0,0.008,15.16,231.58,0.52,10004.4,-108.0,-1.4399999999999997,1.0,2025-06-18T04:13:32.616913408Z
17680.25,91.75,94.125,1017.925,0.0,0.01,15.825000000000001,260.0,0.5,9504.75,-109.0,-5.725,1.0,2025-06-18T04:24:10.479017472Z
17681.75,91.5,91.875,1018.0,0.0,0.01,16.45,277.40000000000003,0.525,9506.5,-106.0,-7.0,1.0,2025-06-18T04:34:10.465487104Z
18628.8,91.4,90.8,1018.1200000000001,0.0,0.008,16.800000000000004,233.28000000000003,0.5399999999999999,10009.8,-108.8,-3.3,1.0,2025-06-18T04:43:32.456123904Z
18630.6,91.4,89.4,1018.1600000000001,0.0,0.008,17.439999999999998,184.85999999999999,0.64,10011.6,-106.4,-6.480000000000001,1.0,2025-06-18T04:53:32.463798528Z
17686.75,91.5,85.25,1018.225,0.0,0.01,18.55,267.125,0.625,9511.75,-109.0,-6.85,1.0,2025-06-18T05:04:10.443474688Z
18633.8,91.4,83.7,1018.3399999999999,0.0,0.008,18.8,270.91999999999996,1.1600000000000001,10015.2,-106.2,-7.0200000000000005,1.0,2025-06-18T05:13:32.471132416Z
18635.6,91.4,80.8,1018.4399999999999,0.0,0.008,19.46,248.28000000000003,1.2,10017.0,-108.4,-6.32,1.0,2025-06-18T05:23:32.444926720Z
17691.75,92.0,76.75,1018.3999999999999,0.0,0.01,20.55,213.075,1.475,9517.0,-110.0,-4.7749999999999995,1.0,2025-06-18T05:34:10.418171392Z
18638.8,92.0,77.5,1018.4799999999999,0.0,0.008,20.58,271.32000000000005,1.48,10020.6,-108.6,-5.26,1.0,2025-06-18T05:43:32.403154176Z
17695.0,92.0,73.875,1018.4,0.0,0.01,21.400000000000002,273.375,1.8000000000000003,9520.25,-105.0,-10.225000000000001,1.0,2025-06-18T05:52:55.444999168Z
17696.5,92.5,73.375,1018.4000000000001,0.0,0.01,21.925,309.4,1.5499999999999998,9522.25,-106.75,-9.15,1.0,2025-06-18T06:04:10.385182976Z
18643.4,92.4,74.2,1018.46,0.0,0.008,21.82,285.5,1.3199999999999998,10026.0,-108.8,-3.4800000000000004,1.0,2025-06-18T06:13:32.367247872Z
18645.2,92.4,73.5,1018.54,0.0,0.008,22.380000000000003,284.97999999999996,2.0799999999999996,10027.8,-109.6,-4.819999999999999,1.0,2025-06-18T06:23:32.413509120Z
17701.5,93.75,69.75,1018.525,0.0,0.01,23.525,177.475,1.5750000000000002,9527.5,-109.0,-5.425,1.0,2025-06-18T06:34:10.347570688Z
18648.4,93.8,69.6,1018.6600000000001,0.0,0.008,23.5,293.86,1.7999999999999996,10031.4,-106.8,-6.980000000000001,1.0,2025-06-18T06:43:32.343137792Z
18650.2,93.8,69.2,1018.72,0.0,0.008,23.76,247.01999999999998,1.7799999999999998,10033.2,-110.6,-3.3600000000000003,1.0,2025-06-18T06:53:32.332441088Z
17706.5,95.25,66.75,1018.625,0.0,0.01,24.424999999999997,290.725,1.525,9532.75,-109.75,-11.2,1.0,2025-06-18T07:04:10.326631424Z
12488.5,94.5,72.0,1018.35,0.0,0.0,22.85,302.79999999999995,2.25,7038.0,-107.5,-3.5,1.0,2025-06-18T07:14:19.267175424Z
18654.0,95.0,64.7,1018.7,0.0,0.008,24.720000000000002,264.70000000000005,1.52,10038.6,-108.8,-6.36,1.0,2025-06-18T07:23:32.368906752Z
17710.25,96.5,62.625,1018.625,0.0,0.01,25.275,183.22500000000002,1.475,9538.0,-109.5,-4.55,1.0,2025-06-18T07:34:10.294804736Z
18657.2,98.4,63.9,1018.6600000000001,0.0,0.008,25.28,197.54000000000002,1.4200000000000002,10042.2,-110.2,-5.380000000000001,1.0,2025-06-18T07:43:32.292000256Z
17713.5,98.0,61.75,1018.65,0.0,0.01,25.8,147.52499999999998,2.025,9541.25,-107.75,-6.325,1.0,2025-06-18T07:52:55.285441792Z
17715.0,99.0,60.25,1018.5,0.0,0.01,26.224999999999998,159.95,1.625,9543.25,-110.75,-4.9,1.0,2025-06-18T08:04:10.349298944Z
18661.8,100.0,59.2,1018.5799999999999,0.0,0.008,25.98,207.6,1.42,10047.6,-108.0,-3.9800000000000004,1.0,2025-06-18T08:13:32.268740096Z
18663.6,100.0,59.8,1018.6200000000001,0.0,0.008,26.179999999999996,241.78000000000003,1.36,10049.4,-109.2,-3.7800000000000002,1.0,2025-06-18T08:23:32.400547072Z
17720.0,100.0,58.125,1018.5500000000001,0.0,0.01,26.775,153.60000000000002,1.375,9548.5,-106.75,-8.175,1.0,2025-06-18T08:34:10.256603136Z
18666.8,100.0,57.1,1018.6600000000001,0.0,0.008,26.7,279.68,1.24,10053.0,-110.8,-6.4,1.0,2025-06-18T08:43:32.226368000Z
18668.6,100.0,54.6,1018.5600000000001,0.0,0.008,27.18,177.4,1.34,10054.8,-109.8,-3.5799999999999996,1.0,2025-06-18T08:53:32.227535360Z
17725.0,100.0,56.25,1018.4250000000001,0.0,0.01,26.950000000000003,252.8,0.675,9553.75,-109.75,-5.825,1.0,2025-06-18T09:04:10.322896128Z
17602.25,100.0,56.125,1018.525,0.0,0.005,26.975,302.725,1.475,9559.25,-105.75,-7.8,1.0,2025-06-18T09:13:24.926619648Z
18673.2,100.0,56.1,1018.4399999999999,0.0,0.008,27.240000000000002,207.48000000000002,1.6199999999999999,10060.2,-106.8,-5.88,1.0,2025-06-18T09:23:32.206612480Z
17729.5,100.0,53.25,1018.3499999999999,0.0,0.01,27.8,154.07500000000002,0.8250000000000001,9559.0,-109.0,-3.75,1.0,2025-06-18T09:34:10.268577280Z
17731.0,100.0,50.75,1018.3,0.0,0.01,28.425,260.625,0.875,9560.5,-110.25,-4.325,1.0,2025-06-18T09:42:55.210470144Z
18677.8,100.0,48.8,1018.36,0.0,0.008,28.160000000000004,204.12,1.1800000000000002,10065.6,-107.2,-3.6799999999999997,1.0,2025-06-18T09:53:32.171801856Z
16159.0,100.0,47.0,1018.0333333333333,0.0,0.013333333333333334,28.066666666666666,91.73333333333333,1.3333333333333333,8725.333333333334,-103.33333333333333,-2.5,1.0,2025-06-18T10:03:33.551926016Z
18680.6,100.0,49.6,1018.22,0.0,0.008,28.1,135.92,1.4200000000000002,10069.2,-103.8,-0.3200000000000002,1.0,2025-06-18T10:13:32.306753024Z
18682.4,100.0,46.8,1018.1200000000001,0.0,0.0,28.359999999999996,164.45999999999998,0.4999999999999999,10071.0,-106.4,-1.06,1.0,2025-06-18T10:23:32.168286976Z
17739.0,100.0,47.0,1017.925,0.0,0.0,28.525000000000002,137.35,1.05,9569.5,-105.75,-0.37500000000000006,1.0,2025-06-18T10:34:10.169742336Z
18685.6,100.0,43.9,1017.9799999999999,0.0,0.0,28.74,238.16,1.3800000000000001,10074.6,-106.4,-3.6,1.0,2025-06-18T10:43:32.199575040Z
18687.4,100.0,46.8,1017.9200000000001,0.0,0.0,28.48,198.12000000000003,0.9200000000000002,10076.4,-106.4,0.6799999999999999,1.0,2025-06-18T10:53:32.131881216Z
17744.0,100.0,46.25,1017.825,0.0,0.0,28.750000000000004,214.59999999999997,1.35,9574.75,-104.5,-1.875,1.0,2025-06-18T11:04:11.242337536Z
18690.6,100.0,46.6,1017.9799999999999,0.0,0.0,29.0,151.52,0.9400000000000001,10080.0,-103.6,-3.2,1.0,2025-06-18T11:13:32.119028480Z
17747.25,100.0,47.375,1017.975,0.0,0.0,29.075000000000003,98.875,1.2000000000000002,9578.0,-105.75,-2.25,1.0,2025-06-18T11:22:55.783525376Z
17748.75,100.0,44.625,1017.875,0.0,0.0,29.25,33.95,0.925,9580.0,-107.25,-1.675,1.0,2025-06-18T11:34:10.161342464Z
18695.2,100.0,47.3,1017.8800000000001,0.0,0.0,29.4,237.2,1.1,10085.4,-106.6,-1.1,1.0,2025-06-18T11:43:32.143379712Z
17752.0,100.0,44.25,1017.675,0.0,0.0,29.575000000000003,106.94999999999999,0.775,9583.25,-104.75,-1.4249999999999998,1.0,2025-06-18T11:52:55.116719616Z
17753.5,100.0,43.625,1017.55,0.0,0.0,29.975,173.82500000000002,0.75,9585.25,-108.5,-4.8,1.0,2025-06-18T12:04:10.121366016Z
17755.0,100.0,43.25,1017.5,0.0,0.0,30.35,194.77500000000003,1.025,9586.75,-106.75,-0.5,1.0,2025-06-18T12:12:55.116156416Z
18701.2,100.0,42.9,1017.5199999999999,0.0,0.0,30.02,156.48000000000002,0.96,10092.6,-106.8,-3.6399999999999997,1.0,2025-06-18T12:23:32.137830912Z
17758.25,100.0,46.125,1017.4250000000001,0.0,0.0,29.950000000000003,293.325,0.625,9590.5,-105.25,-1.1,1.0,2025-06-18T12:34:10.103884032Z
18704.4,100.0,45.7,1017.4399999999999,0.0,0.0,30.32,198.44,1.02,10096.2,-107.2,-5.08,1.0,2025-06-18T12:43:32.055985664Z
18706.2,100.0,44.2,1017.4800000000001,0.0,0.0,29.939999999999998,179.9,1.08,10098.0,-106.8,-1.9200000000000004,1.0,2025-06-18T12:53:32.106900224Z
17763.25,100.0,43.125,1017.3499999999999,0.0,0.0,29.875,145.39999999999998,0.775,9595.75,-106.5,-0.95,1.0,2025-06-18T13:04:10.083210240Z
17764.75,100.0,43.5,1017.2750000000001,0.0,0.0,30.35,115.625,0.775,9597.25,-103.5,-4.35,1.0,2025-06-18T13:12:55.073923072Z
18710.8,100.0,43.7,1017.32,0.0,0.0,30.82,177.64000000000001,1.0,10103.4,-107.6,-2.66,1.0,2025-06-18T13:23:32.046248448Z
17768.0,100.0,43.5,1017.075,0.0,0.0,30.475,140.20000000000002,1.0250000000000001,9601.0,-106.25,-1.4999999999999998,1.0,2025-06-18T13:34:10.068859136Z
17641.75,100.0,44.375,1017.0,0.0,0.0,30.7,239.025,1.6500000000000001,9606.5,-107.5,-3.75,1.0,2025-06-18T13:43:24.749975040Z
18715.4,100.0,44.4,1016.96,0.0,0.0,30.82,159.38,1.1199999999999999,10108.8,-105.6,-0.47999999999999987,1.0,2025-06-18T13:53:32.074601472Z
17772.5,100.0,43.875,1016.7750000000001,0.0,0.0,30.700000000000003,131.725,1.0750000000000002,9606.25,-106.25,-2.25,1.0,2025-06-18T14:04:10.073809920Z
17774.0,100.0,42.75,1016.75,0.0,0.0,31.025000000000002,142.14999999999998,0.825,9607.75,-106.0,-0.25,1.0,2025-06-18T14:12:55.048743936Z
18720.0,100.0,41.5,1016.8,0.0,0.0,31.52,202.8,1.02,10114.2,-105.8,-1.52,1.0,2025-06-18T14:23:32.031268864Z
17777.25,100.0,43.125,1016.55,0.0,0.0,31.25,116.05000000000001,0.9249999999999999,9611.5,-106.25,0.625,1.0,2025-06-18T14:34:10.101641216Z
18723.2,100.0,43.3,1016.6,0.0,0.0,31.339999999999996,146.9,0.9199999999999999,10117.8,-106.8,-0.5800000000000001,1.0,2025-06-18T14:43:32.001276416Z
18725.0,100.0,42.1,1016.4399999999999,0.0,0.0,31.119999999999997,212.14000000000001,1.4600000000000002,10119.6,-107.0,-0.54,1.0,2025-06-18T14:53:32.005146112Z
17782.25,100.0,43.375,1016.1999999999999,0.0,0.0,30.875,133.3,1.35,9616.75,-106.5,-0.7750000000000001,1.0,2025-06-18T15:04:10.012168192Z
18728.2,100.0,43.6,1016.18,0.0,0.0,30.939999999999998,196.6,1.26,10123.2,-105.6,-2.4,1.0,2025-06-18T15:13:31.996813824Z
18730.0,100.0,41.4,1016.0199999999999,0.0,0.0,31.5,114.55999999999999,0.6,10125.0,-106.0,-2.7,1.0,2025-06-18T15:23:31.978210816Z
17787.25,100.0,41.5,1015.9000000000001,0.0,0.0,31.325,180.375,0.5249999999999999,9622.0,-107.75,-1.7250000000000003,1.0,2025-06-18T15:34:10.015576320Z
17788.75,100.0,44.0,1015.875,0.0,0.0,30.825,165.975,0.42499999999999993,9623.5,-107.75,-2.125,1.0,2025-06-18T15:42:54.988016128Z
18734.6,100.0,44.7,1015.9399999999999,0.0,0.0,30.32,315.98,0.6199999999999999,10130.4,-105.0,-1.2999999999999998,1.0,2025-06-18T15:53:31.955453184Z
17792.0,100.0,44.5,1015.825,0.0,0.0,30.5,307.275,0.6499999999999999,9627.25,-107.5,-2.55,1.0,2025-06-18T16:04:10.053396992Z
18737.8,100.0,43.8,1015.9800000000001,0.0,0.0,30.620000000000005,327.06000000000006,0.82,10134.0,-107.0,-0.38,1.0,2025-06-18T16:13:31.947847680Z
18739.6,100.0,44.6,1016.0,0.0,0.0,30.139999999999997,308.28000000000003,1.02,10135.8,-105.8,-2.6399999999999997,1.0,2025-06-18T16:23:31.949384448Z
17797.0,100.0,46.0,1015.8,0.0,0.0,29.775,195.45,0.55,9632.5,-104.75,-1.95,1.0,2025-06-18T16:34:09.982908416Z
17798.5,100.0,45.625,1015.825,0.0,0.0,29.825000000000003,218.2,0.6499999999999999,9634.0,-105.0,-4.8,1.0,2025-06-18T16:42:55.010544128Z
18744.2,100.0,44.9,1015.9200000000001,0.0,0.0,30.3,176.85999999999999,0.76,10141.2,-106.8,-2.4,1.0,2025-06-18T16:53:31.964569600Z
17801.75,100.0,47.125,1015.825,0.0,0.0,29.775,217.825,0.775,9637.75,-105.5,-1.075,1.0,2025-06-18T17:04:09.975599872Z
18747.4,100.0,47.6,1015.9200000000001,0.0,0.0,29.72,97.38,0.43999999999999995,10144.8,-104.6,-0.8399999999999999,1.0,2025-06-18T17:13:31.950857728Z
17805.0,100.0,51.625,1015.8,0.0,0.0,29.0,238.14999999999998,0.55,9641.0,-104.25,-2.2750000000000004,1.0,2025-06-18T17:22:54.961416960Z
17806.5,100.0,52.5,1015.875,0.0,0.0,28.75,181.87500000000003,0.30000000000000004,9643.0,-105.25,0.8500000000000001,1.0,2025-06-18T17:34:10.462420992Z
17808.0,100.0,53.75,1015.9000000000001,0.0,0.0,28.625,139.825,0.45,9644.5,-106.0,0.30000000000000004,1.0,2025-06-18T17:42:54.925411328Z
18753.4,100.0,55.0,1016.04,0.0,0.0,28.6,195.45999999999998,0.33999999999999997,10152.0,-104.8,0.96,1.0,2025-06-18T17:53:31.874851840Z
16238.333333333334,100.0,59.333333333333336,1015.8666666666667,0.0,0.0,27.366666666666664,166.79999999999998,0.39999999999999997,8805.333333333334,-105.33333333333333,0.2666666666666666,1.0,2025-06-18T18:03:33.328169216Z
17812.5,100.0,58.875,1016.0000000000001,0.0,0.0,27.549999999999997,186.525,0.375,9650.0,-105.75,0.875,1.0,2025-06-18T18:14:09.953401856Z
18757.6,100.0,56.8,1016.1,0.0,0.0,27.439999999999998,133.14000000000001,0.42000000000000004,10157.4,-106.2,-1.0,1.0,2025-06-18T18:23:31.849466368Z
17815.75,100.0,60.625,1016.0000000000001,0.0,0.0,26.5,122.39999999999999,0.55,9653.5,-103.75,0.17500000000000004,1.0,2025-06-18T18:34:09.906440192Z
18760.8,100.0,63.0,1016.1199999999999,0.0,0.0,25.9,124.83999999999999,0.4800000000000001,10161.0,-106.2,-2.58,1.0,2025-06-18T18:43:31.835094272Z
18762.6,100.0,64.8,1016.1600000000001,0.0,0.0,25.240000000000002,219.34,0.56,10162.8,-105.4,-0.3400000000000001,1.0,2025-06-18T18:53:31.821956608Z
17820.75,100.0,68.75,1016.125,0.0,0.0,24.575,175.975,1.175,9658.75,-106.25,-0.2500000000000002,1.0,2025-06-18T19:04:09.879960576Z
18765.8,100.0,69.9,1016.22,0.0,0.0,24.160000000000004,206.51999999999998,1.06,10166.4,-103.6,-1.8200000000000003,1.0,2025-06-18T19:13:31.800127488Z
18767.6,100.0,71.7,1016.3,0.0,0.0,23.6,171.9,0.8799999999999999,10168.2,-105.0,-3.1399999999999997,1.0,2025-06-18T19:23:31.841372672Z
17825.75,100.0,73.5,1016.35,0.0,0.0,23.15,216.0,1.075,9664.0,-105.0,-0.375,1.0,2025-06-18T19:34:09.843431424Z
18770.8,100.0,75.1,1016.4800000000001,0.0,0.0,22.78,218.5,0.5599999999999999,10171.8,-106.2,-2.32,1.0,2025-06-18T19:43:31.771848704Z
18772.6,100.0,76.5,1016.64,0.0,0.0,22.419999999999998,204.73999999999998,0.58,10173.6,-103.6,-0.5,1.0,2025-06-18T19:53:31.765961216Z
17830.75,100.0,77.625,1016.6750000000001,0.0,0.0025,22.15,176.525,0.575,9669.25,-105.75,-1.5,1.0,2025-06-18T20:04:09.820763904Z
18775.8,100.0,78.2,1016.7199999999999,0.0,0.002,22.02,181.48,0.42000000000000004,10177.2,-105.4,0.15999999999999998,1.0,2025-06-18T20:13:31.755478784Z
18777.6,100.0,78.4,1016.76,0.0,0.004,21.860000000000003,194.92,0.38,10179.0,-105.6,-1.2,1.0,2025-06-18T20:23:31.772551680Z
17835.75,100.0,79.75,1016.7500000000001,0.0,0.005,21.7,163.3,0.4,9674.5,-104.0,-0.02499999999999991,1.0,2025-06-18T20:34:09.762397440Z
17704.5,100.0,81.25,1016.775,0.0,0.005,21.375,214.72499999999997,0.3,9680.0,-108.0,-1.75,1.0,2025-06-18T20:43:24.421992448Z
17706.0,100.0,82.5,1016.8,0.0,0.005,21.075,194.825,0.3,9681.75,-108.0,-1.275,1.0,2025-06-18T20:53:24.423586816Z
17839.75,100.0,84.625,1016.75,0.0,0.0075,20.8,175.3,0.4,9679.75,-105.0,-1.6999999999999997,1.0,2025-06-18T21:04:09.829834240Z
17708.75,100.0,85.0,1016.75,0.0,0.0075,20.65,175.95000000000002,0.3500000000000001,9685.5,-105.25,-1.25,1.0,2025-06-18T21:14:39.377462528Z
18786.4,100.0,85.1,1016.8399999999999,0.0,0.006,20.58,281.5,0.38,10189.8,-105.8,-3.88,1.0,2025-06-18T21:23:32.116902144Z
17844.25,100.0,86.75,1016.85,0.0,0.0075,20.275,216.45,0.55,9685.0,-106.25,-0.45,1.0,2025-06-18T21:34:09.714007808Z
17845.75,100.0,86.0,1016.8750000000001,0.0,0.0075,20.225,234.2,0.475,9686.5,-107.25,-2.1,1.0,2025-06-18T21:42:54.721432064Z
18791.0,100.0,87.9,1016.9799999999999,0.0,0.006,19.96,209.7,0.30000000000000004,10195.2,-104.6,-1.6,1.0,2025-06-18T21:53:31.646292736Z
17849.0,100.0,89.875,1017.075,0.0,0.0075,19.55,218.325,0.25,9690.25,-106.5,-0.8499999999999999,1.0,2025-06-18T22:04:09.697936384Z
18794.2,100.0,89.9,1017.1,0.0,0.006,19.5,93.14000000000001,0.26,10198.8,-106.8,-0.6,1.0,2025-06-18T22:13:31.620187648Z
17852.25,99.75,90.625,1017.075,0.0,0.0075,19.275,179.9,0.275,9693.75,-105.75,-2.625,1.0,2025-06-18T22:24:09.696786688Z
17853.75,99.75,91.75,1016.975,0.0,0.0075,19.025000000000002,171.675,0.30000000000000004,9695.5,-104.75,-0.8999999999999999,1.0,2025-06-18T22:34:09.726534656Z
18798.8,99.4,92.2,1016.9800000000001,0.0,0.006,18.880000000000003,144.3,0.32,10204.2,-106.0,-3.9,1.0,2025-06-18T22:43:31.593763584Z
18800.6,99.2,91.6,1016.96,0.0,0.006,18.919999999999998,162.35999999999999,0.52,10206.0,-106.8,-0.9,1.0,2025-06-18T22:53:32.018991616Z
18802.4,98.8,91.2,1016.9799999999999,0.0,0.006,18.96,232.44,0.44000000000000006,10207.8,-106.4,-1.9,1.0,2025-06-18T23:03:31.562587648Z
18804.2,98.8,91.3,1016.9200000000001,0.0,0.006,18.779999999999998,266.86,0.42000000000000004,10209.6,-104.8,-0.5599999999999999,1.0,2025-06-18T23:13:31.567340032Z
18806.0,98.4,92.0,1016.9,0.0,0.006,18.619999999999997,187.71999999999997,0.36,10211.4,-105.8,-4.04,1.0,2025-06-18T23:23:31.556047360Z
17864.0,98.5,92.625,1016.85,0.0,0.0075,18.3,210.4,0.375,9706.0,-105.75,-0.1999999999999999,1.0,2025-06-18T23:34:09.613669888Z
17865.5,98.0,92.625,1016.8000000000001,0.0,0.0075,18.25,189.15,0.6,9707.5,-108.0,-2.25,1.0,2025-06-18T23:42:54.663367680Z
18810.6,97.6,91.8,1016.82,0.0,0.006,18.360000000000003,225.9,0.74,10216.8,-105.0,-2.08,1.0,2025-06-18T23:53:31.530891264Z
17868.75,97.0,91.125,1016.75,0.0,0.0075,18.3,259.625,0.32499999999999996,9711.25,-108.0,-1.825,1.0,2025-06-19T00:04:09.592344320Z
18813.8,97.2,91.4,1016.7199999999999,0.0,0.006,18.18,186.66,0.33999999999999997,10220.4,-106.6,-0.44000000000000006,1.0,2025-06-19T00:13:31.496317440Z
18815.6,96.8,92.3,1016.68,0.0,0.006,17.919999999999998,208.78000000000003,0.28,10222.2,-106.8,-3.8200000000000003,1.0,2025-06-19T00:23:31.498253824Z
16301.333333333334,96.66666666666667,92.33333333333333,1016.5666666666666,0.0,0.01,17.76666666666667,151.26666666666668,0.43333333333333335,8870.333333333334,-106.66666666666667,-3.766666666666667,1.0,2025-06-19T00:33:33.063056640Z
17875.0,96.75,92.625,1016.5,0.0,0.0075,17.725,282.275,0.45,9718.0,-104.75,-3.075,1.0,2025-06-19T00:42:54.529698816Z
17876.5,96.25,92.5,1016.45,0.0,0.0075,17.675,252.925,0.475,9719.75,-106.75,0.19999999999999996,1.0,2025-06-19T00:52:54.533828608Z
16306.333333333334,96.0,91.66666666666667,1016.4333333333334,0.0,0.01,17.633333333333333,145.23333333333332,0.26666666666666666,8875.333333333334,-106.66666666666667,-0.8333333333333334,1.0,2025-06-19T01:03:33.002128640Z
18822.2,96.2,94.0,1016.54,0.0,0.006,17.42,212.18,0.38,10231.2,-105.6,-0.5599999999999999,1.0,2025-06-19T01:13:31.435485696Z
18824.0,95.8,94.3,1016.5,0.0,0.006,17.360000000000003,224.01999999999998,0.36,10233.0,-106.4,-3.34,1.0,2025-06-19T01:23:31.418649344Z
16311.333333333334,95.66666666666667,94.16666666666667,1016.4333333333334,0.0,0.01,17.2,289.6666666666667,0.43333333333333335,8880.333333333334,-104.66666666666667,-2.766666666666667,1.0,2025-06-19T01:33:32.961111040Z
17884.0,95.5,93.5,1016.5,0.0,0.0075,17.299999999999997,257.075,0.5,9728.5,-106.5,-0.9000000000000001,1.0,2025-06-19T01:42:54.477821952Z
18828.2,95.0,100.3,2123.9000000000005,51.0,131.076,13.859999999999996,149.6,1311.12,10238.4,-105.4,0.74,1.0,2025-06-19T01:53:32.258338048Z
17887.25,94.5,92.75,1016.5250000000001,0.0,0.0075,17.424999999999997,193.05,0.425,9732.25,-106.0,-1.3,1.0,2025-06-19T02:04:09.468713216Z
18831.4,94.4,94.0,1016.6199999999999,0.0,0.006,17.28,202.0,0.42000000000000004,10242.0,-106.0,0.10000000000000005,1.0,2025-06-19T02:13:31.381783296Z
18833.2,94.2,93.8,1016.5600000000001,0.0,0.008,17.1,142.28,0.36,10243.8,-107.2,-0.3,1.0,2025-06-19T02:23:31.365576192Z
17892.25,94.0,93.875,1016.5,0.0,0.01,16.925,150.7,0.3,9737.5,-105.5,-0.4750000000000001,1.0,2025-06-19T02:34:09.442251776Z
18836.4,94.0,94.7,1016.5600000000001,0.0,0.008,16.86,190.74,0.27999999999999997,10247.4,-107.2,-1.28,1.0,2025-06-19T02:43:31.340189952Z
17758.5,94.0,95.375,1016.4,0.0,0.01,16.85,173.47500000000002,0.3,9744.75,-108.5,-1.625,1.0,2025-06-19T02:53:24.065294336Z
17896.75,93.5,94.625,1016.4250000000001,0.0,0.01,16.75,94.75,0.2,9742.75,-105.5,-2.5250000000000004,1.0,2025-06-19T03:04:09.422253312Z
17898.25,93.5,95.125,1016.55,0.0,0.01,16.7,151.0,0.475,9744.5,-105.25,-1.175,1.0,2025-06-19T03:14:09.393285120Z
18842.4,93.2,95.5,1016.5400000000002,0.0,0.008,16.72,222.34,0.36000000000000004,10254.6,-106.8,-2.94,1.0,2025-06-19T03:23:31.316765440Z
17901.5,92.5,95.5,1016.4999999999999,0.0,0.01,16.700000000000003,90.15,0.25000000000000006,9748.0,-106.5,-0.75,1.0,2025-06-19T03:34:09.392971776Z
18845.6,92.4,96.2,1016.5,0.0,0.008,16.72,205.35999999999999,0.18,10258.2,-106.4,-1.94,1.0,2025-06-19T03:43:31.286416896Z
18847.4,92.4,96.1,1016.5200000000001,0.0,0.014000000000000002,16.78,222.52000000000004,0.3,10260.0,-104.4,-1.04,1.0,2025-06-19T03:53:31.700820224Z
17906.5,92.25,95.75,1016.375,0.0,0.0175,17.0,182.725,0.275,9753.25,-104.25,-5.875,1.0,2025-06-19T04:04:09.358169856Z
17770.25,92.0,95.125,1016.25,0.0,0.0175,17.35,257.2,0.5,9759.0,-107.75,-0.6000000000000001,1.0,2025-06-19T04:14:38.902250752Z
18852.0,92.0,93.0,1016.3,0.0,0.014000000000000002,17.82,206.4,0.4,10265.4,-105.8,-1.6200000000000003,1.0,2025-06-19T04:23:31.244475392Z
17911.0,92.0,90.625,1016.3,0.0,0.0175,18.675,246.675,0.39999999999999997,9758.5,-105.0,-0.825,1.0,2025-06-19T04:34:09.327324160Z
17912.5,92.0,88.25,1016.3499999999999,0.0,0.0175,19.4,230.85000000000002,0.325,9760.0,-106.0,-0.15000000000000008,1.0,2025-06-19T04:42:54.316708864Z
18856.6,92.0,87.7,1016.4599999999998,0.0,0.014000000000000002,19.76,116.96,0.30000000000000004,10270.8,-107.0,-0.8,1.0,2025-06-19T04:53:31.211057152Z
16345.0,92.0,79.5,1016.3333333333334,0.0,0.023333333333333334,21.7,100.56666666666668,0.6,8915.333333333334,-107.0,-0.4666666666666668,1.0,2025-06-19T05:03:32.826668288Z
18859.4,92.4,83.0,1016.5600000000001,0.0,0.014000000000000002,21.16,251.35999999999999,0.24000000000000005,10274.4,-105.4,-0.5599999999999999,1.0,2025-06-19T05:13:31.193272832Z
18861.2,92.4,78.5,1016.6200000000001,0.0,0.014000000000000002,21.940000000000005,265.94,0.7,10276.2,-107.0,-2.7199999999999998,1.0,2025-06-19T05:23:31.175776768Z
16350.0,92.66666666666667,72.16666666666667,1016.4333333333334,0.0,0.023333333333333334,23.7,165.23333333333332,0.39999999999999997,8920.333333333334,-107.0,-0.6666666666666666,1.0,2025-06-19T05:33:32.805035776Z
18864.0,92.4,73.9,1016.76,0.0,0.014000000000000002,22.98,197.16,0.68,10279.8,-107.6,-4.08,1.0,2025-06-19T05:43:31.160737280Z
17923.5,92.5,71.125,1016.675,0.0,0.0175,23.95,228.375,0.45,9772.25,-105.25,-1.6,1.0,2025-06-19T05:52:54.263924480Z
17925.0,92.5,67.125,1016.65,0.0,0.02,24.824999999999996,251.875,0.475,9774.25,-107.5,-2.175,1.0,2025-06-19T06:04:09.253261824Z
18868.6,92.8,67.7,1016.8,0.0,0.016,24.980000000000004,122.55999999999999,0.36,10285.2,-106.6,-1.34,1.0,2025-06-19T06:13:31.182500352Z
22917.5,93.0,65.75,1017.05,0.0,0.0,25.85,224.3,0.375,12316.5,-106.0,-2.55,1.0,2025-06-19T06:22:29.585461760Z
17929.75,93.0,62.375,1016.725,0.0,0.02,26.400000000000002,111.44999999999999,0.9,9779.5,-105.75,-2.0250000000000004,1.0,2025-06-19T06:34:09.227505664Z
16174.666666666666,95.0,63.5,1016.6666666666666,0.0,0.02666666666666667,26.03333333333333,132.16666666666666,0.8333333333333334,8937.666666666666,-108.33333333333333,-5.533333333333334,1.0,2025-06-19T06:45:52.122905344Z
18874.4,94.8,60.0,1016.78,0.0,0.016,26.619999999999997,118.8,0.76,10292.4,-106.4,-1.0799999999999998,1.0,2025-06-19T06:53:31.082832640Z
16364.0,94.66666666666667,57.0,1016.5333333333333,0.0,0.02666666666666667,27.599999999999998,228.1,1.0333333333333334,8935.333333333334,-106.66666666666667,-1.5999999999999999,1.0,2025-06-19T07:03:32.725076224Z
18877.2,96.0,56.8,1016.74,0.0,0.016,27.52,267.68,1.0,10296.0,-105.6,-1.9,1.0,2025-06-19T07:13:31.126362624Z
18879.0,96.0,55.8,1016.78,0.0,0.016,27.9,207.94,1.0,10297.8,-106.8,-2.6,1.0,2025-06-19T07:23:31.060974080Z
17938.75,96.25,52.5,1016.65,0.0,0.02,28.725,219.87499999999997,0.925,9790.0,-106.5,-1.2249999999999999,1.0,2025-06-19T07:34:09.172461056Z
18882.2,97.8,52.7,1016.74,0.0,0.016,28.78,208.6,0.76,10301.4,-108.0,-4.34,1.0,2025-06-19T07:43:31.057613312Z
17942.0,98.5,51.625,1016.65,0.0,0.02,29.375,163.425,0.75,9793.25,-104.25,-0.6500000000000001,1.0,2025-06-19T07:52:54.158192640Z
16374.0,98.0,47.0,1016.4333333333334,0.0,0.02666666666666667,30.400000000000002,206.13333333333333,0.5666666666666667,8945.333333333334,-105.66666666666667,-1.4333333333333336,1.0,2025-06-19T08:03:32.700174336Z
16187.0,100.0,49.166666666666664,1016.4666666666667,0.0,0.02666666666666667,29.8,79.03333333333333,0.7000000000000001,8952.666666666666,-107.33333333333333,-1.5999999999999999,1.0,2025-06-19T08:15:52.052642560Z
18887.4,100.0,48.5,1016.6600000000001,0.0,0.016,30.4,184.12,0.7200000000000001,10308.6,-107.6,-2.2,1.0,2025-06-19T08:23:31.074730496Z
17947.5,100.0,46.625,1016.6,0.0,0.02,30.25,118.65,0.8999999999999999,9800.5,-105.25,-0.55,1.0,2025-06-19T08:34:09.148584960Z
17949.0,100.0,45.875,1016.55,0.0,0.02,30.6,147.875,0.6,9802.0,-104.25,-2.2750000000000004,1.0,2025-06-19T08:42:54.128235520Z
18892.0,100.0,45.5,1016.74,0.0,0.016,30.7,106.17999999999999,0.86,10314.0,-106.8,-0.54,1.0,2025-06-19T08:53:30.998835200Z
23226.0,100.0,45.0,1016.8,0.0,0.0,31.1,13.5,0.8,12340.0,-103.0,3.8,1.0,2025-06-19T08:59:00.449967616Z
