Unnamed: 0,battery,humidity,pressure,rf_counter,rf_total,temperature,direction,speed,f_cnt,rssi,snr,value,time
8459.57142857143,100.0,36.0,1013.0285714285714,0.0,0.025714285714285714,28.942857142857143,180.14285714285714,3.3999999999999995,3481.8571428571427,-96.42857142857143,0.14285714285714285,1.0,2025-06-04T12:02:47.955936768Z
11638.6,100.0,34.2,1013.32,0.0,0.012,29.52,189.6,3.56,4859.4,-91.8,2.8,1.0,2025-06-04T12:12:46.081988352Z
6690.5,100.0,35.333333333333336,1012.7666666666665,0.0,0.03,29.333333333333332,171.01666666666665,3.0500000000000003,2719.6666666666665,-97.66666666666667,0.0,1.0,2025-06-04T12:22:11.732043776Z
9789.166666666666,100.0,33.666666666666664,1012.8833333333333,0.0,0.02,30.083333333333332,179.61666666666667,3.766666666666667,4060.1666666666665,-96.33333333333333,-2.6833333333333336,1.0,2025-06-04T12:33:37.273131264Z
11644.2,100.0,32.8,1012.9200000000001,0.0,0.012,30.079999999999995,162.45999999999998,3.3,4864.8,-91.2,4.16,1.0,2025-06-04T12:42:46.025573888Z
6696.333333333333,100.0,33.5,1012.4166666666666,0.0,0.03,30.03333333333333,147.9,3.1166666666666667,2724.1666666666665,-97.16666666666667,0.35000000000000026,1.0,2025-06-04T12:52:11.757825280Z
9794.833333333334,100.0,33.5,1012.75,0.0,0.02,30.216666666666665,170.35,3.25,4065.1666666666665,-95.16666666666667,1.95,1.0,2025-06-04T13:03:37.137716992Z
9796.833333333334,100.0,32.583333333333336,1012.8166666666667,0.0,0.02,30.33333333333333,193.20000000000002,4.466666666666668,4066.8333333333335,-94.66666666666667,2.1999999999999997,1.0,2025-06-04T13:13:37.002410240Z
7936.2,100.0,32.2,1012.6600000000001,0.0,0.024,30.139999999999997,197.14,4.42,3264.4,-93.4,2.2399999999999998,1.0,2025-06-04T13:23:03.409825792Z
9800.5,100.0,30.583333333333332,1012.7833333333334,0.0,0.02,30.183333333333334,194.79999999999998,4.8,4070.1666666666665,-95.16666666666667,1.5833333333333333,1.0,2025-06-04T13:33:37.196717312Z
9802.5,100.0,30.666666666666668,1012.75,0.0,0.02,30.083333333333332,181.48333333333332,4.566666666666667,4071.8333333333335,-95.5,2.5500000000000003,1.0,2025-06-04T13:43:37.127918336Z
9804.5,100.0,31.25,1012.8166666666666,0.0,0.02,30.05,191.33333333333334,3.9000000000000004,4073.5,-97.83333333333333,-1.9166666666666667,1.0,2025-06-04T13:53:37.007826688Z
9806.5,100.0,32.0,1012.85,0.0,0.02,29.46666666666667,195.15,4.133333333333334,4075.1666666666665,-94.66666666666667,2.1666666666666665,1.0,2025-06-04T14:03:37.165931264Z
11661.4,100.0,34.1,1013.18,0.0,0.012,28.9,206.64000000000001,3.8,4881.0,-92.4,5.0,1.0,2025-06-04T14:12:46.004425728Z
9798.25,100.0,34.5,1013.075,0.0,0.015,28.950000000000003,189.72500000000002,3.675,4078.5,-88.25,4.25,1.0,2025-06-04T14:24:19.854102528Z
9811.5,100.0,34.416666666666664,1012.8833333333333,0.0,0.02,29.26666666666667,195.91666666666666,4.633333333333334,4080.1666666666665,-94.0,2.1666666666666665,1.0,2025-06-04T14:33:37.179883520Z
9813.5,100.0,35.333333333333336,1012.8499999999999,0.0,0.02,29.53333333333333,202.6833333333333,3.85,4081.8333333333335,-95.66666666666667,1.7833333333333332,1.0,2025-06-04T14:43:37.129399040Z
9815.5,100.0,34.416666666666664,1012.7333333333332,0.0,0.02,30.0,207.33333333333334,4.883333333333333,4083.5,-95.5,3.233333333333333,1.0,2025-06-04T14:53:37.094619392Z
9817.5,100.0,34.083333333333336,1012.6999999999999,0.0,0.02,29.75,211.8166666666667,4.933333333333334,4085.1666666666665,-94.66666666666667,2.3833333333333333,1.0,2025-06-04T15:03:37.071755008Z
9819.5,100.0,35.166666666666664,1012.6,0.0,0.02,29.33333333333334,204.21666666666667,4.366666666666666,4086.8333333333335,-94.0,2.1166666666666667,1.0,2025-06-04T15:13:37.002186496Z
9821.5,100.0,36.666666666666664,1012.5833333333334,0.0,0.02,28.95,206.5,3.783333333333333,4088.5,-96.66666666666667,-1.8833333333333335,1.0,2025-06-04T15:23:37.060657152Z
11676.6,100.0,37.5,1012.7800000000001,0.0,0.012,29.119999999999997,218.34,3.34,4895.4,-91.4,4.4399999999999995,1.0,2025-06-04T15:32:46.231540480Z
8501.57142857143,100.0,37.92857142857143,1012.2714285714286,0.0,0.025714285714285714,29.099999999999998,209.4857142857143,3.642857142857143,3516.4285714285716,-99.14285714285714,-2.785714285714285,1.0,2025-06-04T15:42:48.373061632Z
9827.5,100.0,38.333333333333336,1012.3499999999999,0.0,0.02,28.950000000000003,205.35,2.8333333333333335,4093.5,-97.33333333333333,-1.5166666666666664,1.0,2025-06-04T15:53:36.850274560Z
9829.5,100.0,39.166666666666664,1012.2166666666666,0.0,0.02,28.433333333333334,211.25,2.45,4095.1666666666665,-95.66666666666667,1.8333333333333333,1.0,2025-06-04T16:03:36.944108800Z
9831.5,100.0,39.833333333333336,1012.0666666666667,0.0,0.02,28.599999999999998,215.8166666666667,2.4666666666666663,4096.833333333333,-94.16666666666667,1.9666666666666661,1.0,2025-06-04T16:13:36.936908544Z
7971.0,100.0,39.8,1011.7800000000001,0.0,0.024,28.48,198.57999999999998,2.2,3293.2,-93.6,1.7600000000000002,1.0,2025-06-04T16:23:03.570151168Z
11688.2,100.0,40.0,1011.9800000000001,0.0,0.012,28.9,211.57999999999998,2.2199999999999998,4906.2,-91.0,3.5200000000000005,1.0,2025-06-04T16:32:45.936139264Z
8513.285714285714,100.0,40.357142857142854,1011.7285714285715,0.0,0.025714285714285714,28.757142857142856,201.31428571428572,2.157142857142857,3525.8571428571427,-97.28571428571429,1.7000000000000004,1.0,2025-06-04T16:42:48.245141760Z
9839.166666666666,100.0,41.25,1011.85,0.0,0.02,28.583333333333332,200.1,2.833333333333334,4103.5,-95.66666666666667,1.8,1.0,2025-06-04T16:53:36.922107648Z
9841.166666666666,100.0,42.166666666666664,1011.9166666666666,0.0,0.023333333333333334,28.049999999999997,190.9,2.85,4105.166666666667,-93.33333333333333,1.183333333333333,1.0,2025-06-04T17:03:37.068144640Z
9843.166666666666,100.0,43.25,1011.9500000000002,0.0,0.023333333333333334,27.416666666666668,191.53333333333333,2.5166666666666666,4106.833333333333,-94.66666666666667,-0.08333333333333333,1.0,2025-06-04T17:13:37.095068928Z
7982.8,100.0,44.4,1011.8399999999999,0.0,0.026000000000000002,26.879999999999995,189.24,2.1399999999999997,3302.8,-93.2,1.7799999999999998,1.0,2025-06-04T17:23:03.350252544Z
9846.833333333334,100.0,47.0,1011.9666666666668,0.0,0.023333333333333334,26.26666666666667,179.4333333333333,1.8500000000000003,4110.166666666667,-95.33333333333333,2.4499999999999997,1.0,2025-06-04T17:33:36.907973376Z
9848.833333333334,100.0,48.083333333333336,1011.9166666666666,0.0,0.023333333333333334,25.833333333333332,180.81666666666663,1.7333333333333332,4111.833333333333,-98.33333333333333,0.11666666666666654,1.0,2025-06-04T17:43:37.054858496Z
11703.8,100.0,49.6,1012.0799999999999,0.0,0.015999999999999997,25.360000000000003,174.68,1.72,4920.8,-94.6,-1.7600000000000002,1.0,2025-06-04T17:54:44.755449344Z
11705.6,100.0,49.6,1011.9399999999999,0.0,0.015999999999999997,25.14,172.95999999999998,1.7,4922.6,-91.0,4.5600000000000005,1.0,2025-06-04T18:04:44.727604736Z
11707.4,100.0,49.0,1011.9200000000001,0.0,0.015999999999999997,25.159999999999997,174.72,2.2,4924.4,-92.2,4.48,1.0,2025-06-04T18:14:44.717710592Z
11709.2,100.0,49.0,1011.8800000000001,0.0,0.015999999999999997,25.059999999999995,180.0,2.3200000000000003,4926.2,-91.2,3.0,1.0,2025-06-04T18:24:44.717206016Z
11711.0,100.0,48.1,1011.7199999999999,0.0,0.018,25.160000000000004,169.32,2.5399999999999996,4928.0,-91.0,3.8,1.0,2025-06-04T18:34:44.727580160Z
11712.8,100.0,48.9,1012.14,0.0,0.018,25.140000000000004,201.61999999999998,1.4000000000000001,4929.8,-91.4,3.7,1.0,2025-06-04T18:44:44.712318976Z
9849.75,100.0,55.75,1012.1500000000001,0.0,0.3125,24.349999999999998,160.25,1.1,4125.75,-87.5,3.8499999999999996,1.0,2025-06-04T18:54:19.678316544Z
11716.0,100.0,68.4,1012.18,0.0,1.022,22.16,115.25999999999999,1.7399999999999998,4933.4,-93.6,-0.7399999999999999,1.0,2025-06-04T19:04:44.698347008Z
11717.8,100.0,67.1,1012.0799999999999,0.0,1.1199999999999999,22.0,110.1,1.5,4935.2,-94.6,-0.4,1.0,2025-06-04T19:14:44.694742272Z
9854.75,100.0,68.0,1011.9,0.0,0.9674999999999999,22.175,90.65,1.2,4131.0,-88.0,4.675,1.0,2025-06-04T19:24:20.212196352Z
11721.0,100.0,67.8,1012.04,0.0,1.1320000000000001,22.32,141.34,1.32,4938.8,-90.0,3.6799999999999997,1.0,2025-06-04T19:34:44.662398976Z
9858.0,100.0,72.125,1012.05,0.0,0.975,21.975,159.675,0.8499999999999999,4134.5,-86.75,2.625,1.0,2025-06-04T19:44:19.637349888Z
11724.2,100.0,69.3,1012.3399999999999,0.0,1.064,22.0,163.54000000000002,1.22,4942.4,-94.0,0.8800000000000004,1.0,2025-06-04T19:54:44.814851584Z
11726.0,100.0,68.1,1012.3399999999999,0.0,1.064,22.139999999999997,108.55999999999999,1.28,4944.2,-91.4,4.659999999999999,1.0,2025-06-04T20:04:44.649336832Z
11727.8,100.0,65.3,1012.4,0.0,1.064,22.38,119.93999999999998,1.1400000000000001,4946.0,-90.4,4.9799999999999995,1.0,2025-06-04T20:14:44.640953344Z
11729.6,100.0,70.3,1012.4800000000001,0.0,1.064,21.880000000000003,134.21999999999997,0.62,4947.8,-89.2,3.0,1.0,2025-06-04T20:24:44.623770368Z
11731.4,100.0,73.3,1012.54,0.0,1.064,21.36,176.1,0.76,4949.6,-91.2,4.12,1.0,2025-06-04T20:34:44.630109184Z
11733.2,100.0,73.9,1012.5,0.0,1.064,21.3,144.78,0.9199999999999999,4951.4,-92.0,2.7399999999999998,1.0,2025-06-04T20:44:44.612500992Z
9870.0,100.0,74.875,1012.35,0.0,0.89,21.375,93.825,1.025,4146.75,-89.75,2.75,1.0,2025-06-04T20:54:19.586408448Z
11736.4,100.0,77.8,1012.5,0.0,1.064,21.24,131.78,0.8,4955.0,-93.8,-1.0399999999999998,1.0,2025-06-04T21:04:44.610325248Z
11738.2,100.0,80.9,1012.4,0.0,1.064,20.9,161.78000000000003,0.76,4956.8,-90.8,4.04,1.0,2025-06-04T21:14:44.610117120Z
14523.5,100.0,86.25,1012.725,0.0,1.33,20.175,175.975,1.15,6173.5,-89.75,0.0,1.0,2025-06-04T21:23:58.390718976Z
9885.833333333334,100.0,81.66666666666667,1012.1999999999999,0.0,0.8866666666666667,20.2,170.13333333333335,0.7333333333333333,4150.166666666667,-93.83333333333333,2.966666666666667,1.0,2025-06-04T21:33:36.114108672Z
11743.6,100.0,87.0,1012.46,0.0,1.064,19.720000000000002,107.1,0.8400000000000001,4962.2,-93.0,4.619999999999999,1.0,2025-06-04T21:44:44.568352000Z
9880.25,100.0,85.75,1012.2250000000001,0.0,0.89,19.775000000000002,157.175,0.44999999999999996,4157.25,-89.0,4.775,1.0,2025-06-04T21:54:19.531694336Z
11746.8,99.4,85.6,1012.28,0.0,1.064,19.8,160.8,0.6599999999999999,4965.8,-90.6,4.16,1.0,2025-06-04T22:04:44.565440512Z
11748.6,99.4,85.6,1012.26,0.0,1.064,19.82,159.33999999999997,0.6599999999999999,4967.6,-92.6,4.1,1.0,2025-06-04T22:14:44.548842752Z
11750.4,99.0,85.7,1012.28,0.0,1.064,19.82,197.82,0.6599999999999999,4969.4,-93.8,-0.42000000000000026,1.0,2025-06-04T22:24:44.546985728Z
11752.2,99.0,86.5,1012.3199999999999,0.0,1.064,19.68,228.4,0.8,4971.2,-94.6,0.6,1.0,2025-06-04T22:34:44.546315264Z
11754.0,99.0,87.8,1012.3400000000001,0.0,1.064,19.160000000000004,191.78000000000003,0.48,4973.0,-91.2,5.2,1.0,2025-06-04T22:44:44.518874368Z
11755.8,99.0,85.1,1012.3799999999999,0.0,1.064,19.28,240.08,0.68,4974.8,-94.0,-0.7600000000000001,1.0,2025-06-04T22:54:44.956239104Z
11757.6,98.6,83.6,1012.3800000000001,0.0,1.064,19.44,263.02,1.06,4976.6,-95.4,-1.1600000000000001,1.0,2025-06-04T23:04:44.523217408Z
11759.4,97.8,82.4,1012.4599999999998,0.0,1.064,19.3,271.52,1.0,4978.4,-91.6,4.76,1.0,2025-06-04T23:14:44.508901632Z
11761.2,97.0,81.8,1012.5200000000001,0.0,1.064,19.4,274.82,1.1199999999999999,4980.2,-94.6,-0.5,1.0,2025-06-04T23:24:44.503136000Z
11763.0,97.0,78.8,1012.6,0.0,1.064,19.799999999999997,282.9,1.48,4982.0,-91.0,4.14,1.0,2025-06-04T23:34:44.492235520Z
11764.8,97.0,78.6,1012.6,0.0,1.064,19.6,265.53999999999996,1.3,4983.8,-91.0,4.12,1.0,2025-06-04T23:44:44.565082624Z
9901.0,97.0,78.0,1012.375,0.0,0.89,19.650000000000002,258.925,1.075,4178.25,-88.75,4.8,1.0,2025-06-04T23:54:19.451794944Z
11768.0,96.8,80.6,1012.6,0.0,1.064,19.24,237.56,0.9199999999999999,4987.4,-92.0,4.8,1.0,2025-06-05T00:04:44.461423360Z
11769.8,96.4,80.3,1012.5,0.0,1.064,19.2,239.06,1.06,4989.2,-92.0,4.56,1.0,2025-06-05T00:14:44.452253952Z
9906.0,96.25,77.875,1012.2250000000001,0.0,0.89,19.424999999999997,253.0,1.1,4183.5,-89.5,5.15,1.0,2025-06-05T00:24:19.428163328Z
11773.0,96.0,73.7,1012.3799999999999,0.0,1.064,19.900000000000002,250.14000000000001,1.58,4992.8,-91.6,4.2,1.0,2025-06-05T00:34:44.436252160Z
11774.8,96.0,70.4,1012.4,0.0,1.064,20.32,243.06,1.3,4994.6,-91.6,4.6,1.0,2025-06-05T00:44:44.432665088Z
9911.0,96.0,70.0,1012.275,0.0,0.89,20.275,249.84999999999997,1.225,4188.75,-90.0,4.6,1.0,2025-06-05T00:54:19.401050880Z
11778.0,95.8,71.4,1012.4800000000001,0.0,1.064,19.700000000000003,241.12000000000003,1.5999999999999999,4998.2,-90.0,2.3,1.0,2025-06-05T01:04:44.447201024Z
11779.8,95.6,71.5,1012.4799999999999,0.0,1.064,19.68,245.47999999999996,1.58,5000.0,-90.2,5.24,1.0,2025-06-05T01:14:44.401340928Z
11781.6,94.8,69.6,1012.3799999999999,0.0,1.064,19.639999999999997,258.4,1.12,5001.8,-94.4,-0.7200000000000003,1.0,2025-06-05T01:24:44.416713728Z
14571.5,94.5,70.5,1012.7,0.0,1.33,19.575000000000003,260.0,1.225,6223.5,-86.25,6.425,1.0,2025-06-05T01:33:57.664667648Z
9926.166666666666,94.33333333333333,70.91666666666667,1012.1666666666669,0.0,0.8866666666666667,19.166666666666664,254.0,0.8999999999999999,4191.833333333333,-94.5,2.1999999999999997,1.0,2025-06-05T01:43:35.919857664Z
9921.25,94.5,70.375,1012.125,0.0,0.895,19.275,271.3,0.8999999999999999,4199.25,-89.75,5.425,1.0,2025-06-05T01:54:19.342393856Z
11788.4,94.2,71.4,1012.28,0.0,1.072,18.779999999999998,248.42,0.8400000000000001,5009.0,-91.0,4.54,1.0,2025-06-05T02:04:44.807399680Z
11790.2,94.0,72.1,1012.28,0.0,1.078,18.56,245.21999999999997,1.06,5010.8,-91.8,3.5599999999999996,1.0,2025-06-05T02:14:44.361613824Z
9926.25,93.75,75.625,1012.1,0.0,0.9025,17.975,213.45,0.675,4204.5,-89.0,4.0,1.0,2025-06-05T02:24:19.318614016Z
11793.4,93.4,79.3,1012.4,0.0,1.084,17.34,133.28,0.7,5014.4,-91.6,4.4,1.0,2025-06-05T02:34:44.370627584Z
11795.2,93.4,79.0,1012.4399999999999,0.0,1.084,17.259999999999998,232.94,0.6599999999999999,5016.2,-91.0,4.220000000000001,1.0,2025-06-05T02:44:44.337853184Z
9931.25,93.5,81.375,1012.3,0.0,0.9025,16.75,204.89999999999998,0.875,4209.75,-88.0,4.675,1.0,2025-06-05T02:54:19.293734656Z
11798.4,93.0,82.5,1012.6199999999999,0.0,1.084,16.52,181.78000000000003,0.4,5019.8,-91.0,3.8,1.0,2025-06-05T03:04:44.323856128Z
11800.2,92.6,84.2,1012.6600000000001,0.0,1.084,16.22,197.46000000000004,0.96,5021.6,-90.4,5.4,1.0,2025-06-05T03:14:44.314766592Z
9936.25,92.25,83.75,1012.425,0.0,0.9025,16.125,131.525,0.7,4215.0,-88.5,5.1,1.0,2025-06-05T03:24:19.277020928Z
11803.4,92.0,84.1,1012.5799999999999,0.0,1.084,16.12,178.0,0.72,5025.2,-92.4,5.4,1.0,2025-06-05T03:34:44.324558336Z
11805.2,92.0,83.9,1012.5799999999999,0.0,1.084,16.160000000000004,178.74,0.78,5027.0,-91.2,3.8,1.0,2025-06-05T03:44:44.307938816Z
9941.25,92.0,83.375,1012.375,0.0,0.9025,16.225,228.0,0.5249999999999999,4220.25,-90.0,6.325,1.0,2025-06-05T03:54:19.247555328Z
11808.4,92.0,84.3,1012.5799999999999,0.0,1.084,16.28,172.88,0.6,5030.6,-91.6,4.9,1.0,2025-06-05T04:04:44.284616192Z
11810.2,91.6,83.3,1012.76,0.0,1.084,16.560000000000002,185.85999999999999,0.82,5032.4,-89.8,3.4,1.0,2025-06-05T04:14:44.274432512Z
9946.25,91.25,83.5,1012.675,0.0,0.9025,16.674999999999997,184.375,0.575,4225.5,-90.0,4.525,1.0,2025-06-05T04:24:19.223953408Z
11813.4,91.2,84.1,1012.9200000000001,0.0,1.084,16.86,242.02000000000004,0.48,5036.0,-91.2,4.9,1.0,2025-06-05T04:34:44.257948672Z
11815.2,91.0,83.6,1012.8399999999999,0.0,1.084,17.32,153.95999999999998,0.78,5037.8,-91.2,4.9399999999999995,1.0,2025-06-05T04:44:44.288968192Z
9951.25,91.0,78.75,1012.7250000000001,0.0,0.9025,18.200000000000003,179.9,1.15,4230.75,-88.25,4.3,1.0,2025-06-05T04:54:19.201206016Z
14610.0,91.0,77.125,1013.3000000000001,0.0,1.3550000000000002,19.1,190.25,1.2999999999999998,6265.5,-87.0,6.65,1.0,2025-06-05T05:03:57.516274688Z
9958.833333333334,91.16666666666667,73.33333333333333,1012.8000000000001,0.0,0.9033333333333334,19.599999999999998,177.93333333333337,1.3333333333333333,4226.833333333333,-93.5,2.4333333333333336,1.0,2025-06-05T05:13:35.756502784Z
9956.25,92.0,70.75,1012.875,0.0,0.9025,20.075000000000003,153.39999999999998,1.0,4236.0,-87.5,2.55,1.0,2025-06-05T05:24:19.720798208Z
11823.4,92.2,72.4,1013.22,0.0,1.084,20.2,221.92000000000002,0.74,5046.8,-91.2,4.38,1.0,2025-06-05T05:34:44.231045376Z
11825.2,92.6,73.9,1013.4800000000001,0.0,1.088,20.5,291.46,1.14,5048.6,-88.6,1.06,1.0,2025-06-05T05:44:44.221775360Z
9961.25,92.5,69.25,1013.225,0.0,0.9075,21.25,265.85,1.0,4241.25,-88.75,5.525,1.0,2025-06-05T05:54:19.149264384Z
11828.4,92.6,69.4,1013.3399999999999,0.0,1.088,21.3,300.58,1.26,5052.2,-91.4,2.94,1.0,2025-06-05T06:04:44.196783616Z
11830.2,92.6,66.9,1013.2199999999999,0.0,1.088,21.66,209.0,1.02,5054.0,-91.2,3.6399999999999997,1.0,2025-06-05T06:14:44.175194880Z
9966.25,94.0,63.875,1013.175,0.0,0.91,22.175,175.2,0.925,4246.5,-90.0,1.4249999999999998,1.0,2025-06-05T06:24:19.665931008Z
11833.4,95.4,64.4,1013.78,0.0,1.092,22.36,209.82,1.7600000000000002,5057.6,-92.0,4.18,1.0,2025-06-05T06:34:44.171773952Z
11835.2,96.2,65.7,1013.9799999999999,0.0,1.092,22.48,219.76000000000005,1.2,5059.4,-91.6,4.6,1.0,2025-06-05T06:44:44.154935040Z
9971.25,96.0,58.875,1013.375,0.0,0.9125000000000001,23.425,119.4,0.8999999999999999,4251.75,-87.5,4.1,1.0,2025-06-05T06:54:19.101776128Z
11838.4,96.2,57.9,1013.26,0.0,1.092,24.1,82.78,1.3800000000000001,5063.0,-92.2,4.32,1.0,2025-06-05T07:04:44.141123840Z
11840.2,96.2,54.9,1013.0799999999999,0.0,1.092,24.660000000000004,127.28,1.3800000000000001,5064.8,-91.4,4.66,1.0,2025-06-05T07:14:44.136383488Z
9976.25,97.25,51.75,1012.875,0.0,0.9125000000000001,24.875,154.625,2.0,4257.0,-89.75,4.125,1.0,2025-06-05T07:24:19.077544704Z
11843.4,98.8,52.5,1012.9799999999999,0.0,1.092,24.86,145.8,1.8399999999999999,5068.4,-90.2,3.7600000000000002,1.0,2025-06-05T07:34:44.136744192Z
11845.2,100.0,44.3,1012.9400000000002,0.0,1.092,25.7,176.64000000000001,3.2600000000000002,5070.2,-91.4,3.9799999999999995,1.0,2025-06-05T07:44:44.127287808Z
11847.0,100.0,44.3,1013.0,0.0,1.092,25.7,175.35999999999999,2.7,5072.0,-93.8,-1.2199999999999995,1.0,2025-06-05T07:54:44.128739328Z
11848.8,100.0,43.9,1013.1,0.0,1.092,25.440000000000005,183.6,2.2800000000000002,5073.8,-92.0,4.76,1.0,2025-06-05T08:04:44.102407680Z
11850.6,100.0,46.2,1013.2199999999999,0.0,1.092,25.419999999999998,190.02,1.94,5075.6,-88.8,2.7199999999999998,1.0,2025-06-05T08:14:44.098019072Z
9986.5,100.0,45.625,1013.1500000000001,0.0,0.9125000000000001,25.525,203.025,2.1,4267.5,-89.25,4.3,1.0,2025-06-05T08:24:19.047929344Z
11853.8,100.0,44.2,1013.4200000000001,0.0,1.092,25.7,196.71999999999997,1.8399999999999999,5079.2,-91.0,3.6400000000000006,1.0,2025-06-05T08:34:44.092305408Z
11855.6,100.0,47.2,1013.4799999999999,0.0,1.092,25.46,213.67999999999998,1.3599999999999999,5081.0,-92.6,3.7600000000000002,1.0,2025-06-05T08:44:44.521893888Z
9991.5,100.0,44.125,1013.3000000000001,0.0,0.9125000000000001,25.375,196.375,2.05,4272.75,-88.0,2.3999999999999995,1.0,2025-06-05T08:54:19.020956416Z
11858.8,100.0,45.7,1013.4,0.0,1.092,25.7,187.73999999999998,1.92,5084.6,-92.8,2.7,1.0,2025-06-05T09:04:44.063212288Z
11860.6,100.0,60.4,2121.2799999999997,51.0,131.79999999999998,20.639999999999997,145.76,1312.22,5086.4,-90.6,3.3,1.0,2025-06-05T09:14:44.893953536Z
9996.5,100.0,43.625,1013.1500000000001,0.0,0.9125000000000001,25.825000000000003,182.45,1.625,4278.0,-89.5,4.0,1.0,2025-06-05T09:24:18.987233792Z
11863.8,100.0,43.5,1013.3,0.0,1.1019999999999999,26.139999999999997,188.82,1.8,5090.0,-91.8,3.0199999999999996,1.0,2025-06-05T09:34:44.068850944Z
11865.6,100.0,41.9,1013.2800000000001,0.0,1.1119999999999999,26.380000000000003,180.40000000000003,1.98,5091.8,-90.2,3.72,1.0,2025-06-05T09:44:44.044918272Z
10001.5,100.0,40.25,1013.0250000000001,0.0,0.9375,26.65,180.45,1.8,4283.25,-89.5,4.7,1.0,2025-06-05T09:54:18.967974912Z
11868.8,100.0,42.0,1013.24,0.0,1.1119999999999999,27.22,178.66,1.32,5095.4,-91.4,3.3199999999999994,1.0,2025-06-05T10:04:44.025166336Z
11870.6,100.0,39.7,1013.1600000000001,0.0,1.1119999999999999,27.880000000000003,151.9,1.8199999999999998,5097.2,-92.8,3.84,1.0,2025-06-05T10:14:44.022466816Z
10006.5,100.0,39.0,1013.0,0.0,0.9375,28.0,155.05,1.95,4288.5,-90.75,4.25,1.0,2025-06-05T10:24:18.948634368Z
11873.8,100.0,37.8,1013.1199999999999,0.0,0.202,28.3,157.48,2.1399999999999997,5100.8,-92.2,4.540000000000001,1.0,2025-06-05T10:34:44.014247680Z
11875.6,100.0,36.7,1013.2,0.0,0.004,28.2,158.95999999999998,1.94,5102.6,-91.8,3.5599999999999996,1.0,2025-06-05T10:44:44.449706752Z
10011.5,100.0,37.625,1013.0250000000001,0.0,0.005,27.9,130.325,2.525,4293.75,-90.25,4.55,1.0,2025-06-05T10:54:18.930489856Z
11878.8,100.0,36.3,1013.18,0.0,0.004,28.419999999999998,179.1,2.44,5106.2,-92.4,4.4399999999999995,1.0,2025-06-05T11:04:43.987162368Z
11880.6,100.0,37.9,1013.0799999999999,0.0,0.004,28.660000000000004,142.16000000000003,1.6600000000000001,5108.0,-91.4,3.3599999999999994,1.0,2025-06-05T11:14:43.987009024Z
10016.5,100.0,37.375,1012.8,0.0,0.005,28.875,134.1,2.0,4299.0,-90.5,5.05,1.0,2025-06-05T11:24:18.902451712Z
11883.8,100.0,36.4,1012.78,0.0,0.004,29.18,115.16,2.3800000000000003,5111.6,-93.0,3.54,1.0,2025-06-05T11:34:43.986592256Z
11885.6,100.0,36.1,1012.8,0.0,0.004,29.259999999999998,138.56,2.3200000000000003,5113.4,-93.0,4.2,1.0,2025-06-05T11:44:43.980939776Z
10021.5,100.0,38.5,1012.625,0.0,0.01,29.375,125.35,1.7000000000000002,4304.25,-89.25,3.7249999999999996,1.0,2025-06-05T11:54:18.896233984Z
11888.8,100.0,37.0,1012.6,0.0,0.016,29.54,140.0,2.38,5117.0,-91.2,3.8600000000000003,1.0,2025-06-05T12:04:43.966117120Z
11890.6,100.0,37.5,1012.5200000000001,0.0,0.016,29.7,140.76,2.46,5118.8,-93.0,3.8200000000000003,1.0,2025-06-05T12:14:43.959717120Z
10026.5,100.0,38.625,1012.25,0.0,0.030000000000000002,29.575,168.70000000000002,1.725,4309.5,-90.0,4.825,1.0,2025-06-05T12:24:18.877724672Z
11893.8,100.0,39.9,1012.36,0.0,0.024,29.6,150.52,1.98,5122.4,-90.6,3.6799999999999997,1.0,2025-06-05T12:34:43.951900672Z
11895.6,100.0,38.1,1012.3399999999999,0.0,0.024,29.979999999999997,151.28000000000003,2.3199999999999994,5124.2,-91.6,3.8800000000000003,1.0,2025-06-05T12:44:43.949357056Z
10031.5,100.0,38.625,1012.25,0.0,0.030000000000000002,29.650000000000002,204.45,1.4,4314.75,-88.5,3.625,1.0,2025-06-05T12:54:18.868365312Z
11898.8,100.0,39.0,1012.3799999999999,0.0,0.024,29.68,184.44,2.5,5127.8,-92.0,3.34,1.0,2025-06-05T13:04:43.942970880Z
11900.6,100.0,41.2,1012.3799999999999,0.0,0.024,29.04,182.44,2.1199999999999997,5129.6,-91.2,4.38,1.0,2025-06-05T13:14:43.930520064Z
10036.5,100.0,43.125,1012.15,0.0,0.030000000000000002,28.874999999999996,179.9,2.4000000000000004,4320.0,-90.0,2.75,1.0,2025-06-05T13:24:18.844798464Z
11903.8,100.0,59.5,2120.48,51.0,131.084,22.96,147.22,1313.7800000000002,5133.2,-91.4,4.2,1.0,2025-06-05T13:34:44.741104640Z
11905.6,100.0,44.4,1012.24,0.0,0.024,28.360000000000003,195.28000000000003,4.0,5135.0,-90.8,1.98,1.0,2025-06-05T13:44:44.355529984Z
10041.5,100.0,45.75,1012.0250000000001,0.0,0.030000000000000002,28.075000000000003,185.45000000000002,3.6,4325.25,-88.75,4.025,1.0,2025-06-05T13:54:18.833816832Z
11908.8,100.0,45.8,1012.1200000000001,0.0,0.033999999999999996,28.359999999999996,194.24,3.4199999999999995,5138.6,-92.6,4.42,1.0,2025-06-05T14:04:43.911503360Z
11910.6,100.0,45.1,1012.04,0.0,0.036,29.160000000000004,189.84,4.58,5140.4,-92.4,4.64,1.0,2025-06-05T14:14:44.337015552Z
10046.5,100.0,43.375,1011.85,0.0,0.04,29.4,187.125,4.8,4330.5,-90.0,3.8,1.0,2025-06-05T14:24:18.815494912Z
11913.8,100.0,42.7,1011.8799999999999,0.0,0.036,29.439999999999998,190.23999999999998,4.8,5144.0,-90.2,4.359999999999999,1.0,2025-06-05T14:34:43.889905920Z
11915.6,100.0,44.1,1011.7,0.0,0.036,29.520000000000003,187.42000000000002,4.639999999999999,5145.8,-92.2,4.9,1.0,2025-06-05T14:44:43.888086528Z
10051.5,100.0,43.875,1011.5999999999999,0.0,0.04,29.425,192.8,5.425000000000001,4335.75,-89.0,4.175,1.0,2025-06-05T14:54:18.795165696Z
11918.8,100.0,44.1,1011.6600000000001,0.0,0.036,29.459999999999997,189.48,4.76,5149.4,-90.6,4.1,1.0,2025-06-05T15:04:43.894442496Z
11920.6,100.0,44.7,1011.6600000000001,0.0,0.036,29.32,190.8,4.5600000000000005,5151.2,-90.2,4.64,1.0,2025-06-05T15:14:43.868604928Z
10056.5,100.0,45.0,1011.5250000000001,0.0,0.04,29.225,186.02499999999998,3.275,4341.0,-88.75,4.225,1.0,2025-06-05T15:24:18.784104192Z
11923.8,100.0,44.7,1011.64,0.0,0.036,29.28,193.48,3.8,5154.8,-92.0,3.2,1.0,2025-06-05T15:34:43.862428928Z
14728.0,100.0,44.75,1011.95,0.0,0.04,29.450000000000003,190.2,4.5,6393.5,-86.25,6.75,1.0,2025-06-05T15:43:57.146730496Z
8192.4,100.0,47.2,1011.24,0.0,0.036,28.639999999999997,194.24,4.16,3518.8,-93.2,3.5200000000000005,1.0,2025-06-05T15:53:01.586287616Z
14731.5,100.0,46.375,1011.925,0.0,0.04,28.924999999999997,198.22499999999997,3.9999999999999996,6397.5,-87.0,6.475,1.0,2025-06-05T16:03:57.138736384Z
10061.833333333334,100.0,48.5,1011.4333333333333,0.0,0.03333333333333333,28.5,196.9,3.0833333333333335,4336.833333333333,-95.66666666666667,2.75,1.0,2025-06-05T16:13:35.351880704Z
10066.5,100.0,47.875,1011.5,0.0,0.04,28.45,203.45,3.725,4351.5,-89.75,5.55,1.0,2025-06-05T16:24:18.749550336Z
11933.8,100.0,49.2,1011.6,0.0,0.036,28.18,187.38000000000002,4.28,5165.6,-91.8,4.380000000000001,1.0,2025-06-05T16:34:43.825393408Z
11935.6,100.0,49.9,1011.6,0.0,0.036,27.9,194.44,4.3,5167.4,-92.2,4.76,1.0,2025-06-05T16:44:43.827890944Z
10071.5,100.0,50.0,1011.4499999999999,0.0,0.04,27.675,191.825,4.0,4356.75,-90.25,4.275,1.0,2025-06-05T16:54:18.743217664Z
11938.8,100.0,52.0,1011.5599999999998,0.0,0.036,27.3,185.0,3.8200000000000003,5171.0,-92.4,2.5000000000000004,1.0,2025-06-05T17:04:43.819999232Z
11940.6,100.0,52.6,1011.54,0.0,0.036,27.0,186.52,3.4599999999999995,5172.8,-91.0,4.680000000000001,1.0,2025-06-05T17:14:43.827916288Z
10076.5,100.0,53.625,1011.35,0.0,0.04,26.825,193.6,3.825,4362.0,-89.5,3.3,1.0,2025-06-05T17:24:18.716681984Z
11943.8,100.0,54.6,1011.5200000000001,0.0,0.036,26.6,189.64000000000001,3.06,5176.4,-93.2,3.2600000000000002,1.0,2025-06-05T17:34:43.794994432Z
11945.6,100.0,55.5,1011.4200000000001,0.0,0.036,26.360000000000003,191.42,2.8200000000000003,5178.2,-91.4,3.3600000000000003,1.0,2025-06-05T17:44:43.792872960Z
10081.5,100.0,55.75,1011.225,0.0,0.04,26.150000000000002,188.0,3.0250000000000004,4367.25,-89.5,4.7,1.0,2025-06-05T17:54:18.699202816Z
11948.8,100.0,58.6,1011.46,0.0,0.036,25.72,200.88,2.7,5181.8,-92.0,4.26,1.0,2025-06-05T18:04:43.780903168Z
11950.6,100.0,60.3,1011.5,0.0,0.036,25.34,189.85999999999999,1.6599999999999997,5183.6,-92.8,4.2,1.0,2025-06-05T18:14:43.774610944Z
10086.5,100.0,61.875,1011.25,0.0,0.04,24.875,185.9,1.2,4372.5,-89.25,3.625,1.0,2025-06-05T18:24:18.697897216Z
11953.8,100.0,64.5,1011.4799999999999,0.0,0.036,24.2,195.98,0.9800000000000001,5187.2,-92.6,4.24,1.0,2025-06-05T18:34:43.778546176Z
11955.6,100.0,65.9,1011.5799999999999,0.0,0.036,23.740000000000002,176.24,0.6599999999999999,5189.0,-91.8,3.4,1.0,2025-06-05T18:44:43.758529280Z
10091.5,100.0,67.0,1011.6500000000001,0.0,0.04,23.349999999999998,181.425,0.9,4377.75,-89.75,2.8,1.0,2025-06-05T18:54:18.689316608Z
11958.8,100.0,68.3,1011.9799999999999,0.0,0.036,22.900000000000002,143.82,0.8600000000000001,5192.6,-91.0,2.4,1.0,2025-06-05T19:04:43.767480320Z
11960.6,100.0,69.1,1012.0600000000001,0.0,0.036,22.619999999999997,200.9,1.1,5194.4,-92.6,3.4799999999999995,1.0,2025-06-05T19:14:43.725648384Z
10096.5,100.0,69.375,1011.875,0.0,0.04,22.525,207.125,1.15,4383.0,-89.5,4.475,1.0,2025-06-05T19:24:18.650815744Z
10098.0,100.0,69.625,1012.075,0.0,0.04,22.4,195.27499999999998,1.3249999999999997,4385.0,-90.25,3.6500000000000004,1.0,2025-06-05T19:35:33.622344448Z
11965.2,100.0,70.2,1012.3199999999999,0.0,0.036,22.360000000000003,191.1,1.28,5199.8,-91.8,3.5,1.0,2025-06-05T19:44:43.720864256Z
11967.0,100.0,70.0,1012.36,0.0,0.032,22.26,179.24,1.6199999999999999,5201.6,-91.2,4.08,1.0,2025-06-05T19:54:43.741618944Z
10103.0,100.0,69.5,1012.1500000000001,0.0,0.035,22.375000000000004,182.925,1.8250000000000002,4390.25,-90.0,4.25,1.0,2025-06-05T20:05:33.604169728Z
11970.2,100.0,71.3,1012.4200000000001,0.0,0.032,21.900000000000002,172.83999999999997,1.3599999999999999,5205.2,-92.4,3.8600000000000003,1.0,2025-06-05T20:14:43.697235712Z
10106.25,100.0,72.375,1012.2750000000001,0.0,0.035,21.575,182.35000000000002,1.5000000000000002,4393.5,-90.5,3.75,1.0,2025-06-05T20:24:18.599401216Z
11973.4,100.0,74.4,1012.46,0.0,0.032,21.119999999999997,193.92,1.44,5208.8,-91.8,4.0200000000000005,1.0,2025-06-05T20:34:43.672572416Z
11975.2,100.0,74.6,1012.54,0.0,0.032,21.119999999999997,211.08,1.02,5210.6,-93.2,3.34,1.0,2025-06-05T20:44:44.102462720Z
10111.25,100.0,74.0,1012.425,0.0,0.035,21.1,221.95,1.35,4398.75,-90.25,4.5,1.0,2025-06-05T20:54:18.558943744Z
11978.4,100.0,76.3,1012.5799999999999,0.0,0.032,20.56,213.34,1.02,5214.2,-92.8,4.76,1.0,2025-06-05T21:04:44.078316544Z
11980.2,100.0,77.4,1012.6200000000001,0.0,0.032,20.2,214.34,0.86,5216.0,-91.6,4.220000000000001,1.0,2025-06-05T21:14:43.645143296Z
10116.25,100.0,78.125,1012.425,0.0,0.035,19.975,193.675,1.325,4404.0,-89.75,2.875,1.0,2025-06-05T21:24:18.537841664Z
11983.4,100.0,78.7,1012.72,0.0,0.032,19.9,202.68,1.04,5219.6,-92.6,4.0,1.0,2025-06-05T21:34:43.628995072Z
11985.2,100.0,79.0,1012.82,0.0,0.032,19.8,214.56,0.9600000000000002,5221.4,-92.2,3.9,1.0,2025-06-05T21:44:43.621126144Z
11987.0,100.0,79.9,1012.9200000000001,0.0,0.032,19.34,185.73999999999998,0.78,5223.2,-95.4,-1.44,1.0,2025-06-05T21:54:43.613925120Z
11988.8,100.0,80.1,1012.96,0.0,0.032,19.18,252.4,1.06,5225.0,-92.2,4.0600000000000005,1.0,2025-06-05T22:04:43.603267840Z
11990.6,100.0,79.1,1013.0799999999999,0.0,0.032,19.44,302.65999999999997,1.5000000000000002,5226.8,-93.6,3.46,1.0,2025-06-05T22:14:43.603480576Z
10126.5,100.0,77.25,1012.95,0.0,0.0375,19.674999999999997,295.925,1.1749999999999998,4414.5,-90.75,3.8500000000000005,1.0,2025-06-05T22:24:18.486157312Z
11993.8,100.0,79.7,1013.2,0.0,0.04,18.96,297.9,0.8400000000000001,5230.4,-91.0,4.5600000000000005,1.0,2025-06-05T22:34:43.581700608Z
11995.6,100.0,80.2,1013.22,0.0,0.041999999999999996,18.699999999999996,220.01999999999998,0.96,5232.2,-92.0,3.62,1.0,2025-06-05T22:44:43.586089728Z
10131.5,99.0,82.5,1013.05,0.0,0.042499999999999996,18.15,226.325,1.25,4419.75,-90.75,4.75,1.0,2025-06-05T22:54:18.472175616Z
10133.0,98.5,84.375,1013.125,0.0,0.042499999999999996,17.6,232.975,0.7999999999999999,4421.75,-88.5,3.8,1.0,2025-06-05T23:05:34.002042368Z
12000.2,98.0,85.5,1013.28,0.0,0.041999999999999996,17.24,234.2,0.6799999999999999,5237.6,-91.2,4.34,1.0,2025-06-05T23:14:43.557370368Z
10136.25,98.0,85.75,1013.125,0.0,0.042499999999999996,17.075,240.625,0.8,4425.0,-90.5,4.0,1.0,2025-06-05T23:24:18.443983616Z
12003.4,98.0,84.1,1013.3,0.0,0.041999999999999996,17.360000000000003,226.94,0.9400000000000001,5241.2,-93.0,3.2600000000000002,1.0,2025-06-05T23:34:43.532354560Z
12005.2,98.0,83.0,1013.3,0.0,0.041999999999999996,17.720000000000002,242.8,1.1400000000000001,5243.0,-93.0,4.2,1.0,2025-06-05T23:44:43.551025920Z
10141.25,97.75,83.125,1013.125,0.0,0.042499999999999996,17.575,252.375,1.15,4430.25,-90.5,5.05,1.0,2025-06-05T23:54:18.450341376Z
12008.4,97.4,84.6,1013.3,0.0,0.041999999999999996,17.3,234.2,0.8400000000000001,5246.6,-91.8,3.8,1.0,2025-06-06T00:04:43.510151936Z
12010.2,97.2,83.9,1013.36,0.0,0.041999999999999996,17.36,184.92,1.06,5248.4,-92.4,4.32,1.0,2025-06-06T00:14:43.502179840Z
10146.25,97.0,83.5,1013.2249999999999,0.0,0.0475,17.375,223.325,1.05,4435.5,-89.25,4.75,1.0,2025-06-06T00:24:18.416657408Z
12013.4,97.0,84.2,1013.5,0.0,0.05,17.22,210.51999999999998,0.5,5252.0,-92.0,4.24,1.0,2025-06-06T00:34:43.509258752Z
12015.2,97.0,85.2,1013.5,0.0,0.05,16.979999999999997,217.84,0.42000000000000004,5253.8,-93.0,4.779999999999999,1.0,2025-06-06T00:44:43.478312704Z
10151.25,96.75,86.875,1013.2750000000001,0.0,0.0475,16.65,179.575,0.675,4440.75,-90.25,4.075,1.0,2025-06-06T00:54:18.390058240Z
12018.4,96.6,87.9,1013.3800000000001,0.0,0.05,16.28,166.26000000000002,1.06,5257.4,-91.6,2.94,1.0,2025-06-06T01:04:43.465484800Z
12020.2,95.8,89.0,1013.4,0.0,0.05,15.979999999999999,188.44,1.0,5259.2,-91.8,4.4399999999999995,1.0,2025-06-06T01:14:43.475523328Z
10156.25,95.5,89.75,1013.2,0.0,0.0475,15.974999999999998,185.02499999999998,0.925,4446.0,-89.0,2.8499999999999996,1.0,2025-06-06T01:24:18.348142080Z
12023.4,95.4,89.6,1013.4199999999998,0.0,0.05,16.12,200.9,0.72,5262.8,-91.8,4.819999999999999,1.0,2025-06-06T01:34:43.454502400Z
12025.2,95.4,88.1,1013.3800000000001,0.0,0.05,16.3,202.54000000000002,0.8800000000000001,5264.6,-91.2,2.34,1.0,2025-06-06T01:44:43.471817728Z
10161.25,95.0,87.5,1013.0999999999999,0.0,0.0475,16.475,214.85,0.825,4451.25,-89.75,5.175,1.0,2025-06-06T01:54:18.333362944Z
12028.4,94.6,87.6,1013.32,0.0,0.05,16.299999999999997,263.34000000000003,0.8200000000000001,5268.2,-91.8,3.6399999999999997,1.0,2025-06-06T02:04:43.433057792Z
12030.2,94.4,88.1,1013.28,0.0,0.05,16.04,260.15999999999997,0.78,5270.0,-90.0,1.7600000000000002,1.0,2025-06-06T02:14:43.444452864Z
10166.25,94.0,88.625,1013.1,0.0,0.0475,15.9,220.04999999999998,0.5,4456.5,-89.25,4.625,1.0,2025-06-06T02:24:18.293384192Z
12033.4,94.0,90.4,1013.26,0.0,0.064,15.580000000000002,157.56,0.5,5273.6,-91.6,4.159999999999999,1.0,2025-06-06T02:34:43.414047744Z
12035.2,94.0,91.2,1013.32,0.0,0.072,15.320000000000002,172.28000000000003,0.7,5275.4,-92.4,4.84,1.0,2025-06-06T02:44:43.427547136Z
12037.0,94.0,91.9,1013.4599999999998,0.0,0.078,15.180000000000001,203.84,0.44000000000000006,5277.2,-91.0,1.86,1.0,2025-06-06T02:54:43.385255936Z
12038.8,93.6,92.4,1013.54,0.0,0.078,15.14,206.18,0.38,5279.0,-92.4,4.26,1.0,2025-06-06T03:04:43.442579456Z
12040.6,93.6,92.8,1013.54,0.0,0.078,14.920000000000002,160.35999999999999,0.6599999999999999,5280.8,-91.8,4.52,1.0,2025-06-06T03:14:43.389816320Z
10176.5,92.75,93.375,1013.375,0.0,0.065,14.899999999999999,151.27499999999998,0.5,4467.0,-89.5,3.925,1.0,2025-06-06T03:24:18.278996992Z
12043.8,92.8,93.4,1013.6600000000001,0.0,0.078,14.88,183.76000000000002,0.8400000000000001,5284.4,-90.6,3.3400000000000007,1.0,2025-06-06T03:34:43.375591424Z
12045.6,92.8,93.4,1013.64,0.0,0.078,15.0,178.6,0.72,5286.2,-91.2,4.0600000000000005,1.0,2025-06-06T03:44:43.383946752Z
12047.4,92.8,92.9,1013.7,0.0,0.078,15.280000000000001,219.8,0.7,5288.0,-92.6,-0.9,1.0,2025-06-06T03:54:43.343690496Z
10183.25,92.25,91.375,1013.6500000000001,0.0,0.065,15.725,237.72500000000002,0.8,4474.0,-89.25,4.525,1.0,2025-06-06T04:04:18.253442560Z
12050.6,92.4,90.4,1014.0,0.0,0.078,16.28,209.54000000000002,0.72,5291.6,-89.4,1.44,1.0,2025-06-06T04:14:43.349875968Z
10186.5,92.25,88.625,1013.825,0.0,0.065,17.05,201.64999999999998,0.5499999999999999,4477.5,-90.75,4.775,1.0,2025-06-06T04:24:18.216314368Z
12053.8,92.0,87.7,1014.04,0.0,0.078,17.640000000000004,197.0,0.78,5295.2,-91.2,4.54,1.0,2025-06-06T04:34:43.318787840Z
12055.6,92.0,85.2,1014.0200000000001,0.0,0.078,18.419999999999998,200.28000000000003,0.9800000000000001,5297.0,-90.6,3.94,1.0,2025-06-06T04:44:43.317924096Z
10191.5,92.0,83.0,1013.9,0.0,0.065,19.3,205.04999999999998,1.0250000000000001,4482.75,-89.5,4.925,1.0,2025-06-06T04:54:18.187491840Z
12058.8,92.2,82.4,1014.2,0.0,0.078,19.880000000000003,269.16,0.9,5300.6,-93.6,3.66,1.0,2025-06-06T05:04:43.306909184Z
12060.6,92.4,79.0,1014.28,0.0,0.078,20.5,240.24,1.06,5302.4,-94.8,-0.3,1.0,2025-06-06T05:14:43.295269632Z
10196.5,92.75,75.75,1014.1500000000001,0.0,0.065,21.175,236.225,1.2,4488.0,-90.0,4.9,1.0,2025-06-06T05:24:18.168111104Z
12063.8,93.4,75.3,1014.3399999999999,0.0,0.082,21.82,251.23999999999995,1.0400000000000003,5306.0,-92.0,1.7999999999999996,1.0,2025-06-06T05:34:43.282595840Z
12065.6,93.4,71.7,1014.3399999999999,0.0,0.082,22.439999999999998,266.24000000000007,0.78,5307.8,-91.6,3.22,1.0,2025-06-06T05:44:43.267779584Z
10201.5,93.25,67.125,1014.1750000000001,0.0,0.0675,23.299999999999997,221.725,0.975,4493.25,-90.25,4.825,1.0,2025-06-06T05:54:18.140859904Z
12068.8,93.6,65.5,1014.4400000000002,0.0,0.092,23.839999999999996,191.04,0.8799999999999999,5311.4,-91.2,3.44,1.0,2025-06-06T06:04:43.261343232Z
12070.6,93.8,64.4,1014.5799999999999,0.0,0.094,24.0,245.74,1.32,5313.2,-91.4,2.92,1.0,2025-06-06T06:14:43.243121920Z
10206.5,94.75,64.125,1014.5250000000001,0.0,0.07500000000000001,24.2,252.35,1.425,4498.5,-90.75,3.3,1.0,2025-06-06T06:24:18.118202368Z
12073.8,96.2,63.1,1014.72,0.0,0.094,24.4,256.52,1.1600000000000001,5316.8,-92.0,4.82,1.0,2025-06-06T06:34:43.240967168Z
12075.6,96.2,60.8,1014.76,0.0,0.094,24.72,238.2,1.4200000000000002,5318.6,-92.4,4.54,1.0,2025-06-06T06:44:43.246602240Z
10211.5,95.75,59.5,1014.6750000000001,0.0,0.07500000000000001,25.15,250.07500000000002,1.5,4503.75,-90.25,3.95,1.0,2025-06-06T06:54:18.079381504Z
12078.8,97.2,59.0,1014.9,0.0,0.094,25.44,258.4599999999999,1.3,5322.2,-91.2,3.2,1.0,2025-06-06T07:04:43.219478016Z
12080.6,98.2,56.3,1014.9200000000001,0.0,0.10200000000000001,25.72,276.12,1.44,5324.0,-91.2,4.28,1.0,2025-06-06T07:14:43.216230912Z
10216.5,98.25,55.875,1014.75,0.0,0.085,25.849999999999998,256.15,1.4,4509.0,-89.75,5.525,1.0,2025-06-06T07:24:18.053987072Z
12083.8,99.6,56.0,1014.8799999999999,0.0,0.10200000000000001,26.119999999999997,258.88,1.7399999999999998,5327.6,-92.4,3.6399999999999997,1.0,2025-06-06T07:34:43.206874112Z
12085.6,99.6,54.9,1014.86,0.0,0.118,26.28,273.48,1.7600000000000002,5329.4,-92.4,4.04,1.0,2025-06-06T07:44:43.189259776Z
10221.5,99.5,54.75,1014.7,0.0,0.10500000000000001,26.500000000000004,282.15,1.975,4514.25,-89.75,3.3,1.0,2025-06-06T07:54:18.044457728Z
12088.8,99.6,54.0,1014.8399999999999,0.0,0.13399999999999998,26.580000000000002,298.56,2.2600000000000002,5333.0,-93.0,4.4399999999999995,1.0,2025-06-06T08:04:43.177183744Z
12090.6,100.0,51.7,1014.96,0.0,0.13399999999999998,26.860000000000003,266.71999999999997,1.52,5334.8,-92.4,3.6799999999999997,1.0,2025-06-06T08:14:43.169417984Z
10226.5,100.0,50.5,1014.775,0.0,0.10500000000000001,27.225,269.275,2.2,4519.5,-88.5,4.75,1.0,2025-06-06T08:24:18.580176640Z
12093.8,100.0,51.3,1014.9200000000001,0.0,0.13599999999999998,27.04,250.33999999999997,1.9,5338.4,-92.8,4.42,1.0,2025-06-06T08:34:43.175820032Z
12095.6,100.0,50.4,1014.9,0.0,0.13799999999999998,27.139999999999997,254.86000000000004,1.46,5340.2,-92.0,2.4,1.0,2025-06-06T08:44:43.176371712Z
10231.5,100.0,48.0,1014.725,0.0,0.10750000000000001,27.549999999999997,251.875,1.35,4524.75,-89.5,3.075,1.0,2025-06-06T08:54:18.539945472Z
12098.8,100.0,49.1,1014.9,0.0,0.13799999999999998,27.82,219.76,1.26,5343.8,-91.6,3.66,1.0,2025-06-06T09:04:43.181139456Z
12100.6,100.0,46.3,1015.0,0.0,0.13799999999999998,27.659999999999997,311.12,2.12,5345.6,-90.4,3.28,1.0,2025-06-06T09:14:43.136789760Z
10236.5,100.0,46.25,1014.85,0.0,0.10750000000000001,27.825000000000003,289.95000000000005,1.525,4530.0,-90.25,3.75,1.0,2025-06-06T09:24:18.002981632Z
12103.8,100.0,46.0,1014.9,0.0,0.13799999999999998,27.96,253.9,1.64,5349.2,-92.4,3.8600000000000003,1.0,2025-06-06T09:34:43.155045632Z
12105.6,100.0,45.7,1014.8799999999999,0.0,0.13799999999999998,28.18,155.76,1.38,5351.0,-92.6,3.6,1.0,2025-06-06T09:44:43.569981952Z
12107.4,100.0,46.2,1014.8799999999999,0.0,0.13799999999999998,28.8,195.46,1.22,5352.8,-90.8,3.6399999999999997,1.0,2025-06-06T09:54:43.136109312Z
12109.2,100.0,44.8,1014.86,0.0,0.13799999999999998,28.6,205.71999999999997,0.7000000000000001,5354.6,-91.2,3.3,1.0,2025-06-06T10:04:43.114750208Z
10245.0,100.0,44.125,1014.7,0.0,0.10750000000000001,28.6,249.925,1.7999999999999998,4539.0,-90.5,2.7,1.0,2025-06-06T10:15:32.970691840Z
10246.5,100.0,44.875,1014.725,0.0,0.10750000000000001,28.35,243.9,1.7000000000000002,4540.5,-90.75,3.9749999999999996,1.0,2025-06-06T10:24:17.944898560Z
12113.8,100.0,45.5,1014.86,0.0,0.018,28.1,247.94,1.4,5360.0,-92.2,4.8,1.0,2025-06-06T10:34:43.531186944Z
10249.75,100.0,45.625,1014.7,0.0,0.0025,28.25,226.9,1.7,4544.0,-90.0,3.925,1.0,2025-06-06T10:44:17.965695488Z
13391.333333333334,100.0,46.666666666666664,1015.0666666666666,0.0,0.0,28.600000000000005,239.63333333333333,1.5999999999999999,5953.0,-81.33333333333333,6.833333333333333,1.0,2025-06-06T10:53:07.302852608Z
12118.2,100.0,44.6,1014.74,0.0,0.002,28.439999999999998,142.78,1.3599999999999999,5365.2,-91.2,3.54,1.0,2025-06-06T11:02:43.516299008Z
10238.833333333334,100.0,45.75,1014.4666666666667,0.0,0.0033333333333333335,28.26666666666667,130.48333333333332,1.616666666666667,4526.833333333333,-95.66666666666667,2.066666666666667,1.0,2025-06-06T11:13:34.559483904Z
10256.25,100.0,45.25,1014.45,0.0,0.0025,28.575000000000003,117.375,1.025,4551.0,-89.5,3.5999999999999996,1.0,2025-06-06T11:24:17.937465344Z
12123.4,100.0,43.6,1014.5,0.0,0.01,29.26,69.7,1.06,5370.8,-93.0,3.78,1.0,2025-06-06T11:34:43.183534848Z
12125.2,100.0,44.0,1014.3799999999999,0.0,0.01,29.28,112.9,1.32,5372.6,-91.8,4.34,1.0,2025-06-06T11:44:43.069997568Z
10261.25,100.0,43.625,1014.1750000000001,0.0,0.0075,29.400000000000002,203.525,1.35,4556.25,-88.5,4.15,1.0,2025-06-06T11:54:17.909686784Z
12128.4,100.0,43.1,1014.3399999999999,0.0,0.01,29.580000000000002,153.22,1.1400000000000001,5376.2,-91.2,1.7399999999999998,1.0,2025-06-06T12:04:43.064018688Z
12130.2,100.0,42.3,1014.28,0.0,0.01,29.879999999999995,111.97999999999999,1.48,5378.0,-90.0,3.56,1.0,2025-06-06T12:14:43.046468864Z
10266.25,100.0,43.75,1014.075,0.0,0.0075,30.15,110.775,1.65,4561.5,-89.75,4.25,1.0,2025-06-06T12:24:18.435075072Z
12133.4,100.0,42.4,1014.14,0.0,0.01,30.259999999999998,120.3,1.72,5381.6,-92.4,4.1,1.0,2025-06-06T12:34:43.043019776Z
12135.2,100.0,42.5,1014.1,0.0,0.01,30.380000000000003,133.94,2.1799999999999997,5383.4,-92.6,3.0,1.0,2025-06-06T12:44:43.044968960Z
10271.25,100.0,43.125,1013.9749999999999,0.0,0.0075,30.200000000000003,137.70000000000002,1.5,4566.75,-91.25,4.550000000000001,1.0,2025-06-06T12:54:17.899625728Z
12138.4,100.0,40.6,1014.04,0.0,0.01,30.779999999999994,123.84,1.92,5387.0,-91.8,3.62,1.0,2025-06-06T13:04:43.033954816Z
12140.2,100.0,42.8,1013.96,0.0,0.01,30.119999999999997,141.78000000000003,1.42,5388.8,-92.4,4.02,1.0,2025-06-06T13:14:43.052424704Z
10276.25,100.0,44.375,1013.75,0.0,0.0075,29.849999999999998,144.9,1.675,4572.0,-88.5,4.75,1.0,2025-06-06T13:24:17.859578624Z
12143.4,100.0,44.8,1013.8399999999999,0.0,0.01,29.439999999999998,125.25999999999999,1.3400000000000003,5392.4,-92.8,3.62,1.0,2025-06-06T13:34:43.047584512Z
12145.2,100.0,44.7,1013.8399999999999,0.0,0.01,29.04,147.06,1.6799999999999997,5394.2,-91.6,2.66,1.0,2025-06-06T13:44:43.026502912Z
12147.0,100.0,44.1,1013.78,0.0,0.01,29.540000000000003,159.78000000000003,1.1,5396.0,-92.8,4.32,1.0,2025-06-06T13:54:42.998820352Z
12148.8,100.0,44.2,1013.74,0.0,0.01,30.1,146.78,2.2,5397.8,-91.8,2.8199999999999994,1.0,2025-06-06T14:04:43.025903872Z
12150.6,100.0,42.4,1013.6800000000001,0.0,0.01,30.619999999999997,156.66,2.0,5399.6,-92.4,4.4,1.0,2025-06-06T14:14:43.003442688Z
10286.5,100.0,44.0,1013.4749999999999,0.0,0.0075,30.400000000000002,154.275,1.7499999999999998,4582.5,-88.5,3.55,1.0,2025-06-06T14:24:17.836073984Z
12153.8,100.0,44.2,1013.6200000000001,0.0,0.01,29.98,167.9,1.6199999999999999,5403.2,-90.2,2.5800000000000005,1.0,2025-06-06T14:34:43.003554560Z
12155.6,100.0,45.0,1013.5400000000002,0.0,0.01,29.639999999999997,180.6,1.9,5405.0,-92.6,3.88,1.0,2025-06-06T14:44:43.001451008Z
12157.4,100.0,44.7,1013.4,0.0,0.01,29.76,158.64,2.0200000000000005,5406.8,-93.0,4.76,1.0,2025-06-06T14:54:43.854155264Z
12159.2,100.0,45.1,1013.3399999999999,0.0,0.01,29.8,153.8,2.1399999999999997,5408.6,-91.6,3.3,1.0,2025-06-06T15:04:42.982214400Z
12161.0,100.0,43.8,1013.32,0.0,0.01,29.939999999999998,175.84,2.5200000000000005,5410.4,-92.4,3.94,1.0,2025-06-06T15:14:42.976369920Z
10296.75,100.0,43.5,1013.075,0.0,0.0075,29.9,198.05,3.25,4593.0,-89.5,3.9749999999999996,1.0,2025-06-06T15:24:17.812599296Z
12164.2,100.0,42.6,1013.14,0.0,0.01,30.1,192.71999999999997,4.32,5414.0,-92.8,4.3,1.0,2025-06-06T15:34:42.974958336Z
12166.0,100.0,41.4,1013.1199999999999,0.0,0.01,30.479999999999997,208.16,3.8599999999999994,5415.8,-92.8,3.84,1.0,2025-06-06T15:44:43.012048384Z
12167.8,100.0,43.4,1013.14,0.0,0.01,29.940000000000005,201.4,2.6599999999999997,5417.6,-92.2,4.380000000000001,1.0,2025-06-06T15:54:42.947441664Z
10303.5,100.0,45.0,1012.875,0.0,0.0075,29.075,189.02499999999998,2.75,4600.0,-89.75,4.825,1.0,2025-06-06T16:04:17.782822912Z
12171.0,100.0,46.2,1012.96,0.0,0.01,29.060000000000002,211.84,2.1799999999999997,5421.2,-92.6,3.88,1.0,2025-06-06T16:14:42.946676992Z
12172.8,100.0,45.0,1012.9400000000002,0.0,0.01,29.28,196.45999999999998,2.9399999999999995,5423.0,-91.2,3.34,1.0,2025-06-06T16:24:42.939728384Z
10308.5,100.0,43.25,1012.75,0.0,0.0075,29.474999999999998,197.02499999999998,2.725,4605.25,-91.0,3.25,1.0,2025-06-06T16:34:17.772427008Z
12176.0,100.0,43.1,1012.9,0.0,0.01,29.6,210.0,2.88,5426.6,-92.8,4.62,1.0,2025-06-06T16:44:42.931399680Z
10311.75,100.0,43.75,1012.8,0.0,0.0075,29.025000000000002,211.125,3.1,4608.75,-90.75,4.75,1.0,2025-06-06T16:54:17.765981184Z
12179.2,100.0,45.3,1012.9199999999998,0.0,0.01,28.48,209.71999999999997,2.82,5430.2,-92.0,3.9,1.0,2025-06-06T17:04:42.924606720Z
12181.0,100.0,46.6,1012.9799999999999,0.0,0.01,28.139999999999997,207.16,2.7199999999999998,5432.0,-92.4,2.9,1.0,2025-06-06T17:14:42.919345152Z
10316.75,100.0,47.75,1012.775,0.0,0.015,28.275,196.625,1.6500000000000001,4614.0,-89.0,3.7249999999999996,1.0,2025-06-06T17:24:17.734061568Z
12184.2,100.0,50.2,1012.8199999999999,0.0,0.034,27.2,182.95999999999998,2.0599999999999996,5435.6,-92.6,2.96,1.0,2025-06-06T17:34:42.999335936Z
12186.0,100.0,51.0,1012.8,0.0,0.054000000000000006,26.560000000000002,186.76000000000002,2.66,5437.4,-92.4,2.3,1.0,2025-06-06T17:44:42.901727744Z
12187.8,100.0,51.1,1012.8,0.0,0.062,26.439999999999998,191.09999999999997,2.04,5439.2,-91.6,3.0799999999999996,1.0,2025-06-06T17:54:43.328116480Z
12189.6,100.0,50.9,1012.82,0.0,0.062,26.22,188.58,2.06,5441.0,-92.6,3.9799999999999995,1.0,2025-06-06T18:04:42.896051712Z
12191.4,100.0,51.8,1012.86,0.0,0.062,25.959999999999997,194.56000000000003,2.4,5442.8,-93.0,3.38,1.0,2025-06-06T18:14:42.876803328Z
10327.0,100.0,53.375,1012.7250000000001,0.0,0.07250000000000001,25.375,188.875,1.8250000000000002,4624.5,-91.25,4.25,1.0,2025-06-06T18:24:17.692291584Z
12194.6,100.0,55.7,1012.86,0.0,0.062,24.880000000000003,187.56,1.6400000000000001,5446.4,-92.6,3.6799999999999997,1.0,2025-06-06T18:34:42.873181696Z
12196.4,100.0,57.7,1012.8800000000001,0.0,0.062,24.32,185.42,1.6600000000000001,5448.2,-92.2,4.6,1.0,2025-06-06T18:44:42.860092160Z
10332.0,100.0,60.375,1012.7750000000001,0.0,0.07250000000000001,23.725,185.39999999999998,1.125,4629.75,-88.5,3.3,1.0,2025-06-06T18:54:17.681153536Z
12199.6,100.0,61.8,1013.0200000000001,0.0,0.062,23.48,138.68,1.2600000000000002,5451.8,-91.4,2.44,1.0,2025-06-06T19:04:42.845661696Z
12201.4,100.0,62.7,1013.0799999999999,0.0,0.064,23.14,132.0,1.48,5453.6,-93.2,4.66,1.0,2025-06-06T19:14:42.842264320Z
10337.0,100.0,63.125,1012.925,0.0,0.07500000000000001,22.799999999999997,136.6,1.6,4635.0,-91.0,4.525,1.0,2025-06-06T19:24:17.664175616Z
12204.6,100.0,62.8,1013.2,0.0,0.064,22.74,132.54,1.3,5457.2,-92.4,2.4200000000000004,1.0,2025-06-06T19:34:42.819208960Z
10340.25,100.0,62.5,1013.125,0.0,0.07500000000000001,22.575,149.27499999999998,1.075,4638.5,-89.75,3.9000000000000004,1.0,2025-06-06T19:44:17.670459136Z
12207.8,100.0,61.2,1013.36,0.0,0.06000000000000001,22.699999999999996,127.9,1.22,5460.8,-95.4,0.2800000000000004,1.0,2025-06-06T19:54:42.827048192Z
12209.6,100.0,61.7,1013.5200000000001,0.0,0.06000000000000001,22.28,126.97999999999999,1.3599999999999999,5462.6,-91.6,2.2800000000000002,1.0,2025-06-06T20:04:42.805198336Z
10345.25,100.0,61.75,1013.35,0.0,0.07,22.125,119.75,1.375,4643.75,-89.75,4.0,1.0,2025-06-06T20:14:17.631710208Z
12212.8,100.0,61.5,1013.5600000000001,0.0,0.06000000000000001,21.96,158.82,1.06,5466.2,-92.8,2.98,1.0,2025-06-06T20:24:42.794704384Z
12214.6,100.0,61.5,1013.5200000000001,0.0,0.06000000000000001,21.759999999999998,160.56,1.4,5468.0,-92.8,4.4399999999999995,1.0,2025-06-06T20:34:42.785434112Z
12216.4,100.0,60.5,1013.54,0.0,0.06000000000000001,21.720000000000002,153.51999999999998,1.24,5469.8,-92.6,4.279999999999999,1.0,2025-06-06T20:44:42.774105088Z
12218.2,100.0,62.0,1013.54,0.0,0.06000000000000001,21.38,126.82000000000001,0.76,5471.6,-93.0,4.16,1.0,2025-06-06T20:54:42.758853120Z
12220.0,100.0,65.2,1013.5199999999999,0.0,0.06000000000000001,20.660000000000004,158.64000000000001,0.78,5473.4,-93.6,2.78,1.0,2025-06-06T21:04:42.755532288Z
12221.8,100.0,65.5,1013.5600000000001,0.0,0.06000000000000001,20.48,160.8,0.74,5475.2,-91.8,3.8,1.0,2025-06-06T21:14:42.743730176Z
12223.6,100.0,66.1,1013.6,0.0,0.06000000000000001,20.14,162.48000000000002,0.8,5477.0,-92.4,4.8,1.0,2025-06-06T21:24:42.747872256Z
12225.4,100.0,66.7,1013.5200000000001,0.0,0.06000000000000001,20.04,175.56,0.7,5478.8,-90.6,2.84,1.0,2025-06-06T21:34:42.742206976Z
12227.2,100.0,66.6,1013.5200000000001,0.0,0.06000000000000001,19.82,200.67999999999998,1.06,5480.6,-92.0,3.1399999999999997,1.0,2025-06-06T21:44:42.746422784Z
12229.0,100.0,66.8,1013.5,0.0,0.06000000000000001,19.82,183.24,1.22,5482.4,-91.8,4.779999999999999,1.0,2025-06-06T21:54:42.746753024Z
12230.8,100.0,67.4,1013.5200000000001,0.0,0.06000000000000001,19.639999999999997,177.44,1.1600000000000001,5484.2,-92.0,3.3,1.0,2025-06-06T22:04:42.708357888Z
12232.6,100.0,69.1,1013.5200000000001,0.0,0.06000000000000001,19.26,181.92000000000002,0.8,5486.0,-92.4,4.24,1.0,2025-06-06T22:14:42.697840896Z
10367.75,100.0,69.875,1013.325,0.0,0.07,19.0,189.675,0.6,4666.5,-91.25,3.975,1.0,2025-06-06T22:24:17.506399232Z
12235.8,100.0,72.7,1013.6200000000001,0.0,0.062,18.68,224.74,0.8,5489.6,-92.0,4.8,1.0,2025-06-06T22:34:42.691251712Z
10371.0,100.0,73.625,1013.475,0.0,0.07250000000000001,18.375,171.15,1.35,4670.0,-90.0,5.85,1.0,2025-06-06T22:44:17.526566400Z
12239.0,99.6,69.9,1013.64,0.0,0.064,18.580000000000002,194.16,0.6599999999999999,5493.2,-91.0,2.1,1.0,2025-06-06T22:54:42.667687936Z
12240.8,98.4,73.1,1013.6600000000001,0.0,0.064,18.32,191.7,0.6199999999999999,5495.0,-93.0,2.2199999999999998,1.0,2025-06-06T23:04:42.673008896Z
12242.6,98.0,74.8,1013.64,0.0,0.064,18.04,174.57999999999998,0.54,5496.8,-91.8,4.88,1.0,2025-06-06T23:14:42.654237696Z
10377.75,98.0,74.0,1013.45,0.0,0.07250000000000001,17.900000000000002,224.77499999999998,0.675,4677.0,-89.5,3.5,1.0,2025-06-06T23:24:17.480803072Z
12245.8,98.0,74.0,1013.6,0.0,0.064,17.84,289.65999999999997,0.66,5500.4,-92.0,3.5799999999999996,1.0,2025-06-06T23:34:42.646783232Z
12247.6,98.0,74.2,1013.5600000000001,0.0,0.064,17.72,201.95999999999998,0.7,5502.2,-91.4,4.72,1.0,2025-06-06T23:44:42.642390016Z
12249.4,98.0,75.2,1013.5200000000001,0.0,0.064,17.56,208.71999999999997,0.78,5504.0,-92.2,4.5200000000000005,1.0,2025-06-06T23:54:42.625286144Z
12251.2,97.2,75.9,1013.4,0.0,0.064,17.5,162.4,0.8,5505.8,-91.4,4.54,1.0,2025-06-07T00:04:42.642783744Z
12253.0,97.0,77.2,1013.3800000000001,0.0,0.064,17.3,159.82,0.5399999999999999,5507.6,-92.4,4.08,1.0,2025-06-07T00:14:42.608879360Z
12254.8,97.0,78.5,1013.2599999999999,0.0,0.064,17.08,126.6,0.5,5509.4,-92.6,4.340000000000001,1.0,2025-06-07T00:24:42.601597952Z
12256.6,97.0,80.0,1013.3,0.0,0.064,16.78,119.78,0.6199999999999999,5511.2,-92.2,4.279999999999999,1.0,2025-06-07T00:34:43.033798400Z
12258.4,97.0,80.0,1013.18,0.0,0.064,16.720000000000002,148.92000000000002,0.4,5513.0,-92.4,4.34,1.0,2025-06-07T00:44:42.587584000Z
12260.2,97.0,81.8,1013.18,0.0,0.064,16.52,160.82,0.5800000000000001,5514.8,-92.2,3.0400000000000005,1.0,2025-06-07T00:54:42.592707328Z
12262.0,96.2,83.9,1013.18,0.0,0.064,16.299999999999997,208.51999999999998,0.5199999999999999,5516.6,-91.4,3.56,1.0,2025-06-07T01:04:42.584327936Z
12263.8,95.0,83.4,1013.18,0.0,0.064,16.0,196.56,0.5599999999999999,5518.4,-91.6,4.74,1.0,2025-06-07T01:14:42.568463104Z
12265.6,95.0,83.4,1013.22,0.0,0.064,15.959999999999999,221.34,0.6399999999999999,5520.2,-91.8,4.64,1.0,2025-06-07T01:24:42.557948672Z
12267.4,95.0,82.4,1013.1200000000001,0.0,0.064,16.18,182.84,0.52,5522.0,-91.6,3.16,1.0,2025-06-07T01:34:42.550466048Z
12269.2,95.0,82.3,1013.0799999999999,0.0,0.064,16.06,194.84,0.5599999999999999,5523.8,-93.4,3.4200000000000004,1.0,2025-06-07T01:44:42.541216256Z
12271.0,95.0,84.9,1012.9199999999998,0.0,0.064,15.76,200.16,0.54,5525.6,-91.8,4.4399999999999995,1.0,2025-06-07T01:54:42.531671040Z
12272.8,94.8,84.8,1012.78,0.0,0.064,15.420000000000002,258.14,0.8400000000000001,5527.4,-92.2,5.38,1.0,2025-06-07T02:04:42.535612928Z
12274.6,94.0,83.7,1012.8399999999999,0.0,0.064,15.8,289.02,0.9,5529.2,-92.8,4.68,1.0,2025-06-07T02:14:42.555214592Z
12276.4,94.0,84.6,1012.82,0.0,0.068,15.64,236.72000000000003,0.68,5531.0,-90.6,3.9200000000000004,1.0,2025-06-07T02:24:42.511878656Z
12278.2,94.0,85.1,1012.8,0.0,0.072,15.6,214.85999999999999,0.9400000000000001,5532.8,-92.2,5.040000000000001,1.0,2025-06-07T02:34:42.510575360Z
12280.0,94.0,85.4,1012.74,0.0,0.072,15.66,190.04000000000002,0.9800000000000001,5534.6,-92.2,4.1,1.0,2025-06-07T02:44:42.496964096Z
12281.8,94.0,86.8,1012.76,0.0,0.08,15.14,206.84,0.8,5536.4,-92.2,2.9200000000000004,1.0,2025-06-07T02:54:42.489769472Z
12283.6,94.0,85.3,1012.78,0.0,0.08,15.14,192.8,0.6599999999999999,5538.2,-94.0,4.62,1.0,2025-06-07T03:04:42.488606208Z
12285.4,92.8,86.5,1012.76,0.0,0.084,14.959999999999999,96.41999999999999,0.6199999999999999,5540.0,-91.2,4.36,1.0,2025-06-07T03:14:42.494338816Z
12287.2,92.8,85.8,1012.7,0.0,0.084,14.959999999999999,130.42,0.7200000000000001,5541.8,-91.8,5.0,1.0,2025-06-07T03:24:42.471751680Z
12289.0,92.8,86.3,1012.76,0.0,0.084,14.76,174.83999999999997,0.66,5543.6,-91.8,3.34,1.0,2025-06-07T03:34:42.463861248Z
12290.8,92.8,86.7,1012.8,0.0,0.084,14.66,214.4,0.44000000000000006,5545.4,-90.8,4.64,1.0,2025-06-07T03:44:42.457070080Z
12292.6,92.8,87.7,1012.8800000000001,0.0,0.084,14.819999999999999,214.8,0.6199999999999999,5547.2,-91.4,5.119999999999999,1.0,2025-06-07T03:54:42.456222464Z
12294.4,92.8,86.0,1012.86,0.0,0.084,15.24,179.32,0.62,5549.0,-92.8,4.279999999999999,1.0,2025-06-07T04:04:42.451235072Z
12296.2,92.2,83.3,1012.8399999999999,0.0,0.084,15.88,187.42000000000002,0.58,5550.8,-92.8,4.24,1.0,2025-06-07T04:14:42.438399744Z
12298.0,92.0,83.3,1012.82,0.0,0.084,16.52,167.98,0.44000000000000006,5552.6,-91.6,3.96,1.0,2025-06-07T04:24:42.424553984Z
12299.8,92.0,79.9,1012.9,0.0,0.084,17.48,195.4,0.38,5554.4,-90.8,2.5,1.0,2025-06-07T04:34:42.417817088Z
12301.6,92.0,78.0,1012.9200000000001,0.0,0.084,18.54,193.12,0.72,5556.2,-92.4,3.84,1.0,2025-06-07T04:44:42.429115904Z
12303.4,92.0,74.5,1012.9199999999998,0.0,0.084,19.58,167.92000000000002,0.72,5558.0,-92.6,3.2,1.0,2025-06-07T04:54:42.399241472Z
12305.2,92.0,71.2,1012.9200000000001,0.0,0.084,20.439999999999998,216.7,0.76,5559.8,-91.6,3.7399999999999998,1.0,2025-06-07T05:04:42.399604224Z
12307.0,92.2,70.1,1013.0200000000001,0.0,0.084,21.16,232.08,0.8,5561.6,-92.0,4.279999999999999,1.0,2025-06-07T05:14:42.415867392Z
12308.8,92.8,65.6,1012.9,0.0,0.10200000000000001,22.18,198.06,0.72,5563.4,-92.6,3.4799999999999995,1.0,2025-06-07T05:24:42.383946240Z
12310.6,93.0,63.5,1012.9200000000001,0.0,0.11600000000000002,23.080000000000002,269.41999999999996,1.0399999999999998,5565.2,-92.2,3.16,1.0,2025-06-07T05:34:42.399511040Z
12312.4,93.0,61.1,1012.86,0.0,0.128,23.68,253.8,1.2,5567.0,-91.8,3.12,1.0,2025-06-07T05:44:42.381930240Z
12314.2,93.0,60.2,1012.9200000000001,0.0,0.132,24.020000000000003,272.64,1.3199999999999998,5568.8,-92.0,5.0,1.0,2025-06-07T05:54:42.369875456Z
12316.0,93.0,59.4,1012.9400000000002,0.0,0.14,24.2,292.5,1.3800000000000001,5570.6,-92.6,4.680000000000001,1.0,2025-06-07T06:04:42.365523456Z
12317.8,93.0,57.8,1012.9200000000001,0.0,0.14400000000000002,24.32,277.86,1.5,5572.4,-91.6,3.44,1.0,2025-06-07T06:14:42.358832384Z
12319.6,94.2,56.6,1012.8199999999999,0.0,0.14400000000000002,24.54,304.04,1.3,5574.2,-92.2,3.0,1.0,2025-06-07T06:24:42.360831488Z
12321.4,94.2,56.5,1012.9,0.0,0.14400000000000002,24.800000000000004,270.04,1.8,5576.0,-91.6,3.88,1.0,2025-06-07T06:34:42.344533760Z
12323.2,95.2,54.8,1012.86,0.0,0.14400000000000002,25.18,280.22,1.3400000000000003,5577.8,-92.0,3.9799999999999995,1.0,2025-06-07T06:44:42.326055680Z
12325.0,95.2,52.6,1012.8799999999999,0.0,0.14400000000000002,25.68,238.06000000000003,1.1400000000000001,5579.6,-92.2,2.46,1.0,2025-06-07T06:54:42.314952704Z
12326.8,95.2,50.4,1012.74,0.0,0.14400000000000002,26.2,95.03999999999999,0.6,5581.4,-92.2,1.5399999999999998,1.0,2025-06-07T07:04:42.337727744Z
12328.6,95.2,50.5,1012.7199999999999,0.0,0.14400000000000002,26.939999999999998,223.04000000000002,0.9999999999999998,5583.2,-92.2,3.8600000000000003,1.0,2025-06-07T07:14:42.307785984Z
12330.4,98.2,48.8,1012.6800000000001,0.0,0.14400000000000002,27.119999999999997,260.54,1.44,5585.0,-92.4,4.12,1.0,2025-06-07T07:24:42.325955584Z
12332.2,99.2,46.0,1012.5600000000001,0.0,0.14400000000000002,27.4,254.28000000000003,1.08,5586.8,-91.0,0.4,1.0,2025-06-07T07:34:42.304871168Z
12334.0,99.6,47.4,1012.5800000000002,0.0,0.14400000000000002,27.48,285.04,1.1,5588.6,-92.0,3.56,1.0,2025-06-07T07:44:42.302338816Z
12335.8,99.6,47.0,1012.4799999999999,0.0,0.14400000000000002,27.840000000000003,274.65999999999997,1.22,5590.4,-91.6,3.2600000000000002,1.0,2025-06-07T07:54:42.303488768Z
12337.6,99.6,46.6,1012.4,0.0,0.14400000000000002,28.32,217.7,1.2,5592.2,-92.0,2.7,1.0,2025-06-07T08:04:42.294871552Z
12339.4,99.6,48.2,1012.28,0.0,0.14400000000000002,28.479999999999997,167.54000000000002,1.02,5594.0,-91.4,0.8,1.0,2025-06-07T08:14:42.287164928Z
12341.2,100.0,46.7,1012.2599999999999,0.0,0.14400000000000002,28.48,175.04,1.56,5595.8,-92.6,2.64,1.0,2025-06-07T08:24:42.293264384Z
12343.0,100.0,46.3,1012.18,0.0,0.156,28.839999999999996,191.68,1.8800000000000001,5597.6,-90.6,3.8,1.0,2025-06-07T08:34:42.269674752Z
12344.8,100.0,47.3,1012.1600000000001,0.0,0.156,28.82,194.4,1.2200000000000002,5599.4,-92.4,4.279999999999999,1.0,2025-06-07T08:44:42.277011968Z
12346.6,100.0,48.0,1012.0,0.0,0.156,29.0,206.26,1.4600000000000002,5601.2,-91.6,2.2600000000000002,1.0,2025-06-07T08:54:42.263046912Z
12348.4,100.0,46.8,1011.9,0.0,0.156,29.24,159.42,2.06,5603.0,-92.0,2.5,1.0,2025-06-07T09:04:42.277728256Z
12350.2,100.0,45.2,1011.9399999999999,0.0,0.156,29.380000000000003,182.94,2.3,5604.8,-92.6,3.4799999999999995,1.0,2025-06-07T09:14:42.330413568Z
12352.0,100.0,45.4,1011.9,0.0,0.156,29.660000000000004,236.45999999999998,1.7799999999999998,5606.6,-91.4,3.4599999999999995,1.0,2025-06-07T09:24:42.257567232Z
12353.8,100.0,43.5,1011.9200000000001,0.0,0.156,29.76,204.28000000000003,2.34,5608.4,-91.6,2.4,1.0,2025-06-07T09:34:42.249293312Z
12355.6,100.0,44.2,1011.86,0.0,0.156,29.839999999999996,186.4,2.14,5610.2,-92.2,2.2399999999999998,1.0,2025-06-07T09:44:42.260718336Z
12357.4,100.0,41.4,1011.82,0.0,0.156,29.9,200.14000000000001,1.6800000000000002,5612.0,-93.0,3.0,1.0,2025-06-07T09:54:42.243681024Z
12359.2,100.0,43.9,1011.8,0.0,0.156,30.32,160.14,1.5399999999999998,5613.8,-92.4,3.56,1.0,2025-06-07T10:04:42.239623936Z
12361.0,100.0,41.6,1011.68,0.0,0.156,30.580000000000002,122.4,1.38,5615.6,-92.6,3.0799999999999996,1.0,2025-06-07T10:14:42.227629312Z
10493.0,100.0,39.375,1011.375,0.0,0.1325,30.925,200.85,2.225,4792.5,-89.75,3.625,1.0,2025-06-07T10:24:16.999295744Z
12364.2,100.0,41.7,1011.46,0.0,0.028000000000000004,31.04,161.7,2.1000000000000005,5619.2,-92.2,3.2600000000000002,1.0,2025-06-07T10:34:42.224137728Z
12366.0,100.0,40.0,1011.4200000000001,0.0,0.0,31.120000000000005,198.61999999999998,1.28,5621.0,-92.8,4.16,1.0,2025-06-07T10:44:42.230511872Z
12367.8,100.0,41.9,1011.3,0.0,0.0,31.0,149.84,1.8400000000000003,5622.8,-91.4,2.8,1.0,2025-06-07T10:54:42.236177920Z
12369.6,100.0,40.9,1011.1600000000001,0.0,0.0,31.160000000000004,206.68,1.4400000000000002,5624.6,-92.6,4.42,1.0,2025-06-07T11:04:42.682053888Z
12371.4,100.0,39.6,1011.0600000000001,0.0,0.0,31.46,104.84,2.34,5626.4,-91.2,4.12,1.0,2025-06-07T11:14:42.222658560Z
10503.25,100.0,43.875,1010.8,0.0,0.0,31.05,140.05,2.4,4803.0,-90.0,3.4750000000000005,1.0,2025-06-07T11:24:16.968077824Z
12374.6,100.0,40.0,1010.7,0.0,0.0,31.339999999999996,137.56,2.58,5630.0,-92.6,3.08,1.0,2025-06-07T11:34:42.212993280Z
12376.4,100.0,39.6,1010.64,0.0,0.0,31.639999999999997,197.44,2.1,5631.8,-91.6,4.119999999999999,1.0,2025-06-07T11:44:42.193469440Z
12378.2,100.0,38.7,1010.5000000000002,0.0,0.0,31.9,175.94,2.8,5633.6,-93.8,3.56,1.0,2025-06-07T11:54:42.198915840Z
12380.0,100.0,38.1,1010.4200000000001,0.0,0.0,31.78,174.66000000000003,3.0599999999999996,5635.4,-92.4,3.4,1.0,2025-06-07T12:04:42.205185024Z
12381.8,100.0,38.7,1010.3,0.0,0.0,31.78,187.11999999999998,2.7399999999999998,5637.2,-92.8,3.4200000000000004,1.0,2025-06-07T12:14:42.633737216Z
12383.6,100.0,38.6,1010.14,0.0,0.0,31.82,196.74,3.6199999999999997,5639.0,-91.8,3.78,1.0,2025-06-07T12:24:42.211826944Z
12385.4,100.0,37.0,1010.0600000000001,0.0,0.0,31.82,183.78,3.8400000000000007,5640.8,-92.0,4.64,1.0,2025-06-07T12:34:42.206462464Z
12387.2,100.0,37.3,1009.9200000000001,0.0,0.0,31.76,200.1,3.84,5642.6,-93.0,4.04,1.0,2025-06-07T12:44:42.361305088Z
12389.0,100.0,36.3,1009.8199999999999,0.0,0.0,31.820000000000004,190.32,5.72,5644.4,-92.4,3.7600000000000002,1.0,2025-06-07T12:54:42.178360064Z
12390.8,100.0,37.0,1009.7400000000001,0.0,0.0,31.919999999999998,183.22000000000003,4.44,5646.2,-91.6,3.5,1.0,2025-06-07T13:04:42.187559424Z
12392.6,100.0,37.4,1009.72,0.0,0.0,31.919999999999998,192.84,3.78,5648.0,-92.6,4.4399999999999995,1.0,2025-06-07T13:14:42.170197504Z
12394.4,100.0,36.0,1009.7,0.0,0.0,32.14,190.5,4.74,5649.8,-92.8,4.04,1.0,2025-06-07T13:24:42.169475840Z
12396.2,100.0,35.0,1009.68,0.0,0.0,32.239999999999995,197.24,6.0,5651.6,-93.2,4.8,1.0,2025-06-07T13:34:42.173407232Z
12398.0,100.0,34.5,1009.64,0.0,0.0,32.36,198.66,5.620000000000001,5653.4,-92.0,4.12,1.0,2025-06-07T13:44:42.179377920Z
12399.8,100.0,35.8,1009.5799999999999,0.0,0.0,32.120000000000005,198.52000000000004,4.880000000000001,5655.2,-91.6,4.38,1.0,2025-06-07T13:54:42.153447936Z
12401.6,100.0,35.2,1009.5,0.0,0.0,32.160000000000004,192.56,4.58,5657.0,-92.8,3.4,1.0,2025-06-07T14:04:42.179493376Z
12403.4,100.0,35.5,1009.46,0.0,0.008,32.160000000000004,208.92000000000002,4.659999999999999,5658.8,-92.6,3.6399999999999997,1.0,2025-06-07T14:14:42.166182656Z
12405.2,100.0,34.3,1009.3399999999999,0.0,0.026000000000000002,32.06,197.06,4.92,5660.6,-90.6,1.7399999999999998,1.0,2025-06-07T14:24:42.146034176Z
12407.0,100.0,34.5,1009.28,0.0,0.06200000000000001,32.18000000000001,195.06,5.0600000000000005,5662.4,-92.0,4.4399999999999995,1.0,2025-06-07T14:34:42.579705344Z
12408.8,100.0,34.0,1009.2,0.0,0.068,32.22,199.10000000000002,4.640000000000001,5664.2,-92.8,3.56,1.0,2025-06-07T14:44:42.170593792Z
12410.6,100.0,34.5,1009.1400000000001,0.0,0.068,31.96,200.06,4.4799999999999995,5666.0,-93.2,3.3,1.0,2025-06-07T14:54:42.131833088Z
12412.4,100.0,34.6,1009.0800000000002,0.0,0.068,31.939999999999998,195.14000000000001,5.32,5667.8,-93.0,3.66,1.0,2025-06-07T15:04:42.148566528Z
12414.2,100.0,35.0,1008.9799999999999,0.0,0.068,31.72,198.56,5.199999999999999,5669.6,-92.0,3.96,1.0,2025-06-07T15:14:42.136392192Z
12416.0,100.0,35.5,1008.9399999999999,0.0,0.068,31.6,206.92000000000002,5.040000000000001,5671.4,-93.0,4.279999999999999,1.0,2025-06-07T15:24:42.139762688Z
12417.8,100.0,35.3,1008.9399999999999,0.0,0.068,31.7,200.8,5.0,5673.2,-91.6,3.46,1.0,2025-06-07T15:34:42.127313152Z
12419.6,100.0,34.9,1008.86,0.0,0.068,31.679999999999996,212.96000000000004,5.0,5675.0,-92.0,2.8200000000000003,1.0,2025-06-07T15:44:42.130272768Z
12421.4,100.0,35.7,1008.86,0.0,0.068,31.620000000000005,210.44,4.54,5676.8,-91.8,4.640000000000001,1.0,2025-06-07T15:54:42.122582784Z
12423.2,100.0,36.7,1008.78,0.0,0.068,31.52,218.8,4.040000000000001,5678.6,-92.8,2.94,1.0,2025-06-07T16:04:42.123298816Z
12425.0,100.0,38.2,1008.72,0.0,0.068,31.26,213.98000000000002,3.94,5680.4,-93.2,3.3200000000000003,1.0,2025-06-07T16:14:42.133757184Z
12426.8,100.0,37.2,1008.68,0.0,0.068,31.060000000000002,202.76,4.380000000000001,5682.2,-91.6,3.7,1.0,2025-06-07T16:24:42.132004864Z
12428.6,100.0,38.2,1008.68,0.0,0.068,30.920000000000005,205.98000000000002,4.22,5684.0,-92.2,5.2,1.0,2025-06-07T16:34:42.117707008Z
10559.0,100.0,39.25,1008.55,0.0,0.085,30.725,212.14999999999998,3.9000000000000004,4859.25,-90.25,3.125,1.0,2025-06-07T16:45:31.925572096Z
12431.8,100.0,39.3,1008.7,0.0,0.068,30.5,210.38000000000002,4.540000000000001,5687.6,-93.2,3.5,1.0,2025-06-07T16:54:42.103031040Z
12433.6,100.0,39.7,1008.68,0.0,0.068,30.24,209.88000000000002,3.96,5689.4,-93.4,4.459999999999999,1.0,2025-06-07T17:04:42.113171456Z
12435.4,100.0,40.2,1008.6600000000001,0.0,0.068,30.080000000000002,207.92,4.08,5691.2,-92.0,4.18,1.0,2025-06-07T17:14:42.120119040Z
12437.2,100.0,40.7,1008.68,0.0,0.068,29.800000000000004,214.5,4.1,5693.0,-92.6,4.24,1.0,2025-06-07T17:24:42.092888064Z
12439.0,100.0,41.2,1008.8,0.0,0.068,29.5,218.45999999999998,3.1399999999999997,5694.8,-92.8,3.2600000000000002,1.0,2025-06-07T17:34:42.554933760Z
12440.8,100.0,40.8,1008.8,0.0,0.068,29.22,209.98000000000002,3.2800000000000002,5696.6,-91.8,3.9,1.0,2025-06-07T17:44:42.098456832Z
12442.6,100.0,41.4,1008.8399999999999,0.0,0.068,28.840000000000003,214.2,3.3600000000000003,5698.4,-91.8,4.279999999999999,1.0,2025-06-07T17:54:42.101227008Z
12444.4,100.0,42.7,1008.8,0.0,0.068,28.359999999999996,216.16,3.5200000000000005,5700.2,-92.8,3.56,1.0,2025-06-07T18:04:42.071569920Z
12446.2,100.0,43.4,1008.9,0.0,0.068,28.04,215.54000000000002,2.9200000000000004,5702.0,-92.0,3.56,1.0,2025-06-07T18:14:42.071312896Z
12448.0,100.0,43.6,1008.9,0.0,0.068,27.659999999999997,218.44,3.2399999999999998,5703.8,-93.8,3.9800000000000004,1.0,2025-06-07T18:24:42.048354816Z
12449.8,100.0,44.3,1008.96,0.0,0.068,27.28,213.98000000000002,2.8,5705.6,-92.6,4.4399999999999995,1.0,2025-06-07T18:34:42.052453632Z
12451.6,100.0,44.9,1008.9200000000001,0.0,0.068,27.0,211.8,2.82,5707.4,-91.8,3.5,1.0,2025-06-07T18:44:42.042544128Z
12453.4,100.0,44.7,1008.9,0.0,0.07,26.76,213.9,2.96,5709.2,-93.8,4.26,1.0,2025-06-07T18:54:42.128008192Z
12455.2,100.0,45.1,1008.9,0.0,0.07,26.54,214.06,2.96,5711.0,-93.2,3.66,1.0,2025-06-07T19:04:42.029741312Z
12457.0,100.0,45.5,1009.0,0.0,0.07,26.4,211.7,2.88,5712.8,-92.2,4.14,1.0,2025-06-07T19:14:42.027575296Z
12458.8,100.0,45.4,1009.1200000000001,0.0,0.07,26.28,212.53999999999996,3.1,5714.6,-93.0,3.6,1.0,2025-06-07T19:24:42.002834944Z
12460.6,100.0,46.1,1009.14,0.0,0.07,26.079999999999995,212.82,2.58,5716.4,-93.2,2.9200000000000004,1.0,2025-06-07T19:34:41.994194176Z
12462.4,100.0,46.2,1009.24,0.0,0.07,25.82,207.68,3.2600000000000002,5718.2,-92.0,3.94,1.0,2025-06-07T19:44:41.997618176Z
12464.2,100.0,47.3,1009.3800000000001,0.0,0.068,25.48,210.66,2.04,5720.0,-92.2,3.9799999999999995,1.0,2025-06-07T19:54:42.021815808Z
12466.0,100.0,48.8,1009.5200000000001,0.0,0.068,25.220000000000002,224.87999999999997,2.0,5721.8,-92.2,3.5,1.0,2025-06-07T20:04:41.979312128Z
12467.8,100.0,50.5,1009.68,0.0,0.068,24.740000000000002,239.4,2.28,5723.6,-94.0,3.62,1.0,2025-06-07T20:14:42.074313472Z
12469.6,100.0,52.0,1009.78,0.0,0.068,24.220000000000002,240.13999999999996,1.7399999999999998,5725.4,-93.0,4.26,1.0,2025-06-07T20:24:41.967702528Z
12471.4,100.0,54.8,1009.76,0.0,0.068,23.499999999999996,253.4,1.5399999999999998,5727.2,-91.4,3.96,1.0,2025-06-07T20:34:41.957016832Z
12473.2,100.0,57.7,1009.78,0.0,0.068,22.659999999999997,295.25999999999993,1.78,5729.0,-92.6,3.72,1.0,2025-06-07T20:44:41.971890944Z
12475.0,100.0,57.3,1009.76,0.0,0.068,22.479999999999997,272.96000000000004,1.44,5730.8,-92.0,3.6799999999999997,1.0,2025-06-07T20:54:41.954107392Z
12476.8,100.0,57.8,1009.78,0.0,0.07,22.380000000000003,269.72,1.3800000000000001,5732.6,-90.8,3.94,1.0,2025-06-07T21:04:41.957440000Z
12478.6,100.0,59.4,1009.86,0.0,0.07,21.9,263.18,1.1199999999999999,5734.4,-92.4,4.640000000000001,1.0,2025-06-07T21:14:41.938500864Z
10607.75,100.0,58.875,1009.7250000000001,0.0,0.08750000000000001,21.875,247.125,0.8999999999999999,4908.0,-89.75,2.4000000000000004,1.0,2025-06-07T21:24:17.200085504Z
12481.8,100.0,61.5,1009.96,0.0,0.07,21.28,229.88000000000002,0.78,5738.0,-93.4,4.16,1.0,2025-06-07T21:34:41.935305984Z
12483.6,100.0,63.2,1010.04,0.0,0.07,20.96,216.0,0.6599999999999999,5739.8,-93.0,3.9,1.0,2025-06-07T21:44:41.935201024Z
12485.4,100.0,63.7,1010.0799999999999,0.0,0.07,20.759999999999998,204.44,0.8400000000000001,5741.6,-92.0,3.8,1.0,2025-06-07T21:54:41.902496256Z
12487.2,100.0,65.5,1010.1600000000001,0.0,0.07,20.6,224.02000000000004,0.58,5743.4,-92.8,4.46,1.0,2025-06-07T22:04:41.942331136Z
12489.0,100.0,68.9,1010.14,0.0,0.07,20.28,180.88000000000002,0.6799999999999999,5745.2,-92.2,3.3200000000000003,1.0,2025-06-07T22:14:41.885515776Z
12490.8,100.0,71.3,1010.1,0.0,0.07,20.0,161.21999999999997,0.42000000000000004,5747.0,-94.0,4.26,1.0,2025-06-07T22:24:41.892389376Z
12492.6,100.0,72.5,1010.0799999999999,0.0,0.074,19.66,274.56,0.74,5748.8,-92.4,4.16,1.0,2025-06-07T22:34:41.907385600Z
12494.4,100.0,73.0,1010.0,0.0,0.076,19.6,177.26,0.9,5750.6,-91.6,2.1,1.0,2025-06-07T22:44:41.956963840Z
10623.25,99.5,75.125,1009.8,0.0,0.1,19.55,230.175,0.7999999999999999,4924.0,-90.5,3.55,1.0,2025-06-07T22:55:31.622004736Z
12497.6,99.2,73.8,1009.9799999999999,0.0,0.08,19.24,164.0,0.5399999999999999,5754.2,-92.0,2.98,1.0,2025-06-07T23:04:41.873583360Z
12499.4,98.0,74.6,1010.0,0.0,0.08,19.0,203.76,0.36000000000000004,5756.0,-92.4,4.32,1.0,2025-06-07T23:14:41.862705664Z
12501.2,98.0,76.5,1010.04,0.0,0.08,18.96,221.46000000000004,0.44000000000000006,5757.8,-93.6,3.2599999999999993,1.0,2025-06-07T23:24:41.860660992Z
12503.0,98.0,76.5,1010.0,0.0,0.08,18.6,227.66,0.42000000000000004,5759.6,-93.2,4.4,1.0,2025-06-07T23:34:41.836457472Z
12504.8,98.0,76.5,1010.0,0.0,0.08,18.96,209.66,0.26,5761.4,-91.6,3.7,1.0,2025-06-07T23:44:41.825826304Z
12506.6,97.8,77.1,1009.96,0.0,0.08,19.419999999999998,165.06,0.72,5763.2,-91.4,3.2,1.0,2025-06-07T23:54:41.817177856Z
12508.4,97.6,77.3,1009.9199999999998,0.0,0.08,19.3,254.11999999999998,1.04,5765.0,-92.2,4.24,1.0,2025-06-08T00:04:41.800664320Z
12510.2,97.0,77.2,1009.9799999999999,0.0,0.08,19.16,191.32000000000002,0.76,5766.8,-92.8,4.0600000000000005,1.0,2025-06-08T00:14:41.816275200Z
12512.0,96.6,77.7,1009.9800000000001,0.0,0.08,18.939999999999998,227.54000000000002,0.6599999999999999,5768.6,-93.6,4.5,1.0,2025-06-08T00:24:41.799576064Z
12513.8,96.6,78.1,1009.9399999999999,0.0,0.08,18.98,223.85999999999999,1.0000000000000002,5770.4,-92.4,3.4200000000000004,1.0,2025-06-08T00:34:41.797968640Z
12515.6,96.6,79.5,1009.9399999999999,0.0,0.08,18.900000000000002,205.83999999999997,0.72,5772.2,-92.2,3.6,1.0,2025-06-08T00:44:41.800456960Z
12517.4,96.6,80.7,1009.9399999999999,0.0,0.08,18.7,213.76,0.5800000000000001,5774.0,-92.4,3.9799999999999995,1.0,2025-06-08T00:54:41.833037056Z
12519.2,96.2,82.6,1009.9800000000001,0.0,0.08,18.32,238.4,0.42000000000000004,5775.8,-91.8,3.02,1.0,2025-06-08T01:04:44.047601152Z
12521.0,95.2,82.8,1009.8799999999999,0.0,0.08,18.2,173.76,0.64,5777.6,-92.4,2.8600000000000003,1.0,2025-06-08T01:14:41.768609280Z
12522.8,95.0,82.1,1009.82,0.0,0.08,18.259999999999998,191.61999999999998,0.6799999999999999,5779.4,-92.6,4.2,1.0,2025-06-08T01:24:41.736621568Z
12524.6,95.0,82.3,1009.8199999999999,0.0,0.08,18.6,169.3,0.44000000000000006,5781.2,-91.4,3.5200000000000005,1.0,2025-06-08T01:34:41.776481280Z
12526.4,95.0,80.4,1009.8,0.0,0.08,18.6,260.3,0.6799999999999999,5783.0,-93.2,4.12,1.0,2025-06-08T01:44:41.731801344Z
12528.2,95.0,80.7,1009.76,0.0,0.084,18.700000000000003,174.06,0.5599999999999999,5784.8,-92.4,3.66,1.0,2025-06-08T01:54:41.739228416Z
12530.0,94.8,81.7,1009.7,0.0,0.084,18.259999999999998,234.04000000000002,0.5,5786.6,-92.2,3.3200000000000003,1.0,2025-06-08T02:04:41.712096768Z
12531.8,94.4,81.9,1009.7800000000001,0.0,0.084,18.0,243.76,0.56,5788.4,-94.2,3.16,1.0,2025-06-08T02:14:41.723721216Z
12533.6,94.0,83.2,1009.7199999999999,0.0,0.084,17.82,250.0,0.6,5790.2,-92.8,4.5,1.0,2025-06-08T02:24:41.693659648Z
12535.4,94.0,84.5,1009.6600000000001,0.0,0.084,17.740000000000002,226.56,0.74,5792.0,-92.0,4.38,1.0,2025-06-08T02:34:41.745052416Z
12537.2,94.0,84.6,1009.6,0.0,0.084,17.96,216.54000000000002,1.04,5793.8,-93.2,3.78,1.0,2025-06-08T02:44:41.692687360Z
12539.0,94.0,83.1,1009.5799999999999,0.0,0.084,18.640000000000004,182.52,1.16,5795.6,-91.8,2.8600000000000003,1.0,2025-06-08T02:54:41.678986240Z
12540.8,93.8,82.6,1009.5600000000001,0.0,0.084,18.66,191.21999999999997,0.78,5797.4,-92.6,4.34,1.0,2025-06-08T03:04:41.669507072Z
12542.6,93.6,83.3,1009.6,0.0,0.084,18.34,241.8,0.6,5799.2,-91.4,3.9,1.0,2025-06-08T03:14:41.657864704Z
10670.25,93.0,81.25,1009.475,0.0,0.10500000000000001,18.674999999999997,207.725,0.675,4971.0,-90.5,4.625,1.0,2025-06-08T03:24:16.359256064Z
12545.8,93.0,78.9,1009.6200000000001,0.0,0.084,19.2,221.4,0.86,5802.8,-93.8,2.5799999999999996,1.0,2025-06-08T03:34:42.082874624Z
12547.6,93.0,78.4,1009.6400000000001,0.0,0.084,19.160000000000004,206.06,1.04,5804.6,-92.8,3.4,1.0,2025-06-08T03:44:41.687808256Z
12549.4,93.0,79.7,1009.6199999999999,0.0,0.084,19.240000000000002,186.07999999999998,1.7,5806.4,-91.6,4.0200000000000005,1.0,2025-06-08T03:54:41.624454144Z
12551.2,92.8,78.2,1009.6,0.0,0.084,19.78,198.5,1.7399999999999998,5808.2,-92.4,2.9,1.0,2025-06-08T04:04:41.631392000Z
12553.0,92.8,75.7,1009.7,0.0,0.084,20.360000000000003,200.86,1.7,5810.0,-93.4,4.82,1.0,2025-06-08T04:14:41.633462272Z
12554.8,92.0,75.0,1009.76,0.0,0.09600000000000002,20.620000000000005,254.58,1.6400000000000001,5811.8,-91.8,3.5,1.0,2025-06-08T04:24:41.626798592Z
12556.6,92.0,74.8,1009.72,0.0,0.09600000000000002,20.779999999999994,215.21999999999997,1.3399999999999999,5813.6,-92.8,3.4200000000000004,1.0,2025-06-08T04:34:41.606560000Z
10684.0,92.0,74.375,1009.525,0.0,0.11250000000000002,21.05,215.85,1.2750000000000001,4985.25,-90.0,4.375,1.0,2025-06-08T04:45:31.390525952Z
12559.8,92.0,72.0,1009.6600000000001,0.0,0.09600000000000002,21.76,217.36000000000004,1.5,5817.2,-93.0,4.16,1.0,2025-06-08T04:54:41.577999872Z
12561.6,92.0,70.0,1009.5600000000001,0.0,0.09600000000000002,22.419999999999998,203.78,1.9599999999999997,5819.0,-92.2,2.52,1.0,2025-06-08T05:04:41.587143424Z
12563.4,92.0,67.6,1009.5799999999999,0.0,0.09600000000000002,23.119999999999997,198.0,1.6,5820.8,-92.0,3.06,1.0,2025-06-08T05:14:41.572362752Z
12565.2,92.4,64.7,1009.5799999999999,0.0,0.09600000000000002,23.8,216.13999999999996,1.64,5822.6,-92.6,3.46,1.0,2025-06-08T05:24:41.566337280Z
12567.0,92.8,62.5,1009.5799999999999,0.0,0.09600000000000002,24.28,217.56,1.9599999999999997,5824.4,-92.6,3.9,1.0,2025-06-08T05:34:41.557449728Z
10655.5,92.66666666666667,61.0,1009.3166666666666,0.0,0.09333333333333334,24.549999999999997,195.78333333333333,2.4833333333333334,4952.0,-96.16666666666667,1.55,1.0,2025-06-08T05:45:12.736134912Z
12570.8,92.8,60.0,1009.6200000000001,0.0,0.09600000000000002,24.9,207.06,2.3200000000000003,5828.0,-93.4,3.0800000000000005,1.0,2025-06-08T05:54:41.590850304Z
12572.6,92.8,58.5,1009.68,0.0,0.09600000000000002,25.2,218.64000000000001,2.5999999999999996,5829.8,-93.2,3.5799999999999996,1.0,2025-06-08T06:04:41.544165888Z
12574.4,92.8,57.4,1009.68,0.0,0.09600000000000002,25.620000000000005,217.56000000000003,2.24,5831.6,-91.4,3.3,1.0,2025-06-08T06:14:41.545627136Z
12576.2,93.8,54.4,1009.7,0.0,0.11000000000000001,26.02,200.7,2.4,5833.4,-93.0,4.04,1.0,2025-06-08T06:24:41.523015168Z
12578.0,95.2,53.0,1009.7,0.0,0.134,26.339999999999996,222.3,2.4599999999999995,5835.2,-93.0,4.14,1.0,2025-06-08T06:34:41.511198464Z
12579.8,95.2,51.4,1009.5,0.0,0.14,26.54,224.26,2.2399999999999998,5837.0,-92.8,2.16,1.0,2025-06-08T06:44:41.505094912Z
12581.6,95.2,49.8,1009.6,0.0,0.14,26.78,234.11999999999998,2.0599999999999996,5838.8,-93.0,3.12,1.0,2025-06-08T06:54:41.548575488Z
12583.4,95.2,49.7,1009.74,0.0,0.14,27.1,241.4,2.32,5840.6,-93.4,2.8600000000000003,1.0,2025-06-08T07:04:41.515652608Z
12585.2,95.2,47.1,1009.72,0.0,0.14200000000000002,27.380000000000003,262.4,2.1799999999999997,5842.4,-93.0,4.64,1.0,2025-06-08T07:14:41.519118848Z
12587.0,96.0,47.2,1009.64,0.0,0.14400000000000002,27.52,268.23999999999995,2.44,5844.2,-93.2,4.2,1.0,2025-06-08T07:24:41.496638720Z
12588.8,98.8,46.7,1009.5200000000001,0.0,0.14400000000000002,27.78,226.76,3.2399999999999998,5846.0,-92.6,3.2600000000000002,1.0,2025-06-08T07:34:41.496678656Z
12590.6,99.6,46.9,1009.5,0.0,0.14400000000000002,28.060000000000002,244.82000000000002,2.8200000000000003,5847.8,-92.0,3.8200000000000003,1.0,2025-06-08T07:44:41.927138560Z
12592.4,99.6,45.6,1009.5,0.0,0.14400000000000002,28.0,261.7,2.9200000000000004,5849.6,-92.4,4.1,1.0,2025-06-08T07:54:41.462098944Z
12594.2,99.6,44.1,1009.4199999999998,0.0,0.14400000000000002,28.3,234.0,2.7600000000000002,5851.4,-92.8,4.04,1.0,2025-06-08T08:04:41.512126976Z
12596.0,99.6,44.7,1009.4800000000001,0.0,0.14400000000000002,28.46,204.28,2.48,5853.2,-93.2,3.7,1.0,2025-06-08T08:14:41.458681088Z
12597.8,99.6,44.3,1009.46,0.0,0.14400000000000002,28.560000000000002,202.01999999999998,2.0599999999999996,5855.0,-91.8,4.38,1.0,2025-06-08T08:24:41.461160448Z
12599.6,100.0,44.8,1009.4,0.0,0.14400000000000002,28.839999999999996,222.56,2.54,5856.8,-92.0,3.6799999999999997,1.0,2025-06-08T08:34:41.449633792Z
12601.4,100.0,43.7,1009.32,0.0,0.14400000000000002,29.18,206.76,2.9199999999999995,5858.6,-93.8,4.9399999999999995,1.0,2025-06-08T08:44:41.440719104Z
12603.2,100.0,42.8,1009.36,0.0,0.14400000000000002,29.18,220.3,2.7600000000000002,5860.4,-92.2,2.5199999999999996,1.0,2025-06-08T08:54:41.861929216Z
12605.0,100.0,60.2,2118.18,51.0,131.18,23.2,184.4,1312.8600000000001,5862.2,-92.2,4.64,1.0,2025-06-08T09:04:41.852978176Z
12606.8,100.0,42.8,1009.4,0.0,0.14400000000000002,29.3,241.13999999999996,3.12,5864.0,-91.8,3.4,1.0,2025-06-08T09:14:41.854679040Z
12608.6,100.0,43.5,1009.4800000000001,0.0,0.14400000000000002,29.360000000000003,250.76,3.02,5865.8,-93.8,3.96,1.0,2025-06-08T09:24:41.412100608Z
12610.4,100.0,44.5,1009.5,0.0,0.14400000000000002,29.4,246.98000000000002,4.44,5867.6,-92.6,2.66,1.0,2025-06-08T09:34:41.419749632Z
12612.2,100.0,44.4,1009.4799999999999,0.0,0.14400000000000002,29.4,263.14,3.4,5869.4,-92.2,3.94,1.0,2025-06-08T09:44:41.402717440Z
12614.0,100.0,44.4,1009.4800000000001,0.0,0.14400000000000002,29.4,235.14000000000001,3.8200000000000003,5871.2,-91.8,4.279999999999999,1.0,2025-06-08T09:54:41.395965952Z
12615.8,100.0,43.6,1009.4200000000001,0.0,0.14400000000000002,29.520000000000003,258.17999999999995,4.42,5873.0,-92.6,4.6,1.0,2025-06-08T10:04:41.395575552Z
12617.6,100.0,43.7,1009.4399999999999,0.0,0.14400000000000002,29.7,239.4,3.5,5874.8,-93.2,3.4,1.0,2025-06-08T10:14:41.438183168Z
12619.4,100.0,44.9,1009.3399999999999,0.0,0.14400000000000002,29.8,251.66,2.96,5876.6,-93.2,3.9,1.0,2025-06-08T10:24:41.382216704Z
12621.2,100.0,45.1,1009.32,0.0,0.05,29.9,237.58,3.38,5878.4,-92.6,4.06,1.0,2025-06-08T10:34:41.389232640Z
12623.0,100.0,45.0,1009.26,0.0,0.016,30.1,247.06,2.72,5880.2,-92.8,3.7,1.0,2025-06-08T10:44:41.389044992Z
12624.8,100.0,44.1,1009.3,0.0,0.016,30.439999999999998,230.11999999999998,3.56,5882.0,-93.4,4.3,1.0,2025-06-08T10:54:41.372333568Z
12626.6,100.0,43.9,1009.1,0.0,0.016,30.439999999999998,225.64000000000001,3.6,5883.8,-92.6,3.9200000000000004,1.0,2025-06-08T11:04:41.370121472Z
12628.4,100.0,43.3,1009.0799999999999,0.0,0.016,30.5,215.0,2.94,5885.6,-91.8,3.84,1.0,2025-06-08T11:14:41.413906944Z
12630.2,100.0,44.0,1009.1,0.0,0.016,30.439999999999998,206.86000000000004,2.68,5887.4,-92.2,3.5799999999999996,1.0,2025-06-08T11:24:41.357705472Z
12632.0,100.0,42.9,1009.1199999999999,0.0,0.016,30.96,226.88000000000002,3.3,5889.2,-92.6,3.7399999999999998,1.0,2025-06-08T11:34:41.359721472Z
12633.8,100.0,45.5,1009.0,0.0,0.016,30.560000000000002,206.36000000000004,4.3,5891.0,-92.2,4.4799999999999995,1.0,2025-06-08T11:44:41.363752960Z
12635.6,100.0,46.0,1008.9400000000002,0.0,0.016,30.3,202.95999999999998,5.72,5892.8,-91.4,4.040000000000001,1.0,2025-06-08T11:54:41.780013568Z
12637.4,100.0,45.9,1008.9399999999999,0.0,0.016,30.3,182.79999999999998,5.0,5894.6,-92.2,3.34,1.0,2025-06-08T12:04:41.343772160Z
12639.2,100.0,44.9,1008.9200000000001,0.0,0.016,30.82,195.64000000000001,4.12,5896.4,-93.0,4.76,1.0,2025-06-08T12:14:41.342649088Z
12641.0,100.0,44.4,1008.9799999999999,0.0,0.016,30.68,195.78,4.38,5898.2,-92.0,3.7600000000000002,1.0,2025-06-08T12:24:41.381223936Z
12642.8,100.0,44.9,1008.8799999999999,0.0,0.016,30.28,192.06,5.4399999999999995,5900.0,-92.4,5.040000000000001,1.0,2025-06-08T12:34:41.334793728Z
12644.6,100.0,45.7,1008.82,0.0,0.016,29.919999999999998,190.18,5.76,5901.8,-92.2,4.2,1.0,2025-06-08T12:44:41.338338304Z
12646.4,100.0,44.7,1008.9,0.0,0.016,30.220000000000006,186.54000000000002,4.819999999999999,5903.6,-94.0,4.82,1.0,2025-06-08T12:54:41.322930432Z
12648.2,100.0,43.4,1008.8399999999999,0.0,0.016,30.419999999999998,190.97999999999996,6.28,5905.4,-92.2,2.5,1.0,2025-06-08T13:04:41.758941184Z
12650.0,100.0,43.3,1008.76,0.0,0.016,30.5,198.62,5.46,5907.2,-92.2,5.0200000000000005,1.0,2025-06-08T13:14:41.314831872Z
12651.8,100.0,42.0,1008.6200000000001,0.0,0.016,30.380000000000003,191.61999999999998,6.779999999999999,5909.0,-92.0,5.279999999999999,1.0,2025-06-08T13:24:41.351002368Z
12653.6,100.0,42.2,1008.5,0.0,0.016,30.540000000000003,197.38000000000002,5.5200000000000005,5910.8,-91.8,2.9200000000000004,1.0,2025-06-08T13:34:41.307929088Z
12655.4,100.0,42.5,1008.54,0.0,0.016,30.48,196.46,4.96,5912.6,-92.2,4.92,1.0,2025-06-08T13:44:41.310895616Z
12657.2,100.0,41.3,1008.4200000000001,0.0,0.016,30.660000000000004,196.78,5.6,5914.4,-92.6,4.9399999999999995,1.0,2025-06-08T13:54:41.309808128Z
12659.0,100.0,41.1,1008.4,0.0,0.016,30.5,192.32,5.4,5916.2,-92.2,4.46,1.0,2025-06-08T14:04:41.293435392Z
12660.8,100.0,40.4,1008.36,0.0,0.016,30.560000000000002,194.23999999999998,5.119999999999999,5918.0,-92.6,3.7199999999999998,1.0,2025-06-08T14:14:41.286486016Z
12662.6,100.0,38.9,1008.4,0.0,0.016,30.820000000000004,193.59999999999997,5.06,5919.8,-92.0,3.1799999999999997,1.0,2025-06-08T14:24:41.281979136Z
12664.4,100.0,38.7,1008.36,0.0,0.016,30.740000000000002,189.08,5.819999999999999,5921.6,-92.0,4.62,1.0,2025-06-08T14:34:41.325811200Z
12666.2,100.0,39.4,1008.3399999999999,0.0,0.016,30.54,193.08,5.44,5923.4,-93.2,4.66,1.0,2025-06-08T14:44:41.271634432Z
12668.0,100.0,38.9,1008.28,0.0,0.022,30.579999999999995,195.24,5.160000000000001,5925.2,-92.4,4.6,1.0,2025-06-08T14:54:41.275730432Z
12669.8,100.0,37.1,1008.2400000000001,0.0,0.042,30.68,205.14000000000001,5.640000000000001,5927.0,-93.0,4.18,1.0,2025-06-08T15:04:41.261776128Z
12671.6,100.0,37.5,1008.26,0.0,0.05600000000000001,30.54,193.88,4.660000000000001,5928.8,-91.8,4.94,1.0,2025-06-08T15:14:41.263328000Z
12673.4,100.0,37.2,1008.1800000000001,0.0,0.05600000000000001,30.46,198.28000000000003,4.98,5930.6,-91.8,5.16,1.0,2025-06-08T15:24:41.254474240Z
12675.2,100.0,37.1,1008.1600000000001,0.0,0.05600000000000001,30.080000000000002,197.35999999999999,4.82,5932.4,-92.2,4.459999999999999,1.0,2025-06-08T15:34:41.297479424Z
12677.0,100.0,36.2,1008.24,0.0,0.05600000000000001,29.98,202.92,5.12,5934.2,-92.4,4.5,1.0,2025-06-08T15:44:41.252199168Z
12678.8,100.0,36.2,1008.2,0.0,0.05600000000000001,29.860000000000003,205.02000000000004,4.54,5936.0,-93.2,4.859999999999999,1.0,2025-06-08T15:54:41.266185728Z
12680.6,100.0,36.3,1008.2199999999999,0.0,0.05600000000000001,29.82,210.26000000000005,4.22,5937.8,-93.0,3.66,1.0,2025-06-08T16:04:41.242914816Z
12682.4,100.0,37.3,1008.18,0.0,0.05600000000000001,29.74,205.2,3.8400000000000007,5939.6,-92.2,3.5,1.0,2025-06-08T16:14:41.237261824Z
12684.2,100.0,37.7,1008.2800000000001,0.0,0.05600000000000001,29.52,206.57999999999998,3.38,5941.4,-92.2,3.1799999999999997,1.0,2025-06-08T16:24:41.228659968Z
12686.0,100.0,39.1,1008.24,0.0,0.05600000000000001,29.119999999999997,205.74,4.62,5943.2,-92.4,4.84,1.0,2025-06-08T16:34:41.230363392Z
15571.0,100.0,37.875,1008.5250000000001,0.0,0.05,29.225,213.05,4.300000000000001,7269.5,-87.75,6.9,1.0,2025-06-08T16:43:54.697781760Z
10767.166666666666,100.0,39.25,1008.15,0.0,0.06,28.600000000000005,197.28333333333333,5.300000000000001,5063.5,-95.33333333333333,2.0500000000000003,1.0,2025-06-08T16:53:33.765320960Z
12691.4,100.0,39.4,1008.4400000000002,0.0,0.05600000000000001,28.520000000000003,208.76,3.3200000000000003,5948.6,-92.8,4.24,1.0,2025-06-08T17:04:41.209886720Z
12693.2,100.0,39.9,1008.5200000000001,0.0,0.05600000000000001,28.220000000000006,210.64000000000001,3.9,5950.4,-92.6,4.18,1.0,2025-06-08T17:14:41.208182016Z
12695.0,100.0,39.4,1008.5600000000001,0.0,0.05600000000000001,27.9,218.9,3.6,5952.2,-92.4,3.8800000000000003,1.0,2025-06-08T17:24:41.198953984Z
12696.8,100.0,38.3,1008.6600000000001,0.0,0.05600000000000001,27.54,214.82,3.5,5954.0,-92.8,4.42,1.0,2025-06-08T17:34:41.195362816Z
12698.6,100.0,38.4,1008.72,0.0,0.05600000000000001,27.2,208.17999999999998,5.12,5955.8,-92.4,4.220000000000001,1.0,2025-06-08T17:44:41.231577344Z
12700.4,100.0,39.4,1008.74,0.0,0.05600000000000001,26.82,209.5,3.6599999999999993,5957.6,-92.2,5.14,1.0,2025-06-08T17:54:41.190499840Z
12702.2,100.0,40.7,1008.78,0.0,0.05600000000000001,26.439999999999998,210.61999999999998,3.3600000000000003,5959.4,-90.4,0.7800000000000005,1.0,2025-06-08T18:04:41.172235264Z
12704.0,100.0,42.5,1008.8399999999999,0.0,0.05600000000000001,26.1,203.48,3.06,5961.2,-93.4,4.24,1.0,2025-06-08T18:14:41.167403520Z
12705.8,100.0,45.2,1008.9399999999999,0.0,0.05600000000000001,25.78,204.61999999999998,3.1399999999999997,5963.0,-91.8,3.94,1.0,2025-06-08T18:24:41.156179456Z
12707.6,100.0,46.4,1008.9800000000001,0.0,0.05600000000000001,25.46,203.45999999999998,3.6399999999999997,5964.8,-92.8,5.140000000000001,1.0,2025-06-08T18:34:41.154617856Z
12709.4,100.0,46.7,1009.0200000000001,0.0,0.06000000000000001,25.139999999999997,198.71999999999997,3.54,5966.6,-92.8,4.7,1.0,2025-06-08T18:44:41.148749568Z
12711.2,100.0,46.6,1009.0799999999999,0.0,0.06000000000000001,24.9,201.52000000000004,3.3,5968.4,-92.4,3.4200000000000004,1.0,2025-06-08T18:54:41.193103104Z
12713.0,100.0,46.4,1009.1600000000001,0.0,0.06000000000000001,24.679999999999996,208.9,3.54,5970.2,-92.2,3.7,1.0,2025-06-08T19:04:41.136045568Z
12714.8,100.0,46.6,1009.28,0.0,0.06000000000000001,24.46,205.66,3.3199999999999994,5972.0,-93.2,4.9399999999999995,1.0,2025-06-08T19:14:41.147635712Z
12716.6,100.0,47.2,1009.4199999999998,0.0,0.06000000000000001,24.279999999999998,211.76000000000005,2.2,5973.8,-92.8,4.680000000000001,1.0,2025-06-08T19:24:41.119625216Z
12718.4,100.0,47.9,1009.4800000000001,0.0,0.06000000000000001,23.96,214.8,2.88,5975.6,-92.2,1.9600000000000002,1.0,2025-06-08T19:34:41.117984512Z
12720.2,100.0,48.0,1009.6,0.0,0.06000000000000001,23.82,207.27999999999997,2.8600000000000003,5977.4,-93.0,4.5600000000000005,1.0,2025-06-08T19:44:41.537062144Z
13157.0,100.0,48.75,1009.8,0.0,0.05,23.474999999999998,208.675,2.675,6149.75,-96.75,3.85,1.0,2025-06-08T19:54:14.742353920Z
12723.4,100.0,48.8,1009.78,0.0,0.044,23.259999999999998,206.18,2.0599999999999996,5981.0,-92.2,4.34,1.0,2025-06-08T20:04:41.106684160Z
12725.2,100.0,48.9,1009.9200000000001,0.0,0.048,23.000000000000004,204.7,2.58,5982.8,-93.2,2.9,1.0,2025-06-08T20:14:41.086905088Z
12727.0,100.0,49.5,1010.04,0.0,0.048,22.76,206.6,1.8599999999999999,5984.6,-93.0,3.94,1.0,2025-06-08T20:24:41.081354240Z
12728.8,100.0,49.8,1010.22,0.0,0.048,22.560000000000002,209.38000000000002,1.9,5986.4,-92.0,3.8400000000000007,1.0,2025-06-08T20:34:41.068962304Z
12730.6,100.0,50.5,1010.36,0.0,0.048,22.339999999999996,210.97999999999996,1.8399999999999999,5988.2,-92.0,4.6,1.0,2025-06-08T20:44:41.496960256Z
12732.4,100.0,51.8,1010.4399999999999,0.0,0.048,22.020000000000003,202.86,1.3400000000000003,5990.0,-92.4,4.16,1.0,2025-06-08T20:54:41.050647552Z
12734.2,100.0,53.9,1010.5600000000001,0.0,0.048,21.52,209.88000000000002,1.48,5991.8,-93.4,4.32,1.0,2025-06-08T21:04:41.101135104Z
12736.0,100.0,55.5,1010.7,0.0,0.048,21.160000000000004,205.63999999999996,1.3599999999999999,5993.6,-92.2,5.46,1.0,2025-06-08T21:14:41.479361280Z
12737.8,100.0,56.1,1010.76,0.0,0.048,20.76,215.62000000000003,1.2599999999999998,5995.4,-93.6,3.9799999999999995,1.0,2025-06-08T21:24:41.031070464Z
12739.6,100.0,56.0,1010.8399999999999,0.0,0.048,20.78,210.14000000000001,1.2399999999999998,5997.2,-92.8,3.8600000000000003,1.0,2025-06-08T21:34:41.028102656Z
12741.4,100.0,55.5,1010.9200000000001,0.0,0.048,20.84,214.45999999999998,1.4000000000000001,5999.0,-93.0,4.04,1.0,2025-06-08T21:44:41.013879296Z
12743.2,100.0,68.9,2119.32,51.0,131.098,16.7,179.48,1311.92,6000.8,-92.8,4.4,1.0,2025-06-08T21:54:41.830230528Z
12745.0,100.0,55.1,1011.0,0.0,0.048,20.82,218.38000000000002,1.4200000000000002,6002.6,-92.4,4.1,1.0,2025-06-08T22:04:41.483914496Z
12746.8,99.6,56.1,1011.1600000000001,0.0,0.048,20.54,206.56000000000003,1.1400000000000001,6004.4,-93.0,3.8200000000000003,1.0,2025-06-08T22:14:41.003314688Z
12748.6,99.4,59.3,1011.1600000000001,0.0,0.048,19.84,188.94,0.8600000000000001,6006.2,-93.2,4.32,1.0,2025-06-08T22:24:40.982379264Z
12750.4,99.4,59.6,1011.26,0.0,0.048,19.48,188.8,0.66,6008.0,-92.6,4.16,1.0,2025-06-08T22:34:40.994257920Z
12752.2,99.4,59.5,1011.3,0.0,0.05,19.339999999999996,145.35999999999999,0.5,6009.8,-92.6,4.24,1.0,2025-06-08T22:44:40.974475520Z
12754.0,99.4,59.4,1011.3800000000001,0.0,0.05,19.340000000000003,216.92000000000002,0.8600000000000001,6011.6,-92.4,3.34,1.0,2025-06-08T22:54:40.964982528Z
12755.8,99.0,64.2,1011.36,0.0,0.05,18.8,253.64000000000001,1.02,6013.4,-91.0,1.64,1.0,2025-06-08T23:04:40.961287424Z
12757.6,98.2,66.2,1011.3799999999999,0.0,0.05,18.28,256.9,0.8,6015.2,-91.0,3.5,1.0,2025-06-08T23:14:41.002591232Z
12759.4,98.0,68.4,1011.36,0.0,0.05,17.82,230.01999999999998,0.6799999999999999,6017.0,-92.0,4.68,1.0,2025-06-08T23:24:40.939600896Z
12761.2,98.0,68.8,1011.3400000000001,0.0,0.052000000000000005,17.580000000000002,251.18,0.62,6018.8,-92.8,2.96,1.0,2025-06-08T23:34:40.931968512Z
12763.0,98.0,68.2,1011.3399999999999,0.0,0.05399999999999999,17.439999999999998,213.56,0.4800000000000001,6020.6,-91.4,3.5,1.0,2025-06-08T23:44:40.929464320Z
12764.8,98.0,68.5,1011.28,0.0,0.05399999999999999,17.5,219.64000000000001,0.72,6022.4,-92.6,5.08,1.0,2025-06-08T23:54:40.926212352Z
12766.6,97.8,67.7,1011.3399999999999,0.0,0.05399999999999999,17.400000000000002,240.47999999999996,0.6,6024.2,-93.0,3.2,1.0,2025-06-09T00:04:40.918735872Z
12768.4,97.2,65.1,1011.3399999999999,0.0,0.05399999999999999,17.52,227.66,0.6799999999999999,6026.0,-91.4,2.6,1.0,2025-06-09T00:14:40.951011328Z
12770.2,96.4,65.0,1011.4799999999999,0.0,0.05399999999999999,17.7,269.41999999999996,0.74,6027.8,-93.6,3.5199999999999996,1.0,2025-06-09T00:24:40.900804608Z
12772.0,96.4,68.2,1011.6600000000001,0.0,0.05399999999999999,17.439999999999998,219.9,0.7200000000000001,6029.6,-91.2,3.72,1.0,2025-06-09T00:34:40.890838016Z
12773.8,96.4,70.4,1011.68,0.0,0.06000000000000001,16.939999999999998,206.03999999999996,0.6199999999999999,6031.4,-92.0,4.779999999999999,1.0,2025-06-09T00:44:40.889372160Z
12775.6,96.4,69.9,1011.7,0.0,0.06200000000000001,16.740000000000002,216.48000000000002,0.48,6033.2,-91.6,2.7399999999999998,1.0,2025-06-09T00:54:40.870881792Z
12777.4,96.4,72.4,1011.82,0.0,0.06200000000000001,16.7,178.46,0.82,6035.0,-94.0,5.26,1.0,2025-06-09T01:04:40.867051264Z
12779.2,95.4,73.2,1011.8399999999999,0.0,0.06200000000000001,16.46,158.64,0.9600000000000002,6036.8,-91.4,3.5599999999999996,1.0,2025-06-09T01:14:40.870366208Z
12781.0,95.2,73.0,1011.9199999999998,0.0,0.06200000000000001,16.5,110.31999999999998,0.6799999999999999,6038.6,-91.6,5.16,1.0,2025-06-09T01:24:40.901486592Z
12782.8,95.0,71.4,1011.9200000000001,0.0,0.06200000000000001,16.56,165.12,0.66,6040.4,-92.8,1.44,1.0,2025-06-09T01:34:40.859430144Z
12784.6,95.0,72.7,1011.9,0.0,0.06200000000000001,16.6,188.4,0.5599999999999999,6042.2,-92.2,1.7,1.0,2025-06-09T01:44:40.844696320Z
12786.4,95.0,74.5,1011.96,0.0,0.06200000000000001,16.58,157.92000000000002,0.6199999999999999,6044.0,-92.0,5.04,1.0,2025-06-09T01:54:40.830443008Z
12788.2,95.0,74.0,1012.04,0.0,0.06200000000000001,16.400000000000002,217.82,0.48,6045.8,-93.2,4.86,1.0,2025-06-09T02:04:40.824432128Z
10909.25,94.75,74.625,1011.875,0.0,0.045,16.45,179.3,0.75,5211.0,-92.25,3.5999999999999996,1.0,2025-06-09T02:15:30.457087488Z
12791.4,94.2,76.2,1012.1,0.0,0.06200000000000001,16.4,265.9,0.45999999999999996,6049.4,-92.4,4.3,1.0,2025-06-09T02:24:40.858825216Z
12793.2,93.8,77.1,1012.18,0.0,0.06200000000000001,16.119999999999997,111.68000000000002,0.6,6051.2,-92.2,5.16,1.0,2025-06-09T02:34:40.812609536Z
12795.0,93.8,79.4,1012.22,0.0,0.06200000000000001,15.940000000000001,166.42000000000002,0.58,6053.0,-91.6,4.3,1.0,2025-06-09T02:44:40.796228352Z
12796.8,93.8,78.5,1012.4199999999998,0.0,0.06200000000000001,15.84,138.78,0.5800000000000001,6054.8,-93.4,2.8199999999999994,1.0,2025-06-09T02:54:40.787082752Z
12798.6,93.8,78.8,1012.5199999999999,0.0,0.06200000000000001,15.86,161.5,0.5800000000000001,6056.6,-91.4,3.8600000000000003,1.0,2025-06-09T03:04:40.796362240Z
12800.4,93.6,79.5,1012.64,0.0,0.06400000000000002,15.939999999999998,236.16,0.76,6058.4,-91.4,5.2,1.0,2025-06-09T03:14:40.773839872Z
12802.2,92.6,78.4,1012.7,0.0,0.06400000000000002,16.34,297.36,1.32,6060.2,-91.6,2.84,1.0,2025-06-09T03:24:40.787852288Z
12804.0,92.6,79.1,1012.82,0.0,0.06400000000000002,16.360000000000003,281.3,0.9400000000000001,6062.0,-91.0,3.4,1.0,2025-06-09T03:34:40.816522496Z
12805.8,92.4,77.1,1012.9200000000001,0.0,0.06400000000000002,16.68,264.2,0.96,6063.8,-93.2,4.24,1.0,2025-06-09T03:44:40.754691328Z
12807.6,92.4,74.0,1013.0600000000001,0.0,0.06400000000000002,17.14,206.23999999999995,1.08,6065.6,-91.8,4.680000000000001,1.0,2025-06-09T03:54:40.750577152Z
12809.4,92.4,74.7,1013.14,0.0,0.06400000000000002,17.22,266.46,0.74,6067.4,-92.6,3.9,1.0,2025-06-09T04:04:40.737808128Z
12811.2,92.2,74.7,1013.2,0.0,0.06400000000000002,17.279999999999998,245.27999999999997,0.8400000000000001,6069.2,-91.8,2.2,1.0,2025-06-09T04:14:40.738083328Z
12813.0,92.0,76.2,1013.36,0.0,0.06400000000000002,17.220000000000002,243.16,0.9400000000000001,6071.0,-93.2,5.0,1.0,2025-06-09T04:24:40.741090560Z
12814.8,92.0,75.6,1013.4200000000001,0.0,0.06400000000000002,17.660000000000004,246.6,1.02,6072.8,-91.8,4.5200000000000005,1.0,2025-06-09T04:34:40.761960448Z
12816.6,92.0,75.6,1013.5799999999999,0.0,0.06400000000000002,18.080000000000002,274.91999999999996,0.9800000000000001,6074.6,-92.0,3.7,1.0,2025-06-09T04:44:40.715090176Z
12818.4,92.0,73.5,1013.5600000000001,0.0,0.06400000000000002,18.619999999999997,259.46,1.28,6076.4,-92.4,2.7399999999999998,1.0,2025-06-09T04:54:41.146019840Z
12820.2,92.0,70.9,1013.5799999999999,0.0,0.06400000000000002,19.360000000000003,244.0,1.28,6078.2,-92.0,3.38,1.0,2025-06-09T05:04:40.723991552Z
12822.0,92.0,69.1,1013.74,0.0,0.06400000000000002,20.139999999999997,263.3,1.0,6080.0,-93.2,5.0,1.0,2025-06-09T05:14:40.701972992Z
12823.8,92.6,67.5,1013.9,0.0,0.06400000000000002,20.8,277.38,0.9600000000000002,6081.8,-92.0,2.62,1.0,2025-06-09T05:24:40.689162752Z
12825.6,92.8,65.9,1013.9399999999999,0.0,0.06400000000000002,21.36,246.74,0.9600000000000002,6083.6,-92.2,3.56,1.0,2025-06-09T05:34:40.684522240Z
12827.4,93.2,63.0,1014.0600000000001,0.0,0.06400000000000002,21.959999999999997,235.92,1.1800000000000002,6085.4,-91.2,3.0,1.0,2025-06-09T05:44:40.743977984Z
12829.2,93.2,60.6,1014.18,0.0,0.07,22.339999999999996,252.48000000000002,1.6,6087.2,-92.0,4.88,1.0,2025-06-09T05:54:40.655865856Z
12831.0,93.2,59.6,1014.22,0.0,0.076,22.64,266.76000000000005,2.2800000000000002,6089.0,-91.8,3.8600000000000003,1.0,2025-06-09T06:04:40.658206464Z
12832.8,93.2,60.5,1014.3,0.0,0.076,22.82,262.21999999999997,2.5799999999999996,6090.8,-93.0,3.3800000000000003,1.0,2025-06-09T06:14:40.639786496Z
12834.6,95.4,60.2,1014.4800000000001,0.0,0.076,23.12,269.62,2.44,6092.6,-92.6,4.66,1.0,2025-06-09T06:24:40.652589568Z
12836.4,96.0,61.3,1014.7,0.0,0.076,23.46,273.7,2.9199999999999995,6094.4,-91.0,4.220000000000001,1.0,2025-06-09T06:34:40.639886848Z
12838.2,96.0,60.7,1014.8399999999999,0.0,0.076,23.839999999999996,286.4,2.08,6096.2,-91.2,3.8,1.0,2025-06-09T06:44:40.682915840Z
12840.0,97.2,61.2,1014.8399999999999,0.0,0.076,24.020000000000003,278.03999999999996,2.68,6098.0,-93.2,2.2600000000000002,1.0,2025-06-09T06:54:40.612797696Z
12841.8,97.2,61.6,1014.9,0.0,0.076,24.2,296.28000000000003,2.98,6099.8,-92.2,3.7399999999999998,1.0,2025-06-09T07:04:40.604525056Z
12843.6,97.2,62.3,1015.0,0.0,0.094,24.3,295.62,2.6399999999999997,6101.6,-92.2,3.6399999999999997,1.0,2025-06-09T07:14:40.608955904Z
12845.4,97.8,62.2,1015.0600000000001,0.0,0.096,24.52,289.76000000000005,2.64,6103.4,-92.6,4.3,1.0,2025-06-09T07:24:40.603215104Z
12847.2,100.0,62.5,1015.1600000000001,0.0,0.1,24.82,300.24000000000007,2.2,6105.2,-92.8,3.62,1.0,2025-06-09T07:34:40.596766976Z
12849.0,100.0,62.1,1015.24,0.0,0.1,25.000000000000004,277.06000000000006,2.6,6107.0,-92.2,3.6,1.0,2025-06-09T07:44:40.595422464Z
12850.8,100.0,61.9,1015.26,0.0,0.1,25.359999999999996,242.1,2.3600000000000003,6108.8,-93.2,4.04,1.0,2025-06-09T07:54:40.620897536Z
12852.6,100.0,61.6,1015.3199999999999,0.0,0.1,25.58,238.42,1.8400000000000003,6110.6,-92.4,3.54,1.0,2025-06-09T08:04:40.585962240Z
12854.4,100.0,61.8,1015.3599999999999,0.0,0.1,25.72,277.3,2.18,6112.4,-92.0,2.7399999999999998,1.0,2025-06-09T08:14:40.557952512Z
12856.2,100.0,61.5,1015.5,0.0,0.146,26.1,327.64,1.1600000000000001,6114.2,-91.8,3.2,1.0,2025-06-09T08:24:40.922127872Z
12858.0,100.0,60.7,1015.6,0.0,0.198,26.439999999999998,218.0,1.48,6116.0,-92.0,3.38,1.0,2025-06-09T08:34:40.556524800Z
12859.8,100.0,60.4,1015.7,0.0,0.20400000000000001,26.78,274.65999999999997,1.3199999999999998,6117.8,-92.6,3.8600000000000003,1.0,2025-06-09T08:44:40.545722880Z
12861.6,100.0,59.5,1015.74,0.0,0.20400000000000001,26.919999999999998,246.0,0.8,6119.6,-93.4,4.36,1.0,2025-06-09T08:54:40.581394432Z
12863.4,100.0,59.4,1015.82,0.0,0.312,27.18,149.56,1.44,6121.4,-91.6,3.7,1.0,2025-06-09T09:04:40.538950400Z
12865.2,100.0,60.5,1015.9,0.0,0.312,26.7,30.8,1.4,6123.2,-91.4,3.6800000000000006,1.0,2025-06-09T09:14:40.533683200Z
12867.0,100.0,60.9,1016.0,0.0,0.312,26.660000000000004,158.48,1.8799999999999997,6125.0,-92.0,3.4200000000000004,1.0,2025-06-09T09:24:40.516916992Z
12868.8,100.0,58.0,1016.0600000000001,0.0,0.312,27.5,139.64,1.1400000000000001,6126.8,-92.0,1.1,1.0,2025-06-09T09:34:40.538686976Z
12870.6,100.0,57.6,1016.1,0.0,0.312,27.839999999999996,77.88,1.6400000000000001,6128.6,-92.8,4.279999999999999,1.0,2025-06-09T09:44:40.516522752Z
12872.4,100.0,57.2,1016.14,0.0,0.312,27.440000000000005,73.73999999999998,2.8,6130.4,-92.2,4.36,1.0,2025-06-09T09:54:40.502877440Z
12874.2,100.0,56.8,1016.14,0.0,0.312,27.26,64.28,2.96,6132.2,-92.4,3.34,1.0,2025-06-09T10:04:40.568533248Z
12876.0,100.0,57.5,1016.1200000000001,0.0,0.312,27.259999999999998,99.7,2.7199999999999998,6134.0,-92.2,1.64,1.0,2025-06-09T10:14:40.511101440Z
12877.8,100.0,59.2,1016.14,0.0,0.312,27.02,65.7,3.02,6135.8,-92.6,3.3199999999999994,1.0,2025-06-09T10:24:40.483166720Z
12879.6,100.0,58.9,1016.1599999999999,0.0,0.122,27.160000000000004,60.040000000000006,3.8999999999999995,6137.6,-92.0,3.6399999999999997,1.0,2025-06-09T10:34:40.513134848Z
12881.4,100.0,59.4,1016.24,0.0,0.004,27.1,74.8,3.72,6139.4,-92.8,3.22,1.0,2025-06-09T10:44:40.492830720Z
12883.2,100.0,59.1,1016.3,0.0,0.004,27.02,68.38,3.46,6141.2,-91.4,2.7,1.0,2025-06-09T10:54:40.471343616Z
12885.0,100.0,57.9,1016.4,0.0,0.004,27.080000000000002,79.4,4.26,6143.0,-91.6,2.6,1.0,2025-06-09T11:04:40.514084608Z
12886.8,100.0,57.7,1016.3799999999999,0.0,0.004,27.02,76.2,4.44,6144.8,-93.0,3.38,1.0,2025-06-09T11:14:40.896660992Z
12888.6,100.0,56.1,1016.4399999999999,0.0,0.004,27.28,73.96000000000001,3.66,6146.6,-92.2,3.1,1.0,2025-06-09T11:24:40.449049088Z
12890.4,100.0,54.3,1016.4800000000001,0.0,0.004,27.380000000000003,70.16,4.6,6148.4,-92.6,1.8,1.0,2025-06-09T11:34:40.451228160Z
12892.2,100.0,52.8,1016.5200000000001,0.0,0.004,27.279999999999994,73.78,4.4,6150.2,-92.0,3.04,1.0,2025-06-09T11:44:40.466120448Z
12894.0,100.0,53.3,1016.5600000000001,0.0,0.004,27.060000000000002,75.52000000000001,4.24,6152.0,-92.2,4.04,1.0,2025-06-09T11:54:40.451814144Z
12895.8,100.0,52.4,1016.5799999999999,0.0,0.004,27.2,61.32000000000001,4.44,6153.8,-92.2,2.7,1.0,2025-06-09T12:04:40.438646784Z
12897.6,100.0,51.8,1016.5600000000001,0.0,0.004,27.28,68.44000000000001,4.12,6155.6,-91.8,2.7,1.0,2025-06-09T12:14:40.494968576Z
12899.4,100.0,51.5,1016.5799999999999,0.0,0.004,27.02,58.279999999999994,4.54,6157.4,-91.8,3.5200000000000005,1.0,2025-06-09T12:24:40.419471616Z
12901.2,100.0,51.8,1016.5599999999998,0.0,0.004,27.4,70.28,4.76,6159.2,-92.0,2.96,1.0,2025-06-09T12:34:40.406795776Z
12903.0,100.0,50.9,1016.5400000000002,0.0,0.004,27.360000000000003,63.25999999999999,4.4399999999999995,6161.0,-92.8,3.4,1.0,2025-06-09T12:44:40.422219264Z
12904.8,100.0,50.7,1016.5200000000001,0.0,0.004,27.4,73.94000000000001,4.26,6162.8,-92.0,3.2,1.0,2025-06-09T12:54:40.410236928Z
12906.6,100.0,51.8,1016.5599999999998,0.0,0.004,27.320000000000004,66.74000000000001,3.8599999999999994,6164.6,-92.0,3.3600000000000003,1.0,2025-06-09T13:04:40.411689472Z
12908.4,100.0,50.8,1016.5799999999999,0.0,0.004,27.140000000000004,81.16,3.54,6166.4,-92.6,3.4,1.0,2025-06-09T13:14:40.446601728Z
12910.2,100.0,49.6,1016.64,0.0,0.004,27.32,71.85999999999999,4.04,6168.2,-92.8,3.12,1.0,2025-06-09T13:24:40.407455232Z
12912.0,100.0,49.8,1016.68,0.0,0.004,27.32,80.72,4.08,6170.0,-92.6,2.3,1.0,2025-06-09T13:34:40.399694336Z
12913.8,100.0,49.2,1016.68,0.0,0.004,27.339999999999996,71.25999999999999,3.3,6171.8,-92.6,2.5799999999999996,1.0,2025-06-09T13:44:40.382890752Z
12915.6,100.0,48.5,1016.64,0.0,0.004,27.54,73.2,3.8600000000000003,6173.6,-92.6,3.5200000000000005,1.0,2025-06-09T13:54:40.374462464Z
12917.4,100.0,49.0,1016.64,0.0,0.004,27.48,72.3,3.44,6175.4,-93.0,2.3600000000000003,1.0,2025-06-09T14:04:40.371928320Z
12919.2,100.0,48.7,1016.54,0.0,0.004,27.52,81.17999999999999,3.8199999999999994,6177.2,-93.6,2.96,1.0,2025-06-09T14:14:40.358379008Z
12921.0,100.0,48.4,1016.5200000000001,0.0,0.004,27.5,100.00000000000001,3.72,6179.0,-92.6,2.92,1.0,2025-06-09T14:24:40.409471744Z
12922.8,100.0,48.4,1016.5600000000001,0.0,0.004,27.459999999999997,91.08000000000001,2.9,6180.8,-92.4,2.84,1.0,2025-06-09T14:34:40.369667584Z
12924.6,100.0,48.2,1016.6,0.0,0.004,27.4,92.47999999999999,2.82,6182.6,-92.6,3.88,1.0,2025-06-09T14:44:40.349094400Z
12926.4,100.0,46.9,1016.6,0.0,0.004,27.320000000000004,89.3,4.700000000000001,6184.4,-93.2,2.3800000000000003,1.0,2025-06-09T14:54:40.783201024Z
12928.2,100.0,46.9,1016.6199999999999,0.0,0.008,27.259999999999998,72.52000000000001,3.84,6186.2,-93.0,2.6799999999999997,1.0,2025-06-09T15:04:40.353182720Z
12930.0,100.0,46.7,1016.6,0.0,0.008,27.22,88.18,3.66,6188.0,-92.6,3.5200000000000005,1.0,2025-06-09T15:14:40.328186624Z
12931.8,100.0,46.9,1016.54,0.0,0.008,27.1,83.34,3.2600000000000002,6189.8,-93.2,3.78,1.0,2025-06-09T15:24:40.387822336Z
12933.6,100.0,46.8,1016.46,0.0,0.008,27.02,78.8,3.22,6191.6,-93.6,3.66,1.0,2025-06-09T15:34:40.338683392Z
12935.4,100.0,46.5,1016.4200000000001,0.0,0.008,26.9,91.08,3.7,6193.4,-93.6,3.6399999999999997,1.0,2025-06-09T15:44:40.328161280Z
12937.2,100.0,62.5,2123.82,51.0,131.076,21.46,81.74,1313.46,6195.2,-93.2,3.9,1.0,2025-06-09T15:54:41.582139392Z
12939.0,100.0,46.6,1016.46,0.0,0.008,26.78,98.1,3.12,6197.0,-93.0,3.8200000000000003,1.0,2025-06-09T16:04:40.313981952Z
12940.8,100.0,46.9,1016.46,0.0,0.008,26.52,104.12,3.4799999999999995,6198.8,-92.6,3.16,1.0,2025-06-09T16:14:40.296663552Z
12942.6,100.0,47.4,1016.4200000000001,0.0,0.008,26.419999999999998,85.34,3.06,6200.6,-92.4,4.16,1.0,2025-06-09T16:24:40.286960128Z
12944.4,100.0,47.1,1016.4,0.0,0.008,26.22,103.14000000000001,4.06,6202.4,-92.4,3.6399999999999997,1.0,2025-06-09T16:34:40.289703936Z
12946.2,100.0,47.3,1016.46,0.0,0.008,26.1,91.4,3.1399999999999997,6204.2,-93.6,2.84,1.0,2025-06-09T16:44:40.272808448Z
12948.0,100.0,48.0,1016.5200000000001,0.0,0.008,25.919999999999998,99.61999999999999,3.06,6206.0,-92.8,1.8,1.0,2025-06-09T16:54:40.284754176Z
12949.8,100.0,48.1,1016.5799999999999,0.0,0.008,25.72,102.16,2.96,6207.8,-92.4,2.4400000000000004,1.0,2025-06-09T17:04:40.261894912Z
12951.6,100.0,48.4,1016.6,0.0,0.008,25.639999999999997,94.79999999999998,3.14,6209.6,-95.6,-1.7,1.0,2025-06-09T17:14:40.275689216Z
12953.4,100.0,49.1,1016.5799999999999,0.0,0.008,25.36,93.67999999999999,3.16,6211.4,-93.2,3.2600000000000002,1.0,2025-06-09T17:24:40.242992640Z
12955.2,100.0,49.8,1016.6200000000001,0.0,0.008,25.080000000000002,95.16,2.82,6213.2,-93.4,2.54,1.0,2025-06-09T17:34:40.317675008Z
12957.0,100.0,51.0,1016.6800000000001,0.0,0.008,24.84,101.66,1.8800000000000001,6215.0,-92.0,2.6400000000000006,1.0,2025-06-09T17:44:40.239909632Z
12958.8,100.0,52.3,1016.74,0.0,0.008,24.5,89.0,1.8,6216.8,-93.0,4.74,1.0,2025-06-09T17:54:40.245835264Z
12960.6,100.0,54.3,1016.8199999999999,0.0,0.008,24.119999999999997,97.96000000000001,1.86,6218.6,-93.4,2.96,1.0,2025-06-09T18:04:40.238522624Z
12962.4,100.0,56.0,1016.8199999999999,0.0,0.008,23.660000000000004,107.66,1.7,6220.4,-93.6,3.94,1.0,2025-06-09T18:14:40.231872000Z
12964.2,100.0,58.0,1016.86,0.0,0.02,23.240000000000002,106.97999999999999,1.4,6222.2,-93.2,2.8200000000000003,1.0,2025-06-09T18:24:40.209584384Z
12966.0,100.0,59.9,1016.8199999999999,0.0,0.028000000000000004,22.68,98.5,1.44,6224.0,-92.0,3.4,1.0,2025-06-09T18:34:40.221119232Z
12967.8,100.0,61.4,1016.9200000000001,0.0,0.028000000000000004,22.259999999999998,91.84,1.4,6225.8,-92.4,2.8600000000000003,1.0,2025-06-09T18:44:40.257249536Z
12969.6,100.0,63.1,1017.0599999999998,0.0,0.028000000000000004,21.8,97.0,0.96,6227.6,-91.4,3.06,1.0,2025-06-09T18:54:40.187350272Z
12971.4,100.0,65.2,1017.1200000000001,0.0,0.032,21.34,86.58,0.8,6229.4,-92.2,2.3,1.0,2025-06-09T19:04:40.182222080Z
12973.2,100.0,67.4,1017.22,0.0,0.036,20.839999999999996,66.42,0.72,6231.2,-92.2,4.76,1.0,2025-06-09T19:14:40.163240704Z
12975.0,100.0,69.5,1017.3399999999999,0.0,0.036,20.44,65.84,0.78,6233.0,-93.0,3.88,1.0,2025-06-09T19:24:40.159000064Z
13404.75,100.0,70.875,1017.45,0.0,0.025,20.35,91.0,0.9750000000000001,6398.25,-98.0,2.175,1.0,2025-06-09T19:34:14.390257664Z
12978.2,100.0,72.5,1017.46,0.0,0.036,19.939999999999998,85.72,0.9599999999999997,6236.6,-92.4,3.2,1.0,2025-06-09T19:44:40.189725440Z
12980.0,100.0,73.2,1017.54,0.0,0.032,19.74,81.0,0.9800000000000001,6238.4,-92.6,3.9,1.0,2025-06-09T19:54:40.152494592Z
12981.8,100.0,74.8,1017.6,0.0,0.032,19.439999999999998,85.66,0.7999999999999999,6240.2,-92.8,3.5799999999999996,1.0,2025-06-09T20:04:40.143468544Z
12983.6,100.0,75.2,1017.6,0.0,0.032,19.2,71.96,0.8800000000000001,6242.0,-93.6,3.78,1.0,2025-06-09T20:14:40.121885952Z
11099.25,100.0,77.75,1017.475,0.0,0.04,18.75,41.45,0.825,5401.5,-90.5,3.7,1.0,2025-06-09T20:24:14.699303424Z
12986.8,100.0,77.9,1017.7,0.0,0.032,18.72,36.18,0.8,6245.6,-92.4,4.96,1.0,2025-06-09T20:34:40.119873536Z
12988.6,100.0,79.4,1017.72,0.0,0.032,18.339999999999996,41.16,0.74,6247.4,-93.0,3.6399999999999997,1.0,2025-06-09T20:44:40.107817472Z
12990.4,100.0,79.9,1017.7800000000001,0.0,0.032,18.32,120.82000000000001,0.5800000000000001,6249.2,-92.8,3.12,1.0,2025-06-09T20:54:40.116526592Z
12992.2,100.0,81.0,1017.8,0.0,0.032,18.259999999999998,101.86000000000001,0.8,6251.0,-92.6,3.5,1.0,2025-06-09T21:04:40.127799808Z
12994.0,100.0,81.3,1017.82,0.0,0.032,17.940000000000005,34.92,0.52,6252.8,-92.6,4.66,1.0,2025-06-09T21:14:40.095870976Z
12995.8,100.0,83.5,1017.8,0.0,0.032,17.54,48.68,0.5199999999999999,6254.6,-93.0,4.08,1.0,2025-06-09T21:24:40.088238080Z
12997.6,100.0,84.6,1017.8399999999999,0.0,0.032,17.380000000000003,116.58000000000001,0.5,6256.4,-93.2,3.06,1.0,2025-06-09T21:34:40.091118848Z
12999.4,100.0,84.8,1017.8,0.0,0.032,17.32,103.7,0.74,6258.2,-94.0,4.24,1.0,2025-06-09T21:44:40.072530944Z
13001.2,100.0,86.2,1017.82,0.0,0.032,17.080000000000002,143.61999999999998,0.5199999999999999,6260.0,-92.4,4.5,1.0,2025-06-09T21:54:40.062948096Z
13003.0,100.0,87.6,1017.9,0.0,0.032,16.839999999999996,159.38,0.36,6261.8,-93.4,4.380000000000001,1.0,2025-06-09T22:04:40.047226624Z
13004.8,100.0,88.8,1017.9,0.0,0.032,16.56,213.95999999999998,0.4,6263.6,-93.4,4.279999999999999,1.0,2025-06-09T22:14:40.030187008Z
13006.6,100.0,89.9,1017.9399999999999,0.0,0.032,16.3,225.24,0.42000000000000004,6265.4,-93.4,4.46,1.0,2025-06-09T22:24:40.020446208Z
13008.4,100.0,89.8,1018.0,0.0,0.032,16.2,215.11999999999998,0.47999999999999987,6267.2,-92.4,4.66,1.0,2025-06-09T22:34:40.030820864Z
13010.2,100.0,91.0,1018.04,0.0,0.032,16.18,192.21999999999997,0.48,6269.0,-93.2,4.04,1.0,2025-06-09T22:44:40.005905152Z
13012.0,100.0,91.4,1018.0200000000001,0.0,0.032,15.960000000000003,212.26,0.44000000000000006,6270.8,-93.0,3.34,1.0,2025-06-09T22:54:40.007917568Z
13013.8,98.8,92.1,1017.9599999999998,0.0,0.032,15.8,212.4,0.5599999999999999,6272.6,-91.6,3.84,1.0,2025-06-09T23:04:40.013810688Z
13015.6,98.0,92.1,1018.0200000000001,0.0,0.032,15.719999999999999,207.76,0.5599999999999999,6274.4,-92.2,3.8600000000000003,1.0,2025-06-09T23:14:39.991945216Z
13017.4,98.0,92.7,1018.0,0.0,0.032,15.680000000000001,216.85999999999999,0.5,6276.2,-92.8,4.2,1.0,2025-06-09T23:24:39.986091520Z
13019.2,98.0,92.1,1017.9399999999999,0.0,0.032,15.579999999999998,238.4,0.43999999999999995,6278.0,-93.2,3.5800000000000005,1.0,2025-06-09T23:34:39.986747904Z
13021.0,98.0,92.5,1017.9,0.0,0.032,15.459999999999999,266.68,0.5,6279.8,-91.6,4.2,1.0,2025-06-09T23:44:39.975992064Z
13022.8,98.0,92.7,1017.8800000000001,0.0,0.032,15.439999999999998,236.11999999999998,0.5399999999999999,6281.6,-93.0,4.5600000000000005,1.0,2025-06-09T23:54:39.978988288Z
13024.6,97.4,92.0,1017.82,0.0,0.032,15.320000000000002,250.42,0.41999999999999993,6283.4,-93.0,3.6,1.0,2025-06-10T00:04:40.015910912Z
13026.4,96.4,92.2,1017.78,0.0,0.032,15.14,235.02000000000004,0.42000000000000004,6285.2,-93.8,3.8200000000000003,1.0,2025-06-10T00:14:39.969807104Z
11141.0,96.25,92.5,1017.6,0.0,0.04,14.925,182.15,0.325,5443.75,-89.5,4.0,1.0,2025-06-10T00:25:29.501676032Z
13029.6,96.4,94.0,1017.78,0.0,0.032,14.839999999999998,256.46000000000004,0.4,6288.8,-93.0,5.08,1.0,2025-06-10T00:34:39.942970880Z
13031.4,96.4,94.1,1017.78,0.0,0.032,14.919999999999998,294.76000000000005,0.38,6290.6,-93.4,4.36,1.0,2025-06-10T00:44:39.939593216Z
13033.2,96.4,94.4,1017.72,0.0,0.032,14.959999999999999,280.08,0.6,6292.4,-94.0,4.5200000000000005,1.0,2025-06-10T00:54:39.912277504Z
13035.0,96.4,94.3,1017.6600000000001,0.0,0.042,14.88,254.16000000000003,0.72,6294.2,-92.8,3.6599999999999993,1.0,2025-06-10T01:04:39.946258688Z
13036.8,95.2,93.6,1017.6200000000001,0.0,0.044000000000000004,14.86,240.35999999999999,0.8799999999999999,6296.0,-92.4,4.46,1.0,2025-06-10T01:14:39.983772160Z
13038.6,95.0,93.1,1017.68,0.0,0.044000000000000004,14.86,247.04000000000002,0.6599999999999999,6297.8,-93.6,4.56,1.0,2025-06-10T01:24:39.890747392Z
13040.4,95.0,93.7,1017.6599999999999,0.0,0.044000000000000004,14.819999999999999,240.1,0.76,6299.6,-93.8,3.4400000000000004,1.0,2025-06-10T01:34:39.901541376Z
13042.2,95.0,93.3,1017.68,0.0,0.044000000000000004,14.839999999999998,272.26,1.04,6301.4,-93.0,5.04,1.0,2025-06-10T01:44:39.882242816Z
13044.0,95.0,93.8,1017.64,0.0,0.044000000000000004,14.680000000000001,263.5,1.02,6303.2,-93.0,5.2,1.0,2025-06-10T01:54:39.882970624Z
13045.8,95.0,93.9,1017.5600000000001,0.0,0.05600000000000001,14.6,281.6,0.68,6305.0,-92.8,4.9,1.0,2025-06-10T02:04:39.867312640Z
13047.6,94.6,94.1,1017.5,0.0,0.068,14.539999999999997,276.88,0.8400000000000001,6306.8,-93.4,3.9,1.0,2025-06-10T02:14:39.874324480Z
13049.4,93.8,94.3,1017.5,0.0,0.07200000000000001,14.48,257.62,0.76,6308.6,-93.8,5.36,1.0,2025-06-10T02:24:40.312157440Z
13051.2,93.8,94.7,1017.4800000000001,0.0,0.076,14.38,281.56,0.6799999999999999,6310.4,-92.2,4.68,1.0,2025-06-10T02:34:39.850634496Z
13053.0,93.8,94.9,1017.4399999999999,0.0,0.076,14.379999999999999,257.0,0.74,6312.2,-92.6,3.96,1.0,2025-06-10T02:44:39.837107456Z
13054.8,93.8,94.9,1017.4199999999998,0.0,0.076,14.460000000000003,221.77999999999997,0.74,6314.0,-92.2,3.44,1.0,2025-06-10T02:54:39.822807552Z
13056.6,93.8,94.6,1017.4399999999999,0.0,0.08,14.580000000000002,240.04000000000002,0.9800000000000001,6315.8,-92.6,2.78,1.0,2025-06-10T03:04:39.834775296Z
13058.4,93.2,94.2,1017.4,0.0,0.08,14.639999999999997,247.35999999999999,0.78,6317.6,-92.2,5.24,1.0,2025-06-10T03:14:40.357868800Z
13060.2,92.6,94.3,1017.4,0.0,0.08,14.639999999999997,255.2,0.66,6319.4,-93.6,4.279999999999999,1.0,2025-06-10T03:24:39.825312256Z
13062.0,92.4,94.7,1017.4200000000001,0.0,0.08,14.6,266.65999999999997,1.1400000000000001,6321.2,-93.0,3.1199999999999997,1.0,2025-06-10T03:34:39.812946432Z
13063.8,92.4,94.4,1017.5200000000001,0.0,0.08,14.579999999999998,267.66,1.0799999999999998,6323.0,-92.8,4.74,1.0,2025-06-10T03:44:39.793662464Z
13065.6,92.4,94.4,1017.5,0.0,0.08,14.66,259.12,1.1400000000000001,6324.8,-92.8,4.66,1.0,2025-06-10T03:54:40.218423552Z
13067.4,92.4,94.4,1017.4800000000001,0.0,0.08,14.84,255.10000000000005,1.12,6326.6,-93.0,4.7,1.0,2025-06-10T04:04:39.797902848Z
13069.2,92.4,93.8,1017.5200000000001,0.0,0.08,15.180000000000001,249.94,1.04,6328.4,-93.0,3.5199999999999996,1.0,2025-06-10T04:14:39.787148800Z
13071.0,92.0,93.0,1017.54,0.0,0.08,15.559999999999999,240.74,1.1400000000000001,6330.2,-91.2,4.319999999999999,1.0,2025-06-10T04:24:40.210891264Z
13072.8,92.0,92.0,1017.6,0.0,0.08,16.0,255.46000000000004,1.0,6332.0,-92.6,4.18,1.0,2025-06-10T04:34:39.756155392Z
13074.6,92.0,91.2,1017.6200000000001,0.0,0.08,16.4,247.0,1.16,6333.8,-91.8,5.0,1.0,2025-06-10T04:44:39.750662656Z
13076.4,92.0,90.0,1017.6,0.0,0.08,16.919999999999998,265.96000000000004,1.08,6335.6,-92.4,3.9,1.0,2025-06-10T04:54:39.738687744Z
13078.2,92.0,88.9,1017.6200000000001,0.0,0.08,17.48,266.18,0.9399999999999998,6337.4,-92.2,4.0600000000000005,1.0,2025-06-10T05:04:39.744789248Z
13080.0,92.0,88.1,1017.6600000000001,0.0,0.084,17.979999999999997,271.12,1.2,6339.2,-92.4,4.64,1.0,2025-06-10T05:14:39.732229632Z
13081.8,92.8,84.9,1017.6200000000001,0.0,0.084,18.580000000000002,293.0,1.46,6341.0,-92.2,4.859999999999999,1.0,2025-06-10T05:24:39.724333568Z
13083.6,93.2,81.8,1017.5799999999999,0.0,0.084,19.1,310.25999999999993,1.44,6342.8,-93.6,2.78,1.0,2025-06-10T05:34:39.713644544Z
13085.4,93.8,79.0,1017.6600000000001,0.0,0.084,19.520000000000003,306.31999999999994,1.6199999999999999,6344.6,-92.2,3.8,1.0,2025-06-10T05:44:39.713230080Z
13087.2,93.8,77.5,1017.72,0.0,0.088,19.82,302.44000000000005,1.6800000000000002,6346.4,-92.6,4.7,1.0,2025-06-10T05:54:39.694704128Z
13089.0,93.8,75.6,1017.78,0.0,0.088,20.06,295.06,2.1599999999999997,6348.2,-93.6,3.3600000000000003,1.0,2025-06-10T06:04:39.695326720Z
13090.8,93.8,74.2,1017.8,0.0,0.088,20.42,244.56,1.6600000000000001,6350.0,-93.6,2.2600000000000002,1.0,2025-06-10T06:14:39.680522752Z
13092.6,94.4,72.6,1017.8800000000001,0.0,0.088,20.88,247.28000000000003,1.4,6351.8,-92.2,1.8399999999999999,1.0,2025-06-10T06:24:39.676895232Z
13094.4,96.6,70.3,1017.8800000000001,0.0,0.088,21.34,305.62,1.22,6353.6,-93.6,4.0200000000000005,1.0,2025-06-10T06:34:39.689463808Z
13096.2,97.6,69.8,1017.9399999999999,0.0,0.088,21.7,198.04000000000002,1.26,6355.4,-93.6,3.7600000000000002,1.0,2025-06-10T06:44:39.665407488Z
13098.0,97.6,68.4,1017.8800000000001,0.0,0.088,22.0,192.42000000000002,0.9199999999999999,6357.2,-92.8,3.3600000000000003,1.0,2025-06-10T06:54:39.646845440Z
13099.8,97.6,67.3,1017.8799999999999,0.0,0.088,22.38,318.14,1.06,6359.0,-92.4,3.0,1.0,2025-06-10T07:04:39.656005888Z
13101.6,97.6,65.4,1017.8,0.0,0.096,22.78,199.72,1.3800000000000001,6360.8,-93.6,4.4,1.0,2025-06-10T07:14:39.636655616Z
13103.4,97.6,63.6,1017.82,0.0,0.1,23.34,242.11999999999998,1.06,6362.6,-93.2,3.2,1.0,2025-06-10T07:24:39.626094848Z
13105.2,99.6,62.2,1017.68,0.0,0.1,23.86,151.0,0.8400000000000001,6364.4,-92.8,2.46,1.0,2025-06-10T07:34:39.636630528Z
13107.0,100.0,62.2,1017.7199999999999,0.0,0.1,23.96,290.93999999999994,1.3,6366.2,-90.8,2.7,1.0,2025-06-10T07:44:39.627631872Z
13108.8,100.0,61.2,1017.5799999999999,0.0,0.1,24.44,114.4,0.54,6368.0,-92.8,4.12,1.0,2025-06-10T07:54:39.618239744Z
13110.6,100.0,59.8,1017.5,0.0,0.1,24.64,142.48,1.1199999999999999,6369.8,-92.8,3.4,1.0,2025-06-10T08:04:39.614698752Z
13112.4,100.0,60.5,1017.4399999999999,0.0,0.1,24.76,316.4,1.0399999999999998,6371.6,-93.4,3.46,1.0,2025-06-10T08:14:39.599152896Z
13114.2,100.0,58.0,1017.36,0.0,0.1,25.439999999999998,274.48,1.36,6373.4,-92.8,3.8200000000000003,1.0,2025-06-10T08:24:39.598501120Z
13116.0,100.0,56.6,1017.2599999999999,0.0,0.1,25.46,161.92,1.22,6375.2,-93.4,4.74,1.0,2025-06-10T08:34:39.601481728Z
13117.8,100.0,56.7,1017.14,0.0,0.1,25.76,158.2,1.48,6377.0,-93.2,3.6,1.0,2025-06-10T08:44:39.585922560Z
13119.6,100.0,54.8,1016.9399999999999,0.0,0.1,25.9,182.04000000000002,1.1199999999999999,6378.8,-93.4,3.8600000000000003,1.0,2025-06-10T08:54:39.586531072Z
13121.4,100.0,53.6,1016.8399999999999,0.0,0.1,26.18,212.1,1.52,6380.6,-92.6,3.6799999999999997,1.0,2025-06-10T09:04:39.574151936Z
13123.2,100.0,51.9,1016.7800000000001,0.0,0.1,26.060000000000002,194.68,1.5399999999999998,6382.4,-93.0,4.220000000000001,1.0,2025-06-10T09:14:39.585654784Z
13125.0,100.0,52.1,1016.76,0.0,0.1,26.6,235.27999999999997,0.9600000000000002,6384.2,-93.4,4.1,1.0,2025-06-10T09:24:40.001891840Z
13126.8,100.0,50.3,1016.68,0.0,0.1,26.8,198.7,1.26,6386.0,-93.0,3.84,1.0,2025-06-10T09:34:39.573607168Z
13128.6,100.0,49.3,1016.5799999999999,0.0,0.1,26.839999999999996,172.32,1.44,6387.8,-93.4,3.16,1.0,2025-06-10T09:44:39.582871040Z
13130.4,100.0,49.7,1016.46,0.0,0.1,26.860000000000003,82.82000000000001,1.24,6389.6,-93.8,4.16,1.0,2025-06-10T09:54:39.556504576Z
13132.2,100.0,49.7,1016.36,0.0,0.1,27.060000000000002,169.42000000000002,0.8400000000000001,6391.4,-92.8,3.8,1.0,2025-06-10T10:04:39.558184448Z
13134.0,100.0,49.4,1016.28,0.0,0.1,27.479999999999997,135.87999999999997,1.9600000000000002,6393.2,-92.6,3.6399999999999997,1.0,2025-06-10T10:14:39.568953856Z
13135.8,100.0,49.8,1016.1800000000001,0.0,0.1,27.359999999999996,200.82000000000002,0.86,6395.0,-91.6,2.1399999999999997,1.0,2025-06-10T10:24:39.543113216Z
13137.6,100.0,47.6,1016.14,0.0,0.028000000000000004,27.779999999999994,252.86000000000004,1.52,6396.8,-93.0,3.56,1.0,2025-06-10T10:34:39.529787136Z
13139.4,100.0,45.3,1016.0200000000001,0.0,0.012,27.96,237.98000000000002,1.12,6398.6,-93.4,4.36,1.0,2025-06-10T10:44:39.556407808Z
13141.2,100.0,46.2,1015.9599999999998,0.0,0.012,27.98,225.7,1.64,6400.4,-93.6,3.7600000000000002,1.0,2025-06-10T10:54:39.529479680Z
13143.0,100.0,44.0,1015.8799999999999,0.0,0.012,28.079999999999995,147.76,1.7400000000000002,6402.2,-93.6,4.6,1.0,2025-06-10T11:04:39.515520256Z
13144.8,100.0,42.1,1015.78,0.0,0.012,28.340000000000003,166.16,1.3400000000000003,6404.0,-93.2,4.220000000000001,1.0,2025-06-10T11:14:39.516222976Z
13146.6,100.0,44.4,1015.8,0.0,0.012,28.52,286.46,1.2399999999999998,6405.8,-93.0,3.8200000000000003,1.0,2025-06-10T11:24:39.503703552Z
13148.4,100.0,40.9,1015.72,0.0,0.012,29.160000000000004,198.30000000000004,1.1400000000000001,6407.6,-93.2,3.7600000000000002,1.0,2025-06-10T11:34:39.935758336Z
13150.2,100.0,41.3,1015.5600000000001,0.0,0.012,29.0,148.48,2.02,6409.4,-92.8,3.0,1.0,2025-06-10T11:44:39.938175488Z
13152.0,100.0,41.4,1015.4399999999999,0.0,0.012,28.7,165.7,1.16,6411.2,-92.8,3.7399999999999998,1.0,2025-06-10T11:54:39.505338880Z
13153.8,100.0,41.0,1015.3399999999999,0.0,0.012,28.9,202.48000000000002,1.06,6413.0,-92.6,3.7400000000000007,1.0,2025-06-10T12:04:39.496458240Z
13155.6,100.0,41.1,1015.2199999999999,0.0,0.012,29.18,150.38,1.16,6414.8,-93.0,3.04,1.0,2025-06-10T12:14:39.517850368Z
13157.4,100.0,41.2,1015.1200000000001,0.0,0.012,29.52,82.76,1.92,6416.6,-92.8,2.72,1.0,2025-06-10T12:24:39.912570368Z
13159.2,100.0,41.4,1014.9599999999998,0.0,0.012,29.419999999999998,232.43999999999997,1.58,6418.4,-93.0,4.4399999999999995,1.0,2025-06-10T12:34:39.482554368Z
13161.0,100.0,41.1,1014.86,0.0,0.012,29.880000000000003,124.25999999999999,1.52,6420.2,-92.8,3.4799999999999995,1.0,2025-06-10T12:44:39.497663232Z
13162.8,100.0,40.9,1014.76,0.0,0.012,29.96,169.64,1.8200000000000003,6422.0,-93.6,3.94,1.0,2025-06-10T12:54:39.474481920Z
13164.6,100.0,41.1,1014.5600000000001,0.0,0.012,29.860000000000003,164.48,1.02,6423.8,-93.4,3.5799999999999996,1.0,2025-06-10T13:04:39.486072320Z
13166.4,100.0,39.9,1014.4,0.0,0.012,30.139999999999997,205.18,1.4000000000000001,6425.6,-92.8,3.7,1.0,2025-06-10T13:14:39.469831936Z
13168.2,100.0,39.0,1014.3,0.0,0.012,30.3,204.50000000000003,1.58,6427.4,-92.6,3.04,1.0,2025-06-10T13:24:39.902242560Z
13170.0,100.0,39.2,1014.28,0.0,0.012,30.48,119.82000000000001,0.9600000000000002,6429.2,-93.2,3.6399999999999997,1.0,2025-06-10T13:34:39.464950272Z
13171.8,100.0,39.3,1014.1200000000001,0.0,0.012,30.5,169.1,1.1,6431.0,-93.6,3.1399999999999997,1.0,2025-06-10T13:44:39.469552128Z
11215.833333333334,100.0,39.5,1013.7333333333332,0.0,0.02,30.716666666666665,160.96666666666667,0.75,5513.666666666667,-96.66666666666667,2.6999999999999997,1.0,2025-06-10T13:55:11.052819456Z
13175.6,100.0,39.9,1013.86,0.0,0.012,31.0,107.47999999999999,1.1,6434.6,-93.4,3.9799999999999995,1.0,2025-06-10T14:04:39.459703296Z
13177.4,100.0,39.9,1013.7,0.0,0.012,30.7,194.9,1.28,6436.4,-92.8,3.2600000000000002,1.0,2025-06-10T14:14:39.460857856Z
13179.2,100.0,40.3,1013.5200000000001,0.0,0.012,30.52,212.45999999999998,1.3399999999999999,6438.2,-92.4,3.56,1.0,2025-06-10T14:24:39.453936384Z
13181.0,100.0,38.5,1013.46,0.0,0.012,30.740000000000002,192.51999999999998,0.7000000000000001,6440.0,-92.8,4.859999999999999,1.0,2025-06-10T14:34:39.450107904Z
13182.8,100.0,39.7,1013.36,0.0,0.012,30.880000000000003,184.3,0.9,6441.8,-93.6,4.16,1.0,2025-06-10T14:44:39.459918080Z
13184.6,100.0,38.5,1013.32,0.0,0.012,30.9,215.23999999999995,1.5799999999999998,6443.6,-93.4,3.3,1.0,2025-06-10T14:54:39.444972800Z
13186.4,100.0,37.8,1013.32,0.0,0.012,31.28,71.7,0.8600000000000001,6445.4,-92.4,3.6199999999999997,1.0,2025-06-10T15:04:39.456946176Z
11229.5,100.0,39.666666666666664,1013.0,0.0,0.02,30.76666666666667,87.0,1.3,5527.0,-101.83333333333333,-6.399999999999999,1.0,2025-06-10T15:15:11.639950592Z
13190.2,100.0,39.3,1013.1200000000001,0.0,0.012,30.9,111.36000000000001,1.28,6449.0,-96.0,-0.7600000000000001,1.0,2025-06-10T15:24:39.463012864Z
13192.0,100.0,38.4,1013.0200000000001,0.0,0.012,30.880000000000003,234.32000000000002,0.8,6450.8,-93.2,3.8200000000000003,1.0,2025-06-10T15:34:39.442557696Z
13193.8,100.0,38.5,1012.9599999999998,0.0,0.012,30.840000000000003,204.56,1.04,6452.6,-92.4,3.44,1.0,2025-06-10T15:44:39.883637248Z
13195.6,100.0,38.5,1012.9200000000001,0.0,0.012,30.82,248.16,1.78,6454.4,-93.0,4.779999999999999,1.0,2025-06-10T15:54:39.434713600Z
13197.4,100.0,39.4,1012.8,0.0,0.012,30.48,110.02000000000001,1.6,6456.2,-93.4,3.7600000000000002,1.0,2025-06-10T16:04:39.431415808Z
13199.2,100.0,40.1,1012.72,0.0,0.012,30.360000000000003,159.38,0.9799999999999999,6458.0,-93.2,2.2600000000000002,1.0,2025-06-10T16:14:39.433987840Z
13201.0,100.0,39.2,1012.64,0.0,0.012,30.380000000000003,177.36,1.22,6459.8,-92.6,4.14,1.0,2025-06-10T16:24:39.425838336Z
13202.8,100.0,39.4,1012.6599999999999,0.0,0.012,30.140000000000004,121.48000000000002,1.08,6461.6,-92.8,4.3,1.0,2025-06-10T16:34:39.424802816Z
13204.6,100.0,39.8,1012.5600000000001,0.0,0.012,30.119999999999997,99.22,1.06,6463.4,-95.8,-0.9399999999999998,1.0,2025-06-10T16:44:39.426547456Z
13206.4,100.0,40.3,1012.5,0.0,0.012,30.02,149.38,0.8799999999999999,6465.2,-93.6,4.1,1.0,2025-06-10T16:54:39.426939648Z
13208.2,100.0,40.6,1012.5799999999999,0.0,0.012,29.779999999999994,112.1,1.06,6467.0,-94.6,4.14,1.0,2025-06-10T17:04:39.424509184Z
13210.0,100.0,41.7,1012.5,0.0,0.012,29.5,57.839999999999996,1.06,6468.8,-93.6,4.64,1.0,2025-06-10T17:14:39.847684864Z
13211.8,100.0,42.9,1012.5200000000001,0.0,0.012,29.22,40.42,1.0,6470.6,-93.2,3.96,1.0,2025-06-10T17:24:39.400048384Z
13213.6,100.0,44.3,1012.5600000000001,0.0,0.012,28.78,45.58,0.96,6472.4,-92.8,4.0,1.0,2025-06-10T17:34:39.397354240Z
13215.4,100.0,45.0,1012.5200000000001,0.0,0.012,28.380000000000003,50.67999999999999,0.74,6474.2,-94.8,-0.7399999999999999,1.0,2025-06-10T17:44:39.419310592Z
13217.2,100.0,48.9,1012.3399999999999,0.0,0.013999999999999999,27.940000000000005,92.96,0.72,6476.0,-93.0,5.0600000000000005,1.0,2025-06-10T17:54:39.389955584Z
13219.0,100.0,53.3,1012.4,0.0,0.015999999999999997,26.919999999999998,87.26,1.4599999999999997,6477.8,-93.2,4.1,1.0,2025-06-10T18:04:39.386973696Z
13220.8,100.0,58.0,1012.3800000000001,0.0,0.015999999999999997,25.879999999999995,115.38,1.4600000000000002,6479.6,-93.0,3.72,1.0,2025-06-10T18:14:39.378375424Z
13222.6,100.0,60.7,1012.4,0.0,0.015999999999999997,25.16,119.55999999999999,1.58,6481.4,-93.0,4.14,1.0,2025-06-10T18:24:39.373244928Z
13224.4,100.0,62.8,1012.4200000000001,0.0,0.015999999999999997,24.6,127.97999999999999,1.52,6483.2,-92.0,4.14,1.0,2025-06-10T18:34:39.368847872Z
13226.2,100.0,64.1,1012.4399999999999,0.0,0.024,24.28,134.42000000000002,1.04,6485.0,-94.0,3.34,1.0,2025-06-10T18:44:39.357932032Z
13228.0,100.0,66.0,1012.46,0.0,0.024,23.799999999999997,138.38,0.9600000000000002,6486.8,-93.8,2.6,1.0,2025-06-10T18:54:39.356111360Z
13229.8,100.0,68.2,1012.4,0.0,0.03400000000000001,23.259999999999998,117.92,0.82,6488.6,-93.0,3.8,1.0,2025-06-10T19:04:39.346237952Z
13231.6,100.0,70.4,1012.46,0.0,0.044000000000000004,22.779999999999998,122.4,0.6799999999999999,6490.4,-92.6,4.96,1.0,2025-06-10T19:14:39.344236032Z
13233.4,100.0,72.1,1012.5199999999999,0.0,0.05,22.380000000000003,140.32,0.82,6492.2,-93.2,4.04,1.0,2025-06-10T19:24:39.325621248Z
13235.2,100.0,72.9,1012.6,0.0,0.05,22.16,122.51999999999998,0.7,6494.0,-94.0,3.72,1.0,2025-06-10T19:34:39.323478528Z
13237.0,100.0,74.7,1012.7,0.0,0.05,21.740000000000002,118.96,0.62,6495.8,-92.4,3.7199999999999998,1.0,2025-06-10T19:44:39.315328000Z
13238.8,100.0,76.1,1012.6400000000001,0.0,0.03200000000000001,21.339999999999996,124.66,0.4800000000000001,6497.6,-92.8,4.92,1.0,2025-06-10T19:54:39.313308160Z
13240.6,100.0,76.9,1012.6200000000001,0.0,0.03200000000000001,21.14,131.52,0.68,6499.4,-94.0,4.4,1.0,2025-06-10T20:04:39.303279104Z
13242.4,100.0,77.5,1012.78,0.0,0.03200000000000001,20.98,125.4,0.54,6501.2,-93.4,2.6399999999999997,1.0,2025-06-10T20:14:39.301343744Z
13244.2,100.0,78.6,1012.8399999999999,0.0,0.03200000000000001,20.740000000000002,129.2,0.45999999999999996,6503.0,-92.0,2.9799999999999995,1.0,2025-06-10T20:24:39.286012160Z
13246.0,100.0,79.6,1012.8,0.0,0.03200000000000001,20.52,127.7,0.8,6504.8,-93.0,3.96,1.0,2025-06-10T20:34:39.292285440Z
13247.8,100.0,79.4,1012.72,0.0,0.03200000000000001,20.580000000000002,156.54000000000002,0.6,6506.6,-93.4,3.9,1.0,2025-06-10T20:44:39.264981248Z
13249.6,100.0,80.3,1012.68,0.0,0.03200000000000001,20.439999999999998,126.14000000000001,0.72,6508.4,-93.8,2.7599999999999993,1.0,2025-06-10T20:54:39.280512256Z
13251.4,100.0,80.9,1012.68,0.0,0.03200000000000001,20.28,130.34,0.48,6510.2,-93.2,3.6399999999999997,1.0,2025-06-10T21:04:39.264191744Z
13253.2,100.0,82.3,1012.64,0.0,0.03200000000000001,19.98,166.08,0.45999999999999996,6512.0,-92.4,4.9,1.0,2025-06-10T21:14:39.248416768Z
13255.0,100.0,83.1,1012.68,0.0,0.03200000000000001,19.72,153.52,0.48,6513.8,-93.2,2.92,1.0,2025-06-10T21:24:39.246405120Z
13256.8,100.0,83.9,1012.6200000000001,0.0,0.03200000000000001,19.5,164.26000000000002,0.30000000000000004,6515.6,-93.6,4.0,1.0,2025-06-10T21:34:39.231865088Z
13258.6,100.0,85.0,1012.5799999999999,0.0,0.03200000000000001,19.2,173.04,0.33999999999999997,6517.4,-92.2,4.0,1.0,2025-06-10T21:44:39.228638208Z
13260.4,100.0,86.8,1012.5799999999999,0.0,0.03200000000000001,19.0,197.62,0.31999999999999995,6519.2,-92.6,4.62,1.0,2025-06-10T21:54:39.216696064Z
13262.2,99.8,86.5,1012.5600000000001,0.0,0.03200000000000001,18.939999999999998,145.28000000000003,0.34,6521.0,-93.0,3.94,1.0,2025-06-10T22:04:39.211740416Z
13264.0,99.8,86.7,1012.6,0.0,0.03200000000000001,19.000000000000004,244.6,0.3,6522.8,-93.4,3.6799999999999997,1.0,2025-06-10T22:14:39.217304832Z
13265.8,99.8,87.7,1012.5600000000001,0.0,0.03200000000000001,18.8,185.66,0.27999999999999997,6524.6,-92.4,3.16,1.0,2025-06-10T22:24:39.203376640Z
13267.6,99.0,87.3,1012.54,0.0,0.03200000000000001,18.68,180.73999999999998,0.32,6526.4,-92.2,4.32,1.0,2025-06-10T22:34:39.184896512Z
13269.4,99.0,87.3,1012.5600000000001,0.0,0.03200000000000001,18.660000000000004,189.66000000000003,0.45999999999999996,6528.2,-93.0,3.4800000000000004,1.0,2025-06-10T22:44:39.191737088Z
13271.2,99.0,89.2,1012.4800000000001,0.0,0.03200000000000001,18.56,238.01999999999998,0.54,6530.0,-93.0,2.44,1.0,2025-06-10T22:54:39.167192576Z
13273.0,98.2,88.8,1012.4399999999999,0.0,0.03200000000000001,18.46,199.64,0.27999999999999997,6531.8,-93.2,3.8600000000000003,1.0,2025-06-10T23:04:39.165416192Z
13274.8,97.8,88.9,1012.4599999999998,0.0,0.03200000000000001,18.28,232.2,0.48,6533.6,-93.6,4.459999999999999,1.0,2025-06-10T23:14:39.151576832Z
13276.6,97.8,88.7,1012.36,0.0,0.03200000000000001,18.34,198.14,0.5199999999999999,6535.4,-93.8,3.7399999999999998,1.0,2025-06-10T23:24:39.143954944Z
13698.0,97.5,88.75,1012.45,0.0,0.037500000000000006,18.299999999999997,239.675,0.425,6692.5,-98.25,1.325,1.0,2025-06-10T23:35:27.918169088Z
11385.75,97.25,89.75,1012.15,0.0,0.0225,18.25,235.15,0.7,5688.75,-91.75,3.9749999999999996,1.0,2025-06-10T23:45:28.633408000Z
13281.2,97.4,88.6,1012.4,0.0,0.03200000000000001,18.2,271.06000000000006,0.54,6540.8,-93.6,4.32,1.0,2025-06-10T23:54:39.122155008Z
13283.0,97.0,88.2,1012.36,0.0,0.036000000000000004,18.360000000000003,261.26,0.78,6542.6,-93.0,3.62,1.0,2025-06-11T00:04:39.150861056Z
13284.8,96.8,87.9,1012.36,0.0,0.04,18.42,161.95999999999998,0.7,6544.4,-93.2,3.54,1.0,2025-06-11T00:14:39.550514176Z
13286.6,96.8,87.8,1012.36,0.0,0.04,18.439999999999998,225.11999999999998,0.62,6546.2,-96.6,-0.9600000000000002,1.0,2025-06-11T00:24:39.099532032Z
13288.4,96.6,88.2,1012.3399999999999,0.0,0.04,18.3,270.73999999999995,0.5800000000000001,6548.0,-92.4,4.220000000000001,1.0,2025-06-11T00:34:39.531165184Z
13290.2,96.4,89.0,1012.2800000000001,0.0,0.04,18.14,233.88000000000002,0.74,6549.8,-93.4,3.2,1.0,2025-06-11T00:44:39.086782976Z
13292.0,96.4,88.7,1012.2599999999999,0.0,0.04,18.0,220.26,0.9,6551.6,-93.0,1.3399999999999999,1.0,2025-06-11T00:54:39.073179648Z
13293.8,96.2,89.1,1012.26,0.0,0.04,17.82,263.64,0.6799999999999999,6553.4,-93.6,4.0600000000000005,1.0,2025-06-11T01:04:39.078077952Z
13295.6,96.0,90.0,1012.18,0.0,0.04,17.5,265.98,0.5599999999999999,6555.2,-92.2,5.12,1.0,2025-06-11T01:14:39.073708544Z
13297.4,95.8,90.2,1012.14,0.0,0.04,17.68,223.0,0.8,6557.0,-93.4,3.78,1.0,2025-06-11T01:24:39.049697024Z
13299.2,95.8,89.7,1012.1,0.0,0.04,17.56,216.56,0.6799999999999999,6558.8,-93.4,3.7,1.0,2025-06-11T01:34:39.040931328Z
13301.0,95.0,90.1,1012.0200000000001,0.0,0.04,17.360000000000003,227.71999999999997,0.5,6560.6,-92.6,3.6799999999999997,1.0,2025-06-11T01:44:39.473193728Z
13302.8,95.0,90.2,1012.0799999999999,0.0,0.04,17.36,269.3,0.42000000000000004,6562.4,-94.2,4.2,1.0,2025-06-11T01:54:39.045169408Z
13304.6,95.0,90.4,1012.04,0.0,0.04,17.259999999999998,236.74,0.36000000000000004,6564.2,-92.2,4.4799999999999995,1.0,2025-06-11T02:04:39.043280640Z
13306.4,94.2,90.8,1012.0200000000001,0.0,0.04,17.119999999999997,161.57999999999998,0.4,6566.0,-90.8,-1.56,1.0,2025-06-11T02:14:39.024844032Z
13308.2,93.8,91.5,1012.0,0.0,0.04,17.0,200.50000000000003,0.29999999999999993,6567.8,-94.0,3.5799999999999996,1.0,2025-06-11T02:24:39.482686208Z
13310.0,93.8,91.8,1011.9399999999999,0.0,0.04,16.84,153.77999999999997,0.32,6569.6,-96.0,-0.07999999999999971,1.0,2025-06-11T02:34:39.076445440Z
13311.8,93.6,99.1,2120.38,51.0,131.108,13.360000000000003,147.64,1311.1399999999999,6571.4,-93.4,4.26,1.0,2025-06-11T02:44:39.888570880Z
13313.6,93.4,93.2,1012.0200000000001,0.0,0.04,16.64,153.94,0.48,6573.2,-93.2,4.0,1.0,2025-06-11T02:54:39.001076480Z
13315.4,93.4,93.2,1012.04,0.0,0.04,16.58,224.56,0.26,6575.0,-92.8,3.6,1.0,2025-06-11T03:04:39.000263424Z
13317.2,93.0,93.4,1012.04,0.0,0.04,16.52,183.5,0.6,6576.8,-93.2,5.119999999999999,1.0,2025-06-11T03:14:38.979846144Z
13319.0,92.8,93.8,1012.0200000000001,0.0,0.04,16.5,190.23999999999998,0.7,6578.6,-92.8,4.1,1.0,2025-06-11T03:24:38.973125376Z
13320.8,92.8,94.1,1011.96,0.0,0.04,16.499999999999996,216.62000000000003,0.32,6580.4,-93.0,3.34,1.0,2025-06-11T03:34:38.990150144Z
13322.6,92.6,94.3,1012.0599999999998,0.0,0.04,16.419999999999998,131.92000000000002,0.3,6582.2,-94.2,4.5,1.0,2025-06-11T03:44:38.965063680Z
13324.4,92.4,94.0,1012.1200000000001,0.0,0.04,16.58,170.6,0.26,6584.0,-93.4,4.66,1.0,2025-06-11T03:54:38.950113280Z
13326.2,92.4,93.6,1012.1600000000001,0.0,0.044,16.82,174.78,0.24000000000000005,6585.8,-92.4,3.6,1.0,2025-06-11T04:04:38.935594240Z
13328.0,92.2,92.6,1012.24,0.0,0.044,17.240000000000002,201.94,0.3,6587.6,-93.6,3.66,1.0,2025-06-11T04:14:38.935880704Z
13329.8,92.0,92.2,1012.24,0.0,0.044,17.860000000000003,146.2,0.26,6589.4,-93.0,3.56,1.0,2025-06-11T04:24:38.924901376Z
13331.6,92.2,89.9,1012.22,0.0,0.044,18.6,142.4,0.4,6591.2,-93.2,4.54,1.0,2025-06-11T04:34:38.932493056Z
13333.4,92.2,86.2,1012.24,0.0,0.044,19.44,116.82000000000001,0.26,6593.0,-93.4,4.36,1.0,2025-06-11T04:44:38.932848896Z
13335.2,92.2,84.8,1012.3399999999999,0.0,0.048,20.060000000000002,163.74,0.22000000000000003,6594.8,-92.4,2.84,1.0,2025-06-11T04:54:38.912260352Z
13337.0,92.2,81.5,1012.4,0.0,0.048,20.72,218.45999999999998,0.32,6596.6,-94.2,3.6399999999999997,1.0,2025-06-11T05:04:38.889936384Z
13338.8,92.2,80.0,1012.46,0.0,0.048,21.16,239.92000000000002,0.42000000000000004,6598.4,-92.0,4.18,1.0,2025-06-11T05:14:38.899928576Z
13340.6,92.6,76.8,1012.5,0.0,0.052000000000000005,21.9,223.11999999999998,0.4,6600.2,-93.4,3.6799999999999997,1.0,2025-06-11T05:24:38.887262464Z
13342.4,92.8,73.9,1012.5,0.0,0.05600000000000001,22.779999999999998,296.14,0.42000000000000004,6602.0,-93.2,2.38,1.0,2025-06-11T05:34:38.869912064Z
13344.2,92.8,72.1,1012.5,0.0,0.05600000000000001,23.360000000000003,186.38000000000002,0.36,6603.8,-92.4,3.1,1.0,2025-06-11T05:44:38.872296960Z
13346.0,94.0,67.5,1012.4199999999998,0.0,0.05600000000000001,24.140000000000004,214.92,0.56,6605.6,-93.4,3.8400000000000007,1.0,2025-06-11T05:54:38.882188800Z
13347.8,94.0,66.8,1012.4,0.0,0.05600000000000001,24.72,120.89999999999998,0.54,6607.4,-93.2,3.6399999999999997,1.0,2025-06-11T06:04:38.845372160Z
13349.6,94.0,64.0,1012.5200000000001,0.0,0.05600000000000001,25.16,178.2,0.8799999999999999,6609.2,-93.0,2.8,1.0,2025-06-11T06:14:38.866247168Z
13351.4,95.0,63.4,1012.6,0.0,0.05600000000000001,25.46,112.84,0.72,6611.0,-94.4,4.1,1.0,2025-06-11T06:24:38.851909120Z
13353.2,96.0,62.3,1012.6599999999999,0.0,0.05600000000000001,25.98,82.05999999999999,0.54,6612.8,-91.4,2.0800000000000005,1.0,2025-06-11T06:34:38.844625408Z
13355.0,97.2,59.7,1012.64,0.0,0.05600000000000001,26.639999999999997,119.46,0.5399999999999999,6614.6,-92.8,2.8600000000000003,1.0,2025-06-11T06:44:38.822075136Z
13356.8,98.0,57.6,1012.68,0.0,0.05600000000000001,27.380000000000003,123.61999999999998,0.58,6616.4,-93.0,2.84,1.0,2025-06-11T06:54:38.815640576Z
13358.6,98.8,55.9,1012.7,0.0,0.05600000000000001,27.8,270.44,0.9199999999999999,6618.2,-92.2,3.94,1.0,2025-06-11T07:04:38.812189952Z
13360.4,98.8,54.6,1012.74,0.0,0.05600000000000001,28.02,241.2,0.96,6620.0,-93.6,4.0600000000000005,1.0,2025-06-11T07:14:39.253994496Z
13362.2,98.8,52.8,1012.7599999999999,0.0,0.05600000000000001,28.24,238.0,1.3000000000000003,6621.8,-93.4,3.2600000000000002,1.0,2025-06-11T07:24:38.793944832Z
13364.0,99.6,51.4,1012.76,0.0,0.05600000000000001,28.560000000000002,183.24,0.96,6623.6,-94.0,2.96,1.0,2025-06-11T07:34:38.803990016Z
13365.8,99.6,50.9,1012.72,0.0,0.05600000000000001,28.660000000000004,211.26,1.48,6625.4,-94.0,4.16,1.0,2025-06-11T07:44:38.801136896Z
13367.6,99.6,50.6,1012.7,0.0,0.05600000000000001,28.7,163.44,1.3399999999999999,6627.2,-93.2,4.319999999999999,1.0,2025-06-11T07:54:38.785593600Z
13369.4,100.0,50.0,1012.68,0.0,0.05600000000000001,29.040000000000003,157.8,1.32,6629.0,-93.8,4.0,1.0,2025-06-11T08:04:38.808659456Z
13371.2,100.0,49.3,1012.7,0.0,0.05600000000000001,29.22,152.04,1.34,6630.8,-93.4,2.5,1.0,2025-06-11T08:14:38.770741504Z
13373.0,100.0,48.5,1012.76,0.0,0.05800000000000001,29.54,175.11999999999998,0.76,6632.6,-93.8,3.9,1.0,2025-06-11T08:24:38.782330368Z
13374.8,100.0,48.6,1012.78,0.0,0.064,30.1,137.66000000000003,1.6200000000000003,6634.4,-93.8,4.4,1.0,2025-06-11T08:34:38.769114112Z
11480.0,100.0,48.125,1012.65,0.0,0.065,29.875,114.35,1.1,5783.25,-89.25,4.875,1.0,2025-06-11T08:45:28.217463296Z
13378.0,100.0,46.0,1012.74,0.0,0.092,30.339999999999996,228.01999999999998,0.9399999999999998,6638.0,-93.6,3.66,1.0,2025-06-11T08:54:38.772071168Z
13379.8,100.0,46.2,1012.76,0.0,0.092,30.380000000000003,143.38000000000002,1.14,6639.8,-92.4,3.8,1.0,2025-06-11T09:04:38.754462464Z
13381.6,100.0,44.7,1012.7,0.0,0.092,30.359999999999996,109.51999999999998,1.92,6641.6,-95.2,-1.0200000000000002,1.0,2025-06-11T09:14:38.873050368Z
13383.4,100.0,45.8,1012.6600000000001,0.0,0.092,30.619999999999997,143.39999999999998,0.7,6643.4,-93.6,3.4599999999999995,1.0,2025-06-11T09:24:38.749339136Z
13385.2,100.0,45.0,1012.64,0.0,0.092,30.78,131.94,1.3599999999999999,6645.2,-92.4,0.9,1.0,2025-06-11T09:34:38.740563968Z
13387.0,100.0,43.9,1012.6600000000001,0.0,0.092,30.659999999999997,144.54000000000002,1.2,6647.0,-92.2,3.5200000000000005,1.0,2025-06-11T09:44:38.752333312Z
13388.8,100.0,44.5,1012.64,0.0,0.092,30.860000000000003,135.64000000000001,1.3800000000000001,6648.8,-93.0,4.04,1.0,2025-06-11T09:54:38.736760576Z
13390.6,100.0,43.9,1012.7,0.0,0.092,31.0,75.04,1.52,6650.6,-92.8,2.28,1.0,2025-06-11T10:04:38.741562112Z
13392.4,100.0,43.0,1012.6800000000001,0.0,0.092,31.159999999999997,173.38,1.38,6652.4,-93.6,4.16,1.0,2025-06-11T10:14:38.776685056Z
13394.2,100.0,42.7,1012.6200000000001,0.0,0.092,31.359999999999996,170.04000000000002,1.64,6654.2,-95.0,-1.36,1.0,2025-06-11T10:24:38.723295232Z
13396.0,100.0,43.9,1012.6,0.0,0.012,31.74,225.94,1.0,6656.0,-93.8,4.720000000000001,1.0,2025-06-11T10:34:38.738301696Z
13397.8,100.0,40.9,1012.6,0.0,0.0,32.08,156.02,1.2,6657.8,-93.8,4.04,1.0,2025-06-11T10:44:38.728065792Z
13399.6,100.0,42.6,1012.5799999999999,0.0,0.0,31.82,118.38,1.52,6659.6,-93.8,3.62,1.0,2025-06-11T10:54:38.724177920Z
13401.4,100.0,41.9,1012.6,0.0,0.0,31.580000000000002,135.98,0.8400000000000001,6661.4,-92.8,2.0799999999999996,1.0,2025-06-11T11:04:38.715469312Z
13403.2,100.0,41.7,1012.5200000000001,0.0,0.0,31.880000000000003,172.32,1.56,6663.2,-93.4,5.3,1.0,2025-06-11T11:14:38.731923968Z
13405.0,100.0,41.2,1012.4,0.0,0.0,31.880000000000003,206.38000000000002,0.96,6665.0,-93.2,3.1399999999999997,1.0,2025-06-11T11:24:38.723543040Z
13406.8,100.0,41.9,1012.36,0.0,0.0,32.08,179.56,1.8,6666.8,-94.6,4.1,1.0,2025-06-11T11:34:38.773397248Z
13408.6,100.0,43.0,1012.3399999999999,0.0,0.0,31.76,71.16,1.2599999999999998,6668.6,-92.0,2.84,1.0,2025-06-11T11:44:38.725278208Z
13410.4,100.0,41.2,1012.32,0.0,0.0,31.74,61.58,1.3800000000000001,6670.4,-96.4,2.4799999999999995,1.0,2025-06-11T11:54:38.727386112Z
13412.2,100.0,40.8,1012.32,0.0,0.0,32.279999999999994,211.84,1.44,6672.2,-93.6,4.24,1.0,2025-06-11T12:04:39.233503744Z
13414.0,100.0,42.1,1012.3199999999999,0.0,0.0,32.4,89.08,1.48,6674.0,-93.4,2.96,1.0,2025-06-11T12:14:38.733522944Z
13415.8,100.0,41.2,1012.2,0.0,0.0,32.279999999999994,176.22000000000003,1.7,6675.8,-93.2,3.78,1.0,2025-06-11T12:24:38.710147328Z
13417.6,100.0,41.4,1012.0200000000001,0.0,0.0,32.48,116.83999999999999,1.7,6677.6,-96.4,3.8,1.0,2025-06-11T12:34:38.717104896Z
13419.4,100.0,40.2,1011.9200000000001,0.0,0.0,32.58,222.16,1.7600000000000002,6679.4,-94.2,3.2399999999999998,1.0,2025-06-11T12:44:39.169046016Z
11523.5,100.0,40.75,1011.6750000000001,0.0,0.0,32.900000000000006,138.4,1.2500000000000002,5827.0,-92.0,3.875,1.0,2025-06-11T12:55:28.135830528Z
11525.0,100.0,41.375,1011.5999999999999,0.0,0.0,32.8,98.69999999999999,0.9750000000000001,5828.5,-90.75,4.075,1.0,2025-06-11T13:04:13.176528384Z
13424.0,100.0,40.4,1011.64,0.0,0.0,32.8,160.85999999999999,1.12,6684.8,-93.2,4.9799999999999995,1.0,2025-06-11T13:14:38.715069952Z
13425.8,100.0,40.0,1011.5800000000002,0.0,0.0,33.0,124.58,1.7399999999999998,6686.6,-94.4,3.9599999999999995,1.0,2025-06-11T13:24:38.710841856Z
11530.0,100.0,41.125,1011.425,0.0,0.0,33.025,145.92499999999998,1.3499999999999999,5833.75,-90.0,2.825,1.0,2025-06-11T13:34:13.133585664Z
13429.0,100.0,42.0,1011.5799999999999,0.0,0.0,33.260000000000005,111.16000000000001,1.7,6690.2,-94.2,4.42,1.0,2025-06-11T13:44:38.692513024Z
13430.8,100.0,41.7,1011.4,0.0,0.0,32.78000000000001,122.16,1.24,6692.0,-93.0,4.92,1.0,2025-06-11T13:54:38.692303616Z
13432.6,100.0,40.7,1011.36,0.0,0.0,32.88,47.36,2.6,6693.8,-97.0,2.84,1.0,2025-06-11T14:04:38.697090816Z
13434.4,100.0,40.8,1011.3799999999999,0.0,0.0,32.980000000000004,110.44000000000001,1.2399999999999998,6695.6,-93.6,2.54,1.0,2025-06-11T14:14:38.721892864Z
13436.2,100.0,41.0,1011.26,0.0,0.004,33.0,134.14,2.18,6697.4,-92.2,-0.4,1.0,2025-06-11T14:24:38.688284160Z
13852.75,100.0,40.875,1011.1999999999999,0.0,0.025,32.825,41.125,1.9,6849.75,-97.0,2.0999999999999996,1.0,2025-06-11T14:34:12.494555392Z
13439.4,100.0,41.4,1011.1800000000001,0.0,0.02,32.739999999999995,87.36,1.64,6701.0,-94.2,4.5600000000000005,1.0,2025-06-11T14:44:38.735521280Z
13441.2,100.0,43.2,1011.0799999999999,0.0,0.02,32.5,107.1,2.06,6702.8,-94.0,2.3599999999999994,1.0,2025-06-11T14:54:38.685648128Z
13443.0,100.0,43.7,1011.0600000000001,0.0,0.02,32.2,85.04,1.7,6704.6,-98.4,1.7,1.0,2025-06-11T15:04:39.125002240Z
13444.8,100.0,44.6,1011.0,0.0,0.02,32.08,99.7,2.22,6706.4,-93.4,4.28,1.0,2025-06-11T15:14:38.682885888Z
13446.6,100.0,44.0,1011.0200000000001,0.0,0.030000000000000006,32.14,91.08000000000001,1.5599999999999998,6708.2,-94.0,4.7,1.0,2025-06-11T15:24:38.681287936Z
13863.0,100.0,44.375,1010.975,0.0,0.05,32.225,83.55,2.7500000000000004,6860.25,-97.0,0.09999999999999964,1.0,2025-06-11T15:34:12.494085888Z
13449.8,100.0,45.6,1010.9200000000001,0.0,0.04,31.9,101.44000000000001,1.48,6711.8,-93.4,3.1599999999999993,1.0,2025-06-11T15:44:38.686716672Z
13451.6,100.0,46.0,1010.86,0.0,0.04,31.580000000000002,78.38,2.92,6713.6,-93.8,4.72,1.0,2025-06-11T15:54:38.677129472Z
13453.4,100.0,47.3,1010.82,0.0,0.04,31.02,81.76,4.26,6715.4,-96.6,3.3,1.0,2025-06-11T16:04:38.668872192Z
13455.2,100.0,48.4,1010.78,0.0,0.04,30.72,90.14000000000001,3.3200000000000003,6717.2,-93.2,4.220000000000001,1.0,2025-06-11T16:14:38.675356672Z
13457.0,100.0,48.6,1010.8199999999999,0.0,0.04,30.54,97.88,3.2,6719.0,-92.0,3.7399999999999998,1.0,2025-06-11T16:24:38.656952832Z
13458.8,100.0,49.2,1010.86,0.0,0.04,30.28,93.88,2.98,6720.8,-97.0,2.56,1.0,2025-06-11T16:34:38.670860032Z
13460.6,100.0,49.9,1010.9,0.0,0.04,29.96,93.86000000000001,3.4200000000000004,6722.6,-94.4,4.360000000000001,1.0,2025-06-11T16:44:38.670201344Z
13462.4,100.0,50.0,1010.8799999999999,0.0,0.04,29.72,96.74000000000001,3.6,6724.4,-94.8,3.5200000000000005,1.0,2025-06-11T16:54:38.649424640Z
13464.2,100.0,51.2,1010.9200000000001,0.0,0.04,29.46,106.61999999999998,2.58,6726.2,-95.8,2.56,1.0,2025-06-11T17:04:38.645305856Z
13466.0,100.0,51.9,1010.9200000000001,0.0,0.04,29.18,100.88,2.38,6728.0,-93.0,4.76,1.0,2025-06-11T17:14:38.652045568Z
13467.8,100.0,52.7,1010.9399999999999,0.0,0.04,28.9,105.9,2.6399999999999997,6729.8,-94.0,4.16,1.0,2025-06-11T17:24:38.657156352Z
13469.6,100.0,53.7,1010.9399999999999,0.0,0.04,28.540000000000003,107.62,2.18,6731.6,-96.4,3.02,1.0,2025-06-11T17:34:38.648615168Z
13471.4,100.0,54.7,1010.9799999999999,0.0,0.04,28.160000000000004,106.0,2.3600000000000003,6733.4,-93.8,4.3,1.0,2025-06-11T17:44:38.622365440Z
13473.2,100.0,55.4,1011.0200000000001,0.0,0.04,27.74,107.1,1.58,6735.2,-94.0,5.0200000000000005,1.0,2025-06-11T17:54:38.617197056Z
13475.0,100.0,56.1,1011.1200000000001,0.0,0.04,27.339999999999996,107.56000000000002,1.6600000000000001,6737.0,-97.2,2.88,1.0,2025-06-11T18:04:38.637474560Z
13476.8,100.0,57.2,1011.14,0.0,0.042,26.939999999999998,111.34,1.5599999999999998,6738.8,-94.0,3.84,1.0,2025-06-11T18:14:38.629938944Z
13478.6,100.0,59.1,1011.18,0.0,0.05,26.379999999999995,111.36000000000001,1.9200000000000004,6740.6,-93.6,2.6399999999999997,1.0,2025-06-11T18:24:38.617630208Z
13480.4,100.0,60.1,1011.24,0.0,0.052000000000000005,25.939999999999998,110.64000000000001,1.7400000000000002,6742.4,-96.6,3.94,1.0,2025-06-11T18:34:38.608123904Z
13482.2,100.0,60.8,1011.36,0.0,0.052000000000000005,25.48,111.05999999999999,1.52,6744.2,-93.6,3.9799999999999995,1.0,2025-06-11T18:44:38.583112448Z
13484.0,100.0,62.8,1011.4200000000001,0.0,0.052000000000000005,24.880000000000003,97.53999999999999,1.2200000000000002,6746.0,-93.8,3.4,1.0,2025-06-11T18:54:38.579563008Z
13485.8,100.0,64.4,1011.46,0.0,0.052000000000000005,24.479999999999997,103.46,1.4599999999999997,6747.8,-97.4,2.8600000000000003,1.0,2025-06-11T19:04:38.587670784Z
13487.6,100.0,65.7,1011.5799999999999,0.0,0.06000000000000001,24.080000000000002,96.75999999999999,1.1400000000000001,6749.6,-93.4,4.5200000000000005,1.0,2025-06-11T19:14:38.579430656Z
13489.4,100.0,66.1,1011.6800000000001,0.0,0.06400000000000002,23.78,85.52,1.06,6751.4,-93.6,4.26,1.0,2025-06-11T19:24:39.001211648Z
13491.2,100.0,67.2,1011.72,0.0,0.06400000000000002,23.36,89.4,1.0,6753.2,-97.2,2.84,1.0,2025-06-11T19:34:38.992065280Z
13493.0,100.0,67.6,1011.86,0.0,0.06400000000000002,23.119999999999997,91.58,1.06,6755.0,-93.4,4.459999999999999,1.0,2025-06-11T19:44:38.545797632Z
13494.8,100.0,68.8,1011.9800000000001,0.0,0.06400000000000002,22.82,84.78,0.8200000000000001,6756.8,-93.8,5.279999999999999,1.0,2025-06-11T19:54:38.591757312Z
13496.6,100.0,70.0,1012.1200000000001,0.0,0.06600000000000002,22.54,92.16,0.8600000000000001,6758.6,-97.0,3.4799999999999995,1.0,2025-06-11T20:04:38.535053568Z
13498.4,100.0,70.7,1012.1600000000001,0.0,0.06600000000000002,22.34,122.17999999999999,0.8200000000000001,6760.4,-93.6,3.2600000000000002,1.0,2025-06-11T20:14:38.519764480Z
13500.2,100.0,71.6,1012.24,0.0,0.06600000000000002,22.220000000000002,105.16,0.72,6762.2,-92.2,3.5800000000000005,1.0,2025-06-11T20:24:38.514270976Z
13502.0,100.0,72.5,1012.32,0.0,0.06600000000000002,21.98,100.08,0.78,6764.0,-96.0,3.16,1.0,2025-06-11T20:34:38.947001088Z
13503.8,100.0,73.2,1012.3799999999999,0.0,0.06600000000000002,21.8,95.94000000000001,0.74,6765.8,-93.8,3.8400000000000007,1.0,2025-06-11T20:44:38.510665472Z
13505.6,100.0,74.0,1012.4399999999999,0.0,0.06600000000000002,21.619999999999997,92.12,0.8800000000000001,6767.6,-93.4,3.6,1.0,2025-06-11T20:54:38.496479232Z
13507.4,100.0,74.7,1012.46,0.0,0.06600000000000002,21.46,89.24000000000001,0.86,6769.4,-97.8,2.54,1.0,2025-06-11T21:04:38.502203136Z
13509.2,100.0,75.8,1012.5599999999998,0.0,0.06600000000000002,21.279999999999998,88.53999999999999,0.64,6771.2,-94.0,5.220000000000001,1.0,2025-06-11T21:14:38.491786752Z
13511.0,100.0,76.5,1012.6,0.0,0.06600000000000002,21.079999999999995,133.38,0.5199999999999999,6773.0,-92.8,2.8,1.0,2025-06-11T21:24:38.460666624Z
13925.75,100.0,78.25,1012.6750000000001,0.0,0.07750000000000001,20.775,88.39999999999999,0.27499999999999997,6923.25,-98.5,1.9499999999999997,1.0,2025-06-11T21:34:12.279378688Z
13514.2,100.0,80.2,1012.6200000000001,0.0,0.06800000000000002,20.4,121.86000000000001,0.45999999999999996,6776.6,-92.6,3.2,1.0,2025-06-11T21:44:38.895602688Z
13516.0,100.0,80.9,1012.7,0.0,0.06800000000000002,20.259999999999998,119.66000000000001,0.34,6778.4,-93.6,5.1,1.0,2025-06-11T21:54:38.445816320Z
13930.75,100.0,81.5,1012.8,0.0,0.07750000000000001,20.099999999999998,147.75,0.425,6928.5,-98.25,2.575,1.0,2025-06-11T22:04:12.253057536Z
13519.2,100.0,82.9,1012.74,0.0,0.06800000000000002,19.84,74.12,0.42000000000000004,6782.0,-93.4,3.88,1.0,2025-06-11T22:14:38.870228480Z
13521.0,100.0,84.0,1012.74,0.0,0.06800000000000002,19.54,208.32,0.36000000000000004,6783.8,-94.0,4.96,1.0,2025-06-11T22:24:38.428173824Z
13522.8,100.0,85.0,1012.7800000000001,0.0,0.07400000000000002,19.36,147.44,0.36,6785.6,-95.8,4.0600000000000005,1.0,2025-06-11T22:34:38.413560832Z
13524.6,99.6,85.1,1012.68,0.0,0.07600000000000003,19.3,108.55999999999999,0.38,6787.4,-93.6,4.62,1.0,2025-06-11T22:44:38.409653248Z
13526.4,99.2,85.8,1012.6600000000001,0.0,0.078,19.28,142.38,0.5399999999999999,6789.2,-94.0,3.6400000000000006,1.0,2025-06-11T22:54:38.398586112Z
11627.5,99.0,86.5,1012.4000000000001,0.0,0.065,19.1,109.12500000000001,0.4750000000000001,5933.5,-91.75,4.7,1.0,2025-06-11T23:04:12.801765888Z
13529.6,98.4,85.8,1012.64,0.0,0.09200000000000001,19.259999999999998,78.75999999999999,0.44000000000000006,6792.8,-92.4,5.08,1.0,2025-06-11T23:14:38.389719040Z
13531.4,98.4,87.1,1012.64,0.0,0.09200000000000001,19.04,195.18,0.44000000000000006,6794.6,-93.6,4.680000000000001,1.0,2025-06-11T23:24:38.385504256Z
13945.75,98.25,87.875,1012.6750000000001,0.0,0.10750000000000001,18.875,168.95,0.375,6944.25,-97.75,1.1500000000000001,1.0,2025-06-11T23:34:12.208863232Z
13534.6,97.6,88.8,1012.64,0.0,0.09200000000000001,18.659999999999997,157.28000000000003,0.4,6798.2,-92.0,1.7600000000000002,1.0,2025-06-11T23:44:38.362318336Z
13536.4,97.4,89.3,1012.6200000000001,0.0,0.09200000000000001,18.439999999999998,121.72,0.32,6800.0,-93.0,3.44,1.0,2025-06-11T23:54:38.364285440Z
13538.2,97.4,89.5,1012.5200000000001,0.0,0.09200000000000001,18.439999999999998,66.0,0.72,6801.8,-96.6,3.06,1.0,2025-06-12T00:04:38.344338944Z
13540.0,97.2,88.8,1012.5,0.0,0.09600000000000002,18.559999999999995,66.64,0.8400000000000001,6803.6,-93.2,3.66,1.0,2025-06-12T00:14:38.342813696Z
13541.8,97.0,88.8,1012.54,0.0,0.09600000000000002,18.619999999999997,61.720000000000006,0.8400000000000001,6805.4,-92.6,2.38,1.0,2025-06-12T00:24:38.323323392Z
13543.6,97.0,88.8,1012.6200000000001,0.0,0.09600000000000002,18.619999999999997,127.35999999999999,0.9200000000000002,6807.2,-96.4,3.2599999999999993,1.0,2025-06-12T00:34:38.320610048Z
13545.4,96.8,89.4,1012.6600000000001,0.0,0.09600000000000002,18.44,83.88,0.62,6809.0,-93.8,4.16,1.0,2025-06-12T00:44:38.328272640Z
13547.2,96.2,89.8,1012.7,0.0,0.09600000000000002,18.4,131.35999999999999,0.5399999999999999,6810.8,-94.8,3.9,1.0,2025-06-12T00:54:38.307282176Z
13549.0,96.2,89.7,1012.7800000000001,0.0,0.09600000000000002,18.34,62.7,0.7,6812.6,-95.8,2.6,1.0,2025-06-12T01:04:38.304385792Z
13550.8,95.8,97.4,2121.1600000000003,51.0,131.146,14.559999999999999,52.02,1311.2,6814.4,-93.6,3.8,1.0,2025-06-12T01:14:39.113373952Z
13552.6,95.4,90.7,1012.76,0.0,0.09600000000000002,18.18,108.8,0.62,6816.2,-93.2,2.2600000000000002,1.0,2025-06-12T01:24:38.297414912Z
13554.4,95.4,91.1,1012.8,0.0,0.09800000000000002,18.119999999999997,142.1,0.62,6818.0,-96.4,1.48,1.0,2025-06-12T01:34:38.276690432Z
13556.2,95.4,91.4,1012.7,0.0,0.09800000000000002,18.059999999999995,166.2,0.58,6819.8,-93.2,3.2600000000000002,1.0,2025-06-12T01:44:38.273252608Z
13558.0,94.6,92.0,1012.68,0.0,0.09800000000000002,17.840000000000003,167.46,0.6799999999999999,6821.6,-93.0,5.619999999999999,1.0,2025-06-12T01:54:38.280726016Z
13559.8,94.4,92.6,1012.72,0.0,0.10200000000000002,17.740000000000002,166.4,0.58,6823.4,-96.4,3.12,1.0,2025-06-12T02:04:38.260988416Z
13561.6,94.4,93.2,1012.8,0.0,0.10200000000000002,17.66,172.54000000000002,0.34,6825.2,-94.2,3.6,1.0,2025-06-12T02:14:38.319181312Z
13563.4,94.0,93.8,1012.9399999999999,0.0,0.10200000000000002,17.46,198.7,0.43999999999999995,6827.0,-92.8,3.34,1.0,2025-06-12T02:24:38.265765120Z
13565.2,94.0,94.0,1013.0,0.0,0.10200000000000002,17.240000000000002,230.92,0.39999999999999997,6828.8,-95.8,3.3600000000000003,1.0,2025-06-12T02:34:38.242242816Z
13567.0,94.0,94.3,1013.0,0.0,0.10400000000000001,17.1,113.04,0.34,6830.6,-93.8,3.7400000000000007,1.0,2025-06-12T02:44:38.227709952Z
13568.8,93.8,94.8,1013.04,0.0,0.10600000000000001,16.98,188.06,0.26,6832.4,-93.8,3.6,1.0,2025-06-12T02:54:38.228632320Z
13570.6,93.4,95.1,1013.1200000000001,0.0,0.10600000000000001,16.839999999999996,206.47999999999996,0.38,6834.2,-96.2,3.1399999999999997,1.0,2025-06-12T03:04:38.214334208Z
13572.4,93.4,95.3,1013.0800000000002,0.0,0.10600000000000001,16.82,254.38000000000002,0.36000000000000004,6836.0,-93.6,5.0,1.0,2025-06-12T03:14:38.202203648Z
13574.2,93.0,95.1,1013.2,0.0,0.10600000000000001,16.44,174.18,0.22000000000000003,6837.8,-93.4,3.7,1.0,2025-06-12T03:24:38.189891072Z
13987.5,93.0,95.625,1013.325,0.0,0.125,16.275000000000002,156.02499999999998,0.15,6986.25,-97.5,1.7249999999999999,1.0,2025-06-12T03:34:12.015810560Z
13577.4,93.0,96.2,1013.2800000000001,0.0,0.10600000000000001,16.34,225.0,0.36,6841.4,-93.6,4.3,1.0,2025-06-12T03:44:38.183352832Z
13579.2,93.0,96.5,1013.36,0.0,0.10600000000000001,16.6,219.1,0.38,6843.2,-93.4,4.4399999999999995,1.0,2025-06-12T03:54:38.169608704Z
13581.0,92.4,96.4,1013.4799999999999,0.0,0.10600000000000001,16.7,218.82,0.4,6845.0,-95.0,2.46,1.0,2025-06-12T04:04:38.171245568Z
11680.5,92.25,96.25,1013.2749999999999,0.0,0.0875,17.025000000000002,242.825,0.35,5987.75,-93.0,2.55,1.0,2025-06-12T04:14:12.555218944Z
13584.2,92.2,95.4,1013.6,0.0,0.12599999999999997,17.32,234.08,0.36,6848.6,-92.6,3.8,1.0,2025-06-12T04:24:38.149458432Z
13997.25,92.0,94.5,1013.725,0.0,0.13749999999999998,17.875,234.925,0.425,6996.75,-98.0,3.175,1.0,2025-06-12T04:34:11.977521664Z
13587.4,92.0,92.6,1013.72,0.0,0.12599999999999997,18.66,289.21999999999997,0.36,6852.2,-93.8,4.7,1.0,2025-06-12T04:44:38.135570944Z
13589.2,92.0,89.9,1013.78,0.0,0.12599999999999997,19.540000000000003,245.12000000000003,0.42000000000000004,6854.0,-93.2,3.34,1.0,2025-06-12T04:54:38.137066240Z
13591.0,92.6,87.1,1013.8399999999999,0.0,0.12599999999999997,20.22,244.74,0.4000000000000001,6855.8,-96.0,2.8,1.0,2025-06-12T05:04:38.123069952Z
13592.8,92.6,85.7,1013.86,0.0,0.12599999999999997,20.8,285.32,0.82,6857.6,-93.0,4.14,1.0,2025-06-12T05:14:38.108475136Z
13594.6,92.6,84.1,1013.9800000000001,0.0,0.12599999999999997,21.419999999999998,168.16,0.8799999999999999,6859.4,-94.0,3.4799999999999995,1.0,2025-06-12T05:24:38.098188800Z
14007.5,93.5,82.0,1014.075,0.0,0.13749999999999998,21.825,233.85000000000002,0.9249999999999999,7007.25,-97.5,0.875,1.0,2025-06-12T05:34:11.938787072Z
13597.8,93.4,79.9,1013.9800000000001,0.0,0.12799999999999997,22.439999999999998,228.63999999999996,0.6799999999999999,6863.0,-92.2,0.22000000000000028,1.0,2025-06-12T05:44:38.087973632Z
13599.6,93.4,77.9,1013.9800000000001,0.0,0.12999999999999998,22.96,208.58,1.1199999999999999,6864.8,-93.0,4.459999999999999,1.0,2025-06-12T05:54:38.082914304Z
13601.4,93.6,77.8,1014.0800000000002,0.0,0.12999999999999998,23.18,86.67999999999999,0.8,6866.6,-94.4,1.5,1.0,2025-06-12T06:04:38.082538752Z
13603.2,94.4,75.7,1014.18,0.0,0.13399999999999998,23.520000000000003,87.61999999999999,1.1400000000000001,6868.4,-93.6,3.4,1.0,2025-06-12T06:14:38.080036352Z
13605.0,94.4,75.4,1014.14,0.0,0.13399999999999998,23.919999999999998,204.12000000000003,1.06,6870.2,-93.8,3.7600000000000002,1.0,2025-06-12T06:24:38.057195264Z
13606.8,95.4,73.1,1014.1600000000001,0.0,0.13399999999999998,24.48,81.52,1.1,6872.0,-91.2,0.6200000000000001,1.0,2025-06-12T06:34:38.055587840Z
13608.6,96.4,69.8,1014.1600000000001,0.0,0.13399999999999998,25.12,213.95999999999998,1.24,6873.8,-93.0,2.4,1.0,2025-06-12T06:44:38.045662464Z
13610.4,96.4,67.9,1014.0799999999999,0.0,0.13399999999999998,25.7,145.46,0.9800000000000001,6875.6,-94.6,3.0,1.0,2025-06-12T06:54:38.039757056Z
13612.2,96.4,65.1,1014.1,0.0,0.13399999999999998,26.32,73.86,0.78,6877.4,-94.6,2.4,1.0,2025-06-12T07:04:38.043120128Z
13614.0,99.6,62.0,1014.2599999999999,0.0,0.13399999999999998,26.959999999999997,195.97999999999996,0.74,6879.2,-93.4,4.68,1.0,2025-06-12T07:14:38.031376896Z
13615.8,99.6,58.3,1014.3,0.0,0.13399999999999998,27.5,92.84,1.2000000000000002,6881.0,-93.6,3.34,1.0,2025-06-12T07:24:38.016582912Z
13617.6,99.8,57.2,1014.3399999999999,0.0,0.13399999999999998,27.860000000000003,194.38000000000002,0.9399999999999998,6882.8,-92.8,0.8200000000000003,1.0,2025-06-12T07:34:38.460779008Z
13619.4,100.0,53.8,1014.28,0.0,0.13399999999999998,28.18,117.88000000000002,1.2,6884.6,-93.4,3.2399999999999998,1.0,2025-06-12T07:44:38.018004992Z
13621.2,100.0,53.0,1014.4,0.0,0.13399999999999998,28.359999999999996,102.92,1.14,6886.4,-93.6,4.3,1.0,2025-06-12T07:54:38.012667392Z
13623.0,100.0,51.4,1014.4200000000001,0.0,0.13399999999999998,28.339999999999996,56.36,1.46,6888.2,-91.6,-0.21999999999999992,1.0,2025-06-12T08:04:38.003303936Z
13624.8,100.0,50.7,1014.4200000000001,0.0,0.13399999999999998,28.740000000000002,74.88,1.3399999999999999,6890.0,-93.8,3.2399999999999998,1.0,2025-06-12T08:14:38.005041664Z
13626.6,100.0,50.2,1014.4,0.0,0.13399999999999998,28.7,66.94,1.6200000000000003,6891.8,-93.0,3.2399999999999998,1.0,2025-06-12T08:24:37.987577600Z
13628.4,100.0,49.7,1014.4,0.0,0.13399999999999998,29.0,122.72,0.9800000000000001,6893.6,-93.6,5.0,1.0,2025-06-12T08:34:38.422203904Z
13630.2,100.0,47.5,1014.46,0.0,0.13399999999999998,29.18,116.06000000000002,0.72,6895.4,-93.6,4.1,1.0,2025-06-12T08:44:37.991140352Z
13632.0,100.0,49.5,1014.4200000000001,0.0,0.13399999999999998,29.359999999999996,114.92,1.3,6897.2,-93.8,3.38,1.0,2025-06-12T08:54:37.981257728Z
13633.8,100.0,46.4,1014.4200000000001,0.0,0.13399999999999998,29.5,85.14,1.3599999999999999,6899.0,-92.2,1.7799999999999998,1.0,2025-06-12T09:04:37.981905408Z
13635.6,100.0,46.6,1014.4399999999999,0.0,0.13399999999999998,29.74,84.78,1.5999999999999999,6900.8,-93.2,4.82,1.0,2025-06-12T09:14:37.978798592Z
13637.4,100.0,45.2,1014.46,0.0,0.13399999999999998,29.679999999999996,163.32,1.24,6902.6,-94.4,4.22,1.0,2025-06-12T09:24:37.966531072Z
11735.25,100.0,46.375,1014.3,0.0,0.11750000000000001,29.924999999999997,78.4,1.35,6043.75,-91.75,3.5,1.0,2025-06-12T09:34:12.344819968Z
13640.6,100.0,44.8,1014.4399999999999,0.0,0.13399999999999998,30.160000000000004,103.68000000000002,1.56,6906.2,-96.2,-0.33999999999999986,1.0,2025-06-12T09:44:38.402904832Z
13642.4,100.0,43.4,1014.3799999999999,0.0,0.13399999999999998,30.139999999999997,76.6,1.44,6908.0,-94.2,4.08,1.0,2025-06-12T09:54:37.960466432Z
13644.2,100.0,44.3,1014.22,0.0,0.13399999999999998,30.4,78.82,1.72,6909.8,-92.8,-0.2800000000000001,1.0,2025-06-12T10:04:37.950675712Z
13646.0,100.0,43.3,1014.2,0.0,0.13399999999999998,30.52,110.3,1.92,6911.6,-93.4,1.3399999999999999,1.0,2025-06-12T10:14:37.954898432Z
13647.8,100.0,43.1,1014.1,0.0,0.13399999999999998,30.580000000000002,74.85999999999999,1.8799999999999997,6913.4,-93.8,3.56,1.0,2025-06-12T10:24:37.948876288Z
13649.6,100.0,42.7,1014.0,0.0,0.038,30.68,96.48,1.5,6915.2,-93.0,1.02,1.0,2025-06-12T10:34:37.946407680Z
13651.4,100.0,40.6,1013.9399999999999,0.0,0.022,31.0,74.20000000000002,1.7,6917.0,-93.6,3.44,1.0,2025-06-12T10:44:37.947341056Z
13653.2,100.0,39.9,1013.8799999999999,0.0,0.022,31.28,110.62,1.34,6918.8,-92.8,2.12,1.0,2025-06-12T10:54:37.941924864Z
13655.0,100.0,38.9,1013.86,0.0,0.022,31.3,160.26000000000002,1.48,6920.6,-92.4,1.8399999999999999,1.0,2025-06-12T11:04:37.932694784Z
13656.8,100.0,39.6,1013.78,0.0,0.022,31.560000000000002,106.96000000000001,2.3800000000000003,6922.4,-93.8,4.12,1.0,2025-06-12T11:14:37.939601408Z
13658.6,100.0,39.1,1013.7599999999999,0.0,0.022,31.72,157.78000000000003,1.4400000000000002,6924.2,-93.8,3.7599999999999993,1.0,2025-06-12T11:24:37.933756416Z
11756.0,100.0,38.625,1013.5999999999999,0.0,0.0275,31.525,111.57499999999999,1.5250000000000001,6064.75,-91.75,3.875,1.0,2025-06-12T11:34:12.840239872Z
13661.8,100.0,38.7,1013.6199999999999,0.0,0.022,31.9,109.17999999999999,2.5800000000000005,6927.8,-93.6,3.6399999999999997,1.0,2025-06-12T11:44:37.923022336Z
13663.6,100.0,37.8,1013.6199999999999,0.0,0.022,31.96,127.74000000000001,1.48,6929.6,-93.8,4.6,1.0,2025-06-12T11:54:37.920988672Z
13665.4,100.0,37.6,1013.54,0.0,0.022,32.34,95.64000000000001,2.08,6931.4,-92.2,0.020000000000000285,1.0,2025-06-12T12:04:37.921974784Z
13667.2,100.0,37.6,1013.5600000000001,0.0,0.022,32.2,117.84,1.72,6933.2,-94.6,3.4,1.0,2025-06-12T12:14:37.921657856Z
13669.0,100.0,35.9,1013.4599999999998,0.0,0.022,32.42,133.66,1.8599999999999999,6935.0,-94.4,4.12,1.0,2025-06-12T12:24:37.909790208Z
13670.8,100.0,36.6,1013.5,0.0,0.022,32.67999999999999,106.96,1.3,6936.8,-92.6,0.6,1.0,2025-06-12T12:34:37.917041920Z
13672.6,100.0,37.1,1013.3799999999999,0.0,0.022,32.779999999999994,108.0,1.4,6938.6,-93.6,3.7600000000000002,1.0,2025-06-12T12:44:37.909302784Z
13674.4,100.0,37.3,1013.36,0.0,0.022,32.739999999999995,103.8,1.5,6940.4,-93.6,3.56,1.0,2025-06-12T12:54:38.341298688Z
13676.2,100.0,36.6,1013.26,0.0,0.022,33.019999999999996,117.76000000000002,1.9600000000000002,6942.2,-92.6,1.9799999999999998,1.0,2025-06-12T13:04:37.906402048Z
13678.0,100.0,37.1,1013.3199999999999,0.0,0.022,32.82000000000001,177.64,1.5000000000000002,6944.0,-94.0,5.0,1.0,2025-06-12T13:14:37.901092096Z
13679.8,100.0,37.1,1013.3,0.0,0.022,33.22,141.5,1.56,6945.8,-93.8,2.7,1.0,2025-06-12T13:24:38.337748992Z
14090.25,100.0,37.75,1013.225,0.0,0.0275,33.400000000000006,97.92500000000001,2.225,7091.25,-98.5,1.55,1.0,2025-06-12T13:34:11.762274816Z
13683.0,100.0,38.3,1013.1800000000001,0.0,0.034,33.38,107.17999999999999,2.2800000000000002,6949.4,-94.0,3.9799999999999995,1.0,2025-06-12T13:44:37.901985280Z
13684.8,100.0,39.5,1013.0600000000001,0.0,0.034,33.22,171.66,1.94,6951.2,-93.8,4.64,1.0,2025-06-12T13:54:38.344125696Z
13686.6,100.0,41.4,1013.0799999999999,0.0,0.034,32.980000000000004,113.14000000000001,2.38,6953.0,-92.0,0.13999999999999985,1.0,2025-06-12T14:04:37.897819648Z
13688.4,100.0,41.3,1013.0799999999999,0.0,0.034,32.760000000000005,104.78,2.44,6954.8,-92.8,2.5,1.0,2025-06-12T14:14:37.892903168Z
13690.2,100.0,41.8,1013.0799999999999,0.0,0.034,32.78000000000001,71.36,2.0,6956.6,-93.2,4.34,1.0,2025-06-12T14:24:37.888251904Z
13692.0,100.0,42.0,1013.0799999999999,0.0,0.034,32.74,90.64,2.0799999999999996,6958.4,-90.6,-0.2,1.0,2025-06-12T14:34:37.897906944Z
13693.8,100.0,41.1,1013.1,0.0,0.034,32.760000000000005,88.72,2.3600000000000003,6960.2,-94.2,3.7600000000000002,1.0,2025-06-12T14:44:37.899179776Z
13695.6,100.0,41.7,1013.04,0.0,0.034,32.760000000000005,95.44,1.6199999999999999,6962.0,-93.4,3.62,1.0,2025-06-12T14:54:37.896625664Z
13697.4,100.0,41.5,1013.0200000000001,0.0,0.034,32.480000000000004,89.64000000000001,2.46,6963.8,-93.0,2.38,1.0,2025-06-12T15:04:37.958583552Z
13699.2,100.0,41.9,1013.0,0.0,0.034,32.32000000000001,99.91999999999999,2.18,6965.6,-93.6,4.6,1.0,2025-06-12T15:14:37.882331392Z
13701.0,100.0,41.8,1012.9599999999998,0.0,0.034,32.28,101.8,2.4799999999999995,6967.4,-93.0,3.6399999999999997,1.0,2025-06-12T15:24:37.890511872Z
14111.0,100.0,41.375,1012.875,0.0,0.035,32.224999999999994,108.62500000000001,2.625,7112.25,-98.0,1.5250000000000004,1.0,2025-06-12T15:34:11.746572800Z
13704.2,100.0,41.8,1012.9799999999999,0.0,0.034,32.06,100.94000000000001,1.9199999999999995,6971.0,-93.4,3.2199999999999998,1.0,2025-06-12T15:44:37.879951872Z
13706.0,100.0,42.4,1012.9200000000001,0.0,0.034,31.839999999999996,99.02000000000001,1.8800000000000001,6972.8,-94.2,4.68,1.0,2025-06-12T15:54:37.882184448Z
13707.8,100.0,43.2,1012.9200000000001,0.0,0.034,31.6,101.58,2.32,6974.6,-91.8,-1.0999999999999999,1.0,2025-06-12T16:04:37.874943232Z
13709.6,100.0,43.0,1012.9,0.0,0.034,31.28,99.98,2.84,6976.4,-94.8,3.7399999999999998,1.0,2025-06-12T16:14:37.867865344Z
13711.4,100.0,43.3,1012.8799999999999,0.0,0.034,31.0,110.9,2.18,6978.2,-92.0,0.5,1.0,2025-06-12T16:24:37.869363456Z
14121.25,100.0,43.625,1012.9250000000001,0.0,0.035,30.85,95.2,2.3,7122.75,-98.25,3.125,1.0,2025-06-12T16:34:11.742927104Z
13714.6,100.0,44.6,1012.9,0.0,0.034,30.540000000000003,124.08000000000001,2.0,6981.8,-94.8,4.220000000000001,1.0,2025-06-12T16:44:37.880668928Z
14124.5,100.0,44.5,1012.975,0.0,0.035,30.175,97.19999999999999,2.5,7126.5,-99.5,2.625,1.0,2025-06-12T16:55:26.757929984Z
13717.8,100.0,45.4,1012.96,0.0,0.034,29.9,103.23999999999998,2.16,6985.4,-92.6,2.54,1.0,2025-06-12T17:04:37.858461952Z
13719.6,100.0,45.7,1013.0600000000001,0.0,0.034,29.580000000000002,118.94000000000001,2.1,6987.2,-94.6,4.62,1.0,2025-06-12T17:14:37.858737408Z
13721.4,100.0,45.9,1013.1200000000001,0.0,0.034,29.24,122.2,2.38,6989.0,-93.8,2.4,1.0,2025-06-12T17:24:38.283390976Z
13723.2,100.0,46.3,1013.1600000000001,0.0,0.034,28.880000000000003,127.02000000000001,2.46,6990.8,-92.4,0.46000000000000013,1.0,2025-06-12T17:34:37.872134656Z
13725.0,100.0,47.3,1013.28,0.0,0.034,28.52,119.97999999999999,2.2399999999999998,6992.6,-93.4,3.1799999999999997,1.0,2025-06-12T17:44:37.827638528Z
13726.8,100.0,48.5,1013.3,0.0,0.034,28.120000000000005,121.66,2.1599999999999997,6994.4,-93.4,4.0,1.0,2025-06-12T17:54:37.844478976Z
13728.6,100.0,49.3,1013.4399999999999,0.0,0.034,27.660000000000004,124.88,1.8800000000000001,6996.2,-92.0,0.17999999999999972,1.0,2025-06-12T18:04:37.836088832Z
13730.4,100.0,49.1,1013.5,0.0,0.034,27.22,121.5,1.9200000000000004,6998.0,-94.0,2.5200000000000005,1.0,2025-06-12T18:14:37.821719040Z
13732.2,100.0,50.4,1013.6200000000001,0.0,0.034,26.759999999999998,111.68000000000002,1.5999999999999999,6999.8,-93.0,2.5,1.0,2025-06-12T18:24:37.833469952Z
14141.75,100.0,52.375,1013.725,0.0,0.035,26.200000000000003,113.85000000000001,1.55,7143.75,-98.75,2.875,1.0,2025-06-12T18:34:11.672836352Z
13735.4,100.0,53.9,1013.78,0.0,0.034,25.56,109.96,1.3,7003.4,-94.2,4.859999999999999,1.0,2025-06-12T18:44:37.807760896Z
13737.2,100.0,55.9,1013.8399999999999,0.0,0.036,25.02,115.05999999999999,1.22,7005.2,-95.0,3.1,1.0,2025-06-12T18:54:37.799870720Z
13739.0,100.0,57.1,1013.8399999999999,0.0,0.044,24.5,116.8,1.06,7007.0,-92.8,1.1800000000000002,1.0,2025-06-12T19:04:37.809168896Z
13740.8,100.0,58.3,1013.9200000000001,0.0,0.05800000000000001,24.16,113.54,1.08,7008.8,-94.6,4.220000000000001,1.0,2025-06-12T19:14:37.785721088Z
13742.6,100.0,60.8,1014.04,0.0,0.06600000000000002,23.68,101.03999999999999,1.0399999999999998,7010.6,-92.8,2.8600000000000003,1.0,2025-06-12T19:24:37.760662784Z
14152.0,100.0,61.0,1014.225,0.0,0.07500000000000001,23.375,98.35,1.15,7154.25,-98.5,0.6500000000000004,1.0,2025-06-12T19:34:11.629635840Z
13745.8,100.0,61.2,1014.3399999999999,0.0,0.06600000000000002,23.14,103.5,0.76,7014.2,-92.2,2.5200000000000005,1.0,2025-06-12T19:44:37.771104768Z
13747.6,100.0,62.3,1014.5,0.0,0.044,22.880000000000003,85.94,0.86,7016.0,-96.2,0.18000000000000044,1.0,2025-06-12T19:54:37.741472512Z
11842.0,100.0,64.375,1014.4,0.0,0.035,22.5,105.875,0.575,6154.0,-91.5,4.225,1.0,2025-06-12T20:04:12.093133312Z
13750.8,100.0,65.1,1014.6400000000001,0.0,0.044,22.339999999999996,90.88,0.8,7019.6,-96.2,-2.34,1.0,2025-06-12T20:14:38.201548288Z
13752.6,100.0,66.3,1014.6400000000001,0.0,0.044,22.140000000000004,91.34,0.9400000000000001,7021.4,-93.6,3.3200000000000003,1.0,2025-06-12T20:24:38.165866752Z
14161.75,100.0,66.375,1014.8,0.0,0.0475,22.0,81.275,0.825,7164.75,-98.25,3.175,1.0,2025-06-12T20:34:11.616886272Z
13755.8,100.0,68.5,1014.74,0.0,0.044,21.64,97.24,0.76,7025.0,-94.2,4.4399999999999995,1.0,2025-06-12T20:44:37.725772288Z
13757.6,100.0,70.0,1014.74,0.0,0.044,21.439999999999998,97.38,0.7,7026.8,-93.2,1.06,1.0,2025-06-12T20:54:37.695717632Z
13759.4,100.0,71.4,1014.8,0.0,0.044,21.18,85.98,0.82,7028.6,-92.6,1.8,1.0,2025-06-12T21:04:37.699600384Z
13761.2,100.0,72.2,1014.8,0.0,0.044,21.059999999999995,100.14000000000001,0.7000000000000001,7030.4,-94.0,4.0600000000000005,1.0,2025-06-12T21:14:37.681485824Z
13763.0,100.0,72.5,1014.9,0.0,0.044,21.02,113.7,0.6399999999999999,7032.2,-94.4,3.66,1.0,2025-06-12T21:24:37.685822464Z
14172.0,100.0,72.375,1015.0,0.0,0.0475,21.150000000000002,165.32500000000002,0.6,7175.25,-98.25,0.9500000000000004,1.0,2025-06-12T21:34:11.555684608Z
13766.2,100.0,74.8,1015.0799999999999,0.0,0.044,20.64,139.34,0.38,7035.8,-93.2,3.7600000000000002,1.0,2025-06-12T21:44:37.680213504Z
13768.0,100.0,75.4,1015.0599999999998,0.0,0.044,20.54,153.71999999999997,0.5199999999999999,7037.6,-93.6,4.38,1.0,2025-06-12T21:54:37.661344768Z
13769.8,100.0,76.9,1015.1600000000001,0.0,0.044,20.360000000000003,148.88000000000002,0.5199999999999999,7039.4,-92.2,-0.1400000000000002,1.0,2025-06-12T22:04:37.656750592Z
13771.6,100.0,77.6,1015.1600000000001,0.0,0.044,20.32,160.26,0.31999999999999995,7041.2,-92.8,0.3,1.0,2025-06-12T22:14:37.646488320Z
13773.4,99.6,77.1,1015.1199999999999,0.0,0.044,20.36,186.38000000000002,0.52,7043.0,-93.4,3.4,1.0,2025-06-12T22:24:37.646397440Z
13775.2,99.6,76.8,1015.04,0.0,0.044,20.54,188.35999999999999,0.8,7044.8,-92.8,1.2000000000000002,1.0,2025-06-12T22:34:37.645351168Z
13777.0,99.0,78.2,1015.04,0.0,0.044,20.36,191.14000000000001,0.62,7046.6,-93.6,3.2600000000000002,1.0,2025-06-12T22:44:38.071056384Z
13778.8,99.0,78.8,1014.9199999999998,0.0,0.044,20.119999999999997,200.74,0.58,7048.4,-93.6,2.4,1.0,2025-06-12T22:54:37.609314304Z
11872.25,99.0,80.125,1014.75,0.0,0.04,19.8,219.25,0.37499999999999994,6185.5,-91.75,3.875,1.0,2025-06-12T23:04:11.969037568Z
13782.0,99.0,81.3,1014.9800000000001,0.0,0.048,19.68,158.01999999999998,0.36,7052.0,-94.4,4.86,1.0,2025-06-12T23:14:37.602862336Z
13783.8,98.8,82.7,1014.96,0.0,0.048,19.48,186.66,0.38,7053.8,-93.8,4.02,1.0,2025-06-12T23:24:37.599323904Z
14192.25,98.5,83.375,1014.9749999999999,0.0,0.0525,19.375,69.975,0.275,7196.25,-98.0,1.8500000000000003,1.0,2025-06-12T23:34:11.461327872Z
13787.0,97.8,83.7,1014.8799999999999,0.0,0.048,19.24,101.36,0.48,7057.4,-94.0,2.7600000000000002,1.0,2025-06-12T23:44:37.600836352Z
13788.8,97.4,84.2,1014.82,0.0,0.052000000000000005,19.080000000000002,130.7,0.26000000000000006,7059.2,-94.2,4.54,1.0,2025-06-12T23:54:37.568216832Z
13790.6,97.4,84.4,1014.8399999999999,0.0,0.052000000000000005,18.96,192.32,0.30000000000000004,7061.0,-92.4,0.3799999999999997,1.0,2025-06-13T00:04:37.554902272Z
13792.4,97.4,84.1,1014.8399999999999,0.0,0.052000000000000005,18.9,153.44,0.27999999999999997,7062.8,-94.2,3.08,1.0,2025-06-13T00:14:37.560965632Z
13794.2,97.4,85.0,1014.8799999999999,0.0,0.052000000000000005,18.82,193.96000000000004,0.24,7064.6,-93.6,3.0,1.0,2025-06-13T00:24:37.537802752Z
13796.0,96.6,86.1,1014.78,0.0,0.052000000000000005,18.6,191.84,0.48,7066.4,-91.8,0.8200000000000003,1.0,2025-06-13T00:34:37.549400832Z
13797.8,96.2,86.2,1014.82,0.0,0.052000000000000005,18.72,232.94,0.74,7068.2,-94.2,4.64,1.0,2025-06-13T00:44:37.528154880Z
13799.6,96.0,86.8,1014.82,0.0,0.052000000000000005,18.619999999999997,218.24,0.5199999999999999,7070.0,-93.6,2.0799999999999996,1.0,2025-06-13T00:54:37.528724992Z
11892.5,96.0,86.0,1014.6,0.0,0.045000000000000005,18.725,237.97499999999997,0.6,6206.75,-91.5,1.3,1.0,2025-06-13T01:05:26.855335424Z
13802.8,96.0,87.3,1014.8,0.0,0.06000000000000001,18.46,259.48,0.4600000000000001,7073.6,-93.6,4.0600000000000005,1.0,2025-06-13T01:14:37.509099008Z
13804.6,96.0,88.5,1014.82,0.0,0.06000000000000001,18.18,129.84,0.4,7075.4,-94.0,3.78,1.0,2025-06-13T01:24:37.498385408Z
14212.5,95.75,89.25,1014.9499999999999,0.0,0.0675,18.05,104.30000000000001,0.32499999999999996,7217.25,-97.0,-0.34999999999999964,1.0,2025-06-13T01:34:11.378087680Z
11898.75,95.5,89.625,1014.675,0.0,0.049999999999999996,18.025,205.45,0.45,6213.75,-92.5,3.45,1.0,2025-06-13T01:45:26.841179136Z
13809.2,94.8,90.3,1014.9,0.0,0.06400000000000002,17.96,242.66,0.3,7080.8,-93.4,4.34,1.0,2025-06-13T01:54:37.490381312Z
13811.0,94.8,90.1,1014.9199999999998,0.0,0.06400000000000002,17.939999999999998,236.9,0.58,7082.6,-92.0,-0.41999999999999993,1.0,2025-06-13T02:04:37.463604224Z
13812.8,94.8,90.1,1014.9599999999998,0.0,0.06400000000000002,17.859999999999996,314.08000000000004,0.6199999999999999,7084.4,-93.6,2.4799999999999995,1.0,2025-06-13T02:14:37.481603840Z
13814.6,94.8,97.5,2122.5000000000005,51.0,131.10999999999999,14.48,239.95999999999998,1311.2800000000002,7086.2,-94.4,4.16,1.0,2025-06-13T02:24:38.264580608Z
13816.4,94.6,90.5,1015.0,0.0,0.06800000000000002,17.96,293.21999999999997,0.72,7088.0,-91.8,0.5399999999999998,1.0,2025-06-13T02:34:37.889613824Z
13818.2,94.0,90.5,1015.1199999999999,0.0,0.06800000000000002,17.860000000000003,248.02000000000004,0.7,7089.8,-93.8,4.76,1.0,2025-06-13T02:44:37.432793600Z
11910.75,93.25,90.375,1015.025,0.0,0.0575,18.05,194.375,0.7,6225.75,-91.75,4.0249999999999995,1.0,2025-06-13T02:54:11.755857408Z
11912.25,93.25,90.5,1015.1,0.0,0.0575,18.1,87.275,0.925,6227.75,-90.25,2.0,1.0,2025-06-13T03:05:26.744973824Z
13822.8,93.4,91.2,1015.3800000000001,0.0,0.07200000000000002,17.979999999999997,95.46000000000001,0.74,7095.2,-93.6,4.64,1.0,2025-06-13T03:14:37.427878656Z
13824.6,93.4,91.1,1015.46,0.0,0.07200000000000002,17.96,53.04,0.56,7097.0,-94.0,4.58,1.0,2025-06-13T03:24:37.415342592Z
13826.4,93.4,91.4,1015.54,0.0,0.07200000000000002,17.84,310.80000000000007,0.48,7098.8,-91.0,-3.34,1.0,2025-06-13T03:34:37.416090112Z
13828.2,92.6,92.2,1015.5800000000002,0.0,0.07200000000000002,17.619999999999997,170.06,0.26,7100.6,-95.0,4.18,1.0,2025-06-13T03:44:37.389995264Z
13830.0,92.2,92.7,1015.6600000000001,0.0,0.07200000000000002,17.560000000000002,205.66,0.42000000000000004,7102.4,-93.6,4.26,1.0,2025-06-13T03:54:37.390755072Z
14237.0,92.0,92.625,1015.725,0.0,0.08250000000000002,17.65,219.95,0.625,7243.5,-98.5,2.925,1.0,2025-06-13T04:04:11.278913024Z
13833.2,92.0,92.5,1015.6600000000001,0.0,0.098,17.94,184.34,0.5399999999999999,7106.0,-92.6,2.7600000000000002,1.0,2025-06-13T04:14:37.374278144Z
13835.0,92.0,91.9,1015.68,0.0,0.1,18.32,181.48000000000002,0.56,7107.8,-93.2,3.5,1.0,2025-06-13T04:24:37.356969728Z
13836.8,92.0,91.1,1015.74,0.0,0.1,18.919999999999998,203.98000000000002,0.86,7109.6,-91.4,-0.33999999999999986,1.0,2025-06-13T04:34:37.558868480Z
13838.6,92.0,89.1,1015.82,0.0,0.1,19.560000000000002,233.07999999999998,0.9,7111.4,-94.4,4.18,1.0,2025-06-13T04:44:37.343247872Z
13840.4,92.0,87.6,1015.8800000000001,0.0,0.1,20.16,246.77999999999997,0.68,7113.2,-94.6,3.9799999999999995,1.0,2025-06-13T04:54:37.763424768Z
13842.2,92.0,85.5,1016.0199999999999,0.0,0.1,20.76,263.20000000000005,0.74,7115.0,-93.0,2.42,1.0,2025-06-13T05:04:37.338835712Z
13844.0,92.2,82.8,1016.1600000000001,0.0,0.1,21.419999999999998,242.27999999999997,0.78,7116.8,-94.0,4.12,1.0,2025-06-13T05:14:37.319375360Z
13845.8,92.2,81.3,1016.26,0.0,0.1,21.96,247.54000000000002,0.9800000000000001,7118.6,-94.0,4.6,1.0,2025-06-13T05:24:37.311716096Z
13847.6,92.2,79.3,1016.22,0.0,0.1,22.72,260.9,0.64,7120.4,-91.4,-1.2200000000000002,1.0,2025-06-13T05:34:37.313603072Z
13849.4,92.2,74.8,1016.24,0.0,0.1,23.540000000000003,260.71999999999997,0.6399999999999999,7122.2,-92.8,3.2400000000000007,1.0,2025-06-13T05:44:37.724891136Z
13851.2,93.8,73.6,1016.36,0.0,0.11800000000000002,24.04,262.24,1.0,7124.0,-93.4,4.58,1.0,2025-06-13T05:54:37.293722880Z
13853.0,94.2,70.4,1016.4399999999999,0.0,0.12000000000000002,24.64,279.6,1.02,7125.8,-91.6,-0.76,1.0,2025-06-13T06:04:37.303752704Z
13854.8,94.8,66.9,1016.4799999999999,0.0,0.12000000000000002,25.18,297.12,0.7,7127.6,-92.2,1.6600000000000001,1.0,2025-06-13T06:14:37.286598144Z
13856.6,94.8,64.3,1016.5799999999999,0.0,0.12000000000000002,26.0,220.1,0.41999999999999993,7129.4,-94.0,4.16,1.0,2025-06-13T06:24:37.294186240Z
14263.0,95.0,62.875,1016.75,0.0,0.11500000000000002,26.375,239.2,1.0,7269.75,-97.25,3.0,1.0,2025-06-13T06:34:11.163821056Z
13859.8,94.8,61.3,1016.86,0.0,0.12000000000000002,26.8,229.54000000000002,0.96,7133.0,-94.4,3.84,1.0,2025-06-13T06:44:37.275221504Z
13861.6,96.8,59.4,1016.9200000000001,0.0,0.12000000000000002,27.360000000000003,277.65999999999997,1.06,7134.8,-93.4,1.1600000000000001,1.0,2025-06-13T06:54:37.247306496Z
13863.4,98.8,57.4,1016.9200000000001,0.0,0.12000000000000002,27.659999999999997,168.8,0.9200000000000002,7136.6,-92.4,2.1399999999999997,1.0,2025-06-13T07:04:37.248354304Z
13865.2,98.8,56.6,1016.96,0.0,0.12400000000000003,27.920000000000005,122.08000000000001,0.9400000000000001,7138.4,-94.4,3.9799999999999995,1.0,2025-06-13T07:14:37.253775360Z
13867.0,99.6,54.7,1017.1,0.0,0.12800000000000003,28.419999999999998,139.06,1.02,7140.2,-93.2,2.7,1.0,2025-06-13T07:24:37.255765760Z
13868.8,99.6,53.0,1017.14,0.0,0.12800000000000003,28.96,160.68,0.9200000000000002,7142.0,-92.4,-0.8999999999999998,1.0,2025-06-13T07:34:37.226766336Z
13870.6,99.6,52.0,1017.18,0.0,0.12800000000000003,29.4,238.38000000000002,1.1,7143.8,-93.4,3.34,1.0,2025-06-13T07:44:37.238528512Z
13872.4,99.6,50.1,1017.14,0.0,0.12800000000000003,29.639999999999997,163.98,1.04,7145.6,-94.0,4.26,1.0,2025-06-13T07:54:37.222836224Z
13874.2,100.0,48.4,1017.2,0.0,0.12800000000000003,30.18,227.76,0.8,7147.4,-91.0,-0.6800000000000003,1.0,2025-06-13T08:04:37.225522176Z
13876.0,100.0,46.3,1017.1800000000001,0.0,0.12800000000000003,30.119999999999997,133.33999999999997,0.9199999999999999,7149.2,-93.0,0.9600000000000002,1.0,2025-06-13T08:14:37.241469440Z
13877.8,100.0,47.2,1017.2,0.0,0.12800000000000003,30.04,106.14000000000001,0.86,7151.0,-93.2,2.5200000000000005,1.0,2025-06-13T08:24:37.233485312Z
13879.6,100.0,48.1,1017.22,0.0,0.12800000000000003,30.379999999999995,112.16,1.18,7152.8,-89.8,0.9600000000000002,1.0,2025-06-13T08:34:37.209773568Z
13881.4,100.0,47.2,1017.28,0.0,0.12800000000000003,30.54,138.52,0.62,7154.6,-94.2,4.08,1.0,2025-06-13T08:44:37.238234624Z
13883.2,100.0,46.9,1017.28,0.0,0.12800000000000003,30.580000000000002,87.74,1.4400000000000002,7156.4,-93.6,2.5800000000000005,1.0,2025-06-13T08:54:37.229452288Z
13885.0,100.0,47.5,1017.3599999999999,0.0,0.12800000000000003,30.48,81.28,1.22,7158.2,-92.4,1.9,1.0,2025-06-13T09:04:37.203620608Z
13886.8,100.0,47.8,1017.32,0.0,0.12800000000000003,30.639999999999997,59.9,1.18,7160.0,-91.4,-0.14000000000000057,1.0,2025-06-13T09:14:37.194395136Z
13888.6,100.0,47.0,1017.32,0.0,0.12800000000000003,30.959999999999997,88.16,1.44,7161.8,-94.0,2.96,1.0,2025-06-13T09:24:37.219941376Z
13890.4,100.0,44.2,1017.32,0.0,0.12800000000000003,31.2,104.97999999999999,1.26,7163.6,-96.6,-2.499999999999999,1.0,2025-06-13T09:34:37.680063232Z
13892.2,100.0,42.2,1017.28,0.0,0.12800000000000003,31.4,131.94,1.1999999999999997,7165.4,-94.4,3.78,1.0,2025-06-13T09:44:37.205624064Z
13894.0,100.0,41.0,1017.36,0.0,0.12800000000000003,31.619999999999997,184.18,1.06,7167.2,-93.8,3.94,1.0,2025-06-13T09:54:37.622562560Z
13895.8,100.0,39.4,1017.3799999999999,0.0,0.12800000000000003,31.82,184.1,1.04,7169.0,-92.8,-0.46000000000000013,1.0,2025-06-13T10:04:37.200598016Z
13897.6,100.0,40.3,1017.3799999999999,0.0,0.12800000000000003,32.239999999999995,148.00000000000003,0.9400000000000001,7170.8,-94.6,3.5799999999999996,1.0,2025-06-13T10:14:37.194945792Z
13899.4,100.0,39.0,1017.4,0.0,0.12800000000000003,32.32,140.35999999999996,0.74,7172.6,-93.2,3.2600000000000002,1.0,2025-06-13T10:24:37.597482240Z
14304.75,100.0,38.75,1017.275,0.0,0.05,32.675,79.94999999999999,1.125,7311.75,-98.25,2.05,1.0,2025-06-13T10:34:11.124893440Z
13902.6,100.0,40.9,1017.18,0.0,0.008,32.56,120.18000000000002,1.38,7176.2,-94.0,4.26,1.0,2025-06-13T10:44:37.179140608Z
13904.4,100.0,40.5,1017.1,0.0,0.008,32.42,152.52,0.9799999999999999,7178.0,-94.0,3.72,1.0,2025-06-13T10:54:37.164912128Z
13906.2,100.0,38.7,1017.04,0.0,0.008,32.739999999999995,94.9,1.2399999999999998,7179.8,-93.2,1.36,1.0,2025-06-13T11:04:37.176305152Z
13908.0,100.0,38.6,1016.9799999999999,0.0,0.008,32.78,139.85999999999999,1.4,7181.6,-94.6,4.36,1.0,2025-06-13T11:14:37.168513536Z
13909.8,100.0,40.4,1016.9,0.0,0.008,32.980000000000004,104.08,1.1800000000000002,7183.4,-93.8,3.16,1.0,2025-06-13T11:24:37.162180608Z
13911.6,100.0,39.4,1016.86,0.0,0.008,33.04,101.26000000000002,1.2,7185.2,-91.8,-2.9200000000000004,1.0,2025-06-13T11:34:37.193871360Z
13913.4,100.0,39.9,1016.78,0.0,0.008,33.160000000000004,118.02000000000001,1.0999999999999999,7187.0,-92.6,3.6,1.0,2025-06-13T11:44:37.183579136Z
13915.2,100.0,39.2,1016.72,0.0,0.008,33.2,68.9,1.4599999999999997,7188.8,-94.4,3.88,1.0,2025-06-13T11:54:37.158441984Z
14320.25,100.0,38.75,1016.625,0.0,0.01,33.325,185.175,1.125,7327.5,-98.75,1.6250000000000002,1.0,2025-06-13T12:04:11.080308480Z
13918.4,100.0,40.7,1016.6,0.0,0.008,33.67999999999999,150.62,1.16,7192.4,-93.8,1.98,1.0,2025-06-13T12:14:37.169734912Z
13920.2,100.0,40.3,1016.5,0.0,0.008,33.66,118.55999999999999,1.48,7194.2,-93.8,3.3200000000000003,1.0,2025-06-13T12:24:37.161257472Z
14325.25,100.0,38.375,1016.425,0.0,0.01,33.8,173.17499999999998,1.075,7332.75,-98.5,2.075,1.0,2025-06-13T12:34:11.074180864Z
12011.0,100.0,39.875,1016.225,0.0,0.01,33.475,104.19999999999999,1.1500000000000001,6329.0,-92.5,4.5,1.0,2025-06-13T12:44:11.449317888Z
13924.8,100.0,39.4,1016.3,0.0,0.008,33.94,125.97999999999999,1.6599999999999997,7199.6,-93.2,2.92,1.0,2025-06-13T12:54:37.159570688Z
13926.6,100.0,38.1,1016.26,0.0,0.008,34.11999999999999,72.64,1.7600000000000002,7201.4,-94.0,1.7400000000000002,1.0,2025-06-13T13:04:37.173020672Z
13928.4,100.0,38.6,1016.26,0.0,0.008,34.08,123.58,1.2600000000000002,7203.2,-93.8,4.32,1.0,2025-06-13T13:14:37.593676288Z
13930.2,100.0,38.8,1016.22,0.0,0.008,34.019999999999996,151.06,1.3800000000000001,7205.0,-94.6,4.0,1.0,2025-06-13T13:24:37.605295616Z
13932.0,100.0,37.8,1016.24,0.0,0.008,33.8,65.60000000000001,1.48,7206.8,-91.2,-1.1,1.0,2025-06-13T13:34:37.185703936Z
13933.8,100.0,37.5,1016.1800000000001,0.0,0.008,34.17999999999999,192.54000000000002,1.08,7208.6,-94.2,3.62,1.0,2025-06-13T13:44:37.156674048Z
13935.6,100.0,38.9,1016.18,0.0,0.008,34.18,122.76000000000002,1.48,7210.4,-94.0,4.54,1.0,2025-06-13T13:54:37.174311424Z
14340.25,100.0,40.0,1016.0999999999999,0.0,0.01,34.099999999999994,103.1,2.85,7348.5,-98.75,1.9,1.0,2025-06-13T14:04:11.081354496Z
13938.8,100.0,40.4,1016.0600000000001,0.0,0.008,33.9,79.54,1.7400000000000002,7214.0,-94.8,2.84,1.0,2025-06-13T14:14:37.160725504Z
13940.6,100.0,40.8,1016.0600000000001,0.0,0.008,33.67999999999999,99.02,1.8,7215.8,-93.6,3.54,1.0,2025-06-13T14:24:37.163971072Z
13942.4,100.0,40.9,1016.1200000000001,0.0,0.008,33.4,79.17999999999999,3.0599999999999996,7217.6,-91.8,-0.19999999999999982,1.0,2025-06-13T14:34:37.169687552Z
13944.2,100.0,42.3,1016.1,0.0,0.008,33.3,86.38,2.92,7219.4,-94.0,4.140000000000001,1.0,2025-06-13T14:44:37.148102912Z
13946.0,100.0,41.1,1015.9799999999999,0.0,0.008,32.98,91.99999999999999,2.5,7221.2,-95.0,3.3,1.0,2025-06-13T14:54:37.153274368Z
13947.8,100.0,41.8,1015.9599999999998,0.0,0.008,32.96,91.78,2.7399999999999998,7223.0,-91.2,-1.24,1.0,2025-06-13T15:04:37.154849536Z
13949.6,100.0,41.6,1015.9399999999999,0.0,0.008,32.699999999999996,79.67999999999999,2.5999999999999996,7224.8,-93.2,4.0600000000000005,1.0,2025-06-13T15:14:37.155927040Z
13951.4,100.0,41.2,1015.8799999999999,0.0,0.008,32.68,77.4,2.62,7226.6,-94.6,3.22,1.0,2025-06-13T15:24:37.138346752Z
13953.2,100.0,41.6,1015.8399999999999,0.0,0.008,32.5,97.85999999999999,3.16,7228.4,-94.4,3.9200000000000004,1.0,2025-06-13T15:34:37.578417920Z
13955.0,100.0,42.1,1015.8,0.0,0.008,32.440000000000005,102.7,2.1399999999999997,7230.2,-93.6,3.9799999999999995,1.0,2025-06-13T15:44:37.142582784Z
13956.8,100.0,42.0,1015.68,0.0,0.008,32.31999999999999,89.62,2.7199999999999998,7232.0,-94.4,3.8800000000000003,1.0,2025-06-13T15:54:37.175368448Z
14361.0,100.0,41.375,1015.675,0.0,0.01,32.075,85.375,2.8,7369.5,-98.5,1.625,1.0,2025-06-13T16:04:11.054274560Z
13960.0,100.0,42.6,1015.5799999999999,0.0,0.008,32.0,80.16,2.56,7235.6,-94.4,2.84,1.0,2025-06-13T16:14:37.128213248Z
13961.8,100.0,42.5,1015.6200000000001,0.0,0.012,31.860000000000003,85.99999999999999,2.44,7237.4,-93.0,3.8600000000000003,1.0,2025-06-13T16:24:37.121247744Z
13963.6,100.0,42.2,1015.6,0.0,0.012,31.68,81.97999999999999,2.1799999999999997,7239.2,-94.4,3.8,1.0,2025-06-13T16:34:37.546759936Z
13965.4,100.0,43.7,1015.68,0.0,0.012,31.440000000000005,108.61999999999998,1.9400000000000002,7241.0,-94.2,3.3200000000000003,1.0,2025-06-13T16:44:37.110405632Z
13967.2,100.0,43.6,1015.6800000000001,0.0,0.012,31.28,98.4,1.92,7242.8,-94.6,2.8600000000000003,1.0,2025-06-13T16:54:37.106850816Z
14371.25,100.0,44.0,1015.75,0.0,0.0125,31.05,93.99999999999999,2.075,7380.0,-97.5,1.725,1.0,2025-06-13T17:04:11.042289664Z
13970.4,100.0,45.4,1015.82,0.0,0.012,30.740000000000002,101.96000000000001,1.78,7246.4,-94.2,4.640000000000001,1.0,2025-06-13T17:14:37.106673152Z
13972.2,100.0,46.2,1015.8399999999999,0.0,0.012,30.32,95.38,1.86,7248.2,-94.6,3.54,1.0,2025-06-13T17:24:37.542160640Z
14376.25,100.0,46.75,1015.9000000000001,0.0,0.0125,29.924999999999997,105.75,2.0,7385.25,-99.0,2.5,1.0,2025-06-13T17:34:11.048316416Z
13975.4,100.0,47.6,1015.86,0.0,0.012,29.5,93.14,1.6800000000000002,7251.8,-93.6,3.0,1.0,2025-06-13T17:44:37.091088896Z
13977.2,100.0,49.6,1015.8399999999999,0.0,0.012,29.119999999999997,108.12,1.3400000000000003,7253.6,-93.8,3.3200000000000003,1.0,2025-06-13T17:54:37.092049152Z
14381.25,100.0,51.375,1015.875,0.0,0.0125,28.674999999999997,107.5,1.25,7390.5,-98.25,1.8749999999999998,1.0,2025-06-13T18:04:11.019805952Z
13980.4,100.0,54.2,1015.86,0.0,0.012,28.040000000000003,107.0,1.0999999999999999,7257.2,-93.8,3.9200000000000004,1.0,2025-06-13T18:14:37.108585728Z
13982.2,100.0,56.2,1015.86,0.0,0.012,27.4,106.12,0.9399999999999998,7259.0,-91.6,1.5399999999999998,1.0,2025-06-13T18:24:37.059241472Z
14386.25,100.0,57.5,1016.025,0.0,0.0125,26.85,91.55,0.8,7395.75,-97.5,2.375,1.0,2025-06-13T18:34:10.996088832Z
13985.4,100.0,60.4,1016.04,0.0,0.012,26.160000000000004,103.05999999999999,1.02,7262.6,-94.6,3.1199999999999997,1.0,2025-06-13T18:44:37.077454080Z
12072.5,100.0,63.25,1016.05,0.0,0.015000000000000001,25.349999999999998,89.2,0.775,6394.0,-94.5,3.0250000000000004,1.0,2025-06-13T18:55:26.352778752Z
13988.6,100.0,64.1,1016.24,0.0,0.015999999999999997,25.139999999999997,98.34,0.56,7266.2,-91.6,0.020000000000000285,1.0,2025-06-13T19:04:37.047308288Z
13990.4,100.0,65.3,1016.4,0.0,0.028000000000000004,24.82,93.91999999999999,0.7000000000000001,7268.0,-94.2,4.640000000000001,1.0,2025-06-13T19:14:37.030320640Z
13992.2,100.0,66.9,1016.5,0.0,0.036000000000000004,24.32,76.6,0.76,7269.8,-93.6,3.7599999999999993,1.0,2025-06-13T19:24:37.025563392Z
14396.0,100.0,67.125,1016.6,0.0,0.0425,24.25,77.725,1.025,7406.25,-96.75,1.0750000000000002,1.0,2025-06-13T19:34:10.961057792Z
13995.4,100.0,69.1,1016.68,0.0,0.036000000000000004,23.92,80.98,0.8,7273.4,-92.8,2.94,1.0,2025-06-13T19:44:37.010772480Z
13997.2,100.0,69.9,1016.8399999999999,0.0,0.028000000000000004,23.700000000000003,91.9,0.8200000000000001,7275.2,-94.0,4.680000000000001,1.0,2025-06-13T19:54:37.002448896Z
13999.0,100.0,71.5,1016.9200000000001,0.0,0.028000000000000004,23.300000000000004,79.33999999999999,0.8800000000000001,7277.0,-97.0,-0.7600000000000001,1.0,2025-06-13T20:04:37.011692800Z
14000.8,100.0,71.9,1017.04,0.0,0.030000000000000006,23.12,88.58000000000001,0.8600000000000001,7278.8,-93.8,3.6399999999999997,1.0,2025-06-13T20:14:36.990141184Z
14002.6,100.0,72.9,1017.04,0.0,0.03200000000000001,22.96,89.41999999999999,0.96,7280.6,-94.2,3.46,1.0,2025-06-13T20:24:36.998233856Z
14406.25,100.0,72.625,1017.125,0.0,0.037500000000000006,23.025000000000002,93.89999999999999,0.8999999999999999,7416.75,-97.75,2.875,1.0,2025-06-13T20:34:10.917251328Z
14005.8,100.0,74.0,1017.1,0.0,0.03200000000000001,22.660000000000004,141.7,0.5799999999999998,7284.2,-94.2,3.94,1.0,2025-06-13T20:44:36.971038208Z
14007.6,100.0,75.0,1017.1,0.0,0.03200000000000001,22.32,115.84,0.4600000000000001,7286.0,-93.6,3.0800000000000005,1.0,2025-06-13T20:54:36.957091072Z
14411.25,100.0,75.75,1017.15,0.0,0.037500000000000006,22.2,111.75,0.5,7422.0,-97.25,2.5250000000000004,1.0,2025-06-13T21:04:10.886369280Z
14010.8,100.0,77.7,1017.1,0.0,0.03200000000000001,21.82,157.95999999999998,0.54,7289.6,-94.2,2.72,1.0,2025-06-13T21:14:36.948725760Z
14012.6,100.0,79.2,1017.1200000000001,0.0,0.03200000000000001,21.44,186.76,0.6,7291.4,-94.4,4.36,1.0,2025-06-13T21:24:37.379802368Z
14416.25,100.0,80.0,1017.275,0.0,0.037500000000000006,21.325,216.54999999999998,0.675,7427.25,-98.25,1.45,1.0,2025-06-13T21:34:10.894053632Z
14015.8,100.0,81.5,1017.14,0.0,0.03200000000000001,20.94,196.45999999999998,0.7200000000000001,7295.0,-92.0,0.9600000000000002,1.0,2025-06-13T21:44:36.951517952Z
14017.6,100.0,81.5,1017.14,0.0,0.03200000000000001,20.860000000000003,174.57999999999998,0.8799999999999999,7296.8,-93.6,3.8600000000000003,1.0,2025-06-13T21:54:36.912100864Z
12103.5,100.0,82.125,1016.875,0.0,0.0225,20.775,170.35,0.65,6427.0,-92.5,3.975,1.0,2025-06-13T22:04:11.186742784Z
14020.8,100.0,83.2,1016.9399999999999,0.0,0.03200000000000001,20.5,180.32,0.76,7300.4,-94.8,3.5799999999999996,1.0,2025-06-13T22:14:36.910915072Z
12106.75,100.0,83.75,1016.7249999999999,0.0,0.0225,20.4,180.02499999999998,0.75,6430.75,-90.5,2.5999999999999996,1.0,2025-06-13T22:25:26.164408576Z
14425.5,99.25,83.875,1016.925,0.0,0.04250000000000001,20.275,156.32500000000002,0.6000000000000001,7437.75,-98.0,2.375,1.0,2025-06-13T22:34:10.850485760Z
14025.4,99.2,84.7,1016.76,0.0,0.03600000000000001,20.02,121.96,0.44000000000000006,7305.8,-93.6,3.0,1.0,2025-06-13T22:44:36.877322752Z
14027.2,99.0,85.6,1016.72,0.0,0.03600000000000001,19.82,135.7,0.6599999999999999,7307.6,-92.8,1.5399999999999998,1.0,2025-06-13T22:54:36.876937728Z
14430.5,99.0,85.125,1016.725,0.0,0.04250000000000001,19.675,74.375,0.7000000000000001,7443.0,-97.5,1.275,1.0,2025-06-13T23:04:10.802494976Z
14030.4,99.0,87.0,1016.6600000000001,0.0,0.03600000000000001,19.4,88.34,0.6000000000000001,7311.2,-93.4,4.220000000000001,1.0,2025-06-13T23:14:36.858689280Z
14032.2,99.0,87.8,1016.68,0.0,0.03600000000000001,19.240000000000002,95.61999999999999,0.64,7313.0,-94.4,3.72,1.0,2025-06-13T23:24:36.865353984Z
14435.5,98.0,87.0,1016.75,0.0,0.045000000000000005,19.299999999999997,101.225,0.42500000000000004,7448.25,-97.0,-0.34999999999999964,1.0,2025-06-13T23:34:10.789376000Z
14035.4,97.8,88.2,1016.78,0.0,0.04,19.040000000000003,119.01999999999998,0.34,7316.6,-93.0,2.7399999999999998,1.0,2025-06-13T23:44:36.831632640Z
14037.2,97.4,89.0,1016.8,0.0,0.04,18.740000000000002,212.44,0.32,7318.4,-94.2,4.08,1.0,2025-06-13T23:54:36.817275648Z
14440.5,97.5,89.875,1016.9000000000001,0.0,0.0475,18.575000000000003,153.2,0.45,7453.5,-98.5,1.875,1.0,2025-06-14T00:04:10.762711296Z
14040.4,97.4,90.7,1016.9399999999999,0.0,0.04,18.4,214.52000000000004,0.30000000000000004,7322.0,-94.0,3.1399999999999997,1.0,2025-06-14T00:14:36.803030272Z
14042.2,97.4,90.3,1016.9399999999999,0.0,0.04,18.3,152.78000000000003,0.5,7323.8,-94.4,3.2399999999999998,1.0,2025-06-14T00:24:36.794631424Z
14445.5,96.75,91.0,1016.9499999999999,0.0,0.0475,18.375,138.02500000000003,0.575,7458.75,-97.0,2.725,1.0,2025-06-14T00:34:10.771035904Z
12128.5,96.25,91.125,1016.625,0.0,0.03,18.45,134.375,0.675,6455.25,-91.25,4.25,1.0,2025-06-14T00:45:26.050554624Z
14046.8,96.0,90.3,1016.86,0.0,0.04,18.580000000000002,174.71999999999997,0.5800000000000001,7329.2,-95.0,2.8200000000000003,1.0,2025-06-14T00:54:36.772039168Z
12131.75,96.0,90.75,1016.7,0.0,0.03,18.3,223.625,0.55,6458.5,-91.75,3.9250000000000003,1.0,2025-06-14T01:04:11.018588928Z
14050.0,96.0,91.2,1016.8400000000001,0.0,0.04,18.1,206.68,0.48,7332.8,-93.8,4.36,1.0,2025-06-14T01:14:36.761511680Z
14051.8,96.0,92.0,1016.9399999999999,0.0,0.04,17.96,100.52000000000001,0.48,7334.6,-94.0,2.7,1.0,2025-06-14T01:24:36.747315712Z
14454.75,96.0,91.875,1016.9499999999999,0.0,0.0475,17.825000000000003,92.375,0.55,7469.25,-98.0,0.75,1.0,2025-06-14T01:34:10.695700224Z
14055.0,95.0,92.3,1016.8799999999999,0.0,0.04,17.62,61.89999999999999,0.4,7338.2,-94.0,3.9800000000000004,1.0,2025-06-14T01:44:36.749165824Z
14056.8,94.8,92.8,1016.86,0.0,0.04,17.6,169.22,0.34,7340.0,-94.4,4.1,1.0,2025-06-14T01:54:36.725532928Z
14459.75,94.75,93.375,1017.0249999999999,0.0,0.0475,17.4,115.15,0.15000000000000002,7474.5,-98.5,1.575,1.0,2025-06-14T02:04:10.671585024Z
14060.0,94.8,94.1,1017.0199999999999,0.0,0.04,17.259999999999998,236.18,0.43999999999999995,7343.6,-93.8,3.7600000000000002,1.0,2025-06-14T02:14:36.714390272Z
14061.8,94.8,94.6,1017.04,0.0,0.04,17.080000000000005,86.28,0.26,7345.4,-93.4,4.2,1.0,2025-06-14T02:24:36.705882880Z
14063.6,94.8,94.9,1016.9599999999998,0.0,0.046000000000000006,17.0,74.52000000000001,0.5399999999999999,7347.2,-93.8,4.9399999999999995,1.0,2025-06-14T02:34:37.136878336Z
14065.4,94.4,95.0,1016.9399999999999,0.0,0.05600000000000001,17.14,78.0,0.33999999999999997,7349.0,-94.6,4.28,1.0,2025-06-14T02:44:36.693669632Z
14067.2,93.4,94.9,1017.14,0.0,0.06000000000000001,17.18,276.91999999999996,0.9200000000000002,7350.8,-94.4,3.2,1.0,2025-06-14T02:54:36.743785216Z
14470.0,93.5,94.375,1017.35,0.0,0.08,17.025000000000002,287.75,0.75,7485.0,-98.5,3.075,1.0,2025-06-14T03:04:10.624312832Z
14070.4,93.4,95.2,1017.26,0.0,0.072,16.96,157.2,0.3,7354.4,-93.4,4.0200000000000005,1.0,2025-06-14T03:14:36.678798080Z
14072.2,93.4,95.2,1017.3399999999999,0.0,0.072,16.7,179.1,0.4,7356.2,-94.6,4.040000000000001,1.0,2025-06-14T03:24:36.666509312Z
14475.0,93.5,95.375,1017.375,0.0,0.08,16.6,219.64999999999998,0.25000000000000006,7490.25,-97.25,-1.2999999999999998,1.0,2025-06-14T03:34:10.601776896Z
14075.4,93.0,95.9,1017.4399999999999,0.0,0.072,16.54,235.94,0.4,7359.8,-96.2,-0.6,1.0,2025-06-14T03:44:36.656529408Z
14077.2,92.2,95.5,1017.4599999999998,0.0,0.072,16.619999999999997,239.08,0.32,7361.6,-94.2,4.96,1.0,2025-06-14T03:54:36.643104768Z
12056.333333333334,92.0,95.5,1017.3000000000001,0.0,0.06333333333333334,16.900000000000002,237.73333333333335,0.5333333333333333,6375.333333333333,-96.66666666666667,2.5,1.0,2025-06-14T04:05:07.573858560Z
14080.0,92.0,95.7,1017.5,0.0,0.072,17.34,168.92,0.36000000000000004,7365.2,-94.0,1.2399999999999998,1.0,2025-06-14T04:14:36.626646784Z
14081.8,92.0,94.9,1017.5200000000001,0.0,0.074,17.8,191.44,0.4200000000000001,7367.0,-94.6,4.26,1.0,2025-06-14T04:24:36.622202112Z
14083.6,92.0,93.8,1017.4800000000001,0.0,0.08199999999999999,18.4,191.64000000000001,0.8,7368.8,-91.0,1.0399999999999998,1.0,2025-06-14T04:34:36.614161152Z
14085.4,92.0,92.0,1017.5199999999999,0.0,0.08399999999999999,19.18,235.71999999999997,0.6599999999999999,7370.6,-94.0,4.04,1.0,2025-06-14T04:44:36.618799104Z
12169.0,92.0,89.875,1017.3249999999999,0.0,0.065,19.85,192.60000000000002,0.6,6498.75,-93.0,3.425,1.0,2025-06-14T04:54:10.838920960Z
14489.25,92.0,87.625,1017.525,0.0,0.09499999999999999,20.525000000000002,226.925,0.625,7506.0,-96.75,2.25,1.0,2025-06-14T05:04:10.551055872Z
14090.0,92.0,84.1,1017.4200000000001,0.0,0.08399999999999999,21.419999999999998,220.8,0.48,7376.0,-92.8,3.12,1.0,2025-06-14T05:14:36.580612608Z
14091.8,92.0,81.2,1017.4,0.0,0.08399999999999999,22.12,181.3,0.72,7377.8,-94.0,4.220000000000001,1.0,2025-06-14T05:24:36.577019904Z
14494.25,92.0,79.75,1017.3499999999999,0.0,0.09499999999999999,22.5,183.8,0.7999999999999999,7511.25,-96.75,0.8749999999999998,1.0,2025-06-14T05:34:10.522973952Z
14095.0,92.0,77.0,1017.3199999999999,0.0,0.08399999999999999,23.2,173.83999999999997,0.6799999999999999,7381.4,-94.0,3.1399999999999997,1.0,2025-06-14T05:44:36.558584320Z
14096.8,93.2,74.8,1017.26,0.0,0.08399999999999999,23.759999999999998,152.33999999999997,0.6,7383.2,-93.8,4.0,1.0,2025-06-14T05:54:36.559243264Z
14499.25,94.25,72.125,1017.2750000000001,0.0,0.09499999999999999,24.224999999999998,172.95,0.8500000000000001,7516.5,-99.0,2.3249999999999997,1.0,2025-06-14T06:04:10.518728704Z
14100.0,94.2,69.5,1017.32,0.0,0.08399999999999999,24.939999999999998,199.4,0.72,7386.8,-92.2,-0.11999999999999958,1.0,2025-06-14T06:14:36.550303232Z
14101.8,94.2,67.3,1017.26,0.0,0.08399999999999999,25.619999999999997,164.12000000000003,0.8400000000000001,7388.6,-94.0,2.9799999999999995,1.0,2025-06-14T06:24:36.528192000Z
14103.6,94.2,65.5,1017.2,0.0,0.08399999999999999,26.140000000000004,175.3,0.66,7390.4,-91.4,0.020000000000000285,1.0,2025-06-14T06:34:36.977907712Z
14105.4,94.2,63.3,1017.2800000000001,0.0,0.08399999999999999,26.520000000000003,158.3,0.66,7392.2,-94.2,3.4,1.0,2025-06-14T06:44:36.516775936Z
14107.2,96.6,60.0,1017.2,0.0,0.08399999999999999,27.24,161.76,0.6,7394.0,-92.8,1.3800000000000003,1.0,2025-06-14T06:54:36.510725376Z
14109.0,99.2,59.0,1017.1,0.0,0.08399999999999999,27.7,154.76,0.9400000000000001,7395.8,-91.8,0.47999999999999987,1.0,2025-06-14T07:04:36.526262528Z
14110.8,99.2,58.8,1017.0,0.0,0.08399999999999999,27.96,114.6,0.9199999999999999,7397.6,-94.6,4.64,1.0,2025-06-14T07:14:36.496421376Z
14112.6,99.2,56.7,1017.0,0.0,0.08399999999999999,28.240000000000002,136.71999999999997,1.16,7399.4,-93.8,3.34,1.0,2025-06-14T07:24:36.501907968Z
14514.75,99.5,54.625,1017.025,0.0,0.09499999999999999,28.424999999999997,136.27499999999998,1.125,7532.25,-97.5,-0.7000000000000002,1.0,2025-06-14T07:34:10.452377856Z
14115.8,99.2,51.9,1016.96,0.0,0.08399999999999999,29.02,133.16,0.72,7403.0,-94.4,3.0,1.0,2025-06-14T07:44:36.504336896Z
14117.6,99.2,50.1,1016.9399999999999,0.0,0.08399999999999999,29.459999999999997,111.14000000000001,0.82,7404.8,-94.2,5.0,1.0,2025-06-14T07:54:36.480980736Z
14119.4,100.0,49.0,1016.86,0.0,0.08399999999999999,29.74,61.839999999999996,1.0,7406.6,-91.2,-0.46000000000000013,1.0,2025-06-14T08:04:36.481495552Z
14121.2,100.0,47.9,1016.8,0.0,0.08399999999999999,30.1,152.18,0.7000000000000001,7408.4,-93.6,2.3200000000000003,1.0,2025-06-14T08:14:36.469862912Z
14123.0,100.0,46.5,1016.8,0.0,0.08399999999999999,30.560000000000002,130.85999999999999,1.24,7410.2,-93.8,3.66,1.0,2025-06-14T08:24:36.461282816Z
14525.0,100.0,45.25,1016.75,0.0,0.09499999999999999,30.700000000000003,224.875,0.75,7542.75,-99.0,1.8749999999999998,1.0,2025-06-14T08:34:10.427204352Z
14126.2,100.0,43.9,1016.78,0.0,0.08399999999999999,31.22,125.34,0.9200000000000002,7413.8,-93.0,0.5399999999999998,1.0,2025-06-14T08:44:36.465358080Z
14128.0,100.0,43.2,1016.8,0.0,0.08399999999999999,31.339999999999996,149.35999999999999,0.62,7415.6,-93.6,1.6199999999999999,1.0,2025-06-14T08:54:36.455241216Z
14530.0,100.0,40.875,1016.7249999999999,0.0,0.09499999999999999,31.75,177.75,0.875,7548.0,-97.25,1.375,1.0,2025-06-14T09:04:10.421696768Z
14131.2,100.0,41.0,1016.72,0.0,0.08399999999999999,32.04,150.44,1.16,7419.2,-94.2,4.04,1.0,2025-06-14T09:14:36.470203648Z
14133.0,100.0,39.9,1016.6600000000001,0.0,0.08399999999999999,32.019999999999996,199.08,0.76,7421.0,-94.6,3.3200000000000003,1.0,2025-06-14T09:24:36.440847872Z
14535.0,100.0,38.125,1016.625,0.0,0.09499999999999999,32.175,164.6,1.125,7553.25,-96.75,-2.0999999999999996,1.0,2025-06-14T09:34:10.418180096Z
14136.2,100.0,39.4,1016.5600000000001,0.0,0.08399999999999999,32.4,202.28,1.2,7424.6,-93.4,3.0200000000000005,1.0,2025-06-14T09:44:36.460154112Z
14138.0,100.0,37.5,1016.5,0.0,0.08399999999999999,32.46,182.82,1.0000000000000002,7426.4,-94.4,4.9799999999999995,1.0,2025-06-14T09:54:36.441878016Z
14139.8,100.0,38.1,1016.3799999999999,0.0,0.08399999999999999,32.900000000000006,109.14000000000001,0.68,7428.2,-91.0,2.12,1.0,2025-06-14T10:04:36.449976576Z
12114.666666666666,100.0,38.833333333333336,1016.0,0.0,0.07333333333333333,33.3,150.4,0.9666666666666667,6437.0,-97.33333333333333,0.7666666666666669,1.0,2025-06-14T10:15:07.361778432Z
14142.6,100.0,38.9,1016.2,0.0,0.08399999999999999,33.339999999999996,146.9,0.9,7431.8,-93.4,1.7399999999999998,1.0,2025-06-14T10:24:36.453842176Z
14144.4,100.0,37.1,1016.1600000000001,0.0,0.012,33.44,136.5,1.0,7433.6,-94.0,4.119999999999999,1.0,2025-06-14T10:34:36.450212352Z
14146.2,100.0,38.1,1016.1200000000001,0.0,0.004,33.540000000000006,172.94,1.02,7435.4,-93.6,2.9599999999999995,1.0,2025-06-14T10:44:36.440418304Z
14148.0,100.0,36.4,1015.9599999999998,0.0,0.004,33.480000000000004,116.35999999999999,1.46,7437.2,-94.8,2.88,1.0,2025-06-14T10:54:36.457925376Z
14149.8,100.0,37.1,1015.9,0.0,0.004,33.62,117.67999999999999,1.42,7439.0,-93.6,3.8400000000000007,1.0,2025-06-14T11:04:36.451812096Z
14151.6,100.0,36.1,1015.8199999999999,0.0,0.004,34.08,149.72,1.34,7440.8,-94.6,3.66,1.0,2025-06-14T11:14:36.444651008Z
14153.4,100.0,36.6,1015.6600000000001,0.0,0.004,34.32,239.35999999999999,1.04,7442.6,-93.0,3.0,1.0,2025-06-14T11:24:36.440257024Z
14155.2,100.0,37.9,1015.6199999999999,0.0,0.004,34.3,166.61999999999998,1.1199999999999999,7444.4,-93.6,1.2600000000000002,1.0,2025-06-14T11:34:36.437443328Z
14157.0,100.0,35.8,1015.46,0.0,0.004,34.2,108.5,0.8400000000000001,7446.2,-93.2,2.3600000000000003,1.0,2025-06-14T11:44:36.887587584Z
14158.8,100.0,35.9,1015.4399999999999,0.0,0.004,34.62,216.74,1.48,7448.0,-94.2,4.3,1.0,2025-06-14T11:54:36.438340096Z
14560.25,100.0,35.875,1015.375,0.0,0.005,34.825,251.97499999999997,1.3499999999999999,7579.75,-98.0,1.9500000000000002,1.0,2025-06-14T12:05:25.418575616Z
14162.0,100.0,35.0,1015.32,0.0,0.004,35.24,235.48000000000002,1.1199999999999999,7451.6,-92.8,0.7,1.0,2025-06-14T12:14:36.451502080Z
14163.8,100.0,35.4,1015.1600000000001,0.0,0.004,35.10000000000001,248.78000000000003,1.04,7453.4,-93.8,2.3200000000000003,1.0,2025-06-14T12:24:36.449229056Z
14165.6,100.0,36.6,1015.1,0.0,0.004,35.339999999999996,223.9,1.36,7455.2,-94.0,4.42,1.0,2025-06-14T12:34:36.444677120Z
14167.4,100.0,35.9,1015.0,0.0,0.004,35.26,196.00000000000003,1.48,7457.0,-94.4,3.2399999999999998,1.0,2025-06-14T12:44:36.450475008Z
14169.2,100.0,36.1,1014.8799999999999,0.0,0.004,35.39999999999999,229.64000000000001,1.6800000000000002,7458.8,-93.6,2.68,1.0,2025-06-14T12:54:36.430856192Z
14171.0,100.0,38.4,1014.78,0.0,0.004,35.519999999999996,309.41999999999996,1.2400000000000002,7460.6,-93.8,3.72,1.0,2025-06-14T13:04:36.446950656Z
14172.8,100.0,36.2,1014.6600000000001,0.0,0.004,35.32,256.2,2.12,7462.4,-93.6,4.5,1.0,2025-06-14T13:14:36.879291136Z
14174.6,100.0,35.4,1014.5200000000001,0.0,0.004,35.46,238.33999999999997,2.4000000000000004,7464.2,-93.8,2.8,1.0,2025-06-14T13:24:36.448474880Z
14176.4,100.0,35.2,1014.4200000000001,0.0,0.004,35.760000000000005,118.41999999999999,1.6,7466.0,-93.6,2.88,1.0,2025-06-14T13:34:36.436326912Z
14178.2,100.0,34.4,1014.26,0.0,0.004,36.17999999999999,230.51999999999998,1.28,7467.8,-94.0,3.3200000000000003,1.0,2025-06-14T13:44:36.447591168Z
14180.0,100.0,34.9,1014.14,0.0,0.004,36.1,118.41999999999999,1.32,7469.6,-94.0,4.04,1.0,2025-06-14T13:54:36.445496832Z
14181.8,100.0,35.5,1014.0,0.0,0.004,36.4,213.66,1.42,7471.4,-94.4,4.14,1.0,2025-06-14T14:04:36.450368000Z
14183.6,100.0,34.0,1013.9399999999999,0.0,0.004,36.02,214.18,0.8800000000000001,7473.2,-95.0,2.1,1.0,2025-06-14T14:14:36.450556672Z
14185.4,100.0,35.0,1013.9,0.0,0.004,36.5,213.45999999999998,0.9800000000000001,7475.0,-92.8,3.2399999999999998,1.0,2025-06-14T14:24:36.476266240Z
14187.2,100.0,34.8,1013.8799999999999,0.0,0.004,36.6,160.21999999999997,1.1,7476.8,-94.2,4.82,1.0,2025-06-14T14:34:36.907741696Z
14189.0,100.0,34.2,1013.8,0.0,0.004,36.3,276.26,1.44,7478.6,-93.4,3.94,1.0,2025-06-14T14:44:36.462105344Z
14190.8,100.0,35.5,1013.7800000000001,0.0,0.004,36.339999999999996,200.5,1.2599999999999998,7480.4,-95.2,3.4200000000000004,1.0,2025-06-14T14:54:36.463845120Z
14192.6,100.0,34.8,1013.6600000000001,0.0,0.004,36.56,201.96,1.2,7482.2,-93.0,2.7,1.0,2025-06-14T15:04:36.476402432Z
14194.4,100.0,34.9,1013.5400000000002,0.0,0.004,36.4,288.16,1.6600000000000001,7484.0,-94.0,4.26,1.0,2025-06-14T15:14:36.474244608Z
14196.2,100.0,36.4,1013.4399999999999,0.0,0.004,36.21999999999999,88.67999999999999,1.26,7485.8,-94.4,4.319999999999999,1.0,2025-06-14T15:24:36.475206400Z
14198.0,100.0,35.8,1013.4399999999999,0.0,0.004,36.220000000000006,95.28,1.22,7487.6,-94.0,2.7600000000000002,1.0,2025-06-14T15:34:36.485644800Z
14199.8,100.0,35.9,1013.4399999999999,0.0,0.004,35.92,30.080000000000002,2.0599999999999996,7489.4,-92.8,3.46,1.0,2025-06-14T15:44:36.469006848Z
14201.6,100.0,36.0,1013.46,0.0,0.004,35.6,35.36,1.1199999999999999,7491.2,-93.8,4.88,1.0,2025-06-14T15:54:36.476957952Z
14203.4,100.0,37.6,1013.3799999999999,0.0,0.004,35.54,60.21999999999999,1.9599999999999997,7493.0,-94.0,4.0600000000000005,1.0,2025-06-14T16:04:36.471911424Z
14205.2,100.0,43.3,1013.3799999999999,0.0,0.004,34.08,103.8,2.66,7494.8,-93.0,2.0199999999999996,1.0,2025-06-14T16:14:36.479089152Z
14207.0,100.0,46.1,1013.6,0.0,0.004,33.12,108.17999999999999,2.34,7496.6,-94.4,2.8600000000000003,1.0,2025-06-14T16:24:36.477861376Z
14208.8,100.0,46.9,1013.72,0.0,0.004,32.67999999999999,108.47999999999999,2.9,7498.4,-94.0,2.7399999999999998,1.0,2025-06-14T16:34:36.463885824Z
14210.6,100.0,47.5,1013.8799999999999,0.0,0.004,32.32000000000001,112.3,2.4200000000000004,7500.2,-94.6,4.279999999999999,1.0,2025-06-14T16:44:36.472731136Z
14212.4,100.0,48.8,1013.9,0.0,0.004,32.08,117.88,2.36,7502.0,-93.4,1.36,1.0,2025-06-14T16:54:36.895821056Z
14214.2,100.0,49.0,1013.8799999999999,0.0,0.004,31.920000000000005,118.94000000000001,2.04,7503.8,-93.4,3.04,1.0,2025-06-14T17:04:36.468377856Z
14216.0,100.0,50.0,1014.0,0.0,0.004,31.380000000000003,115.18000000000002,1.6800000000000002,7505.6,-94.6,3.9799999999999995,1.0,2025-06-14T17:14:36.481349120Z
14217.8,100.0,49.7,1014.04,0.0,0.004,30.880000000000003,107.84,1.86,7507.4,-94.0,4.64,1.0,2025-06-14T17:24:36.901185536Z
14219.6,100.0,51.3,1014.0200000000001,0.0,0.004,30.28,114.86000000000001,2.02,7509.2,-94.8,3.3200000000000003,1.0,2025-06-14T17:34:36.457535232Z
14221.4,100.0,53.0,1013.9200000000001,0.0,0.008,29.68,103.85999999999999,1.8399999999999999,7511.0,-93.0,3.0200000000000005,1.0,2025-06-14T17:44:36.439200256Z
14223.2,100.0,53.3,1013.86,0.0,0.014000000000000002,29.26,118.22,2.32,7512.8,-94.8,4.2,1.0,2025-06-14T17:54:36.444254208Z
14225.0,100.0,55.3,1013.8800000000001,0.0,0.026000000000000002,28.76,108.3,2.2399999999999998,7514.6,-93.8,4.26,1.0,2025-06-14T18:04:36.437021696Z
14226.8,100.0,56.8,1014.0799999999999,0.0,0.028000000000000004,28.339999999999996,105.97999999999999,1.4599999999999997,7516.4,-95.0,4.76,1.0,2025-06-14T18:14:36.440938496Z
14228.6,100.0,57.7,1014.0200000000001,0.0,0.03200000000000001,27.919999999999998,103.3,1.56,7518.2,-93.0,3.04,1.0,2025-06-14T18:24:36.418376960Z
14230.4,100.0,57.1,1014.24,0.0,0.03200000000000001,27.639999999999997,85.14,1.5,7520.0,-94.4,4.62,1.0,2025-06-14T18:34:36.429600256Z
14232.2,100.0,58.7,1014.5,0.0,0.03200000000000001,27.32,79.35999999999999,1.12,7521.8,-94.4,4.279999999999999,1.0,2025-06-14T18:44:36.429269248Z
14234.0,100.0,60.4,1014.5799999999999,0.0,0.03200000000000001,26.78,74.42,1.7399999999999998,7523.6,-94.0,2.6399999999999997,1.0,2025-06-14T18:54:36.398167040Z
14235.8,100.0,61.5,1014.6400000000001,0.0,0.03200000000000001,26.4,81.78,1.3,7525.4,-93.2,3.9,1.0,2025-06-14T19:04:36.418091008Z
14237.6,100.0,62.3,1014.96,0.0,0.044000000000000004,26.020000000000003,80.69999999999999,1.06,7527.2,-93.2,3.84,1.0,2025-06-14T19:14:36.394123264Z
14239.4,100.0,62.3,1015.0200000000001,0.0,0.06200000000000001,25.7,68.3,1.38,7529.0,-94.0,4.4399999999999995,1.0,2025-06-14T19:24:36.375968768Z
14241.2,100.0,62.9,1015.0799999999999,0.0,0.064,25.5,64.0,1.2799999999999998,7530.8,-93.8,1.4,1.0,2025-06-14T19:34:36.389473792Z
14243.0,100.0,62.6,1015.28,0.0,0.064,25.3,70.0,1.38,7532.6,-93.4,2.9400000000000004,1.0,2025-06-14T19:44:36.369572864Z
14244.8,100.0,63.0,1015.6200000000001,0.0,0.05600000000000001,25.2,63.92,1.36,7534.4,-94.2,5.04,1.0,2025-06-14T19:54:36.361092608Z
14246.6,100.0,63.5,1015.7599999999999,0.0,0.05600000000000001,24.98,68.62,0.8800000000000001,7536.2,-95.0,3.78,1.0,2025-06-14T20:04:36.380348160Z
14248.4,100.0,77.4,2123.54,51.0,131.12600000000003,19.779999999999998,71.34,1311.36,7538.0,-94.8,2.7600000000000002,1.0,2025-06-14T20:14:37.174426880Z
14250.2,100.0,65.6,1016.04,0.0,0.05600000000000001,24.48,72.54,0.45999999999999996,7539.8,-94.2,3.34,1.0,2025-06-14T20:24:36.352216576Z
14252.0,100.0,66.9,1016.1,0.0,0.05600000000000001,24.28,99.03999999999999,0.54,7541.6,-93.6,4.28,1.0,2025-06-14T20:34:36.346364416Z
14253.8,100.0,68.7,1016.0600000000001,0.0,0.05600000000000001,24.2,140.62,0.38,7543.4,-94.0,3.6799999999999997,1.0,2025-06-14T20:44:36.330771712Z
14255.6,100.0,71.1,1016.04,0.0,0.05600000000000001,23.96,171.3,0.48,7545.2,-95.2,3.56,1.0,2025-06-14T20:54:36.325306880Z
14257.4,100.0,72.0,1016.1200000000001,0.0,0.05600000000000001,23.76,209.72000000000003,0.42000000000000004,7547.0,-92.8,4.279999999999999,1.0,2025-06-14T21:04:36.324746752Z
14259.2,100.0,72.0,1016.7,0.0,0.05600000000000001,23.82,264.26,1.6600000000000001,7548.8,-93.6,4.0,1.0,2025-06-14T21:14:36.741464576Z
14261.0,100.0,62.3,1016.8399999999999,0.0,0.05600000000000001,25.119999999999997,286.67999999999995,1.6400000000000001,7550.6,-93.6,4.159999999999999,1.0,2025-06-14T21:24:36.292254976Z
14262.8,100.0,63.8,1016.3,0.0,0.05600000000000001,25.06,182.68,0.6799999999999999,7552.4,-95.4,3.2600000000000002,1.0,2025-06-14T21:34:36.295543296Z
14264.6,100.0,66.6,1015.9399999999999,0.0,0.05600000000000001,24.58,133.32,0.5200000000000001,7554.2,-94.4,3.9799999999999995,1.0,2025-06-14T21:44:36.288054784Z
14266.4,100.0,68.5,1015.4799999999999,0.0,0.05600000000000001,24.16,124.24000000000001,1.0,7556.0,-94.0,4.82,1.0,2025-06-14T21:54:36.268745216Z
14268.2,100.0,68.7,1015.4399999999999,0.0,0.05600000000000001,24.04,193.64000000000001,1.02,7557.8,-94.0,3.7600000000000002,1.0,2025-06-14T22:04:36.276858624Z
14270.0,100.0,69.8,1015.14,0.0,0.05600000000000001,23.759999999999998,112.0,0.9,7559.6,-94.6,2.54,1.0,2025-06-14T22:14:36.276177408Z
14271.8,99.4,70.2,1014.9800000000001,0.0,0.06999999999999999,23.58,131.04000000000002,0.82,7561.4,-92.8,4.2,1.0,2025-06-14T22:24:36.273531136Z
14273.6,99.2,71.7,1015.1,0.0,0.084,23.4,188.2,0.8400000000000001,7563.2,-93.4,4.1,1.0,2025-06-14T22:34:36.245249536Z
14275.4,98.4,74.2,1015.2,0.0,0.084,23.04,171.38000000000002,0.82,7565.0,-94.2,4.9,1.0,2025-06-14T22:44:36.239202816Z
14277.2,98.4,75.5,1015.0199999999999,0.0,0.084,22.82,134.56,1.06,7566.8,-94.2,3.5,1.0,2025-06-14T22:54:36.233545728Z
14279.0,98.4,74.2,1014.76,0.0,0.084,22.919999999999998,91.7,0.96,7568.6,-93.0,4.0,1.0,2025-06-14T23:04:36.235231488Z
14280.8,98.4,74.1,1014.6600000000001,0.0,0.09200000000000001,22.98,113.05999999999999,0.8400000000000001,7570.4,-93.6,4.2,1.0,2025-06-14T23:14:36.212877824Z
14282.6,98.2,75.2,1014.64,0.0,0.10000000000000002,22.839999999999996,195.62000000000003,0.36000000000000004,7572.2,-93.6,3.2399999999999998,1.0,2025-06-14T23:24:36.639737856Z
14284.4,97.4,76.2,1014.72,0.0,0.10000000000000002,22.740000000000002,244.92,0.58,7574.0,-94.4,3.12,1.0,2025-06-14T23:34:36.217203456Z
14286.2,97.0,78.6,1014.86,0.0,0.10000000000000002,22.38,275.62,1.0,7575.8,-94.8,4.18,1.0,2025-06-14T23:44:36.198266368Z
14288.0,97.0,77.9,1014.9,0.0,0.10000000000000002,22.54,293.28000000000003,1.22,7577.6,-94.0,5.180000000000001,1.0,2025-06-14T23:54:36.258152192Z
12365.25,97.0,76.75,1014.7750000000001,0.0,0.10750000000000001,22.849999999999998,296.975,1.3,6700.25,-92.5,4.175,1.0,2025-06-15T00:05:25.895633408Z
14291.2,97.0,77.0,1015.04,0.0,0.10000000000000002,22.880000000000003,286.21999999999997,1.46,7581.2,-94.8,3.2199999999999998,1.0,2025-06-15T00:14:36.168142336Z
14293.0,96.8,78.1,1014.9199999999998,0.0,0.10000000000000002,23.04,295.0,1.4200000000000002,7583.0,-93.4,3.66,1.0,2025-06-15T00:24:36.182423552Z
14294.8,96.6,79.0,1014.9,0.0,0.10000000000000002,23.080000000000002,297.71999999999997,1.4,7584.8,-93.6,4.6,1.0,2025-06-15T00:34:36.229914624Z
14296.6,96.0,79.8,1015.0600000000001,0.0,0.10000000000000002,22.96,285.94,1.4999999999999998,7586.6,-94.6,4.04,1.0,2025-06-15T00:44:36.171257344Z
14298.4,95.6,79.4,1015.18,0.0,0.10000000000000002,22.96,271.06,2.02,7588.4,-95.0,4.1,1.0,2025-06-15T00:54:36.136308992Z
14300.2,95.6,78.5,1015.1600000000001,0.0,0.10000000000000002,23.14,261.72,1.78,7590.2,-94.4,3.2600000000000002,1.0,2025-06-15T01:04:36.149316352Z
14302.0,95.6,78.3,1015.14,0.0,0.10000000000000002,23.080000000000002,280.44000000000005,1.6199999999999999,7592.0,-94.4,3.44,1.0,2025-06-15T01:14:36.150043904Z
14303.8,95.6,78.2,1015.22,0.0,0.10000000000000002,22.939999999999998,284.03999999999996,1.56,7593.8,-94.6,4.1,1.0,2025-06-15T01:24:36.110501888Z
14305.6,95.0,78.9,1015.26,0.0,0.10000000000000002,22.660000000000004,280.09999999999997,1.24,7595.6,-93.8,2.7600000000000002,1.0,2025-06-15T01:34:36.119185920Z
14307.4,94.6,79.6,1015.14,0.0,0.10000000000000002,22.36,260.65999999999997,1.2,7597.4,-94.2,4.26,1.0,2025-06-15T01:44:36.122411008Z
14309.2,94.4,80.8,1015.1,0.0,0.10000000000000002,22.02,256.86,0.9199999999999999,7599.2,-93.6,4.76,1.0,2025-06-15T01:54:36.105185280Z
14311.0,94.4,81.1,1015.1400000000001,0.0,0.10000000000000002,21.939999999999998,259.12,0.9799999999999999,7601.0,-94.4,3.7600000000000002,1.0,2025-06-15T02:04:36.536261888Z
12387.75,94.25,80.0,1014.9250000000001,0.0,0.10750000000000001,22.049999999999997,268.475,1.15,6722.75,-93.25,3.9000000000000004,1.0,2025-06-15T02:14:10.260809728Z
14314.2,94.4,81.1,1015.0799999999999,0.0,0.10600000000000001,21.7,263.5,1.34,7604.6,-94.4,3.44,1.0,2025-06-15T02:24:36.095585792Z
14316.0,94.4,80.6,1015.04,0.0,0.10800000000000001,21.68,269.56,1.06,7606.4,-94.0,4.5,1.0,2025-06-15T02:34:36.076940544Z
14317.8,93.4,80.6,1015.1,0.0,0.10800000000000001,21.52,265.30000000000007,1.0999999999999999,7608.2,-94.2,3.6,1.0,2025-06-15T02:44:36.071560192Z
14319.6,93.0,80.5,1015.0799999999999,0.0,0.10800000000000001,21.48,254.78000000000003,1.44,7610.0,-94.8,3.6,1.0,2025-06-15T02:54:36.057265664Z
14321.4,93.0,81.8,1015.1600000000001,0.0,0.11200000000000002,21.240000000000002,257.02,1.02,7611.8,-92.6,4.220000000000001,1.0,2025-06-15T03:04:36.044752896Z
14323.2,93.0,83.3,1015.1600000000001,0.0,0.11600000000000002,20.880000000000003,253.42000000000002,0.8,7613.6,-93.8,4.26,1.0,2025-06-15T03:14:36.051090176Z
14325.0,93.0,83.9,1015.1200000000001,0.0,0.12200000000000003,20.76,253.6,0.9199999999999999,7615.4,-95.0,3.2399999999999998,1.0,2025-06-15T03:24:36.019023104Z
14326.8,93.0,84.2,1015.14,0.0,0.12400000000000003,20.74,265.9,0.9,7617.2,-95.0,4.08,1.0,2025-06-15T03:34:36.016601600Z
14328.6,92.4,84.8,1015.14,0.0,0.12400000000000003,20.68,259.7,0.9,7619.0,-95.4,4.1,1.0,2025-06-15T03:44:36.016788992Z
14330.4,92.0,85.1,1015.1600000000001,0.0,0.12400000000000003,20.639999999999997,274.3,0.7,7620.8,-93.8,4.640000000000001,1.0,2025-06-15T03:54:36.015303168Z
14332.2,92.0,85.5,1015.1200000000001,0.0,0.12400000000000003,20.76,212.1,0.66,7622.6,-94.4,3.5,1.0,2025-06-15T04:04:35.990687232Z
14334.0,92.0,84.9,1015.18,0.0,0.12400000000000003,21.04,266.15999999999997,0.8799999999999999,7624.4,-94.0,2.6,1.0,2025-06-15T04:14:35.997935872Z
14335.8,92.0,83.9,1015.14,0.0,0.12400000000000003,21.459999999999997,186.73999999999998,0.56,7626.2,-93.6,2.44,1.0,2025-06-15T04:24:35.982479104Z
14337.6,92.0,82.1,1015.1600000000001,0.0,0.12400000000000003,22.06,196.74,0.31999999999999995,7628.0,-93.6,4.180000000000001,1.0,2025-06-15T04:34:35.998468864Z
14339.4,92.0,78.7,1015.1600000000001,0.0,0.12400000000000003,22.9,186.06,0.4,7629.8,-94.0,3.56,1.0,2025-06-15T04:44:35.973549568Z
14341.2,92.2,76.3,1015.24,0.0,0.126,23.7,227.54000000000002,0.42000000000000004,7631.6,-95.4,3.38,1.0,2025-06-15T04:54:35.973137920Z
14343.0,92.2,73.7,1015.2400000000001,0.0,0.128,24.380000000000003,244.95999999999995,0.38,7633.4,-93.4,3.44,1.0,2025-06-15T05:04:36.403695360Z
14344.8,92.2,71.5,1015.28,0.0,0.128,24.979999999999997,192.78,0.45999999999999996,7635.2,-94.2,4.58,1.0,2025-06-15T05:14:35.951493632Z
14346.6,92.2,71.9,1015.32,0.0,0.13999999999999999,24.860000000000003,58.67999999999999,0.54,7637.0,-94.0,3.88,1.0,2025-06-15T05:24:36.371886848Z
14348.4,92.2,71.7,1015.36,0.0,0.144,24.8,115.44000000000001,0.72,7638.8,-95.4,3.3,1.0,2025-06-15T05:34:35.932091904Z
14350.2,92.2,71.8,1015.4200000000001,0.0,0.144,24.48,29.4,0.76,7640.6,-92.8,4.16,1.0,2025-06-15T05:44:35.935208960Z
14352.0,93.2,72.8,1015.46,0.0,0.144,24.32,43.739999999999995,0.52,7642.4,-95.0,3.96,1.0,2025-06-15T05:54:35.953718784Z
14353.8,93.4,73.6,1015.5,0.0,0.144,24.339999999999996,89.48,0.27999999999999997,7644.2,-94.4,3.7399999999999998,1.0,2025-06-15T06:04:35.915528192Z
14355.6,93.4,70.0,1015.5599999999998,0.0,0.144,25.54,92.96000000000001,0.4,7646.0,-93.6,1.44,1.0,2025-06-15T06:14:35.900997376Z
14357.4,93.4,65.8,1015.6,0.0,0.144,26.6,81.42,0.72,7647.8,-94.2,3.46,1.0,2025-06-15T06:24:35.898842112Z
14359.2,93.4,64.1,1015.6199999999999,0.0,0.156,27.340000000000003,96.34,1.1400000000000001,7649.6,-93.4,4.26,1.0,2025-06-15T06:34:35.915498240Z
14361.0,93.4,61.5,1015.6600000000001,0.0,0.156,28.02,91.06,0.78,7651.4,-94.0,3.7399999999999998,1.0,2025-06-15T06:44:35.894478336Z
14362.8,95.2,59.7,1015.6600000000001,0.0,0.156,28.54,149.21999999999997,0.78,7653.2,-95.0,2.96,1.0,2025-06-15T06:54:36.348819200Z
12438.25,98.0,56.0,1015.575,0.0,0.17250000000000001,28.925,85.25,0.7,6773.5,-90.75,3.95,1.0,2025-06-15T07:04:10.041199104Z
14366.0,98.4,55.0,1015.7,0.0,0.156,29.68,92.28,0.76,7656.8,-94.0,4.12,1.0,2025-06-15T07:14:35.887948800Z
14367.8,98.4,53.2,1015.6599999999999,0.0,0.156,30.22,111.66000000000001,0.72,7658.6,-94.4,4.3,1.0,2025-06-15T07:24:35.892329216Z
14369.6,98.4,50.2,1015.5600000000001,0.0,0.156,30.82,144.68,0.6000000000000001,7660.4,-94.8,2.2,1.0,2025-06-15T07:34:35.876761088Z
14371.4,98.4,49.1,1015.5799999999999,0.0,0.156,31.259999999999998,214.01999999999998,0.48,7662.2,-93.0,3.8,1.0,2025-06-15T07:44:35.881945344Z
14373.2,99.2,47.2,1015.4399999999999,0.0,0.156,31.339999999999996,190.04000000000002,0.74,7664.0,-93.2,3.3600000000000003,1.0,2025-06-15T07:54:35.866260992Z
14375.0,100.0,48.6,1015.3799999999999,0.0,0.16,31.32,132.8,0.6599999999999999,7665.8,-93.6,3.1799999999999997,1.0,2025-06-15T08:04:35.853323776Z
14376.8,100.0,47.4,1015.36,0.0,0.16,31.660000000000004,132.21999999999997,0.72,7667.6,-94.4,3.4200000000000004,1.0,2025-06-15T08:14:35.854551552Z
12452.0,100.0,46.0,1015.2,0.0,0.1775,31.825000000000003,148.45,0.65,6787.5,-92.0,3.925,1.0,2025-06-15T08:24:10.011737856Z
14380.0,100.0,45.9,1015.22,0.0,0.16,32.3,127.31999999999998,0.5599999999999999,7671.2,-93.8,4.3,1.0,2025-06-15T08:34:36.297147648Z
14381.8,100.0,44.3,1015.2,0.0,0.16,32.839999999999996,73.52,0.78,7673.0,-94.0,3.44,1.0,2025-06-15T08:44:35.842944512Z
14383.6,100.0,46.5,1015.2,0.0,0.16,32.42,102.72,0.6799999999999999,7674.8,-94.6,3.5,1.0,2025-06-15T08:54:36.269078528Z
14385.4,100.0,46.6,1015.1600000000001,0.0,0.16,32.52,106.62,1.04,7676.6,-93.4,2.8200000000000003,1.0,2025-06-15T09:04:36.295497984Z
14387.2,100.0,45.7,1015.0400000000002,0.0,0.16,32.660000000000004,89.03999999999999,0.86,7678.4,-93.6,4.42,1.0,2025-06-15T09:14:35.852527104Z
14389.0,100.0,46.2,1014.9799999999999,0.0,0.16,32.71999999999999,87.62,1.2200000000000002,7680.2,-94.0,3.62,1.0,2025-06-15T09:24:35.833458688Z
14390.8,100.0,44.7,1015.0,0.0,0.16,32.720000000000006,58.08,1.4000000000000001,7682.0,-94.8,3.1599999999999997,1.0,2025-06-15T09:34:35.844311040Z
14392.6,100.0,43.7,1014.9799999999999,0.0,0.16,32.96,134.48000000000002,1.2,7683.8,-93.6,3.3600000000000003,1.0,2025-06-15T09:44:35.850324992Z
14394.4,100.0,43.6,1014.8799999999999,0.0,0.16,33.160000000000004,134.8,0.68,7685.6,-93.0,3.3,1.0,2025-06-15T09:54:35.830270464Z
14396.2,100.0,45.1,1014.86,0.0,0.16,33.279999999999994,126.08,1.3199999999999998,7687.4,-93.6,4.2,1.0,2025-06-15T10:04:35.848079872Z
14398.0,100.0,45.5,1014.78,0.0,0.16,33.66,73.35999999999999,0.86,7689.2,-94.2,3.9,1.0,2025-06-15T10:14:35.822700544Z
14399.8,100.0,43.1,1014.72,0.0,0.16,33.839999999999996,146.35999999999999,0.8400000000000001,7691.0,-94.6,3.54,1.0,2025-06-15T10:24:35.829860864Z
14401.6,100.0,43.9,1014.6600000000001,0.0,0.06599999999999999,33.94,192.86,0.9600000000000002,7692.8,-94.2,3.8,1.0,2025-06-15T10:34:35.840124928Z
14403.4,100.0,41.7,1014.5200000000001,0.0,0.008,34.14,181.18,0.8,7694.6,-93.8,4.119999999999999,1.0,2025-06-15T10:44:36.259908096Z
14405.2,100.0,42.0,1014.3399999999999,0.0,0.008,34.18,152.2,0.76,7696.4,-93.8,1.9600000000000002,1.0,2025-06-15T10:54:35.833478400Z
14407.0,100.0,42.6,1014.32,0.0,0.008,34.279999999999994,152.85999999999999,1.1199999999999999,7698.2,-92.6,2.9,1.0,2025-06-15T11:04:35.846888960Z
14408.8,100.0,43.1,1014.24,0.0,0.008,34.44,182.08,1.4200000000000002,7700.0,-93.8,4.640000000000001,1.0,2025-06-15T11:14:35.829040640Z
14410.6,100.0,43.7,1014.26,0.0,0.008,34.5,138.85999999999999,1.1400000000000001,7701.8,-94.6,3.84,1.0,2025-06-15T11:24:35.819267584Z
14412.4,100.0,40.8,1014.24,0.0,0.008,34.96,215.38000000000002,1.08,7703.6,-93.8,3.2399999999999998,1.0,2025-06-15T11:34:35.825711616Z
14414.2,100.0,41.0,1014.0600000000001,0.0,0.008,34.96,132.06,1.54,7705.4,-93.4,3.1,1.0,2025-06-15T11:44:35.823617792Z
14416.0,100.0,41.1,1014.0600000000001,0.0,0.008,35.040000000000006,145.24,1.7,7707.2,-93.6,4.34,1.0,2025-06-15T11:54:35.826525952Z
14417.8,100.0,40.9,1013.9200000000001,0.0,0.008,34.92,99.34000000000002,1.42,7709.0,-93.6,3.84,1.0,2025-06-15T12:04:35.844367360Z
12492.0,100.0,41.5,1013.65,0.0,0.01,35.075,159.925,0.95,6827.75,-93.25,2.75,1.0,2025-06-15T12:14:09.976494080Z
14421.0,100.0,39.3,1013.6200000000001,0.0,0.008,35.5,115.61999999999998,1.16,7712.6,-94.0,2.1399999999999997,1.0,2025-06-15T12:24:35.823042048Z
14422.8,100.0,39.5,1013.5400000000002,0.0,0.008,35.64,161.84,0.8600000000000001,7714.4,-93.6,4.7,1.0,2025-06-15T12:34:35.858340352Z
14424.6,100.0,39.2,1013.5200000000001,0.0,0.008,35.720000000000006,61.519999999999996,1.8,7716.2,-94.4,4.14,1.0,2025-06-15T12:44:35.833141760Z
14426.4,100.0,37.8,1013.46,0.0,0.008,35.72,148.48,0.96,7718.0,-94.8,3.78,1.0,2025-06-15T12:54:35.841031168Z
14428.2,100.0,39.0,1013.28,0.0,0.008,36.14,96.5,1.42,7719.8,-95.0,2.3600000000000003,1.0,2025-06-15T13:04:35.829972480Z
14430.0,100.0,38.0,1013.0600000000001,0.0,0.008,35.94,62.46,0.78,7721.6,-93.2,3.8,1.0,2025-06-15T13:14:35.846279936Z
14431.8,100.0,37.8,1012.8399999999999,0.0,0.008,36.059999999999995,120.91999999999999,2.62,7723.4,-94.2,3.8,1.0,2025-06-15T13:24:35.828239104Z
14433.6,100.0,39.0,1012.74,0.0,0.008,35.839999999999996,108.28,1.7,7725.2,-94.6,3.1,1.0,2025-06-15T13:34:35.844221952Z
14435.4,100.0,37.6,1012.68,0.0,0.008,35.9,141.61999999999998,1.86,7727.0,-93.6,4.4,1.0,2025-06-15T13:44:35.832979456Z
14437.2,100.0,36.6,1012.64,0.0,0.008,36.239999999999995,171.34,2.0200000000000005,7728.8,-93.8,4.720000000000001,1.0,2025-06-15T13:54:35.831936512Z
14439.0,100.0,35.0,1012.5200000000001,0.0,0.008,36.459999999999994,172.98,1.1199999999999999,7730.6,-94.0,3.0599999999999996,1.0,2025-06-15T14:04:35.835854848Z
14440.8,100.0,34.8,1012.36,0.0,0.008,36.739999999999995,139.57999999999998,1.5,7732.4,-94.6,3.0200000000000005,1.0,2025-06-15T14:14:35.841795584Z
14442.6,100.0,37.8,1012.14,0.0,0.008,36.42,97.3,1.5,7734.2,-93.8,2.96,1.0,2025-06-15T14:24:35.831979520Z
14444.4,100.0,36.3,1011.9800000000001,0.0,0.008,36.36,132.8,1.94,7736.0,-93.6,3.4,1.0,2025-06-15T14:34:35.834238976Z
14446.2,100.0,38.1,1011.8399999999999,0.0,0.008,36.46,100.02000000000001,1.58,7737.8,-93.2,1.9999999999999993,1.0,2025-06-15T14:44:35.857608192Z
14448.0,100.0,38.2,1011.8,0.0,0.008,35.980000000000004,105.66,1.98,7739.6,-94.8,4.24,1.0,2025-06-15T14:54:35.830689536Z
14449.8,100.0,39.3,1011.6199999999999,0.0,0.008,35.800000000000004,109.34,2.32,7741.4,-94.0,2.9,1.0,2025-06-15T15:04:35.839538432Z
14451.6,100.0,40.4,1011.5600000000001,0.0,0.008,35.660000000000004,87.3,3.0199999999999996,7743.2,-94.2,2.4,1.0,2025-06-15T15:14:35.846287872Z
14453.4,100.0,44.1,1011.6199999999999,0.0,0.008,35.04,63.74000000000001,2.4400000000000004,7745.0,-94.0,4.42,1.0,2025-06-15T15:24:35.839186688Z
14455.2,100.0,46.2,1011.5600000000001,0.0,0.008,34.58,94.27999999999999,2.54,7746.8,-94.6,3.06,1.0,2025-06-15T15:34:35.839223808Z
14457.0,100.0,47.4,1011.4799999999999,0.0,0.008,33.879999999999995,99.72,2.38,7748.6,-92.8,1.9599999999999995,1.0,2025-06-15T15:44:35.839756544Z
14458.8,100.0,47.9,1011.3799999999999,0.0,0.008,33.279999999999994,103.28,2.64,7750.4,-94.4,4.32,1.0,2025-06-15T15:54:35.849689600Z
14460.6,100.0,49.3,1011.26,0.0,0.008,32.5,110.58000000000001,2.76,7752.2,-94.4,3.7399999999999998,1.0,2025-06-15T16:04:35.844024832Z
14462.4,100.0,50.4,1011.2199999999999,0.0,0.008,32.0,99.99999999999999,2.12,7754.0,-94.0,3.2,1.0,2025-06-15T16:14:35.827102976Z
14464.2,100.0,51.5,1011.1600000000001,0.0,0.008,31.68,109.74000000000001,1.98,7755.8,-94.0,3.3200000000000003,1.0,2025-06-15T16:24:35.832739072Z
14466.0,100.0,52.5,1011.26,0.0,0.008,31.4,114.68000000000002,1.72,7757.6,-93.8,3.62,1.0,2025-06-15T16:34:35.826197248Z
14467.8,100.0,52.5,1011.4399999999999,0.0,0.008,31.22,101.2,1.8199999999999998,7759.4,-94.8,3.6399999999999997,1.0,2025-06-15T16:44:35.826619648Z
14469.6,100.0,54.0,1011.36,0.0,0.008,30.96,112.46000000000001,2.2600000000000002,7761.2,-94.0,4.08,1.0,2025-06-15T16:54:35.830714112Z
14471.4,100.0,54.5,1011.3799999999999,0.0,0.008,30.68,118.28,2.2600000000000002,7763.0,-92.8,3.38,1.0,2025-06-15T17:04:35.816801792Z
14473.2,100.0,55.1,1011.32,0.0,0.008,30.379999999999995,107.17999999999999,1.7400000000000002,7764.8,-93.8,4.779999999999999,1.0,2025-06-15T17:14:35.811278080Z
14475.0,100.0,56.0,1011.1800000000001,0.0,0.008,30.1,108.94000000000001,1.8400000000000003,7766.6,-94.0,2.72,1.0,2025-06-15T17:24:35.806827264Z
14476.8,100.0,56.7,1011.0600000000001,0.0,0.01,29.759999999999998,122.02000000000001,2.06,7768.4,-94.4,3.4799999999999995,1.0,2025-06-15T17:34:35.797286912Z
14478.6,100.0,57.1,1011.0599999999998,0.0,0.012,29.54,104.44000000000001,1.7799999999999998,7770.2,-96.4,-2.2,1.0,2025-06-15T17:44:35.803709952Z
14480.4,100.0,57.4,1010.86,0.0,0.012,29.3,104.05999999999999,2.3,7772.0,-93.8,4.4399999999999995,1.0,2025-06-15T17:54:36.214519808Z
14482.2,100.0,57.0,1010.8399999999999,0.0,0.022000000000000002,29.119999999999997,105.66,2.18,7773.8,-94.8,3.5200000000000005,1.0,2025-06-15T18:04:35.815124992Z
14484.0,100.0,56.7,1011.0799999999999,0.0,0.024,28.859999999999996,106.58,2.48,7775.6,-94.6,3.3200000000000003,1.0,2025-06-15T18:14:35.771249920Z
14485.8,100.0,57.0,1011.18,0.0,0.024,28.6,110.85999999999999,1.8800000000000001,7777.4,-93.0,2.8,1.0,2025-06-15T18:24:35.766980096Z
14487.6,100.0,57.8,1011.2,0.0,0.024,28.26,96.6,2.12,7779.2,-94.2,4.180000000000001,1.0,2025-06-15T18:34:35.777701888Z
14489.4,100.0,58.5,1011.2,0.0,0.024,28.04,107.01999999999998,1.8399999999999999,7781.0,-94.6,3.88,1.0,2025-06-15T18:44:35.751781120Z
14491.2,100.0,59.5,1011.22,0.0,0.024,27.78,102.52000000000001,1.8199999999999998,7782.8,-94.4,3.4199999999999995,1.0,2025-06-15T18:54:35.767241472Z
14493.0,100.0,60.5,1011.36,0.0,0.026000000000000002,27.619999999999997,107.18000000000002,1.38,7784.6,-93.8,3.66,1.0,2025-06-15T19:04:35.746800128Z
14494.8,100.0,62.1,1011.5,0.0,0.042,27.340000000000003,96.6,1.1800000000000002,7786.4,-93.8,4.3,1.0,2025-06-15T19:14:35.734492928Z
14496.6,100.0,63.4,1011.64,0.0,0.048,27.060000000000002,91.97999999999999,1.02,7788.2,-94.4,2.2800000000000002,1.0,2025-06-15T19:24:35.783148800Z
14498.4,100.0,64.5,1011.5,0.0,0.048,26.82,103.96,1.14,7790.0,-94.4,2.8199999999999994,1.0,2025-06-15T19:34:36.167473664Z
14500.2,100.0,65.0,1011.5600000000001,0.0,0.048,26.72,99.9,1.1999999999999997,7791.8,-92.8,3.6,1.0,2025-06-15T19:44:35.720772352Z
14502.0,100.0,66.0,1011.5,0.0,0.038,26.52,97.24,0.9200000000000002,7793.6,-94.4,4.1,1.0,2025-06-15T19:54:35.710087424Z
14503.8,100.0,66.9,1011.5,0.0,0.04,26.3,98.92,1.1,7795.4,-93.6,3.08,1.0,2025-06-15T20:04:35.705105920Z
14505.6,100.0,66.9,1011.8199999999999,0.0,0.04,26.22,103.75999999999999,0.96,7797.2,-94.6,3.1399999999999997,1.0,2025-06-15T20:14:35.706262016Z
14507.4,100.0,67.7,1011.9399999999999,0.0,0.04,26.04,140.22,1.04,7799.0,-95.2,-1.4200000000000004,1.0,2025-06-15T20:24:35.697997312Z
14509.2,100.0,68.2,1011.82,0.0,0.04,25.939999999999998,120.43999999999998,0.86,7800.8,-94.2,3.54,1.0,2025-06-15T20:34:35.701409280Z
14511.0,100.0,69.0,1011.7,0.0,0.04,25.860000000000003,106.88,1.24,7802.6,-94.4,4.34,1.0,2025-06-15T20:44:35.680767488Z
14512.8,100.0,70.2,1011.5800000000002,0.0,0.04,25.72,123.08,1.2,7804.4,-94.4,4.18,1.0,2025-06-15T20:54:35.666262784Z
14514.6,100.0,71.1,1011.5799999999999,0.0,0.04,25.46,139.38,1.2200000000000002,7806.2,-93.2,4.02,1.0,2025-06-15T21:04:35.668094720Z
14516.4,100.0,72.3,1011.6200000000001,0.0,0.04,25.240000000000002,165.24,1.1600000000000001,7808.0,-94.2,4.62,1.0,2025-06-15T21:14:35.663440640Z
14518.2,100.0,73.2,1011.6,0.0,0.04,25.02,187.74,0.8400000000000001,7809.8,-93.6,3.7399999999999998,1.0,2025-06-15T21:24:35.648465152Z
14520.0,100.0,74.5,1011.6,0.0,0.04,24.82,194.11999999999998,0.62,7811.6,-94.8,4.2,1.0,2025-06-15T21:34:35.703298048Z
14521.8,100.0,76.5,1011.5799999999999,0.0,0.04,24.419999999999998,119.62,0.47999999999999987,7813.4,-93.2,4.42,1.0,2025-06-15T21:44:35.635166720Z
14523.6,100.0,77.2,1011.54,0.0,0.04,24.220000000000002,184.28000000000003,0.54,7815.2,-94.0,4.14,1.0,2025-06-15T21:54:35.622387456Z
14525.4,100.0,77.6,1011.64,0.0,0.04,24.08,196.06,0.4,7817.0,-93.8,4.16,1.0,2025-06-15T22:04:35.618041856Z
14527.2,100.0,79.4,1011.6600000000001,0.0,0.04,23.720000000000002,182.54000000000002,0.24,7818.8,-94.0,3.7600000000000002,1.0,2025-06-15T22:14:35.613559296Z
14529.0,99.8,80.1,1011.6800000000001,0.0,0.04,23.580000000000002,206.64000000000001,0.5399999999999999,7820.6,-94.2,4.46,1.0,2025-06-15T22:24:35.609243648Z
14530.8,99.6,80.1,1011.78,0.0,0.04,23.5,185.36000000000004,0.7,7822.4,-93.6,3.84,1.0,2025-06-15T22:34:35.609508352Z
12602.0,98.5,80.375,1011.5,0.0,0.037500000000000006,23.45,250.525,0.45,6938.0,-92.25,3.925,1.0,2025-06-15T22:44:09.695229952Z
14534.0,98.6,80.9,1011.64,0.0,0.04,23.380000000000003,205.0,0.4,7826.0,-94.2,3.3200000000000003,1.0,2025-06-15T22:54:35.574778624Z
14535.8,98.6,82.3,1011.6,0.0,0.04,23.240000000000002,232.26,0.7799999999999999,7827.8,-93.0,2.84,1.0,2025-06-15T23:04:35.578889472Z
14537.6,98.6,82.7,1011.46,0.0,0.04,23.0,191.32,0.86,7829.6,-93.4,4.220000000000001,1.0,2025-06-15T23:14:35.572848128Z
14539.4,98.6,82.3,1011.36,0.0,0.04,22.919999999999998,195.51999999999998,0.82,7831.4,-96.0,-0.5799999999999997,1.0,2025-06-15T23:24:35.565710080Z
14541.2,98.2,81.6,1011.32,0.0,0.04,23.04,222.78000000000003,0.9400000000000001,7833.2,-95.4,2.8600000000000003,1.0,2025-06-15T23:34:35.557196288Z
14543.0,97.2,80.6,1011.28,0.0,0.04,23.18,223.23999999999995,0.68,7835.0,-93.4,3.72,1.0,2025-06-15T23:44:35.987873280Z
14544.8,97.0,80.9,1011.28,0.0,0.04,23.18,179.57999999999998,0.82,7836.8,-93.6,5.0200000000000005,1.0,2025-06-15T23:54:35.531658240Z
14546.6,97.0,80.6,1011.28,0.0,0.04,23.06,208.64000000000001,0.8,7838.6,-95.2,3.22,1.0,2025-06-16T00:04:35.528043776Z
14548.4,97.0,79.5,1011.3399999999999,0.0,0.04,23.12,233.42000000000002,0.8399999999999999,7840.4,-93.0,3.54,1.0,2025-06-16T00:14:35.522988800Z
14550.2,97.0,79.3,1011.4,0.0,0.04,23.1,262.94,0.6199999999999999,7842.2,-94.4,4.5,1.0,2025-06-16T00:24:35.515876608Z
14552.0,96.8,78.9,1011.36,0.0,0.04,23.080000000000002,232.26,0.74,7844.0,-94.2,4.8,1.0,2025-06-16T00:34:35.512722688Z
14553.8,96.6,80.1,1011.2800000000001,0.0,0.04,22.8,217.45999999999998,0.54,7845.8,-94.2,3.22,1.0,2025-06-16T00:44:35.501546752Z
14943.75,95.75,79.875,1011.275,0.0,0.037500000000000006,22.700000000000003,138.325,0.7250000000000001,7966.5,-97.5,1.4500000000000002,1.0,2025-06-16T00:55:24.556163840Z
14557.0,95.6,79.6,1011.14,0.0,0.04,22.66,294.14,0.66,7849.4,-93.8,4.2,1.0,2025-06-16T01:04:35.492334080Z
14558.8,95.6,79.9,1011.14,0.0,0.04,22.380000000000003,272.48,0.76,7851.2,-93.6,4.6,1.0,2025-06-16T01:14:35.479462400Z
14560.6,95.6,79.4,1011.1,0.0,0.04,22.22,268.82,0.7200000000000001,7853.0,-93.8,3.9799999999999995,1.0,2025-06-16T01:24:35.466635776Z
14562.4,95.2,81.3,1011.1,0.0,0.04,22.04,209.18,0.9800000000000001,7854.8,-92.6,1.0,1.0,2025-06-16T01:34:35.468489472Z
14564.2,94.8,82.2,1011.26,0.0,0.04,22.08,154.9,0.9200000000000002,7856.6,-92.8,3.6399999999999997,1.0,2025-06-16T01:44:35.460593152Z
14566.0,94.2,83.7,1011.4799999999999,0.0,0.04,21.860000000000003,228.12000000000003,0.76,7858.4,-94.2,4.4,1.0,2025-06-16T01:54:35.494718976Z
14567.8,94.0,85.0,1011.74,0.0,0.04,21.799999999999997,80.44,1.22,7860.2,-94.8,3.96,1.0,2025-06-16T02:04:35.467576320Z
14569.6,94.0,86.4,1011.9,0.0,0.04,22.259999999999998,71.74000000000001,1.5,7862.0,-95.8,3.16,1.0,2025-06-16T02:14:35.431021056Z
14571.4,94.0,86.9,1012.1,0.0,0.042,22.6,149.18,1.3800000000000001,7863.8,-94.6,2.8600000000000003,1.0,2025-06-16T02:24:35.856456192Z
14961.0,94.0,87.25,1012.2,0.0,0.0425,22.75,86.07499999999999,1.45,7983.75,-102.0,-2.95,1.0,2025-06-16T02:34:09.499682304Z
14574.6,93.6,87.7,1012.28,0.0,0.046,22.740000000000002,207.99999999999994,0.86,7867.4,-97.2,-2.5799999999999996,1.0,2025-06-16T02:44:35.467260160Z
14576.4,93.4,88.2,1012.4799999999999,0.0,0.048,22.56,255.4,0.86,7869.2,-95.4,3.84,1.0,2025-06-16T02:54:35.397539840Z
14578.2,93.0,89.2,1012.72,0.0,0.052000000000000005,22.279999999999998,288.86,0.8,7871.0,-95.8,2.5,1.0,2025-06-16T03:04:35.844746240Z
14580.0,93.0,89.9,1012.78,0.0,0.06000000000000001,21.98,283.28000000000003,0.6199999999999999,7872.8,-94.4,4.6,1.0,2025-06-16T03:14:35.382703616Z
14581.8,93.0,90.6,1012.86,0.0,0.064,21.76,248.56,0.54,7874.6,-95.0,3.6800000000000006,1.0,2025-06-16T03:24:35.374279936Z
14583.6,93.0,91.1,1012.9,0.0,0.06599999999999999,21.82,215.54000000000002,0.8,7876.4,-94.4,2.2,1.0,2025-06-16T03:34:35.382360576Z
14585.4,93.0,91.3,1013.0199999999999,0.0,0.06799999999999999,21.699999999999996,182.48,0.48,7878.2,-93.4,2.94,1.0,2025-06-16T03:44:35.367106560Z
14587.2,92.4,91.3,1012.9800000000001,0.0,0.072,21.540000000000003,186.57999999999998,0.6,7880.0,-94.6,3.94,1.0,2025-06-16T03:54:35.362553344Z
14589.0,92.0,91.7,1013.0,0.0,0.078,21.459999999999997,178.76,0.58,7881.8,-94.8,3.3199999999999994,1.0,2025-06-16T04:04:35.427426304Z
14590.8,91.6,91.6,1013.0600000000001,0.0,0.084,21.64,198.21999999999997,0.66,7883.6,-94.0,2.9,1.0,2025-06-16T04:14:35.340847104Z
14592.6,91.6,91.1,1013.0600000000001,0.0,0.084,22.119999999999997,214.92,0.54,7885.4,-94.4,3.54,1.0,2025-06-16T04:24:35.341609216Z
14594.4,91.6,89.0,1013.1200000000001,0.0,0.084,22.740000000000002,203.99999999999997,0.8800000000000001,7887.2,-94.0,4.08,1.0,2025-06-16T04:34:35.358414080Z
14596.2,91.6,87.3,1012.9799999999999,0.0,0.084,23.32,184.64,0.76,7889.0,-95.0,1.6,1.0,2025-06-16T04:44:35.317315072Z
14598.0,91.6,85.4,1013.0199999999999,0.0,0.084,23.9,204.6,0.86,7890.8,-94.8,3.3,1.0,2025-06-16T04:54:35.336077824Z
14599.8,91.6,83.6,1013.0200000000001,0.0,0.084,24.52,198.49999999999997,0.96,7892.6,-94.2,3.0,1.0,2025-06-16T05:04:35.303431680Z
14988.75,92.0,82.75,1013.0500000000001,0.0,0.07250000000000001,25.049999999999997,216.375,0.925,8011.75,-97.25,2.725,1.0,2025-06-16T05:14:09.942704896Z
14603.0,92.0,80.0,1013.1199999999999,0.0,0.084,25.720000000000006,192.96,1.1600000000000001,7896.2,-94.2,3.7600000000000002,1.0,2025-06-16T05:24:35.288159232Z
14604.8,92.0,78.4,1013.2,0.0,0.084,26.1,177.96,1.4599999999999997,7898.0,-93.4,3.8200000000000003,1.0,2025-06-16T05:34:35.289197056Z
14606.6,92.0,77.6,1013.1199999999999,0.0,0.09200000000000001,26.48,179.85999999999999,1.24,7899.8,-95.0,3.78,1.0,2025-06-16T05:44:35.285218816Z
14608.4,92.4,76.6,1013.14,0.0,0.096,26.879999999999995,174.26,1.04,7901.6,-94.2,3.6,1.0,2025-06-16T05:54:35.269210112Z
14610.2,93.6,74.0,1013.1199999999999,0.0,0.096,27.22,154.2,1.6199999999999999,7903.4,-94.6,3.4799999999999995,1.0,2025-06-16T06:04:35.263040768Z
14612.0,94.2,72.4,1013.0599999999998,0.0,0.096,27.459999999999997,119.17999999999999,1.6600000000000001,7905.2,-94.6,3.1399999999999997,1.0,2025-06-16T06:14:35.310499328Z
14613.8,94.8,72.1,1013.0600000000001,0.0,0.096,27.68,120.05999999999999,1.44,7907.0,-94.2,3.5799999999999996,1.0,2025-06-16T06:24:35.250452992Z
14615.6,94.8,71.6,1013.0599999999998,0.0,0.096,27.98,116.64000000000001,1.6800000000000002,7908.8,-93.2,3.8,1.0,2025-06-16T06:34:35.693919744Z
14617.4,94.8,71.6,1013.04,0.0,0.096,28.160000000000004,93.88,1.44,7910.6,-94.6,3.56,1.0,2025-06-16T06:44:35.263210240Z
14619.2,96.0,70.9,1013.0,0.0,0.096,28.48,129.48,1.78,7912.4,-94.0,2.5,1.0,2025-06-16T06:54:35.683549696Z
14621.0,97.2,70.4,1013.0200000000001,0.0,0.098,28.5,115.21999999999998,1.56,7914.2,-94.2,3.9799999999999995,1.0,2025-06-16T07:04:35.242430976Z
14622.8,98.0,70.0,1013.1199999999999,0.0,0.11199999999999999,28.8,104.28,1.5799999999999998,7916.0,-94.2,4.5,1.0,2025-06-16T07:14:35.229400832Z
14624.6,100.0,68.5,1013.1600000000001,0.0,0.11599999999999999,29.160000000000004,86.82000000000001,2.08,7917.8,-94.4,2.96,1.0,2025-06-16T07:24:35.220009728Z
14626.4,100.0,67.2,1013.1200000000001,0.0,0.11599999999999999,29.28,53.6,1.1600000000000001,7919.6,-94.6,2.16,1.0,2025-06-16T07:34:35.214906880Z
14628.2,100.0,65.7,1013.0600000000001,0.0,0.11599999999999999,29.840000000000003,158.2,1.1,7921.4,-93.4,2.1399999999999997,1.0,2025-06-16T07:44:35.210551808Z
14630.0,100.0,65.6,1013.0200000000001,0.0,0.11599999999999999,29.919999999999998,77.98,2.2,7923.2,-94.2,4.46,1.0,2025-06-16T07:54:35.208967168Z
14631.8,100.0,65.8,1012.96,0.0,0.11599999999999999,29.919999999999998,85.5,2.56,7925.0,-95.2,2.9,1.0,2025-06-16T08:04:35.204900608Z
14633.6,100.0,65.5,1012.9399999999999,0.0,0.11599999999999999,29.98,51.7,1.6600000000000001,7926.8,-94.8,2.4799999999999995,1.0,2025-06-16T08:14:35.203922432Z
14635.4,100.0,64.4,1012.96,0.0,0.11599999999999999,29.880000000000003,77.26,1.7600000000000002,7928.6,-93.2,4.5,1.0,2025-06-16T08:24:35.203234304Z
14637.2,100.0,64.2,1012.96,0.0,0.11599999999999999,29.98,73.92,2.3199999999999994,7930.4,-93.8,4.62,1.0,2025-06-16T08:34:35.188697856Z
14639.0,100.0,63.3,1012.96,0.0,0.11599999999999999,30.28,72.10000000000001,1.7,7932.2,-94.4,3.7399999999999998,1.0,2025-06-16T08:44:35.188617728Z
14640.8,100.0,62.5,1012.9200000000001,0.0,0.11599999999999999,30.380000000000003,75.04,2.4400000000000004,7934.0,-94.2,3.3600000000000003,1.0,2025-06-16T08:54:35.186902272Z
14642.6,100.0,62.6,1012.8799999999999,0.0,0.11599999999999999,30.76,75.28,1.5599999999999998,7935.8,-93.2,4.1,1.0,2025-06-16T09:04:35.207205120Z
14644.4,100.0,60.6,1012.82,0.0,0.11599999999999999,30.839999999999996,70.85999999999999,2.16,7937.6,-94.4,4.52,1.0,2025-06-16T09:14:35.176748288Z
12712.25,100.0,60.375,1012.7,0.0,0.13,30.924999999999997,66.75,2.2,7050.25,-91.5,0.4750000000000001,1.0,2025-06-16T09:25:24.242764032Z
14647.6,100.0,58.6,1012.74,0.0,0.11599999999999999,30.98,54.14,2.44,7941.2,-94.0,3.8400000000000007,1.0,2025-06-16T09:34:35.173599232Z
12585.833333333334,100.0,59.0,1012.4499999999999,0.0,0.10333333333333333,30.933333333333334,74.48333333333333,2.783333333333333,6912.0,-96.5,1.8999999999999997,1.0,2025-06-16T09:45:06.113845248Z
14651.4,100.0,58.2,1012.5800000000002,0.0,0.11599999999999999,31.139999999999997,48.239999999999995,2.5,7944.8,-94.4,3.2,1.0,2025-06-16T09:54:35.165868544Z
14653.2,100.0,57.9,1012.5200000000001,0.0,0.124,31.22,52.36,2.7199999999999998,7946.6,-94.6,3.3600000000000003,1.0,2025-06-16T10:04:35.157782016Z
14655.0,100.0,58.1,1012.5,0.0,0.124,31.0,55.220000000000006,3.46,7948.4,-94.0,1.2799999999999998,1.0,2025-06-16T10:14:35.157364224Z
14656.8,100.0,58.6,1012.5200000000001,0.0,0.124,31.1,52.3,2.4,7950.2,-93.6,2.7600000000000002,1.0,2025-06-16T10:24:35.174066176Z
14658.6,100.0,72.2,2120.9800000000005,51.0,131.116,24.759999999999998,45.620000000000005,1312.66,7952.0,-93.2,4.4399999999999995,1.0,2025-06-16T10:34:35.573059584Z
14660.4,100.0,58.2,1012.5200000000001,0.0,0.008,31.160000000000004,48.339999999999996,2.9000000000000004,7953.8,-94.4,4.340000000000001,1.0,2025-06-16T10:44:35.154021632Z
14662.2,100.0,59.5,1012.3799999999999,0.0,0.008,31.119999999999997,70.56,3.5799999999999996,7955.6,-94.4,1.6800000000000002,1.0,2025-06-16T10:54:35.132527360Z
14664.0,100.0,60.1,1012.3,0.0,0.008,31.139999999999997,70.9,3.2399999999999998,7957.4,-93.4,2.5200000000000005,1.0,2025-06-16T11:04:35.168534272Z
14665.8,100.0,59.5,1012.18,0.0,0.008,31.0,70.3,3.3600000000000003,7959.2,-94.4,3.7399999999999998,1.0,2025-06-16T11:14:35.159346688Z
14667.6,100.0,59.4,1012.0600000000001,0.0,0.008,31.080000000000002,76.02000000000001,4.08,7961.0,-93.8,4.319999999999999,1.0,2025-06-16T11:24:35.115170304Z
14669.4,100.0,58.2,1012.0600000000001,0.0,0.008,31.160000000000004,66.2,3.88,7962.8,-94.6,2.66,1.0,2025-06-16T11:34:35.126970112Z
14671.2,100.0,57.2,1011.9,0.0,0.008,31.160000000000004,56.44000000000001,3.56,7964.6,-92.2,3.0400000000000005,1.0,2025-06-16T11:44:35.142621696Z
14673.0,100.0,56.0,1011.72,0.0,0.008,31.259999999999998,77.66,3.9400000000000004,7966.4,-93.8,3.5200000000000005,1.0,2025-06-16T11:54:35.108425472Z
14674.8,100.0,55.7,1011.6599999999999,0.0,0.008,30.68,79.84,3.72,7968.2,-94.0,3.72,1.0,2025-06-16T12:04:35.129115392Z
14676.6,100.0,56.0,1011.18,0.0,0.008,29.699999999999996,56.32000000000001,3.08,7970.0,-93.8,2.9799999999999995,1.0,2025-06-16T12:14:35.103090176Z
14678.4,100.0,55.0,1010.5799999999999,0.0,0.008,29.28,55.96,4.1,7971.8,-94.2,4.62,1.0,2025-06-16T12:24:35.112190208Z
14680.2,100.0,54.5,1010.9399999999999,0.0,0.018,28.920000000000005,64.6,2.56,7973.6,-94.6,3.96,1.0,2025-06-16T12:34:35.106147072Z
14682.0,100.0,54.2,1011.18,0.0,0.02,28.580000000000002,74.03999999999999,3.08,7975.4,-94.2,3.5799999999999996,1.0,2025-06-16T12:44:35.137673216Z
14683.8,100.0,55.8,1011.0600000000001,0.0,0.05,28.1,83.24,2.0,7977.2,-93.4,1.3800000000000001,1.0,2025-06-16T12:54:35.094749184Z
14685.6,100.0,57.1,1011.4799999999999,0.0,0.124,27.619999999999997,108.21999999999998,1.2999999999999998,7979.0,-94.0,4.54,1.0,2025-06-16T13:04:35.522510336Z
14687.4,100.0,58.5,1012.26,0.0,0.21600000000000003,27.22,131.92,1.48,7980.8,-94.4,4.56,1.0,2025-06-16T13:14:35.081877504Z
14689.2,100.0,60.4,1012.24,0.0,0.27,26.779999999999994,98.44000000000001,1.4599999999999997,7982.6,-95.0,3.7600000000000002,1.0,2025-06-16T13:24:35.078604288Z
14691.0,100.0,59.2,1012.6600000000001,0.0,0.272,26.72,111.66000000000001,1.56,7984.4,-94.0,3.9799999999999995,1.0,2025-06-16T13:34:35.068356608Z
14692.8,100.0,63.1,1012.54,0.0,0.29,26.160000000000004,132.95999999999998,3.12,7986.2,-93.2,4.1,1.0,2025-06-16T13:44:35.071510528Z
14694.6,100.0,65.9,1013.1800000000001,0.0,0.354,25.6,261.34000000000003,3.3599999999999994,7988.0,-93.4,5.2,1.0,2025-06-16T13:54:35.064891648Z
14696.4,100.0,71.8,1014.9200000000001,0.0,0.44800000000000006,24.52,276.4,5.720000000000001,7989.8,-94.0,4.720000000000001,1.0,2025-06-16T14:04:35.047372032Z
14698.2,100.0,85.9,1015.8199999999999,0.0,0.876,20.36,283.76,9.06,7991.6,-95.2,4.3,1.0,2025-06-16T14:14:35.052036608Z
14700.0,100.0,91.7,1016.3,0.0,2.7039999999999997,19.18,298.52,9.319999999999999,7993.4,-92.2,2.54,1.0,2025-06-16T14:24:35.020700928Z
14701.8,100.0,91.1,1016.7800000000001,0.0,3.9379999999999997,18.360000000000003,291.94,7.3,7995.2,-93.6,4.82,1.0,2025-06-16T14:34:35.067123712Z
14703.6,100.0,89.9,1016.5799999999999,0.0,4.622,18.139999999999997,301.15999999999997,6.4799999999999995,7997.0,-95.0,4.38,1.0,2025-06-16T14:44:35.026072064Z
14705.4,100.0,89.6,1016.5200000000001,0.0,5.159999999999999,18.24,308.71999999999997,5.159999999999999,7998.8,-91.8,2.5,1.0,2025-06-16T14:54:35.045644288Z
14707.2,100.0,91.0,1016.5599999999998,0.0,5.742,18.32,322.67999999999995,4.5200000000000005,8000.6,-91.6,-1.7600000000000002,1.0,2025-06-16T15:04:34.991728128Z
14709.0,100.0,91.8,1016.5600000000001,0.0,6.481999999999999,18.439999999999998,319.64,3.46,8002.4,-95.0,4.54,1.0,2025-06-16T15:14:34.997573376Z
14710.8,100.0,92.3,1016.3199999999999,0.0,8.016,18.419999999999998,307.93999999999994,4.08,8004.2,-95.8,3.7600000000000002,1.0,2025-06-16T15:24:34.973808384Z
14712.6,100.0,92.4,1015.9199999999998,0.0,9.354,18.4,333.7,2.94,8006.0,-95.2,2.54,1.0,2025-06-16T15:34:34.999999744Z
14714.4,100.0,92.5,1015.72,0.0,10.408,18.360000000000003,275.06000000000006,2.62,8007.8,-92.8,-0.4799999999999997,1.0,2025-06-16T15:44:34.982353408Z
14716.2,100.0,93.1,1015.3199999999999,0.0,11.315999999999999,18.3,105.53999999999999,1.8800000000000001,8009.6,-94.4,4.24,1.0,2025-06-16T15:54:34.963295744Z
14718.0,100.0,93.2,1014.4200000000001,0.0,12.218,18.26,120.8,1.64,8011.4,-93.6,4.06,1.0,2025-06-16T16:04:34.947306496Z
14719.8,100.0,91.9,1014.28,0.0,12.654,18.3,185.26,2.0,8013.2,-96.0,0.78,1.0,2025-06-16T16:14:34.952089344Z
14721.6,100.0,92.4,1014.5800000000002,0.0,12.956,18.4,205.3,2.94,8015.0,-91.6,0.2600000000000001,1.0,2025-06-16T16:24:34.967665152Z
14723.4,100.0,93.3,1013.9799999999999,0.0,13.09,18.240000000000002,156.66,2.8,8016.8,-95.4,2.96,1.0,2025-06-16T16:34:34.941001216Z
14725.2,100.0,93.9,1013.8800000000001,0.0,13.09,18.259999999999998,50.54,2.12,8018.6,-95.2,3.88,1.0,2025-06-16T16:44:34.928602368Z
14727.0,100.0,94.5,1013.74,0.0,13.09,18.48,24.4,2.56,8020.4,-95.6,2.8200000000000003,1.0,2025-06-16T16:54:34.981574912Z
12792.75,100.0,94.375,1013.6500000000001,0.0,13.067500000000003,18.625,23.625,2.975,7130.75,-92.5,4.725,1.0,2025-06-16T17:05:24.001135104Z
14730.2,100.0,93.7,1014.0200000000001,0.0,13.09,18.919999999999998,22.360000000000003,2.68,8024.0,-93.6,5.4,1.0,2025-06-16T17:14:34.912387328Z
14732.0,100.0,92.9,1014.46,0.0,13.09,19.2,66.84,2.8600000000000003,8025.8,-94.0,4.0,1.0,2025-06-16T17:24:34.882913024Z
14733.8,100.0,91.0,1014.8399999999999,0.0,13.09,19.5,115.11999999999998,1.7600000000000002,8027.6,-93.8,2.8999999999999995,1.0,2025-06-16T17:34:34.894483456Z
14735.6,100.0,88.9,1015.3799999999999,0.0,13.09,19.88,80.83999999999999,2.8200000000000003,8029.4,-90.2,1.8,1.0,2025-06-16T17:44:34.875717120Z
14737.4,100.0,87.5,1015.5199999999999,0.0,13.09,20.24,119.41999999999999,2.54,8031.2,-94.8,4.220000000000001,1.0,2025-06-16T17:54:34.875166720Z
14739.2,100.0,88.3,1015.6400000000001,0.0,13.09,20.240000000000002,96.03999999999999,1.8200000000000003,8033.0,-94.6,4.959999999999999,1.0,2025-06-16T18:04:34.859444736Z
14741.0,100.0,88.9,1015.78,0.0,13.09,20.1,143.95999999999998,1.3,8034.8,-95.0,3.7600000000000002,1.0,2025-06-16T18:14:34.868477696Z
14742.8,100.0,90.0,1015.9399999999999,0.0,13.09,19.880000000000003,159.61999999999998,1.44,8036.6,-93.2,3.3199999999999994,1.0,2025-06-16T18:24:34.847324928Z
14744.6,100.0,91.1,1016.1600000000001,0.0,13.09,19.52,173.12,1.6199999999999999,8038.4,-93.8,5.1,1.0,2025-06-16T18:34:34.841550848Z
14746.4,100.0,91.5,1016.3400000000001,0.0,13.09,19.34,165.2,0.6599999999999999,8040.2,-93.8,4.7,1.0,2025-06-16T18:44:34.829220352Z
14748.2,100.0,91.3,1016.4399999999999,0.0,13.09,19.279999999999998,182.42000000000002,1.1,8042.0,-94.2,2.44,1.0,2025-06-16T18:54:34.818235392Z
14750.0,100.0,90.5,1016.6200000000001,0.0,13.09,19.259999999999998,171.04000000000002,0.6599999999999999,8043.8,-94.0,2.9799999999999995,1.0,2025-06-16T19:04:34.822261248Z
14751.8,100.0,91.3,1016.6,0.0,13.098000000000003,19.200000000000003,203.8,0.78,8045.6,-95.0,4.46,1.0,2025-06-16T19:14:34.859484672Z
14753.6,100.0,92.3,1016.5200000000001,0.0,13.098000000000003,18.979999999999997,176.44,1.34,8047.4,-94.8,4.4799999999999995,1.0,2025-06-16T19:24:34.793850880Z
14755.4,100.0,93.1,1016.54,0.0,13.098000000000003,18.78,193.44,1.1,8049.2,-95.2,2.5799999999999996,1.0,2025-06-16T19:34:34.804081408Z
14757.2,100.0,94.3,1016.76,0.0,13.098000000000003,18.54,221.85999999999999,1.0,8051.0,-97.8,-1.6600000000000001,1.0,2025-06-16T19:44:34.788091136Z
14759.0,100.0,94.6,1016.76,0.0,10.272,18.34,205.84,1.2,8052.8,-94.0,4.38,1.0,2025-06-16T19:54:34.772796672Z
14760.8,100.0,95.0,1016.9399999999999,0.0,10.272,18.02,265.4,0.4600000000000001,8054.6,-97.2,3.6400000000000006,1.0,2025-06-16T20:04:35.209143040Z
14762.6,100.0,95.8,1017.1,0.0,10.272,17.82,257.86,0.7,8056.4,-95.2,2.94,1.0,2025-06-16T20:14:34.767327744Z
14764.4,100.0,96.3,1017.1599999999999,0.0,10.272,17.74,291.2,0.78,8058.2,-93.0,3.9799999999999995,1.0,2025-06-16T20:24:35.184888576Z
14766.2,100.0,96.6,1017.24,0.0,10.272,17.68,284.67999999999995,0.8800000000000001,8060.0,-94.4,4.42,1.0,2025-06-16T20:34:34.759261952Z
14768.0,100.0,96.7,1017.1199999999999,0.0,10.272,17.78,211.9,0.32,8061.8,-95.0,3.88,1.0,2025-06-16T20:44:34.737893888Z
14769.8,100.0,96.7,1017.14,0.0,10.272,17.9,145.78,0.6799999999999999,8063.6,-94.6,3.08,1.0,2025-06-16T20:54:34.722716928Z
14771.6,99.8,96.0,1017.1,0.0,10.272,17.98,237.5,0.54,8065.4,-93.4,3.0799999999999996,1.0,2025-06-16T21:04:34.719792640Z
14773.4,99.6,96.1,1017.26,0.0,10.274,18.020000000000003,273.56,0.86,8067.2,-93.4,4.26,1.0,2025-06-16T21:14:34.711728896Z
14775.2,99.2,95.8,1017.3799999999999,0.0,10.347999999999999,18.28,309.16,1.1400000000000001,8069.0,-94.4,3.6399999999999997,1.0,2025-06-16T21:24:34.745243904Z
14777.0,98.8,95.1,1017.18,0.0,10.620000000000001,18.32,313.98,0.9,8070.8,-95.0,2.8600000000000003,1.0,2025-06-16T21:34:34.711745024Z
14778.8,98.8,94.8,1017.22,0.0,10.796,18.32,201.45999999999998,0.9800000000000001,8072.6,-93.2,4.0200000000000005,1.0,2025-06-16T21:44:34.686686720Z
14780.6,98.8,92.6,1017.26,0.0,10.937999999999999,18.5,226.4,1.06,8074.4,-93.2,5.14,1.0,2025-06-16T21:54:34.679916032Z
14782.4,98.6,93.8,1017.3,0.0,11.036000000000001,18.4,308.68,1.34,8076.2,-93.8,3.96,1.0,2025-06-16T22:04:34.688763904Z
14784.2,98.4,91.6,1017.1200000000001,0.0,11.232,18.46,283.56,1.3800000000000003,8078.0,-92.0,2.38,1.0,2025-06-16T22:14:34.672803840Z
14786.0,98.2,91.1,1017.0199999999999,0.0,11.440000000000001,18.38,288.92,2.44,8079.8,-92.8,3.2399999999999998,1.0,2025-06-16T22:24:34.656508672Z
14787.8,97.8,90.3,1016.9799999999999,0.0,11.55,18.380000000000003,294.28000000000003,1.2600000000000002,8081.6,-94.6,4.4799999999999995,1.0,2025-06-16T22:34:35.089286912Z
12852.0,97.5,89.875,1016.7249999999999,0.0,10.807500000000001,18.425,296.425,1.275,7190.25,-92.5,4.0,1.0,2025-06-16T22:45:23.679545088Z
14791.0,97.4,89.9,1016.9800000000001,0.0,11.685999999999998,18.38,323.84000000000003,2.1399999999999997,8085.2,-95.6,2.2600000000000002,1.0,2025-06-16T22:54:34.652852224Z
14792.8,97.2,91.3,1017.0200000000001,0.0,11.693999999999999,18.339999999999996,312.28000000000003,2.1,8087.0,-95.2,2.6399999999999997,1.0,2025-06-16T23:04:35.076670720Z
14794.6,97.0,91.7,1017.04,0.0,11.697999999999999,18.32,256.92,2.38,8088.8,-94.4,4.62,1.0,2025-06-16T23:14:34.641051136Z
14796.4,97.0,91.4,1016.96,0.0,11.735999999999999,18.360000000000003,258.76000000000005,2.54,8090.6,-94.4,2.94,1.0,2025-06-16T23:24:34.610029312Z
14798.2,96.4,92.1,1016.9200000000001,0.0,11.760000000000002,18.32,327.58000000000004,1.8599999999999999,8092.4,-94.0,0.6,1.0,2025-06-16T23:34:34.658826752Z
14800.0,96.2,92.4,1016.82,0.0,11.760000000000002,18.3,326.38,2.04,8094.2,-94.2,3.02,1.0,2025-06-16T23:44:34.604752896Z
14801.8,96.2,92.6,1016.82,0.0,11.762,18.3,314.44000000000005,1.92,8096.0,-94.0,4.3,1.0,2025-06-16T23:54:34.590898688Z
14803.6,96.2,93.4,1016.82,0.0,11.764,18.160000000000004,308.97999999999996,2.0599999999999996,8097.8,-94.2,3.7399999999999998,1.0,2025-06-17T00:04:35.022959872Z
14805.4,95.4,93.2,1016.7599999999999,0.0,11.764,18.18,305.55999999999995,2.52,8099.6,-95.0,3.38,1.0,2025-06-17T00:14:34.579157248Z
14807.2,95.4,92.6,1016.8400000000001,0.0,11.764,18.18,308.68,2.16,8101.4,-93.8,2.7600000000000002,1.0,2025-06-17T00:24:34.575931904Z
14809.0,95.0,92.5,1016.9399999999999,0.0,11.764,18.18,306.6,2.32,8103.2,-94.4,4.24,1.0,2025-06-17T00:34:34.592586752Z
14810.8,94.4,92.1,1016.9800000000001,0.0,11.764,18.18,293.28000000000003,2.04,8105.0,-94.2,3.2399999999999998,1.0,2025-06-17T00:44:34.564932096Z
14812.6,94.4,92.2,1016.9399999999999,0.0,11.764,18.14,297.3,2.2800000000000002,8106.8,-95.0,2.6,1.0,2025-06-17T00:54:34.555937280Z
14814.4,94.4,91.5,1017.0,0.0,11.764,18.22,292.65999999999997,2.2199999999999998,8108.6,-94.6,3.44,1.0,2025-06-17T01:04:34.562534912Z
14816.2,94.0,90.9,1017.1,0.0,11.77,18.24,296.75999999999993,2.1,8110.4,-94.2,4.540000000000001,1.0,2025-06-17T01:14:34.551175168Z
14818.0,94.0,90.2,1017.0799999999999,0.0,11.772000000000002,18.279999999999998,299.12,2.56,8112.2,-94.0,3.66,1.0,2025-06-17T01:24:34.524748544Z
14819.8,94.0,90.0,1017.1200000000001,0.0,11.815999999999999,18.240000000000002,298.12,2.18,8114.0,-95.2,3.5,1.0,2025-06-17T01:34:34.520874240Z
14821.6,93.6,90.7,1017.14,0.0,11.85,18.080000000000002,310.06000000000006,2.52,8115.8,-94.8,3.2600000000000002,1.0,2025-06-17T01:44:34.581443328Z
14823.4,93.4,91.8,1017.14,0.0,11.92,17.96,320.26000000000005,1.44,8117.6,-94.0,4.6,1.0,2025-06-17T01:54:34.508508160Z
14825.2,93.4,91.9,1017.18,0.0,12.017999999999999,17.86,315.47999999999996,2.3000000000000003,8119.4,-93.2,2.4,1.0,2025-06-17T02:04:34.518316800Z
14827.0,93.0,91.1,1017.1,0.0,12.120000000000001,17.8,306.58000000000004,2.56,8121.2,-94.2,2.38,1.0,2025-06-17T02:14:34.488524032Z
14828.8,93.0,91.9,1017.0,0.0,12.207999999999998,17.7,305.78000000000003,2.2399999999999998,8123.0,-95.0,1.86,1.0,2025-06-17T02:24:34.489054720Z
14830.6,93.0,92.9,1016.9399999999999,0.0,12.245999999999999,17.619999999999997,297.31999999999994,1.9600000000000002,8124.8,-95.8,3.34,1.0,2025-06-17T02:34:34.526283264Z
14832.4,92.6,93.8,1016.8399999999999,0.0,12.26,17.56,279.32,2.34,8126.6,-95.2,3.8600000000000003,1.0,2025-06-17T02:44:34.498587904Z
14834.2,92.2,94.3,1016.82,0.0,12.302000000000001,17.52,273.02,2.3600000000000003,8128.4,-95.4,1.56,1.0,2025-06-17T02:54:34.456679936Z
14836.0,92.2,94.4,1016.7800000000001,0.0,12.378,17.5,269.5,1.92,8130.2,-92.8,3.08,1.0,2025-06-17T03:04:34.460431104Z
14837.8,91.8,94.4,1016.86,0.0,12.408,17.52,277.92,2.8,8132.0,-94.0,4.26,1.0,2025-06-17T03:14:34.455603712Z
14839.6,91.8,94.4,1016.82,0.0,12.414,17.52,276.56000000000006,3.04,8133.8,-93.8,2.0599999999999996,1.0,2025-06-17T03:24:34.453196288Z
14841.4,91.8,94.5,1016.72,0.0,12.48,17.54,274.62,2.7800000000000002,8135.6,-94.0,1.9,1.0,2025-06-17T03:34:34.433695744Z
14843.2,91.4,94.7,1016.74,0.0,12.535999999999998,17.54,278.65999999999997,3.1,8137.4,-95.4,1.1600000000000001,1.0,2025-06-17T03:44:34.427082240Z
14845.0,91.0,94.6,1016.8,0.0,12.548,17.560000000000002,280.62,3.1,8139.2,-96.4,3.6399999999999997,1.0,2025-06-17T03:54:34.478297600Z
12907.75,91.0,93.875,1016.625,0.0,11.74,17.625,283.25,2.9,7246.0,-92.75,3.7499999999999996,1.0,2025-06-17T04:04:08.422366720Z
12909.25,90.5,94.0,1016.6,0.0,11.74,17.625,289.525,3.325,7247.75,-92.25,2.45,1.0,2025-06-17T04:14:08.418174464Z
14849.6,90.0,94.1,1016.9,0.0,12.556000000000001,17.659999999999997,291.88,2.8,8144.6,-95.4,3.6,1.0,2025-06-17T04:24:34.384042496Z
14851.4,90.0,94.0,1016.8400000000001,0.0,12.556000000000001,17.7,298.86,2.8200000000000003,8146.4,-94.6,4.42,1.0,2025-06-17T04:34:34.378403584Z
12914.25,90.0,93.375,1016.75,0.0,11.7475,17.775,299.65000000000003,3.0,7253.0,-92.5,2.95,1.0,2025-06-17T04:44:08.397131264Z
14854.6,90.0,93.4,1016.96,0.0,12.562000000000001,17.8,302.34,2.7199999999999998,8150.0,-94.0,3.0799999999999996,1.0,2025-06-17T04:54:34.368609024Z
14856.4,89.8,93.8,1016.9800000000001,0.0,12.576,17.779999999999998,299.9200000000001,2.46,8151.8,-93.4,2.76,1.0,2025-06-17T05:04:34.386073088Z
14858.2,89.8,94.5,1017.0799999999999,0.0,12.772,17.720000000000002,306.82,3.04,8153.6,-94.2,3.5200000000000005,1.0,2025-06-17T05:14:34.355066368Z
14860.0,89.8,95.3,1017.2,0.0,13.072,17.68,313.12,2.7399999999999998,8155.4,-94.6,3.96,1.0,2025-06-17T05:24:34.346551296Z
12922.75,89.75,95.125,1017.0999999999999,0.0,12.3625,17.75,236.4,2.425,7262.0,-92.75,4.525,1.0,2025-06-17T05:35:23.347669504Z
14863.2,89.8,95.1,1017.3399999999999,0.0,13.278,17.859999999999996,315.22,2.66,8159.0,-94.0,2.3200000000000003,1.0,2025-06-17T05:44:34.333800192Z
14865.0,89.8,94.8,1017.4799999999999,0.0,13.330000000000002,17.880000000000003,314.1,3.1399999999999997,8160.8,-94.8,4.26,1.0,2025-06-17T05:54:34.316771840Z
14866.8,89.8,95.3,1017.4800000000001,0.0,13.339999999999998,18.040000000000003,326.12,2.36,8162.6,-95.4,4.1,1.0,2025-06-17T06:04:35.632882688Z
14868.6,90.0,95.0,1017.5200000000001,0.0,13.362,18.1,313.56000000000006,2.22,8164.4,-95.2,0.9800000000000004,1.0,2025-06-17T06:14:34.311702016Z
14870.4,90.2,95.0,1017.6,0.0,13.398,18.160000000000004,310.44,2.34,8166.2,-95.4,1.7399999999999998,1.0,2025-06-17T06:24:34.293334528Z
14872.2,90.2,94.7,1017.5,0.0,13.407999999999998,18.199999999999996,299.22,2.32,8168.0,-94.2,4.2,1.0,2025-06-17T06:34:34.287843072Z
12794.166666666666,90.0,94.08333333333333,1017.2333333333332,0.0,11.593333333333334,18.266666666666666,290.5833333333333,2.7833333333333337,7122.0,-97.5,0.8000000000000002,1.0,2025-06-17T06:45:05.205939968Z
14876.0,91.4,94.5,1017.4200000000001,0.0,13.407999999999998,18.380000000000003,295.47999999999996,2.42,8171.6,-94.4,3.3,1.0,2025-06-17T06:54:34.710686208Z
14877.8,91.8,93.9,1017.4399999999999,0.0,13.407999999999998,18.560000000000002,300.78,2.84,8173.4,-94.8,3.3600000000000003,1.0,2025-06-17T07:04:34.284638464Z
14879.6,92.4,93.3,1017.5200000000001,0.0,13.407999999999998,18.74,296.71999999999997,2.44,8175.2,-94.0,5.38,1.0,2025-06-17T07:14:34.281135616Z
14881.4,93.0,93.3,1017.6,0.0,13.41,18.839999999999996,296.52000000000004,1.6199999999999999,8177.0,-93.6,4.459999999999999,1.0,2025-06-17T07:24:34.249906688Z
14883.2,93.0,92.5,1017.74,0.0,13.413999999999998,18.98,302.18,2.1,8178.8,-94.2,4.74,1.0,2025-06-17T07:34:34.673381376Z
14885.0,93.0,92.4,1017.82,0.0,13.413999999999998,19.14,300.62,1.42,8180.6,-96.8,-0.3,1.0,2025-06-17T07:44:34.243083264Z
14886.8,93.8,91.6,1017.9399999999999,0.0,13.413999999999998,19.4,308.2,1.6,8182.4,-94.0,5.4,1.0,2025-06-17T07:54:34.227760896Z
14888.6,93.8,91.3,1017.9,0.0,13.441999999999998,19.560000000000002,299.36,2.38,8184.2,-93.6,3.9,1.0,2025-06-17T08:04:34.227246336Z
14890.4,94.0,91.3,1017.96,0.0,13.485999999999999,19.48,236.14000000000001,1.8599999999999999,8186.0,-95.0,4.1,1.0,2025-06-17T08:14:34.260432896Z
14892.2,94.8,91.7,1018.0,0.0,13.672,19.4,301.14,1.9200000000000004,8187.8,-92.8,3.3800000000000003,1.0,2025-06-17T08:24:34.208389120Z
12812.833333333334,94.33333333333333,92.08333333333333,1017.8666666666667,0.0,12.066666666666668,19.383333333333336,311.81666666666666,2.3833333333333333,7140.333333333333,-97.16666666666667,2.5,1.0,2025-06-17T08:35:05.475255040Z
14896.0,94.8,90.6,1018.0799999999999,0.0,13.756,19.740000000000002,315.84,2.0799999999999996,8191.4,-94.0,4.26,1.0,2025-06-17T08:44:34.190235392Z
14897.8,95.6,89.5,1018.0,0.0,13.762,20.080000000000002,321.56000000000006,2.32,8193.2,-93.8,2.9400000000000004,1.0,2025-06-17T08:54:34.187286784Z
14899.6,96.4,88.6,1018.1200000000001,0.0,13.768,20.46,263.78000000000003,1.8199999999999998,8195.0,-94.4,5.0200000000000005,1.0,2025-06-17T09:04:34.177027584Z
14901.4,97.0,86.0,1018.0600000000001,0.0,13.770000000000001,20.740000000000002,273.42,1.94,8196.8,-94.2,5.84,1.0,2025-06-17T09:14:34.205798912Z
14903.2,98.6,81.6,1018.0799999999999,0.0,13.776000000000002,21.0,32.86,2.02,8198.6,-93.8,4.779999999999999,1.0,2025-06-17T09:24:34.161957120Z
14905.0,98.6,82.8,1018.18,0.0,13.782,21.04,39.14,1.78,8200.4,-91.2,4.32,1.0,2025-06-17T09:34:34.168164864Z
14906.8,98.6,82.1,1018.1199999999999,0.0,13.8,21.42,92.14,1.44,8202.2,-92.6,4.279999999999999,1.0,2025-06-17T09:44:34.161810688Z
14908.6,98.6,80.4,1018.0200000000001,0.0,13.806000000000001,21.759999999999998,83.42,1.6199999999999999,8204.0,-94.2,4.82,1.0,2025-06-17T09:54:34.564114432Z
14910.4,99.0,78.0,1018.0,0.0,13.806000000000001,22.02,97.75999999999999,1.3800000000000001,8205.8,-94.2,3.9400000000000004,1.0,2025-06-17T10:04:34.146351104Z
9738.666666666666,98.33333333333333,75.83333333333333,1017.4666666666666,0.0,11.856666666666667,22.2,117.16666666666667,1.1333333333333333,5816.333333333333,-88.66666666666667,5.6000000000000005,1.0,2025-06-17T10:15:04.753685760Z
14913.2,100.0,75.8,1017.9800000000001,0.0,13.813999999999998,22.56,201.4,1.26,8209.4,-94.2,4.5600000000000005,1.0,2025-06-17T10:24:34.598331648Z
14915.0,100.0,75.3,1018.0,0.0,3.942,22.86,151.92000000000002,1.5,8211.2,-92.8,5.3,1.0,2025-06-17T10:34:34.117736960Z
14916.8,100.0,71.7,1017.9399999999999,0.0,0.762,23.22,216.68,1.78,8213.0,-93.6,3.4,1.0,2025-06-17T10:44:34.113828096Z
14918.6,100.0,71.7,1017.9399999999999,0.0,0.762,23.7,206.85999999999999,2.1,8214.8,-92.8,-0.060000000000000143,1.0,2025-06-17T10:54:34.092493824Z
14920.4,100.0,71.5,1017.96,0.0,0.762,23.479999999999997,266.98,1.44,8216.6,-93.8,4.32,1.0,2025-06-17T11:04:34.093268992Z
14922.2,100.0,70.6,1017.9599999999998,0.0,0.762,23.6,159.66000000000003,1.1199999999999999,8218.4,-94.2,4.720000000000001,1.0,2025-06-17T11:14:34.076333312Z
14924.0,100.0,69.8,1017.96,0.0,0.762,23.640000000000004,80.6,0.9400000000000001,8220.2,-93.8,3.94,1.0,2025-06-17T11:24:34.093893376Z
14925.8,100.0,68.8,1017.96,0.0,0.762,23.560000000000002,139.8,0.86,8222.0,-92.8,2.6,1.0,2025-06-17T11:34:34.076270080Z
14927.6,100.0,68.5,1017.8800000000001,0.0,0.762,23.92,138.42,1.12,8223.8,-95.4,4.4,1.0,2025-06-17T11:44:34.075762944Z
14929.4,100.0,63.4,1017.82,0.0,0.762,24.740000000000002,75.42,1.6800000000000002,8225.6,-93.4,4.459999999999999,1.0,2025-06-17T11:54:34.066370048Z
14931.2,100.0,62.7,1017.76,0.0,0.762,24.74,70.84,1.92,8227.4,-93.6,3.0800000000000005,1.0,2025-06-17T12:04:34.072375808Z
14933.0,100.0,61.4,1017.7199999999999,0.0,0.762,24.98,74.34,1.36,8229.2,-93.8,2.4200000000000004,1.0,2025-06-17T12:14:34.055296768Z
14934.8,100.0,56.8,1017.6,0.0,0.762,25.68,137.78,1.3199999999999998,8231.0,-92.0,0.5799999999999997,1.0,2025-06-17T12:24:34.037518848Z
14936.6,100.0,58.1,1017.6,0.0,0.762,25.4,26.139999999999997,1.7399999999999998,8232.8,-93.6,4.779999999999999,1.0,2025-06-17T12:34:34.093479936Z
14938.4,100.0,56.5,1017.6400000000001,0.0,0.768,25.12,51.67999999999999,2.82,8234.6,-93.6,4.0,1.0,2025-06-17T12:44:34.017810944Z
14940.2,100.0,58.1,1017.64,0.0,0.77,25.82,83.10000000000001,2.7199999999999998,8236.4,-93.8,3.4200000000000004,1.0,2025-06-17T12:54:34.007957504Z
14942.0,100.0,54.8,1017.64,0.0,0.77,25.660000000000004,75.02000000000001,2.9799999999999995,8238.2,-93.4,3.1399999999999997,1.0,2025-06-17T13:04:34.007416832Z
14943.8,100.0,54.0,1017.68,0.0,0.77,25.9,91.96,3.08,8240.0,-91.8,3.9,1.0,2025-06-17T13:14:34.025739776Z
14945.6,100.0,50.1,1017.7199999999999,0.0,0.77,26.259999999999998,71.94,2.52,8241.8,-92.6,3.3800000000000003,1.0,2025-06-17T13:24:33.996504064Z
14947.4,100.0,50.8,1017.6600000000001,0.0,0.77,26.52,106.73999999999998,1.44,8243.6,-93.4,3.34,1.0,2025-06-17T13:34:34.014188544Z
14949.2,100.0,49.1,1017.54,0.0,0.77,26.459999999999997,116.24000000000001,2.38,8245.4,-92.8,3.4,1.0,2025-06-17T13:44:33.983583488Z
14951.0,100.0,49.7,1017.5199999999999,0.0,0.77,26.7,143.96,1.8399999999999999,8247.2,-93.2,4.36,1.0,2025-06-17T13:54:33.980599552Z
14952.8,100.0,47.9,1017.4,0.0,0.77,26.7,103.32000000000001,1.92,8249.0,-94.0,4.5,1.0,2025-06-17T14:04:33.978495232Z
14954.6,100.0,46.9,1017.28,0.0,0.77,26.9,77.17999999999999,1.44,8250.8,-94.6,4.3,1.0,2025-06-17T14:14:33.972277504Z
14956.4,100.0,45.8,1017.1199999999999,0.0,0.77,27.140000000000004,106.55999999999999,2.6,8252.6,-92.0,2.9200000000000004,1.0,2025-06-17T14:24:33.968751104Z
14958.2,100.0,46.0,1017.0,0.0,0.77,27.119999999999997,84.35999999999999,2.1999999999999997,8254.4,-93.2,4.38,1.0,2025-06-17T14:34:33.971437824Z
14960.0,100.0,45.0,1016.9,0.0,0.77,27.02,105.32000000000001,1.98,8256.2,-93.4,4.26,1.0,2025-06-17T14:44:34.002334208Z
14961.8,100.0,44.3,1016.82,0.0,0.77,27.079999999999995,116.58,2.2,8258.0,-92.8,2.94,1.0,2025-06-17T14:54:33.958516736Z
14963.6,100.0,44.1,1016.8,0.0,0.77,27.18,140.4,1.8800000000000001,8259.8,-93.4,4.04,1.0,2025-06-17T15:04:33.958169856Z
14965.4,100.0,43.7,1016.74,0.0,0.77,27.28,109.03999999999999,1.6,8261.6,-93.4,4.62,1.0,2025-06-17T15:14:33.931536640Z
14967.2,100.0,44.1,1016.74,0.0,0.77,27.26,137.78,2.16,8263.4,-93.6,4.18,1.0,2025-06-17T15:24:33.973087232Z
14969.0,100.0,46.2,1016.7199999999999,0.0,0.77,27.18,109.32000000000001,1.6199999999999999,8265.2,-93.0,3.4,1.0,2025-06-17T15:34:33.930868992Z
14970.8,100.0,45.2,1016.6200000000001,0.0,0.77,27.46,121.62,1.86,8267.0,-93.6,4.64,1.0,2025-06-17T15:44:33.916358656Z
14972.6,100.0,47.0,1016.6,0.0,0.77,27.24,96.7,1.98,8268.8,-93.4,3.5,1.0,2025-06-17T15:54:33.932314368Z
14974.4,100.0,47.2,1016.5200000000001,0.0,0.77,27.2,145.3,1.8799999999999997,8270.6,-93.6,4.76,1.0,2025-06-17T16:04:33.947837696Z
14976.2,100.0,49.5,1016.5,0.0,0.77,27.04,105.4,1.08,8272.4,-93.4,4.0,1.0,2025-06-17T16:14:33.906799360Z
14978.0,100.0,47.4,1016.5200000000001,0.0,0.77,27.0,116.7,1.8399999999999999,8274.2,-93.0,5.0600000000000005,1.0,2025-06-17T16:24:33.924200960Z
14979.8,100.0,49.1,1016.5600000000001,0.0,0.77,26.78,130.5,1.28,8276.0,-96.6,0.7799999999999997,1.0,2025-06-17T16:34:33.927275008Z
14981.6,100.0,49.1,1016.5599999999998,0.0,0.77,26.619999999999997,114.75999999999999,1.8599999999999999,8277.8,-94.2,3.2399999999999998,1.0,2025-06-17T16:44:33.928587008Z
14983.4,100.0,49.3,1016.6,0.0,0.77,26.48,106.9,1.6800000000000002,8279.6,-93.6,3.1399999999999997,1.0,2025-06-17T16:54:33.946515968Z
14985.2,100.0,50.2,1016.64,0.0,0.77,26.2,114.02000000000001,1.28,8281.4,-93.0,4.2,1.0,2025-06-17T17:04:33.885497344Z
14987.0,100.0,50.7,1016.64,0.0,0.77,25.939999999999998,154.04000000000002,1.34,8283.2,-93.2,4.88,1.0,2025-06-17T17:14:33.868148224Z
14988.8,100.0,50.4,1016.68,0.0,0.77,25.540000000000003,85.1,1.8,8285.0,-93.6,4.64,1.0,2025-06-17T17:24:33.867658496Z
14990.6,100.0,52.4,1016.7,0.0,0.77,24.98,92.08,1.34,8286.8,-92.8,3.3200000000000003,1.0,2025-06-17T17:34:33.857485568Z
14992.4,100.0,55.8,1016.72,0.0,0.77,24.22,79.46000000000001,0.72,8288.6,-93.2,3.5200000000000005,1.0,2025-06-17T17:44:33.861447680Z
14994.2,100.0,59.6,1016.68,0.0,0.77,23.439999999999998,107.56000000000002,0.58,8290.4,-91.8,2.06,1.0,2025-06-17T17:54:34.277844992Z
15371.5,100.0,63.0,1016.775,0.0,0.9575,22.875000000000004,124.1,0.5750000000000001,8398.5,-97.0,2.925,1.0,2025-06-17T18:04:08.006381568Z
14997.4,100.0,68.7,1016.72,0.0,0.77,22.080000000000002,152.3,0.5,8294.0,-93.4,3.7399999999999998,1.0,2025-06-17T18:14:33.831356672Z
14999.2,100.0,71.3,1016.72,0.0,0.77,21.580000000000002,150.57999999999998,0.43999999999999995,8295.8,-92.6,4.159999999999999,1.0,2025-06-17T18:24:33.825061632Z
15001.0,100.0,76.8,1016.8,0.0,0.77,20.98,174.48000000000002,0.52,8297.6,-93.8,4.86,1.0,2025-06-17T18:34:33.819088384Z
15002.8,100.0,77.5,1016.9399999999999,0.0,0.77,20.56,160.24,0.54,8299.4,-92.6,4.18,1.0,2025-06-17T18:44:33.821443072Z
15004.6,100.0,77.2,1017.04,0.0,0.77,20.259999999999998,152.9,0.7,8301.2,-93.0,3.6,1.0,2025-06-17T18:54:33.799949824Z
15006.4,100.0,76.5,1017.0600000000001,0.0,0.77,20.080000000000002,149.9,0.6799999999999999,8303.0,-92.2,4.14,1.0,2025-06-17T19:04:33.857007104Z
15008.2,100.0,78.8,1017.1600000000001,0.0,0.77,19.76,166.88000000000002,0.5399999999999999,8304.8,-93.4,4.7,1.0,2025-06-17T19:14:33.782842624Z
15010.0,100.0,81.7,1017.3,0.0,0.77,19.259999999999998,219.52000000000004,0.44000000000000006,8306.6,-93.4,4.0600000000000005,1.0,2025-06-17T19:24:33.774037760Z
15011.8,100.0,84.2,1017.4799999999999,0.0,0.77,18.9,212.22000000000003,0.45999999999999996,8308.4,-93.6,3.96,1.0,2025-06-17T19:34:33.769892608Z
15013.6,100.0,85.6,1017.6,0.0,0.77,18.740000000000002,218.14000000000001,0.4600000000000001,8310.2,-93.0,4.779999999999999,1.0,2025-06-17T19:44:33.763971584Z
15015.4,100.0,88.0,1017.7400000000001,0.0,0.008,18.3,197.9,0.33999999999999997,8312.0,-94.0,4.0,1.0,2025-06-17T19:54:33.750992384Z
15017.2,100.0,87.1,1017.82,0.0,0.008,18.22,178.92000000000002,0.6599999999999999,8313.8,-93.8,3.7600000000000002,1.0,2025-06-17T20:04:33.746660096Z
15019.0,100.0,87.0,1017.8799999999999,0.0,0.008,18.16,176.68,0.56,8315.6,-93.8,2.72,1.0,2025-06-17T20:14:33.751253504Z
15020.8,100.0,88.0,1017.86,0.0,0.008,18.059999999999995,148.95999999999998,0.6,8317.4,-93.8,2.6599999999999997,1.0,2025-06-17T20:24:33.726149120Z
15022.6,100.0,88.7,1017.9199999999998,0.0,0.008,17.8,170.04000000000002,0.3,8319.2,-94.0,4.220000000000001,1.0,2025-06-17T20:34:33.728417792Z
15024.4,100.0,90.9,1017.9399999999999,0.0,0.008,17.48,283.71999999999997,0.3,8321.0,-93.6,3.5800000000000005,1.0,2025-06-17T20:44:33.719186944Z
15401.0,100.0,92.5,1018.025,0.0,0.005,17.4,270.45000000000005,0.45000000000000007,8428.5,-101.5,-2.5250000000000004,1.0,2025-06-17T20:55:22.888151040Z
15027.6,100.0,93.4,1018.0,0.0,0.008,17.16,211.36000000000004,0.27999999999999997,8324.6,-92.2,3.9,1.0,2025-06-17T21:04:33.702882816Z
15029.4,100.0,93.6,1018.0199999999999,0.0,0.008,17.04,264.54,0.5,8326.4,-93.4,4.64,1.0,2025-06-17T21:14:33.741394432Z
15031.2,100.0,93.1,1018.0199999999999,0.0,0.008,17.1,251.11999999999998,0.74,8328.2,-94.2,3.6400000000000006,1.0,2025-06-17T21:24:33.688136448Z
15033.0,100.0,93.3,1018.0,0.0,0.008,16.939999999999998,260.0,0.9199999999999999,8330.0,-97.0,-1.3,1.0,2025-06-17T21:34:33.711959808Z
15034.8,100.0,93.8,1017.86,0.0,0.008,16.840000000000003,241.76,0.7799999999999999,8331.8,-92.2,4.0,1.0,2025-06-17T21:44:33.694324736Z
15036.6,99.6,93.9,1017.9200000000001,0.0,0.008,16.7,252.18,1.0000000000000002,8333.6,-93.6,5.18,1.0,2025-06-17T21:54:33.666272000Z
15038.4,99.4,94.3,1018.0,0.0,0.008,16.72,251.08,1.1,8335.4,-94.4,4.0,1.0,2025-06-17T22:04:33.660046080Z
15040.2,99.4,94.1,1018.0600000000001,0.0,0.008,16.720000000000002,247.9,0.96,8337.2,-95.8,3.56,1.0,2025-06-17T22:14:33.674287104Z
15042.0,99.4,94.2,1018.0199999999999,0.0,0.008,16.6,257.43999999999994,1.0,8339.0,-93.0,4.340000000000001,1.0,2025-06-17T22:24:33.656270336Z
15043.8,98.6,94.1,1017.9799999999999,0.0,0.008,16.580000000000002,258.78000000000003,0.9400000000000001,8340.8,-93.8,4.5600000000000005,1.0,2025-06-17T22:34:33.639429120Z
15045.6,98.6,94.4,1017.9,0.0,0.008,16.5,263.88,1.16,8342.6,-94.2,3.62,1.0,2025-06-17T22:44:33.634053888Z
15047.4,98.4,100.9,2125.0600000000004,51.0,131.074,13.14,182.61999999999998,1311.42,8344.4,-94.0,2.8199999999999994,1.0,2025-06-17T22:54:34.454732288Z
15049.2,98.2,94.4,1017.9200000000001,0.0,0.008,16.4,242.77999999999997,0.9400000000000001,8346.2,-94.0,3.78,1.0,2025-06-17T23:04:33.623735808Z
15051.0,97.8,93.8,1018.0,0.0,0.008,16.4,217.76,1.04,8348.0,-94.6,4.5600000000000005,1.0,2025-06-17T23:14:33.620601856Z
15052.8,97.8,93.7,1018.0600000000001,0.0,0.008,16.32,205.8,0.8400000000000001,8349.8,-93.4,4.2,1.0,2025-06-17T23:24:33.656626176Z
15054.6,97.6,94.2,1018.04,0.0,0.012,16.1,206.35999999999999,0.5,8351.6,-93.0,3.06,1.0,2025-06-17T23:34:33.595951104Z
15056.4,97.4,95.1,1018.1200000000001,0.0,0.012,15.86,250.35999999999999,0.5,8353.4,-93.8,4.1,1.0,2025-06-17T23:44:33.598953216Z
15058.2,97.4,95.3,1018.0600000000001,0.0,0.012,15.74,294.05999999999995,0.76,8355.2,-94.2,4.4,1.0,2025-06-17T23:54:33.582488064Z
15060.0,96.6,95.6,1018.1,0.0,0.012,15.719999999999999,274.24000000000007,0.74,8357.0,-94.8,4.34,1.0,2025-06-18T00:04:34.021094400Z
15061.8,96.4,95.6,1018.14,0.0,0.012,15.66,207.32000000000002,1.18,8358.8,-93.4,1.0,1.0,2025-06-18T00:14:33.572105728Z
15063.6,96.4,95.5,1018.0200000000001,0.0,0.012,15.520000000000001,184.67999999999998,0.5199999999999999,8360.6,-94.0,3.7,1.0,2025-06-18T00:24:33.551518208Z
15065.4,96.4,95.8,1018.0199999999999,0.0,0.012,15.440000000000001,244.76,0.86,8362.4,-93.6,4.76,1.0,2025-06-18T00:34:33.567560192Z
15067.2,96.0,95.6,1018.0200000000001,0.0,0.012,15.379999999999999,294.08000000000004,0.96,8364.2,-94.0,3.8200000000000003,1.0,2025-06-18T00:44:33.563896832Z
15069.0,96.0,95.5,1018.0,0.0,0.012,15.419999999999998,216.63999999999996,0.8400000000000001,8366.0,-95.8,-0.8600000000000001,1.0,2025-06-18T00:54:33.541391104Z
15070.8,95.8,95.6,1017.9399999999999,0.0,0.012,15.220000000000002,213.3,0.6599999999999999,8367.8,-91.8,3.5,1.0,2025-06-18T01:04:33.545850880Z
15072.6,95.6,95.7,1017.8799999999999,0.0,0.012,15.14,226.88000000000002,0.6599999999999999,8369.6,-92.8,5.12,1.0,2025-06-18T01:14:33.525604864Z
13129.75,95.0,95.125,1017.5500000000001,0.0,0.0125,15.25,178.425,0.5750000000000001,7470.0,-92.5,3.6500000000000004,1.0,2025-06-18T01:24:07.464992512Z
15075.8,95.2,95.9,1017.8,0.0,0.012,15.02,268.18,0.38,8373.2,-94.4,1.1799999999999997,1.0,2025-06-18T01:34:33.548762880Z
15077.6,94.8,96.0,1017.72,0.0,0.012,14.979999999999999,277.53999999999996,0.8400000000000001,8375.0,-93.4,3.2,1.0,2025-06-18T01:44:33.502275072Z
15079.4,94.4,96.1,1017.72,0.0,0.012,14.919999999999998,264.32,0.4800000000000001,8376.8,-93.4,4.96,1.0,2025-06-18T01:54:33.498843648Z
15081.2,94.2,96.5,1017.7800000000001,0.0,0.012,14.780000000000001,255.78000000000003,0.82,8378.6,-94.4,3.4,1.0,2025-06-18T02:04:33.511815936Z
15083.0,94.0,96.4,1017.7800000000001,0.0,0.012,14.86,223.11999999999998,0.54,8380.4,-94.4,1.94,1.0,2025-06-18T02:14:33.494489600Z
15084.8,93.8,96.4,1017.8,0.0,0.012,14.88,269.62,1.06,8382.2,-92.8,3.78,1.0,2025-06-18T02:24:33.486170368Z
15086.6,93.8,96.2,1017.9200000000001,0.0,0.012,14.74,254.21999999999997,0.68,8384.0,-93.4,4.66,1.0,2025-06-18T02:34:33.463755520Z
15088.4,93.8,96.5,1017.8199999999999,0.0,0.012,14.6,274.46,0.6,8385.8,-94.4,3.4200000000000004,1.0,2025-06-18T02:44:33.463537152Z
15090.2,93.4,96.4,1017.9,0.0,0.016,14.64,252.8,0.82,8387.6,-95.8,3.0,1.0,2025-06-18T02:54:33.490973440Z
15092.0,93.0,96.2,1017.9,0.0,0.02,14.62,285.34,0.64,8389.4,-93.8,3.5799999999999996,1.0,2025-06-18T03:04:33.442493952Z
15093.8,92.6,96.3,1017.8799999999999,0.0,0.02,14.579999999999998,200.2,0.7,8391.2,-93.6,4.28,1.0,2025-06-18T03:14:33.435400192Z
15095.6,92.4,96.2,1017.9399999999999,0.0,0.02,14.479999999999999,175.01999999999998,0.52,8393.0,-92.4,3.66,1.0,2025-06-18T03:24:33.427009536Z
15097.4,92.4,96.7,1018.04,0.0,0.02,14.36,235.1,0.28,8394.8,-95.0,2.28,1.0,2025-06-18T03:34:33.423337728Z
15099.2,92.4,97.0,1018.1200000000001,0.0,0.02,14.4,188.58,0.32,8396.6,-95.8,3.6799999999999997,1.0,2025-06-18T03:44:33.476307712Z
15101.0,92.0,103.0,2125.2,51.0,131.086,11.639999999999999,166.38,1311.06,8398.4,-93.0,4.62,1.0,2025-06-18T03:54:34.233001472Z
15102.8,91.8,96.1,1018.0600000000001,0.0,0.02,14.86,277.98,0.52,8400.2,-93.8,3.2600000000000002,1.0,2025-06-18T04:04:33.401872896Z
15104.6,91.6,95.6,1018.0800000000002,0.0,0.02,15.12,263.58000000000004,0.7,8402.0,-93.6,3.54,1.0,2025-06-18T04:14:33.400082432Z
15106.4,91.4,95.0,1018.14,0.0,0.02,15.540000000000001,264.2,1.06,8403.8,-93.4,4.36,1.0,2025-06-18T04:24:33.412743168Z
15108.2,91.4,93.8,1018.18,0.0,0.024,16.0,254.1,1.08,8405.6,-94.2,4.48,1.0,2025-06-18T04:34:33.380406784Z
15110.0,91.4,91.7,1018.36,0.0,0.030000000000000006,16.54,258.2,1.1,8407.4,-93.2,4.36,1.0,2025-06-18T04:44:33.383591680Z
15111.8,91.0,90.5,1018.3800000000001,0.0,0.032,17.080000000000002,263.7,1.02,8409.2,-94.8,2.9,1.0,2025-06-18T04:54:33.360442880Z
15486.0,91.0,88.75,1018.5250000000001,0.0,0.0325,17.575,262.575,1.275,8514.0,-94.25,0.09999999999999964,1.0,2025-06-18T05:04:07.545054720Z
15115.0,91.4,87.2,1018.54,0.0,0.032,18.12,267.0,1.52,8412.8,-93.4,4.64,1.0,2025-06-18T05:14:33.346737664Z
15116.8,91.4,85.2,1018.5799999999999,0.0,0.044000000000000004,18.720000000000002,278.65999999999997,1.6600000000000001,8414.6,-94.4,3.9799999999999995,1.0,2025-06-18T05:24:33.337758464Z
15118.6,91.6,83.9,1018.64,0.0,0.044000000000000004,19.28,281.4,2.2600000000000002,8416.4,-95.0,3.9799999999999995,1.0,2025-06-18T05:34:33.330977280Z
15120.4,91.6,81.8,1018.6800000000001,0.0,0.044000000000000004,19.68,278.32000000000005,2.4799999999999995,8418.2,-93.0,2.94,1.0,2025-06-18T05:44:33.356012800Z
15122.2,92.0,80.2,1018.68,0.0,0.044000000000000004,20.0,274.78,2.9799999999999995,8420.0,-92.4,3.8400000000000007,1.0,2025-06-18T05:54:33.371151104Z
15124.0,92.6,79.2,1018.64,0.0,0.044000000000000004,20.380000000000003,279.88,2.6399999999999997,8421.8,-92.2,2.1399999999999997,1.0,2025-06-18T06:04:33.342457600Z
15125.8,92.8,78.5,1018.6600000000001,0.0,0.044000000000000004,20.800000000000004,283.06000000000006,2.3,8423.6,-93.8,2.7600000000000002,1.0,2025-06-18T06:14:33.304132608Z
15127.6,92.8,77.6,1018.72,0.0,0.044000000000000004,21.380000000000003,273.5,2.94,8425.4,-94.0,5.12,1.0,2025-06-18T06:24:33.289069312Z
15129.4,93.4,75.1,1018.76,0.0,0.052000000000000005,21.98,278.38,2.82,8427.2,-93.4,4.74,1.0,2025-06-18T06:34:33.287004672Z
15131.2,93.4,73.0,1018.86,0.0,0.052000000000000005,22.259999999999998,285.9,2.5799999999999996,8429.0,-93.2,3.3199999999999994,1.0,2025-06-18T06:44:33.311876608Z
15133.0,94.8,71.6,1018.9,0.0,0.052000000000000005,22.639999999999997,279.47999999999996,2.82,8430.8,-94.0,3.1,1.0,2025-06-18T06:54:33.282404352Z
15134.8,96.2,70.3,1018.8199999999999,0.0,0.052000000000000005,22.839999999999996,299.91999999999996,2.36,8432.6,-92.4,4.04,1.0,2025-06-18T07:04:33.259471616Z
15136.6,97.8,68.5,1018.9,0.0,0.052000000000000005,23.2,304.34,1.8999999999999997,8434.4,-93.0,4.04,1.0,2025-06-18T07:14:33.271685632Z
15138.4,97.8,67.1,1018.9,0.0,0.052000000000000005,23.46,293.68,2.3600000000000003,8436.2,-93.0,4.3,1.0,2025-06-18T07:24:33.251590144Z
15140.2,98.8,68.5,1018.86,0.0,0.052000000000000005,23.8,280.9,2.32,8438.0,-94.0,3.4,1.0,2025-06-18T07:34:33.247230464Z
15142.0,98.8,65.2,1018.8599999999999,0.0,0.052000000000000005,24.1,308.38,2.1399999999999997,8439.8,-93.4,3.16,1.0,2025-06-18T07:44:33.270368768Z
15143.8,98.8,64.7,1018.8799999999999,0.0,0.052000000000000005,24.52,309.18,2.54,8441.6,-92.2,3.7,1.0,2025-06-18T07:54:33.232473344Z
15145.6,98.8,64.3,1018.7199999999999,0.0,0.052000000000000005,24.7,315.64,2.74,8443.4,-93.4,3.7399999999999998,1.0,2025-06-18T08:04:33.278597376Z
15147.4,100.0,62.5,1018.74,0.0,0.052000000000000005,24.919999999999998,302.03999999999996,2.48,8445.2,-96.0,-0.9399999999999998,1.0,2025-06-18T08:14:33.232041216Z
15149.2,100.0,60.8,1018.7800000000001,0.0,0.052000000000000005,25.26,255.02000000000004,2.1,8447.0,-93.2,4.04,1.0,2025-06-18T08:24:33.227974656Z
15151.0,100.0,60.0,1018.8,0.0,0.052000000000000005,25.54,255.75999999999993,1.7600000000000002,8448.8,-92.6,4.4399999999999995,1.0,2025-06-18T08:34:33.246837248Z
15152.8,100.0,61.3,1018.8399999999999,0.0,0.05600000000000001,25.7,182.34,1.6,8450.6,-97.0,-0.22000000000000028,1.0,2025-06-18T08:44:33.209080576Z
15154.6,100.0,57.5,1018.7,0.0,0.06,26.02,315.19999999999993,2.2600000000000002,8452.4,-93.8,3.3,1.0,2025-06-18T08:54:33.185690624Z
15156.4,100.0,56.9,1018.6800000000001,0.0,0.06,26.26,276.59999999999997,1.0,8454.2,-93.2,1.86,1.0,2025-06-18T09:04:33.274299904Z
15158.2,100.0,56.3,1018.7,0.0,0.06,26.7,255.51999999999998,2.0599999999999996,8456.0,-95.8,-1.1199999999999997,1.0,2025-06-18T09:14:33.196953088Z
15160.0,100.0,54.7,1018.5799999999999,0.0,0.06,26.8,240.45999999999998,1.8,8457.8,-93.8,4.2,1.0,2025-06-18T09:24:33.189758464Z
15533.0,100.0,50.875,1018.5999999999999,0.0,0.06,27.150000000000002,232.54999999999998,1.225,8561.25,-95.75,2.075,1.0,2025-06-18T09:34:07.382402048Z
15163.2,100.0,51.0,1018.54,0.0,0.06,27.32,253.66,1.8,8461.4,-91.0,2.3400000000000003,1.0,2025-06-18T09:44:33.163751936Z
15165.0,100.0,50.6,1018.4799999999999,0.0,0.06,27.380000000000003,279.04,1.4600000000000002,8463.2,-92.8,4.5200000000000005,1.0,2025-06-18T09:54:33.219418112Z
15166.8,100.0,49.6,1018.4799999999999,0.0,0.06,27.619999999999997,208.97999999999996,1.0399999999999998,8465.0,-91.0,4.0600000000000005,1.0,2025-06-18T10:04:33.173297664Z
15168.6,100.0,48.1,1018.36,0.0,0.06,27.96,250.04000000000002,1.3800000000000001,8466.8,-95.2,-0.8200000000000003,1.0,2025-06-18T10:14:33.199066880Z
15541.5,100.0,48.0,1018.3,0.0,0.06,28.025,174.92499999999998,1.225,8570.25,-100.75,-4.4,1.0,2025-06-18T10:25:22.375988224Z
15171.8,100.0,48.1,1018.18,0.0,0.012,28.380000000000003,239.9,1.28,8470.4,-93.4,5.04,1.0,2025-06-18T10:34:33.153394944Z
15173.6,100.0,45.8,1018.1599999999999,0.0,0.0,28.639999999999997,167.82000000000002,1.4,8472.2,-96.6,-0.1,1.0,2025-06-18T10:44:33.144480256Z
15175.4,100.0,45.8,1018.1,0.0,0.0,28.439999999999998,162.6,1.28,8474.0,-94.2,3.5200000000000005,1.0,2025-06-18T10:54:33.145073152Z
15177.2,100.0,46.5,1018.1,0.0,0.0,28.579999999999995,252.01999999999998,1.2600000000000002,8475.8,-93.0,3.6399999999999997,1.0,2025-06-18T11:04:33.574940672Z
15179.0,100.0,46.3,1018.1200000000001,0.0,0.0,28.9,171.32,1.94,8477.6,-96.4,0.17999999999999972,1.0,2025-06-18T11:14:33.121854208Z
15180.8,100.0,46.3,1018.18,0.0,0.0,28.820000000000004,150.04000000000002,1.6600000000000001,8479.4,-94.0,4.34,1.0,2025-06-18T11:24:33.218427392Z
15182.6,100.0,45.6,1018.1,0.0,0.0,29.0,175.34,1.28,8481.2,-94.2,3.6,1.0,2025-06-18T11:34:33.123464704Z
15184.4,100.0,46.1,1017.9399999999999,0.0,0.0,29.160000000000004,148.86,1.42,8483.0,-91.2,2.0,1.0,2025-06-18T11:44:33.107240448Z
15186.2,100.0,46.6,1017.9399999999999,0.0,0.0,29.080000000000002,193.1,1.24,8484.8,-92.4,4.08,1.0,2025-06-18T11:54:33.132474624Z
15188.0,100.0,45.1,1017.7800000000001,0.0,0.0,29.380000000000003,298.12,1.3,8486.6,-93.2,4.46,1.0,2025-06-18T12:04:33.109182208Z
15189.8,100.0,43.7,1017.72,0.0,0.0,29.660000000000004,136.57999999999998,1.24,8488.4,-96.6,-0.5399999999999998,1.0,2025-06-18T12:14:33.107632640Z
15191.6,100.0,44.6,1017.7,0.0,0.0,29.619999999999997,86.82000000000001,1.2200000000000002,8490.2,-94.2,4.040000000000001,1.0,2025-06-18T12:24:33.151188480Z
15193.4,100.0,45.1,1017.64,0.0,0.0,29.619999999999997,160.84,1.08,8492.0,-92.8,4.86,1.0,2025-06-18T12:34:33.093271040Z
15195.2,100.0,46.4,1017.6,0.0,0.0,29.68,135.20000000000002,1.08,8493.8,-96.2,-0.16000000000000014,1.0,2025-06-18T12:44:33.089884928Z
15197.0,100.0,44.4,1017.64,0.0,0.004,29.940000000000005,156.44,0.9199999999999999,8495.6,-93.0,3.1199999999999997,1.0,2025-06-18T12:54:33.099564544Z
15198.8,100.0,46.3,1017.54,0.0,0.012,29.420000000000005,279.12,1.6,8497.4,-92.2,3.6799999999999997,1.0,2025-06-18T13:04:33.524955136Z
15200.6,100.0,45.5,1017.46,0.0,0.012,29.9,175.64000000000001,1.6800000000000002,8499.2,-96.2,-0.5399999999999998,1.0,2025-06-18T13:14:33.080791808Z
15202.4,100.0,50.7,1017.4,0.0,0.028000000000000004,28.919999999999998,137.28,1.2200000000000002,8501.0,-92.0,3.9,1.0,2025-06-18T13:24:33.076139520Z
15204.2,100.0,49.3,1017.28,0.0,0.038,28.7,232.88000000000002,1.48,8502.8,-92.6,2.4200000000000004,1.0,2025-06-18T13:34:33.089317632Z
15206.0,100.0,48.4,1017.14,0.0,0.054000000000000006,29.04,234.61999999999998,1.5000000000000002,8504.6,-96.6,0.039999999999999855,1.0,2025-06-18T13:44:33.104216576Z
15207.8,100.0,51.5,1017.0799999999999,0.0,0.094,29.0,140.73999999999998,1.1,8506.4,-95.4,-0.4599999999999994,1.0,2025-06-18T13:54:33.083058944Z
15209.6,100.0,50.0,1016.9399999999999,0.0,0.13399999999999998,28.72,135.54000000000002,1.46,8508.2,-92.4,3.34,1.0,2025-06-18T14:04:33.084013824Z
15211.4,100.0,51.3,1016.9,0.0,0.188,28.82,162.48000000000002,0.9400000000000001,8510.0,-97.4,-0.4799999999999997,1.0,2025-06-18T14:14:33.065880320Z
15213.2,100.0,51.3,1016.9,0.0,0.22999999999999998,28.979999999999997,294.3,1.26,8511.8,-93.2,3.94,1.0,2025-06-18T14:24:33.069027328Z
15215.0,100.0,50.3,1016.7800000000001,0.0,0.266,29.159999999999997,255.14000000000001,1.02,8513.6,-92.8,4.96,1.0,2025-06-18T14:34:33.115026944Z
15216.8,100.0,48.2,1016.6800000000001,0.0,0.32,29.26,220.2,1.48,8515.4,-96.2,-0.5799999999999997,1.0,2025-06-18T14:44:33.059615232Z
15218.6,100.0,49.5,1016.5799999999999,0.0,0.352,29.160000000000004,183.92000000000002,1.3800000000000001,8517.2,-92.6,4.16,1.0,2025-06-18T14:54:33.046223104Z
15220.4,100.0,49.5,1016.4199999999998,0.0,0.392,29.4,171.12,1.9,8519.0,-91.6,3.5,1.0,2025-06-18T15:04:33.481526016Z
15222.2,100.0,48.0,1016.32,0.0,0.396,29.419999999999998,48.46,1.52,8520.8,-96.2,-0.020000000000000285,1.0,2025-06-18T15:14:33.050727168Z
15224.0,100.0,49.6,1016.14,0.0,0.404,29.119999999999997,170.7,1.06,8522.6,-93.0,5.38,1.0,2025-06-18T15:24:33.041228288Z
15225.8,100.0,45.7,1016.1200000000001,0.0,0.404,29.419999999999998,263.2,1.06,8524.4,-93.8,4.36,1.0,2025-06-18T15:34:33.062665216Z
15227.6,100.0,50.9,1016.1200000000001,0.0,0.404,28.46,36.84,0.96,8526.2,-90.2,0.46000000000000013,1.0,2025-06-18T15:44:33.136273920Z
15229.4,100.0,51.0,1016.1,0.0,0.41600000000000004,28.32,168.06,1.3599999999999999,8528.0,-91.6,3.7399999999999998,1.0,2025-06-18T15:54:33.026899456Z
15231.2,100.0,47.9,1016.0600000000001,0.0,0.41600000000000004,29.160000000000004,164.96,1.28,8529.8,-93.2,3.8200000000000003,1.0,2025-06-18T16:04:33.034563072Z
15233.0,100.0,47.9,1016.1600000000001,0.0,0.41600000000000004,29.26,112.09999999999998,1.4600000000000002,8531.6,-96.4,-1.6,1.0,2025-06-18T16:14:33.028351488Z
15234.8,100.0,45.7,1016.1200000000001,0.0,0.41600000000000004,29.339999999999996,99.61999999999999,1.4,8533.4,-91.4,2.7,1.0,2025-06-18T16:24:33.043533824Z
15236.6,100.0,45.9,1016.0799999999999,0.0,0.41600000000000004,29.580000000000002,165.28,0.8,8535.2,-93.0,3.4200000000000004,1.0,2025-06-18T16:34:33.012296192Z
13289.0,100.0,47.375,1015.9499999999999,0.0,0.5125,29.625,180.0,1.05,7631.0,-91.75,3.0,1.0,2025-06-18T16:44:06.973277184Z
15239.8,100.0,44.8,1016.0600000000001,0.0,0.41600000000000004,29.96,133.96,1.4,8538.8,-93.8,2.5599999999999996,1.0,2025-06-18T16:54:32.999633920Z
15241.6,100.0,45.7,1016.1200000000001,0.0,0.41600000000000004,29.98,158.02,0.8,8540.6,-92.2,3.2,1.0,2025-06-18T17:04:32.997421056Z
15243.4,100.0,50.5,1016.14,0.0,0.41600000000000004,29.9,144.54000000000002,0.6599999999999999,8542.4,-96.6,0.12000000000000029,1.0,2025-06-18T17:14:33.001836032Z
15245.2,100.0,49.3,1016.0600000000001,0.0,0.41600000000000004,29.660000000000004,100.46000000000001,0.6200000000000001,8544.2,-93.4,3.6399999999999997,1.0,2025-06-18T17:24:32.997702144Z
15247.0,100.0,49.5,1016.1200000000001,0.0,0.41600000000000004,29.439999999999998,124.96,0.36,8546.0,-92.8,4.18,1.0,2025-06-18T17:34:33.423031808Z
15248.8,100.0,51.4,1016.22,0.0,0.41600000000000004,29.440000000000005,48.48,0.6799999999999999,8547.8,-90.4,1.5399999999999998,1.0,2025-06-18T17:44:32.982967296Z
15250.6,100.0,53.7,1016.22,0.0,0.41600000000000004,28.98,130.76000000000002,0.5,8549.6,-93.2,4.880000000000001,1.0,2025-06-18T17:54:32.969943296Z
15252.4,100.0,56.8,1016.24,0.0,0.41600000000000004,28.619999999999997,114.1,0.6599999999999999,8551.4,-94.0,4.5600000000000005,1.0,2025-06-18T18:04:32.989837824Z
13304.5,100.0,60.875,1016.1000000000001,0.0,0.5125,28.0,157.24999999999997,0.375,7646.75,-91.75,4.325,1.0,2025-06-18T18:14:06.839609856Z
15624.25,100.0,58.375,1016.3,0.0,0.2675,27.35,56.65,0.575,8654.25,-101.5,-2.075,1.0,2025-06-18T18:25:22.208455168Z
15257.0,100.0,61.6,1016.3,0.0,0.41600000000000004,26.6,73.52000000000001,0.8400000000000001,8556.8,-92.4,5.1,1.0,2025-06-18T18:34:32.961596928Z
15258.8,100.0,66.2,1016.3399999999999,0.0,0.42800000000000005,25.56,92.06,0.74,8558.6,-97.4,0.060000000000000143,1.0,2025-06-18T18:44:32.948842240Z
15260.6,100.0,68.3,1016.4200000000001,0.0,0.43200000000000005,24.700000000000003,116.1,1.06,8560.4,-93.2,3.06,1.0,2025-06-18T18:54:33.367976448Z
15262.4,100.0,71.3,1016.4200000000001,0.0,0.44000000000000006,23.94,139.06,1.1400000000000001,8562.2,-93.4,3.5200000000000005,1.0,2025-06-18T19:04:32.953748736Z
13314.25,100.0,73.25,1016.3,0.0,0.55,23.4,125.375,0.875,7657.25,-92.25,4.5,1.0,2025-06-18T19:14:06.799720448Z
15265.6,100.0,73.2,1016.5199999999999,0.0,0.476,23.160000000000004,133.01999999999998,1.0,8565.8,-93.6,3.5,1.0,2025-06-18T19:24:32.915351040Z
15267.4,100.0,74.5,1016.6,0.0,0.484,22.860000000000003,128.06,0.6599999999999999,8567.6,-93.8,3.8800000000000003,1.0,2025-06-18T19:34:32.944697600Z
15269.2,100.0,75.9,1016.72,0.0,0.484,22.5,110.5,0.74,8569.4,-96.8,-0.5600000000000002,1.0,2025-06-18T19:44:32.930992128Z
15271.0,100.0,78.0,1016.86,0.0,0.484,22.12,133.12000000000003,0.6,8571.2,-93.4,4.779999999999999,1.0,2025-06-18T19:54:33.095166976Z
15272.8,100.0,80.6,1016.96,0.0,0.48600000000000004,21.619999999999997,117.12,0.6799999999999999,8573.0,-94.4,3.9,1.0,2025-06-18T20:04:32.902192128Z
15274.6,100.0,81.9,1016.96,0.0,0.48600000000000004,21.34,100.42,0.6399999999999999,8574.8,-97.0,-0.5,1.0,2025-06-18T20:14:32.911998976Z
15276.4,100.0,83.4,1016.96,0.0,0.4880000000000001,21.02,129.62,0.5599999999999999,8576.6,-93.2,4.88,1.0,2025-06-18T20:24:32.867768576Z
15278.2,100.0,84.2,1017.0200000000001,0.0,0.4880000000000001,20.839999999999996,140.04000000000002,0.4,8578.4,-93.0,4.459999999999999,1.0,2025-06-18T20:34:32.873131776Z
15280.0,100.0,86.0,1017.1200000000001,0.0,0.4880000000000001,20.52,163.94,0.36,8580.2,-97.4,0.2799999999999997,1.0,2025-06-18T20:44:32.880015872Z
15281.8,100.0,87.6,1017.1,0.0,0.4880000000000001,20.18,166.6,0.42000000000000004,8582.0,-93.6,4.18,1.0,2025-06-18T20:54:32.847882752Z
15283.6,100.0,88.7,1017.0599999999998,0.0,0.49000000000000005,19.9,198.18,0.38,8583.8,-94.0,4.04,1.0,2025-06-18T21:04:32.904912640Z
13335.0,100.0,89.75,1016.8499999999999,0.0,0.5775,19.775,135.60000000000002,0.475,7678.25,-92.5,4.3,1.0,2025-06-18T21:14:07.258673664Z
15286.8,100.0,90.0,1017.1,0.0,0.49000000000000005,19.580000000000002,134.45999999999998,0.33999999999999997,8587.4,-93.8,4.0,1.0,2025-06-18T21:24:32.851441152Z
15288.6,100.0,91.1,1017.1,0.0,0.49000000000000005,19.34,212.72000000000003,0.44000000000000006,8589.2,-93.4,2.2199999999999998,1.0,2025-06-18T21:34:32.816682240Z
15290.4,100.0,91.3,1017.18,0.0,0.49000000000000005,19.2,279.64,0.5,8591.0,-96.6,-0.9799999999999998,1.0,2025-06-18T21:44:32.825921280Z
15292.2,100.0,91.8,1017.28,0.0,0.49000000000000005,19.080000000000002,160.61999999999998,0.4,8592.8,-93.6,4.9,1.0,2025-06-18T21:54:32.814127360Z
15294.0,100.0,92.9,1017.32,0.0,0.49000000000000005,18.919999999999998,201.8,0.24,8594.6,-94.4,3.7,1.0,2025-06-18T22:04:32.820082688Z
15295.8,100.0,93.3,1017.3399999999999,0.0,0.49000000000000005,18.740000000000002,234.94,0.14,8596.4,-98.0,-0.42000000000000026,1.0,2025-06-18T22:14:32.807153408Z
15297.6,100.0,93.8,1017.28,0.0,0.49000000000000005,18.62,201.7,0.2,8598.2,-93.4,3.66,1.0,2025-06-18T22:24:32.817821184Z
15299.4,99.6,94.1,1017.2199999999999,0.0,0.49000000000000005,18.52,216.36000000000004,0.4,8600.0,-93.4,4.44,1.0,2025-06-18T22:34:32.786891008Z
15301.2,99.4,94.4,1017.14,0.0,0.49000000000000005,18.44,202.6,0.38,8601.8,-97.2,-1.1800000000000002,1.0,2025-06-18T22:44:32.784670208Z
15303.0,99.2,93.9,1017.18,0.0,0.49000000000000005,18.380000000000003,266.28000000000003,0.6,8603.6,-95.2,3.04,1.0,2025-06-18T22:54:32.773820416Z
15304.8,98.8,93.9,1017.18,0.0,0.49000000000000005,18.5,269.68,0.6199999999999999,8605.4,-95.0,4.32,1.0,2025-06-18T23:04:32.771003136Z
15306.6,98.8,93.4,1017.1600000000001,0.0,0.49000000000000005,18.48,239.32,0.54,8607.2,-97.2,0.13999999999999985,1.0,2025-06-18T23:14:32.780276224Z
15308.4,98.8,93.9,1017.1600000000001,0.0,0.49000000000000005,18.46,176.7,0.44000000000000006,8609.0,-94.4,4.220000000000001,1.0,2025-06-18T23:24:33.186788864Z
15310.2,98.6,94.3,1017.0800000000002,0.0,0.49000000000000005,18.2,234.98000000000002,0.52,8610.8,-93.4,3.84,1.0,2025-06-18T23:34:32.736378880Z
15312.0,98.4,94.2,1017.04,0.0,0.49000000000000005,18.080000000000002,228.02000000000004,0.74,8612.6,-91.4,1.8399999999999999,1.0,2025-06-18T23:44:32.725141248Z
15313.8,97.6,94.4,1017.04,0.0,0.49000000000000005,18.060000000000002,228.35999999999999,0.4600000000000001,8614.4,-94.2,4.18,1.0,2025-06-18T23:54:32.714719744Z
15315.6,97.2,94.5,1017.04,0.0,0.49000000000000005,17.88,235.68,0.56,8616.2,-94.8,3.96,1.0,2025-06-19T00:04:33.167703296Z
15317.4,97.2,94.5,1016.9399999999999,0.0,0.49000000000000005,17.84,246.9,0.56,8618.0,-96.8,-0.7600000000000001,1.0,2025-06-19T00:14:32.710876160Z
15319.2,97.2,94.6,1016.9399999999999,0.0,0.49000000000000005,17.64,253.92000000000002,0.45999999999999996,8619.8,-92.6,2.4200000000000004,1.0,2025-06-19T00:24:32.700587776Z
15321.0,96.8,94.7,1016.78,0.0,0.49000000000000005,17.64,262.62,0.38,8621.6,-97.6,-0.2799999999999997,1.0,2025-06-19T00:34:32.722656768Z
15322.8,96.4,94.8,1016.7,0.0,0.49000000000000005,17.68,278.88,0.6799999999999999,8623.4,-97.4,-0.6600000000000001,1.0,2025-06-19T00:44:32.680680192Z
15324.6,96.2,94.6,1016.68,0.0,0.49000000000000005,17.52,261.54,0.6199999999999999,8625.2,-94.0,4.44,1.0,2025-06-19T00:54:32.672687616Z
15326.4,96.0,94.4,1016.68,0.0,0.49000000000000005,17.46,269.55999999999995,0.58,8627.0,-94.0,3.16,1.0,2025-06-19T01:04:32.655457792Z
13376.75,95.75,94.375,1016.525,0.0,0.5775,17.4,273.45,0.525,7720.25,-92.75,4.85,1.0,2025-06-19T01:14:06.531011072Z
15329.6,95.8,95.0,1016.76,0.0,0.49000000000000005,17.240000000000002,221.88000000000002,0.45999999999999996,8630.6,-95.0,3.8,1.0,2025-06-19T01:24:32.638512640Z
15331.4,95.8,95.5,1016.72,0.0,0.49000000000000005,17.0,208.72000000000003,0.42000000000000004,8632.4,-94.0,3.5,1.0,2025-06-19T01:34:32.634929920Z
15333.2,95.4,95.0,1016.7,0.0,0.49000000000000005,16.88,215.95999999999998,0.33999999999999997,8634.2,-96.8,-1.06,1.0,2025-06-19T01:44:32.640036096Z
15335.0,95.4,95.4,1016.8,0.0,0.49000000000000005,16.86,197.04000000000002,0.5399999999999999,8636.0,-93.8,5.34,1.0,2025-06-19T01:54:32.629707520Z
15336.8,94.6,95.4,1016.76,0.0,0.49000000000000005,16.9,194.58,0.5999999999999999,8637.8,-95.2,4.26,1.0,2025-06-19T02:04:32.612012544Z
15338.6,94.4,95.6,1016.8,0.0,0.49000000000000005,16.82,197.28,0.76,8639.6,-96.0,-0.7800000000000005,1.0,2025-06-19T02:14:32.657769472Z
15340.4,94.4,95.7,1016.74,0.0,0.492,16.759999999999998,181.62,0.4,8641.4,-92.6,4.0200000000000005,1.0,2025-06-19T02:24:32.595163136Z
15342.2,94.4,96.1,1016.72,0.0,0.492,16.580000000000002,187.07999999999998,0.30000000000000004,8643.2,-94.2,4.9399999999999995,1.0,2025-06-19T02:34:32.598644224Z
15344.0,94.0,96.4,1016.72,0.0,0.49800000000000005,16.48,262.53999999999996,0.2,8645.0,-97.8,-0.22000000000000028,1.0,2025-06-19T02:44:32.608298240Z
15345.8,93.6,96.7,1016.6600000000001,0.0,0.5040000000000001,16.44,206.0,0.27999999999999997,8646.8,-96.0,3.8600000000000003,1.0,2025-06-19T02:54:32.586609152Z
15347.6,93.4,96.9,1016.72,0.0,0.5040000000000001,16.5,214.5,0.38,8648.6,-92.4,4.36,1.0,2025-06-19T03:04:32.568594176Z
15349.4,93.2,96.9,1016.78,0.0,0.5040000000000001,16.46,184.38,0.5,8650.4,-96.8,0.039999999999999855,1.0,2025-06-19T03:14:32.586518528Z
15351.2,92.8,96.9,1016.74,0.0,0.5040000000000001,16.4,210.44,0.4,8652.2,-94.2,4.74,1.0,2025-06-19T03:24:32.570297088Z
15353.0,92.8,97.1,1016.72,0.0,0.522,16.3,140.98,0.6199999999999999,8654.0,-94.4,3.8,1.0,2025-06-19T03:34:32.548246272Z
15354.8,92.6,97.2,1016.7199999999999,0.0,0.524,16.240000000000002,149.94,0.58,8655.8,-97.0,-0.5600000000000002,1.0,2025-06-19T03:44:32.545126400Z
15356.6,92.4,97.3,1016.68,0.0,0.532,16.38,164.14000000000001,0.52,8657.6,-94.0,5.2,1.0,2025-06-19T03:54:32.542286080Z
15358.4,92.4,97.2,1016.6,0.0,0.534,16.7,233.48000000000002,0.26,8659.4,-94.0,3.8,1.0,2025-06-19T04:04:32.529584640Z
15360.2,92.0,97.4,1016.54,0.0,0.554,17.14,236.11999999999998,0.32,8661.2,-98.4,-0.7200000000000003,1.0,2025-06-19T04:14:32.535800832Z
15362.0,92.0,96.4,1016.54,0.0,0.562,17.7,239.18,0.38,8663.0,-93.8,3.44,1.0,2025-06-19T04:24:32.522605056Z
15363.8,92.0,95.0,1016.54,0.0,0.5700000000000001,18.359999999999996,247.66000000000003,0.45999999999999996,8664.8,-93.8,4.279999999999999,1.0,2025-06-19T04:34:32.501198336Z
15365.6,92.0,92.3,1016.6600000000001,0.0,0.5740000000000001,19.22,139.16000000000003,0.44000000000000006,8666.6,-97.8,-0.42000000000000026,1.0,2025-06-19T04:44:32.509292288Z
15367.4,92.0,88.0,1016.68,0.0,0.5740000000000001,20.06,83.53999999999999,0.16,8668.4,-91.6,0.16000000000000014,1.0,2025-06-19T04:54:32.495795456Z
15369.2,92.0,83.8,1016.74,0.0,0.6,20.7,277.88,1.0,8670.2,-94.0,3.78,1.0,2025-06-19T05:04:32.478834688Z
13418.5,92.5,83.625,1016.5749999999999,0.0,0.67,20.975,287.175,0.8,7762.25,-92.5,4.5,1.0,2025-06-19T05:14:06.326164480Z
15372.4,92.4,81.8,1016.8399999999999,0.0,0.6140000000000001,21.279999999999998,301.48,0.9,8673.8,-94.4,4.4,1.0,2025-06-19T05:24:32.484949248Z
15374.2,92.4,80.2,1016.9399999999999,0.0,0.6140000000000001,21.860000000000003,275.76,0.72,8675.6,-94.0,3.5199999999999996,1.0,2025-06-19T05:34:32.466063872Z
15376.0,92.4,75.8,1016.9799999999999,0.0,0.6140000000000001,22.660000000000004,250.18,0.6599999999999999,8677.4,-93.2,2.7,1.0,2025-06-19T05:44:32.468158464Z
15377.8,93.2,72.7,1016.9399999999999,0.0,0.6220000000000001,23.2,259.3,0.54,8679.2,-93.8,4.5600000000000005,1.0,2025-06-19T05:54:32.449676800Z
15379.6,93.2,70.7,1016.9799999999999,0.0,0.624,23.779999999999998,247.88000000000002,0.5000000000000001,8681.0,-94.2,3.84,1.0,2025-06-19T06:04:32.880781312Z
15381.4,93.2,70.2,1017.0,0.0,0.624,24.18,247.86000000000004,0.76,8682.8,-97.0,-2.5799999999999996,1.0,2025-06-19T06:14:32.456563200Z
18558.5,93.5,68.25,1017.325,0.0,0.76,24.474999999999998,282.825,0.875,10313.5,-88.75,6.749999999999999,1.0,2025-06-19T06:23:46.221159680Z
15384.8,93.2,66.9,1017.0200000000001,0.0,0.624,25.1,237.12000000000003,0.9,8686.4,-93.4,4.26,1.0,2025-06-19T06:34:32.431030528Z
15386.6,94.0,63.6,1017.0200000000001,0.0,0.624,25.659999999999997,132.26,1.2,8688.2,-97.0,-1.2,1.0,2025-06-19T06:44:32.412296960Z
15388.4,95.2,61.8,1016.96,0.0,0.624,26.0,280.48,1.28,8690.0,-94.2,3.72,1.0,2025-06-19T06:54:32.415220480Z
15390.2,96.4,60.5,1016.9799999999999,0.0,0.624,26.320000000000004,255.61999999999998,1.44,8691.8,-93.2,4.5,1.0,2025-06-19T07:04:32.394713600Z
15392.0,97.4,60.2,1016.9399999999999,0.0,0.624,26.559999999999995,305.38,1.02,8693.6,-97.4,-0.6,1.0,2025-06-19T07:14:32.416347136Z
15393.8,98.4,58.8,1016.96,0.0,0.624,26.96,297.78000000000003,1.1400000000000001,8695.4,-94.4,3.4200000000000004,1.0,2025-06-19T07:24:32.380036608Z
15395.6,98.4,56.6,1016.9400000000002,0.0,0.624,27.48,331.4599999999999,1.36,8697.2,-94.2,3.4200000000000004,1.0,2025-06-19T07:34:32.815176192Z
15397.4,99.2,54.9,1016.9400000000002,0.0,0.624,27.98,257.3,1.12,8699.0,-97.0,-0.46000000000000013,1.0,2025-06-19T07:44:32.397519360Z
15399.2,99.2,54.0,1016.9199999999998,0.0,0.624,28.339999999999996,132.73999999999998,1.46,8700.8,-92.2,4.66,1.0,2025-06-19T07:54:32.369887232Z
15401.0,99.2,52.5,1016.86,0.0,0.624,28.68,130.72,0.78,8702.6,-93.8,3.5200000000000005,1.0,2025-06-19T08:04:32.365068800Z
15402.8,99.6,51.4,1016.8399999999999,0.0,0.624,29.0,62.879999999999995,1.02,8704.4,-97.8,-1.0399999999999998,1.0,2025-06-19T08:14:32.369595904Z
15404.6,100.0,50.0,1016.82,0.0,0.624,29.240000000000002,242.06,1.1199999999999999,8706.2,-93.8,3.6,1.0,2025-06-19T08:24:32.352901888Z
15406.4,100.0,49.5,1016.82,0.0,0.624,29.28,201.44,0.62,8708.0,-93.4,4.9,1.0,2025-06-19T08:34:32.346954240Z
15408.2,100.0,47.9,1016.8399999999999,0.0,0.624,29.7,220.5,1.1199999999999999,8709.8,-95.6,-2.38,1.0,2025-06-19T08:44:32.343296256Z
15410.0,100.0,46.7,1016.86,0.0,0.624,30.02,131.42000000000002,1.06,8711.6,-93.8,3.56,1.0,2025-06-19T08:54:32.348351488Z
18590.0,100.0,47.75,1017.0999999999999,0.0,0.76,29.9,229.0,1.0499999999999998,10345.0,-89.0,7.9,1.0,2025-06-19T09:01:16.154043392Z
