Unnamed: 0,battery,humidity,pressure,rf_counter,rf_total,temperature,direction,speed,f_cnt,rssi,snr,value,time
16978.333333333332,100.0,32.916666666666664,1013.6166666666668,0.0,0.0,29.3,149.65,3.6999999999999997,6728.0,-109.0,-8.35,1.0,2025-06-04T12:01:35.923739648Z
16225.25,100.0,32.25,1013.225,0.0,0.0,29.775,181.1,4.25,6072.5,-105.5,-6.5,1.0,2025-06-04T12:12:07.037670400Z
14502.2,100.0,31.0,1012.7800000000001,0.0,0.0,30.0,176.34,3.78,4874.2,-108.0,-12.4,1.0,2025-06-04T12:22:20.325799680Z
13659.0,100.0,31.125,1012.2,0.0,0.0,30.375,178.25,4.525,4090.25,-108.25,-14.7,1.0,2025-06-04T12:31:59.825163008Z
18799.0,100.0,30.0,1013.6750000000001,0.0,0.0,30.224999999999998,134.20000000000002,3.85,8066.0,-107.25,-2.5,1.0,2025-06-04T12:41:29.268105472Z
13509.0,100.0,32.5,1012.15,0.0,0.0,30.325,148.72500000000002,4.199999999999999,4088.25,-109.25,-8.375,1.0,2025-06-04T12:50:32.082263040Z
14266.857142857143,100.0,32.142857142857146,1012.3714285714285,0.0,0.0,30.599999999999998,155.18571428571428,4.014285714285714,4659.428571428572,-109.57142857142857,-6.742857142857143,1.0,2025-06-04T13:00:53.048247552Z
18804.0,100.0,32.375,1013.625,0.0,0.0,30.875,144.975,3.225,8072.0,-106.25,-3.675,1.0,2025-06-04T13:11:29.262784512Z
13514.0,100.0,33.0,1012.2,0.0,0.0,30.799999999999997,183.52499999999998,3.7249999999999996,4096.75,-108.0,-10.825,1.0,2025-06-04T13:22:31.976640768Z
16690.4,100.0,29.6,1013.0600000000001,0.0,0.0,30.8,173.01999999999998,5.22,6486.0,-105.2,-7.640000000000001,1.0,2025-06-04T13:34:24.353242112Z
16239.25,100.0,29.5,1012.875,0.0,0.0,30.725,171.15,5.074999999999999,6093.75,-107.25,-4.0,1.0,2025-06-04T13:42:52.027362304Z
15282.5,100.0,30.916666666666668,1012.6999999999999,0.0,0.0,30.46666666666667,162.48333333333335,4.533333333333334,5429.833333333333,-109.66666666666667,-12.783333333333333,1.0,2025-06-04T13:52:31.113328640Z
16695.6,100.0,30.8,1013.1,0.0,0.0,30.459999999999997,158.51999999999998,4.32,6492.6,-107.8,-6.0,1.0,2025-06-04T14:03:48.332286464Z
18916.333333333332,100.0,33.666666666666664,1013.7999999999998,0.0,0.0,29.733333333333334,178.83333333333334,3.6666666666666665,8089.0,-102.0,-1.6000000000000003,1.0,2025-06-04T14:13:07.765908736Z
14520.0,100.0,32.8,1012.7199999999999,0.0,0.0,29.54,179.92000000000002,5.380000000000001,4904.8,-107.4,-9.680000000000001,1.0,2025-06-04T14:22:56.283121408Z
16700.2,100.0,33.2,1013.1599999999999,0.0,0.0,29.54,174.98000000000002,5.08,6499.0,-106.8,-7.359999999999999,1.0,2025-06-04T14:32:36.305848576Z
14645.8,100.0,34.9,1012.6200000000001,0.0,0.0,29.02,207.06,4.5200000000000005,4915.2,-108.4,-4.5200000000000005,1.0,2025-06-04T14:42:06.515996928Z
15292.166666666666,100.0,33.75,1012.7166666666666,0.0,0.0,29.916666666666668,185.33333333333334,5.116666666666666,5444.833333333333,-108.16666666666667,-6.483333333333333,1.0,2025-06-04T14:53:31.035450368Z
15294.166666666666,100.0,32.916666666666664,1012.6166666666668,0.0,0.0,30.016666666666666,191.46666666666667,5.050000000000001,5447.0,-107.5,-8.116666666666667,1.0,2025-06-04T15:02:41.019501312Z
13583.0,100.0,35.166666666666664,1012.0333333333333,0.0,0.0,29.349999999999998,199.8166666666667,4.666666666666667,4128.5,-108.16666666666667,-7.766666666666668,1.0,2025-06-04T15:12:36.195859200Z
18826.5,100.0,34.375,1013.5,0.0,0.0,30.0,169.8,3.9750000000000005,8098.5,-110.0,-10.625,1.0,2025-06-04T15:23:59.212433408Z
13586.333333333334,100.0,37.25,1012.0000000000001,0.0,0.0,29.416666666666668,214.61666666666667,3.533333333333333,4133.5,-108.0,-6.75,1.0,2025-06-04T15:31:36.184217856Z
13588.666666666666,100.0,37.333333333333336,1011.8333333333334,0.0,0.0,29.666666666666668,225.71666666666667,3.6333333333333333,4136.5,-110.5,-12.25,1.0,2025-06-04T15:42:36.199768832Z
16714.6,100.0,36.4,1012.6199999999999,0.0,0.0,29.5,190.88000000000002,4.140000000000001,6517.4,-109.6,-11.08,1.0,2025-06-04T15:53:24.277466368Z
13541.5,100.0,38.1875,1011.6375,0.0,0.0,28.9125,203.07500000000002,3.0500000000000003,4139.5,-110.0,-9.375,1.0,2025-06-04T16:02:46.909885440Z
14663.8,100.0,39.7,1011.7199999999999,0.0,0.0,28.839999999999996,206.53999999999996,2.5,4938.2,-105.8,-8.02,1.0,2025-06-04T16:12:42.479686144Z
14542.2,100.0,38.4,1011.7,0.0,0.0,29.379999999999995,178.06,2.4,4935.2,-110.0,-6.08,1.0,2025-06-04T16:22:56.212930560Z
13548.0,100.0,38.6875,1011.1999999999999,0.0,0.0,29.287499999999998,201.225,2.5625,4147.5,-109.0,-8.7,1.0,2025-06-04T16:32:46.891553792Z
16272.25,100.0,39.625,1011.925,0.0,0.0,29.125,203.475,2.3249999999999997,6135.75,-107.25,-5.1,1.0,2025-06-04T16:42:51.923934464Z
16725.8,100.0,42.0,1012.1199999999999,0.0,0.0,28.9,162.71999999999997,2.5,6531.2,-108.0,-5.6,1.0,2025-06-04T16:54:00.253611264Z
13553.75,100.0,42.0625,1011.325,0.0,0.0025,28.25,183.275,2.55,4155.5,-107.875,-9.6,1.0,2025-06-04T17:02:47.143860736Z
14675.8,100.0,43.5,1011.68,0.0,0.004,27.580000000000002,190.74,2.08,4953.4,-106.0,-9.74,1.0,2025-06-04T17:12:42.445280768Z
14554.0,100.0,45.1,1011.72,0.0,0.002,26.9,169.64,2.18,4950.4,-110.8,-9.76,1.0,2025-06-04T17:22:56.180433664Z
16281.25,100.0,48.75,1012.15,0.0,0.01,26.025,168.675,1.5999999999999999,6148.0,-106.5,-4.8,1.0,2025-06-04T17:35:06.912069376Z
14680.6,100.0,49.7,1011.6599999999999,0.0,0.008,25.76,169.67999999999998,1.6,4961.0,-107.4,-6.5,1.0,2025-06-04T17:42:42.440867072Z
16736.2,100.0,50.7,1012.24,0.0,0.012,25.380000000000003,136.74,2.2199999999999998,6544.6,-109.4,-10.82,1.0,2025-06-04T17:53:24.215367168Z
14320.142857142857,100.0,48.07142857142857,1011.4857142857142,0.0,0.008571428571428572,25.542857142857144,152.72857142857143,2.3142857142857145,4737.142857142857,-109.28571428571429,-8.714285714285714,1.0,2025-06-04T18:03:10.019289344Z
16288.5,100.0,48.75,1011.875,0.0,0.01,25.325,154.45,2.4749999999999996,6156.75,-106.0,-6.275,1.0,2025-06-04T18:12:51.879671040Z
15331.166666666666,100.0,48.5,1011.6500000000001,0.0,0.01,25.316666666666666,149.33333333333334,2.233333333333333,5496.0,-108.16666666666667,-6.466666666666666,1.0,2025-06-04T18:23:00.913760256Z
15333.166666666666,100.0,47.833333333333336,1011.5999999999999,0.0,0.01,25.333333333333332,137.15,2.433333333333333,5498.833333333333,-107.5,-7.766666666666667,1.0,2025-06-04T18:34:10.906911488Z
14691.8,100.0,47.8,1011.5799999999999,0.0,0.008,25.4,172.54000000000002,1.8200000000000003,4976.0,-108.2,-7.140000000000001,1.0,2025-06-04T18:42:06.404858112Z
11007.0,100.0,51.125,1010.725,0.0,0.14500000000000002,24.95,181.05,1.3250000000000002,2210.25,-109.25,-8.875,1.0,2025-06-04T18:51:09.612773888Z
12642.6,100.0,64.9,1011.1600000000001,0.0,0.7180000000000001,22.82,108.85999999999999,1.4400000000000002,3402.2,-109.6,-11.5,1.0,2025-06-04T19:02:48.638186752Z
13733.5,100.0,64.125,1011.35,0.0,0.9650000000000001,22.55,120.44999999999999,1.325,4197.25,-110.0,-11.75,1.0,2025-06-04T19:12:59.665381120Z
11014.25,100.0,61.75,1010.5999999999999,0.0,0.5725,23.225,130.45,0.95,2219.25,-109.25,-6.875,1.0,2025-06-04T19:21:10.135124736Z
11924.166666666666,100.0,62.166666666666664,1010.8666666666668,0.0,0.7066666666666667,23.133333333333336,150.25,1.05,2882.5,-107.66666666666667,-7.75,1.0,2025-06-04T19:32:21.271197952Z
11926.666666666666,100.0,62.0,1011.1333333333333,0.0,0.7133333333333334,22.866666666666664,146.56666666666666,0.7666666666666666,2885.6666666666665,-105.66666666666667,-9.866666666666665,1.0,2025-06-04T19:42:51.254295296Z
13742.0,100.0,64.25,1011.5999999999999,0.0,0.9800000000000001,22.75,196.3,1.125,4207.75,-109.0,-8.7,1.0,2025-06-04T19:52:29.635960064Z
12656.2,100.0,63.5,1011.3199999999999,0.0,0.8240000000000001,22.68,170.66000000000003,1.0,3418.8,-107.8,-5.16,1.0,2025-06-04T20:02:12.597884160Z
12658.8,100.0,60.4,1011.3800000000001,0.0,0.8240000000000001,22.82,136.88,0.9199999999999999,3421.8,-106.8,-5.220000000000001,1.0,2025-06-04T20:12:48.602298880Z
12661.4,100.0,69.8,1011.54,0.0,0.8240000000000001,21.96,88.6,0.8400000000000001,3424.4,-106.2,-8.34,1.0,2025-06-04T20:22:12.587149568Z
12664.0,100.0,70.8,1011.6200000000001,0.0,0.8240000000000001,21.479999999999997,158.3,0.54,3427.6,-106.8,-5.84,1.0,2025-06-04T20:33:24.588993792Z
12666.6,100.0,72.6,1011.5200000000001,0.0,0.8240000000000001,21.440000000000005,141.22,0.74,3430.2,-108.2,-6.9799999999999995,1.0,2025-06-04T20:42:48.572952064Z
11943.666666666666,100.0,71.16666666666667,1011.3333333333334,0.0,0.7200000000000001,21.46666666666667,144.83333333333334,1.0,2905.3333333333335,-107.66666666666667,-8.299999999999999,1.0,2025-06-04T20:51:11.220685056Z
12670.8,100.0,73.8,1011.4400000000002,0.0,0.8240000000000001,21.459999999999997,148.76,0.9799999999999999,3436.0,-109.6,-11.9,1.0,2025-06-04T21:03:24.575356160Z
12673.4,100.0,73.4,1011.4799999999999,0.0,0.8240000000000001,21.339999999999996,194.66000000000003,0.78,3438.6,-107.6,-7.1,1.0,2025-06-04T21:12:48.582420992Z
12676.0,99.6,76.9,1011.5,0.0,0.8240000000000001,20.78,94.28,1.1800000000000002,3441.2,-111.0,-10.2,1.0,2025-06-04T21:22:12.572491264Z
11954.166666666666,99.33333333333333,77.75,1011.3000000000001,0.0,0.7200000000000001,20.55,154.28333333333333,0.85,2917.1666666666665,-107.66666666666667,-6.166666666666667,1.0,2025-06-04T21:32:21.207425792Z
13768.5,99.5,81.75,1011.75,0.0,0.9800000000000001,19.975,200.625,0.85,4237.0,-108.25,-4.075,1.0,2025-06-04T21:42:14.563564288Z
11053.25,99.25,77.375,1010.9749999999999,0.0,0.5900000000000001,20.25,186.225,0.875,2264.25,-109.25,-9.325,1.0,2025-06-04T21:51:09.516767488Z
13772.5,99.5,81.125,1011.625,0.0,0.9800000000000001,20.1,230.72500000000002,0.575,4242.5,-106.5,-3.4749999999999996,1.0,2025-06-04T22:02:44.576477440Z
13774.5,99.5,81.75,1011.5999999999999,0.0,0.9800000000000001,19.9,262.67499999999995,0.75,4245.0,-107.0,-4.1,1.0,2025-06-04T22:12:14.553154560Z
12690.0,98.8,81.6,1011.3800000000001,0.0,0.8240000000000001,19.740000000000002,270.9,0.6799999999999999,3458.0,-109.4,-9.14,1.0,2025-06-04T22:22:12.545842176Z
12692.6,98.4,80.1,1011.4,0.0,0.8240000000000001,19.74,239.94,0.45999999999999996,3461.0,-110.4,-11.419999999999998,1.0,2025-06-04T22:32:48.537920000Z
13781.5,98.5,81.625,1011.675,0.0,0.9800000000000001,19.45,238.6,0.4,4253.0,-106.5,-5.275,1.0,2025-06-04T22:42:14.527044096Z
19216.5,99.0,88.5,1013.1,0.0,1.76,19.299999999999997,243.4,0.55,8202.5,-106.5,-10.0,1.0,2025-06-04T22:53:55.747627520Z
12698.0,98.4,81.5,1011.5200000000001,0.0,0.8240000000000001,18.900000000000002,286.34,1.1,3469.2,-111.2,-10.940000000000001,1.0,2025-06-04T23:02:12.517607936Z
12700.6,98.4,80.8,1011.6,0.0,0.8240000000000001,18.76,306.05999999999995,0.7200000000000001,3472.2,-106.6,-6.04,1.0,2025-06-04T23:12:48.498239232Z
13789.5,97.0,81.375,1011.925,0.0,0.9800000000000001,18.95,324.275,0.7000000000000001,4263.75,-110.0,-9.925,1.0,2025-06-04T23:22:29.540372992Z
12705.2,96.4,78.0,1011.72,0.0,0.8240000000000001,19.119999999999997,237.42,0.9600000000000002,3477.4,-107.4,-5.66,1.0,2025-06-04T23:31:36.485771776Z
13794.0,96.5,78.375,1012.025,0.0,0.9800000000000001,19.3,194.20000000000002,1.0,4269.25,-105.75,-4.65,1.0,2025-06-04T23:42:59.507717376Z
11985.0,96.33333333333333,75.33333333333333,1011.5333333333333,0.0,0.7200000000000001,19.26666666666667,163.63333333333333,0.7333333333333334,2957.6666666666665,-107.66666666666667,-8.133333333333333,1.0,2025-06-04T23:52:11.139535872Z
13797.5,96.5,77.875,1011.9749999999999,0.0,0.9800000000000001,19.3,219.75,0.75,4274.5,-107.25,-4.075,1.0,2025-06-05T00:02:44.515715840Z
15610.0,96.66666666666667,80.0,1012.3666666666667,0.0,1.24,19.133333333333336,239.86666666666665,0.8333333333333334,5591.0,-104.0,-2.5333333333333337,1.0,2025-06-05T00:13:17.846373376Z
11990.0,96.0,77.83333333333333,1011.3666666666667,0.0,0.7200000000000001,19.066666666666666,274.1666666666667,0.8333333333333334,2966.3333333333335,-108.33333333333333,-6.8,1.0,2025-06-05T00:22:11.140504320Z
12716.4,95.4,77.9,1011.54,0.0,0.8240000000000001,19.04,169.35999999999999,0.9799999999999999,3494.6,-106.8,-7.0,1.0,2025-06-05T00:32:48.457954560Z
15615.333333333334,95.66666666666667,78.33333333333333,1012.2666666666668,0.0,1.24,19.03333333333333,289.3333333333333,0.8666666666666667,5598.333333333333,-104.66666666666667,-1.8333333333333333,1.0,2025-06-05T00:43:17.838820096Z
11995.666666666666,95.33333333333333,74.33333333333333,1011.4333333333334,0.0,0.7200000000000001,19.033333333333335,89.06666666666666,1.0666666666666667,2975.0,-108.33333333333333,-7.0,1.0,2025-06-05T00:52:11.135050496Z
12722.0,95.4,73.4,1011.5600000000001,0.0,0.8240000000000001,19.04,234.8,0.8600000000000001,3502.8,-105.8,-7.82,1.0,2025-06-05T01:02:12.446920704Z
13810.5,95.5,73.5,1011.7750000000001,0.0,0.9800000000000001,19.275,201.125,0.7500000000000001,4293.0,-104.75,-5.15,1.0,2025-06-05T01:12:14.447470592Z
15622.666666666666,95.0,72.66666666666667,1012.2333333333332,0.0,1.24,19.066666666666666,285.46666666666664,0.9,5608.0,-108.66666666666667,-10.733333333333334,1.0,2025-06-05T01:22:57.829389312Z
19245.5,94.0,77.5,1013.1500000000001,0.0,1.76,18.6,269.0,1.0,8234.5,-99.0,2.15,1.0,2025-06-05T01:33:54.544115968Z
15625.666666666666,94.0,76.0,1012.2000000000002,0.0,1.24,18.46666666666667,301.1666666666667,0.6333333333333333,5613.333333333333,-103.66666666666667,-3.266666666666667,1.0,2025-06-05T01:44:17.797980928Z
12005.333333333334,94.0,73.5,1011.2333333333332,0.0,0.7266666666666667,18.566666666666666,220.93333333333337,0.9666666666666667,2992.3333333333335,-108.0,-8.066666666666666,1.0,2025-06-05T01:52:11.066066176Z
15628.666666666666,94.0,75.0,1012.1333333333332,0.0,1.2533333333333334,18.099999999999998,258.2666666666667,0.7999999999999999,5617.333333333333,-104.33333333333333,-1.6666666666666667,1.0,2025-06-05T02:01:37.790878976Z
19252.5,94.0,73.75,1013.0,0.0,1.795,18.1,289.9,1.35,8242.5,-102.0,1.15,1.0,2025-06-05T02:13:54.518266112Z
13820.0,93.0,75.5,1011.7,0.0,1.0050000000000001,17.75,258.70000000000005,0.6000000000000001,4312.0,-105.0,-5.4,1.0,2025-06-05T02:22:44.458943488Z
12010.833333333334,92.33333333333333,78.33333333333333,1011.3000000000001,0.0,0.7366666666666668,17.03333333333333,147.76666666666668,0.7000000000000001,3003.8333333333335,-107.0,-7.866666666666667,1.0,2025-06-05T02:32:21.055870208Z
15635.333333333334,92.66666666666667,80.66666666666667,1012.3000000000001,0.0,1.2733333333333334,16.833333333333332,195.19999999999996,0.7666666666666667,5628.0,-104.0,-1.4333333333333336,1.0,2025-06-05T02:44:17.788673792Z
13825.5,92.5,81.25,1011.8499999999999,0.0,1.0050000000000001,16.55,199.6,1.25,4319.0,-105.5,-5.5,1.0,2025-06-05T02:49:44.415832576Z
19260.5,93.0,84.5,1013.4,0.0,1.81,16.549999999999997,176.65,0.5,8252.5,-100.5,2.9,1.0,2025-06-05T03:03:54.496669696Z
15639.333333333334,92.66666666666667,84.16666666666667,1012.5333333333334,0.0,1.2733333333333334,16.03333333333333,174.23333333333335,1.0333333333333332,5635.0,-103.33333333333333,-0.2666666666666669,1.0,2025-06-05T03:13:17.754140416Z
19264.0,93.0,84.5,1013.5,0.0,1.81,16.4,199.1,1.1,8256.0,-101.0,4.2,1.0,2025-06-05T03:21:24.521990912Z
13830.0,91.5,83.125,1011.9499999999999,0.0,1.0050000000000001,16.0,212.95,0.6,4330.25,-106.5,-5.375,1.0,2025-06-05T03:31:59.401775360Z
12745.2,91.4,82.4,1011.68,0.0,0.8440000000000001,15.819999999999999,182.11999999999998,0.9,3547.8,-106.8,-6.7,1.0,2025-06-05T03:42:48.365986304Z
12022.666666666666,91.33333333333333,81.0,1011.4333333333334,0.0,0.7366666666666668,16.0,161.13333333333335,0.7333333333333334,3027.0,-108.66666666666667,-7.033333333333334,1.0,2025-06-05T03:52:11.020460800Z
12749.4,91.4,81.9,1011.7199999999999,0.0,0.8440000000000001,16.080000000000002,206.0,0.58,3553.0,-107.0,-5.54,1.0,2025-06-05T04:01:36.375282176Z
13838.5,91.5,81.5,1012.125,0.0,1.0050000000000001,16.4,199.375,0.95,4341.25,-105.5,-6.45,1.0,2025-06-05T04:12:59.366357760Z
13840.0,91.5,84.25,1012.25,0.0,1.0050000000000001,16.4,269.35,0.5,4343.5,-107.0,-3.6,1.0,2025-06-05T04:21:14.367407616Z
12030.833333333334,90.66666666666667,81.41666666666667,1011.8333333333335,0.0,0.7366666666666668,16.55,207.6666666666667,0.8666666666666666,3038.5,-107.83333333333333,-6.883333333333333,1.0,2025-06-05T04:32:21.022823424Z
12758.2,90.4,80.3,1011.9399999999999,0.0,0.8440000000000001,17.3,139.46,0.9399999999999998,3564.6,-107.0,-4.68,1.0,2025-06-05T04:42:48.348872960Z
12036.0,90.33333333333333,75.33333333333333,1011.8666666666667,0.0,0.7366666666666668,18.333333333333332,185.1,1.0333333333333334,3044.3333333333335,-107.0,-9.066666666666666,1.0,2025-06-05T04:52:11.004217344Z
12762.4,90.4,74.4,1012.1,0.0,0.8440000000000001,19.259999999999998,192.92,1.3,3570.4,-105.8,-8.16,1.0,2025-06-05T05:03:24.338833664Z
12765.0,90.4,71.5,1012.0200000000001,0.0,0.8440000000000001,19.759999999999998,206.4,1.1400000000000001,3573.0,-104.2,-7.859999999999999,1.0,2025-06-05T05:12:48.328256512Z
11138.25,90.25,71.125,1011.725,0.0,0.6025000000000001,20.0,254.1,1.275,2399.25,-108.25,-8.325,1.0,2025-06-05T05:21:09.293181184Z
12046.166666666666,92.16666666666667,70.75,1012.1333333333333,0.0,0.7366666666666668,20.116666666666667,255.11666666666667,1.0999999999999999,3055.8333333333335,-105.16666666666667,-8.0,1.0,2025-06-05T05:32:20.973456640Z
13858.5,93.0,70.875,1012.7,0.0,1.0050000000000001,20.674999999999997,284.775,0.875,4365.5,-102.75,-9.8,1.0,2025-06-05T05:43:44.311863808Z
11146.25,93.0,67.125,1012.0,0.0,0.6025000000000001,21.625,274.925,0.525,2408.25,-109.25,-8.3,1.0,2025-06-05T05:51:09.245556480Z
12777.2,93.0,64.1,1012.3,0.0,0.8440000000000001,22.16,235.64000000000001,1.1,3587.0,-107.6,-7.040000000000001,1.0,2025-06-05T06:02:48.255373824Z
12779.8,93.0,62.5,1012.2400000000001,0.0,0.8440000000000001,22.779999999999998,243.07999999999998,0.6799999999999999,3589.8,-106.8,-7.94,1.0,2025-06-05T06:12:48.245584896Z
11154.25,93.0,55.625,1011.9250000000001,0.0,0.6025000000000001,23.924999999999997,224.00000000000003,0.625,2417.25,-109.25,-10.125,1.0,2025-06-05T06:21:09.189188352Z
12061.5,96.0,59.083333333333336,1012.6666666666666,0.0,0.7366666666666668,23.983333333333334,266.6333333333334,1.1833333333333333,3073.1666666666665,-108.0,-7.05,1.0,2025-06-05T06:32:20.886610944Z
12787.8,98.8,63.2,1012.86,0.0,0.8440000000000001,23.6,209.68,1.0,3598.2,-107.0,-6.419999999999999,1.0,2025-06-05T06:42:48.228414720Z
12066.666666666666,99.0,60.166666666666664,1012.2666666666668,0.0,0.7366666666666668,24.3,56.333333333333336,1.0,3078.6666666666665,-106.33333333333333,-8.6,1.0,2025-06-05T06:51:10.867025920Z
12792.0,98.8,55.3,1012.1600000000001,0.0,0.8440000000000001,24.740000000000002,72.5,1.5399999999999998,3603.8,-107.2,-7.58,1.0,2025-06-05T07:02:48.209025792Z
13879.0,98.5,50.25,1012.275,0.0,1.0050000000000001,24.8,138.0,2.35,4389.5,-105.0,-5.55,1.0,2025-06-05T07:13:44.228719616Z
13880.5,98.5,47.5,1012.25,0.0,1.0050000000000001,25.049999999999997,157.15,3.3499999999999996,4392.0,-107.5,-3.5,1.0,2025-06-05T07:22:44.219126784Z
19305.5,98.5,56.5,1013.6,0.0,1.81,24.65,121.1,1.85,8306.5,-99.5,1.65,1.0,2025-06-05T07:33:54.362851072Z
15691.0,100.0,44.0,1012.6666666666666,0.0,1.2733333333333334,25.633333333333336,175.5333333333333,3.466666666666667,5701.0,-105.0,-2.1333333333333333,1.0,2025-06-05T07:43:17.592629248Z
13884.5,100.0,41.25,1012.2,0.0,1.0050000000000001,25.9,182.575,4.324999999999999,4400.0,-110.25,-11.45,1.0,2025-06-05T07:53:14.238732288Z
13886.5,100.0,40.25,1012.275,0.0,1.0050000000000001,25.65,182.725,3.95,4402.5,-105.75,-5.7,1.0,2025-06-05T08:02:44.206099200Z
13888.5,100.0,41.75,1012.4499999999999,0.0,1.0050000000000001,25.775,191.75,2.625,4405.0,-106.25,-6.075,1.0,2025-06-05T08:12:14.756510720Z
13890.0,100.0,41.0,1012.55,0.0,1.0050000000000001,25.6,212.85,2.7,4407.0,-105.5,-6.5,1.0,2025-06-05T08:19:44.200391168Z
13891.5,100.0,43.5,1012.725,0.0,1.0050000000000001,25.35,202.9,2.65,4411.0,-106.5,-5.025,1.0,2025-06-05T08:34:14.209638144Z
15701.666666666666,100.0,49.166666666666664,1013.1999999999999,0.0,1.2733333333333334,25.166666666666668,227.19999999999996,1.3666666666666665,5716.0,-106.33333333333333,-2.766666666666667,1.0,2025-06-05T08:44:18.296737792Z
12086.333333333334,100.0,44.0,1012.2666666666668,0.0,0.7366666666666668,25.0,196.93333333333337,1.6333333333333335,3113.3333333333335,-106.66666666666667,-9.933333333333334,1.0,2025-06-05T08:51:10.818896128Z
13896.5,100.0,43.125,1012.625,0.0,1.0050000000000001,25.500000000000004,174.575,2.15,4418.5,-109.0,-5.55,1.0,2025-06-05T09:02:44.186053376Z
13898.5,100.0,64.125,2397.4750000000004,63.75,164.39000000000001,19.25,119.2,1639.85,4421.5,-106.0,-4.425,1.0,2025-06-05T09:13:45.205568000Z
11188.25,100.0,42.75,1011.85,0.0,0.6025000000000001,25.675,169.4,1.75,2471.25,-110.0,-8.375,1.0,2025-06-05T09:21:09.109516032Z
13902.5,100.0,42.125,1012.5,0.0,1.0050000000000001,26.150000000000002,189.79999999999998,2.8,4426.25,-106.0,-5.325,1.0,2025-06-05T09:31:59.174721792Z
13904.5,100.0,39.125,1012.45,0.0,1.0050000000000001,26.425,175.475,2.8,4429.0,-105.0,-7.45,1.0,2025-06-05T09:42:14.187669760Z
12098.333333333334,100.0,41.833333333333336,1011.9,0.0,0.7366666666666668,26.766666666666666,168.83333333333334,1.8666666666666665,3130.6666666666665,-107.0,-7.8999999999999995,1.0,2025-06-05T09:51:10.782008064Z
13908.0,100.0,39.25,1012.4,0.0,1.0050000000000001,27.325,170.175,1.8250000000000002,4434.25,-106.5,-6.425,1.0,2025-06-05T10:01:59.156758528Z
13910.0,100.0,37.125,1012.325,0.0,1.0050000000000001,28.0,156.95,2.4000000000000004,4437.0,-105.5,-7.7,1.0,2025-06-05T10:12:14.152036608Z
12104.0,100.0,37.5,1011.7999999999998,0.0,0.7366666666666668,27.96666666666667,171.4333333333333,3.7999999999999994,3139.6666666666665,-109.66666666666667,-8.433333333333334,1.0,2025-06-05T10:22:10.773002240Z
19336.5,100.0,34.25,1013.6500000000001,0.0,0.0,28.85,192.55,1.9,8342.5,-100.5,3.35,1.0,2025-06-05T10:33:54.279062272Z
15722.333333333334,100.0,34.333333333333336,1012.7666666666668,0.0,0.06666666666666667,28.666666666666668,174.56666666666663,2.966666666666667,5744.666666666667,-106.66666666666667,-1.5999999999999996,1.0,2025-06-05T10:42:17.525936896Z
12107.666666666666,100.0,37.0,1011.8666666666667,0.0,0.13333333333333333,28.5,134.20000000000002,2.7999999999999994,3148.3333333333335,-109.0,-7.166666666666667,1.0,2025-06-05T10:52:10.764006144Z
13917.5,100.0,35.125,1012.3,0.0,0.1,28.724999999999998,153.6,3.5,4450.25,-107.25,-4.5,1.0,2025-06-05T11:01:59.132031232Z
13919.5,100.0,36.75,1012.175,0.0,0.1,28.825000000000003,128.8,2.175,4453.0,-105.0,-5.525,1.0,2025-06-05T11:12:14.127968256Z
13921.0,100.0,36.75,1012.05,0.0,0.1,29.1,145.45,3.3,4455.0,-107.0,-5.9,1.0,2025-06-05T11:19:44.124729856Z
12838.0,100.0,37.1,1011.64,0.0,0.08,29.320000000000004,157.22,3.88,3679.0,-108.6,-6.659999999999999,1.0,2025-06-05T11:31:36.102620672Z
13925.0,100.0,36.25,1011.95,0.0,0.0,29.349999999999998,161.325,4.075,4461.5,-105.75,-8.175,1.0,2025-06-05T11:43:44.123593728Z
12119.0,100.0,37.666666666666664,1011.3666666666667,0.0,0.0,29.3,131.0,3.0,3165.3333333333335,-107.33333333333333,-8.766666666666667,1.0,2025-06-05T11:51:10.738990336Z
12121.5,100.0,37.75,1011.2666666666668,0.0,0.0,29.616666666666664,154.41666666666666,4.349999999999999,3168.5,-109.0,-7.516666666666667,1.0,2025-06-05T12:02:20.744653824Z
13931.5,100.0,37.5,1011.7,0.0,0.0,29.775,179.825,3.8500000000000005,4469.0,-107.25,-5.75,1.0,2025-06-05T12:12:14.113387008Z
15472.666666666666,100.0,37.166666666666664,1012.1333333333333,0.0,0.5166666666666667,29.8,165.73333333333332,2.3333333333333335,2982.3333333333335,-108.0,-5.933333333333334,1.0,2025-06-05T12:23:15.733715200Z
13800.833333333334,100.0,38.25,1011.5833333333334,0.0,0.25833333333333336,29.833333333333332,161.1,3.233333333333334,3080.8333333333335,-106.83333333333333,-9.366666666666667,1.0,2025-06-05T12:32:28.013569280Z
16868.2,100.0,36.5,1012.4800000000001,0.0,0.62,30.119999999999997,138.76,3.06,3466.6,-105.0,-7.74,1.0,2025-06-05T12:41:17.546954496Z
16247.25,100.0,37.375,1012.3,0.0,0.775,29.825,122.2,2.575,2243.25,-109.75,-4.8,1.0,2025-06-05T12:50:45.869786112Z
16449.5,100.0,38.125,1012.3249999999999,0.0,0.3875,29.9,146.65,3.325,4336.25,-105.0,-5.275,1.0,2025-06-05T13:01:25.015807744Z
15480.5,100.0,38.25,1012.0666666666667,0.0,0.5166666666666667,29.599999999999998,170.08333333333334,3.3166666666666664,2993.5,-106.16666666666667,-8.6,1.0,2025-06-05T13:11:25.271910400Z
18829.333333333332,100.0,37.666666666666664,1013.0,0.0,1.0333333333333334,29.966666666666665,138.0,2.1,2800.3333333333335,-107.0,-5.833333333333333,1.0,2025-06-05T13:21:39.817501696Z
13809.833333333334,100.0,42.166666666666664,1011.4666666666667,0.0,0.25833333333333336,28.816666666666666,177.0,3.9333333333333336,3096.3333333333335,-108.0,-8.033333333333333,1.0,2025-06-05T13:31:57.990912768Z
18966.5,100.0,40.5,1012.925,0.0,0.775,29.299999999999997,156.625,2.9749999999999996,4198.0,-102.25,-6.45,1.0,2025-06-05T13:41:51.468296448Z
14710.0,100.0,41.6,1011.6600000000001,0.0,0.62,29.059999999999995,150.44,3.9599999999999995,1927.2,-108.0,-10.919999999999998,1.0,2025-06-05T13:52:01.471776768Z
14872.4,100.0,44.1,1011.6199999999999,0.0,0.318,29.059999999999995,197.66000000000003,3.72,3602.4,-107.2,-6.18,1.0,2025-06-05T14:01:44.795332352Z
15490.166666666666,100.0,43.833333333333336,1011.7333333333332,0.0,0.5233333333333333,29.516666666666666,175.31666666666663,4.4,3007.8333333333335,-108.5,-5.883333333333333,1.0,2025-06-05T14:12:25.608617984Z
13684.666666666666,100.0,42.666666666666664,1011.1999999999999,0.0,0.52,29.78333333333333,172.53333333333333,5.1,1715.0,-109.5,-12.066666666666668,1.0,2025-06-05T14:21:21.861964544Z
13820.833333333334,100.0,41.833333333333336,1011.0500000000001,0.0,0.265,29.866666666666664,185.89999999999998,4.8500000000000005,3112.3333333333335,-106.66666666666667,-7.933333333333334,1.0,2025-06-05T14:32:57.968286720Z
18976.5,100.0,41.25,1012.4749999999999,0.0,0.785,30.199999999999996,159.45000000000002,5.65,4209.0,-105.5,-5.6499999999999995,1.0,2025-06-05T14:41:50.887668224Z
14720.8,100.0,43.0,1011.28,0.0,0.624,29.82,176.45999999999998,4.94,1941.2,-109.8,-8.1,1.0,2025-06-05T14:50:49.430739456Z
14883.2,100.0,43.3,1011.1200000000001,0.0,0.318,29.82,185.42,4.699999999999999,3617.4,-107.0,-5.76,1.0,2025-06-05T15:02:20.764729088Z
15500.833333333334,100.0,43.666666666666664,1011.4,0.0,0.5233333333333333,29.666666666666668,178.41666666666666,4.616666666666667,3021.5,-107.33333333333333,-7.8999999999999995,1.0,2025-06-05T15:11:25.231828992Z
16272.25,100.0,43.25,1011.675,0.0,0.78,29.575,154.6,5.475,2276.0,-109.25,-6.4750000000000005,1.0,2025-06-05T15:21:31.338426112Z
16474.5,100.0,44.0,1011.525,0.0,0.3975,29.324999999999996,180.95,4.800000000000001,4370.0,-106.75,-5.3,1.0,2025-06-05T15:31:24.953833216Z
15505.5,100.0,44.833333333333336,1011.2999999999998,0.0,0.5233333333333333,29.233333333333334,170.76666666666665,4.45,3028.5,-107.66666666666667,-8.366666666666667,1.0,2025-06-05T15:41:25.208636160Z
14730.8,100.0,45.6,1011.1199999999999,0.0,0.624,29.020000000000003,169.68,4.02,1956.0,-109.6,-8.959999999999999,1.0,2025-06-05T15:52:01.401853952Z
16479.5,100.0,46.25,1011.5500000000001,0.0,0.3975,28.95,179.99999999999997,4.325,4377.0,-107.0,-3.0,1.0,2025-06-05T16:02:09.943333888Z
16902.8,100.0,47.1,1011.6999999999998,0.0,0.628,28.919999999999998,172.85999999999999,3.88,3511.8,-108.0,-5.14,1.0,2025-06-05T16:12:29.443520768Z
16281.75,100.0,47.875,1011.625,0.0,0.78,28.625,162.15,4.4750000000000005,2289.25,-108.75,-8.625,1.0,2025-06-05T16:22:15.755586560Z
16484.0,100.0,49.375,1011.55,0.0,0.3975,28.374999999999996,176.45,3.7,4383.75,-105.75,-4.05,1.0,2025-06-05T16:32:09.926990336Z
18996.5,100.0,49.75,1012.225,0.0,0.785,28.2,151.6,3.4499999999999997,4231.0,-107.25,-1.2999999999999998,1.0,2025-06-05T16:41:50.815740928Z
14739.2,100.0,49.7,1011.1199999999999,0.0,0.624,27.860000000000003,175.76000000000002,4.08,1970.0,-109.0,-7.6,1.0,2025-06-05T16:50:49.368747264Z
13088.42857142857,100.0,51.714285714285715,1010.6,0.0,0.22714285714285715,27.52857142857143,192.45714285714283,2.9428571428571426,2797.1428571428573,-108.0,-10.200000000000001,1.0,2025-06-05T17:02:07.328530432Z
14525.714285714286,100.0,52.214285714285715,1010.9999999999999,0.0,0.44857142857142857,27.271428571428576,176.08571428571432,3.057142857142857,2710.5714285714284,-107.0,-8.9,1.0,2025-06-05T17:11:56.402825984Z
14745.8,100.0,53.1,1011.1,0.0,0.6260000000000001,27.080000000000002,162.66,3.3600000000000003,1977.4,-110.4,-9.16,1.0,2025-06-05T17:21:25.351401984Z
14908.2,100.0,53.4,1011.04,0.0,0.32,26.880000000000003,180.26000000000002,3.38,3654.0,-107.6,-6.640000000000001,1.0,2025-06-05T17:31:08.692575488Z
15525.833333333334,100.0,55.0,1011.1333333333333,0.0,0.5266666666666667,26.5,171.26666666666665,2.6,3056.8333333333335,-107.0,-8.799999999999999,1.0,2025-06-05T17:42:25.507336960Z
13720.666666666666,100.0,55.5,1010.6833333333333,0.0,0.5266666666666667,26.283333333333335,171.21666666666667,2.4166666666666665,1768.6666666666667,-108.83333333333333,-10.216666666666667,1.0,2025-06-05T17:51:21.754170112Z
13101.857142857143,100.0,58.785714285714285,1010.5999999999998,0.0,0.23,25.8,161.1142857142857,1.1142857142857143,2813.4285714285716,-107.85714285714286,-9.77142857142857,1.0,2025-06-05T18:02:07.300808192Z
16923.8,100.0,60.4,1011.68,0.0,0.636,25.5,150.72,1.4000000000000001,3537.2,-108.8,-4.819999999999999,1.0,2025-06-05T18:11:53.374441728Z
18879.333333333332,100.0,62.5,1012.2333333333332,0.0,1.0533333333333335,24.933333333333334,160.76666666666665,1.3333333333333333,2853.6666666666665,-107.33333333333333,-3.233333333333333,1.0,2025-06-05T18:21:39.618964736Z
12189.166666666666,100.0,66.0,1010.2666666666668,0.0,0.006666666666666667,24.099999999999998,147.54999999999998,0.8666666666666667,3281.1666666666665,-106.66666666666667,-11.333333333333334,1.0,2025-06-05T18:32:20.608843776Z
16928.4,100.0,65.7,1011.6599999999999,0.0,0.636,23.84,149.14,1.3599999999999999,3543.6,-107.4,-4.68,1.0,2025-06-05T18:41:53.370542592Z
13731.833333333334,100.0,66.83333333333333,1011.1166666666667,0.0,0.265,23.599999999999998,115.26666666666667,1.3,1784.0,-110.0,-10.066666666666668,1.0,2025-06-05T18:51:21.729088768Z
14925.0,100.0,68.0,1011.5200000000001,0.0,0.008,23.040000000000003,142.52,0.9799999999999999,3676.6,-106.4,-6.7,1.0,2025-06-05T19:02:20.661115648Z
13870.0,100.0,68.16666666666667,1011.3000000000001,0.0,0.006666666666666667,22.733333333333334,153.45000000000002,1.0666666666666667,3185.1666666666665,-107.16666666666667,-9.566666666666668,1.0,2025-06-05T19:11:47.836780800Z
14767.8,100.0,69.0,1011.6800000000001,0.0,0.004,22.66,137.66000000000003,1.22,2006.2,-109.6,-8.059999999999999,1.0,2025-06-05T19:21:25.276210432Z
12763.4,100.0,71.2,1011.28,0.0,0.004,21.860000000000003,131.5,0.82,2138.6,-109.6,-10.26,1.0,2025-06-05T19:32:40.566467840Z
14554.142857142857,100.0,71.5,1011.842857142857,0.0,0.005714285714285714,21.9,145.9714285714286,1.1857142857142857,2747.714285714286,-108.14285714285714,-8.542857142857143,1.0,2025-06-05T19:41:56.327695872Z
15549.833333333334,100.0,70.58333333333333,1012.1999999999998,0.0,0.011666666666666667,21.950000000000003,138.23333333333335,1.366666666666667,3086.8333333333335,-107.66666666666667,-6.650000000000001,1.0,2025-06-05T19:51:45.093462784Z
12770.2,100.0,73.6,1011.5200000000001,0.0,0.01,21.140000000000004,187.5,1.22,2146.6,-109.4,-10.84,1.0,2025-06-05T20:02:04.555858688Z
14560.42857142857,100.0,73.14285714285714,1012.0,0.0,0.014285714285714287,21.228571428571428,174.5142857142857,1.5571428571428572,2755.1428571428573,-107.57142857142857,-8.457142857142857,1.0,2025-06-05T20:11:56.298519040Z
16324.0,100.0,72.75,1012.5500000000001,0.0,0.02,21.575,152.72500000000002,1.4,2340.75,-110.75,-6.625,1.0,2025-06-05T20:20:45.601546496Z
14942.2,100.0,76.3,1012.1600000000001,0.0,0.014000000000000002,20.56,179.62,1.3,3699.0,-107.6,-4.88,1.0,2025-06-05T20:32:56.585851648Z
16949.2,100.0,75.4,1012.72,0.0,0.02,20.979999999999997,179.57999999999998,1.22,3569.4,-108.6,-5.76,1.0,2025-06-05T20:42:29.723333888Z
13755.333333333334,100.0,77.25,1012.0500000000001,0.0,0.013333333333333334,20.21666666666667,185.08333333333334,1.2666666666666668,1814.6666666666667,-109.66666666666667,-9.583333333333334,1.0,2025-06-05T20:51:21.638223104Z
13137.57142857143,100.0,78.57142857142857,1011.8000000000001,0.0,0.01,19.8,198.59999999999997,1.4285714285714284,2862.285714285714,-107.57142857142857,-9.514285714285714,1.0,2025-06-05T21:02:07.192629504Z
15564.833333333334,100.0,77.91666666666667,1012.5166666666668,0.0,0.016666666666666666,20.166666666666668,209.51666666666665,0.6666666666666666,3105.6666666666665,-108.0,-5.266666666666667,1.0,2025-06-05T21:11:55.379148544Z
13762.333333333334,100.0,76.08333333333333,1012.0500000000001,0.0,0.013333333333333334,20.033333333333335,228.71666666666667,1.05,1822.3333333333333,-109.33333333333333,-9.883333333333333,1.0,2025-06-05T21:21:21.628696832Z
13144.857142857143,100.0,77.0,1011.8857142857142,0.0,0.01,19.885714285714283,229.51428571428573,1.3571428571428572,2870.4285714285716,-108.57142857142857,-8.799999999999999,1.0,2025-06-05T21:32:07.178293504Z
14578.857142857143,100.0,78.71428571428571,1012.4285714285714,0.0,0.014285714285714287,19.728571428571428,249.8714285714286,0.7142857142857143,2777.4285714285716,-108.14285714285714,-6.771428571428571,1.0,2025-06-05T21:41:56.224865536Z
14581.285714285714,99.57142857142857,79.21428571428571,1012.5142857142856,0.0,0.014285714285714287,19.5,273.50000000000006,0.8714285714285716,2779.8571428571427,-110.28571428571429,-10.942857142857141,1.0,2025-06-05T21:52:04.892258304Z
13153.0,99.42857142857143,81.0,1012.157142857143,0.0,0.01,18.814285714285717,287.1714285714285,0.9714285714285714,2878.5714285714284,-106.42857142857143,-9.814285714285715,1.0,2025-06-05T22:02:07.248117504Z
15094.125,99.25,81.6875,1012.8125,0.0,0.02375,18.7125,253.58749999999998,1.1625,2449.375,-108.375,-7.824999999999999,1.0,2025-06-05T22:12:03.233720320Z
16348.0,99.25,80.0,1013.175,0.0,0.0325,18.9,241.72500000000002,1.15,2366.75,-109.5,-7.75,1.0,2025-06-05T22:20:45.801020160Z
13159.857142857143,99.28571428571429,83.0,1012.3999999999999,0.0,0.018571428571428572,17.928571428571427,196.44285714285712,0.9857142857142858,2886.714285714286,-108.0,-7.457142857142857,1.0,2025-06-05T22:32:07.652050944Z
14592.857142857143,99.28571428571429,84.0,1012.8285714285714,0.0,0.025714285714285717,17.928571428571427,121.3,1.0285714285714287,2792.285714285714,-107.14285714285714,-8.0,1.0,2025-06-05T22:41:56.373631488Z
18923.666666666668,99.33333333333333,84.16666666666667,1013.9666666666667,0.0,0.04666666666666667,18.13333333333333,125.06666666666668,0.6,2901.6666666666665,-108.33333333333333,-4.166666666666667,1.0,2025-06-05T22:51:39.796977664Z
12116.666666666666,98.5,84.91666666666667,1012.2666666666665,0.0,0.015,17.599999999999998,210.2833333333333,0.4666666666666666,1962.0,-107.83333333333333,-11.85,1.0,2025-06-05T23:02:14.419860224Z
15589.833333333334,98.16666666666667,85.83333333333333,1013.1833333333333,0.0,0.030000000000000002,17.483333333333334,172.23333333333335,0.4000000000000001,3133.5,-107.33333333333333,-7.0,1.0,2025-06-05T23:11:25.130454016Z
13856.25,98.0,85.125,1012.725,0.0,0.0225,17.275,202.05,1.2,2551.25,-108.75,-8.8,1.0,2025-06-05T23:19:50.303527424Z
13172.285714285714,98.0,86.42857142857143,1012.5714285714286,0.0,0.018571428571428572,16.571428571428573,226.1142857142857,0.7142857142857143,2903.0,-108.28571428571429,-9.72857142857143,1.0,2025-06-05T23:32:07.196806912Z
15595.5,98.0,86.16666666666667,1013.1833333333333,0.0,0.030000000000000002,16.95,202.86666666666667,0.9499999999999998,3140.8333333333335,-107.5,-7.3,1.0,2025-06-05T23:42:25.109567488Z
16364.0,98.0,85.25,1013.45,0.0,0.035,17.075,197.625,0.8500000000000001,2386.25,-109.25,-6.925,1.0,2025-06-05T23:50:45.728598528Z
14985.2,97.6,87.5,1013.0200000000001,0.0,0.026000000000000002,16.580000000000002,215.48000000000002,0.9399999999999998,3750.8,-106.4,-8.540000000000001,1.0,2025-06-06T00:02:56.575810816Z
19070.0,97.75,84.75,1014.1500000000001,0.0,0.045000000000000005,17.175,135.15,1.0,4313.5,-105.75,-4.5249999999999995,1.0,2025-06-06T00:11:50.779311616Z
13799.833333333334,97.0,86.0,1012.85,0.0,0.02666666666666667,16.633333333333336,198.51666666666665,0.7333333333333334,1868.3333333333333,-108.16666666666667,-10.816666666666668,1.0,2025-06-06T00:21:21.711090944Z
14990.2,97.0,87.0,1013.2,0.0,0.033999999999999996,16.56,214.01999999999998,0.6,3758.0,-106.6,-7.6,1.0,2025-06-06T00:32:20.560385792Z
16993.2,97.0,85.7,1013.76,0.0,0.044,16.94,215.11999999999998,0.76,3620.2,-108.2,-5.48,1.0,2025-06-06T00:41:17.331059712Z
13805.333333333334,96.66666666666667,86.83333333333333,1012.8833333333332,0.0,0.02666666666666667,16.383333333333333,215.4,0.8166666666666668,1876.0,-109.83333333333333,-10.883333333333333,1.0,2025-06-06T00:51:21.690006272Z
13941.666666666666,96.0,88.91666666666667,1012.7166666666667,0.0,0.028333333333333332,15.833333333333334,199.53333333333333,0.7833333333333333,3276.3333333333335,-106.83333333333333,-8.633333333333333,1.0,2025-06-06T01:01:27.727828224Z
16998.6,96.2,88.8,1013.6,0.0,0.044,16.04,183.88000000000002,0.76,3626.8,-106.6,-5.4,1.0,2025-06-06T01:11:53.323412992Z
14838.4,95.4,89.2,1013.0800000000002,0.0,0.032,15.860000000000003,161.84,0.72,2092.4,-109.2,-9.26,1.0,2025-06-06T01:20:49.268563968Z
15001.0,95.0,90.3,1013.0800000000002,0.0,0.033999999999999996,15.7,202.98,0.64,3772.8,-106.0,-8.120000000000001,1.0,2025-06-06T01:32:20.541457152Z
16583.75,95.0,89.0,1013.475,0.0,0.042499999999999996,15.85,196.25000000000003,0.65,4507.5,-107.0,-4.3,1.0,2025-06-06T01:41:39.742469120Z
15617.0,95.0,88.5,1013.1666666666666,0.0,0.03666666666666667,15.833333333333334,210.1,0.8333333333333334,3170.6666666666665,-109.0,-5.8999999999999995,1.0,2025-06-06T01:51:25.029926656Z
13198.714285714286,94.42857142857143,90.35714285714286,1012.5571428571429,0.0,0.024285714285714282,15.35714285714286,252.21428571428572,0.7571428571428571,2943.714285714286,-108.42857142857143,-9.185714285714285,1.0,2025-06-06T02:02:07.134269952Z
15620.833333333334,94.66666666666667,89.5,1013.1999999999999,0.0,0.03666666666666667,15.733333333333334,247.8166666666667,0.6,3175.5,-105.83333333333333,-9.133333333333333,1.0,2025-06-06T02:11:25.019768576Z
13821.666666666666,94.33333333333333,91.0,1012.7666666666665,0.0,0.03333333333333333,15.433333333333332,233.60000000000002,0.48333333333333334,1899.0,-107.66666666666667,-10.866666666666667,1.0,2025-06-06T02:21:21.641496832Z
13958.333333333334,94.0,91.25,1012.7166666666667,0.0,0.04833333333333334,15.166666666666666,263.3,0.5000000000000001,3300.3333333333335,-106.66666666666667,-7.95,1.0,2025-06-06T02:32:57.691798272Z
15626.833333333334,94.0,89.91666666666667,1013.2333333333332,0.0,0.07166666666666667,15.316666666666668,246.04999999999998,0.39999999999999997,3182.6666666666665,-107.16666666666667,-6.716666666666666,1.0,2025-06-06T02:41:54.982972160Z
17015.6,94.0,90.6,1013.7,0.0,0.092,15.3,161.82,0.4800000000000001,3648.2,-106.2,-5.9,1.0,2025-06-06T02:52:29.243417856Z
15017.6,93.2,91.6,1013.26,0.0,0.072,14.84,212.36000000000004,0.4,3795.2,-107.8,-5.82,1.0,2025-06-06T03:02:56.494216704Z
14641.714285714286,93.14285714285714,91.57142857142857,1013.1857142857143,0.0,0.06571428571428571,14.828571428571427,148.91428571428574,0.6714285714285715,2859.1428571428573,-107.85714285714286,-6.628571428571427,1.0,2025-06-06T03:11:56.201509376Z
14860.2,93.0,91.6,1013.36,0.0,0.06999999999999999,14.9,133.68,0.54,2121.4,-108.8,-9.459999999999999,1.0,2025-06-06T03:21:25.206319872Z
13970.166666666666,92.5,92.58333333333333,1013.1,0.0,0.06166666666666667,14.799999999999999,169.46666666666667,1.1166666666666667,3315.6666666666665,-108.33333333333333,-6.033333333333334,1.0,2025-06-06T03:31:57.661375232Z
15638.166666666666,92.66666666666667,92.16666666666667,1013.5500000000001,0.0,0.08,15.183333333333335,214.8166666666667,0.6833333333333332,3196.6666666666665,-107.16666666666667,-6.1499999999999995,1.0,2025-06-06T03:41:54.962766080Z
14650.0,92.57142857142857,92.35714285714286,1013.3285714285714,0.0,0.06857142857142857,15.214285714285714,196.25714285714284,0.5428571428571428,2869.0,-110.14285714285714,-10.928571428571429,1.0,2025-06-06T03:52:04.749618432Z
12177.0,91.83333333333333,92.08333333333333,1012.7666666666668,0.0,0.04,15.033333333333333,286.6666666666667,0.75,2046.8333333333333,-108.66666666666667,-11.166666666666666,1.0,2025-06-06T04:01:25.000420352Z
14654.714285714286,92.14285714285714,91.14285714285714,1013.5714285714286,0.0,0.06857142857142857,15.585714285714287,218.28571428571425,0.5428571428571428,2874.0,-107.71428571428571,-7.957142857142857,1.0,2025-06-06T04:11:56.179488512Z
12875.2,91.8,89.9,1013.24,0.0,0.048,15.98,221.44,0.5,2283.0,-110.0,-10.0,1.0,2025-06-06T04:20:40.415645184Z
13232.42857142857,91.57142857142857,87.71428571428571,1013.2714285714286,0.0,0.05285714285714286,16.9,183.4714285714286,0.6571428571428571,2984.4285714285716,-108.14285714285714,-7.371428571428571,1.0,2025-06-06T04:32:07.045696000Z
14661.57142857143,91.85714285714286,86.35714285714286,1013.6428571428571,0.0,0.07142857142857142,17.714285714285715,139.51428571428573,0.5428571428571429,2881.4285714285716,-108.42857142857143,-6.6571428571428575,1.0,2025-06-06T04:41:56.148884224Z
13854.5,91.83333333333333,84.0,1013.5,0.0,0.06166666666666667,18.4,204.6,0.6166666666666666,1937.3333333333333,-109.83333333333333,-8.583333333333334,1.0,2025-06-06T04:51:21.528823040Z
13240.285714285714,92.0,84.42857142857143,1013.3999999999999,0.0,0.054285714285714284,19.142857142857146,269.37142857142857,0.6,2992.5714285714284,-109.85714285714286,-7.2285714285714295,1.0,2025-06-06T05:02:07.036761856Z
15657.5,92.33333333333333,81.5,1014.0833333333334,0.0,0.08333333333333333,19.933333333333334,238.5,0.6666666666666666,3217.6666666666665,-110.5,-9.200000000000001,1.0,2025-06-06T05:11:55.260208384Z
13861.5,92.33333333333333,80.91666666666667,1013.6333333333333,0.0,0.06166666666666667,20.566666666666666,225.46666666666667,0.65,1945.0,-109.33333333333333,-7.95,1.0,2025-06-06T05:21:21.502808064Z
13247.57142857143,92.71428571428571,76.85714285714286,1013.4571428571428,0.0,0.05714285714285715,21.47142857142857,209.21428571428572,1.0285714285714287,3000.714285714286,-108.42857142857143,-9.114285714285714,1.0,2025-06-06T05:32:07.014276608Z
14675.42857142857,93.14285714285714,73.78571428571429,1013.8714285714286,0.0,0.07428571428571429,22.028571428571432,280.62857142857143,0.7142857142857142,2896.285714285714,-107.28571428571429,-7.057142857142858,1.0,2025-06-06T05:41:56.104974336Z
13869.0,93.33333333333333,71.75,1013.6833333333333,0.0,0.06333333333333334,22.650000000000002,259.68333333333334,0.8000000000000002,1952.6666666666667,-110.16666666666667,-9.766666666666666,1.0,2025-06-06T05:51:21.479046912Z
13255.42857142857,94.71428571428571,67.5,1013.5571428571428,0.0,0.0642857142857143,23.71428571428571,259.2,0.7000000000000001,3008.8571428571427,-109.28571428571429,-8.485714285714286,1.0,2025-06-06T06:02:06.970939136Z
14682.57142857143,95.14285714285714,65.57142857142857,1014.0714285714287,0.0,0.08285714285714287,23.928571428571427,221.91428571428574,0.8285714285714285,2903.714285714286,-107.57142857142857,-9.757142857142856,1.0,2025-06-06T06:11:56.072493056Z
13876.5,95.33333333333333,64.91666666666667,1013.9833333333332,0.0,0.06833333333333334,24.316666666666666,238.91666666666663,0.8000000000000002,1960.3333333333333,-110.16666666666667,-10.549999999999999,1.0,2025-06-06T06:21:21.449520384Z
13263.285714285714,96.42857142857143,63.785714285714285,1013.8571428571428,0.0,0.06571428571428573,24.571428571428573,244.55714285714285,1.0714285714285716,3017.0,-108.28571428571429,-8.528571428571428,1.0,2025-06-06T06:32:06.992076032Z
15677.166666666666,97.16666666666667,62.083333333333336,1014.5333333333333,0.0,0.10000000000000002,24.866666666666664,197.88333333333333,1.25,3238.5,-109.33333333333333,-5.783333333333334,1.0,2025-06-06T06:41:24.832851968Z
16442.0,98.5,61.5,1014.8,0.0,0.11250000000000002,25.0,219.575,1.4500000000000002,2477.25,-109.5,-6.45,1.0,2025-06-06T06:50:45.422571008Z
13269.42857142857,98.28571428571429,59.07142857142857,1013.9571428571429,0.0,0.07142857142857142,25.428571428571423,259.8857142857143,1.5,3025.1428571428573,-108.14285714285714,-8.528571428571428,1.0,2025-06-06T07:02:06.949943040Z
14695.57142857143,99.42857142857143,56.285714285714285,1014.4285714285714,0.0,0.1,25.657142857142862,250.85714285714286,1.4142857142857144,2918.5714285714284,-108.0,-7.928571428571429,1.0,2025-06-06T07:11:56.046213376Z
16447.75,99.5,55.75,1014.925,0.0,0.14250000000000002,25.675,256.5,2.1750000000000003,2484.0,-109.0,-6.55,1.0,2025-06-06T07:21:30.386625536Z
14026.0,100.0,55.25,1014.15,0.0,0.09000000000000001,26.316666666666674,270.3833333333334,2.033333333333333,3378.5,-108.16666666666667,-7.433333333333334,1.0,2025-06-06T07:32:27.517686528Z
14701.42857142857,100.0,54.0,1014.3285714285714,0.0,0.11714285714285715,26.11428571428571,258.35714285714283,1.8857142857142857,2926.0,-109.42857142857143,-6.314285714285715,1.0,2025-06-06T07:41:56.025666816Z
13896.0,100.0,52.083333333333336,1014.2000000000002,0.0,0.12166666666666666,26.21666666666667,205.36666666666667,2.2666666666666666,1983.3333333333333,-109.5,-9.616666666666667,1.0,2025-06-06T07:51:21.397549312Z
13283.42857142857,100.0,53.642857142857146,1013.9428571428572,0.0,0.11714285714285715,26.54285714285714,283.9714285714286,2.2857142857142856,3041.4285714285716,-109.42857142857143,-7.742857142857143,1.0,2025-06-06T08:02:06.915859968Z
15695.166666666666,100.0,50.916666666666664,1014.6999999999999,0.0,0.19000000000000003,26.599999999999998,276.5833333333333,1.9166666666666667,3259.5,-108.66666666666667,-6.25,1.0,2025-06-06T08:11:25.127705600Z
13903.0,100.0,48.916666666666664,1014.1833333333333,0.0,0.155,26.849999999999998,259.45,1.7,1991.0,-109.33333333333333,-8.733333333333334,1.0,2025-06-06T08:21:21.380596480Z
14040.0,100.0,49.833333333333336,1014.1999999999999,0.0,0.1416666666666667,27.066666666666666,296.3833333333333,1.7333333333333332,3394.3333333333335,-108.16666666666667,-7.516666666666666,1.0,2025-06-06T08:32:57.844022528Z
15701.166666666666,100.0,49.333333333333336,1014.6500000000001,0.0,0.20000000000000004,27.133333333333336,254.51666666666665,2.2333333333333334,3266.6666666666665,-108.83333333333333,-7.0,1.0,2025-06-06T08:41:54.761876480Z
16465.0,100.0,46.0,1014.8500000000001,0.0,0.23500000000000001,27.55,178.97500000000002,2.15,2503.5,-109.0,-6.05,1.0,2025-06-06T08:51:30.324653824Z
14045.5,100.0,47.416666666666664,1014.15,0.0,0.14333333333333334,27.933333333333334,144.56666666666666,1.933333333333333,3402.1666666666665,-105.83333333333333,-9.216666666666667,1.0,2025-06-06T09:02:57.485952256Z
15706.5,100.0,45.583333333333336,1014.7166666666667,0.0,0.20166666666666666,27.816666666666666,234.95000000000002,1.4666666666666666,3273.5,-106.83333333333333,-7.716666666666666,1.0,2025-06-06T09:11:24.740205312Z
13915.0,100.0,44.416666666666664,1014.2833333333333,0.0,0.16,28.066666666666663,110.08333333333333,1.7333333333333334,2006.3333333333333,-110.16666666666667,-8.916666666666666,1.0,2025-06-06T09:21:21.371351296Z
14052.0,100.0,44.833333333333336,1014.1333333333332,0.0,0.145,28.28333333333333,163.95000000000002,1.7666666666666668,3410.0,-109.0,-7.516666666666667,1.0,2025-06-06T09:32:57.470748928Z
14726.57142857143,100.0,43.0,1014.3571428571429,0.0,0.1742857142857143,28.52857142857143,167.9,1.6428571428571428,2955.714285714286,-109.14285714285714,-8.12857142857143,1.0,2025-06-06T09:41:56.292890112Z
15714.833333333334,100.0,45.0,1014.6333333333333,0.0,0.21333333333333335,28.599999999999998,192.9333333333333,1.8333333333333333,3283.0,-106.83333333333333,-6.966666666666666,1.0,2025-06-06T09:52:14.728215296Z
14058.833333333334,100.0,45.166666666666664,1014.1333333333332,0.0,0.15,28.7,172.58333333333334,1.2,3417.8333333333335,-108.5,-6.75,1.0,2025-06-06T10:02:57.457234688Z
14947.6,100.0,43.1,1014.46,0.0,0.20400000000000001,28.82,105.3,1.78,2219.8,-110.4,-8.440000000000001,1.0,2025-06-06T10:11:24.928105984Z
13928.0,100.0,43.75,1014.1666666666666,0.0,0.17,28.899999999999995,183.28333333333333,0.8166666666666665,2021.6666666666667,-110.16666666666667,-9.533333333333333,1.0,2025-06-06T10:21:21.319919616Z
14065.0,100.0,44.833333333333336,1014.0999999999999,0.0,0.06333333333333334,28.866666666666664,183.18333333333337,1.6833333333333333,3425.3333333333335,-107.16666666666667,-8.266666666666667,1.0,2025-06-06T10:31:57.794810880Z
13932.5,100.0,45.083333333333336,1014.1666666666666,0.0,0.12666666666666668,28.51666666666667,196.08333333333334,1.8166666666666667,2026.8333333333333,-109.83333333333333,-8.916666666666666,1.0,2025-06-06T10:41:11.324080128Z
13934.833333333334,100.0,44.75,1014.1166666666667,0.0,0.12666666666666668,28.633333333333336,182.75,1.6833333333333333,2029.3333333333333,-107.5,-11.116666666666667,1.0,2025-06-06T10:51:21.300349184Z
14071.666666666666,100.0,44.416666666666664,1013.9833333333335,0.0,0.06333333333333334,28.75,79.65,1.5499999999999998,3433.1666666666665,-108.33333333333333,-7.583333333333333,1.0,2025-06-06T11:01:57.424580352Z
14745.57142857143,100.0,44.857142857142854,1014.1142857142856,0.0,0.11142857142857143,29.04285714285714,150.47142857142856,1.8,2978.0,-108.14285714285714,-7.642857142857143,1.0,2025-06-06T11:11:55.926896128Z
14962.4,100.0,45.6,1014.1599999999999,0.0,0.156,29.02,219.11999999999998,2.12,2236.8,-108.8,-9.64,1.0,2025-06-06T11:22:00.880008448Z
14078.166666666666,100.0,43.666666666666664,1013.7166666666667,0.0,0.07166666666666667,29.583333333333332,109.03333333333335,2.0,3441.1666666666665,-107.66666666666667,-8.950000000000001,1.0,2025-06-06T11:32:27.512117248Z
15736.5,100.0,43.166666666666664,1014.1500000000001,0.0,0.1366666666666667,29.516666666666666,121.06666666666666,1.1333333333333335,3308.5,-108.33333333333333,-6.116666666666667,1.0,2025-06-06T11:41:24.667677440Z
13947.833333333334,100.0,43.166666666666664,1013.6166666666667,0.0,0.13333333333333333,29.950000000000003,87.90000000000002,2.066666666666667,2044.6666666666667,-109.5,-9.816666666666668,1.0,2025-06-06T11:51:21.301894144Z
14084.666666666666,100.0,42.916666666666664,1013.4833333333332,0.0,0.07166666666666667,29.933333333333334,96.08333333333333,1.45,3449.1666666666665,-108.33333333333333,-8.316666666666666,1.0,2025-06-06T12:02:57.414635520Z
17120.8,100.0,41.8,1014.3799999999999,0.0,0.164,30.139999999999997,127.85999999999999,1.52,3767.6,-106.8,-5.78,1.0,2025-06-06T12:11:53.362782208Z
14974.0,100.0,41.9,1013.72,0.0,0.16,30.5,147.94,2.22,2251.2,-110.6,-7.3,1.0,2025-06-06T12:22:00.867452416Z
14090.166666666666,100.0,42.583333333333336,1013.3000000000001,0.0,0.07333333333333335,30.23333333333333,141.28333333333333,2.316666666666667,3456.8333333333335,-107.66666666666667,-8.066666666666666,1.0,2025-06-06T12:32:27.404642304Z
15747.833333333334,100.0,40.5,1013.7833333333334,0.0,0.14,30.583333333333332,96.73333333333333,1.8666666666666665,3322.5,-108.5,-6.966666666666666,1.0,2025-06-06T12:41:24.650266624Z
13959.833333333334,100.0,43.0,1013.3333333333331,0.0,0.1366666666666667,30.433333333333337,150.11666666666667,1.7666666666666666,2060.0,-109.66666666666667,-9.35,1.0,2025-06-06T12:51:21.280165632Z
14096.666666666666,100.0,42.5,1013.2166666666667,0.0,0.07333333333333335,30.349999999999998,142.38333333333333,1.883333333333333,3464.3333333333335,-107.66666666666667,-7.866666666666667,1.0,2025-06-06T13:01:27.383900928Z
15753.833333333334,100.0,42.5,1013.6833333333334,0.0,0.14,30.05,144.58333333333334,1.6500000000000004,3329.6666666666665,-108.5,-7.016666666666667,1.0,2025-06-06T13:11:54.653682432Z
14986.0,100.0,43.7,1013.46,0.0,0.16799999999999998,29.78,145.92000000000002,1.42,2265.4,-107.4,-10.540000000000001,1.0,2025-06-06T13:21:24.836114432Z
13355.285714285714,100.0,44.57142857142857,1012.8714285714286,0.0,0.0642857142857143,29.5,148.64285714285714,1.3571428571428572,3131.0,-108.42857142857143,-9.885714285714286,1.0,2025-06-06T13:32:06.809164288Z
17137.2,100.0,41.6,1013.9200000000001,0.0,0.172,30.0,142.68,1.58,3786.6,-106.2,-6.14,1.0,2025-06-06T13:41:17.014938624Z
15761.5,100.0,43.5,1013.4666666666667,0.0,0.14333333333333334,29.950000000000003,115.63333333333333,1.75,3339.0,-107.5,-6.566666666666666,1.0,2025-06-06T13:52:14.985535488Z
14109.0,100.0,42.25,1012.9,0.0,0.075,30.3,145.53333333333333,2.1999999999999997,3480.5,-107.5,-8.416666666666666,1.0,2025-06-06T14:02:57.368809216Z
15765.5,100.0,42.25,1013.3499999999999,0.0,0.14333333333333334,30.266666666666666,161.0,2.3833333333333333,3343.5,-107.83333333333333,-6.816666666666666,1.0,2025-06-06T14:11:24.625586432Z
14997.8,100.0,42.8,1013.18,0.0,0.16799999999999998,30.659999999999997,155.76,2.0599999999999996,2280.0,-110.0,-7.82,1.0,2025-06-06T14:22:01.246567936Z
14115.0,100.0,42.583333333333336,1012.8166666666666,0.0,0.075,30.566666666666666,198.20000000000002,1.7166666666666668,3488.3333333333335,-107.83333333333333,-7.533333333333334,1.0,2025-06-06T14:32:57.362377728Z
17148.2,100.0,42.1,1013.6599999999999,0.0,0.172,30.380000000000003,153.36,1.9600000000000002,3799.8,-107.8,-4.26,1.0,2025-06-06T14:42:28.866136832Z
17150.0,100.0,42.9,1013.5799999999999,0.0,0.172,30.1,153.74,1.92,3802.0,-106.8,-5.5600000000000005,1.0,2025-06-06T14:53:05.286942208Z
15166.6,100.0,43.3,1012.8399999999999,0.0,0.09,30.439999999999998,174.48000000000002,1.8200000000000003,3972.8,-106.6,-6.859999999999999,1.0,2025-06-06T15:02:56.164286976Z
14792.57142857143,100.0,42.42857142857143,1012.7714285714288,0.0,0.12428571428571429,30.61428571428571,174.65714285714284,2.2,3037.4285714285716,-108.71428571428571,-7.028571428571429,1.0,2025-06-06T15:11:55.845817856Z
13989.666666666666,100.0,41.833333333333336,1012.5500000000001,0.0,0.14333333333333334,30.933333333333334,180.66666666666666,2.4499999999999997,2098.3333333333335,-110.5,-8.666666666666666,1.0,2025-06-06T15:21:21.205447424Z
13379.857142857143,100.0,42.0,1012.2142857142857,0.0,0.06571428571428571,30.485714285714284,194.3857142857143,3.628571428571429,3163.5714285714284,-109.57142857142857,-7.857142857142857,1.0,2025-06-06T15:32:07.218327040Z
14799.714285714286,100.0,41.5,1012.6,0.0,0.12571428571428572,30.614285714285717,190.44285714285712,3.7,3044.8571428571427,-108.57142857142857,-8.585714285714285,1.0,2025-06-06T15:41:56.158190848Z
14802.142857142857,100.0,42.92857142857143,1012.6285714285714,0.0,0.12571428571428572,30.157142857142862,189.7142857142857,2.4428571428571426,3047.285714285714,-107.85714285714286,-8.242857142857144,1.0,2025-06-06T15:52:04.680001792Z
13034.8,100.0,43.6,1012.0799999999999,0.0,0.088,29.7,205.2,2.38,2474.2,-108.4,-11.780000000000001,1.0,2025-06-06T16:00:28.266323200Z
14806.42857142857,100.0,44.92857142857143,1012.4428571428572,0.0,0.12571428571428572,29.314285714285713,189.54285714285717,2.457142857142857,3052.285714285714,-109.42857142857143,-8.271428571428572,1.0,2025-06-06T16:11:56.409339648Z
14808.857142857143,100.0,44.642857142857146,1012.4142857142858,0.0,0.12571428571428572,29.228571428571428,195.32857142857142,2.5285714285714285,3054.714285714286,-107.57142857142857,-10.214285714285714,1.0,2025-06-06T16:22:04.666555904Z
14073.75,100.0,44.75,1012.2249999999999,0.0,0.11,29.575000000000003,173.325,2.4,2817.75,-109.75,-8.4,1.0,2025-06-06T16:31:19.482719744Z
15795.166666666666,100.0,46.0,1012.6999999999999,0.0,0.14666666666666667,29.083333333333332,166.38333333333335,2.05,3378.5,-107.66666666666667,-8.416666666666666,1.0,2025-06-06T16:41:24.878717696Z
15028.2,100.0,50.5,1012.5600000000001,0.0,0.172,28.080000000000002,131.4,2.52,2315.8,-109.0,-8.18,1.0,2025-06-06T16:51:25.141296640Z
15191.8,100.0,49.3,1012.4800000000001,0.0,0.092,27.96,165.32,2.36,4002.2,-107.6,-5.86,1.0,2025-06-06T17:02:20.314210560Z
15193.6,100.0,50.5,1012.5200000000001,0.0,0.092,27.74,172.04000000000002,1.8400000000000003,4004.8,-107.4,-7.340000000000001,1.0,2025-06-06T17:12:56.290359808Z
14015.333333333334,100.0,51.5,1012.25,0.0,0.14333333333333334,27.766666666666666,145.13333333333335,2.216666666666667,2129.0,-108.5,-11.6,1.0,2025-06-06T17:21:21.481867008Z
14152.666666666666,100.0,49.166666666666664,1012.15,0.0,0.07666666666666667,27.8,167.41666666666666,2.566666666666667,3535.3333333333335,-108.66666666666667,-7.866666666666667,1.0,2025-06-06T17:32:57.518508032Z
15806.166666666666,100.0,50.5,1012.6166666666667,0.0,0.14666666666666667,27.48333333333333,138.79999999999998,2.883333333333333,3392.8333333333335,-108.0,-7.716666666666666,1.0,2025-06-06T17:42:24.854207488Z
15808.166666666666,100.0,50.416666666666664,1012.6333333333333,0.0,0.14666666666666667,27.25,139.33333333333334,2.1999999999999997,3395.0,-107.5,-6.883333333333333,1.0,2025-06-06T17:52:15.213684992Z
13413.0,100.0,49.42857142857143,1011.9714285714286,0.0,0.06571428571428571,27.057142857142857,166.3714285714286,1.885714285714286,3204.285714285714,-108.42857142857143,-9.457142857142857,1.0,2025-06-06T18:02:06.843872512Z
17187.2,100.0,53.8,1013.0600000000001,0.0,0.18,26.3,127.06000000000002,2.7,3844.2,-106.6,-6.76,1.0,2025-06-06T18:11:17.158027264Z
16571.75,100.0,55.0,1013.0,0.0,0.225,25.924999999999997,112.275,1.9499999999999997,2627.0,-109.5,-7.45,1.0,2025-06-06T18:21:30.535941120Z
14164.5,100.0,53.833333333333336,1012.1666666666666,0.0,0.08,25.566666666666666,164.01666666666668,1.45,3550.5,-108.33333333333333,-7.833333333333333,1.0,2025-06-06T18:31:27.419898624Z
14166.833333333334,100.0,55.583333333333336,1012.2000000000002,0.0,0.08,24.933333333333334,177.0,1.3666666666666665,3553.3333333333335,-108.0,-7.566666666666666,1.0,2025-06-06T18:41:47.411068160Z
14033.666666666666,100.0,59.25,1012.2666666666668,0.0,0.07666666666666667,24.266666666666666,144.75,1.6166666666666665,2152.0,-109.66666666666667,-10.533333333333333,1.0,2025-06-06T18:51:21.426043136Z
13425.714285714286,100.0,61.0,1012.1285714285714,0.0,0.005714285714285714,23.47142857142857,181.84285714285716,1.0142857142857142,3220.5714285714284,-108.28571428571429,-8.428571428571429,1.0,2025-06-06T19:02:06.801792768Z
15823.833333333334,100.0,63.166666666666664,1012.8499999999999,0.0,0.006666666666666667,23.150000000000002,110.44999999999999,1.5666666666666667,3413.6666666666665,-107.83333333333333,-5.783333333333334,1.0,2025-06-06T19:11:54.786724096Z
14040.666666666666,100.0,65.33333333333333,1012.4333333333334,0.0,0.0033333333333333335,22.55,117.8,0.9166666666666666,2159.6666666666665,-109.5,-9.816666666666668,1.0,2025-06-06T19:21:21.403461632Z
14178.333333333334,100.0,63.666666666666664,1012.5333333333334,0.0,0.006666666666666667,22.366666666666664,97.48333333333333,1.05,3566.3333333333335,-107.66666666666667,-8.116666666666667,1.0,2025-06-06T19:31:57.740265216Z
14045.166666666666,100.0,62.333333333333336,1012.6333333333333,0.0,0.0033333333333333335,22.2,108.53333333333332,1.0,2164.8333333333335,-109.5,-9.65,1.0,2025-06-06T19:41:11.392133376Z
14851.0,100.0,58.07142857142857,1012.8714285714286,0.0,0.005714285714285714,22.599999999999998,150.6,1.5999999999999999,3106.714285714286,-110.0,-11.328571428571427,1.0,2025-06-06T19:52:04.544196608Z
13250.2,100.0,56.7,1012.4200000000001,0.0,0.008,22.4,181.18,1.28,4225.4,-106.4,-9.040000000000001,1.0,2025-06-06T20:02:47.337970176Z
14051.833333333334,100.0,61.083333333333336,1012.8000000000001,0.0,0.0033333333333333335,22.200000000000003,107.93333333333334,1.0833333333333335,2172.5,-109.33333333333333,-10.133333333333333,1.0,2025-06-06T20:11:11.359118336Z
15837.833333333334,100.0,63.583333333333336,1013.3666666666667,0.0,0.006666666666666667,21.88333333333333,106.33333333333333,1.0666666666666667,3430.0,-107.66666666666667,-7.016666666666667,1.0,2025-06-06T20:22:14.755881984Z
13446.857142857143,100.0,62.785714285714285,1012.642857142857,0.0,0.005714285714285714,21.142857142857142,86.3142857142857,0.914285714285714,3245.0,-107.14285714285714,-9.171428571428573,1.0,2025-06-06T20:32:07.069589248Z
14194.5,100.0,62.916666666666664,1012.8666666666664,0.0,0.006666666666666667,21.13333333333333,68.45,0.9666666666666667,3584.6666666666665,-107.16666666666667,-8.166666666666666,1.0,2025-06-06T20:41:47.336693760Z
14864.142857142857,100.0,65.21428571428571,1013.1285714285714,0.0,0.005714285714285714,20.857142857142858,87.29999999999998,0.6714285714285715,3121.5714285714284,-107.57142857142857,-7.042857142857143,1.0,2025-06-06T20:52:04.511074816Z
14199.333333333334,100.0,67.33333333333333,1012.9,0.0,0.006666666666666667,20.366666666666667,101.51666666666665,0.6833333333333332,3589.8333333333335,-108.16666666666667,-8.283333333333333,1.0,2025-06-06T21:01:57.329440512Z
14868.714285714286,100.0,71.42857142857143,1013.157142857143,0.0,0.005714285714285714,19.885714285714283,178.6285714285714,1.0,3126.5714285714284,-107.85714285714286,-6.185714285714285,1.0,2025-06-06T21:11:55.922049024Z
14871.142857142857,100.0,69.07142857142857,1013.2,0.0,0.005714285714285714,19.842857142857145,190.71428571428575,0.9285714285714286,3129.0,-107.71428571428571,-6.328571428571428,1.0,2025-06-06T21:22:04.487260672Z
13462.42857142857,100.0,65.71428571428571,1012.6999999999999,0.0,0.005714285714285714,20.028571428571432,228.97142857142856,0.8714285714285713,3261.285714285714,-107.42857142857143,-8.614285714285714,1.0,2025-06-06T21:32:06.738409472Z
14876.142857142857,100.0,68.28571428571429,1013.0571428571427,0.0,0.005714285714285714,19.857142857142858,199.29999999999998,1.0714285714285714,3134.0,-107.42857142857143,-8.0,1.0,2025-06-06T21:41:55.903519232Z
14878.57142857143,100.0,69.57142857142857,1013.0714285714284,0.0,0.005714285714285714,19.528571428571432,182.4857142857143,0.8142857142857143,3136.4285714285716,-107.42857142857143,-6.971428571428571,1.0,2025-06-06T21:52:04.469454592Z
14214.5,100.0,67.5,1012.8666666666664,0.0,0.006666666666666667,19.583333333333332,215.23333333333332,0.9,3605.5,-106.16666666666667,-8.066666666666668,1.0,2025-06-06T22:01:57.294416896Z
15862.166666666666,100.0,69.5,1013.3666666666667,0.0,0.006666666666666667,19.2,184.91666666666666,0.65,3455.6666666666665,-107.66666666666667,-4.983333333333333,1.0,2025-06-06T22:11:54.665526528Z
14150.25,100.0,70.375,1012.925,0.0,0.005,19.099999999999998,91.27499999999999,0.45000000000000007,2908.25,-109.75,-7.85,1.0,2025-06-06T22:21:19.276690432Z
13476.57142857143,98.85714285714286,69.5,1012.7285714285714,0.0,0.0071428571428571435,18.842857142857145,202.08571428571426,0.6000000000000002,3277.5714285714284,-107.71428571428571,-7.528571428571429,1.0,2025-06-06T22:32:06.761151744Z
16621.75,99.0,70.25,1013.6999999999999,0.0,0.0075,19.049999999999997,169.125,1.0,2683.0,-109.0,-5.4,1.0,2025-06-06T22:40:00.359209472Z
15869.166666666666,99.0,70.66666666666667,1013.4666666666667,0.0,0.01,18.900000000000002,164.11666666666667,0.5166666666666667,3464.8333333333335,-105.83333333333333,-7.900000000000001,1.0,2025-06-06T22:51:44.632056576Z
15267.6,98.6,72.5,1013.32,0.0,0.012,18.360000000000003,156.56,0.34,4091.0,-106.6,-8.419999999999998,1.0,2025-06-06T23:02:20.098039296Z
15872.833333333334,98.33333333333333,74.66666666666667,1013.4833333333335,0.0,0.01,18.183333333333334,238.83333333333337,0.4166666666666667,3469.6666666666665,-107.16666666666667,-5.066666666666666,1.0,2025-06-06T23:11:54.626146048Z
14093.666666666666,98.33333333333333,76.91666666666667,1013.0666666666666,0.0,0.005,17.6,172.45000000000002,0.6333333333333333,2221.0,-109.66666666666667,-8.466666666666667,1.0,2025-06-06T23:21:21.234232064Z
13488.857142857143,97.57142857142857,77.14285714285714,1012.8285714285714,0.0,0.008571428571428572,17.17142857142857,219.98571428571424,0.8428571428571427,3293.8571428571427,-107.57142857142857,-8.299999999999999,1.0,2025-06-06T23:32:06.734953984Z
14900.857142857143,97.57142857142857,78.5,1013.2,0.0,0.008571428571428572,17.171428571428574,141.88571428571427,0.27142857142857146,3163.714285714286,-107.57142857142857,-8.171428571428573,1.0,2025-06-06T23:41:56.139974912Z
14903.285714285714,97.28571428571429,76.92857142857143,1013.1285714285715,0.0,0.008571428571428572,17.2,127.71428571428571,0.6714285714285715,3166.1428571428573,-107.42857142857143,-7.8999999999999995,1.0,2025-06-06T23:52:04.389426432Z
13497.0,97.14285714285714,77.35714285714286,1012.6857142857143,0.0,0.008571428571428572,16.92857142857143,123.25714285714285,0.5,3302.0,-108.14285714285714,-8.0,1.0,2025-06-07T00:02:06.635011584Z
17255.4,97.0,76.1,1013.64,0.0,0.012,17.359999999999996,199.32,0.38,3921.4,-106.6,-4.119999999999999,1.0,2025-06-07T00:12:28.880242944Z
14909.857142857143,97.0,77.64285714285714,1012.9142857142857,0.0,0.008571428571428572,16.9,159.08571428571432,0.4714285714285714,3173.5714285714284,-107.14285714285714,-7.242857142857143,1.0,2025-06-07T00:22:04.357892608Z
14247.0,96.66666666666667,77.25,1012.7166666666667,0.0,0.01,16.71666666666667,203.38333333333335,0.6833333333333335,3644.5,-107.66666666666667,-7.5,1.0,2025-06-07T00:31:27.209347328Z
17261.2,96.6,78.5,1013.4799999999999,0.0,0.012,17.1,210.28000000000003,0.58,3927.4,-107.0,-4.3,1.0,2025-06-07T00:41:16.867566080Z
14916.0,96.28571428571429,80.07142857142857,1012.8142857142857,0.0,0.008571428571428572,16.614285714285714,231.87142857142857,0.5285714285714286,3181.0,-106.42857142857143,-10.114285714285714,1.0,2025-06-07T00:52:04.354882048Z
15293.6,96.4,82.4,1012.8800000000001,0.0,0.012,16.119999999999997,114.4,1.08,4120.6,-106.2,-5.92,1.0,2025-06-07T01:02:20.009243392Z
16856.0,95.5,82.75,1013.3499999999999,0.0,0.015,16.05,245.875,0.8500000000000001,4825.0,-105.25,-2.175,1.0,2025-06-07T01:13:09.247597056Z
17268.2,95.6,81.4,1013.46,0.0,0.012,16.34,249.71999999999997,0.64,3936.0,-106.6,-3.22,1.0,2025-06-07T01:21:52.836937216Z
13515.0,94.85714285714286,81.71428571428571,1012.3285714285715,0.0,0.008571428571428572,15.757142857142856,213.5142857142857,0.4428571428571428,3326.4285714285716,-106.85714285714286,-8.457142857142857,1.0,2025-06-07T01:32:06.586060544Z
14925.57142857143,94.57142857142857,83.71428571428571,1012.6857142857144,0.0,0.008571428571428572,15.714285714285714,192.8857142857143,0.6571428571428571,3193.4285714285716,-106.85714285714286,-9.328571428571427,1.0,2025-06-07T01:41:55.738379520Z
14928.0,94.28571428571429,84.5,1012.6000000000001,0.0,0.008571428571428572,15.72857142857143,256.7142857142857,0.6142857142857142,3195.8571428571427,-107.28571428571429,-6.257142857142857,1.0,2025-06-07T01:52:04.305019648Z
14265.833333333334,94.33333333333333,84.33333333333333,1012.2833333333333,0.0,0.01,15.316666666666665,252.08333333333337,0.7333333333333333,3668.0,-104.66666666666667,-8.583333333333334,1.0,2025-06-07T02:01:27.148961024Z
14932.57142857143,94.0,83.71428571428571,1012.4428571428572,0.0,0.008571428571428572,15.457142857142856,280.5428571428571,0.7142857142857142,3200.8571428571427,-108.0,-7.271428571428572,1.0,2025-06-07T02:11:55.742768640Z
14935.0,94.0,84.21428571428571,1012.4,0.0,0.011428571428571429,15.37142857142857,281.68571428571425,0.6142857142857142,3203.285714285714,-107.14285714285714,-7.4142857142857155,1.0,2025-06-07T02:22:04.277549824Z
13530.714285714286,93.57142857142857,86.0,1012.0714285714284,0.0,0.014285714285714287,14.799999999999997,230.42857142857142,0.7285714285714285,3342.714285714286,-105.85714285714286,-8.77142857142857,1.0,2025-06-07T02:32:06.554584320Z
14940.0,93.57142857142857,86.5,1012.4142857142855,0.0,0.014285714285714287,15.042857142857143,125.94285714285714,0.7000000000000001,3208.285714285714,-106.85714285714286,-8.285714285714286,1.0,2025-06-07T02:41:55.695540992Z
15919.166666666666,93.33333333333333,87.66666666666667,1012.6333333333332,0.0,0.023333333333333334,14.85,172.51666666666665,0.5666666666666667,3521.0,-107.83333333333333,-6.7,1.0,2025-06-07T02:52:14.483329792Z
13351.2,93.4,87.1,1011.9799999999999,0.0,0.028000000000000004,14.16,229.6,0.66,4342.6,-108.8,-7.5,1.0,2025-06-07T03:01:35.127092736Z
15922.833333333334,93.0,87.0,1012.6666666666666,0.0,0.02666666666666667,14.483333333333334,132.76666666666668,0.75,3525.5,-106.16666666666667,-7.366666666666667,1.0,2025-06-07T03:11:24.481297664Z
17292.2,93.0,87.9,1012.96,0.0,0.036,14.64,133.34,1.0,3961.6,-106.4,-4.3,1.0,2025-06-07T03:21:52.766956544Z
16884.5,93.0,87.875,1012.9000000000001,0.0,0.042499999999999996,14.425,225.225,0.575,4856.0,-104.25,-4.95,1.0,2025-06-07T03:31:24.163260416Z
15927.833333333334,92.33333333333333,87.58333333333333,1012.6666666666665,0.0,0.03,14.333333333333334,212.00000000000003,0.7166666666666667,3532.5,-107.16666666666667,-5.066666666666667,1.0,2025-06-07T03:41:24.445581312Z
14953.142857142857,91.85714285714286,88.0,1012.4999999999999,0.0,0.025714285714285714,14.342857142857142,150.95714285714286,0.6857142857142858,3225.5714285714284,-106.42857142857143,-8.942857142857145,1.0,2025-06-07T03:52:04.232133376Z
16890.25,92.25,86.25,1013.0,0.0,0.042499999999999996,15.024999999999999,207.2,0.75,4863.5,-107.0,-2.85,1.0,2025-06-07T04:03:39.140356096Z
17301.0,92.0,86.1,1013.14,0.0,0.036,15.320000000000002,212.82,0.5199999999999999,3972.2,-105.2,-6.7,1.0,2025-06-07T04:11:16.723230464Z
19354.5,92.0,83.125,1013.625,0.0,0.045,16.4,176.09999999999997,0.22499999999999998,4623.5,-105.5,-1.15,1.0,2025-06-07T04:22:50.147491840Z
19494.666666666668,92.0,79.0,1013.6333333333333,0.0,0.056666666666666664,17.366666666666664,272.56666666666666,0.39999999999999997,6032.333333333333,-103.0,-0.2333333333333334,1.0,2025-06-07T04:32:51.903004672Z
14960.42857142857,91.57142857142857,77.71428571428571,1012.5428571428572,0.0,0.025714285714285714,17.785714285714285,173.3,0.9285714285714286,3238.0,-106.42857142857143,-8.542857142857143,1.0,2025-06-07T04:41:55.638684416Z
15939.833333333334,91.66666666666667,75.25,1012.7666666666668,0.0,0.03,18.716666666666665,162.26666666666665,0.7666666666666666,3548.8333333333335,-108.16666666666667,-6.666666666666667,1.0,2025-06-07T04:51:44.771992576Z
13558.714285714286,91.42857142857143,73.92857142857143,1012.1285714285714,0.0,0.024285714285714282,19.414285714285715,249.94285714285712,0.6428571428571429,3383.4285714285716,-108.14285714285714,-9.414285714285715,1.0,2025-06-07T05:02:06.505867520Z
14967.42857142857,91.57142857142857,71.14285714285714,1012.5714285714286,0.0,0.025714285714285714,20.38571428571429,250.95714285714283,0.5857142857142856,3245.4285714285716,-107.0,-8.2,1.0,2025-06-07T05:11:55.625295872Z
15946.5,92.0,67.75,1012.75,0.0,0.045000000000000005,21.400000000000002,208.26666666666665,0.6833333333333332,3556.1666666666665,-107.5,-6.3,1.0,2025-06-07T05:22:44.378478336Z
13566.285714285714,92.57142857142857,67.0,1012.1285714285714,0.0,0.047142857142857146,22.0,273.4857142857143,0.7571428571428571,3391.5714285714284,-106.71428571428571,-9.714285714285714,1.0,2025-06-07T05:32:06.894045440Z
14974.42857142857,92.71428571428571,63.92857142857143,1012.4571428571428,0.0,0.055714285714285716,22.628571428571426,231.67142857142858,0.9714285714285715,3252.8571428571427,-107.28571428571429,-7.642857142857143,1.0,2025-06-07T05:41:55.601934848Z
14976.857142857143,92.71428571428571,62.0,1012.4285714285714,0.0,0.060000000000000005,23.21428571428572,249.51428571428573,1.0857142857142856,3255.285714285714,-107.28571428571429,-8.114285714285714,1.0,2025-06-07T05:52:04.150102016Z
14316.333333333334,93.5,61.25,1012.3000000000001,0.0,0.07333333333333333,23.933333333333337,289.53333333333336,1.0166666666666668,3731.1666666666665,-106.66666666666667,-9.366666666666667,1.0,2025-06-07T06:02:57.013860352Z
15957.5,94.0,57.916666666666664,1012.7333333333332,0.0,0.08,24.266666666666666,252.63333333333335,1.2999999999999998,3567.8333333333335,-107.66666666666667,-7.0,1.0,2025-06-07T06:12:24.352045312Z
14983.42857142857,94.42857142857143,54.214285714285715,1012.3857142857142,0.0,0.06857142857142857,24.77142857142857,276.5857142857143,1.342857142857143,3262.714285714286,-106.28571428571429,-10.671428571428573,1.0,2025-06-07T06:22:04.201408256Z
14323.166666666666,95.33333333333333,54.0,1012.1999999999999,0.0,0.07666666666666666,25.116666666666664,280.73333333333335,1.2,3738.5,-106.16666666666667,-9.200000000000001,1.0,2025-06-07T06:31:27.370159104Z
17330.2,96.4,54.1,1013.0,0.0,0.096,25.0,249.68,2.0799999999999996,4004.2,-106.6,-6.459999999999999,1.0,2025-06-07T06:41:17.062847232Z
15965.5,97.0,53.083333333333336,1012.6999999999999,0.0,0.08,25.7,242.70000000000005,1.45,3576.8333333333335,-107.16666666666667,-8.6,1.0,2025-06-07T06:51:44.321326848Z
13587.285714285714,98.57142857142857,48.285714285714285,1011.8571428571429,0.0,0.06571428571428571,26.271428571428572,162.88571428571427,0.8142857142857143,3416.0,-108.71428571428571,-10.514285714285716,1.0,2025-06-07T07:02:06.441082112Z
14994.142857142857,98.57142857142857,49.285714285714285,1012.1571428571431,0.0,0.06857142857142857,26.414285714285715,271.5285714285714,1.4142857142857146,3275.1428571428573,-105.71428571428571,-10.928571428571429,1.0,2025-06-07T07:11:55.536011520Z
15972.166666666666,99.16666666666667,48.916666666666664,1012.4000000000001,0.0,0.08,26.683333333333337,248.0333333333333,0.8833333333333334,3583.8333333333335,-106.16666666666667,-8.383333333333333,1.0,2025-06-07T07:21:44.307993344Z
14336.333333333334,100.0,45.833333333333336,1011.8666666666667,0.0,0.07666666666666666,27.450000000000003,198.85,0.8833333333333333,3754.1666666666665,-106.66666666666667,-11.333333333333334,1.0,2025-06-07T07:31:26.985592832Z
15976.166666666666,100.0,47.416666666666664,1012.3666666666668,0.0,0.08,27.616666666666664,193.4666666666667,1.2166666666666666,3588.6666666666665,-107.0,-8.716666666666667,1.0,2025-06-07T07:41:54.291636992Z
15002.714285714286,100.0,46.07142857142857,1011.9999999999999,0.0,0.06857142857142857,27.985714285714288,221.1,1.2714285714285711,3285.0,-107.14285714285714,-9.671428571428573,1.0,2025-06-07T07:52:04.110433536Z
14343.166666666666,100.0,46.0,1011.6333333333333,0.0,0.07666666666666666,28.066666666666666,179.83333333333334,1.3666666666666665,3762.3333333333335,-108.5,-7.483333333333333,1.0,2025-06-07T08:02:26.972025856Z
15007.285714285714,100.0,46.57142857142857,1011.7571428571429,0.0,0.06857142857142857,28.285714285714285,177.88571428571427,0.9857142857142857,3290.0,-107.85714285714286,-10.028571428571428,1.0,2025-06-07T08:11:55.536910848Z
15984.833333333334,100.0,45.916666666666664,1011.9833333333332,0.0,0.08,28.716666666666665,177.1,1.2833333333333334,3598.0,-107.83333333333333,-7.333333333333333,1.0,2025-06-07T08:22:14.286265600Z
15387.8,100.0,45.2,1011.6600000000001,0.0,0.10400000000000001,29.0,161.44,1.1800000000000002,4231.8,-106.4,-6.94,1.0,2025-06-07T08:32:55.764014080Z
15988.5,100.0,45.25,1011.8499999999999,0.0,0.09000000000000001,29.01666666666667,203.04999999999998,1.3333333333333333,3602.8333333333335,-107.16666666666667,-8.466666666666667,1.0,2025-06-07T08:42:24.278114560Z
15015.42857142857,100.0,46.42857142857143,1011.4999999999999,0.0,0.07714285714285715,29.114285714285717,233.61428571428573,1.657142857142857,3299.8571428571427,-106.28571428571429,-12.5,1.0,2025-06-07T08:52:04.073510144Z
14356.333333333334,100.0,45.083333333333336,1011.1999999999999,0.0,0.08666666666666667,29.416666666666668,173.48333333333335,1.383333333333333,3777.8333333333335,-107.5,-10.516666666666666,1.0,2025-06-07T09:01:56.949445632Z
17359.8,100.0,43.4,1012.04,0.0,0.10800000000000001,29.660000000000004,184.94,1.9,4036.4,-105.6,-7.040000000000001,1.0,2025-06-07T09:11:52.993425408Z
14360.166666666666,100.0,43.25,1011.1333333333332,0.0,0.08666666666666667,29.78333333333333,205.71666666666667,1.7333333333333334,3783.1666666666665,-108.33333333333333,-7.816666666666666,1.0,2025-06-07T09:22:36.932747008Z
14362.5,100.0,42.916666666666664,1011.15,0.0,0.08666666666666667,29.966666666666665,177.65,1.4999999999999998,3785.8333333333335,-108.33333333333333,-7.733333333333334,1.0,2025-06-07T09:32:26.946757632Z
15025.857142857143,100.0,42.785714285714285,1011.3285714285714,0.0,0.07714285714285715,30.17142857142857,213.29999999999998,2.3857142857142857,3312.285714285714,-107.57142857142857,-9.928571428571429,1.0,2025-06-07T09:41:55.487287808Z
15028.285714285714,100.0,40.714285714285715,1011.3,0.0,0.07714285714285715,30.4,222.6142857142857,1.6999999999999997,3314.714285714286,-108.42857142857143,-8.87142857142857,1.0,2025-06-07T09:52:04.043425024Z
13629.142857142857,100.0,41.285714285714285,1010.8285714285714,0.0,0.07428571428571429,30.67142857142857,153.32857142857142,1.5571428571428572,3464.8571428571427,-107.57142857142857,-10.8,1.0,2025-06-07T10:02:06.336348160Z
16007.5,100.0,40.166666666666664,1011.4499999999999,0.0,0.09000000000000001,30.849999999999998,128.10000000000002,2.3,3623.6666666666665,-107.5,-8.483333333333334,1.0,2025-06-07T10:11:54.238124800Z
14234.166666666666,100.0,40.75,1010.8333333333331,0.0,0.04833333333333333,30.96666666666667,110.43333333333332,1.7666666666666666,2389.6666666666665,-108.0,-13.216666666666667,1.0,2025-06-07T10:21:20.857172736Z
15413.6,100.0,39.5,1010.9800000000001,0.0,0.004,31.359999999999996,199.56,2.5599999999999996,4261.2,-106.6,-7.359999999999999,1.0,2025-06-07T10:32:19.746741504Z
16013.166666666666,100.0,38.166666666666664,1011.1666666666666,0.0,0.006666666666666667,31.400000000000002,145.61666666666667,1.1833333333333333,3630.5,-107.66666666666667,-7.900000000000001,1.0,2025-06-07T10:41:24.233859328Z
15041.142857142857,100.0,38.857142857142854,1010.757142857143,0.0,0.005714285714285714,31.25714285714286,169.41428571428574,2.0285714285714285,3329.5714285714284,-107.57142857142857,-9.014285714285714,1.0,2025-06-07T10:52:04.068795648Z
13642.857142857143,100.0,37.57142857142857,1010.1571428571427,0.0,0.002857142857142857,31.58571428571429,171.3714285714286,1.8857142857142857,3481.1428571428573,-105.0,-13.928571428571429,1.0,2025-06-07T11:02:06.334774784Z
15046.142857142857,100.0,36.0,1010.5142857142857,0.0,0.005714285714285714,31.842857142857145,142.3857142857143,1.6,3334.5714285714284,-107.14285714285714,-9.028571428571428,1.0,2025-06-07T11:11:55.461299968Z
14247.833333333334,100.0,35.666666666666664,1010.2666666666665,0.0,0.006666666666666667,31.900000000000006,242.53333333333333,1.3166666666666667,2405.0,-108.33333333333333,-12.783333333333333,1.0,2025-06-07T11:21:20.827755264Z
14390.666666666666,100.0,34.583333333333336,1010.0166666666668,0.0,0.0033333333333333335,32.3,151.6,2.566666666666667,3816.8333333333335,-107.5,-9.100000000000001,1.0,2025-06-07T11:31:26.970806272Z
15052.857142857143,100.0,35.214285714285715,1010.1285714285714,0.0,0.005714285714285714,32.214285714285715,177.67142857142858,1.6285714285714286,3342.0,-107.57142857142857,-9.357142857142858,1.0,2025-06-07T11:41:55.453022976Z
15055.285714285714,100.0,35.142857142857146,1009.9428571428572,0.0,0.005714285714285714,32.44285714285714,187.05714285714285,3.1,3344.4285714285716,-107.85714285714286,-9.071428571428571,1.0,2025-06-07T11:52:04.334252032Z
15433.8,100.0,34.7,1009.9399999999999,0.0,0.004,32.42,171.64000000000001,3.66,4283.2,-107.2,-7.1,1.0,2025-06-07T12:01:43.723791872Z
16032.5,100.0,34.583333333333336,1010.0333333333333,0.0,0.006666666666666667,32.43333333333334,179.63333333333335,3.1166666666666667,3651.8333333333335,-106.66666666666667,-9.35,1.0,2025-06-07T12:12:24.223000576Z
15061.42857142857,100.0,34.92857142857143,1009.6285714285714,0.0,0.005714285714285714,32.61428571428571,187.3,3.4,3351.8571428571427,-107.57142857142857,-9.542857142857143,1.0,2025-06-07T12:22:04.013387008Z
15440.0,100.0,33.3,1009.5799999999999,0.0,0.004,32.64,201.2,4.12,4290.8,-104.0,-8.84,1.0,2025-06-07T12:32:19.725262080Z
16038.5,100.0,32.916666666666664,1009.6666666666666,0.0,0.006666666666666667,32.73333333333333,182.33333333333334,3.8333333333333326,3658.6666666666665,-107.0,-7.583333333333333,1.0,2025-06-07T12:41:54.207618304Z
16040.5,100.0,33.083333333333336,1009.5833333333334,0.0,0.006666666666666667,32.666666666666664,186.1,4.533333333333333,3660.8333333333335,-108.66666666666667,-7.366666666666667,1.0,2025-06-07T12:51:44.570314752Z
16999.5,100.0,33.125,1009.7,0.0,0.005,32.8,175.60000000000002,4.875,4984.25,-105.75,-5.675,1.0,2025-06-07T13:01:23.942790912Z
16043.833333333334,100.0,33.166666666666664,1009.4166666666666,0.0,0.006666666666666667,32.833333333333336,180.01666666666665,5.449999999999999,3665.6666666666665,-107.83333333333333,-7.933333333333333,1.0,2025-06-07T13:11:54.204141312Z
15072.857142857143,100.0,33.0,1009.1142857142856,0.0,0.005714285714285714,32.75714285714286,188.7571428571429,4.771428571428572,3366.714285714286,-109.42857142857143,-7.228571428571428,1.0,2025-06-07T13:22:03.996560896Z
15451.6,100.0,33.9,1009.1600000000001,0.0,0.004,32.9,190.48,5.26,4305.4,-107.4,-7.56,1.0,2025-06-07T13:31:43.717797888Z
17412.0,100.0,32.8,1009.7,0.0,0.008,32.92,169.95999999999998,5.62,4093.8,-107.4,-6.4,1.0,2025-06-07T13:41:16.471987712Z
15078.57142857143,100.0,32.785714285714285,1009.0142857142856,0.0,0.005714285714285714,32.84285714285715,185.04285714285714,5.214285714285714,3374.1428571428573,-107.42857142857143,-9.942857142857141,1.0,2025-06-07T13:52:03.987560960Z
14421.833333333334,100.0,32.583333333333336,1008.7333333333335,0.0,0.0033333333333333335,32.65,208.36666666666667,4.666666666666667,3856.3333333333335,-107.66666666666667,-8.4,1.0,2025-06-07T14:02:26.932322304Z
16055.833333333334,100.0,33.083333333333336,1009.1166666666667,0.0,0.006666666666666667,32.63333333333333,182.93333333333337,4.95,3679.6666666666665,-108.33333333333333,-5.533333333333334,1.0,2025-06-07T14:11:54.544081920Z
15085.142857142857,100.0,32.07142857142857,1008.7857142857143,0.0,0.005714285714285714,32.642857142857146,191.28571428571428,5.485714285714286,3381.5714285714284,-107.14285714285714,-12.014285714285714,1.0,2025-06-07T14:22:03.973747968Z
14428.666666666666,100.0,32.333333333333336,1008.5000000000001,0.0,0.0033333333333333335,32.666666666666664,194.6,5.616666666666666,3864.1666666666665,-108.33333333333333,-7.816666666666667,1.0,2025-06-07T14:32:26.879579392Z
15089.714285714286,100.0,32.714285714285715,1008.6428571428572,0.0,0.005714285714285714,32.55714285714286,191.47142857142856,5.314285714285714,3386.5714285714284,-107.85714285714286,-9.128571428571428,1.0,2025-06-07T14:41:55.415036416Z
16064.5,100.0,32.916666666666664,1008.8499999999999,0.0,0.006666666666666667,32.43333333333334,183.44999999999996,6.166666666666667,3689.0,-108.16666666666667,-9.049999999999999,1.0,2025-06-07T14:52:14.178428672Z
15470.6,100.0,33.1,1008.54,0.0,0.004,32.3,186.7,5.88,4327.8,-107.8,-8.26,1.0,2025-06-07T15:02:19.683244032Z
16068.166666666666,100.0,34.0,1008.75,0.0,0.006666666666666667,32.050000000000004,183.79999999999998,5.633333333333333,3693.6666666666665,-107.16666666666667,-8.466666666666667,1.0,2025-06-07T15:11:54.183425280Z
16070.166666666666,100.0,34.0,1008.6666666666666,0.0,0.006666666666666667,31.866666666666664,192.25,5.716666666666666,3696.1666666666665,-108.33333333333333,-7.866666666666667,1.0,2025-06-07T15:22:44.167958272Z
14441.333333333334,100.0,34.166666666666664,1008.1166666666667,0.0,0.0033333333333333335,31.733333333333334,201.20000000000002,5.8999999999999995,3879.8333333333335,-106.66666666666667,-9.016666666666667,1.0,2025-06-07T15:32:26.864806912Z
17435.4,100.0,34.5,1008.96,0.0,0.008,31.880000000000003,173.22,5.5200000000000005,4119.6,-107.8,-5.7,1.0,2025-06-07T15:41:52.431578368Z
19479.5,100.0,35.5,1009.5250000000001,0.0,0.01,31.725,167.975,5.6,4750.0,-106.0,-2.45,1.0,2025-06-07T15:52:49.850621952Z
15481.4,100.0,36.7,1008.26,0.0,0.004,31.560000000000002,206.54000000000002,4.279999999999999,4342.4,-108.4,-5.46,1.0,2025-06-07T16:01:43.730549504Z
16078.833333333334,100.0,37.0,1008.4,0.0,0.006666666666666667,31.36666666666667,183.64999999999998,5.433333333333333,3707.5,-107.5,-8.299999999999999,1.0,2025-06-07T16:11:24.145130752Z
19485.0,100.0,38.375,1009.375,0.0,0.01,31.300000000000004,162.25,4.125,4755.5,-105.75,-4.075,1.0,2025-06-07T16:22:49.837203968Z
13711.57142857143,100.0,38.0,1007.6999999999999,0.0,0.002857142857142857,31.02857142857143,203.70000000000002,4.7,3570.714285714286,-108.28571428571429,-9.228571428571428,1.0,2025-06-07T16:32:06.264414976Z
15318.2,100.0,38.1,1008.18,0.0,0.008,30.96,195.04000000000002,4.98,2659.2,-109.6,-9.36,1.0,2025-06-07T16:42:00.349075968Z
16086.166666666666,100.0,38.916666666666664,1008.3666666666667,0.0,0.006666666666666667,30.7,194.25,5.216666666666667,3716.8333333333335,-108.16666666666667,-8.799999999999999,1.0,2025-06-07T16:51:44.145462272Z
15492.6,100.0,39.8,1008.18,0.0,0.004,30.359999999999996,200.33999999999997,4.5600000000000005,4357.6,-108.0,-7.26,1.0,2025-06-07T17:02:55.654168576Z
19493.5,100.0,40.375,1009.325,0.0,0.01,30.25,168.92499999999998,4.625,4764.5,-106.5,-3.2,1.0,2025-06-07T17:11:49.814118912Z
19495.5,100.0,40.625,1009.3500000000001,0.0,0.01,29.9,175.70000000000002,4.125,4766.5,-106.5,-2.625,1.0,2025-06-07T17:22:49.822148096Z
15496.8,100.0,41.3,1008.2599999999999,0.0,0.004,29.580000000000002,207.4,3.5199999999999996,4364.6,-107.6,-6.62,1.0,2025-06-07T17:31:44.102323712Z
15121.57142857143,100.0,40.214285714285715,1008.2428571428571,0.0,0.005714285714285714,29.257142857142856,195.78571428571428,4.171428571428572,3431.1428571428573,-108.85714285714286,-9.428571428571429,1.0,2025-06-07T17:41:55.355709184Z
15124.0,100.0,40.57142857142857,1008.2857142857143,0.0,0.005714285714285714,28.928571428571434,200.94285714285715,3.457142857142857,3433.5714285714284,-108.0,-8.685714285714285,1.0,2025-06-07T17:52:03.920584192Z
13728.857142857143,100.0,41.5,1007.8714285714285,0.0,0.002857142857142857,28.400000000000002,213.75714285714284,3.1714285714285713,3595.1428571428573,-108.0,-10.728571428571428,1.0,2025-06-07T18:02:06.273429248Z
15129.0,100.0,42.214285714285715,1008.3142857142858,0.0,0.005714285714285714,28.1,199.74285714285716,2.842857142857143,3438.5714285714284,-108.28571428571429,-9.228571428571428,1.0,2025-06-07T18:11:55.323639552Z
16103.5,100.0,42.416666666666664,1008.5999999999999,0.0,0.006666666666666667,27.78333333333333,194.70000000000002,3.166666666666666,3737.8333333333335,-109.0,-7.583333333333333,1.0,2025-06-07T18:21:44.081732864Z
15510.4,100.0,44.1,1008.4200000000001,0.0,0.004,27.24,206.38000000000002,2.8,4379.2,-106.4,-7.040000000000001,1.0,2025-06-07T18:31:07.601683968Z
17468.2,100.0,44.8,1009.0200000000001,0.0,0.008,26.98,186.34,2.2399999999999998,4158.0,-108.2,-4.34,1.0,2025-06-07T18:41:52.333291520Z
15136.714285714286,100.0,44.57142857142857,1008.3857142857144,0.0,0.002857142857142857,26.514285714285716,195.5142857142857,2.5571428571428574,3448.4285714285716,-109.57142857142857,-7.171428571428572,1.0,2025-06-07T18:52:03.863540992Z
15516.2,100.0,45.2,1008.4399999999999,0.0,0.0,26.22,201.36,2.5200000000000005,4387.2,-108.2,-7.719999999999999,1.0,2025-06-07T19:02:55.600778496Z
16112.833333333334,100.0,45.416666666666664,1008.7333333333332,0.0,0.0,26.05,189.10000000000002,2.483333333333333,3749.5,-108.16666666666667,-7.3,1.0,2025-06-07T19:11:24.052940800Z
16114.833333333334,100.0,46.333333333333336,1008.9499999999999,0.0,0.0,25.58333333333333,197.8166666666667,2.25,3752.1666666666665,-108.83333333333333,-8.266666666666666,1.0,2025-06-07T19:22:44.039909632Z
14487.166666666666,100.0,46.166666666666664,1008.4833333333335,0.0,0.0,25.349999999999998,206.16666666666666,2.4,3942.5,-107.5,-10.666666666666666,1.0,2025-06-07T19:32:26.758142976Z
16118.833333333334,100.0,47.333333333333336,1009.0333333333333,0.0,0.0,25.133333333333336,194.26666666666665,2.3000000000000003,3756.5,-108.16666666666667,-7.316666666666667,1.0,2025-06-07T19:41:24.024093952Z
15149.0,100.0,47.785714285714285,1008.9,0.0,0.0,25.0,203.6428571428571,2.3428571428571425,3463.285714285714,-108.0,-9.471428571428572,1.0,2025-06-07T19:52:03.824498432Z
15528.6,100.0,49.1,1009.1200000000001,0.0,0.0,24.88,221.02000000000004,2.0799999999999996,4401.8,-108.0,-6.640000000000001,1.0,2025-06-07T20:02:19.568590336Z
15153.142857142857,100.0,50.07142857142857,1009.1285714285714,0.0,0.0,24.614285714285717,225.1285714285714,2.5,3468.285714285714,-109.42857142857143,-7.299999999999999,1.0,2025-06-07T20:11:55.240903936Z
17487.6,100.0,53.9,1009.9399999999999,0.0,0.0,23.639999999999997,203.45999999999998,1.3800000000000001,4179.6,-108.2,-4.4,1.0,2025-06-07T20:23:04.352396800Z
13761.0,100.0,52.0,1008.857142857143,0.0,0.0,24.014285714285712,241.99999999999997,2.0714285714285716,3635.8571428571427,-108.0,-8.200000000000001,1.0,2025-06-07T20:32:06.138743296Z
15159.714285714286,100.0,54.142857142857146,1009.2857142857143,0.0,0.0,23.27142857142857,251.82857142857142,2.2714285714285714,3475.714285714286,-108.85714285714286,-8.071428571428571,1.0,2025-06-07T20:41:55.289150720Z
15162.142857142857,100.0,52.0,1009.2428571428571,0.0,0.0,23.571428571428573,245.77142857142854,2.1,3478.1428571428573,-108.85714285714286,-7.885714285714286,1.0,2025-06-07T20:52:03.791048192Z
13769.142857142857,100.0,51.285714285714285,1008.8142857142858,0.0,0.0,23.742857142857144,249.6857142857143,2.6,3644.0,-108.0,-9.0,1.0,2025-06-07T21:02:06.135855616Z
15167.142857142857,100.0,53.857142857142854,1009.3000000000001,0.0,0.0,23.12857142857143,239.64285714285714,2.0285714285714285,3483.1428571428573,-108.42857142857143,-8.642857142857142,1.0,2025-06-07T21:11:55.237660416Z
14369.333333333334,100.0,53.416666666666664,1009.1333333333333,0.0,0.0,23.45,214.23333333333332,1.616666666666667,2558.3333333333335,-110.5,-9.383333333333333,1.0,2025-06-07T21:21:20.933794560Z
14515.166666666666,100.0,57.833333333333336,1009.2000000000002,0.0,0.0,22.5,262.7,0.7999999999999999,3973.6666666666665,-107.83333333333333,-7.8,1.0,2025-06-07T21:31:56.689142784Z
15173.857142857143,100.0,61.785714285714285,1009.4999999999999,0.0,0.0,21.428571428571427,160.58571428571432,0.6714285714285715,3490.5714285714284,-109.14285714285714,-7.142857142857143,1.0,2025-06-07T21:41:55.204711680Z
16146.833333333334,100.0,64.75,1009.8833333333332,0.0,0.0,20.51666666666667,88.40000000000002,0.9499999999999998,3787.1666666666665,-107.83333333333333,-6.6000000000000005,1.0,2025-06-07T21:52:43.946440704Z
14522.0,99.66666666666667,66.58333333333333,1009.4499999999999,0.0,0.0,20.366666666666664,147.15,0.5833333333333334,3981.5,-108.83333333333333,-8.133333333333333,1.0,2025-06-07T22:01:56.682528512Z
15180.42857142857,99.57142857142857,66.14285714285714,1009.657142857143,0.0,0.0,20.357142857142858,106.11428571428571,0.8142857142857143,3498.0,-108.85714285714286,-8.071428571428571,1.0,2025-06-07T22:11:55.162649088Z
15182.857142857143,99.57142857142857,67.35714285714286,1009.6571428571427,0.0,0.0,20.257142857142856,78.0142857142857,1.1999999999999997,3500.4285714285716,-108.85714285714286,-8.042857142857143,1.0,2025-06-07T22:22:03.745628416Z
13791.57142857143,99.28571428571429,66.57142857142857,1009.1857142857143,0.0,0.0,20.52857142857143,151.54285714285712,0.8142857142857144,3668.4285714285716,-109.0,-9.428571428571429,1.0,2025-06-07T22:32:06.076767744Z
15187.857142857143,99.28571428571429,67.14285714285714,1009.5571428571428,0.0,0.0,20.314285714285717,165.0285714285714,1.2857142857142858,3505.4285714285716,-108.28571428571429,-9.357142857142858,1.0,2025-06-07T22:41:55.147181568Z
14390.666666666666,99.16666666666667,65.08333333333333,1009.3000000000001,0.0,0.0,20.833333333333332,196.5833333333333,0.45,2581.5,-110.33333333333333,-9.283333333333333,1.0,2025-06-07T22:52:10.521733376Z
13799.42857142857,98.85714285714286,65.35714285714286,1009.1,0.0,0.0,20.585714285714285,177.65714285714287,0.7428571428571428,3676.5714285714284,-108.71428571428571,-9.028571428571428,1.0,2025-06-07T23:02:06.062889216Z
16164.5,98.33333333333333,69.08333333333333,1009.8333333333334,0.0,0.0,19.833333333333332,206.13333333333333,0.7000000000000001,3805.5,-108.0,-6.416666666666667,1.0,2025-06-07T23:11:23.931905280Z
16166.5,98.33333333333333,72.91666666666667,1009.8499999999999,0.0,0.0,19.349999999999998,185.6,0.7000000000000001,3808.0,-109.16666666666667,-6.816666666666666,1.0,2025-06-07T23:22:13.886364672Z
14543.666666666666,98.16666666666667,74.08333333333333,1009.3499999999999,0.0,0.0,19.133333333333333,217.98333333333332,0.43333333333333335,4004.8333333333335,-108.5,-8.066666666666666,1.0,2025-06-07T23:31:26.609754112Z
15201.142857142857,97.71428571428571,74.71428571428571,1009.5142857142857,0.0,0.0,19.0,193.75714285714284,0.48571428571428577,3520.285714285714,-109.0,-7.514285714285713,1.0,2025-06-07T23:41:55.115149312Z
15203.57142857143,97.71428571428571,75.0,1009.5714285714284,0.0,0.0,19.285714285714285,146.7,0.8714285714285717,3522.714285714286,-108.0,-7.214285714285714,1.0,2025-06-07T23:52:03.713613312Z
13814.0,97.0,74.0,1009.1142857142858,0.0,0.0,19.414285714285715,164.7428571428571,0.8714285714285713,3692.8571428571427,-108.57142857142857,-7.642857142857143,1.0,2025-06-08T00:02:06.009810176Z
15208.57142857143,96.57142857142857,73.5,1009.4999999999999,0.0,0.0,19.814285714285713,143.35714285714286,1.1,3527.714285714286,-108.57142857142857,-7.714285714285714,1.0,2025-06-08T00:11:55.406576128Z
14556.333333333334,96.16666666666667,72.66666666666667,1009.3000000000001,0.0,0.0,20.083333333333332,255.5,0.9666666666666667,4018.0,-109.16666666666667,-7.033333333333334,1.0,2025-06-08T00:21:36.588964864Z
14703.0,96.0,74.625,1009.2750000000001,0.0,0.0,19.725,266.025,0.8250000000000001,5434.0,-106.0,-6.3,1.0,2025-06-08T00:31:12.774476032Z
15214.57142857143,96.14285714285714,75.85714285714286,1009.5428571428571,0.0,0.0,19.342857142857145,255.87142857142857,0.42857142857142855,3535.1428571428573,-109.14285714285714,-7.485714285714287,1.0,2025-06-08T00:41:55.073436160Z
16185.5,96.0,76.5,1009.7666666666668,0.0,0.0,19.183333333333334,225.8166666666667,0.65,3829.0,-107.83333333333333,-6.150000000000001,1.0,2025-06-08T00:52:13.836038144Z
12942.5,95.5,76.33333333333333,1008.75,0.0,0.0,18.8,236.98333333333335,0.5,4225.833333333333,-107.66666666666667,-8.616666666666667,1.0,2025-06-08T01:02:20.639971584Z
16189.5,95.5,87.83333333333333,1934.033333333333,42.5,109.22500000000001,15.5,74.06666666666666,1092.7333333333333,3833.6666666666665,-107.83333333333333,-5.8500000000000005,1.0,2025-06-08T01:11:54.165696512Z
15223.285714285714,95.28571428571429,79.0,1009.4142857142857,0.0,0.0,18.814285714285717,108.98571428571428,0.5714285714285714,3545.0,-108.28571428571429,-6.628571428571429,1.0,2025-06-08T01:22:03.605614336Z
13835.714285714286,95.14285714285714,78.28571428571429,1008.9142857142858,0.0,0.0,18.728571428571428,124.97142857142858,0.8714285714285713,3717.285714285714,-108.28571428571429,-8.314285714285715,1.0,2025-06-08T01:32:05.954913024Z
17551.4,95.4,81.1,1010.0200000000001,0.0,0.0,18.619999999999997,179.07999999999998,0.76,4247.6,-105.0,-7.1,1.0,2025-06-08T01:41:52.030950912Z
17553.2,94.6,81.1,1010.0,0.0,0.0,18.479999999999997,106.7,0.7,4249.8,-106.4,-5.9,1.0,2025-06-08T01:52:28.026545920Z
13841.57142857143,94.0,77.21428571428571,1008.8428571428573,0.0,0.0,18.771428571428572,171.64285714285714,0.5571428571428572,3725.4285714285716,-108.85714285714286,-8.1,1.0,2025-06-08T02:02:05.947912448Z
15234.0,93.85714285714286,81.14285714285714,1009.3142857142858,0.0,0.0,17.97142857142857,173.5,0.7142857142857144,3557.4285714285716,-108.71428571428571,-8.514285714285714,1.0,2025-06-08T02:11:55.001901312Z
15236.42857142857,93.57142857142857,82.14285714285714,1009.3000000000001,0.0,0.0,17.9,211.95714285714283,0.7000000000000001,3559.8571428571427,-108.71428571428571,-7.385714285714286,1.0,2025-06-08T02:22:03.573085440Z
15616.2,93.6,83.2,1009.3400000000001,0.0,0.0,17.660000000000004,254.26,0.8200000000000001,4497.8,-106.0,-7.720000000000001,1.0,2025-06-08T02:31:43.361383936Z
16208.166666666666,93.66666666666667,81.58333333333333,1009.4666666666668,0.0,0.0,18.15,173.33333333333334,1.0666666666666667,3854.8333333333335,-109.16666666666667,-6.066666666666666,1.0,2025-06-08T02:42:23.739559936Z
15242.57142857143,93.28571428571429,80.07142857142857,1009.1714285714287,0.0,0.0,18.542857142857144,150.70000000000002,1.1142857142857143,3567.285714285714,-109.14285714285714,-7.571428571428571,1.0,2025-06-08T02:52:03.565484032Z
17168.25,93.5,81.125,1009.65,0.0,0.0,18.674999999999997,157.05,0.75,5173.25,-106.75,-4.125,1.0,2025-06-08T03:01:23.494838784Z
17568.6,93.2,80.5,1009.82,0.0,0.0,19.020000000000003,162.14000000000001,0.72,4266.6,-106.8,-5.66,1.0,2025-06-08T03:11:15.968253952Z
15450.4,92.6,79.9,1009.32,0.0,0.0,18.699999999999996,162.56,0.76,2812.6,-110.4,-9.879999999999999,1.0,2025-06-08T03:21:23.897226496Z
14596.5,92.5,80.08333333333333,1009.0499999999998,0.0,0.0033333333333333335,18.2,187.29999999999998,0.8166666666666668,4067.8333333333335,-108.83333333333333,-7.933333333333334,1.0,2025-06-08T03:32:26.471368704Z
16219.166666666666,92.66666666666667,80.66666666666667,1009.5166666666668,0.0,0.006666666666666667,18.466666666666665,152.54999999999998,1.0833333333333333,3868.5,-108.66666666666667,-7.066666666666666,1.0,2025-06-08T03:41:23.687392256Z
15253.714285714286,92.42857142857143,82.0,1009.2714285714285,0.0,0.005714285714285714,18.142857142857142,157.8857142857143,1.3285714285714287,3582.1428571428573,-108.0,-7.214285714285714,1.0,2025-06-08T03:52:03.501355008Z
14603.333333333334,92.0,81.16666666666667,1009.0333333333333,0.0,0.0033333333333333335,18.36666666666667,162.20000000000002,1.2166666666666666,4075.6666666666665,-108.83333333333333,-6.816666666666667,1.0,2025-06-08T04:02:26.454137600Z
15258.285714285714,91.85714285714286,78.64285714285714,1009.342857142857,0.0,0.005714285714285714,19.01428571428571,162.6,0.8,3587.1428571428573,-108.57142857142857,-7.685714285714285,1.0,2025-06-08T04:11:54.934004992Z
15260.714285714286,91.57142857142857,77.35714285714286,1009.3285714285714,0.0,0.014285714285714287,19.514285714285712,180.45714285714286,0.8714285714285712,3589.5714285714284,-108.0,-8.514285714285714,1.0,2025-06-08T04:22:03.529181952Z
14610.666666666666,91.5,76.91666666666667,1009.1166666666667,0.0,0.013333333333333334,19.716666666666665,195.53333333333333,1.0166666666666666,4083.1666666666665,-108.5,-8.116666666666667,1.0,2025-06-08T04:31:26.438085632Z
14466.833333333334,91.5,77.16666666666667,1009.0666666666666,0.0,0.011666666666666667,20.133333333333336,158.51666666666665,0.9833333333333334,2671.0,-109.5,-9.450000000000001,1.0,2025-06-08T04:42:00.270403840Z
13702.2,91.4,72.4,1008.74,0.0,0.012,20.919999999999998,183.95999999999998,0.86,4776.8,-108.2,-5.86,1.0,2025-06-08T04:52:10.580129792Z
14617.333333333334,91.66666666666667,68.25,1008.9,0.0,0.013333333333333334,22.066666666666666,193.70000000000002,1.4333333333333333,4091.0,-107.83333333333333,-8.700000000000001,1.0,2025-06-08T05:01:26.792672000Z
16237.833333333334,92.0,66.08333333333333,1009.3666666666667,0.0,0.016666666666666666,22.966666666666665,175.29999999999998,1.2833333333333334,3889.6666666666665,-107.0,-7.816666666666667,1.0,2025-06-08T05:11:53.639746304Z
15273.42857142857,92.14285714285714,62.714285714285715,1009.1142857142858,0.0,0.014285714285714287,23.685714285714287,166.58571428571426,1.3285714285714285,3604.4285714285716,-109.0,-7.2,1.0,2025-06-08T05:22:03.457564416Z
14624.166666666666,92.33333333333333,61.166666666666664,1008.9166666666666,0.0,0.013333333333333334,24.5,121.75,1.2666666666666666,4099.166666666667,-108.16666666666667,-7.216666666666666,1.0,2025-06-08T05:32:26.403129088Z
15278.0,92.28571428571429,60.785714285714285,1009.0857142857143,0.0,0.014285714285714287,24.571428571428566,116.72857142857141,1.8142857142857143,3609.4285714285716,-109.0,-8.942857142857141,1.0,2025-06-08T05:41:54.898580736Z
15280.42857142857,92.28571428571429,58.07142857142857,1009.1428571428572,0.0,0.014285714285714287,25.085714285714285,121.94285714285715,1.9285714285714286,3611.8571428571427,-108.28571428571429,-8.885714285714286,1.0,2025-06-08T05:52:03.437582336Z
14631.5,94.0,56.0,1008.9499999999999,0.0,0.013333333333333334,25.7,128.03333333333333,1.95,4107.0,-108.83333333333333,-7.400000000000001,1.0,2025-06-08T06:02:26.385164288Z
16250.833333333334,94.66666666666667,55.583333333333336,1009.4333333333334,0.0,0.016666666666666666,25.916666666666668,194.5,2.483333333333333,3903.5,-106.33333333333333,-8.233333333333334,1.0,2025-06-08T06:11:23.607959296Z
15287.0,94.71428571428571,51.642857142857146,1009.1714285714287,0.0,0.02428571428571429,26.342857142857145,191.6857142857143,1.957142857142857,3619.285714285714,-109.71428571428571,-8.157142857142857,1.0,2025-06-08T06:22:03.466856960Z
13903.714285714286,95.42857142857143,49.785714285714285,1008.7857142857144,0.0,0.038571428571428576,26.842857142857145,198.34285714285716,1.5285714285714287,3798.714285714286,-108.14285714285714,-9.071428571428571,1.0,2025-06-08T06:32:05.805197056Z
15292.0,95.57142857142857,50.285714285714285,1009.0428571428571,0.0,0.04571428571428572,26.914285714285715,224.81428571428575,1.9285714285714284,3624.285714285714,-109.14285714285714,-8.414285714285715,1.0,2025-06-08T06:41:54.837853440Z
16259.833333333334,95.66666666666667,48.583333333333336,1009.3333333333334,0.0,0.053333333333333344,26.86666666666667,212.45000000000002,1.966666666666667,3913.1666666666665,-108.16666666666667,-6.866666666666667,1.0,2025-06-08T06:52:43.586092800Z
13911.285714285714,96.14285714285714,47.57142857142857,1008.7714285714286,0.0,0.042857142857142864,27.114285714285717,234.7,1.9857142857142858,3806.8571428571427,-109.71428571428571,-7.571428571428571,1.0,2025-06-08T07:02:05.828596224Z
16264.166666666666,98.66666666666667,47.166666666666664,1009.5166666666668,0.0,0.055,27.333333333333332,230.95000000000005,2.15,3917.5,-107.66666666666667,-7.116666666666667,1.0,2025-06-08T07:11:23.583080192Z
15301.0,98.85714285714286,45.785714285714285,1009.1142857142858,0.0,0.048571428571428564,27.657142857142855,233.58571428571426,1.9,3634.1428571428573,-109.0,-8.071428571428571,1.0,2025-06-08T07:22:03.397207296Z
14653.0,99.33333333333333,44.0,1008.7833333333333,0.0,0.05333333333333332,27.883333333333336,243.93333333333337,2.3333333333333335,4130.5,-108.33333333333333,-7.716666666666666,1.0,2025-06-08T07:32:26.355931392Z
16270.5,100.0,44.083333333333336,1009.2166666666667,0.0,0.056666666666666664,28.133333333333336,262.90000000000003,2.4499999999999997,3924.5,-108.33333333333333,-7.1499999999999995,1.0,2025-06-08T07:41:23.600345856Z
15307.57142857143,100.0,43.07142857142857,1008.9571428571428,0.0,0.048571428571428564,28.342857142857145,233.67142857142855,2.7714285714285714,3641.5714285714284,-108.42857142857143,-7.457142857142857,1.0,2025-06-08T07:52:03.385281024Z
14659.833333333334,100.0,42.166666666666664,1008.6833333333334,0.0,0.05333333333333332,28.46666666666667,227.29999999999998,2.933333333333333,4138.5,-109.33333333333333,-6.616666666666667,1.0,2025-06-08T08:02:56.335201024Z
15312.142857142857,100.0,54.857142857142854,1800.7999999999997,36.42857142857143,93.66714285714285,24.5,182.32857142857142,938.8571428571429,3646.5714285714284,-110.0,-6.800000000000002,1.0,2025-06-08T08:11:55.385219072Z
17629.8,100.0,41.5,1009.5600000000001,0.0,0.06799999999999999,28.82,182.14000000000001,2.5200000000000005,4333.0,-106.8,-5.6,1.0,2025-06-08T08:22:27.780798976Z
14666.166666666666,100.0,42.333333333333336,1008.6333333333332,0.0,0.05333333333333332,28.95,210.4333333333333,2.7000000000000006,4146.333333333333,-108.5,-7.616666666666667,1.0,2025-06-08T08:32:56.309354240Z
16282.833333333334,100.0,42.75,1009.1,0.0,0.056666666666666664,29.249999999999996,180.71666666666667,2.6333333333333333,3938.5,-109.66666666666667,-6.7,1.0,2025-06-08T08:41:23.519854848Z
17635.4,100.0,41.0,1009.46,0.0,0.06799999999999999,29.580000000000002,190.24,2.8600000000000003,4339.4,-107.4,-5.720000000000001,1.0,2025-06-08T08:52:28.200017920Z
13938.142857142857,100.0,42.214285714285715,1008.4285714285714,0.0,0.04571428571428571,29.428571428571427,242.94285714285712,2.685714285714286,3839.4285714285716,-109.28571428571429,-7.057142857142858,1.0,2025-06-08T09:02:05.758194944Z
16288.833333333334,100.0,41.083333333333336,1009.1333333333333,0.0,0.056666666666666664,29.633333333333336,234.6333333333333,3.3666666666666667,3945.5,-108.16666666666667,-6.5,1.0,2025-06-08T09:11:23.872041728Z
15326.42857142857,100.0,41.5,1008.9,0.0,0.048571428571428564,29.671428571428574,254.44285714285712,3.885714285714286,3663.8571428571427,-109.42857142857143,-7.157142857142857,1.0,2025-06-08T09:22:03.326360832Z
13945.714285714286,100.0,42.857142857142854,1008.5285714285714,0.0,0.04571428571428571,29.542857142857144,265.4285714285714,3.857142857142857,3847.5714285714284,-109.0,-7.942857142857142,1.0,2025-06-08T09:32:06.058319104Z
16295.5,100.0,41.833333333333336,1009.1999999999999,0.0,0.056666666666666664,29.683333333333337,244.75,3.65,3952.5,-108.33333333333333,-4.816666666666666,1.0,2025-06-08T09:41:23.487364096Z
15333.42857142857,100.0,42.57142857142857,1008.9857142857142,0.0,0.048571428571428564,29.628571428571426,243.22857142857143,4.014285714285714,3671.285714285714,-109.0,-6.371428571428571,1.0,2025-06-08T09:52:03.311779840Z
14686.666666666666,100.0,42.083333333333336,1008.6666666666666,0.0,0.05333333333333332,29.816666666666663,249.26666666666665,3.65,4169.666666666667,-108.0,-6.716666666666666,1.0,2025-06-08T10:02:26.271942400Z
15338.0,100.0,41.714285714285715,1008.9,0.0,0.048571428571428564,30.08571428571429,232.81428571428572,3.971428571428571,3676.285714285714,-106.0,-10.385714285714286,1.0,2025-06-08T10:11:54.772623872Z
15340.42857142857,100.0,43.07142857142857,1008.8,0.0,0.048571428571428564,30.28571428571429,245.62857142857143,3.4,3678.714285714286,-108.85714285714286,-6.714285714285714,1.0,2025-06-08T10:22:03.300875008Z
13960.857142857143,100.0,43.42857142857143,1008.3714285714285,0.0,0.002857142857142857,30.228571428571428,260.12857142857143,3.1571428571428575,3863.8571428571427,-108.28571428571429,-7.614285714285714,1.0,2025-06-08T10:32:05.689849344Z
15345.42857142857,100.0,42.07142857142857,1008.7571428571429,0.0,0.005714285714285714,30.5,241.20000000000002,3.157142857142857,3683.714285714286,-109.42857142857143,-6.6571428571428575,1.0,2025-06-08T10:41:54.727496448Z
16311.166666666666,100.0,41.75,1008.9833333333335,0.0,0.006666666666666667,30.599999999999998,218.54999999999998,2.533333333333333,3968.8333333333335,-108.83333333333333,-6.2,1.0,2025-06-08T10:51:43.460356352Z
14701.333333333334,100.0,43.166666666666664,1008.4,0.0,0.0033333333333333335,30.2,207.21666666666667,3.3166666666666664,4185.166666666667,-107.5,-8.283333333333333,1.0,2025-06-08T11:01:56.254832640Z
15352.0,100.0,42.857142857142854,1008.5571428571428,0.0,0.005714285714285714,30.442857142857143,210.0714285714286,3.342857142857143,3691.1428571428573,-108.57142857142857,-6.5,1.0,2025-06-08T11:11:54.710161152Z
16317.5,100.0,41.916666666666664,1008.7833333333333,0.0,0.006666666666666667,30.650000000000002,185.15,3.6999999999999997,3975.8333333333335,-108.33333333333333,-6.366666666666667,1.0,2025-06-08T11:21:43.460396288Z
19839.333333333332,100.0,41.833333333333336,1009.6666666666666,0.0,0.006666666666666667,31.099999999999998,196.96666666666667,3.5,6383.666666666667,-105.33333333333333,-0.8333333333333334,1.0,2025-06-08T11:32:50.241688320Z
17669.2,100.0,43.3,1009.14,0.0,0.008,30.880000000000003,196.49999999999997,3.0599999999999996,4375.4,-108.0,-3.96,1.0,2025-06-08T11:41:15.687845376Z
15358.857142857143,100.0,43.0,1008.3999999999999,0.0,0.0071428571428571435,30.728571428571428,203.58571428571426,3.757142857142857,3701.0,-108.57142857142857,-6.457142857142857,1.0,2025-06-08T11:52:03.269250816Z
15739.2,100.0,43.5,1008.4,0.0,0.006,30.54,188.64000000000001,5.0,4639.0,-108.4,-6.02,1.0,2025-06-08T12:03:31.031879680Z
15363.0,100.0,43.57142857142857,1008.3428571428573,0.0,0.008571428571428572,31.028571428571432,194.05714285714285,4.685714285714285,3706.0,-109.14285714285714,-6.614285714285714,1.0,2025-06-08T12:11:54.725872896Z
15365.42857142857,100.0,42.42857142857143,1008.4142857142857,0.0,0.008571428571428572,31.185714285714287,191.4857142857143,4.357142857142857,3708.4285714285716,-107.0,-8.12857142857143,1.0,2025-06-08T12:22:03.572506624Z
14719.833333333334,100.0,43.75,1008.0999999999999,0.0,0.005,30.899999999999995,200.76666666666665,4.366666666666667,4208.833333333333,-108.33333333333333,-7.1000000000000005,1.0,2025-06-08T12:32:26.220812544Z
15370.0,100.0,41.57142857142857,1008.3285714285714,0.0,0.008571428571428572,30.885714285714283,197.61428571428573,4.628571428571429,3713.4285714285716,-109.0,-7.214285714285714,1.0,2025-06-08T12:41:54.683606784Z
15372.42857142857,100.0,42.142857142857146,1008.3428571428573,0.0,0.008571428571428572,31.228571428571428,195.54285714285717,4.414285714285715,3715.8571428571427,-109.0,-7.957142857142857,1.0,2025-06-08T12:52:03.281904896Z
15752.8,100.0,42.0,1008.3799999999999,0.0,0.006,31.240000000000002,202.22,4.12,4653.4,-106.6,-7.94,1.0,2025-06-08T13:02:19.020141824Z
15376.57142857143,100.0,41.214285714285715,1008.2142857142857,0.0,0.008571428571428572,31.257142857142856,193.74285714285716,5.2,3720.8571428571427,-108.14285714285714,-7.2714285714285705,1.0,2025-06-08T13:11:54.667837440Z
15379.0,100.0,40.714285714285715,1008.0999999999998,0.0,0.008571428571428572,31.142857142857142,190.94285714285712,5.242857142857143,3723.285714285714,-109.42857142857143,-5.828571428571428,1.0,2025-06-08T13:22:03.243125504Z
14001.714285714286,100.0,39.285714285714285,1007.5428571428572,0.0,0.004285714285714286,31.357142857142858,206.09999999999997,5.242857142857142,3912.714285714286,-108.14285714285714,-8.514285714285714,1.0,2025-06-08T13:32:05.670638848Z
17693.4,100.0,39.3,1008.6,0.0,0.012,31.459999999999997,187.71999999999997,5.4799999999999995,4401.4,-107.6,-4.7,1.0,2025-06-08T13:42:27.636217600Z
15385.57142857143,100.0,38.285714285714285,1007.8714285714285,0.0,0.008571428571428572,31.485714285714288,184.64285714285714,6.257142857142857,3730.714285714286,-108.28571428571429,-8.528571428571428,1.0,2025-06-08T13:52:03.222988032Z
14740.833333333334,100.0,38.916666666666664,1007.5999999999999,0.0,0.005,31.316666666666666,202.3166666666667,5.083333333333333,4232.333333333333,-108.66666666666667,-7.366666666666667,1.0,2025-06-08T14:02:26.199001856Z
17699.2,100.0,37.9,1008.4800000000001,0.0,0.012,31.419999999999998,178.38000000000002,5.9399999999999995,4407.6,-107.0,-6.38,1.0,2025-06-08T14:11:51.622944256Z
16353.833333333334,100.0,37.25,1008.0500000000001,0.0,0.01,31.51666666666667,188.1,5.716666666666666,4018.0,-108.5,-7.099999999999999,1.0,2025-06-08T14:22:13.384049664Z
14746.666666666666,100.0,37.5,1007.5833333333334,0.0,0.005,31.166666666666668,191.94999999999996,5.599999999999999,4240.333333333333,-108.33333333333333,-8.049999999999999,1.0,2025-06-08T14:32:56.184862976Z
16357.833333333334,100.0,37.333333333333336,1008.0333333333334,0.0,0.01,31.28333333333333,176.85000000000002,6.2,4022.5,-108.66666666666667,-6.383333333333333,1.0,2025-06-08T14:41:23.373557760Z
15397.857142857143,100.0,37.07142857142857,1007.7285714285715,0.0,0.012857142857142857,31.071428571428573,189.75714285714284,5.942857142857143,3745.5714285714284,-109.0,-7.3428571428571425,1.0,2025-06-08T14:52:03.202626304Z
14753.5,100.0,36.25,1007.4499999999999,0.0,0.02666666666666667,30.833333333333332,203.33333333333337,5.866666666666667,4247.833333333333,-108.33333333333333,-7.266666666666666,1.0,2025-06-08T15:01:56.172884736Z
15780.6,100.0,37.1,1007.72,0.0,0.046,30.860000000000003,192.32,5.22,4685.2,-107.0,-6.12,1.0,2025-06-08T15:11:06.968055552Z
19732.5,100.0,35.75,1008.825,0.0,0.065,30.8,166.9,6.475,5008.5,-106.25,-2.675,1.0,2025-06-08T15:22:48.941499904Z
15783.6,100.0,35.6,1007.68,0.0,0.046,30.419999999999998,192.89999999999998,5.840000000000001,4690.8,-107.4,-7.5,1.0,2025-06-08T15:33:30.966531840Z
16368.833333333334,100.0,35.75,1007.9333333333334,0.0,0.043333333333333335,30.350000000000005,184.29999999999998,4.983333333333333,4036.8333333333335,-109.16666666666667,-6.666666666666667,1.0,2025-06-08T15:42:23.350462208Z
16370.833333333334,100.0,35.5,1007.9166666666666,0.0,0.043333333333333335,30.116666666666664,181.25,5.483333333333333,4039.1666666666665,-108.83333333333333,-7.183333333333334,1.0,2025-06-08T15:52:43.710500608Z
14764.5,100.0,35.5,1007.4833333333332,0.0,0.03833333333333334,29.900000000000002,200.83333333333334,5.466666666666666,4263.666666666667,-107.33333333333333,-9.066666666666668,1.0,2025-06-08T16:02:26.197499904Z
16374.833333333334,100.0,35.5,1007.9333333333334,0.0,0.043333333333333335,29.933333333333326,186.76666666666668,5.016666666666667,4043.5,-107.66666666666667,-7.55,1.0,2025-06-08T16:11:23.709345792Z
15415.142857142857,100.0,35.642857142857146,1007.7142857142859,0.0,0.037142857142857144,29.728571428571428,195.92857142857142,4.8428571428571425,3767.8571428571427,-108.85714285714286,-8.757142857142856,1.0,2025-06-08T16:22:03.162451200Z
15796.0,100.0,37.3,1007.8,0.0,0.046,29.380000000000003,201.85999999999999,4.0200000000000005,4705.4,-107.4,-6.6,1.0,2025-06-08T16:32:54.937095680Z
15419.285714285714,100.0,37.714285714285715,1007.7285714285715,0.0,0.037142857142857144,29.242857142857137,191.5,4.357142857142857,3772.8571428571427,-109.57142857142857,-7.628571428571428,1.0,2025-06-08T16:41:54.622023168Z
16383.166666666666,100.0,38.916666666666664,1008.1,0.0,0.043333333333333335,29.016666666666666,184.10000000000002,4.866666666666666,4052.8333333333335,-108.66666666666667,-8.016666666666666,1.0,2025-06-08T16:51:43.314946304Z
17339.25,100.0,39.625,1008.4000000000001,0.0,0.0575,28.724999999999998,187.325,3.25,5363.0,-107.25,-4.45,1.0,2025-06-08T17:03:38.117881344Z
16386.5,100.0,39.583333333333336,1008.25,0.0,0.043333333333333335,28.466666666666665,185.35,4.3,4057.5,-107.83333333333333,-7.366666666666667,1.0,2025-06-08T17:11:23.307050752Z
15427.0,100.0,39.42857142857143,1008.0428571428569,0.0,0.037142857142857144,28.185714285714287,181.98571428571427,3.6571428571428575,3782.714285714286,-108.28571428571429,-8.585714285714285,1.0,2025-06-08T17:22:03.165608448Z
15808.0,100.0,38.9,1008.22,0.0,0.046,27.659999999999997,199.86,3.72,4720.0,-107.4,-6.6800000000000015,1.0,2025-06-08T17:32:18.910714368Z
17738.6,100.0,39.1,1008.9,0.0,0.054000000000000006,27.419999999999998,177.5,4.04,4452.4,-107.0,-6.04,1.0,2025-06-08T17:41:51.520984064Z
16394.166666666668,100.0,38.75,1008.5666666666667,0.0,0.04666666666666667,27.016666666666666,181.01666666666668,3.65,4067.0,-108.0,-6.55,1.0,2025-06-08T17:52:13.282584576Z
15813.4,100.0,39.5,1008.3799999999999,0.0,0.048,26.560000000000002,194.18,2.96,4727.2,-108.2,-6.959999999999999,1.0,2025-06-08T18:01:42.939147520Z
16397.833333333332,100.0,41.5,1008.6,0.0,0.04666666666666667,26.183333333333334,183.0,2.933333333333333,4071.6666666666665,-108.16666666666667,-7.483333333333333,1.0,2025-06-08T18:11:53.267539712Z
16399.833333333332,100.0,43.75,1008.65,0.0,0.04666666666666667,25.733333333333334,186.36666666666667,3.3166666666666664,4074.1666666666665,-106.5,-8.316666666666668,1.0,2025-06-08T18:22:43.621084416Z
15819.2,100.0,45.7,1008.6200000000001,0.0,0.048,25.32,197.35999999999999,3.2600000000000002,4735.2,-108.4,-5.98,1.0,2025-06-08T18:33:30.878128128Z
15442.142857142857,100.0,46.0,1008.5428571428571,0.0,0.04,25.157142857142862,191.55714285714285,3.3000000000000003,3802.5714285714284,-108.85714285714286,-7.514285714285713,1.0,2025-06-08T18:41:54.551740928Z
17751.8,100.0,47.3,1009.3,0.0,0.048,24.76,179.16,2.96,4467.4,-107.8,-6.36,1.0,2025-06-08T18:52:27.477046016Z
17362.0,100.0,47.625,1009.225,0.0,0.05,24.425,193.35000000000002,2.9000000000000004,5389.5,-106.25,-5.3999999999999995,1.0,2025-06-08T19:02:08.047401728Z
16408.833333333332,100.0,47.666666666666664,1009.0666666666666,0.0,0.03333333333333333,24.03333333333333,183.41666666666666,2.4166666666666665,4085.8333333333335,-108.0,-8.049999999999999,1.0,2025-06-08T19:12:23.228372992Z
15828.4,100.0,47.4,1009.0200000000001,0.0,0.04,23.839999999999996,194.6,2.6399999999999997,4747.2,-107.2,-7.5200000000000005,1.0,2025-06-08T19:22:54.844239360Z
15830.2,100.0,47.7,1009.0799999999999,0.0,0.04,23.639999999999997,200.66000000000003,2.7800000000000002,4749.2,-107.0,-8.620000000000001,1.0,2025-06-08T19:31:06.841294080Z
19779.5,100.0,51.375,1010.4,0.0,0.05,23.025,170.925,2.375,5056.0,-107.0,-3.1499999999999995,1.0,2025-06-08T19:41:49.866194176Z
15833.2,100.0,48.1,1009.4,0.0,0.04,23.299999999999997,200.7,2.3,4754.6,-106.6,-5.98,1.0,2025-06-08T19:52:54.823344640Z
19934.666666666668,100.0,51.833333333333336,1010.5333333333333,0.0,0.06666666666666667,22.633333333333336,182.23333333333335,2.0666666666666664,6480.0,-105.33333333333333,-0.8333333333333336,1.0,2025-06-08T20:02:50.007688960Z
17764.6,100.0,49.3,1010.1,0.0,0.04,22.759999999999998,183.16,2.66,4484.4,-107.6,-6.32,1.0,2025-06-08T20:11:51.417890816Z
16419.833333333332,100.0,49.166666666666664,1009.9,0.0,0.03333333333333333,22.683333333333334,188.96666666666667,1.8333333333333333,4102.166666666667,-107.83333333333333,-7.733333333333333,1.0,2025-06-08T20:22:43.181440256Z
17377.25,100.0,50.875,1010.275,0.0,0.05,22.150000000000002,184.5,2.05,5410.0,-106.0,-5.050000000000001,1.0,2025-06-08T20:32:52.994684672Z
17769.8,100.0,52.3,1010.5799999999999,0.0,0.04,21.839999999999996,180.52,1.42,4491.0,-107.0,-5.4399999999999995,1.0,2025-06-08T20:42:27.830461440Z
17771.6,100.0,52.4,1010.64,0.0,0.04,21.7,190.73999999999998,1.72,4493.0,-107.6,-4.84,1.0,2025-06-08T20:52:27.388995072Z
14819.0,100.0,48.75,1009.8333333333334,0.0,0.03333333333333333,22.150000000000002,205.5666666666667,1.75,4341.833333333333,-108.5,-7.583333333333333,1.0,2025-06-08T21:01:55.997355008Z
14821.333333333334,100.0,49.833333333333336,1010.0,0.0,0.03333333333333333,21.78333333333333,204.3166666666667,1.7333333333333334,4344.666666666667,-107.83333333333333,-7.083333333333333,1.0,2025-06-08T21:12:45.982381312Z
16430.5,100.0,53.666666666666664,1010.5833333333334,0.0,0.03333333333333333,21.066666666666666,195.76666666666668,1.1833333333333333,4116.0,-109.33333333333333,-6.283333333333334,1.0,2025-06-08T21:22:13.177939200Z
14825.666666666666,99.5,52.333333333333336,1010.2166666666667,0.0,0.03333333333333333,21.016666666666666,198.76666666666665,0.9666666666666667,4350.0,-109.0,-6.366666666666667,1.0,2025-06-08T21:32:55.974950144Z
16434.5,99.66666666666667,55.25,1010.7666666666668,0.0,0.03333333333333333,20.55,179.78333333333333,1.116666666666667,4120.833333333333,-108.5,-6.066666666666666,1.0,2025-06-08T21:42:23.122894848Z
15475.0,99.57142857142857,65.85714285714286,1802.2142857142856,36.42857142857143,93.63571428571429,17.4,172.1,937.0714285714287,3849.5714285714284,-108.14285714285714,-8.042857142857143,1.0,2025-06-08T21:52:03.548208384Z
14100.714285714286,99.42857142857143,56.214285714285715,1010.2142857142857,0.0,0.028571428571428574,19.942857142857147,240.58571428571426,0.7142857142857143,4051.1428571428573,-107.57142857142857,-8.885714285714286,1.0,2025-06-08T22:02:05.703952384Z
15480.0,99.57142857142857,60.785714285714285,1010.7285714285715,0.0,0.028571428571428574,19.485714285714288,205.27142857142854,0.6428571428571429,3854.5714285714284,-108.57142857142857,-7.628571428571428,1.0,2025-06-08T22:11:54.371984640Z
16443.5,99.66666666666667,62.25,1011.1,0.0,0.03333333333333333,18.983333333333334,134.33333333333334,0.46666666666666673,4130.0,-107.16666666666667,-8.200000000000001,1.0,2025-06-08T22:22:13.091109888Z
17401.0,99.5,60.875,1011.375,0.0,0.05,18.975,184.2,0.5,5437.25,-104.25,-4.75,1.0,2025-06-08T22:33:37.911912960Z
16446.833333333332,99.33333333333333,58.916666666666664,1011.2166666666667,0.0,0.03333333333333333,19.066666666666666,194.76666666666665,0.5499999999999999,4134.666666666667,-107.66666666666667,-6.400000000000001,1.0,2025-06-08T22:41:53.087800576Z
16448.833333333332,99.0,60.5,1011.25,0.0,0.03333333333333333,18.95,232.38333333333333,0.9166666666666666,4137.166666666667,-106.5,-7.416666666666667,1.0,2025-06-08T22:52:43.439884032Z
14113.57142857143,98.28571428571429,61.42857142857143,1010.6142857142858,0.0,0.028571428571428574,18.557142857142857,248.44285714285712,0.9,4067.4285714285716,-106.57142857142857,-9.685714285714285,1.0,2025-06-08T23:02:05.355940352Z
15492.285714285714,98.0,64.78571428571429,1011.0000000000001,0.0,0.028571428571428574,18.04285714285714,260.3428571428572,0.7285714285714286,3869.4285714285716,-106.71428571428571,-8.457142857142857,1.0,2025-06-08T23:11:54.335074816Z
15494.714285714286,98.0,65.85714285714286,1011.0,0.0,0.028571428571428574,17.87142857142857,206.8857142857143,0.6714285714285716,3871.8571428571427,-107.85714285714286,-7.1571428571428575,1.0,2025-06-08T23:22:02.898662912Z
14121.714285714286,97.71428571428571,65.07142857142857,1010.5142857142857,0.0,0.030000000000000002,17.857142857142858,221.18571428571428,0.7571428571428572,4075.5714285714284,-107.28571428571429,-8.6,1.0,2025-06-08T23:32:05.335081728Z
15879.6,97.6,67.0,1011.0199999999999,0.0,0.044,17.419999999999998,219.88000000000002,0.52,4811.4,-107.0,-5.38,1.0,2025-06-08T23:42:54.684417536Z
15501.42857142857,97.57142857142857,68.14285714285714,1010.9142857142857,0.0,0.03142857142857143,17.228571428571428,226.78571428571428,0.5857142857142856,3879.285714285714,-106.28571428571429,-8.757142857142856,1.0,2025-06-08T23:52:02.884719872Z
14129.142857142857,97.14285714285714,66.92857142857143,1010.5285714285714,0.0,0.03142857142857143,17.071428571428573,198.94285714285715,0.5142857142857143,4083.714285714286,-107.57142857142857,-9.37142857142857,1.0,2025-06-09T00:02:05.322998528Z
16466.5,97.0,67.83333333333333,1011.2833333333333,0.0,0.03666666666666667,17.166666666666668,195.85,0.46666666666666673,4155.666666666667,-106.0,-7.583333333333333,1.0,2025-06-09T00:11:53.382283264Z
15508.42857142857,97.0,66.71428571428571,1011.1,0.0,0.03142857142857143,17.32857142857143,282.1571428571429,0.5857142857142857,3886.714285714286,-106.85714285714286,-8.285714285714286,1.0,2025-06-09T00:22:02.859298816Z
15890.8,96.6,69.6,1011.3,0.0,0.044,17.240000000000002,227.38000000000002,0.5599999999999999,4823.6,-106.8,-5.32,1.0,2025-06-09T00:32:18.668008960Z
15512.57142857143,96.14285714285714,69.14285714285714,1011.2857142857143,0.0,0.03571428571428571,17.17142857142857,213.08571428571426,0.7428571428571428,3891.714285714286,-108.71428571428571,-8.614285714285714,1.0,2025-06-09T00:41:54.282496000Z
15515.0,96.14285714285714,68.42857142857143,1011.3000000000001,0.0,0.037142857142857144,17.228571428571428,205.04285714285714,0.8285714285714285,3894.1428571428573,-109.28571428571429,-6.228571428571429,1.0,2025-06-09T00:52:02.834642688Z
13595.875,95.75,67.625,1010.8125,0.0,0.0325,17.537499999999998,207.85,0.65,3871.75,-110.625,-10.3125,1.0,2025-06-09T01:02:35.795143168Z
15520.42857142857,95.0,67.57142857142857,1011.4142857142858,0.0,0.037142857142857144,17.15714285714286,150.82857142857145,0.742857142857143,3899.1428571428573,-107.0,-11.342857142857143,1.0,2025-06-09T01:11:54.264510208Z
14880.166666666666,95.0,67.25,1011.3000000000001,0.0,0.043333333333333335,17.25,128.48333333333332,0.7166666666666667,4409.666666666667,-107.5,-7.033333333333334,1.0,2025-06-09T01:21:35.830165248Z
14152.285714285714,94.71428571428571,65.71428571428571,1011.0857142857143,0.0,0.037142857142857144,17.45714285714286,166.68571428571428,0.5571428571428572,4108.142857142857,-106.71428571428571,-11.814285714285715,1.0,2025-06-09T01:32:05.268230912Z
16486.5,94.66666666666667,68.25,1011.8333333333334,0.0,0.043333333333333335,17.183333333333334,163.73333333333335,0.4333333333333333,4176.666666666667,-106.66666666666667,-8.633333333333333,1.0,2025-06-09T01:41:52.960976896Z
15529.57142857143,94.57142857142857,67.28571428571429,1011.5571428571428,0.0,0.037142857142857144,17.228571428571428,231.72857142857143,0.44285714285714295,3909.0,-107.42857142857143,-6.785714285714286,1.0,2025-06-09T01:52:02.798102528Z
14889.833333333334,94.5,68.91666666666667,1011.4333333333334,0.0,0.043333333333333335,17.01666666666667,190.2833333333333,0.35000000000000003,4420.166666666667,-107.33333333333333,-8.216666666666667,1.0,2025-06-09T02:01:55.813591808Z
14737.666666666666,94.16666666666667,71.58333333333333,1011.4499999999999,0.0,0.021666666666666667,16.866666666666664,178.39999999999998,0.7333333333333334,3000.6666666666665,-109.83333333333333,-10.116666666666667,1.0,2025-06-09T02:11:59.546946816Z
15536.285714285714,94.0,72.92857142857143,1011.7142857142857,0.0,0.037142857142857144,16.814285714285713,201.74285714285716,0.4714285714285714,3916.4285714285716,-109.28571428571429,-7.199999999999998,1.0,2025-06-09T02:22:02.781484800Z
15918.6,93.8,73.8,1011.8800000000001,0.0,0.052000000000000005,16.740000000000002,134.32,0.6,4853.2,-107.2,-5.8,1.0,2025-06-09T02:32:18.580919552Z
15540.42857142857,93.57142857142857,74.28571428571429,1011.8714285714286,0.0,0.037142857142857144,16.82857142857143,216.0142857142857,0.48571428571428577,3921.4285714285716,-108.28571428571429,-7.842857142857143,1.0,2025-06-09T02:41:54.198145024Z
15542.857142857143,93.57142857142857,72.5,1011.9571428571428,0.0,0.037142857142857144,16.8,160.8857142857143,0.5571428571428572,3923.8571428571427,-106.85714285714286,-9.728571428571428,1.0,2025-06-09T02:52:02.760029952Z
15925.2,93.6,75.5,1012.1599999999999,0.0,0.052000000000000005,16.64,157.83999999999997,0.8,4860.4,-106.2,-7.2,1.0,2025-06-09T03:01:42.570315264Z
15547.0,93.42857142857143,74.85714285714286,1012.1857142857143,0.0,0.037142857142857144,16.642857142857142,211.6142857142857,0.8857142857142858,3928.8571428571427,-108.57142857142857,-6.828571428571428,1.0,2025-06-09T03:11:54.183838976Z
15549.42857142857,93.0,75.42857142857143,1012.2571428571429,0.0,0.037142857142857144,16.557142857142857,251.84285714285716,1.0571428571428572,3931.285714285714,-108.42857142857143,-7.314285714285715,1.0,2025-06-09T03:22:02.758590208Z
14181.142857142857,92.71428571428571,77.92857142857143,1012.0000000000001,0.0,0.038571428571428576,16.485714285714284,148.1285714285714,1.2428571428571427,4140.714285714285,-107.85714285714286,-8.485714285714286,1.0,2025-06-09T03:32:05.214586368Z
15554.42857142857,92.14285714285714,78.85714285714286,1012.4857142857144,0.0,0.042857142857142864,16.47142857142857,171.72857142857137,1.3285714285714285,3936.285714285714,-106.71428571428571,-8.642857142857142,1.0,2025-06-09T03:41:54.161885696Z
15556.857142857143,92.14285714285714,77.0,1012.6285714285714,0.0,0.042857142857142864,16.642857142857142,262.4857142857143,1.1142857142857143,3938.714285714286,-107.57142857142857,-6.157142857142857,1.0,2025-06-09T03:52:02.736505088Z
14189.285714285714,91.85714285714286,76.64285714285714,1012.2857142857144,0.0,0.04,16.72857142857143,144.25714285714287,0.7000000000000001,4148.857142857143,-108.14285714285714,-7.285714285714286,1.0,2025-06-09T04:02:05.181070080Z
15561.857142857143,92.0,76.92857142857143,1012.7428571428571,0.0,0.042857142857142864,16.8,283.68571428571425,0.9142857142857144,3943.714285714286,-108.0,-8.114285714285714,1.0,2025-06-09T04:11:54.149212928Z
15564.285714285714,91.57142857142857,76.64285714285714,1012.9,0.0,0.042857142857142864,17.014285714285712,183.67142857142855,0.8428571428571429,3946.1428571428573,-109.14285714285714,-7.328571428571428,1.0,2025-06-09T04:22:02.718110208Z
14197.42857142857,91.42857142857143,77.0,1012.6,0.0,0.04,17.442857142857143,290.9857142857143,1.0142857142857142,4157.0,-108.14285714285714,-7.1000000000000005,1.0,2025-06-09T04:32:05.477783296Z
15569.285714285714,91.57142857142857,75.64285714285714,1013.1285714285715,0.0,0.045714285714285714,17.985714285714284,283.1857142857143,1.2,3951.1428571428573,-108.85714285714286,-8.328571428571427,1.0,2025-06-09T04:41:54.155881216Z
15571.714285714286,91.57142857142857,73.85714285714286,1013.1999999999999,0.0,0.047142857142857146,18.6,275.5,1.2,3953.5714285714284,-108.28571428571429,-8.442857142857145,1.0,2025-06-09T04:52:02.693660160Z
14205.57142857143,91.42857142857143,72.21428571428571,1012.8000000000001,0.0,0.042857142857142864,19.257142857142856,278.34285714285716,0.8428571428571429,4165.142857142857,-107.85714285714286,-9.114285714285714,1.0,2025-06-09T05:02:05.160558080Z
15576.714285714286,91.57142857142857,69.42857142857143,1013.2857142857144,0.0,0.04857142857142858,19.985714285714288,271.37142857142857,0.8285714285714285,3958.5714285714284,-108.0,-7.785714285714286,1.0,2025-06-09T05:11:54.476620032Z
15579.142857142857,92.14285714285714,66.0,1013.3428571428573,0.0,0.04857142857142858,20.571428571428573,254.38571428571433,1.3000000000000003,3961.0,-108.42857142857143,-7.771428571428572,1.0,2025-06-09T05:22:02.984974592Z
14213.714285714286,92.0,64.92857142857143,1013.0142857142857,0.0,0.042857142857142864,21.2,270.0571428571428,1.157142857142857,4173.285714285715,-105.57142857142857,-10.814285714285715,1.0,2025-06-09T05:32:05.150692096Z
16540.166666666668,93.66666666666667,62.333333333333336,1013.7999999999998,0.0,0.05666666666666667,21.650000000000002,232.9,1.4166666666666667,4232.5,-106.0,-8.333333333333334,1.0,2025-06-09T05:41:22.816610304Z
15586.142857142857,93.71428571428571,60.42857142857143,1013.6999999999999,0.0,0.04857142857142858,22.099999999999998,247.05714285714288,1.7,3968.4285714285716,-107.28571428571429,-7.928571428571429,1.0,2025-06-09T05:52:02.738374912Z
14949.166666666666,93.66666666666667,59.416666666666664,1013.5666666666667,0.0,0.05000000000000001,22.63333333333333,273.78333333333336,1.7166666666666668,4483.166666666667,-106.16666666666667,-9.200000000000001,1.0,2025-06-09T06:02:55.673608960Z
16546.5,93.66666666666667,58.916666666666664,1014.0833333333334,0.0,0.05666666666666667,22.86666666666667,234.35,2.35,4239.666666666667,-106.16666666666667,-8.516666666666667,1.0,2025-06-09T06:11:53.150240768Z
15592.714285714286,94.85714285714286,58.357142857142854,1013.9428571428572,0.0,0.04857142857142858,23.171428571428574,251.65714285714284,2.557142857142857,3975.8571428571427,-108.14285714285714,-7.428571428571429,1.0,2025-06-09T06:22:02.634401536Z
14956.0,96.0,59.166666666666664,1013.9,0.0,0.05000000000000001,23.516666666666666,267.45,2.7999999999999994,4491.0,-106.33333333333333,-9.233333333333334,1.0,2025-06-09T06:32:55.672046336Z
17890.8,98.8,60.3,1014.8799999999999,0.0,0.068,23.7,254.71999999999997,2.4200000000000004,4619.0,-106.8,-6.14,1.0,2025-06-09T06:42:26.976475136Z
15598.857142857143,99.14285714285714,58.642857142857146,1014.3285714285714,0.0,0.04857142857142858,24.085714285714285,265.6571428571429,2.957142857142857,3983.285714285714,-108.28571428571429,-10.9,1.0,2025-06-09T06:52:02.611992320Z
15981.2,98.8,60.5,1014.54,0.0,0.06000000000000001,24.18,285.2,2.7600000000000002,4920.2,-108.2,-6.840000000000001,1.0,2025-06-09T07:03:30.418624512Z
15983.0,98.8,60.6,1014.54,0.0,0.076,24.32,282.86,2.6399999999999997,4922.0,-106.4,-6.7,1.0,2025-06-09T07:11:06.422564608Z
17898.0,99.4,62.7,1015.24,0.0,0.084,24.5,268.44,2.8200000000000003,4627.6,-107.4,-5.3,1.0,2025-06-09T07:23:03.048813056Z
14967.5,100.0,60.166666666666664,1014.4333333333334,0.0,0.06666666666666667,24.78333333333333,298.06666666666666,2.9,4506.166666666667,-107.5,-7.6499999999999995,1.0,2025-06-09T07:31:25.702939392Z
15988.6,100.0,61.0,1014.7,0.0,0.08,25.020000000000003,288.78000000000003,2.2399999999999998,4929.6,-107.0,-6.9,1.0,2025-06-09T07:41:42.408060928Z
15610.142857142857,100.0,60.5,1014.757142857143,0.0,0.06285714285714286,25.242857142857144,264.74285714285713,2.414285714285714,3998.1428571428573,-107.71428571428571,-8.685714285714285,1.0,2025-06-09T07:52:02.568097792Z
14246.714285714286,100.0,60.07142857142857,1014.3571428571429,0.0,0.05714285714285715,25.4,264.07142857142856,2.028571428571429,4214.0,-107.85714285714286,-9.371428571428572,1.0,2025-06-09T08:02:05.047237888Z
16570.166666666668,100.0,60.25,1015.0999999999999,0.0,0.07333333333333333,25.666666666666668,292.5833333333333,1.5,4267.666666666667,-108.16666666666667,-7.233333333333334,1.0,2025-06-09T08:11:52.706861824Z
16572.166666666668,100.0,60.416666666666664,1015.1833333333333,0.0,0.07333333333333333,26.13333333333333,305.29999999999995,1.2833333333333334,4270.0,-107.33333333333333,-8.083333333333334,1.0,2025-06-09T08:22:13.010997504Z
14253.714285714286,100.0,59.5,1014.6285714285714,0.0,0.058571428571428566,26.1,305.0857142857143,2.2857142857142856,4222.142857142857,-107.57142857142857,-9.657142857142857,1.0,2025-06-09T08:32:05.035164928Z
15621.714285714286,100.0,60.285714285714285,1015.1428571428571,0.0,0.06571428571428571,26.3,281.3,1.7571428571428573,4010.5714285714284,-108.28571428571429,-8.042857142857143,1.0,2025-06-09T08:41:53.982782976Z
16578.833333333332,100.0,58.916666666666664,1015.4666666666667,0.0,0.07666666666666667,26.73333333333333,258.8,1.8666666666666665,4277.0,-108.16666666666667,-6.483333333333333,1.0,2025-06-09T08:52:12.681686272Z
14261.285714285714,100.0,58.92857142857143,1014.8571428571429,0.0,0.058571428571428566,26.8,200.24285714285716,1.7142857142857142,4230.285714285715,-107.85714285714286,-9.328571428571427,1.0,2025-06-09T09:02:05.015137536Z
16583.166666666668,100.0,59.083333333333336,1015.6,0.0,0.07666666666666667,26.833333333333332,237.4666666666667,1.9166666666666667,4281.5,-107.66666666666667,-7.8,1.0,2025-06-09T09:11:22.680739840Z
17921.6,100.0,58.3,1016.0600000000001,0.0,0.096,26.939999999999998,115.46,1.9400000000000002,4653.0,-108.0,-5.14,1.0,2025-06-09T09:22:26.876756480Z
16012.6,100.0,57.6,1015.54,0.0,0.08399999999999999,27.1,235.03999999999996,2.3400000000000003,4957.2,-106.2,-7.959999999999999,1.0,2025-06-09T09:33:30.355885824Z
15634.0,100.0,57.07142857142857,1015.5285714285714,0.0,0.06857142857142857,27.314285714285713,124.94285714285714,2.6999999999999997,4025.4285714285716,-108.28571428571429,-8.414285714285715,1.0,2025-06-09T09:41:53.962076672Z
16590.833333333332,100.0,56.666666666666664,1015.8499999999999,0.0,0.08,27.233333333333334,125.08333333333333,2.466666666666667,4290.833333333333,-107.16666666666667,-8.166666666666666,1.0,2025-06-09T09:51:42.657939456Z
15001.0,100.0,55.666666666666664,1015.3666666666668,0.0,0.06999999999999999,27.816666666666663,85.3,2.883333333333333,4546.166666666667,-109.0,-9.1,1.0,2025-06-09T10:03:55.642072832Z
17931.0,100.0,57.2,1016.24,0.0,0.096,27.48,106.1,4.08,4663.6,-106.2,-7.780000000000001,1.0,2025-06-09T10:11:50.870648320Z
15642.142857142857,100.0,58.42857142857143,1015.6,0.0,0.06857142857142857,27.24285714285714,105.37142857142855,3.742857142857143,4035.285714285714,-108.71428571428571,-8.942857142857141,1.0,2025-06-09T10:22:02.500648448Z
14280.57142857143,100.0,58.857142857142854,1015.2142857142857,0.0,0.008571428571428572,27.242857142857144,76.17142857142858,3.0571428571428574,4254.714285714285,-108.57142857142857,-7.714285714285714,1.0,2025-06-09T10:32:04.985039104Z
17937.0,100.0,57.4,1016.4200000000001,0.0,0.024,27.060000000000002,169.76,4.02,4669.8,-105.6,-8.3,1.0,2025-06-09T10:41:14.854450944Z
16602.833333333332,100.0,57.833333333333336,1016.1,0.0,0.02,27.149999999999995,109.31666666666666,3.9666666666666663,4304.833333333333,-107.66666666666667,-7.483333333333334,1.0,2025-06-09T10:51:42.638766080Z
16031.2,100.0,55.6,1015.9200000000001,0.0,0.012,27.419999999999998,74.58000000000001,3.88,4978.8,-107.2,-7.519999999999999,1.0,2025-06-09T11:01:42.299911680Z
15652.42857142857,100.0,56.07142857142857,1015.857142857143,0.0,0.017142857142857144,27.3,108.02857142857144,4.757142857142858,4047.714285714286,-108.42857142857143,-8.371428571428572,1.0,2025-06-09T11:11:54.218988032Z
15654.857142857143,100.0,54.785714285714285,1015.8142857142857,0.0,0.017142857142857144,27.499999999999996,110.3,5.8,4050.1428571428573,-109.28571428571429,-7.871428571428571,1.0,2025-06-09T11:22:02.466840576Z
17564.0,100.0,53.0,1016.4749999999999,0.0,0.015,27.299999999999997,65.925,5.625,5612.75,-105.25,-6.625,1.0,2025-06-09T11:33:37.476665856Z
16612.5,100.0,52.583333333333336,1016.2666666666665,0.0,0.02,27.45,172.00000000000003,4.9,4316.5,-107.5,-7.633333333333333,1.0,2025-06-09T11:41:22.607275264Z
15023.833333333334,100.0,53.333333333333336,1015.7666666666665,0.0,0.01,27.200000000000003,126.64999999999999,4.55,4574.333333333333,-107.83333333333333,-9.75,1.0,2025-06-09T11:52:35.506011392Z
16043.4,100.0,51.1,1016.0799999999999,0.0,0.012,27.4,61.339999999999996,4.580000000000001,4993.8,-107.6,-6.12,1.0,2025-06-09T12:02:18.281574144Z
15664.42857142857,100.0,50.785714285714285,1016.0142857142856,0.0,0.017142857142857144,27.599999999999998,98.24285714285713,4.785714285714286,4062.5714285714284,-109.0,-8.928571428571429,1.0,2025-06-09T12:11:53.881304320Z
16620.5,100.0,50.333333333333336,1016.35,0.0,0.02,27.28333333333333,162.00000000000003,5.316666666666666,4326.0,-108.66666666666667,-7.433333333333333,1.0,2025-06-09T12:22:12.583984384Z
17575.5,100.0,50.375,1016.5250000000001,0.0,0.015,27.55,157.20000000000002,5.9,5625.5,-107.0,-4.95,1.0,2025-06-09T12:31:22.432507392Z
17959.2,100.0,49.6,1016.72,0.0,0.024,27.439999999999998,119.97999999999999,5.14,4695.6,-107.8,-5.36,1.0,2025-06-09T12:41:50.767927296Z
17961.0,100.0,49.8,1016.7,0.0,0.024,27.440000000000005,50.06,5.0,4697.6,-107.0,-7.119999999999999,1.0,2025-06-09T12:51:50.774844672Z
15036.833333333334,100.0,50.25,1015.8000000000001,0.0,0.01,27.383333333333336,72.25000000000001,4.833333333333333,4592.833333333333,-108.5,-7.55,1.0,2025-06-09T13:02:55.484542720Z
17964.6,100.0,48.9,1016.6599999999999,0.0,0.024,27.119999999999997,47.16,5.0,4701.8,-107.4,-5.34,1.0,2025-06-09T13:11:14.745967872Z
16630.833333333332,100.0,48.5,1016.3833333333333,0.0,0.02,27.3,170.54999999999998,4.800000000000001,4339.833333333333,-108.83333333333333,-6.366666666666667,1.0,2025-06-09T13:21:42.543295488Z
15042.666666666666,100.0,48.833333333333336,1015.8333333333334,0.0,0.01,27.63333333333333,69.46666666666668,4.8,4600.166666666667,-108.5,-6.633333333333333,1.0,2025-06-09T13:31:25.483473920Z
15681.142857142857,100.0,47.92857142857143,1016.0999999999998,0.0,0.017142857142857144,27.599999999999998,56.41428571428571,4.6000000000000005,4084.8571428571427,-108.85714285714286,-8.042857142857143,1.0,2025-06-09T13:41:53.899817216Z
19975.5,100.0,46.5,1017.375,0.0,0.03,27.75,37.025000000000006,5.35,5256.0,-105.75,-4.0,1.0,2025-06-09T13:52:48.026476800Z
14322.0,100.0,48.857142857142854,1015.6428571428571,0.0,0.008571428571428572,27.557142857142857,69.68571428571428,4.514285714285714,4311.714285714285,-110.0,-8.028571428571428,1.0,2025-06-09T14:02:04.899862272Z
16640.833333333332,100.0,47.5,1016.2833333333333,0.0,0.02,27.71666666666667,70.73333333333333,4.533333333333332,4351.5,-108.33333333333333,-7.333333333333333,1.0,2025-06-09T14:11:22.514150656Z
15689.285714285714,100.0,47.5,1016.0,0.0,0.017142857142857144,27.657142857142855,76.78571428571429,4.942857142857142,4094.714285714286,-108.85714285714286,-8.328571428571427,1.0,2025-06-09T14:22:02.379760896Z
14329.57142857143,100.0,48.142857142857146,1015.5714285714287,0.0,0.008571428571428572,27.657142857142855,84.6,3.8000000000000003,4319.857142857143,-108.42857142857143,-8.971428571428572,1.0,2025-06-09T14:32:04.893856512Z
15694.285714285714,100.0,47.57142857142857,1016.0142857142857,0.0,0.017142857142857144,27.557142857142853,79.08571428571429,4.514285714285714,4099.714285714285,-108.71428571428571,-6.985714285714287,1.0,2025-06-09T14:41:53.782784768Z
17984.4,100.0,46.1,1016.74,0.0,0.024,27.439999999999998,66.0,5.24,4723.6,-108.4,-6.18,1.0,2025-06-09T14:53:03.130122496Z
15062.666666666666,100.0,47.75,1015.8499999999999,0.0,0.01,27.433333333333334,68.26666666666667,4.566666666666666,4623.666666666667,-108.83333333333333,-7.2,1.0,2025-06-09T15:01:25.448870912Z
15700.42857142857,100.0,46.57142857142857,1016.0714285714286,0.0,0.017142857142857144,27.27142857142857,74.64285714285714,4.342857142857143,4107.142857142857,-108.42857142857143,-9.299999999999999,1.0,2025-06-09T15:11:53.787177216Z
16655.833333333332,100.0,45.75,1016.3000000000001,0.0,0.02,27.25,72.83333333333333,4.75,4368.0,-108.83333333333333,-6.633333333333333,1.0,2025-06-09T15:22:12.485555456Z
16086.0,100.0,46.5,1016.04,0.0,0.012,27.18,76.94000000000001,3.66,5045.4,-108.6,-6.3,1.0,2025-06-09T15:31:42.178205184Z
15706.57142857143,100.0,47.0,1015.9142857142857,0.0,0.017142857142857144,27.014285714285712,84.15714285714286,3.900000000000001,4114.571428571428,-109.71428571428571,-6.700000000000001,1.0,2025-06-09T15:41:53.775589120Z
15709.0,100.0,46.642857142857146,1015.9285714285714,0.0,0.017142857142857144,26.857142857142858,87.54285714285716,4.428571428571428,4117.0,-109.71428571428571,-6.8999999999999995,1.0,2025-06-09T15:52:02.637833728Z
14350.57142857143,100.0,47.357142857142854,1015.4571428571428,0.0,0.008571428571428572,26.714285714285715,97.11428571428573,3.728571428571428,4344.285714285715,-109.57142857142857,-8.514285714285714,1.0,2025-06-09T16:02:04.826757888Z
15714.0,100.0,46.642857142857146,1015.8999999999999,0.0,0.017142857142857144,26.657142857142855,84.31428571428572,4.685714285714286,4122.0,-109.42857142857143,-7.028571428571429,1.0,2025-06-09T16:11:53.732197888Z
15716.42857142857,100.0,47.0,1015.8999999999999,0.0,0.017142857142857144,26.542857142857144,80.55714285714285,4.085714285714285,4124.428571428572,-109.0,-7.0857142857142845,1.0,2025-06-09T16:22:02.295948800Z
14358.714285714286,100.0,47.714285714285715,1015.4571428571428,0.0,0.008571428571428572,26.257142857142856,100.94285714285715,3.9999999999999996,4352.428571428572,-108.0,-9.514285714285714,1.0,2025-06-09T16:32:04.827983360Z
15721.42857142857,100.0,47.642857142857146,1015.9428571428572,0.0,0.017142857142857144,26.08571428571429,72.65714285714286,4.271428571428571,4129.428571428572,-109.85714285714286,-7.428571428571429,1.0,2025-06-09T16:41:53.722908672Z
15723.857142857143,100.0,48.285714285714285,1015.9857142857144,0.0,0.017142857142857144,25.88571428571429,83.87142857142858,3.9285714285714284,4131.857142857143,-109.28571428571429,-8.471428571428572,1.0,2025-06-09T16:52:02.293324032Z
14366.857142857143,100.0,48.714285714285715,1015.6142857142856,0.0,0.008571428571428572,25.699999999999996,137.02857142857144,3.9285714285714284,4360.571428571428,-108.85714285714286,-8.771428571428572,1.0,2025-06-09T17:02:04.787571200Z
16680.5,100.0,48.5,1016.3499999999999,0.0,0.02,25.63333333333333,69.68333333333332,4.383333333333333,4393.666666666667,-110.66666666666667,-11.783333333333333,1.0,2025-06-09T17:11:52.781654272Z
15730.857142857143,100.0,49.92857142857143,1016.0714285714284,0.0,0.017142857142857144,25.37142857142857,79.41428571428571,2.8714285714285714,4139.285714285715,-109.42857142857143,-7.0,1.0,2025-06-09T17:22:02.266728192Z
14374.42857142857,100.0,50.714285714285715,1015.6714285714285,0.0,0.008571428571428572,25.085714285714285,98.3,3.3,4368.714285714285,-109.57142857142857,-8.242857142857144,1.0,2025-06-09T17:32:04.790779136Z
16687.166666666668,100.0,50.916666666666664,1016.4833333333335,0.0,0.021666666666666667,24.916666666666668,77.78333333333333,2.9,4400.666666666667,-108.5,-6.033333333333334,1.0,2025-06-09T17:41:52.398878720Z
15737.857142857143,100.0,52.42857142857143,1016.2285714285715,0.0,0.03428571428571429,24.557142857142857,73.24285714285713,2.4,4146.714285714285,-109.71428571428571,-6.8999999999999995,1.0,2025-06-09T17:52:02.263153152Z
15106.666666666666,100.0,53.75,1016.0666666666667,0.0,0.02,24.2,89.45,2.5333333333333337,4671.166666666667,-109.16666666666667,-7.766666666666667,1.0,2025-06-09T18:02:55.324448000Z
15742.42857142857,100.0,55.357142857142854,1016.3000000000002,0.0,0.03428571428571429,23.828571428571426,75.88571428571427,2.4714285714285715,4151.714285714285,-109.42857142857143,-8.542857142857143,1.0,2025-06-09T18:11:53.665376768Z
15744.857142857143,100.0,57.142857142857146,1016.3285714285715,0.0,0.03428571428571429,23.442857142857143,76.74285714285715,2.314285714285714,4154.142857142857,-109.71428571428571,-7.257142857142857,1.0,2025-06-09T18:22:02.234009088Z
14389.57142857143,100.0,58.714285714285715,1015.9142857142858,0.0,0.018571428571428572,22.900000000000002,90.95714285714287,1.885714285714286,4385.0,-109.0,-7.714285714285714,1.0,2025-06-09T18:32:04.774085888Z
15749.857142857143,100.0,60.357142857142854,1016.3999999999999,0.0,0.038571428571428576,22.528571428571432,73.07142857142857,1.7142857142857142,4159.142857142857,-109.28571428571429,-8.342857142857143,1.0,2025-06-09T18:41:53.675510272Z
15752.285714285714,100.0,62.785714285714285,1016.5571428571428,0.0,0.02142857142857143,21.928571428571434,70.47142857142858,1.442857142857143,4161.571428571428,-108.85714285714286,-8.285714285714286,1.0,2025-06-09T18:52:02.511052288Z
15121.833333333334,100.0,65.08333333333333,1016.4166666666666,0.0,0.0,21.333333333333332,74.28333333333335,1.1666666666666667,4686.5,-108.33333333333333,-8.549999999999999,1.0,2025-06-09T19:01:55.292598528Z
15756.857142857143,100.0,67.35714285714286,1016.757142857143,0.0,0.005714285714285714,20.814285714285717,62.31428571428571,1.1428571428571426,4166.571428571428,-109.0,-7.3999999999999995,1.0,2025-06-09T19:11:53.622329344Z
16140.4,100.0,69.3,1016.9200000000001,0.0,0.004,20.46,61.44,1.16,5102.4,-107.6,-5.86,1.0,2025-06-09T19:22:54.034246656Z
15128.5,100.0,71.25,1016.7333333333332,0.0,0.0033333333333333335,20.183333333333334,135.56666666666666,1.2166666666666668,4694.333333333333,-108.83333333333333,-7.466666666666666,1.0,2025-06-09T19:31:55.628090368Z
15763.142857142857,100.0,71.64285714285714,1017.0285714285714,0.0,0.008571428571428572,19.942857142857143,64.28571428571429,1.3142857142857145,4174.0,-108.71428571428571,-8.557142857142859,1.0,2025-06-09T19:41:53.600170240Z
15765.57142857143,100.0,71.92857142857143,1017.1142857142856,0.0,0.008571428571428572,19.785714285714285,153.65714285714284,1.342857142857143,4176.428571428572,-108.85714285714286,-7.071428571428571,1.0,2025-06-09T19:52:02.166213888Z
14412.142857142857,100.0,73.71428571428571,1016.7571428571429,0.0,0.004285714285714286,19.5,105.35714285714286,1.0857142857142856,4409.428571428572,-109.28571428571429,-7.6571428571428575,1.0,2025-06-09T20:02:04.705081600Z
15770.57142857143,100.0,74.64285714285714,1017.2000000000002,0.0,0.008571428571428572,19.385714285714283,146.44285714285712,1.1,4181.428571428572,-109.0,-7.542857142857143,1.0,2025-06-09T20:11:53.585213440Z
14980.166666666666,100.0,76.91666666666667,1017.0333333333334,0.0,0.01,19.066666666666666,188.46666666666667,0.8666666666666667,3279.0,-110.66666666666667,-9.933333333333332,1.0,2025-06-09T20:21:18.882418944Z
14420.0,100.0,76.64285714285714,1016.8999999999999,0.0,0.004285714285714286,18.814285714285713,134.95714285714286,0.7571428571428571,4417.571428571428,-109.14285714285714,-8.057142857142857,1.0,2025-06-09T20:32:04.682529024Z
15777.714285714286,100.0,76.71428571428571,1017.3000000000001,0.0,0.008571428571428572,18.842857142857145,161.52857142857144,0.8428571428571429,4188.857142857143,-107.57142857142857,-9.385714285714286,1.0,2025-06-09T20:41:53.560496384Z
15780.142857142857,100.0,77.21428571428571,1017.3714285714286,0.0,0.008571428571428572,18.614285714285717,144.34285714285713,0.5999999999999999,4191.285714285715,-109.42857142857143,-8.37142857142857,1.0,2025-06-09T20:52:02.139448832Z
14428.142857142857,100.0,79.85714285714286,1017.0142857142856,0.0,0.004285714285714286,18.357142857142858,110.71428571428571,0.6285714285714284,4425.714285714285,-109.42857142857143,-8.942857142857141,1.0,2025-06-09T21:02:04.673195264Z
15785.142857142857,100.0,78.71428571428571,1017.4142857142858,0.0,0.008571428571428572,18.15714285714286,176.7,0.6142857142857144,4196.285714285715,-108.71428571428571,-7.685714285714285,1.0,2025-06-09T21:11:53.552150528Z
15787.57142857143,100.0,78.57142857142857,1017.4428571428572,0.0,0.008571428571428572,17.914285714285715,159.9,0.857142857142857,4198.714285714285,-109.28571428571429,-7.514285714285713,1.0,2025-06-09T21:22:02.123907328Z
14436.285714285714,100.0,81.64285714285714,1017.0142857142856,0.0,0.004285714285714286,17.514285714285712,117.45714285714288,0.7571428571428572,4433.857142857143,-109.28571428571429,-9.799999999999999,1.0,2025-06-09T21:32:04.650358272Z
15161.833333333334,100.0,84.41666666666667,1017.2333333333332,0.0,0.005,17.516666666666666,93.46666666666665,0.6166666666666666,4728.5,-109.66666666666667,-7.466666666666666,1.0,2025-06-09T21:42:45.186880512Z
15794.714285714286,100.0,84.85714285714286,1017.4285714285714,0.0,0.008571428571428572,17.442857142857143,128.72857142857143,0.5428571428571428,4206.142857142857,-108.71428571428571,-8.357142857142858,1.0,2025-06-09T21:52:02.092238592Z
16178.2,99.6,84.4,1017.5800000000002,0.0,0.006,17.220000000000002,156.1,0.62,5141.4,-108.2,-6.36,1.0,2025-06-09T22:01:05.945243648Z
16746.833333333332,99.5,85.66666666666667,1017.8166666666666,0.0,0.01,17.0,174.58333333333334,0.7000000000000001,4463.833333333333,-108.66666666666667,-6.333333333333333,1.0,2025-06-09T22:12:22.209532928Z
18076.2,99.4,86.9,1018.18,0.0,0.012,17.06,217.43999999999997,0.68,4819.2,-108.2,-5.220000000000001,1.0,2025-06-09T22:21:50.368658432Z
14449.57142857143,99.28571428571429,87.42857142857143,1017.2,0.0,0.004285714285714286,16.314285714285713,238.7428571428571,0.5714285714285714,4450.142857142857,-108.28571428571429,-8.257142857142856,1.0,2025-06-09T22:32:04.621486080Z
16752.833333333332,99.33333333333333,87.41666666666667,1017.8499999999999,0.0,0.01,16.46666666666667,241.63333333333335,0.5666666666666667,4470.5,-108.5,-6.883333333333333,1.0,2025-06-09T22:41:22.178343680Z
16754.833333333332,99.33333333333333,88.75,1017.85,0.0,0.01,16.383333333333333,251.06666666666663,0.5333333333333333,4473.0,-109.16666666666667,-6.466666666666666,1.0,2025-06-09T22:52:12.170667008Z
14456.57142857143,98.42857142857143,88.07142857142857,1017.1857142857143,0.0,0.004285714285714286,15.785714285714286,231.3714285714286,0.557142857142857,4458.285714285715,-108.85714285714286,-9.071428571428571,1.0,2025-06-09T23:02:04.599572992Z
16192.8,98.0,88.8,1017.6600000000001,0.0,0.006,15.839999999999998,240.1,0.6599999999999999,5159.0,-106.8,-6.6,1.0,2025-06-09T23:12:17.904915712Z
15813.285714285714,98.0,88.28571428571429,1017.5857142857142,0.0,0.008571428571428572,15.77142857142857,227.00000000000003,0.6,4228.428571428572,-109.28571428571429,-8.028571428571428,1.0,2025-06-09T23:22:02.037104896Z
15186.0,98.0,89.58333333333333,1017.4,0.0,0.005,15.433333333333332,221.13333333333333,0.6166666666666667,4757.333333333333,-109.16666666666667,-8.166666666666666,1.0,2025-06-09T23:32:55.132861696Z
15188.333333333334,98.0,89.91666666666667,1017.3166666666666,0.0,0.008333333333333333,15.300000000000002,237.20000000000002,0.6,4759.833333333333,-107.66666666666667,-8.65,1.0,2025-06-09T23:42:45.107385088Z
15820.0,98.0,89.21428571428571,1017.4857142857143,0.0,0.014285714285714287,15.385714285714288,191.27142857142857,0.4571428571428572,4235.857142857143,-109.14285714285714,-8.185714285714285,1.0,2025-06-09T23:52:02.021085696Z
14471.42857142857,96.71428571428571,89.5,1017.0428571428572,0.0,0.0071428571428571435,15.214285714285714,223.01428571428573,0.45714285714285713,4474.571428571428,-109.0,-8.957142857142857,1.0,2025-06-10T00:02:04.558442752Z
18097.6,97.0,90.7,1018.1,0.0,0.02,15.419999999999998,235.26,0.42000000000000004,4842.8,-108.2,-7.019999999999999,1.0,2025-06-10T00:11:50.317824512Z
16773.0,96.66666666666667,92.33333333333333,1017.7000000000002,0.0,0.016666666666666666,15.166666666666666,235.5,0.2333333333333333,4494.333333333333,-108.33333333333333,-8.6,1.0,2025-06-10T00:23:02.122222336Z
14476.857142857143,96.42857142857143,91.42857142857143,1017.0571428571429,0.0,0.0071428571428571435,14.771428571428572,233.34285714285716,0.2857142857142857,4482.714285714285,-109.57142857142857,-8.871428571428572,1.0,2025-06-10T00:32:04.547636736Z
16776.833333333332,96.66666666666667,92.75,1017.7000000000002,0.0,0.016666666666666666,15.050000000000002,200.36666666666667,0.35000000000000003,4498.5,-109.0,-6.25,1.0,2025-06-10T00:41:22.106906624Z
15832.142857142857,96.57142857142857,91.85714285714286,1017.3714285714286,0.0,0.014285714285714287,14.914285714285715,229.27142857142857,0.5,4250.714285714285,-109.85714285714286,-7.757142857142857,1.0,2025-06-10T00:52:01.985679360Z
14484.42857142857,96.0,92.57142857142857,1016.8999999999999,0.0,0.014285714285714287,14.700000000000001,237.25714285714284,0.5428571428571428,4490.857142857143,-107.57142857142857,-10.757142857142856,1.0,2025-06-10T01:02:04.524835584Z
18108.6,95.8,91.7,1017.9399999999999,0.0,0.032,15.039999999999997,206.47999999999996,0.5999999999999999,4855.6,-107.6,-4.82,1.0,2025-06-10T01:11:50.280801024Z
15838.714285714286,95.0,92.0,1017.3428571428573,0.0,0.022857142857142857,14.814285714285715,228.04285714285717,0.6142857142857142,4258.142857142857,-109.42857142857143,-8.114285714285714,1.0,2025-06-10T01:22:02.283851008Z
17737.75,95.0,93.125,1017.85,0.0,0.0275,14.649999999999999,265.775,0.625,5801.75,-107.5,-5.125,1.0,2025-06-10T01:33:36.964126208Z
15842.42857142857,95.0,93.57142857142857,1017.3714285714285,0.0,0.022857142857142857,14.671428571428573,259.6571428571429,0.5714285714285714,4263.142857142857,-109.14285714285714,-8.0,1.0,2025-06-10T01:41:53.369414144Z
16226.4,95.0,94.9,1017.4,0.0,0.022,14.62,284.32000000000005,0.58,5198.4,-108.2,-5.0600000000000005,1.0,2025-06-10T01:52:17.795353088Z
15218.333333333334,94.33333333333333,94.91666666666667,1017.0833333333334,0.0,0.028333333333333332,14.433333333333335,254.85,0.5166666666666667,4796.166666666667,-107.83333333333333,-7.5,1.0,2025-06-10T02:01:55.049831680Z
18119.6,94.4,95.0,1017.82,0.0,0.05600000000000001,14.520000000000001,270.46000000000004,0.74,4868.2,-108.4,-6.58,1.0,2025-06-10T02:11:14.232649984Z
15850.285714285714,93.57142857142857,94.5,1017.2,0.0,0.04285714285714286,14.185714285714287,229.57142857142858,0.8,4273.0,-109.42857142857143,-7.985714285714287,1.0,2025-06-10T02:22:02.240055552Z
16234.4,93.6,94.5,1017.26,0.0,0.054000000000000006,14.02,245.24,0.4,5208.4,-106.6,-5.9,1.0,2025-06-10T02:32:17.790929408Z
18125.2,93.8,94.4,1017.6800000000001,0.0,0.064,14.36,235.7,0.8,4874.8,-107.4,-5.5,1.0,2025-06-10T02:41:50.211711744Z
15856.0,93.57142857142857,94.5,1017.0857142857143,0.0,0.045714285714285714,14.185714285714287,188.67142857142855,0.6,4280.428571428572,-108.71428571428571,-7.871428571428571,1.0,2025-06-10T02:52:01.906650880Z
16240.2,93.4,95.1,1017.1800000000001,0.0,0.054000000000000006,14.139999999999997,227.01999999999998,0.72,5215.6,-107.0,-7.1,1.0,2025-06-10T03:01:41.779269376Z
16242.0,93.0,95.0,1017.18,0.0,0.057999999999999996,14.179999999999998,209.44,0.6,5218.2,-107.4,-6.640000000000001,1.0,2025-06-10T03:12:17.760936192Z
15861.857142857143,92.57142857142857,94.21428571428571,1017.0571428571428,0.0,0.05142857142857143,14.157142857142857,235.29999999999998,0.7142857142857144,4287.857142857143,-109.85714285714286,-7.299999999999999,1.0,2025-06-10T03:22:01.885143296Z
15236.666666666666,92.33333333333333,95.0,1016.8833333333333,0.0,0.04833333333333333,14.066666666666665,219.81666666666663,0.7666666666666666,4819.833333333333,-107.83333333333333,-9.583333333333334,1.0,2025-06-10T03:32:24.993491200Z
15866.42857142857,92.28571428571429,94.42857142857143,1017.1714285714286,0.0,0.05142857142857143,14.214285714285714,236.5,0.9142857142857144,4292.857142857143,-109.71428571428571,-7.728571428571428,1.0,2025-06-10T03:41:53.616845312Z
15868.857142857143,92.28571428571429,95.07142857142857,1017.157142857143,0.0,0.06,14.328571428571431,227.15714285714287,0.7000000000000001,4295.285714285715,-109.14285714285714,-7.0,1.0,2025-06-10T03:52:01.871900160Z
14523.285714285714,92.14285714285714,95.07142857142857,1016.7571428571429,0.0,0.045714285714285714,14.314285714285713,224.25714285714284,0.5857142857142856,4539.714285714285,-109.57142857142857,-7.728571428571429,1.0,2025-06-10T04:02:04.438418944Z
16819.166666666668,92.0,94.16666666666667,1017.3666666666668,0.0,0.07333333333333333,14.883333333333333,238.46666666666667,0.7500000000000001,4547.666666666667,-108.33333333333333,-7.416666666666667,1.0,2025-06-10T04:11:51.971663616Z
15875.857142857143,91.57142857142857,93.21428571428571,1017.1285714285715,0.0,0.06428571428571428,15.22857142857143,239.58571428571426,0.7428571428571429,4302.714285714285,-108.85714285714286,-8.799999999999999,1.0,2025-06-10T04:22:01.849607424Z
14530.857142857143,91.42857142857143,92.85714285714286,1016.7714285714286,0.0,0.048571428571428564,15.6,242.18571428571428,0.8285714285714286,4547.857142857143,-109.14285714285714,-9.614285714285714,1.0,2025-06-10T04:32:04.421054208Z
15880.857142857143,91.57142857142857,91.71428571428571,1017.2285714285714,0.0,0.06571428571428571,16.32857142857143,227.15714285714284,1.0571428571428572,4307.714285714285,-109.0,-7.685714285714285,1.0,2025-06-10T04:41:53.268506368Z
15883.285714285714,91.57142857142857,90.42857142857143,1017.2,0.0,0.06571428571428571,16.914285714285715,215.20000000000002,0.9142857142857144,4310.142857142857,-109.14285714285714,-7.814285714285715,1.0,2025-06-10T04:52:01.832612096Z
14539.0,91.42857142857143,89.42857142857143,1016.8285714285714,0.0,0.048571428571428564,17.45714285714286,288.17142857142863,0.8285714285714285,4556.0,-108.42857142857143,-8.457142857142857,1.0,2025-06-10T05:02:04.396223744Z
16832.833333333332,92.0,87.08333333333333,1017.5,0.0,0.07666666666666666,17.983333333333338,260.5833333333333,1.2333333333333336,4561.5,-108.0,-5.95,1.0,2025-06-10T05:11:21.928038656Z
18157.4,92.8,84.9,1017.7800000000001,0.0,0.092,18.479999999999997,257.9,1.46,4909.0,-108.0,-5.76,1.0,2025-06-10T05:22:26.079760896Z
16273.8,93.2,82.4,1017.2199999999999,0.0,0.06799999999999999,19.02,294.6,1.5,5253.2,-108.6,-8.76,1.0,2025-06-10T05:33:29.679953920Z
15893.57142857143,93.14285714285714,79.71428571428571,1017.1714285714286,0.0,0.06571428571428571,19.342857142857145,288.4857142857143,1.7714285714285716,4322.571428571428,-108.42857142857143,-7.8,1.0,2025-06-10T05:41:53.219661568Z
15896.0,93.14285714285714,78.42857142857143,1017.2571428571429,0.0,0.06571428571428571,19.657142857142855,294.0,1.8428571428571432,4325.0,-109.0,-7.3428571428571425,1.0,2025-06-10T05:52:01.774382336Z
14552.42857142857,92.85714285714286,76.78571428571429,1016.9428571428572,0.0,0.048571428571428564,19.985714285714284,301.40000000000003,1.8571428571428574,4572.285714285715,-110.42857142857143,-8.5,1.0,2025-06-10T06:02:04.338475776Z
15275.166666666666,95.5,75.16666666666667,1017.1166666666667,0.0,0.056666666666666664,20.366666666666667,301.8333333333333,1.6333333333333335,4861.666666666667,-108.5,-9.25,1.0,2025-06-10T06:12:45.239783424Z
15903.142857142857,95.28571428571429,72.5,1017.4,0.0,0.06714285714285714,20.77142857142857,301.4142857142857,1.4428571428571428,4332.428571428572,-109.0,-8.200000000000001,1.0,2025-06-10T06:22:01.753183488Z
14560.42857142857,97.71428571428571,70.42857142857143,1017.0428571428571,0.0,0.049999999999999996,21.24285714285714,273.7857142857143,1.4428571428571428,4580.428571428572,-108.0,-9.485714285714286,1.0,2025-06-10T06:32:04.332111104Z
15908.142857142857,98.14285714285714,69.85714285714286,1017.4428571428571,0.0,0.06857142857142857,21.642857142857146,228.21428571428572,1.4000000000000001,4337.428571428572,-110.14285714285714,-8.3,1.0,2025-06-10T06:41:53.171988992Z
15910.57142857143,98.14285714285714,68.92857142857143,1017.4428571428571,0.0,0.06857142857142857,22.057142857142857,173.77142857142854,1.4428571428571428,4339.857142857143,-109.14285714285714,-8.285714285714286,1.0,2025-06-10T06:52:01.739597568Z
15287.833333333334,97.83333333333333,67.58333333333333,1017.1666666666666,0.0,0.05833333333333333,22.316666666666666,270.35,1.6000000000000003,4874.666666666667,-108.0,-7.916666666666667,1.0,2025-06-10T07:02:24.847509504Z
15915.142857142857,99.0,66.14285714285714,1017.3571428571429,0.0,0.07428571428571429,22.7,172.64285714285714,1.4142857142857144,4344.857142857143,-109.0,-9.014285714285714,1.0,2025-06-10T07:11:53.172135168Z
15917.57142857143,99.42857142857143,64.21428571428571,1017.2857142857143,0.0,0.07714285714285715,23.485714285714288,127.0,1.2142857142857142,4347.285714285715,-108.57142857142857,-9.185714285714285,1.0,2025-06-10T07:22:01.716698880Z
14576.142857142857,99.71428571428571,62.642857142857146,1016.8285714285713,0.0,0.05857142857142857,23.685714285714287,70.18571428571428,1.0571428571428572,4596.714285714285,-109.42857142857143,-9.985714285714284,1.0,2025-06-10T07:32:04.290245120Z
16865.5,100.0,61.666666666666664,1017.4500000000002,0.0,0.09000000000000001,24.016666666666666,229.25,1.2666666666666668,4596.5,-108.5,-7.983333333333334,1.0,2025-06-10T07:41:21.826533120Z
15924.57142857143,100.0,60.642857142857146,1017.1,0.0,0.07714285714285715,24.471428571428568,136.74285714285713,0.7857142857142857,4354.714285714285,-108.14285714285714,-8.028571428571428,1.0,2025-06-10T07:52:01.704465152Z
13735.5,100.0,60.25,1016.3833333333332,0.0,0.04666666666666667,24.683333333333334,197.65,1.4166666666666667,5179.166666666667,-109.16666666666667,-8.65,1.0,2025-06-10T08:02:17.827483904Z
15305.166666666666,100.0,59.583333333333336,1016.7666666666668,0.0,0.06833333333333334,24.850000000000005,221.63333333333335,1.5333333333333332,4892.833333333333,-108.66666666666667,-8.416666666666666,1.0,2025-06-10T08:11:45.188454144Z
15931.42857142857,100.0,58.714285714285715,1016.8857142857144,0.0,0.07714285714285715,24.971428571428568,303.7571428571428,1.2285714285714289,4362.142857142857,-107.85714285714286,-8.871428571428572,1.0,2025-06-10T08:22:01.999490560Z
15310.0,100.0,57.416666666666664,1016.5666666666666,0.0,0.06833333333333334,25.483333333333334,151.56666666666666,0.9500000000000001,4898.166666666667,-109.0,-7.7,1.0,2025-06-10T08:32:24.808167424Z
15936.0,100.0,56.142857142857146,1016.6428571428572,0.0,0.07714285714285715,25.82857142857143,126.84285714285714,1.4000000000000001,4367.142857142857,-109.42857142857143,-7.742857142857143,1.0,2025-06-10T08:41:53.419216640Z
15938.42857142857,100.0,54.357142857142854,1016.4428571428572,0.0,0.07714285714285715,26.02857142857143,170.82857142857145,0.9142857142857144,4369.571428571428,-109.14285714285714,-7.799999999999999,1.0,2025-06-10T08:52:01.686315264Z
14599.142857142857,100.0,53.92857142857143,1015.9285714285713,0.0,0.05857142857142857,26.11428571428571,202.27142857142857,1.3714285714285714,4621.142857142857,-107.71428571428571,-10.357142857142858,1.0,2025-06-10T09:02:04.247457536Z
15943.42857142857,100.0,52.357142857142854,1016.2857142857143,0.0,0.07714285714285715,26.24285714285714,146.91428571428574,1.2285714285714289,4374.571428571428,-107.71428571428571,-8.485714285714284,1.0,2025-06-10T09:11:53.164979968Z
15945.857142857143,100.0,51.642857142857146,1016.2428571428571,0.0,0.07714285714285715,26.45714285714286,305.4428571428571,1.3,4377.0,-109.42857142857143,-7.8428571428571425,1.0,2025-06-10T09:22:01.666901504Z
14607.285714285714,100.0,52.07142857142857,1015.7571428571429,0.0,0.05857142857142857,26.571428571428573,151.71428571428572,1.1857142857142857,4629.285714285715,-109.42857142857143,-8.457142857142857,1.0,2025-06-10T09:32:04.243774976Z
15950.857142857143,100.0,49.285714285714285,1016.0714285714284,0.0,0.07714285714285715,26.714285714285715,147.82857142857142,1.1285714285714286,4382.0,-110.0,-8.242857142857144,1.0,2025-06-10T09:41:53.105944064Z
15953.285714285714,100.0,49.07142857142857,1015.9999999999999,0.0,0.07714285714285715,26.928571428571427,98.75714285714285,1.3142857142857145,4384.428571428572,-109.57142857142857,-7.2,1.0,2025-06-10T09:52:01.648623616Z
14615.42857142857,100.0,48.92857142857143,1015.4285714285714,0.0,0.05857142857142857,27.099999999999998,154.8,1.2285714285714284,4637.428571428572,-109.42857142857143,-8.828571428571427,1.0,2025-06-10T10:02:04.228741376Z
18216.6,100.0,47.6,1016.4,0.0,0.10800000000000001,27.419999999999998,174.09999999999997,1.6800000000000002,4970.6,-108.4,-5.2,1.0,2025-06-10T10:11:13.916308992Z
17849.25,100.0,47.75,1016.125,0.0,0.10250000000000001,27.275,276.575,1.1,5920.75,-105.75,-6.8,1.0,2025-06-10T10:23:21.659183872Z
14621.142857142857,100.0,47.5,1015.2857142857144,0.0,0.018571428571428572,27.557142857142857,176.95714285714286,1.6857142857142857,4645.571428571428,-108.85714285714286,-8.3,1.0,2025-06-10T10:32:04.212510720Z
15963.714285714286,100.0,45.714285714285715,1015.5142857142855,0.0,0.037142857142857144,27.785714285714285,153.7571428571429,1.3857142857142857,4396.857142857143,-109.85714285714286,-7.171428571428572,1.0,2025-06-10T10:41:53.069109504Z
16906.833333333332,100.0,45.666666666666664,1015.7499999999999,0.0,0.043333333333333335,27.78333333333333,181.73333333333335,1.6666666666666667,4640.833333333333,-109.33333333333333,-6.8,1.0,2025-06-10T10:51:41.745972224Z
15346.0,100.0,44.583333333333336,1015.1666666666666,0.0,0.021666666666666667,27.95,171.33333333333334,1.2166666666666668,4937.333333333333,-109.16666666666667,-7.183333333333334,1.0,2025-06-10T11:02:24.753327360Z
15970.285714285714,100.0,42.07142857142857,1015.2857142857141,0.0,0.037142857142857144,28.514285714285716,133.42857142857142,1.5714285714285714,4404.285714285715,-109.14285714285714,-7.028571428571429,1.0,2025-06-10T11:11:53.037396224Z
15972.714285714286,100.0,43.57142857142857,1015.2571428571429,0.0,0.037142857142857144,28.585714285714282,208.27142857142857,1.3000000000000003,4406.714285714285,-108.85714285714286,-7.985714285714287,1.0,2025-06-10T11:22:01.611252992Z
15353.333333333334,100.0,42.916666666666664,1014.9666666666667,0.0,0.021666666666666667,28.900000000000002,161.38333333333333,1.3499999999999999,4945.166666666667,-108.83333333333333,-7.883333333333333,1.0,2025-06-10T11:32:24.738784512Z
16917.5,100.0,42.0,1015.35,0.0,0.043333333333333335,28.933333333333334,162.36666666666667,1.6666666666666667,4652.5,-108.0,-6.8999999999999995,1.0,2025-06-10T11:41:22.436001536Z
18236.0,100.0,42.2,1015.5799999999999,0.0,0.052000000000000005,28.9,150.68,1.7,4992.2,-107.4,-4.86,1.0,2025-06-10T11:52:25.861515520Z
15359.166666666666,100.0,42.083333333333336,1014.5999999999999,0.0,0.021666666666666667,28.983333333333334,181.5,1.05,4952.666666666667,-108.5,-7.716666666666666,1.0,2025-06-10T12:01:24.729441536Z
16923.166666666668,100.0,41.916666666666664,1014.9500000000002,0.0,0.043333333333333335,28.950000000000003,163.86666666666667,1.0999999999999999,4659.5,-107.16666666666667,-6.733333333333334,1.0,2025-06-10T12:11:21.699401728Z
15985.0,100.0,42.42857142857143,1014.5857142857143,0.0,0.037142857142857144,29.271428571428572,122.44285714285714,1.6999999999999997,4421.571428571428,-109.71428571428571,-8.357142857142858,1.0,2025-06-10T12:22:01.905499392Z
15366.0,100.0,42.083333333333336,1014.2333333333335,0.0,0.021666666666666667,29.45,193.2833333333334,1.45,4960.666666666667,-107.83333333333333,-8.0,1.0,2025-06-10T12:31:54.719490048Z
15989.57142857143,100.0,41.142857142857146,1014.342857142857,0.0,0.037142857142857144,29.657142857142855,150.70000000000002,1.4428571428571428,4426.571428571428,-108.42857142857143,-8.285714285714286,1.0,2025-06-10T12:41:53.016227584Z
16374.4,100.0,41.1,1014.28,0.0,0.026000000000000002,29.76,139.06,1.28,5361.2,-108.4,-8.7,1.0,2025-06-10T12:52:17.498502656Z
15372.666666666666,100.0,40.833333333333336,1013.8499999999999,0.0,0.021666666666666667,29.850000000000005,205.01666666666665,1.45,4968.666666666667,-108.66666666666667,-8.4,1.0,2025-06-10T13:02:24.715728640Z
17883.75,100.0,39.875,1014.3499999999999,0.0,0.0325,30.35,236.675,1.3,5958.75,-106.0,-4.3999999999999995,1.0,2025-06-10T13:12:21.602120960Z
15997.142857142857,100.0,39.5,1013.7857142857141,0.0,0.037142857142857144,30.257142857142856,210.48571428571424,1.4428571428571428,4436.428571428572,-109.42857142857143,-7.2,1.0,2025-06-10T13:22:01.884339968Z
16382.2,100.0,40.4,1013.7800000000001,0.0,0.026000000000000002,30.3,132.1,1.4,5370.8,-108.4,-6.0600000000000005,1.0,2025-06-10T13:31:06.335839744Z
16940.833333333332,100.0,39.75,1013.85,0.0,0.043333333333333335,30.516666666666666,169.78333333333333,1.9833333333333332,4680.5,-108.83333333333333,-6.666666666666667,1.0,2025-06-10T13:41:21.680327936Z
16003.285714285714,100.0,39.142857142857146,1013.4428571428571,0.0,0.037142857142857144,30.471428571428568,140.02857142857144,1.4285714285714286,4443.857142857143,-109.28571428571429,-6.457142857142857,1.0,2025-06-10T13:52:01.566265344Z
14668.714285714286,100.0,39.857142857142854,1012.8999999999999,0.0,0.018571428571428572,30.714285714285715,105.39999999999999,1.4142857142857144,4702.571428571428,-109.42857142857143,-8.528571428571428,1.0,2025-06-10T14:02:04.158322944Z
16008.285714285714,100.0,39.642857142857146,1013.142857142857,0.0,0.038571428571428576,30.771428571428572,139.47142857142856,1.2285714285714284,4448.857142857143,-108.14285714285714,-8.471428571428572,1.0,2025-06-10T14:11:52.986648064Z
16010.714285714286,100.0,39.5,1013.0142857142856,0.0,0.04,30.571428571428566,155.22857142857146,1.5285714285714285,4451.285714285715,-108.71428571428571,-8.071428571428571,1.0,2025-06-10T14:22:01.869904384Z
15393.0,100.0,39.166666666666664,1012.6666666666666,0.0,0.023333333333333334,30.733333333333334,157.83333333333331,0.9,4992.333333333333,-108.83333333333333,-7.383333333333333,1.0,2025-06-10T14:32:54.698037248Z
16015.285714285714,100.0,38.57142857142857,1012.8142857142858,0.0,0.04,30.7,137.58571428571426,1.042857142857143,4456.285714285715,-109.57142857142857,-8.471428571428572,1.0,2025-06-10T14:41:52.982638848Z
16017.714285714286,100.0,38.357142857142854,1012.7857142857144,0.0,0.04142857142857143,30.642857142857142,219.78571428571428,1.1857142857142857,4458.714285714285,-109.28571428571429,-7.271428571428572,1.0,2025-06-10T14:52:01.548716032Z
15400.333333333334,100.0,38.333333333333336,1012.5166666666668,0.0,0.024999999999999998,30.849999999999998,128.66666666666669,1.5333333333333332,5000.0,-108.83333333333333,-7.216666666666666,1.0,2025-06-10T15:02:24.686723072Z
16022.285714285714,100.0,38.785714285714285,1012.7,0.0,0.04285714285714286,30.728571428571428,216.5142857142857,1.4714285714285715,4463.714285714285,-113.42857142857143,-14.157142857142857,1.0,2025-06-10T15:11:54.031939584Z
16024.714285714286,100.0,38.714285714285715,1012.6,0.0,0.04428571428571428,30.67142857142857,159.7142857142857,1.5428571428571427,4466.142857142857,-111.85714285714286,-10.5,1.0,2025-06-10T15:22:02.532212224Z
15407.666666666666,100.0,39.25,1012.2833333333333,0.0,0.02666666666666667,30.833333333333332,128.28333333333333,0.8833333333333332,5007.5,-109.16666666666667,-7.066666666666667,1.0,2025-06-10T15:31:24.677203200Z
16967.5,100.0,38.666666666666664,1012.6666666666666,0.0,0.05333333333333334,30.783333333333335,178.58333333333334,1.2333333333333334,4708.5,-107.83333333333333,-6.5,1.0,2025-06-10T15:41:21.638663936Z
16031.285714285714,100.0,38.285714285714285,1012.3714285714285,0.0,0.045714285714285714,30.71428571428572,137.75714285714284,1.4142857142857144,4473.571428571428,-109.0,-7.042857142857143,1.0,2025-06-10T15:52:01.527617536Z
14699.0,100.0,39.642857142857146,1011.8285714285714,0.0,0.022857142857142857,30.442857142857147,75.45714285714287,1.4000000000000001,4735.142857142857,-109.71428571428571,-7.671428571428572,1.0,2025-06-10T16:02:04.132223744Z
16036.285714285714,100.0,40.5,1012.1857142857143,0.0,0.045714285714285714,30.38571428571429,161.55714285714288,1.2714285714285716,4478.571428571428,-109.71428571428571,-8.542857142857143,1.0,2025-06-10T16:11:52.949658880Z
16976.5,100.0,38.916666666666664,1012.3833333333332,0.0,0.05333333333333334,30.5,124.45,1.1333333333333333,4718.166666666667,-108.0,-7.166666666666667,1.0,2025-06-10T16:22:41.623752448Z
14706.57142857143,100.0,40.92857142857143,1011.6714285714286,0.0,0.022857142857142857,30.257142857142856,76.0857142857143,1.0857142857142859,4743.285714285715,-109.57142857142857,-7.985714285714287,1.0,2025-06-10T16:32:04.122662656Z
16980.833333333332,100.0,40.75,1012.3499999999999,0.0,0.05333333333333334,30.183333333333334,113.23333333333333,1.0333333333333332,4722.5,-110.83333333333333,-10.516666666666666,1.0,2025-06-10T16:41:21.619343104Z
16045.285714285714,100.0,39.0,1011.9714285714286,0.0,0.045714285714285714,30.04285714285714,90.04285714285716,0.9142857142857144,4488.428571428572,-109.85714285714286,-7.814285714285715,1.0,2025-06-10T16:52:01.501826560Z
14714.142857142857,100.0,41.714285714285715,1011.5571428571428,0.0,0.022857142857142857,29.585714285714285,72.39999999999999,1.1714285714285713,4751.428571428572,-110.71428571428571,-8.557142857142859,1.0,2025-06-10T17:02:04.109121280Z
16987.5,100.0,42.583333333333336,1012.2333333333332,0.0,0.05333333333333334,29.7,116.94999999999999,0.6333333333333333,4729.5,-109.16666666666667,-5.983333333333333,1.0,2025-06-10T17:11:21.601310976Z
16052.285714285714,100.0,43.714285714285715,1011.9999999999999,0.0,0.045714285714285714,29.37142857142857,116.5,0.8,4495.857142857143,-109.85714285714286,-7.871428571428572,1.0,2025-06-10T17:22:01.488093184Z
14721.714285714286,100.0,46.357142857142854,1011.5857142857141,0.0,0.022857142857142857,28.67142857142857,79.62857142857142,0.9714285714285714,4759.571428571428,-109.42857142857143,-8.571428571428571,1.0,2025-06-10T17:32:04.094805760Z
16057.285714285714,100.0,48.857142857142854,1012.0285714285712,0.0,0.045714285714285714,28.142857142857146,65.1,0.9428571428571428,4500.857142857143,-111.28571428571429,-12.4,1.0,2025-06-10T17:41:52.930756608Z
16996.5,100.0,51.0,1012.15,0.0,0.05333333333333334,27.55,78.2,1.5166666666666666,4738.833333333333,-106.16666666666667,-7.616666666666667,1.0,2025-06-10T17:51:41.584600832Z
14729.285714285714,100.0,57.42857142857143,1011.4714285714286,0.0,0.025714285714285714,26.557142857142857,70.34285714285714,1.1857142857142857,4767.714285714285,-109.71428571428571,-8.714285714285714,1.0,2025-06-10T18:02:04.086045440Z
16064.285714285714,100.0,60.42857142857143,1011.9285714285714,0.0,0.05285714285714286,25.714285714285715,75.32857142857142,1.4999999999999998,4508.285714285715,-109.71428571428571,-8.442857142857141,1.0,2025-06-10T18:11:52.888860928Z
16066.714285714286,100.0,61.857142857142854,1011.8714285714285,0.0,0.054285714285714284,25.157142857142855,82.10000000000001,1.657142857142857,4510.714285714285,-108.0,-8.72857142857143,1.0,2025-06-10T18:22:01.456719872Z
15451.666666666666,100.0,64.25,1011.6833333333333,0.0,0.03166666666666667,24.566666666666666,91.26666666666667,1.1666666666666665,5054.5,-108.16666666666667,-8.166666666666666,1.0,2025-06-10T18:31:24.613332736Z
16071.285714285714,100.0,72.0,1803.8428571428574,36.42857142857143,93.68142857142857,21.014285714285712,80.42857142857142,937.4142857142857,4515.714285714285,-110.14285714285714,-8.414285714285713,1.0,2025-06-10T18:41:53.459645952Z
17009.833333333332,100.0,64.33333333333333,1012.2333333333332,0.0,0.03833333333333333,24.233333333333334,89.26666666666667,1.0999999999999999,4753.0,-108.0,-7.816666666666667,1.0,2025-06-10T18:52:11.543943168Z
14744.42857142857,100.0,66.35714285714286,1011.5428571428572,0.0,0.012857142857142859,23.9,96.08571428571429,0.8285714285714284,4784.0,-109.71428571428571,-8.571428571428571,1.0,2025-06-10T19:02:04.053053696Z
16078.285714285714,100.0,67.57142857142857,1011.9999999999999,0.0,0.02,23.5,145.44285714285712,0.7714285714285715,4523.142857142857,-109.14285714285714,-7.757142857142857,1.0,2025-06-10T19:11:52.854388224Z
17016.5,100.0,69.41666666666667,1012.3333333333331,0.0,0.023333333333333334,22.983333333333334,101.63333333333333,1.0,4760.0,-109.83333333333333,-6.433333333333334,1.0,2025-06-10T19:22:11.515836416Z
15465.833333333334,100.0,68.75,1011.9333333333334,0.0,0.023333333333333334,22.983333333333334,114.81666666666668,0.8833333333333334,5070.333333333333,-108.33333333333333,-8.016666666666667,1.0,2025-06-10T19:31:54.575254528Z
16084.857142857143,100.0,70.0,1012.2285714285715,0.0,0.02285714285714286,22.685714285714287,99.17142857142856,0.9857142857142857,4530.571428571428,-109.14285714285714,-8.257142857142856,1.0,2025-06-10T19:41:52.834546432Z
16087.285714285714,100.0,71.21428571428571,1012.1857142857143,0.0,0.02285714285714286,22.314285714285717,98.72857142857141,0.8285714285714285,4533.0,-109.14285714285714,-6.728571428571429,1.0,2025-06-10T19:52:01.403760128Z
16472.4,100.0,72.6,1012.26,0.0,0.030000000000000006,21.9,118.75999999999999,0.7999999999999999,5467.2,-109.0,-5.4,1.0,2025-06-10T20:01:41.318526720Z
16091.42857142857,100.0,72.92857142857143,1012.2714285714286,0.0,0.02285714285714286,21.67142857142857,114.75714285714285,0.7142857142857143,4538.0,-109.71428571428571,-8.4,1.0,2025-06-10T20:11:52.815980032Z
17029.166666666668,100.0,74.33333333333333,1012.65,0.0,0.026666666666666672,21.333333333333332,102.13333333333334,0.6333333333333333,4774.166666666667,-107.83333333333333,-7.3,1.0,2025-06-10T20:22:41.480450048Z
14766.0,100.0,75.57142857142857,1011.9428571428571,0.0,0.021428571428571432,21.085714285714285,164.28571428571428,0.6142857142857142,4808.428571428572,-109.42857142857143,-8.385714285714286,1.0,2025-06-10T20:32:04.005283072Z
16098.42857142857,100.0,75.92857142857143,1012.3142857142857,0.0,0.02285714285714286,20.857142857142858,153.02857142857144,0.6428571428571429,4545.428571428572,-109.42857142857143,-7.885714285714286,1.0,2025-06-10T20:41:52.789241856Z
17035.833333333332,100.0,75.0,1012.5666666666666,0.0,0.026666666666666672,20.816666666666666,104.3,0.6333333333333333,4781.166666666667,-109.16666666666667,-7.283333333333334,1.0,2025-06-10T20:52:41.468445440Z
14773.57142857143,100.0,76.21428571428571,1011.8000000000001,0.0,0.021428571428571432,20.428571428571427,174.21428571428572,0.5857142857142856,4816.571428571428,-109.71428571428571,-8.4,1.0,2025-06-10T21:02:03.981492224Z
17040.166666666668,100.0,78.75,1012.4500000000002,0.0,0.026666666666666672,20.383333333333333,180.9333333333333,0.75,4785.5,-108.5,-5.583333333333333,1.0,2025-06-10T21:11:21.453497600Z
17042.166666666668,100.0,80.58333333333333,1012.5666666666666,0.0,0.030000000000000002,20.0,171.75,0.7333333333333334,4788.0,-109.16666666666667,-6.0,1.0,2025-06-10T21:22:11.459328000Z
14780.57142857143,100.0,83.21428571428571,1011.8285714285714,0.0,0.02285714285714286,19.714285714285715,169.87142857142857,0.37142857142857144,4824.714285714285,-109.28571428571429,-7.685714285714285,1.0,2025-06-10T21:32:03.965174272Z
16112.0,99.57142857142857,81.35714285714286,1012.2,0.0,0.025714285714285717,19.557142857142857,177.15714285714284,0.5857142857142856,4560.285714285715,-108.42857142857143,-7.542857142857143,1.0,2025-06-10T21:41:52.763646208Z
16114.42857142857,99.57142857142857,83.14285714285714,1012.2142857142859,0.0,0.025714285714285717,19.37142857142857,309.9428571428571,0.5999999999999999,4562.714285714285,-108.71428571428571,-6.814285714285715,1.0,2025-06-10T21:52:01.379855616Z
14788.714285714286,99.42857142857143,83.92857142857143,1011.757142857143,0.0,0.02285714285714286,19.04285714285714,212.6857142857143,0.5857142857142856,4832.857142857143,-109.28571428571429,-7.428571428571429,1.0,2025-06-10T22:02:03.944308480Z
16119.42857142857,99.42857142857143,84.0,1012.1857142857144,0.0,0.025714285714285717,19.185714285714287,307.81428571428575,0.6857142857142857,4567.714285714285,-109.28571428571429,-7.6571428571428575,1.0,2025-06-10T22:11:52.747590912Z
16121.857142857143,99.28571428571429,83.71428571428571,1012.157142857143,0.0,0.025714285714285717,19.071428571428573,203.22857142857146,0.37142857142857144,4570.142857142857,-108.71428571428571,-7.485714285714285,1.0,2025-06-10T22:22:01.306303232Z
13960.833333333334,99.33333333333333,82.33333333333333,1011.5,0.0,0.023333333333333334,18.716666666666665,180.8166666666667,0.46666666666666673,5430.5,-108.5,-7.533333333333334,1.0,2025-06-10T22:32:17.534304000Z
16126.57142857143,98.85714285714286,83.78571428571429,1012.1285714285715,0.0,0.025714285714285717,18.857142857142858,180.9714285714286,0.27142857142857146,4575.142857142857,-108.57142857142857,-8.614285714285714,1.0,2025-06-10T22:41:52.720263936Z
16129.0,98.85714285714286,84.28571428571429,1012.0714285714286,0.0,0.025714285714285717,18.699999999999996,181.99999999999997,0.38571428571428573,4577.571428571428,-108.85714285714286,-8.285714285714286,1.0,2025-06-10T22:52:01.280588032Z
14804.857142857143,98.14285714285714,84.42857142857143,1011.6285714285714,0.0,0.02285714285714286,18.54285714285714,175.15714285714284,0.21428571428571427,4849.142857142857,-108.71428571428571,-8.342857142857143,1.0,2025-06-10T23:02:03.928474880Z
15519.833333333334,98.0,86.33333333333333,1011.7999999999998,0.0,0.026666666666666672,18.483333333333334,207.4,0.4166666666666667,5128.0,-108.5,-6.95,1.0,2025-06-10T23:12:44.801043712Z
16136.142857142857,98.0,87.07142857142857,1011.9571428571428,0.0,0.025714285714285717,18.457142857142856,204.81428571428572,0.38571428571428573,4585.0,-109.28571428571429,-9.314285714285715,1.0,2025-06-10T23:22:01.271302400Z
13978.166666666666,98.0,85.08333333333333,1011.3000000000001,0.0,0.023333333333333334,18.383333333333333,238.68333333333337,0.3500000000000001,5447.833333333333,-109.0,-8.216666666666667,1.0,2025-06-10T23:32:17.867250688Z
15355.0,97.33333333333333,84.08333333333333,1011.7833333333333,0.0,0.018333333333333337,18.36666666666667,177.5,0.26666666666666666,3698.3333333333335,-111.0,-8.783333333333333,1.0,2025-06-10T23:41:57.932391424Z
16143.0,97.14285714285714,86.85714285714286,1012.0142857142856,0.0,0.025714285714285717,18.157142857142855,254.64285714285714,0.21428571428571433,4592.428571428572,-109.14285714285714,-7.342857142857143,1.0,2025-06-10T23:52:01.311093504Z
15532.0,96.66666666666667,85.5,1011.7833333333333,0.0,0.03,17.933333333333334,273.8333333333333,0.30000000000000004,5140.666666666667,-108.83333333333333,-6.8999999999999995,1.0,2025-06-11T00:01:24.433115904Z
16147.57142857143,96.85714285714286,85.78571428571429,1011.9857142857143,0.0,0.03142857142857143,18.0,161.01428571428573,0.5285714285714286,4597.428571428572,-109.28571428571429,-9.114285714285714,1.0,2025-06-11T00:11:52.971596032Z
16150.0,96.28571428571429,86.21428571428571,1011.9285714285714,0.0,0.03142857142857143,18.057142857142857,220.29999999999998,0.4,4599.857142857143,-112.28571428571429,-10.6,1.0,2025-06-11T00:22:01.537272320Z
14828.142857142857,96.28571428571429,86.78571428571429,1011.5285714285714,0.0,0.028571428571428574,17.971428571428568,235.3,0.3,4873.571428571428,-108.14285714285714,-7.8428571428571425,1.0,2025-06-11T00:32:03.869104640Z
15542.166666666666,96.0,87.83333333333333,1011.7166666666667,0.0,0.03333333333333333,17.916666666666668,215.83333333333334,0.31666666666666665,5151.5,-109.16666666666667,-8.933333333333334,1.0,2025-06-11T00:42:44.398772224Z
16157.142857142857,95.85714285714286,86.78571428571429,1011.8571428571429,0.0,0.03142857142857143,17.885714285714283,164.5142857142857,0.5142857142857143,4607.285714285715,-108.57142857142857,-9.357142857142858,1.0,2025-06-11T00:52:01.210134016Z
15547.0,95.66666666666667,89.16666666666667,1011.6666666666666,0.0,0.03333333333333333,17.55,159.79999999999998,0.6166666666666667,5156.666666666667,-108.83333333333333,-7.3500000000000005,1.0,2025-06-11T01:02:24.647961856Z
15549.333333333334,95.5,90.33333333333333,1011.5999999999999,0.0,0.03333333333333333,17.48333333333333,141.70000000000002,0.5333333333333333,5159.333333333333,-109.0,-8.15,1.0,2025-06-11T01:12:44.381625600Z
15551.666666666666,95.33333333333333,90.41666666666667,1011.5499999999998,0.0,0.03333333333333333,17.583333333333332,146.81666666666666,0.7166666666666667,5161.833333333333,-109.0,-6.8,1.0,2025-06-11T01:22:34.363599872Z
14011.166666666666,95.33333333333333,91.0,1011.0833333333334,0.0,0.03,17.383333333333333,133.68333333333334,0.7666666666666666,5482.5,-108.33333333333333,-8.183333333333332,1.0,2025-06-11T01:32:17.813469184Z
16168.285714285714,95.0,87.64285714285714,1011.657142857143,0.0,0.03142857142857143,17.357142857142858,183.4,0.35714285714285715,4619.714285714285,-109.14285714285714,-7.385714285714286,1.0,2025-06-11T01:41:52.604555520Z
18404.8,95.2,89.7,1012.3399999999999,0.0,0.044,17.279999999999998,168.44,0.32,5171.4,-107.2,-4.96,1.0,2025-06-11T01:52:25.392417536Z
15560.666666666666,94.83333333333333,91.08333333333333,1011.4833333333335,0.0,0.03333333333333333,16.866666666666667,206.30000000000004,0.21666666666666667,5172.333333333333,-109.5,-6.083333333333333,1.0,2025-06-11T02:02:24.354373888Z
16174.42857142857,94.28571428571429,91.0,1011.6,0.0,0.03142857142857143,16.97142857142857,131.27142857142857,0.4428571428571429,4627.142857142857,-107.28571428571429,-12.542857142857143,1.0,2025-06-11T02:11:52.591476480Z
16176.857142857143,94.14285714285714,90.0,1011.6,0.0,0.03142857142857143,16.928571428571427,159.62857142857143,0.5714285714285714,4629.571428571428,-110.57142857142857,-8.428571428571429,1.0,2025-06-11T02:22:01.479800832Z
14026.5,94.0,89.75,1010.9,0.0,0.03,16.71666666666667,180.65,0.6166666666666667,5499.833333333333,-110.66666666666667,-11.5,1.0,2025-06-11T02:32:17.439253504Z
16181.57142857143,93.42857142857143,90.57142857142857,1011.5857142857143,0.0,0.03142857142857143,16.942857142857147,158.9,0.6857142857142857,4634.571428571428,-108.0,-8.214285714285714,1.0,2025-06-11T02:41:52.601072128Z
17114.166666666668,93.33333333333333,90.16666666666667,1011.8499999999999,0.0,0.03666666666666667,16.86666666666667,164.79999999999998,0.6,4864.833333333333,-108.66666666666667,-6.783333333333334,1.0,2025-06-11T02:51:41.222734848Z
14865.285714285714,92.85714285714286,90.28571428571429,1011.2285714285715,0.0,0.028571428571428574,16.75714285714286,184.87142857142857,0.35714285714285715,4914.285714285715,-109.0,-7.757142857142857,1.0,2025-06-11T03:02:03.785210624Z
16188.57142857143,92.85714285714286,91.64285714285714,1011.6285714285716,0.0,0.03142857142857143,16.571428571428573,129.45714285714286,0.7285714285714286,4642.0,-108.42857142857143,-8.257142857142856,1.0,2025-06-11T03:11:52.557540608Z
16191.0,92.85714285714286,91.78571428571429,1011.6285714285715,0.0,0.03142857142857143,16.52857142857143,174.94285714285712,0.6571428571428571,4644.428571428572,-108.42857142857143,-6.957142857142857,1.0,2025-06-11T03:22:01.115529472Z
14043.166666666666,92.33333333333333,91.83333333333333,1010.9499999999999,0.0,0.03,16.216666666666665,246.73333333333335,0.44999999999999996,5517.166666666667,-108.5,-8.0,1.0,2025-06-11T03:32:17.401473792Z
16195.714285714286,92.14285714285714,92.5,1011.6428571428571,0.0,0.03142857142857143,16.414285714285715,197.91428571428574,0.42857142857142855,4649.428571428572,-110.0,-6.671428571428572,1.0,2025-06-11T03:41:52.835778816Z
16198.142857142857,91.85714285714286,92.0,1011.7285714285715,0.0,0.03142857142857143,16.485714285714288,224.09999999999997,0.42857142857142855,4651.857142857143,-108.85714285714286,-6.785714285714286,1.0,2025-06-11T03:52:01.095799296Z
14881.42857142857,91.71428571428571,92.0,1011.3571428571429,0.0,0.028571428571428574,16.7,175.0142857142857,0.39999999999999997,4930.571428571428,-108.85714285714286,-7.185714285714285,1.0,2025-06-11T04:02:03.757315584Z
16203.142857142857,91.71428571428571,90.64285714285714,1011.7714285714285,0.0,0.03142857142857143,17.242857142857144,179.41428571428574,0.4428571428571428,4656.857142857143,-109.28571428571429,-8.72857142857143,1.0,2025-06-11T04:11:52.523696384Z
17134.5,91.66666666666667,89.66666666666667,1012.0833333333334,0.0,0.03666666666666667,17.816666666666666,157.3,0.38333333333333336,4885.833333333333,-108.0,-6.583333333333333,1.0,2025-06-11T04:21:41.162379264Z
14059.833333333334,91.33333333333333,89.75,1011.1166666666667,0.0,0.03,18.55,33.71666666666666,0.4833333333333332,5534.5,-108.5,-6.716666666666666,1.0,2025-06-11T04:32:17.359398144Z
16209.857142857143,91.71428571428571,86.5,1011.8285714285713,0.0,0.03142857142857143,19.2,126.5,0.5428571428571428,4664.285714285715,-108.28571428571429,-7.728571428571428,1.0,2025-06-11T04:41:52.504820224Z
16212.285714285714,92.0,84.85714285714286,1011.9142857142857,0.0,0.03428571428571429,19.857142857142858,132.31428571428575,0.37142857142857144,4666.714285714285,-109.28571428571429,-7.971428571428571,1.0,2025-06-11T04:52:01.071395328Z
14897.0,92.0,81.92857142857143,1011.5285714285714,0.0,0.032857142857142856,20.642857142857142,193.72857142857143,0.2571428571428572,4946.857142857143,-109.57142857142857,-6.971428571428571,1.0,2025-06-11T05:02:03.706392832Z
16217.285714285714,92.0,79.0,1011.9999999999999,0.0,0.037142857142857144,21.185714285714287,216.94285714285715,0.48571428571428577,4671.714285714285,-108.28571428571429,-6.9142857142857155,1.0,2025-06-11T05:11:52.465970944Z
16219.714285714286,92.28571428571429,76.78571428571429,1012.0285714285712,0.0,0.037142857142857144,21.699999999999996,121.18571428571427,0.7714285714285715,4674.142857142857,-109.57142857142857,-7.014285714285714,1.0,2025-06-11T05:22:01.041794816Z
14905.142857142857,92.57142857142857,75.14285714285714,1011.6142857142858,0.0,0.032857142857142856,22.32857142857143,141.04285714285714,0.8285714285714284,4955.0,-109.14285714285714,-9.471428571428572,1.0,2025-06-11T05:32:03.693289472Z
16224.714285714286,92.85714285714286,72.85714285714286,1012.0285714285712,0.0,0.037142857142857144,22.8,167.14285714285714,1.042857142857143,4679.142857142857,-108.71428571428571,-9.0,1.0,2025-06-11T05:41:52.442224384Z
16227.142857142857,94.14285714285714,70.21428571428571,1011.9428571428572,0.0,0.037142857142857144,23.414285714285715,137.02857142857144,1.0285714285714287,4681.571428571428,-109.28571428571429,-7.8999999999999995,1.0,2025-06-11T05:52:01.029376512Z
14913.285714285714,94.28571428571429,67.92857142857143,1011.5285714285714,0.0,0.032857142857142856,23.77142857142857,161.35714285714283,1.1285714285714286,4963.142857142857,-109.28571428571429,-8.985714285714286,1.0,2025-06-11T06:02:03.663305216Z
17159.5,94.0,66.5,1012.2333333333332,0.0,0.043333333333333335,24.3,131.63333333333335,0.9666666666666668,4911.666666666667,-108.83333333333333,-7.383333333333333,1.0,2025-06-11T06:11:51.090443520Z
16234.142857142857,94.85714285714286,63.57142857142857,1012.0714285714284,0.0,0.037142857142857144,25.071428571428577,100.74285714285713,0.6571428571428571,4689.0,-110.0,-8.285714285714286,1.0,2025-06-11T06:22:01.004051968Z
14920.857142857143,96.57142857142857,60.857142857142854,1011.7285714285715,0.0,0.032857142857142856,25.75714285714286,85.55714285714285,0.4857142857142857,4971.285714285715,-109.42857142857143,-8.542857142857143,1.0,2025-06-11T06:32:03.656449792Z
16239.142857142857,97.28571428571429,59.07142857142857,1012.1571428571431,0.0,0.037142857142857144,26.485714285714288,163.1714285714286,0.7714285714285715,4694.0,-109.85714285714286,-7.785714285714286,1.0,2025-06-11T06:41:52.409765632Z
17168.5,98.5,56.833333333333336,1012.4166666666666,0.0,0.043333333333333335,27.05,144.93333333333334,0.7833333333333332,4920.833333333333,-108.5,-8.083333333333334,1.0,2025-06-11T06:51:41.055165696Z
14928.42857142857,99.42857142857143,55.142857142857146,1011.7714285714286,0.0,0.032857142857142856,27.457142857142856,184.29999999999998,0.8285714285714286,4979.428571428572,-108.42857142857143,-9.700000000000001,1.0,2025-06-11T07:02:03.634972928Z
17172.833333333332,99.33333333333333,54.583333333333336,1012.4666666666666,0.0,0.043333333333333335,27.78333333333333,183.3166666666667,0.8833333333333333,4925.5,-107.66666666666667,-8.533333333333333,1.0,2025-06-11T07:11:21.419848448Z
16248.142857142857,99.42857142857143,53.07142857142857,1012.2428571428571,0.0,0.042857142857142864,27.914285714285715,184.55714285714285,1.4428571428571428,4703.857142857143,-109.14285714285714,-9.685714285714285,1.0,2025-06-11T07:22:00.956907520Z
15643.333333333334,100.0,52.333333333333336,1011.9833333333335,0.0,0.041666666666666664,28.25,150.68333333333334,1.0333333333333334,5258.333333333333,-108.66666666666667,-9.583333333333334,1.0,2025-06-11T07:31:54.163150080Z
17179.166666666668,100.0,53.25,1012.4333333333334,0.0,0.05000000000000001,28.483333333333334,217.58333333333334,1.6833333333333333,4932.666666666667,-108.5,-8.683333333333334,1.0,2025-06-11T07:41:51.030876416Z
16254.714285714286,100.0,51.07142857142857,1012.1857142857144,0.0,0.042857142857142864,28.77142857142857,137.0142857142857,1.0857142857142859,4711.285714285715,-109.71428571428571,-8.285714285714286,1.0,2025-06-11T07:52:00.948285696Z
14943.0,100.0,51.0,1011.7285714285714,0.0,0.03571428571428571,29.04285714285714,176.94285714285715,0.8714285714285716,4995.714285714285,-109.71428571428571,-8.085714285714287,1.0,2025-06-11T08:02:03.620706816Z
16259.714285714286,100.0,49.92857142857143,1012.1142857142858,0.0,0.042857142857142864,29.385714285714283,82.72857142857143,1.2,4716.285714285715,-109.42857142857143,-8.885714285714286,1.0,2025-06-11T08:11:52.370984704Z
16262.142857142857,100.0,50.214285714285715,1012.1714285714287,0.0,0.042857142857142864,29.471428571428568,116.10000000000001,1.0285714285714287,4718.714285714285,-110.0,-7.385714285714286,1.0,2025-06-11T08:22:00.938782720Z
14951.142857142857,100.0,48.92857142857143,1011.7714285714286,0.0,0.037142857142857144,29.542857142857144,156.05714285714285,1.3571428571428572,5003.857142857143,-109.71428571428571,-8.857142857142858,1.0,2025-06-11T08:32:03.618090240Z
15484.5,100.0,46.583333333333336,1012.0,0.0,0.043333333333333335,29.96666666666667,96.58333333333333,1.0333333333333332,3836.3333333333335,-109.0,-11.6,1.0,2025-06-11T08:41:57.590545152Z
15663.0,100.0,46.333333333333336,1011.9499999999999,0.0,0.06666666666666667,30.083333333333332,154.98333333333332,1.3166666666666667,5279.166666666667,-108.5,-7.916666666666667,1.0,2025-06-11T08:51:34.131006464Z
14958.857142857143,100.0,46.0,1011.7428571428572,0.0,0.05714285714285715,30.300000000000004,104.97142857142856,1.6,5012.0,-108.85714285714286,-9.12857142857143,1.0,2025-06-11T09:02:03.596986880Z
17199.166666666668,100.0,46.333333333333336,1012.4166666666666,0.0,0.07666666666666667,30.350000000000005,154.31666666666666,1.5,4953.833333333333,-110.66666666666667,-11.033333333333331,1.0,2025-06-11T09:12:21.429972224Z
17201.166666666668,100.0,44.5,1012.35,0.0,0.07666666666666667,30.433333333333334,135.95000000000002,1.3166666666666667,4956.166666666667,-109.5,-7.183333333333333,1.0,2025-06-11T09:22:41.004137728Z
15672.166666666666,100.0,44.75,1011.85,0.0,0.06666666666666667,30.7,95.7,1.5,5289.833333333333,-108.83333333333333,-8.666666666666666,1.0,2025-06-11T09:32:24.110239744Z
16280.142857142857,100.0,56.214285714285715,1803.5285714285715,36.42857142857143,93.67857142857142,26.099999999999998,136.37142857142857,937.6142857142858,4738.571428571428,-107.57142857142857,-9.185714285714285,1.0,2025-06-11T09:41:52.927002368Z
16282.57142857143,100.0,43.92857142857143,1012.0857142857143,0.0,0.06571428571428573,30.528571428571432,162.7,1.4857142857142858,4741.0,-109.42857142857143,-6.657142857142857,1.0,2025-06-11T09:52:00.894083584Z
14973.42857142857,100.0,43.357142857142854,1011.6999999999999,0.0,0.05714285714285715,30.8,151.4857142857143,1.5000000000000002,5028.285714285715,-108.71428571428571,-10.085714285714285,1.0,2025-06-11T10:02:03.594403328Z
15682.333333333334,100.0,43.333333333333336,1011.8833333333333,0.0,0.06833333333333334,30.900000000000002,149.11666666666665,1.0166666666666666,5300.333333333333,-109.0,-7.433333333333333,1.0,2025-06-11T10:12:44.119937280Z
16289.714285714286,100.0,41.92857142857143,1012.1,0.0,0.06857142857142859,31.271428571428572,132.84285714285716,1.1142857142857143,4748.428571428572,-110.42857142857143,-12.085714285714285,1.0,2025-06-11T10:22:00.898545920Z
15687.166666666666,100.0,41.25,1011.8666666666667,0.0,0.011666666666666667,31.266666666666666,156.48333333333332,0.9833333333333335,5305.5,-109.16666666666667,-7.766666666666667,1.0,2025-06-11T10:32:24.109374720Z
17218.5,100.0,42.333333333333336,1012.3166666666666,0.0,0.023333333333333334,31.38333333333333,236.15,1.1666666666666667,4974.5,-107.33333333333333,-9.183333333333332,1.0,2025-06-11T10:41:20.977038336Z
15691.5,100.0,42.25,1011.7333333333335,0.0,0.011666666666666667,31.333333333333332,171.13333333333333,1.1833333333333333,5310.666666666667,-108.66666666666667,-8.616666666666667,1.0,2025-06-11T10:52:34.103481088Z
15693.833333333334,100.0,41.333333333333336,1011.7666666666665,0.0,0.011666666666666667,31.683333333333337,144.06666666666666,0.7166666666666667,5313.166666666667,-109.83333333333333,-7.683333333333334,1.0,2025-06-11T11:01:54.097126656Z
16300.57142857143,100.0,43.07142857142857,1011.9428571428572,0.0,0.02,31.757142857142856,145.07142857142858,1.8000000000000003,4760.857142857143,-109.42857142857143,-8.085714285714285,1.0,2025-06-11T11:11:52.318568192Z
16303.0,100.0,41.642857142857146,1011.9142857142857,0.0,0.02,31.971428571428568,183.2,1.6714285714285713,4763.285714285715,-109.42857142857143,-7.257142857142857,1.0,2025-06-11T11:22:00.904434944Z
14995.857142857143,100.0,41.357142857142854,1011.4285714285714,0.0,0.01,31.914285714285718,151.35714285714286,1.9428571428571428,5052.714285714285,-109.85714285714286,-8.828571428571427,1.0,2025-06-11T11:32:03.599452928Z
16308.0,100.0,42.714285714285715,1011.8000000000001,0.0,0.02,31.842857142857145,173.78571428571428,1.1285714285714286,4768.285714285715,-108.57142857142857,-8.1,1.0,2025-06-11T11:41:52.313158912Z
17233.833333333332,100.0,41.416666666666664,1012.0833333333334,0.0,0.023333333333333334,32.199999999999996,123.76666666666667,1.8499999999999999,4991.166666666667,-108.83333333333333,-6.333333333333333,1.0,2025-06-11T11:52:40.973351168Z
16695.8,100.0,40.4,1011.86,0.0,0.014000000000000002,32.260000000000005,101.82000000000001,2.2600000000000002,5704.6,-108.6,-6.1,1.0,2025-06-11T12:03:28.924073984Z
16314.142857142857,100.0,41.357142857142854,1011.7857142857144,0.0,0.025714285714285714,32.17142857142857,138.05714285714285,1.6285714285714286,4775.714285714285,-109.71428571428571,-7.428571428571429,1.0,2025-06-11T12:11:52.309798912Z
17239.833333333332,100.0,41.083333333333336,1011.9166666666665,0.0,0.03,32.25,163.45,1.5333333333333332,4998.166666666667,-109.0,-6.816666666666667,1.0,2025-06-11T12:22:40.955086080Z
16702.0,100.0,40.1,1011.4799999999999,0.0,0.018,32.339999999999996,175.83999999999997,1.6800000000000002,5711.8,-107.6,-5.74,1.0,2025-06-11T12:32:52.835966208Z
17243.5,100.0,41.0,1011.65,0.0,0.03,32.53333333333333,230.9666666666667,1.6666666666666663,5002.5,-108.83333333333333,-7.083333333333333,1.0,2025-06-11T12:41:21.331968000Z
16492.2,100.0,41.2,1011.4,0.0,0.036,32.64,131.12,1.58,3986.2,-110.4,-7.959999999999999,1.0,2025-06-11T12:51:44.962119168Z
15631.0,100.0,40.875,1010.9250000000001,0.0,0.0225,32.55,218.675,1.6,4623.5,-109.25,-7.475,1.0,2025-06-11T13:01:15.836281088Z
16325.42857142857,100.0,41.214285714285715,1011.1285714285714,0.0,0.025714285714285714,32.67142857142857,229.2428571428572,1.1857142857142855,4790.571428571428,-108.85714285714286,-6.828571428571428,1.0,2025-06-11T13:11:52.307963904Z
18543.2,100.0,41.2,1011.7,0.0,0.036,32.48,199.94,1.48,5318.8,-108.2,-4.779999999999999,1.0,2025-06-11T13:23:01.047623680Z
14667.4,100.0,40.5,1010.5,0.0,0.018,32.76,100.53999999999999,1.58,4401.2,-109.6,-9.64,1.0,2025-06-11T13:30:24.721814016Z
16331.285714285714,100.0,41.785714285714285,1010.9571428571427,0.0,0.025714285714285714,32.67142857142857,126.25714285714285,2.471428571428571,4798.0,-110.28571428571429,-6.785714285714286,1.0,2025-06-11T13:41:52.289986048Z
16333.714285714286,100.0,41.0,1010.8714285714285,0.0,0.025714285714285714,32.49999999999999,86.52857142857144,2.0142857142857142,4800.428571428572,-108.42857142857143,-9.328571428571427,1.0,2025-06-11T13:52:00.870763776Z
18199.5,100.0,40.625,1011.275,0.0,0.0225,32.9,137.975,2.4499999999999997,6294.5,-106.75,-5.25,1.0,2025-06-11T14:03:35.953027584Z
17260.166666666668,100.0,40.416666666666664,1011.1,0.0,0.03833333333333333,32.9,142.05,1.6666666666666667,5023.666666666667,-107.5,-8.116666666666667,1.0,2025-06-11T14:11:50.933764864Z
18554.2,100.0,42.1,1011.36,0.0,0.052000000000000005,32.879999999999995,50.14,2.18,5331.4,-106.6,-9.219999999999999,1.0,2025-06-11T14:22:25.036549376Z
15737.666666666666,100.0,41.25,1010.4166666666665,0.0,0.03666666666666666,32.833333333333336,67.89999999999999,2.3666666666666667,5368.166666666667,-108.33333333333333,-8.25,1.0,2025-06-11T14:32:24.079545088Z
16343.142857142857,100.0,42.642857142857146,1010.6,0.0,0.048571428571428564,32.699999999999996,68.05714285714285,1.5857142857142856,4812.857142857143,-109.28571428571429,-7.228571428571429,1.0,2025-06-11T14:41:52.313620480Z
16345.57142857143,100.0,42.642857142857146,1010.5428571428571,0.0,0.048571428571428564,32.75714285714285,178.32857142857145,1.7,4815.285714285715,-109.71428571428571,-7.285714285714286,1.0,2025-06-11T14:52:00.847552768Z
15040.57142857143,100.0,42.357142857142854,1010.0571428571429,0.0,0.031428571428571424,32.57142857142857,74.35714285714286,1.9857142857142858,5109.714285714285,-109.14285714285714,-9.957142857142857,1.0,2025-06-11T15:02:03.544643328Z
16350.57142857143,100.0,42.07142857142857,1010.4285714285714,0.0,0.048571428571428564,32.48571428571429,93.9,1.9999999999999998,4820.285714285715,-109.0,-6.842857142857143,1.0,2025-06-11T15:11:52.273601280Z
16353.0,100.0,42.57142857142857,1010.4714285714286,0.0,0.055714285714285716,32.4,103.12857142857142,2.4571428571428577,4822.714285714285,-109.42857142857143,-7.642857142857143,1.0,2025-06-11T15:22:00.838075904Z
15752.833333333334,100.0,43.583333333333336,1010.2166666666666,0.0,0.05333333333333334,32.38333333333333,84.48333333333333,2.6333333333333333,5383.666666666667,-109.0,-8.083333333333334,1.0,2025-06-11T15:31:54.077831936Z
17279.5,100.0,45.083333333333336,1010.6500000000001,0.0,0.07333333333333332,31.799999999999997,57.21666666666666,2.9166666666666665,5044.666666666667,-106.5,-8.566666666666668,1.0,2025-06-11T15:41:50.912426240Z
20509.0,100.0,46.75,1011.6,0.0,0.10999999999999999,31.224999999999998,129.425,3.6,5806.0,-105.75,-2.55,1.0,2025-06-11T15:52:46.189633024Z
16744.2,100.0,46.6,1010.3399999999999,0.0,0.064,31.3,75.94000000000001,3.54,5763.0,-108.2,-4.8,1.0,2025-06-11T16:01:04.795684864Z
16746.0,100.0,47.9,1010.3199999999999,0.0,0.064,30.939999999999998,73.82000000000001,3.3600000000000003,5765.8,-108.4,-5.3,1.0,2025-06-11T16:11:40.814996992Z
18577.2,100.0,48.6,1010.9400000000002,0.0,0.088,30.54,61.339999999999996,4.159999999999999,5356.8,-107.4,-5.4,1.0,2025-06-11T16:21:48.998437376Z
15763.333333333334,100.0,48.75,1010.0,0.0,0.05333333333333334,30.48333333333333,82.46666666666665,3.8499999999999996,5399.5,-109.16666666666667,-8.816666666666666,1.0,2025-06-11T16:32:24.046949376Z
16751.6,100.0,49.8,1010.3799999999999,0.0,0.064,30.18,80.26,3.5,5773.0,-109.2,-6.12,1.0,2025-06-11T16:41:04.777126400Z
17291.5,100.0,49.916666666666664,1010.6333333333333,0.0,0.07333333333333332,29.899999999999995,81.81666666666668,4.033333333333333,5061.166666666667,-109.16666666666667,-6.95,1.0,2025-06-11T16:52:40.882069760Z
14926.8,100.0,51.6,1009.76,0.0,0.04,29.619999999999997,100.04,3.2199999999999998,6190.8,-107.2,-7.4,1.0,2025-06-11T17:02:09.390484992Z
17295.166666666668,100.0,51.583333333333336,1010.6666666666666,0.0,0.07333333333333332,29.183333333333334,76.21666666666665,3.466666666666667,5065.833333333333,-108.33333333333333,-5.883333333333333,1.0,2025-06-11T17:12:20.873971712Z
16375.42857142857,100.0,52.92857142857143,1010.3714285714285,0.0,0.06285714285714285,28.900000000000002,84.51428571428572,3.185714285714286,4852.428571428572,-108.57142857142857,-7.742857142857143,1.0,2025-06-11T17:22:00.818257408Z
15072.285714285714,100.0,53.5,1009.9714285714284,0.0,0.045714285714285714,28.528571428571432,102.0,3.4714285714285715,5150.428571428572,-109.28571428571429,-7.8,1.0,2025-06-11T17:32:03.812493056Z
16380.42857142857,100.0,54.357142857142854,1010.4857142857143,0.0,0.06285714285714285,28.257142857142856,86.84285714285714,2.728571428571428,4857.428571428572,-109.14285714285714,-7.371428571428571,1.0,2025-06-11T17:41:52.205968128Z
16382.857142857143,100.0,55.857142857142854,1010.5142857142857,0.0,0.06285714285714285,27.900000000000002,86.84285714285714,2.185714285714286,4859.857142857143,-109.71428571428571,-6.728571428571429,1.0,2025-06-11T17:52:00.785743104Z
15784.0,100.0,56.916666666666664,1010.3666666666667,0.0,0.055,27.55,100.28333333333332,2.1166666666666667,5423.166666666667,-109.16666666666667,-7.133333333333333,1.0,2025-06-11T18:02:54.028100352Z
16387.428571428572,100.0,57.214285714285715,1010.657142857143,0.0,0.06571428571428571,27.257142857142856,92.55714285714286,2.1999999999999997,4864.857142857143,-109.57142857142857,-7.885714285714286,1.0,2025-06-11T18:11:52.191027456Z
17310.833333333332,100.0,58.333333333333336,1011.0,0.0,0.07666666666666666,26.683333333333334,89.61666666666666,2.266666666666667,5082.166666666667,-109.16666666666667,-6.366666666666667,1.0,2025-06-11T18:22:40.835564800Z
15087.42857142857,100.0,59.642857142857146,1010.3142857142858,0.0,0.047142857142857146,26.3,102.74285714285715,2.0,5166.714285714285,-109.28571428571429,-7.6571428571428575,1.0,2025-06-11T18:32:03.456017664Z
16394.428571428572,100.0,59.92857142857143,1010.7714285714285,0.0,0.06571428571428571,25.800000000000004,92.61428571428571,1.8000000000000003,4872.285714285715,-109.14285714285714,-7.614285714285714,1.0,2025-06-11T18:41:52.480871936Z
16396.85714285714,100.0,61.857142857142854,1010.9142857142858,0.0,0.05142857142857143,25.32857142857143,73.52857142857144,1.7142857142857146,4874.714285714285,-109.28571428571429,-8.071428571428571,1.0,2025-06-11T18:52:00.734103296Z
18260.25,100.0,64.875,1011.475,0.0,0.05,24.575,78.05000000000001,1.4,6361.25,-106.25,-4.7,1.0,2025-06-11T19:01:20.830066176Z
17321.166666666668,100.0,66.66666666666667,1011.3333333333334,0.0,0.04,24.03333333333333,122.33333333333333,1.3333333333333333,5093.833333333333,-109.0,-5.783333333333334,1.0,2025-06-11T19:12:20.817357824Z
17323.166666666668,100.0,67.0,1011.5,0.0,0.04,23.733333333333334,117.5,1.55,5096.166666666667,-107.16666666666667,-7.866666666666667,1.0,2025-06-11T19:22:40.818427136Z
15804.0,100.0,67.33333333333333,1011.0166666666668,0.0,0.04,23.650000000000002,137.18333333333334,1.7666666666666666,5446.166666666667,-109.0,-8.683333333333334,1.0,2025-06-11T19:31:23.970934528Z
15806.333333333334,100.0,68.16666666666667,1011.1500000000001,0.0,0.04,23.433333333333334,78.56666666666666,1.3833333333333335,5449.0,-109.16666666666667,-7.266666666666667,1.0,2025-06-11T19:41:43.951901952Z
16408.85714285714,100.0,68.85714285714286,1011.4428571428571,0.0,0.03428571428571429,23.17142857142857,71.32857142857142,1.1857142857142857,4889.571428571428,-109.0,-7.571428571428571,1.0,2025-06-11T19:52:00.759331328Z
15811.166666666666,100.0,68.33333333333333,1011.3666666666667,0.0,0.04,23.150000000000002,70.59999999999998,1.3999999999999997,5454.0,-108.83333333333333,-7.216666666666666,1.0,2025-06-11T20:01:23.943282944Z
16413.428571428572,100.0,70.42857142857143,1011.7,0.0,0.03428571428571429,22.7,129.84285714285716,1.3142857142857143,4894.571428571428,-109.14285714285714,-7.328571428571428,1.0,2025-06-11T20:11:52.116020992Z
16415.85714285714,100.0,71.07142857142857,1011.8142857142858,0.0,0.03428571428571429,22.5,173.91428571428568,1.3285714285714287,4897.0,-109.0,-7.1571428571428575,1.0,2025-06-11T20:22:00.678057472Z
15115.857142857143,100.0,72.07142857142857,1011.4714285714286,0.0,0.03428571428571429,22.4,134.91428571428574,1.1428571428571428,5199.285714285715,-108.57142857142857,-8.528571428571428,1.0,2025-06-11T20:32:03.399883520Z
16805.0,100.0,72.0,1012.0400000000002,0.0,0.048,22.22,94.25999999999999,0.9399999999999998,5832.6,-108.0,-6.24,1.0,2025-06-11T20:42:52.645956864Z
16422.571428571428,100.0,73.28571428571429,1011.9571428571428,0.0,0.03428571428571429,21.957142857142856,75.10000000000001,0.9142857142857144,4904.428571428572,-108.57142857142857,-7.885714285714286,1.0,2025-06-11T20:52:00.654588160Z
16809.2,100.0,73.4,1012.0600000000001,0.0,0.048,21.78,93.7,0.96,5837.0,-106.6,-7.359999999999999,1.0,2025-06-11T21:01:04.652523008Z
16426.714285714286,100.0,74.35714285714286,1012.0714285714284,0.0,0.03428571428571429,21.74285714285714,62.35714285714287,1.1285714285714286,4909.428571428572,-109.0,-7.457142857142857,1.0,2025-06-11T21:11:52.076999168Z
17348.5,100.0,76.0,1012.4333333333334,0.0,0.04,21.400000000000002,61.21666666666666,0.8166666666666668,5123.833333333333,-108.66666666666667,-7.05,1.0,2025-06-11T21:21:40.702638080Z
15129.714285714286,100.0,79.0,1011.8000000000001,0.0,0.03428571428571429,20.914285714285715,98.57142857142857,0.5428571428571429,5215.571428571428,-109.42857142857143,-10.057142857142859,1.0,2025-06-11T21:32:03.363483904Z
16818.0,100.0,79.6,1012.3,0.0,0.048,20.560000000000002,186.18,0.6599999999999999,5847.2,-107.0,-6.959999999999999,1.0,2025-06-11T21:42:16.608948736Z
16435.428571428572,100.0,80.57142857142857,1012.3142857142857,0.0,0.037142857142857144,20.32857142857143,192.1285714285714,0.4,4919.285714285715,-108.57142857142857,-7.714285714285714,1.0,2025-06-11T21:52:00.610609408Z
15137.142857142857,100.0,80.14285714285714,1011.9285714285714,0.0,0.037142857142857144,20.014285714285716,236.2428571428572,0.45714285714285713,5223.714285714285,-109.42857142857143,-8.785714285714286,1.0,2025-06-11T22:02:03.340446976Z
16440.428571428572,100.0,82.64285714285714,1012.3571428571428,0.0,0.04,19.914285714285715,118.77142857142857,0.5142857142857142,4924.285714285715,-109.42857142857143,-8.057142857142859,1.0,2025-06-11T22:11:52.030821120Z
17361.5,99.66666666666667,82.66666666666667,1012.6500000000001,0.0,0.04666666666666667,19.866666666666664,266.3,0.4666666666666666,5138.0,-107.83333333333333,-7.416666666666667,1.0,2025-06-11T22:22:10.656599808Z
15144.714285714286,98.71428571428571,82.85714285714286,1011.9428571428571,0.0,0.04142857142857143,19.757142857142856,128.05714285714285,0.5,5231.857142857143,-108.57142857142857,-8.357142857142858,1.0,2025-06-11T22:32:03.321256448Z
16447.428571428572,98.85714285714286,83.35714285714286,1012.2857142857143,0.0,0.04571428571428572,19.728571428571428,125.42857142857143,0.5285714285714286,4931.714285714285,-109.28571428571429,-7.585714285714287,1.0,2025-06-11T22:41:52.007721472Z
18654.0,99.2,83.2,1012.9,0.0,0.066,19.84,97.16,0.5599999999999999,5440.0,-108.2,-5.119999999999999,1.0,2025-06-11T22:51:48.733124352Z
12978.4,98.4,81.6,1011.1600000000001,0.0,0.032,19.68,171.54,0.52,4982.0,-111.0,-11.0,1.0,2025-06-11T23:01:28.264873216Z
18657.0,98.4,83.7,1012.8800000000001,0.0,0.072,19.78,87.38,0.86,5444.4,-107.2,-4.26,1.0,2025-06-11T23:11:48.729916416Z
15857.166666666666,97.83333333333333,84.5,1012.0333333333334,0.0,0.056666666666666664,19.366666666666664,242.66666666666666,0.5833333333333334,5506.333333333333,-108.16666666666667,-7.783333333333334,1.0,2025-06-11T23:21:33.814603520Z
15859.5,97.66666666666667,86.08333333333333,1012.0,0.0,0.056666666666666664,19.066666666666666,257.56666666666666,0.48333333333333334,5509.333333333333,-109.16666666666667,-9.85,1.0,2025-06-11T23:32:53.805428992Z
17377.166666666668,97.66666666666667,87.41666666666667,1012.5000000000001,0.0,0.06,18.966666666666665,71.55,0.6000000000000001,5156.833333333333,-107.16666666666667,-8.583333333333334,1.0,2025-06-11T23:42:20.606178304Z
17379.166666666668,97.66666666666667,88.0,1012.4833333333335,0.0,0.06,18.816666666666666,127.55,0.6833333333333332,5159.166666666667,-107.33333333333333,-7.833333333333333,1.0,2025-06-11T23:52:40.596773632Z
16847.8,97.6,87.8,1012.2199999999999,0.0,0.06799999999999999,18.839999999999996,149.68,0.8399999999999999,5881.4,-108.6,-5.4,1.0,2025-06-12T00:01:04.523468288Z
16465.0,97.42857142857143,88.14285714285714,1012.0714285714286,0.0,0.05142857142857143,18.942857142857143,87.12857142857145,1.2714285714285711,4954.0,-108.42857142857143,-8.642857142857142,1.0,2025-06-12T00:11:52.260016384Z
16467.428571428572,97.0,88.07142857142857,1012.0714285714284,0.0,0.05142857142857143,19.057142857142857,95.88571428571429,1.2285714285714289,4956.428571428572,-108.0,-9.942857142857141,1.0,2025-06-12T00:22:00.516185856Z
15872.666666666666,96.66666666666667,87.33333333333333,1011.9833333333332,0.0,0.056666666666666664,18.766666666666666,205.76666666666665,1.05,5525.0,-108.5,-7.833333333333333,1.0,2025-06-12T00:32:53.763477248Z
16472.0,96.57142857142857,87.78571428571429,1012.2285714285716,0.0,0.05142857142857143,18.685714285714287,139.37142857142857,1.1142857142857143,4961.428571428572,-109.14285714285714,-7.857142857142857,1.0,2025-06-12T00:41:51.932366848Z
15877.5,96.33333333333333,88.83333333333333,1012.0833333333334,0.0,0.056666666666666664,18.516666666666666,55.18333333333334,1.2166666666666666,5529.833333333333,-109.16666666666667,-7.95,1.0,2025-06-12T00:51:34.122498816Z
17759.333333333332,96.66666666666667,89.0,1012.6,0.0,0.10666666666666667,18.566666666666666,72.76666666666667,0.6999999999999998,8066.666666666667,-104.0,-4.3,1.0,2025-06-12T01:01:33.804433408Z
16862.4,96.0,89.4,1012.46,0.0,0.06799999999999999,18.419999999999998,128.62,0.78,5899.4,-107.4,-8.02,1.0,2025-06-12T01:13:28.484857856Z
17396.5,95.33333333333333,89.5,1012.6333333333333,0.0,0.06,18.25,115.85000000000001,0.85,5180.166666666667,-108.66666666666667,-8.433333333333334,1.0,2025-06-12T01:22:40.542291712Z
15050.0,95.0,90.1,1011.9399999999999,0.0,0.064,17.84,219.24,0.5599999999999999,6334.0,-107.6,-9.420000000000002,1.0,2025-06-12T01:33:20.310267392Z
17400.166666666668,95.16666666666667,90.33333333333333,1012.6333333333333,0.0,0.06,17.900000000000002,134.76666666666668,0.9833333333333334,5184.833333333333,-106.33333333333333,-9.5,1.0,2025-06-12T01:42:20.541513728Z
16485.14285714286,95.0,90.85714285714286,1012.3571428571429,0.0,0.055714285714285716,17.62857142857143,223.70000000000002,0.8285714285714286,4978.714285714285,-109.28571428571429,-7.371428571428572,1.0,2025-06-12T01:52:00.465182976Z
15190.857142857143,95.0,91.64285714285714,1011.9857142857144,0.0,0.05714285714285715,17.5,255.7,0.5428571428571428,5288.857142857143,-109.42857142857143,-8.857142857142858,1.0,2025-06-12T02:02:03.193483264Z
17406.833333333332,95.0,92.5,1012.7333333333332,0.0,0.06666666666666667,17.666666666666668,236.98333333333335,0.4833333333333334,5191.5,-109.5,-6.816666666666667,1.0,2025-06-12T02:11:20.569267456Z
15896.333333333334,94.0,92.5,1012.3833333333336,0.0,0.06666666666666667,17.433333333333334,211.20000000000002,0.5,5553.5,-108.0,-8.033333333333333,1.0,2025-06-12T02:22:33.718972160Z
15198.285714285714,93.57142857142857,92.5,1012.2285714285715,0.0,0.05857142857142857,17.214285714285715,265.6,0.4428571428571428,5297.0,-109.28571428571429,-8.385714285714286,1.0,2025-06-12T02:32:03.488851712Z
15901.5,93.66666666666667,93.41666666666667,1012.4333333333334,0.0,0.06833333333333334,17.016666666666666,231.4666666666667,0.3166666666666667,5558.666666666667,-109.5,-8.85,1.0,2025-06-12T02:41:43.698766080Z
16499.0,93.57142857142857,93.92857142857143,1012.657142857143,0.0,0.0642857142857143,16.914285714285715,277.3,0.5285714285714286,4993.571428571428,-109.14285714285714,-9.37142857142857,1.0,2025-06-12T02:52:00.415921408Z
15906.333333333334,93.5,94.58333333333333,1012.4833333333332,0.0,0.07,16.900000000000002,215.86666666666665,0.5666666666666667,5564.166666666667,-108.0,-7.25,1.0,2025-06-12T03:02:53.683083520Z
17419.5,93.66666666666667,95.0,1012.9666666666667,0.0,0.07333333333333333,17.01666666666667,221.38333333333333,0.6166666666666667,5205.5,-108.83333333333333,-7.866666666666667,1.0,2025-06-12T03:11:20.459563776Z
16890.8,93.0,94.9,1012.86,0.0,0.082,16.68,198.68,0.48,5931.0,-108.0,-7.08,1.0,2025-06-12T03:21:40.393066240Z
15212.57142857143,92.57142857142857,95.57142857142857,1012.4428571428571,0.0,0.06142857142857144,16.74285714285714,125.87142857142858,0.37142857142857144,5313.285714285715,-107.71428571428571,-10.757142857142856,1.0,2025-06-12T03:32:03.139077376Z
16509.85714285714,92.71428571428571,95.71428571428571,1012.9142857142857,0.0,0.0642857142857143,16.6,166.1285714285714,0.35714285714285715,5006.0,-109.71428571428571,-7.885714285714286,1.0,2025-06-12T03:41:51.812217344Z
15085.8,92.4,96.1,1012.5400000000002,0.0,0.078,16.759999999999998,138.26,0.54,6372.8,-107.4,-7.279999999999999,1.0,2025-06-12T03:52:08.675358464Z
15920.0,92.5,95.58333333333333,1012.8666666666664,0.0,0.07333333333333333,16.583333333333332,279.6166666666666,0.35000000000000003,5579.666666666667,-108.83333333333333,-10.183333333333332,1.0,2025-06-12T04:02:23.653043200Z
16679.4,92.6,95.5,1013.14,0.0,0.06000000000000001,16.78,226.54000000000002,0.33999999999999997,4206.8,-110.4,-8.9,1.0,2025-06-12T04:10:20.391140608Z
16518.0,92.28571428571429,95.42857142857143,1013.1857142857144,0.0,0.07,17.24285714285714,202.08571428571426,0.5857142857142857,5015.857142857143,-108.85714285714286,-8.671428571428573,1.0,2025-06-12T04:22:00.359148288Z
15227.142857142857,91.57142857142857,93.85714285714286,1012.8714285714286,0.0,0.0642857142857143,17.757142857142856,312.85714285714283,0.35714285714285715,5329.571428571428,-109.57142857142857,-10.8,1.0,2025-06-12T04:32:03.128447232Z
16523.0,91.85714285714286,92.42857142857143,1013.3142857142857,0.0,0.07285714285714286,18.414285714285715,240.3857142857143,0.48571428571428565,5020.857142857143,-109.42857142857143,-7.285714285714286,1.0,2025-06-12T04:41:51.766826496Z
16525.428571428572,91.85714285714286,91.21428571428571,1013.3857142857142,0.0,0.07285714285714286,19.2,270.1,0.3714285714285714,5023.285714285715,-108.42857142857143,-7.942857142857143,1.0,2025-06-12T04:52:00.338773760Z
15235.285714285714,91.57142857142857,88.14285714285714,1012.9428571428571,0.0,0.06571428571428571,19.95714285714286,229.38571428571427,0.37142857142857144,5337.714285714285,-108.85714285714286,-8.928571428571429,1.0,2025-06-12T05:02:03.090755072Z
16530.428571428572,91.85714285714286,86.28571428571429,1013.4285714285714,0.0,0.07285714285714286,20.485714285714288,317.5142857142857,0.7857142857142857,5028.285714285715,-108.28571428571429,-8.928571428571429,1.0,2025-06-12T05:11:51.747849984Z
17447.166666666668,92.33333333333333,84.58333333333333,1013.7833333333333,0.0,0.08333333333333333,21.083333333333336,214.1833333333333,0.7666666666666666,5236.166666666667,-109.0,-6.516666666666666,1.0,2025-06-12T05:22:40.368981760Z
15941.666666666666,93.33333333333333,82.33333333333333,1013.3833333333332,0.0,0.075,21.71666666666667,228.35,0.9,5603.166666666667,-109.33333333333333,-8.533333333333333,1.0,2025-06-12T05:32:23.588144384Z
16537.0,93.28571428571429,80.07142857142857,1013.5285714285712,0.0,0.07428571428571429,22.271428571428572,139.15714285714287,0.9285714285714286,5035.714285714285,-108.14285714285714,-10.6,1.0,2025-06-12T05:41:51.729600768Z
18733.4,94.6,78.9,1014.18,0.0,0.10200000000000001,22.9,333.96000000000004,1.06,5529.8,-107.4,-5.38,1.0,2025-06-12T05:52:24.437198336Z
15249.285714285714,93.71428571428571,76.07142857142857,1013.1571428571427,0.0,0.06857142857142857,23.457142857142856,205.28571428571428,1.042857142857143,5354.0,-109.71428571428571,-8.957142857142857,1.0,2025-06-12T06:02:03.048359936Z
20657.0,95.0,76.125,1014.875,0.0,0.13,23.6,173.225,1.325,5963.5,-106.0,-3.1500000000000004,1.0,2025-06-12T06:11:45.548423424Z
16544.714285714286,95.0,73.35714285714286,1013.6714285714287,0.0,0.07857142857142858,24.285714285714285,144.8285714285714,1.4428571428571428,5045.571428571428,-109.71428571428571,-8.528571428571428,1.0,2025-06-12T06:22:00.279234816Z
15954.333333333334,97.66666666666667,71.83333333333333,1013.4500000000002,0.0,0.08166666666666668,24.63333333333333,70.64999999999999,1.1166666666666665,5618.833333333333,-108.33333333333333,-7.25,1.0,2025-06-12T06:32:23.555497728Z
16549.285714285714,98.14285714285714,69.42857142857143,1013.657142857143,0.0,0.07857142857142858,25.157142857142855,184.34285714285713,1.2285714285714284,5050.571428571428,-108.28571428571429,-8.671428571428573,1.0,2025-06-12T06:41:51.685919232Z
16551.714285714286,98.71428571428571,67.14285714285714,1013.6142857142858,0.0,0.07857142857142858,25.714285714285715,158.54285714285714,1.0,5053.0,-110.0,-8.257142857142856,1.0,2025-06-12T06:52:00.256370944Z
15263.285714285714,99.14285714285714,65.07142857142857,1013.2428571428572,0.0,0.07142857142857142,26.099999999999998,111.17142857142858,1.2285714285714284,5370.285714285715,-109.71428571428571,-10.542857142857143,1.0,2025-06-12T07:02:03.042078720Z
17470.166666666668,99.33333333333333,62.333333333333336,1013.9500000000002,0.0,0.09666666666666668,26.683333333333334,187.65,1.0,5261.833333333333,-108.33333333333333,-6.1000000000000005,1.0,2025-06-12T07:12:20.302671616Z
16558.714285714286,99.28571428571429,59.714285714285715,1013.7571428571428,0.0,0.09000000000000001,27.157142857142862,216.10000000000005,1.0999999999999999,5060.428571428572,-108.57142857142857,-8.557142857142859,1.0,2025-06-12T07:22:00.238892288Z
15270.857142857143,99.85714285714286,56.92857142857143,1013.3999999999999,0.0,0.07714285714285715,27.314285714285717,193.28571428571428,1.3,5378.428571428572,-108.28571428571429,-10.957142857142857,1.0,2025-06-12T07:32:03.338594560Z
16563.714285714286,100.0,53.642857142857146,1013.8000000000001,0.0,0.09000000000000001,27.942857142857143,161.5,0.7428571428571428,5065.428571428572,-110.0,-7.457142857142857,1.0,2025-06-12T07:41:51.671968256Z
17479.166666666668,100.0,52.916666666666664,1014.0833333333334,0.0,0.10333333333333335,28.366666666666664,42.016666666666666,1.2,5271.166666666667,-106.83333333333333,-8.6,1.0,2025-06-12T07:52:40.287968000Z
15278.42857142857,100.0,51.07142857142857,1013.4428571428571,0.0,0.07714285714285715,28.41428571428571,100.68571428571428,1.3285714285714287,5386.571428571428,-109.42857142857143,-8.971428571428572,1.0,2025-06-12T08:02:02.994346752Z
17483.5,100.0,50.083333333333336,1014.1166666666667,0.0,0.10333333333333335,28.63333333333333,75.10000000000001,1.1666666666666665,5275.666666666667,-109.0,-7.316666666666666,1.0,2025-06-12T08:11:50.277536768Z
17485.5,100.0,50.75,1014.1666666666666,0.0,0.10333333333333335,28.616666666666664,101.60000000000001,1.7,5278.0,-108.16666666666667,-8.700000000000001,1.0,2025-06-12T08:22:10.281094144Z
15983.166666666666,100.0,47.916666666666664,1013.6666666666666,0.0,0.08833333333333333,29.0,134.6333333333333,0.8833333333333333,5650.166666666667,-108.16666666666667,-7.616666666666667,1.0,2025-06-12T08:32:23.505883904Z
16576.85714285714,100.0,47.642857142857146,1013.9285714285714,0.0,0.09000000000000001,29.285714285714285,121.04285714285713,1.2,5080.285714285715,-109.14285714285714,-7.585714285714286,1.0,2025-06-12T08:41:51.637952256Z
17491.833333333332,100.0,48.916666666666664,1014.1333333333333,0.0,0.10333333333333335,29.383333333333336,177.30000000000004,1.4000000000000001,5285.0,-108.33333333333333,-7.916666666666667,1.0,2025-06-12T08:52:10.259390464Z
15990.0,100.0,46.583333333333336,1013.6166666666667,0.0,0.08833333333333333,29.45,149.23333333333335,1.5833333333333333,5657.666666666667,-108.83333333333333,-8.066666666666665,1.0,2025-06-12T09:01:23.497587968Z
17495.833333333332,100.0,46.75,1014.15,0.0,0.10333333333333335,29.799999999999997,125.53333333333332,1.5333333333333332,5289.833333333333,-109.16666666666667,-6.7,1.0,2025-06-12T09:12:20.274027520Z
17497.833333333332,100.0,45.333333333333336,1014.1833333333334,0.0,0.10333333333333335,29.833333333333332,154.25,1.45,5292.0,-108.66666666666667,-7.05,1.0,2025-06-12T09:22:10.247820032Z
14944.6,100.0,44.7,1013.4,0.0,0.06600000000000002,29.939999999999998,68.2,2.54,4729.6,-109.4,-10.0,1.0,2025-06-12T09:31:36.102885888Z
16589.285714285714,100.0,44.0,1013.8571428571429,0.0,0.09285714285714287,30.114285714285717,107.14285714285712,1.6714285714285713,5095.142857142857,-111.0,-10.928571428571429,1.0,2025-06-12T09:41:51.631953408Z
16591.714285714286,100.0,41.92857142857143,1013.8000000000001,0.0,0.09571428571428572,30.14285714285714,72.37142857142858,2.042857142857143,5097.571428571428,-109.85714285714286,-7.214285714285714,1.0,2025-06-12T09:52:00.181798400Z
16003.333333333334,100.0,42.5,1013.4499999999999,0.0,0.09166666666666667,30.516666666666666,81.33333333333333,2.35,5673.666666666667,-109.33333333333333,-7.099999999999999,1.0,2025-06-12T10:02:23.477536000Z
16596.285714285714,100.0,42.357142857142854,1013.6142857142856,0.0,0.09571428571428572,30.557142857142853,83.85714285714286,3.0857142857142854,5102.571428571428,-109.0,-9.1,1.0,2025-06-12T10:11:51.606121728Z
17510.5,100.0,42.5,1013.7999999999998,0.0,0.11,30.633333333333336,71.48333333333333,1.5333333333333332,5306.166666666667,-108.83333333333333,-6.983333333333333,1.0,2025-06-12T10:22:40.229394176Z
15313.142857142857,100.0,40.5,1013.0285714285714,0.0,0.02285714285714286,30.885714285714283,134.27142857142857,1.8571428571428572,5427.285714285715,-110.0,-7.957142857142857,1.0,2025-06-12T10:32:02.957573632Z
17514.833333333332,100.0,40.25,1013.6666666666666,0.0,0.043333333333333335,31.016666666666662,78.56666666666668,2.15,5310.833333333333,-108.83333333333333,-6.816666666666667,1.0,2025-06-12T10:42:20.220795648Z
16605.285714285714,100.0,39.642857142857146,1013.3428571428573,0.0,0.038571428571428576,31.271428571428572,137.28571428571428,2.042857142857143,5112.428571428572,-108.71428571428571,-7.728571428571428,1.0,2025-06-12T10:52:00.168790272Z
16993.2,100.0,39.2,1013.3399999999999,0.0,0.028000000000000004,31.3,129.1,2.2199999999999998,6044.4,-107.2,-5.720000000000001,1.0,2025-06-12T11:01:40.184101120Z
16609.428571428572,100.0,38.5,1013.2,0.0,0.038571428571428576,31.52857142857143,81.97142857142856,2.4,5117.428571428572,-108.71428571428571,-7.471428571428571,1.0,2025-06-12T11:11:51.604582400Z
16611.85714285714,100.0,38.142857142857146,1013.1857142857143,0.0,0.038571428571428576,31.685714285714283,143.35714285714286,2.028571428571429,5119.857142857143,-109.42857142857143,-7.642857142857143,1.0,2025-06-12T11:22:00.165007616Z
13172.6,100.0,36.7,1012.0600000000001,0.0,0.004,31.839999999999996,103.96000000000001,2.1,5212.0,-110.2,-10.38,1.0,2025-06-12T11:31:27.965300224Z
16616.285714285714,100.0,37.642857142857146,1013.1285714285714,0.0,0.03428571428571429,31.957142857142856,109.9142857142857,1.9857142857142855,5124.857142857143,-109.14285714285714,-7.128571428571429,1.0,2025-06-12T11:41:51.581113088Z
16618.714285714286,100.0,38.42857142857143,1013.0428571428571,0.0,0.03428571428571429,31.942857142857143,133.97142857142856,2.0285714285714285,5127.285714285715,-109.42857142857143,-7.242857142857143,1.0,2025-06-12T11:52:00.152779520Z
16031.666666666666,100.0,37.0,1012.7666666666665,0.0,0.02,32.1,81.50000000000001,2.466666666666667,5704.666666666667,-108.66666666666667,-8.016666666666667,1.0,2025-06-12T12:01:23.456212992Z
16034.0,100.0,38.583333333333336,1012.75,0.0,0.02,32.36666666666667,81.23333333333333,1.6166666666666665,5707.5,-108.66666666666667,-7.400000000000001,1.0,2025-06-12T12:11:43.455655680Z
16625.428571428572,100.0,36.285714285714285,1012.8999999999999,0.0,0.03428571428571429,32.41428571428571,92.91428571428571,1.4428571428571428,5134.714285714285,-109.71428571428571,-7.257142857142857,1.0,2025-06-12T12:22:00.452358400Z
16038.833333333334,100.0,36.75,1012.6333333333333,0.0,0.02,32.6,95.71666666666665,2.0,5712.833333333333,-108.83333333333333,-6.916666666666667,1.0,2025-06-12T12:32:23.452278016Z
16630.0,100.0,38.642857142857146,1012.8000000000002,0.0,0.03428571428571429,32.628571428571426,127.9857142857143,2.5142857142857147,5139.714285714285,-109.57142857142857,-7.171428571428572,1.0,2025-06-12T12:41:51.568356096Z
16632.428571428572,100.0,38.0,1012.8142857142858,0.0,0.03428571428571429,32.57142857142857,110.15714285714287,2.0571428571428574,5142.142857142857,-109.57142857142857,-7.814285714285715,1.0,2025-06-12T12:52:00.450395392Z
15350.42857142857,100.0,37.357142857142854,1012.3000000000002,0.0,0.017142857142857144,32.771428571428565,145.50000000000003,1.8142857142857143,5468.0,-108.85714285714286,-8.657142857142857,1.0,2025-06-12T13:02:02.924224512Z
16637.428571428572,100.0,38.214285714285715,1012.6999999999999,0.0,0.03428571428571429,32.81428571428571,163.08571428571432,2.0999999999999996,5147.142857142857,-109.14285714285714,-7.3,1.0,2025-06-12T13:11:51.566352896Z
16639.85714285714,100.0,37.714285714285715,1012.6999999999999,0.0,0.03428571428571429,33.05714285714286,125.94285714285714,2.1714285714285717,5149.571428571428,-109.14285714285714,-8.3,1.0,2025-06-12T13:22:00.133662720Z
15358.57142857143,100.0,38.07142857142857,1012.2142857142856,0.0,0.017142857142857144,33.05714285714286,69.74285714285715,2.357142857142857,5476.142857142857,-109.85714285714286,-8.071428571428571,1.0,2025-06-12T13:32:02.928601600Z
16644.85714285714,100.0,39.92857142857143,1012.6142857142856,0.0,0.03428571428571429,32.84285714285715,121.17142857142858,2.357142857142857,5154.571428571428,-109.85714285714286,-7.528571428571429,1.0,2025-06-12T13:41:51.568592640Z
16647.285714285714,100.0,39.714285714285715,1012.5428571428571,0.0,0.03428571428571429,32.92857142857142,75.07142857142857,2.1,5157.0,-109.0,-6.642857142857143,1.0,2025-06-12T13:52:00.435695360Z
15366.714285714286,100.0,39.214285714285715,1012.0428571428572,0.0,0.017142857142857144,32.91428571428571,120.72857142857141,2.5714285714285716,5484.285714285715,-110.0,-7.971428571428571,1.0,2025-06-12T14:02:03.537692928Z
17561.166666666668,100.0,39.75,1012.8333333333334,0.0,0.04,32.73333333333333,82.76666666666667,2.15,5359.5,-108.0,-6.916666666666667,1.0,2025-06-12T14:11:20.181185280Z
16654.285714285714,100.0,40.07142857142857,1012.4714285714284,0.0,0.03428571428571429,32.971428571428575,76.88571428571429,2.2714285714285714,5164.428571428572,-109.0,-6.942857142857143,1.0,2025-06-12T14:22:00.122230272Z
16069.166666666666,100.0,39.25,1012.2333333333332,0.0,0.02,33.199999999999996,72.81666666666666,2.533333333333333,5744.333333333333,-109.0,-6.983333333333333,1.0,2025-06-12T14:32:53.433647872Z
17567.5,100.0,38.416666666666664,1012.75,0.0,0.04,33.03333333333333,67.23333333333333,2.566666666666667,5366.5,-108.5,-6.283333333333334,1.0,2025-06-12T14:41:20.184960000Z
16660.85714285714,100.0,39.0,1012.4714285714286,0.0,0.03428571428571429,32.957142857142856,65.0,2.514285714285714,5171.857142857143,-107.42857142857143,-8.842857142857143,1.0,2025-06-12T14:52:00.120483840Z
15381.285714285714,100.0,40.42857142857143,1011.9571428571428,0.0,0.017142857142857144,32.971428571428575,90.71428571428571,2.185714285714286,5500.571428571428,-109.28571428571429,-9.242857142857144,1.0,2025-06-12T15:02:02.924456192Z
17574.166666666668,100.0,40.833333333333336,1012.6999999999999,0.0,0.04,32.516666666666666,68.03333333333335,2.8833333333333333,5373.666666666667,-108.33333333333333,-5.833333333333333,1.0,2025-06-12T15:11:50.167840000Z
16667.85714285714,100.0,41.714285714285715,1012.4,0.0,0.03428571428571429,32.371428571428574,126.14285714285714,3.0,5179.285714285715,-108.71428571428571,-8.171428571428573,1.0,2025-06-12T15:22:00.114669568Z
16083.333333333334,100.0,42.25,1012.1,0.0,0.02,32.35,92.14999999999999,3.0833333333333335,5759.833333333333,-109.0,-7.716666666666666,1.0,2025-06-12T15:32:23.423534336Z
16672.428571428572,100.0,41.785714285714285,1012.357142857143,0.0,0.03428571428571429,32.114285714285714,77.65714285714286,3.3714285714285714,5184.285714285715,-109.71428571428571,-8.328571428571427,1.0,2025-06-12T15:41:51.540276736Z
17582.833333333332,100.0,42.333333333333336,1012.6166666666668,0.0,0.04,31.950000000000003,91.21666666666665,2.5666666666666664,5383.166666666667,-108.83333333333333,-6.833333333333333,1.0,2025-06-12T15:52:40.153655552Z
15395.857142857143,100.0,43.142857142857146,1011.8714285714286,0.0,0.017142857142857144,31.75714285714286,86.45714285714287,3.128571428571429,5516.857142857143,-109.71428571428571,-7.728571428571429,1.0,2025-06-12T16:02:02.909383424Z
16679.428571428572,100.0,42.857142857142854,1012.2857142857143,0.0,0.03428571428571429,31.514285714285716,82.84285714285714,2.8857142857142857,5191.714285714285,-107.57142857142857,-8.700000000000001,1.0,2025-06-12T16:11:51.525738752Z
16095.5,100.0,43.833333333333336,1012.0833333333334,0.0,0.02,31.183333333333334,91.61666666666667,3.0666666666666664,5772.833333333333,-106.5,-10.75,1.0,2025-06-12T16:22:33.411267584Z
16097.833333333334,100.0,43.916666666666664,1012.1166666666667,0.0,0.02,30.900000000000002,91.56666666666666,2.9166666666666665,5775.5,-108.5,-8.133333333333333,1.0,2025-06-12T16:32:23.415936000Z
16100.166666666666,100.0,44.75,1012.1,0.0,0.02,30.633333333333336,98.56666666666668,2.983333333333333,5778.0,-109.0,-7.3,1.0,2025-06-12T16:41:43.408357376Z
16102.5,100.0,45.5,1012.1833333333333,0.0,0.02,30.383333333333336,94.21666666666665,2.766666666666667,5780.666666666667,-109.5,-6.983333333333334,1.0,2025-06-12T16:52:33.413942272Z
15411.142857142857,100.0,45.42857142857143,1011.9714285714284,0.0,0.017142857142857144,30.071428571428573,101.95714285714284,2.6999999999999997,5533.142857142857,-107.57142857142857,-9.985714285714284,1.0,2025-06-12T17:02:02.885770496Z
16693.0,100.0,45.57142857142857,1012.4857142857143,0.0,0.037142857142857144,29.814285714285713,89.51428571428573,2.657142857142857,5206.571428571428,-109.71428571428571,-7.242857142857143,1.0,2025-06-12T17:11:51.508297216Z
17602.166666666668,100.0,45.333333333333336,1012.8333333333334,0.0,0.04666666666666667,29.483333333333334,93.64999999999999,3.266666666666667,5404.0,-109.33333333333333,-6.016666666666667,1.0,2025-06-12T17:22:10.482318080Z
17083.2,100.0,45.9,1012.6600000000001,0.0,0.028000000000000004,29.119999999999997,106.25999999999999,2.6599999999999997,6140.6,-108.0,-6.2,1.0,2025-06-12T17:31:40.109519360Z
16699.14285714286,100.0,46.57142857142857,1012.7285714285715,0.0,0.04,28.742857142857144,93.38571428571429,2.3428571428571425,5214.0,-109.0,-8.428571428571429,1.0,2025-06-12T17:41:51.497113088Z
16701.571428571428,100.0,47.642857142857146,1012.7857142857144,0.0,0.04142857142857143,28.385714285714283,97.44285714285714,2.1857142857142855,5216.428571428572,-109.28571428571429,-7.299999999999999,1.0,2025-06-12T17:52:00.065043200Z
15425.714285714286,100.0,49.07142857142857,1012.4285714285714,0.0,0.02142857142857143,28.085714285714285,113.77142857142857,2.1,5549.428571428572,-109.85714285714286,-7.5857142857142845,1.0,2025-06-12T18:02:02.855496960Z
16706.571428571428,100.0,49.57142857142857,1012.9285714285713,0.0,0.04285714285714286,27.71428571428572,103.05714285714285,2.085714285714286,5221.428571428572,-109.71428571428571,-7.628571428571428,1.0,2025-06-12T18:11:51.468333312Z
16709.0,100.0,49.285714285714285,1013.0714285714286,0.0,0.04285714285714286,27.371428571428567,96.97142857142856,1.9428571428571428,5223.857142857143,-108.71428571428571,-8.028571428571428,1.0,2025-06-12T18:22:00.049046272Z
16126.833333333334,100.0,51.083333333333336,1012.9666666666667,0.0,0.024999999999999998,26.833333333333332,108.88333333333333,1.7166666666666666,5807.0,-109.16666666666667,-7.316666666666667,1.0,2025-06-12T18:32:53.351892736Z
18888.0,100.0,53.0,1013.9399999999999,0.0,0.06,26.139999999999997,86.44,1.6799999999999997,5694.2,-108.2,-5.14,1.0,2025-06-12T18:42:24.143957504Z
18889.8,100.0,54.4,1014.0,0.0,0.032,25.7,89.46,1.78,5696.0,-105.6,-6.9,1.0,2025-06-12T18:51:48.136945920Z
15439.142857142857,100.0,56.214285714285715,1012.8714285714286,0.0,0.0071428571428571435,25.428571428571427,96.77142857142857,1.1714285714285713,5565.714285714285,-108.85714285714286,-8.771428571428572,1.0,2025-06-12T19:02:02.842082816Z
16719.285714285714,100.0,57.642857142857146,1013.4,0.0,0.017142857142857144,24.785714285714285,72.61428571428571,1.2142857142857142,5236.285714285715,-108.71428571428571,-8.114285714285714,1.0,2025-06-12T19:11:51.439315200Z
16721.714285714286,100.0,60.214285714285715,1013.5428571428572,0.0,0.022857142857142857,24.157142857142855,122.57142857142857,1.2571428571428573,5238.714285714285,-109.14285714285714,-7.285714285714286,1.0,2025-06-12T19:21:59.988375296Z
15447.285714285714,100.0,59.214285714285715,1013.2285714285715,0.0,0.022857142857142857,24.057142857142857,136.77142857142857,1.242857142857143,5573.857142857143,-109.14285714285714,-9.457142857142857,1.0,2025-06-12T19:32:02.797590016Z
17112.6,100.0,61.0,1013.9,0.0,0.032,23.580000000000002,79.96000000000001,1.06,6173.0,-107.4,-6.540000000000001,1.0,2025-06-12T19:42:16.047419392Z
18901.6,100.0,62.4,1014.6200000000001,0.0,0.032,23.160000000000004,53.94,1.3,5708.8,-109.8,-8.940000000000001,1.0,2025-06-12T19:51:48.087542528Z
15099.6,100.0,63.3,1013.54,0.0,0.016,22.919999999999998,150.88,1.1400000000000001,4901.6,-109.8,-9.26,1.0,2025-06-12T20:00:59.889287936Z
16731.85714285714,100.0,64.85714285714286,1014.1714285714285,0.0,0.022857142857142857,22.5,114.7,1.2571428571428573,5251.142857142857,-110.0,-12.085714285714285,1.0,2025-06-12T20:11:51.724059392Z
16734.285714285714,100.0,66.07142857142857,1014.1857142857142,0.0,0.022857142857142857,22.314285714285717,114.7857142857143,1.2428571428571427,5253.571428571428,-108.14285714285714,-8.12857142857143,1.0,2025-06-12T20:22:00.276239872Z
14664.833333333334,100.0,65.58333333333333,1013.4499999999999,0.0,0.02666666666666667,22.150000000000002,86.86666666666666,1.1833333333333333,6227.833333333333,-108.16666666666667,-8.450000000000001,1.0,2025-06-12T20:32:16.575467520Z
16155.833333333334,100.0,67.41666666666667,1014.0166666666668,0.0,0.02666666666666667,21.95,76.14999999999999,1.2000000000000002,5840.833333333333,-108.83333333333333,-7.333333333333333,1.0,2025-06-12T20:42:43.304153088Z
16741.14285714286,100.0,68.14285714285714,1014.2857142857143,0.0,0.022857142857142857,21.971428571428568,74.15714285714286,1.1857142857142855,5261.0,-108.14285714285714,-9.614285714285714,1.0,2025-06-12T20:51:59.944148224Z
15468.714285714286,100.0,67.71428571428571,1013.8857142857142,0.0,0.022857142857142857,21.885714285714283,85.44285714285715,0.8714285714285713,5598.285714285715,-109.0,-9.814285714285715,1.0,2025-06-12T21:02:02.757653760Z
17650.5,100.0,70.25,1014.6333333333333,0.0,0.02666666666666667,21.666666666666668,57.96666666666667,0.9666666666666667,5457.666666666667,-107.0,-7.5,1.0,2025-06-12T21:11:49.975259136Z
17652.5,100.0,71.91666666666667,1014.6833333333334,0.0,0.02666666666666667,21.566666666666666,82.11666666666666,0.9833333333333334,5460.0,-108.0,-7.6499999999999995,1.0,2025-06-12T21:22:09.960283904Z
16167.5,100.0,73.58333333333333,1014.3166666666666,0.0,0.02666666666666667,21.21666666666667,94.2,0.6499999999999999,5853.666666666667,-108.66666666666667,-8.183333333333334,1.0,2025-06-12T21:31:53.235757312Z
16752.285714285714,100.0,72.57142857142857,1014.5714285714284,0.0,0.022857142857142857,21.157142857142855,88.71428571428571,0.6857142857142857,5273.428571428572,-108.28571428571429,-8.214285714285714,1.0,2025-06-12T21:41:51.337662464Z
16754.714285714286,99.71428571428571,72.14285714285714,1014.6285714285714,0.0,0.022857142857142857,21.32857142857143,128.24285714285716,0.7,5275.857142857143,-108.85714285714286,-7.557142857142858,1.0,2025-06-12T21:51:59.893867776Z
16174.833333333334,99.5,71.83333333333333,1014.4666666666667,0.0,0.02666666666666667,21.2,176.4,0.6166666666666667,5861.5,-108.66666666666667,-7.316666666666666,1.0,2025-06-12T22:01:53.228400896Z
16759.285714285714,99.57142857142857,73.78571428571429,1014.6999999999999,0.0,0.022857142857142857,21.12857142857143,65.99999999999999,0.5,5280.857142857143,-107.57142857142857,-10.485714285714286,1.0,2025-06-12T22:11:51.304359168Z
16179.666666666666,99.16666666666667,73.75,1014.5166666666668,0.0,0.02666666666666667,21.066666666666666,67.85,0.5499999999999999,5866.666666666667,-108.16666666666667,-7.816666666666667,1.0,2025-06-12T22:21:33.213526016Z
15490.714285714286,99.14285714285714,74.28571428571429,1014.2285714285714,0.0,0.022857142857142857,21.099999999999998,90.71428571428571,0.4571428571428572,5622.714285714285,-108.57142857142857,-8.757142857142856,1.0,2025-06-12T22:32:02.704870144Z
17669.833333333332,99.16666666666667,74.41666666666667,1014.9,0.0,0.02666666666666667,20.73333333333333,144.1,0.5499999999999999,5478.833333333333,-108.5,-7.283333333333334,1.0,2025-06-12T22:42:19.907603712Z
17671.833333333332,98.66666666666667,77.33333333333333,1014.8499999999999,0.0,0.02666666666666667,20.416666666666668,246.56666666666663,0.5333333333333333,5481.166666666667,-107.16666666666667,-8.566666666666668,1.0,2025-06-12T22:52:40.266218240Z
15143.8,98.4,79.0,1014.04,0.0,0.016,20.12,276.34000000000003,0.52,4950.8,-108.6,-11.98,1.0,2025-06-12T23:00:59.769368064Z
17675.5,98.66666666666667,80.66666666666667,1014.8166666666665,0.0,0.02666666666666667,20.016666666666666,244.88333333333335,0.4666666666666666,5485.833333333333,-108.83333333333333,-8.65,1.0,2025-06-12T23:12:19.891721984Z
17160.4,98.4,81.6,1014.6,0.0,0.032,19.86,275.49999999999994,0.5,6227.4,-108.8,-7.7,1.0,2025-06-12T23:23:27.911746048Z
16194.666666666666,98.16666666666667,80.83333333333333,1014.25,0.0,0.02666666666666667,19.783333333333335,177.9,0.2833333333333334,5884.833333333333,-108.83333333333333,-8.1,1.0,2025-06-12T23:31:23.172277504Z
16197.0,98.16666666666667,83.33333333333333,1014.2166666666667,0.0,0.02666666666666667,19.666666666666668,188.75,0.38333333333333336,5887.666666666667,-108.66666666666667,-8.033333333333333,1.0,2025-06-12T23:41:43.162524928Z
17683.166666666668,97.33333333333333,83.25,1014.6999999999999,0.0,0.03,19.599999999999998,165.51666666666665,0.20000000000000004,5495.166666666667,-107.66666666666667,-6.633333333333333,1.0,2025-06-12T23:52:40.586536192Z
15510.57142857143,97.28571428571429,84.28571428571429,1014.0142857142857,0.0,0.025714285714285714,19.485714285714288,167.57142857142858,0.17142857142857143,5647.142857142857,-109.42857142857143,-7.842857142857143,1.0,2025-06-13T00:02:02.641839872Z
17687.5,97.33333333333333,84.33333333333333,1014.7166666666667,0.0,0.03,19.333333333333332,103.26666666666667,0.39999999999999997,5499.833333333333,-108.5,-8.033333333333333,1.0,2025-06-13T00:12:19.847216896Z
17689.5,97.33333333333333,84.75,1014.7333333333335,0.0,0.03,19.183333333333334,255.63333333333333,0.5166666666666667,5502.166666666667,-108.5,-8.549999999999999,1.0,2025-06-13T00:22:39.845499904Z
15517.57142857143,96.71428571428571,85.5,1014.0571428571428,0.0,0.025714285714285714,18.885714285714283,222.78571428571428,0.4714285714285714,5655.285714285715,-109.28571428571429,-8.757142857142856,1.0,2025-06-13T00:32:02.631325184Z
16791.428571428572,96.71428571428571,84.85714285714286,1014.4285714285714,0.0,0.025714285714285714,18.97142857142857,205.91428571428574,0.5571428571428572,5318.0,-109.57142857142857,-7.342857142857143,1.0,2025-06-13T00:41:51.204432640Z
17696.166666666668,96.0,84.58333333333333,1014.6833333333334,0.0,0.03,18.866666666666667,137.28333333333333,0.65,5509.166666666667,-107.83333333333333,-8.6,1.0,2025-06-13T00:52:39.824203520Z
16118.5,95.5,84.25,1014.2,0.0,0.025,18.775,206.35,0.45,5181.5,-109.25,-11.399999999999999,1.0,2025-06-13T01:01:44.752097280Z
16797.285714285714,95.57142857142857,86.35714285714286,1014.4428571428571,0.0,0.03142857142857143,18.585714285714285,225.98571428571427,0.4142857142857143,5325.428571428572,-108.85714285714286,-10.028571428571428,1.0,2025-06-13T01:11:51.193571840Z
17701.833333333332,95.66666666666667,87.58333333333333,1014.7333333333332,0.0,0.03666666666666667,18.316666666666666,101.38333333333333,0.3666666666666667,5515.833333333333,-108.66666666666667,-7.400000000000001,1.0,2025-06-13T01:21:39.795195648Z
17188.0,95.4,88.7,1014.5800000000002,0.0,0.044,18.139999999999997,128.9,0.45999999999999996,6259.4,-106.0,-11.7,1.0,2025-06-13T01:32:51.820185088Z
18349.75,95.5,87.875,1015.025,0.0,0.03,18.125,170.05,0.25,4594.75,-110.5,-6.425,1.0,2025-06-13T01:42:39.743524608Z
16224.5,94.5,88.91666666666667,1014.3166666666666,0.0,0.04,18.166666666666668,242.7833333333333,0.4666666666666666,5921.5,-108.0,-7.866666666666667,1.0,2025-06-13T01:51:33.101586176Z
15536.714285714286,93.71428571428571,89.0,1014.1,0.0,0.03428571428571429,18.17142857142857,226.87142857142857,0.5000000000000001,5679.714285714285,-108.71428571428571,-9.5,1.0,2025-06-13T02:02:02.566696704Z
18645.25,94.25,89.5,1015.0500000000001,0.0,0.06,18.075,229.29999999999998,0.35000000000000003,6782.0,-106.5,-5.4,1.0,2025-06-13T02:10:49.864823552Z
17712.5,94.0,95.66666666666667,1937.8,42.5,109.245,14.999999999999998,233.4333333333333,1092.5666666666666,5530.0,-108.16666666666667,-6.95,1.0,2025-06-13T02:22:10.428953344Z
15543.0,93.57142857142857,88.92857142857143,1014.2285714285714,0.0,0.037142857142857144,18.128571428571426,264.4714285714286,0.7428571428571429,5687.857142857143,-108.71428571428571,-7.428571428571429,1.0,2025-06-13T02:32:02.554455808Z
17201.8,93.6,89.8,1014.82,0.0,0.052000000000000005,17.919999999999998,216.16,0.74,6276.6,-107.0,-5.84,1.0,2025-06-13T02:42:51.768601088Z
16043.666666666666,93.33333333333333,89.91666666666667,1014.6166666666667,0.0,0.021666666666666667,18.066666666666666,280.35,0.3,4482.666666666667,-110.0,-10.133333333333333,1.0,2025-06-13T02:51:16.292651008Z
15196.2,92.6,90.3,1014.3399999999999,0.0,0.026000000000000002,18.060000000000002,70.20000000000002,0.66,5016.8,-109.8,-10.24,1.0,2025-06-13T03:02:35.642010368Z
17207.4,93.0,90.7,1015.0200000000001,0.0,0.052000000000000005,17.839999999999996,95.69999999999999,0.8800000000000001,6284.0,-107.6,-5.6,1.0,2025-06-13T03:12:15.754678784Z
16822.714285714286,92.85714285714286,91.28571428571429,1014.9999999999999,0.0,0.038571428571428576,17.771428571428572,103.45714285714284,0.857142857142857,5357.571428571428,-108.0,-8.271428571428572,1.0,2025-06-13T03:21:59.686171136Z
14766.5,92.66666666666667,91.0,1014.4,0.0,0.043333333333333335,17.933333333333334,134.83333333333334,0.7166666666666667,6349.166666666667,-109.16666666666667,-9.15,1.0,2025-06-13T03:32:16.370228480Z
17728.166666666668,92.33333333333333,92.33333333333333,1015.4166666666666,0.0,0.04666666666666667,17.683333333333334,164.01666666666668,0.5,5548.5,-110.0,-6.916666666666667,1.0,2025-06-13T03:41:19.714166016Z
16829.428571428572,92.14285714285714,92.28571428571429,1015.1857142857143,0.0,0.042857142857142864,17.857142857142858,191.2571428571429,0.6,5365.0,-108.71428571428571,-7.528571428571429,1.0,2025-06-13T03:51:59.654778624Z
15564.142857142857,91.42857142857143,90.92857142857143,1014.8142857142858,0.0,0.04,17.928571428571427,212.14285714285714,0.5285714285714285,5712.285714285715,-109.85714285714286,-8.285714285714286,1.0,2025-06-13T04:02:02.521293568Z
16834.428571428572,91.57142857142857,89.35714285714286,1015.2857142857143,0.0,0.042857142857142864,18.0,217.95714285714286,0.4571428571428572,5370.0,-108.42857142857143,-9.200000000000001,1.0,2025-06-13T04:11:51.069484288Z
17737.166666666668,91.66666666666667,90.0,1015.5500000000001,0.0,0.05000000000000001,18.3,204.5,0.5333333333333333,5557.833333333333,-107.66666666666667,-8.15,1.0,2025-06-13T04:21:39.670542336Z
16260.666666666666,91.5,90.08333333333333,1015.1500000000001,0.0,0.04666666666666667,18.9,227.95000000000002,0.8166666666666668,5963.333333333333,-109.0,-7.566666666666666,1.0,2025-06-13T04:31:52.993792768Z
16841.0,91.57142857142857,89.07142857142857,1015.3999999999999,0.0,0.042857142857142864,19.5,276.0857142857143,0.7857142857142857,5377.428571428572,-109.85714285714286,-8.114285714285714,1.0,2025-06-13T04:41:51.061507328Z
16843.428571428572,91.57142857142857,86.92857142857143,1015.5142857142857,0.0,0.045714285714285714,20.1,206.54285714285714,0.7714285714285714,5379.857142857143,-109.28571428571429,-7.3999999999999995,1.0,2025-06-13T04:51:59.919439616Z
15579.285714285714,92.0,84.35714285714286,1015.1714285714286,0.0,0.04142857142857143,20.685714285714287,223.28571428571428,1.0285714285714287,5728.571428571428,-108.28571428571429,-9.085714285714285,1.0,2025-06-13T05:02:02.491183104Z
17748.166666666668,92.33333333333333,82.41666666666667,1015.9666666666667,0.0,0.05333333333333334,21.23333333333333,206.83333333333334,0.8833333333333333,5569.833333333333,-108.5,-6.333333333333333,1.0,2025-06-13T05:12:19.625501952Z
16272.833333333334,92.16666666666667,79.91666666666667,1015.5666666666667,0.0,0.04833333333333334,21.849999999999998,238.33333333333334,1.3333333333333333,5976.5,-108.16666666666667,-7.716666666666666,1.0,2025-06-13T05:22:32.955709440Z
18685.5,92.25,79.25,1016.225,0.0,0.07500000000000001,22.275000000000002,239.97500000000002,0.925,6827.25,-106.5,-4.5,1.0,2025-06-13T05:32:04.718903808Z
17753.5,92.33333333333333,84.25,1938.8000000000002,42.5,109.27499999999999,19.25,195.19999999999996,1093.0833333333335,5576.833333333333,-108.16666666666667,-7.983333333333332,1.0,2025-06-13T05:42:20.329080064Z
16855.85714285714,93.14285714285714,73.35714285714286,1015.8571428571429,0.0,0.054285714285714284,23.67142857142857,235.35714285714286,1.0857142857142856,5394.714285714285,-108.71428571428571,-8.371428571428572,1.0,2025-06-13T05:51:59.582164224Z
14804.5,94.33333333333333,69.5,1015.2333333333335,0.0,0.04666666666666667,24.71666666666667,266.73333333333335,0.5166666666666666,6392.5,-108.66666666666667,-9.433333333333332,1.0,2025-06-13T06:02:16.262395136Z
16860.571428571428,96.0,66.14285714285714,1015.9999999999999,0.0,0.055714285714285716,25.157142857142862,232.22857142857146,0.7571428571428571,5399.714285714285,-108.28571428571429,-9.414285714285715,1.0,2025-06-13T06:11:51.001390592Z
17762.166666666668,96.0,63.75,1016.3333333333331,0.0,0.06666666666666667,25.916666666666668,176.03333333333333,0.4166666666666667,5586.0,-109.16666666666667,-6.833333333333333,1.0,2025-06-13T06:22:09.580335104Z
15600.0,95.85714285714286,61.57142857142857,1015.7571428571429,0.0,0.051428571428571435,26.499999999999996,169.27142857142857,0.9857142857142857,5753.0,-109.57142857142857,-7.642857142857143,1.0,2025-06-13T06:32:02.406998528Z
17254.4,95.8,61.0,1016.36,0.0,0.08,26.8,193.23999999999998,0.7,6335.6,-108.4,-6.640000000000001,1.0,2025-06-13T06:41:39.627184640Z
17768.166666666668,97.66666666666667,60.25,1016.6166666666667,0.0,0.09000000000000001,26.983333333333334,171.51666666666665,0.9666666666666665,5593.0,-107.5,-9.35,1.0,2025-06-13T06:52:09.563403520Z
15606.857142857143,97.85714285714286,58.857142857142854,1015.9571428571428,0.0,0.060000000000000005,27.571428571428573,84.11428571428571,1.0142857142857142,5761.142857142857,-109.28571428571429,-8.471428571428572,1.0,2025-06-13T07:02:02.698413568Z
16297.666666666666,99.5,58.083333333333336,1016.2166666666667,0.0,0.07166666666666667,27.666666666666668,142.3,1.3666666666666665,6005.166666666667,-109.16666666666667,-8.033333333333333,1.0,2025-06-13T07:11:42.891986176Z
17774.5,100.0,56.916666666666664,1016.7666666666665,0.0,0.09666666666666668,27.816666666666666,205.4333333333333,1.3333333333333333,5600.166666666667,-109.16666666666667,-7.033333333333334,1.0,2025-06-13T07:22:39.556841472Z
15614.285714285714,100.0,55.357142857142854,1016.1714285714286,0.0,0.06142857142857144,28.357142857142858,196.97142857142856,0.9285714285714287,5769.285714285715,-109.85714285714286,-11.614285714285714,1.0,2025-06-13T07:32:02.404154624Z
17778.833333333332,100.0,55.333333333333336,1016.9,0.0,0.09666666666666668,28.716666666666665,195.30000000000004,1.1500000000000001,5604.5,-108.16666666666667,-7.25,1.0,2025-06-13T07:41:19.548940288Z
19038.6,100.0,52.0,1017.24,0.0,0.11600000000000002,29.18,94.4,0.8800000000000001,5862.8,-107.4,-4.5200000000000005,1.0,2025-06-13T07:52:59.575956224Z
17271.2,100.0,47.6,1016.68,0.0,0.08600000000000001,29.8,142.4,1.0399999999999998,6355.4,-108.4,-6.640000000000001,1.0,2025-06-13T08:02:15.598257152Z
17784.166666666668,100.0,48.083333333333336,1016.8833333333333,0.0,0.09666666666666668,29.816666666666666,150.81666666666666,0.9666666666666667,5611.666666666667,-108.33333333333333,-7.866666666666667,1.0,2025-06-13T08:11:49.534652672Z
16887.85714285714,100.0,47.357142857142854,1016.6285714285715,0.0,0.08285714285714287,29.9,186.6,1.0714285714285714,5431.857142857143,-109.28571428571429,-8.642857142857142,1.0,2025-06-13T08:21:59.506866688Z
15627.142857142857,100.0,43.857142857142854,1016.2142857142857,0.0,0.06142857142857144,30.25714285714286,135.57142857142858,1.3142857142857145,5785.571428571428,-109.28571428571429,-9.571428571428571,1.0,2025-06-13T08:32:02.361868288Z
16892.85714285714,100.0,45.714285714285715,1016.7000000000002,0.0,0.08285714285714287,30.342857142857138,180.1142857142857,1.0285714285714287,5436.857142857143,-109.71428571428571,-7.299999999999999,1.0,2025-06-13T08:41:50.930151680Z
16895.285714285714,100.0,45.714285714285715,1016.7142857142857,0.0,0.08285714285714287,30.47142857142857,107.25714285714285,1.5714285714285714,5439.285714285715,-108.42857142857143,-9.299999999999999,1.0,2025-06-13T08:51:59.518688000Z
16322.5,100.0,59.333333333333336,1939.5833333333333,42.5,109.29666666666667,25.433333333333334,63.15,1093.4666666666667,6034.166666666667,-108.5,-7.966666666666666,1.0,2025-06-13T09:02:53.903696640Z
17797.5,100.0,46.0,1017.0500000000001,0.0,0.09666666666666668,30.53333333333333,64.83333333333333,1.55,5625.5,-106.5,-9.616666666666667,1.0,2025-06-13T09:11:19.518619904Z
16901.85714285714,100.0,43.142857142857146,1016.757142857143,0.0,0.08285714285714287,31.028571428571432,73.61428571428571,1.7714285714285716,5446.714285714285,-109.71428571428571,-8.200000000000001,1.0,2025-06-13T09:21:59.511536384Z
15642.285714285714,100.0,39.42857142857143,1016.3285714285714,0.0,0.06142857142857144,31.371428571428567,124.08571428571429,1.7142857142857142,5801.857142857143,-110.42857142857143,-13.157142857142857,1.0,2025-06-13T09:32:02.659431936Z
17804.166666666668,100.0,42.666666666666664,1017.0000000000001,0.0,0.09666666666666668,31.283333333333335,154.66666666666666,1.3166666666666667,5632.5,-108.83333333333333,-6.666666666666667,1.0,2025-06-13T09:41:19.512567808Z
16908.85714285714,100.0,40.42857142857143,1016.7285714285715,0.0,0.08285714285714287,31.642857142857142,136.58571428571426,1.2428571428571427,5454.142857142857,-107.42857142857143,-8.928571428571429,1.0,2025-06-13T09:51:59.795558144Z
16336.666666666666,100.0,38.75,1016.5500000000001,0.0,0.07166666666666667,31.866666666666664,130.35,1.4333333333333333,6049.666666666667,-108.66666666666667,-8.283333333333333,1.0,2025-06-13T10:02:22.852906752Z
16913.428571428572,100.0,40.0,1016.757142857143,0.0,0.08285714285714287,32.17142857142857,151.37142857142857,1.7142857142857142,5459.142857142857,-109.42857142857143,-7.571428571428571,1.0,2025-06-13T10:11:50.916260096Z
17812.833333333332,100.0,40.5,1017.1,0.0,0.09666666666666668,32.11666666666667,175.3333333333333,1.05,5642.166666666667,-108.66666666666667,-6.066666666666666,1.0,2025-06-13T10:22:39.859208960Z
18747.5,100.0,40.0,1017.225,0.0,0.0375,32.425,52.575,1.7750000000000001,6894.5,-106.0,-4.65,1.0,2025-06-13T10:31:19.641214464Z
16919.14285714286,100.0,39.5,1016.5999999999998,0.0,0.04285714285714286,32.34285714285714,132.94285714285712,1.8714285714285714,5466.571428571428,-109.42857142857143,-7.528571428571429,1.0,2025-06-13T10:41:51.196192000Z
16921.571428571428,100.0,39.857142857142854,1016.5,0.0,0.04285714285714286,32.4,158.35714285714286,1.2142857142857142,5469.0,-109.14285714285714,-7.0,1.0,2025-06-13T10:51:59.453306368Z
16349.833333333334,100.0,38.5,1016.2333333333335,0.0,0.024999999999999998,32.75,76.60000000000001,1.7333333333333334,6065.166666666667,-108.33333333333333,-7.966666666666666,1.0,2025-06-13T11:01:53.207648000Z
17822.833333333332,100.0,39.5,1016.65,0.0,0.049999999999999996,32.78333333333334,151.85,2.1999999999999997,5653.833333333333,-108.83333333333333,-6.0,1.0,2025-06-13T11:12:19.493693184Z
17824.833333333332,100.0,38.833333333333336,1016.6166666666667,0.0,0.049999999999999996,32.86666666666667,171.66666666666666,1.2166666666666666,5656.0,-109.16666666666667,-6.516666666666666,1.0,2025-06-13T11:22:09.480127232Z
15669.714285714286,100.0,39.07142857142857,1015.8857142857144,0.0,0.02142857142857143,33.114285714285714,96.15714285714286,1.8857142857142857,5834.428571428572,-109.42857142857143,-10.5,1.0,2025-06-13T11:32:02.349891328Z
16359.0,100.0,37.75,1015.9666666666666,0.0,0.024999999999999998,33.199999999999996,132.86666666666665,0.9,6075.666666666667,-108.16666666666667,-7.733333333333334,1.0,2025-06-13T11:41:42.847356160Z
17831.166666666668,100.0,38.916666666666664,1016.4166666666666,0.0,0.049999999999999996,33.333333333333336,176.33333333333334,1.75,5662.833333333333,-109.0,-6.266666666666667,1.0,2025-06-13T11:51:39.471944960Z
15677.142857142857,100.0,38.785714285714285,1015.6142857142856,0.0,0.02142857142857143,33.300000000000004,161.82857142857145,1.1285714285714286,5842.571428571428,-109.57142857142857,-8.842857142857143,1.0,2025-06-13T12:02:02.336591360Z
16939.428571428572,100.0,37.785714285714285,1016.0142857142857,0.0,0.04285714285714286,33.542857142857144,185.1285714285714,1.6571428571428573,5488.857142857143,-108.28571428571429,-9.742857142857144,1.0,2025-06-13T12:11:50.889322752Z
16941.85714285714,100.0,38.0,1015.9142857142857,0.0,0.04285714285714286,33.44285714285714,153.8857142857143,2.2714285714285714,5491.285714285715,-109.28571428571429,-8.457142857142857,1.0,2025-06-13T12:21:59.459518208Z
16371.166666666666,100.0,37.083333333333336,1015.6666666666666,0.0,0.024999999999999998,33.81666666666667,106.03333333333335,1.5666666666666667,6088.833333333333,-108.83333333333333,-7.45,1.0,2025-06-13T12:32:22.839750656Z
16175.333333333334,100.0,37.333333333333336,1015.6333333333333,0.0,0.049999999999999996,33.86666666666667,245.51666666666668,1.633333333333333,4633.5,-109.83333333333333,-10.299999999999999,1.0,2025-06-13T12:41:06.036535040Z
16948.571428571428,100.0,37.92857142857143,1015.7714285714288,0.0,0.04285714285714286,34.042857142857144,189.8714285714286,1.9714285714285715,5498.714285714285,-109.42857142857143,-7.685714285714285,1.0,2025-06-13T12:51:59.458480896Z
15692.57142857143,100.0,36.642857142857146,1015.2714285714285,0.0,0.02142857142857143,33.9,121.01428571428572,2.2142857142857144,5858.857142857143,-110.0,-8.242857142857142,1.0,2025-06-13T13:02:02.340336128Z
21181.0,100.0,37.0,1016.9,0.0,0.049999999999999996,33.9,87.39999999999999,1.8333333333333333,7762.666666666667,-104.66666666666667,0.0,1.0,2025-06-13T13:13:26.376919296Z
16954.428571428572,100.0,38.07142857142857,1015.5857142857141,0.0,0.04285714285714286,34.14285714285714,143.15714285714287,1.7714285714285716,5506.142857142857,-109.14285714285714,-8.942857142857141,1.0,2025-06-13T13:21:59.469413632Z
15698.857142857143,100.0,38.0,1015.142857142857,0.0,0.02142857142857143,33.957142857142856,142.97142857142856,1.5571428571428572,5867.0,-109.28571428571429,-8.1,1.0,2025-06-13T13:32:02.352516608Z
16959.428571428572,100.0,38.357142857142854,1015.6,0.0,0.04285714285714286,34.128571428571426,143.41428571428574,1.5999999999999999,5511.142857142857,-109.28571428571429,-6.957142857142857,1.0,2025-06-13T13:41:50.878160640Z
16961.85714285714,100.0,39.142857142857146,1015.5571428571428,0.0,0.04285714285714286,33.957142857142856,113.72857142857141,2.085714285714286,5513.571428571428,-109.28571428571429,-7.328571428571428,1.0,2025-06-13T13:51:59.459790592Z
17351.6,100.0,40.5,1015.5600000000001,0.0,0.03,33.92,84.66,2.9,6444.0,-109.2,-6.04,1.0,2025-06-13T14:01:39.546163968Z
16966.0,100.0,40.214285714285715,1015.4857142857144,0.0,0.04285714285714286,33.77142857142857,65.68571428571428,1.7571428571428573,5518.571428571428,-109.14285714285714,-7.528571428571429,1.0,2025-06-13T14:11:50.882968832Z
16968.428571428572,100.0,40.857142857142854,1015.4714285714286,0.0,0.04285714285714286,33.84285714285714,63.2,2.4857142857142853,5521.0,-108.71428571428571,-8.385714285714286,1.0,2025-06-13T14:21:59.453947904Z
15714.0,100.0,40.357142857142854,1015.0571428571429,0.0,0.02142857142857143,33.9,59.857142857142854,2.371428571428571,5883.285714285715,-109.42857142857143,-8.785714285714286,1.0,2025-06-13T14:32:02.331886848Z
17867.833333333332,100.0,41.75,1015.8000000000001,0.0,0.051666666666666666,33.56666666666667,124.03333333333335,2.9333333333333336,5702.5,-109.83333333333333,-5.833333333333333,1.0,2025-06-13T14:41:19.460846592Z
16975.428571428572,100.0,41.0,1015.3999999999999,0.0,0.045714285714285714,33.44285714285714,70.12857142857143,3.357142857142857,5528.428571428572,-110.0,-7.214285714285714,1.0,2025-06-13T14:51:59.428777216Z
17365.2,100.0,41.0,1015.4200000000001,0.0,0.034,33.17999999999999,76.53999999999999,3.4199999999999995,6458.8,-107.6,-5.7,1.0,2025-06-13T15:01:39.551218944Z
16979.571428571428,100.0,41.357142857142854,1015.3714285714286,0.0,0.05142857142857143,32.74285714285714,64.85714285714286,3.957142857142857,5533.428571428572,-108.71428571428571,-6.942857142857143,1.0,2025-06-13T15:11:50.850801152Z
16982.0,100.0,41.357142857142854,1015.3428571428573,0.0,0.05142857142857143,32.72857142857143,61.32857142857142,3.7428571428571433,5535.857142857143,-109.28571428571429,-7.628571428571429,1.0,2025-06-13T15:21:59.446360576Z
17371.8,100.0,41.6,1015.3399999999999,0.0,0.036,32.559999999999995,146.96,3.6799999999999997,6466.0,-107.8,-6.659999999999999,1.0,2025-06-13T15:31:03.539209216Z
17373.6,100.0,42.5,1015.28,0.0,0.038,32.46,91.5,2.6399999999999997,6469.2,-108.4,-6.9,1.0,2025-06-13T15:43:27.517344512Z
16987.85714285714,100.0,42.42857142857143,1015.1428571428571,0.0,0.054285714285714284,32.25714285714285,79.94285714285715,2.8000000000000003,5543.285714285715,-109.85714285714286,-7.057142857142857,1.0,2025-06-13T15:51:59.443530240Z
15734.857142857143,100.0,42.214285714285715,1014.6285714285714,0.0,0.027142857142857142,31.97142857142857,83.14285714285714,3.757142857142857,5907.714285714285,-109.85714285714286,-8.428571428571429,1.0,2025-06-13T16:02:02.297359104Z
16992.85714285714,100.0,42.714285714285715,1014.9857142857143,0.0,0.054285714285714284,31.87142857142857,68.78571428571429,3.5571428571428574,5548.285714285715,-107.57142857142857,-8.071428571428571,1.0,2025-06-13T16:11:50.842499072Z
16995.285714285714,100.0,42.785714285714285,1015.0285714285714,0.0,0.06,31.814285714285713,68.18571428571428,2.9285714285714293,5550.714285714285,-108.57142857142857,-7.571428571428571,1.0,2025-06-13T16:21:59.393740032Z
15743.0,100.0,43.214285714285715,1014.6,0.0,0.03,31.614285714285717,87.27142857142859,3.0857142857142854,5915.857142857143,-108.71428571428571,-9.428571428571429,1.0,2025-06-13T16:32:02.599217152Z
17893.5,100.0,43.916666666666664,1015.3666666666667,0.0,0.06999999999999999,31.45,75.14999999999999,2.9166666666666665,5730.833333333333,-108.33333333333333,-7.5,1.0,2025-06-13T16:42:19.424381184Z
19146.2,100.0,43.7,1015.8,0.0,0.088,31.320000000000004,57.260000000000005,2.62,5978.0,-107.8,-5.64,1.0,2025-06-13T16:52:59.445389824Z
16433.5,100.0,44.916666666666664,1014.9333333333334,0.0,0.03666666666666667,30.983333333333338,89.16666666666667,2.35,6159.0,-108.33333333333333,-7.416666666666667,1.0,2025-06-13T17:01:22.794434304Z
17006.0,100.0,46.214285714285715,1015.2428571428572,0.0,0.06285714285714286,30.657142857142862,77.54285714285713,2.2857142857142856,5563.142857142857,-108.57142857142857,-7.542857142857143,1.0,2025-06-13T17:11:50.813358848Z
17008.428571428572,100.0,46.5,1015.2714285714286,0.0,0.06571428571428571,30.342857142857145,80.0142857142857,2.314285714285714,5565.571428571428,-110.0,-7.357142857142857,1.0,2025-06-13T17:21:59.387222528Z
17398.4,100.0,46.6,1015.4,0.0,0.048,30.04,89.56,2.36,6495.8,-108.0,-7.24,1.0,2025-06-13T17:31:39.497821696Z
17012.571428571428,100.0,48.214285714285715,1015.3428571428573,0.0,0.06857142857142857,29.685714285714283,78.4,1.8142857142857143,5570.571428571428,-109.42857142857143,-7.6571428571428575,1.0,2025-06-13T17:41:50.789722112Z
17015.0,100.0,48.42857142857143,1015.3285714285715,0.0,0.06857142857142857,29.314285714285717,130.54285714285714,1.7,5573.0,-109.14285714285714,-7.442857142857142,1.0,2025-06-13T17:51:59.374827520Z
16447.666666666668,100.0,49.75,1015.0833333333335,0.0,0.045000000000000005,28.933333333333337,94.98333333333333,1.6500000000000001,6174.666666666667,-107.83333333333333,-8.583333333333334,1.0,2025-06-13T18:01:22.762024704Z
19162.0,100.0,52.0,1016.0,0.0,0.10800000000000001,28.339999999999996,74.12,1.42,5994.8,-106.2,-5.4,1.0,2025-06-13T18:11:47.419590144Z
17021.14285714286,100.0,53.642857142857146,1015.3571428571429,0.0,0.07714285714285715,27.85714285714286,80.71428571428571,1.3,5580.428571428572,-108.71428571428571,-8.442857142857143,1.0,2025-06-13T18:21:59.353817344Z
17411.2,100.0,55.8,1015.5,0.0,0.054000000000000006,27.18,147.34,0.9400000000000001,6510.8,-106.4,-6.4799999999999995,1.0,2025-06-13T18:32:15.452694016Z
17025.285714285714,100.0,58.07142857142857,1015.5142857142857,0.0,0.07714285714285715,26.557142857142853,80.51428571428572,1.1,5585.428571428572,-109.71428571428571,-7.785714285714286,1.0,2025-06-13T18:41:50.771346944Z
16258.0,100.0,60.583333333333336,1015.5,0.0,0.045000000000000005,25.933333333333337,74.7,1.3166666666666667,4728.166666666667,-111.16666666666667,-9.9,1.0,2025-06-13T18:52:05.892804864Z
17417.4,100.0,61.9,1015.82,0.0,0.004,25.6,83.42000000000002,1.06,6518.4,-107.8,-6.840000000000001,1.0,2025-06-13T19:02:51.442223616Z
17031.571428571428,100.0,63.642857142857146,1015.8857142857144,0.0,0.011428571428571429,25.12857142857143,61.957142857142856,1.0285714285714285,5592.857142857143,-108.57142857142857,-7.328571428571428,1.0,2025-06-13T19:11:50.745873664Z
17034.0,100.0,65.0,1016.0,0.0,0.017142857142857144,24.71428571428572,57.357142857142854,1.2285714285714284,5595.285714285715,-109.14285714285714,-7.442857142857142,1.0,2025-06-13T19:21:59.319039488Z
16467.333333333332,100.0,66.08333333333333,1015.8333333333334,0.0,0.02,24.400000000000002,71.63333333333334,1.1666666666666667,6198.333333333333,-108.0,-8.799999999999999,1.0,2025-06-13T19:31:52.722914048Z
17038.571428571428,100.0,67.64285714285714,1016.1857142857143,0.0,0.017142857142857144,24.12857142857143,160.95714285714286,1.1,5600.285714285715,-108.85714285714286,-8.085714285714285,1.0,2025-06-13T19:41:50.722941696Z
17932.833333333332,100.0,68.16666666666667,1016.65,0.0,0.02,23.983333333333334,164.11666666666667,1.2666666666666666,5774.833333333333,-108.66666666666667,-6.266666666666666,1.0,2025-06-13T19:51:39.310496512Z
15791.142857142857,100.0,70.0,1016.0142857142857,0.0,0.017142857142857144,23.5,66.51428571428572,1.0000000000000002,5972.857142857143,-111.14285714285714,-11.571428571428571,1.0,2025-06-13T20:02:02.207556096Z
17045.571428571428,100.0,69.78571428571429,1016.5857142857141,0.0,0.018571428571428572,23.47142857142857,112.37142857142855,1.0857142857142856,5607.714285714285,-108.71428571428571,-7.971428571428571,1.0,2025-06-13T20:11:50.710358272Z
16479.5,100.0,71.16666666666667,1016.3666666666667,0.0,0.023333333333333334,23.366666666666664,147.43333333333334,0.75,6211.333333333333,-108.83333333333333,-8.200000000000001,1.0,2025-06-13T20:21:32.682631168Z
15799.142857142857,100.0,71.78571428571429,1016.2428571428572,0.0,0.02,23.171428571428574,92.42857142857143,0.7428571428571429,5981.0,-109.42857142857143,-7.971428571428571,1.0,2025-06-13T20:32:02.179757568Z
17943.833333333332,100.0,71.75,1016.9666666666668,0.0,0.023333333333333334,23.11666666666667,64.1,0.7999999999999999,5786.666666666667,-108.5,-7.116666666666667,1.0,2025-06-13T20:41:49.277389568Z
17945.833333333332,100.0,72.5,1016.9166666666666,0.0,0.023333333333333334,22.733333333333334,160.9,0.7999999999999999,5789.166666666667,-108.16666666666667,-7.333333333333333,1.0,2025-06-13T20:52:39.265481984Z
18878.25,100.0,73.0,1017.15,0.0,0.035,22.625,222.35,0.7250000000000001,7036.25,-105.75,-4.225,1.0,2025-06-13T21:01:19.418108160Z
17058.0,100.0,76.28571428571429,1016.7,0.0,0.02,22.057142857142857,139.5,0.5142857142857143,5622.571428571428,-108.85714285714286,-9.414285714285715,1.0,2025-06-13T21:11:50.667695360Z
19199.2,100.0,75.4,1017.3399999999999,0.0,0.028000000000000004,21.839999999999996,136.45999999999998,0.78,6035.2,-107.2,-4.74,1.0,2025-06-13T21:21:47.271260672Z
18355.333333333332,100.0,78.16666666666667,1017.0333333333334,0.0,0.04666666666666667,21.566666666666666,226.6,0.5333333333333333,8720.0,-105.33333333333333,-3.4666666666666663,1.0,2025-06-13T21:33:32.979473664Z
17954.166666666668,100.0,78.08333333333333,1017.0000000000001,0.0,0.023333333333333334,21.433333333333334,139.51666666666668,0.5499999999999999,5800.666666666667,-106.83333333333333,-9.65,1.0,2025-06-13T21:41:49.245767680Z
17453.0,100.0,79.6,1016.8,0.0,0.028000000000000004,20.9,171.04,0.66,6559.8,-104.8,-8.6,1.0,2025-06-13T21:51:03.331148544Z
17957.333333333332,100.0,80.83333333333333,1016.9333333333333,0.0,0.023333333333333334,20.766666666666666,152.06666666666666,0.8333333333333334,5805.0,-108.66666666666667,-6.3,1.0,2025-06-13T22:00:39.245114112Z
17958.833333333332,100.0,81.0,1016.8166666666666,0.0,0.023333333333333334,20.75,129.04999999999998,0.7333333333333334,5807.666666666667,-108.16666666666667,-7.583333333333333,1.0,2025-06-13T22:11:49.214485760Z
17215.8,99.6,81.0,1016.5800000000002,0.0,0.014000000000000002,20.68,110.71999999999998,0.76,4814.6,-109.2,-9.48,1.0,2025-06-13T22:22:55.085518592Z
16503.666666666668,98.66666666666667,80.66666666666667,1016.2166666666666,0.0,0.023333333333333334,20.53333333333333,204.5666666666667,0.7333333333333333,6245.333333333333,-107.66666666666667,-6.833333333333333,1.0,2025-06-13T22:31:52.615514880Z
16506.0,98.66666666666667,81.33333333333333,1016.1500000000001,0.0,0.023333333333333334,20.25,197.4,0.5833333333333334,6248.0,-108.66666666666667,-6.916666666666667,1.0,2025-06-13T22:41:42.593762304Z
17075.714285714286,98.57142857142857,82.78571428571429,1016.3285714285714,0.0,0.02,20.071428571428573,254.34285714285716,0.8,5647.285714285715,-107.71428571428571,-8.2,1.0,2025-06-13T22:51:59.173187584Z
15828.57142857143,98.28571428571429,83.71428571428571,1015.8857142857142,0.0,0.02,19.685714285714287,226.79999999999998,0.6571428571428573,6021.714285714285,-109.28571428571429,-9.428571428571429,1.0,2025-06-13T23:02:02.089757440Z
16513.666666666668,98.33333333333333,84.58333333333333,1016.0833333333334,0.0,0.023333333333333334,19.566666666666666,206.91666666666666,0.8833333333333333,6256.0,-107.0,-6.8,1.0,2025-06-13T23:12:42.952426240Z
17973.166666666668,98.16666666666667,84.25,1016.5333333333333,0.0,0.023333333333333334,19.766666666666666,94.56666666666668,0.9833333333333334,5824.0,-108.16666666666667,-7.2,1.0,2025-06-13T23:22:09.176782848Z
16518.0,97.5,84.41666666666667,1016.1166666666667,0.0,0.025000000000000005,19.599999999999998,180.45000000000002,0.8166666666666668,6261.333333333333,-108.0,-8.1,1.0,2025-06-13T23:32:52.569246464Z
17087.0,97.57142857142857,86.07142857142857,1016.342857142857,0.0,0.022857142857142857,19.385714285714283,70.3142857142857,0.7285714285714285,5659.714285714285,-109.0,-8.6,1.0,2025-06-13T23:41:50.563133440Z
17979.5,97.66666666666667,87.25,1016.6333333333333,0.0,0.02666666666666667,19.183333333333334,130.23333333333335,0.39999999999999997,5830.833333333333,-107.33333333333333,-6.933333333333334,1.0,2025-06-13T23:51:39.138488320Z
15843.0,97.28571428571429,89.28571428571429,1016.0142857142857,0.0,0.022857142857142857,18.75714285714286,104.12857142857142,0.5285714285714286,6038.0,-108.57142857142857,-9.614285714285714,1.0,2025-06-14T00:02:02.053810944Z
17094.0,97.28571428571429,88.64285714285714,1016.5,0.0,0.022857142857142857,18.78571428571428,205.68571428571428,0.37142857142857144,5667.142857142857,-109.0,-7.757142857142857,1.0,2025-06-14T00:11:50.544845568Z
17096.428571428572,97.0,89.35714285714286,1016.4714285714286,0.0,0.022857142857142857,18.74285714285714,137.22857142857143,0.3428571428571429,5669.571428571428,-109.0,-7.785714285714286,1.0,2025-06-14T00:21:59.107393280Z
16532.666666666668,96.0,88.33333333333333,1016.25,0.0,0.02666666666666667,18.6,172.01666666666668,0.5333333333333333,6276.666666666667,-107.33333333333333,-7.400000000000001,1.0,2025-06-14T00:31:52.534541056Z
17246.0,96.0,87.3,1016.5799999999999,0.0,0.016,18.68,119.06000000000002,0.74,4848.0,-110.0,-7.840000000000001,1.0,2025-06-14T00:41:54.970633728Z
17102.714285714286,95.85714285714286,88.64285714285714,1016.5,0.0,0.022857142857142857,18.542857142857144,161.72857142857143,0.7000000000000001,5677.0,-108.28571428571429,-7.7714285714285705,1.0,2025-06-14T00:51:59.084021248Z
13757.8,95.2,88.9,1015.46,0.0,0.016,17.98,176.68,0.18,5902.0,-109.6,-9.459999999999999,1.0,2025-06-14T01:01:27.608177664Z
17495.2,95.4,88.9,1016.5200000000001,0.0,0.032,18.259999999999998,144.56,0.4,6609.4,-108.4,-7.640000000000001,1.0,2025-06-14T01:12:15.207929856Z
17997.833333333332,95.33333333333333,90.5,1016.8166666666666,0.0,0.02666666666666667,18.166666666666668,141.11666666666667,0.39999999999999997,5851.833333333333,-108.66666666666667,-7.55,1.0,2025-06-14T01:21:39.072371456Z
15864.285714285714,94.71428571428571,89.57142857142857,1016.1142857142856,0.0,0.022857142857142857,17.87142857142857,190.94285714285712,0.6428571428571429,6062.428571428572,-109.57142857142857,-8.171428571428573,1.0,2025-06-14T01:32:01.994526464Z
17501.6,94.6,91.3,1016.5600000000001,0.0,0.033999999999999996,17.8,102.97999999999999,0.4600000000000001,6617.0,-107.0,-5.7,1.0,2025-06-14T01:42:51.619558912Z
17503.4,94.6,91.2,1016.54,0.0,0.033999999999999996,17.78,173.61999999999998,0.26,6619.2,-107.6,-6.0,1.0,2025-06-14T01:51:39.179038208Z
16551.833333333332,94.5,90.91666666666667,1016.3000000000001,0.0,0.028333333333333332,17.73333333333333,173.5333333333333,0.4166666666666667,6300.333333333333,-109.0,-9.066666666666666,1.0,2025-06-14T02:02:22.487441152Z
16554.166666666668,94.33333333333333,91.16666666666667,1016.4166666666666,0.0,0.028333333333333332,17.6,278.56666666666666,0.6333333333333333,6303.0,-108.33333333333333,-7.650000000000001,1.0,2025-06-14T02:12:42.467556352Z
17121.14285714286,94.28571428571429,92.64285714285714,1016.6714285714287,0.0,0.025714285714285714,17.37142857142857,251.97142857142856,0.24285714285714285,5699.285714285715,-107.42857142857143,-8.285714285714286,1.0,2025-06-14T02:21:59.346931200Z
15878.42857142857,93.71428571428571,93.0,1016.1999999999999,0.0,0.028571428571428574,17.2,98.08571428571427,0.6571428571428571,6078.714285714285,-108.28571428571429,-8.5,1.0,2025-06-14T02:32:02.274986752Z
17126.14285714286,93.57142857142857,92.85714285714286,1016.642857142857,0.0,0.037142857142857144,17.2,148.94285714285715,0.6857142857142857,5704.285714285715,-110.14285714285714,-7.471428571428571,1.0,2025-06-14T02:41:50.447919360Z
17128.571428571428,93.57142857142857,93.35714285714286,1016.7285714285715,0.0,0.04,17.042857142857144,208.8857142857143,0.6285714285714284,5706.714285714285,-108.42857142857143,-8.928571428571429,1.0,2025-06-14T02:51:59.008730624Z
15886.57142857143,93.42857142857143,93.35714285714286,1016.4571428571428,0.0,0.038571428571428576,16.785714285714285,186.74285714285716,0.6714285714285715,6086.857142857143,-109.57142857142857,-7.771428571428571,1.0,2025-06-14T03:02:01.940650240Z
17133.571428571428,93.42857142857143,94.0,1016.9,0.0,0.04,16.9,154.95714285714286,0.5714285714285714,5711.714285714285,-108.28571428571429,-7.314285714285715,1.0,2025-06-14T03:11:50.428138752Z
17524.4,93.4,94.3,1017.0400000000002,0.0,0.05600000000000001,16.78,190.7,0.5599999999999999,6641.4,-108.8,-6.6,1.0,2025-06-14T03:22:15.119622912Z
15785.0,92.6,94.5,1016.5200000000001,0.0,0.052000000000000005,16.66,227.7,0.36,7173.8,-107.0,-10.559999999999999,1.0,2025-06-14T03:32:43.232220672Z
17139.571428571428,92.14285714285714,93.5,1017.0571428571429,0.0,0.045714285714285714,16.7,215.9857142857143,0.4,5719.142857142857,-111.28571428571429,-13.014285714285714,1.0,2025-06-14T03:41:50.415721216Z
17142.0,91.85714285714286,93.35714285714286,1017.0571428571428,0.0,0.045714285714285714,16.72857142857143,185.6142857142857,0.42857142857142855,5721.571428571428,-109.42857142857143,-8.514285714285714,1.0,2025-06-14T03:51:58.969406976Z
14926.5,91.5,92.41666666666667,1016.4333333333334,0.0,0.02666666666666667,16.883333333333333,151.9333333333333,0.3833333333333333,5311.0,-111.16666666666667,-11.766666666666666,1.0,2025-06-14T04:02:08.961150720Z
18442.333333333332,91.66666666666667,95.0,1017.4,0.0,0.08666666666666667,17.266666666666666,176.96666666666667,0.3666666666666667,8817.666666666666,-103.66666666666667,-7.466666666666668,1.0,2025-06-14T04:13:12.744058880Z
18034.5,91.66666666666667,91.83333333333333,1017.4000000000001,0.0,0.05833333333333334,17.96666666666667,215.63333333333333,0.21666666666666667,5894.0,-109.5,-7.7,1.0,2025-06-14T04:22:08.964218880Z
16586.833333333332,91.5,90.5,1016.9166666666666,0.0,0.05833333333333333,18.4,174.58333333333334,0.5833333333333334,6339.666666666667,-108.33333333333333,-7.333333333333333,1.0,2025-06-14T04:32:52.389849344Z
17540.6,91.6,89.5,1017.14,0.0,0.072,19.14,196.4,0.7,6661.2,-108.2,-6.540000000000001,1.0,2025-06-14T04:42:15.083446784Z
17296.2,91.6,86.8,1017.14,0.0,0.048,19.92,259.52,0.58,4907.8,-110.6,-8.6,1.0,2025-06-14T04:51:18.799340032Z
16592.666666666668,91.5,84.16666666666667,1016.8499999999999,0.0,0.06,20.533333333333335,211.93333333333337,0.5833333333333334,6347.333333333333,-108.0,-7.7,1.0,2025-06-14T05:02:22.368965632Z
17157.428571428572,91.57142857142857,81.28571428571429,1016.9857142857143,0.0,0.05714285714285715,21.24285714285714,162.22857142857143,0.6428571428571429,5741.428571428572,-107.85714285714286,-7.985714285714286,1.0,2025-06-14T05:11:50.346668800Z
17159.85714285714,91.85714285714286,78.92857142857143,1016.9428571428571,0.0,0.05714285714285715,21.900000000000002,133.38571428571427,0.5285714285714286,5743.857142857143,-109.28571428571429,-7.185714285714285,1.0,2025-06-14T05:21:59.533308160Z
16600.0,92.5,76.25,1016.6333333333332,0.0,0.06,22.71666666666667,145.26666666666668,0.65,6355.333333333333,-108.5,-8.333333333333334,1.0,2025-06-14T05:32:52.357729536Z
16602.333333333332,92.83333333333333,74.16666666666667,1016.5666666666666,0.0,0.06,23.333333333333332,140.33333333333334,0.5666666666666667,6357.833333333333,-108.16666666666667,-9.866666666666667,1.0,2025-06-14T05:42:42.349514752Z
17166.571428571428,93.57142857142857,73.85714285714286,1016.7571428571429,0.0,0.05714285714285715,23.857142857142858,109.54285714285713,0.7857142857142857,5751.285714285715,-108.71428571428571,-7.671428571428572,1.0,2025-06-14T05:51:58.893213952Z
16607.166666666668,93.5,70.83333333333333,1016.5666666666667,0.0,0.06166666666666667,24.516666666666666,195.9,0.8166666666666668,6362.833333333333,-108.33333333333333,-9.766666666666666,1.0,2025-06-14T06:01:52.341529856Z
18056.833333333332,93.66666666666667,68.5,1017.0666666666666,0.0,0.07,24.816666666666666,131.53333333333333,0.9,5919.666666666667,-104.0,-12.466666666666667,1.0,2025-06-14T06:11:48.884055808Z
19299.0,94.8,68.8,1017.4,0.0,0.084,25.259999999999998,89.11999999999999,0.7,6150.4,-107.4,-5.26,1.0,2025-06-14T06:21:46.884919296Z
15934.142857142857,95.14285714285714,63.0,1016.3000000000001,0.0,0.05285714285714286,26.014285714285712,219.20000000000002,0.8571428571428573,6143.857142857143,-107.71428571428571,-9.928571428571429,1.0,2025-06-14T06:32:01.825337600Z
16615.833333333332,97.83333333333333,62.083333333333336,1016.5166666666668,0.0,0.06166666666666667,26.483333333333334,188.28333333333333,0.6166666666666667,6373.5,-107.66666666666667,-8.666666666666666,1.0,2025-06-14T06:42:42.310416128Z
18064.833333333332,99.66666666666667,60.666666666666664,1016.9333333333334,0.0,0.07166666666666667,26.95,141.85,1.2000000000000002,5929.166666666667,-108.33333333333333,-9.083333333333334,1.0,2025-06-14T06:52:38.867801344Z
15941.57142857143,99.85714285714286,57.857142857142854,1016.1285714285714,0.0,0.055714285714285716,27.64285714285714,90.12857142857142,0.9285714285714286,6152.0,-109.42857142857143,-8.657142857142857,1.0,2025-06-14T07:02:01.821270016Z
17184.0,99.71428571428571,57.142857142857146,1016.5142857142855,0.0,0.06857142857142857,27.82857142857143,103.32857142857144,0.914285714285714,5771.142857142857,-109.57142857142857,-7.028571428571429,1.0,2025-06-14T07:11:50.275424256Z
18071.5,99.83333333333333,54.916666666666664,1016.7666666666665,0.0,0.08,28.13333333333333,84.01666666666667,1.5666666666666664,5936.0,-108.0,-7.416666666666667,1.0,2025-06-14T07:22:08.853343232Z
15949.142857142857,100.0,51.92857142857143,1016.0857142857142,0.0,0.05857142857142857,28.6,130.21428571428572,1.1142857142857143,6160.142857142857,-109.42857142857143,-11.299999999999999,1.0,2025-06-14T07:32:01.802863872Z
17191.0,100.0,51.714285714285715,1016.4571428571428,0.0,0.07857142857142858,28.971428571428568,103.35714285714286,0.7999999999999999,5778.571428571428,-109.28571428571429,-8.2,1.0,2025-06-14T07:41:50.275072256Z
15848.2,100.0,50.4,1015.8399999999999,0.0,0.064,29.560000000000002,91.94,0.96,7246.4,-108.2,-8.379999999999999,1.0,2025-06-14T07:52:07.137390080Z
16635.0,100.0,49.666666666666664,1016.1166666666667,0.0,0.07666666666666667,29.8,95.38333333333334,1.2,6394.0,-108.83333333333333,-7.466666666666666,1.0,2025-06-14T08:01:22.282422272Z
18081.833333333332,100.0,48.083333333333336,1016.5166666666668,0.0,0.11333333333333334,29.98333333333333,122.33333333333333,0.8500000000000001,5947.666666666667,-108.5,-7.616666666666667,1.0,2025-06-14T08:11:48.831457280Z
16639.333333333332,100.0,45.833333333333336,1016.0333333333334,0.0,0.085,30.416666666666668,128.21666666666667,1.4500000000000002,6399.333333333333,-108.33333333333333,-8.816666666666666,1.0,2025-06-14T08:21:32.273428480Z
15963.857142857143,100.0,45.357142857142854,1015.8142857142858,0.0,0.07714285714285715,30.571428571428566,133.18571428571428,1.4,6176.428571428572,-109.71428571428571,-8.414285714285715,1.0,2025-06-14T08:32:01.793409536Z
16644.5,100.0,43.25,1015.9833333333335,0.0,0.09000000000000001,30.933333333333334,88.26666666666667,1.3166666666666667,6404.666666666667,-107.66666666666667,-10.833333333333334,1.0,2025-06-14T08:41:42.274278656Z
17206.285714285714,100.0,42.357142857142854,1016.2285714285716,0.0,0.10857142857142857,31.071428571428573,162.52857142857144,0.8999999999999998,5795.857142857143,-108.71428571428571,-9.328571428571431,1.0,2025-06-14T08:51:58.813982464Z
16649.333333333332,100.0,42.25,1016.0,0.0,0.09000000000000001,31.616666666666664,108.28333333333335,1.3333333333333333,6410.166666666667,-106.33333333333333,-10.25,1.0,2025-06-14T09:02:52.264169728Z
18094.5,100.0,40.916666666666664,1016.4166666666669,0.0,0.12666666666666668,31.433333333333337,87.05000000000001,1.2833333333333332,5961.5,-107.66666666666667,-7.516666666666667,1.0,2025-06-14T09:11:18.816331520Z
19333.8,100.0,40.0,1016.72,0.0,0.152,31.82,136.24,0.74,6189.2,-107.2,-6.540000000000001,1.0,2025-06-14T09:22:58.796000768Z
15977.714285714286,100.0,38.0,1015.642857142857,0.0,0.07714285714285715,32.24285714285715,108.34285714285714,1.0142857142857142,6192.714285714285,-108.42857142857143,-11.128571428571428,1.0,2025-06-14T09:32:01.795115008Z
15875.6,100.0,37.5,1015.4399999999999,0.0,0.064,32.72,181.6,0.9,7277.4,-106.8,-8.5,1.0,2025-06-14T09:42:43.109709824Z
17218.85714285714,100.0,37.214285714285715,1015.9142857142857,0.0,0.10857142857142857,32.628571428571426,191.27142857142854,1.3,5810.714285714285,-108.0,-7.585714285714286,1.0,2025-06-14T09:51:58.807509504Z
15985.57142857143,100.0,37.285714285714285,1015.4,0.0,0.07714285714285715,32.885714285714286,94.52857142857144,0.857142857142857,6200.857142857143,-109.71428571428571,-8.485714285714286,1.0,2025-06-14T10:02:01.777017344Z
17363.6,100.0,37.2,1015.86,0.0,0.122,33.02,104.88,1.6800000000000002,4984.6,-109.4,-9.940000000000001,1.0,2025-06-14T10:10:54.644912640Z
16667.166666666668,100.0,35.666666666666664,1015.4333333333334,0.0,0.09166666666666667,33.2,118.46666666666668,1.0666666666666667,6430.666666666667,-108.5,-7.95,1.0,2025-06-14T10:21:32.267984896Z
16669.5,100.0,35.916666666666664,1015.3666666666667,0.0,0.03833333333333334,33.53333333333334,175.3166666666667,1.0333333333333334,6433.666666666667,-107.5,-8.633333333333333,1.0,2025-06-14T10:32:52.279836416Z
17229.85714285714,100.0,35.92857142857143,1015.4999999999999,0.0,0.06571428571428571,33.400000000000006,159.87142857142857,1.1142857142857143,5823.142857142857,-106.42857142857143,-9.985714285714286,1.0,2025-06-14T10:41:50.246892032Z
17232.285714285714,100.0,37.142857142857146,1015.4285714285713,0.0,0.06571428571428571,33.471428571428575,171.45714285714286,1.3142857142857145,5825.571428571428,-108.14285714285714,-8.671428571428573,1.0,2025-06-14T10:51:58.808843776Z
16000.285714285714,100.0,38.0,1014.8857142857144,0.0,0.032857142857142856,33.62857142857143,122.0142857142857,1.4000000000000001,6217.142857142857,-108.0,-9.428571428571429,1.0,2025-06-14T11:02:01.775615232Z
17237.285714285714,100.0,35.92857142857143,1015.1999999999999,0.0,0.06571428571428571,33.89999999999999,153.1714285714286,1.3285714285714285,5830.571428571428,-108.71428571428571,-7.828571428571428,1.0,2025-06-14T11:11:50.229313536Z
17239.714285714286,100.0,36.642857142857146,1015.1,0.0,0.06571428571428571,34.142857142857146,134.91428571428568,1.1285714285714286,5833.0,-108.28571428571429,-8.857142857142858,1.0,2025-06-14T11:21:58.803394560Z
17631.6,100.0,35.9,1015.0799999999999,0.0,0.046,34.26,140.56,1.64,6762.4,-107.2,-7.58,1.0,2025-06-14T11:32:14.961963776Z
17243.85714285714,100.0,36.0,1014.9285714285716,0.0,0.06571428571428571,34.128571428571426,150.52857142857144,1.1571428571428573,5838.0,-109.0,-7.742857142857143,1.0,2025-06-14T11:41:50.243141120Z
17635.8,100.0,35.8,1014.9399999999999,0.0,0.046,34.54,222.26,1.16,6767.2,-107.2,-6.220000000000001,1.0,2025-06-14T11:51:38.947610112Z
16014.714285714286,100.0,36.07142857142857,1014.3999999999999,0.0,0.032857142857142856,34.95714285714286,223.64285714285714,1.5,6233.428571428572,-109.71428571428571,-8.157142857142857,1.0,2025-06-14T12:02:01.773249280Z
18132.166666666668,100.0,34.75,1015.0,0.0,0.07666666666666667,34.96666666666667,273.6166666666666,1.5000000000000002,6003.666666666667,-107.66666666666667,-7.966666666666666,1.0,2025-06-14T12:11:48.811521280Z
17252.571428571428,100.0,35.357142857142854,1014.6,0.0,0.06571428571428571,35.128571428571426,124.11428571428571,1.1428571428571428,5847.857142857143,-108.28571428571429,-8.871428571428572,1.0,2025-06-14T12:21:58.807559424Z
16698.166666666668,100.0,35.75,1014.25,0.0,0.03833333333333334,35.21666666666667,169.0333333333333,1.3499999999999996,6464.833333333333,-108.66666666666667,-6.616666666666667,1.0,2025-06-14T12:32:22.276120320Z
19372.6,100.0,34.5,1015.1,0.0,0.092,35.239999999999995,201.24,2.06,6231.4,-108.0,-4.4399999999999995,1.0,2025-06-14T12:41:10.807000320Z
17258.714285714286,100.0,34.57142857142857,1014.3142857142858,0.0,0.06571428571428571,35.31428571428571,250.22857142857143,1.9571428571428575,5855.285714285715,-109.14285714285714,-8.114285714285714,1.0,2025-06-14T12:51:58.816190720Z
16704.5,100.0,35.166666666666664,1013.9499999999999,0.0,0.03833333333333334,35.56666666666666,275.3833333333333,1.7833333333333334,6472.833333333333,-109.0,-6.533333333333334,1.0,2025-06-14T13:02:52.714618880Z
17263.285714285714,100.0,35.0,1014.0714285714286,0.0,0.06571428571428571,35.45714285714286,175.91428571428574,2.0142857142857142,5860.285714285715,-107.71428571428571,-7.457142857142857,1.0,2025-06-14T13:11:50.230130944Z
17265.714285714286,100.0,35.214285714285715,1013.9571428571428,0.0,0.06571428571428571,35.47142857142857,177.04285714285714,1.5,5862.714285714285,-109.14285714285714,-8.6,1.0,2025-06-14T13:21:58.809032448Z
16036.285714285714,100.0,36.0,1013.3714285714286,0.0,0.032857142857142856,35.728571428571435,177.94285714285715,1.2142857142857142,6257.857142857143,-108.28571428571429,-8.685714285714285,1.0,2025-06-14T13:32:01.785156096Z
19384.8,100.0,34.2,1014.3800000000001,0.0,0.092,35.92,285.56,1.42,6244.2,-107.6,-4.64,1.0,2025-06-14T13:41:10.799837696Z
17272.285714285714,100.0,34.714285714285715,1013.5428571428572,0.0,0.06571428571428571,36.05714285714286,172.97142857142856,1.3714285714285714,5870.142857142857,-109.28571428571429,-6.571428571428571,1.0,2025-06-14T13:51:58.807984896Z
16043.285714285714,100.0,35.357142857142854,1012.9857142857143,0.0,0.032857142857142856,36.028571428571425,160.64285714285714,1.5857142857142856,6266.0,-109.28571428571429,-8.014285714285714,1.0,2025-06-14T14:02:01.785406208Z
17277.285714285714,100.0,34.57142857142857,1013.3428571428573,0.0,0.06571428571428571,35.8,180.85714285714286,1.257142857142857,5875.142857142857,-109.42857142857143,-8.571428571428571,1.0,2025-06-14T14:11:50.238323968Z
17279.714285714286,100.0,35.285714285714285,1013.2857142857144,0.0,0.06571428571428571,35.9,221.8857142857143,1.0571428571428572,5877.571428571428,-108.57142857142857,-7.785714285714286,1.0,2025-06-14T14:21:58.807485696Z
16051.42857142857,100.0,36.42857142857143,1012.8000000000001,0.0,0.032857142857142856,36.15714285714286,139.68571428571428,1.2857142857142858,6274.142857142857,-109.0,-7.042857142857143,1.0,2025-06-14T14:32:02.107152640Z
18164.833333333332,100.0,35.583333333333336,1013.4666666666667,0.0,0.07666666666666667,36.5,226.25,1.2,6038.666666666667,-108.66666666666667,-6.0,1.0,2025-06-14T14:41:48.803884800Z
17286.714285714286,100.0,34.42857142857143,1013.1857142857143,0.0,0.06571428571428571,36.37142857142857,206.75714285714284,1.3,5885.0,-109.57142857142857,-7.828571428571428,1.0,2025-06-14T14:51:58.834243584Z
16943.5,100.0,36.375,1012.7250000000001,0.0,0.0,36.35,197.025,1.3749999999999998,7970.25,-106.25,-5.925,1.0,2025-06-14T15:01:54.246622720Z
19402.6,100.0,34.4,1013.6600000000001,0.0,0.092,36.2,250.1,1.7600000000000002,6263.8,-107.8,-4.38,1.0,2025-06-14T15:12:22.907920896Z
16737.0,100.0,35.75,1012.6166666666668,0.0,0.03833333333333334,35.949999999999996,27.366666666666664,1.7000000000000002,6509.0,-107.33333333333333,-9.083333333333334,1.0,2025-06-14T15:21:32.297507840Z
16739.333333333332,100.0,35.416666666666664,1012.6,0.0,0.03833333333333334,36.199999999999996,126.98333333333333,1.1833333333333333,6511.5,-108.66666666666667,-7.866666666666667,1.0,2025-06-14T15:31:22.301956352Z
17296.428571428572,100.0,36.214285714285715,1012.8285714285715,0.0,0.06571428571428571,35.92857142857143,79.92857142857142,2.085714285714286,5897.428571428572,-108.42857142857143,-7.685714285714285,1.0,2025-06-14T15:41:50.244349440Z
19410.2,100.0,37.5,1013.54,0.0,0.092,35.38000000000001,98.28,1.8,6272.0,-107.6,-4.6,1.0,2025-06-14T15:51:46.815801856Z
17690.4,100.0,39.0,1012.8399999999999,0.0,0.046,34.98,59.279999999999994,2.6599999999999997,6829.4,-107.6,-5.72,1.0,2025-06-14T16:03:26.988267264Z
19413.6,100.0,43.5,1013.5,0.0,0.092,33.94000000000001,67.0,2.8600000000000003,6276.2,-107.4,-6.140000000000001,1.0,2025-06-14T16:11:10.813900800Z
17303.714285714286,100.0,41.857142857142854,1012.9571428571429,0.0,0.06571428571428571,34.028571428571425,50.78571428571428,2.3714285714285714,5907.285714285715,-108.57142857142857,-9.1,1.0,2025-06-14T16:21:58.843319040Z
15571.0,100.0,42.1875,1012.4375,0.0,0.02875,33.875,51.650000000000006,2.4625,6141.25,-109.25,-9.8125,1.0,2025-06-14T16:32:09.238723584Z
17309.14285714286,100.0,45.357142857142854,1013.2857142857144,0.0,0.06571428571428571,32.94285714285714,71.38571428571429,3.157142857142857,5912.285714285715,-109.71428571428571,-7.242857142857143,1.0,2025-06-14T16:41:50.237366528Z
17311.571428571428,100.0,48.214285714285715,1013.3285714285714,0.0,0.06571428571428571,32.300000000000004,82.78571428571429,3.228571428571428,5914.714285714285,-108.85714285714286,-7.971428571428571,1.0,2025-06-14T16:51:59.116003840Z
16085.57142857143,100.0,49.285714285714285,1012.9142857142857,0.0,0.032857142857142856,32.028571428571425,96.7,2.5714285714285716,6314.857142857143,-108.71428571428571,-8.242857142857144,1.0,2025-06-14T17:02:01.803909888Z
18195.5,100.0,50.0,1013.7166666666667,0.0,0.07666666666666667,31.46666666666667,77.91666666666667,2.3833333333333333,6073.666666666667,-109.0,-5.8,1.0,2025-06-14T17:11:48.804300800Z
19428.2,100.0,49.7,1014.1600000000001,0.0,0.094,30.920000000000005,69.82000000000001,2.62,6291.4,-108.2,-4.6,1.0,2025-06-14T17:22:23.231661312Z
16766.166666666668,100.0,51.0,1013.1999999999999,0.0,0.043333333333333335,30.75,100.3,2.583333333333333,6542.833333333333,-108.33333333333333,-8.700000000000001,1.0,2025-06-14T17:31:22.274842368Z
17322.285714285714,100.0,51.642857142857146,1013.357142857143,0.0,0.07,30.099999999999998,81.39999999999999,2.6857142857142855,5927.142857142857,-109.0,-7.628571428571428,1.0,2025-06-14T17:41:50.211324672Z
17324.714285714286,100.0,53.07142857142857,1013.3428571428573,0.0,0.07,29.514285714285712,79.5,2.6142857142857143,5929.571428571428,-109.14285714285714,-7.985714285714287,1.0,2025-06-14T17:51:58.776360960Z
16773.5,100.0,55.25,1013.1500000000001,0.0,0.043333333333333335,29.03333333333333,83.01666666666667,2.183333333333333,6550.833333333333,-108.83333333333333,-6.95,1.0,2025-06-14T18:01:52.255412224Z
18207.833333333332,100.0,55.583333333333336,1013.7999999999998,0.0,0.08,28.51666666666667,71.36666666666666,2.2666666666666666,6087.833333333333,-108.16666666666667,-6.333333333333333,1.0,2025-06-14T18:12:18.771926784Z
19137.0,100.0,56.0,1014.05,0.0,0.060000000000000005,28.15,86.5,2.35,7325.0,-106.25,-4.775,1.0,2025-06-14T18:24:03.989666560Z
17722.8,100.0,56.9,1013.72,0.0,0.05,27.98,151.56,1.94,6865.6,-108.0,-5.46,1.0,2025-06-14T18:31:02.951774720Z
17334.285714285714,100.0,58.0,1013.8857142857144,0.0,0.07,27.571428571428573,65.07142857142858,1.9285714285714286,5942.0,-109.14285714285714,-8.228571428571428,1.0,2025-06-14T18:41:50.182816256Z
17336.714285714286,100.0,59.642857142857146,1013.9714285714288,0.0,0.037142857142857144,27.014285714285716,61.628571428571426,1.8,5944.428571428572,-108.42857142857143,-9.585714285714285,1.0,2025-06-14T18:51:58.756654592Z
16112.285714285714,100.0,61.0,1013.7,0.0,0.005714285714285714,26.65714285714285,73.01428571428572,1.957142857142857,6347.428571428572,-108.57142857142857,-11.028571428571428,1.0,2025-06-14T19:02:01.746920704Z
17341.714285714286,100.0,60.357142857142854,1014.3714285714286,0.0,0.01,26.357142857142858,59.15714285714286,1.828571428571428,5949.428571428572,-109.0,-8.242857142857144,1.0,2025-06-14T19:11:50.172588800Z
17344.14285714286,100.0,61.57142857142857,1014.5142857142856,0.0,0.02285714285714286,25.971428571428568,53.97142857142857,1.8,5951.857142857143,-109.28571428571429,-8.014285714285714,1.0,2025-06-14T19:21:58.723956992Z
17736.8,100.0,62.3,1014.64,0.0,0.03200000000000001,25.759999999999998,51.5,1.7799999999999998,6880.6,-106.2,-8.6,1.0,2025-06-14T19:31:38.949642240Z
17738.6,100.0,61.9,1014.86,0.0,0.03600000000000001,25.639999999999997,127.97999999999999,2.0199999999999996,6883.2,-108.2,-6.88,1.0,2025-06-14T19:41:38.894905856Z
18227.833333333332,100.0,62.083333333333336,1015.35,0.0,0.03333333333333334,25.483333333333334,156.53333333333336,1.616666666666667,6111.0,-108.0,-6.916666666666667,1.0,2025-06-14T19:52:08.699353856Z
16126.142857142857,100.0,63.0,1014.8571428571429,0.0,0.02857142857142858,25.257142857142856,57.58571428571429,1.2857142857142858,6363.714285714285,-109.0,-8.442857142857143,1.0,2025-06-14T20:02:01.711779072Z
19159.25,100.0,63.75,1015.8499999999999,0.0,0.04250000000000001,24.974999999999998,138.7,1.275,7349.75,-106.75,-5.825,1.0,2025-06-14T20:13:48.910454272Z
18233.5,100.0,64.83333333333333,1015.8333333333335,0.0,0.03333333333333334,24.816666666666663,185.25,1.0166666666666668,6118.0,-108.0,-7.816666666666666,1.0,2025-06-14T20:22:08.690107648Z
16132.42857142857,100.0,65.78571428571429,1015.2714285714286,0.0,0.02857142857142858,24.542857142857144,197.05714285714288,0.6857142857142858,6371.857142857143,-108.71428571428571,-9.0,1.0,2025-06-14T20:32:01.687596800Z
17360.428571428572,100.0,67.21428571428571,1015.5714285714286,0.0,0.030000000000000006,24.314285714285713,141.97142857142856,0.6,5971.714285714285,-109.0,-7.8999999999999995,1.0,2025-06-14T20:41:50.104278528Z
17362.85714285714,100.0,70.35714285714286,1015.5571428571428,0.0,0.030000000000000006,24.014285714285712,137.05714285714285,0.6571428571428573,5974.142857142857,-109.71428571428571,-9.114285714285714,1.0,2025-06-14T20:51:58.687047680Z
16813.5,100.0,71.0,1015.5333333333333,0.0,0.031666666666666676,23.8,197.6166666666667,0.9,6597.666666666667,-107.83333333333333,-8.183333333333334,1.0,2025-06-14T21:01:22.172358656Z
17367.428571428572,100.0,69.07142857142857,1016.0571428571428,0.0,0.030000000000000006,24.21428571428572,307.85714285714283,1.0999999999999999,5979.142857142857,-108.42857142857143,-7.657142857142857,1.0,2025-06-14T21:11:50.081309440Z
18246.833333333332,100.0,64.16666666666667,1016.5833333333334,0.0,0.03333333333333334,24.700000000000003,272.8666666666667,1.8666666666666665,6131.833333333333,-109.5,-6.266666666666667,1.0,2025-06-14T21:21:38.650013696Z
16147.57142857143,100.0,63.642857142857146,1015.5000000000001,0.0,0.02857142857142858,25.25714285714286,243.7571428571428,0.8857142857142858,6388.142857142857,-109.85714285714286,-8.185714285714285,1.0,2025-06-14T21:32:01.655801088Z
16823.166666666668,100.0,64.33333333333333,1015.2666666666665,0.0,0.031666666666666676,25.083333333333332,219.88333333333333,0.7999999999999999,6608.5,-109.16666666666667,-8.75,1.0,2025-06-14T21:42:42.154509056Z
17767.2,100.0,67.5,1015.22,0.0,0.03600000000000001,24.759999999999998,118.72,0.8,6915.2,-108.0,-5.36,1.0,2025-06-14T21:52:14.810326272Z
16154.857142857143,99.42857142857143,66.5,1014.4285714285714,0.0,0.02857142857142858,24.842857142857145,209.60000000000005,1.257142857142857,6396.285714285715,-109.28571428571429,-8.9,1.0,2025-06-14T22:02:01.644197120Z
17380.85714285714,99.57142857142857,68.85714285714286,1014.7,0.0,0.030000000000000006,24.428571428571427,143.35714285714286,1.0000000000000002,5994.0,-107.57142857142857,-11.028571428571428,1.0,2025-06-14T22:11:50.065426944Z
17383.285714285714,99.14285714285714,69.78571428571429,1014.6285714285714,0.0,0.030000000000000006,24.12857142857143,150.72857142857143,0.7142857142857143,5996.428571428572,-108.42857142857143,-7.1000000000000005,1.0,2025-06-14T22:21:58.623598592Z
16163.0,99.0,70.85714285714286,1014.2142857142857,0.0,0.02857142857142858,24.04285714285714,170.4,0.8714285714285713,6404.428571428572,-108.14285714285714,-10.042857142857143,1.0,2025-06-14T22:32:01.943346688Z
19190.75,99.0,72.375,1015.175,0.0,0.04250000000000001,23.5,181.075,1.2500000000000002,7383.0,-107.0,-5.125,1.0,2025-06-14T22:42:18.822382080Z
17389.571428571428,99.0,74.07142857142857,1014.5857142857142,0.0,0.030000000000000006,23.357142857142858,98.45714285714288,0.7857142857142858,6003.857142857143,-108.57142857142857,-8.514285714285714,1.0,2025-06-14T22:51:58.596366592Z
16169.857142857143,97.85714285714286,73.78571428571429,1013.9428571428573,0.0,0.02857142857142858,23.428571428571427,102.31428571428572,0.7571428571428571,6412.571428571428,-108.28571428571429,-8.028571428571428,1.0,2025-06-14T23:02:01.612603648Z
19196.75,98.5,71.625,1014.7,0.0,0.04250000000000001,23.450000000000003,159.25000000000003,1.075,7390.0,-105.25,-3.25,1.0,2025-06-14T23:13:03.794727424Z
17395.85714285714,97.85714285714286,73.78571428571429,1014.2,0.0,0.030000000000000006,23.2,146.04285714285714,1.0571428571428572,6011.285714285715,-109.0,-7.857142857142857,1.0,2025-06-14T23:21:59.196136960Z
16176.714285714286,97.14285714285714,75.5,1013.8857142857142,0.0,0.02857142857142858,23.04285714285714,116.77142857142859,0.7857142857142857,6420.714285714285,-108.71428571428571,-8.0,1.0,2025-06-14T23:32:01.594176000Z
17400.85714285714,97.28571428571429,76.07142857142857,1014.4857142857144,0.0,0.030000000000000006,22.8,274.8142857142857,1.2,6016.285714285715,-109.57142857142857,-6.228571428571429,1.0,2025-06-14T23:41:49.985028352Z
17403.285714285714,97.28571428571429,76.14285714285714,1014.6000000000001,0.0,0.030000000000000006,22.87142857142857,276.7714285714286,1.9142857142857144,6018.714285714285,-107.42857142857143,-7.857142857142857,1.0,2025-06-14T23:51:58.616190208Z
15217.666666666666,96.66666666666667,76.5,1013.9666666666666,0.0,0.021666666666666667,23.433333333333334,294.6666666666667,2.1999999999999997,5651.0,-110.66666666666667,-9.65,1.0,2025-06-15T00:02:08.576295936Z
17408.0,96.85714285714286,77.14285714285714,1014.5857142857143,0.0,0.030000000000000006,23.057142857142857,236.20000000000002,1.4714285714285713,6023.714285714285,-108.42857142857143,-7.014285714285714,1.0,2025-06-15T00:11:49.961372416Z
19510.0,96.8,77.1,1015.1,0.0,0.038000000000000006,22.78,229.74,1.04,6380.8,-107.4,-5.0,1.0,2025-06-15T00:21:46.509467392Z
16191.57142857143,96.14285714285714,78.57142857142857,1014.1857142857143,0.0,0.02857142857142858,23.0,288.64285714285717,1.4857142857142858,6437.0,-108.42857142857143,-7.4142857142857155,1.0,2025-06-15T00:32:01.559298560Z
17414.571428571428,96.0,77.85714285714286,1014.6857142857142,0.0,0.030000000000000006,22.985714285714288,270.24285714285713,1.7571428571428573,6031.142857142857,-109.14285714285714,-7.385714285714286,1.0,2025-06-15T00:41:49.954420736Z
17417.0,96.0,85.28571428571429,1806.185714285714,36.42857142857143,93.64999999999999,19.58571428571429,232.64285714285714,937.5428571428573,6033.571428571428,-109.14285714285714,-7.528571428571429,1.0,2025-06-15T00:51:59.088835840Z
19219.75,96.0,79.0,1015.2249999999999,0.0,0.04250000000000001,22.825,267.375,1.4500000000000002,7414.25,-107.0,-4.625,1.0,2025-06-15T01:01:18.739333888Z
17420.714285714286,95.57142857142857,76.64285714285714,1014.6999999999999,0.0,0.030000000000000006,23.014285714285716,280.9714285714286,1.5142857142857142,6038.571428571428,-108.42857142857143,-7.6000000000000005,1.0,2025-06-15T01:11:49.931812096Z
17423.14285714286,95.57142857142857,76.0,1014.8,0.0,0.030000000000000006,22.95714285714286,261.12857142857143,1.4428571428571428,6041.0,-109.42857142857143,-7.1000000000000005,1.0,2025-06-15T01:21:58.488356608Z
17816.4,95.2,77.1,1014.8399999999999,0.0,0.03600000000000001,22.759999999999998,278.58,1.1,6969.2,-107.4,-6.18,1.0,2025-06-15T01:31:03.132615680Z
17427.285714285714,95.0,78.14285714285714,1014.7428571428571,0.0,0.03142857142857143,22.428571428571427,253.65714285714284,0.6571428571428571,6046.0,-109.0,-8.542857142857143,1.0,2025-06-15T01:41:49.917326848Z
18303.833333333332,95.0,79.25,1014.9499999999999,0.0,0.043333333333333335,22.150000000000002,229.20000000000002,0.9499999999999998,6195.0,-107.83333333333333,-5.8,1.0,2025-06-15T01:52:08.454189312Z
16883.333333333332,94.33333333333333,80.41666666666667,1014.5166666666668,0.0,0.036666666666666674,21.75,238.16666666666666,1.05,6676.333333333333,-109.16666666666667,-6.849999999999999,1.0,2025-06-15T02:02:22.348728064Z
16670.666666666668,94.0,80.41666666666667,1014.5333333333333,0.0,0.03333333333333334,21.683333333333334,241.38333333333333,1.0166666666666668,5208.5,-111.0,-8.066666666666666,1.0,2025-06-15T02:11:04.982349056Z
19235.5,94.5,82.625,1015.1249999999999,0.0,0.0575,21.375,257.77500000000003,1.1749999999999998,7432.25,-107.75,-3.25,1.0,2025-06-15T02:21:03.684109056Z
16218.57142857143,93.85714285714286,83.14285714285714,1014.2714285714286,0.0,0.038571428571428576,21.042857142857144,273.24285714285713,0.9142857142857144,6469.571428571428,-108.85714285714286,-6.885714285714286,1.0,2025-06-15T02:32:01.485208832Z
18313.5,93.0,82.0,1014.9333333333334,0.0,0.05000000000000001,21.333333333333332,239.60000000000002,1.3166666666666667,6206.5,-108.66666666666667,-6.316666666666666,1.0,2025-06-15T02:41:18.431919104Z
17441.85714285714,93.0,81.64285714285714,1014.6571428571427,0.0,0.044285714285714296,21.21428571428572,229.68571428571428,1.2142857142857142,6063.285714285715,-108.28571428571429,-7.957142857142857,1.0,2025-06-15T02:51:58.435357952Z
16896.5,92.83333333333333,83.08333333333333,1014.5833333333334,0.0,0.043333333333333335,20.900000000000002,242.58333333333337,1.0166666666666664,6691.666666666667,-106.83333333333333,-6.866666666666667,1.0,2025-06-15T03:01:21.951058688Z
18319.833333333332,92.66666666666667,81.83333333333333,1015.0166666666668,0.0,0.05000000000000001,21.200000000000003,239.45000000000002,1.2,6213.5,-108.33333333333333,-7.716666666666666,1.0,2025-06-15T03:11:18.399602432Z
17448.428571428572,92.57142857142857,82.35714285714286,1014.7142857142857,0.0,0.044285714285714296,20.985714285714288,258.59999999999997,1.1999999999999997,6070.714285714285,-109.0,-7.257142857142857,1.0,2025-06-15T03:21:58.406439168Z
16233.142857142857,92.42857142857143,84.14285714285714,1014.3571428571429,0.0,0.04,20.585714285714285,253.59999999999997,0.8285714285714284,6485.857142857143,-109.85714285714286,-6.8999999999999995,1.0,2025-06-15T03:32:01.429933568Z
18326.5,92.0,82.58333333333333,1015.0,0.0,0.065,20.883333333333336,241.65,0.9333333333333332,6220.5,-109.66666666666667,-5.683333333333334,1.0,2025-06-15T03:41:18.377989888Z
17455.428571428572,92.0,83.21428571428571,1014.7285714285716,0.0,0.05857142857142857,20.7,256.07142857142856,0.7714285714285715,6078.142857142857,-108.71428571428571,-6.1571428571428575,1.0,2025-06-15T03:51:58.394184960Z
16240.714285714286,91.71428571428571,85.57142857142857,1014.3571428571428,0.0,0.04571428571428572,20.542857142857144,211.6142857142857,0.7285714285714286,6494.0,-109.42857142857143,-7.714285714285714,1.0,2025-06-15T04:02:01.422724608Z
17851.4,91.6,84.5,1014.8399999999999,0.0,0.06000000000000001,20.92,265.54,0.8799999999999999,7009.2,-108.0,-7.659999999999999,1.0,2025-06-15T04:12:14.595763456Z
17462.14285714286,91.57142857142857,83.35714285714286,1014.7714285714285,0.0,0.05857142857142857,21.328571428571426,228.61428571428567,0.4714285714285714,6085.571428571428,-108.42857142857143,-8.142857142857142,1.0,2025-06-15T04:21:58.369390080Z
16248.142857142857,91.42857142857143,82.92857142857143,1014.357142857143,0.0,0.04571428571428572,21.75714285714286,251.97142857142856,0.3714285714285715,6502.142857142857,-109.0,-8.457142857142857,1.0,2025-06-15T04:32:01.426886656Z
18339.5,91.83333333333333,79.08333333333333,1015.0166666666668,0.0,0.06666666666666667,22.566666666666663,276.1000000000001,0.48333333333333334,6234.833333333333,-108.66666666666667,-8.116666666666667,1.0,2025-06-15T04:42:18.738456576Z
17469.14285714286,91.85714285714286,77.0,1014.7857142857143,0.0,0.05857142857142857,23.285714285714285,267.3,0.39999999999999997,6093.0,-108.71428571428571,-7.757142857142857,1.0,2025-06-15T04:51:58.353598976Z
16255.714285714286,92.0,74.28571428571429,1014.3428571428573,0.0,0.04571428571428572,24.085714285714285,215.6142857142857,0.4428571428571429,6510.285714285715,-108.57142857142857,-8.12857142857143,1.0,2025-06-15T05:02:01.703869184Z
17474.14285714286,92.71428571428571,71.21428571428571,1014.7428571428572,0.0,0.05857142857142857,24.74285714285714,237.91428571428574,0.45714285714285713,6098.0,-109.28571428571429,-7.2714285714285705,1.0,2025-06-15T05:11:49.765984256Z
17476.571428571428,92.71428571428571,71.64285714285714,1014.8000000000002,0.0,0.06428571428571428,24.928571428571427,147.9714285714286,0.3714285714285714,6100.428571428572,-109.14285714285714,-8.014285714285714,1.0,2025-06-15T05:21:58.333102336Z
16263.857142857143,92.85714285714286,73.35714285714286,1014.4285714285714,0.0,0.04857142857142858,24.95714285714286,94.25714285714285,0.6142857142857142,6518.428571428572,-109.14285714285714,-8.471428571428572,1.0,2025-06-15T05:32:01.369927936Z
17481.571428571428,93.0,74.28571428571429,1014.8857142857142,0.0,0.06428571428571428,24.585714285714285,110.04285714285713,0.9857142857142857,6105.428571428572,-108.0,-9.142857142857142,1.0,2025-06-15T05:41:49.754561280Z
17484.0,93.57142857142857,74.64285714285714,1014.9999999999999,0.0,0.06428571428571428,24.38571428571429,119.6,0.7571428571428571,6107.857142857143,-110.28571428571429,-8.371428571428572,1.0,2025-06-15T05:51:58.327940352Z
16940.833333333332,93.83333333333333,73.08333333333333,1014.7666666666668,0.0,0.055,24.8,116.09999999999998,0.7333333333333333,6738.833333333333,-109.16666666666667,-7.3,1.0,2025-06-15T06:01:51.845695488Z
17488.571428571428,94.42857142857143,69.78571428571429,1015.0571428571427,0.0,0.06428571428571428,25.714285714285715,142.55714285714285,0.7285714285714286,6112.857142857143,-108.85714285714286,-9.557142857142859,1.0,2025-06-15T06:11:50.040858368Z
17491.0,94.42857142857143,65.28571428571429,1015.0428571428571,0.0,0.06428571428571428,26.728571428571428,86.15714285714284,0.7571428571428571,6115.285714285715,-109.14285714285714,-8.200000000000001,1.0,2025-06-15T06:21:58.309484800Z
16279.57142857143,94.57142857142857,63.0,1014.6142857142856,0.0,0.04857142857142858,27.714285714285715,98.3142857142857,0.9000000000000001,6534.714285714285,-109.28571428571429,-8.342857142857143,1.0,2025-06-15T06:32:01.344933888Z
18366.833333333332,95.33333333333333,61.583333333333336,1015.3666666666667,0.0,0.07333333333333332,28.133333333333336,62.599999999999994,1.2333333333333332,6262.833333333333,-108.83333333333333,-5.633333333333333,1.0,2025-06-15T06:42:18.270648576Z
17498.0,97.0,59.92857142857143,1015.0571428571427,0.0,0.06428571428571428,28.657142857142855,75.17142857142858,0.6857142857142857,6122.714285714285,-109.28571428571429,-8.114285714285714,1.0,2025-06-15T06:51:58.599297024Z
15323.333333333334,97.5,56.5,1014.4666666666667,0.0,0.041666666666666664,29.45,77.26666666666667,1.1666666666666667,5769.833333333333,-110.16666666666667,-11.933333333333332,1.0,2025-06-15T07:01:18.355171584Z
17502.714285714286,100.0,54.857142857142854,1015.1142857142856,0.0,0.06428571428571428,29.728571428571424,115.89999999999999,1.1142857142857143,6127.714285714285,-108.57142857142857,-8.685714285714285,1.0,2025-06-15T07:11:49.711211008Z
17505.14285714286,100.0,53.07142857142857,1015.0714285714286,0.0,0.06428571428571428,30.000000000000004,140.41428571428574,0.8285714285714286,6130.142857142857,-109.85714285714286,-6.799999999999999,1.0,2025-06-15T07:21:58.354302720Z
16295.0,100.0,51.857142857142854,1014.5857142857142,0.0,0.04857142857142858,30.514285714285712,90.17142857142856,1.0714285714285714,6551.0,-109.28571428571429,-9.4,1.0,2025-06-15T07:32:01.329945344Z
16965.833333333332,100.0,50.25,1014.6999999999999,0.0,0.055,30.799999999999997,163.45000000000002,1.0,6765.166666666667,-107.66666666666667,-7.7,1.0,2025-06-15T07:42:41.806722816Z
17512.285714285714,100.0,49.214285714285715,1014.8571428571429,0.0,0.06428571428571428,31.028571428571432,176.9,0.7714285714285715,6137.571428571428,-109.0,-7.2714285714285705,1.0,2025-06-15T07:51:58.264438016Z
16970.666666666668,100.0,50.083333333333336,1014.6,0.0,0.055,31.366666666666664,93.23333333333333,1.1666666666666667,6770.166666666667,-108.5,-7.3500000000000005,1.0,2025-06-15T08:01:51.797130240Z
17516.85714285714,100.0,49.07142857142857,1014.8000000000001,0.0,0.06428571428571428,31.45714285714286,147.15714285714284,0.942857142857143,6142.571428571428,-109.28571428571429,-7.271428571428571,1.0,2025-06-15T08:11:49.676502528Z
16758.333333333332,100.0,47.5,1014.6000000000003,0.0,0.06,31.8,108.55,1.2166666666666668,5303.0,-110.5,-10.433333333333332,1.0,2025-06-15T08:21:14.820499712Z
16310.285714285714,100.0,46.857142857142854,1014.2571428571429,0.0,0.04857142857142858,32.042857142857144,170.41428571428568,0.942857142857143,6567.285714285715,-109.14285714285714,-8.342857142857143,1.0,2025-06-15T08:32:01.299078400Z
17524.0,100.0,46.57142857142857,1014.6,0.0,0.06428571428571428,32.24285714285715,113.08571428571429,0.9285714285714286,6150.0,-109.28571428571429,-9.042857142857143,1.0,2025-06-15T08:41:49.688905984Z
18395.5,100.0,47.5,1014.8666666666667,0.0,0.07333333333333332,32.11666666666667,179.93333333333337,1.0166666666666668,6292.833333333333,-106.83333333333333,-8.583333333333334,1.0,2025-06-15T08:51:38.580171520Z
16317.857142857143,100.0,46.285714285714285,1014.0571428571429,0.0,0.04857142857142858,32.45714285714286,187.2,0.9428571428571428,6575.428571428572,-108.71428571428571,-9.142857142857142,1.0,2025-06-15T09:02:01.320931328Z
18399.833333333332,100.0,46.0,1014.7333333333332,0.0,0.07333333333333332,32.5,83.39999999999999,1.1666666666666667,6297.666666666667,-108.66666666666667,-6.333333333333333,1.0,2025-06-15T09:11:48.220081408Z
17533.0,100.0,45.92857142857143,1014.4142857142858,0.0,0.06428571428571428,32.614285714285714,174.67142857142858,1.5142857142857142,6159.857142857143,-109.42857142857143,-7.071428571428571,1.0,2025-06-15T09:21:58.247180544Z
16325.42857142857,100.0,46.214285714285715,1013.9857142857144,0.0,0.06142857142857142,32.98571428571429,156.01428571428573,1.4714285714285715,6583.571428571428,-109.42857142857143,-9.1,1.0,2025-06-15T09:32:01.287905280Z
17928.8,100.0,44.5,1014.4199999999998,0.0,0.07599999999999998,32.98,174.23999999999998,1.6199999999999999,7090.8,-108.2,-6.18,1.0,2025-06-15T09:43:26.459563520Z
17539.714285714286,100.0,44.285714285714285,1014.3285714285715,0.0,0.07714285714285714,33.22857142857143,209.55714285714285,0.8,6167.285714285715,-108.71428571428571,-9.514285714285714,1.0,2025-06-15T09:51:58.247501056Z
16999.5,100.0,43.333333333333336,1014.0500000000001,0.0,0.06999999999999999,33.63333333333333,111.78333333333335,1.25,6801.333333333333,-108.5,-7.533333333333334,1.0,2025-06-15T10:01:21.780626688Z
17544.285714285714,100.0,42.714285714285715,1014.2142857142857,0.0,0.07714285714285714,33.771428571428565,154.6142857142857,1.157142857142857,6172.285714285715,-109.0,-6.5,1.0,2025-06-15T10:11:49.658082048Z
19630.4,100.0,42.4,1014.8,0.0,0.09199999999999998,33.82,102.96,1.02,6509.0,-108.4,-5.16,1.0,2025-06-15T10:22:22.176900352Z
17939.2,100.0,43.3,1014.0800000000002,0.0,0.04,33.94,168.56,1.48,7103.2,-107.8,-6.04,1.0,2025-06-15T10:33:26.456386560Z
17941.0,100.0,42.4,1014.0200000000001,0.0,0.04,34.08,147.76,0.9400000000000001,7105.2,-108.2,-5.76,1.0,2025-06-15T10:42:14.450471168Z
17551.714285714286,100.0,42.214285714285715,1013.7714285714286,0.0,0.05142857142857142,34.2,212.68571428571428,1.1714285714285713,6182.142857142857,-109.14285714285714,-8.057142857142859,1.0,2025-06-15T10:51:58.232651520Z
16345.57142857143,100.0,42.785714285714285,1013.2857142857143,0.0,0.04,34.4,131.27142857142854,1.1714285714285713,6608.0,-108.57142857142857,-8.771428571428572,1.0,2025-06-15T11:02:01.301942016Z
17556.714285714286,100.0,40.785714285714285,1013.7,0.0,0.05142857142857142,34.471428571428575,157.94285714285715,1.1571428571428573,6187.142857142857,-108.28571428571429,-8.971428571428572,1.0,2025-06-15T11:11:49.673976064Z
17559.14285714286,100.0,39.5,1013.6857142857144,0.0,0.05142857142857142,34.65714285714285,149.8857142857143,1.0428571428571427,6189.571428571428,-109.0,-7.571428571428571,1.0,2025-06-15T11:21:58.229674496Z
16353.714285714286,100.0,39.214285714285715,1013.1999999999999,0.0,0.028571428571428574,35.07142857142857,96.64285714285714,0.8999999999999998,6616.142857142857,-110.0,-9.057142857142859,1.0,2025-06-15T11:32:01.291851776Z
17564.14285714286,100.0,38.92857142857143,1013.5,0.0,0.03428571428571429,35.1,186.0,1.3571428571428572,6194.571428571428,-109.28571428571429,-7.4142857142857155,1.0,2025-06-15T11:41:49.657911552Z
18433.833333333332,100.0,39.0,1013.7166666666666,0.0,0.04,35.31666666666667,126.83333333333333,1.5166666666666666,6335.0,-108.5,-6.516666666666666,1.0,2025-06-15T11:52:08.205676288Z
16361.285714285714,100.0,39.785714285714285,1012.8857142857144,0.0,0.017142857142857144,35.17142857142857,110.44285714285716,1.6571428571428573,6624.285714285715,-109.57142857142857,-8.4,1.0,2025-06-15T12:02:01.306991360Z
16811.333333333332,100.0,39.583333333333336,1013.0499999999998,0.0,0.04,35.266666666666666,77.0,1.4833333333333334,5361.833333333333,-110.16666666666667,-9.683333333333332,1.0,2025-06-15T12:11:04.731798272Z
19654.0,100.0,38.6,1013.7199999999999,0.0,0.048,35.62,200.88,1.56,6534.8,-108.2,-5.8,1.0,2025-06-15T12:22:58.184359168Z
16368.0,100.0,38.0,1012.5142857142857,0.0,0.017142857142857144,35.68571428571429,151.8857142857143,1.5,6632.428571428572,-109.28571428571429,-7.985714285714286,1.0,2025-06-15T12:32:01.325038848Z
17577.428571428572,100.0,37.642857142857146,1012.9142857142857,0.0,0.03428571428571429,35.81428571428571,116.42857142857143,1.3285714285714285,6209.428571428572,-108.28571428571429,-8.0,1.0,2025-06-15T12:41:49.666569472Z
18446.5,100.0,37.916666666666664,1013.1,0.0,0.04,35.75,120.21666666666665,1.4333333333333336,6349.0,-108.66666666666667,-6.716666666666666,1.0,2025-06-15T12:52:08.225456384Z
16375.57142857143,100.0,37.92857142857143,1012.2285714285712,0.0,0.017142857142857144,36.0,74.97142857142858,1.5714285714285712,6640.571428571428,-109.42857142857143,-7.9142857142857155,1.0,2025-06-15T13:02:01.630653184Z
17584.428571428572,100.0,37.785714285714285,1012.4714285714286,0.0,0.03428571428571429,35.87142857142857,91.3,1.042857142857143,6216.857142857143,-108.85714285714286,-6.557142857142858,1.0,2025-06-15T13:11:49.675159552Z
17586.85714285714,100.0,36.92857142857143,1012.3000000000001,0.0,0.03428571428571429,35.900000000000006,88.22857142857143,1.9857142857142858,6219.285714285715,-107.71428571428571,-7.942857142857143,1.0,2025-06-15T13:21:58.245548032Z
16383.714285714286,100.0,38.42857142857143,1011.6714285714286,0.0,0.017142857142857144,35.78571428571429,139.9857142857143,2.3285714285714287,6648.714285714285,-109.57142857142857,-8.157142857142857,1.0,2025-06-15T13:32:01.322156544Z
17591.85714285714,100.0,38.5,1012.1142857142856,0.0,0.03428571428571429,35.74285714285714,105.05714285714285,2.071428571428571,6224.285714285715,-109.0,-6.871428571428571,1.0,2025-06-15T13:41:49.673993728Z
17985.2,100.0,37.2,1012.0600000000001,0.0,0.024,35.9,144.8,1.6600000000000001,7152.2,-107.4,-5.5200000000000005,1.0,2025-06-15T13:52:50.481044992Z
16300.2,100.0,37.2,1011.32,0.0,0.0,36.14,119.11999999999998,1.7200000000000002,7753.0,-108.6,-6.9,1.0,2025-06-15T14:01:30.772830720Z
18463.5,100.0,37.0,1012.0666666666667,0.0,0.04,36.116666666666674,138.0666666666667,1.75,6367.833333333333,-105.83333333333333,-8.5,1.0,2025-06-15T14:12:18.222662656Z
17599.85714285714,100.0,38.5,1011.5285714285714,0.0,0.03428571428571429,36.01428571428572,111.92857142857143,2.8428571428571425,6234.142857142857,-108.85714285714286,-8.414285714285715,1.0,2025-06-15T14:21:58.241167360Z
16398.0,100.0,37.57142857142857,1010.9285714285714,0.0,0.017142857142857144,35.82857142857143,114.95714285714287,2.9,6665.0,-108.85714285714286,-7.5,1.0,2025-06-15T14:32:01.308230144Z
17604.85714285714,100.0,38.0,1011.2285714285714,0.0,0.03428571428571429,35.84285714285714,123.14285714285714,2.9857142857142853,6239.142857142857,-109.0,-6.228571428571429,1.0,2025-06-15T14:41:49.669242624Z
17607.285714285714,100.0,40.214285714285715,1011.1142857142856,0.0,0.03428571428571429,35.542857142857144,70.87142857142858,2.9857142857142853,6241.571428571428,-109.57142857142857,-5.528571428571429,1.0,2025-06-15T14:51:58.238185472Z
16406.14285714286,100.0,40.57142857142857,1010.5857142857143,0.0,0.02285714285714286,35.44285714285714,91.11428571428571,2.914285714285714,6673.142857142857,-109.28571428571429,-7.357142857142857,1.0,2025-06-15T15:02:01.313366272Z
17612.285714285714,100.0,43.285714285714285,1010.9857142857143,0.0,0.038571428571428576,35.22857142857143,71.15714285714286,3.171428571428571,6246.571428571428,-108.85714285714286,-7.7,1.0,2025-06-15T15:11:49.665766912Z
17614.714285714286,100.0,42.785714285714285,1011.0571428571428,0.0,0.038571428571428576,34.94285714285714,74.75714285714285,2.6999999999999997,6249.0,-109.85714285714286,-7.171428571428572,1.0,2025-06-15T15:21:58.243046144Z
16414.285714285714,100.0,43.142857142857146,1010.5285714285714,0.0,0.02285714285714286,34.9,89.68571428571428,3.0428571428571423,6681.285714285715,-109.0,-8.185714285714285,1.0,2025-06-15T15:32:01.307688448Z
18484.166666666668,100.0,45.166666666666664,1011.1833333333334,0.0,0.043333333333333335,34.26666666666667,72.85000000000001,3.1333333333333333,6388.5,-108.0,-7.3500000000000005,1.0,2025-06-15T15:41:18.201942784Z
17621.714285714286,100.0,46.0,1010.7857142857143,0.0,0.038571428571428576,33.628571428571426,129.15714285714287,3.1285714285714286,6256.428571428572,-109.57142857142857,-7.285714285714286,1.0,2025-06-15T15:51:58.229421824Z
17085.666666666668,100.0,48.416666666666664,1010.4499999999999,0.0,0.025000000000000005,32.800000000000004,86.60000000000001,3.583333333333334,6895.666666666667,-108.16666666666667,-7.7,1.0,2025-06-15T16:02:22.151494656Z
17626.285714285714,100.0,49.57142857142857,1010.6857142857142,0.0,0.038571428571428576,32.38571428571428,78.61428571428571,2.8857142857142857,6261.428571428572,-108.42857142857143,-7.728571428571428,1.0,2025-06-15T16:11:49.660949760Z
17628.714285714286,100.0,50.07142857142857,1010.6428571428571,0.0,0.038571428571428576,32.02857142857143,89.17142857142858,3.4428571428571426,6263.857142857143,-109.14285714285714,-8.185714285714285,1.0,2025-06-15T16:21:58.222643712Z
16429.428571428572,100.0,50.92857142857143,1010.1857142857143,0.0,0.02285714285714286,31.671428571428574,100.02857142857142,3.057142857142857,6697.571428571428,-108.57142857142857,-7.928571428571429,1.0,2025-06-15T16:32:01.294323200Z
17633.714285714286,100.0,51.42857142857143,1010.8571428571429,0.0,0.038571428571428576,31.514285714285716,84.1857142857143,2.6285714285714286,6268.857142857143,-109.28571428571429,-7.614285714285714,1.0,2025-06-15T16:41:49.644313856Z
18499.833333333332,100.0,52.333333333333336,1011.1333333333333,0.0,0.043333333333333335,31.266666666666666,79.98333333333333,2.9,6405.0,-108.5,-6.566666666666666,1.0,2025-06-15T16:52:08.185002752Z
17100.333333333332,100.0,54.0,1010.5833333333334,0.0,0.025000000000000005,30.883333333333336,93.33333333333333,2.6,6911.166666666667,-107.5,-7.866666666666667,1.0,2025-06-15T17:01:51.768679424Z
18503.833333333332,100.0,53.916666666666664,1011.0500000000001,0.0,0.043333333333333335,30.71666666666667,84.16666666666667,2.6,6409.833333333333,-108.33333333333333,-6.116666666666667,1.0,2025-06-15T17:12:18.183261952Z
17642.285714285714,100.0,54.92857142857143,1010.6714285714285,0.0,0.038571428571428576,30.38571428571429,88.92857142857143,2.6714285714285713,6278.714285714285,-109.14285714285714,-8.171428571428573,1.0,2025-06-15T17:21:58.192950016Z
17107.166666666668,100.0,56.416666666666664,1010.3333333333334,0.0,0.025000000000000005,30.016666666666666,99.5,2.3666666666666667,6918.833333333333,-108.83333333333333,-7.583333333333333,1.0,2025-06-15T17:31:21.751732992Z
17646.85714285714,100.0,56.285714285714285,1010.5285714285716,0.0,0.038571428571428576,29.78571428571429,84.74285714285713,2.1714285714285713,6283.714285714285,-111.71428571428571,-10.585714285714285,1.0,2025-06-15T17:41:49.622039808Z
17649.285714285714,100.0,56.142857142857146,1010.3857142857142,0.0,0.038571428571428576,29.571428571428566,89.74285714285715,2.942857142857142,6286.142857142857,-109.28571428571429,-7.157142857142857,1.0,2025-06-15T17:51:58.485442560Z
18042.8,100.0,56.5,1010.3800000000001,0.0,0.028000000000000004,29.380000000000003,93.74,2.7399999999999998,7213.8,-108.4,-5.959999999999999,1.0,2025-06-15T18:02:14.425435392Z
17653.428571428572,100.0,56.714285714285715,1010.5142857142856,0.0,0.04,29.128571428571426,87.28571428571429,2.557142857142857,6291.142857142857,-109.28571428571429,-7.485714285714287,1.0,2025-06-15T18:11:49.602424576Z
19727.2,100.0,56.8,1011.36,0.0,0.06000000000000001,28.779999999999994,79.22,2.2800000000000002,6611.2,-106.6,-6.4,1.0,2025-06-15T18:21:46.100611584Z
18048.6,100.0,57.8,1010.78,0.0,0.036000000000000004,28.600000000000005,103.43999999999998,2.18,7221.2,-107.6,-6.06,1.0,2025-06-15T18:32:14.419140096Z
17659.14285714286,100.0,58.92857142857143,1010.7142857142857,0.0,0.05857142857142857,28.357142857142858,84.64285714285714,1.7714285714285716,6298.571428571428,-109.85714285714286,-8.5,1.0,2025-06-15T18:41:49.582552320Z
17661.571428571428,100.0,60.57142857142857,1010.6857142857143,0.0,0.03142857142857143,27.857142857142858,78.11428571428571,1.8285714285714285,6301.0,-109.14285714285714,-9.485714285714286,1.0,2025-06-15T18:51:58.157565184Z
16464.428571428572,100.0,61.57142857142857,1010.3714285714286,0.0,0.0071428571428571435,27.657142857142855,92.6,1.8142857142857145,6738.285714285715,-109.0,-9.014285714285714,1.0,2025-06-15T19:02:01.227628800Z
17666.571428571428,100.0,62.785714285714285,1010.9857142857144,0.0,0.014285714285714285,27.385714285714283,72.00000000000001,1.7571428571428576,6306.0,-108.28571428571429,-7.128571428571427,1.0,2025-06-15T19:11:49.567201024Z
18531.5,100.0,63.583333333333336,1011.4,0.0,0.02,27.183333333333337,75.94999999999999,1.6166666666666665,6440.0,-108.5,-6.6499999999999995,1.0,2025-06-15T19:22:08.108088064Z
17134.5,100.0,64.16666666666667,1010.8166666666666,0.0,0.021666666666666667,27.083333333333332,95.81666666666666,1.8166666666666664,6950.166666666667,-107.83333333333333,-8.4,1.0,2025-06-15T19:31:21.700353280Z
17673.14285714286,100.0,64.42857142857143,1011.0571428571429,0.0,0.018571428571428572,26.985714285714284,81.37142857142855,2.3857142857142857,6313.428571428572,-108.28571428571429,-8.142857142857142,1.0,2025-06-15T19:41:49.549745408Z
19458.25,100.0,65.875,1011.5,0.0,0.0325,26.7,90.19999999999999,1.7,7668.5,-106.25,-3.675,1.0,2025-06-15T19:51:03.378209792Z
17140.666666666668,100.0,66.25,1010.7999999999998,0.0,0.025000000000000005,26.650000000000002,89.89999999999999,1.6500000000000001,6958.0,-107.83333333333333,-7.45,1.0,2025-06-15T20:01:21.679597824Z
18070.4,100.0,67.0,1011.3399999999999,0.0,0.028000000000000004,26.52,98.88,1.04,7246.2,-108.2,-7.06,1.0,2025-06-15T20:13:26.349340672Z
18542.833333333332,100.0,67.0,1011.7333333333332,0.0,0.026666666666666672,26.38333333333333,80.56666666666666,1.2333333333333334,6454.0,-110.66666666666667,-10.266666666666666,1.0,2025-06-15T20:22:08.072821504Z
16484.571428571428,100.0,67.57142857142857,1011.0,0.0,0.02285714285714286,26.21428571428571,143.41428571428574,0.857142857142857,6762.714285714285,-108.14285714285714,-8.828571428571427,1.0,2025-06-15T20:32:01.186938880Z
18547.166666666668,100.0,68.0,1011.6166666666668,0.0,0.026666666666666672,26.033333333333335,149.78333333333333,1.1500000000000001,6458.5,-106.66666666666667,-8.116666666666667,1.0,2025-06-15T20:41:18.055314688Z
18549.166666666668,100.0,69.91666666666667,1011.4500000000002,0.0,0.026666666666666672,25.75,97.7,1.5333333333333334,6461.0,-108.33333333333333,-6.3500000000000005,1.0,2025-06-15T20:52:08.045261824Z
17153.666666666668,100.0,69.66666666666667,1010.9166666666669,0.0,0.025000000000000005,25.683333333333326,131.5,1.1,6974.0,-109.33333333333333,-8.566666666666666,1.0,2025-06-15T21:02:21.656026112Z
17691.428571428572,100.0,70.78571428571429,1011.1714285714286,0.0,0.024285714285714292,25.542857142857144,153.44285714285712,1.2,6335.714285714285,-108.57142857142857,-6.842857142857143,1.0,2025-06-15T21:11:49.491726848Z
18555.5,100.0,71.41666666666667,1011.4666666666668,0.0,0.026666666666666672,25.25,138.96666666666667,0.85,6468.166666666667,-109.16666666666667,-8.85,1.0,2025-06-15T21:22:38.032804864Z
16498.571428571428,99.71428571428571,73.14285714285714,1010.7714285714286,0.0,0.02285714285714286,24.82857142857143,233.28571428571428,0.5428571428571428,6779.0,-108.57142857142857,-8.700000000000001,1.0,2025-06-15T21:32:01.161753088Z
17698.428571428572,99.57142857142857,74.0,1011.1714285714287,0.0,0.024285714285714292,24.542857142857144,174.45714285714286,0.4,6343.142857142857,-108.85714285714286,-7.328571428571428,1.0,2025-06-15T21:41:49.469430272Z
17700.85714285714,99.57142857142857,75.5,1011.1571428571431,0.0,0.024285714285714292,24.37142857142857,283.37142857142857,0.5285714285714286,6345.571428571428,-108.71428571428571,-9.442857142857145,1.0,2025-06-15T21:51:58.055119616Z
16506.714285714286,99.42857142857143,77.57142857142857,1010.8142857142857,0.0,0.02285714285714286,24.214285714285715,192.0,0.5857142857142856,6787.142857142857,-109.42857142857143,-7.3,1.0,2025-06-15T22:02:01.130391808Z
17705.85714285714,99.57142857142857,78.71428571428571,1011.1999999999999,0.0,0.024285714285714292,23.914285714285715,130.9142857142857,0.41428571428571426,6350.571428571428,-108.85714285714286,-7.685714285714285,1.0,2025-06-15T22:11:49.455054080Z
17708.285714285714,99.57142857142857,79.14285714285714,1011.2857142857143,0.0,0.024285714285714292,23.72857142857143,179.42857142857142,0.5,6353.0,-109.42857142857143,-7.957142857142857,1.0,2025-06-15T22:21:58.018435840Z
16514.85714285714,98.71428571428571,78.85714285714286,1010.9285714285714,0.0,0.02285714285714286,23.657142857142855,312.3,0.7142857142857143,6795.285714285715,-109.42857142857143,-9.185714285714285,1.0,2025-06-15T22:32:01.118695424Z
16956.333333333332,98.16666666666667,78.58333333333333,1011.0833333333334,0.0,0.019999999999999997,23.566666666666666,123.09999999999998,0.5499999999999999,5522.833333333333,-108.83333333333333,-10.4,1.0,2025-06-15T22:41:04.471628032Z
18575.833333333332,98.33333333333333,80.16666666666667,1011.4499999999999,0.0,0.026666666666666672,23.45,121.41666666666667,0.4166666666666667,6489.0,-108.33333333333333,-6.566666666666666,1.0,2025-06-15T22:52:07.976662016Z
17183.166666666668,98.33333333333333,81.83333333333333,1010.9500000000002,0.0,0.026666666666666672,23.200000000000003,196.83333333333334,0.5333333333333333,7005.333333333333,-108.0,-7.7,1.0,2025-06-15T23:02:21.573286656Z
17719.571428571428,98.28571428571429,80.28571428571429,1011.0571428571428,0.0,0.027142857142857146,23.214285714285715,136.17142857142858,0.7142857142857142,6365.428571428572,-108.71428571428571,-6.314285714285715,1.0,2025-06-15T23:11:49.413750784Z
17188.0,98.33333333333333,80.83333333333333,1010.75,0.0,0.026666666666666672,22.95,228.96666666666667,0.7666666666666667,7010.333333333333,-111.16666666666667,-9.5,1.0,2025-06-15T23:21:31.573865216Z
16529.571428571428,98.0,83.07142857142857,1010.5285714285712,0.0,0.024285714285714292,22.928571428571427,127.5142857142857,0.6428571428571429,6811.571428571428,-108.85714285714286,-6.8999999999999995,1.0,2025-06-15T23:32:01.081455104Z
17082.0,96.5,83.75,1010.7125,0.0,0.025,22.862499999999997,225.5,0.6125,6277.0,-108.75,-6.8375,1.0,2025-06-15T23:41:51.235873792Z
18589.166666666668,96.66666666666667,82.66666666666667,1011.1166666666667,0.0,0.030000000000000002,22.88333333333333,152.35,0.5833333333333334,6503.0,-107.5,-5.3,1.0,2025-06-15T23:52:07.914957824Z
16537.714285714286,96.42857142857143,79.5,1010.4571428571429,0.0,0.024285714285714292,22.98571428571429,236.57142857142858,0.6428571428571429,6819.714285714285,-109.42857142857143,-7.157142857142857,1.0,2025-06-16T00:02:01.054677248Z
17734.14285714286,96.57142857142857,79.64285714285714,1010.9285714285714,0.0,0.027142857142857146,23.085714285714285,226.15714285714284,0.8857142857142856,6380.285714285715,-106.71428571428571,-8.042857142857143,1.0,2025-06-16T00:11:49.370900480Z
18128.0,96.6,80.4,1011.0,0.0,0.030000000000000006,22.840000000000003,204.44,0.76,7307.2,-107.8,-4.62,1.0,2025-06-16T00:21:02.195698176Z
17205.333333333332,96.5,79.75,1010.7499999999999,0.0,0.026666666666666672,22.78333333333333,122.95,0.5333333333333333,7028.5,-108.33333333333333,-4.733333333333333,1.0,2025-06-16T00:31:21.525083392Z
17740.428571428572,95.71428571428571,80.0,1010.9142857142858,0.0,0.027142857142857146,22.757142857142856,132.82857142857142,0.31428571428571433,6387.714285714285,-107.85714285714286,-8.328571428571427,1.0,2025-06-16T00:41:49.358364416Z
17210.166666666668,95.5,80.16666666666667,1010.6333333333333,0.0,0.026666666666666672,22.53333333333333,61.23333333333333,0.5499999999999999,7034.0,-108.5,-7.1000000000000005,1.0,2025-06-16T00:52:31.503821568Z
17212.5,95.5,79.41666666666667,1010.5500000000001,0.0,0.026666666666666672,22.583333333333332,228.14999999999998,0.5499999999999999,7036.666666666667,-108.16666666666667,-6.466666666666666,1.0,2025-06-16T01:02:21.496350976Z
18605.833333333332,95.66666666666667,79.91666666666667,1011.0000000000001,0.0,0.030000000000000002,22.566666666666666,258.4666666666667,0.7333333333333334,6521.5,-106.66666666666667,-5.616666666666667,1.0,2025-06-16T01:11:17.868306688Z
17749.14285714286,95.57142857142857,79.35714285714286,1010.7142857142859,0.0,0.027142857142857146,22.4,261.4714285714286,0.6428571428571427,6397.571428571428,-108.42857142857143,-6.814285714285715,1.0,2025-06-16T01:21:57.895748352Z
16559.571428571428,95.28571428571429,78.92857142857143,1010.2857142857143,0.0,0.024285714285714292,22.428571428571427,186.55714285714285,0.8428571428571426,6844.142857142857,-108.14285714285714,-9.62857142857143,1.0,2025-06-16T01:32:01.005015552Z
18612.5,94.66666666666667,82.41666666666667,1011.0666666666666,0.0,0.030000000000000002,22.099999999999998,269.7,1.0,6528.833333333333,-108.5,-8.116666666666667,1.0,2025-06-16T01:42:17.856689152Z
18614.5,94.0,81.16666666666667,1011.2833333333333,0.0,0.030000000000000002,22.233333333333334,321.91666666666663,0.9666666666666667,6531.166666666667,-108.5,-5.883333333333333,1.0,2025-06-16T01:52:37.836392704Z
16566.571428571428,94.0,77.71428571428571,1010.7428571428571,0.0,0.024285714285714292,22.5,184.9857142857143,1.1,6852.285714285715,-109.42857142857143,-7.785714285714286,1.0,2025-06-16T02:02:00.984394496Z
17760.714285714286,94.0,81.78571428571429,1011.357142857143,0.0,0.027142857142857146,22.342857142857145,226.55714285714288,1.2142857142857142,6410.0,-110.28571428571429,-9.685714285714285,1.0,2025-06-16T02:11:49.304245760Z
17763.14285714286,94.0,82.35714285714286,1011.5285714285714,0.0,0.027142857142857146,22.485714285714288,134.7857142857143,1.5999999999999999,6412.428571428572,-109.28571428571429,-8.785714285714286,1.0,2025-06-16T02:21:57.853948672Z
16574.714285714286,93.71428571428571,83.14285714285714,1011.3142857142857,0.0,0.024285714285714292,22.82857142857143,62.74285714285714,1.7285714285714284,6860.428571428572,-112.14285714285714,-12.428571428571429,1.0,2025-06-16T02:32:00.980309504Z
19826.8,93.4,88.1,1012.4199999999998,0.0,0.034,22.5,176.62,0.8800000000000001,6718.0,-110.6,-9.62,1.0,2025-06-16T02:41:45.795147264Z
17238.333333333332,92.5,87.41666666666667,1011.8333333333334,0.0,0.026666666666666672,22.23333333333333,247.78333333333333,0.6166666666666668,7065.166666666667,-108.66666666666667,-8.233333333333334,1.0,2025-06-16T02:51:31.433931520Z
16497.2,92.4,88.2,1011.86,0.0,0.026000000000000002,21.520000000000003,254.8,0.86,7972.0,-108.2,-7.2,1.0,2025-06-16T03:03:18.459165184Z
17773.714285714286,92.57142857142857,90.28571428571429,1012.3571428571428,0.0,0.027142857142857146,21.442857142857147,240.6142857142857,0.8285714285714285,6424.857142857143,-109.0,-7.214285714285714,1.0,2025-06-16T03:11:49.248844544Z
17245.333333333332,92.5,90.83333333333333,1012.25,0.0,0.026666666666666672,21.349999999999998,241.01666666666665,1.0166666666666666,7073.0,-109.5,-7.6000000000000005,1.0,2025-06-16T03:21:31.422314240Z
18170.2,92.6,90.7,1012.5799999999999,0.0,0.03200000000000001,21.6,248.64000000000001,0.9199999999999999,7354.6,-108.2,-7.640000000000001,1.0,2025-06-16T03:32:50.082211328Z
17780.0,92.14285714285714,90.5,1012.6142857142858,0.0,0.030000000000000002,21.61428571428571,239.79999999999998,0.5857142857142856,6432.285714285715,-108.0,-8.642857142857142,1.0,2025-06-16T03:41:49.233804544Z
18639.5,91.66666666666667,90.33333333333333,1012.8166666666667,0.0,0.03333333333333333,21.61666666666667,177.94999999999996,0.6999999999999998,6558.833333333333,-108.33333333333333,-7.266666666666667,1.0,2025-06-16T03:51:37.761859840Z
17254.0,91.5,89.58333333333333,1012.4000000000001,0.0,0.030000000000000002,21.616666666666664,202.33333333333334,0.6666666666666666,7083.833333333333,-108.66666666666667,-7.866666666666667,1.0,2025-06-16T04:02:51.405297664Z
19843.4,91.8,90.5,1013.2000000000002,0.0,0.038,21.8,182.76,0.54,6737.0,-106.6,-7.459999999999999,1.0,2025-06-16T04:11:09.684173312Z
18645.166666666668,91.66666666666667,89.25,1012.8833333333332,0.0,0.03333333333333333,22.183333333333337,202.75,0.5666666666666668,6565.833333333333,-108.33333333333333,-8.533333333333333,1.0,2025-06-16T04:21:37.732452608Z
17259.833333333332,91.5,87.58333333333333,1012.4666666666667,0.0,0.030000000000000002,22.75,154.29999999999998,0.5833333333333334,7091.666666666667,-107.33333333333333,-8.733333333333333,1.0,2025-06-16T04:32:51.394311424Z
17792.285714285714,91.57142857142857,86.35714285714286,1012.5714285714287,0.0,0.030000000000000002,23.24285714285714,143.17142857142855,0.5571428571428572,6447.142857142857,-109.42857142857143,-9.285714285714286,1.0,2025-06-16T04:41:49.191147264Z
17794.714285714286,91.57142857142857,84.28571428571429,1012.5428571428571,0.0,0.030000000000000002,23.88571428571429,163.21428571428572,0.7857142857142857,6449.571428571428,-108.71428571428571,-8.457142857142857,1.0,2025-06-16T04:51:57.770008064Z
18189.2,91.6,83.0,1012.6199999999999,0.0,0.034,24.46,184.5,0.78,7376.4,-108.4,-7.859999999999999,1.0,2025-06-16T05:01:38.017356544Z
17798.85714285714,91.57142857142857,81.28571428571429,1012.5428571428571,0.0,0.030000000000000002,25.085714285714285,183.77142857142854,1.0714285714285716,6454.571428571428,-108.71428571428571,-7.285714285714286,1.0,2025-06-16T05:11:49.186824192Z
18657.833333333332,91.66666666666667,80.25,1012.8666666666667,0.0,0.03333333333333333,25.516666666666666,150.05,1.0666666666666667,6580.0,-108.33333333333333,-6.833333333333333,1.0,2025-06-16T05:22:07.682046208Z
16615.14285714286,91.42857142857143,78.78571428571429,1012.2428571428572,0.0,0.027142857142857146,26.057142857142857,160.87142857142857,1.257142857142857,6909.285714285715,-108.71428571428571,-8.842857142857143,1.0,2025-06-16T05:32:00.863610624Z
18662.166666666668,92.33333333333333,78.5,1012.9166666666669,0.0,0.03333333333333333,26.383333333333336,153.65,1.4166666666666667,6584.5,-109.16666666666667,-7.233333333333333,1.0,2025-06-16T05:41:17.686559488Z
17807.85714285714,92.71428571428571,76.35714285714286,1012.6428571428572,0.0,0.030000000000000002,26.771428571428572,151.0285714285714,1.442857142857143,6464.428571428572,-108.71428571428571,-8.985714285714286,1.0,2025-06-16T05:51:57.716566272Z
16622.714285714286,93.57142857142857,75.57142857142857,1012.1999999999999,0.0,0.027142857142857146,27.128571428571433,140.4714285714286,1.7571428571428576,6917.428571428572,-109.14285714285714,-8.428571428571429,1.0,2025-06-16T06:02:00.835854336Z
17812.85714285714,93.85714285714286,72.78571428571429,1012.5714285714286,0.0,0.030000000000000002,27.271428571428576,109.64285714285714,1.842857142857143,6469.428571428572,-109.71428571428571,-7.785714285714286,1.0,2025-06-16T06:11:49.442314752Z
17815.285714285714,93.85714285714286,72.5,1012.5857142857142,0.0,0.030000000000000002,27.542857142857144,106.77142857142859,1.6857142857142857,6471.857142857143,-109.14285714285714,-8.557142857142859,1.0,2025-06-16T06:21:57.703665408Z
17288.666666666668,93.66666666666667,72.08333333333333,1012.35,0.0,0.030000000000000002,27.766666666666666,113.50000000000001,1.5833333333333333,7122.666666666667,-108.16666666666667,-6.983333333333334,1.0,2025-06-16T06:31:51.657298688Z
17819.85714285714,95.85714285714286,70.42857142857143,1012.5142857142856,0.0,0.030000000000000002,28.028571428571432,94.55714285714286,1.3285714285714287,6476.857142857143,-108.28571428571429,-9.5,1.0,2025-06-16T06:41:49.126872320Z
18214.4,97.8,70.1,1012.54,0.0,0.036000000000000004,28.52,95.38,1.54,7403.8,-107.6,-6.76,1.0,2025-06-16T06:52:49.979092480Z
17295.333333333332,99.16666666666667,68.5,1012.2500000000001,0.0,0.03166666666666667,28.783333333333335,104.71666666666665,1.7166666666666668,7130.833333333333,-108.83333333333333,-7.833333333333333,1.0,2025-06-16T07:02:51.283495168Z
18681.5,100.0,68.58333333333333,1012.8333333333331,0.0,0.036666666666666674,28.63333333333333,80.78333333333332,2.0833333333333335,6605.833333333333,-107.16666666666667,-7.533333333333334,1.0,2025-06-16T07:12:17.635645440Z
18220.4,100.0,69.6,1012.6200000000001,0.0,0.036000000000000004,28.620000000000005,73.52,1.98,7411.2,-107.8,-6.4,1.0,2025-06-16T07:22:49.939428608Z
18222.2,100.0,69.4,1012.6,0.0,0.036000000000000004,28.859999999999996,74.86,1.32,7413.6,-108.0,-7.56,1.0,2025-06-16T07:32:13.944705792Z
18686.833333333332,100.0,66.25,1012.8166666666666,0.0,0.036666666666666674,29.516666666666666,69.89999999999999,1.9333333333333333,6612.5,-107.66666666666667,-6.266666666666667,1.0,2025-06-16T07:41:17.617885184Z
17833.571428571428,100.0,65.64285714285714,1012.4714285714286,0.0,0.03285714285714286,29.58571428571429,145.15714285714287,2.5714285714285716,6494.142857142857,-107.85714285714286,-8.485714285714286,1.0,2025-06-16T07:51:57.668519424Z
17307.833333333332,100.0,65.08333333333333,1012.1666666666666,0.0,0.03166666666666667,29.733333333333334,53.23333333333333,2.6500000000000004,7146.5,-108.33333333333333,-8.566666666666665,1.0,2025-06-16T08:02:51.265278208Z
17838.14285714286,100.0,64.85714285714286,1012.4,0.0,0.03285714285714286,29.628571428571426,148.17142857142855,2.028571428571429,6499.142857142857,-108.28571428571429,-8.671428571428573,1.0,2025-06-16T08:11:49.083849984Z
19892.6,100.0,63.6,1013.0600000000001,0.0,0.042,29.82,119.83999999999999,2.5799999999999996,6790.4,-105.8,-6.9799999999999995,1.0,2025-06-16T08:21:45.544860416Z
16656.85714285714,100.0,63.357142857142854,1011.9714285714286,0.0,0.028571428571428577,30.242857142857144,64.5142857142857,2.3285714285714287,6958.142857142857,-108.85714285714286,-8.071428571428571,1.0,2025-06-16T08:32:01.087043072Z
17844.714285714286,100.0,63.357142857142854,1012.4142857142857,0.0,0.03285714285714286,30.142857142857142,118.22857142857143,1.9857142857142855,6506.571428571428,-108.71428571428571,-7.785714285714286,1.0,2025-06-16T08:41:49.066059520Z
17847.14285714286,100.0,62.285714285714285,1012.3857142857142,0.0,0.03285714285714286,30.328571428571426,151.17142857142858,2.371428571428571,6509.0,-109.42857142857143,-6.9142857142857155,1.0,2025-06-16T08:51:57.636975872Z
17322.0,100.0,61.833333333333336,1012.1,0.0,0.03166666666666667,30.700000000000003,106.7,2.15,7161.666666666667,-108.66666666666667,-9.466666666666667,1.0,2025-06-16T09:01:21.259186432Z
17851.714285714286,100.0,60.214285714285715,1012.2857142857144,0.0,0.03285714285714286,30.685714285714283,62.285714285714285,2.6285714285714286,6514.0,-107.42857142857143,-9.342857142857143,1.0,2025-06-16T09:11:49.054714112Z
17212.75,100.0,60.25,1012.1,0.0,0.03,30.900000000000002,143.15,2.375,6426.75,-109.75,-8.0,1.0,2025-06-16T09:21:42.654154240Z
16671.571428571428,100.0,59.714285714285715,1011.7428571428571,0.0,0.028571428571428577,30.942857142857143,102.85714285714286,3.0571428571428574,6974.428571428572,-107.85714285714286,-9.700000000000001,1.0,2025-06-16T09:32:00.759227136Z
17858.14285714286,100.0,59.214285714285715,1012.1571428571427,0.0,0.03285714285714286,30.95714285714286,147.31428571428572,3.085714285714286,6521.428571428572,-107.14285714285714,-8.442857142857143,1.0,2025-06-16T09:41:49.060726272Z
17860.571428571428,100.0,59.0,1012.1,0.0,0.03285714285714286,31.0,146.52857142857144,2.6142857142857143,6523.857142857143,-108.57142857142857,-8.27142857142857,1.0,2025-06-16T09:51:57.622880512Z
16679.714285714286,100.0,59.357142857142854,1011.5285714285714,0.0,0.028571428571428577,31.342857142857138,106.54285714285716,2.8000000000000003,6982.571428571428,-107.85714285714286,-9.057142857142855,1.0,2025-06-16T10:02:00.758289664Z
17865.571428571428,100.0,56.642857142857146,1011.9428571428572,0.0,0.03285714285714286,31.52857142857143,92.27142857142859,3.6285714285714286,6528.857142857143,-108.42857142857143,-8.142857142857142,1.0,2025-06-16T10:11:49.038443008Z
17868.0,100.0,57.642857142857146,1011.9857142857144,0.0,0.03285714285714286,31.37142857142857,136.11428571428573,2.9857142857142853,6531.285714285715,-108.42857142857143,-8.571428571428571,1.0,2025-06-16T10:21:57.604162048Z
16687.85714285714,100.0,57.92857142857143,1011.5142857142857,0.0,0.011428571428571429,31.35714285714286,79.39999999999999,2.9428571428571426,6990.714285714285,-107.85714285714286,-8.257142857142856,1.0,2025-06-16T10:32:01.051945216Z
18726.166666666668,100.0,57.583333333333336,1012.2166666666666,0.0,0.016666666666666666,31.216666666666665,108.13333333333334,2.85,6654.833333333333,-108.33333333333333,-6.983333333333334,1.0,2025-06-16T10:42:17.558627072Z
18728.166666666668,100.0,58.416666666666664,1012.1,0.0,0.016666666666666666,31.28333333333333,54.06666666666666,3.866666666666667,6656.833333333333,-108.83333333333333,-6.75,1.0,2025-06-16T10:51:37.903801344Z
16694.85714285714,100.0,57.785714285714285,1011.2428571428571,0.0,0.011428571428571429,31.571428571428573,71.38571428571429,3.9857142857142853,6998.857142857143,-108.14285714285714,-8.12857142857143,1.0,2025-06-16T11:02:00.762794240Z
17879.571428571428,100.0,58.07142857142857,1011.5714285714286,0.0,0.015714285714285712,31.400000000000002,150.78571428571428,3.8285714285714283,6543.714285714285,-109.28571428571429,-6.3428571428571425,1.0,2025-06-16T11:11:49.330753024Z
17356.166666666668,100.0,59.0,1011.2833333333333,0.0,0.011666666666666667,31.466666666666665,82.31666666666666,4.016666666666667,7198.5,-108.66666666666667,-5.166666666666666,1.0,2025-06-16T11:22:31.197290752Z
16702.85714285714,100.0,58.07142857142857,1011.0428571428572,0.0,0.008571428571428572,31.685714285714287,121.25714285714285,3.8,7007.0,-108.42857142857143,-9.285714285714286,1.0,2025-06-16T11:32:00.723832832Z
18739.166666666668,100.0,56.166666666666664,1011.6333333333333,0.0,0.013333333333333334,31.25,111.28333333333335,4.033333333333334,6668.833333333333,-108.0,-6.916666666666667,1.0,2025-06-16T11:42:17.557217024Z
17888.714285714286,100.0,54.357142857142854,1011.1428571428571,0.0,0.011428571428571429,31.628571428571426,116.22857142857143,4.371428571428572,6553.571428571428,-109.0,-7.071428571428571,1.0,2025-06-16T11:51:57.577777664Z
17365.833333333332,100.0,56.583333333333336,1010.8333333333334,0.0,0.006666666666666667,30.7,74.7,4.233333333333333,7208.833333333333,-108.0,-6.5,1.0,2025-06-16T12:01:51.208638464Z
18745.5,100.0,55.5,1011.0,0.0,0.013333333333333334,29.983333333333334,164.55000000000004,3.7000000000000006,6675.833333333333,-108.16666666666667,-7.516666666666667,1.0,2025-06-16T12:12:17.510098176Z
17895.285714285714,100.0,55.92857142857143,1010.1142857142856,0.0,0.011428571428571429,29.299999999999994,146.55714285714288,4.871428571428571,6561.0,-109.28571428571429,-7.542857142857143,1.0,2025-06-16T12:21:57.574604032Z
16717.428571428572,100.0,57.57142857142857,1009.9285714285713,0.0,0.0071428571428571435,28.87142857142857,111.35714285714285,2.8857142857142857,7023.285714285715,-108.42857142857143,-7.528571428571429,1.0,2025-06-16T12:32:00.709200128Z
17900.285714285714,100.0,55.5,1010.6857142857143,0.0,0.015714285714285715,28.685714285714283,114.7857142857143,3.1,6566.0,-109.28571428571429,-8.27142857142857,1.0,2025-06-16T12:41:48.983623936Z
17902.714285714286,100.0,55.92857142857143,1010.5714285714286,0.0,0.027142857142857146,28.285714285714285,124.61428571428569,3.1285714285714286,6568.428571428572,-107.57142857142857,-10.242857142857144,1.0,2025-06-16T12:51:57.548009984Z
16725.571428571428,100.0,57.92857142857143,1010.4571428571428,0.0,0.03571428571428571,27.714285714285715,96.84285714285714,2.514285714285714,7031.428571428572,-108.42857142857143,-7.871428571428573,1.0,2025-06-16T13:02:01.011990272Z
17907.714285714286,100.0,56.42857142857143,1011.4142857142857,0.0,0.03571428571428571,27.657142857142855,95.29999999999998,2.5142857142857147,6573.428571428572,-108.42857142857143,-7.571428571428571,1.0,2025-06-16T13:11:48.972163328Z
17910.14285714286,100.0,59.857142857142854,1011.8285714285714,0.0,0.03571428571428571,27.12857142857143,115.21428571428571,2.057142857142857,6575.857142857143,-109.28571428571429,-7.799999999999999,1.0,2025-06-16T13:21:57.550952192Z
16733.714285714286,100.0,66.42857142857143,1011.8428571428573,0.0,0.045714285714285714,26.300000000000004,169.14285714285714,2.085714285714286,7039.571428571428,-106.57142857142857,-10.042857142857143,1.0,2025-06-16T13:32:00.679610624Z
17915.14285714286,100.0,66.07142857142857,1012.4714285714286,0.0,0.051428571428571435,25.91428571428571,126.52857142857144,1.9000000000000001,6580.857142857143,-108.71428571428571,-8.085714285714285,1.0,2025-06-16T13:41:48.964268288Z
17917.571428571428,100.0,64.71428571428571,1012.342857142857,0.0,0.08,25.78571428571428,192.34285714285713,3.3857142857142857,6583.285714285715,-107.71428571428571,-6.785714285714286,1.0,2025-06-16T13:51:57.520687872Z
17396.166666666668,100.0,69.16666666666667,1013.7333333333332,0.0,0.11333333333333334,24.900000000000002,248.9166666666667,5.5,7240.0,-107.33333333333333,-7.483333333333333,1.0,2025-06-16T14:01:21.147272448Z
17922.14285714286,100.0,81.14285714285714,1015.2285714285714,0.0,0.5971428571428571,21.114285714285717,267.72857142857146,8.842857142857143,6588.285714285715,-109.28571428571429,-8.62857142857143,1.0,2025-06-16T14:11:48.931848960Z
17401.0,100.0,91.16666666666667,1015.8833333333333,0.0,1.8083333333333333,19.183333333333334,287.31666666666666,9.266666666666667,7245.5,-105.0,-11.466666666666667,1.0,2025-06-16T14:22:31.131938816Z
16749.285714285714,100.0,91.14285714285714,1016.4,0.0,2.7871428571428574,18.728571428571428,282.4428571428571,6.628571428571428,7055.857142857143,-108.28571428571429,-7.971428571428571,1.0,2025-06-16T14:32:00.665710592Z
17929.285714285714,100.0,91.57142857142857,1016.3714285714286,0.0,3.9685714285714284,18.442857142857147,293.2142857142857,6.7,6595.714285714285,-109.0,-6.257142857142857,1.0,2025-06-16T14:41:48.906088960Z
17931.714285714286,100.0,91.35714285714286,1016.2571428571429,0.0,4.591428571428572,18.385714285714283,254.90000000000003,5.785714285714286,6598.142857142857,-108.0,-9.657142857142857,1.0,2025-06-16T14:51:57.475064576Z
18326.6,100.0,91.8,1016.4,0.0,5.220000000000001,18.32,310.54,4.92,7524.4,-104.8,-12.0,1.0,2025-06-16T15:01:37.777424896Z
17935.85714285714,100.0,92.21428571428571,1016.3714285714286,0.0,6.111428571428571,18.342857142857145,300.15714285714284,3.8142857142857145,6603.142857142857,-108.85714285714286,-8.728571428571428,1.0,2025-06-16T15:11:48.893405696Z
19978.2,100.0,92.1,1016.6,0.0,7.483999999999999,18.4,289.66,4.08,6880.4,-105.0,-9.16,1.0,2025-06-16T15:22:57.325202176Z
16763.285714285714,100.0,92.07142857142857,1015.0428571428572,0.0,9.131428571428572,18.271428571428572,279.8,3.4857142857142853,7072.142857142857,-109.0,-8.528571428571428,1.0,2025-06-16T15:32:00.631481600Z
17419.833333333332,100.0,91.91666666666667,1015.1833333333334,0.0,10.056666666666667,18.3,214.56666666666663,2.733333333333333,7266.333333333333,-104.33333333333333,-12.6,1.0,2025-06-16T15:41:41.082219520Z
17944.571428571428,100.0,92.21428571428571,1014.8857142857142,0.0,11.141428571428571,18.37142857142857,200.68571428571428,1.7571428571428573,6613.0,-108.42857142857143,-6.485714285714287,1.0,2025-06-16T15:51:57.447561472Z
16771.285714285714,100.0,92.78571428571429,1013.8857142857142,0.0,12.161428571428571,18.342857142857145,159.98571428571427,1.9428571428571426,7080.285714285715,-106.0,-8.657142857142857,1.0,2025-06-16T16:02:00.596207104Z
17949.571428571428,100.0,92.5,1014.0714285714286,0.0,12.578571428571427,18.37142857142857,135.74285714285716,2.1142857142857143,6618.0,-108.57142857142857,-9.614285714285714,1.0,2025-06-16T16:11:48.853812992Z
17430.0,100.0,93.08333333333333,1013.9,0.0,12.718333333333334,18.349999999999998,146.83333333333334,2.25,7276.833333333333,-106.16666666666667,-8.783333333333333,1.0,2025-06-16T16:22:31.064104192Z
17432.333333333332,100.0,92.91666666666667,1013.4166666666666,0.0,12.774999999999999,18.333333333333332,122.85000000000001,2.4166666666666665,7279.5,-108.16666666666667,-8.883333333333333,1.0,2025-06-16T16:32:21.059792128Z
17956.285714285714,100.0,92.92857142857143,1013.5285714285714,0.0,12.784285714285714,18.414285714285715,137.65714285714284,2.2,6625.428571428572,-108.57142857142857,-6.885714285714286,1.0,2025-06-16T16:41:48.847640064Z
18807.5,100.0,93.5,1013.6666666666669,0.0,12.833333333333334,18.61666666666667,164.28333333333333,2.216666666666667,6741.0,-108.16666666666667,-5.366666666666667,1.0,2025-06-16T16:52:07.385526272Z
17323.5,100.0,93.375,1013.2750000000001,0.0,12.7475,18.674999999999997,175.075,2.55,6545.25,-109.5,-6.5,1.0,2025-06-16T17:00:57.448642816Z
18354.8,100.0,92.9,1013.82,0.0,12.834,18.96,186.85999999999999,2.4400000000000004,7556.8,-107.2,-3.7,1.0,2025-06-16T17:12:13.692461824Z
17963.85714285714,100.0,91.78571428571429,1014.0571428571428,0.0,12.784285714285714,19.214285714285715,184.37142857142857,2.5285714285714285,6635.285714285715,-107.14285714285714,-7.471428571428571,1.0,2025-06-16T17:21:57.374033920Z
16792.285714285714,100.0,90.21428571428571,1014.157142857143,0.0,12.735714285714284,19.54285714285714,197.75714285714284,1.9285714285714288,7104.714285714285,-106.14285714285714,-11.328571428571427,1.0,2025-06-16T17:32:00.557572864Z
20005.0,100.0,87.9,1015.4399999999999,0.0,12.91,20.04,178.10000000000002,4.340000000000001,6910.0,-107.0,-7.9,1.0,2025-06-16T17:41:45.241748224Z
17970.428571428572,100.0,86.21428571428571,1015.0428571428572,0.0,12.80142857142857,20.24285714285714,158.32857142857142,3.0857142857142854,6642.714285714285,-109.42857142857143,-7.914285714285714,1.0,2025-06-16T17:51:57.353335296Z
17451.833333333332,100.0,85.41666666666667,1014.9166666666666,0.0,12.786666666666667,20.333333333333332,98.75000000000001,1.9166666666666667,7302.666666666667,-109.83333333333333,-8.0,1.0,2025-06-16T18:01:20.995910400Z
17975.0,100.0,86.78571428571429,1015.3285714285714,0.0,12.80142857142857,20.32857142857143,214.84285714285713,1.9428571428571428,6647.714285714285,-110.14285714285714,-10.200000000000001,1.0,2025-06-16T18:11:48.777274880Z
17977.428571428572,100.0,88.28571428571429,1015.4714285714286,0.0,12.80142857142857,20.142857142857142,213.42857142857147,1.8,6650.142857142857,-109.14285714285714,-9.12857142857143,1.0,2025-06-16T18:21:57.345894656Z
17459.166666666668,100.0,89.5,1015.4833333333335,0.0,12.786666666666667,19.6,204.76666666666665,2.1833333333333336,7310.833333333333,-108.33333333333333,-6.466666666666666,1.0,2025-06-16T18:32:20.974271744Z
17982.0,100.0,89.85714285714286,1015.8000000000001,0.0,12.80142857142857,19.542857142857144,230.12857142857143,1.2714285714285716,6655.142857142857,-108.85714285714286,-7.885714285714286,1.0,2025-06-16T18:41:48.764352512Z
17984.428571428572,100.0,90.35714285714286,1015.9857142857143,0.0,10.959999999999999,19.385714285714283,160.58571428571426,0.9571428571428572,6657.571428571428,-109.71428571428571,-8.1,1.0,2025-06-16T18:51:57.315708928Z
17466.5,100.0,90.16666666666667,1015.9500000000002,0.0,10.638333333333334,19.25,143.39999999999998,0.65,7318.666666666667,-109.0,-7.8500000000000005,1.0,2025-06-16T19:02:20.959244032Z
17989.0,100.0,90.64285714285714,1016.1857142857144,0.0,9.124285714285715,19.214285714285715,169.22857142857143,0.5142857142857143,6662.571428571428,-109.57142857142857,-6.928571428571429,1.0,2025-06-16T19:11:48.722800896Z
17471.333333333332,100.0,91.5,1015.9833333333332,0.0,10.645000000000001,19.150000000000002,157.56666666666666,0.9833333333333333,7323.666666666667,-108.66666666666667,-6.633333333333333,1.0,2025-06-16T19:21:30.951225088Z
17473.666666666668,100.0,92.08333333333333,1015.9666666666667,0.0,10.645000000000001,19.05,152.75,0.9166666666666666,7326.166666666667,-109.16666666666667,-7.7,1.0,2025-06-16T19:31:20.945392384Z
20029.0,100.0,92.9,1016.9399999999999,0.0,7.7780000000000005,18.9,151.49999999999997,0.9400000000000001,6935.6,-111.4,-9.72,1.0,2025-06-16T19:41:45.147503104Z
17997.285714285714,100.0,92.92857142857143,1016.4285714285714,0.0,9.124285714285715,18.542857142857144,194.97142857142856,0.5857142857142856,6672.428571428572,-108.57142857142857,-7.514285714285713,1.0,2025-06-16T19:51:57.276119808Z
16828.285714285714,99.85714285714286,94.0,1016.0428571428572,0.0,10.927142857142856,18.17142857142857,224.8714285714286,0.7285714285714285,7145.428571428572,-109.71428571428571,-6.557142857142858,1.0,2025-06-16T20:02:00.460670976Z
18395.2,99.6,94.6,1016.72,0.0,10.302000000000001,18.02,185.94,0.6000000000000001,7600.8,-107.6,-6.24,1.0,2025-06-16T20:11:02.013368064Z
18004.0,99.57142857142857,95.21428571428571,1016.8000000000001,0.0,9.161428571428571,17.928571428571427,205.82857142857142,0.6285714285714284,6679.857142857143,-108.14285714285714,-9.285714285714286,1.0,2025-06-16T20:21:57.571255808Z
16835.714285714286,99.42857142857143,95.85714285714286,1016.4714285714286,0.0,10.927142857142856,17.67142857142857,226.85714285714283,0.6428571428571427,7153.571428571428,-108.28571428571429,-8.700000000000001,1.0,2025-06-16T20:32:00.445085696Z
18009.0,99.42857142857143,95.64285714285714,1016.7714285714286,0.0,9.164285714285715,17.87142857142857,242.17142857142858,0.6285714285714284,6684.857142857143,-107.85714285714286,-8.471428571428572,1.0,2025-06-16T20:41:48.674612992Z
18857.833333333332,99.33333333333333,95.5,1017.0333333333333,0.0,8.610000000000001,18.016666666666666,181.5666666666667,0.6666666666666666,6796.833333333333,-108.33333333333333,-6.283333333333334,1.0,2025-06-16T20:51:37.166234368Z
16843.285714285714,99.14285714285714,95.35714285714286,1016.3285714285714,0.0,10.928571428571429,17.72857142857143,209.75714285714284,0.6857142857142856,7161.714285714285,-109.0,-8.114285714285714,1.0,2025-06-16T21:02:00.417039616Z
18862.166666666668,99.0,93.58333333333333,1017.0999999999999,0.0,8.615,18.183333333333334,254.28333333333333,1.1666666666666667,6801.666666666667,-108.66666666666667,-6.55,1.0,2025-06-16T21:11:47.158493184Z
18018.0,98.85714285714286,93.78571428571429,1016.9428571428571,0.0,9.312857142857142,18.000000000000004,258.18571428571425,1.0142857142857145,6694.714285714285,-109.71428571428571,-8.357142857142858,1.0,2025-06-16T21:21:57.220619520Z
16850.85714285714,98.42857142857143,95.07142857142857,1016.4857142857143,0.0,11.244285714285713,17.814285714285717,226.72857142857143,0.7857142857142856,7169.857142857143,-109.85714285714286,-9.5,1.0,2025-06-16T21:32:00.409522432Z
18868.833333333332,98.66666666666667,93.66666666666667,1017.0666666666666,0.0,9.531666666666668,18.03333333333333,235.9,0.8833333333333333,6808.833333333333,-108.0,-5.900000000000001,1.0,2025-06-16T21:42:17.135488768Z
18025.0,98.28571428571429,92.42857142857143,1016.8142857142858,0.0,10.094285714285714,18.014285714285716,239.67142857142858,1.042857142857143,6702.142857142857,-108.28571428571429,-6.199999999999998,1.0,2025-06-16T21:51:57.193363968Z
16858.428571428572,98.0,94.42857142857143,1016.4857142857143,0.0,11.631428571428572,17.97142857142857,212.77142857142857,0.7714285714285714,7178.0,-109.57142857142857,-6.771428571428571,1.0,2025-06-16T22:02:00.384803328Z
18030.0,97.42857142857143,92.57142857142857,1016.8285714285714,0.0,10.535714285714286,18.057142857142857,227.02857142857144,1.5571428571428572,6707.142857142857,-108.0,-7.442857142857143,1.0,2025-06-16T22:11:48.615636224Z
18032.428571428572,97.42857142857143,92.85714285714286,1016.7857142857143,0.0,10.73857142857143,18.071428571428573,245.55714285714285,1.5857142857142856,6709.571428571428,-108.0,-7.728571428571428,1.0,2025-06-16T22:21:57.176474368Z
16866.571428571428,96.85714285714286,93.85714285714286,1016.3428571428573,0.0,11.998571428571427,17.999999999999996,252.45714285714286,1.2285714285714284,7186.142857142857,-109.57142857142857,-8.542857142857143,1.0,2025-06-16T22:32:00.689875200Z
18151.0,97.0,93.2,1016.6800000000001,0.0,9.862,18.080000000000002,299.34000000000003,2.2600000000000002,5856.2,-110.6,-8.18,1.0,2025-06-16T22:42:28.804558848Z
18039.14285714286,96.28571428571429,91.78571428571429,1016.6857142857143,0.0,11.034285714285714,18.228571428571428,302.2142857142857,1.6428571428571428,6717.0,-110.71428571428571,-10.071428571428571,1.0,2025-06-16T22:51:57.172380928Z
17524.0,96.33333333333333,92.08333333333333,1016.5166666666668,0.0,12.15333333333333,18.150000000000002,300.0,2.0333333333333337,7381.333333333333,-109.5,-7.666666666666667,1.0,2025-06-16T23:02:20.820938752Z
18888.5,96.0,92.75,1016.9499999999999,0.0,10.808333333333332,18.166666666666668,293.95,2.3,6829.833333333333,-108.16666666666667,-6.0,1.0,2025-06-16T23:12:17.078944512Z
18890.5,96.0,91.75,1016.8666666666667,0.0,10.83,18.266666666666666,296.48333333333335,2.0166666666666666,6832.0,-108.83333333333333,-6.25,1.0,2025-06-16T23:22:07.062792960Z
16880.285714285714,95.57142857142857,90.71428571428571,1016.3285714285714,0.0,12.27142857142857,18.314285714285717,281.71428571428567,1.9285714285714284,7202.428571428572,-108.42857142857143,-9.700000000000001,1.0,2025-06-16T23:32:00.355089664Z
18894.833333333332,95.66666666666667,91.08333333333333,1016.7333333333335,0.0,10.836666666666666,18.400000000000002,324.7,1.9000000000000001,6836.666666666667,-108.66666666666667,-6.6000000000000005,1.0,2025-06-16T23:41:47.054478080Z
18896.833333333332,95.5,91.0,1016.6500000000001,0.0,10.836666666666666,18.383333333333336,319.43333333333334,1.7500000000000002,6839.166666666667,-108.5,-5.883333333333333,1.0,2025-06-16T23:52:37.040770304Z
16887.285714285714,95.28571428571429,91.85714285714286,1016.0571428571428,0.0,12.272857142857143,18.12857142857143,315.07142857142856,1.8000000000000003,7210.571428571428,-109.14285714285714,-8.114285714285714,1.0,2025-06-17T00:02:00.641752576Z
18901.166666666668,94.66666666666667,92.41666666666667,1016.6333333333333,0.0,10.836666666666666,18.15,285.25,2.4333333333333336,6843.833333333333,-108.66666666666667,-7.866666666666667,1.0,2025-06-17T00:12:17.029233920Z
18058.85714285714,94.42857142857143,92.78571428571429,1016.5142857142857,0.0,11.118571428571428,18.014285714285716,286.87142857142857,2.0142857142857142,6739.285714285715,-108.85714285714286,-9.414285714285715,1.0,2025-06-17T00:21:57.098739456Z
17544.5,94.0,92.58333333333333,1016.3833333333333,0.0,12.186666666666666,17.983333333333334,303.5833333333333,1.8333333333333333,7405.0,-108.83333333333333,-7.95,1.0,2025-06-17T00:32:50.770510592Z
18907.5,94.0,91.66666666666667,1016.8499999999999,0.0,10.839999999999998,18.166666666666664,281.2833333333333,2.4,6850.666666666667,-109.16666666666667,-7.416666666666667,1.0,2025-06-17T00:41:47.024560896Z
18065.428571428572,93.85714285714286,91.5,1016.5857142857142,0.0,11.12,18.157142857142855,287.88571428571424,2.228571428571428,6746.714285714285,-109.85714285714286,-9.142857142857142,1.0,2025-06-17T00:51:57.085304832Z
17551.333333333332,93.5,91.0,1016.4333333333333,0.0,12.186666666666666,18.150000000000002,299.5,2.1166666666666667,7412.333333333333,-109.33333333333333,-8.133333333333333,1.0,2025-06-17T01:01:20.772025344Z
18913.833333333332,93.33333333333333,90.66666666666667,1016.9666666666667,0.0,10.839999999999998,18.23333333333333,287.53333333333336,2.2,6857.5,-108.83333333333333,-7.766666666666667,1.0,2025-06-17T01:11:17.006751488Z
18072.0,93.14285714285714,90.57142857142857,1016.7142857142859,0.0,11.12,18.185714285714283,283.95714285714286,2.1,6754.142857142857,-108.42857142857143,-8.457142857142857,1.0,2025-06-17T01:21:57.072825088Z
17558.166666666668,93.0,90.41666666666667,1016.6166666666667,0.0,12.201666666666666,18.150000000000002,298.68333333333334,2.033333333333333,7420.666666666667,-109.0,-7.416666666666667,1.0,2025-06-17T01:32:50.741721856Z
18920.166666666668,93.0,91.16666666666667,1017.0666666666667,0.0,10.881666666666666,18.066666666666666,288.45000000000005,1.8,6864.666666666667,-110.16666666666667,-7.783333333333334,1.0,2025-06-17T01:41:46.993850368Z
18922.166666666668,93.0,91.91666666666667,1017.0,0.0,10.916666666666666,17.95,306.9666666666667,1.9166666666666667,6867.166666666667,-108.5,-6.7,1.0,2025-06-17T01:52:36.966764544Z
16915.285714285714,92.28571428571429,91.71428571428571,1016.4999999999999,0.0,12.414285714285715,17.885714285714283,317.11428571428576,1.8,7243.142857142857,-108.42857142857143,-10.028571428571428,1.0,2025-06-17T02:02:00.255243520Z
16845.4,91.8,90.9,1016.4,0.0,13.91,17.84,321.76,2.14,8361.0,-107.6,-8.940000000000001,1.0,2025-06-17T02:12:41.858654720Z
17569.5,91.83333333333333,91.58333333333333,1016.5666666666666,0.0,12.501666666666665,17.716666666666665,254.8833333333333,1.9166666666666667,7433.333333333333,-109.83333333333333,-9.700000000000001,1.0,2025-06-17T02:21:30.692793344Z
16923.0,91.71428571428571,92.57142857142857,1016.242857142857,0.0,12.578571428571431,17.557142857142857,293.5571428571428,1.8285714285714287,7251.285714285715,-109.57142857142857,-9.542857142857143,1.0,2025-06-17T02:32:00.572118784Z
17574.666666666668,91.5,93.41666666666667,1016.3666666666667,0.0,12.523333333333335,17.483333333333334,274.2666666666667,1.9833333333333334,7438.666666666667,-108.83333333333333,-8.316666666666666,1.0,2025-06-17T02:41:40.729103616Z
18485.2,91.6,94.1,1016.6,0.0,12.452000000000002,17.5,277.78000000000003,2.3400000000000003,7699.8,-108.8,-8.7,1.0,2025-06-17T02:52:49.332432896Z
18487.0,91.6,94.0,1016.6,0.0,12.482000000000001,17.52,279.9,2.2199999999999998,7701.8,-107.8,-10.7,1.0,2025-06-17T03:01:01.333730816Z
18095.285714285714,90.71428571428571,94.0,1016.4857142857144,0.0,11.518571428571429,17.485714285714288,270.37142857142857,2.7,6781.428571428572,-108.71428571428571,-9.457142857142857,1.0,2025-06-17T03:11:48.419947264Z
17583.166666666668,90.33333333333333,93.75,1016.3166666666667,0.0,12.573333333333332,17.5,284.56666666666666,3.0000000000000004,7449.0,-107.66666666666667,-9.0,1.0,2025-06-17T03:21:30.676823808Z
17585.5,90.33333333333333,93.58333333333333,1016.2666666666668,0.0,12.586666666666668,17.566666666666666,279.09999999999997,2.766666666666667,7451.833333333333,-109.5,-11.033333333333333,1.0,2025-06-17T03:32:20.665993984Z
18944.166666666668,90.33333333333333,94.16666666666667,1016.6666666666666,0.0,11.325000000000001,17.599999999999998,267.40000000000003,3.25,6892.5,-111.0,-10.166666666666666,1.0,2025-06-17T03:41:16.921270016Z
18104.0,89.85714285714286,93.78571428571429,1016.4285714285714,0.0,11.565714285714288,17.61428571428571,269.14285714285717,3.3,6791.285714285715,-110.28571428571429,-9.242857142857144,1.0,2025-06-17T03:51:56.976490752Z
16001.0,89.5,93.08333333333333,1015.8333333333334,0.0,12.146666666666667,17.616666666666664,288.8833333333334,2.866666666666667,6534.833333333333,-110.33333333333333,-10.799999999999999,1.0,2025-06-17T04:01:17.148699904Z
17359.5,88.83333333333333,93.16666666666667,1016.2166666666667,0.0,10.873333333333335,17.63333333333333,272.45,3.5,5975.166666666667,-111.0,-11.85,1.0,2025-06-17T04:11:03.498981632Z
18952.5,89.0,93.58333333333333,1016.6999999999999,0.0,11.354999999999999,17.683333333333334,268.8833333333333,3.4499999999999997,6902.0,-110.33333333333333,-7.216666666666666,1.0,2025-06-17T04:22:06.867702784Z
16951.14285714286,88.71428571428571,92.35714285714286,1016.1428571428572,0.0,12.678571428571429,17.714285714285715,287.2857142857143,3.0571428571428574,7283.857142857143,-108.85714285714286,-8.071428571428571,1.0,2025-06-17T04:32:00.183263744Z
18226.4,88.8,92.9,1016.6200000000001,0.0,10.476,17.76,268.1,3.72,5942.4,-110.2,-7.980000000000001,1.0,2025-06-17T04:41:28.547644160Z
18117.14285714286,88.85714285714286,92.57142857142857,1016.6000000000001,0.0,11.598571428571429,17.82857142857143,280.3,2.942857142857143,6806.142857142857,-109.85714285714286,-7.842857142857143,1.0,2025-06-17T04:51:56.918474240Z
16958.428571428572,88.71428571428571,92.14285714285714,1016.2285714285715,0.0,12.69857142857143,17.814285714285713,295.4714285714286,2.8428571428571425,7292.0,-108.14285714285714,-10.614285714285714,1.0,2025-06-17T05:02:00.164175872Z
18963.166666666668,89.0,93.66666666666667,1016.9500000000002,0.0,11.568333333333333,17.783333333333335,288.91666666666663,3.1666666666666665,6913.5,-108.16666666666667,-6.766666666666667,1.0,2025-06-17T05:11:16.831313920Z
18965.166666666668,89.0,94.66666666666667,1017.0333333333333,0.0,11.850000000000001,17.71666666666667,284.8833333333333,3.0,6916.166666666667,-108.5,-7.983333333333334,1.0,2025-06-17T05:22:36.816563456Z
16023.333333333334,88.5,93.83333333333333,1016.25,0.0,12.556666666666667,17.633333333333336,249.25,2.6,6560.5,-109.66666666666667,-10.816666666666668,1.0,2025-06-17T05:32:07.091701504Z
18128.428571428572,88.85714285714286,94.57142857142857,1016.9857142857143,0.0,12.251428571428573,17.742857142857144,293.9,2.6142857142857143,6818.571428571428,-108.14285714285714,-8.928571428571429,1.0,2025-06-17T05:41:48.312957440Z
20148.6,89.2,94.5,1017.72,0.0,11.9,17.919999999999998,296.5,2.8,7066.0,-108.4,-6.14,1.0,2025-06-17T05:52:56.679024128Z
16972.14285714286,88.71428571428571,95.0,1016.7428571428572,0.0,13.638571428571426,17.685714285714283,303.6285714285714,2.185714285714286,7308.285714285715,-110.85714285714286,-7.542857142857143,1.0,2025-06-17T06:02:00.107043328Z
18135.0,89.28571428571429,95.21428571428571,1017.1571428571427,0.0,12.548571428571426,17.928571428571427,291.1571428571429,2.1,6826.0,-110.0,-9.857142857142858,1.0,2025-06-17T06:11:48.292355584Z
18137.428571428572,89.85714285714286,94.85714285714286,1017.2,0.0,12.57142857142857,18.014285714285712,288.9428571428571,2.5142857142857147,6828.428571428572,-109.57142857142857,-9.885714285714286,1.0,2025-06-17T06:21:56.853651712Z
17627.166666666668,89.66666666666667,94.83333333333333,1016.9333333333333,0.0,13.616666666666665,18.01666666666667,292.84999999999997,2.5,7498.5,-108.66666666666667,-7.5,1.0,2025-06-17T06:31:20.549381888Z
18142.0,89.85714285714286,94.57142857142857,1017.1285714285714,0.0,12.618571428571428,18.214285714285715,283.0285714285714,2.3714285714285714,6833.428571428572,-109.14285714285714,-7.4142857142857155,1.0,2025-06-17T06:41:48.277498368Z
18144.428571428572,90.71428571428571,94.0,1017.1,0.0,12.632857142857144,18.4,285.8428571428571,2.871428571428571,6835.857142857143,-108.28571428571429,-7.971428571428573,1.0,2025-06-17T06:51:57.167025920Z
16987.85714285714,90.42857142857143,94.0,1016.7428571428571,0.0,13.748571428571429,18.485714285714288,295.3,2.957142857142857,7324.571428571428,-109.0,-8.785714285714286,1.0,2025-06-17T07:02:00.106456832Z
18149.428571428572,91.14285714285714,97.85714285714286,1808.2428571428572,36.42857142857143,104.23285714285714,16.071428571428573,242.2428571428571,938.3142857142857,6840.857142857143,-109.71428571428571,-5.971428571428571,1.0,2025-06-17T07:11:48.862159616Z
20167.2,92.8,92.1,1017.82,0.0,12.026,18.9,279.56000000000006,1.6599999999999997,7085.0,-108.2,-7.640000000000001,1.0,2025-06-17T07:22:20.623418368Z
18546.6,92.6,92.3,1017.4199999999998,0.0,13.588,18.94,294.17999999999995,2.2600000000000002,7768.6,-107.4,-7.3,1.0,2025-06-17T07:31:37.610040576Z
18994.833333333332,92.66666666666667,92.0,1017.7166666666666,0.0,12.38,19.116666666666664,295.81666666666666,1.4833333333333334,6948.833333333333,-110.16666666666667,-12.566666666666668,1.0,2025-06-17T07:42:16.737946368Z
18157.14285714286,93.14285714285714,91.35714285714286,1017.5285714285714,0.0,12.635714285714286,19.271428571428572,285.8285714285714,1.857142857142857,6850.714285714285,-109.71428571428571,-8.72857142857143,1.0,2025-06-17T07:51:56.816332800Z
18552.8,93.4,91.9,1017.5799999999999,0.0,13.613999999999999,19.360000000000003,300.03999999999996,1.8799999999999997,7775.8,-108.6,-7.2,1.0,2025-06-17T08:01:01.159422720Z
17649.5,93.5,91.25,1017.3666666666668,0.0,13.711666666666668,19.4,296.7,1.7666666666666666,7525.0,-109.5,-7.616666666666667,1.0,2025-06-17T08:12:40.868761600Z
17651.833333333332,94.66666666666667,91.33333333333333,1017.4166666666666,0.0,13.735,19.450000000000003,307.4333333333334,1.9666666666666668,7527.5,-106.83333333333333,-9.366666666666667,1.0,2025-06-17T08:22:30.500485888Z
16303.833333333334,94.33333333333333,92.08333333333333,1017.0,0.0,15.046666666666667,19.433333333333334,327.3833333333334,2.0500000000000003,8099.833333333333,-108.0,-7.066666666666666,1.0,2025-06-17T08:32:14.650232832Z
16941.6,94.4,91.3,1017.18,0.0,15.241999999999999,19.56,320.3,1.7,8470.2,-107.6,-7.26,1.0,2025-06-17T08:42:41.673545728Z
18169.714285714286,95.42857142857143,88.78571428571429,1017.6142857142858,0.0,12.77,20.0,312.7142857142857,1.7428571428571427,6865.571428571428,-106.28571428571429,-11.942857142857141,1.0,2025-06-17T08:51:56.773601792Z
18565.8,96.4,88.7,1017.7,0.0,13.723999999999998,20.279999999999998,256.2,1.56,7791.2,-108.4,-4.9799999999999995,1.0,2025-06-17T09:02:49.116269824Z
18173.85714285714,96.57142857142857,86.21428571428571,1017.657142857143,0.0,12.775714285714287,20.7,243.45714285714288,2.3857142857142857,6870.571428571428,-109.71428571428571,-6.571428571428571,1.0,2025-06-17T09:11:48.199035392Z
18176.285714285714,98.28571428571429,84.35714285714286,1017.6857142857144,0.0,12.775714285714287,20.900000000000002,146.72857142857146,2.4428571428571426,6873.0,-109.71428571428571,-7.314285714285715,1.0,2025-06-17T09:21:56.760787456Z
17022.714285714286,98.57142857142857,84.21428571428571,1017.3285714285715,0.0,13.90857142857143,20.942857142857143,158.77142857142857,1.9285714285714288,7365.285714285715,-109.57142857142857,-9.014285714285714,1.0,2025-06-17T09:32:00.041239040Z
19019.5,99.0,82.33333333333333,1017.9166666666669,0.0,12.51,21.399999999999995,82.06666666666668,2.0833333333333335,6976.666666666667,-107.66666666666667,-6.1499999999999995,1.0,2025-06-17T09:41:46.668384256Z
18183.285714285714,98.85714285714286,81.21428571428571,1017.6142857142858,0.0,12.782857142857143,21.571428571428566,67.55714285714286,1.457142857142857,6880.428571428572,-109.28571428571429,-6.671428571428572,1.0,2025-06-17T09:51:56.730234624Z
17030.285714285714,98.85714285714286,81.42857142857143,1017.2142857142859,0.0,13.962857142857144,21.45714285714286,115.82857142857142,1.7142857142857142,7373.428571428572,-109.0,-7.957142857142857,1.0,2025-06-17T10:01:59.996848896Z
15181.5,98.5,81.125,1016.8,0.0,12.4625,21.5,96.95,1.175,5437.25,-112.75,-10.875,1.0,2025-06-17T10:12:06.567177728Z
18189.85714285714,100.0,76.57142857142857,1017.5571428571429,0.0,12.821428571428571,22.285714285714285,102.38571428571426,1.2285714285714289,6887.857142857143,-108.28571428571429,-7.614285714285714,1.0,2025-06-17T10:21:56.728406016Z
18585.8,100.0,78.2,1017.6600000000001,0.0,7.078,22.54,272.74,1.54,7813.4,-107.4,-5.5600000000000005,1.0,2025-06-17T10:32:49.052762368Z
18194.0,100.0,77.07142857142857,1017.5142857142857,0.0,8.05,22.842857142857145,313.07142857142856,2.085714285714286,6892.857142857143,-108.14285714285714,-7.328571428571428,1.0,2025-06-17T10:41:48.131535616Z
17687.0,100.0,77.5,1017.3333333333334,0.0,8.315,22.916666666666668,157.8166666666667,2.25,7566.5,-107.83333333333333,-9.966666666666667,1.0,2025-06-17T10:51:30.408504064Z
18592.2,100.0,72.9,1017.54,0.0,7.0840000000000005,23.44,197.76000000000002,1.7,7821.0,-108.2,-5.3,1.0,2025-06-17T11:03:25.041660416Z
19037.5,100.0,70.0,1017.7333333333332,0.0,6.983333333333333,23.666666666666668,266.46666666666664,1.1333333333333335,6997.833333333333,-108.83333333333333,-5.666666666666667,1.0,2025-06-17T11:12:16.587364096Z
20211.8,100.0,69.6,1018.0600000000001,0.0,5.488,23.839999999999996,143.68000000000004,1.42,7136.4,-107.4,-5.96,1.0,2025-06-17T11:22:56.459015936Z
16348.5,100.0,70.83333333333333,1016.8499999999999,0.0,4.823333333333333,23.38333333333333,48.78333333333333,1.0999999999999999,8151.833333333333,-108.66666666666667,-8.783333333333333,1.0,2025-06-17T11:32:14.558523648Z
18206.14285714286,100.0,68.71428571428571,1017.4428571428571,0.0,1.8542857142857143,23.657142857142862,149.38571428571427,1.7428571428571427,6907.714285714285,-110.28571428571429,-6.785714285714286,1.0,2025-06-17T11:41:48.105344256Z
19045.5,100.0,64.41666666666667,1017.6166666666667,0.0,2.165,24.066666666666663,165.1833333333333,2.4166666666666665,7007.0,-107.66666666666667,-6.2,1.0,2025-06-17T11:52:06.938921216Z
17701.833333333332,100.0,65.41666666666667,1017.1166666666668,0.0,1.085,23.78333333333333,124.56666666666666,1.6500000000000001,7585.166666666667,-108.5,-6.616666666666667,1.0,2025-06-17T12:02:50.379812608Z
19049.5,100.0,62.083333333333336,1017.5000000000001,0.0,2.1716666666666664,24.433333333333334,196.98333333333332,1.7166666666666666,7011.833333333333,-108.33333333333333,-7.849999999999999,1.0,2025-06-17T12:12:16.560072704Z
18214.714285714286,100.0,63.0,1017.157142857143,0.0,1.8628571428571428,24.871428571428574,200.68571428571428,1.842857142857143,6917.571428571428,-107.57142857142857,-10.785714285714286,1.0,2025-06-17T12:21:56.643689216Z
17064.285714285714,100.0,62.42857142857143,1016.7714285714285,0.0,0.9314285714285714,24.671428571428574,115.9857142857143,1.885714285714286,7414.142857142857,-108.42857142857143,-8.085714285714285,1.0,2025-06-17T12:31:59.904960768Z
18219.714285714286,100.0,60.214285714285715,1017.157142857143,0.0,1.8628571428571428,25.114285714285717,148.77142857142857,2.5857142857142854,6922.571428571428,-108.71428571428571,-7.142857142857143,1.0,2025-06-17T12:41:48.051976192Z
18222.14285714286,100.0,58.357142857142854,1017.1571428571431,0.0,1.8628571428571428,25.514285714285712,71.2,2.2714285714285714,6925.0,-109.42857142857143,-7.942857142857142,1.0,2025-06-17T12:51:56.623691264Z
17072.428571428572,100.0,58.357142857142854,1016.7571428571429,0.0,0.9314285714285714,25.2,106.84285714285714,2.442857142857143,7422.285714285715,-108.57142857142857,-8.214285714285714,1.0,2025-06-17T13:01:59.885948672Z
20233.8,100.0,52.5,1017.7800000000001,0.0,2.62,25.660000000000004,136.54000000000002,3.1999999999999997,7159.4,-106.4,-5.24,1.0,2025-06-17T13:11:08.402628352Z
19064.833333333332,100.0,50.666666666666664,1017.4499999999999,0.0,2.1866666666666665,25.933333333333334,70.26666666666667,3.0,7027.833333333333,-107.66666666666667,-6.95,1.0,2025-06-17T13:21:36.526844928Z
17078.85714285714,100.0,55.857142857142854,1016.7571428571429,0.0,0.937142857142857,26.0,111.05714285714285,1.614285714285714,7430.428571428572,-108.14285714285714,-8.614285714285714,1.0,2025-06-17T13:31:59.882417408Z
19069.166666666668,100.0,54.5,1017.3666666666668,0.0,2.1866666666666665,25.816666666666663,211.36666666666667,2.7833333333333337,7032.833333333333,-107.83333333333333,-5.7,1.0,2025-06-17T13:42:16.493140736Z
18235.285714285714,100.0,54.142857142857146,1017.0571428571428,0.0,1.874285714285714,25.957142857142856,132.45714285714286,1.5285714285714285,6939.857142857143,-108.71428571428571,-6.042857142857143,1.0,2025-06-17T13:51:56.585032960Z
17086.428571428572,100.0,50.785714285714285,1016.5714285714286,0.0,0.937142857142857,26.457142857142856,124.95714285714284,2.085714285714286,7438.571428571428,-108.71428571428571,-7.1571428571428575,1.0,2025-06-17T14:02:00.173613056Z
19075.833333333332,100.0,47.5,1017.0666666666667,0.0,2.1866666666666665,26.7,108.25,1.8666666666666665,7039.5,-108.66666666666667,-5.216666666666667,1.0,2025-06-17T14:11:16.487512832Z
19077.833333333332,100.0,46.916666666666664,1016.9000000000001,0.0,2.1866666666666665,26.883333333333336,168.11666666666667,2.2333333333333334,7041.833333333333,-108.5,-7.3,1.0,2025-06-17T14:21:36.499540736Z
17027.0,100.0,47.7,1016.04,0.0,0.0,26.880000000000003,108.88,2.62,8568.0,-106.4,-6.36,1.0,2025-06-17T14:32:05.515694336Z
18246.14285714286,100.0,45.857142857142854,1016.4142857142857,0.0,1.874285714285714,26.857142857142858,128.11428571428573,1.7714285714285718,6952.285714285715,-109.28571428571429,-7.385714285714286,1.0,2025-06-17T14:41:47.994765056Z
19083.833333333332,100.0,45.916666666666664,1016.5666666666667,0.0,2.1866666666666665,26.900000000000002,129.61666666666667,3.1166666666666667,7048.833333333333,-108.0,-6.833333333333333,1.0,2025-06-17T14:51:36.470418176Z
17743.666666666668,100.0,46.0,1016.0833333333334,0.0,1.0933333333333333,26.866666666666664,154.03333333333333,1.9333333333333336,7632.0,-109.16666666666667,-7.216666666666666,1.0,2025-06-17T15:02:20.300155904Z
19087.833333333332,100.0,44.25,1016.5166666666668,0.0,2.19,26.983333333333334,184.16666666666666,2.35,7053.5,-108.16666666666667,-5.8500000000000005,1.0,2025-06-17T15:11:16.447859968Z
18254.714285714286,100.0,44.07142857142857,1016.2142857142859,0.0,1.8771428571428572,26.95714285714286,110.78571428571429,2.5,6962.142857142857,-109.14285714285714,-6.8428571428571425,1.0,2025-06-17T15:21:56.555798784Z
18651.2,100.0,44.3,1016.26,0.0,1.314,26.98,85.13999999999999,1.94,7887.2,-107.2,-5.1,1.0,2025-06-17T15:32:12.898109440Z
18258.85714285714,100.0,46.57142857142857,1016.1142857142858,0.0,1.8771428571428572,27.057142857142857,92.21428571428574,2.3285714285714283,6967.142857142857,-109.28571428571429,-6.742857142857143,1.0,2025-06-17T15:41:47.959148288Z
17754.833333333332,100.0,46.333333333333336,1015.8499999999999,0.0,1.095,26.933333333333334,103.75,2.15,7644.833333333333,-107.5,-7.1000000000000005,1.0,2025-06-17T15:51:30.263010560Z
17757.166666666668,100.0,47.833333333333336,1015.8000000000001,0.0,1.095,26.849999999999998,99.98333333333333,2.0166666666666666,7647.333333333333,-108.0,-6.833333333333333,1.0,2025-06-17T16:01:20.265470976Z
19100.166666666668,100.0,48.083333333333336,1016.2833333333333,0.0,2.19,26.75,108.09999999999998,1.3500000000000003,7067.833333333333,-107.5,-6.133333333333333,1.0,2025-06-17T16:12:16.413853440Z
18267.571428571428,100.0,46.857142857142854,1016.0,0.0,1.8771428571428572,26.75714285714286,82.1857142857143,2.0428571428571427,6977.0,-108.85714285714286,-6.2,1.0,2025-06-17T16:21:56.523436544Z
17764.0,100.0,48.666666666666664,1015.8166666666666,0.0,1.095,26.666666666666668,85.80000000000001,1.5499999999999998,7655.666666666667,-110.16666666666667,-9.633333333333333,1.0,2025-06-17T16:32:50.252308480Z
18272.14285714286,100.0,49.357142857142854,1016.0285714285714,0.0,1.8771428571428572,26.499999999999996,79.67142857142856,2.1285714285714286,6982.0,-108.85714285714286,-6.828571428571428,1.0,2025-06-17T16:41:47.929659136Z
17768.833333333332,100.0,47.5,1015.8000000000001,0.0,1.095,26.433333333333334,94.7,1.9000000000000001,7660.5,-108.33333333333333,-6.95,1.0,2025-06-17T16:51:30.232351744Z
18671.0,100.0,50.0,1016.22,0.0,1.318,26.119999999999997,89.82,1.78,7909.4,-107.0,-5.04,1.0,2025-06-17T17:02:12.957591040Z
19112.5,100.0,50.416666666666664,1016.4166666666666,0.0,2.1999999999999997,25.900000000000002,72.55,1.9166666666666663,7081.833333333333,-108.16666666666667,-5.116666666666666,1.0,2025-06-17T17:12:16.368290048Z
18280.428571428572,100.0,49.714285714285715,1016.1428571428571,0.0,1.8857142857142857,25.614285714285717,77.8142857142857,2.071428571428571,6991.857142857143,-109.28571428571429,-6.042857142857143,1.0,2025-06-17T17:21:56.470075392Z
17135.0,100.0,52.714285714285715,1015.8000000000002,0.0,0.9428571428571428,25.185714285714283,100.1857142857143,1.114285714285714,7495.571428571428,-108.57142857142857,-8.428571428571429,1.0,2025-06-17T17:31:59.748841216Z
18285.428571428572,100.0,56.07142857142857,1016.2714285714286,0.0,1.8885714285714286,24.400000000000002,70.12857142857142,0.9428571428571428,6996.857142857143,-108.57142857142857,-7.185714285714285,1.0,2025-06-17T17:41:47.882018816Z
18287.85714285714,100.0,59.285714285714285,1016.2714285714285,0.0,1.8885714285714286,23.842857142857145,89.7,0.9142857142857144,6999.285714285715,-107.85714285714286,-9.1,1.0,2025-06-17T17:51:56.442831616Z
17785.333333333332,100.0,62.583333333333336,1016.0500000000001,0.0,1.1016666666666668,23.21666666666667,126.16666666666667,0.7499999999999999,7678.666666666667,-108.0,-6.6499999999999995,1.0,2025-06-17T18:01:20.181684480Z
18292.428571428572,100.0,66.92857142857143,1016.2714285714286,0.0,1.8885714285714286,22.485714285714288,141.84285714285716,0.7285714285714285,7004.285714285715,-106.42857142857143,-8.957142857142857,1.0,2025-06-17T18:11:47.866148864Z
20295.0,100.0,70.2,1016.9399999999999,0.0,2.644,22.02,98.42,0.7200000000000001,7225.8,-106.2,-3.7399999999999998,1.0,2025-06-17T18:22:20.188578048Z
17149.571428571428,100.0,74.78571428571429,1015.9714285714286,0.0,0.9442857142857143,21.38571428571429,135.65714285714287,0.7428571428571429,7511.857142857143,-108.85714285714286,-6.628571428571429,1.0,2025-06-17T18:31:59.712409344Z
18299.0,100.0,77.35714285714286,1016.5142857142856,0.0,1.8928571428571428,21.028571428571432,156.5142857142857,0.5428571428571428,7011.714285714285,-107.0,-5.785714285714286,1.0,2025-06-17T18:41:47.847373056Z
18301.428571428572,100.0,76.78571428571429,1016.5857142857142,0.0,0.9471428571428572,20.685714285714287,110.67142857142855,0.7714285714285714,7014.142857142857,-107.57142857142857,-7.128571428571429,1.0,2025-06-17T18:51:56.404605440Z
17799.5,100.0,77.66666666666667,1016.4499999999999,0.0,0.0,20.283333333333335,139.41666666666666,0.6166666666666666,7694.833333333333,-107.16666666666667,-6.3999999999999995,1.0,2025-06-17T19:02:50.146192384Z
19138.833333333332,100.0,79.16666666666667,1016.9500000000002,0.0,0.0,20.05,166.36666666666667,0.55,7109.833333333333,-107.16666666666667,-5.283333333333333,1.0,2025-06-17T19:12:16.287246592Z
20050.5,100.0,79.75,1017.3499999999999,0.0,0.0,19.65,195.15,0.42500000000000004,8309.75,-106.0,-2.625,1.0,2025-06-17T19:21:01.691193856Z
17163.428571428572,100.0,84.85714285714286,1016.6999999999999,0.0,0.0,19.12857142857143,196.28571428571428,0.6428571428571429,7528.142857142857,-106.71428571428571,-8.4,1.0,2025-06-17T19:31:59.684849920Z
18311.85714285714,100.0,85.57142857142857,1017.2142857142857,0.0,0.002857142857142857,19.0,167.32857142857142,0.6428571428571429,7026.571428571428,-109.57142857142857,-7.2,1.0,2025-06-17T19:41:47.800717824Z
19146.833333333332,100.0,87.58333333333333,1017.5833333333334,0.0,0.006666666666666667,18.700000000000003,130.16666666666666,0.6166666666666668,7119.0,-107.5,-5.166666666666667,1.0,2025-06-17T19:52:06.258135040Z
17171.0,100.0,87.64285714285714,1016.9571428571428,0.0,0.002857142857142857,18.328571428571426,149.3,0.6,7536.285714285715,-108.71428571428571,-6.4142857142857155,1.0,2025-06-17T20:01:59.652685056Z
18318.85714285714,100.0,88.0,1017.4428571428572,0.0,0.005714285714285714,18.342857142857145,115.52857142857144,0.3428571428571429,7034.0,-107.71428571428571,-7.042857142857143,1.0,2025-06-17T20:11:47.785800192Z
18321.285714285714,100.0,88.71428571428571,1017.4999999999999,0.0,0.005714285714285714,18.08571428571429,190.6857142857143,0.37142857142857144,7036.428571428572,-108.28571428571429,-7.257142857142857,1.0,2025-06-17T20:21:56.340301568Z
17179.14285714286,100.0,89.71428571428571,1017.1714285714286,0.0,0.002857142857142857,17.585714285714285,179.1142857142857,0.35714285714285715,7544.428571428572,-108.28571428571429,-6.228571428571428,1.0,2025-06-17T20:31:59.648163584Z
18326.285714285714,100.0,89.92857142857143,1017.5142857142855,0.0,0.005714285714285714,17.657142857142855,212.9,0.2714285714285714,7041.428571428572,-108.57142857142857,-6.257142857142857,1.0,2025-06-17T20:41:47.767400192Z
18328.714285714286,100.0,90.42857142857143,1017.5857142857143,0.0,0.005714285714285714,17.52857142857143,212.28571428571428,0.37142857142857144,7043.857142857143,-110.28571428571429,-10.785714285714286,1.0,2025-06-17T20:51:56.338525440Z
17187.285714285714,100.0,92.14285714285714,1017.2714285714286,0.0,0.002857142857142857,17.114285714285714,213.6285714285714,0.4571428571428572,7552.571428571428,-107.42857142857143,-7.785714285714286,1.0,2025-06-17T21:01:59.622243584Z
18333.714285714286,100.0,92.21428571428571,1017.6428571428571,0.0,0.005714285714285714,17.2,223.98571428571427,0.7285714285714285,7048.857142857143,-108.85714285714286,-7.814285714285715,1.0,2025-06-17T21:11:47.746052608Z
18336.14285714286,100.0,92.85714285714286,1017.6714285714287,0.0,0.005714285714285714,17.11428571428571,204.74285714285716,0.7428571428571429,7051.285714285715,-109.0,-5.985714285714286,1.0,2025-06-17T21:21:56.307655424Z
17195.428571428572,99.57142857142857,93.5,1017.2714285714286,0.0,0.002857142857142857,16.742857142857144,224.82857142857145,0.6428571428571429,7560.714285714285,-110.85714285714286,-9.714285714285714,1.0,2025-06-17T21:31:59.652745728Z
18341.14285714286,99.42857142857143,93.85714285714286,1017.6142857142858,0.0,0.005714285714285714,16.714285714285715,240.5285714285714,0.7857142857142858,7056.285714285715,-108.71428571428571,-5.557142857142858,1.0,2025-06-17T21:41:47.740915712Z
19174.5,99.33333333333333,94.33333333333333,1017.8166666666667,0.0,0.006666666666666667,16.683333333333334,247.35000000000002,0.9666666666666667,7146.833333333333,-107.33333333333333,-3.8499999999999996,1.0,2025-06-17T21:51:36.189198592Z
18740.0,99.4,94.3,1017.74,0.0,0.004,16.56,273.41999999999996,0.8400000000000001,7983.2,-107.0,-4.220000000000001,1.0,2025-06-17T22:01:36.658844928Z
20341.6,99.4,94.0,1018.32,0.0,0.008,16.740000000000002,230.34,0.78,7275.0,-108.2,-4.66,1.0,2025-06-17T22:12:20.033221888Z
17846.666666666668,99.33333333333333,94.66666666666667,1017.5166666666665,0.0,0.0033333333333333335,16.266666666666666,231.9,0.7999999999999999,7746.666666666667,-107.33333333333333,-6.133333333333333,1.0,2025-06-17T22:21:30.023478272Z
17849.0,98.5,94.66666666666667,1017.5,0.0,0.0033333333333333335,16.216666666666665,234.51666666666665,0.8500000000000001,7749.166666666667,-107.16666666666667,-6.55,1.0,2025-06-17T22:31:20.025884672Z
18353.14285714286,98.28571428571429,94.14285714285714,1017.5857142857143,0.0,0.005714285714285714,16.32857142857143,263.6714285714286,0.8714285714285713,7071.142857142857,-108.42857142857143,-6.771428571428572,1.0,2025-06-17T22:41:47.685756928Z
18355.571428571428,98.0,93.92857142857143,1017.5142857142857,0.0,0.005714285714285714,16.32857142857143,224.47142857142856,0.8571428571428573,7073.571428571428,-106.85714285714286,-8.714285714285714,1.0,2025-06-17T22:51:56.248443136Z
17216.285714285714,98.0,94.21428571428571,1017.1142857142856,0.0,0.002857142857142857,16.014285714285712,227.75714285714284,0.757142857142857,7585.142857142857,-109.14285714285714,-6.957142857142857,1.0,2025-06-17T23:01:59.566731008Z
18360.571428571428,98.0,94.28571428571429,1017.5857142857143,0.0,0.005714285714285714,16.1,185.2,0.7999999999999999,7078.571428571428,-108.42857142857143,-6.785714285714286,1.0,2025-06-17T23:11:47.667844608Z
18363.0,98.0,94.21428571428571,1017.6428571428572,0.0,0.005714285714285714,16.071428571428573,172.3857142857143,0.9142857142857144,7081.0,-108.0,-5.571428571428571,1.0,2025-06-17T23:21:56.266129408Z
17224.428571428572,97.57142857142857,94.71428571428571,1017.2428571428571,0.0,0.005714285714285714,15.757142857142858,195.78571428571428,0.5,7593.285714285715,-108.57142857142857,-6.714285714285714,1.0,2025-06-17T23:31:59.550647552Z
19197.833333333332,97.0,95.16666666666667,1018.0,0.0,0.01,15.783333333333333,251.83333333333334,0.5499999999999999,7172.833333333333,-108.33333333333333,-6.233333333333333,1.0,2025-06-17T23:42:16.127243008Z
17869.0,96.5,95.66666666666667,1017.4833333333335,0.0,0.006666666666666667,15.516666666666667,276.8833333333333,0.7333333333333333,7770.166666666667,-107.0,-5.433333333333334,1.0,2025-06-17T23:51:29.973533440Z
18372.14285714286,96.57142857142857,95.85714285714286,1017.7571428571429,0.0,0.008571428571428572,15.557142857142855,253.48571428571427,0.5714285714285714,7090.857142857143,-109.0,-5.757142857142857,1.0,2025-06-18T00:02:04.786274304Z
18769.2,96.6,95.5,1017.82,0.0,0.008,15.639999999999997,181.88000000000002,1.0799999999999998,8015.8,-105.2,-8.719999999999999,1.0,2025-06-18T00:13:24.579356160Z
18376.285714285714,96.57142857142857,95.28571428571429,1017.7428571428572,0.0,0.008571428571428572,15.62857142857143,177.52857142857144,0.6428571428571429,7095.857142857143,-109.71428571428571,-8.614285714285714,1.0,2025-06-18T00:21:56.196666624Z
18378.714285714286,96.57142857142857,95.0,1017.6428571428571,0.0,0.008571428571428572,15.5,232.54285714285712,0.9142857142857144,7098.714285714285,-107.28571428571429,-7.042857142857143,1.0,2025-06-18T00:33:21.900833024Z
17880.666666666668,95.66666666666667,95.0,1017.4666666666666,0.0,0.006666666666666667,15.399999999999999,247.88333333333333,0.65,7783.5,-107.16666666666667,-6.716666666666666,1.0,2025-06-18T00:42:39.977337088Z
17761.5,95.5,95.125,1017.5125,0.0,0.0075,15.3,244.5375,0.5,7039.0,-111.125,-12.475,1.0,2025-06-18T00:51:48.844696064Z
17764.5,95.25,95.5,1017.4499999999999,0.0,0.0075,15.15,216.81249999999997,0.6,7041.75,-108.625,-7.15,1.0,2025-06-18T01:02:33.815302656Z
18783.6,95.4,96.1,1017.6200000000001,0.0,0.008,14.979999999999999,200.98000000000002,0.36,8030.6,-106.2,-3.9200000000000004,1.0,2025-06-18T01:13:24.542884608Z
18492.8,95.2,96.2,1017.5200000000001,0.0,0.01,15.180000000000001,202.56,0.6399999999999999,6239.8,-108.6,-8.28,1.0,2025-06-18T01:21:15.703080448Z
17771.0,95.25,96.125,1017.2375,0.0,0.0075,15.0625,225.175,0.6125,7049.5,-109.75,-8.8875,1.0,2025-06-18T01:32:33.741669120Z
17895.5,94.5,96.08333333333333,1017.1666666666666,0.0,0.006666666666666667,14.950000000000003,253.89999999999998,0.6666666666666666,7799.166666666667,-108.66666666666667,-6.55,1.0,2025-06-18T01:42:39.917042944Z
19225.833333333332,94.33333333333333,96.66666666666667,1017.6666666666666,0.0,0.01,14.9,227.1833333333333,0.7666666666666667,7202.833333333333,-107.16666666666667,-5.8500000000000005,1.0,2025-06-18T01:51:36.044138496Z
17778.25,94.0,96.1875,1017.225,0.0,0.0075,14.8,239.09999999999997,0.625,7057.25,-108.875,-6.975,1.0,2025-06-18T02:02:33.731279360Z
18796.8,94.0,96.7,1017.54,0.0,0.008,14.780000000000001,215.5,0.5800000000000001,8045.2,-107.4,-7.3,1.0,2025-06-18T02:12:48.513132544Z
20139.75,94.0,97.0,1018.0000000000001,0.0,0.01,14.775,222.50000000000003,0.675,8405.0,-105.0,-7.4750000000000005,1.0,2025-06-18T02:24:01.442208768Z
17784.25,94.0,96.375,1017.3375,0.0,0.0075,14.649999999999999,177.7875,0.7,7065.0,-108.375,-6.1375,1.0,2025-06-18T02:32:33.696915200Z
17909.0,93.33333333333333,96.75,1017.35,0.0,0.006666666666666667,14.5,211.9666666666666,0.6,7814.833333333333,-107.5,-6.833333333333333,1.0,2025-06-18T02:42:39.880691456Z
18410.285714285714,92.85714285714286,96.64285714285714,1017.5285714285714,0.0,0.011428571428571429,14.514285714285716,237.25714285714284,0.4857142857142857,7133.0,-109.14285714285714,-7.028571428571429,1.0,2025-06-18T02:51:56.102508032Z
17792.0,92.25,96.9375,1017.325,0.0,0.015,14.425,211.85000000000002,0.36250000000000004,7072.75,-108.625,-6.35,1.0,2025-06-18T03:02:33.676092928Z
17916.833333333332,92.33333333333333,97.0,1017.3833333333333,0.0,0.021666666666666667,14.333333333333336,197.38333333333333,0.6,7822.666666666667,-108.0,-5.316666666666666,1.0,2025-06-18T03:12:39.866434304Z
20403.8,92.4,97.3,1018.2400000000001,0.0,0.04,14.48,157.76,0.9,7340.8,-107.6,-4.4799999999999995,1.0,2025-06-18T03:21:43.800831744Z
17798.75,92.25,96.875,1017.4625,0.0,0.025,14.3625,190.4375,0.7000000000000001,7080.5,-109.625,-8.7375,1.0,2025-06-18T03:32:33.672964608Z
18816.8,92.2,96.9,1017.8400000000001,0.0,0.026000000000000002,14.52,177.78000000000003,0.5800000000000001,8067.4,-109.6,-5.720000000000001,1.0,2025-06-18T03:42:48.461742848Z
19251.166666666668,91.66666666666667,96.41666666666667,1017.9333333333334,0.0,0.03333333333333333,14.716666666666667,177.61666666666667,0.7333333333333333,7231.166666666667,-105.5,-6.95,1.0,2025-06-18T03:52:35.940308992Z
18425.85714285714,91.57142857142857,95.64285714285714,1017.6714285714287,0.0,0.028571428571428574,14.871428571428572,220.32857142857142,0.7857142857142857,7150.285714285715,-109.57142857142857,-6.428571428571429,1.0,2025-06-18T04:02:04.637355776Z
17930.0,91.5,95.25,1017.5000000000001,0.0,0.021666666666666667,15.066666666666668,258.6666666666667,0.6166666666666666,7838.333333333333,-107.16666666666667,-6.666666666666667,1.0,2025-06-18T04:12:39.829517312Z
19257.5,91.66666666666667,95.33333333333333,1018.0333333333333,0.0,0.03333333333333333,15.416666666666666,257.3666666666666,0.8666666666666666,7238.0,-106.5,-7.05,1.0,2025-06-18T04:22:05.930843904Z
18213.333333333332,91.55555555555556,93.77777777777777,1017.7777777777778,0.0,0.03222222222222223,16.0,266.23333333333335,1.211111111111111,6645.777777777777,-110.22222222222223,-8.633333333333333,1.0,2025-06-18T04:32:20.328388864Z
18830.2,91.6,92.4,1018.04,0.0,0.034,16.48,279.36,1.16,8082.2,-107.2,-4.58,1.0,2025-06-18T04:42:48.424761344Z
19264.166666666668,91.33333333333333,90.5,1018.2166666666666,0.0,0.04,17.05,268.3833333333333,1.1,7245.0,-109.0,-6.166666666666667,1.0,2025-06-18T04:52:05.912682752Z
17819.25,91.25,88.9375,1017.8625,0.0,0.030000000000000002,17.65,270.1,1.425,7103.75,-106.75,-9.0,1.0,2025-06-18T05:02:33.611686912Z
17944.333333333332,91.16666666666667,86.91666666666667,1017.9166666666669,0.0,0.028333333333333335,18.2,271.43333333333334,1.55,7854.0,-107.66666666666667,-6.5,1.0,2025-06-18T05:12:39.797222656Z
18444.285714285714,91.28571428571429,85.64285714285714,1018.2,0.0,0.04,18.685714285714283,265.38571428571424,1.5857142857142859,7170.142857142857,-108.42857142857143,-7.6571428571428575,1.0,2025-06-18T05:21:56.319552768Z
18446.714285714286,91.28571428571429,84.21428571428571,1018.2142857142857,0.0,0.04,19.27142857142857,255.84285714285713,1.7714285714285711,7172.571428571428,-109.0,-7.585714285714286,1.0,2025-06-18T05:32:04.573845760Z
18843.8,91.2,82.0,1018.3,0.0,0.042,19.72,271.1,2.2800000000000002,8096.8,-106.8,-6.640000000000001,1.0,2025-06-18T05:42:12.402054400Z
19277.166666666668,92.33333333333333,80.25,1018.4333333333334,0.0,0.04666666666666667,20.083333333333332,256.2833333333333,2.65,7259.0,-107.16666666666667,-6.433333333333333,1.0,2025-06-18T05:52:05.871447040Z
17833.25,92.75,77.125,1018.0,0.0,0.035,20.7125,282.25,2.7125,7119.25,-110.0,-8.175,1.0,2025-06-18T06:02:33.598826496Z
17262.6,93.0,74.4,1017.74,0.0,0.028000000000000004,21.34,305.43999999999994,2.88,8831.4,-107.4,-8.2,1.0,2025-06-18T06:12:41.050707200Z
19283.5,94.33333333333333,74.91666666666667,1018.4666666666667,0.0,0.04666666666666667,21.466666666666665,273.1166666666666,2.5833333333333335,7266.166666666667,-106.66666666666667,-7.716666666666666,1.0,2025-06-18T06:22:35.843398656Z
17840.25,94.0,71.6875,1018.075,0.0,0.035,21.987499999999997,282.7375,3.0375,7127.0,-109.125,-7.6000000000000005,1.0,2025-06-18T06:32:33.557315584Z
17965.666666666668,93.66666666666667,70.41666666666667,1018.1666666666666,0.0,0.035,22.25,287.1666666666667,2.4333333333333336,7877.5,-108.16666666666667,-6.816666666666666,1.0,2025-06-18T06:42:39.784002560Z
18464.571428571428,98.14285714285714,69.71428571428571,1018.4,0.0,0.04,22.67142857142857,282.9142857142857,2.885714285714286,7192.428571428572,-108.71428571428571,-8.342857142857143,1.0,2025-06-18T06:51:55.965182208Z
18467.0,99.14285714285714,68.35714285714286,1018.3285714285713,0.0,0.04,22.985714285714288,283.04285714285714,2.7857142857142856,7194.857142857143,-108.28571428571429,-7.314285714285715,1.0,2025-06-18T07:02:04.517824512Z
18864.2,100.0,66.8,1018.4799999999999,0.0,0.042,23.28,287.8,2.88,8119.0,-107.0,-5.5,1.0,2025-06-18T07:12:12.340347392Z
18471.14285714286,100.0,66.28571428571429,1018.3999999999999,0.0,0.04,23.528571428571432,278.88571428571424,2.5285714285714285,7199.857142857143,-109.14285714285714,-7.142857142857143,1.0,2025-06-18T07:21:55.924862976Z
17854.75,100.0,65.0625,1018.175,0.0,0.035,23.9375,279.775,2.3,7142.5,-108.875,-8.2625,1.0,2025-06-18T07:32:33.527708928Z
17980.333333333332,100.0,63.666666666666664,1018.1666666666666,0.0,0.035,24.183333333333334,311.0833333333333,2.583333333333333,7893.166666666667,-107.5,-8.616666666666667,1.0,2025-06-18T07:42:39.718410240Z
17982.666666666668,100.0,62.583333333333336,1018.1500000000001,0.0,0.041666666666666664,24.5,290.31666666666666,2.0166666666666666,7895.5,-107.33333333333333,-8.200000000000001,1.0,2025-06-18T07:51:29.708129024Z
19305.5,100.0,62.916666666666664,1018.5,0.0,0.053333333333333344,24.733333333333334,299.90000000000003,2.183333333333333,7289.5,-108.5,-6.95,1.0,2025-06-18T08:02:55.785734144Z
17987.0,100.0,60.75,1018.0499999999998,0.0,0.04666666666666667,25.016666666666666,241.0,2.2333333333333334,7901.0,-110.5,-11.116666666666667,1.0,2025-06-18T08:12:39.686343936Z
19309.5,100.0,60.666666666666664,1018.4500000000002,0.0,0.05666666666666668,25.333333333333332,295.4166666666667,2.5833333333333335,7294.0,-107.5,-5.483333333333333,1.0,2025-06-18T08:22:05.781942016Z
18486.85714285714,100.0,60.07142857142857,1018.2857142857143,0.0,0.05142857142857144,25.599999999999998,241.41428571428574,2.3285714285714287,7217.142857142857,-109.14285714285714,-8.014285714285714,1.0,2025-06-18T08:32:04.784515328Z
17993.833333333332,100.0,59.0,1018.0666666666666,0.0,0.05000000000000001,25.900000000000002,262.6333333333333,1.6499999999999997,7908.833333333333,-111.0,-10.183333333333332,1.0,2025-06-18T08:42:39.682535680Z
18886.4,100.0,55.7,1018.2800000000001,0.0,0.06000000000000001,26.119999999999997,241.78000000000003,2.62,8143.6,-107.0,-6.0,1.0,2025-06-18T08:51:36.275296000Z
17998.0,100.0,54.166666666666664,1017.9499999999999,0.0,0.053333333333333344,26.38333333333333,245.86666666666667,1.2166666666666666,7913.833333333333,-106.16666666666667,-9.533333333333333,1.0,2025-06-18T09:02:19.676696832Z
18890.4,100.0,53.6,1018.26,0.0,0.06000000000000001,26.72,266.8,2.4400000000000004,8148.6,-109.0,-10.559999999999999,1.0,2025-06-18T09:12:12.283448064Z
19321.166666666668,100.0,52.833333333333336,1018.4000000000001,0.0,0.06333333333333334,26.950000000000003,190.08333333333334,1.75,7307.833333333333,-107.5,-6.5,1.0,2025-06-18T09:21:35.749932800Z
18004.166666666668,100.0,50.75,1017.9000000000001,0.0,0.053333333333333344,27.183333333333334,269.78333333333336,2.4166666666666665,7921.5,-106.16666666666667,-7.433333333333333,1.0,2025-06-18T09:31:19.654508800Z
18501.14285714286,100.0,50.642857142857146,1018.0428571428571,0.0,0.060000000000000005,27.24285714285714,154.0142857142857,1.9428571428571428,7234.571428571428,-107.71428571428571,-8.842857142857143,1.0,2025-06-18T09:41:47.592873216Z
19327.5,100.0,49.666666666666664,1018.2333333333332,0.0,0.06666666666666667,27.466666666666665,214.8166666666667,1.5999999999999999,7315.166666666667,-106.0,-6.183333333333334,1.0,2025-06-18T09:52:35.784586496Z
18900.8,100.0,50.7,1017.9800000000001,0.0,0.06400000000000002,27.839999999999996,170.18,2.02,8161.4,-106.6,-6.04,1.0,2025-06-18T10:03:24.258252032Z
18012.833333333332,100.0,48.416666666666664,1017.6166666666667,0.0,0.05833333333333335,28.0,154.73333333333338,1.8666666666666665,7932.333333333333,-111.16666666666667,-9.950000000000001,1.0,2025-06-18T10:12:39.656324352Z
18015.166666666668,100.0,48.583333333333336,1017.5500000000001,0.0,0.06333333333333335,27.86666666666667,181.23333333333332,2.0,7934.833333333333,-110.16666666666667,-10.466666666666667,1.0,2025-06-18T10:22:29.649536256Z
17894.0,100.0,57.0,1709.3,31.875,81.94875,24.6625,202.61249999999998,821.0875,7189.0,-108.375,-7.6499999999999995,1.0,2025-06-18T10:32:33.705793024Z
18909.8,100.0,46.6,1017.6600000000001,0.0,0.036,28.359999999999996,168.74,2.02,8170.8,-109.8,-10.34,1.0,2025-06-18T10:42:12.237614592Z
18516.14285714286,100.0,47.857142857142854,1017.5714285714284,0.0,0.06142857142857144,28.24285714285714,128.27142857142857,1.9857142857142858,7251.857142857143,-108.71428571428571,-7.971428571428571,1.0,2025-06-18T10:51:55.835504640Z
17901.25,100.0,47.25,1017.3499999999999,0.0,0.06125,28.4625,121.19999999999999,1.7,7196.75,-109.0,-9.3,1.0,2025-06-18T11:02:33.423731456Z
18027.833333333332,100.0,45.5,1017.3833333333333,0.0,0.05000000000000001,28.86666666666667,83.23333333333333,1.8166666666666667,7948.0,-110.83333333333333,-10.200000000000001,1.0,2025-06-18T11:12:39.624107008Z
18523.571428571428,100.0,45.0,1017.6,0.0,0.07428571428571429,28.728571428571428,186.91428571428574,1.7142857142857142,7259.285714285715,-108.42857142857143,-6.814285714285715,1.0,2025-06-18T11:21:55.816180480Z
18526.0,100.0,46.07142857142857,1017.5857142857142,0.0,0.07142857142857142,28.685714285714287,173.05714285714288,1.3428571428571427,7261.714285714285,-108.57142857142857,-7.9142857142857155,1.0,2025-06-18T11:32:04.391635456Z
18035.166666666668,100.0,44.416666666666664,1017.25,0.0,0.03666666666666667,29.083333333333332,66.63333333333334,1.4666666666666668,7955.833333333333,-105.83333333333333,-7.783333333333334,1.0,2025-06-18T11:42:39.604344832Z
18530.571428571428,100.0,45.0,1017.4285714285714,0.0,0.06571428571428571,28.957142857142856,178.89999999999995,1.3,7266.714285714285,-108.0,-6.857142857142857,1.0,2025-06-18T11:51:55.811150336Z
17916.25,100.0,45.5,1017.0875000000001,0.0,0.05875,29.325,177.1375,1.775,7212.25,-108.5,-7.4625,1.0,2025-06-18T12:02:33.394044672Z
18931.2,100.0,43.6,1017.22,0.0,0.048,29.619999999999997,205.56,2.12,8193.0,-109.2,-10.459999999999999,1.0,2025-06-18T12:12:12.212226816Z
19359.833333333332,100.0,45.666666666666664,1017.4333333333334,0.0,0.08,29.566666666666663,188.71666666666667,1.25,7350.0,-108.66666666666667,-4.8,1.0,2025-06-18T12:22:05.675933952Z
17412.571428571428,100.0,44.285714285714285,1016.6714285714286,0.0,0.03428571428571429,29.67142857142857,160.6142857142857,1.3428571428571427,7805.0,-108.28571428571429,-7.314285714285715,1.0,2025-06-18T12:31:59.160084224Z
18049.666666666668,100.0,43.25,1016.8833333333333,0.0,0.04,29.95,178.0,2.0500000000000003,7971.333333333333,-111.0,-10.5,1.0,2025-06-18T12:41:39.952652544Z
18544.285714285714,100.0,43.5,1017.0428571428571,0.0,0.07142857142857142,30.071428571428573,221.70000000000002,1.7428571428571427,7281.571428571428,-108.28571428571429,-6.3999999999999995,1.0,2025-06-18T12:51:55.787436544Z
18546.714285714286,100.0,43.5,1016.9714285714284,0.0,0.07714285714285715,30.057142857142853,181.08571428571426,1.1571428571428573,7284.428571428572,-105.85714285714286,-8.7,1.0,2025-06-18T13:03:21.496443648Z
18057.0,100.0,43.333333333333336,1016.7333333333335,0.0,0.045000000000000005,30.350000000000005,216.48333333333335,1.383333333333333,7979.333333333333,-111.0,-9.783333333333333,1.0,2025-06-18T13:12:39.582985984Z
18551.285714285714,100.0,43.142857142857146,1016.8999999999999,0.0,0.07714285714285715,30.357142857142858,137.3,1.2428571428571427,7289.0,-108.14285714285714,-6.442857142857142,1.0,2025-06-18T13:21:55.774119168Z
17937.75,100.0,42.8125,1016.575,0.0,0.0675,30.4,163.2875,1.8375,7235.5,-108.5,-8.125,1.0,2025-06-18T13:32:33.366319104Z
18064.833333333332,100.0,42.25,1016.4333333333333,0.0,0.04833333333333333,30.733333333333334,154.03333333333333,2.25,7987.166666666667,-111.0,-9.483333333333334,1.0,2025-06-18T13:42:39.591070976Z
18558.714285714286,100.0,42.214285714285715,1016.6,0.0,0.08857142857142856,30.72857142857143,153.27142857142857,2.042857142857143,7296.428571428572,-110.28571428571429,-10.242857142857144,1.0,2025-06-18T13:51:55.773304320Z
17945.5,100.0,43.125,1016.2624999999999,0.0,0.08,30.675,167.3125,1.4500000000000002,7243.25,-107.5,-8.15,1.0,2025-06-18T14:02:33.368247296Z
18072.666666666668,100.0,42.166666666666664,1016.15,0.0,0.05333333333333334,31.0,231.33333333333334,1.5166666666666666,7995.0,-111.16666666666667,-9.433333333333332,1.0,2025-06-18T14:12:39.580887040Z
18566.14285714286,100.0,43.142857142857146,1016.4428571428572,0.0,0.09714285714285716,30.87142857142857,333.0857142857143,1.6857142857142857,7303.857142857143,-108.57142857142857,-7.014285714285714,1.0,2025-06-18T14:21:55.767038720Z
17953.25,100.0,42.6875,1016.0625,0.0,0.09125,30.8375,220.9375,1.5125,7251.0,-108.875,-6.975,1.0,2025-06-18T14:32:33.360496128Z
18080.5,100.0,42.25,1015.9833333333332,0.0,0.08833333333333333,31.03333333333333,325.81666666666666,2.0833333333333335,8002.833333333333,-110.83333333333333,-9.950000000000001,1.0,2025-06-18T14:42:39.583385344Z
18573.571428571428,100.0,42.42857142857143,1016.1142857142856,0.0,0.1414285714285714,31.000000000000004,185.45714285714286,2.228571428571428,7311.285714285715,-108.28571428571429,-6.442857142857142,1.0,2025-06-18T14:51:55.740612864Z
17482.777777777777,100.0,40.94444444444444,1015.5666666666665,0.0,0.13,30.95555555555556,227.47777777777776,1.7999999999999998,7215.666666666667,-108.55555555555556,-9.544444444444444,1.0,2025-06-18T15:01:56.229972992Z
18088.833333333332,100.0,40.666666666666664,1015.6166666666667,0.0,0.105,31.23333333333333,130.46666666666667,1.3833333333333335,8010.666666666667,-110.0,-9.433333333333334,1.0,2025-06-18T15:12:39.551301376Z
18581.428571428572,100.0,41.42857142857143,1015.6857142857143,0.0,0.1457142857142857,31.0,186.45714285714286,1.6142857142857143,7318.714285714285,-108.57142857142857,-5.685714285714285,1.0,2025-06-18T15:21:55.742496768Z
17461.285714285714,100.0,41.142857142857146,1015.2142857142857,0.0,0.10428571428571427,30.685714285714287,155.42857142857142,1.5285714285714285,7854.0,-108.71428571428571,-7.4142857142857155,1.0,2025-06-18T15:32:50.546408960Z
18096.5,100.0,42.916666666666664,1015.4,0.0,0.10833333333333332,30.299999999999997,73.63333333333334,1.5333333333333332,8018.5,-105.16666666666667,-10.15,1.0,2025-06-18T15:42:39.641444352Z
20312.0,100.0,43.875,1016.1,0.0,0.1425,29.875,147.25,1.5750000000000002,8586.75,-104.25,-2.6,1.0,2025-06-18T15:52:31.078206976Z
17497.777777777777,100.0,45.0,1015.1666666666666,0.0,0.14666666666666667,30.166666666666668,107.6,1.3222222222222224,7231.888888888889,-109.88888888888889,-9.733333333333333,1.0,2025-06-18T16:02:35.966300160Z
18103.666666666668,100.0,43.75,1015.3833333333332,0.0,0.12333333333333331,30.166666666666668,131.16666666666666,1.3499999999999999,8026.333333333333,-110.83333333333333,-12.233333333333334,1.0,2025-06-18T16:12:39.905878016Z
18595.285714285714,100.0,43.142857142857146,1015.5857142857142,0.0,0.1685714285714286,29.957142857142856,106.25714285714287,0.8857142857142858,7333.571428571428,-107.28571428571429,-7.1571428571428575,1.0,2025-06-18T16:21:55.721227776Z
17983.75,100.0,45.4375,1015.3625000000001,0.0,0.1575,29.6875,114.73749999999998,1.2000000000000002,7282.0,-108.625,-7.075,1.0,2025-06-18T16:32:33.308913920Z
17126.6,100.0,50.5,1015.04,0.0,0.14199999999999996,29.360000000000003,98.67999999999999,1.1400000000000001,7208.8,-108.6,-9.26,1.0,2025-06-18T16:41:55.944429056Z
18602.428571428572,100.0,46.857142857142854,1015.4999999999999,0.0,0.17,29.699999999999996,147.45714285714286,1.1142857142857143,7341.0,-108.14285714285714,-6.971428571428571,1.0,2025-06-18T16:51:55.706582784Z
18604.85714285714,100.0,47.92857142857143,1015.5428571428569,0.0,0.17142857142857146,29.75714285714286,160.32857142857142,0.8857142857142858,7343.428571428572,-107.14285714285714,-7.757142857142857,1.0,2025-06-18T17:02:04.262131712Z
18118.5,100.0,48.25,1015.3499999999999,0.0,0.12499999999999999,29.700000000000003,99.58333333333333,0.75,8042.0,-110.16666666666667,-9.783333333333333,1.0,2025-06-18T17:12:39.520962816Z
19427.5,100.0,49.0,1015.7833333333333,0.0,0.18666666666666668,29.450000000000003,137.93333333333334,0.8000000000000002,7420.0,-107.5,-5.75,1.0,2025-06-18T17:22:05.571792640Z
17998.0,100.0,49.875,1015.3499999999999,0.0,0.16,28.962500000000002,119.1125,0.9999999999999999,7297.5,-108.625,-7.5125,1.0,2025-06-18T17:32:33.303505920Z
18125.833333333332,100.0,53.916666666666664,1015.4499999999999,0.0,0.12499999999999999,28.816666666666666,98.36666666666667,0.6333333333333334,8049.833333333333,-105.5,-9.133333333333333,1.0,2025-06-18T17:42:39.489887488Z
18616.428571428572,100.0,55.785714285714285,1015.657142857143,0.0,0.17142857142857146,28.842857142857145,137.54285714285714,0.6571428571428573,7355.857142857143,-108.0,-6.514285714285713,1.0,2025-06-18T17:51:55.683417600Z
17499.714285714286,100.0,56.714285714285715,1015.2714285714285,0.0,0.11857142857142855,28.514285714285716,129.94285714285715,0.5285714285714286,7894.714285714285,-108.85714285714286,-7.071428571428571,1.0,2025-06-18T18:02:50.492060160Z
17149.6,100.0,61.4,1015.24,0.0,0.14399999999999996,28.139999999999997,103.66,0.44000000000000006,7233.4,-109.0,-8.879999999999999,1.0,2025-06-18T18:11:55.895116544Z
19440.5,100.0,59.0,1016.0166666666668,0.0,0.18666666666666668,27.46666666666667,92.31666666666668,0.7333333333333334,7434.0,-110.5,-8.85,1.0,2025-06-18T18:22:05.540432640Z
18012.5,100.0,63.5,1015.5500000000001,0.0,0.16,26.5375,60.35,1.2125,7313.0,-106.375,-8.2375,1.0,2025-06-18T18:32:33.259957504Z
18140.5,100.0,66.41666666666667,1015.6,0.0,0.12499999999999999,25.816666666666663,61.93333333333334,0.9500000000000001,8065.5,-110.83333333333333,-9.799999999999999,1.0,2025-06-18T18:42:39.478268672Z
18630.285714285714,100.0,68.28571428571429,1015.9142857142857,0.0,0.10999999999999999,25.128571428571426,72.15714285714286,1.4285714285714284,7370.714285714285,-108.14285714285714,-7.342857142857143,1.0,2025-06-18T18:51:55.974443264Z
18020.25,100.0,71.4375,1015.7125000000001,0.0,0.055,24.362500000000004,76.4375,1.0499999999999998,7320.75,-108.625,-7.262499999999999,1.0,2025-06-18T19:02:33.236437504Z
17165.2,100.0,72.9,1015.4800000000001,0.0,0.07200000000000001,23.72,75.86,1.06,7249.8,-109.8,-11.16,1.0,2025-06-18T19:11:55.868016640Z
18637.428571428572,100.0,72.78571428571429,1016.0714285714284,0.0,0.07285714285714286,23.5,97.75714285714287,0.9999999999999999,7378.142857142857,-107.71428571428571,-9.885714285714286,1.0,2025-06-18T19:21:55.630448896Z
18027.75,100.0,75.125,1015.95,0.0,0.08,23.0375,135.5375,0.6375,7328.5,-109.125,-7.225,1.0,2025-06-18T19:32:33.220537856Z
19037.8,100.0,76.8,1016.36,0.0,0.09200000000000001,22.5,99.76000000000002,0.9,8304.4,-110.4,-10.059999999999999,1.0,2025-06-18T19:43:24.056424960Z
19460.5,100.0,77.41666666666667,1016.65,0.0,0.08000000000000002,22.366666666666664,108.14999999999999,0.85,7454.833333333333,-107.5,-5.333333333333333,1.0,2025-06-18T19:51:35.633542400Z
18034.5,100.0,78.1875,1016.25,0.0,0.08,22.225,90.5,0.9625,7336.25,-108.375,-7.3125,1.0,2025-06-18T20:02:33.189823744Z
20367.25,100.0,79.125,1017.0,0.0,0.09500000000000001,21.950000000000003,85.525,0.9,8645.5,-109.0,-8.375,1.0,2025-06-18T20:13:00.954914560Z
20609.0,100.0,80.5,1017.18,0.0,0.08000000000000002,21.680000000000003,85.02,0.74,7558.4,-106.4,-3.88,1.0,2025-06-18T20:21:43.264768768Z
18040.25,100.0,84.3125,1016.3875,0.0,0.08,21.025,134.725,0.65,7344.0,-107.25,-8.5625,1.0,2025-06-18T20:32:33.444094720Z
18168.5,100.0,84.91666666666667,1016.4833333333332,0.0,0.09000000000000001,20.683333333333334,165.98333333333335,0.5333333333333333,8096.833333333333,-110.33333333333333,-9.766666666666666,1.0,2025-06-18T20:42:39.402216704Z
18657.14285714286,100.0,85.85714285714286,1016.7,0.0,0.08,20.442857142857143,157.11428571428573,0.45714285714285713,7400.428571428572,-108.42857142857143,-6.114285714285714,1.0,2025-06-18T20:51:55.568710912Z
18659.571428571428,100.0,87.21428571428571,1016.657142857143,0.0,0.08,20.042857142857144,207.48571428571427,0.2571428571428572,7403.142857142857,-109.14285714285714,-7.0,1.0,2025-06-18T21:02:55.559129344Z
17193.6,100.0,89.4,1016.2,0.0,0.08,19.7,145.56,0.4200000000000001,7282.6,-109.8,-8.7,1.0,2025-06-18T21:11:55.797861888Z
18663.85714285714,100.0,89.57142857142857,1016.7142857142859,0.0,0.08,19.62857142857143,165.4,0.5285714285714286,7407.857142857143,-108.28571428571429,-5.728571428571429,1.0,2025-06-18T21:21:55.544827392Z
17551.14285714286,100.0,90.35714285714286,1016.3,0.0,0.08857142857142856,19.3,258.64285714285717,0.5142857142857142,7951.714285714285,-107.85714285714286,-7.6571428571428575,1.0,2025-06-18T21:32:50.364104704Z
19064.0,100.0,90.8,1016.8399999999999,0.0,0.09200000000000001,19.28,265.8,0.5200000000000001,8333.6,-109.0,-10.940000000000001,1.0,2025-06-18T21:42:11.969104128Z
18185.0,100.0,90.91666666666667,1016.6666666666666,0.0,0.09000000000000001,19.21666666666667,236.78333333333333,0.38333333333333336,8115.0,-106.16666666666667,-6.3500000000000005,1.0,2025-06-18T21:52:29.364391168Z
18061.75,100.0,91.25,1016.7,0.0,0.08,19.1375,241.4625,0.3875,7367.25,-108.875,-5.975,1.0,2025-06-18T22:02:33.125336064Z
19070.8,99.6,92.2,1017.0199999999999,0.0,0.09200000000000001,18.82,174.18,0.41999999999999993,8341.4,-110.4,-9.26,1.0,2025-06-18T22:13:23.971190272Z
18677.285714285714,99.57142857142857,92.78571428571429,1016.9142857142857,0.0,0.08,18.885714285714283,107.72857142857143,0.3428571428571429,7422.714285714285,-107.71428571428571,-7.685714285714285,1.0,2025-06-18T22:21:55.514076672Z
18069.0,99.25,93.375,1016.6624999999999,0.0,0.08,18.6,154.35,0.41250000000000003,7375.0,-108.25,-7.225,1.0,2025-06-18T22:32:33.101572608Z
18197.666666666668,99.16666666666667,93.83333333333333,1016.5833333333334,0.0,0.09000000000000001,18.416666666666668,258.3666666666667,0.5,8128.166666666667,-110.5,-9.450000000000001,1.0,2025-06-18T22:42:39.336177408Z
19498.833333333332,99.33333333333333,93.41666666666667,1017.0333333333333,0.0,0.08000000000000002,18.566666666666666,168.91666666666666,0.5833333333333333,7496.833333333333,-107.66666666666667,-6.55,1.0,2025-06-18T22:51:35.349489408Z
18076.25,98.75,93.1875,1016.625,0.0,0.08,18.325000000000003,204.7625,0.48750000000000004,7382.75,-109.0,-6.775,1.0,2025-06-18T23:02:33.088953344Z
18205.0,98.16666666666667,93.16666666666667,1016.5999999999999,0.0,0.09000000000000001,18.150000000000002,230.70000000000002,0.3333333333333333,8136.0,-109.66666666666667,-10.833333333333334,1.0,2025-06-18T23:12:40.054444032Z
19505.5,98.0,93.75,1017.0166666666668,0.0,0.08000000000000002,18.266666666666666,149.26666666666668,0.25,7504.0,-108.83333333333333,-4.866666666666667,1.0,2025-06-18T23:22:05.695585536Z
18083.5,97.625,93.5,1016.4749999999999,0.0,0.08,18.150000000000002,195.6,0.3125,7390.5,-107.625,-7.4,1.0,2025-06-18T23:32:33.071553536Z
17534.6,97.4,93.4,1016.2,0.0,0.10400000000000001,17.84,227.56,0.5599999999999999,9125.4,-105.2,-6.62,1.0,2025-06-18T23:42:40.678825728Z
19511.833333333332,97.66666666666667,94.25,1016.9000000000001,0.0,0.08000000000000002,18.01666666666667,194.20000000000002,0.26666666666666666,7511.0,-107.83333333333333,-5.266666666666667,1.0,2025-06-18T23:52:05.295706112Z
18090.5,97.375,93.875,1016.425,0.0,0.08,17.8875,220.325,0.3625,7398.25,-108.5,-6.1,1.0,2025-06-19T00:02:33.323236864Z
19098.6,97.2,94.4,1016.64,0.0,0.09400000000000001,17.759999999999998,188.95999999999998,0.26000000000000006,8370.8,-109.8,-8.580000000000002,1.0,2025-06-19T00:12:47.886737920Z
18705.0,96.85714285714286,93.92857142857143,1016.5571428571429,0.0,0.08428571428571428,17.87142857142857,187.42857142857142,0.4571428571428572,7452.428571428572,-107.28571428571429,-5.942857142857144,1.0,2025-06-19T00:21:55.429997312Z
17596.14285714286,96.42857142857143,93.21428571428571,1016.0142857142857,0.0,0.09428571428571428,17.77142857142857,222.72857142857143,0.2285714285714286,8000.571428571428,-110.28571428571429,-7.957142857142856,1.0,2025-06-19T00:32:50.263902720Z
19105.4,96.2,94.4,1016.4,0.0,0.096,17.7,290.62,0.5199999999999999,8378.0,-110.6,-8.38,1.0,2025-06-19T00:42:11.857858560Z
20662.6,96.4,94.6,1016.9200000000001,0.0,0.082,17.580000000000002,227.77999999999997,0.5199999999999999,7616.4,-106.8,-4.18,1.0,2025-06-19T00:52:55.053871872Z
18103.75,96.25,94.0625,1016.075,0.0,0.08499999999999999,17.325000000000003,218.39999999999998,0.6125,7413.75,-108.375,-6.9125,1.0,2025-06-19T01:02:32.998106624Z
16936.666666666668,95.66666666666667,94.66666666666667,1015.6666666666666,0.0,0.10666666666666667,17.033333333333335,124.46666666666665,0.4666666666666666,8804.666666666666,-107.33333333333333,-5.933333333333334,1.0,2025-06-19T01:11:43.244120064Z
19529.833333333332,95.33333333333333,95.08333333333333,1016.65,0.0,0.08333333333333333,17.316666666666666,118.01666666666667,0.39999999999999997,7532.0,-107.83333333333333,-5.666666666666667,1.0,2025-06-19T01:22:05.237385216Z
18719.285714285714,95.28571428571429,95.07142857142857,1016.3571428571429,0.0,0.08428571428571428,17.157142857142855,133.4,0.35714285714285715,7470.142857142857,-107.71428571428571,-6.414285714285714,1.0,2025-06-19T01:33:21.084591872Z
18238.833333333332,95.0,95.33333333333333,1016.1500000000001,0.0,0.09499999999999999,16.833333333333332,236.5,0.3333333333333333,8175.166666666667,-110.16666666666667,-10.683333333333332,1.0,2025-06-19T01:42:39.221175552Z
18723.85714285714,95.0,95.64285714285714,1016.3714285714286,0.0,0.08428571428571428,16.785714285714285,157.1,0.5000000000000001,7474.714285714285,-108.0,-5.957142857142857,1.0,2025-06-19T01:51:55.362572544Z
18726.285714285714,95.0,96.07142857142857,1016.4285714285713,0.0,0.08428571428571428,16.742857142857144,149.18571428571428,0.5714285714285714,7477.571428571428,-108.14285714285714,-5.957142857142857,1.0,2025-06-19T02:03:21.071107584Z
17570.8,95.0,96.6,1015.9,0.0,0.10999999999999999,16.6,133.14,0.7,9167.4,-110.0,-10.680000000000001,1.0,2025-06-19T02:12:40.628444160Z
18730.571428571428,93.85714285714286,96.21428571428571,1016.3857142857142,0.0,0.08428571428571428,16.8,145.97142857142856,0.7142857142857143,7482.142857142857,-107.71428571428571,-6.971428571428571,1.0,2025-06-19T02:21:55.337751808Z
18733.0,93.85714285714286,96.14285714285714,1016.3714285714286,0.0,0.11000000000000001,16.671428571428574,137.77142857142857,0.4857142857142857,7485.0,-108.57142857142857,-5.685714285714285,1.0,2025-06-19T02:33:21.051233536Z
18253.333333333332,93.5,96.58333333333333,1016.1333333333332,0.0,0.13,16.583333333333332,166.75000000000003,0.3833333333333333,8190.833333333333,-111.16666666666667,-8.9,1.0,2025-06-19T02:42:39.191655168Z
18737.571428571428,93.28571428571429,96.35714285714286,1016.3285714285713,0.0,0.11857142857142858,16.5,236.87142857142857,0.5428571428571429,7489.571428571428,-109.28571428571429,-6.671428571428572,1.0,2025-06-19T02:51:55.634888704Z
18740.0,93.28571428571429,96.57142857142857,1016.3285714285714,0.0,0.11857142857142858,16.485714285714288,174.7857142857143,0.4714285714285715,7492.428571428572,-107.42857142857143,-6.271428571428571,1.0,2025-06-19T03:03:21.025212416Z
18260.666666666668,93.16666666666667,96.83333333333333,1016.1833333333334,0.0,0.135,16.21666666666667,187.5666666666667,0.48333333333333334,8198.666666666666,-110.83333333333333,-9.016666666666666,1.0,2025-06-19T03:12:39.171135744Z
18263.0,92.5,97.16666666666667,1016.1999999999999,0.0,0.135,16.233333333333334,154.16666666666669,0.4166666666666667,8201.166666666666,-107.5,-6.133333333333333,1.0,2025-06-19T03:22:29.183368192Z
18746.714285714286,92.57142857142857,97.07142857142857,1016.3571428571429,0.0,0.13428571428571429,16.271428571428572,149.62857142857143,0.5571428571428572,7499.428571428572,-108.28571428571429,-6.685714285714285,1.0,2025-06-19T03:32:03.862668544Z
19144.8,92.4,97.3,1016.4399999999999,0.0,0.156,16.3,199.1,0.6799999999999999,8422.8,-110.0,-9.88,1.0,2025-06-19T03:43:23.763945728Z
18269.666666666668,92.16666666666667,97.5,1016.0833333333334,0.0,0.16,16.433333333333334,120.61666666666666,0.6833333333333335,8209.0,-107.33333333333333,-5.6499999999999995,1.0,2025-06-19T03:52:29.141644544Z
18145.0,92.25,97.1875,1016.025,0.0,0.15000000000000002,16.85,137.03750000000002,0.5125,7460.25,-109.25,-7.300000000000001,1.0,2025-06-19T04:02:33.168193536Z
18275.0,92.16666666666667,97.08333333333333,1015.9833333333332,0.0,0.17666666666666667,17.083333333333332,133.23333333333332,0.46666666666666673,8214.333333333334,-110.83333333333333,-8.75,1.0,2025-06-19T04:12:39.145868032Z
18758.0,91.71428571428571,95.85714285714286,1016.1142857142859,0.0,0.16714285714285712,17.571428571428573,174.35714285714286,0.41428571428571426,7511.857142857143,-107.28571428571429,-7.799999999999999,1.0,2025-06-19T04:21:55.267735296Z
18152.75,91.5,93.9375,1015.925,0.0,0.16999999999999998,18.1875,306.025,0.45,7468.0,-108.0,-6.375,1.0,2025-06-19T04:32:32.862992896Z
18282.833333333332,91.5,91.91666666666667,1015.9666666666667,0.0,0.18833333333333332,18.916666666666668,235.53333333333333,0.3666666666666667,8222.166666666666,-110.5,-8.433333333333332,1.0,2025-06-19T04:42:39.127560448Z
19575.5,91.66666666666667,88.0,1016.5333333333334,0.0,0.18000000000000002,19.849999999999998,161.78333333333333,0.26666666666666666,7581.0,-104.5,-9.950000000000001,1.0,2025-06-19T04:52:05.098020864Z
18160.0,91.5,86.0,1016.0625,0.0,0.18874999999999997,20.3875,225.875,0.6000000000000001,7475.75,-108.25,-7.65,1.0,2025-06-19T05:02:32.841767680Z
17312.0,91.4,85.4,1015.86,0.0,0.188,20.68,246.48000000000002,1.34,7413.8,-110.0,-7.12,1.0,2025-06-19T05:11:55.488257024Z
18772.14285714286,92.0,81.0,1016.342857142857,0.0,0.20428571428571426,21.157142857142855,244.79999999999998,1.4428571428571428,7526.714285714285,-108.0,-7.0,1.0,2025-06-19T05:21:55.232757760Z
18167.5,92.75,79.375,1016.225,0.0,0.2,21.5625,239.3375,1.375,7483.5,-108.0,-7.6375,1.0,2025-06-19T05:32:32.828624384Z
18297.666666666668,92.66666666666667,77.33333333333333,1016.2333333333335,0.0,0.22666666666666666,22.166666666666668,175.11666666666665,0.85,8237.833333333334,-108.0,-7.366666666666667,1.0,2025-06-19T05:42:39.079461632Z
18300.0,93.33333333333333,74.83333333333333,1016.2666666666665,0.0,0.23333333333333328,22.816666666666666,162.86666666666665,0.7333333333333334,8240.166666666666,-108.33333333333333,-6.75,1.0,2025-06-19T05:51:29.437964544Z
18175.0,93.25,77.75,1708.25,31.875,82.11250000000001,20.5875,211.3125,820.025,7491.25,-108.625,-8.2375,1.0,2025-06-19T06:02:33.359427584Z
18305.333333333332,93.33333333333333,68.58333333333333,1016.2666666666665,0.0,0.23499999999999996,24.049999999999997,310.46666666666664,1.0166666666666666,8245.666666666666,-110.33333333333333,-10.533333333333333,1.0,2025-06-19T06:12:39.078347776Z
18307.666666666668,94.16666666666667,67.16666666666667,1016.3000000000001,0.0,0.23499999999999996,24.41666666666666,287.18333333333334,1.1833333333333333,8248.166666666666,-108.0,-6.1499999999999995,1.0,2025-06-19T06:22:29.049004800Z
18788.85714285714,97.42857142857143,65.07142857142857,1016.4285714285714,0.0,0.22142857142857136,24.985714285714288,247.57142857142858,0.9857142857142859,7544.285714285715,-107.42857142857143,-6.714285714285714,1.0,2025-06-19T06:32:55.264935680Z
18312.5,97.0,61.833333333333336,1016.2166666666666,0.0,0.23499999999999996,25.833333333333332,228.70000000000002,0.9666666666666667,8253.5,-110.66666666666667,-9.9,1.0,2025-06-19T06:42:39.036180224Z
18793.428571428572,98.28571428571429,61.785714285714285,1016.4142857142858,0.0,0.22142857142857136,26.071428571428573,256.35714285714283,1.5285714285714285,7549.0,-108.0,-7.585714285714286,1.0,2025-06-19T06:51:55.183247616Z
17693.0,98.85714285714286,59.42857142857143,1016.0142857142857,0.0,0.2228571428571428,26.542857142857144,135.15714285714287,1.5714285714285716,8106.285714285715,-108.57142857142857,-6.514285714285713,1.0,2025-06-19T07:01:58.601955584Z
18320.166666666668,99.0,59.5,1016.1666666666666,0.0,0.23499999999999996,26.75,222.6,1.4166666666666667,8261.333333333334,-111.0,-10.85,1.0,2025-06-19T07:12:39.037790976Z
19608.5,99.33333333333333,57.5,1016.6833333333334,0.0,0.23333333333333328,26.983333333333334,244.58333333333334,1.2666666666666668,7616.0,-106.33333333333333,-7.333333333333333,1.0,2025-06-19T07:22:05.009957632Z
18802.571428571428,100.0,56.57142857142857,1016.4142857142858,0.0,0.2228571428571428,27.571428571428573,234.12857142857143,1.4,7558.857142857143,-109.57142857142857,-6.785714285714286,1.0,2025-06-19T07:32:03.726330624Z
18327.0,100.0,54.25,1016.1333333333332,0.0,0.2366666666666666,27.78333333333333,190.01666666666665,1.1333333333333335,8269.166666666666,-111.0,-9.833333333333334,1.0,2025-06-19T07:42:39.022065664Z
18807.14285714286,100.0,53.785714285714285,1016.3285714285713,0.0,0.22999999999999995,28.214285714285715,191.0,1.285714285714286,7563.857142857143,-108.14285714285714,-6.071428571428571,1.0,2025-06-19T07:51:55.141769472Z
18204.0,100.0,52.6875,1016.1000000000001,0.0,0.22125,28.625,175.325,1.1375,7522.25,-108.875,-8.3125,1.0,2025-06-19T08:02:32.747531776Z
19208.2,100.0,50.6,1016.3399999999999,0.0,0.26199999999999996,28.939999999999998,110.48000000000002,1.24,8489.4,-110.2,-9.52,1.0,2025-06-19T08:13:23.603328512Z
18814.14285714286,100.0,48.714285714285715,1016.2571428571429,0.0,0.23571428571428568,29.085714285714285,185.0142857142857,0.9142857142857144,7571.285714285715,-108.42857142857143,-6.685714285714285,1.0,2025-06-19T08:21:55.130411776Z
18211.25,100.0,48.875,1016.075,0.0,0.22875,29.2375,212.2,1.1125,7530.0,-108.625,-6.875,1.0,2025-06-19T08:32:32.740323840Z
19215.2,100.0,46.8,1016.36,0.0,0.2719999999999999,29.8,197.0,0.9800000000000001,8496.6,-110.2,-9.86,1.0,2025-06-19T08:42:47.668809216Z
19628.166666666668,100.0,47.083333333333336,1016.5666666666666,0.0,0.2716666666666666,29.649999999999995,203.65,1.3499999999999999,7637.0,-106.0,-6.2,1.0,2025-06-19T08:52:04.963529984Z
17370.0,100.0,47.6,1015.76,0.0,0.22999999999999998,29.8,228.12000000000003,1.26,7476.2,-110.6,-8.16,1.0,2025-06-19T09:00:19.403550464Z
