Unnamed: 0,battery,humidity,pressure,rf_counter,rf_total,temperature,direction,speed,f_cnt,rssi,snr,value,time
18738.0,100.0,34.285714285714285,1014.0,0.0,0.005714285714285714,28.871428571428574,144.57142857142858,2.9857142857142853,8060.285714285715,-105.28571428571429,-6.471428571428572,1.0,2025-06-04T12:02:53.977472768Z
18840.0,100.0,32.6,1013.8,0.0,0.008,29.560000000000002,170.56,3.12,8068.8,-103.0,-0.4,1.0,2025-06-04T12:13:26.077697536Z
18719.8,100.0,31.0,1013.86,0.0,0.008,30.020000000000003,178.76,3.08,8065.2,-104.8,-4.4399999999999995,1.0,2025-06-04T12:23:27.830194944Z
18931.0,100.0,32.125,1013.525,0.0,0.01,30.25,185.0,3.525,8078.5,-106.25,-7.575,1.0,2025-06-04T12:33:54.336788224Z
18786.5,100.0,30.666666666666668,1013.5333333333333,0.0,0.006666666666666667,30.28333333333333,147.61666666666665,3.233333333333334,8070.833333333333,-105.16666666666667,-3.0833333333333335,1.0,2025-06-04T12:42:17.326302464Z
18782.0,100.0,33.25,1013.45,0.0,0.01,30.200000000000003,147.925,2.2,8075.25,-103.25,-0.32499999999999973,1.0,2025-06-04T12:52:41.380941824Z
18794.6,100.0,31.8,1013.5600000000001,0.0,0.004,30.620000000000005,153.45999999999998,2.84,8072.8,-107.4,-0.9800000000000001,1.0,2025-06-04T13:01:28.179008256Z
18791.5,100.0,31.333333333333332,1013.5000000000001,0.0,0.02,30.899999999999995,154.61666666666665,3.366666666666666,8076.833333333333,-106.33333333333333,-1.75,1.0,2025-06-04T13:12:17.318063104Z
18787.0,100.0,32.75,1013.4000000000001,0.0,0.035,30.799999999999997,168.175,3.75,8081.5,-106.25,-0.875,1.0,2025-06-04T13:23:56.354932992Z
18794.833333333332,100.0,30.083333333333332,1013.5,0.0,0.023333333333333334,30.86666666666667,173.63333333333333,4.95,8081.166666666667,-103.5,-2.783333333333333,1.0,2025-06-04T13:33:57.311890688Z
18855.4,100.0,29.2,1013.4799999999999,0.0,0.028000000000000004,30.979999999999997,169.49999999999997,4.2,8086.8,-105.8,0.14000000000000004,1.0,2025-06-04T13:43:26.049415424Z
18798.5,100.0,30.416666666666668,1013.5666666666667,0.0,0.028333333333333332,30.716666666666665,162.03333333333333,4.083333333333333,8085.166666666667,-108.66666666666667,-6.8999999999999995,1.0,2025-06-04T13:53:57.296426752Z
18800.5,100.0,30.583333333333332,1013.5333333333334,0.0,0.03,30.349999999999998,167.5,4.349999999999999,8087.166666666667,-106.66666666666667,-2.5833333333333335,1.0,2025-06-04T14:03:57.330192384Z
18861.2,100.0,32.9,1013.6200000000001,0.0,0.044,29.380000000000003,183.0,3.22,8092.8,-102.6,-0.4,1.0,2025-06-04T14:13:26.004539904Z
18740.4,100.0,32.3,1013.68,0.0,0.054000000000000006,29.5,169.08,5.3,8089.2,-104.0,-5.720000000000001,1.0,2025-06-04T14:23:27.757120256Z
18805.833333333332,100.0,33.333333333333336,1013.5833333333335,0.0,0.055,29.433333333333334,167.1,5.166666666666667,8093.166666666667,-106.66666666666667,-3.1833333333333336,1.0,2025-06-04T14:33:57.263607808Z
18866.6,100.0,35.2,1013.5200000000001,0.0,0.06999999999999999,29.3,180.35999999999999,3.8,8098.8,-104.6,-1.7199999999999995,1.0,2025-06-04T14:43:26.055637504Z
18814.0,100.0,33.4,1013.54,0.0,0.038,30.1,172.24,4.779999999999999,8095.2,-104.2,-1.14,1.0,2025-06-04T14:53:28.028542976Z
18811.166666666668,100.0,32.083333333333336,1013.4166666666666,0.0,0.085,30.183333333333334,183.23333333333335,5.5,8099.166666666667,-104.66666666666667,-2.533333333333333,1.0,2025-06-04T15:03:57.238376448Z
18872.0,100.0,34.0,1013.26,0.0,0.11600000000000002,29.9,175.56,4.9399999999999995,8104.8,-102.8,-0.31999999999999995,1.0,2025-06-04T15:13:26.012945408Z
18814.833333333332,100.0,34.833333333333336,1013.3166666666667,0.0,0.10833333333333334,29.88333333333333,178.36666666666667,4.499999999999999,8103.166666666667,-106.66666666666667,-7.55,1.0,2025-06-04T15:23:57.239387136Z
18875.8,100.0,37.4,1013.26,0.0,0.13999999999999999,29.48,197.32,3.4400000000000004,8108.8,-104.0,-0.13999999999999985,1.0,2025-06-04T15:33:25.949579776Z
18877.6,100.0,37.1,1013.0600000000001,0.0,0.13999999999999999,29.859999999999996,204.02,4.0200000000000005,8110.8,-108.6,-6.839999999999999,1.0,2025-06-04T15:43:25.958320384Z
18820.166666666668,100.0,36.583333333333336,1013.0666666666667,0.0,0.11666666666666665,29.616666666666664,187.61666666666667,3.6,8109.166666666667,-109.0,-8.816666666666666,1.0,2025-06-04T15:53:57.208911616Z
18822.166666666668,100.0,38.25,1012.9333333333334,0.0,0.11666666666666665,29.01666666666667,179.8166666666667,2.783333333333333,8111.166666666667,-104.83333333333333,-3.0500000000000003,1.0,2025-06-04T16:03:57.210411264Z
18883.4,100.0,39.3,1012.76,0.0,0.13999999999999999,29.22,202.82,2.48,8116.8,-101.6,-1.5200000000000002,1.0,2025-06-04T16:13:25.972235776Z
18761.8,100.0,39.4,1012.64,0.0,0.13999999999999999,29.1,169.35999999999999,2.0599999999999996,8113.2,-106.0,-0.4799999999999997,1.0,2025-06-04T16:23:27.656074752Z
18827.5,100.0,39.166666666666664,1012.4333333333334,0.0,0.11666666666666665,29.26666666666667,185.03333333333333,2.316666666666667,8117.166666666667,-105.83333333333333,-6.116666666666667,1.0,2025-06-04T16:33:57.179101440Z
18909.0,100.0,40.25,1012.525,0.0,0.0875,29.175,192.775,2.25,8121.25,-104.75,-1.9749999999999999,1.0,2025-06-04T16:42:41.569418496Z
18835.2,100.0,41.6,1012.5800000000002,0.0,0.06999999999999999,28.939999999999998,160.4,2.74,8119.2,-104.2,-1.2600000000000002,1.0,2025-06-04T16:53:27.970256384Z
18837.0,100.0,42.4,1012.64,0.0,0.074,28.360000000000003,165.72,2.72,8121.2,-105.4,-4.86,1.0,2025-06-04T17:03:27.947573248Z
18893.4,100.0,43.1,1012.6600000000001,0.0,0.144,27.699999999999996,187.04000000000002,2.2800000000000002,8128.8,-101.4,-0.9999999999999997,1.0,2025-06-04T17:13:25.870947840Z
18771.6,100.0,44.9,1012.6800000000001,0.0,0.142,27.080000000000002,169.56,2.3200000000000003,8125.2,-108.2,-3.7399999999999998,1.0,2025-06-04T17:23:27.659789056Z
18896.8,100.0,47.9,1012.68,0.0,0.148,26.3,164.51999999999998,1.6800000000000002,8133.0,-104.2,-0.8,1.0,2025-06-04T17:34:25.864862464Z
18919.0,100.0,50.125,1012.675,0.0,0.0975,25.825000000000003,155.5,1.6,8133.25,-104.0,-0.2,1.0,2025-06-04T17:42:41.533082624Z
18840.5,100.0,50.416666666666664,1012.6500000000001,0.0,0.12666666666666668,25.46666666666667,134.4,1.8666666666666665,8133.166666666667,-108.83333333333333,-7.3,1.0,2025-06-04T17:53:57.124455168Z
18842.5,100.0,50.5,1012.5166666666668,0.0,0.12666666666666668,25.21666666666667,97.98333333333333,1.5333333333333334,8135.166666666667,-106.66666666666667,-1.016666666666667,1.0,2025-06-04T18:03:57.097407232Z
18904.0,100.0,49.2,1012.36,0.0,0.148,25.240000000000002,125.38,1.7600000000000002,8140.8,-104.2,-0.8,1.0,2025-06-04T18:13:25.827400960Z
18850.6,100.0,50.3,1012.54,0.0,0.08199999999999999,25.02,133.48,2.46,8137.2,-106.8,-3.3600000000000003,1.0,2025-06-04T18:23:27.881143808Z
18847.833333333332,100.0,48.916666666666664,1012.3666666666667,0.0,0.12666666666666668,25.166666666666668,115.51666666666667,1.8333333333333333,8141.166666666667,-105.66666666666667,-3.566666666666667,1.0,2025-06-04T18:33:57.071102720Z
18909.4,100.0,49.9,1012.5600000000001,0.0,0.148,25.079999999999995,174.8,1.4,8146.8,-104.0,-2.0,1.0,2025-06-04T18:43:25.803212288Z
18943.333333333332,100.0,52.666666666666664,1012.7666666666668,0.0,0.4066666666666667,24.73333333333333,230.0,0.4000000000000001,8154.333333333333,-101.0,2.6999999999999997,1.0,2025-06-04T18:53:03.602088704Z
19059.666666666668,100.0,64.66666666666667,1012.8333333333334,0.0,1.3666666666666665,22.766666666666666,172.13333333333333,1.5666666666666664,8156.333333333333,-105.0,-5.3999999999999995,1.0,2025-06-04T19:03:04.191765248Z
19061.333333333332,100.0,66.83333333333333,1012.6333333333333,0.0,1.5633333333333332,22.333333333333332,123.53333333333332,1.3,8158.333333333333,-109.0,-8.700000000000001,1.0,2025-06-04T19:13:04.189776896Z
18947.666666666668,100.0,71.5,1012.4666666666667,0.0,1.3766666666666667,22.23333333333333,203.5,0.7999999999999999,8160.333333333333,-102.66666666666667,1.2666666666666666,1.0,2025-06-04T19:23:04.316149760Z
19007.0,100.0,70.0,1012.5,0.0,1.48,22.375,162.62499999999997,1.0750000000000002,8162.5,-101.0,0.8,1.0,2025-06-04T19:33:53.911051264Z
18951.333333333332,100.0,70.83333333333333,1012.5666666666666,0.0,1.3866666666666667,22.233333333333334,209.0,0.6,8164.333333333333,-99.0,-1.4000000000000001,1.0,2025-06-04T19:43:03.547045120Z
19010.5,100.0,71.75,1012.75,0.0,1.48,22.225,163.17499999999998,1.2000000000000002,8166.5,-109.25,-6.3,1.0,2025-06-04T19:53:53.860495104Z
19012.5,100.0,68.75,1012.775,0.0,1.48,22.174999999999997,185.95,0.975,8168.5,-100.25,1.85,1.0,2025-06-04T20:03:53.831798528Z
19071.666666666668,100.0,62.833333333333336,1012.9,0.0,1.5733333333333333,22.7,204.1,0.8666666666666667,8170.333333333333,-97.66666666666667,3.733333333333333,1.0,2025-06-04T20:13:04.125057792Z
19073.333333333332,100.0,70.5,1012.9666666666667,0.0,1.5733333333333333,21.833333333333332,198.66666666666666,0.6333333333333334,8172.333333333333,-97.33333333333333,0.3333333333333333,1.0,2025-06-04T20:23:04.111239168Z
19017.5,100.0,71.25,1012.9750000000001,0.0,1.48,21.45,180.4,0.55,8174.5,-103.75,0.7749999999999999,1.0,2025-06-04T20:33:53.862457856Z
19019.5,100.0,74.25,1012.95,0.0,1.48,21.5,145.175,0.7250000000000001,8176.5,-101.0,0.42500000000000004,1.0,2025-06-04T20:43:53.792268288Z
18963.666666666668,100.0,78.66666666666667,1012.8333333333334,0.0,1.3866666666666667,21.333333333333332,124.10000000000001,0.7666666666666666,8178.333333333333,-101.33333333333333,-0.6333333333333334,1.0,2025-06-04T20:53:03.474692096Z
19023.0,100.0,82.625,1012.9000000000001,0.0,1.48,21.1,177.54999999999998,0.8,8180.5,-106.75,-4.125,1.0,2025-06-04T21:03:53.785962496Z
19025.0,100.0,84.25,1012.875,0.0,1.48,20.75,194.7,0.375,8182.5,-106.0,-3.075,1.0,2025-06-04T21:13:53.764465664Z
19027.0,100.0,85.5,1012.9000000000001,0.0,1.48,20.375,123.4,0.9249999999999999,8184.5,-104.0,-5.4,1.0,2025-06-04T21:23:53.764143616Z
19029.0,100.0,84.0,1012.85,0.0,1.48,20.275,177.25,0.7999999999999999,8186.5,-100.75,3.0,1.0,2025-06-04T21:33:53.749617664Z
19088.333333333332,100.0,87.5,1013.0333333333334,0.0,1.5733333333333333,19.933333333333334,238.86666666666665,0.8333333333333334,8188.333333333333,-103.0,3.233333333333333,1.0,2025-06-04T21:43:04.122466304Z
18974.666666666668,100.0,85.16666666666667,1012.7999999999998,0.0,1.3866666666666667,20.233333333333334,255.4666666666667,0.5666666666666668,8190.333333333333,-103.33333333333333,-1.9000000000000001,1.0,2025-06-04T21:53:03.407050752Z
19091.333333333332,100.0,87.5,1012.8666666666667,0.0,1.5733333333333333,20.099999999999998,183.96666666666667,0.4666666666666666,8192.666666666666,-99.66666666666667,3.6,1.0,2025-06-04T22:04:44.027546624Z
19035.5,100.0,87.0,1012.7,0.0,1.48,20.049999999999997,187.47500000000002,0.5,8194.5,-101.75,1.65,1.0,2025-06-04T22:13:53.701969920Z
19037.5,99.5,86.875,1012.75,0.0,1.48,20.025,241.85000000000002,0.575,8196.5,-106.25,-5.075,1.0,2025-06-04T22:23:53.712372992Z
19097.0,99.33333333333333,88.33333333333333,1012.8666666666667,0.0,1.5733333333333333,19.833333333333332,163.0,0.7000000000000001,8198.666666666666,-102.66666666666667,-3.3333333333333335,1.0,2025-06-04T22:34:44.047043584Z
19041.0,98.5,89.125,1012.75,0.0,1.48,19.424999999999997,244.45,0.325,8200.5,-99.0,1.925,1.0,2025-06-04T22:43:53.732022528Z
19043.0,98.5,88.125,1012.8249999999999,0.0,1.48,19.299999999999997,220.2,0.575,8202.5,-103.0,-2.825,1.0,2025-06-04T22:53:54.222694912Z
19045.0,98.5,84.25,1012.825,0.0,1.48,19.475,259.275,0.925,8204.5,-106.25,-5.05,1.0,2025-06-04T23:03:53.667108864Z
19047.0,98.5,82.375,1012.9000000000001,0.0,1.48,19.4,253.175,0.525,8206.5,-104.25,-0.6000000000000001,1.0,2025-06-04T23:13:53.643286528Z
19049.0,97.5,84.0,1012.95,0.0,1.48,19.325,262.025,0.6000000000000001,8208.5,-105.75,-5.475,1.0,2025-06-04T23:23:53.654180352Z
19051.0,97.5,84.625,1013.025,0.0,1.48,19.25,285.97499999999997,0.8250000000000001,8210.5,-99.25,2.8,1.0,2025-06-04T23:33:53.624998400Z
19053.0,97.25,83.0,1013.0500000000001,0.0,1.48,19.15,287.125,0.925,8212.5,-101.75,1.575,1.0,2025-06-04T23:43:53.626623744Z
18997.0,97.0,82.66666666666667,1012.9333333333334,0.0,1.3866666666666667,19.033333333333335,274.8666666666667,0.7000000000000001,8214.333333333334,-107.33333333333333,-3.4666666666666663,1.0,2025-06-04T23:53:03.378112768Z
19056.5,97.0,84.375,1013.0,0.0,1.48,18.8,263.975,0.7,8216.5,-104.5,0.375,1.0,2025-06-05T00:03:53.592174592Z
19058.5,97.0,83.5,1012.9750000000001,0.0,1.48,18.875,277.0,0.9,8218.5,-101.0,-0.7,1.0,2025-06-05T00:13:53.578910976Z
19002.666666666668,97.0,84.0,1012.7333333333332,0.0,1.3866666666666667,18.833333333333332,236.0,1.0,8220.333333333334,-104.66666666666667,1.9333333333333333,1.0,2025-06-05T00:23:03.275260928Z
19062.0,96.5,79.125,1012.8,0.0,1.48,19.35,249.575,1.125,8222.5,-105.5,-1.0,1.0,2025-06-05T00:33:53.565637120Z
19064.0,96.0,79.375,1012.8249999999999,0.0,1.48,19.225,232.15,0.925,8224.5,-100.25,1.05,1.0,2025-06-05T00:43:53.561498368Z
19008.333333333332,95.33333333333333,80.83333333333333,1012.8666666666668,0.0,1.3866666666666667,18.86666666666667,208.23333333333335,1.0,8226.333333333334,-102.0,1.5,1.0,2025-06-05T00:53:03.304963072Z
19124.666666666668,95.66666666666667,80.5,1013.0,0.0,1.5733333333333333,18.666666666666668,233.96666666666667,0.8666666666666667,8228.333333333334,-99.66666666666667,0.16666666666666666,1.0,2025-06-05T01:03:03.894306816Z
19069.0,95.5,79.875,1012.9250000000001,0.0,1.48,18.6,206.75,0.8999999999999999,8230.5,-99.0,2.625,1.0,2025-06-05T01:13:53.515305728Z
19071.0,95.0,76.375,1012.8249999999999,0.0,1.48,18.700000000000003,240.425,0.9,8232.5,-107.0,-5.175,1.0,2025-06-05T01:23:53.541002752Z
19073.0,94.5,76.25,1012.85,0.0,1.48,18.55,221.65,0.7250000000000001,8234.5,-99.75,3.1500000000000004,1.0,2025-06-05T01:33:53.508307200Z
19075.0,94.5,73.625,1012.8249999999999,0.0,1.48,18.65,283.625,0.6499999999999999,8236.5,-102.5,0.75,1.0,2025-06-05T01:43:53.492739584Z
19019.333333333332,94.0,72.16666666666667,1012.5999999999999,0.0,1.3933333333333333,18.933333333333334,247.80000000000004,0.6333333333333333,8238.333333333334,-101.0,2.2333333333333334,1.0,2025-06-05T01:53:03.148346112Z
19078.5,94.0,74.875,1012.6999999999999,0.0,1.49,18.325,234.8,0.625,8240.5,-100.25,0.375,1.0,2025-06-05T02:03:53.538817280Z
19080.5,94.0,73.875,1012.725,0.0,1.4975,18.425,219.17499999999998,1.0,8242.5,-101.5,1.825,1.0,2025-06-05T02:13:53.465017856Z
19025.0,94.0,71.33333333333333,1012.6333333333333,0.0,1.4033333333333333,18.53333333333333,195.9,0.3666666666666667,8244.333333333334,-100.0,1.4000000000000001,1.0,2025-06-05T02:23:03.115308288Z
19084.0,93.5,78.875,1012.8000000000001,0.0,1.505,17.674999999999997,133.85,0.55,8246.5,-104.0,-1.2999999999999998,1.0,2025-06-05T02:33:53.476098560Z
19086.0,93.5,77.875,1012.925,0.0,1.505,17.6,123.125,0.6000000000000001,8248.5,-102.75,1.375,1.0,2025-06-05T02:43:53.438746880Z
19030.666666666668,93.0,77.5,1012.7999999999998,0.0,1.4033333333333333,17.766666666666666,135.36666666666667,0.7999999999999999,8250.333333333334,-106.66666666666667,-5.3999999999999995,1.0,2025-06-05T02:53:03.817031424Z
19089.5,93.0,79.375,1013.0250000000001,0.0,1.505,17.35,112.65,0.5,8252.5,-101.75,2.375,1.0,2025-06-05T03:03:53.479806464Z
19091.5,93.0,80.125,1013.125,0.0,1.505,17.05,146.45,0.8999999999999999,8254.5,-100.75,3.0,1.0,2025-06-05T03:13:53.404090880Z
19036.333333333332,93.0,74.5,1012.9666666666667,0.0,1.4033333333333333,17.599999999999998,295.4,0.6666666666666666,8256.333333333334,-104.0,1.3,1.0,2025-06-05T03:23:03.073131776Z
19095.0,92.5,73.875,1013.0,0.0,1.505,17.725,235.25,0.42500000000000004,8258.5,-101.5,2.3,1.0,2025-06-05T03:33:53.408901120Z
19097.0,92.5,73.625,1012.975,0.0,1.505,17.85,216.05,0.65,8260.5,-102.5,2.45,1.0,2025-06-05T03:43:53.375716608Z
19042.0,92.0,74.5,1012.9,0.0,1.4033333333333333,17.933333333333334,164.13333333333335,0.7000000000000001,8262.333333333334,-103.0,0.5,1.0,2025-06-05T03:53:03.015751424Z
19100.5,91.5,80.25,1012.9750000000001,0.0,1.505,17.174999999999997,210.22500000000002,0.475,8264.5,-101.75,1.425,1.0,2025-06-05T04:03:53.365601536Z
19102.5,91.5,77.25,1013.125,0.0,1.505,17.325,219.82500000000002,0.5,8266.5,-101.25,0.6500000000000001,1.0,2025-06-05T04:13:53.405319680Z
19047.666666666668,91.33333333333333,80.5,1013.1666666666666,0.0,1.4033333333333333,17.533333333333335,247.36666666666665,0.4000000000000001,8268.333333333334,-101.33333333333333,-0.9333333333333336,1.0,2025-06-05T04:23:02.975215616Z
19106.0,91.25,81.875,1013.3499999999999,0.0,1.505,17.225,217.52499999999998,0.525,8270.5,-103.75,0.30000000000000004,1.0,2025-06-05T04:33:53.338013440Z
19108.0,91.0,79.375,1013.3000000000001,0.0,1.505,17.75,77.8,0.6499999999999999,8272.5,-101.0,1.0,1.0,2025-06-05T04:43:53.332498176Z
19053.333333333332,91.0,78.16666666666667,1013.2666666666668,0.0,1.4033333333333333,18.266666666666666,163.9,0.7000000000000001,8274.333333333334,-101.66666666666667,-0.06666666666666672,1.0,2025-06-05T04:53:02.960213760Z
19111.5,91.5,80.25,1013.4749999999999,0.0,1.5300000000000002,18.825,249.05,0.9750000000000001,8276.5,-103.0,-0.125,1.0,2025-06-05T05:03:53.309925888Z
19113.5,91.5,78.25,1013.425,0.0,1.54,19.15,181.45,1.125,8278.5,-103.0,-0.050000000000000044,1.0,2025-06-05T05:13:53.377093632Z
19059.0,91.66666666666667,71.0,1013.4333333333334,0.0,1.45,19.733333333333334,194.4333333333333,1.4666666666666668,8280.333333333334,-99.33333333333333,0.5,1.0,2025-06-05T05:23:02.921112576Z
19117.0,92.0,68.875,1013.625,0.0,1.54,20.1,212.225,0.7,8282.5,-100.75,0.675,1.0,2025-06-05T05:33:53.289616384Z
19119.0,92.5,75.375,1013.95,0.0,1.54,20.125,284.55,0.8,8284.5,-98.25,-3.575,1.0,2025-06-05T05:43:53.288592128Z
19120.5,92.5,74.5,1013.85,0.0,1.54,20.6,155.7,0.6,8286.5,-107.5,-2.6,1.0,2025-06-05T05:53:53.286987776Z
19122.0,93.5,72.0,1013.8,0.0,1.54,21.05,183.325,1.075,8288.5,-103.25,0.42500000000000027,1.0,2025-06-05T06:03:53.248904704Z
19124.0,93.5,72.75,1013.7,0.0,1.54,21.275,252.72500000000002,0.675,8290.5,-101.0,1.3,1.0,2025-06-05T06:13:53.228556288Z
19069.666666666668,93.66666666666667,72.16666666666667,1013.6666666666666,0.0,1.45,21.400000000000002,111.33333333333333,0.6,8292.333333333334,-104.33333333333333,-2.5,1.0,2025-06-05T06:23:02.917005312Z
19127.5,94.5,72.375,1014.2,0.0,1.54,21.475,263.75,0.6749999999999999,8294.5,-102.25,0.8750000000000002,1.0,2025-06-05T06:33:53.222828288Z
19129.5,95.5,75.0,1014.55,0.0,1.54,21.525000000000002,248.02499999999998,0.6,8296.5,-100.25,0.9000000000000001,1.0,2025-06-05T06:43:53.208883456Z
19075.333333333332,95.0,71.83333333333333,1014.1666666666666,0.0,1.45,22.166666666666668,252.43333333333337,0.20000000000000004,8298.333333333334,-102.0,-0.9333333333333332,1.0,2025-06-05T06:53:02.819162112Z
19133.0,98.5,66.0,1013.7249999999999,0.0,1.54,23.15,172.65,0.775,8300.5,-101.75,1.15,1.0,2025-06-05T07:03:53.190021632Z
19135.0,98.5,60.125,1013.5,0.0,1.54,24.25,199.0,0.8500000000000001,8302.5,-100.5,2.775,1.0,2025-06-05T07:13:53.180574720Z
19081.0,99.0,55.833333333333336,1013.4666666666666,0.0,1.45,24.96666666666667,138.20000000000002,1.0999999999999999,8304.333333333334,-102.66666666666667,2.1333333333333333,1.0,2025-06-05T07:23:02.856875008Z
19138.5,99.25,52.125,1013.4000000000001,0.0,1.54,24.9,145.025,1.85,8306.5,-101.25,0.925,1.0,2025-06-05T07:33:53.169658880Z
19140.5,100.0,45.375,1013.4,0.0,1.54,25.625,174.9,3.25,8308.5,-102.25,0.050000000000000044,1.0,2025-06-05T07:43:53.154488832Z
19142.5,100.0,44.625,1013.4499999999999,0.0,1.54,25.825,183.64999999999998,2.975,8310.5,-109.5,-6.7,1.0,2025-06-05T07:53:53.175765248Z
19144.5,100.0,45.125,1013.55,0.0,1.54,25.549999999999997,202.10000000000002,1.6,8312.5,-101.0,-0.15000000000000036,1.0,2025-06-05T08:03:53.138205440Z
19146.5,100.0,45.25,1013.6999999999999,0.0,1.54,25.725,203.65,1.9,8314.5,-101.5,1.3,1.0,2025-06-05T08:13:53.128155392Z
19092.666666666668,100.0,44.5,1013.7000000000002,0.0,1.45,25.733333333333334,195.16666666666666,2.3333333333333335,8316.333333333334,-104.0,-1.3,1.0,2025-06-05T08:23:02.723836928Z
19150.0,100.0,44.625,1013.825,0.0,1.54,25.700000000000003,143.725,1.875,8318.5,-99.0,0.6000000000000001,1.0,2025-06-05T08:33:53.172472832Z
19152.0,100.0,47.625,1013.925,0.0,1.54,25.400000000000002,218.10000000000002,1.825,8320.5,-103.5,1.7,1.0,2025-06-05T08:43:54.195657216Z
19098.333333333332,100.0,46.166666666666664,1013.8666666666667,0.0,1.45,25.2,202.6,1.5666666666666667,8322.333333333334,-101.0,0.9666666666666668,1.0,2025-06-05T08:53:02.694447360Z
19155.5,100.0,44.0,1013.875,0.0,1.54,25.675,157.125,1.875,8324.5,-105.25,-0.95,1.0,2025-06-05T09:03:53.088119808Z
19157.5,100.0,64.375,2398.725,63.75,164.92499999999998,19.525000000000002,141.92499999999998,1639.975,8326.5,-101.5,-3.325,1.0,2025-06-05T09:13:54.112045312Z
19104.0,100.0,43.0,1013.7333333333335,0.0,1.45,26.133333333333336,205.76666666666665,2.3000000000000003,8328.333333333334,-105.0,-0.6,1.0,2025-06-05T09:23:02.666754048Z
19161.0,100.0,41.75,1013.7750000000001,0.0,1.54,26.5,194.60000000000002,1.775,8330.5,-101.75,1.175,1.0,2025-06-05T09:33:53.123598592Z
19163.0,100.0,40.875,1013.7,0.0,1.54,26.8,175.35,1.9250000000000003,8332.5,-104.0,-0.07499999999999996,1.0,2025-06-05T09:43:53.053840896Z
19109.666666666668,100.0,39.833333333333336,1013.5666666666666,0.0,1.45,27.53333333333333,187.93333333333337,1.1666666666666667,8334.333333333334,-100.66666666666667,2.566666666666667,1.0,2025-06-05T09:53:02.628010752Z
19166.5,100.0,39.125,1013.6500000000001,0.0,1.54,27.825000000000003,167.5,1.375,8336.5,-102.25,1.75,1.0,2025-06-05T10:03:53.044485376Z
19168.5,100.0,36.875,1013.5999999999999,0.0,1.54,28.275,165.05,2.125,8338.5,-103.25,-0.25,1.0,2025-06-05T10:13:53.034484736Z
19115.333333333332,100.0,35.833333333333336,1013.5333333333334,0.0,1.45,28.833333333333332,175.66666666666666,2.266666666666667,8340.333333333334,-103.66666666666667,-2.4,1.0,2025-06-05T10:23:02.607880192Z
19172.0,100.0,34.25,1013.5749999999999,0.0,0.635,28.825000000000003,147.575,1.775,8342.5,-104.75,1.675,1.0,2025-06-05T10:33:53.016323328Z
19174.0,100.0,33.625,1013.575,0.0,0.635,29.15,250.3,1.625,8344.5,-105.75,-0.02499999999999991,1.0,2025-06-05T10:43:53.068175872Z
19121.0,100.0,32.5,1013.5666666666666,0.0,0.0,29.600000000000005,166.03333333333333,1.5666666666666667,8346.333333333334,-103.66666666666667,0.16666666666666666,1.0,2025-06-05T10:53:02.581479424Z
19177.5,100.0,32.75,1013.625,0.0,0.0,29.15,203.82500000000002,2.0,8348.5,-103.5,2.75,1.0,2025-06-05T11:03:53.540061440Z
19179.5,100.0,35.0,1013.5,0.0,0.0,29.25,184.14999999999998,1.6,8350.5,-103.25,0.2,1.0,2025-06-05T11:13:52.986664960Z
19126.666666666668,100.0,35.0,1013.3666666666667,0.0,0.0,29.633333333333336,121.63333333333333,0.9666666666666668,8352.333333333334,-103.33333333333333,1.4333333333333333,1.0,2025-06-05T11:23:02.555242496Z
19183.0,100.0,34.625,1013.3000000000001,0.0,0.0,29.849999999999998,224.47500000000002,1.75,8354.5,-103.25,1.225,1.0,2025-06-05T11:33:52.982621184Z
19185.0,100.0,32.875,1013.25,0.0,0.0,30.0,151.07500000000002,2.0,8356.5,-105.25,1.325,1.0,2025-06-05T11:43:53.034590464Z
19132.333333333332,100.0,33.833333333333336,1013.1666666666666,0.0,0.0,30.366666666666664,169.20000000000002,0.6333333333333334,8358.333333333334,-107.0,-0.6666666666666666,1.0,2025-06-05T11:53:02.542390272Z
19188.5,100.0,34.25,1013.1,0.0,0.0,30.525,106.9,1.5,8360.5,-102.25,2.375,1.0,2025-06-05T12:03:52.964609536Z
19190.5,100.0,36.125,1012.9499999999999,0.0,0.0,30.275000000000002,196.65,2.9749999999999996,8362.5,-103.5,-0.0749999999999999,1.0,2025-06-05T12:13:52.951932160Z
18991.5,100.0,35.25,1012.95,0.0,0.3875,30.324999999999996,129.6,1.05,6274.0,-105.5,-3.45,1.0,2025-06-05T12:23:21.633629184Z
19065.8,100.0,36.5,1012.9,0.0,0.31,30.380000000000003,161.58,1.9,6694.0,-104.6,-2.5,1.0,2025-06-05T12:33:15.890327296Z
18982.166666666668,100.0,35.5,1012.9333333333333,0.0,0.5166666666666667,30.466666666666665,140.68333333333337,2.3666666666666667,5580.833333333333,-102.83333333333333,-4.033333333333333,1.0,2025-06-05T12:42:31.168358656Z
18908.8,100.0,35.9,1012.8800000000001,0.0,0.62,30.380000000000003,130.7,2.1,5025.2,-106.6,-1.36,1.0,2025-06-05T12:52:32.601265664Z
19071.2,100.0,37.5,1012.9399999999999,0.0,0.31,29.919999999999998,159.06,2.44,6699.8,-102.6,-2.8200000000000003,1.0,2025-06-05T13:03:15.871165952Z
18987.5,100.0,37.416666666666664,1012.9499999999999,0.0,0.5166666666666667,29.533333333333335,151.03333333333333,2.0166666666666666,5586.5,-102.16666666666667,-2.2833333333333337,1.0,2025-06-05T13:12:31.155388672Z
18914.2,100.0,38.1,1012.82,0.0,0.62,29.839999999999996,157.88000000000002,1.8799999999999997,5030.8,-105.8,-3.66,1.0,2025-06-05T13:22:32.532475392Z
19076.6,100.0,40.5,1012.8,0.0,0.31,29.02,143.4,1.94,6705.6,-103.0,-1.0799999999999998,1.0,2025-06-05T13:33:15.852824320Z
18992.833333333332,100.0,41.916666666666664,1012.7833333333333,0.0,0.5166666666666667,29.0,165.11666666666665,2.8166666666666664,5592.166666666667,-104.16666666666667,-4.216666666666667,1.0,2025-06-05T13:42:31.504998656Z
18919.6,100.0,42.7,1012.7,0.0,0.62,28.8,156.08,3.9,5036.4,-103.2,-3.7399999999999998,1.0,2025-06-05T13:52:32.567448064Z
19082.0,100.0,45.3,1012.6200000000001,0.0,0.318,28.5,187.0,3.6799999999999997,6711.4,-103.8,-2.28,1.0,2025-06-05T14:03:15.830048256Z
18998.166666666668,100.0,44.666666666666664,1012.5833333333335,0.0,0.5333333333333333,29.133333333333336,161.5,3.933333333333333,5597.833333333333,-105.5,-0.3833333333333333,1.0,2025-06-05T14:12:31.843815168Z
18925.0,100.0,43.3,1012.4799999999999,0.0,0.642,29.72,160.88,4.68,5042.0,-106.0,-6.04,1.0,2025-06-05T14:22:32.486157824Z
19087.4,100.0,41.9,1012.4199999999998,0.0,0.34800000000000003,29.78,174.98,4.9399999999999995,6717.2,-102.6,-0.76,1.0,2025-06-05T14:33:15.808637696Z
19003.5,100.0,42.083333333333336,1012.3499999999999,0.0,0.5566666666666666,29.98333333333333,147.08333333333334,4.166666666666667,5603.5,-106.5,-3.883333333333333,1.0,2025-06-05T14:42:31.097062400Z
18930.4,100.0,43.4,1012.3,0.0,0.682,29.76,152.0,4.0600000000000005,5047.6,-106.2,0.15999999999999998,1.0,2025-06-05T14:52:32.460268032Z
19092.8,100.0,43.6,1012.1199999999999,0.0,0.386,29.720000000000006,174.5,4.180000000000001,6723.0,-103.6,-3.2399999999999998,1.0,2025-06-05T15:03:15.835952384Z
19008.833333333332,100.0,43.916666666666664,1012.2333333333335,0.0,0.58,29.649999999999995,165.96666666666667,4.333333333333333,5609.166666666667,-107.33333333333333,-3.8666666666666667,1.0,2025-06-05T15:12:31.072376576Z
18935.8,100.0,44.1,1012.2,0.0,0.692,29.559999999999995,154.04000000000002,4.74,5053.2,-107.6,-2.72,1.0,2025-06-05T15:22:32.879360512Z
19098.2,100.0,44.1,1012.1200000000001,0.0,0.388,29.440000000000005,166.6,3.8200000000000003,6728.8,-104.2,0.4000000000000002,1.0,2025-06-05T15:33:15.764898048Z
19014.166666666668,100.0,45.166666666666664,1012.1333333333333,0.0,0.5833333333333334,29.25,166.01666666666665,4.199999999999999,5614.833333333333,-106.33333333333333,-2.9666666666666663,1.0,2025-06-05T15:42:31.049727232Z
18941.2,100.0,46.1,1012.14,0.0,0.6960000000000001,28.96,162.07999999999998,4.0,5058.8,-105.4,-1.7399999999999998,1.0,2025-06-05T15:52:32.417499136Z
19103.6,100.0,46.6,1012.18,0.0,0.39,28.880000000000003,182.56,3.78,6734.6,-104.2,-1.2999999999999998,1.0,2025-06-05T16:03:15.788538624Z
19019.5,100.0,46.833333333333336,1012.1166666666667,0.0,0.5833333333333334,28.933333333333334,168.15,3.966666666666667,5620.5,-105.83333333333333,-2.4499999999999997,1.0,2025-06-05T16:12:31.021779200Z
18946.6,100.0,47.9,1012.1600000000001,0.0,0.6960000000000001,28.639999999999997,162.94,3.9,5064.4,-107.0,-2.34,1.0,2025-06-05T16:22:32.389808896Z
19109.0,100.0,49.3,1012.1400000000001,0.0,0.39,28.380000000000003,176.85999999999999,3.6,6740.4,-106.4,-1.6,1.0,2025-06-05T16:33:15.716290304Z
19024.833333333332,100.0,49.083333333333336,1012.1,0.0,0.5866666666666668,28.166666666666668,163.11666666666667,3.733333333333333,5626.166666666667,-105.66666666666667,0.05000000000000012,1.0,2025-06-05T16:42:31.004716800Z
18952.0,100.0,50.1,1012.0600000000001,0.0,0.7120000000000001,27.8,162.1,3.9200000000000004,5070.0,-106.2,-1.1400000000000001,1.0,2025-06-05T16:52:32.363395328Z
19114.4,100.0,51.1,1012.0200000000001,0.0,0.40599999999999997,27.48,173.94,4.1,6746.2,-104.4,-2.0999999999999996,1.0,2025-06-05T17:03:15.695034368Z
19030.166666666668,100.0,51.75,1012.0666666666667,0.0,0.5983333333333334,27.200000000000003,162.26666666666668,3.483333333333333,5631.833333333333,-106.0,-1.7833333333333332,1.0,2025-06-05T17:12:31.022920448Z
18957.4,100.0,53.4,1012.0200000000001,0.0,0.7180000000000001,27.0,160.2,4.279999999999999,5075.6,-107.8,-3.06,1.0,2025-06-05T17:22:32.343200768Z
19119.8,100.0,54.1,1012.0,0.0,0.41200000000000003,26.78,174.9,3.3400000000000007,6752.0,-105.2,0.019999999999999928,1.0,2025-06-05T17:33:15.673573632Z
19035.5,100.0,55.5,1011.9666666666667,0.0,0.6033333333333334,26.516666666666666,163.06666666666666,2.5500000000000003,5637.5,-105.83333333333333,-5.816666666666667,1.0,2025-06-05T17:42:31.317142784Z
18962.8,100.0,56.7,1011.9399999999999,0.0,0.724,26.160000000000004,159.76,2.3,5081.2,-109.4,-3.3,1.0,2025-06-05T17:52:32.310699520Z
19125.2,100.0,59.5,1012.0,0.0,0.41400000000000003,25.639999999999997,179.9,1.6,6757.8,-105.8,-0.8399999999999999,1.0,2025-06-05T18:03:15.650810624Z
19040.833333333332,100.0,59.833333333333336,1012.0666666666667,0.0,0.6066666666666667,25.55,164.58333333333334,1.5,5643.166666666667,-106.5,-1.95,1.0,2025-06-05T18:12:30.963857664Z
18968.2,100.0,61.6,1012.0200000000001,0.0,0.724,25.04,170.5,1.4600000000000002,5086.8,-108.0,-2.0199999999999996,1.0,2025-06-05T18:22:32.284239360Z
19260.0,100.0,63.625,1011.9,0.0,0.125,24.45,202.525,1.4000000000000001,8438.5,-105.25,0.7,1.0,2025-06-05T18:33:52.694287360Z
19045.833333333332,100.0,64.25,1012.0666666666666,0.0,0.6066666666666667,24.166666666666668,166.16666666666666,1.7833333333333334,5648.833333333333,-105.33333333333333,-1.5833333333333333,1.0,2025-06-05T18:42:30.916907008Z
18973.2,100.0,63.8,1012.3399999999999,0.0,0.41000000000000003,24.18,173.5,1.5799999999999998,5092.4,-106.0,-2.0799999999999996,1.0,2025-06-05T18:52:32.699964160Z
19142.25,100.0,66.5,1012.55,0.0,0.0675,23.424999999999997,196.20000000000002,1.1,6350.75,-104.0,-0.3999999999999999,1.0,2025-06-05T19:03:44.221169664Z
19137.2,100.0,65.9,1012.5,0.0,0.1,23.479999999999997,199.38,1.1199999999999999,6771.2,-103.2,0.6200000000000001,1.0,2025-06-05T19:12:27.578372608Z
18977.8,100.0,66.2,1012.54,0.0,0.096,23.48,163.14000000000001,1.4,5098.0,-107.8,-3.34,1.0,2025-06-05T19:22:32.284557568Z
19069.0,100.0,67.0,1012.65,0.0,0.12000000000000001,23.275,202.225,1.225,6356.5,-105.5,-0.675,1.0,2025-06-05T19:33:43.973727488Z
19055.5,100.0,68.58333333333333,1012.8166666666666,0.0,0.08333333333333333,22.850000000000005,146.49999999999997,1.6500000000000004,5660.166666666667,-105.5,-1.4666666666666668,1.0,2025-06-05T19:42:30.853027584Z
19057.5,100.0,68.66666666666667,1012.9000000000001,0.0,0.08833333333333333,22.78333333333333,142.23333333333335,1.7166666666666668,5662.166666666667,-107.83333333333333,-3.516666666666667,1.0,2025-06-05T19:53:10.869609728Z
19074.5,100.0,67.5,1012.825,0.0,0.1275,22.974999999999998,156.925,1.6749999999999998,6362.25,-105.0,-1.6749999999999998,1.0,2025-06-05T20:03:43.412290816Z
19060.833333333332,100.0,68.91666666666667,1012.9500000000002,0.0,0.09333333333333334,22.549999999999997,154.98333333333332,1.6666666666666667,5665.833333333333,-105.83333333333333,-1.3666666666666665,1.0,2025-06-05T20:12:30.828432128Z
18988.4,100.0,69.9,1012.96,0.0,0.10800000000000001,22.4,147.26,1.6,5109.2,-107.2,-3.56,1.0,2025-06-05T20:22:32.207552000Z
19157.0,100.0,72.25,1013.05,0.0,0.07500000000000001,21.75,164.775,1.95,6368.0,-106.0,-0.8,1.0,2025-06-05T20:33:44.113394944Z
19065.833333333332,100.0,71.41666666666667,1013.0166666666665,0.0,0.09333333333333334,22.03333333333333,172.75,1.8833333333333335,5671.5,-107.0,-2.0,1.0,2025-06-05T20:42:31.174143232Z
18993.4,100.0,71.7,1013.0799999999999,0.0,0.10800000000000001,21.94,165.24,1.54,5114.8,-106.2,-2.2,1.0,2025-06-05T20:52:32.127173120Z
19156.0,100.0,74.4,1013.0800000000002,0.0,0.10600000000000001,21.2,179.85999999999999,1.28,6792.6,-106.0,-0.25999999999999995,1.0,2025-06-05T21:03:15.475662080Z
19071.166666666668,100.0,75.66666666666667,1013.1999999999998,0.0,0.09333333333333334,20.966666666666665,191.6,0.6833333333333335,5677.166666666667,-107.33333333333333,-2.2000000000000006,1.0,2025-06-05T21:12:31.123629056Z
18998.8,100.0,74.7,1013.18,0.0,0.10800000000000001,20.78,217.88000000000002,0.9600000000000002,5120.4,-105.6,-2.0,1.0,2025-06-05T21:22:32.093581824Z
19161.4,100.0,76.3,1013.22,0.0,0.10600000000000001,20.58,215.9,1.24,6798.4,-105.2,-1.36,1.0,2025-06-05T21:33:15.495329024Z
19076.5,100.0,78.75,1013.4500000000002,0.0,0.09333333333333334,20.116666666666667,242.4,0.6,5682.833333333333,-106.5,-0.9166666666666666,1.0,2025-06-05T21:42:30.721941760Z
19065.8,100.0,80.8,1013.5799999999999,0.0,0.06600000000000002,19.52,289.2,0.74,5126.2,-110.4,-9.379999999999999,1.0,2025-06-05T21:53:32.792316160Z
19172.75,100.0,81.875,1013.6000000000001,0.0,0.07500000000000001,19.025,235.375,0.95,6385.25,-103.25,-0.3749999999999998,1.0,2025-06-05T22:03:44.187189248Z
19019.714285714286,99.57142857142857,81.35714285714286,1013.7142857142856,0.0,0.09285714285714286,19.2,243.64285714285714,1.3285714285714285,4890.285714285715,-106.57142857142857,-1.4714285714285715,1.0,2025-06-05T22:12:33.803241216Z
19009.4,99.6,79.8,1013.6600000000001,0.0,0.11800000000000002,19.22,254.64000000000001,1.02,5131.6,-106.2,-2.22,1.0,2025-06-05T22:22:32.272699904Z
19172.0,99.8,80.5,1013.74,0.0,0.11800000000000002,18.8,224.35999999999999,0.8,6810.0,-106.8,-2.54,1.0,2025-06-05T22:33:16.146263552Z
19087.166666666668,99.33333333333333,81.16666666666667,1013.7666666666668,0.0,0.10666666666666669,18.683333333333334,202.83333333333334,0.6666666666666666,5694.166666666667,-103.83333333333333,-1.683333333333333,1.0,2025-06-05T22:42:30.879469824Z
19014.8,99.2,82.7,1013.7,0.0,0.12000000000000002,18.4,169.68,0.62,5137.2,-105.6,-1.44,1.0,2025-06-05T22:52:32.244888832Z
19106.25,99.25,84.125,1013.75,0.0,0.1375,17.900000000000002,187.325,0.625,6396.75,-105.5,-0.925,1.0,2025-06-05T23:03:43.356213248Z
19092.166666666668,98.5,85.58333333333333,1013.8333333333335,0.0,0.10666666666666669,17.55,176.20000000000002,0.5666666666666667,5699.833333333333,-107.0,-3.716666666666667,1.0,2025-06-05T23:12:30.842732800Z
19109.75,98.5,86.25,1013.725,0.0,0.1375,17.349999999999998,182.975,0.9500000000000001,6400.25,-105.25,-2.675,1.0,2025-06-05T23:21:58.884092672Z
19182.2,98.4,86.3,1013.78,0.0,0.11800000000000002,17.12,205.21999999999997,0.6799999999999999,6821.6,-103.6,0.09999999999999983,1.0,2025-06-05T23:33:15.455099648Z
19097.166666666668,98.0,85.41666666666667,1013.8333333333334,0.0,0.10666666666666669,17.416666666666668,208.41666666666666,0.75,5705.5,-106.0,-1.1166666666666665,1.0,2025-06-05T23:42:30.867324928Z
19025.0,97.6,84.8,1013.82,0.0,0.12000000000000002,17.360000000000003,202.11999999999998,0.7,5148.4,-106.2,-4.04,1.0,2025-06-05T23:52:32.171567616Z
19187.6,97.6,86.0,1013.78,0.0,0.11800000000000002,17.18,144.32,0.72,6827.4,-104.0,-2.88,1.0,2025-06-06T00:03:15.420415232Z
19102.5,97.5,84.75,1013.9000000000001,0.0,0.10666666666666669,17.25,199.63333333333333,0.8000000000000002,5711.166666666667,-105.5,-4.05,1.0,2025-06-06T00:12:30.777962240Z
19030.4,97.0,83.9,1013.9200000000001,0.0,0.12400000000000003,17.360000000000003,216.95999999999998,0.62,5154.0,-105.0,-3.54,1.0,2025-06-06T00:22:32.166458368Z
19193.0,97.0,84.9,1014.0200000000001,0.0,0.12600000000000003,17.18,187.56,0.4600000000000001,6833.2,-103.8,0.1,1.0,2025-06-06T00:33:15.397575168Z
19107.833333333332,96.83333333333333,84.91666666666667,1014.0666666666666,0.0,0.11333333333333336,17.200000000000003,250.11666666666667,0.5333333333333333,5716.833333333333,-107.5,-4.250000000000001,1.0,2025-06-06T00:42:30.785898752Z
19035.8,96.6,84.5,1013.9799999999999,0.0,0.12400000000000003,17.26,191.22,0.9,5159.6,-107.0,-3.1,1.0,2025-06-06T00:52:32.124228096Z
19203.5,96.75,87.0,1014.0,0.0,0.1,16.575,188.64999999999998,0.875,6419.5,-102.5,-1.3749999999999998,1.0,2025-06-06T01:02:29.025992960Z
19112.833333333332,96.33333333333333,86.33333333333333,1013.9500000000002,0.0,0.11333333333333336,16.8,162.21666666666667,0.7166666666666667,5722.5,-107.83333333333333,-5.1000000000000005,1.0,2025-06-06T01:12:30.730427392Z
19040.8,95.8,84.8,1013.96,0.0,0.12400000000000003,17.1,165.7,0.76,5165.2,-105.4,-4.32,1.0,2025-06-06T01:22:32.091325952Z
19203.4,95.4,87.2,1013.9200000000001,0.0,0.12600000000000003,16.740000000000002,199.42000000000002,0.7200000000000001,6844.8,-103.2,-1.1200000000000003,1.0,2025-06-06T01:33:15.357867264Z
19205.2,95.4,87.4,1013.8799999999999,0.0,0.12600000000000003,16.46,180.56,0.6399999999999999,6846.6,-105.2,-1.7399999999999998,1.0,2025-06-06T01:42:27.323040256Z
19136.25,95.0,87.125,1013.725,0.0,0.14250000000000002,16.65,199.3,0.775,6429.25,-108.5,-6.725,1.0,2025-06-06T01:53:28.246606080Z
19208.4,95.0,87.5,1013.82,0.0,0.12600000000000003,16.300000000000004,227.54000000000002,0.76,6850.6,-103.6,-1.12,1.0,2025-06-06T02:03:15.317209088Z
19122.833333333332,95.0,88.16666666666667,1013.8833333333333,0.0,0.11333333333333336,16.3,218.23333333333335,0.6333333333333333,5733.833333333333,-103.83333333333333,-4.45,1.0,2025-06-06T02:12:30.686646272Z
19050.8,94.8,88.5,1013.86,0.0,0.13199999999999998,16.240000000000002,219.02000000000004,0.28,5176.4,-103.2,-4.74,1.0,2025-06-06T02:22:32.016493824Z
19213.8,94.4,90.2,1013.8399999999999,0.0,0.15,15.839999999999998,213.06,0.5,6856.4,-101.8,-0.5800000000000003,1.0,2025-06-06T02:33:15.288430592Z
19128.166666666668,94.33333333333333,89.41666666666667,1013.9666666666667,0.0,0.14833333333333334,15.866666666666665,232.26666666666665,0.3333333333333333,5739.5,-105.66666666666667,-3.016666666666667,1.0,2025-06-06T02:42:30.643516160Z
19130.166666666668,94.0,89.41666666666667,1014.0500000000001,0.0,0.15333333333333335,15.866666666666667,118.48333333333335,0.4166666666666667,5741.5,-104.5,-3.8833333333333333,1.0,2025-06-06T02:53:10.986559744Z
19219.6,93.6,89.9,1014.1199999999999,0.0,0.164,15.76,215.1,0.31999999999999995,6862.2,-106.0,-0.24000000000000005,1.0,2025-06-06T03:03:15.269514240Z
19133.833333333332,93.66666666666667,90.08333333333333,1014.1333333333332,0.0,0.15333333333333335,15.633333333333333,154.13333333333333,0.5,5745.166666666667,-104.66666666666667,-1.8999999999999997,1.0,2025-06-06T03:12:30.604867584Z
19061.8,93.4,90.1,1014.22,0.0,0.162,15.819999999999999,149.42,0.38,5187.6,-105.0,-3.4,1.0,2025-06-06T03:22:31.969392128Z
19225.0,93.0,90.9,1014.2199999999999,0.0,0.166,15.580000000000002,165.7,0.86,6868.0,-103.6,1.1400000000000001,1.0,2025-06-06T03:33:15.232536832Z
19139.166666666668,93.0,91.41666666666667,1014.25,0.0,0.15666666666666668,15.583333333333334,171.23333333333335,0.7000000000000001,5750.833333333333,-105.33333333333333,-2.65,1.0,2025-06-06T03:42:30.580505856Z
19141.166666666668,92.83333333333333,90.5,1014.25,0.0,0.15666666666666668,15.833333333333334,249.91666666666666,0.5499999999999999,5752.833333333333,-106.5,-4.783333333333333,1.0,2025-06-06T03:53:10.572499712Z
19160.25,92.5,90.0,1014.225,0.0,0.17500000000000002,15.975000000000001,243.89999999999998,0.525,6454.0,-104.25,-0.625,1.0,2025-06-06T04:02:28.122556160Z
19144.5,92.66666666666667,90.75,1014.5333333333334,0.0,0.15666666666666668,16.0,211.41666666666666,0.3333333333333333,5756.5,-104.83333333333333,-2.983333333333333,1.0,2025-06-06T04:12:30.554666752Z
19163.75,92.5,90.375,1014.4750000000001,0.0,0.17500000000000002,16.3,213.225,0.39999999999999997,6457.75,-104.75,-2.0999999999999996,1.0,2025-06-06T04:21:58.028821504Z
19235.6,92.2,89.6,1014.5600000000001,0.0,0.166,16.999999999999996,213.61999999999998,0.72,6879.6,-102.0,-0.5200000000000001,1.0,2025-06-06T04:33:15.606001152Z
19149.5,92.33333333333333,87.75,1014.5666666666667,0.0,0.16,17.683333333333337,168.53333333333333,0.6499999999999999,5762.166666666667,-104.83333333333333,-1.2833333333333332,1.0,2025-06-06T04:42:30.519813376Z
19077.6,92.4,85.4,1014.64,0.0,0.16599999999999998,18.4,187.82,0.6599999999999999,5204.4,-106.0,-3.04,1.0,2025-06-06T04:52:31.848721152Z
19241.0,92.2,84.7,1014.7,0.0,0.16799999999999998,19.060000000000002,248.85999999999999,0.72,6885.4,-105.0,-0.7600000000000001,1.0,2025-06-06T05:03:15.187845888Z
19154.833333333332,92.33333333333333,82.25,1014.8333333333334,0.0,0.16,19.666666666666668,235.46666666666667,0.7833333333333332,5767.833333333333,-106.5,-5.333333333333333,1.0,2025-06-06T05:12:31.224591104Z
19083.0,92.4,80.3,1014.8399999999999,0.0,0.16599999999999998,20.28,246.24,0.82,5210.0,-106.2,-4.68,1.0,2025-06-06T05:22:31.825180672Z
19246.4,93.0,78.3,1014.8399999999999,0.0,0.172,21.14,251.92,1.06,6891.2,-104.2,-3.3200000000000003,1.0,2025-06-06T05:33:15.116602880Z
19160.166666666668,93.33333333333333,74.5,1014.9166666666666,0.0,0.16333333333333333,21.766666666666666,247.26666666666668,1.05,5773.5,-104.16666666666667,-3.1166666666666667,1.0,2025-06-06T05:42:30.458592256Z
19088.4,93.6,72.3,1014.8799999999999,0.0,0.16799999999999998,22.24,213.98000000000002,1.18,5215.6,-106.4,-3.72,1.0,2025-06-06T05:52:31.786334976Z
19251.8,93.8,68.7,1014.9400000000002,0.0,0.182,23.140000000000004,195.94,0.76,6897.0,-104.2,-0.8399999999999999,1.0,2025-06-06T06:03:15.074553856Z
19165.5,94.33333333333333,66.58333333333333,1015.1166666666667,0.0,0.17333333333333334,23.45,224.79999999999998,1.1166666666666667,5779.166666666667,-104.66666666666667,-2.216666666666667,1.0,2025-06-06T06:12:30.464488448Z
19093.8,94.4,66.4,1015.22,0.0,0.174,23.82,182.28000000000003,1.1199999999999999,5221.2,-107.2,-5.1,1.0,2025-06-06T06:22:31.760253696Z
19257.2,95.8,64.6,1015.2599999999999,0.0,0.184,24.22,242.0,1.2600000000000002,6902.8,-103.0,0.019999999999999928,1.0,2025-06-06T06:33:15.050325504Z
19170.833333333332,96.5,63.333333333333336,1015.3333333333331,0.0,0.17666666666666667,24.5,242.1,1.2333333333333332,5784.833333333333,-107.66666666666667,-2.6666666666666665,1.0,2025-06-06T06:42:30.431913216Z
19099.2,97.2,62.1,1015.3599999999999,0.0,0.182,24.82,231.8,1.1400000000000001,5226.8,-107.2,-2.66,1.0,2025-06-06T06:52:31.727124480Z
19262.6,98.0,60.9,1015.3799999999999,0.0,0.192,25.14,240.46000000000004,1.1999999999999997,6908.6,-103.2,-1.86,1.0,2025-06-06T07:03:15.039044096Z
19176.166666666668,99.33333333333333,58.083333333333336,1015.5000000000001,0.0,0.19333333333333333,25.416666666666668,254.76666666666665,1.5666666666666667,5790.5,-107.66666666666667,-3.9499999999999997,1.0,2025-06-06T07:12:30.422797056Z
19104.6,99.6,56.3,1015.4799999999999,0.0,0.20600000000000002,25.48,261.66,2.04,5232.4,-106.0,-3.44,1.0,2025-06-06T07:22:31.766701568Z
19268.0,100.0,57.4,1015.4,0.0,0.2,25.76,254.4,2.06,6914.4,-103.2,0.3200000000000001,1.0,2025-06-06T07:33:15.023728128Z
19181.5,100.0,56.0,1015.4166666666666,0.0,0.21333333333333335,25.76666666666667,266.93333333333334,1.7333333333333334,5796.166666666667,-105.16666666666667,-1.6666666666666667,1.0,2025-06-06T07:42:30.352707328Z
19110.0,100.0,54.6,1015.4399999999999,0.0,0.238,25.98,255.92,2.18,5238.0,-105.6,-3.1,1.0,2025-06-06T07:52:31.699874816Z
19273.4,100.0,56.1,1015.3799999999999,0.0,0.256,26.26,254.54000000000002,2.2199999999999998,6920.2,-106.0,-0.9399999999999998,1.0,2025-06-06T08:03:15.004022528Z
19186.833333333332,100.0,52.166666666666664,1015.5166666666668,0.0,0.26666666666666666,26.53333333333333,259.43333333333334,1.4666666666666668,5801.833333333333,-104.83333333333333,-0.8333333333333334,1.0,2025-06-06T08:12:30.687438848Z
19115.4,100.0,52.0,1015.5,0.0,0.278,26.840000000000003,226.74,1.6,5243.6,-105.4,-1.86,1.0,2025-06-06T08:22:31.692730624Z
19278.8,100.0,50.5,1015.4800000000001,0.0,0.262,26.9,288.38,1.56,6926.0,-106.2,-1.6,1.0,2025-06-06T08:33:14.976727552Z
19192.166666666668,100.0,49.666666666666664,1015.4833333333335,0.0,0.27666666666666667,27.200000000000003,195.5,2.0833333333333335,5807.5,-107.0,-2.733333333333333,1.0,2025-06-06T08:42:30.313869568Z
19120.8,100.0,48.2,1015.46,0.0,0.28,27.4,209.54000000000002,1.9600000000000002,5249.2,-105.4,-0.9200000000000002,1.0,2025-06-06T08:52:31.608944640Z
19284.2,100.0,50.0,1015.46,0.0,0.264,27.76,257.15999999999997,1.5,6931.8,-102.2,-1.1600000000000001,1.0,2025-06-06T09:03:14.936988928Z
19197.5,100.0,45.083333333333336,1015.5666666666667,0.0,0.2783333333333333,27.733333333333334,233.95000000000002,1.5499999999999998,5813.166666666667,-106.83333333333333,-3.8000000000000003,1.0,2025-06-06T09:12:30.283266304Z
19126.2,100.0,45.7,1015.5799999999999,0.0,0.284,27.920000000000005,221.17999999999998,1.3800000000000001,5254.8,-106.6,-2.34,1.0,2025-06-06T09:22:31.665231872Z
19289.6,100.0,45.7,1015.4199999999998,0.0,0.26599999999999996,28.18,271.85999999999996,1.9600000000000002,6937.6,-105.0,-0.21999999999999992,1.0,2025-06-06T09:33:14.930077952Z
19202.833333333332,100.0,43.416666666666664,1015.5,0.0,0.27999999999999997,28.36666666666667,257.40000000000003,1.8166666666666664,5818.833333333333,-106.33333333333333,-3.4499999999999997,1.0,2025-06-06T09:42:30.636275712Z
19204.833333333332,100.0,44.25,1015.4666666666667,0.0,0.29,28.599999999999998,255.63333333333333,1.5999999999999999,5820.833333333333,-104.66666666666667,-4.966666666666667,1.0,2025-06-06T09:53:10.274391296Z
19295.4,100.0,43.3,1015.4399999999999,0.0,0.272,28.9,266.66,1.4,6943.4,-103.6,-0.6599999999999999,1.0,2025-06-06T10:03:14.894104064Z
19135.2,100.0,42.2,1015.4599999999998,0.0,0.296,28.920000000000005,165.44,1.8399999999999999,5264.2,-107.0,-2.2399999999999998,1.0,2025-06-06T10:12:43.564413696Z
19137.0,100.0,43.4,1015.4599999999998,0.0,0.296,29.04,160.92000000000002,1.1400000000000001,5266.0,-108.2,-2.5200000000000005,1.0,2025-06-06T10:22:31.987458048Z
19300.4,100.0,45.6,1015.4200000000001,0.0,0.16799999999999998,28.2,275.71999999999997,1.94,6949.2,-105.6,-1.1,1.0,2025-06-06T10:33:15.348501248Z
19140.4,100.0,46.5,1015.46,0.0,0.244,27.839999999999996,269.4,1.54,5269.6,-108.4,-1.9,1.0,2025-06-06T10:41:43.542815488Z
19142.2,100.0,46.0,1015.3799999999999,0.0,0.152,28.339999999999996,294.78,1.94,5271.6,-104.2,-2.0,1.0,2025-06-06T10:52:31.511470848Z
19305.4,100.0,45.2,1015.24,0.0,0.076,28.5,102.11999999999999,1.48,6955.0,-104.2,0.6,1.0,2025-06-06T11:03:14.847612160Z
19218.5,100.0,44.5,1015.25,0.0,0.13,28.866666666666664,156.50000000000003,1.1833333333333333,5835.833333333333,-107.0,-3.25,1.0,2025-06-06T11:12:30.197302016Z
19147.6,100.0,43.7,1015.18,0.0,0.156,29.32,229.82,1.4,5277.2,-104.0,-3.94,1.0,2025-06-06T11:22:31.490957312Z
19310.8,100.0,42.0,1015.0200000000001,0.0,0.08600000000000001,29.660000000000004,153.01999999999998,1.4,6960.8,-103.8,-0.4,1.0,2025-06-06T11:33:14.988399360Z
19223.833333333332,100.0,43.333333333333336,1014.9666666666666,0.0,0.1366666666666667,29.483333333333334,187.16666666666666,0.9833333333333333,5841.5,-106.66666666666667,-1.1833333333333336,1.0,2025-06-06T11:42:30.173934848Z
19153.0,100.0,41.7,1014.9,0.0,0.16,30.4,151.46,1.54,5282.8,-108.6,-4.64,1.0,2025-06-06T11:52:31.501734656Z
19316.2,100.0,40.7,1014.8399999999999,0.0,0.08600000000000001,30.6,140.04000000000002,0.8200000000000001,6966.6,-104.0,-1.0000000000000002,1.0,2025-06-06T12:03:14.821186048Z
19229.166666666668,100.0,40.583333333333336,1014.8666666666667,0.0,0.1366666666666667,30.55,168.56666666666666,1.2,5847.166666666667,-104.66666666666667,-1.8500000000000003,1.0,2025-06-06T12:12:30.521124864Z
19158.4,100.0,39.9,1014.78,0.0,0.16,30.919999999999998,214.98000000000002,1.3800000000000001,5288.4,-109.2,-2.34,1.0,2025-06-06T12:22:31.464512256Z
19321.6,100.0,40.9,1014.6600000000001,0.0,0.08800000000000001,30.740000000000002,135.92000000000002,1.64,6972.4,-105.8,-1.34,1.0,2025-06-06T12:33:14.804296448Z
19234.5,100.0,39.5,1014.6833333333334,0.0,0.14,31.016666666666666,113.76666666666667,1.6333333333333335,5852.833333333333,-106.83333333333333,-1.8,1.0,2025-06-06T12:42:30.189674752Z
19163.8,100.0,41.0,1014.7,0.0,0.164,31.28,178.83999999999997,1.1400000000000001,5294.0,-105.2,-2.06,1.0,2025-06-06T12:52:31.461455360Z
19327.0,100.0,40.4,1014.54,0.0,0.08800000000000001,31.279999999999994,171.48000000000002,1.5,6978.2,-103.2,-1.8799999999999997,1.0,2025-06-06T13:03:14.780762624Z
19239.833333333332,100.0,41.833333333333336,1014.5333333333333,0.0,0.14,30.649999999999995,180.2833333333333,1.2666666666666668,5858.5,-104.16666666666667,-1.6000000000000003,1.0,2025-06-06T13:12:30.154216704Z
19169.2,100.0,41.8,1014.4399999999999,0.0,0.16799999999999998,30.459999999999997,156.64000000000001,1.32,5299.6,-105.8,-5.0,1.0,2025-06-06T13:22:31.424051968Z
19332.4,100.0,43.2,1014.32,0.0,0.09,30.18,123.17999999999999,1.02,6984.0,-104.2,-1.0,1.0,2025-06-06T13:33:14.793839104Z
19245.166666666668,100.0,41.75,1014.3499999999999,0.0,0.14333333333333334,29.95,144.85,1.4000000000000001,5864.166666666667,-104.83333333333333,-4.216666666666667,1.0,2025-06-06T13:42:30.274912000Z
19247.166666666668,100.0,44.166666666666664,1014.3333333333334,0.0,0.14333333333333334,29.899999999999995,132.66666666666666,1.0666666666666667,5866.166666666667,-106.16666666666667,-2.9166666666666665,1.0,2025-06-06T13:53:10.112197376Z
19339.5,100.0,43.125,1014.2750000000001,0.0,0.1125,30.275,136.47500000000002,1.6,6569.0,-104.25,-2.575,1.0,2025-06-06T14:02:28.510373376Z
19250.5,100.0,42.75,1014.1999999999999,0.0,0.14333333333333334,30.38333333333333,163.96666666666667,2.15,5869.833333333333,-105.0,-1.7833333333333332,1.0,2025-06-06T14:12:30.095678208Z
19179.8,100.0,42.2,1014.22,0.0,0.16799999999999998,30.919999999999998,155.76,1.4600000000000002,5310.8,-106.6,-2.5200000000000005,1.0,2025-06-06T14:22:31.819922432Z
19343.2,100.0,41.1,1014.1200000000001,0.0,0.09,31.32,179.22,1.38,6995.6,-104.8,-2.7399999999999998,1.0,2025-06-06T14:33:14.750370304Z
19255.833333333332,100.0,41.666666666666664,1014.0833333333335,0.0,0.14333333333333334,30.55,143.9,1.6333333333333335,5875.5,-106.5,-1.8833333333333329,1.0,2025-06-06T14:42:30.085624576Z
19257.833333333332,100.0,43.25,1013.9999999999999,0.0,0.14333333333333334,30.05,145.81666666666666,2.15,5877.5,-104.83333333333333,-2.3333333333333335,1.0,2025-06-06T14:53:10.476442368Z
19349.0,100.0,43.9,1013.86,0.0,0.09,30.020000000000003,158.44,1.6,7001.4,-103.4,-1.8200000000000003,1.0,2025-06-06T15:03:14.730730752Z
19244.6,100.0,42.3,1013.9199999999998,0.0,0.174,30.640000000000004,146.34,2.04,5320.0,-107.2,-2.1799999999999997,1.0,2025-06-06T15:11:44.134087168Z
19190.4,100.0,41.9,1013.8399999999999,0.0,0.172,30.939999999999998,144.26,2.96,5322.0,-105.0,-3.94,1.0,2025-06-06T15:22:31.352218624Z
19354.0,100.0,42.1,1013.7,0.0,0.092,30.68,175.72,3.0,7007.2,-104.0,0.6999999999999998,1.0,2025-06-06T15:33:14.903249664Z
19249.6,100.0,41.1,1013.72,0.0,0.176,30.740000000000002,162.07999999999998,3.44,5325.6,-105.4,-3.7,1.0,2025-06-06T15:41:44.574089728Z
19251.4,100.0,43.0,1013.76,0.0,0.176,30.1,154.56,2.36,5327.6,-105.0,-2.2,1.0,2025-06-06T15:52:32.495291392Z
19290.25,100.0,44.375,1013.4999999999999,0.0,0.11,29.1,173.9,2.725,6592.0,-104.25,-1.5250000000000004,1.0,2025-06-06T16:02:27.694990080Z
19271.166666666668,100.0,45.333333333333336,1013.5333333333333,0.0,0.14666666666666667,29.099999999999998,167.86666666666667,2.1166666666666667,5892.5,-106.16666666666667,-2.1666666666666665,1.0,2025-06-06T16:12:30.351238400Z
19256.4,100.0,44.2,1013.54,0.0,0.176,29.18,174.76,3.06,5333.2,-104.6,-4.16,1.0,2025-06-06T16:22:32.487113216Z
19295.25,100.0,44.625,1013.425,0.0,0.11,29.8,187.925,1.875,6597.75,-105.25,-0.42500000000000004,1.0,2025-06-06T16:32:27.661090048Z
19276.166666666668,100.0,45.333333333333336,1013.5,0.0,0.14666666666666667,29.21666666666667,164.8166666666667,2.3666666666666667,5898.166666666667,-103.83333333333333,-3.5666666666666664,1.0,2025-06-06T16:42:30.326001920Z
19205.4,100.0,49.3,1013.5,0.0,0.172,28.419999999999998,125.04,3.12,5338.8,-105.0,-1.8199999999999996,1.0,2025-06-06T16:52:31.685975552Z
19369.0,100.0,48.1,1013.4399999999999,0.0,0.092,28.24,159.56,3.1599999999999997,7024.6,-105.6,-2.3,1.0,2025-06-06T17:03:15.263581696Z
19370.8,100.0,49.6,1013.4799999999999,0.0,0.092,27.820000000000004,158.38,2.32,7026.6,-103.0,0.6400000000000002,1.0,2025-06-06T17:13:38.834615808Z
19210.4,100.0,50.5,1013.4799999999999,0.0,0.172,27.840000000000003,130.28,3.1199999999999997,5344.4,-107.2,-5.86,1.0,2025-06-06T17:22:31.650674176Z
19374.2,100.0,48.9,1013.3799999999999,0.0,0.092,27.919999999999998,152.23999999999998,2.7600000000000002,7030.4,-105.4,-0.9600000000000002,1.0,2025-06-06T17:33:14.908344320Z
19286.5,100.0,50.833333333333336,1013.4166666666666,0.0,0.14666666666666667,27.600000000000005,121.81666666666668,2.6166666666666667,5909.5,-106.83333333333333,-3.016666666666667,1.0,2025-06-06T17:42:30.286092544Z
19288.5,100.0,50.916666666666664,1013.4333333333333,0.0,0.14666666666666667,27.266666666666666,133.4,1.8833333333333335,5911.5,-103.83333333333333,-1.0666666666666662,1.0,2025-06-06T17:53:10.636058368Z
19380.0,100.0,51.4,1013.36,0.0,0.092,26.959999999999997,146.01999999999998,2.14,7036.2,-103.4,-1.2399999999999998,1.0,2025-06-06T18:03:14.833595904Z
19292.166666666668,100.0,53.583333333333336,1013.4666666666667,0.0,0.15,26.38333333333333,128.79999999999998,2.516666666666667,5915.166666666667,-105.0,-2.75,1.0,2025-06-06T18:12:30.254018560Z
19221.4,100.0,54.4,1013.5,0.0,0.18,26.119999999999997,117.64000000000001,1.9199999999999995,5355.6,-107.2,-1.7200000000000002,1.0,2025-06-06T18:22:31.588050176Z
19385.4,100.0,54.1,1013.4,0.0,0.096,25.72,143.66000000000003,1.6,7042.0,-106.4,-1.9600000000000002,1.0,2025-06-06T18:33:14.766104064Z
19387.2,100.0,55.0,1013.4400000000002,0.0,0.096,25.3,122.67999999999999,1.64,7043.8,-104.0,0.5599999999999999,1.0,2025-06-06T18:42:26.739013376Z
19226.4,100.0,58.4,1013.5,0.0,0.092,24.779999999999998,127.2,1.7399999999999998,5361.2,-105.0,-3.6,1.0,2025-06-06T18:52:31.557806080Z
19391.25,100.0,61.0,1013.625,0.0,0.01,23.95,144.77499999999998,1.4,6626.75,-103.5,-2.575,1.0,2025-06-06T19:03:43.536542208Z
19302.166666666668,100.0,63.416666666666664,1013.6166666666667,0.0,0.006666666666666667,23.36666666666667,158.25000000000003,1.4666666666666666,5926.5,-104.66666666666667,-0.3333333333333335,1.0,2025-06-06T19:12:30.240515072Z
19231.4,100.0,64.7,1013.68,0.0,0.004,22.98,156.94,1.16,5366.8,-106.0,-3.4200000000000004,1.0,2025-06-06T19:22:31.542499584Z
19395.6,100.0,62.0,1013.76,0.0,0.008,23.119999999999997,120.11999999999998,1.2,7053.6,-102.8,-0.44000000000000006,1.0,2025-06-06T19:33:14.701666816Z
19234.8,100.0,62.2,1013.86,0.0,0.004,22.919999999999998,184.28000000000003,1.2599999999999998,5370.4,-105.6,-0.8400000000000001,1.0,2025-06-06T19:41:43.512386560Z
19309.166666666668,100.0,58.333333333333336,1013.9500000000002,0.0,0.006666666666666667,23.133333333333336,146.0666666666667,1.3333333333333333,5934.166666666667,-106.66666666666667,-4.583333333333333,1.0,2025-06-06T19:53:10.530858240Z
19536.0,100.0,57.0,1013.925,0.0,0.01,23.075000000000003,154.0,1.0,8744.5,-103.5,-2.45,1.0,2025-06-06T20:03:51.467260160Z
19239.8,100.0,59.9,1014.0599999999998,0.0,0.004,23.06,114.17999999999999,1.2600000000000002,5376.0,-106.0,-2.66,1.0,2025-06-06T20:11:43.526732032Z
19314.166666666668,100.0,61.25,1014.1333333333332,0.0,0.006666666666666667,22.63333333333333,126.19999999999999,1.1500000000000001,5939.833333333333,-105.5,-1.1833333333333336,1.0,2025-06-06T20:23:10.146950144Z
19406.5,100.0,61.875,1014.1499999999999,0.0,0.01,22.174999999999997,161.825,1.1,6644.0,-106.75,-2.25,1.0,2025-06-06T20:33:44.023608576Z
19407.6,100.0,61.4,1014.0600000000001,0.0,0.008,22.02,176.3,0.9,7067.0,-105.8,-0.17999999999999988,1.0,2025-06-06T20:42:26.634384640Z
19319.166666666668,100.0,64.25,1014.1333333333333,0.0,0.006666666666666667,21.55,163.1,0.6000000000000001,5945.5,-105.33333333333333,-0.36666666666666686,1.0,2025-06-06T20:53:10.111473664Z
19411.4,100.0,64.4,1014.0600000000001,0.0,0.008,21.219999999999995,107.88,0.6599999999999999,7071.0,-105.0,-1.4400000000000002,1.0,2025-06-06T21:03:14.623204096Z
19322.833333333332,100.0,66.16666666666667,1014.1166666666667,0.0,0.006666666666666667,21.016666666666666,163.25,0.6999999999999998,5949.166666666667,-106.66666666666667,-2.033333333333333,1.0,2025-06-06T21:12:30.087177472Z
19324.833333333332,100.0,66.66666666666667,1014.15,0.0,0.006666666666666667,20.650000000000002,142.35,0.8833333333333334,5951.166666666667,-103.83333333333333,-0.5833333333333335,1.0,2025-06-06T21:23:10.172261632Z
19417.2,100.0,62.9,1014.0,0.0,0.008,20.979999999999997,172.66,1.1800000000000002,7076.8,-103.8,-0.5799999999999998,1.0,2025-06-06T21:33:14.611392000Z
19328.5,100.0,65.08333333333333,1014.0499999999998,0.0,0.006666666666666667,20.65,146.13333333333333,1.1166666666666667,5954.833333333333,-105.16666666666667,-1.9166666666666667,1.0,2025-06-06T21:42:30.063551744Z
19330.5,100.0,66.25,1014.0666666666666,0.0,0.006666666666666667,20.35,128.21666666666667,0.7999999999999999,5956.833333333333,-107.16666666666667,-2.533333333333333,1.0,2025-06-06T21:53:10.060970240Z
19423.0,100.0,66.4,1014.0400000000002,0.0,0.008,20.119999999999997,162.95999999999998,0.74,7082.6,-104.4,-0.8200000000000001,1.0,2025-06-06T22:03:14.553182976Z
19334.166666666668,100.0,68.0,1014.0500000000001,0.0,0.006666666666666667,19.63333333333333,171.36666666666667,0.75,5960.5,-104.33333333333333,0.6,1.0,2025-06-06T22:12:30.021166080Z
19358.25,100.0,65.875,1013.9749999999999,0.0,0.005,19.925,128.175,0.725,6664.75,-106.5,-0.7,1.0,2025-06-06T22:21:57.365731072Z
19428.2,100.0,66.1,1014.0799999999999,0.0,0.01,19.7,175.0,0.9199999999999999,7088.4,-102.0,0.9200000000000002,1.0,2025-06-06T22:33:14.526780160Z
19266.2,99.4,69.0,1014.1199999999999,0.0,0.006,19.5,183.22,1.1,5404.0,-105.4,-2.0800000000000005,1.0,2025-06-06T22:41:43.329495552Z
19340.833333333332,99.33333333333333,70.08333333333333,1014.15,0.0,0.01,19.116666666666664,197.41666666666666,0.5833333333333334,5968.166666666667,-102.16666666666667,-2.1999999999999997,1.0,2025-06-06T22:53:09.980500224Z
19433.5,99.0,86.25,2399.2,63.75,163.8525,14.075,128.4,1638.6499999999999,6672.5,-102.75,-2.475,1.0,2025-06-06T23:02:29.380236288Z
19344.166666666668,98.66666666666667,71.08333333333333,1014.1666666666665,0.0,0.01,18.833333333333332,191.95000000000002,0.43333333333333335,5971.833333333333,-107.66666666666667,-2.0999999999999996,1.0,2025-06-06T23:12:29.965928448Z
19273.2,98.8,72.4,1014.1599999999999,0.0,0.006,18.560000000000002,153.01999999999998,0.5399999999999999,5411.6,-105.0,-1.5,1.0,2025-06-06T23:22:31.271371264Z
19438.6,98.6,73.4,1014.1,0.0,0.012,18.22,201.79999999999998,0.74,7100.0,-102.4,0.72,1.0,2025-06-06T23:33:14.630372352Z
19349.5,98.0,73.66666666666667,1014.15,0.0,0.01,18.133333333333336,141.78333333333333,0.39999999999999997,5977.5,-105.83333333333333,-2.15,1.0,2025-06-06T23:42:30.312085504Z
19333.2,97.4,73.4,1014.14,0.0,0.012,17.939999999999998,117.92,0.6200000000000001,5417.2,-105.2,-3.5,1.0,2025-06-06T23:52:32.096453120Z
19444.0,97.2,72.6,1013.96,0.0,0.012,18.119999999999997,60.839999999999996,0.4,7105.8,-102.4,-0.4,1.0,2025-06-07T00:03:14.443188224Z
19354.833333333332,97.0,74.0,1013.9333333333334,0.0,0.01,17.866666666666664,182.95000000000002,0.2833333333333333,5983.166666666667,-104.0,-0.5166666666666667,1.0,2025-06-07T00:12:29.899735296Z
19356.833333333332,97.0,74.41666666666667,1013.8666666666668,0.0,0.01,17.749999999999996,98.88333333333333,0.20000000000000004,5985.166666666667,-105.33333333333333,-0.9833333333333334,1.0,2025-06-07T00:23:09.896672512Z
19449.8,97.0,74.2,1013.8,0.0,0.012,17.64,133.6,0.6,7111.6,-105.8,-3.4,1.0,2025-06-07T00:33:14.454055424Z
19360.5,96.66666666666667,76.16666666666667,1013.7833333333333,0.0,0.01,17.666666666666668,198.8166666666667,0.5166666666666667,5988.833333333333,-106.5,-1.6333333333333335,1.0,2025-06-07T00:42:29.878029056Z
19362.5,96.33333333333333,76.0,1013.7166666666667,0.0,0.01,17.599999999999998,234.93333333333337,0.43333333333333335,5990.833333333333,-102.5,-2.216666666666667,1.0,2025-06-07T00:53:09.873735424Z
19455.6,96.4,79.0,1013.7,0.0,0.012,17.04,127.4,0.7,7117.4,-102.6,-1.56,1.0,2025-06-07T01:03:14.377650176Z
19457.4,95.6,78.9,1013.72,0.0,0.012,16.84,148.64000000000001,0.52,7119.4,-107.0,-1.4399999999999997,1.0,2025-06-07T01:13:38.366198272Z
19367.833333333332,95.66666666666667,76.66666666666667,1013.7666666666668,0.0,0.01,17.11666666666667,218.8166666666667,0.7333333333333333,5996.5,-106.33333333333333,-0.7166666666666668,1.0,2025-06-07T01:23:09.834497792Z
19461.2,95.6,75.5,1013.6400000000001,0.0,0.012,17.32,190.61999999999998,0.42000000000000004,7123.2,-103.0,0.82,1.0,2025-06-07T01:33:14.347883520Z
19353.0,95.2,79.4,1013.7,0.0,0.012,16.840000000000003,204.9,0.74,5437.6,-106.2,-1.0799999999999996,1.0,2025-06-07T01:41:44.054718464Z
19373.166666666668,94.66666666666667,78.58333333333333,1013.4833333333335,0.0,0.01,16.783333333333335,212.69999999999996,0.5499999999999999,6002.166666666667,-104.66666666666667,-0.4666666666666666,1.0,2025-06-07T01:53:09.800995072Z
19466.6,94.8,78.0,1013.3199999999999,0.0,0.012,16.68,247.42,0.6799999999999999,7129.0,-102.0,-0.3799999999999999,1.0,2025-06-07T02:03:14.319477248Z
19376.833333333332,94.33333333333333,78.66666666666667,1013.4166666666666,0.0,0.01,16.616666666666667,271.95,0.65,6005.833333333333,-104.66666666666667,-0.9000000000000004,1.0,2025-06-07T02:12:29.816709120Z
19378.833333333332,94.33333333333333,81.33333333333333,1013.35,0.0,0.013333333333333334,16.316666666666666,293.18333333333334,0.5833333333333334,6007.833333333333,-104.83333333333333,-2.216666666666667,1.0,2025-06-07T02:23:09.772504064Z
19472.4,94.4,83.8,1013.3800000000001,0.0,0.02,15.820000000000002,224.27999999999997,0.5,7134.8,-102.4,-1.52,1.0,2025-06-07T02:33:14.289145088Z
19382.5,94.33333333333333,85.83333333333333,1013.3666666666668,0.0,0.016666666666666666,15.483333333333333,181.51666666666665,0.6,6011.5,-103.5,-2.6333333333333333,1.0,2025-06-07T02:42:29.792458752Z
19384.5,93.33333333333333,86.91666666666667,1013.2666666666668,0.0,0.023333333333333334,15.283333333333333,153.66666666666666,0.4833333333333334,6013.5,-105.33333333333333,-2.3166666666666664,1.0,2025-06-07T02:53:09.757737216Z
19616.0,93.5,85.75,1013.25,0.0,0.035,15.225000000000001,271.425,0.625,8828.5,-102.75,-0.10000000000000009,1.0,2025-06-07T03:03:51.045815808Z
19387.833333333332,93.0,85.16666666666667,1013.3833333333333,0.0,0.02666666666666667,15.25,148.56666666666666,0.7166666666666667,6017.166666666667,-106.33333333333333,-2.8666666666666667,1.0,2025-06-07T03:12:29.749584640Z
19371.2,93.0,86.4,1013.4,0.0,0.036,15.080000000000002,119.47999999999999,0.78,5456.6,-103.6,-0.5399999999999998,1.0,2025-06-07T03:23:31.923155712Z
19483.4,93.0,84.2,1013.32,0.0,0.033999999999999996,15.219999999999999,189.84,0.6,7146.4,-102.8,-0.9600000000000002,1.0,2025-06-07T03:33:14.239203840Z
19393.166666666668,93.0,85.0,1013.3833333333333,0.0,0.03,15.1,197.93333333333337,0.9166666666666666,6022.833333333333,-103.5,-1.6000000000000003,1.0,2025-06-07T03:42:29.699362048Z
19395.166666666668,92.5,83.83333333333333,1013.4499999999999,0.0,0.03,15.383333333333335,153.75,0.8500000000000001,6024.833333333333,-103.66666666666667,-1.9333333333333336,1.0,2025-06-07T03:53:09.740259584Z
19489.2,92.4,84.1,1013.4400000000002,0.0,0.033999999999999996,15.580000000000002,175.28,0.6799999999999999,7152.2,-105.8,-2.4799999999999995,1.0,2025-06-07T04:03:14.201214464Z
19398.833333333332,92.16666666666667,83.83333333333333,1013.4166666666666,0.0,0.03,15.683333333333335,192.0,0.48333333333333334,6028.5,-103.0,-2.5833333333333335,1.0,2025-06-07T04:12:29.669350656Z
19400.833333333332,92.0,81.41666666666667,1013.4166666666666,0.0,0.03,16.316666666666666,175.6,0.2833333333333333,6030.5,-104.83333333333333,-1.0999999999999999,1.0,2025-06-07T04:23:09.659930880Z
19495.0,92.0,78.2,1013.4200000000001,0.0,0.033999999999999996,17.220000000000002,300.82000000000005,0.34,7158.0,-102.4,0.5199999999999999,1.0,2025-06-07T04:33:14.608404992Z
19404.5,92.0,76.66666666666667,1013.5166666666665,0.0,0.03,17.983333333333334,158.20000000000002,0.8500000000000001,6034.166666666667,-104.5,-3.983333333333333,1.0,2025-06-07T04:42:29.658465536Z
19406.5,92.0,73.58333333333333,1013.4666666666667,0.0,0.03,18.816666666666666,125.3,0.5833333333333334,6036.166666666667,-104.5,-1.7833333333333332,1.0,2025-06-07T04:53:10.038000896Z
19500.8,92.0,72.6,1013.4399999999999,0.0,0.033999999999999996,19.6,227.5,0.54,7163.8,-104.6,-0.96,1.0,2025-06-07T05:03:14.143743488Z
19410.166666666668,92.0,70.91666666666667,1013.5666666666666,0.0,0.03,20.45,193.13333333333335,0.4666666666666666,6039.833333333333,-104.33333333333333,-2.183333333333333,1.0,2025-06-07T05:12:29.638745344Z
19412.166666666668,92.33333333333333,65.41666666666667,1013.5,0.0,0.045000000000000005,21.5,172.43333333333337,0.6666666666666666,6041.833333333333,-104.66666666666667,-1.8833333333333335,1.0,2025-06-07T05:23:09.603891456Z
19506.6,92.4,65.5,1013.4799999999999,0.0,0.066,22.360000000000003,271.28000000000003,0.76,7169.6,-102.6,-0.33999999999999997,1.0,2025-06-07T05:33:14.137058816Z
19415.833333333332,92.33333333333333,64.41666666666667,1013.4833333333332,0.0,0.065,22.86666666666667,240.21666666666667,0.7833333333333332,6045.5,-106.0,-1.9666666666666668,1.0,2025-06-07T05:42:29.584970496Z
19417.833333333332,92.33333333333333,62.75,1013.4666666666667,0.0,0.07,23.349999999999998,270.15000000000003,1.0,6047.5,-105.33333333333333,-1.8666666666666665,1.0,2025-06-07T05:53:09.573927936Z
19512.4,94.0,62.1,1013.4799999999999,0.0,0.088,23.759999999999998,283.38,1.26,7175.4,-103.2,-0.7,1.0,2025-06-07T06:03:14.148611584Z
19421.5,94.33333333333333,59.25,1013.5166666666668,0.0,0.08,23.91666666666666,252.91666666666666,1.5166666666666668,6051.166666666667,-104.33333333333333,-1.55,1.0,2025-06-07T06:12:29.565190144Z
19423.5,95.0,57.0,1013.4333333333334,0.0,0.08,24.183333333333334,246.20000000000002,1.5833333333333333,6053.166666666667,-103.66666666666667,-5.55,1.0,2025-06-07T06:23:09.560477440Z
19518.2,94.8,58.4,1013.4400000000002,0.0,0.092,24.4,256.15999999999997,1.42,7181.2,-103.0,-0.6,1.0,2025-06-07T06:33:14.066011648Z
19427.166666666668,95.0,55.583333333333336,1013.4333333333334,0.0,0.08,24.733333333333334,259.1166666666667,1.9166666666666667,6056.833333333333,-104.5,-3.1,1.0,2025-06-07T06:42:29.546515456Z
19429.166666666668,95.0,55.166666666666664,1013.4666666666667,0.0,0.08,25.2,256.43333333333334,1.5333333333333332,6058.833333333333,-104.5,-2.233333333333333,1.0,2025-06-07T06:53:09.517613056Z
19524.0,98.0,52.2,1013.3,0.0,0.092,25.68,150.5,0.7,7187.0,-105.0,-4.12,1.0,2025-06-07T07:03:14.103868672Z
19432.833333333332,98.33333333333333,50.583333333333336,1013.1999999999999,0.0,0.08,26.11666666666667,269.68333333333334,1.4166666666666667,6062.5,-105.83333333333333,-3.783333333333333,1.0,2025-06-07T07:12:29.503478784Z
19434.833333333332,99.16666666666667,50.5,1013.1999999999999,0.0,0.08,26.383333333333336,297.5333333333333,1.0833333333333335,6064.5,-104.0,-2.0,1.0,2025-06-07T07:23:09.505384704Z
19529.8,100.0,48.2,1013.0799999999999,0.0,0.092,26.8,265.68,1.24,7192.8,-102.8,-1.6599999999999997,1.0,2025-06-07T07:33:14.032377344Z
19438.5,100.0,49.333333333333336,1013.1833333333334,0.0,0.08,27.183333333333334,275.75000000000006,1.1333333333333333,6068.166666666667,-104.33333333333333,-5.166666666666667,1.0,2025-06-07T07:42:29.479017216Z
19440.5,100.0,47.416666666666664,1013.0666666666667,0.0,0.08,27.53333333333333,230.3166666666667,1.2499999999999998,6070.166666666667,-105.0,-2.3833333333333333,1.0,2025-06-07T07:53:09.508239104Z
19535.6,100.0,46.5,1012.9200000000001,0.0,0.092,27.659999999999997,222.77999999999997,1.6400000000000001,7198.6,-103.4,0.25999999999999995,1.0,2025-06-07T08:03:14.017418752Z
19444.166666666668,100.0,47.833333333333336,1012.8666666666667,0.0,0.08,28.0,194.4,1.1666666666666667,6073.833333333333,-104.66666666666667,-2.983333333333333,1.0,2025-06-07T08:12:29.494277376Z
19446.166666666668,100.0,45.75,1012.8333333333331,0.0,0.08,28.733333333333338,191.63333333333333,1.0833333333333333,6075.833333333333,-105.66666666666667,-1.6000000000000003,1.0,2025-06-07T08:23:09.478686976Z
19541.4,100.0,46.7,1012.68,0.0,0.10400000000000001,28.9,185.21999999999997,1.26,7204.4,-102.0,-0.8000000000000002,1.0,2025-06-07T08:33:13.975243264Z
19449.833333333332,100.0,45.0,1012.6999999999999,0.0,0.09000000000000001,29.233333333333334,191.63333333333333,0.9166666666666666,6079.5,-104.83333333333333,-3.5999999999999996,1.0,2025-06-07T08:42:29.446413312Z
19451.833333333332,100.0,45.5,1012.5833333333334,0.0,0.09000000000000001,29.450000000000003,221.33333333333334,1.6499999999999997,6081.5,-104.83333333333333,-4.55,1.0,2025-06-07T08:53:09.448499456Z
19547.2,100.0,45.7,1012.4399999999999,0.0,0.10400000000000001,29.660000000000004,145.42000000000002,1.42,7210.2,-105.2,-3.0799999999999996,1.0,2025-06-07T09:03:13.982717952Z
19455.5,100.0,45.083333333333336,1012.5,0.0,0.09000000000000001,29.483333333333334,174.20000000000002,2.0333333333333337,6085.166666666667,-104.16666666666667,-7.066666666666666,1.0,2025-06-07T09:12:29.830155520Z
19551.0,100.0,44.6,1012.4400000000002,0.0,0.10400000000000001,29.660000000000004,204.2,2.12,7214.2,-104.6,-0.08000000000000007,1.0,2025-06-07T09:24:01.952820736Z
19552.8,100.0,44.0,1012.46,0.0,0.10400000000000001,29.840000000000003,171.16,1.92,7216.0,-104.6,-1.1,1.0,2025-06-07T09:33:13.937284608Z
19460.833333333332,100.0,42.416666666666664,1012.4499999999998,0.0,0.09000000000000001,30.05,217.80000000000004,2.0,6090.833333333333,-105.33333333333333,-3.033333333333333,1.0,2025-06-07T09:42:29.414216704Z
19462.833333333332,100.0,40.5,1012.4,0.0,0.09000000000000001,30.36666666666667,198.0333333333333,1.7833333333333332,6092.833333333333,-106.0,-5.716666666666666,1.0,2025-06-07T09:53:09.401836288Z
19558.6,100.0,39.6,1012.32,0.0,0.10400000000000001,30.82,163.28000000000003,1.2799999999999998,7221.8,-103.6,-1.0799999999999996,1.0,2025-06-07T10:03:13.927521024Z
19466.5,100.0,39.75,1012.2999999999998,0.0,0.09000000000000001,31.099999999999998,128.06666666666666,1.75,6096.5,-105.66666666666667,-3.4333333333333336,1.0,2025-06-07T10:12:29.389263616Z
19393.8,100.0,39.6,1012.14,0.0,0.057999999999999996,31.259999999999998,191.7,1.7399999999999998,5534.8,-106.4,-5.36,1.0,2025-06-07T10:22:31.103476224Z
19564.0,100.0,40.2,1012.04,0.0,0.004,31.3,129.68,2.66,7227.6,-102.4,-2.2,1.0,2025-06-07T10:33:13.915327744Z
19452.2,100.0,39.6,1012.1,0.0,0.008,31.120000000000005,145.26,1.1400000000000001,5538.4,-106.8,-2.2,1.0,2025-06-07T10:41:43.605010432Z
19473.5,100.0,37.833333333333336,1011.9166666666666,0.0,0.006666666666666667,31.483333333333334,144.91666666666666,1.5833333333333333,6104.166666666667,-105.16666666666667,-2.8833333333333333,1.0,2025-06-07T10:53:09.401268480Z
19569.4,100.0,40.0,1011.68,0.0,0.004,31.619999999999997,209.37999999999997,1.6,7233.4,-103.6,-2.0,1.0,2025-06-07T11:03:13.932421120Z
19477.166666666668,100.0,37.0,1011.6500000000001,0.0,0.006666666666666667,31.96666666666667,137.36666666666665,1.8333333333333333,6107.833333333333,-103.0,-3.216666666666667,1.0,2025-06-07T11:12:29.371282176Z
19404.4,100.0,36.7,1011.6200000000001,0.0,0.008,32.18,139.35999999999999,1.18,5546.0,-106.0,-4.9799999999999995,1.0,2025-06-07T11:22:30.638533376Z
19574.8,100.0,36.9,1011.28,0.0,0.004,32.339999999999996,89.82000000000001,2.62,7239.2,-103.8,-2.2800000000000002,1.0,2025-06-07T11:33:13.906274816Z
19462.8,100.0,36.4,1011.2800000000001,0.0,0.008,31.98,147.32,1.2399999999999998,5549.8,-105.4,-4.14,1.0,2025-06-07T11:42:43.572778496Z
19484.166666666668,100.0,37.0,1011.0666666666666,0.0,0.006666666666666667,32.23333333333333,150.46666666666667,3.8499999999999996,6115.5,-106.66666666666667,-2.5666666666666664,1.0,2025-06-07T11:53:09.353932800Z
19580.2,100.0,37.0,1010.9399999999999,0.0,0.006,32.18,166.35999999999999,2.8600000000000003,7245.0,-105.0,-0.8200000000000001,1.0,2025-06-07T12:03:13.880040192Z
19487.833333333332,100.0,35.25,1010.8333333333334,0.0,0.01,32.25,150.18333333333334,2.766666666666666,6119.166666666667,-105.66666666666667,-3.733333333333334,1.0,2025-06-07T12:12:29.348448000Z
19489.833333333332,100.0,35.666666666666664,1010.7333333333332,0.0,0.01,32.38333333333333,157.21666666666667,3.366666666666667,6121.166666666667,-107.66666666666667,-2.266666666666667,1.0,2025-06-07T12:23:09.352131328Z
19586.0,100.0,34.0,1010.5799999999999,0.0,0.008,32.46,173.64000000000001,3.9199999999999995,7250.8,-103.2,-3.2399999999999998,1.0,2025-06-07T12:33:13.913847296Z
19493.5,100.0,33.916666666666664,1010.5166666666665,0.0,0.013333333333333334,32.53333333333334,167.5,4.35,6124.833333333333,-104.33333333333333,-3.716666666666667,1.0,2025-06-07T12:42:29.335226624Z
19495.5,100.0,34.0,1010.4166666666666,0.0,0.018333333333333337,32.516666666666666,172.88333333333333,4.916666666666667,6126.833333333333,-105.5,-1.7166666666666668,1.0,2025-06-07T12:53:09.325886720Z
19591.8,100.0,34.6,1010.26,0.0,0.028000000000000004,32.519999999999996,161.06,5.1000000000000005,7256.6,-103.4,-1.64,1.0,2025-06-07T13:03:13.863363584Z
19499.166666666668,100.0,33.583333333333336,1010.25,0.0,0.03166666666666667,32.51666666666667,170.38333333333333,5.55,6130.5,-103.83333333333333,-2.3666666666666667,1.0,2025-06-07T13:12:29.311295488Z
19501.166666666668,100.0,34.583333333333336,1010.25,0.0,0.03666666666666667,32.53333333333333,176.83333333333334,4.666666666666667,6132.5,-106.33333333333333,-4.0,1.0,2025-06-07T13:23:09.306144768Z
19597.6,100.0,33.6,1010.14,0.0,0.05600000000000001,32.660000000000004,183.78000000000003,5.459999999999999,7262.4,-105.0,-0.020000000000000108,1.0,2025-06-07T13:33:13.885046528Z
19504.833333333332,100.0,33.083333333333336,1010.1333333333333,0.0,0.05833333333333334,32.650000000000006,168.81666666666666,5.633333333333333,6136.166666666667,-107.16666666666667,-2.0500000000000003,1.0,2025-06-07T13:42:29.303025664Z
19506.833333333332,100.0,33.333333333333336,1010.1166666666667,0.0,0.07833333333333334,32.583333333333336,175.4333333333333,5.733333333333333,6138.166666666667,-106.16666666666667,-2.6166666666666667,1.0,2025-06-07T13:53:09.289067776Z
19603.4,100.0,33.7,1009.9399999999999,0.0,0.10800000000000001,32.42,179.54,5.42,7268.2,-102.0,-4.84,1.0,2025-06-07T14:03:13.821919744Z
19510.5,100.0,34.333333333333336,1009.9499999999999,0.0,0.105,32.41666666666667,176.94999999999996,5.433333333333334,6141.833333333333,-105.16666666666667,-1.0833333333333333,1.0,2025-06-07T14:12:29.648229120Z
19512.5,100.0,32.75,1009.85,0.0,0.12,32.333333333333336,168.13333333333333,6.1000000000000005,6143.833333333333,-106.16666666666667,-4.583333333333333,1.0,2025-06-07T14:23:09.266129152Z
19609.2,100.0,34.4,1009.72,0.0,0.152,32.4,177.11999999999998,5.32,7274.0,-104.4,-1.12,1.0,2025-06-07T14:33:13.799224320Z
19516.166666666668,100.0,49.0,1933.7166666666665,42.5,109.29666666666667,27.03333333333333,143.06666666666666,1096.85,6147.5,-105.16666666666667,-1.1499999999999997,1.0,2025-06-07T14:42:29.642369792Z
19518.166666666668,100.0,34.0,1009.6333333333332,0.0,0.14833333333333332,32.25,170.06666666666663,6.266666666666666,6149.5,-105.33333333333333,-2.4,1.0,2025-06-07T14:53:09.261048576Z
19615.0,100.0,34.3,1009.5,0.0,0.188,32.10000000000001,184.08,5.68,7279.8,-105.0,-3.34,1.0,2025-06-07T15:03:13.789523200Z
19521.833333333332,100.0,34.916666666666664,1009.5333333333333,0.0,0.16666666666666666,31.95,173.9333333333333,5.449999999999999,6153.166666666667,-106.66666666666667,-3.5666666666666664,1.0,2025-06-07T15:12:29.263390464Z
19523.833333333332,100.0,34.333333333333336,1009.4666666666667,0.0,0.17500000000000002,31.83333333333334,181.68333333333337,5.716666666666668,6155.166666666667,-107.33333333333333,-2.4499999999999997,1.0,2025-06-07T15:23:09.243633408Z
19620.8,100.0,35.2,1009.3399999999999,0.0,0.22800000000000004,31.559999999999995,184.16,6.2,7285.6,-104.2,-0.44000000000000006,1.0,2025-06-07T15:33:13.764900608Z
19527.5,100.0,35.25,1009.4,0.0,0.21,31.666666666666668,173.04999999999998,6.066666666666666,6158.833333333333,-107.0,-2.8000000000000003,1.0,2025-06-07T15:42:29.268748288Z
19529.5,100.0,36.833333333333336,1009.4,0.0,0.22333333333333336,31.483333333333334,174.13333333333333,5.2,6160.833333333333,-105.66666666666667,-0.7999999999999999,1.0,2025-06-07T15:53:09.223597824Z
19626.6,100.0,38.2,1009.3,0.0,0.27999999999999997,31.32,190.72,4.0600000000000005,7291.4,-105.8,-0.7,1.0,2025-06-07T16:03:14.195339264Z
19513.0,100.0,38.3,1009.28,0.0,0.15,31.28,173.28000000000003,5.34,5600.2,-106.8,-2.8600000000000003,1.0,2025-06-07T16:12:43.465879040Z
19534.833333333332,100.0,38.416666666666664,1009.2333333333332,0.0,0.25,31.05,172.16666666666666,4.483333333333333,6166.5,-107.16666666666667,-3.6166666666666667,1.0,2025-06-07T16:23:09.211991040Z
19632.0,100.0,38.5,1009.1600000000001,0.0,0.316,30.840000000000003,191.08,5.2,7297.2,-106.2,-2.2,1.0,2025-06-07T16:33:13.744561152Z
19463.0,100.0,38.9,1009.14,0.0,0.328,30.78,179.01999999999998,5.0600000000000005,5605.8,-105.4,-4.46,1.0,2025-06-07T16:42:42.504582912Z
19540.166666666668,100.0,39.416666666666664,1009.1833333333334,0.0,0.2833333333333333,30.5,182.16666666666666,5.25,6172.166666666667,-106.5,-2.0,1.0,2025-06-07T16:53:09.239767808Z
19637.4,100.0,40.2,1009.14,0.0,0.33999999999999997,30.2,183.56,5.220000000000001,7303.0,-105.4,-2.4,1.0,2025-06-07T17:03:13.715789824Z
19543.833333333332,100.0,40.416666666666664,1009.1666666666666,0.0,0.2966666666666667,30.083333333333332,175.5,4.466666666666667,6175.833333333333,-106.16666666666667,-2.733333333333334,1.0,2025-06-07T17:12:29.180688640Z
19545.833333333332,100.0,40.333333333333336,1009.2000000000002,0.0,0.3016666666666667,29.78333333333333,184.63333333333333,4.016666666666667,6177.833333333333,-105.0,-3.1833333333333336,1.0,2025-06-07T17:23:09.186671872Z
19643.2,100.0,41.3,1009.24,0.0,0.36,29.419999999999998,193.54000000000002,3.4799999999999995,7308.8,-104.6,-2.0,1.0,2025-06-07T17:33:14.160194304Z
19549.5,100.0,40.833333333333336,1009.3166666666666,0.0,0.30333333333333334,29.200000000000003,183.88333333333335,3.75,6181.5,-106.16666666666667,-3.8833333333333333,1.0,2025-06-07T17:42:29.178048512Z
19551.5,100.0,41.666666666666664,1009.3499999999999,0.0,0.30333333333333334,28.833333333333332,184.86666666666667,3.1166666666666667,6183.5,-103.66666666666667,-1.3166666666666664,1.0,2025-06-07T17:53:09.193686272Z
19649.0,100.0,42.6,1009.3,0.0,0.36,28.360000000000003,194.88,3.6,7314.6,-103.6,-1.4800000000000002,1.0,2025-06-07T18:03:13.676930560Z
19555.166666666668,100.0,42.583333333333336,1009.4,0.0,0.30333333333333334,28.183333333333334,186.03333333333333,3.016666666666667,6187.166666666667,-104.83333333333333,-1.45,1.0,2025-06-07T18:12:29.148420352Z
19557.166666666668,100.0,43.0,1009.3833333333333,0.0,0.30333333333333334,27.78333333333333,188.15,3.4166666666666665,6189.166666666667,-107.5,-1.8,1.0,2025-06-07T18:23:09.118331904Z
19654.8,100.0,44.0,1009.3799999999999,0.0,0.364,27.3,203.72,3.5799999999999996,7320.4,-104.4,0.0,1.0,2025-06-07T18:33:13.708794624Z
19560.833333333332,100.0,44.75,1009.4333333333334,0.0,0.31,27.066666666666666,182.78333333333333,2.4,6192.833333333333,-106.16666666666667,-1.4833333333333332,1.0,2025-06-07T18:42:29.086966528Z
19562.833333333332,100.0,45.583333333333336,1009.4499999999999,0.0,0.3066666666666667,26.566666666666666,180.45000000000002,2.716666666666667,6194.833333333333,-106.16666666666667,-1.3999999999999997,1.0,2025-06-07T18:53:09.096141056Z
19660.6,100.0,62.6,2118.2599999999998,51.0,131.252,20.9,147.64000000000001,1312.76,7326.2,-106.2,-2.38,1.0,2025-06-07T19:03:14.063151872Z
19566.5,100.0,46.166666666666664,1009.5,0.0,0.30333333333333334,26.099999999999998,188.1,3.0666666666666664,6198.5,-104.66666666666667,-1.7166666666666668,1.0,2025-06-07T19:12:29.069729792Z
19568.5,100.0,46.666666666666664,1009.6666666666666,0.0,0.30333333333333334,25.933333333333334,181.9333333333333,2.733333333333334,6200.5,-107.5,-3.0666666666666664,1.0,2025-06-07T19:23:09.064955136Z
19666.4,100.0,47.5,1009.6200000000001,0.0,0.364,25.68,194.6,2.5799999999999996,7332.0,-105.2,-2.3600000000000003,1.0,2025-06-07T19:33:13.579533056Z
19572.166666666668,100.0,48.166666666666664,1009.7833333333333,0.0,0.30333333333333334,25.349999999999998,182.48333333333335,2.516666666666667,6204.166666666667,-107.33333333333333,-4.833333333333334,1.0,2025-06-07T19:42:29.123520512Z
19574.166666666668,100.0,49.166666666666664,1009.9,0.0,0.30333333333333334,25.049999999999997,183.54999999999998,2.1833333333333336,6206.166666666667,-106.5,-2.033333333333333,1.0,2025-06-07T19:53:09.039463680Z
19672.2,100.0,50.8,1010.04,0.0,0.364,24.8,205.45999999999998,1.8800000000000001,7337.8,-105.0,-1.2200000000000002,1.0,2025-06-07T20:03:13.609196032Z
19577.833333333332,100.0,53.0,1010.1666666666666,0.0,0.30333333333333334,24.183333333333337,219.2833333333333,1.3833333333333335,6209.833333333333,-106.16666666666667,-2.4,1.0,2025-06-07T20:12:29.012059392Z
19579.833333333332,100.0,55.583333333333336,1010.3166666666666,0.0,0.30333333333333334,23.433333333333334,205.48333333333332,1.0000000000000002,6211.833333333333,-106.66666666666667,-2.5666666666666664,1.0,2025-06-07T20:23:09.022099456Z
19678.0,100.0,58.4,1010.26,0.0,0.364,22.66,220.48000000000002,1.02,7343.6,-104.4,-0.6599999999999999,1.0,2025-06-07T20:33:13.540178432Z
19583.5,100.0,58.833333333333336,1010.35,0.0,0.30333333333333334,22.166666666666668,217.13333333333333,1.3833333333333335,6215.5,-104.66666666666667,-2.233333333333333,1.0,2025-06-07T20:42:28.992520960Z
19585.5,100.0,57.0,1010.3333333333334,0.0,0.30333333333333334,22.349999999999998,257.7833333333333,1.3,6217.5,-105.33333333333333,-1.8999999999999997,1.0,2025-06-07T20:53:08.975274240Z
19683.8,100.0,57.7,1010.3399999999999,0.0,0.364,22.04,222.24,0.8400000000000001,7349.4,-105.0,-0.74,1.0,2025-06-07T21:03:13.501389568Z
19589.166666666668,100.0,58.416666666666664,1010.4166666666669,0.0,0.30333333333333334,21.816666666666666,265.48333333333335,0.85,6221.166666666667,-106.83333333333333,-2.0833333333333335,1.0,2025-06-07T21:12:28.990082304Z
19515.2,100.0,57.1,1010.3800000000001,0.0,0.364,22.0,175.16,0.9599999999999997,5658.0,-105.0,-2.8,1.0,2025-06-07T21:22:31.009012224Z
19689.2,100.0,59.4,1010.4800000000001,0.0,0.364,21.44,260.94,0.38,7355.2,-103.4,-1.6799999999999997,1.0,2025-06-07T21:33:13.491907072Z
19594.5,100.0,61.416666666666664,1010.6166666666667,0.0,0.30333333333333334,21.150000000000002,186.73333333333332,0.35000000000000003,6226.833333333333,-107.0,-2.4,1.0,2025-06-07T21:42:28.955952896Z
19596.5,100.0,63.583333333333336,1010.6666666666665,0.0,0.30333333333333334,20.75,68.93333333333332,0.8666666666666667,6228.833333333333,-104.5,-1.3833333333333335,1.0,2025-06-07T21:53:08.920172800Z
19695.0,100.0,64.4,1010.7,0.0,0.364,20.46,180.14000000000001,0.5,7361.0,-103.4,-1.5399999999999998,1.0,2025-06-07T22:03:13.472697856Z
19600.166666666668,100.0,64.08333333333333,1010.6833333333333,0.0,0.30333333333333334,20.500000000000004,113.14999999999999,0.6333333333333333,6232.5,-105.33333333333333,-1.6166666666666665,1.0,2025-06-07T22:12:28.928369408Z
19602.166666666668,100.0,66.25,1010.7166666666666,0.0,0.30333333333333334,20.28333333333333,123.68333333333334,0.5499999999999999,6234.5,-106.83333333333333,-3.75,1.0,2025-06-07T22:23:08.904852224Z
19700.8,99.4,66.6,1010.6200000000001,0.0,0.364,20.14,200.78,0.32,7366.8,-102.8,0.19999999999999996,1.0,2025-06-07T22:33:13.879564800Z
19605.833333333332,99.33333333333333,68.0,1010.6166666666667,0.0,0.30333333333333334,20.033333333333335,148.7,0.5666666666666668,6238.166666666667,-103.83333333333333,-2.75,1.0,2025-06-07T22:42:28.864998400Z
19531.8,99.2,65.8,1010.5,0.0,0.364,20.2,199.71999999999997,0.24,5675.0,-107.0,-3.0,1.0,2025-06-07T22:53:30.059068160Z
19706.2,99.4,69.2,1010.54,0.0,0.364,19.98,145.38000000000002,0.6,7372.6,-105.4,-1.8,1.0,2025-06-07T23:03:13.402721536Z
19611.166666666668,98.66666666666667,72.08333333333333,1010.6333333333332,0.0,0.30333333333333334,19.816666666666666,180.78333333333333,0.65,6243.833333333333,-105.66666666666667,-3.9166666666666665,1.0,2025-06-07T23:12:28.854979328Z
19613.166666666668,98.66666666666667,73.91666666666667,1010.5999999999999,0.0,0.30333333333333334,19.816666666666666,136.15,0.5499999999999999,6245.833333333333,-107.16666666666667,-2.4,1.0,2025-06-07T23:23:08.874389760Z
19712.0,98.2,75.2,1010.54,0.0,0.364,19.86,174.8,0.38,7378.4,-104.8,-1.64,1.0,2025-06-07T23:33:13.379908096Z
19616.833333333332,97.66666666666667,74.41666666666667,1010.5666666666666,0.0,0.30333333333333334,20.066666666666666,194.9666666666667,0.4166666666666667,6249.5,-106.66666666666667,-3.4499999999999997,1.0,2025-06-07T23:42:28.815205632Z
19618.833333333332,97.66666666666667,73.58333333333333,1010.5666666666666,0.0,0.30333333333333334,20.38333333333333,180.9333333333333,0.7500000000000001,6251.5,-106.5,-3.033333333333333,1.0,2025-06-07T23:53:08.808937216Z
19717.8,97.8,74.2,1010.4799999999999,0.0,0.364,20.419999999999998,146.3,0.72,7384.2,-103.6,-0.6399999999999999,1.0,2025-06-08T00:03:13.318739456Z
19622.5,97.33333333333333,73.66666666666667,1010.5166666666665,0.0,0.30333333333333334,20.616666666666667,171.3166666666667,1.0166666666666666,6255.166666666667,-105.5,-1.1666666666666667,1.0,2025-06-08T00:12:28.795429888Z
19721.6,97.0,74.2,1010.5,0.0,0.364,20.559999999999995,160.24,0.7,7388.0,-104.8,-1.5399999999999998,1.0,2025-06-08T00:22:49.375554816Z
19869.5,96.0,75.875,1010.3999999999999,0.0,0.455,20.15,197.5,0.4,9086.5,-103.0,1.0,1.0,2025-06-08T00:33:50.126601216Z
19627.5,96.16666666666667,76.25,1010.5333333333333,0.0,0.30333333333333334,19.883333333333333,228.83333333333334,0.5166666666666667,6260.833333333333,-106.5,-1.2833333333333337,1.0,2025-06-08T00:42:29.114326784Z
19629.5,96.0,78.25,1010.5333333333333,0.0,0.30333333333333334,19.366666666666667,262.18333333333334,0.5833333333333334,6262.833333333333,-105.5,-1.2333333333333336,1.0,2025-06-08T00:53:08.757236992Z
19875.5,96.0,81.0,1010.4000000000001,0.0,0.455,18.65,317.65000000000003,0.3,9092.5,-102.75,-1.525,1.0,2025-06-08T01:03:55.474465792Z
19632.833333333332,95.83333333333333,79.41666666666667,1010.4833333333332,0.0,0.30333333333333334,18.883333333333336,86.16666666666667,0.4666666666666666,6266.5,-104.0,-0.6666666666666666,1.0,2025-06-08T01:12:29.091502336Z
19634.833333333332,95.66666666666667,79.75,1010.4500000000002,0.0,0.30333333333333334,19.099999999999998,102.8,0.5666666666666667,6268.5,-104.66666666666667,-0.3333333333333333,1.0,2025-06-08T01:23:08.706210560Z
19734.6,95.4,79.1,1010.3,0.0,0.364,19.4,188.2,0.62,7401.6,-103.4,-0.64,1.0,2025-06-08T01:33:13.280213504Z
19638.5,95.33333333333333,79.83333333333333,1010.35,0.0,0.30333333333333334,19.2,221.5,0.6333333333333333,6272.166666666667,-104.33333333333333,-4.466666666666667,1.0,2025-06-08T01:42:28.681324800Z
19640.5,94.66666666666667,81.41666666666667,1010.35,0.0,0.30333333333333334,18.783333333333335,166.45000000000002,0.65,6274.166666666667,-106.66666666666667,-3.6333333333333333,1.0,2025-06-08T01:53:08.672689408Z
19740.4,94.8,82.5,1010.22,0.0,0.364,18.34,205.51999999999998,0.5799999999999998,7407.4,-103.6,-1.06,1.0,2025-06-08T02:03:13.212301056Z
19644.166666666668,94.66666666666667,83.0,1010.35,0.0,0.30333333333333334,18.150000000000002,213.9,0.6666666666666666,6277.833333333333,-105.5,-2.6666666666666665,1.0,2025-06-08T02:12:28.644936448Z
19646.166666666668,94.33333333333333,84.08333333333333,1010.3166666666667,0.0,0.30333333333333334,18.133333333333333,318.76666666666665,0.55,6279.833333333333,-107.0,-1.5,1.0,2025-06-08T02:23:08.640873216Z
19746.2,94.0,93.0,2118.9399999999996,51.0,131.252,14.38,226.14000000000001,1311.5400000000002,7413.2,-102.0,-0.5,1.0,2025-06-08T02:33:13.622167296Z
19649.833333333332,93.66666666666667,81.83333333333333,1010.1999999999998,0.0,0.30333333333333334,18.666666666666668,187.75,1.2,6283.5,-106.0,-1.9166666666666667,1.0,2025-06-08T02:42:28.638171392Z
19651.833333333332,93.33333333333333,79.91666666666667,1010.1666666666666,0.0,0.30333333333333334,19.51666666666667,132.31666666666666,1.2666666666666668,6285.5,-105.33333333333333,-1.7833333333333332,1.0,2025-06-08T02:53:08.652319744Z
19752.0,93.4,78.6,1010.1,0.0,0.364,19.880000000000003,175.5,1.5399999999999998,7419.0,-105.8,-0.9600000000000002,1.0,2025-06-08T03:03:13.143409152Z
19655.5,93.33333333333333,78.0,1010.1333333333333,0.0,0.30333333333333334,20.05,165.93333333333334,1.1833333333333336,6289.166666666667,-106.0,-2.766666666666667,1.0,2025-06-08T03:12:28.593484544Z
19580.8,93.0,75.1,1010.1599999999999,0.0,0.364,20.52,166.0,1.42,5725.2,-106.6,-4.74,1.0,2025-06-08T03:22:29.750569984Z
19757.4,92.8,74.3,1010.14,0.0,0.368,20.6,201.52,1.2399999999999998,7424.8,-104.0,-0.76,1.0,2025-06-08T03:33:13.119214336Z
19660.833333333332,92.66666666666667,75.41666666666667,1010.1833333333333,0.0,0.31,20.283333333333335,173.88333333333333,2.033333333333333,6294.833333333333,-105.83333333333333,-2.4333333333333336,1.0,2025-06-08T03:42:28.600987904Z
19662.833333333332,92.5,75.66666666666667,1010.1666666666666,0.0,0.31,20.283333333333335,162.66666666666666,2.0,6296.833333333333,-106.16666666666667,-2.5,1.0,2025-06-08T03:53:08.560455936Z
19763.2,92.4,72.2,1010.1200000000001,0.0,0.368,21.06,172.38,2.4,7430.6,-103.4,-1.9799999999999998,1.0,2025-06-08T04:03:13.080633856Z
19666.5,92.33333333333333,71.66666666666667,1010.2166666666666,0.0,0.31,21.083333333333332,169.28333333333333,1.9000000000000001,6300.5,-105.66666666666667,-2.9,1.0,2025-06-08T04:12:28.553059072Z
19668.5,92.0,71.25,1010.2666666666668,0.0,0.32,21.28333333333333,173.26666666666665,1.6333333333333335,6302.5,-105.33333333333333,-3.3333333333333335,1.0,2025-06-08T04:23:08.541617152Z
19769.0,92.0,69.8,1010.2199999999999,0.0,0.38,21.560000000000002,201.86000000000004,2.04,7436.4,-107.2,-2.8,1.0,2025-06-08T04:33:13.071108608Z
19595.4,92.0,70.2,1010.18,0.0,0.378,21.6,192.46,2.14,5740.2,-106.6,-4.26,1.0,2025-06-08T04:42:42.153205760Z
19920.5,92.0,68.625,1010.1,0.0,0.47000000000000003,22.125,205.125,1.7500000000000002,9138.5,-102.75,2.25,1.0,2025-06-08T04:53:49.845399552Z
19774.0,92.0,67.7,1010.0600000000001,0.0,0.38,22.54,189.61999999999998,1.6800000000000002,7442.2,-104.4,-2.84,1.0,2025-06-08T05:03:13.035367936Z
19676.833333333332,92.0,66.58333333333333,1010.1333333333333,0.0,0.32,22.983333333333334,178.70000000000002,1.8833333333333335,6311.833333333333,-105.16666666666667,-3.216666666666667,1.0,2025-06-08T05:12:28.479245056Z
19678.833333333332,92.16666666666667,64.58333333333333,1010.1166666666667,0.0,0.32,23.566666666666666,191.11666666666667,2.2500000000000004,6313.833333333333,-105.5,-4.05,1.0,2025-06-08T05:23:08.469068544Z
19779.8,92.4,63.6,1010.1,0.0,0.38,23.979999999999997,196.42000000000002,1.72,7448.0,-104.4,-1.06,1.0,2025-06-08T05:33:12.998932736Z
19682.5,92.66666666666667,63.083333333333336,1010.0833333333334,0.0,0.32,24.299999999999997,181.78333333333333,2.5500000000000003,6317.5,-105.5,-3.5833333333333335,1.0,2025-06-08T05:42:28.457537792Z
19684.5,92.66666666666667,60.666666666666664,1010.1333333333333,0.0,0.32,24.616666666666664,188.73333333333335,3.216666666666667,6319.5,-103.66666666666667,-2.5999999999999996,1.0,2025-06-08T05:53:08.477903616Z
19785.6,93.6,59.1,1010.14,0.0,0.38,24.92,201.98,3.16,7453.8,-103.2,-1.7200000000000002,1.0,2025-06-08T06:03:12.978844160Z
19688.166666666668,94.0,58.916666666666664,1010.2166666666667,0.0,0.32,25.333333333333332,200.15,2.983333333333333,6323.166666666667,-103.33333333333333,-3.216666666666667,1.0,2025-06-08T06:12:28.451432192Z
19690.166666666668,94.0,56.083333333333336,1010.2333333333335,0.0,0.3316666666666667,25.616666666666664,184.36666666666665,2.683333333333333,6325.166666666667,-106.33333333333333,-3.5666666666666664,1.0,2025-06-08T06:23:08.432132864Z
19791.4,94.8,54.0,1010.2,0.0,0.418,26.020000000000003,210.3,2.5200000000000005,7459.6,-104.4,-2.0,1.0,2025-06-08T06:33:12.955751168Z
19693.833333333332,96.33333333333333,53.75,1010.0833333333334,0.0,0.3566666666666667,26.3,202.58333333333337,2.4499999999999997,6328.833333333333,-104.33333333333333,-3.65,1.0,2025-06-08T06:42:28.404814848Z
19695.833333333332,96.33333333333333,50.666666666666664,1010.1166666666667,0.0,0.3566666666666667,26.53333333333333,219.65,2.0500000000000003,6330.833333333333,-105.66666666666667,-3.1666666666666665,1.0,2025-06-08T06:53:08.439751680Z
19797.2,96.4,50.3,1010.2599999999999,0.0,0.42400000000000004,26.72,243.98000000000002,1.56,7465.4,-106.8,-2.96,1.0,2025-06-08T07:03:12.954208512Z
19699.5,97.66666666666667,48.666666666666664,1010.3166666666667,0.0,0.35833333333333334,27.133333333333336,228.26666666666668,1.9666666666666666,6334.5,-106.0,-2.65,1.0,2025-06-08T07:12:28.397118720Z
19701.5,97.66666666666667,48.75,1010.1999999999999,0.0,0.36000000000000004,27.333333333333332,237.1833333333333,2.316666666666667,6336.5,-104.16666666666667,-3.1333333333333333,1.0,2025-06-08T07:23:08.375192576Z
19803.0,98.0,47.2,1010.0799999999999,0.0,0.42800000000000005,27.580000000000002,258.65999999999997,2.5,7471.2,-103.6,-0.9999999999999998,1.0,2025-06-08T07:33:12.928164096Z
19705.166666666668,99.5,46.333333333333336,1010.0500000000002,0.0,0.36000000000000004,27.799999999999997,234.08333333333334,2.533333333333333,6340.166666666667,-105.33333333333333,-2.8499999999999996,1.0,2025-06-08T07:42:28.364309760Z
19707.166666666668,100.0,45.25,1010.0833333333334,0.0,0.36000000000000004,27.983333333333338,215.88333333333333,2.566666666666667,6342.166666666667,-104.0,-1.9166666666666667,1.0,2025-06-08T07:53:08.347089664Z
19808.8,100.0,60.3,2118.7,51.0,131.31599999999997,22.720000000000002,162.66,1312.28,7477.0,-106.4,-0.4,1.0,2025-06-08T08:03:13.321810432Z
19710.833333333332,100.0,57.833333333333336,1933.8999999999999,42.5,109.58166666666665,23.733333333333334,151.4333333333333,1094.05,6345.833333333333,-106.16666666666667,-1.1333333333333335,1.0,2025-06-08T08:12:29.020237056Z
19712.833333333332,100.0,43.25,1010.0166666666668,0.0,0.36000000000000004,28.733333333333334,168.71666666666667,2.1,6347.833333333333,-106.16666666666667,-3.5833333333333335,1.0,2025-06-08T08:23:08.321988608Z
19814.6,100.0,43.9,1009.9200000000001,0.0,0.42800000000000005,28.919999999999998,186.56,2.1399999999999997,7482.8,-102.6,0.36,1.0,2025-06-08T08:33:12.854285312Z
19716.5,100.0,43.916666666666664,1009.9166666666665,0.0,0.36000000000000004,29.133333333333336,163.83333333333334,2.483333333333333,6351.5,-106.0,-1.4666666666666668,1.0,2025-06-08T08:42:28.304605184Z
19718.5,100.0,42.416666666666664,1009.9,0.0,0.36000000000000004,29.299999999999997,202.16666666666666,2.466666666666667,6353.5,-105.0,-1.5000000000000007,1.0,2025-06-08T08:53:08.667981056Z
19820.4,100.0,42.9,1009.8799999999999,0.0,0.42800000000000005,29.140000000000004,228.1,2.22,7488.6,-105.0,0.11999999999999993,1.0,2025-06-08T09:03:12.876900864Z
19722.166666666668,100.0,41.25,1009.9666666666667,0.0,0.36000000000000004,29.46666666666667,228.01666666666668,3.183333333333333,6357.166666666667,-106.33333333333333,-1.9666666666666668,1.0,2025-06-08T09:12:28.647333888Z
19724.166666666668,100.0,40.583333333333336,1010.0166666666668,0.0,0.36000000000000004,29.716666666666665,232.01666666666665,3.016666666666667,6359.166666666667,-106.0,-2.8833333333333333,1.0,2025-06-08T09:23:08.277149696Z
19826.2,100.0,43.6,1010.0200000000001,0.0,0.42800000000000005,29.619999999999997,239.01999999999998,2.84,7494.4,-103.4,1.7763568394002506e-16,1.0,2025-06-08T09:33:13.244350976Z
19727.833333333332,100.0,41.75,1010.0,0.0,0.36000000000000004,29.733333333333334,224.1,3.183333333333333,6362.833333333333,-105.83333333333333,-0.11666666666666685,1.0,2025-06-08T09:42:28.257626368Z
19729.833333333332,100.0,43.166666666666664,1010.0666666666666,0.0,0.36000000000000004,29.583333333333332,234.41666666666666,3.4,6364.833333333333,-104.33333333333333,-0.6000000000000001,1.0,2025-06-08T09:53:08.254975232Z
19832.0,100.0,42.7,1009.96,0.0,0.42800000000000005,29.68,232.71999999999997,3.12,7500.2,-106.2,-0.2,1.0,2025-06-08T10:03:12.790174976Z
19733.5,100.0,42.0,1010.0000000000001,0.0,0.36000000000000004,30.01666666666667,227.96666666666667,3.35,6368.5,-105.16666666666667,-3.3666666666666667,1.0,2025-06-08T10:12:28.284694272Z
19735.5,100.0,42.666666666666664,1009.9166666666666,0.0,0.36000000000000004,30.2,229.85,3.283333333333333,6370.5,-106.83333333333333,-3.283333333333333,1.0,2025-06-08T10:23:08.234954496Z
19837.8,100.0,44.1,1009.8399999999999,0.0,0.368,30.22,230.82,2.8600000000000003,7506.0,-102.6,0.41999999999999993,1.0,2025-06-08T10:33:12.769600256Z
19739.166666666668,100.0,41.916666666666664,1009.85,0.0,0.31,30.45,242.9,2.5333333333333337,6374.166666666667,-106.33333333333333,-2.1666666666666665,1.0,2025-06-08T10:42:28.228513024Z
19741.166666666668,100.0,42.666666666666664,1009.7999999999998,0.0,0.006666666666666667,30.450000000000003,211.15,3.0666666666666664,6376.166666666667,-106.66666666666667,-1.7166666666666668,1.0,2025-06-08T10:53:08.222667520Z
19843.6,100.0,43.6,1009.6600000000001,0.0,0.004,30.48,236.82000000000002,3.1599999999999997,7511.8,-104.2,-0.27999999999999986,1.0,2025-06-08T11:03:12.758133248Z
19744.833333333332,100.0,43.083333333333336,1009.6166666666668,0.0,0.006666666666666667,30.683333333333334,160.91666666666669,3.466666666666667,6379.833333333333,-105.16666666666667,-1.1666666666666667,1.0,2025-06-08T11:12:28.240163840Z
19746.833333333332,100.0,42.083333333333336,1009.6166666666667,0.0,0.006666666666666667,30.683333333333334,186.70000000000002,3.516666666666667,6381.833333333333,-106.16666666666667,-3.1999999999999997,1.0,2025-06-08T11:23:08.206328832Z
19849.4,100.0,43.3,1009.5600000000001,0.0,0.004,30.619999999999997,202.08,2.92,7517.6,-104.2,0.7,1.0,2025-06-08T11:33:12.736164864Z
19750.5,100.0,44.333333333333336,1009.5833333333334,0.0,0.006666666666666667,30.53333333333333,194.1,3.4,6385.5,-107.5,-1.1833333333333336,1.0,2025-06-08T11:42:28.189739008Z
19752.5,100.0,43.916666666666664,1009.5166666666665,0.0,0.01,30.316666666666666,193.88333333333333,3.9,6387.5,-105.0,-1.4833333333333332,1.0,2025-06-08T11:53:08.182534400Z
19855.2,100.0,44.9,1009.4,0.0,0.01,30.24,148.28000000000003,4.8,7523.4,-105.4,-2.2600000000000002,1.0,2025-06-08T12:03:12.720523776Z
19756.166666666668,100.0,43.833333333333336,1009.4166666666665,0.0,0.021666666666666667,30.700000000000003,168.9333333333333,4.833333333333333,6391.166666666667,-105.5,-1.9166666666666667,1.0,2025-06-08T12:12:28.171662080Z
19758.166666666668,100.0,44.416666666666664,1009.4666666666667,0.0,0.025000000000000005,30.650000000000002,170.31666666666663,4.9,6393.166666666667,-106.83333333333333,-3.716666666666667,1.0,2025-06-08T12:23:08.199681792Z
19861.0,100.0,45.2,1009.3399999999999,0.0,0.036,30.419999999999998,174.9,4.659999999999999,7529.2,-106.0,-0.6199999999999999,1.0,2025-06-08T12:33:12.696629248Z
19761.833333333332,100.0,43.5,1009.3833333333333,0.0,0.045000000000000005,30.566666666666666,176.71666666666667,5.933333333333334,6396.833333333333,-105.33333333333333,-1.3,1.0,2025-06-08T12:42:28.155362048Z
19763.833333333332,100.0,42.416666666666664,1009.4,0.0,0.06,30.816666666666666,170.26666666666668,5.866666666666666,6398.833333333333,-105.83333333333333,-2.633333333333333,1.0,2025-06-08T12:53:08.145485824Z
19866.8,100.0,42.9,1009.32,0.0,0.094,30.72,178.04000000000002,5.98,7535.0,-103.8,-4.0600000000000005,1.0,2025-06-08T13:03:12.686413824Z
19767.5,100.0,41.833333333333336,1009.3166666666666,0.0,0.105,30.8,175.26666666666665,6.133333333333334,6402.5,-105.66666666666667,-1.45,1.0,2025-06-08T13:12:28.127685632Z
19769.5,100.0,41.583333333333336,1009.1666666666666,0.0,0.13333333333333333,30.73333333333333,172.39999999999998,6.616666666666667,6404.5,-105.33333333333333,-2.15,1.0,2025-06-08T13:23:08.166688768Z
19872.6,100.0,41.0,1009.0,0.0,0.188,30.82,181.3,6.419999999999999,7540.8,-103.4,-0.5799999999999998,1.0,2025-06-08T13:33:13.099125760Z
19773.166666666668,100.0,40.75,1009.0500000000001,0.0,0.18333333333333335,31.049999999999997,183.35,5.833333333333333,6408.166666666667,-107.16666666666667,-1.5833333333333333,1.0,2025-06-08T13:42:28.111637760Z
19775.166666666668,100.0,39.5,1008.9833333333332,0.0,0.20666666666666664,31.099999999999998,175.03333333333333,6.733333333333333,6410.166666666667,-104.16666666666667,-0.8000000000000003,1.0,2025-06-08T13:53:08.466403072Z
19878.4,100.0,39.9,1008.8399999999999,0.0,0.262,30.860000000000003,185.62000000000003,5.4399999999999995,7546.6,-104.4,-0.6199999999999998,1.0,2025-06-08T14:03:12.648528384Z
19778.833333333332,100.0,38.5,1008.9166666666666,0.0,0.24333333333333332,31.099999999999998,174.0,5.416666666666667,6413.833333333333,-104.83333333333333,-2.233333333333333,1.0,2025-06-08T14:12:28.088903424Z
19780.833333333332,100.0,38.416666666666664,1008.9,0.0,0.25333333333333335,31.233333333333334,176.28333333333333,5.066666666666666,6415.833333333333,-106.33333333333333,-3.9,1.0,2025-06-08T14:23:08.082926336Z
19884.2,100.0,38.7,1008.82,0.0,0.316,30.880000000000003,178.85999999999999,5.540000000000001,7552.4,-103.8,0.019999999999999928,1.0,2025-06-08T14:33:12.672868864Z
19784.5,100.0,38.416666666666664,1008.8666666666667,0.0,0.2866666666666666,31.03333333333333,167.25000000000003,5.5,6419.5,-106.16666666666667,-2.316666666666667,1.0,2025-06-08T14:42:28.067383296Z
19786.5,100.0,37.75,1008.7999999999998,0.0,0.30333333333333334,30.8,175.83333333333334,6.433333333333334,6421.5,-105.66666666666667,-1.4166666666666667,1.0,2025-06-08T14:53:08.067118336Z
19890.0,100.0,36.6,1008.72,0.0,0.386,30.639999999999997,179.27999999999997,6.140000000000001,7558.2,-106.8,-3.1400000000000006,1.0,2025-06-08T15:03:12.606323200Z
19891.8,100.0,36.7,1008.68,0.0,0.41800000000000004,30.54,178.97999999999996,5.540000000000001,7560.0,-103.6,0.17999999999999988,1.0,2025-06-08T15:12:24.591373568Z
19791.833333333332,100.0,36.25,1008.6833333333333,0.0,0.37000000000000005,30.5,178.28333333333333,6.216666666666666,6427.166666666667,-103.83333333333333,-2.533333333333333,1.0,2025-06-08T15:23:08.040177920Z
19895.6,100.0,35.9,1008.6199999999999,0.0,0.45,30.199999999999996,192.63999999999996,6.12,7564.0,-104.0,0.11999999999999993,1.0,2025-06-08T15:33:12.632403968Z
19795.5,100.0,35.75,1008.7333333333335,0.0,0.3966666666666667,30.150000000000002,174.58333333333334,5.716666666666668,6430.833333333333,-106.5,-3.6999999999999997,1.0,2025-06-08T15:42:28.028608512Z
19797.5,100.0,35.333333333333336,1008.7166666666667,0.0,0.40666666666666673,29.950000000000003,178.91666666666666,6.066666666666667,6432.833333333333,-107.0,-2.4333333333333336,1.0,2025-06-08T15:53:08.028775680Z
19901.4,100.0,35.5,1008.6800000000001,0.0,0.504,29.72,186.18,5.66,7569.8,-103.2,-1.8200000000000003,1.0,2025-06-08T16:03:12.562975232Z
19801.166666666668,100.0,36.333333333333336,1008.75,0.0,0.44,29.78333333333333,182.41666666666666,4.833333333333334,6436.5,-105.5,-1.9666666666666668,1.0,2025-06-08T16:12:28.373994752Z
19803.166666666668,100.0,37.333333333333336,1008.7666666666668,0.0,0.4466666666666667,29.549999999999997,183.05000000000004,4.533333333333334,6438.5,-106.16666666666667,-2.516666666666667,1.0,2025-06-08T16:23:08.002250496Z
19907.2,100.0,39.9,1008.7199999999999,0.0,0.53,29.18,195.86,4.4399999999999995,7575.6,-104.0,0.17999999999999988,1.0,2025-06-08T16:33:12.537943040Z
19806.833333333332,100.0,40.0,1008.75,0.0,0.45166666666666666,29.01666666666667,180.04999999999998,4.75,6442.166666666667,-106.83333333333333,-4.033333333333333,1.0,2025-06-08T16:42:28.031629312Z
19808.833333333332,100.0,41.0,1008.9166666666666,0.0,0.45333333333333337,28.78333333333333,179.08333333333334,4.75,6444.166666666667,-106.0,-2.3333333333333335,1.0,2025-06-08T16:53:07.980710912Z
19913.0,100.0,40.8,1008.9,0.0,0.538,28.48,185.9,4.04,7581.4,-105.2,-0.6200000000000001,1.0,2025-06-08T17:03:12.513117696Z
19812.5,100.0,41.083333333333336,1009.0333333333333,0.0,0.45333333333333337,28.21666666666667,177.58333333333334,4.2,6447.833333333333,-106.16666666666667,-2.6333333333333333,1.0,2025-06-08T17:12:27.967021824Z
19814.5,100.0,40.833333333333336,1009.0833333333331,0.0,0.45333333333333337,27.916666666666668,180.76666666666665,3.9,6449.833333333333,-105.83333333333333,-2.2999999999999994,1.0,2025-06-08T17:23:07.955892992Z
19918.8,100.0,39.8,1009.1200000000001,0.0,0.542,27.439999999999998,194.6,3.9,7587.2,-104.6,-1.0800000000000005,1.0,2025-06-08T17:33:12.492705280Z
19818.166666666668,100.0,39.25,1009.2833333333333,0.0,0.4583333333333333,27.25,181.75,4.716666666666666,6453.5,-105.16666666666667,-4.566666666666667,1.0,2025-06-08T17:42:27.977319168Z
19820.166666666668,100.0,40.0,1009.3333333333334,0.0,0.46,26.816666666666663,179.73333333333335,3.8833333333333333,6455.5,-106.0,-1.5,1.0,2025-06-08T17:53:07.930459392Z
19924.6,100.0,41.1,1009.26,0.0,0.544,26.360000000000003,188.6,3.9199999999999995,7593.0,-105.2,-0.8,1.0,2025-06-08T18:03:12.461961984Z
19823.833333333332,100.0,42.916666666666664,1009.35,0.0,0.46,26.066666666666663,177.63333333333333,3.3166666666666664,6459.166666666667,-106.0,-2.433333333333333,1.0,2025-06-08T18:12:27.911802880Z
19825.833333333332,100.0,45.25,1009.4166666666666,0.0,0.46,25.700000000000003,177.85,4.166666666666667,6461.166666666667,-103.16666666666667,-3.75,1.0,2025-06-08T18:23:07.902832384Z
19930.4,100.0,46.6,1009.4800000000001,0.0,0.544,25.44,183.35999999999999,3.62,7598.8,-106.0,-0.96,1.0,2025-06-08T18:33:12.440591360Z
19829.5,100.0,46.833333333333336,1009.5333333333333,0.0,0.46,25.183333333333334,175.11666666666667,3.616666666666666,6464.833333333333,-106.33333333333333,-1.9666666666666668,1.0,2025-06-08T18:42:27.887697920Z
19831.5,100.0,47.333333333333336,1009.6333333333333,0.0,0.45333333333333337,24.8,172.48333333333335,3.15,6466.833333333333,-105.5,-2.8333333333333335,1.0,2025-06-08T18:53:07.917246464Z
19936.2,100.0,47.6,1009.64,0.0,0.536,24.439999999999998,189.48,3.6,7604.6,-105.6,-4.14,1.0,2025-06-08T19:03:12.408011520Z
19835.166666666668,100.0,48.416666666666664,1009.8166666666666,0.0,0.4466666666666667,24.100000000000005,171.73333333333335,2.983333333333333,6470.5,-106.33333333333333,-2.1,1.0,2025-06-08T19:12:27.854651648Z
19940.0,100.0,49.2,1009.9399999999999,0.0,0.536,23.759999999999998,183.85999999999999,2.46,7608.6,-104.6,-1.6600000000000001,1.0,2025-06-08T19:24:00.402340352Z
19941.8,100.0,50.2,1010.0,0.0,0.536,23.46,194.94,2.54,7610.4,-103.2,-0.9400000000000001,1.0,2025-06-08T19:33:12.381885184Z
19840.5,100.0,50.583333333333336,1010.1666666666666,0.0,0.4466666666666667,23.183333333333334,180.41666666666666,2.483333333333334,6476.166666666667,-107.0,-3.9999999999999996,1.0,2025-06-08T19:42:28.550288640Z
19945.6,100.0,50.3,1010.24,0.0,0.536,23.119999999999997,185.92000000000002,1.98,7614.4,-102.6,1.58,1.0,2025-06-08T19:54:00.411271168Z
19947.4,100.0,49.9,1010.28,0.0,0.536,23.020000000000003,182.3,2.48,7616.2,-103.4,-1.3399999999999999,1.0,2025-06-08T20:03:12.359148800Z
19845.833333333332,100.0,49.833333333333336,1010.4666666666667,0.0,0.4466666666666667,22.833333333333332,177.0,3.25,6481.833333333333,-104.83333333333333,-2.466666666666667,1.0,2025-06-08T20:12:27.798566656Z
19847.833333333332,100.0,50.916666666666664,1010.6166666666668,0.0,0.4466666666666667,22.599999999999998,179.55000000000004,2.1166666666666667,6483.833333333333,-106.0,-3.6666666666666665,1.0,2025-06-08T20:23:08.153769728Z
19953.2,100.0,51.3,1010.74,0.0,0.536,22.3,186.11999999999998,2.1,7622.0,-104.8,-0.9199999999999999,1.0,2025-06-08T20:33:12.328926464Z
19851.5,100.0,52.333333333333336,1010.9,0.0,0.4466666666666667,22.066666666666666,177.08333333333334,1.933333333333333,6487.5,-105.16666666666667,-3.0500000000000003,1.0,2025-06-08T20:42:28.130797312Z
19853.5,100.0,53.0,1010.9833333333335,0.0,0.4466666666666667,21.849999999999998,191.28333333333333,1.6500000000000001,6489.5,-105.16666666666667,-1.4666666666666661,1.0,2025-06-08T20:53:07.763843328Z
19959.0,100.0,53.6,1011.0800000000002,0.0,0.536,21.639999999999997,201.73999999999998,1.6599999999999997,7627.8,-106.0,-2.0200000000000005,1.0,2025-06-08T21:03:12.357922816Z
19960.8,100.0,54.8,1011.2,0.0,0.536,21.340000000000003,204.26,1.5399999999999998,7629.8,-102.4,1.1599999999999997,1.0,2025-06-08T21:13:36.285306112Z
19858.833333333332,100.0,57.5,1011.3166666666667,0.0,0.4466666666666667,20.733333333333334,188.53333333333333,1.0666666666666667,6495.166666666667,-107.16666666666667,-2.8666666666666667,1.0,2025-06-08T21:23:07.731351552Z
19964.6,100.0,58.3,1011.3399999999999,0.0,0.536,20.52,191.38,1.1199999999999999,7633.6,-104.8,-0.6,1.0,2025-06-08T21:33:12.702492160Z
19862.5,100.0,58.583333333333336,1011.5,0.0,0.4466666666666667,20.349999999999998,181.88333333333333,0.9666666666666665,6498.833333333333,-105.0,-2.9499999999999997,1.0,2025-06-08T21:42:27.706209536Z
19864.5,100.0,71.58333333333333,1935.1666666666667,42.5,109.65500000000002,16.666666666666668,155.1833333333333,1093.0166666666667,6500.833333333333,-106.0,-1.8999999999999997,1.0,2025-06-08T21:53:08.390800640Z
19970.4,100.0,74.9,2120.0199999999995,51.0,131.358,15.780000000000001,166.88,1311.34,7639.4,-105.0,-0.54,1.0,2025-06-08T22:03:13.108018688Z
19868.166666666668,100.0,61.916666666666664,1011.7166666666667,0.0,0.4466666666666667,19.666666666666668,154.03333333333333,0.6666666666666666,6504.5,-105.33333333333333,-2.783333333333333,1.0,2025-06-08T22:12:27.677593856Z
19870.166666666668,100.0,63.833333333333336,1011.8166666666667,0.0,0.4466666666666667,19.2,134.2,0.5166666666666667,6506.5,-106.33333333333333,-3.3666666666666667,1.0,2025-06-08T22:23:08.029520128Z
19976.2,99.6,63.3,1011.78,0.0,0.536,18.999999999999996,193.42000000000002,0.44000000000000006,7645.2,-103.8,-2.5200000000000005,1.0,2025-06-08T22:33:12.212747776Z
19848.8,99.8,63.1,1012.04,0.0,0.28800000000000003,18.779999999999998,186.45999999999998,0.38000000000000006,5941.8,-104.4,-1.2,1.0,2025-06-08T22:42:42.048330240Z
19875.5,99.33333333333333,63.166666666666664,1011.9333333333334,0.0,0.4466666666666667,18.933333333333334,236.6,0.65,6512.166666666667,-104.5,-3.716666666666667,1.0,2025-06-08T22:53:08.007409920Z
19981.6,98.8,66.4,1011.9199999999998,0.0,0.536,18.560000000000002,230.84,0.78,7651.0,-103.4,-2.92,1.0,2025-06-08T23:03:12.182946560Z
19879.166666666668,98.33333333333333,68.75,1011.9833333333335,0.0,0.4466666666666667,18.016666666666666,229.78333333333333,0.7833333333333333,6515.833333333333,-104.83333333333333,-2.8333333333333335,1.0,2025-06-08T23:12:27.657656320Z
19881.166666666668,98.33333333333333,69.0,1011.9499999999999,0.0,0.4466666666666667,17.96666666666667,210.7833333333333,0.5499999999999999,6517.833333333333,-106.0,-1.3499999999999996,1.0,2025-06-08T23:23:07.609101568Z
19987.4,98.0,70.4,1011.8399999999999,0.0,0.538,17.860000000000003,197.66000000000003,0.52,7656.8,-103.0,-0.4000000000000002,1.0,2025-06-08T23:33:12.152468480Z
19989.2,98.0,68.4,1011.8799999999999,0.0,0.5399999999999999,17.68,213.73999999999995,0.4,7658.8,-104.6,-1.2399999999999998,1.0,2025-06-08T23:43:36.140296960Z
19886.5,98.0,70.33333333333333,1011.9000000000001,0.0,0.44999999999999996,17.583333333333332,231.43333333333337,0.5166666666666667,6523.5,-103.33333333333333,-2.8666666666666667,1.0,2025-06-08T23:53:07.578946560Z
19993.0,97.6,70.6,1011.8800000000001,0.0,0.5399999999999999,17.32,217.28000000000003,0.5,7662.6,-102.2,-1.3000000000000003,1.0,2025-06-09T00:03:12.128710144Z
19890.166666666668,97.33333333333333,68.75,1011.9666666666667,0.0,0.44999999999999996,17.450000000000003,205.28333333333333,0.3666666666666667,6527.166666666667,-103.0,-3.1999999999999997,1.0,2025-06-09T00:12:27.961073664Z
19892.166666666668,97.33333333333333,68.5,1012.0833333333331,0.0,0.44999999999999996,17.433333333333334,251.25000000000003,0.5499999999999999,6529.166666666667,-104.16666666666667,-2.0,1.0,2025-06-09T00:23:07.553042432Z
19998.8,96.6,70.9,1012.14,0.0,0.5399999999999999,17.34,217.45999999999998,0.33999999999999997,7668.4,-101.8,0.5200000000000001,1.0,2025-06-09T00:33:12.097905152Z
19895.833333333332,96.66666666666667,72.41666666666667,1012.2833333333334,0.0,0.455,16.816666666666666,184.66666666666666,0.43333333333333335,6532.833333333333,-104.33333333333333,-1.45,1.0,2025-06-09T00:42:27.531889920Z
19897.833333333332,96.66666666666667,71.91666666666667,1012.2833333333334,0.0,0.4566666666666666,16.666666666666668,163.73333333333332,0.3333333333333333,6534.833333333333,-105.5,-2.4333333333333336,1.0,2025-06-09T00:53:07.520353024Z
20004.6,96.6,73.2,1012.3,0.0,0.5479999999999999,16.779999999999998,133.74,0.66,7674.2,-105.6,-1.52,1.0,2025-06-09T01:03:12.065720064Z
19901.5,95.33333333333333,69.5,1012.4333333333334,0.0,0.4566666666666666,16.983333333333334,142.6,0.6833333333333335,6538.5,-104.83333333333333,-3.8333333333333335,1.0,2025-06-09T01:12:27.511272704Z
20008.4,95.4,70.0,1012.4399999999999,0.0,0.5479999999999999,17.119999999999997,107.2,0.31999999999999995,7678.0,-104.2,0.96,1.0,2025-06-09T01:22:48.094635520Z
20010.2,95.0,69.6,1012.4399999999999,0.0,0.5479999999999999,17.02,168.1,0.3,7680.0,-102.6,-3.7600000000000002,1.0,2025-06-09T01:33:12.041938688Z
19906.833333333332,95.0,71.33333333333333,1012.5500000000001,0.0,0.4566666666666666,16.900000000000002,158.08333333333334,0.5,6544.166666666667,-106.33333333333333,-3.4166666666666665,1.0,2025-06-09T01:42:27.474305024Z
19908.833333333332,95.0,70.75,1012.5499999999998,0.0,0.4566666666666666,16.766666666666666,211.5666666666667,0.7000000000000002,6546.166666666667,-105.33333333333333,-1.4500000000000004,1.0,2025-06-09T01:53:07.460411392Z
20016.0,95.0,72.2,1012.5799999999999,0.0,0.5479999999999999,16.78,229.35999999999999,0.5599999999999999,7685.8,-104.4,0.2800000000000001,1.0,2025-06-09T02:03:12.005217792Z
19832.4,94.6,72.4,1012.5799999999999,0.0,0.522,16.720000000000002,229.18,0.6799999999999999,5981.0,-107.8,-2.28,1.0,2025-06-09T02:12:40.486994944Z
19914.166666666668,94.33333333333333,74.33333333333333,1012.7166666666666,0.0,0.4566666666666666,16.4,259.9666666666667,0.4166666666666666,6551.833333333333,-107.16666666666667,-2.6666666666666665,1.0,2025-06-09T02:23:07.832537088Z
20021.4,94.0,75.2,1012.76,0.0,0.5479999999999999,16.32,183.48,0.5,7691.6,-103.2,0.8,1.0,2025-06-09T02:33:11.981462016Z
19917.833333333332,94.0,76.08333333333333,1012.8666666666668,0.0,0.4566666666666666,16.366666666666667,250.75,0.5333333333333333,6555.5,-105.83333333333333,-1.7833333333333332,1.0,2025-06-09T02:42:27.416769792Z
19919.833333333332,94.0,75.5,1013.0166666666668,0.0,0.4566666666666666,16.216666666666665,145.56666666666666,0.5333333333333333,6557.5,-104.66666666666667,-2.9166666666666665,1.0,2025-06-09T02:53:07.403529984Z
20027.2,94.0,75.6,1013.0199999999999,0.0,0.5479999999999999,16.3,235.6,0.6599999999999999,7697.4,-103.6,-2.7199999999999998,1.0,2025-06-09T03:03:11.965550592Z
19923.5,93.83333333333333,76.33333333333333,1013.1999999999999,0.0,0.4566666666666666,16.3,214.88333333333333,0.7999999999999999,6561.166666666667,-106.66666666666667,-2.0833333333333335,1.0,2025-06-09T03:12:27.390430464Z
19925.5,93.33333333333333,79.08333333333333,1013.2666666666668,0.0,0.4566666666666666,16.1,267.93333333333334,0.9333333333333335,6563.166666666667,-104.83333333333333,-2.533333333333333,1.0,2025-06-09T03:23:07.386261248Z
20033.0,93.0,81.7,1013.3799999999999,0.0,0.55,15.819999999999999,307.1,0.62,7703.2,-104.8,-1.2200000000000002,1.0,2025-06-09T03:33:11.981171712Z
19929.166666666668,92.66666666666667,80.66666666666667,1013.4666666666667,0.0,0.4633333333333333,16.150000000000002,294.73333333333335,0.9,6566.833333333333,-106.16666666666667,-1.7833333333333332,1.0,2025-06-09T03:42:27.355367680Z
19931.166666666668,92.66666666666667,78.16666666666667,1013.6333333333332,0.0,0.4633333333333333,16.566666666666666,233.4,0.85,6568.833333333333,-105.66666666666667,-1.0333333333333332,1.0,2025-06-09T03:53:07.363169536Z
20038.8,92.6,77.8,1013.6,0.0,0.5519999999999999,16.64,193.76000000000002,0.6399999999999999,7709.0,-103.6,-0.23999999999999969,1.0,2025-06-09T04:03:11.889113856Z
19934.833333333332,92.5,77.83333333333333,1013.7166666666667,0.0,0.4633333333333333,16.766666666666666,248.58333333333334,0.7666666666666666,6572.5,-106.16666666666667,-3.8833333333333333,1.0,2025-06-09T04:12:27.332468992Z
19911.0,92.0,77.7,1013.96,0.0,0.308,16.98,242.88000000000002,0.96,6005.2,-107.4,-2.5200000000000005,1.0,2025-06-09T04:22:29.763148288Z
20044.2,92.0,77.9,1013.8799999999999,0.0,0.5519999999999999,17.24,258.58000000000004,1.08,7714.8,-104.8,0.47999999999999987,1.0,2025-06-09T04:33:12.344039424Z
19940.166666666668,92.0,77.08333333333333,1014.0999999999999,0.0,0.4666666666666666,17.683333333333334,257.59999999999997,0.9500000000000001,6578.166666666667,-105.83333333333333,-2.8000000000000003,1.0,2025-06-09T04:42:27.312644864Z
19942.166666666668,92.0,75.16666666666667,1014.1166666666667,0.0,0.46833333333333327,18.25,239.58333333333334,0.9833333333333334,6580.166666666667,-105.16666666666667,-3.466666666666667,1.0,2025-06-09T04:53:07.294661888Z
20050.0,92.0,74.2,1014.1199999999999,0.0,0.5559999999999999,18.86,217.32,0.7,7720.6,-104.2,-2.3600000000000003,1.0,2025-06-09T05:03:11.848003840Z
19945.833333333332,92.0,71.16666666666667,1014.3333333333334,0.0,0.47,19.599999999999998,237.44999999999996,0.5166666666666666,6583.833333333333,-104.83333333333333,-1.1666666666666667,1.0,2025-06-09T05:12:27.287866368Z
19947.833333333332,92.66666666666667,68.91666666666667,1014.4166666666666,0.0,0.47,20.25,258.9166666666667,1.0999999999999999,6585.833333333333,-105.83333333333333,-1.45,1.0,2025-06-09T05:23:07.627831040Z
20055.8,93.0,67.3,1014.46,0.0,0.5559999999999999,20.860000000000003,251.68,0.96,7726.4,-104.2,-1.54,1.0,2025-06-09T05:33:11.825920768Z
19951.5,93.33333333333333,64.5,1014.5833333333334,0.0,0.47,21.45,232.83333333333334,1.2000000000000002,6589.5,-104.66666666666667,-2.8333333333333335,1.0,2025-06-09T05:42:27.297227776Z
19953.5,93.33333333333333,63.166666666666664,1014.6833333333333,0.0,0.47,21.816666666666666,234.4333333333333,1.5999999999999999,6591.5,-105.33333333333333,-1.2,1.0,2025-06-09T05:53:07.243926272Z
20061.6,93.2,62.3,1014.74,0.0,0.5559999999999999,22.139999999999997,253.8,1.6800000000000002,7732.2,-103.6,-1.3600000000000003,1.0,2025-06-09T06:03:11.789996032Z
19957.166666666668,93.33333333333333,61.833333333333336,1014.8666666666664,0.0,0.47,22.466666666666665,243.6166666666667,2.1833333333333336,6595.166666666667,-106.16666666666667,-2.1500000000000004,1.0,2025-06-09T06:12:27.586781440Z
19959.166666666668,94.66666666666667,62.75,1015.0333333333333,0.0,0.47,22.833333333333332,241.7833333333333,2.1333333333333333,6597.166666666667,-106.33333333333333,-2.8166666666666664,1.0,2025-06-09T06:23:07.228536064Z
20067.4,96.8,64.1,1015.1599999999999,0.0,0.5559999999999999,23.18,281.5,1.94,7738.0,-103.6,-0.7,1.0,2025-06-09T06:33:11.770708480Z
19962.833333333332,98.0,63.333333333333336,1015.3166666666666,0.0,0.47,23.450000000000003,256.31666666666666,2.1,6600.833333333333,-106.16666666666667,-2.0666666666666664,1.0,2025-06-09T06:42:27.237107968Z
19964.833333333332,98.0,63.0,1015.3833333333332,0.0,0.47,23.733333333333334,249.71666666666667,2.783333333333333,6602.833333333333,-106.83333333333333,-4.616666666666666,1.0,2025-06-09T06:53:07.180061952Z
20073.2,97.6,65.2,1015.46,0.0,0.5559999999999999,23.8,291.28,2.1399999999999997,7743.8,-106.6,-2.2800000000000002,1.0,2025-06-09T07:03:11.734985216Z
20075.0,97.6,65.2,1015.4799999999999,0.0,0.572,24.04,270.44,2.3,7745.6,-103.2,-2.46,1.0,2025-06-09T07:12:23.731494912Z
19970.166666666668,98.5,65.25,1015.6333333333333,0.0,0.48333333333333334,24.283333333333335,262.73333333333335,2.4499999999999997,6608.5,-106.66666666666667,-2.25,1.0,2025-06-09T07:23:07.174845440Z
20078.8,98.8,65.1,1015.6800000000001,0.0,0.5760000000000001,24.5,290.5,2.12,7749.6,-104.4,-0.5799999999999998,1.0,2025-06-09T07:33:11.712268800Z
20080.6,100.0,65.5,1015.7,0.0,0.5760000000000001,24.74,274.0,1.7399999999999998,7751.4,-103.2,-2.2600000000000002,1.0,2025-06-09T07:42:23.700934656Z
19975.5,100.0,63.5,1015.8666666666667,0.0,0.48666666666666675,25.183333333333334,253.95000000000002,1.7666666666666668,6614.166666666667,-107.16666666666667,-2.966666666666667,1.0,2025-06-09T07:53:07.166558208Z
20084.4,100.0,63.1,1015.86,0.0,0.5760000000000001,25.46,243.97999999999996,1.58,7755.4,-104.4,-0.6599999999999999,1.0,2025-06-09T08:03:11.680560128Z
19979.166666666668,100.0,62.166666666666664,1015.9166666666666,0.0,0.48666666666666675,25.816666666666666,301.48333333333335,1.4166666666666667,6617.833333333333,-105.33333333333333,-1.2333333333333336,1.0,2025-06-09T08:12:27.110464768Z
19981.166666666668,100.0,62.166666666666664,1016.0166666666668,0.0,0.48666666666666675,26.349999999999998,314.8833333333333,0.9166666666666669,6619.833333333333,-104.83333333333333,-4.033333333333333,1.0,2025-06-09T08:23:07.655113728Z
20090.2,100.0,61.7,1016.0799999999999,0.0,0.5780000000000001,26.360000000000003,303.32,1.7399999999999998,7761.2,-104.0,0.64,1.0,2025-06-09T08:33:11.653263872Z
19984.833333333332,100.0,61.416666666666664,1016.2333333333332,0.0,0.49000000000000005,26.533333333333335,322.50000000000006,1.05,6623.5,-105.16666666666667,-2.3000000000000003,1.0,2025-06-09T08:42:27.095799040Z
19986.833333333332,100.0,59.916666666666664,1016.2833333333333,0.0,0.49000000000000005,26.966666666666665,216.23333333333332,1.1833333333333333,6625.5,-106.16666666666667,-2.75,1.0,2025-06-09T08:53:07.117686528Z
20096.0,100.0,59.9,1016.3199999999999,0.0,0.5780000000000001,27.2,209.98000000000002,1.2600000000000002,7767.0,-104.2,-1.26,1.0,2025-06-09T09:03:11.634212352Z
19990.5,100.0,59.833333333333336,1016.4499999999999,0.0,0.49000000000000005,27.066666666666663,198.93333333333337,1.4333333333333333,6629.166666666667,-107.0,-2.0666666666666664,1.0,2025-06-09T09:12:27.070212864Z
19992.5,100.0,58.0,1016.5500000000001,0.0,0.49333333333333335,27.349999999999998,146.16666666666666,1.5833333333333333,6631.166666666667,-106.83333333333333,-2.9166666666666665,1.0,2025-06-09T09:23:07.060079616Z
20101.8,100.0,56.1,1016.5600000000001,0.0,0.5800000000000001,27.82,168.72,2.0,7772.8,-103.2,-2.6399999999999997,1.0,2025-06-09T09:33:12.043731200Z
19996.166666666668,100.0,55.25,1016.6333333333333,0.0,0.49333333333333335,28.166666666666668,153.38333333333333,1.95,6634.833333333333,-105.33333333333333,-3.7166666666666663,1.0,2025-06-09T09:42:27.063465984Z
19998.166666666668,100.0,54.833333333333336,1016.6833333333333,0.0,0.49333333333333335,27.816666666666666,46.63333333333333,2.65,6636.833333333333,-104.66666666666667,-1.9000000000000004,1.0,2025-06-09T09:53:07.036740864Z
20107.6,100.0,55.7,1016.6600000000001,0.0,0.5800000000000001,27.74,174.0,3.18,7778.6,-105.2,-1.4799999999999998,1.0,2025-06-09T10:03:11.662666240Z
20001.833333333332,100.0,55.416666666666664,1016.6833333333333,0.0,0.49333333333333335,27.833333333333332,116.36666666666666,3.266666666666667,6640.5,-105.0,-4.183333333333334,1.0,2025-06-09T10:12:27.048168704Z
20003.833333333332,100.0,56.0,1016.7166666666667,0.0,0.49333333333333335,28.033333333333335,154.70000000000002,3.9500000000000006,6642.5,-107.66666666666667,-5.866666666666666,1.0,2025-06-09T10:23:07.014117376Z
20113.4,100.0,55.6,1016.72,0.0,0.508,27.939999999999998,133.50000000000003,3.66,7784.4,-104.8,-0.6799999999999997,1.0,2025-06-09T10:33:11.578572288Z
20007.5,100.0,56.083333333333336,1016.8833333333332,0.0,0.4333333333333333,27.549999999999997,97.75,3.65,6646.166666666667,-104.33333333333333,-7.55,1.0,2025-06-09T10:42:27.030464768Z
20009.5,100.0,55.5,1016.9499999999999,0.0,0.02,27.7,135.58333333333334,3.5833333333333326,6648.166666666667,-106.16666666666667,-3.6833333333333336,1.0,2025-06-09T10:53:07.004236800Z
20119.2,100.0,54.9,1016.9599999999998,0.0,0.012,27.7,143.54,2.84,7790.2,-105.2,-3.3600000000000003,1.0,2025-06-09T11:03:11.591843328Z
20013.166666666668,100.0,53.666666666666664,1017.0166666666665,0.0,0.02,27.450000000000003,117.76666666666667,4.183333333333334,6651.833333333333,-106.66666666666667,-2.5500000000000003,1.0,2025-06-09T11:12:27.696066816Z
20015.166666666668,100.0,52.583333333333336,1017.0333333333333,0.0,0.02,27.750000000000004,147.4333333333333,4.116666666666667,6653.833333333333,-105.5,-2.8166666666666664,1.0,2025-06-09T11:23:06.971429632Z
20125.0,100.0,50.9,1017.0600000000001,0.0,0.012,27.840000000000003,109.96,4.14,7796.0,-103.8,-2.2600000000000002,1.0,2025-06-09T11:33:11.524415488Z
20018.833333333332,100.0,49.25,1017.1833333333333,0.0,0.02,27.950000000000003,212.96666666666667,3.933333333333333,6657.5,-105.83333333333333,-5.800000000000001,1.0,2025-06-09T11:42:26.964177920Z
20128.8,100.0,50.0,1017.1600000000001,0.0,0.012,27.880000000000003,209.45999999999998,2.8600000000000003,7800.0,-104.8,-0.6800000000000004,1.0,2025-06-09T11:53:59.505122304Z
20130.6,100.0,49.3,1017.1600000000001,0.0,0.012,27.919999999999998,76.4,2.96,7801.8,-104.2,-0.6799999999999999,1.0,2025-06-09T12:03:11.509401856Z
20024.166666666668,100.0,48.75,1017.1999999999999,0.0,0.02,27.950000000000003,111.08333333333333,3.85,6663.166666666667,-106.16666666666667,-2.8333333333333335,1.0,2025-06-09T12:12:26.972204288Z
20026.166666666668,100.0,48.666666666666664,1017.2333333333332,0.0,0.02,27.71666666666667,153.40000000000003,4.083333333333333,6665.166666666667,-107.5,-4.2,1.0,2025-06-09T12:23:06.933306368Z
20136.4,100.0,48.9,1017.14,0.0,0.012,28.24,243.87999999999997,4.16,7807.6,-104.0,-1.1999999999999997,1.0,2025-06-09T12:33:11.479605760Z
20029.833333333332,100.0,48.166666666666664,1017.1666666666666,0.0,0.02,28.0,105.69999999999999,3.8666666666666667,6668.833333333333,-107.0,-2.9499999999999997,1.0,2025-06-09T12:42:26.932815104Z
20031.833333333332,100.0,48.0,1017.1666666666666,0.0,0.02,28.150000000000002,82.75,3.7166666666666663,6670.833333333333,-105.83333333333333,-2.633333333333333,1.0,2025-06-09T12:53:06.913809664Z
20142.2,100.0,48.7,1017.1,0.0,0.012,28.0,106.66,3.2599999999999993,7813.4,-104.4,-0.6799999999999999,1.0,2025-06-09T13:03:11.469131008Z
20035.5,100.0,47.333333333333336,1017.15,0.0,0.02,28.0,91.76666666666667,3.5500000000000007,6674.5,-105.16666666666667,-1.6166666666666665,1.0,2025-06-09T13:12:26.932917248Z
20037.5,100.0,46.166666666666664,1017.2166666666667,0.0,0.02,28.133333333333336,211.33333333333334,3.5833333333333335,6676.5,-106.0,-1.2833333333333332,1.0,2025-06-09T13:23:06.897669376Z
20148.0,100.0,45.4,1017.1800000000001,0.0,0.012,28.339999999999996,108.94000000000001,4.12,7819.2,-105.8,-1.86,1.0,2025-06-09T13:33:11.447519744Z
20041.166666666668,100.0,45.5,1017.2166666666667,0.0,0.02,28.183333333333334,98.71666666666665,3.5666666666666664,6680.166666666667,-107.33333333333333,-4.883333333333334,1.0,2025-06-09T13:42:26.880325376Z
20043.166666666668,100.0,45.666666666666664,1017.2666666666668,0.0,0.02,28.36666666666667,140.3,3.916666666666666,6682.166666666667,-105.66666666666667,-2.216666666666667,1.0,2025-06-09T13:53:06.878312448Z
20153.8,100.0,45.8,1017.2,0.0,0.012,28.339999999999996,102.48000000000002,3.1,7825.0,-105.4,-2.3,1.0,2025-06-09T14:03:11.421230592Z
20046.833333333332,100.0,45.0,1017.1666666666669,0.0,0.02,28.400000000000002,100.93333333333332,3.483333333333333,6685.833333333333,-105.66666666666667,-1.5333333333333332,1.0,2025-06-09T14:12:26.844378880Z
20048.833333333332,100.0,45.083333333333336,1017.1500000000001,0.0,0.02,28.366666666666664,111.85000000000001,3.783333333333333,6687.833333333333,-107.0,-4.683333333333333,1.0,2025-06-09T14:23:06.889644800Z
20159.6,100.0,44.7,1017.1200000000001,0.0,0.012,28.619999999999997,169.1,2.38,7830.8,-104.2,-0.9999999999999998,1.0,2025-06-09T14:33:11.407122944Z
20052.5,100.0,45.333333333333336,1017.1666666666666,0.0,0.02,28.299999999999997,99.68333333333334,3.25,6691.5,-105.66666666666667,-2.783333333333333,1.0,2025-06-09T14:42:26.816771328Z
20054.5,100.0,45.416666666666664,1017.1999999999999,0.0,0.02,28.03333333333333,97.76666666666667,3.733333333333333,6693.5,-106.5,-1.8333333333333333,1.0,2025-06-09T14:53:07.190802688Z
20165.4,100.0,44.6,1017.1800000000001,0.0,0.012,28.139999999999997,109.0,3.3,7836.6,-105.8,-2.06,1.0,2025-06-09T15:03:11.380613120Z
20058.166666666668,100.0,44.5,1017.2166666666667,0.0,0.02,27.950000000000003,118.53333333333332,2.8666666666666667,6697.166666666667,-105.0,-2.3833333333333333,1.0,2025-06-09T15:12:26.809501952Z
20060.166666666668,100.0,58.416666666666664,1939.916666666667,42.5,109.245,23.0,81.76666666666665,1095.7,6699.166666666667,-107.0,-4.766666666666667,1.0,2025-06-09T15:23:07.163142144Z
20171.2,100.0,44.7,1017.04,0.0,0.012,27.839999999999996,140.3,2.56,7842.4,-104.8,0.039999999999999855,1.0,2025-06-09T15:33:11.360440320Z
20063.833333333332,100.0,44.75,1017.0166666666668,0.0,0.02,27.566666666666663,96.81666666666666,3.483333333333334,6702.833333333333,-107.83333333333333,-3.5,1.0,2025-06-09T15:42:26.787034880Z
20065.833333333332,100.0,45.083333333333336,1017.0333333333334,0.0,0.02,27.45,115.01666666666665,3.4499999999999993,6704.833333333333,-106.0,-0.7166666666666667,1.0,2025-06-09T15:53:07.140212992Z
20177.0,100.0,44.7,1016.96,0.0,0.012,27.46,138.36,2.44,7848.2,-107.2,-1.56,1.0,2025-06-09T16:03:11.338113536Z
20069.5,100.0,45.25,1017.0000000000001,0.0,0.02,27.166666666666668,100.13333333333333,3.6999999999999997,6708.5,-106.5,-2.3833333333333333,1.0,2025-06-09T16:12:26.748185344Z
20071.5,100.0,45.666666666666664,1017.0,0.0,0.02,27.083333333333332,141.03333333333333,2.983333333333333,6710.5,-106.66666666666667,-3.9666666666666663,1.0,2025-06-09T16:23:06.736979200Z
20182.8,100.0,45.3,1016.9400000000002,0.0,0.012,26.96,128.07999999999998,3.2600000000000002,7854.0,-104.0,0.5799999999999998,1.0,2025-06-09T16:33:11.379230720Z
20075.166666666668,100.0,46.666666666666664,1017.0166666666668,0.0,0.02,26.650000000000002,116.75,3.1166666666666667,6714.166666666667,-106.0,-0.7499999999999999,1.0,2025-06-09T16:42:26.735633152Z
20077.166666666668,100.0,46.583333333333336,1017.0666666666666,0.0,0.02,26.433333333333334,129.05,3.033333333333333,6716.166666666667,-105.83333333333333,-2.25,1.0,2025-06-09T16:53:06.731264256Z
20188.6,100.0,46.7,1017.0600000000001,0.0,0.012,26.4,187.98000000000002,3.08,7859.8,-105.0,-1.72,1.0,2025-06-09T17:03:11.276235520Z
20080.833333333332,100.0,47.25,1017.1666666666666,0.0,0.02,26.183333333333337,74.98333333333333,2.966666666666667,6719.833333333333,-108.5,-7.033333333333334,1.0,2025-06-09T17:12:27.075646720Z
20082.833333333332,100.0,48.666666666666664,1017.15,0.0,0.02,25.933333333333337,79.5,2.0833333333333335,6721.833333333333,-106.66666666666667,-0.75,1.0,2025-06-09T17:23:06.687976704Z
20194.4,100.0,49.2,1017.1200000000001,0.0,0.012,25.619999999999997,124.04,2.3200000000000003,7865.6,-103.8,-0.2999999999999998,1.0,2025-06-09T17:33:11.317214976Z
20086.5,100.0,51.333333333333336,1017.2666666666668,0.0,0.021666666666666667,25.233333333333334,118.51666666666667,1.95,6725.5,-106.0,-3.25,1.0,2025-06-09T17:42:26.680534016Z
20088.5,100.0,52.583333333333336,1017.3000000000001,0.0,0.04,24.849999999999998,124.33333333333333,1.7666666666666668,6727.5,-105.5,-1.6333333333333335,1.0,2025-06-09T17:53:06.675742720Z
20200.2,100.0,54.2,1017.3,0.0,0.024,24.44,49.260000000000005,1.9,7871.4,-105.0,-1.02,1.0,2025-06-09T18:03:11.256011520Z
20092.166666666668,100.0,56.25,1017.3833333333333,0.0,0.04,23.96666666666667,152.70000000000002,1.9333333333333336,6731.166666666667,-106.0,-1.9666666666666668,1.0,2025-06-09T18:12:26.656378880Z
20094.166666666668,100.0,58.583333333333336,1017.4166666666666,0.0,0.04,23.500000000000004,114.93333333333332,1.5999999999999999,6733.166666666667,-106.33333333333333,-1.3333333333333333,1.0,2025-06-09T18:23:06.643102464Z
20206.0,100.0,60.3,1017.32,0.0,0.026000000000000002,22.92,130.02,1.14,7877.2,-106.4,-1.3200000000000003,1.0,2025-06-09T18:33:11.212890624Z
20097.833333333332,100.0,61.583333333333336,1017.4499999999999,0.0,0.045000000000000005,22.46666666666667,113.44999999999999,1.1666666666666667,6736.833333333333,-105.0,-3.266666666666666,1.0,2025-06-09T18:42:26.703588352Z
20099.833333333332,100.0,64.25,1017.5999999999999,0.0,0.024999999999999998,21.783333333333335,99.94999999999999,0.9666666666666668,6738.833333333333,-104.66666666666667,-2.0500000000000003,1.0,2025-06-09T18:53:06.983321856Z
20211.8,100.0,66.5,1017.6200000000001,0.0,0.0,21.240000000000002,101.94,0.9,7883.0,-106.0,-1.16,1.0,2025-06-09T19:03:11.179478528Z
20103.5,100.0,68.08333333333333,1017.7999999999998,0.0,0.006666666666666667,20.849999999999998,122.66666666666667,0.8833333333333332,6742.5,-106.66666666666667,-1.9166666666666667,1.0,2025-06-09T19:12:26.589403136Z
20215.6,100.0,69.7,1017.8399999999999,0.0,0.004,20.440000000000005,143.38,0.8400000000000001,7887.0,-103.6,-1.6200000000000003,1.0,2025-06-09T19:23:59.147620352Z
20217.4,100.0,71.0,1017.9399999999999,0.0,0.004,20.22,151.23999999999998,0.8800000000000001,7888.8,-104.8,-0.15999999999999998,1.0,2025-06-09T19:33:11.569280000Z
20108.833333333332,100.0,71.83333333333333,1018.0333333333333,0.0,0.01,19.966666666666665,102.76666666666667,0.9999999999999999,6748.166666666667,-107.0,-3.0833333333333335,1.0,2025-06-09T19:42:26.591916288Z
20110.833333333332,100.0,72.41666666666667,1018.1166666666667,0.0,0.01,19.75,190.16666666666666,1.0999999999999999,6750.166666666667,-107.0,-2.1333333333333333,1.0,2025-06-09T19:53:06.550575360Z
20223.2,100.0,73.4,1018.1200000000001,0.0,0.006,19.58,178.40000000000003,0.8800000000000001,7894.6,-104.4,0.36,1.0,2025-06-09T20:03:11.124608256Z
20114.5,100.0,73.58333333333333,1018.1833333333333,0.0,0.01,19.5,200.56666666666663,1.0333333333333334,6753.833333333333,-105.33333333333333,-1.9166666666666667,1.0,2025-06-09T20:12:26.530827008Z
19978.0,100.0,86.5,2402.25,63.75,163.8525,14.7,173.1,1639.3,5327.5,-107.75,-6.5,1.0,2025-06-09T20:22:46.838343168Z
20228.2,100.0,76.1,1018.22,0.0,0.006,19.080000000000002,159.48,0.8,7900.4,-106.0,-0.7000000000000002,1.0,2025-06-09T20:33:11.077716736Z
20119.5,100.0,76.16666666666667,1018.3000000000001,0.0,0.01,19.0,238.36666666666667,0.8166666666666668,6759.5,-105.0,-2.766666666666667,1.0,2025-06-09T20:42:26.497394944Z
20121.5,100.0,76.16666666666667,1018.35,0.0,0.01,19.116666666666667,168.4,0.7000000000000001,6761.5,-106.66666666666667,-2.4499999999999997,1.0,2025-06-09T20:53:06.535110912Z
20234.0,100.0,76.8,1018.2800000000001,0.0,0.006,19.1,164.34,0.6799999999999999,7906.2,-105.2,-0.7799999999999999,1.0,2025-06-09T21:03:11.069691904Z
20125.166666666668,100.0,78.08333333333333,1018.3500000000003,0.0,0.01,18.7,214.7833333333333,0.6666666666666666,6765.166666666667,-105.16666666666667,-1.0166666666666668,1.0,2025-06-09T21:12:26.474684160Z
20127.166666666668,100.0,79.25,1018.3833333333333,0.0,0.01,18.53333333333333,165.43333333333334,0.8333333333333334,6767.166666666667,-105.0,-2.4,1.0,2025-06-09T21:23:06.458547456Z
20239.8,100.0,79.9,1018.3400000000001,0.0,0.006,18.559999999999995,109.7,0.8800000000000001,7912.0,-105.2,-1.5599999999999998,1.0,2025-06-09T21:33:11.035624704Z
20241.6,100.0,80.7,1018.32,0.0,0.006,18.339999999999996,163.48000000000002,0.6,7914.0,-107.0,-2.44,1.0,2025-06-09T21:43:35.024763392Z
20132.5,100.0,82.08333333333333,1018.35,0.0,0.01,18.066666666666666,127.45,0.5333333333333333,6772.833333333333,-106.16666666666667,-2.033333333333333,1.0,2025-06-09T21:53:06.476759040Z
20237.75,100.0,83.5,1018.5,0.0,0.0075,17.7,135.45000000000002,0.6,7489.25,-105.75,0.050000000000000266,1.0,2025-06-09T22:03:40.260018432Z
20135.833333333332,99.83333333333333,85.66666666666667,1018.5,0.0,0.01,17.35,267.95,0.5333333333333333,6776.5,-106.0,-0.8333333333333334,1.0,2025-06-09T22:12:26.421566208Z
20137.833333333332,99.66666666666667,86.91666666666667,1018.5,0.0,0.01,17.200000000000003,264.3,0.5833333333333334,6778.5,-106.66666666666667,-1.6833333333333336,1.0,2025-06-09T22:23:06.405962752Z
20250.8,99.8,87.6,1018.5,0.0,0.006,16.84,218.5,0.5599999999999999,7923.6,-105.8,-0.7,1.0,2025-06-09T22:33:10.969599232Z
20141.5,99.66666666666667,88.66666666666667,1018.5500000000001,0.0,0.01,16.833333333333332,222.21666666666667,0.6166666666666666,6782.166666666667,-106.66666666666667,-2.0,1.0,2025-06-09T22:42:26.386150400Z
20143.5,99.66666666666667,89.16666666666667,1018.5333333333333,0.0,0.01,16.816666666666666,235.36666666666667,0.6,6784.166666666667,-105.83333333333333,-2.1333333333333333,1.0,2025-06-09T22:53:06.366221056Z
20256.6,99.4,97.2,2125.5799999999995,51.0,131.076,13.2,187.45999999999998,1311.08,7929.4,-104.0,-2.2,1.0,2025-06-09T23:03:11.363454464Z
20250.75,98.0,90.25,1018.6250000000001,0.0,0.0075,16.2,245.725,0.525,7502.75,-102.5,-0.44999999999999996,1.0,2025-06-09T23:14:10.202172928Z
20148.5,98.0,89.08333333333333,1018.5666666666666,0.0,0.01,16.166666666666668,218.18333333333337,0.3833333333333333,6789.833333333333,-106.83333333333333,-2.0500000000000003,1.0,2025-06-09T23:23:06.343798528Z
20261.8,98.0,90.8,1018.5,0.0,0.006,15.919999999999998,204.28,0.48,7935.2,-105.2,-0.6000000000000002,1.0,2025-06-09T23:33:10.913670400Z
20263.6,98.0,90.8,1018.4,0.0,0.01,15.8,224.06,0.5199999999999999,7937.2,-103.6,-2.1399999999999997,1.0,2025-06-09T23:43:34.894011904Z
20153.833333333332,98.0,90.0,1018.4666666666667,0.0,0.016666666666666666,15.866666666666667,179.75,0.4000000000000001,6795.5,-105.5,-2.8333333333333335,1.0,2025-06-09T23:53:06.324710400Z
20267.4,97.8,91.5,1018.3799999999999,0.0,0.01,15.680000000000001,217.78000000000003,0.26,7941.0,-104.6,-1.2399999999999998,1.0,2025-06-10T00:03:10.925004288Z
20157.5,97.16666666666667,92.25,1018.4166666666666,0.0,0.016666666666666666,15.683333333333332,218.33333333333334,0.43333333333333335,6799.166666666667,-105.66666666666667,-2.683333333333333,1.0,2025-06-10T00:12:26.676219648Z
20194.75,97.0,93.125,1018.275,0.0,0.0125,15.725,217.725,0.275,7516.0,-106.0,-2.2,1.0,2025-06-10T00:23:08.165979136Z
20272.6,97.0,92.4,1018.3799999999999,0.0,0.01,15.540000000000001,198.64,0.3,7946.8,-104.6,-0.2999999999999998,1.0,2025-06-10T00:33:10.846107392Z
20162.5,97.0,92.41666666666667,1018.3833333333333,0.0,0.016666666666666666,15.733333333333333,185.66666666666666,0.3833333333333333,6804.833333333333,-105.66666666666667,-2.3833333333333333,1.0,2025-06-10T00:42:26.271559680Z
20164.5,97.0,92.0,1018.3333333333335,0.0,0.016666666666666666,15.616666666666667,240.61666666666665,0.3333333333333333,6806.833333333333,-106.66666666666667,-2.35,1.0,2025-06-10T00:53:06.253169408Z
20270.5,97.0,91.75,1018.3,0.0,0.025,15.25,239.02499999999998,0.5499999999999999,7523.75,-105.75,-2.5250000000000004,1.0,2025-06-10T01:03:40.097312000Z
20167.833333333332,96.0,91.08333333333333,1018.2333333333332,0.0,0.02666666666666667,15.233333333333334,197.71666666666667,0.6166666666666667,6810.5,-107.0,-2.8333333333333335,1.0,2025-06-10T01:12:26.303533312Z
20169.833333333332,95.0,91.58333333333333,1018.2333333333332,0.0,0.02666666666666667,15.033333333333333,210.15,0.6666666666666666,6812.5,-106.0,-2.733333333333333,1.0,2025-06-10T01:23:06.225299456Z
20283.8,95.0,93.7,1018.18,0.0,0.022,14.820000000000002,228.21999999999997,0.58,7958.4,-105.2,-1.02,1.0,2025-06-10T01:33:10.793620992Z
20173.5,95.0,93.5,1018.25,0.0,0.02666666666666667,14.883333333333335,219.9,0.6666666666666666,6816.166666666667,-105.33333333333333,-4.166666666666667,1.0,2025-06-10T01:42:26.212230144Z
20287.6,95.0,94.7,1018.1600000000001,0.0,0.022,14.720000000000002,259.08000000000004,0.6399999999999999,7962.4,-105.0,0.24000000000000005,1.0,2025-06-10T01:53:58.764973056Z
20289.4,95.0,94.9,1018.1,0.0,0.033999999999999996,14.579999999999998,247.82,0.56,7964.2,-103.8,-2.6,1.0,2025-06-10T02:03:10.759772928Z
20178.833333333332,94.66666666666667,95.0,1018.0999999999999,0.0,0.04666666666666667,14.583333333333334,240.08333333333334,0.6833333333333332,6821.833333333333,-106.66666666666667,-3.133333333333333,1.0,2025-06-10T02:12:26.229768192Z
20152.0,94.0,95.1,1018.2199999999999,0.0,0.06,14.459999999999999,237.92,0.76,6251.6,-107.2,-2.5200000000000005,1.0,2025-06-10T02:22:28.697180928Z
20294.8,94.0,95.5,1018.0200000000001,0.0,0.054000000000000006,14.419999999999998,252.86000000000004,0.54,7970.0,-106.2,-1.56,1.0,2025-06-10T02:33:10.739632640Z
20184.166666666668,94.0,94.58333333333333,1017.9499999999999,0.0,0.05333333333333334,14.533333333333333,210.01666666666668,0.7666666666666666,6827.5,-104.83333333333333,-3.1999999999999997,1.0,2025-06-10T02:42:26.143278080Z
20186.166666666668,94.0,94.5,1017.9666666666667,0.0,0.05333333333333334,14.516666666666667,191.95000000000002,0.6666666666666666,6829.5,-106.0,-2.2166666666666663,1.0,2025-06-10T02:53:06.144213760Z
20300.6,94.0,94.8,1017.96,0.0,0.054000000000000006,14.48,208.7,0.76,7975.8,-105.4,-2.3,1.0,2025-06-10T03:03:10.706655744Z
20302.4,93.8,94.7,1017.9199999999998,0.0,0.057999999999999996,14.459999999999999,224.94,0.72,7977.8,-106.0,-1.9,1.0,2025-06-10T03:13:34.710088960Z
20191.5,92.66666666666667,94.5,1017.9499999999999,0.0,0.06,14.499999999999998,230.89999999999998,0.7333333333333334,6835.166666666667,-105.33333333333333,-2.6999999999999997,1.0,2025-06-10T03:23:06.115184640Z
20306.2,92.4,95.2,1017.9200000000001,0.0,0.057999999999999996,14.440000000000001,217.27999999999997,0.82,7981.6,-103.2,-2.9799999999999995,1.0,2025-06-10T03:33:10.674621952Z
20195.166666666668,92.33333333333333,94.33333333333333,1018.0333333333333,0.0,0.06,14.499999999999998,230.45000000000005,0.9333333333333332,6838.833333333333,-106.33333333333333,-3.233333333333334,1.0,2025-06-10T03:42:26.456400896Z
20197.166666666668,92.33333333333333,95.16666666666667,1018.0500000000001,0.0,0.06999999999999999,14.566666666666665,214.10000000000002,0.7166666666666668,6840.833333333333,-107.5,-2.533333333333333,1.0,2025-06-10T03:53:06.085717760Z
20312.0,92.4,95.6,1018.0,0.0,0.064,14.64,234.84,0.82,7987.4,-104.2,-0.5,1.0,2025-06-10T04:03:10.650273792Z
20200.833333333332,92.33333333333333,94.75,1018.0166666666668,0.0,0.07333333333333333,15.016666666666667,222.3166666666667,0.8999999999999999,6844.5,-105.83333333333333,-2.0666666666666664,1.0,2025-06-10T04:12:26.066198784Z
20202.833333333332,92.0,93.91666666666667,1018.0666666666666,0.0,0.075,15.5,231.98333333333335,1.0,6846.5,-106.0,-4.1000000000000005,1.0,2025-06-10T04:23:06.111074304Z
20317.8,92.0,93.6,1018.0800000000002,0.0,0.06799999999999999,15.84,224.01999999999998,1.02,7993.2,-105.4,-1.38,1.0,2025-06-10T04:33:10.612225024Z
20206.5,92.0,92.16666666666667,1018.1333333333332,0.0,0.07666666666666666,16.383333333333333,234.64999999999998,1.1333333333333335,6850.166666666667,-104.5,-2.5,1.0,2025-06-10T04:42:26.047185920Z
20208.5,92.0,91.0,1018.1499999999997,0.0,0.07666666666666666,16.849999999999998,247.3166666666667,1.1166666666666667,6852.166666666667,-105.83333333333333,-1.75,1.0,2025-06-10T04:53:06.020851712Z
20323.6,92.0,90.9,1018.1200000000001,0.0,0.06799999999999999,17.2,263.14,0.8800000000000001,7999.0,-104.2,-3.04,1.0,2025-06-10T05:03:10.590743296Z
20212.166666666668,92.0,88.16666666666667,1018.1999999999999,0.0,0.07666666666666666,17.683333333333334,266.95,1.4166666666666663,6855.833333333333,-104.83333333333333,-3.783333333333333,1.0,2025-06-10T05:12:26.001472256Z
20214.166666666668,92.83333333333333,86.41666666666667,1018.15,0.0,0.07666666666666666,18.183333333333334,271.3833333333334,1.45,6857.833333333333,-105.83333333333333,-0.9500000000000001,1.0,2025-06-10T05:23:05.999862528Z
20329.4,93.6,92.1,2125.24,51.0,131.138,14.919999999999998,226.71999999999997,1311.98,8004.8,-105.4,-1.02,1.0,2025-06-10T05:33:10.997742592Z
20217.833333333332,93.66666666666667,81.0,1018.15,0.0,0.07666666666666666,19.016666666666666,274.09999999999997,1.6666666666666667,6861.5,-106.16666666666667,-4.749999999999999,1.0,2025-06-10T05:42:25.971976192Z
20219.833333333332,93.66666666666667,79.0,1018.25,0.0,0.07666666666666666,19.383333333333333,287.7,1.7166666666666666,6863.5,-106.0,-1.9666666666666661,1.0,2025-06-10T05:53:05.967645696Z
20335.2,93.6,77.6,1018.28,0.0,0.06799999999999999,19.660000000000004,298.96000000000004,2.06,8010.6,-105.6,-2.3,1.0,2025-06-10T06:03:10.535787264Z
20337.0,93.6,76.0,1018.3,0.0,0.06799999999999999,20.08,292.92,1.42,8012.6,-105.4,-3.08,1.0,2025-06-10T06:13:34.521674240Z
20225.166666666668,93.66666666666667,73.25,1018.4166666666666,0.0,0.07833333333333332,20.5,300.06666666666666,1.45,6869.166666666667,-106.16666666666667,-4.616666666666666,1.0,2025-06-10T06:23:05.941392128Z
20340.8,97.6,72.5,1018.4,0.0,0.06999999999999999,20.76,303.96,1.3400000000000003,8016.4,-105.6,-3.54,1.0,2025-06-10T06:33:10.566503936Z
20228.833333333332,98.0,71.75,1018.4666666666667,0.0,0.08,21.31666666666667,258.81666666666666,1.1500000000000001,6872.833333333333,-106.16666666666667,-4.416666666666666,1.0,2025-06-10T06:42:25.922811904Z
20230.833333333332,98.0,70.16666666666667,1018.4666666666667,0.0,0.08,21.783333333333335,250.53333333333333,0.9166666666666666,6874.833333333333,-106.16666666666667,-3.716666666666667,1.0,2025-06-10T06:53:05.913884672Z
20346.6,97.6,68.7,1018.36,0.0,0.06999999999999999,22.240000000000002,304.28000000000003,0.8400000000000001,8022.2,-105.4,-5.34,1.0,2025-06-10T07:03:10.478297600Z
20234.5,98.0,66.75,1018.3666666666664,0.0,0.08666666666666667,22.666666666666668,250.86666666666665,1.1666666666666667,6878.5,-107.83333333333333,-3.016666666666667,1.0,2025-06-10T07:12:25.908117760Z
20236.5,98.0,65.0,1018.3333333333334,0.0,0.09000000000000001,23.166666666666668,186.13333333333335,1.0,6880.5,-105.33333333333333,-2.75,1.0,2025-06-10T07:23:05.883988992Z
20352.4,98.8,63.6,1018.2,0.0,0.082,23.7,176.9,0.82,8028.0,-105.2,-2.1,1.0,2025-06-10T07:33:10.456719360Z
20240.166666666668,100.0,62.5,1018.25,0.0,0.09000000000000001,23.933333333333334,295.8833333333333,1.1666666666666667,6884.166666666667,-107.0,-5.133333333333334,1.0,2025-06-10T07:42:25.911422208Z
20242.166666666668,100.0,60.833333333333336,1018.1333333333332,0.0,0.09000000000000001,24.216666666666665,250.79999999999998,0.5499999999999999,6886.166666666667,-105.66666666666667,-2.4,1.0,2025-06-10T07:53:05.860807936Z
20529.5,100.0,60.125,1017.9499999999999,0.0,0.07,24.55,119.75,0.875,9752.5,-103.5,-2.4749999999999996,1.0,2025-06-10T08:03:47.288390144Z
20359.8,100.0,59.6,1017.9599999999998,0.0,0.082,24.94,317.24000000000007,1.2599999999999998,8035.6,-104.6,-0.54,1.0,2025-06-10T08:12:22.432963072Z
20247.166666666668,100.0,57.583333333333336,1017.9333333333334,0.0,0.09000000000000001,25.28333333333333,261.76666666666665,1.133333333333333,6891.833333333333,-106.83333333333333,-4.316666666666667,1.0,2025-06-10T08:23:05.838419200Z
20363.6,100.0,57.2,1017.76,0.0,0.082,25.559999999999995,214.97999999999996,1.2600000000000002,8039.6,-106.8,-1.56,1.0,2025-06-10T08:33:10.407434240Z
20250.833333333332,100.0,57.916666666666664,1017.6999999999999,0.0,0.09000000000000001,25.7,220.7166666666667,1.2,6895.5,-107.33333333333333,-1.75,1.0,2025-06-10T08:42:25.864194816Z
20252.833333333332,100.0,54.25,1017.5166666666668,0.0,0.09000000000000001,26.016666666666666,195.71666666666667,0.7999999999999999,6897.5,-106.16666666666667,-1.4666666666666668,1.0,2025-06-10T08:53:05.828953856Z
20369.4,100.0,51.8,1017.3799999999999,0.0,0.082,26.26,250.45999999999998,1.2,8045.4,-105.4,-2.7399999999999998,1.0,2025-06-10T09:03:10.388185088Z
20256.5,100.0,51.333333333333336,1017.3333333333331,0.0,0.09000000000000001,26.28333333333333,205.41666666666666,0.9833333333333334,6901.166666666667,-104.5,-2.0666666666666664,1.0,2025-06-10T09:12:25.874243328Z
20228.6,100.0,50.7,1017.32,0.0,0.10800000000000001,26.759999999999998,301.4,1.1199999999999999,6330.2,-107.0,-1.7599999999999993,1.0,2025-06-10T09:23:28.342475776Z
20374.8,100.0,50.8,1017.2,0.0,0.082,26.74,298.64,0.78,8051.2,-104.8,0.15999999999999998,1.0,2025-06-10T09:33:10.367025920Z
20261.833333333332,100.0,49.75,1017.1166666666667,0.0,0.09000000000000001,26.750000000000004,217.15,0.9,6906.833333333333,-106.66666666666667,-3.966666666666667,1.0,2025-06-10T09:42:25.802027776Z
20263.833333333332,100.0,49.416666666666664,1017.0666666666667,0.0,0.09000000000000001,27.033333333333335,168.68333333333334,1.3,6908.833333333333,-108.5,-2.5833333333333335,1.0,2025-06-10T09:53:05.814807552Z
20380.6,100.0,48.0,1016.9,0.0,0.082,27.26,130.34,0.9800000000000001,8057.0,-106.6,-1.2200000000000002,1.0,2025-06-10T10:03:10.340311040Z
20267.5,100.0,47.25,1016.8166666666666,0.0,0.09000000000000001,27.549999999999997,190.3333333333333,1.616666666666667,6912.5,-107.0,-2.6166666666666667,1.0,2025-06-10T10:12:25.775045376Z
20384.4,100.0,48.3,1016.6600000000001,0.0,0.082,27.5,221.53999999999996,0.9199999999999999,8061.0,-104.2,-4.58,1.0,2025-06-10T10:23:58.330134784Z
20386.2,100.0,46.7,1016.7,0.0,0.026000000000000002,27.78,262.74,1.3800000000000001,8062.8,-105.0,-0.8400000000000001,1.0,2025-06-10T10:33:10.317477632Z
20272.833333333332,100.0,46.166666666666664,1016.5666666666667,0.0,0.043333333333333335,27.883333333333336,234.0666666666667,1.6833333333333333,6918.166666666667,-106.16666666666667,-3.6666666666666665,1.0,2025-06-10T10:42:25.763888384Z
20274.833333333332,100.0,58.666666666666664,1939.3999999999999,42.5,109.26833333333333,23.183333333333334,222.21666666666667,1093.5166666666667,6920.166666666667,-107.16666666666667,-1.6000000000000003,1.0,2025-06-10T10:53:06.099519488Z
20392.0,100.0,43.4,1016.3800000000001,0.0,0.026000000000000002,28.080000000000002,189.82,1.22,8068.6,-107.0,-0.6200000000000001,1.0,2025-06-10T11:03:10.297589248Z
20278.5,100.0,41.25,1016.35,0.0,0.043333333333333335,28.433333333333334,161.71666666666667,1.6166666666666665,6923.833333333333,-105.33333333333333,-1.2833333333333337,1.0,2025-06-10T11:12:25.713746176Z
20280.5,100.0,42.5,1016.3333333333334,0.0,0.043333333333333335,28.61666666666667,237.71666666666667,1.2666666666666668,6925.833333333333,-107.5,-1.45,1.0,2025-06-10T11:23:05.708541952Z
20397.8,100.0,39.9,1016.24,0.0,0.026000000000000002,29.339999999999996,233.16,0.6799999999999999,8074.4,-105.4,-0.4,1.0,2025-06-10T11:33:10.282804736Z
20284.166666666668,100.0,40.583333333333336,1016.1333333333333,0.0,0.043333333333333335,29.2,250.23333333333332,1.4166666666666667,6929.5,-107.16666666666667,-2.983333333333333,1.0,2025-06-10T11:42:26.423682304Z
20286.166666666668,100.0,41.416666666666664,1016.0,0.0,0.043333333333333335,28.933333333333334,195.2833333333333,1.5999999999999999,6931.5,-107.0,-2.266666666666667,1.0,2025-06-10T11:53:05.695832064Z
20403.6,100.0,39.2,1015.8399999999999,0.0,0.026000000000000002,29.46,146.1,0.9,8080.2,-106.0,-1.4399999999999997,1.0,2025-06-10T12:03:10.315036672Z
20289.833333333332,100.0,39.833333333333336,1015.7833333333333,0.0,0.043333333333333335,29.45,189.51666666666665,0.9500000000000002,6935.166666666667,-105.33333333333333,-1.7166666666666668,1.0,2025-06-10T12:12:25.682096384Z
20291.833333333332,100.0,39.583333333333336,1015.6666666666666,0.0,0.043333333333333335,29.716666666666665,162.3,1.7666666666666666,6937.166666666667,-107.16666666666667,-3.966666666666667,1.0,2025-06-10T12:23:06.037511168Z
20409.4,100.0,40.1,1015.4599999999998,0.0,0.026000000000000002,29.640000000000004,130.14,1.28,8086.0,-104.4,-1.0999999999999999,1.0,2025-06-10T12:33:10.253974528Z
20295.5,100.0,39.25,1015.4333333333333,0.0,0.043333333333333335,29.88333333333333,247.16666666666663,1.2833333333333334,6940.833333333333,-106.33333333333333,-2.15,1.0,2025-06-10T12:42:25.675191040Z
20413.2,100.0,39.0,1015.22,0.0,0.026000000000000002,30.0,182.54000000000002,1.3,8090.0,-104.8,-1.1,1.0,2025-06-10T12:53:58.249509632Z
20415.0,100.0,38.7,1015.1,0.0,0.026000000000000002,30.48,222.92000000000002,1.2,8091.8,-105.8,-4.34,1.0,2025-06-10T13:03:10.285455872Z
20407.75,100.0,38.25,1014.975,0.0,0.0325,30.724999999999998,231.25,1.075,7663.75,-102.75,-0.2999999999999998,1.0,2025-06-10T13:14:09.580696576Z
20302.166666666668,100.0,39.0,1014.8833333333333,0.0,0.043333333333333335,30.599999999999998,221.25,1.4166666666666667,6948.5,-106.66666666666667,-3.3333333333333335,1.0,2025-06-10T13:23:05.652278528Z
20420.2,100.0,39.1,1014.76,0.0,0.026000000000000002,30.440000000000005,182.6,1.02,8097.6,-105.4,-0.1,1.0,2025-06-10T13:33:10.225863424Z
20305.833333333332,100.0,39.0,1014.6833333333334,0.0,0.043333333333333335,30.600000000000005,233.18333333333337,1.45,6952.166666666667,-107.0,-4.766666666666667,1.0,2025-06-10T13:42:25.645067008Z
20307.833333333332,100.0,38.666666666666664,1014.5166666666668,0.0,0.043333333333333335,30.7,158.96666666666667,1.1333333333333333,6954.166666666667,-107.5,-1.4833333333333332,1.0,2025-06-10T13:53:05.641288704Z
20426.0,100.0,38.8,1014.4,0.0,0.026000000000000002,31.139999999999997,212.26,1.04,8103.4,-105.2,-2.4799999999999995,1.0,2025-06-10T14:03:10.219164928Z
20311.5,100.0,38.333333333333336,1014.2833333333333,0.0,0.045000000000000005,31.28333333333333,204.6833333333333,0.9833333333333333,6957.833333333333,-105.33333333333333,-2.5500000000000003,1.0,2025-06-10T14:12:25.667628288Z
20313.5,100.0,38.416666666666664,1014.1166666666667,0.0,0.04666666666666667,30.833333333333332,247.76666666666665,1.4833333333333334,6959.833333333333,-106.33333333333333,-2.033333333333333,1.0,2025-06-10T14:23:05.622838016Z
20431.8,100.0,37.5,1013.9399999999999,0.0,0.028000000000000004,30.9,225.4,0.82,8109.2,-104.8,0.6399999999999999,1.0,2025-06-10T14:33:10.204938496Z
20317.166666666668,100.0,37.0,1013.9333333333333,0.0,0.04666666666666667,30.966666666666672,214.75,0.9833333333333334,6963.5,-107.0,-2.0500000000000003,1.0,2025-06-10T14:42:25.622829824Z
20319.166666666668,100.0,38.083333333333336,1013.9,0.0,0.04833333333333334,30.816666666666666,226.56666666666663,1.3499999999999999,6965.5,-105.83333333333333,-2.3833333333333333,1.0,2025-06-10T14:53:05.614578688Z
20437.6,100.0,37.4,1013.8399999999999,0.0,0.03,31.26,162.77999999999997,0.8799999999999999,8115.0,-104.4,-2.1399999999999997,1.0,2025-06-10T15:03:10.195888640Z
20322.833333333332,100.0,38.25,1013.85,0.0,0.049999999999999996,30.950000000000003,197.36666666666667,1.2,6969.166666666667,-112.16666666666667,-10.283333333333333,1.0,2025-06-10T15:12:26.840354560Z
20324.833333333332,100.0,38.416666666666664,1013.7333333333332,0.0,0.051666666666666666,30.75,224.9,1.7,6971.166666666667,-107.66666666666667,-7.100000000000001,1.0,2025-06-10T15:23:06.356891392Z
20443.4,100.0,38.0,1013.54,0.0,0.032,30.82,206.7,0.52,8120.8,-105.8,0.040000000000000036,1.0,2025-06-10T15:33:10.170045696Z
20328.5,100.0,38.25,1013.5333333333334,0.0,0.05333333333333334,31.08333333333333,244.45000000000002,1.1166666666666665,6974.833333333333,-106.16666666666667,-4.033333333333333,1.0,2025-06-10T15:42:25.584989952Z
20330.5,100.0,38.083333333333336,1013.4833333333332,0.0,0.05333333333333334,31.08333333333334,219.30000000000004,1.2666666666666666,6976.833333333333,-107.16666666666667,-2.233333333333334,1.0,2025-06-10T15:53:05.584393472Z
20449.2,100.0,37.9,1013.36,0.0,0.032,31.080000000000002,141.96,0.9399999999999998,8126.6,-107.0,0.3,1.0,2025-06-10T16:03:10.160546304Z
20334.166666666668,100.0,39.416666666666664,1013.3166666666667,0.0,0.05333333333333334,30.933333333333334,246.20000000000005,0.9500000000000002,6980.5,-106.5,-3.0833333333333335,1.0,2025-06-10T16:12:25.564323584Z
20336.166666666668,100.0,52.833333333333336,1936.6500000000003,42.5,109.27833333333335,25.666666666666668,142.55,1092.9833333333333,6982.5,-106.33333333333333,-2.0833333333333335,1.0,2025-06-10T16:23:05.920856320Z
20455.0,100.0,37.9,1013.1800000000001,0.0,0.032,30.699999999999996,159.54000000000002,0.8800000000000001,8132.4,-104.2,0.4800000000000001,1.0,2025-06-10T16:33:10.142642944Z
20339.833333333332,100.0,40.666666666666664,1013.1666666666669,0.0,0.05333333333333334,30.683333333333337,168.20000000000002,0.7833333333333333,6986.166666666667,-109.0,-6.3999999999999995,1.0,2025-06-10T16:42:25.550442752Z
20341.833333333332,100.0,38.416666666666664,1013.0833333333335,0.0,0.05333333333333334,30.53333333333333,160.75,0.6833333333333332,6988.166666666667,-106.66666666666667,-1.8499999999999996,1.0,2025-06-10T16:53:05.541714944Z
20460.8,100.0,37.8,1013.0600000000001,0.0,0.032,30.48,147.95999999999998,0.7,8138.2,-107.6,-3.46,1.0,2025-06-10T17:03:10.130609664Z
20345.5,100.0,40.666666666666664,1013.0666666666667,0.0,0.05333333333333334,30.366666666666664,181.73333333333332,0.5,6991.833333333333,-106.33333333333333,-1.0333333333333334,1.0,2025-06-10T17:12:25.529250816Z
20347.5,100.0,40.083333333333336,1013.1,0.0,0.05333333333333334,30.016666666666666,135.85,0.6999999999999998,6993.833333333333,-105.83333333333333,-2.1833333333333336,1.0,2025-06-10T17:23:05.560667392Z
20466.6,100.0,41.9,1013.0600000000001,0.0,0.032,29.54,115.59999999999998,0.74,8144.0,-105.2,-1.1,1.0,2025-06-10T17:33:10.100484608Z
20351.166666666668,100.0,44.75,1013.0666666666666,0.0,0.05333333333333334,28.966666666666665,157.26666666666668,0.75,6997.5,-108.16666666666667,-8.033333333333333,1.0,2025-06-10T17:42:25.521928960Z
20353.166666666668,100.0,49.166666666666664,1012.9000000000001,0.0,0.05333333333333334,28.183333333333334,112.80000000000001,1.3666666666666665,6999.5,-103.16666666666667,-2.0666666666666664,1.0,2025-06-10T17:53:05.503961856Z
20472.4,100.0,52.6,1012.9,0.0,0.036,27.339999999999996,79.56,1.42,8149.8,-105.2,-2.0,1.0,2025-06-10T18:03:10.087526400Z
20356.833333333332,100.0,58.166666666666664,1012.9833333333332,0.0,0.06166666666666667,26.033333333333335,121.08333333333333,1.45,7003.166666666667,-106.16666666666667,-1.95,1.0,2025-06-10T18:12:25.480013056Z
20358.833333333332,100.0,59.333333333333336,1012.9,0.0,0.06333333333333334,25.5,105.45,1.7499999999999998,7005.166666666667,-105.5,-5.2666666666666675,1.0,2025-06-10T18:23:05.472783360Z
20478.2,100.0,62.0,1012.8799999999999,0.0,0.038,24.94,180.84,1.2399999999999998,8155.6,-105.2,-0.7399999999999999,1.0,2025-06-10T18:33:10.104068096Z
20362.5,100.0,63.333333333333336,1012.9666666666667,0.0,0.07,24.516666666666666,141.76666666666668,1.0833333333333333,7008.833333333333,-106.33333333333333,-3.6999999999999997,1.0,2025-06-10T18:42:25.456550144Z
20364.5,100.0,65.16666666666667,1012.9833333333332,0.0,0.03833333333333333,24.03333333333333,158.61666666666667,0.85,7010.833333333333,-105.33333333333333,-2.3166666666666664,1.0,2025-06-10T18:53:05.449499648Z
20484.0,100.0,67.4,1012.9,0.0,0.018000000000000002,23.48,175.77999999999997,0.58,8161.4,-105.2,-2.5200000000000005,1.0,2025-06-10T19:03:10.032150016Z
20368.166666666668,100.0,69.0,1013.0,0.0,0.023333333333333334,23.150000000000002,217.28333333333333,0.7333333333333333,7014.5,-107.16666666666667,-1.7166666666666668,1.0,2025-06-10T19:12:25.436578048Z
20370.166666666668,100.0,70.91666666666667,1013.0666666666666,0.0,0.023333333333333334,22.633333333333336,59.0,0.85,7016.5,-106.66666666666667,-3.1666666666666665,1.0,2025-06-10T19:23:05.411677952Z
20480.25,100.0,70.75,1013.175,0.0,0.035,22.499999999999996,144.75,0.9,7736.25,-103.75,0.07499999999999996,1.0,2025-06-10T19:32:24.381954560Z
20373.5,100.0,71.66666666666667,1013.25,0.0,0.026666666666666672,22.3,140.18333333333334,0.9833333333333334,7020.166666666667,-106.16666666666667,-3.483333333333333,1.0,2025-06-10T19:42:25.401154816Z
20344.4,100.0,72.6,1013.3,0.0,0.03200000000000001,22.0,114.04,0.8399999999999999,6447.8,-107.2,-2.72,1.0,2025-06-10T19:53:27.990259712Z
20494.8,100.0,73.8,1013.1,0.0,0.030000000000000006,21.759999999999998,132.7,0.9199999999999999,8173.0,-105.6,-0.3799999999999997,1.0,2025-06-10T20:03:09.980301312Z
20378.833333333332,100.0,74.0,1013.3000000000002,0.0,0.026666666666666672,21.599999999999998,159.78333333333333,0.7166666666666667,7025.833333333333,-106.16666666666667,-2.066666666666667,1.0,2025-06-10T20:12:25.373331712Z
20380.833333333332,100.0,74.91666666666667,1013.3833333333336,0.0,0.026666666666666672,21.36666666666667,143.23333333333335,0.48333333333333334,7027.833333333333,-105.83333333333333,-2.15,1.0,2025-06-10T20:23:05.362930688Z
20500.6,100.0,75.7,1013.32,0.0,0.030000000000000006,21.22,138.92000000000002,0.58,8178.8,-106.4,-1.6799999999999997,1.0,2025-06-10T20:33:09.947371520Z
20384.5,100.0,75.75,1013.2666666666665,0.0,0.026666666666666672,21.166666666666668,131.88333333333335,0.6166666666666666,7031.5,-106.5,-2.033333333333333,1.0,2025-06-10T20:42:25.374233344Z
20386.5,100.0,76.08333333333333,1013.25,0.0,0.026666666666666672,21.05,147.36666666666665,0.5833333333333334,7033.5,-106.83333333333333,-1.9666666666666668,1.0,2025-06-10T20:53:05.341283072Z
20506.4,100.0,77.2,1013.1600000000001,0.0,0.030000000000000006,20.859999999999996,99.88,0.44000000000000006,8184.6,-105.6,-3.28,1.0,2025-06-10T21:03:09.918717440Z
20390.166666666668,100.0,79.16666666666667,1013.1666666666665,0.0,0.026666666666666672,20.633333333333333,145.38333333333333,0.6666666666666666,7037.166666666667,-106.66666666666667,-3.3666666666666667,1.0,2025-06-10T21:12:25.319586816Z
20392.166666666668,100.0,79.83333333333333,1013.25,0.0,0.030000000000000002,20.383333333333333,127.68333333333334,0.75,7039.166666666667,-105.33333333333333,-3.0666666666666664,1.0,2025-06-10T21:23:05.319983104Z
20512.2,100.0,80.4,1013.1200000000001,0.0,0.03200000000000001,20.18,93.16,0.52,8190.4,-105.2,0.05999999999999996,1.0,2025-06-10T21:33:09.885879808Z
20395.833333333332,100.0,80.91666666666667,1013.1333333333333,0.0,0.030000000000000002,20.033333333333335,101.21666666666665,0.5666666666666667,7042.833333333333,-106.33333333333333,-3.716666666666667,1.0,2025-06-10T21:42:25.331080192Z
20397.833333333332,100.0,82.91666666666667,1013.15,0.0,0.030000000000000002,19.816666666666666,279.3333333333333,0.5333333333333333,7044.833333333333,-105.66666666666667,-1.45,1.0,2025-06-10T21:53:05.269940992Z
20518.0,100.0,83.3,1013.0799999999999,0.0,0.03200000000000001,19.66,255.88000000000002,0.54,8196.2,-105.2,0.0,1.0,2025-06-10T22:03:09.857695744Z
20401.5,99.83333333333333,84.25,1013.1166666666664,0.0,0.030000000000000002,19.53333333333333,274.88333333333327,0.6333333333333333,7048.5,-106.0,-2.0,1.0,2025-06-10T22:12:25.256637440Z
20403.5,99.33333333333333,85.16666666666667,1013.1333333333333,0.0,0.030000000000000002,19.250000000000004,212.66666666666666,0.25,7050.5,-105.5,-2.483333333333333,1.0,2025-06-10T22:23:05.257461504Z
20701.5,99.5,86.5,1012.9749999999999,0.0,0.035,18.925,196.85,0.25,9926.5,-105.0,-0.44999999999999996,1.0,2025-06-10T22:33:46.710259712Z
20406.833333333332,99.33333333333333,85.16666666666667,1013.0666666666666,0.0,0.030000000000000002,19.166666666666668,202.78333333333333,0.3666666666666667,7054.166666666667,-105.66666666666667,-3.0,1.0,2025-06-10T22:42:25.229698816Z
20408.833333333332,99.33333333333333,84.5,1013.0,0.0,0.030000000000000002,18.933333333333334,242.61666666666665,0.5833333333333334,7056.166666666667,-105.5,-2.733333333333334,1.0,2025-06-10T22:53:05.246782208Z
20529.4,98.6,86.2,1012.9199999999998,0.0,0.03200000000000001,18.639999999999997,152.72,0.2,8207.8,-103.6,-2.9,1.0,2025-06-10T23:03:09.797577472Z
20531.2,98.4,88.8,1012.9399999999999,0.0,0.03200000000000001,18.500000000000004,159.26,0.36,8209.8,-106.0,-2.28,1.0,2025-06-10T23:13:33.778341120Z
20414.166666666668,98.0,88.58333333333333,1012.9333333333334,0.0,0.030000000000000002,18.483333333333334,165.5666666666667,0.2166666666666667,7061.833333333333,-105.5,-4.183333333333333,1.0,2025-06-10T23:23:05.189394688Z
20713.5,98.0,88.875,1012.8,0.0,0.035,18.25,243.17499999999998,0.22499999999999998,9938.5,-103.25,0.575,1.0,2025-06-10T23:33:46.652051968Z
20329.8,98.0,87.6,1012.9200000000001,0.0,0.022000000000000002,18.580000000000002,168.12,0.25999999999999995,6490.6,-108.4,-3.7600000000000002,1.0,2025-06-10T23:42:37.976359936Z
20419.166666666668,98.0,87.83333333333333,1012.9333333333334,0.0,0.030000000000000002,18.333333333333332,265.8,0.16666666666666666,7067.5,-106.66666666666667,-1.9000000000000004,1.0,2025-06-10T23:53:05.189703936Z
20540.2,97.6,88.4,1012.9,0.0,0.036,18.259999999999998,259.06,0.36,8219.4,-105.2,-0.33999999999999986,1.0,2025-06-11T00:03:09.758674944Z
20422.833333333332,97.66666666666667,86.75,1012.9499999999999,0.0,0.03666666666666667,18.28333333333333,145.23333333333332,0.3,7071.166666666667,-106.16666666666667,-2.15,1.0,2025-06-11T00:12:25.493843968Z
20424.833333333332,96.33333333333333,87.25,1012.9166666666669,0.0,0.03666666666666667,18.25,199.8166666666667,0.2833333333333334,7073.166666666667,-109.33333333333333,-7.5,1.0,2025-06-11T00:23:05.494863104Z
20546.0,96.4,88.0,1012.86,0.0,0.04,18.2,246.8,0.28,8225.2,-102.8,-1.5600000000000003,1.0,2025-06-11T00:33:09.708752896Z
20547.8,96.4,88.8,1012.86,0.0,0.04,18.080000000000002,231.07999999999998,0.27999999999999997,8227.2,-106.2,-1.48,1.0,2025-06-11T00:43:33.703296512Z
20430.166666666668,96.33333333333333,88.75,1012.8000000000001,0.0,0.03666666666666667,17.966666666666665,177.58333333333334,0.5333333333333333,7078.833333333333,-105.0,-5.2,1.0,2025-06-11T00:53:05.087862528Z
20551.6,96.2,89.4,1012.8,0.0,0.04,17.9,235.43999999999997,0.34,8231.0,-106.0,-1.14,1.0,2025-06-11T01:03:09.740612352Z
20543.25,96.0,90.5,1012.8,0.0,0.05,17.700000000000003,214.95,0.49999999999999994,7801.75,-103.0,-1.075,1.0,2025-06-11T01:14:09.092564992Z
20554.8,95.4,90.0,1012.6200000000001,0.0,0.04,17.82,167.88000000000002,0.6,8235.0,-106.4,-0.6199999999999999,1.0,2025-06-11T01:23:57.658292992Z
20736.5,95.5,88.875,1012.5250000000001,0.0,0.045,17.799999999999997,177.5,0.65,9962.5,-102.75,-0.8,1.0,2025-06-11T01:33:46.547750912Z
20438.166666666668,95.33333333333333,88.33333333333333,1012.5999999999999,0.0,0.03666666666666667,17.916666666666668,218.94999999999996,0.3,7088.166666666667,-106.66666666666667,-4.233333333333333,1.0,2025-06-11T01:42:25.054729472Z
20440.166666666668,95.33333333333333,89.66666666666667,1012.6166666666664,0.0,0.03666666666666667,17.599999999999998,220.75,0.3166666666666667,7090.166666666667,-106.16666666666667,-1.9333333333333336,1.0,2025-06-11T01:53:05.051767808Z
20562.2,95.4,90.7,1012.5600000000001,0.0,0.04,17.3,185.47999999999996,0.26000000000000006,8242.6,-104.6,-1.1,1.0,2025-06-11T02:03:09.671741952Z
20443.833333333332,94.66666666666667,90.66666666666667,1012.5333333333333,0.0,0.03666666666666667,17.349999999999998,185.86666666666667,0.39999999999999997,7093.833333333333,-104.0,-6.433333333333334,1.0,2025-06-11T02:12:25.022580736Z
20445.833333333332,94.16666666666667,90.66666666666667,1012.5333333333333,0.0,0.03666666666666667,17.349999999999998,178.58333333333334,0.35000000000000003,7095.833333333333,-107.83333333333333,-3.6833333333333336,1.0,2025-06-11T02:23:05.402730752Z
20748.5,94.0,90.75,1012.3499999999999,0.0,0.045,17.224999999999998,253.875,0.3,9974.5,-106.0,-4.35,1.0,2025-06-11T02:33:46.499078144Z
20449.166666666668,94.0,90.83333333333333,1012.5666666666666,0.0,0.03666666666666667,17.166666666666668,133.11666666666665,0.5666666666666667,7099.5,-104.16666666666667,-3.7999999999999994,1.0,2025-06-11T02:42:25.035281664Z
20451.166666666668,94.0,91.16666666666667,1012.5333333333333,0.0,0.03666666666666667,17.099999999999998,181.36666666666667,0.5499999999999999,7101.5,-106.5,-2.4499999999999997,1.0,2025-06-11T02:53:05.354463232Z
20573.6,94.0,91.0,1012.5600000000001,0.0,0.04,17.08,219.54000000000002,0.5000000000000001,8254.2,-105.0,-2.1,1.0,2025-06-11T03:03:09.579705600Z
20454.833333333332,93.66666666666667,91.25,1012.5500000000001,0.0,0.03666666666666667,17.0,214.45000000000002,0.6333333333333332,7105.166666666667,-104.83333333333333,-1.6500000000000004,1.0,2025-06-11T03:12:24.997141760Z
20456.833333333332,93.33333333333333,91.08333333333333,1012.5166666666668,0.0,0.03666666666666667,17.016666666666666,195.66666666666666,0.75,7107.166666666667,-107.0,-1.5166666666666664,1.0,2025-06-11T03:23:04.955170816Z
20760.5,92.5,91.875,1012.375,0.0,0.045,16.85,248.64999999999998,0.375,9986.5,-103.25,1.75,1.0,2025-06-11T03:33:46.449389056Z
20460.166666666668,92.33333333333333,91.91666666666667,1012.5999999999999,0.0,0.03666666666666667,16.883333333333336,191.9166666666667,0.3333333333333333,7110.833333333333,-107.16666666666667,-2.1,1.0,2025-06-11T03:42:24.997759232Z
20462.166666666668,92.33333333333333,91.25,1012.6666666666665,0.0,0.03666666666666667,17.083333333333332,264.53333333333336,0.31666666666666665,7112.833333333333,-106.0,-1.8333333333333333,1.0,2025-06-11T03:53:04.920274944Z
20585.0,92.4,90.7,1012.6199999999999,0.0,0.04,17.22,247.83999999999997,0.27999999999999997,8265.8,-105.0,0.08000000000000007,1.0,2025-06-11T04:03:09.496595200Z
20465.833333333332,92.16666666666667,90.33333333333333,1012.75,0.0,0.03666666666666667,17.566666666666666,210.70000000000002,0.48333333333333334,7116.5,-106.0,-2.3000000000000003,1.0,2025-06-11T04:12:24.941899520Z
20467.833333333332,92.0,89.83333333333333,1012.7833333333333,0.0,0.03666666666666667,18.05,180.1833333333333,0.3333333333333333,7118.5,-105.5,-2.1999999999999997,1.0,2025-06-11T04:23:04.890021632Z
20772.5,92.0,87.625,1012.65,0.0,0.045,18.55,78.825,0.35,9998.5,-105.5,0.32499999999999996,1.0,2025-06-11T04:33:46.378864128Z
20471.166666666668,92.0,86.66666666666667,1012.8166666666666,0.0,0.03666666666666667,19.11666666666667,235.16666666666666,0.4333333333333333,7122.166666666667,-104.33333333333333,-4.2,1.0,2025-06-11T04:42:24.878100736Z
20473.166666666668,92.0,85.08333333333333,1012.8833333333333,0.0,0.04,19.633333333333336,167.4,0.26666666666666666,7124.166666666667,-106.0,-1.7833333333333332,1.0,2025-06-11T04:53:04.878680320Z
20596.4,92.0,83.0,1012.8799999999999,0.0,0.046,20.06,234.21999999999997,0.43999999999999995,8277.4,-106.4,-0.6200000000000001,1.0,2025-06-11T05:03:09.447570944Z
20476.833333333332,92.0,81.5,1013.0166666666668,0.0,0.043333333333333335,20.55,233.20000000000002,0.38333333333333336,7127.833333333333,-106.5,-2.966666666666667,1.0,2025-06-11T05:12:24.850538496Z
20478.833333333332,92.33333333333333,80.25,1013.0833333333331,0.0,0.043333333333333335,21.183333333333334,237.2833333333334,0.5000000000000001,7129.833333333333,-107.66666666666667,-1.9000000000000004,1.0,2025-06-11T05:23:04.884005632Z
20602.2,93.2,77.5,1013.0,0.0,0.046,21.920000000000005,304.88,0.32,8283.2,-106.0,-2.68,1.0,2025-06-11T05:33:09.424732928Z
20449.6,93.6,74.2,1013.14,0.0,0.052000000000000005,22.66,267.12,0.6199999999999999,6557.8,-105.6,-5.5600000000000005,1.0,2025-06-11T05:42:39.447576576Z
20484.166666666668,93.66666666666667,71.66666666666667,1012.9666666666667,0.0,0.043333333333333335,23.266666666666666,188.56666666666663,0.5499999999999999,7135.5,-106.66666666666667,-3.6666666666666665,1.0,2025-06-11T05:53:04.829178624Z
20607.6,93.6,70.7,1012.9599999999998,0.0,0.046,23.68,255.42000000000002,0.56,8289.0,-105.0,-0.7,1.0,2025-06-11T06:03:09.397403136Z
20487.833333333332,93.66666666666667,67.91666666666667,1013.0000000000001,0.0,0.043333333333333335,24.133333333333336,200.75,0.7166666666666668,7139.166666666667,-106.83333333333333,-2.5500000000000003,1.0,2025-06-11T06:12:24.798414080Z
20489.833333333332,94.5,75.83333333333333,1936.5833333333333,42.5,109.26833333333333,20.76666666666667,158.23333333333332,1092.7333333333333,7141.166666666667,-107.33333333333333,-2.3833333333333333,1.0,2025-06-11T06:23:05.147998464Z
20613.4,96.8,64.0,1013.1800000000001,0.0,0.046,25.200000000000003,164.3,0.48,8294.8,-106.6,-1.3,1.0,2025-06-11T06:33:09.374328576Z
20493.5,98.0,61.25,1013.2166666666667,0.0,0.043333333333333335,26.016666666666666,214.6,0.6,7144.833333333333,-107.33333333333333,-2.016666666666666,1.0,2025-06-11T06:42:24.758203392Z
20495.5,98.0,58.916666666666664,1013.25,0.0,0.043333333333333335,26.866666666666664,219.86666666666667,0.7833333333333333,7146.833333333333,-106.0,-2.75,1.0,2025-06-11T06:53:05.107378944Z
20619.2,97.6,57.9,1013.22,0.0,0.046,27.160000000000004,216.71999999999997,0.7,8300.6,-103.6,-3.7399999999999998,1.0,2025-06-11T07:03:09.337235968Z
20499.166666666668,98.0,56.25,1013.25,0.0,0.043333333333333335,27.416666666666668,198.61666666666667,0.7666666666666666,7150.5,-105.66666666666667,-5.166666666666667,1.0,2025-06-11T07:12:25.113067520Z
20501.166666666668,98.0,53.833333333333336,1013.3166666666666,0.0,0.05000000000000001,27.700000000000003,249.6,1.2,7152.5,-105.16666666666667,-5.033333333333333,1.0,2025-06-11T07:23:04.717559552Z
20625.0,98.4,54.6,1013.2199999999999,0.0,0.05,27.919999999999998,225.9,0.86,8306.4,-105.2,-1.1,1.0,2025-06-11T07:33:09.371539968Z
20504.833333333332,100.0,53.916666666666664,1013.25,0.0,0.05000000000000001,28.183333333333334,242.70000000000002,1.3333333333333333,7156.166666666667,-106.66666666666667,-2.516666666666666,1.0,2025-06-11T07:42:24.711851264Z
20506.833333333332,100.0,52.416666666666664,1013.2833333333333,0.0,0.05000000000000001,28.516666666666666,216.25,0.7000000000000001,7158.166666666667,-107.5,-2.3000000000000003,1.0,2025-06-11T07:53:04.695910656Z
20630.8,100.0,51.0,1013.18,0.0,0.05,29.02,252.7,1.04,8312.2,-104.2,-1.5,1.0,2025-06-11T08:03:09.308589824Z
20510.5,100.0,50.0,1013.1999999999999,0.0,0.05000000000000001,29.3,161.45000000000002,0.8833333333333334,7161.833333333333,-106.33333333333333,-2.4,1.0,2025-06-11T08:12:24.690478848Z
20512.5,100.0,49.25,1013.2833333333334,0.0,0.05000000000000001,29.566666666666666,152.71666666666667,0.5,7163.833333333333,-107.5,-3.15,1.0,2025-06-11T08:23:04.692228096Z
20636.6,100.0,47.5,1013.26,0.0,0.052000000000000005,29.979999999999997,215.53999999999996,1.1400000000000001,8318.0,-104.0,-2.16,1.0,2025-06-11T08:33:09.317425152Z
20426.8,100.0,46.9,1013.28,0.0,0.052000000000000005,30.080000000000002,147.44,0.96,6591.4,-106.2,-4.3,1.0,2025-06-11T08:42:37.421906944Z
20640.0,100.0,45.8,1013.24,0.0,0.08,30.340000000000003,231.48000000000002,0.8200000000000001,8321.8,-104.8,-0.82,1.0,2025-06-11T08:52:45.266480640Z
20641.8,100.0,45.3,1013.26,0.0,0.08,30.7,160.85999999999999,0.8400000000000001,8323.8,-106.4,-1.8,1.0,2025-06-11T09:03:09.256316416Z
20521.166666666668,100.0,46.083333333333336,1013.2833333333333,0.0,0.07666666666666667,30.7,195.51666666666665,1.1666666666666667,7173.166666666667,-109.66666666666667,-7.6499999999999995,1.0,2025-06-11T09:12:24.643067648Z
20523.166666666668,100.0,43.25,1013.2000000000002,0.0,0.07666666666666667,30.849999999999994,180.78333333333333,1.3499999999999999,7175.166666666667,-106.66666666666667,-1.0333333333333337,1.0,2025-06-11T09:23:04.656175360Z
20647.6,100.0,42.1,1013.1600000000001,0.0,0.08,31.080000000000002,74.74000000000001,1.3399999999999999,8329.6,-104.8,-2.1,1.0,2025-06-11T09:33:09.233744640Z
20526.833333333332,100.0,57.666666666666664,1936.5500000000002,42.5,109.29166666666664,25.816666666666666,103.96666666666665,1093.3999999999999,7178.833333333333,-104.16666666666667,-6.166666666666667,1.0,2025-06-11T09:42:25.363513344Z
20495.4,100.0,43.9,1013.22,0.0,0.09200000000000001,30.860000000000003,155.82,1.28,6604.6,-105.8,-0.41999999999999976,1.0,2025-06-11T09:53:27.282404096Z
20653.0,100.0,43.2,1013.1600000000001,0.0,0.08,31.340000000000003,138.1,1.1199999999999999,8335.4,-105.8,-1.8,1.0,2025-06-11T10:03:09.226876416Z
20654.8,100.0,41.9,1013.1600000000001,0.0,0.082,31.4,117.0,0.74,8337.4,-106.2,-1.64,1.0,2025-06-11T10:13:33.223976448Z
20533.833333333332,100.0,40.75,1013.2333333333332,0.0,0.08000000000000002,31.76666666666667,187.0666666666667,0.8833333333333333,7186.5,-108.33333333333333,-7.583333333333333,1.0,2025-06-11T10:23:04.614988544Z
20647.5,100.0,40.75,1013.15,0.0,0.0175,31.825000000000003,207.0,0.8500000000000001,7909.0,-104.0,0.25,1.0,2025-06-11T10:33:38.698482432Z
20537.166666666668,100.0,41.833333333333336,1013.1333333333333,0.0,0.023333333333333334,31.53333333333333,209.38333333333333,0.9666666666666667,7190.166666666667,-104.66666666666667,-3.733333333333334,1.0,2025-06-11T10:42:24.655733504Z
20662.0,100.0,42.3,1013.04,0.0,0.014000000000000002,31.54,179.18,1.1400000000000001,8345.2,-105.8,-1.6799999999999997,1.0,2025-06-11T10:53:57.206478336Z
20663.8,100.0,42.8,1013.0600000000001,0.0,0.014000000000000002,31.660000000000004,193.58,0.62,8347.0,-106.2,-0.8799999999999999,1.0,2025-06-11T11:03:09.196773376Z
20542.5,100.0,43.25,1013.0833333333334,0.0,0.023333333333333334,31.96666666666667,184.25,1.3166666666666667,7195.833333333333,-106.33333333333333,-1.0,1.0,2025-06-11T11:12:24.608249600Z
20544.5,100.0,41.083333333333336,1013.0333333333333,0.0,0.023333333333333334,32.4,252.08333333333334,1.4666666666666668,7197.833333333333,-106.5,-0.9666666666666668,1.0,2025-06-11T11:23:04.608567552Z
20669.6,100.0,40.6,1012.9200000000001,0.0,0.014000000000000002,32.62,241.28000000000003,1.04,8352.8,-105.2,0.14000000000000004,1.0,2025-06-11T11:33:09.337580288Z
20548.166666666668,100.0,42.083333333333336,1012.9499999999999,0.0,0.023333333333333334,32.5,167.66666666666666,1.2666666666666666,7201.5,-106.0,-5.05,1.0,2025-06-11T11:42:24.596699136Z
20550.166666666668,100.0,40.833333333333336,1012.9499999999999,0.0,0.023333333333333334,32.583333333333336,170.86666666666667,1.2666666666666666,7203.5,-105.66666666666667,-1.3333333333333333,1.0,2025-06-11T11:53:04.631788800Z
20675.4,100.0,40.5,1012.8800000000001,0.0,0.014000000000000002,32.980000000000004,136.57999999999998,1.48,8358.6,-107.4,-2.3200000000000003,1.0,2025-06-11T12:03:09.280796928Z
20553.833333333332,100.0,39.583333333333336,1012.9,0.0,0.03,32.88333333333333,186.19999999999996,1.5166666666666666,7207.166666666667,-105.5,-0.7833333333333332,1.0,2025-06-11T12:12:24.583566080Z
20522.2,100.0,40.3,1012.8399999999999,0.0,0.036,32.739999999999995,191.4,1.28,6632.4,-107.2,-2.6800000000000006,1.0,2025-06-11T12:22:27.250386432Z
20680.8,100.0,40.1,1012.5200000000001,0.0,0.018,32.96,199.83999999999997,1.6800000000000002,8364.4,-105.2,0.38000000000000006,1.0,2025-06-11T12:33:09.184879104Z
20559.166666666668,100.0,40.083333333333336,1012.5166666666665,0.0,0.03,33.050000000000004,197.6833333333333,1.8,7212.833333333333,-106.5,-2.3333333333333335,1.0,2025-06-11T12:42:24.950122752Z
20471.0,100.0,38.6,1012.4,0.0,0.036,33.18000000000001,189.22,0.96,6638.2,-107.6,-2.8200000000000003,1.0,2025-06-11T12:53:25.352123648Z
20604.5,100.0,39.625,1012.25,0.0,0.0225,33.574999999999996,116.025,1.45,7937.5,-106.75,-0.7749999999999999,1.0,2025-06-11T13:02:21.318945024Z
20564.166666666668,100.0,40.583333333333336,1012.25,0.0,0.03,33.11666666666667,183.9333333333333,1.4333333333333333,7218.5,-105.16666666666667,-0.8500000000000002,1.0,2025-06-11T13:12:24.573526016Z
20566.166666666668,100.0,40.833333333333336,1012.2000000000002,0.0,0.03,33.050000000000004,178.5,1.3333333333333333,7220.5,-107.0,-4.65,1.0,2025-06-11T13:23:04.550345472Z
20610.0,100.0,39.0,1012.075,0.0,0.0225,33.75,104.82499999999999,1.45,7943.25,-105.5,-2.0,1.0,2025-06-11T13:32:21.222705920Z
20569.5,100.0,40.25,1012.1500000000001,0.0,0.03,33.46666666666667,111.46666666666664,2.15,7224.166666666667,-107.0,-2.1500000000000004,1.0,2025-06-11T13:42:24.548622592Z
20571.5,100.0,39.583333333333336,1011.9833333333332,0.0,0.03,32.9,139.61666666666667,1.8499999999999999,7226.166666666667,-104.83333333333333,-2.5833333333333335,1.0,2025-06-11T13:53:04.555577600Z
20685.5,100.0,62.75,2397.375,63.75,163.86,24.5,123.75,1640.55,7949.0,-102.25,-5.0,1.0,2025-06-11T14:02:24.199345152Z
20574.833333333332,100.0,40.166666666666664,1011.9666666666666,0.0,0.03833333333333333,33.48333333333333,203.95000000000002,1.366666666666667,7229.833333333333,-105.33333333333333,-3.3166666666666664,1.0,2025-06-11T14:12:24.547551232Z
20576.833333333332,100.0,40.25,1011.8166666666667,0.0,0.043333333333333335,33.48333333333334,82.15,1.7166666666666668,7231.833333333333,-105.33333333333333,-6.566666666666666,1.0,2025-06-11T14:23:04.547210496Z
20702.4,100.0,40.4,1011.76,0.0,0.044,33.6,108.66,1.4200000000000002,8387.6,-104.2,0.4800000000000001,1.0,2025-06-11T14:33:09.150565632Z
20580.5,100.0,40.416666666666664,1011.75,0.0,0.056666666666666664,33.4,86.0,1.45,7235.5,-106.16666666666667,-2.1999999999999997,1.0,2025-06-11T14:42:24.581672960Z
20582.5,100.0,41.5,1011.6666666666669,0.0,0.056666666666666664,33.36666666666667,223.2833333333333,1.3666666666666665,7237.5,-106.16666666666667,-1.8,1.0,2025-06-11T14:53:04.536100608Z
20708.2,100.0,41.3,1011.5600000000001,0.0,0.044,33.28,103.67999999999999,1.78,8393.4,-105.2,-1.1800000000000002,1.0,2025-06-11T15:03:09.189944320Z
20586.166666666668,100.0,42.583333333333336,1011.6,0.0,0.056666666666666664,32.9,74.03333333333333,2.1166666666666667,7241.166666666667,-105.83333333333333,0.016666666666666607,1.0,2025-06-11T15:12:24.534594816Z
20588.166666666668,100.0,43.333333333333336,1011.6,0.0,0.065,32.68333333333334,149.1,2.2500000000000004,7243.166666666667,-107.66666666666667,-3.4,1.0,2025-06-11T15:23:04.522460416Z
20714.0,100.0,41.4,1011.5400000000002,0.0,0.064,32.900000000000006,69.3,2.06,8399.2,-104.2,0.19999999999999996,1.0,2025-06-11T15:33:09.138454528Z
20591.833333333332,100.0,44.333333333333336,1011.5166666666665,0.0,0.07333333333333332,32.416666666666664,93.96666666666665,2.3833333333333333,7246.833333333333,-103.83333333333333,-3.6666666666666665,1.0,2025-06-11T15:42:24.518901760Z
20593.833333333332,100.0,45.5,1011.4666666666666,0.0,0.07333333333333332,31.966666666666672,151.96666666666667,2.6000000000000005,7248.833333333333,-105.66666666666667,-1.2333333333333332,1.0,2025-06-11T15:53:04.509553408Z
20719.8,100.0,46.6,1011.4,0.0,0.064,31.76,90.72,2.6599999999999997,8405.0,-105.0,-0.5000000000000002,1.0,2025-06-11T16:03:09.119776256Z
20721.6,100.0,46.0,1011.32,0.0,0.064,31.52,116.94000000000001,2.5200000000000005,8406.8,-107.2,-0.7999999999999998,1.0,2025-06-11T16:12:21.183555584Z
20599.166666666668,100.0,47.25,1011.4,0.0,0.07333333333333332,31.05,78.41666666666667,3.3166666666666664,7254.5,-105.5,-0.7999999999999999,1.0,2025-06-11T16:23:04.483605248Z
20725.4,100.0,47.5,1011.3399999999999,0.0,0.064,30.860000000000003,98.38000000000001,2.88,8410.8,-105.4,-0.6000000000000002,1.0,2025-06-11T16:33:09.092125184Z
20727.2,100.0,48.8,1011.4,0.0,0.064,30.6,129.52,2.9799999999999995,8412.6,-107.0,-4.2,1.0,2025-06-11T16:42:21.085356544Z
20604.5,100.0,48.583333333333336,1011.4666666666666,0.0,0.07333333333333332,30.28333333333333,128.61666666666667,3.033333333333333,7260.166666666667,-106.83333333333333,-1.1166666666666667,1.0,2025-06-11T16:53:04.468787456Z
20918.0,100.0,49.625,1011.325,0.0,0.05,30.225,162.175,1.9000000000000001,10148.5,-103.5,-0.875,1.0,2025-06-11T17:03:45.995033088Z
20607.833333333332,100.0,50.666666666666664,1011.4666666666666,0.0,0.07333333333333332,29.683333333333334,108.21666666666668,2.5500000000000003,7263.833333333333,-106.0,-1.1166666666666665,1.0,2025-06-11T17:12:24.495008768Z
20609.833333333332,100.0,51.333333333333336,1011.4666666666667,0.0,0.07333333333333332,29.3,145.5,2.3833333333333333,7265.833333333333,-107.66666666666667,-3.1999999999999997,1.0,2025-06-11T17:23:04.469681408Z
20736.6,100.0,51.6,1011.4200000000001,0.0,0.064,28.98,59.94,2.1999999999999997,8422.4,-105.6,0.0,1.0,2025-06-11T17:33:09.069382400Z
20613.5,100.0,52.166666666666664,1011.5333333333334,0.0,0.07333333333333332,28.583333333333332,100.53333333333335,2.3000000000000003,7269.5,-106.83333333333333,-3.1999999999999997,1.0,2025-06-11T17:42:24.424747776Z
20615.5,100.0,53.5,1011.5833333333334,0.0,0.07333333333333332,28.150000000000002,155.65,1.5666666666666667,7271.5,-106.16666666666667,-0.9333333333333336,1.0,2025-06-11T17:53:04.440226816Z
20742.4,100.0,54.2,1011.5800000000002,0.0,0.066,27.839999999999996,118.72,1.3,8428.2,-105.0,0.2800000000000001,1.0,2025-06-11T18:03:09.058241024Z
20619.166666666668,100.0,55.25,1011.7333333333332,0.0,0.07666666666666666,27.45,137.31666666666663,1.633333333333333,7275.166666666667,-106.16666666666667,-1.5166666666666664,1.0,2025-06-11T18:12:24.410544384Z
20621.166666666668,100.0,56.916666666666664,1011.7333333333332,0.0,0.07666666666666666,26.86666666666667,117.88333333333333,1.7166666666666668,7277.166666666667,-106.5,-2.5,1.0,2025-06-11T18:23:04.449719296Z
20736.25,100.0,58.75,1011.8,0.0,0.0825,26.25,139.82500000000002,1.7,8001.0,-105.5,0.07499999999999996,1.0,2025-06-11T18:33:38.526178816Z
20624.5,100.0,58.916666666666664,1011.8666666666668,0.0,0.07666666666666666,25.866666666666664,108.64999999999999,1.6500000000000001,7280.833333333333,-107.66666666666667,-1.6166666666666665,1.0,2025-06-11T18:42:24.738135296Z
20626.5,100.0,61.75,1012.0166666666665,0.0,0.06,25.2,122.9833333333333,1.25,7282.833333333333,-106.16666666666667,-1.3666666666666665,1.0,2025-06-11T18:53:04.735332352Z
20753.6,100.0,65.3,1011.9799999999999,0.0,0.04,24.42,119.72,1.06,8439.8,-104.4,-1.9,1.0,2025-06-11T19:03:08.990258432Z
20630.166666666668,100.0,66.66666666666667,1012.1,0.0,0.04,23.916666666666668,181.25,1.0166666666666666,7286.5,-105.33333333333333,-1.8833333333333335,1.0,2025-06-11T19:12:24.393718528Z
20632.166666666668,100.0,67.08333333333333,1012.2166666666666,0.0,0.04,23.616666666666664,127.81666666666665,1.0166666666666666,7288.5,-103.33333333333333,-3.5833333333333335,1.0,2025-06-11T19:23:04.403241984Z
20759.4,100.0,67.3,1012.22,0.0,0.048,23.36,177.1,0.9199999999999999,8445.6,-104.8,0.22000000000000006,1.0,2025-06-11T19:33:08.961183232Z
20761.2,100.0,68.1,1012.3399999999999,0.0,0.048,23.08,89.6,0.64,8447.4,-106.0,-0.039999999999999855,1.0,2025-06-11T19:42:20.969126912Z
20637.5,100.0,69.16666666666667,1012.5,0.0,0.04,22.78333333333333,106.0,0.8833333333333334,7294.166666666667,-105.83333333333333,-1.2333333333333332,1.0,2025-06-11T19:53:04.352786688Z
20765.0,100.0,69.1,1012.6,0.0,0.048,22.740000000000002,126.16000000000001,0.8,8451.4,-105.6,0.8400000000000001,1.0,2025-06-11T20:03:08.937281024Z
20641.166666666668,100.0,71.16666666666667,1012.6666666666665,0.0,0.04,22.416666666666668,179.54999999999998,0.8833333333333333,7297.833333333333,-106.83333333333333,-1.7166666666666668,1.0,2025-06-11T20:12:24.301690880Z
20643.166666666668,100.0,72.25,1012.8000000000001,0.0,0.04,22.150000000000002,244.41666666666666,0.9666666666666668,7299.833333333333,-106.5,-2.8000000000000003,1.0,2025-06-11T20:23:04.295117824Z
20770.8,100.0,71.7,1012.8,0.0,0.048,22.18,226.60000000000005,0.8800000000000001,8457.2,-104.0,0.41999999999999993,1.0,2025-06-11T20:33:08.974845440Z
20772.6,100.0,72.8,1012.9200000000001,0.0,0.048,22.0,128.04,0.86,8459.2,-105.4,-2.3800000000000003,1.0,2025-06-11T20:43:32.961886208Z
20648.5,100.0,74.08333333333333,1012.9666666666667,0.0,0.04,21.683333333333337,109.10000000000001,1.05,7305.5,-105.0,-1.3333333333333333,1.0,2025-06-11T20:53:04.248762368Z
20764.25,100.0,74.375,1013.05,0.0,0.06,21.575000000000003,87.75,0.95,8029.5,-104.5,-2.575,1.0,2025-06-11T21:02:23.393404928Z
20651.833333333332,100.0,76.5,1013.0666666666666,0.0,0.04,21.21666666666667,95.60000000000001,0.9,7309.166666666667,-106.83333333333333,-1.0666666666666664,1.0,2025-06-11T21:12:24.249094144Z
20653.833333333332,100.0,76.58333333333333,1013.15,0.0,0.04,21.11666666666667,101.13333333333333,0.65,7311.166666666667,-107.16666666666667,-4.316666666666667,1.0,2025-06-11T21:23:04.224906496Z
20781.8,100.0,88.1,2121.3,51.0,131.118,16.7,64.8,1310.98,8468.8,-106.2,-2.2399999999999998,1.0,2025-06-11T21:33:09.274523904Z
20783.6,100.0,78.8,1013.1600000000001,0.0,0.048,20.76,163.76,0.45999999999999996,8470.8,-104.6,-1.5799999999999996,1.0,2025-06-11T21:43:32.815863296Z
20659.166666666668,100.0,79.75,1013.2666666666668,0.0,0.043333333333333335,20.56666666666667,210.78333333333333,0.31666666666666665,7316.833333333333,-106.33333333333333,-1.3333333333333333,1.0,2025-06-11T21:53:04.193497856Z
20787.4,100.0,80.3,1013.26,0.0,0.052000000000000005,20.4,209.02000000000004,0.36,8474.6,-104.6,-1.3399999999999999,1.0,2025-06-11T22:03:08.804025856Z
20627.8,100.0,82.6,1013.4200000000001,0.0,0.05600000000000001,20.139999999999997,33.08,0.45999999999999996,6742.4,-106.8,-1.7,1.0,2025-06-11T22:11:38.876055552Z
20664.5,99.83333333333333,82.41666666666667,1013.35,0.0,0.04666666666666667,20.016666666666666,266.0833333333333,0.39999999999999997,7322.5,-107.5,-2.966666666666667,1.0,2025-06-11T22:23:04.163752704Z
20792.8,99.4,83.2,1013.26,0.0,0.05800000000000001,19.88,123.96,0.58,8480.4,-104.8,0.4,1.0,2025-06-11T22:33:08.775629312Z
20668.166666666668,99.33333333333333,82.91666666666667,1013.2333333333332,0.0,0.053333333333333344,19.916666666666668,48.73333333333333,0.5166666666666666,7326.166666666667,-106.5,-3.483333333333334,1.0,2025-06-11T22:42:24.177764352Z
20635.2,99.4,82.9,1013.3199999999999,0.0,0.066,19.94,97.8,0.5,6750.0,-106.8,-1.38,1.0,2025-06-11T22:52:26.828983808Z
20940.333333333332,99.33333333333333,83.5,1012.9000000000001,0.0,0.05333333333333334,19.8,160.8,0.7333333333333334,10220.333333333334,-105.33333333333333,-1.4000000000000001,1.0,2025-06-11T23:02:53.988181248Z
20672.833333333332,98.66666666666667,83.66666666666667,1013.1666666666665,0.0,0.06,19.783333333333335,110.39999999999999,0.7833333333333333,7331.833333333333,-106.16666666666667,-0.28333333333333305,1.0,2025-06-11T23:12:24.117512192Z
20801.4,98.6,84.3,1013.14,0.0,0.06799999999999999,19.6,218.73999999999995,0.52,8490.0,-105.4,-0.30000000000000016,1.0,2025-06-11T23:22:44.730471936Z
20803.2,98.2,84.9,1013.1200000000001,0.0,0.06799999999999999,19.44,283.12,0.52,8492.0,-106.2,-2.78,1.0,2025-06-11T23:33:08.715221248Z
20678.166666666668,98.0,86.16666666666667,1013.1999999999998,0.0,0.06,19.25,136.70000000000002,0.4833333333333334,7337.5,-105.0,-6.033333333333334,1.0,2025-06-11T23:42:24.120641792Z
20680.166666666668,98.0,87.0,1013.1833333333333,0.0,0.06,18.966666666666665,191.73333333333332,0.6999999999999998,7339.5,-105.33333333333333,-2.3333333333333335,1.0,2025-06-11T23:53:04.069776640Z
20809.0,98.0,87.3,1013.04,0.0,0.06799999999999999,19.060000000000002,201.42,0.9199999999999999,8497.8,-107.0,-1.3,1.0,2025-06-12T00:03:09.115574016Z
20683.833333333332,97.83333333333333,86.41666666666667,1013.0499999999998,0.0,0.06,19.233333333333334,158.46666666666667,1.3333333333333333,7343.166666666667,-106.5,-3.5500000000000003,1.0,2025-06-12T00:12:24.053717760Z
20685.833333333332,97.66666666666667,85.5,1013.0666666666666,0.0,0.06,19.400000000000002,158.04999999999998,1.4000000000000001,7345.166666666667,-105.66666666666667,-6.25,1.0,2025-06-12T00:23:04.045280000Z
20814.8,97.4,85.9,1013.1200000000001,0.0,0.06799999999999999,19.2,165.8,1.04,8503.6,-103.2,-0.04000000000000017,1.0,2025-06-12T00:33:08.648582400Z
20689.5,97.0,86.5,1013.1999999999999,0.0,0.06,18.983333333333334,99.21666666666668,1.1666666666666667,7348.833333333333,-107.83333333333333,-2.3333333333333335,1.0,2025-06-12T00:42:24.032123648Z
20818.6,96.8,87.4,1013.18,0.0,0.06799999999999999,18.76,155.51999999999998,0.9400000000000001,8507.4,-106.6,-1.0,1.0,2025-06-12T00:52:45.115559424Z
21011.5,97.0,87.875,1013.15,0.0,0.08,18.625,158.57500000000002,0.525,10244.5,-103.25,-1.0,1.0,2025-06-12T01:03:45.553452032Z
20822.0,96.4,88.5,1013.32,0.0,0.06799999999999999,18.54,69.67999999999999,0.8,8511.4,-104.6,-1.6400000000000006,1.0,2025-06-12T01:13:32.611328512Z
20696.166666666668,96.0,89.16666666666667,1013.35,0.0,0.06,18.433333333333334,80.25,0.8666666666666668,7356.5,-106.0,-3.1833333333333336,1.0,2025-06-12T01:23:03.987969024Z
21017.5,96.0,89.0,1013.175,0.0,0.08,18.275,220.2,0.45,10250.5,-103.75,-1.5750000000000002,1.0,2025-06-12T01:33:45.529884928Z
20699.5,95.16666666666667,90.16666666666667,1013.3000000000001,0.0,0.06,18.2,157.78333333333333,0.9,7360.166666666667,-106.16666666666667,-4.283333333333333,1.0,2025-06-12T01:42:23.968930560Z
20701.5,95.0,97.0,1936.75,42.5,109.28499999999998,15.050000000000002,229.35000000000002,1093.1166666666666,7362.166666666667,-105.33333333333333,-0.4166666666666667,1.0,2025-06-12T01:53:04.320076032Z
20831.4,95.0,91.2,1013.24,0.0,0.072,18.080000000000002,253.94,0.6,8521.0,-107.0,-1.9,1.0,2025-06-12T02:03:08.564907776Z
20705.166666666668,95.0,91.66666666666667,1013.3833333333333,0.0,0.06333333333333334,18.066666666666666,218.03333333333333,0.5166666666666667,7365.833333333333,-106.5,-1.816666666666667,1.0,2025-06-12T02:12:23.999032320Z
20835.2,94.6,92.1,1013.4399999999999,0.0,0.074,17.880000000000003,214.64000000000001,0.42000000000000004,8525.0,-105.4,-1.9799999999999998,1.0,2025-06-12T02:23:56.552278784Z
20837.0,94.6,91.6,1013.5,0.0,0.074,17.720000000000002,252.64000000000004,0.4800000000000001,8526.8,-105.4,-0.16000000000000014,1.0,2025-06-12T02:33:08.549698304Z
20838.8,94.4,92.2,1013.5199999999999,0.0,0.076,17.48,160.6,0.28,8528.6,-107.0,-3.2,1.0,2025-06-12T02:42:20.528466432Z
20712.166666666668,94.0,93.5,1013.5833333333334,0.0,0.06999999999999999,17.233333333333338,267.3833333333333,0.38333333333333336,7373.5,-106.83333333333333,-3.6999999999999997,1.0,2025-06-12T02:53:03.888735488Z
20842.6,94.0,93.7,1013.5800000000002,0.0,0.078,17.1,257.76,0.6000000000000001,8532.6,-104.6,-4.34,1.0,2025-06-12T03:03:08.554196992Z
20715.833333333332,94.0,94.25,1013.65,0.0,0.06999999999999999,16.983333333333334,278.31666666666666,0.6666666666666666,7377.166666666667,-105.83333333333333,-1.9833333333333332,1.0,2025-06-12T03:12:23.868685056Z
20846.4,93.6,94.7,1013.64,0.0,0.078,16.599999999999998,263.04,0.43999999999999995,8536.4,-106.0,-3.9799999999999995,1.0,2025-06-12T03:22:44.487165952Z
20848.2,93.6,95.6,1013.74,0.0,0.078,16.660000000000004,228.16,0.42000000000000004,8538.4,-106.0,-1.36,1.0,2025-06-12T03:33:08.474120704Z
20721.166666666668,93.5,95.75,1013.8333333333335,0.0,0.06999999999999999,16.533333333333335,246.94999999999996,0.23333333333333336,7382.833333333333,-108.0,-2.483333333333333,1.0,2025-06-12T03:42:23.846430720Z
21045.5,92.5,96.0,1013.8,0.0,0.09,16.6,229.95,0.425,10278.5,-102.5,1.775,1.0,2025-06-12T03:53:45.399504640Z
20840.5,92.75,96.0,1014.0999999999999,0.0,0.1025,16.475,263.29999999999995,0.35,8110.0,-104.5,-2.2750000000000004,1.0,2025-06-12T04:02:23.009683456Z
20632.6,92.6,96.1,1013.9799999999999,0.0,0.05600000000000001,16.7,253.57999999999998,0.36,6809.6,-108.2,-4.74,1.0,2025-06-12T04:11:36.462613760Z
20691.2,92.6,96.2,1014.24,0.0,0.092,17.119999999999997,305.91999999999996,0.5,6811.8,-105.0,-4.3,1.0,2025-06-12T04:23:26.549043200Z
20858.2,92.2,95.8,1014.1600000000001,0.0,0.08199999999999999,17.5,293.24,0.54,8550.0,-104.8,-0.6,1.0,2025-06-12T04:33:08.416345856Z
20730.833333333332,92.33333333333333,94.5,1014.2833333333333,0.0,0.08,18.0,306.2,0.4333333333333333,7394.166666666667,-106.66666666666667,-0.9666666666666667,1.0,2025-06-12T04:42:23.780557568Z
20696.6,92.4,92.2,1014.4399999999999,0.0,0.096,18.86,318.00000000000006,0.42000000000000004,6817.2,-105.4,-2.62,1.0,2025-06-12T04:52:26.508626176Z
20863.6,92.2,91.1,1014.3399999999999,0.0,0.08399999999999999,19.18,244.64000000000001,0.44000000000000006,8555.8,-106.2,-4.1,1.0,2025-06-12T05:03:08.387744000Z
20736.166666666668,92.33333333333333,88.75,1014.4333333333334,0.0,0.08,19.883333333333336,307.36666666666673,0.6333333333333333,7399.833333333333,-104.5,-2.8000000000000003,1.0,2025-06-12T05:12:23.788086528Z
20738.166666666668,92.33333333333333,86.66666666666667,1014.5166666666668,0.0,0.08,20.633333333333336,199.33333333333334,0.6833333333333332,7401.833333333333,-107.33333333333333,-4.066666666666666,1.0,2025-06-12T05:23:03.739022592Z
20869.4,93.0,84.5,1014.5600000000001,0.0,0.08399999999999999,21.22,256.88,0.72,8561.6,-105.6,-0.96,1.0,2025-06-12T05:33:08.356794368Z
20741.833333333332,93.0,82.58333333333333,1014.5666666666666,0.0,0.08166666666666667,21.883333333333336,262.9166666666667,0.7333333333333333,7405.5,-106.0,-7.016666666666667,1.0,2025-06-12T05:42:23.725312768Z
20743.833333333332,94.0,80.58333333333333,1014.5500000000001,0.0,0.08333333333333333,22.45,336.81666666666666,0.9666666666666667,7407.5,-104.83333333333333,-2.033333333333333,1.0,2025-06-12T05:53:03.721811712Z
20875.2,94.4,79.5,1014.5800000000002,0.0,0.088,22.759999999999998,147.02,0.8400000000000001,8567.4,-105.2,-1.44,1.0,2025-06-12T06:03:08.340209152Z
20747.5,94.66666666666667,76.91666666666667,1014.6999999999999,0.0,0.08666666666666667,23.433333333333334,187.15,1.1333333333333335,7411.166666666667,-106.5,-2.1,1.0,2025-06-12T06:12:23.742096384Z
20749.5,94.66666666666667,74.91666666666667,1014.7166666666667,0.0,0.08666666666666667,24.083333333333332,212.13333333333333,1.05,7413.166666666667,-106.66666666666667,-3.0500000000000003,1.0,2025-06-12T06:23:03.712761600Z
20881.0,95.4,72.6,1014.64,0.0,0.092,24.52,200.66,0.8800000000000001,8573.2,-105.2,-0.6599999999999999,1.0,2025-06-12T06:33:08.308021760Z
20753.166666666668,96.33333333333333,71.25,1014.6999999999999,0.0,0.08666666666666667,25.066666666666663,219.01666666666665,1.0166666666666666,7416.833333333333,-105.83333333333333,-2.716666666666667,1.0,2025-06-12T06:42:23.664359680Z
20718.8,97.6,67.6,1014.7,0.0,0.10400000000000001,25.740000000000002,257.32,0.9400000000000002,6839.8,-107.6,-3.0799999999999996,1.0,2025-06-12T06:53:26.404822016Z
20886.4,98.4,64.8,1014.6200000000001,0.0,0.092,26.24,201.5,1.0,8579.0,-106.0,-4.14,1.0,2025-06-12T07:03:08.291418880Z
20758.5,99.66666666666667,62.083333333333336,1014.7333333333335,0.0,0.09333333333333334,26.716666666666665,240.2166666666667,0.7333333333333334,7422.5,-106.0,-1.0833333333333333,1.0,2025-06-12T07:12:23.646956800Z
20760.5,99.66666666666667,58.833333333333336,1014.8000000000001,0.0,0.10000000000000002,27.26666666666667,247.98333333333335,0.85,7424.5,-106.5,-2.266666666666667,1.0,2025-06-12T07:23:03.681994496Z
20892.2,99.8,56.3,1014.8399999999999,0.0,0.1,27.440000000000005,144.88,1.08,8584.8,-105.2,-3.1199999999999997,1.0,2025-06-12T07:33:08.702156288Z
20764.166666666668,100.0,55.416666666666664,1014.8666666666667,0.0,0.10000000000000002,27.816666666666666,164.38333333333335,0.6333333333333333,7428.166666666667,-107.0,-2.1666666666666665,1.0,2025-06-12T07:42:23.636637696Z
20766.166666666668,100.0,53.5,1014.9,0.0,0.10000000000000002,28.3,38.016666666666666,0.85,7430.166666666667,-104.5,-2.6666666666666665,1.0,2025-06-12T07:53:03.620907264Z
20898.0,100.0,51.5,1014.9200000000001,0.0,0.1,28.48,147.76000000000002,1.16,8590.6,-106.2,-2.4199999999999995,1.0,2025-06-12T08:03:08.233143808Z
20769.833333333332,100.0,51.583333333333336,1014.9499999999999,0.0,0.10000000000000002,28.833333333333332,127.68333333333332,1.0833333333333333,7433.833333333333,-107.0,-2.533333333333333,1.0,2025-06-12T08:12:23.971934208Z
20771.833333333332,100.0,51.5,1014.9666666666667,0.0,0.10000000000000002,28.88333333333333,127.23333333333333,1.0999999999999999,7435.833333333333,-106.33333333333333,-4.066666666666667,1.0,2025-06-12T08:23:03.631814400Z
20903.8,100.0,49.9,1014.9200000000001,0.0,0.1,29.24,176.5,0.6599999999999999,8596.4,-103.0,-0.96,1.0,2025-06-12T08:33:08.214050560Z
20775.5,100.0,47.916666666666664,1015.0166666666668,0.0,0.10000000000000002,29.48333333333333,107.39999999999999,0.8500000000000001,7439.5,-107.66666666666667,-3.4166666666666665,1.0,2025-06-12T08:42:23.585189888Z
20777.5,100.0,48.166666666666664,1014.9666666666667,0.0,0.10000000000000002,29.71666666666667,194.83333333333337,1.0166666666666666,7441.5,-105.66666666666667,-2.75,1.0,2025-06-12T08:53:03.578631168Z
20909.6,100.0,47.0,1014.9,0.0,0.1,29.9,179.99999999999997,1.06,8602.2,-105.8,-1.64,1.0,2025-06-12T09:03:08.201301760Z
20744.6,100.0,45.0,1015.04,0.0,0.12000000000000002,29.98,123.6,1.1400000000000001,6865.6,-106.8,-0.5200000000000001,1.0,2025-06-12T09:11:38.311662848Z
20782.833333333332,100.0,43.916666666666664,1015.0000000000001,0.0,0.10000000000000002,30.233333333333334,203.95000000000002,1.1333333333333333,7447.166666666667,-107.0,-2.1999999999999997,1.0,2025-06-12T09:23:03.559307008Z
20830.0,100.0,44.125,1014.975,0.0,0.07500000000000001,30.45,165.375,1.525,8173.25,-105.75,-0.875,1.0,2025-06-12T09:32:20.174962176Z
20786.166666666668,100.0,43.666666666666664,1014.9666666666667,0.0,0.10333333333333335,30.466666666666665,194.9,1.3500000000000003,7450.833333333333,-109.0,-7.216666666666666,1.0,2025-06-12T09:42:24.103351040Z
20788.166666666668,100.0,42.0,1014.9166666666665,0.0,0.10666666666666667,30.7,100.73333333333333,1.5999999999999999,7452.833333333333,-105.66666666666667,-1.7166666666666668,1.0,2025-06-12T09:53:03.542822144Z
20920.4,100.0,42.3,1014.76,0.0,0.10400000000000001,31.059999999999995,122.28000000000002,1.6199999999999999,8613.8,-106.8,-2.34,1.0,2025-06-12T10:03:08.199792128Z
20755.2,100.0,42.0,1014.8,0.0,0.128,30.78,129.6,2.8,6876.8,-105.2,-3.5,1.0,2025-06-12T10:11:38.288065024Z
20793.5,100.0,40.583333333333336,1014.6500000000001,0.0,0.10666666666666667,31.166666666666668,93.34999999999998,1.05,7458.5,-107.16666666666667,-3.8666666666666667,1.0,2025-06-12T10:23:03.531585280Z
20925.8,100.0,39.2,1014.54,0.0,0.024,31.52,161.62,1.54,8619.6,-105.2,0.74,1.0,2025-06-12T10:33:08.228815360Z
20797.166666666668,100.0,39.083333333333336,1014.5166666666665,0.0,0.04,31.533333333333335,123.75,1.7833333333333332,7462.166666666667,-106.16666666666667,-2.4333333333333336,1.0,2025-06-12T10:42:23.518904576Z
20799.166666666668,100.0,38.333333333333336,1014.4333333333333,0.0,0.04,31.749999999999996,168.21666666666667,1.8666666666666665,7464.166666666667,-105.66666666666667,-2.183333333333333,1.0,2025-06-12T10:53:03.520462592Z
20931.6,100.0,39.0,1014.4,0.0,0.024,32.0,108.94000000000001,1.4,8625.4,-103.6,-2.9200000000000004,1.0,2025-06-12T11:03:08.137592064Z
20802.833333333332,100.0,37.583333333333336,1014.3000000000001,0.0,0.04,32.03333333333333,87.5,2.2333333333333334,7467.833333333333,-104.83333333333333,-2.6833333333333336,1.0,2025-06-12T11:12:23.509728000Z
20804.833333333332,100.0,37.833333333333336,1014.35,0.0,0.04,32.13333333333333,156.75,1.25,7469.833333333333,-106.33333333333333,-1.7166666666666661,1.0,2025-06-12T11:23:03.517246720Z
21085.333333333332,100.0,37.5,1014.1666666666666,0.0,0.0,32.93333333333334,149.46666666666667,0.9666666666666667,10370.333333333334,-103.0,1.4333333333333333,1.0,2025-06-12T11:32:53.284541440Z
20807.833333333332,100.0,37.916666666666664,1014.2166666666667,0.0,0.04,32.38333333333333,131.3,1.8500000000000003,7473.5,-107.66666666666667,-3.5,1.0,2025-06-12T11:42:23.534082816Z
20809.833333333332,100.0,37.666666666666664,1014.1833333333334,0.0,0.04,32.45,140.4666666666667,2.1,7475.5,-105.5,-0.3000000000000001,1.0,2025-06-12T11:53:03.494661888Z
20942.6,100.0,36.6,1014.0799999999999,0.0,0.024,32.7,159.29999999999998,2.1,8637.0,-105.0,-1.6200000000000003,1.0,2025-06-12T12:03:08.127565824Z
20944.4,100.0,37.4,1014.0799999999999,0.0,0.024,32.98,119.54,1.3,8638.8,-104.6,-0.25999999999999995,1.0,2025-06-12T12:12:20.120388608Z
20778.2,100.0,35.1,1014.0799999999999,0.0,0.048,32.86,86.46000000000001,1.3199999999999998,6901.4,-106.2,-2.96,1.0,2025-06-12T12:23:26.672293888Z
20947.8,100.0,35.0,1013.9599999999998,0.0,0.024,33.46,124.56000000000002,1.48,8642.8,-104.4,0.74,1.0,2025-06-12T12:33:08.116328960Z
20818.5,100.0,36.5,1013.9666666666666,0.0,0.04,33.23333333333334,124.28333333333332,1.8166666666666664,7484.833333333333,-107.5,-3.5833333333333335,1.0,2025-06-12T12:42:23.513117696Z
20820.5,100.0,36.25,1013.9166666666665,0.0,0.04,33.24999999999999,134.15,1.7166666666666666,7486.833333333333,-106.66666666666667,-1.5666666666666664,1.0,2025-06-12T12:53:03.837459200Z
20953.6,100.0,35.6,1013.76,0.0,0.024,33.44,194.22000000000003,1.72,8648.6,-104.8,-3.1,1.0,2025-06-12T13:03:08.098807296Z
20787.2,100.0,36.8,1013.8799999999999,0.0,0.048,32.94,244.56,2.04,6910.6,-105.8,-1.0800000000000005,1.0,2025-06-12T13:12:38.229526528Z
20825.833333333332,100.0,37.083333333333336,1013.8833333333333,0.0,0.04,33.28333333333333,200.81666666666663,1.7666666666666666,7492.5,-106.5,-2.6666666666666665,1.0,2025-06-12T13:23:03.472541696Z
20959.0,100.0,36.6,1013.7800000000001,0.0,0.024,33.720000000000006,130.18,1.7399999999999998,8654.4,-105.0,-0.21999999999999992,1.0,2025-06-12T13:33:08.094356224Z
20829.5,100.0,39.0,1013.7333333333332,0.0,0.04,33.25,144.74999999999997,2.266666666666667,7496.166666666667,-106.66666666666667,-2.283333333333333,1.0,2025-06-12T13:42:23.456621824Z
20794.6,100.0,40.4,1013.74,0.0,0.048,33.160000000000004,79.74,2.2199999999999998,6918.2,-105.6,-1.3399999999999996,1.0,2025-06-12T13:53:26.650091520Z
20964.4,100.0,40.1,1013.5799999999999,0.0,0.024,33.44,189.84,2.18,8660.2,-105.8,0.2200000000000001,1.0,2025-06-12T14:03:08.085714176Z
20834.833333333332,100.0,40.833333333333336,1013.7333333333332,0.0,0.04,33.35,112.11666666666667,2.1166666666666667,7501.833333333333,-106.66666666666667,-1.9166666666666667,1.0,2025-06-12T14:12:23.442610432Z
20836.833333333332,100.0,40.0,1013.6500000000001,0.0,0.04,33.46666666666667,76.28333333333333,2.1,7503.833333333333,-106.83333333333333,-1.5166666666666668,1.0,2025-06-12T14:23:03.452455680Z
20970.2,100.0,39.7,1013.5799999999999,0.0,0.024,33.74,158.0,2.1599999999999997,8666.0,-103.8,1.0,1.0,2025-06-12T14:33:08.076521472Z
20840.5,100.0,38.583333333333336,1013.6500000000001,0.0,0.04,33.51666666666667,114.98333333333335,2.066666666666667,7507.5,-107.0,-3.8333333333333335,1.0,2025-06-12T14:42:23.457470208Z
20842.5,100.0,38.833333333333336,1013.6500000000001,0.0,0.04,33.36666666666667,126.58333333333333,2.0833333333333335,7509.5,-104.16666666666667,-2.716666666666667,1.0,2025-06-12T14:53:03.481075968Z
20976.0,100.0,39.7,1013.5200000000001,0.0,0.024,33.38,133.6,1.8800000000000001,8671.8,-105.4,-1.1600000000000001,1.0,2025-06-12T15:03:08.093538816Z
20809.2,100.0,40.3,1013.6200000000001,0.0,0.048,32.86,77.41999999999999,2.66,6933.0,-105.0,-1.0399999999999998,1.0,2025-06-12T15:12:38.197416448Z
20847.833333333332,100.0,38.916666666666664,1013.5666666666666,0.0,0.04,33.11666666666667,180.3166666666667,2.25,7515.166666666667,-105.66666666666667,-1.2833333333333332,1.0,2025-06-12T15:23:03.437513472Z
20981.4,100.0,39.4,1013.4200000000001,0.0,0.024,33.019999999999996,112.08,2.38,8677.6,-104.6,0.11999999999999993,1.0,2025-06-12T15:33:08.064254464Z
20851.5,100.0,40.0,1013.5333333333334,0.0,0.04,32.699999999999996,106.81666666666666,2.533333333333333,7518.833333333333,-107.5,-2.4000000000000004,1.0,2025-06-12T15:42:23.412534272Z
20853.5,100.0,40.0,1013.4833333333332,0.0,0.04,32.516666666666666,167.35000000000002,1.9000000000000001,7520.833333333333,-106.33333333333333,-0.9666666666666667,1.0,2025-06-12T15:53:03.409212416Z
20987.2,100.0,40.6,1013.3799999999999,0.0,0.024,32.5,123.94000000000001,2.0,8683.4,-105.2,-0.44000000000000006,1.0,2025-06-12T16:03:08.095531264Z
20857.166666666668,100.0,40.75,1013.4333333333334,0.0,0.04,32.1,104.58333333333336,2.5,7524.5,-105.66666666666667,-1.2499999999999998,1.0,2025-06-12T16:12:23.399319552Z
20991.0,100.0,41.7,1013.4199999999998,0.0,0.024,31.8,160.34,1.9599999999999997,8687.4,-103.4,-3.84,1.0,2025-06-12T16:23:56.037210112Z
20992.8,100.0,41.6,1013.4,0.0,0.024,31.6,156.9,2.1,8689.2,-102.8,1.7,1.0,2025-06-12T16:33:08.039441920Z
20994.6,100.0,43.2,1013.4,0.0,0.024,31.26,152.56,2.0200000000000005,8691.0,-106.8,-0.8399999999999999,1.0,2025-06-12T16:42:20.021850624Z
20996.4,100.0,42.8,1013.4399999999999,0.0,0.024,30.96,178.36,2.02,8693.2,-105.6,0.68,1.0,2025-06-12T16:53:56.031318016Z
20998.2,100.0,43.9,1013.46,0.0,0.024,30.620000000000005,131.88,1.6800000000000002,8695.0,-104.6,-2.3600000000000003,1.0,2025-06-12T17:03:08.058057216Z
20867.5,100.0,43.916666666666664,1013.5500000000001,0.0,0.043333333333333335,30.233333333333338,108.0,2.216666666666667,7535.833333333333,-104.83333333333333,-0.5333333333333332,1.0,2025-06-12T17:12:23.374072576Z
20869.5,100.0,44.666666666666664,1013.6333333333333,0.0,0.04666666666666667,29.900000000000002,149.45000000000002,2.516666666666666,7537.833333333333,-106.83333333333333,-0.8333333333333334,1.0,2025-06-12T17:23:03.726412800Z
21004.0,100.0,44.8,1013.6,0.0,0.028000000000000004,29.580000000000002,174.14000000000001,1.9600000000000002,8700.8,-103.4,0.9,1.0,2025-06-12T17:33:08.007467520Z
20873.166666666668,100.0,45.25,1013.7999999999998,0.0,0.04666666666666667,29.16666666666666,156.78333333333333,1.8999999999999997,7541.5,-105.0,-1.3333333333333333,1.0,2025-06-12T17:42:23.352293120Z
20875.166666666668,100.0,47.416666666666664,1013.85,0.0,0.04833333333333334,28.71666666666667,140.53333333333333,1.5333333333333332,7543.5,-103.66666666666667,-3.1166666666666667,1.0,2025-06-12T17:53:03.361612800Z
21009.8,100.0,47.7,1013.8800000000001,0.0,0.03,28.2,180.51999999999998,1.4,8706.6,-106.0,0.5799999999999998,1.0,2025-06-12T18:03:07.979638272Z
20878.833333333332,100.0,47.833333333333336,1014.0333333333333,0.0,0.049999999999999996,27.766666666666666,167.63333333333333,1.5999999999999999,7547.166666666667,-105.5,-0.9333333333333331,1.0,2025-06-12T18:12:23.361585920Z
20880.833333333332,100.0,48.916666666666664,1014.15,0.0,0.049999999999999996,27.233333333333334,153.1,1.6666666666666667,7549.166666666667,-105.0,-1.7833333333333332,1.0,2025-06-12T18:23:03.330307072Z
21015.6,100.0,50.6,1014.1800000000001,0.0,0.03,26.639999999999997,160.98,1.44,8712.4,-105.0,0.040000000000000036,1.0,2025-06-12T18:33:07.952355584Z
20884.5,100.0,52.833333333333336,1014.2666666666665,0.0,0.049999999999999996,26.13333333333333,160.68333333333334,1.3166666666666667,7552.833333333333,-107.0,-3.0,1.0,2025-06-12T18:42:23.299702528Z
20886.5,100.0,53.916666666666664,1014.3666666666668,0.0,0.02666666666666667,25.583333333333332,105.76666666666667,1.5,7554.833333333333,-104.16666666666667,-3.1999999999999997,1.0,2025-06-12T18:53:03.290118144Z
21007.75,100.0,54.75,1014.4,0.0,0.0125,25.05,146.475,1.3499999999999999,8282.5,-105.75,-1.5250000000000001,1.0,2025-06-12T19:02:22.574127360Z
20889.833333333332,100.0,57.583333333333336,1014.4500000000002,0.0,0.02,24.566666666666666,122.78333333333332,0.8500000000000001,7558.5,-106.0,-1.6000000000000003,1.0,2025-06-12T19:12:23.305070336Z
20891.833333333332,100.0,60.583333333333336,1014.6333333333333,0.0,0.02666666666666667,23.96666666666667,176.66666666666666,0.9833333333333334,7560.5,-106.83333333333333,-2.9000000000000004,1.0,2025-06-12T19:23:03.252797696Z
21013.25,100.0,61.125,1014.775,0.0,0.04,23.575000000000003,161.175,1.1749999999999998,8288.5,-106.5,-1.675,1.0,2025-06-12T19:33:37.521324032Z
21028.2,100.0,61.4,1014.8,0.0,0.032,23.36,63.05999999999999,0.82,8725.8,-104.6,-1.5600000000000003,1.0,2025-06-12T19:42:19.900121088Z
20896.833333333332,100.0,62.666666666666664,1015.0,0.0,0.02666666666666667,23.03333333333333,78.23333333333333,1.0,7566.166666666667,-107.16666666666667,-4.416666666666667,1.0,2025-06-12T19:53:03.230384128Z
20945.25,100.0,64.0,1014.9749999999999,0.0,0.02,22.725,292.6,0.625,8294.0,-107.5,-2.1500000000000004,1.0,2025-06-12T20:02:19.735559680Z
20900.166666666668,100.0,64.91666666666667,1015.1999999999999,0.0,0.02666666666666667,22.51666666666667,188.4333333333333,0.9833333333333334,7569.833333333333,-107.83333333333333,-6.1499999999999995,1.0,2025-06-12T20:12:23.586612480Z
20902.166666666668,100.0,65.91666666666667,1015.1999999999999,0.0,0.02666666666666667,22.416666666666668,177.38333333333333,1.05,7571.833333333333,-105.83333333333333,-2.9,1.0,2025-06-12T20:23:03.602342144Z
21237.5,100.0,66.5,1015.05,0.0,0.04,22.200000000000003,142.45,0.75,10478.5,-101.75,3.125,1.0,2025-06-12T20:33:44.797397504Z
21025.25,100.0,68.125,1015.325,0.0,0.04,21.924999999999997,106.975,0.95,8302.0,-106.75,-0.75,1.0,2025-06-12T20:44:07.473103104Z
20906.833333333332,100.0,68.66666666666667,1015.3166666666667,0.0,0.02666666666666667,21.86666666666667,117.06666666666666,0.9,7577.5,-105.16666666666667,-3.283333333333333,1.0,2025-06-12T20:53:03.163306752Z
21042.4,100.0,69.2,1015.3,0.0,0.032,21.68,132.45999999999998,0.82,8741.4,-105.0,-0.2,1.0,2025-06-12T21:03:07.832194560Z
20910.5,100.0,70.0,1015.3333333333335,0.0,0.02666666666666667,21.633333333333336,105.38333333333333,0.8166666666666665,7581.166666666667,-104.66666666666667,-1.5,1.0,2025-06-12T21:12:23.156890624Z
20912.5,100.0,70.83333333333333,1015.3833333333333,0.0,0.02666666666666667,21.616666666666664,117.88333333333333,0.9500000000000001,7583.166666666667,-106.0,-4.333333333333333,1.0,2025-06-12T21:23:03.180802304Z
21048.2,100.0,73.6,1015.46,0.0,0.032,21.2,102.08,0.72,8747.2,-105.8,-1.06,1.0,2025-06-12T21:33:07.777942016Z
20916.166666666668,100.0,73.41666666666667,1015.5499999999998,0.0,0.02666666666666667,21.100000000000005,100.23333333333335,0.7000000000000001,7586.833333333333,-104.66666666666667,-5.366666666666666,1.0,2025-06-12T21:42:23.122887936Z
20918.166666666668,100.0,73.08333333333333,1015.6166666666667,0.0,0.02666666666666667,21.183333333333334,106.01666666666667,0.5833333333333334,7588.833333333333,-104.66666666666667,-0.7999999999999999,1.0,2025-06-12T21:53:03.106202368Z
21054.0,100.0,74.4,1015.64,0.0,0.032,21.0,177.38,0.52,8753.0,-105.2,0.31999999999999995,1.0,2025-06-12T22:03:07.752618496Z
20921.833333333332,100.0,74.91666666666667,1015.7166666666666,0.0,0.02666666666666667,20.96666666666667,155.6,0.45,7592.5,-104.33333333333333,-5.216666666666666,1.0,2025-06-12T22:12:23.081796352Z
21057.8,99.6,74.1,1015.6199999999999,0.0,0.032,21.08,156.26000000000002,0.5599999999999999,8756.8,-105.0,-2.66,1.0,2025-06-12T22:22:43.727442432Z
21059.6,99.6,73.9,1015.4799999999999,0.0,0.032,21.18,134.06,0.54,8758.8,-104.0,0.78,1.0,2025-06-12T22:33:07.774125312Z
20927.166666666668,99.5,75.5,1015.5833333333334,0.0,0.02666666666666667,20.900000000000002,155.36666666666667,0.5166666666666667,7598.166666666667,-106.0,-0.6000000000000002,1.0,2025-06-12T22:42:23.061678336Z
20929.166666666668,98.66666666666667,76.16666666666667,1015.5166666666665,0.0,0.02666666666666667,20.766666666666666,211.5,0.4333333333333333,7600.166666666667,-104.83333333333333,-2.4499999999999997,1.0,2025-06-12T22:53:03.056295168Z
20978.25,98.5,77.125,1015.3499999999999,0.0,0.02,20.700000000000003,168.72500000000002,0.5,8328.5,-106.0,-5.05,1.0,2025-06-12T23:02:19.535949056Z
20932.5,98.66666666666667,79.66666666666667,1015.5,0.0,0.02666666666666667,20.283333333333335,248.23333333333332,0.4666666666666666,7603.833333333333,-106.16666666666667,-2.1999999999999997,1.0,2025-06-12T23:12:23.031118080Z
21068.8,98.4,80.0,1015.4399999999999,0.0,0.032,20.12,208.48000000000002,0.42000000000000004,8768.6,-105.6,-2.2600000000000002,1.0,2025-06-12T23:23:55.680761600Z
21070.6,98.2,79.6,1015.3799999999999,0.0,0.032,20.140000000000004,88.72,0.32,8770.4,-106.2,-1.6800000000000004,1.0,2025-06-12T23:33:07.708347904Z
21072.4,98.2,79.5,1015.3399999999999,0.0,0.032,20.02,126.41999999999999,0.4800000000000001,8772.2,-105.4,-2.9,1.0,2025-06-12T23:42:19.649324032Z
20939.5,97.5,79.75,1015.3666666666668,0.0,0.03,19.900000000000002,97.53333333333332,0.26666666666666666,7611.5,-105.0,-1.4833333333333336,1.0,2025-06-12T23:53:03.721597696Z
21076.2,97.4,80.1,1015.3,0.0,0.036,19.72,207.8,0.36,8776.2,-105.6,-0.1,1.0,2025-06-13T00:03:07.624353024Z
20943.166666666668,97.33333333333333,80.5,1015.4000000000001,0.0,0.03,19.633333333333333,157.28333333333333,0.3666666666666667,7615.166666666667,-106.16666666666667,-2.3333333333333335,1.0,2025-06-13T00:12:23.015024896Z
20945.166666666668,97.33333333333333,81.33333333333333,1015.4166666666666,0.0,0.03,19.666666666666668,233.60000000000005,0.6,7617.166666666667,-105.66666666666667,-2.8833333333333333,1.0,2025-06-13T00:23:02.952055552Z
21082.0,96.6,81.5,1015.2800000000001,0.0,0.036,19.619999999999997,152.44,0.42000000000000004,8782.0,-103.6,-0.020000000000000108,1.0,2025-06-13T00:33:07.613625856Z
20948.833333333332,96.66666666666667,81.83333333333333,1015.3500000000003,0.0,0.03,19.583333333333332,137.13333333333333,0.6166666666666667,7620.833333333333,-107.16666666666667,-1.0,1.0,2025-06-13T00:42:22.974272768Z
20950.833333333332,96.33333333333333,83.83333333333333,1015.35,0.0,0.03,19.250000000000004,153.24999999999997,0.6166666666666666,7622.833333333333,-105.83333333333333,-3.233333333333334,1.0,2025-06-13T00:53:02.939078656Z
21000.5,96.0,84.5,1015.225,0.0,0.025,19.3,267.875,0.45000000000000007,8351.75,-106.5,-4.7250000000000005,1.0,2025-06-13T01:03:34.428637184Z
20954.166666666668,96.0,85.66666666666667,1015.3666666666668,0.0,0.03666666666666667,19.01666666666667,225.11666666666667,0.3166666666666666,7626.5,-106.16666666666667,-2.216666666666667,1.0,2025-06-13T01:12:22.905004032Z
20956.166666666668,96.0,86.91666666666667,1015.3833333333333,0.0,0.03666666666666667,18.766666666666666,88.5,0.25,7628.5,-106.66666666666667,-3.6833333333333336,1.0,2025-06-13T01:23:02.904867072Z
21093.2,95.8,87.2,1015.3799999999999,0.0,0.044,18.740000000000002,135.73999999999998,0.24000000000000005,8793.6,-103.4,-3.6399999999999997,1.0,2025-06-13T01:33:07.548092928Z
20790.5,95.75,87.25,1015.5250000000001,0.0,0.03,18.450000000000003,171.875,0.175,6178.25,-107.0,-4.425,1.0,2025-06-13T01:42:57.127207936Z
21096.2,95.2,87.8,1015.36,0.0,0.048,18.619999999999997,235.28000000000003,0.36,8797.4,-104.6,-0.9399999999999998,1.0,2025-06-13T01:52:43.534999040Z
21098.0,94.4,88.5,1015.3799999999999,0.0,0.048,18.6,255.98000000000002,0.4,8799.4,-104.8,-5.0200000000000005,1.0,2025-06-13T02:03:07.507009024Z
21099.8,94.4,88.3,1015.4199999999998,0.0,0.048,18.479999999999997,273.15999999999997,0.44000000000000006,8801.2,-104.8,-1.0,1.0,2025-06-13T02:12:19.516336640Z
20966.166666666668,94.33333333333333,94.75,1938.4666666666665,42.5,109.245,15.333333333333334,256.98333333333335,1092.55,7639.833333333333,-106.16666666666667,-2.9333333333333336,1.0,2025-06-13T02:23:03.521227776Z
21103.6,94.2,88.4,1015.5199999999999,0.0,0.052000000000000005,18.22,246.56,0.74,8805.2,-104.6,0.6600000000000001,1.0,2025-06-13T02:33:07.478064640Z
21105.4,94.0,88.8,1015.6200000000001,0.0,0.052000000000000005,18.160000000000004,264.8,0.82,8807.2,-106.4,-1.24,1.0,2025-06-13T02:43:31.473011200Z
20874.4,93.8,88.7,1015.72,0.0,0.026000000000000002,18.26,249.42000000000002,0.45999999999999996,7063.6,-106.2,-2.5200000000000005,1.0,2025-06-13T02:52:23.398789120Z
21021.5,93.25,88.5,1015.6750000000001,0.0,0.0325,18.2,237.42499999999998,0.75,8374.75,-105.0,-1.4,1.0,2025-06-13T03:03:34.285471744Z
21110.2,93.4,90.1,1015.8799999999999,0.0,0.052000000000000005,17.88,208.45999999999998,0.38,8812.8,-103.2,-0.6,1.0,2025-06-13T03:12:19.442669056Z
20937.0,93.4,91.5,1016.0600000000001,0.0,0.054000000000000006,17.740000000000002,123.83999999999999,0.5800000000000001,7069.2,-106.0,-2.62,1.0,2025-06-13T03:22:25.608098560Z
21317.5,93.5,90.875,1015.9250000000001,0.0,0.065,17.65,240.50000000000003,0.6,10562.5,-103.5,-1.525,1.0,2025-06-13T03:33:44.408315392Z
20979.166666666668,92.66666666666667,92.33333333333333,1016.0999999999999,0.0,0.04666666666666667,17.5,217.58333333333334,0.45,7654.833333333333,-107.66666666666667,-4.05,1.0,2025-06-13T03:42:22.772732160Z
20981.166666666668,92.5,93.08333333333333,1016.15,0.0,0.05000000000000001,17.616666666666664,261.3666666666667,0.48333333333333334,7656.833333333333,-104.83333333333333,-2.016666666666666,1.0,2025-06-13T03:53:02.794452224Z
21119.2,92.2,92.5,1016.1200000000001,0.0,0.05600000000000001,17.639999999999997,239.82,0.5,8822.6,-104.8,-1.1,1.0,2025-06-13T04:03:07.397507840Z
20984.833333333332,92.0,90.91666666666667,1016.1999999999999,0.0,0.05000000000000001,17.849999999999998,177.28333333333333,0.3833333333333333,7660.5,-105.5,-2.266666666666666,1.0,2025-06-13T04:12:22.724627712Z
20986.833333333332,92.0,91.16666666666667,1016.1833333333333,0.0,0.05000000000000001,18.2,168.73333333333332,0.46666666666666673,7662.5,-105.83333333333333,-4.45,1.0,2025-06-13T04:23:02.725888000Z
21110.0,92.0,91.625,1016.3,0.0,0.07,18.725,235.57500000000002,0.75,8391.75,-104.5,-0.3500000000000001,1.0,2025-06-13T04:32:22.049654784Z
20990.166666666668,92.0,90.5,1016.3166666666667,0.0,0.05000000000000001,19.183333333333334,269.23333333333335,0.8666666666666667,7666.166666666667,-107.16666666666667,-4.133333333333334,1.0,2025-06-13T04:42:22.698459136Z
20992.166666666668,92.0,88.58333333333333,1016.4166666666669,0.0,0.05333333333333334,19.8,191.25,0.7166666666666667,7668.166666666667,-107.16666666666667,-3.0833333333333335,1.0,2025-06-13T04:53:03.045536768Z
21130.4,92.2,87.1,1016.46,0.0,0.05800000000000001,20.18,228.0,0.7000000000000001,8834.2,-104.8,-3.56,1.0,2025-06-13T05:03:07.388662528Z
20995.833333333332,92.66666666666667,84.58333333333333,1016.6666666666665,0.0,0.05333333333333334,20.8,218.91666666666666,0.65,7671.833333333333,-105.83333333333333,-1.3666666666666665,1.0,2025-06-13T05:12:22.669391104Z
21134.2,92.6,83.2,1016.74,0.0,0.05800000000000001,21.36,217.21999999999997,0.9200000000000002,8838.2,-106.6,-2.3,1.0,2025-06-13T05:23:55.312424704Z
21136.0,92.6,81.1,1016.72,0.0,0.06000000000000001,22.0,222.1,0.72,8840.0,-105.6,-0.6,1.0,2025-06-13T05:33:07.299615232Z
20961.8,92.6,86.7,2124.16,51.0,131.13,18.259999999999998,190.22,1311.26,7095.4,-105.4,-3.0799999999999996,1.0,2025-06-13T05:42:38.325389568Z
21002.833333333332,93.66666666666667,75.5,1016.9000000000001,0.0,0.06333333333333334,23.38333333333333,244.94999999999996,0.6833333333333332,7679.5,-105.83333333333333,-1.3,1.0,2025-06-13T05:53:02.633679616Z
21346.5,94.0,75.0,1016.85,0.0,0.07,24.074999999999996,292.0,0.5750000000000001,10592.5,-104.0,-2.575,1.0,2025-06-13T06:03:44.321795072Z
20966.8,95.4,69.7,1017.1,0.0,0.078,24.660000000000004,256.15999999999997,0.5399999999999999,7100.8,-104.8,-4.64,1.0,2025-06-13T06:11:37.460887296Z
21007.833333333332,96.0,66.33333333333333,1017.0999999999999,0.0,0.06666666666666667,25.500000000000004,167.4,0.35000000000000003,7685.166666666667,-107.33333333333333,-4.533333333333333,1.0,2025-06-13T06:23:02.615495936Z
21146.6,95.8,65.1,1017.18,0.0,0.07200000000000001,25.959999999999997,211.33999999999997,0.8600000000000001,8851.6,-104.6,0.3,1.0,2025-06-13T06:33:07.257998848Z
21148.4,95.8,64.7,1017.3400000000001,0.0,0.08,26.28,124.75999999999999,0.5,8853.4,-104.4,-2.7,1.0,2025-06-13T06:42:19.252251136Z
21013.166666666668,97.66666666666667,61.916666666666664,1017.4333333333334,0.0,0.09000000000000001,26.849999999999998,209.0333333333333,0.5499999999999999,7690.833333333333,-105.5,-4.3,1.0,2025-06-13T06:53:02.585456640Z
21137.25,98.25,58.875,1017.475,0.0,0.10500000000000001,27.675,136.325,0.8500000000000001,8420.75,-103.5,-1.8749999999999998,1.0,2025-06-13T07:03:36.927653120Z
21153.6,97.8,59.3,1017.4400000000002,0.0,0.08600000000000001,27.72,184.29999999999998,0.9,8859.2,-105.6,-0.2599999999999998,1.0,2025-06-13T07:12:19.263937792Z
21018.166666666668,100.0,58.75,1017.6,0.0,0.09666666666666668,27.86666666666667,197.48333333333335,1.0,7696.5,-106.66666666666667,-1.7,1.0,2025-06-13T07:23:02.565114624Z
21157.4,100.0,56.6,1017.64,0.0,0.08600000000000001,28.3,194.42,0.6400000000000001,8863.2,-105.6,-1.8200000000000003,1.0,2025-06-13T07:33:07.212110848Z
21021.833333333332,100.0,55.0,1017.75,0.0,0.09666666666666668,28.600000000000005,276.40000000000003,0.9166666666666666,7700.166666666667,-105.5,-2.75,1.0,2025-06-13T07:42:22.559352576Z
21023.833333333332,100.0,53.25,1017.6666666666666,0.0,0.09666666666666668,29.11666666666667,128.11666666666667,0.7833333333333333,7702.166666666667,-105.33333333333333,-0.7166666666666667,1.0,2025-06-13T07:53:02.542415104Z
21163.2,100.0,50.5,1017.64,0.0,0.08600000000000001,29.559999999999995,219.76,0.82,8869.0,-106.2,-3.7399999999999998,1.0,2025-06-13T08:03:07.194824704Z
21027.5,100.0,47.833333333333336,1017.7166666666667,0.0,0.09666666666666668,29.616666666666664,189.4,0.9,7705.833333333333,-106.16666666666667,-2.3333333333333335,1.0,2025-06-13T08:12:22.574869760Z
21029.5,100.0,48.083333333333336,1017.7166666666667,0.0,0.09666666666666668,29.78333333333333,243.38333333333333,1.0333333333333334,7707.833333333333,-107.0,-4.833333333333333,1.0,2025-06-13T08:23:02.545893376Z
21169.0,100.0,48.1,1017.7199999999999,0.0,0.08600000000000001,30.24,138.38000000000002,1.12,8874.8,-103.8,0.44000000000000006,1.0,2025-06-13T08:33:07.163307520Z
21033.166666666668,100.0,48.583333333333336,1017.8166666666666,0.0,0.09666666666666668,30.400000000000002,248.55000000000004,0.9,7711.5,-106.33333333333333,-1.75,1.0,2025-06-13T08:42:22.524732416Z
21035.166666666668,100.0,47.083333333333336,1017.8499999999999,0.0,0.09666666666666668,30.566666666666666,122.31666666666668,1.3833333333333335,7713.5,-105.66666666666667,-3.4,1.0,2025-06-13T08:53:02.895847168Z
21174.8,100.0,48.1,1017.8399999999999,0.0,0.08600000000000001,30.860000000000003,136.44,0.8800000000000001,8880.6,-105.6,-3.9,1.0,2025-06-13T09:03:08.014200832Z
21038.833333333332,100.0,48.5,1017.8499999999999,0.0,0.09666666666666668,30.899999999999995,44.26666666666666,1.15,7717.166666666667,-103.66666666666667,-3.816666666666667,1.0,2025-06-13T09:12:22.504668160Z
21040.833333333332,100.0,46.5,1017.8499999999999,0.0,0.09666666666666668,31.3,62.699999999999996,1.8,7719.166666666667,-108.33333333333333,-2.933333333333333,1.0,2025-06-13T09:23:02.600461312Z
21180.6,100.0,43.3,1017.8,0.0,0.08600000000000001,31.559999999999995,175.04000000000002,1.3199999999999998,8886.4,-107.4,-6.28,1.0,2025-06-13T09:33:07.573666304Z
21044.5,100.0,42.5,1017.8333333333334,0.0,0.09666666666666668,31.483333333333334,132.70000000000002,1.1833333333333333,7722.833333333333,-106.66666666666667,-1.816666666666667,1.0,2025-06-13T09:42:22.489488640Z
21046.5,100.0,42.333333333333336,1017.8499999999999,0.0,0.09666666666666668,31.933333333333337,170.53333333333333,1.1666666666666667,7724.833333333333,-103.33333333333333,-2.85,1.0,2025-06-13T09:53:02.840170752Z
21186.4,100.0,40.8,1017.8799999999999,0.0,0.08600000000000001,32.300000000000004,139.18,0.96,8892.2,-105.0,-1.94,1.0,2025-06-13T10:03:07.131979008Z
21050.166666666668,100.0,41.5,1017.9,0.0,0.09666666666666668,32.46666666666667,224.13333333333333,1.1333333333333335,7728.5,-106.66666666666667,-1.0166666666666668,1.0,2025-06-13T10:12:22.485859328Z
21052.166666666668,100.0,40.833333333333336,1017.9499999999999,0.0,0.09666666666666668,32.6,214.11666666666665,0.7333333333333334,7730.5,-105.5,-4.866666666666666,1.0,2025-06-13T10:23:02.871880704Z
21192.2,100.0,38.8,1017.8,0.0,0.03,33.04,94.14000000000001,1.28,8898.0,-103.4,-0.86,1.0,2025-06-13T10:33:07.133842944Z
21055.833333333332,100.0,39.416666666666664,1017.7666666666665,0.0,0.049999999999999996,32.849999999999994,182.9,1.666666666666667,7734.166666666667,-106.16666666666667,-2.1,1.0,2025-06-13T10:42:22.452012288Z
21057.833333333332,100.0,39.25,1017.6666666666669,0.0,0.049999999999999996,32.96666666666667,129.21666666666667,1.1333333333333333,7736.166666666667,-105.16666666666667,-1.3,1.0,2025-06-13T10:53:02.450748672Z
21198.0,100.0,39.3,1017.5600000000001,0.0,0.03,33.300000000000004,122.96,1.6800000000000002,8903.8,-105.4,-2.72,1.0,2025-06-13T11:03:07.117902848Z
21061.5,100.0,39.666666666666664,1017.5166666666668,0.0,0.049999999999999996,33.18333333333334,150.03333333333333,1.7166666666666668,7739.833333333333,-105.5,-1.95,1.0,2025-06-13T11:12:22.457598976Z
21063.5,100.0,38.75,1017.4666666666666,0.0,0.049999999999999996,33.31666666666666,225.6833333333333,1.0666666666666667,7741.833333333333,-108.16666666666667,-3.0999999999999996,1.0,2025-06-13T11:23:02.442978304Z
21203.8,100.0,37.6,1017.4199999999998,0.0,0.03,33.62,154.44,1.3599999999999999,8909.6,-105.6,-1.72,1.0,2025-06-13T11:33:07.169989888Z
21205.6,100.0,37.5,1017.2800000000001,0.0,0.03,33.72,142.02,0.76,8911.4,-105.4,-2.22,1.0,2025-06-13T11:42:19.112752640Z
21068.833333333332,100.0,37.416666666666664,1017.2666666666665,0.0,0.049999999999999996,33.73333333333334,174.13333333333333,1.25,7747.5,-105.66666666666667,-0.7166666666666667,1.0,2025-06-13T11:53:02.432923648Z
21209.4,100.0,37.1,1017.1400000000001,0.0,0.03,34.18,123.28000000000002,1.22,8915.4,-106.2,-3.62,1.0,2025-06-13T12:03:07.111284224Z
21072.5,100.0,37.416666666666664,1017.1666666666669,0.0,0.049999999999999996,34.08333333333333,180.26666666666665,1.2333333333333332,7751.166666666667,-104.83333333333333,-4.25,1.0,2025-06-13T12:12:22.443744512Z
21074.5,100.0,36.5,1017.0666666666667,0.0,0.049999999999999996,34.166666666666664,174.58333333333334,1.6833333333333333,7753.166666666667,-107.16666666666667,-3.0500000000000003,1.0,2025-06-13T12:23:02.435195904Z
21215.2,100.0,35.6,1016.96,0.0,0.03,34.58,99.63999999999999,1.2,8921.2,-104.2,1.02,1.0,2025-06-13T12:33:07.140949504Z
20979.2,100.0,35.8,1017.0,0.0,0.06,34.54,209.58,1.28,7173.6,-106.4,-3.5200000000000005,1.0,2025-06-13T12:41:34.925632000Z
21079.833333333332,100.0,35.666666666666664,1016.9166666666666,0.0,0.049999999999999996,34.48333333333333,244.53333333333333,2.0,7758.833333333333,-106.16666666666667,-1.3,1.0,2025-06-13T12:53:02.434280448Z
21220.6,100.0,34.7,1016.7800000000001,0.0,0.03,34.699999999999996,131.39999999999998,1.4200000000000002,8927.0,-106.4,-0.9199999999999999,1.0,2025-06-13T13:03:07.107942912Z
21222.4,100.0,36.0,1016.82,0.0,0.03,34.8,136.04,1.38,8929.0,-104.2,1.1,1.0,2025-06-13T13:13:31.084558080Z
21085.166666666668,100.0,36.666666666666664,1016.7333333333332,0.0,0.049999999999999996,34.699999999999996,163.91666666666666,1.4000000000000001,7764.5,-106.5,-2.5666666666666664,1.0,2025-06-13T13:23:02.443844352Z
21226.2,100.0,35.9,1016.7,0.0,0.03,34.7,101.7,1.6200000000000003,8932.8,-104.0,0.15999999999999998,1.0,2025-06-13T13:33:07.116451072Z
21088.833333333332,100.0,36.5,1016.75,0.0,0.049999999999999996,34.48333333333334,203.25,1.1166666666666667,7768.166666666667,-107.0,-3.283333333333333,1.0,2025-06-13T13:42:22.454009600Z
21090.833333333332,100.0,38.583333333333336,1016.7166666666667,0.0,0.049999999999999996,34.599999999999994,187.43333333333337,1.95,7770.166666666667,-105.66666666666667,-0.6333333333333334,1.0,2025-06-13T13:53:02.438817024Z
21232.0,100.0,38.5,1016.64,0.0,0.03,34.8,117.16000000000001,2.3,8938.6,-107.2,-1.44,1.0,2025-06-13T14:03:07.094626816Z
21094.5,100.0,38.833333333333336,1016.6500000000001,0.0,0.049999999999999996,34.38333333333333,92.76666666666667,1.6500000000000001,7773.833333333333,-106.83333333333333,-2.4500000000000006,1.0,2025-06-13T14:12:22.422456064Z
21096.5,100.0,38.333333333333336,1016.6333333333333,0.0,0.049999999999999996,34.33333333333333,56.833333333333336,2.25,7775.833333333333,-106.83333333333333,-1.9666666666666668,1.0,2025-06-13T14:23:02.424391936Z
21237.8,100.0,38.6,1016.68,0.0,0.03,34.4,44.059999999999995,2.3600000000000003,8944.4,-105.2,-1.7763568394002506e-16,1.0,2025-06-13T14:33:07.077243648Z
21100.166666666668,100.0,39.916666666666664,1016.6833333333334,0.0,0.051666666666666666,34.0,137.28333333333333,2.6666666666666665,7779.5,-108.0,-1.3500000000000003,1.0,2025-06-13T14:42:22.447286272Z
21102.166666666668,100.0,39.666666666666664,1016.6166666666667,0.0,0.05333333333333334,33.85,120.68333333333332,2.6666666666666665,7781.5,-106.5,-1.1,1.0,2025-06-13T14:53:02.399383552Z
21243.6,100.0,39.3,1016.4799999999999,0.0,0.034,33.9,110.06000000000002,2.6599999999999997,8950.2,-103.8,0.3799999999999999,1.0,2025-06-13T15:03:07.073277952Z
21105.833333333332,100.0,39.666666666666664,1016.5333333333333,0.0,0.06,33.61666666666667,90.91666666666667,2.766666666666666,7785.166666666667,-104.0,-0.1166666666666667,1.0,2025-06-13T15:12:22.392486912Z
21107.833333333332,100.0,39.333333333333336,1016.5,0.0,0.06,33.43333333333334,44.54999999999999,2.8166666666666664,7787.166666666667,-107.0,-1.8666666666666665,1.0,2025-06-13T15:23:02.390135552Z
21233.5,100.0,39.625,1016.4250000000001,0.0,0.045,33.125,190.07500000000002,3.3000000000000003,8518.25,-104.25,-0.75,1.0,2025-06-13T15:32:21.817156096Z
21250.8,100.0,40.5,1016.3399999999999,0.0,0.038,33.33999999999999,98.66000000000001,2.22,8958.0,-104.4,-5.84,1.0,2025-06-13T15:43:31.045990912Z
21112.833333333332,100.0,40.5,1016.2833333333333,0.0,0.06333333333333334,32.9,83.6,2.083333333333333,7792.833333333333,-106.0,-0.6666666666666669,1.0,2025-06-13T15:53:02.454925568Z
21254.6,100.0,39.9,1016.1800000000001,0.0,0.038,32.96,90.38,2.12,8961.8,-104.4,-0.6399999999999999,1.0,2025-06-13T16:03:07.031874560Z
21116.5,100.0,41.083333333333336,1016.1666666666669,0.0,0.06333333333333334,32.63333333333333,114.31666666666666,2.5833333333333335,7796.5,-106.33333333333333,-1.1833333333333333,1.0,2025-06-13T16:12:22.363372288Z
21077.8,100.0,42.0,1016.24,0.0,0.08399999999999999,32.32,73.3,2.44,7215.0,-105.6,-2.2,1.0,2025-06-13T16:23:25.209588480Z
21260.0,100.0,40.8,1016.0799999999999,0.0,0.041999999999999996,32.38,101.68,2.12,8967.6,-103.2,1.24,1.0,2025-06-13T16:33:07.456275968Z
21121.833333333332,100.0,42.333333333333336,1016.2166666666667,0.0,0.06999999999999999,31.91666666666666,78.71666666666665,2.1333333333333333,7802.166666666667,-107.16666666666667,-2.8333333333333335,1.0,2025-06-13T16:42:22.706721536Z
21123.833333333332,100.0,56.583333333333336,1939.1666666666667,42.5,109.29833333333335,26.3,66.89999999999999,1094.2166666666665,7804.166666666667,-105.5,-1.1666666666666667,1.0,2025-06-13T16:53:02.698661632Z
21265.8,100.0,43.0,1016.2,0.0,0.044,31.419999999999998,123.85999999999999,1.7600000000000002,8973.4,-105.0,-1.9200000000000004,1.0,2025-06-13T17:03:07.004767232Z
21127.5,100.0,44.166666666666664,1016.35,0.0,0.07333333333333333,31.0,111.13333333333334,2.0166666666666666,7807.833333333333,-104.5,-0.7166666666666668,1.0,2025-06-13T17:12:22.341677824Z
21088.8,100.0,45.8,1016.4200000000001,0.0,0.092,30.540000000000003,111.46000000000001,1.8799999999999997,7226.0,-107.0,-3.2600000000000002,1.0,2025-06-13T17:22:25.178641920Z
21271.2,100.0,45.9,1016.36,0.0,0.048,30.32,112.6,1.8599999999999999,8979.2,-105.4,-0.17999999999999988,1.0,2025-06-13T17:33:06.993607424Z
21132.833333333332,100.0,46.833333333333336,1016.3833333333333,0.0,0.08,29.899999999999995,144.33333333333334,1.4000000000000001,7813.5,-106.83333333333333,-2.35,1.0,2025-06-13T17:42:22.300294912Z
21134.833333333332,100.0,48.5,1016.3833333333333,0.0,0.08,29.516666666666666,173.05000000000004,1.1500000000000001,7815.5,-105.0,-0.7833333333333332,1.0,2025-06-13T17:53:02.674425088Z
21277.0,100.0,49.6,1016.32,0.0,0.054000000000000006,29.140000000000004,153.64000000000001,0.86,8985.0,-103.8,-0.8400000000000001,1.0,2025-06-13T18:03:07.021819904Z
21097.8,100.0,52.2,1016.46,0.0,0.10800000000000001,28.4,105.13999999999999,1.2399999999999998,7235.4,-105.0,-1.56,1.0,2025-06-13T18:12:37.164685568Z
21140.166666666668,100.0,53.583333333333336,1016.4,0.0,0.09000000000000001,27.950000000000003,141.05,1.0166666666666666,7821.166666666667,-106.83333333333333,-2.5833333333333335,1.0,2025-06-13T18:23:02.269073408Z
21282.4,100.0,55.9,1016.4400000000002,0.0,0.054000000000000006,27.419999999999998,233.33999999999997,0.62,8990.8,-103.4,1.1400000000000001,1.0,2025-06-13T18:33:06.933181696Z
21143.833333333332,100.0,57.833333333333336,1016.5833333333334,0.0,0.09000000000000001,26.816666666666666,124.81666666666666,0.85,7824.833333333333,-105.66666666666667,-2.216666666666667,1.0,2025-06-13T18:42:22.262831104Z
21045.8,100.0,59.6,1016.72,0.0,0.054000000000000006,26.26,130.06,0.8800000000000001,7243.0,-106.8,-2.34,1.0,2025-06-13T18:53:23.161003264Z
21287.8,100.0,74.2,2124.16,51.0,131.074,20.7,93.14000000000001,1311.34,8996.6,-106.0,-0.9799999999999999,1.0,2025-06-13T19:03:07.344762112Z
21149.166666666668,100.0,62.5,1016.9499999999999,0.0,0.013333333333333334,25.5,117.91666666666667,0.6666666666666666,7830.5,-104.83333333333333,-0.8333333333333335,1.0,2025-06-13T19:12:22.223125504Z
21151.166666666668,100.0,63.833333333333336,1017.0333333333333,0.0,0.02,25.083333333333332,65.3,0.9333333333333332,7832.5,-105.33333333333333,-1.5666666666666664,1.0,2025-06-13T19:23:02.244145920Z
21293.6,100.0,65.3,1017.04,0.0,0.024,24.68,131.92000000000002,0.8400000000000001,9002.4,-104.2,-0.9600000000000002,1.0,2025-06-13T19:33:06.887137792Z
21154.833333333332,100.0,67.25,1017.1999999999999,0.0,0.02,24.3,209.03333333333333,0.9333333333333332,7836.166666666667,-106.5,-3.983333333333333,1.0,2025-06-13T19:42:22.200285184Z
21156.833333333332,100.0,68.5,1017.3833333333336,0.0,0.02,24.0,210.03333333333333,0.9833333333333334,7838.166666666667,-105.66666666666667,-0.20000000000000018,1.0,2025-06-13T19:53:02.199849216Z
21299.4,100.0,69.5,1017.4,0.0,0.024,23.740000000000002,116.48000000000002,0.8,9008.2,-109.2,-7.8,1.0,2025-06-13T20:03:06.872005120Z
21160.5,100.0,69.66666666666667,1017.5833333333334,0.0,0.021666666666666667,23.583333333333332,151.68333333333334,0.8833333333333332,7841.833333333333,-106.66666666666667,-2.516666666666667,1.0,2025-06-13T20:12:22.215069952Z
21303.2,100.0,70.6,1017.5200000000001,0.0,0.028000000000000004,23.46,147.98,0.6799999999999999,9012.0,-106.2,-1.2799999999999998,1.0,2025-06-13T20:22:42.837374464Z
21305.0,100.0,71.8,1017.5799999999999,0.0,0.028000000000000004,23.18,86.43999999999998,0.76,9014.0,-103.6,1.06,1.0,2025-06-13T20:33:07.266755328Z
21165.833333333332,100.0,71.66666666666667,1017.65,0.0,0.023333333333333334,23.03333333333333,42.949999999999996,0.65,7847.5,-107.16666666666667,-3.1833333333333336,1.0,2025-06-13T20:42:22.148780032Z
21167.833333333332,100.0,72.5,1017.6166666666667,0.0,0.023333333333333334,22.783333333333335,104.55,0.7999999999999999,7849.5,-106.0,-2.6999999999999997,1.0,2025-06-13T20:53:02.135181056Z
21310.8,100.0,74.2,1017.5200000000001,0.0,0.028000000000000004,22.520000000000003,217.45999999999998,0.76,9019.8,-104.6,-0.47999999999999987,1.0,2025-06-13T21:03:06.798177792Z
21171.5,100.0,75.0,1017.6166666666667,0.0,0.023333333333333334,22.3,143.35,0.6333333333333333,7853.166666666667,-105.66666666666667,-1.7833333333333332,1.0,2025-06-13T21:12:22.151541504Z
21132.4,100.0,76.4,1017.74,0.0,0.028000000000000004,21.94,147.71999999999997,0.78,7270.8,-105.4,-2.1399999999999997,1.0,2025-06-13T21:22:24.982986752Z
21528.0,100.0,78.625,1017.5500000000001,0.0,0.035,21.725,205.6,0.675,10778.5,-105.0,0.6,1.0,2025-06-13T21:33:43.811422976Z
21176.5,100.0,78.66666666666667,1017.6666666666666,0.0,0.023333333333333334,21.600000000000005,158.21666666666667,0.8333333333333334,7858.833333333333,-104.5,-4.3500000000000005,1.0,2025-06-13T21:42:22.101674240Z
21319.8,100.0,78.7,1017.6,0.0,0.028000000000000004,21.520000000000003,146.87999999999997,1.02,9029.4,-100.8,-1.5799999999999996,1.0,2025-06-13T21:52:42.747620608Z
21231.25,100.0,78.125,1017.45,0.0,0.0175,21.725,151.25,1.075,8593.0,-105.0,-1.1500000000000001,1.0,2025-06-13T22:02:18.482200064Z
21181.5,100.0,80.08333333333333,1017.5,0.0,0.023333333333333334,21.366666666666664,133.65,0.7833333333333332,7864.5,-106.16666666666667,-2.65,1.0,2025-06-13T22:12:22.055197440Z
21083.0,100.0,79.9,1017.4200000000001,0.0,0.014000000000000002,21.380000000000003,122.52000000000001,0.64,7282.2,-106.8,-7.139999999999999,1.0,2025-06-13T22:23:22.536602112Z
21326.6,99.6,80.3,1017.32,0.0,0.028000000000000004,21.18,225.56,0.45999999999999996,9037.2,-104.0,-0.05999999999999996,1.0,2025-06-13T22:33:06.724069376Z
21328.4,99.6,80.5,1017.26,0.0,0.028000000000000004,21.04,198.90000000000003,0.52,9039.0,-103.8,-1.6,1.0,2025-06-13T22:42:18.700227328Z
21188.5,99.33333333333333,81.83333333333333,1017.2833333333334,0.0,0.023333333333333334,20.783333333333335,270.65,0.7666666666666667,7872.166666666667,-105.16666666666667,-4.1,1.0,2025-06-13T22:53:02.022183936Z
21315.75,98.75,83.0,1017.325,0.0,0.035,20.35,115.425,0.8750000000000001,8604.75,-103.5,-3.25,1.0,2025-06-13T23:03:36.463057920Z
21333.6,98.8,83.3,1017.18,0.0,0.028000000000000004,20.339999999999996,172.3,0.9,9045.0,-103.6,-0.43999999999999984,1.0,2025-06-13T23:13:31.095425280Z
21193.5,98.66666666666667,83.33333333333333,1017.2333333333332,0.0,0.023333333333333334,20.216666666666665,143.76666666666668,0.9666666666666667,7877.833333333333,-106.66666666666667,-4.083333333333333,1.0,2025-06-13T23:23:02.044115712Z
21337.4,98.4,83.7,1017.18,0.0,0.030000000000000006,20.099999999999998,108.11999999999998,0.6,9048.8,-104.6,-1.52,1.0,2025-06-13T23:33:06.653863424Z
21155.6,98.2,85.2,1017.36,0.0,0.032,19.880000000000003,71.28,0.74,7297.0,-105.6,-3.4,1.0,2025-06-13T23:42:36.851331840Z
21198.833333333332,98.33333333333333,85.66666666666667,1017.3500000000003,0.0,0.02666666666666667,19.716666666666665,220.01666666666665,0.30000000000000004,7883.5,-105.0,-1.4166666666666667,1.0,2025-06-13T23:53:01.954148352Z
21342.8,97.8,87.0,1017.3,0.0,0.032,19.419999999999998,154.35999999999999,0.4,9054.6,-104.6,-3.7600000000000002,1.0,2025-06-14T00:03:06.620327168Z
21202.5,97.33333333333333,87.0,1017.4333333333334,0.0,0.02666666666666667,19.366666666666664,261.96666666666664,0.36666666666666664,7887.166666666667,-106.0,-2.4166666666666665,1.0,2025-06-14T00:12:21.932501760Z
21204.5,97.33333333333333,87.41666666666667,1017.4666666666667,0.0,0.02666666666666667,19.133333333333336,174.7166666666667,0.36666666666666664,7889.166666666667,-106.16666666666667,-3.233333333333333,1.0,2025-06-14T00:23:01.923216384Z
21348.6,97.0,88.0,1017.3,0.0,0.032,19.12,173.11999999999998,0.54,9060.4,-102.4,-1.06,1.0,2025-06-14T00:33:06.640206336Z
21107.2,96.8,86.7,1017.32,0.0,0.016,19.340000000000003,148.9,0.5800000000000001,7308.2,-106.2,-3.38,1.0,2025-06-14T00:42:34.328136960Z
21209.833333333332,96.66666666666667,87.25,1017.3666666666668,0.0,0.02666666666666667,19.333333333333332,144.3666666666667,0.6666666666666666,7894.833333333333,-106.0,-2.5999999999999996,1.0,2025-06-14T00:53:01.891582208Z
21518.0,96.33333333333333,86.16666666666667,1017.1,0.0,0.02666666666666667,19.5,215.76666666666668,0.4666666666666666,10820.333333333334,-104.0,0.4000000000000001,1.0,2025-06-14T01:02:51.523293952Z
21355.2,95.8,88.2,1017.3799999999999,0.0,0.032,19.06,156.22,0.4,9068.2,-103.4,-1.3599999999999999,1.0,2025-06-14T01:13:30.547001856Z
21214.5,95.66666666666667,89.5,1017.4666666666667,0.0,0.02666666666666667,18.733333333333334,158.7,0.39999999999999997,7900.5,-107.33333333333333,-4.966666666666667,1.0,2025-06-14T01:23:01.860184064Z
21359.0,95.8,89.7,1017.3599999999999,0.0,0.032,18.62,176.83999999999997,0.5599999999999999,9072.0,-105.6,-2.34,1.0,2025-06-14T01:33:06.576501760Z
21360.8,95.4,90.9,1017.36,0.0,0.033999999999999996,18.240000000000002,40.540000000000006,0.36,9074.0,-105.0,-0.6200000000000001,1.0,2025-06-14T01:43:30.515794176Z
21362.6,95.4,91.4,1017.32,0.0,0.033999999999999996,18.18,183.62,0.26,9075.8,-104.8,0.74,1.0,2025-06-14T01:52:42.512230912Z
21364.4,95.0,91.3,1017.4399999999999,0.0,0.033999999999999996,18.0,242.06,0.45999999999999996,9077.8,-105.2,-1.3000000000000003,1.0,2025-06-14T02:03:06.503673344Z
21366.2,94.4,92.3,1017.5200000000001,0.0,0.033999999999999996,17.8,278.20000000000005,0.5,9079.8,-105.8,-1.8199999999999996,1.0,2025-06-14T02:13:30.489489664Z
21224.833333333332,94.33333333333333,93.16666666666667,1017.6166666666667,0.0,0.03,17.650000000000002,162.1,0.18333333333333335,7911.833333333333,-105.83333333333333,-2.3666666666666667,1.0,2025-06-14T02:23:01.809763328Z
21370.0,94.4,93.4,1017.5,0.0,0.04,17.54,180.07999999999998,0.4600000000000001,9083.6,-103.2,-0.8999999999999998,1.0,2025-06-14T02:33:06.901835008Z
21228.5,94.0,93.25,1017.5,0.0,0.043333333333333335,17.700000000000003,195.46666666666667,0.6166666666666667,7915.5,-107.16666666666667,-4.999999999999999,1.0,2025-06-14T02:42:21.829018880Z
21230.5,94.0,93.25,1017.5999999999999,0.0,0.04666666666666667,17.549999999999997,306.18333333333334,0.6166666666666666,7917.5,-105.83333333333333,-3.033333333333333,1.0,2025-06-14T02:53:01.772840192Z
21375.8,94.0,93.6,1017.7,0.0,0.054000000000000006,17.2,255.6,0.58,9089.4,-105.6,-1.34,1.0,2025-06-14T03:03:06.435708416Z
21234.166666666668,93.5,94.41666666666667,1017.7833333333334,0.0,0.04666666666666667,17.116666666666664,218.03333333333333,0.5166666666666667,7921.166666666667,-104.5,-1.5,1.0,2025-06-14T03:12:21.761414144Z
21379.6,93.4,94.7,1017.8399999999999,0.0,0.05600000000000001,16.919999999999998,216.92,0.6,9093.4,-107.0,-2.12,1.0,2025-06-14T03:23:54.419650048Z
21597.0,93.5,95.5,1017.7499999999999,0.0,0.065,16.725,225.72500000000002,0.37500000000000006,10850.5,-103.25,-3.4000000000000004,1.0,2025-06-14T03:33:43.425287168Z
21239.166666666668,93.0,94.41666666666667,1017.9500000000002,0.0,0.05333333333333334,16.816666666666663,241.91666666666666,0.4833333333333334,7926.833333333333,-108.16666666666667,-7.583333333333333,1.0,2025-06-14T03:42:21.766614784Z
21241.166666666668,92.66666666666667,94.16666666666667,1017.9833333333335,0.0,0.05333333333333334,16.866666666666664,244.85000000000002,0.5,7928.833333333333,-106.33333333333333,-0.8333333333333334,1.0,2025-06-14T03:53:01.707994880Z
21296.0,92.75,95.0,1017.875,0.0,0.04,17.1,197.325,0.5,8662.25,-107.0,-4.45,1.0,2025-06-14T04:03:33.075441920Z
21604.5,92.0,96.375,1017.925,0.0,0.065,17.175,195.79999999999998,0.35,10858.5,-101.75,-1.6000000000000003,1.0,2025-06-14T04:13:43.396997120Z
21245.833333333332,92.0,93.75,1018.0166666666668,0.0,0.05833333333333334,17.95,194.6,0.15,7934.5,-107.16666666666667,-2.966666666666667,1.0,2025-06-14T04:23:01.696542464Z
21392.0,92.0,93.9,1017.9399999999999,0.0,0.06999999999999999,18.3,182.82,0.27999999999999997,9106.8,-104.8,1.1199999999999999,1.0,2025-06-14T04:33:06.350559744Z
21393.8,92.0,93.2,1017.9800000000001,0.0,0.072,18.919999999999998,158.85999999999999,0.54,9108.8,-105.8,-1.8,1.0,2025-06-14T04:43:30.353279232Z
21149.4,92.0,91.3,1017.9799999999999,0.0,0.048,19.52,244.1,0.6599999999999999,7354.8,-107.2,-2.4,1.0,2025-06-14T04:52:22.105219072Z
21397.2,92.0,89.8,1018.0,0.0,0.072,20.02,200.45999999999998,0.5,9112.6,-104.8,-2.66,1.0,2025-06-14T05:03:06.324468224Z
21254.5,92.16666666666667,86.33333333333333,1018.0,0.0,0.06666666666666667,20.799999999999997,172.9666666666667,0.5666666666666667,7943.833333333333,-104.66666666666667,-2.25,1.0,2025-06-14T05:12:21.632744448Z
21256.5,92.66666666666667,83.91666666666667,1017.9166666666669,0.0,0.06666666666666667,21.383333333333336,160.05,0.5833333333333334,7945.833333333333,-106.0,-1.4666666666666668,1.0,2025-06-14T05:23:02.355896320Z
21403.0,92.8,82.9,1017.8399999999999,0.0,0.072,21.860000000000003,154.71999999999997,0.76,9118.4,-106.2,-1.7,1.0,2025-06-14T05:33:06.294567168Z
21404.8,92.8,79.5,1017.78,0.0,0.072,22.54,149.1,0.8,9120.4,-104.4,-3.66,1.0,2025-06-14T05:43:30.286131712Z
21261.833333333332,93.66666666666667,77.0,1017.7666666666665,0.0,0.06666666666666667,23.116666666666664,113.59999999999998,0.75,7951.5,-105.66666666666667,-0.9166666666666665,1.0,2025-06-14T05:53:01.642493184Z
21408.6,93.6,75.5,1017.76,0.0,0.074,23.459999999999997,171.24,0.8800000000000001,9124.2,-103.8,-1.9199999999999995,1.0,2025-06-14T06:03:06.270870272Z
21265.5,94.0,73.08333333333333,1017.8166666666666,0.0,0.07,24.116666666666664,142.21666666666667,0.8666666666666666,7955.166666666667,-103.83333333333333,-6.683333333333333,1.0,2025-06-14T06:12:21.595286784Z
21267.5,95.16666666666667,71.25,1017.7999999999998,0.0,0.07,24.78333333333333,124.18333333333334,0.7166666666666667,7957.166666666667,-105.5,-3.3333333333333335,1.0,2025-06-14T06:23:01.581926144Z
21414.4,95.4,70.7,1017.68,0.0,0.074,25.080000000000002,169.48000000000002,0.8800000000000001,9130.0,-102.0,-1.9199999999999995,1.0,2025-06-14T06:33:06.250685184Z
21398.25,95.5,66.75,1017.8000000000001,0.0,0.0925,25.825000000000003,131.20000000000002,0.44999999999999996,8693.0,-105.75,0.25,1.0,2025-06-14T06:44:06.057507072Z
21272.5,98.0,64.41666666666667,1017.7333333333335,0.0,0.07166666666666667,26.25,206.0,0.8666666666666667,7962.833333333333,-106.66666666666667,-4.183333333333333,1.0,2025-06-14T06:53:01.557821184Z
21401.75,98.5,61.375,1017.675,0.0,0.0975,26.825,169.79999999999998,0.85,8696.5,-107.0,-3.1500000000000004,1.0,2025-06-14T07:02:21.120753152Z
21275.833333333332,98.83333333333333,60.833333333333336,1017.5833333333334,0.0,0.08,27.149999999999995,162.1,1.1166666666666665,7966.5,-106.5,1.4802973661668753e-16,1.0,2025-06-14T07:12:21.535477760Z
21277.833333333332,99.83333333333333,58.0,1017.5166666666668,0.0,0.08,27.683333333333334,115.55000000000001,1.4166666666666667,7968.5,-106.0,-2.75,1.0,2025-06-14T07:23:01.547299840Z
21425.0,100.0,54.3,1017.4799999999999,0.0,0.082,28.139999999999997,169.66,1.1199999999999999,9141.6,-104.8,-1.38,1.0,2025-06-14T07:33:06.193833984Z
21281.5,100.0,53.083333333333336,1017.5166666666668,0.0,0.09166666666666667,28.533333333333335,133.45000000000002,0.75,7972.166666666667,-106.5,-2.65,1.0,2025-06-14T07:42:21.518800128Z
21647.0,100.0,49.25,1017.35,0.0,0.08,29.150000000000002,158.35000000000002,0.7000000000000001,10902.5,-101.5,2.075,1.0,2025-06-14T07:53:43.204544512Z
21412.5,100.0,49.5,1017.45,0.0,0.11500000000000002,29.625,134.4,0.8999999999999999,8708.0,-104.25,-0.9999999999999998,1.0,2025-06-14T08:02:21.009376768Z
21286.166666666668,100.0,47.5,1017.3333333333334,0.0,0.11333333333333334,30.0,187.03333333333333,0.7166666666666667,7977.833333333333,-106.33333333333333,-2.566666666666667,1.0,2025-06-14T08:12:21.492890880Z
21433.8,100.0,45.4,1017.28,0.0,0.10200000000000001,30.4,160.14,1.02,9151.2,-105.4,-2.16,1.0,2025-06-14T08:22:42.162562304Z
21435.6,100.0,44.2,1017.3,0.0,0.10800000000000001,30.639999999999997,183.2,0.9599999999999997,9153.2,-104.0,0.5599999999999999,1.0,2025-06-14T08:33:06.168816896Z
21437.4,100.0,44.6,1017.24,0.0,0.10800000000000001,30.839999999999996,115.0,1.1,9155.0,-104.6,-5.32,1.0,2025-06-14T08:42:18.155633408Z
21293.166666666668,100.0,43.666666666666664,1017.3166666666666,0.0,0.12666666666666668,30.933333333333334,198.6833333333333,0.8166666666666668,7985.5,-105.66666666666667,-3.516666666666667,1.0,2025-06-14T08:53:01.465862912Z
21423.25,100.0,43.375,1017.325,0.0,0.135,31.4,148.3,1.075,8719.75,-99.25,-6.875,1.0,2025-06-14T09:03:35.977563648Z
21296.5,100.0,41.666666666666664,1017.2166666666667,0.0,0.12666666666666668,31.349999999999998,127.3,1.0333333333333332,7989.166666666667,-105.33333333333333,-2.1666666666666665,1.0,2025-06-14T09:12:21.498617600Z
21298.5,100.0,42.25,1017.1500000000001,0.0,0.12666666666666668,31.516666666666666,134.2,0.9833333333333334,7991.166666666667,-105.83333333333333,-2.5333333333333337,1.0,2025-06-14T09:23:01.456908288Z
21446.6,100.0,39.6,1017.1,0.0,0.10800000000000001,31.98,168.6,1.36,9164.8,-102.8,-3.34,1.0,2025-06-14T09:33:06.152552704Z
21717.333333333332,100.0,37.666666666666664,1016.9666666666667,0.0,0.10666666666666667,32.6,281.53333333333336,0.9,10924.666666666666,-99.0,-1.9000000000000001,1.0,2025-06-14T09:44:35.278692096Z
21303.166666666668,100.0,37.416666666666664,1017.0500000000001,0.0,0.12666666666666668,32.61666666666667,246.25,0.8999999999999999,7996.833333333333,-104.5,-0.6833333333333335,1.0,2025-06-14T09:53:01.439728896Z
21451.6,100.0,36.9,1016.9200000000001,0.0,0.10800000000000001,33.2,124.82000000000001,0.6199999999999999,9170.6,-104.8,-1.1799999999999997,1.0,2025-06-14T10:03:06.121163264Z
21203.6,100.0,36.5,1016.8800000000001,0.0,0.122,33.32000000000001,94.82000000000001,1.28,7414.4,-105.4,-3.3600000000000003,1.0,2025-06-14T10:11:33.853323264Z
21455.0,100.0,36.1,1016.76,0.0,0.11000000000000001,33.440000000000005,198.51999999999998,0.6,9174.4,-105.6,-6.0,1.0,2025-06-14T10:22:42.124837376Z
21456.8,100.0,34.4,1016.7,0.0,0.046,33.900000000000006,207.74,1.02,9176.4,-102.2,-2.62,1.0,2025-06-14T10:33:06.128713216Z
21311.833333333332,100.0,35.083333333333336,1016.6833333333334,0.0,0.07666666666666667,33.63333333333334,155.85,0.9833333333333334,8006.166666666667,-103.66666666666667,-4.333333333333333,1.0,2025-06-14T10:42:21.434448640Z
21313.833333333332,100.0,35.833333333333336,1016.5333333333333,0.0,0.07666666666666667,33.48333333333333,183.0,1.4833333333333334,8008.166666666667,-106.83333333333333,-2.3000000000000003,1.0,2025-06-14T10:53:01.447678720Z
21462.6,100.0,36.8,1016.3799999999999,0.0,0.046,33.5,182.26000000000002,1.0999999999999999,9182.2,-104.4,-3.2,1.0,2025-06-14T11:03:06.112606464Z
21317.5,100.0,35.083333333333336,1016.35,0.0,0.07666666666666667,34.13333333333333,172.45000000000002,1.0833333333333333,8011.833333333333,-105.16666666666667,-1.3500000000000003,1.0,2025-06-14T11:12:21.419426560Z
21319.5,100.0,35.666666666666664,1016.2166666666667,0.0,0.07666666666666667,34.25,175.66666666666666,1.2166666666666666,8013.833333333333,-107.16666666666667,-4.05,1.0,2025-06-14T11:23:01.473318144Z
21468.4,100.0,35.7,1016.1200000000001,0.0,0.046,34.22,221.42000000000002,1.28,9188.0,-104.8,-1.8,1.0,2025-06-14T11:33:06.115777536Z
21323.166666666668,100.0,35.333333333333336,1016.0499999999998,0.0,0.07666666666666667,34.25,201.58333333333334,1.0833333333333333,8017.5,-106.0,-4.466666666666667,1.0,2025-06-14T11:42:21.422361344Z
21454.0,100.0,35.75,1016.025,0.0,0.0575,34.65,289.95,1.075,8752.25,-104.25,0.02499999999999991,1.0,2025-06-14T11:53:05.968782848Z
21473.6,100.0,35.3,1015.9,0.0,0.046,35.16,264.86,1.06,9193.8,-105.6,0.54,1.0,2025-06-14T12:03:06.101291520Z
21328.166666666668,100.0,33.916666666666664,1015.8833333333333,0.0,0.07666666666666667,35.25,249.78333333333333,1.4000000000000001,8023.166666666667,-105.66666666666667,-3.9499999999999997,1.0,2025-06-14T12:12:21.424051968Z
21286.2,100.0,35.1,1015.8199999999999,0.0,0.092,35.04,139.45999999999998,1.0,7439.0,-106.2,-3.8,1.0,2025-06-14T12:23:24.817522176Z
21479.0,100.0,35.3,1015.6,0.0,0.046,35.260000000000005,264.26,1.4,9199.6,-103.2,-0.10000000000000035,1.0,2025-06-14T12:33:06.109158144Z
21333.5,100.0,35.333333333333336,1015.5833333333334,0.0,0.07666666666666667,35.266666666666666,220.65,1.2999999999999998,8028.833333333333,-106.5,-1.2833333333333334,1.0,2025-06-14T12:42:21.429526272Z
21335.5,100.0,34.0,1015.4499999999998,0.0,0.07666666666666667,35.78333333333333,204.23333333333335,1.1500000000000001,8030.833333333333,-106.16666666666667,-1.55,1.0,2025-06-14T12:53:01.419852800Z
21484.8,100.0,35.6,1015.28,0.0,0.046,35.660000000000004,262.78000000000003,1.4200000000000002,9205.4,-105.0,-0.7200000000000001,1.0,2025-06-14T13:03:06.102206976Z
21339.166666666668,100.0,34.5,1015.2333333333335,0.0,0.07666666666666667,35.583333333333336,229.11666666666665,1.5666666666666664,8034.5,-105.16666666666667,-0.3333333333333333,1.0,2025-06-14T13:12:21.415525376Z
21341.166666666668,100.0,34.75,1015.1166666666668,0.0,0.07666666666666667,35.71666666666667,218.38333333333333,1.75,8036.5,-106.0,-1.5666666666666664,1.0,2025-06-14T13:23:01.417671936Z
21490.6,100.0,34.6,1014.9199999999998,0.0,0.046,35.88000000000001,243.62000000000003,0.96,9211.2,-103.8,0.0,1.0,2025-06-14T13:33:06.160180736Z
21300.8,100.0,33.8,1014.9,0.0,0.092,36.22,220.9,1.2200000000000002,7453.6,-107.4,-3.7399999999999998,1.0,2025-06-14T13:41:36.361323008Z
21346.5,100.0,34.0,1014.6999999999999,0.0,0.07666666666666667,36.31666666666666,274.0833333333333,1.4333333333333333,8042.166666666667,-105.83333333333333,-0.8666666666666666,1.0,2025-06-14T13:53:01.415146496Z
21496.0,100.0,35.1,1014.54,0.0,0.046,36.440000000000005,290.19999999999993,1.56,9217.0,-104.6,-0.7600000000000001,1.0,2025-06-14T14:03:06.096728320Z
21350.166666666668,100.0,33.833333333333336,1014.5500000000001,0.0,0.07666666666666667,36.08333333333333,186.13333333333333,0.9,8045.833333333333,-106.16666666666667,-2.25,1.0,2025-06-14T14:12:21.407656704Z
21352.166666666668,100.0,34.166666666666664,1014.4499999999998,0.0,0.07666666666666667,36.31666666666666,285.78333333333336,1.1333333333333335,8047.833333333333,-106.33333333333333,-3.3000000000000003,1.0,2025-06-14T14:23:01.412655104Z
21501.8,100.0,36.4,1014.3399999999999,0.0,0.046,36.28,253.44,1.2799999999999998,9222.8,-104.0,0.82,1.0,2025-06-14T14:33:06.589113088Z
21355.833333333332,100.0,33.166666666666664,1014.3833333333333,0.0,0.07666666666666667,37.050000000000004,268.46666666666664,0.9166666666666666,8051.5,-105.83333333333333,-2.3833333333333333,1.0,2025-06-14T14:42:21.399414016Z
21357.833333333332,100.0,32.666666666666664,1014.3499999999999,0.0,0.07666666666666667,37.13333333333333,226.54999999999998,0.7000000000000001,8053.5,-106.5,-1.8500000000000003,1.0,2025-06-14T14:53:01.785555968Z
21779.333333333332,100.0,33.0,1014.1,0.0,0.0,37.36666666666667,335.2666666666667,0.8666666666666666,10988.666666666666,-100.0,1.6666666666666667,1.0,2025-06-14T15:04:35.322089728Z
21360.833333333332,100.0,33.416666666666664,1014.1500000000001,0.0,0.07666666666666667,36.63333333333333,300.5833333333333,1.3833333333333335,8057.166666666667,-105.33333333333333,-0.7333333333333333,1.0,2025-06-14T15:12:21.489896192Z
21510.8,100.0,33.0,1013.96,0.0,0.046,36.84,67.46,0.82,9232.4,-102.4,-2.94,1.0,2025-06-14T15:22:42.106134784Z
21512.6,100.0,34.5,1013.9399999999999,0.0,0.046,36.96,254.07999999999998,1.0799999999999998,9234.4,-105.2,-0.8000000000000002,1.0,2025-06-14T15:33:06.100887808Z
21366.166666666668,100.0,34.25,1014.0,0.0,0.07666666666666667,36.5,176.45000000000002,1.8999999999999997,8062.833333333333,-105.5,-3.8833333333333333,1.0,2025-06-14T15:42:21.438009344Z
21368.166666666668,100.0,36.25,1014.0,0.0,0.07666666666666667,36.06666666666667,177.75,1.45,8064.833333333333,-105.33333333333333,-0.5666666666666664,1.0,2025-06-14T15:53:01.413165056Z
21500.25,100.0,38.75,1013.9,0.0,0.0575,35.325,57.825,2.8499999999999996,8800.25,-107.25,-1.6,1.0,2025-06-14T16:03:35.970368256Z
21327.4,100.0,43.7,1014.0200000000001,0.0,0.092,34.0,111.55999999999999,2.8,7481.6,-105.4,-2.22,1.0,2025-06-14T16:11:36.366331136Z
21373.166666666668,100.0,44.333333333333336,1014.1,0.0,0.07666666666666667,33.583333333333336,136.08333333333334,2.216666666666667,8070.5,-106.83333333333333,-3.1999999999999997,1.0,2025-06-14T16:23:01.442106112Z
21505.5,100.0,45.375,1014.3,0.0,0.0575,33.099999999999994,140.95,2.575,8806.0,-102.0,-0.9500000000000002,1.0,2025-06-14T16:33:35.951939328Z
21332.6,100.0,46.3,1014.4799999999999,0.0,0.092,32.5,107.08,2.7,7487.4,-106.8,-1.12,1.0,2025-06-14T16:42:36.402228736Z
21378.166666666668,100.0,47.083333333333336,1014.4333333333334,0.0,0.07666666666666667,32.349999999999994,118.76666666666665,2.5666666666666664,8076.166666666667,-105.16666666666667,-4.883333333333334,1.0,2025-06-14T16:53:01.741783040Z
21510.75,100.0,47.25,1014.45,0.0,0.0575,32.125,98.675,2.175,8811.75,-103.0,0.15000000000000013,1.0,2025-06-14T17:03:35.943112192Z
21381.5,100.0,48.916666666666664,1014.5666666666667,0.0,0.07666666666666667,31.63333333333333,121.89999999999999,1.5333333333333334,8079.833333333333,-105.0,-0.3000000000000001,1.0,2025-06-14T17:12:21.382134784Z
21339.8,100.0,49.1,1014.64,0.0,0.092,31.0,92.72,2.1799999999999997,7494.8,-106.6,-2.0,1.0,2025-06-14T17:22:24.775768576Z
21516.0,100.0,49.625,1014.5500000000001,0.0,0.0575,30.549999999999997,112.975,2.225,8817.5,-106.0,-1.75,1.0,2025-06-14T17:33:35.933415168Z
21386.5,100.0,50.5,1014.4499999999999,0.0,0.07666666666666667,30.066666666666663,126.28333333333335,2.183333333333333,8085.5,-106.83333333333333,-4.1,1.0,2025-06-14T17:42:21.336626432Z
21345.0,100.0,51.9,1014.5200000000001,0.0,0.092,29.46,104.88000000000002,2.3600000000000003,7500.4,-106.6,-2.04,1.0,2025-06-14T17:52:24.356009984Z
21538.4,100.0,54.0,1014.36,0.0,0.046,29.1,151.78000000000003,1.9,9263.4,-105.8,-1.8200000000000003,1.0,2025-06-14T18:03:06.035835648Z
21391.833333333332,100.0,54.75,1014.5499999999998,0.0,0.07666666666666667,28.633333333333336,135.23333333333335,1.7666666666666666,8091.166666666667,-105.66666666666667,-0.9666666666666668,1.0,2025-06-14T18:12:21.325012992Z
21542.2,100.0,55.9,1014.54,0.0,0.046,28.18,148.78,1.6600000000000001,9267.4,-104.4,-1.9199999999999995,1.0,2025-06-14T18:23:54.003868160Z
21526.75,100.0,55.0,1014.8249999999999,0.0,0.0575,27.875,195.85,1.85,8829.0,-103.75,1.2,1.0,2025-06-14T18:33:35.911498240Z
21396.833333333332,100.0,56.583333333333336,1014.9833333333332,0.0,0.07666666666666667,27.433333333333334,73.81666666666666,1.6333333333333337,8096.833333333333,-107.16666666666667,-4.0,1.0,2025-06-14T18:42:21.308035328Z
21398.833333333332,100.0,57.5,1015.1166666666667,0.0,0.03833333333333334,27.0,124.93333333333334,1.4833333333333334,8098.833333333333,-104.16666666666667,-2.3833333333333333,1.0,2025-06-14T18:53:01.325422336Z
21532.25,100.0,58.875,1015.1750000000001,0.0,0.0,26.5,97.2,1.725,8834.75,-103.0,-1.7750000000000001,1.0,2025-06-14T19:03:35.873621248Z
21402.166666666668,100.0,58.083333333333336,1015.4166666666666,0.0,0.006666666666666667,26.25,88.38333333333334,1.3499999999999999,8102.5,-104.16666666666667,-0.6166666666666664,1.0,2025-06-14T19:12:21.288283392Z
21404.166666666668,100.0,60.25,1015.5833333333334,0.0,0.021666666666666667,25.916666666666668,64.85000000000001,1.2333333333333334,8104.5,-106.5,-5.466666666666666,1.0,2025-06-14T19:23:01.264444672Z
21537.75,100.0,61.5,1015.725,0.0,0.035,25.675,70.875,1.4,8840.5,-102.75,-2.7,1.0,2025-06-14T19:33:36.448082688Z
21556.2,100.0,62.8,1015.74,0.0,0.03200000000000001,25.360000000000003,144.42000000000002,1.2799999999999998,9282.6,-104.8,-0.31999999999999995,1.0,2025-06-14T19:42:18.370857216Z
21409.166666666668,100.0,63.25,1016.0833333333334,0.0,0.030000000000000002,25.21666666666667,185.21666666666667,1.2666666666666668,8110.166666666667,-104.83333333333333,-1.0500000000000003,1.0,2025-06-14T19:53:01.235250176Z
21560.0,100.0,63.3,1016.22,0.0,0.03200000000000001,25.220000000000002,32.92,1.2399999999999998,9286.6,-105.2,-1.8,1.0,2025-06-14T20:03:05.986971136Z
21561.8,100.0,64.7,1016.22,0.0,0.03200000000000001,24.96,178.14000000000001,1.0,9288.6,-105.0,-1.2,1.0,2025-06-14T20:13:29.908422912Z
21414.5,100.0,66.33333333333333,1016.4833333333335,0.0,0.030000000000000002,24.650000000000002,186.06666666666672,0.9166666666666669,8115.833333333333,-106.16666666666667,-4.8999999999999995,1.0,2025-06-14T20:23:01.216974848Z
21565.6,100.0,66.9,1016.5,0.0,0.03200000000000001,24.479999999999997,160.72,0.64,9292.4,-102.8,0.8400000000000001,1.0,2025-06-14T20:33:05.903694336Z
21374.6,100.0,67.5,1016.6800000000001,0.0,0.036000000000000004,24.420000000000005,169.07999999999998,0.5799999999999998,7532.2,-107.4,-4.220000000000001,1.0,2025-06-14T20:42:36.174150912Z
21419.833333333332,100.0,69.83333333333333,1016.5333333333333,0.0,0.030000000000000002,24.2,220.53333333333333,0.4666666666666666,8121.5,-105.83333333333333,-2.8833333333333333,1.0,2025-06-14T20:53:01.192476928Z
21554.0,100.0,71.125,1016.6750000000001,0.0,0.04000000000000001,24.025,204.925,0.525,8857.75,-103.5,-0.8749999999999998,1.0,2025-06-14T21:03:35.837391360Z
21423.166666666668,100.0,72.08333333333333,1016.8499999999999,0.0,0.030000000000000002,23.95,295.8666666666667,0.6999999999999998,8125.166666666667,-104.83333333333333,-0.9000000000000002,1.0,2025-06-14T21:12:21.156483072Z
21425.166666666668,100.0,63.333333333333336,1017.3000000000001,0.0,0.030000000000000002,24.650000000000002,262.5,2.0833333333333335,8127.166666666667,-107.83333333333333,-2.35,1.0,2025-06-14T21:23:01.161999360Z
21559.5,100.0,62.625,1016.9499999999999,0.0,0.04000000000000001,25.224999999999998,179.5,0.7500000000000001,8863.5,-107.0,-1.8750000000000002,1.0,2025-06-14T21:33:35.754608640Z
21577.8,100.0,65.0,1016.46,0.0,0.03200000000000001,24.9,247.08,0.82,9306.0,-107.2,-3.66,1.0,2025-06-14T21:43:29.828902144Z
21579.6,100.0,66.7,1015.9799999999999,0.0,0.03200000000000001,24.500000000000004,204.80000000000004,0.86,9308.0,-104.6,0.9,1.0,2025-06-14T21:53:53.816567296Z
21564.5,100.0,67.75,1016.0250000000001,0.0,0.04000000000000001,24.225,220.425,1.125,8869.25,-106.75,-2.925,1.0,2025-06-14T22:03:35.729159424Z
21433.166666666668,100.0,68.5,1015.6666666666666,0.0,0.030000000000000002,24.033333333333335,113.31666666666666,0.8666666666666667,8136.5,-105.66666666666667,-3.4,1.0,2025-06-14T22:12:21.148962816Z
21435.166666666668,99.5,69.08333333333333,1015.5833333333334,0.0,0.030000000000000002,23.86666666666667,124.10000000000001,0.8166666666666668,8138.5,-106.16666666666667,-2.1999999999999997,1.0,2025-06-14T22:23:01.101036288Z
21570.0,99.0,70.375,1015.65,0.0,0.04000000000000001,23.650000000000002,234.75,0.9,8875.0,-103.75,0.0,1.0,2025-06-14T22:33:35.696984320Z
21588.2,99.0,72.0,1015.6200000000001,0.0,0.03200000000000001,23.36,227.87999999999997,0.96,9317.6,-106.2,-0.5999999999999999,1.0,2025-06-14T22:43:29.767591168Z
21440.166666666668,99.0,71.91666666666667,1015.5833333333334,0.0,0.030000000000000002,23.349999999999998,168.9,0.7999999999999999,8144.166666666667,-106.83333333333333,-2.25,1.0,2025-06-14T22:53:01.067097856Z
21575.25,99.0,70.875,1015.425,0.0,0.04000000000000001,23.400000000000002,108.15,0.925,8880.75,-103.5,-0.45,1.0,2025-06-14T23:03:35.685331456Z
21593.4,99.0,71.4,1015.14,0.0,0.03200000000000001,23.340000000000003,188.16,0.9,9323.4,-104.2,0.96,1.0,2025-06-14T23:13:29.784858880Z
21445.166666666668,98.66666666666667,72.16666666666667,1015.1166666666664,0.0,0.030000000000000002,23.183333333333337,139.85000000000002,0.9,8149.833333333333,-105.33333333333333,-1.6333333333333335,1.0,2025-06-14T23:23:01.396997376Z
21580.5,97.25,73.875,1015.225,0.0,0.04000000000000001,22.900000000000002,189.25,0.6000000000000001,8886.5,-106.25,-2.25,1.0,2025-06-14T23:33:35.672016384Z
21448.5,97.33333333333333,77.16666666666667,1015.3333333333334,0.0,0.030000000000000002,22.51666666666667,263.09999999999997,0.6666666666666666,8153.5,-107.5,-5.25,1.0,2025-06-14T23:42:21.017497856Z
21450.5,97.33333333333333,77.0,1015.4499999999999,0.0,0.030000000000000002,22.416666666666668,279.3666666666667,1.3333333333333333,8155.5,-104.83333333333333,-0.5333333333333333,1.0,2025-06-14T23:53:01.087290112Z
21452.0,97.33333333333333,76.5,1015.5,0.0,0.030000000000000002,22.599999999999998,285.0,1.2333333333333334,8157.666666666667,-106.0,-1.2666666666666668,1.0,2025-06-15T00:04:20.994466560Z
21453.5,97.33333333333333,77.5,1015.5499999999998,0.0,0.030000000000000002,22.516666666666666,262.55,1.3,8159.166666666667,-105.83333333333333,-1.4666666666666668,1.0,2025-06-15T00:12:20.987090944Z
21412.2,97.0,77.1,1015.5200000000001,0.0,0.036000000000000004,22.659999999999997,283.41999999999996,1.22,7573.4,-105.6,-3.7,1.0,2025-06-15T00:23:23.987787264Z
21590.75,96.5,78.5,1015.475,0.0,0.04000000000000001,22.775,288.07499999999993,1.35,8898.0,-103.5,0.55,1.0,2025-06-15T00:33:35.618013952Z
21458.5,96.0,78.41666666666667,1015.5,0.0,0.030000000000000002,22.816666666666666,275.93333333333334,1.7,8164.833333333333,-107.16666666666667,-1.3999999999999997,1.0,2025-06-15T00:42:20.977400832Z
21417.4,96.0,79.5,1015.7,0.0,0.036000000000000004,22.7,257.6,1.64,7579.0,-107.2,-4.26,1.0,2025-06-15T00:53:23.942957568Z
21596.0,96.0,79.875,1015.7,0.0,0.04000000000000001,22.725,259.425,1.325,8903.75,-105.25,-4.2,1.0,2025-06-15T01:03:35.574574336Z
21463.5,96.0,78.58333333333333,1015.6333333333332,0.0,0.030000000000000002,22.91666666666667,267.0166666666667,1.5833333333333333,8170.5,-105.5,-2.4499999999999997,1.0,2025-06-15T01:12:20.929621760Z
21465.5,96.0,78.0,1015.7166666666666,0.0,0.030000000000000002,22.900000000000002,254.95000000000005,1.4333333333333333,8172.5,-107.5,-6.599999999999999,1.0,2025-06-15T01:23:00.960410880Z
21601.5,95.5,78.75,1015.775,0.0,0.04000000000000001,22.675,263.5,1.3499999999999999,8909.5,-105.75,-1.4249999999999998,1.0,2025-06-15T01:33:36.087458816Z
21468.833333333332,95.0,79.41666666666667,1015.6666666666665,0.0,0.03166666666666667,22.45,240.04999999999998,0.7000000000000001,8176.166666666667,-106.16666666666667,-4.433333333333334,1.0,2025-06-15T01:42:20.910188288Z
21470.833333333332,95.0,80.25,1015.5833333333334,0.0,0.04,22.13333333333333,251.79999999999998,0.7000000000000001,8178.166666666667,-105.5,-1.6166666666666665,1.0,2025-06-15T01:53:00.889053440Z
21607.0,95.0,82.125,1015.7,0.0,0.0475,21.775000000000002,246.27499999999998,0.9500000000000001,8915.25,-107.5,-2.925,1.0,2025-06-15T02:03:36.061413888Z
21286.0,95.0,80.75,1015.725,0.0,0.0425,21.975,231.075,1.225,6711.25,-108.25,-3.6499999999999995,1.0,2025-06-15T02:10:24.998337536Z
21625.6,95.0,82.1,1015.5,0.0,0.044,21.56,244.14000000000001,1.5,9360.0,-106.0,-4.2,1.0,2025-06-15T02:22:41.573889536Z
21585.333333333332,95.0,82.83333333333333,1015.8333333333334,0.0,0.07666666666666667,21.5,237.4333333333333,1.2666666666666666,8185.666666666667,-104.0,0.13333333333333344,1.0,2025-06-15T02:32:45.390601472Z
21478.166666666668,93.0,80.41666666666667,1015.5833333333334,0.0,0.04666666666666667,21.799999999999997,247.01666666666668,1.4666666666666668,8187.5,-106.66666666666667,-1.75,1.0,2025-06-15T02:42:20.852014848Z
21480.166666666668,93.0,79.0,1015.5666666666666,0.0,0.04666666666666667,21.866666666666664,230.73333333333335,1.2666666666666666,8189.5,-105.0,-3.3666666666666667,1.0,2025-06-15T02:53:00.841879808Z
21616.75,93.0,80.625,1015.75,0.0,0.0575,21.525,259.825,1.125,8926.75,-102.75,-0.42500000000000004,1.0,2025-06-15T03:03:35.466315776Z
21483.5,93.0,80.25,1015.65,0.0,0.04666666666666667,21.5,253.48333333333335,1.2166666666666666,8193.166666666666,-105.66666666666667,-3.0666666666666664,1.0,2025-06-15T03:12:20.808865792Z
21485.5,93.0,80.5,1015.5999999999999,0.0,0.04666666666666667,21.366666666666664,242.21666666666667,1.4166666666666667,8195.166666666666,-107.16666666666667,-3.1333333333333333,1.0,2025-06-15T03:23:00.798523392Z
21622.25,93.0,82.0,1015.7,0.0,0.06,21.025,245.0,0.95,8932.5,-107.25,-0.20000000000000018,1.0,2025-06-15T03:33:35.486097408Z
21488.833333333332,92.16666666666667,81.83333333333333,1015.6666666666665,0.0,0.06166666666666667,21.083333333333332,276.3,0.8999999999999999,8198.833333333334,-108.16666666666667,-3.966666666666667,1.0,2025-06-15T03:42:20.783105024Z
21490.833333333332,92.0,81.83333333333333,1015.6666666666666,0.0,0.06333333333333334,21.066666666666666,256.7333333333333,0.8666666666666668,8200.833333333334,-106.16666666666667,-1.1,1.0,2025-06-15T03:53:00.770724864Z
21627.75,92.0,83.5,1015.725,0.0,0.07,20.924999999999997,214.775,0.6499999999999999,8938.25,-106.0,-1.4000000000000001,1.0,2025-06-15T04:03:35.413268480Z
21644.6,92.0,82.9,1015.64,0.0,0.05600000000000001,21.120000000000005,231.32,0.8800000000000001,9381.2,-105.4,-0.8400000000000001,1.0,2025-06-15T04:12:17.460055040Z
21495.833333333332,92.0,81.41666666666667,1015.6999999999999,0.0,0.06333333333333334,21.53333333333333,249.2166666666667,0.43333333333333335,8206.5,-105.66666666666667,-4.75,1.0,2025-06-15T04:23:00.739521792Z
21633.0,92.0,80.875,1015.825,0.0,0.07,21.925,247.425,0.525,8944.0,-104.0,0.02499999999999991,1.0,2025-06-15T04:33:35.403917312Z
21499.166666666668,92.16666666666667,78.91666666666667,1015.75,0.0,0.06333333333333334,22.38333333333333,258.73333333333335,0.39999999999999997,8210.166666666666,-105.5,-3.6333333333333333,1.0,2025-06-15T04:42:21.137558272Z
21501.166666666668,92.33333333333333,76.41666666666667,1015.7666666666665,0.0,0.06333333333333334,23.05,240.38333333333335,0.39999999999999997,8212.166666666666,-106.16666666666667,-3.6166666666666667,1.0,2025-06-15T04:53:00.724431104Z
21638.5,92.5,73.5,1015.85,0.0,0.07,23.75,286.7,0.475,8949.75,-102.75,-2.3499999999999996,1.0,2025-06-15T05:03:35.914574848Z
21504.5,92.33333333333333,73.25,1015.7833333333333,0.0,0.06333333333333334,24.016666666666666,201.3166666666667,0.6166666666666667,8215.833333333334,-106.5,-1.4166666666666667,1.0,2025-06-15T05:12:20.691340544Z
21506.5,92.33333333333333,72.91666666666667,1015.85,0.0,0.06999999999999999,24.183333333333334,170.10000000000002,0.49999999999999994,8217.833333333334,-107.5,-4.866666666666666,1.0,2025-06-15T05:23:00.682581760Z
21644.0,92.5,72.0,1016.0,0.0,0.075,24.324999999999996,166.9,0.6000000000000001,8955.5,-106.5,-1.6249999999999998,1.0,2025-06-15T05:33:35.325887232Z
21509.833333333332,92.66666666666667,72.25,1015.9166666666666,0.0,0.06999999999999999,24.266666666666666,166.85,0.8000000000000002,8221.5,-106.33333333333333,-4.95,1.0,2025-06-15T05:42:20.717389568Z
21511.833333333332,93.66666666666667,72.58333333333333,1016.0333333333333,0.0,0.06999999999999999,24.216666666666665,159.73333333333335,0.5333333333333333,8223.5,-107.16666666666667,-1.8833333333333335,1.0,2025-06-15T05:53:00.677335808Z
21649.5,93.75,72.25,1016.05,0.0,0.075,24.175,181.27500000000003,0.325,8961.25,-105.25,-0.5250000000000004,1.0,2025-06-15T06:03:35.309265408Z
21515.166666666668,93.66666666666667,70.41666666666667,1016.0999999999999,0.0,0.06999999999999999,24.833333333333332,211.66666666666666,0.65,8227.166666666666,-106.33333333333333,-4.2,1.0,2025-06-15T06:12:20.632302592Z
21517.166666666668,93.66666666666667,66.58333333333333,1016.0999999999999,0.0,0.06999999999999999,26.049999999999997,153.23333333333335,0.7166666666666667,8229.166666666666,-107.5,-3.8166666666666664,1.0,2025-06-15T06:23:00.635817728Z
21655.0,93.75,64.75,1016.175,0.0,0.075,26.950000000000003,175.75,0.8,8967.0,-104.75,-0.125,1.0,2025-06-15T06:33:35.289668608Z
21520.5,94.66666666666667,62.5,1016.1666666666666,0.0,0.06999999999999999,27.483333333333334,103.11666666666667,0.9333333333333332,8232.833333333334,-107.16666666666667,-3.3166666666666664,1.0,2025-06-15T06:42:20.640841472Z
21522.5,97.66666666666667,61.166666666666664,1016.1666666666666,0.0,0.06999999999999999,28.066666666666666,127.30000000000001,0.55,8234.833333333334,-106.83333333333333,-1.9666666666666668,1.0,2025-06-15T06:53:01.024795648Z
21524.0,98.66666666666667,56.166666666666664,1016.2666666666668,0.0,0.06999999999999999,28.8,140.16666666666666,0.8666666666666666,8236.666666666666,-104.0,-4.6000000000000005,1.0,2025-06-15T07:02:40.594099968Z
21525.5,98.66666666666667,54.5,1016.25,0.0,0.06999999999999999,29.450000000000003,174.46666666666667,0.8333333333333335,8238.5,-105.33333333333333,-1.05,1.0,2025-06-15T07:12:20.591962112Z
21527.5,98.66666666666667,53.75,1016.2166666666667,0.0,0.06999999999999999,29.733333333333334,192.08333333333337,0.7000000000000001,8240.5,-106.33333333333333,-1.3499999999999996,1.0,2025-06-15T07:23:00.700429312Z
21665.5,99.0,51.25,1016.05,0.0,0.075,30.275,161.79999999999998,0.775,8978.5,-105.25,-2.5,1.0,2025-06-15T07:33:35.269373184Z
21681.8,98.4,48.4,1015.9799999999999,0.0,0.06,30.560000000000002,213.26,0.6799999999999999,9422.0,-104.8,-4.26,1.0,2025-06-15T07:43:29.286818304Z
21532.5,99.33333333333333,48.833333333333336,1015.9666666666667,0.0,0.06999999999999999,30.63333333333333,231.14999999999998,0.6833333333333335,8246.166666666666,-106.16666666666667,-1.3666666666666665,1.0,2025-06-15T07:53:00.608159744Z
21670.75,100.0,49.5,1015.95,0.0,0.075,31.1,169.7,0.925,8984.25,-107.0,-2.25,1.0,2025-06-15T08:03:35.237371136Z
21535.833333333332,100.0,47.416666666666664,1015.9166666666666,0.0,0.06999999999999999,31.45,192.38333333333333,0.9,8249.833333333334,-106.16666666666667,-0.7000000000000001,1.0,2025-06-15T08:12:20.556569856Z
21428.4,100.0,47.5,1015.86,0.0,0.06599999999999999,31.640000000000004,155.42,1.02,7662.8,-107.2,-3.96,1.0,2025-06-15T08:22:20.883489792Z
21675.75,100.0,45.375,1015.8,0.0,0.075,31.9,237.14999999999998,0.625,8990.0,-104.0,0.30000000000000004,1.0,2025-06-15T08:33:35.227975168Z
21540.833333333332,100.0,46.333333333333336,1015.6999999999999,0.0,0.06999999999999999,32.083333333333336,103.35000000000001,0.9499999999999998,8255.5,-103.66666666666667,-4.216666666666667,1.0,2025-06-15T08:42:20.539211776Z
21542.833333333332,100.0,47.166666666666664,1015.75,0.0,0.06999999999999999,31.900000000000002,233.04999999999998,0.9666666666666667,8257.5,-105.33333333333333,-4.2,1.0,2025-06-15T08:53:00.901000448Z
21681.25,100.0,47.0,1015.675,0.0,0.075,32.075,195.325,1.425,8995.75,-104.75,-1.175,1.0,2025-06-15T09:03:35.240944896Z
21546.166666666668,100.0,45.833333333333336,1015.6,0.0,0.06999999999999999,32.13333333333333,106.65000000000002,0.75,8261.166666666666,-106.16666666666667,-1.1666666666666667,1.0,2025-06-15T09:12:20.530907136Z
21548.166666666668,100.0,46.833333333333336,1015.5333333333333,0.0,0.06999999999999999,32.46666666666667,165.18333333333337,1.7666666666666668,8263.166666666666,-106.66666666666667,-2.283333333333333,1.0,2025-06-15T09:23:00.545054976Z
21686.75,100.0,45.25,1015.525,0.0,0.075,32.875,182.6,1.3,9001.5,-107.5,-2.55,1.0,2025-06-15T09:33:35.196941312Z
21702.8,100.0,44.3,1015.46,0.0,0.06,32.760000000000005,226.38000000000002,1.58,9445.2,-106.2,-3.5,1.0,2025-06-15T09:43:29.221559808Z
21553.166666666668,100.0,44.5,1015.4666666666666,0.0,0.06999999999999999,33.06666666666667,220.18333333333337,0.8500000000000001,8268.833333333334,-104.83333333333333,-1.8,1.0,2025-06-15T09:53:00.515865856Z
21692.0,100.0,43.875,1015.4000000000001,0.0,0.075,33.35,94.37499999999999,1.325,9007.25,-106.25,-1.125,1.0,2025-06-15T10:03:35.255000576Z
21556.5,100.0,43.75,1015.3666666666667,0.0,0.06999999999999999,33.583333333333336,174.5,0.9333333333333332,8272.5,-105.83333333333333,-0.4166666666666667,1.0,2025-06-15T10:12:20.498444544Z
21558.5,100.0,42.5,1015.25,0.0,0.06999999999999999,33.61666666666667,127.86666666666667,0.8333333333333334,8274.5,-108.5,-3.85,1.0,2025-06-15T10:23:00.512840448Z
21673.666666666668,100.0,42.5,1015.2666666666668,0.0,0.04,33.8,202.53333333333333,1.633333333333333,8276.333333333334,-104.33333333333333,-0.7333333333333331,1.0,2025-06-15T10:32:45.161822464Z
21713.0,100.0,44.4,1015.0,0.0,0.024,33.879999999999995,195.8,1.0799999999999998,9456.8,-105.0,-1.8399999999999999,1.0,2025-06-15T10:43:29.199927808Z
21563.166666666668,100.0,42.583333333333336,1014.9333333333334,0.0,0.04,33.88333333333333,244.64999999999998,1.4833333333333334,8280.166666666666,-106.83333333333333,-3.5666666666666664,1.0,2025-06-15T10:53:00.500720896Z
21702.5,100.0,43.875,1014.9000000000001,0.0,0.03,33.95,169.825,1.15,9018.75,-102.5,-3.2,1.0,2025-06-15T11:03:35.193708032Z
21566.5,100.0,42.0,1014.8000000000001,0.0,0.04,34.36666666666667,197.08333333333334,1.0833333333333333,8283.833333333334,-105.0,-0.7333333333333331,1.0,2025-06-15T11:12:20.528339968Z
21568.5,100.0,41.75,1014.8000000000001,0.0,0.04,34.85,190.5,1.2166666666666666,8285.833333333334,-105.5,-1.5166666666666668,1.0,2025-06-15T11:23:00.487173888Z
21708.0,100.0,40.375,1014.8,0.0,0.03,35.275,188.05,0.7250000000000001,9024.5,-107.0,-2.1499999999999995,1.0,2025-06-15T11:33:35.182890240Z
21571.833333333332,100.0,40.0,1014.6333333333336,0.0,0.04,35.43333333333333,177.71666666666667,1.2666666666666666,8289.5,-106.83333333333333,-1.6666666666666667,1.0,2025-06-15T11:42:20.483151104Z
21573.833333333332,100.0,39.083333333333336,1014.6,0.0,0.04,35.63333333333333,81.96666666666665,1.4166666666666667,8291.5,-106.33333333333333,-0.7833333333333333,1.0,2025-06-15T11:53:00.489458688Z
21713.5,100.0,38.25,1014.5,0.0,0.03,35.425000000000004,115.92500000000001,1.525,9030.25,-107.0,-1.7500000000000002,1.0,2025-06-15T12:03:35.197505792Z
21466.6,100.0,38.8,1014.3799999999999,0.0,0.048,35.67999999999999,168.4,1.06,7705.6,-107.2,-4.46,1.0,2025-06-15T12:11:32.772666112Z
21537.2,100.0,38.1,1014.26,0.0,0.048,35.88000000000001,205.6,1.26,7707.6,-108.2,-3.66,1.0,2025-06-15T12:22:23.556452864Z
21718.25,100.0,38.0,1014.1,0.0,0.03,35.900000000000006,212.39999999999998,1.225,9036.0,-103.25,0.5000000000000002,1.0,2025-06-15T12:33:35.198470656Z
21581.833333333332,100.0,37.416666666666664,1014.0333333333333,0.0,0.04,36.2,170.15,1.1,8300.833333333334,-104.33333333333333,-2.983333333333333,1.0,2025-06-15T12:42:20.485339136Z
21583.833333333332,100.0,36.916666666666664,1013.9499999999999,0.0,0.04,36.26666666666667,227.20000000000002,1.1666666666666667,8302.833333333334,-104.66666666666667,-1.2166666666666668,1.0,2025-06-15T12:53:00.495537152Z
21723.75,100.0,37.5,1013.8,0.0,0.03,36.4,61.525000000000006,1.4249999999999998,9041.75,-105.25,-0.25,1.0,2025-06-15T13:03:35.200066816Z
21587.166666666668,100.0,36.916666666666664,1013.6333333333333,0.0,0.04,36.5,60.03333333333334,1.0333333333333334,8306.5,-103.83333333333333,-0.19999999999999987,1.0,2025-06-15T13:12:20.487770368Z
21589.166666666668,100.0,35.75,1013.4666666666666,0.0,0.04,36.26666666666667,110.31666666666668,1.9333333333333333,8308.5,-105.33333333333333,-4.55,1.0,2025-06-15T13:23:00.527067136Z
21729.25,100.0,36.5,1013.25,0.0,0.03,36.1,195.35,1.425,9047.5,-106.75,-1.5499999999999998,1.0,2025-06-15T13:33:35.204083200Z
21592.5,100.0,36.0,1013.25,0.0,0.04,36.4,112.16666666666667,1.6333333333333335,8312.166666666666,-106.16666666666667,-3.65,1.0,2025-06-15T13:42:20.490797824Z
21746.4,100.0,35.6,1013.1400000000001,0.0,0.024,36.7,232.45999999999998,1.26,9493.6,-104.8,0.5399999999999998,1.0,2025-06-15T13:53:53.203894272Z
22034.333333333332,100.0,36.166666666666664,1012.9666666666667,0.0,0.0,36.86666666666667,206.80000000000004,1.1333333333333333,11264.666666666666,-104.33333333333333,1.6333333333333335,1.0,2025-06-15T14:04:34.630717696Z
21597.166666666668,100.0,35.5,1012.9499999999998,0.0,0.04,36.93333333333334,141.36666666666665,1.4833333333333334,8317.833333333334,-103.83333333333333,-3.9499999999999997,1.0,2025-06-15T14:12:20.487286016Z
21599.166666666668,100.0,36.5,1012.6833333333334,0.0,0.04,36.68333333333334,167.75,2.4833333333333334,8319.833333333334,-106.83333333333333,-3.283333333333333,1.0,2025-06-15T14:23:00.516104448Z
21739.75,100.0,34.375,1012.55,0.0,0.03,36.825,169.3,1.9500000000000002,9059.0,-104.25,0.25,1.0,2025-06-15T14:33:35.193220608Z
21602.5,100.0,36.5,1012.4166666666666,0.0,0.04,36.76666666666667,135.36666666666667,1.9333333333333333,8323.5,-105.66666666666667,-0.8166666666666668,1.0,2025-06-15T14:42:20.479749120Z
21604.5,100.0,38.0,1012.3166666666666,0.0,0.04,36.4,98.81666666666668,2.7999999999999994,8325.5,-106.5,-1.4166666666666667,1.0,2025-06-15T14:53:00.479855360Z
21745.25,100.0,39.125,1012.1750000000001,0.0,0.03,36.075,118.95,2.5249999999999995,9064.75,-104.25,-4.075,1.0,2025-06-15T15:03:35.199844608Z
21607.833333333332,100.0,41.833333333333336,1012.1333333333333,0.0,0.04,35.9,66.81666666666666,2.983333333333333,8329.166666666666,-105.5,-2.3333333333333335,1.0,2025-06-15T15:12:20.479236352Z
21609.833333333332,100.0,43.5,1012.1999999999999,0.0,0.04,35.35,119.21666666666665,2.6999999999999997,8331.166666666666,-106.0,-1.7833333333333339,1.0,2025-06-15T15:23:00.487138048Z
21750.75,100.0,45.125,1012.15,0.0,0.03,34.875,67.0,2.8249999999999997,9070.5,-105.0,-0.7999999999999998,1.0,2025-06-15T15:33:35.733198080Z
21613.166666666668,100.0,45.5,1012.0500000000001,0.0,0.04,34.449999999999996,145.95000000000002,2.9,8334.833333333334,-106.16666666666667,-2.5500000000000003,1.0,2025-06-15T15:42:20.458559744Z
21615.166666666668,100.0,46.25,1011.9499999999999,0.0,0.04,33.86666666666667,167.16666666666666,2.8333333333333335,8336.833333333334,-104.5,-0.30000000000000027,1.0,2025-06-15T15:53:00.463966464Z
21756.25,100.0,47.375,1011.825,0.0,0.03,32.875,115.125,3.0250000000000004,9076.25,-106.25,-1.9749999999999999,1.0,2025-06-15T16:03:35.726581760Z
21618.5,100.0,48.25,1011.7666666666668,0.0,0.04,32.550000000000004,127.85000000000001,2.1333333333333333,8340.5,-104.16666666666667,-0.6999999999999998,1.0,2025-06-15T16:12:20.454871808Z
21620.5,100.0,48.666666666666664,1011.6999999999999,0.0,0.04,32.13333333333333,152.28333333333333,2.4833333333333334,8342.5,-105.83333333333333,-2.6833333333333336,1.0,2025-06-15T16:23:00.449245184Z
21761.75,100.0,50.125,1011.725,0.0,0.03,31.775,127.425,2.175,9082.0,-104.5,0.44999999999999996,1.0,2025-06-15T16:33:35.221534720Z
21623.833333333332,100.0,50.833333333333336,1011.9500000000002,0.0,0.04,31.666666666666668,110.14999999999999,1.8833333333333335,8346.166666666666,-106.0,-2.8333333333333335,1.0,2025-06-15T16:42:20.430365440Z
21625.833333333332,100.0,51.583333333333336,1011.9500000000002,0.0,0.04,31.383333333333336,106.61666666666666,2.0500000000000003,8348.166666666666,-105.33333333333333,-0.8999999999999999,1.0,2025-06-15T16:53:00.432210176Z
21767.25,100.0,53.0,1011.95,0.0,0.03,30.999999999999996,134.675,2.1,9087.75,-102.5,-2.375,1.0,2025-06-15T17:03:35.154476544Z
21629.166666666668,100.0,53.583333333333336,1011.8333333333334,0.0,0.04,30.799999999999997,141.66666666666669,1.8333333333333333,8351.833333333334,-104.5,-0.4166666666666668,1.0,2025-06-15T17:12:20.426525952Z
21631.166666666668,100.0,54.5,1011.7833333333333,0.0,0.04,30.45,142.33333333333334,2.15,8353.833333333334,-106.5,-3.3000000000000003,1.0,2025-06-15T17:23:00.403469568Z
21772.75,100.0,55.875,1011.6500000000001,0.0,0.03,29.974999999999998,140.625,2.15,9093.5,-106.0,-0.19999999999999996,1.0,2025-06-15T17:33:35.131366912Z
21634.5,100.0,56.166666666666664,1011.6,0.0,0.04,29.766666666666666,104.95,1.616666666666667,8357.5,-108.83333333333333,-6.2,1.0,2025-06-15T17:42:20.437483776Z
21636.5,100.0,56.333333333333336,1011.4333333333334,0.0,0.04,29.533333333333335,147.9,1.9333333333333333,8359.5,-106.33333333333333,-1.55,1.0,2025-06-15T17:53:00.741463808Z
21778.25,100.0,56.0,1011.375,0.0,0.03,29.349999999999998,115.375,2.1999999999999997,9099.25,-104.5,0.10000000000000009,1.0,2025-06-15T18:03:35.115364864Z
21639.833333333332,100.0,56.25,1011.5500000000001,0.0,0.041666666666666664,29.049999999999997,149.5666666666667,1.8999999999999997,8363.166666666666,-105.83333333333333,-1.4500000000000004,1.0,2025-06-15T18:12:20.375292672Z
21641.833333333332,100.0,56.833333333333336,1011.7333333333332,0.0,0.04833333333333334,28.700000000000003,94.69999999999999,1.7666666666666668,8365.166666666666,-105.33333333333333,-3.3333333333333335,1.0,2025-06-15T18:23:00.366919424Z
21783.75,100.0,57.5,1011.8000000000001,0.0,0.04,28.375,109.625,1.875,9105.0,-103.5,0.6750000000000003,1.0,2025-06-15T18:33:35.099867904Z
21645.166666666668,100.0,70.0,1935.4666666666665,42.5,109.28833333333334,23.46666666666667,82.1,1093.6833333333334,8368.833333333334,-105.83333333333333,-2.0833333333333335,1.0,2025-06-15T18:42:20.697317376Z
21647.166666666668,100.0,60.916666666666664,1011.7833333333333,0.0,0.03166666666666667,27.650000000000002,116.75,1.2666666666666666,8370.833333333334,-105.66666666666667,-1.5833333333333333,1.0,2025-06-15T18:53:00.342537984Z
21789.25,100.0,61.5,1011.9,0.0,0.0025,27.475,115.30000000000001,1.475,9110.75,-104.0,-1.925,1.0,2025-06-15T19:03:35.069044224Z
21650.5,100.0,62.833333333333336,1012.0,0.0,0.011666666666666667,27.266666666666666,110.93333333333334,1.2500000000000002,8374.5,-104.0,0.10000000000000009,1.0,2025-06-15T19:12:20.314608896Z
21652.5,100.0,63.416666666666664,1012.1833333333333,0.0,0.016666666666666666,27.099999999999998,122.7666666666667,1.1333333333333335,8376.5,-105.16666666666667,-1.5333333333333332,1.0,2025-06-15T19:23:00.319624192Z
21807.4,100.0,63.9,1011.96,0.0,0.02,26.939999999999998,104.61999999999998,1.26,9559.2,-103.6,-0.15999999999999998,1.0,2025-06-15T19:33:05.454456320Z
21656.166666666668,100.0,64.0,1012.1166666666667,0.0,0.016666666666666666,26.95,126.33333333333336,1.5333333333333334,8380.166666666666,-105.66666666666667,-2.6833333333333336,1.0,2025-06-15T19:42:20.291968768Z
21811.2,100.0,64.7,1011.9799999999999,0.0,0.024,26.8,172.6,1.1400000000000001,9563.0,-105.2,-0.11999999999999993,1.0,2025-06-15T19:52:41.049964544Z
21800.25,100.0,66.375,1012.075,0.0,0.030000000000000002,26.475,107.875,1.3,9122.25,-102.75,0.6000000000000001,1.0,2025-06-15T20:03:35.024442112Z
21814.4,100.0,66.3,1012.22,0.0,0.024,26.419999999999998,133.8,0.82,9567.0,-105.4,-1.5200000000000002,1.0,2025-06-15T20:13:28.983724544Z
21662.833333333332,100.0,67.0,1012.4500000000002,0.0,0.023333333333333334,26.25,144.78333333333333,1.1666666666666667,8387.833333333334,-108.33333333333333,-5.983333333333332,1.0,2025-06-15T20:23:00.278821888Z
21805.5,100.0,67.125,1012.425,0.0,0.030000000000000002,26.225,162.025,1.15,9128.0,-103.0,0.40000000000000013,1.0,2025-06-15T20:33:35.007149056Z
21666.166666666668,100.0,68.08333333333333,1012.3499999999999,0.0,0.023333333333333334,26.066666666666666,151.11666666666665,1.1,8391.5,-105.33333333333333,-4.25,1.0,2025-06-15T20:42:20.239521792Z
21668.166666666668,100.0,69.25,1012.1166666666667,0.0,0.023333333333333334,25.849999999999998,95.23333333333333,1.5,8393.5,-105.66666666666667,-0.8833333333333333,1.0,2025-06-15T20:53:00.267750400Z
21811.0,100.0,69.375,1012.1000000000001,0.0,0.030000000000000002,25.725,149.3,1.3,9133.75,-104.25,-0.44999999999999973,1.0,2025-06-15T21:03:34.973190656Z
21671.5,100.0,70.16666666666667,1012.1166666666664,0.0,0.023333333333333334,25.666666666666668,174.36666666666667,1.25,8397.166666666666,-106.0,-1.4333333333333336,1.0,2025-06-15T21:12:20.208073984Z
21673.5,100.0,70.91666666666667,1012.1500000000001,0.0,0.023333333333333334,25.45,132.36666666666665,0.8666666666666667,8399.166666666666,-106.5,-1.5,1.0,2025-06-15T21:23:00.207133952Z
21816.5,100.0,72.625,1012.175,0.0,0.030000000000000002,25.124999999999996,197.05,0.425,9139.5,-104.5,-1.1749999999999998,1.0,2025-06-15T21:33:34.971464704Z
21676.833333333332,100.0,73.5,1012.1166666666667,0.0,0.023333333333333334,24.866666666666664,119.11666666666667,0.39999999999999997,8402.833333333334,-106.66666666666667,-2.3333333333333335,1.0,2025-06-15T21:42:20.180269312Z
21678.833333333332,100.0,75.5,1012.0833333333334,0.0,0.023333333333333334,24.599999999999998,293.1666666666667,0.5,8404.833333333334,-102.83333333333333,-6.866666666666667,1.0,2025-06-15T21:53:00.169801984Z
21822.0,100.0,77.5,1012.1999999999999,0.0,0.030000000000000002,24.225,229.675,0.6499999999999999,9145.25,-106.5,-1.5499999999999998,1.0,2025-06-15T22:03:34.931558144Z
21641.6,100.0,77.3,1012.2,0.0,0.028000000000000004,24.119999999999997,170.42000000000002,0.4000000000000001,7817.6,-105.6,-1.7199999999999995,1.0,2025-06-15T22:11:35.242035456Z
21683.833333333332,99.66666666666667,78.5,1012.2333333333335,0.0,0.023333333333333334,23.96666666666667,266.03333333333336,0.5333333333333332,8410.5,-106.83333333333333,-3.516666666666667,1.0,2025-06-15T22:23:00.148209408Z
21827.25,99.0,78.875,1012.325,0.0,0.030000000000000002,23.875,309.725,0.7499999999999999,9151.0,-103.75,-0.32499999999999996,1.0,2025-06-15T22:33:34.905374208Z
21573.6,98.6,78.2,1012.1599999999999,0.0,0.018,23.78,266.41999999999996,0.6,7823.2,-106.0,-4.12,1.0,2025-06-15T22:41:32.306515456Z
21688.833333333332,98.66666666666667,79.58333333333333,1012.1,0.0,0.023333333333333334,23.633333333333336,176.20000000000002,0.43333333333333335,8416.166666666666,-105.83333333333333,-2.0,1.0,2025-06-15T22:53:00.112787712Z
21812.333333333332,98.66666666666667,81.0,1012.2666666666668,0.0,0.043333333333333335,23.46666666666667,206.53333333333333,0.7333333333333334,8418.0,-103.33333333333333,-2.4999999999999996,1.0,2025-06-15T23:02:44.948089600Z
21691.833333333332,98.66666666666667,81.33333333333333,1011.9666666666667,0.0,0.02666666666666667,23.28333333333333,165.81666666666666,0.5166666666666667,8419.833333333334,-106.33333333333333,-1.6499999999999997,1.0,2025-06-15T23:12:20.095648768Z
21847.4,98.4,82.8,1011.8,0.0,0.026000000000000002,22.94,187.56,0.9199999999999999,9603.6,-109.2,-5.24,1.0,2025-06-15T23:22:40.825037824Z
21817.666666666668,98.66666666666667,82.0,1012.0333333333333,0.0,0.043333333333333335,23.099999999999998,189.69999999999996,1.0333333333333334,8423.666666666666,-105.0,-2.6666666666666665,1.0,2025-06-15T23:32:44.928989184Z
21696.5,97.0,81.25,1011.7666666666668,0.0,0.02666666666666667,23.26666666666667,168.04999999999998,0.6833333333333332,8425.5,-105.5,-4.416666666666667,1.0,2025-06-15T23:42:20.071344896Z
21698.5,97.0,80.91666666666667,1011.7833333333334,0.0,0.02666666666666667,23.183333333333334,152.36666666666665,0.5833333333333334,8427.5,-105.33333333333333,-1.5333333333333332,1.0,2025-06-15T23:53:00.055534592Z
21854.2,97.0,80.5,1011.7,0.0,0.026000000000000002,23.18,186.64,0.5,9611.4,-109.0,-6.880000000000001,1.0,2025-06-16T00:03:04.779989504Z
21702.166666666668,97.0,80.25,1011.8500000000003,0.0,0.02666666666666667,23.28333333333333,215.33333333333334,0.5666666666666667,8431.166666666666,-106.0,-3.066666666666667,1.0,2025-06-16T00:12:20.074887936Z
21858.0,97.0,79.9,1011.82,0.0,0.026000000000000002,23.22,221.94,0.45999999999999996,9615.2,-105.8,-2.3,1.0,2025-06-16T00:22:40.751653632Z
21848.0,96.75,79.5,1011.925,0.0,0.0325,23.075000000000003,192.89999999999998,0.525,9174.0,-103.0,1.05,1.0,2025-06-16T00:33:34.793363456Z
21707.166666666668,96.16666666666667,79.83333333333333,1011.85,0.0,0.02666666666666667,23.083333333333332,222.79999999999998,0.3333333333333333,8436.833333333334,-105.16666666666667,-2.6999999999999997,1.0,2025-06-16T00:42:20.018575360Z
21863.2,96.0,80.2,1011.68,0.0,0.026000000000000002,22.8,178.60000000000002,0.45999999999999996,9621.2,-104.6,-1.26,1.0,2025-06-16T00:53:52.719781120Z
21853.25,96.0,80.5,1011.725,0.0,0.0325,22.75,293.075,0.7250000000000001,9179.75,-103.75,-1.5250000000000004,1.0,2025-06-16T01:03:37.145889792Z
21712.166666666668,96.0,80.58333333333333,1011.6666666666666,0.0,0.02666666666666667,22.633333333333336,277.6,0.6166666666666667,8442.5,-104.0,-1.0333333333333332,1.0,2025-06-16T01:12:20.019986176Z
21674.0,96.0,81.6,1011.74,0.0,0.032,22.279999999999998,306.56000000000006,0.64,7853.4,-104.4,-3.0,1.0,2025-06-16T01:23:23.073676800Z
21858.5,95.5,82.75,1011.75,0.0,0.0325,22.224999999999998,152.5,1.0,9185.5,-103.5,-4.5,1.0,2025-06-16T01:33:34.747351040Z
21717.166666666668,94.66666666666667,82.91666666666667,1011.7666666666668,0.0,0.02666666666666667,22.3,170.23333333333332,0.7166666666666667,8448.166666666666,-106.33333333333333,-4.566666666666666,1.0,2025-06-16T01:42:19.955054848Z
21719.166666666668,94.0,84.0,1012.0500000000001,0.0,0.02666666666666667,22.166666666666668,297.68333333333334,0.85,8450.166666666666,-105.5,-1.1999999999999997,1.0,2025-06-16T01:52:59.942857472Z
21864.0,94.0,86.5,1012.3,0.0,0.0325,21.95,210.00000000000003,1.0750000000000002,9191.25,-104.75,-0.6749999999999998,1.0,2025-06-16T02:03:34.718798080Z
21722.5,94.0,88.0,1012.4166666666666,0.0,0.02666666666666667,22.25,184.54999999999998,1.0666666666666664,8453.833333333334,-107.66666666666667,-2.9333333333333336,1.0,2025-06-16T02:12:19.916760064Z
21724.5,94.0,88.33333333333333,1012.5666666666666,0.0,0.02666666666666667,22.5,186.05000000000004,0.9333333333333335,8455.833333333334,-106.83333333333333,-2.783333333333333,1.0,2025-06-16T02:22:59.947643904Z
21869.5,94.0,88.75,1012.6750000000001,0.0,0.0325,22.624999999999996,104.55,0.975,9197.0,-108.0,-7.375,1.0,2025-06-16T02:33:34.697214976Z
21727.833333333332,93.5,89.08333333333333,1012.7166666666666,0.0,0.02666666666666667,22.350000000000005,236.71666666666667,0.7000000000000001,8459.5,-110.16666666666667,-7.233333333333333,1.0,2025-06-16T02:42:19.934020608Z
21873.0,93.0,89.875,1012.9749999999999,0.0,0.0325,22.175,294.125,0.7250000000000001,9200.75,-106.25,-1.2,1.0,2025-06-16T02:53:04.680527616Z
22180.0,93.0,90.33333333333333,1013.1666666666666,0.0,0.03333333333333333,21.900000000000002,270.7666666666667,0.7000000000000001,11420.666666666666,-102.66666666666667,0.6,1.0,2025-06-16T03:04:34.138002176Z
21732.166666666668,93.0,91.5,1013.1999999999999,0.0,0.02666666666666667,21.766666666666666,260.7333333333333,0.5666666666666667,8465.166666666666,-104.16666666666667,-2.283333333333333,1.0,2025-06-16T03:12:19.858033408Z
21888.8,93.0,92.0,1013.26,0.0,0.026000000000000002,21.68,236.45999999999998,0.48,9650.0,-106.4,-4.16,1.0,2025-06-16T03:22:40.620096512Z
21879.5,93.0,91.625,1013.425,0.0,0.035,21.85,252.45,0.575,9208.5,-105.5,-1.8499999999999999,1.0,2025-06-16T03:33:34.646843136Z
21737.166666666668,92.83333333333333,92.0,1013.4833333333335,0.0,0.03,21.78333333333333,250.94999999999996,0.4333333333333333,8470.833333333334,-106.0,-2.0833333333333335,1.0,2025-06-16T03:42:19.834105088Z
21739.166666666668,92.0,91.66666666666667,1013.4833333333332,0.0,0.03,21.75,183.86666666666667,0.39999999999999997,8472.833333333334,-105.0,-2.116666666666667,1.0,2025-06-16T03:52:59.830060800Z
21885.0,92.0,91.75,1013.5250000000001,0.0,0.0375,21.6,196.65,0.55,9214.25,-106.5,-2.325,1.0,2025-06-16T04:03:34.640373504Z
21742.5,92.0,91.58333333333333,1013.5166666666668,0.0,0.03,21.816666666666666,179.5666666666667,0.4833333333333334,8476.5,-104.83333333333333,-3.3833333333333333,1.0,2025-06-16T04:12:19.806118912Z
21744.5,92.0,91.08333333333333,1013.5333333333333,0.0,0.03,22.099999999999998,183.76666666666665,0.7166666666666667,8478.5,-106.66666666666667,-5.8,1.0,2025-06-16T04:22:59.794061312Z
21901.4,92.0,89.6,1013.5200000000001,0.0,0.03,22.619999999999997,172.0,0.8800000000000001,9663.6,-104.4,-0.21999999999999975,1.0,2025-06-16T04:33:04.569221376Z
21748.166666666668,92.0,87.83333333333333,1013.4666666666667,0.0,0.03,23.150000000000002,152.5,0.7999999999999999,8482.166666666666,-106.33333333333333,-3.15,1.0,2025-06-16T04:42:19.770268416Z
21750.166666666668,92.0,85.58333333333333,1013.5000000000001,0.0,0.03,23.78333333333333,160.68333333333334,0.9,8484.166666666666,-106.83333333333333,-2.0666666666666664,1.0,2025-06-16T04:52:59.790159616Z
21896.25,92.0,83.75,1013.575,0.0,0.0375,24.35,177.075,0.9,9225.75,-105.25,-2.125,1.0,2025-06-16T05:03:34.556637440Z
21753.5,92.0,83.25,1013.5333333333333,0.0,0.03,24.716666666666665,185.66666666666666,1.0666666666666667,8487.833333333334,-106.66666666666667,-1.233333333333333,1.0,2025-06-16T05:12:19.751465216Z
21755.5,92.0,82.25,1013.6333333333333,0.0,0.03,25.166666666666668,185.96666666666667,1.0333333333333332,8489.833333333334,-108.0,-2.75,1.0,2025-06-16T05:22:59.737447680Z
21901.75,92.0,80.25,1013.7249999999999,0.0,0.0375,25.625,153.25,1.4,9231.5,-105.25,-1.375,1.0,2025-06-16T05:33:34.594523648Z
21758.833333333332,92.0,79.58333333333333,1013.6666666666666,0.0,0.03,25.950000000000003,161.11666666666667,1.3999999999999997,8493.5,-107.33333333333333,-4.566666666666667,1.0,2025-06-16T05:42:19.720706304Z
21760.833333333332,92.5,77.75,1013.65,0.0,0.03,26.366666666666664,140.83333333333334,1.0999999999999999,8495.5,-104.0,-2.3333333333333335,1.0,2025-06-16T05:52:59.713536000Z
21907.25,94.0,74.75,1013.625,0.0,0.0375,26.9,154.625,1.375,9237.25,-104.0,-0.19999999999999996,1.0,2025-06-16T06:03:34.526314496Z
21724.6,94.2,71.0,1013.6600000000001,0.0,0.036,27.22,125.72,1.5399999999999998,7907.4,-107.8,-2.84,1.0,2025-06-16T06:12:35.259437568Z
21765.833333333332,94.0,70.5,1013.6166666666667,0.0,0.03,27.583333333333332,133.68333333333334,1.6500000000000001,8501.166666666666,-105.66666666666667,-3.0500000000000003,1.0,2025-06-16T06:22:59.694452480Z
21912.5,94.0,70.25,1013.7,0.0,0.0375,27.85,144.175,1.5,9243.0,-104.5,-0.6500000000000001,1.0,2025-06-16T06:33:35.038794240Z
21769.166666666668,94.0,70.08333333333333,1013.6166666666667,0.0,0.03,28.116666666666664,151.0,1.2166666666666668,8504.833333333334,-106.66666666666667,-3.1999999999999997,1.0,2025-06-16T06:42:19.721196800Z
21926.4,96.0,69.3,1013.5,0.0,0.032,28.6,159.35999999999999,1.22,9690.8,-104.2,-0.6599999999999999,1.0,2025-06-16T06:53:52.414583552Z
21917.75,98.25,69.0,1013.5999999999999,0.0,0.04,28.5,162.39999999999998,1.8250000000000002,9248.75,-104.5,-0.4749999999999999,1.0,2025-06-16T07:03:34.470959360Z
21774.166666666668,99.33333333333333,68.91666666666667,1013.6500000000001,0.0,0.03333333333333333,28.683333333333334,111.61666666666666,1.7333333333333334,8510.5,-105.5,-1.2833333333333332,1.0,2025-06-16T07:12:19.650760704Z
21931.6,99.2,68.6,1013.64,0.0,0.032,29.02,150.74,1.8800000000000001,9696.6,-103.8,-1.3600000000000003,1.0,2025-06-16T07:23:52.364993792Z
21923.0,99.5,67.25,1013.7,0.0,0.04,29.299999999999997,90.225,1.425,9254.5,-105.5,-2.75,1.0,2025-06-16T07:33:34.465897472Z
21779.166666666668,99.33333333333333,66.75,1013.6166666666667,0.0,0.03333333333333333,29.599999999999998,119.61666666666667,1.3500000000000003,8516.166666666666,-105.5,-2.4166666666666665,1.0,2025-06-16T07:42:19.668510464Z
21781.166666666668,99.66666666666667,64.41666666666667,1013.5666666666667,0.0,0.03333333333333333,29.78333333333333,190.1833333333333,1.8333333333333333,8518.166666666666,-105.0,-2.033333333333333,1.0,2025-06-16T07:52:59.647548160Z
21928.5,100.0,64.5,1013.525,0.0,0.04,29.85,105.725,2.675,9260.25,-106.25,-3.5,1.0,2025-06-16T08:03:34.440523264Z
21784.5,100.0,64.66666666666667,1013.4833333333332,0.0,0.03333333333333333,29.850000000000005,226.11666666666667,1.4833333333333332,8521.833333333334,-106.0,-3.5833333333333335,1.0,2025-06-16T08:12:19.626009600Z
21786.5,100.0,62.25,1013.5166666666668,0.0,0.03333333333333333,30.28333333333333,119.68333333333332,1.7999999999999998,8523.833333333334,-105.83333333333333,-2.9,1.0,2025-06-16T08:22:59.607958784Z
21934.0,100.0,62.25,1013.55,0.0,0.04,30.150000000000002,80.5,2.2249999999999996,9266.0,-102.75,0.7749999999999999,1.0,2025-06-16T08:33:34.424294400Z
21789.833333333332,100.0,61.5,1013.5333333333334,0.0,0.03333333333333333,30.53333333333333,139.25,1.4333333333333333,8527.5,-105.66666666666667,-2.0500000000000003,1.0,2025-06-16T08:42:19.593256960Z
21791.833333333332,100.0,60.25,1013.5,0.0,0.03333333333333333,30.666666666666668,184.61666666666667,1.9166666666666667,8529.5,-106.16666666666667,-1.7333333333333336,1.0,2025-06-16T08:52:59.626967808Z
21939.5,100.0,60.25,1013.5,0.0,0.04,30.825,114.15,1.825,9271.75,-103.25,-0.4999999999999998,1.0,2025-06-16T09:03:34.417465344Z
21795.166666666668,100.0,59.333333333333336,1013.4333333333333,0.0,0.03333333333333333,30.916666666666668,84.46666666666668,2.1666666666666665,8533.166666666666,-104.16666666666667,-1.816666666666667,1.0,2025-06-16T09:12:19.572190208Z
21796.666666666668,100.0,58.333333333333336,1013.4000000000001,0.0,0.03333333333333333,31.066666666666663,237.3666666666667,2.0,8535.0,-106.0,-0.7666666666666666,1.0,2025-06-16T09:21:59.564496896Z
21944.0,100.0,57.625,1013.3500000000001,0.0,0.04,31.025,134.92499999999998,2.925,9277.5,-103.0,-1.5250000000000004,1.0,2025-06-16T09:33:34.394718976Z
21799.5,100.0,57.416666666666664,1013.2833333333333,0.0,0.03333333333333333,31.333333333333332,199.98333333333335,2.266666666666667,8538.833333333334,-104.33333333333333,-3.216666666666667,1.0,2025-06-16T09:42:19.565299968Z
21801.5,100.0,56.916666666666664,1013.2166666666667,0.0,0.03333333333333333,31.633333333333336,220.16666666666666,2.35,8540.833333333334,-104.33333333333333,-1.8166666666666664,1.0,2025-06-16T09:52:59.596194816Z
21949.5,100.0,56.625,1013.0999999999999,0.0,0.04,31.5,144.35000000000002,2.35,9283.25,-106.75,-3.25,1.0,2025-06-16T10:03:34.386665216Z
21804.833333333332,100.0,56.666666666666664,1013.0833333333334,0.0,0.03333333333333333,31.63333333333333,125.16666666666667,3.0666666666666664,8544.5,-104.66666666666667,-1.6333333333333335,1.0,2025-06-16T10:12:19.551985920Z
21806.833333333332,100.0,68.33333333333333,1936.55,42.5,109.25833333333333,26.21666666666667,165.38333333333335,1094.2499999999998,8546.5,-104.83333333333333,-5.366666666666666,1.0,2025-06-16T10:23:00.226936832Z
21955.0,100.0,57.125,1013.0749999999999,0.0,0.01,31.425,89.85,3.3,9289.0,-103.5,0.55,1.0,2025-06-16T10:33:34.373405696Z
21810.166666666668,100.0,56.0,1013.0666666666667,0.0,0.013333333333333334,31.566666666666666,102.48333333333333,2.35,8550.166666666666,-105.16666666666667,-1.5333333333333339,1.0,2025-06-16T10:42:19.533781248Z
21812.166666666668,100.0,57.25,1012.9333333333334,0.0,0.013333333333333334,31.483333333333334,65.88333333333334,3.3333333333333335,8552.166666666666,-105.33333333333333,-0.6833333333333335,1.0,2025-06-16T10:52:59.513412864Z
21960.5,100.0,57.25,1012.85,0.0,0.01,31.275,122.17500000000001,3.15,9294.75,-102.25,-1.9249999999999998,1.0,2025-06-16T11:03:34.380402176Z
21815.5,100.0,57.166666666666664,1012.8000000000001,0.0,0.013333333333333334,31.416666666666668,200.83333333333334,3.266666666666667,8555.833333333334,-104.5,-1.0999999999999996,1.0,2025-06-16T11:12:19.516132096Z
21973.6,100.0,57.5,1012.6600000000001,0.0,0.008,31.6,99.16,2.96,9743.0,-105.4,-1.56,1.0,2025-06-16T11:23:52.228248064Z
21965.75,100.0,56.125,1012.6750000000001,0.0,0.01,31.775,164.175,3.4,9300.5,-104.75,-1.2,1.0,2025-06-16T11:33:34.342616576Z
21781.6,100.0,54.2,1012.6200000000001,0.0,0.016,31.439999999999998,111.54,3.6799999999999997,7968.8,-106.8,-3.44,1.0,2025-06-16T11:41:34.664127744Z
21822.166666666668,100.0,52.416666666666664,1012.3499999999999,0.0,0.013333333333333334,32.083333333333336,183.48333333333332,2.9499999999999997,8563.5,-105.16666666666667,0.3333333333333335,1.0,2025-06-16T11:52:59.489089536Z
21971.0,100.0,53.0,1012.2,0.0,0.01,31.425,94.42500000000001,3.15,9306.25,-103.5,0.55,1.0,2025-06-16T12:03:34.407033344Z
21825.5,100.0,51.916666666666664,1011.9500000000002,0.0,0.013333333333333334,30.75,145.50000000000003,2.55,8567.166666666666,-104.5,-1.816666666666667,1.0,2025-06-16T12:12:19.475489792Z
21788.8,100.0,51.9,1011.32,0.0,0.016,29.839999999999996,202.70000000000002,3.9400000000000004,7976.6,-105.6,-2.3599999999999994,1.0,2025-06-16T12:23:22.639649536Z
21976.25,100.0,52.25,1011.375,0.0,0.0125,29.349999999999998,180.375,2.5250000000000004,9312.0,-102.75,-0.09999999999999987,1.0,2025-06-16T12:33:34.313767168Z
21830.5,100.0,52.333333333333336,1011.6833333333333,0.0,0.016666666666666666,29.01666666666667,134.28333333333333,2.5833333333333335,8572.833333333334,-106.83333333333333,-3.0999999999999996,1.0,2025-06-16T12:42:19.454538752Z
21832.5,100.0,52.583333333333336,1011.4500000000002,0.0,0.016666666666666666,28.55,179.58333333333334,2.5166666666666666,8574.833333333334,-105.66666666666667,-4.8999999999999995,1.0,2025-06-16T12:52:59.451120640Z
21981.75,100.0,53.125,1011.825,0.0,0.0125,28.15,67.55000000000001,1.9,9317.75,-103.5,-1.8250000000000002,1.0,2025-06-16T13:03:34.838486528Z
21835.833333333332,100.0,52.833333333333336,1012.4833333333335,0.0,0.016666666666666666,27.86666666666667,140.98333333333332,1.8500000000000003,8578.5,-104.83333333333333,-0.8166666666666665,1.0,2025-06-16T13:12:19.801739520Z
21837.833333333332,100.0,54.333333333333336,1012.7999999999998,0.0,0.016666666666666666,27.566666666666663,146.3166666666667,1.6333333333333335,8580.5,-107.0,-3.516666666666667,1.0,2025-06-16T13:22:59.442921472Z
21987.25,100.0,54.125,1013.1999999999999,0.0,0.0125,27.324999999999996,104.0,1.625,9323.5,-103.25,-0.07499999999999996,1.0,2025-06-16T13:33:34.278221312Z
21841.166666666668,100.0,56.916666666666664,1012.9500000000002,0.0,0.028333333333333332,26.88333333333333,117.28333333333335,1.7166666666666668,8584.166666666666,-104.66666666666667,-1.2333333333333338,1.0,2025-06-16T13:42:19.413678080Z
21843.166666666668,100.0,60.166666666666664,1013.3833333333332,0.0,0.06166666666666667,26.333333333333332,225.6166666666667,3.1,8586.166666666666,-103.0,-3.9,1.0,2025-06-16T13:52:59.409170688Z
21992.75,100.0,68.5,1015.0,0.0,0.095,25.625,262.425,1.75,9329.25,-106.0,-1.7249999999999999,1.0,2025-06-16T14:03:34.255591168Z
21846.5,100.0,77.75,1016.0333333333334,0.0,0.43,22.166666666666668,254.6,8.200000000000001,8589.833333333334,-106.83333333333333,-4.633333333333334,1.0,2025-06-16T14:12:19.449829120Z
22005.0,100.0,91.4,1016.5799999999999,0.0,2.322,19.3,287.76,9.5,9777.8,-101.0,-6.2,1.0,2025-06-16T14:23:52.112658176Z
22006.8,100.0,90.8,1017.04,0.0,3.5460000000000003,18.520000000000003,285.64,7.92,9779.6,-105.4,-5.04,1.0,2025-06-16T14:33:04.138945792Z
21851.833333333332,100.0,89.75,1017.1333333333333,0.0,3.861666666666667,18.383333333333336,281.1333333333334,6.8,8595.5,-106.83333333333333,-2.3000000000000003,1.0,2025-06-16T14:42:19.343020800Z
21853.833333333332,100.0,89.83333333333333,1017.1999999999999,0.0,4.453333333333333,18.400000000000002,291.59999999999997,5.650000000000001,8597.5,-106.5,-4.8500000000000005,1.0,2025-06-16T14:52:59.342581760Z
22003.75,100.0,91.625,1017.1750000000001,0.0,5.2275,18.4,287.775,4.074999999999999,9340.75,-98.25,-14.5,1.0,2025-06-16T15:03:34.195922176Z
21857.166666666668,100.0,91.66666666666667,1017.0666666666666,0.0,5.683333333333334,18.5,295.56666666666666,3.966666666666667,8601.166666666666,-105.33333333333333,-5.166666666666667,1.0,2025-06-16T15:12:19.323287296Z
21859.166666666668,100.0,91.83333333333333,1016.8833333333333,0.0,6.968333333333333,18.516666666666666,291.71666666666664,3.5500000000000003,8603.166666666666,-102.33333333333333,-8.033333333333333,1.0,2025-06-16T15:22:59.327115264Z
22009.25,100.0,92.25,1016.5999999999999,0.0,8.365,18.475,305.225,3.675,9346.5,-105.5,-3.125,1.0,2025-06-16T15:33:34.195841280Z
22019.4,100.0,92.7,1016.3,0.0,9.19,18.419999999999998,280.08,1.8199999999999998,9793.0,-103.4,-5.58,1.0,2025-06-16T15:42:16.033748736Z
21864.166666666668,100.0,93.41666666666667,1015.9833333333332,0.0,10.478333333333333,18.35,197.16666666666666,1.1,8608.833333333334,-105.83333333333333,-2.1833333333333336,1.0,2025-06-16T15:52:59.296485376Z
22000.333333333332,100.0,93.16666666666667,1015.4333333333334,0.0,12.346666666666666,18.366666666666667,164.1,1.6666666666666667,8610.666666666666,-104.33333333333333,-3.1999999999999997,1.0,2025-06-16T16:02:44.377382144Z
21867.166666666668,100.0,91.16666666666667,1014.5166666666668,0.0,12.026666666666666,18.416666666666668,148.01666666666665,1.8833333333333335,8612.5,-108.0,-5.666666666666667,1.0,2025-06-16T16:12:19.264123904Z
22026.2,100.0,92.4,1015.14,0.0,12.142,18.439999999999998,183.86,2.16,9801.0,-103.2,-8.16,1.0,2025-06-16T16:23:52.051289344Z
22019.5,100.0,93.5,1014.825,0.0,12.5875,18.425,183.675,2.075,9358.0,-103.5,-4.125,1.0,2025-06-16T16:33:34.125711872Z
21872.166666666668,100.0,93.75,1014.7333333333332,0.0,12.393333333333333,18.450000000000003,180.15,1.5666666666666664,8618.166666666666,-105.16666666666667,-2.9,1.0,2025-06-16T16:42:19.241554688Z
21874.166666666668,100.0,94.16666666666667,1014.5500000000001,0.0,12.393333333333333,18.666666666666668,121.28333333333332,1.7666666666666666,8620.166666666666,-107.0,-2.4499999999999997,1.0,2025-06-16T16:52:59.274842880Z
21875.666666666668,100.0,93.33333333333333,1014.6,0.0,12.393333333333333,18.866666666666667,136.0666666666667,1.8666666666666665,8622.333333333334,-107.0,-1.1333333333333335,1.0,2025-06-16T17:04:19.224564992Z
22034.4,100.0,93.2,1014.4799999999999,0.0,12.306000000000001,19.06,98.8,1.92,9810.4,-104.2,1.3,1.0,2025-06-16T17:12:15.953231104Z
21878.833333333332,100.0,92.83333333333333,1014.9166666666666,0.0,12.393333333333333,19.4,132.23333333333332,2.4166666666666665,8625.833333333334,-104.66666666666667,-4.8999999999999995,1.0,2025-06-16T17:22:59.563916288Z
22029.75,100.0,91.5,1015.375,0.0,12.59,19.75,109.10000000000001,2.075,9369.5,-101.75,-7.949999999999999,1.0,2025-06-16T17:33:34.084915200Z
21882.166666666668,100.0,88.91666666666667,1015.7833333333333,0.0,12.4,20.066666666666666,154.13333333333335,3.733333333333333,8629.5,-105.83333333333333,-6.666666666666667,1.0,2025-06-16T17:42:19.187851520Z
21884.166666666668,100.0,88.5,1015.9333333333334,0.0,12.413333333333334,20.316666666666666,186.0333333333334,3.2999999999999994,8631.5,-107.16666666666667,-3.1999999999999997,1.0,2025-06-16T17:52:59.169725696Z
22035.25,100.0,88.75,1016.05,0.0,12.605,20.375,140.775,2.7,9375.25,-106.75,-2.3999999999999995,1.0,2025-06-16T18:03:34.036248064Z
21887.5,100.0,89.16666666666667,1016.1666666666666,0.0,12.413333333333334,20.383333333333336,189.01666666666665,2.183333333333333,8635.166666666666,-107.83333333333333,-4.266666666666667,1.0,2025-06-16T18:12:19.145031680Z
21889.5,100.0,89.83333333333333,1016.3166666666667,0.0,12.413333333333334,20.116666666666664,219.9333333333333,1.633333333333333,8637.166666666666,-107.83333333333333,-6.416666666666667,1.0,2025-06-16T18:22:59.143877376Z
22040.75,100.0,90.75,1016.775,0.0,12.605,19.8,211.85,1.6249999999999998,9381.0,-104.25,0.050000000000000266,1.0,2025-06-16T18:33:34.069689856Z
21892.833333333332,100.0,90.5,1016.7833333333334,0.0,12.413333333333334,19.75,259.8,1.1500000000000001,8640.833333333334,-106.0,-4.783333333333334,1.0,2025-06-16T18:42:19.127907584Z
21894.833333333332,100.0,90.41666666666667,1016.8666666666667,0.0,10.265,19.633333333333333,172.35,1.1166666666666665,8642.833333333334,-107.66666666666667,-3.733333333333333,1.0,2025-06-16T18:52:59.113348864Z
22046.25,100.0,88.875,1017.1,0.0,9.3825,19.625,144.95000000000002,0.8,9386.75,-105.0,-7.55,1.0,2025-06-16T19:03:33.980841472Z
21898.166666666668,100.0,90.25,1017.0999999999999,0.0,8.123333333333333,19.383333333333336,170.15,0.5,8646.5,-107.33333333333333,-1.7833333333333332,1.0,2025-06-16T19:12:19.077057536Z
22049.75,100.0,92.125,1017.125,0.0,9.392499999999998,19.2,150.8,1.1,9390.5,-107.25,-0.5249999999999999,1.0,2025-06-16T19:23:03.985614080Z
22051.25,100.0,92.625,1017.1500000000001,0.0,9.392499999999998,19.05,155.925,0.7749999999999999,9392.5,-107.25,-2.175,1.0,2025-06-16T19:33:33.966028288Z
21902.833333333332,100.0,93.33333333333333,1017.1999999999999,0.0,8.123333333333333,18.849999999999998,167.46666666666667,0.9500000000000001,8652.166666666666,-109.66666666666667,-9.0,1.0,2025-06-16T19:42:19.106300928Z
21904.833333333332,100.0,94.16666666666667,1017.3166666666667,0.0,8.123333333333333,18.566666666666666,204.5666666666667,0.7666666666666666,8654.166666666666,-106.83333333333333,-2.8833333333333333,1.0,2025-06-16T19:52:59.043010816Z
22056.75,100.0,94.875,1017.5,0.0,9.425,18.375,218.55,0.8,9398.25,-105.75,-0.375,1.0,2025-06-16T20:03:33.934028800Z
22058.25,100.0,95.375,1017.6,0.0,9.425,18.125,237.85,0.8,9400.0,-106.25,-3.25,1.0,2025-06-16T20:12:33.936796416Z
21909.5,100.0,95.83333333333333,1017.6833333333334,0.0,8.166666666666666,18.133333333333336,278.48333333333335,0.6666666666666666,8659.833333333334,-105.0,-6.533333333333334,1.0,2025-06-16T20:22:59.379193856Z
22061.75,99.75,95.875,1017.8,0.0,9.425,18.075,274.525,0.75,9404.0,-104.5,-0.925,1.0,2025-06-16T20:33:33.915081472Z
21912.833333333332,99.5,95.66666666666667,1017.6833333333333,0.0,8.17,18.28333333333333,250.45000000000002,0.6999999999999998,8663.5,-108.33333333333333,-2.516666666666667,1.0,2025-06-16T20:42:19.035752192Z
21914.833333333332,99.33333333333333,94.83333333333333,1017.6999999999999,0.0,8.17,18.383333333333333,173.5,0.5833333333333334,8665.5,-106.5,-2.9166666666666665,1.0,2025-06-16T20:52:58.984034560Z
22055.0,99.66666666666667,95.5,1017.8666666666667,0.0,8.846666666666666,18.400000000000002,235.9333333333333,0.6,8667.333333333334,-103.33333333333333,-3.266666666666667,1.0,2025-06-16T21:02:44.155040512Z
21917.833333333332,99.33333333333333,93.08333333333333,1017.7500000000001,0.0,8.174999999999999,18.566666666666666,276.1666666666667,1.3,8669.166666666666,-107.0,-3.0833333333333335,1.0,2025-06-16T21:12:18.959240448Z
21919.833333333332,99.33333333333333,93.0,1017.8333333333334,0.0,8.358333333333334,18.55,291.00000000000006,1.0666666666666667,8671.166666666666,-106.0,-3.633333333333333,1.0,2025-06-16T21:22:58.952184064Z
22072.5,98.75,94.125,1017.75,0.0,10.115,18.4,286.175,0.95,9415.5,-106.75,-3.125,1.0,2025-06-16T21:33:33.873498880Z
21923.166666666668,98.66666666666667,93.41666666666667,1017.6666666666666,0.0,9.295,18.3,218.41666666666666,0.9666666666666668,8674.833333333334,-106.66666666666667,-5.166666666666666,1.0,2025-06-16T21:42:18.929330432Z
21925.166666666668,98.33333333333333,91.5,1017.6999999999999,0.0,9.488333333333332,18.333333333333332,238.5666666666667,1.1666666666666667,8676.833333333334,-105.83333333333333,-1.416666666666666,1.0,2025-06-16T21:52:58.959798272Z
22078.0,98.5,92.125,1017.75,0.0,10.867500000000001,18.325,296.275,1.025,9421.25,-105.75,-0.5,1.0,2025-06-16T22:03:33.822724096Z
21928.5,98.33333333333333,90.83333333333333,1017.5666666666666,0.0,10.098333333333334,18.299999999999997,267.15000000000003,2.0,8680.5,-106.0,-2.233333333333334,1.0,2025-06-16T22:12:18.895760640Z
21930.5,98.33333333333333,90.33333333333333,1017.5,0.0,10.408333333333333,18.266666666666666,234.33333333333334,1.9666666666666666,8682.5,-106.33333333333333,-3.3666666666666667,1.0,2025-06-16T22:22:58.886181632Z
22083.5,98.0,90.625,1017.5,0.0,11.605,18.299999999999997,302.35,1.4500000000000002,9427.0,-106.0,-1.875,1.0,2025-06-16T22:33:34.340730624Z
21812.6,97.0,91.5,1017.3799999999999,0.0,9.846,18.240000000000002,290.34000000000003,1.9400000000000002,8092.2,-108.4,-5.319999999999999,1.0,2025-06-16T22:42:31.374394624Z
21935.5,96.33333333333333,91.41666666666667,1017.5,0.0,10.713333333333333,18.266666666666666,301.8666666666666,2.0000000000000004,8688.166666666666,-109.0,-3.983333333333333,1.0,2025-06-16T22:52:58.911345920Z
22088.5,96.5,92.25,1017.575,0.0,11.782499999999999,18.275,294.05,2.4,9432.75,-105.75,-2.95,1.0,2025-06-16T23:03:33.776344576Z
21938.833333333332,96.33333333333333,92.58333333333333,1017.5,0.0,10.735,18.25,292.76666666666665,2.7000000000000006,8691.833333333334,-106.33333333333333,-1.7,1.0,2025-06-16T23:12:18.842885888Z
21940.833333333332,96.33333333333333,92.41666666666667,1017.4166666666666,0.0,10.756666666666666,18.28333333333333,258.95,1.6166666666666665,8693.833333333334,-107.0,-3.5833333333333335,1.0,2025-06-16T23:22:58.826921984Z
22094.0,96.25,92.0,1017.5,0.0,11.8225,18.349999999999998,310.52500000000003,1.8250000000000002,9438.5,-107.0,-4.925,1.0,2025-06-16T23:33:33.745906688Z
21944.166666666668,95.66666666666667,91.66666666666667,1017.2833333333334,0.0,10.766666666666666,18.433333333333334,314.3333333333333,1.6166666666666665,8697.5,-106.5,-2.733333333333334,1.0,2025-06-16T23:42:18.818829056Z
21946.166666666668,95.5,91.08333333333333,1017.1833333333334,0.0,10.766666666666666,18.5,273.40000000000003,1.6333333333333335,8699.5,-106.33333333333333,-0.9999999999999999,1.0,2025-06-16T23:52:58.800839936Z
22099.5,95.5,92.5,1017.3,0.0,11.825,18.35,295.025,2.175,9444.25,-105.75,-0.6500000000000004,1.0,2025-06-17T00:03:34.278874880Z
21949.5,95.33333333333333,92.75,1017.1666666666666,0.0,10.766666666666666,18.266666666666666,276.1666666666667,2.4499999999999997,8703.166666666666,-108.66666666666667,-5.566666666666666,1.0,2025-06-17T00:12:18.778056448Z
21951.5,95.33333333333333,92.66666666666667,1017.2833333333334,0.0,10.768333333333333,18.21666666666667,286.15000000000003,2.2499999999999996,8705.166666666666,-107.0,-5.383333333333333,1.0,2025-06-17T00:22:58.770075648Z
22105.0,95.0,92.375,1017.45,0.0,11.8275,18.200000000000003,299.07500000000005,2.3499999999999996,9450.0,-105.5,-0.9250000000000003,1.0,2025-06-17T00:33:33.693392384Z
21954.833333333332,94.33333333333333,91.66666666666667,1017.3499999999999,0.0,10.770000000000001,18.266666666666666,281.20000000000005,2.483333333333333,8708.833333333334,-107.33333333333333,-3.9499999999999997,1.0,2025-06-17T00:42:18.765723904Z
21956.833333333332,94.33333333333333,91.41666666666667,1017.3833333333333,0.0,10.770000000000001,18.28333333333333,289.3,2.2499999999999996,8710.833333333334,-108.16666666666667,-4.9,1.0,2025-06-17T00:52:58.751625472Z
22110.5,94.0,91.0,1017.4749999999999,0.0,11.8275,18.299999999999997,283.775,2.375,9455.75,-106.0,-2.3,1.0,2025-06-17T01:03:35.698133760Z
21960.166666666668,94.0,90.75,1017.5500000000001,0.0,10.770000000000001,18.3,281.15,2.4166666666666665,8714.5,-108.0,-3.3833333333333333,1.0,2025-06-17T01:12:18.735148800Z
21962.166666666668,94.0,90.58333333333333,1017.5333333333333,0.0,10.770000000000001,18.266666666666666,282.26666666666665,2.1,8716.5,-106.16666666666667,-4.066666666666666,1.0,2025-06-17T01:22:58.722860288Z
22105.333333333332,94.0,90.16666666666667,1017.9,0.0,11.603333333333333,18.233333333333334,277.7,2.6,8718.333333333334,-106.0,-2.5,1.0,2025-06-17T01:32:43.983859456Z
21928.4,93.2,91.4,1017.78,0.0,10.456,18.080000000000002,282.02000000000004,1.9,8125.8,-108.0,-4.18,1.0,2025-06-17T01:42:33.939425024Z
21966.833333333332,93.0,92.16666666666667,1017.6333333333332,0.0,10.865,17.950000000000003,310.4333333333334,1.7666666666666664,8722.166666666666,-106.5,-2.0833333333333335,1.0,2025-06-17T01:52:58.686345216Z
22121.0,92.5,91.875,1017.775,0.0,12.055,17.9,310.375,2.525,9467.25,-104.5,-4.375,1.0,2025-06-17T02:03:33.626813440Z
22366.5,92.5,91.5,1017.45,0.0,14.1125,17.8,321.375,2.3499999999999996,11698.5,-104.75,-1.6,1.0,2025-06-17T02:13:40.573649408Z
22130.2,92.4,92.4,1017.4200000000001,0.0,12.406,17.66,297.79999999999995,1.9799999999999998,9916.8,-106.6,-5.4799999999999995,1.0,2025-06-17T02:22:39.398377984Z
22125.75,92.5,93.5,1017.4,0.0,12.295,17.625,279.09999999999997,2.1,9473.0,-106.75,-5.125,1.0,2025-06-17T02:33:33.624827392Z
22133.4,91.8,94.2,1017.24,0.0,12.424000000000001,17.54,277.1,1.9599999999999997,9920.6,-108.2,-5.34,1.0,2025-06-17T02:42:15.414207232Z
22135.2,91.6,94.6,1017.22,0.0,12.446000000000002,17.52,267.43999999999994,2.1599999999999997,9922.8,-107.2,-3.78,1.0,2025-06-17T02:53:51.390698752Z
22130.75,91.75,94.875,1017.35,0.0,12.375,17.5,261.875,2.25,9478.75,-104.25,-4.35,1.0,2025-06-17T03:03:33.580392448Z
21942.4,91.4,95.0,1017.36,0.0,10.958000000000002,17.54,256.15999999999997,3.04,8142.6,-107.8,-4.88,1.0,2025-06-17T03:12:33.862946816Z
22140.0,91.4,94.8,1017.24,0.0,12.528,17.52,265.44,2.92,9928.4,-103.4,-7.340000000000001,1.0,2025-06-17T03:22:39.360819712Z
22135.75,91.5,95.0,1017.25,0.0,12.4225,17.55,271.425,2.9,9484.5,-107.5,-6.0,1.0,2025-06-17T03:33:33.532061184Z
21983.833333333332,91.0,95.0,1017.2333333333335,0.0,11.368333333333332,17.566666666666666,266.53333333333336,3.433333333333333,8742.833333333334,-108.66666666666667,-5.833333333333333,1.0,2025-06-17T03:42:18.587146496Z
21985.833333333332,90.0,95.0,1017.2666666666668,0.0,11.38,17.599999999999998,270.8,3.066666666666667,8744.833333333334,-108.16666666666667,-3.6999999999999997,1.0,2025-06-17T03:52:58.585418496Z
21987.333333333332,90.0,94.66666666666667,1017.2666666666668,0.0,11.38,17.633333333333333,272.90000000000003,3.6333333333333333,8746.666666666666,-107.66666666666667,-2.5000000000000004,1.0,2025-06-17T04:02:38.546907904Z
21865.8,89.2,94.5,1017.14,0.0,10.512,17.639999999999997,273.46000000000004,3.66,8153.6,-108.6,-8.16,1.0,2025-06-17T04:11:30.726221568Z
21990.5,89.33333333333333,94.5,1017.3000000000001,0.0,11.401666666666666,17.666666666666668,263.5166666666667,3.4166666666666665,8750.5,-108.83333333333333,-3.983333333333333,1.0,2025-06-17T04:22:58.582804480Z
22145.75,89.5,94.375,1017.3499999999999,0.0,12.502500000000001,17.725,282.65,3.85,9496.0,-104.75,-0.15000000000000013,1.0,2025-06-17T04:33:33.548621312Z
21870.8,89.2,94.3,1017.3,0.0,10.532,17.759999999999998,276.25999999999993,3.4400000000000004,8159.2,-108.6,-3.0800000000000005,1.0,2025-06-17T04:41:30.554275328Z
21995.5,89.33333333333333,94.25,1017.4333333333333,0.0,11.418333333333335,17.816666666666666,288.88333333333327,3.1999999999999997,8756.166666666666,-108.33333333333333,-4.116666666666666,1.0,2025-06-17T04:52:58.515358464Z
22156.8,89.4,94.4,1017.4800000000001,0.0,12.652,17.8,297.78000000000003,2.66,9947.8,-106.2,-7.2200000000000015,1.0,2025-06-17T05:03:03.260605952Z
21999.166666666668,89.33333333333333,95.0,1017.5999999999999,0.0,11.643333333333333,17.76666666666667,298.55,3.4500000000000006,8759.833333333334,-105.83333333333333,-0.7666666666666665,1.0,2025-06-17T05:12:18.482971648Z
21964.4,89.4,95.9,1017.78,0.0,11.722,17.740000000000002,280.4,2.94,8167.0,-107.0,-2.2800000000000002,1.0,2025-06-17T05:23:21.745309952Z
22002.333333333332,89.33333333333333,95.83333333333333,1017.7666666666668,0.0,12.12,17.833333333333332,289.06666666666666,2.4333333333333336,8764.0,-107.33333333333333,-2.1,1.0,2025-06-17T05:34:18.465285888Z
22003.833333333332,89.33333333333333,95.16666666666667,1017.8666666666667,0.0,12.13,17.950000000000003,292.01666666666665,2.1999999999999997,8765.5,-105.83333333333333,-4.916666666666667,1.0,2025-06-17T05:42:18.450704384Z
22005.833333333332,89.33333333333333,94.66666666666667,1017.9500000000002,0.0,12.143333333333333,18.066666666666666,271.4166666666667,2.1166666666666667,8767.5,-108.0,-3.8666666666666667,1.0,2025-06-17T05:52:58.806611200Z
22161.25,89.5,95.25,1018.0250000000001,0.0,13.267500000000002,18.15,296.54999999999995,2.1750000000000003,9513.25,-107.75,-1.5750000000000002,1.0,2025-06-17T06:03:33.401437696Z
22009.166666666668,89.66666666666667,95.16666666666667,1017.9833333333332,0.0,12.201666666666666,18.233333333333334,297.9166666666667,2.0833333333333335,8771.166666666666,-107.33333333333333,-4.483333333333333,1.0,2025-06-17T06:12:18.418799360Z
22011.166666666668,90.0,94.83333333333333,1018.0499999999998,0.0,12.266666666666666,18.266666666666666,289.5333333333333,2.766666666666667,8773.166666666666,-109.33333333333333,-6.033333333333332,1.0,2025-06-17T06:22:58.406852864Z
22166.75,90.0,94.625,1018.0,0.0,13.372499999999999,18.3,288.05,2.875,9519.0,-105.75,-0.875,1.0,2025-06-17T06:33:33.375202304Z
22014.5,90.0,94.08333333333333,1017.8833333333333,0.0,12.280000000000001,18.4,274.9166666666667,2.5999999999999996,8776.833333333334,-106.16666666666667,-4.183333333333333,1.0,2025-06-17T06:42:18.405405696Z
22016.5,91.33333333333333,94.0,1017.8833333333333,0.0,12.280000000000001,18.55,281.3666666666666,2.783333333333333,8778.833333333334,-106.0,-3.866666666666667,1.0,2025-06-17T06:52:58.757768960Z
22172.25,92.0,93.875,1017.95,0.0,13.372499999999999,18.7,295.15,3.125,9524.75,-104.5,-4.15,1.0,2025-06-17T07:03:33.359304192Z
22019.833333333332,91.66666666666667,92.75,1017.9500000000002,0.0,12.280000000000001,18.833333333333332,288.78333333333336,2.5833333333333335,8782.5,-106.16666666666667,-3.1166666666666667,1.0,2025-06-17T07:12:18.369256448Z
22021.833333333332,92.33333333333333,92.41666666666667,1018.1166666666664,0.0,12.280000000000001,18.916666666666668,288.06666666666666,1.8666666666666665,8784.5,-107.0,-5.983333333333334,1.0,2025-06-17T07:22:58.351919104Z
22177.75,92.5,91.875,1018.325,0.0,13.372499999999999,19.025,291.525,1.775,9530.5,-104.5,-2.55,1.0,2025-06-17T07:33:33.934977792Z
22025.166666666668,92.33333333333333,91.91666666666667,1018.3833333333336,0.0,12.280000000000001,19.183333333333334,298.2166666666667,1.4000000000000001,8788.166666666666,-109.0,-7.6499999999999995,1.0,2025-06-17T07:42:18.340842240Z
22027.166666666668,93.0,91.16666666666667,1018.4333333333334,0.0,12.283333333333331,19.45,293.06666666666666,1.866666666666667,8790.166666666666,-106.0,-3.5,1.0,2025-06-17T07:52:58.345377792Z
22183.25,94.25,91.5,1018.4749999999999,0.0,13.409999999999998,19.525,297.17499999999995,1.9749999999999999,9536.25,-105.25,-2.05,1.0,2025-06-17T08:03:33.837527808Z
22190.2,94.2,91.7,1018.4,0.0,13.548000000000002,19.419999999999998,302.05999999999995,1.7799999999999998,9984.6,-107.2,-3.38,1.0,2025-06-17T08:13:27.045915392Z
22192.0,94.8,91.7,1018.46,0.0,13.601999999999999,19.440000000000005,306.71999999999997,1.7799999999999998,9986.6,-104.8,-1.0599999999999998,1.0,2025-06-17T08:23:51.041560576Z
22506.666666666668,94.66666666666667,92.16666666666667,1018.5666666666666,0.0,15.873333333333333,19.5,332.59999999999997,1.8666666666666665,11774.666666666666,-103.0,-0.5666666666666668,1.0,2025-06-17T08:34:33.567761408Z
22435.5,94.5,90.875,1018.5,0.0,15.45,19.825000000000003,252.39999999999998,1.85,11776.5,-104.5,-2.125,1.0,2025-06-17T08:43:40.200622080Z
22036.166666666668,95.66666666666667,87.41666666666667,1018.5666666666666,0.0,12.446666666666667,20.333333333333332,268.68333333333334,1.55,8801.5,-103.33333333333333,-6.283333333333331,1.0,2025-06-17T08:52:58.265936128Z
22193.0,97.75,87.625,1018.65,0.0,13.515,20.675,223.375,1.05,9547.75,-104.75,-1.925,1.0,2025-06-17T09:03:33.253888512Z
22039.5,97.33333333333333,84.91666666666667,1018.5333333333333,0.0,12.446666666666667,21.083333333333332,225.7833333333333,1.8833333333333335,8805.166666666666,-107.0,-1.2166666666666668,1.0,2025-06-17T09:12:18.259357696Z
22041.5,98.0,81.08333333333333,1018.6166666666667,0.0,12.446666666666667,21.166666666666668,137.08333333333334,1.8166666666666664,8807.166666666666,-107.33333333333333,-1.45,1.0,2025-06-17T09:22:58.247589120Z
22198.5,98.75,82.125,1018.775,0.0,13.515,21.15,112.0,1.6749999999999998,9553.5,-106.0,-2.125,1.0,2025-06-17T09:33:33.242028544Z
22044.833333333332,98.66666666666667,81.66666666666667,1018.6,0.0,12.451666666666666,21.483333333333334,88.08333333333333,1.7166666666666668,8810.833333333334,-105.5,-4.433333333333333,1.0,2025-06-17T09:42:18.270073856Z
22046.833333333332,98.66666666666667,80.5,1018.5333333333333,0.0,12.456666666666669,21.88333333333333,136.25,1.2333333333333334,8812.833333333334,-105.5,-2.766666666666667,1.0,2025-06-17T09:52:58.212840192Z
22195.333333333332,100.0,75.83333333333333,1018.7000000000002,0.0,13.300000000000002,22.2,218.4333333333333,1.7666666666666668,8814.666666666666,-105.33333333333333,-1.5999999999999999,1.0,2025-06-17T10:02:43.626968320Z
21902.333333333332,100.0,75.0,1018.2333333333332,0.0,11.613333333333335,22.46666666666667,107.83333333333333,0.9333333333333332,8816.666666666666,-107.66666666666667,-5.0,1.0,2025-06-17T10:13:12.793853952Z
22050.833333333332,100.0,73.0,1018.4666666666667,0.0,12.456666666666669,22.71666666666667,201.26666666666665,1.0666666666666667,8818.5,-107.33333333333333,-4.133333333333334,1.0,2025-06-17T10:22:58.184737792Z
22208.0,100.0,74.375,1018.5999999999999,0.0,5.1625,22.975,263.65,1.325,9565.0,-103.5,-0.3250000000000002,1.0,2025-06-17T10:33:33.169978368Z
22054.166666666668,100.0,72.91666666666667,1018.4499999999999,0.0,6.890000000000001,23.53333333333333,292.5,1.4833333333333332,8822.166666666666,-105.5,-3.716666666666667,1.0,2025-06-17T10:42:18.162515712Z
22216.8,100.0,73.6,1018.3800000000001,0.0,1.296,23.72,226.42,1.54,10015.4,-103.8,-3.56,1.0,2025-06-17T10:52:38.949594624Z
22213.25,100.0,72.0,1018.45,0.0,1.62,23.75,312.65,1.5750000000000002,9570.75,-105.25,-1.5,1.0,2025-06-17T11:03:33.153029888Z
22022.8,100.0,69.5,1018.5,0.0,2.592,23.96,301.08000000000004,1.34,8232.2,-105.8,-1.5799999999999996,1.0,2025-06-17T11:12:33.382185984Z
22060.833333333332,100.0,69.5,1018.4333333333334,0.0,2.1616666666666666,23.916666666666668,197.25000000000003,1.1500000000000001,8829.833333333334,-105.83333333333333,-2.5500000000000003,1.0,2025-06-17T11:22:58.136710144Z
22538.666666666668,100.0,69.83333333333333,1018.4333333333334,0.0,0.0,23.76666666666667,110.76666666666667,0.8333333333333334,11810.666666666666,-103.0,-0.3666666666666667,1.0,2025-06-17T11:34:32.702469376Z
22063.833333333332,100.0,68.0,1018.4166666666666,0.0,2.1633333333333336,24.166666666666668,172.54999999999998,1.5833333333333333,8833.5,-107.0,-3.466666666666667,1.0,2025-06-17T11:42:18.121291008Z
22065.833333333332,100.0,62.25,1018.2999999999998,0.0,2.165,24.816666666666666,214.08333333333334,2.3,8835.5,-104.66666666666667,-2.75,1.0,2025-06-17T11:52:58.630716160Z
22223.75,100.0,60.75,1018.3,0.0,1.6275,24.750000000000004,162.92499999999998,1.975,9582.25,-105.25,-0.5249999999999997,1.0,2025-06-17T12:03:33.117569280Z
22069.166666666668,100.0,61.083333333333336,1018.25,0.0,2.1716666666666664,25.016666666666666,226.21666666666667,1.7333333333333334,8839.166666666666,-107.0,-3.216666666666667,1.0,2025-06-17T12:12:18.094816000Z
22071.166666666668,100.0,60.25,1018.1333333333333,0.0,2.1733333333333333,25.633333333333336,252.26666666666668,1.8666666666666665,8841.166666666666,-105.5,-6.166666666666667,1.0,2025-06-17T12:22:58.435506944Z
22229.25,100.0,55.875,1018.125,0.0,1.63,25.725,138.6,2.05,9588.0,-104.5,0.625,1.0,2025-06-17T12:33:33.081356288Z
22074.5,100.0,53.916666666666664,1018.1166666666667,0.0,2.1733333333333333,25.76666666666667,173.73333333333335,2.5166666666666666,8844.833333333334,-107.0,-2.0666666666666664,1.0,2025-06-17T12:42:18.057062400Z
22076.5,100.0,54.916666666666664,1018.1666666666666,0.0,2.1733333333333333,26.033333333333335,83.38333333333333,2.283333333333333,8846.833333333334,-105.5,-0.4833333333333332,1.0,2025-06-17T12:52:58.040538880Z
22234.75,100.0,51.75,1018.2,0.0,1.63,26.000000000000004,129.275,3.075,9593.75,-104.0,-2.6000000000000005,1.0,2025-06-17T13:03:33.064085504Z
22079.833333333332,100.0,50.333333333333336,1018.1666666666666,0.0,2.183333333333333,26.23333333333333,115.86666666666666,2.766666666666666,8850.5,-104.16666666666667,-2.3166666666666664,1.0,2025-06-17T13:12:18.042420992Z
22081.833333333332,100.0,47.833333333333336,1018.2166666666667,0.0,2.1866666666666665,26.650000000000002,100.69999999999999,2.55,8852.5,-106.16666666666667,-2.9,1.0,2025-06-17T13:22:58.060967936Z
22240.25,100.0,49.125,1018.175,0.0,1.64,26.599999999999998,135.7,1.625,9599.5,-103.25,-1.5499999999999998,1.0,2025-06-17T13:33:33.048953088Z
22085.166666666668,100.0,48.166666666666664,1018.0666666666666,0.0,2.1866666666666665,26.86666666666667,257.63333333333327,2.25,8856.166666666666,-106.33333333333333,-5.000000000000001,1.0,2025-06-17T13:42:18.009604352Z
22087.166666666668,100.0,48.666666666666664,1018.0166666666668,0.0,2.1866666666666665,27.25,128.65,1.4333333333333333,8858.166666666666,-105.33333333333333,-0.0999999999999998,1.0,2025-06-17T13:52:58.004665344Z
22245.75,100.0,47.625,1017.95,0.0,1.64,26.775,130.875,2.375,9605.25,-105.25,0.17500000000000004,1.0,2025-06-17T14:03:33.071229440Z
22090.5,100.0,46.583333333333336,1017.8166666666666,0.0,2.1866666666666665,27.166666666666668,140.75,1.6833333333333333,8861.833333333334,-105.16666666666667,-0.7166666666666668,1.0,2025-06-17T14:12:17.990557696Z
22092.5,100.0,44.333333333333336,1017.6666666666666,0.0,2.1866666666666665,27.416666666666668,207.98333333333332,2.25,8863.833333333334,-105.83333333333333,-1.4666666666666668,1.0,2025-06-17T14:22:57.992669952Z
22572.666666666668,100.0,44.833333333333336,1017.5,0.0,0.0,27.53333333333333,89.56666666666668,2.233333333333333,11846.666666666666,-100.0,3.5,1.0,2025-06-17T14:34:32.586594304Z
22095.5,100.0,43.666666666666664,1017.4833333333332,0.0,2.1866666666666665,27.483333333333334,145.70000000000002,1.5333333333333334,8867.5,-105.33333333333333,-2.766666666666667,1.0,2025-06-17T14:42:17.966613504Z
22097.5,100.0,43.583333333333336,1017.3333333333331,0.0,2.1866666666666665,27.61666666666667,200.94999999999996,2.1166666666666667,8869.5,-105.16666666666667,-1.5833333333333333,1.0,2025-06-17T14:52:57.956498176Z
22256.5,100.0,43.75,1017.35,0.0,1.64,27.5,206.37499999999997,1.45,9616.75,-104.5,-1.375,1.0,2025-06-17T15:03:32.980080640Z
22100.833333333332,100.0,42.583333333333336,1017.2833333333332,0.0,2.19,27.683333333333334,244.83333333333334,1.3666666666666665,8873.166666666666,-104.83333333333333,-0.4499999999999999,1.0,2025-06-17T15:12:17.978294272Z
22102.833333333332,100.0,43.083333333333336,1017.25,0.0,2.19,27.750000000000004,112.13333333333334,1.5333333333333332,8875.166666666666,-106.5,-1.3999999999999997,1.0,2025-06-17T15:22:57.958051840Z
22262.0,100.0,44.125,1017.2750000000001,0.0,1.6425,27.75,103.675,1.525,9622.5,-104.5,-0.1499999999999999,1.0,2025-06-17T15:33:32.949122304Z
22070.4,100.0,46.9,1017.2,0.0,2.628,27.6,68.0,2.0799999999999996,8282.4,-106.2,-1.5800000000000003,1.0,2025-06-17T15:41:33.180204800Z
22269.4,100.0,46.6,1017.0199999999999,0.0,1.314,27.8,183.37999999999997,1.92,10073.4,-104.2,0.6,1.0,2025-06-17T15:52:38.684128768Z
22267.0,100.0,48.625,1017.075,0.0,1.6425,27.325,116.2,2.075,9628.25,-105.0,-2.125,1.0,2025-06-17T16:03:32.962072576Z
22110.833333333332,100.0,48.333333333333336,1017.0333333333334,0.0,2.19,27.5,121.05,1.4166666666666667,8884.5,-105.83333333333333,-1.2833333333333332,1.0,2025-06-17T16:12:17.925480192Z
22112.833333333332,100.0,47.666666666666664,1017.0666666666666,0.0,2.19,27.383333333333336,89.76666666666667,1.6500000000000001,8886.5,-105.5,-1.95,1.0,2025-06-17T16:22:57.907484928Z
22272.5,100.0,49.375,1017.125,0.0,1.6425,27.0,137.325,1.575,9634.0,-107.5,-4.65,1.0,2025-06-17T16:33:32.948623872Z
22116.166666666668,100.0,48.75,1017.0833333333334,0.0,2.19,27.066666666666666,157.20000000000002,1.9166666666666667,8890.166666666666,-106.5,-3.8833333333333333,1.0,2025-06-17T16:42:17.880240896Z
22280.0,100.0,47.4,1017.04,0.0,1.314,27.0,180.12,1.6800000000000002,10085.0,-104.2,0.24000000000000005,1.0,2025-06-17T16:52:38.622742016Z
22281.8,100.0,48.7,1017.1199999999999,0.0,1.318,26.76,176.1,1.48,10087.0,-106.4,-4.46,1.0,2025-06-17T17:03:02.720943616Z
22121.5,100.0,48.583333333333336,1017.1666666666666,0.0,2.1999999999999997,26.36666666666667,135.38333333333333,1.7166666666666666,8895.833333333334,-104.83333333333333,0.016666666666666757,1.0,2025-06-17T17:12:17.834893056Z
22123.5,100.0,49.166666666666664,1017.2166666666666,0.0,2.1999999999999997,26.03333333333333,94.86666666666667,1.9333333333333333,8897.833333333334,-106.83333333333333,-2.3166666666666664,1.0,2025-06-17T17:22:57.868972288Z
22287.6,100.0,50.2,1017.18,0.0,1.3199999999999998,25.619999999999997,129.42,1.1400000000000001,10092.8,-106.4,-5.119999999999999,1.0,2025-06-17T17:33:02.596356096Z
22127.166666666668,100.0,53.833333333333336,1017.25,0.0,2.2033333333333336,24.733333333333334,140.88333333333335,0.8833333333333333,8901.5,-106.83333333333333,-1.4833333333333332,1.0,2025-06-17T17:42:17.817634560Z
22129.166666666668,100.0,59.416666666666664,1017.2166666666666,0.0,2.2033333333333336,23.916666666666668,110.51666666666667,0.7833333333333333,8903.5,-104.33333333333333,-3.033333333333333,1.0,2025-06-17T17:52:57.802696448Z
22289.25,100.0,61.875,1017.275,0.0,1.6525,23.200000000000003,148.89999999999998,0.8999999999999999,9651.25,-105.25,-1.2749999999999997,1.0,2025-06-17T18:03:32.841754112Z
22132.5,100.0,65.08333333333333,1017.2166666666666,0.0,2.2033333333333336,22.71666666666667,176.13333333333335,0.6499999999999999,8907.166666666666,-106.33333333333333,-2.3666666666666667,1.0,2025-06-17T18:12:17.792567296Z
22134.5,100.0,68.16666666666667,1017.2333333333332,0.0,2.2033333333333336,22.200000000000003,125.28333333333335,0.6,8909.166666666666,-105.66666666666667,-2.766666666666666,1.0,2025-06-17T18:22:58.185374976Z
22294.75,100.0,73.125,1017.4,0.0,1.6525,21.625,122.375,0.6,9657.0,-103.75,1.3,1.0,2025-06-17T18:33:32.811971072Z
22137.833333333332,100.0,75.25,1017.4666666666667,0.0,2.2083333333333335,21.333333333333332,165.25,0.43333333333333335,8912.833333333334,-105.0,-2.8833333333333333,1.0,2025-06-17T18:42:17.762615040Z
22139.833333333332,100.0,76.08333333333333,1017.5500000000001,0.0,1.105,20.966666666666665,125.46666666666665,0.6333333333333334,8914.833333333334,-104.66666666666667,-0.9500000000000002,1.0,2025-06-17T18:52:57.753476352Z
22300.25,100.0,74.25,1017.625,0.0,0.0,20.725,91.225,0.7749999999999999,9662.75,-102.75,-0.025000000000000133,1.0,2025-06-17T19:03:32.790358784Z
22143.166666666668,100.0,76.25,1017.5999999999999,0.0,0.0,20.51666666666667,143.1,0.6166666666666666,8918.5,-105.0,-0.45,1.0,2025-06-17T19:12:17.716188160Z
22307.6,100.0,76.3,1017.7,0.0,0.0,20.12,217.16,0.4,10114.0,-104.8,-1.0399999999999998,1.0,2025-06-17T19:22:38.468723200Z
22309.4,100.0,79.9,1017.9,0.0,0.0,19.799999999999997,177.92,0.48,10116.0,-103.4,-1.9200000000000004,1.0,2025-06-17T19:33:02.517594368Z
22112.8,100.0,84.0,1018.22,0.0,0.004,19.360000000000003,150.18,0.5000000000000001,8327.4,-105.8,-2.88,1.0,2025-06-17T19:42:32.977502464Z
22150.166666666668,100.0,85.33333333333333,1018.2166666666667,0.0,0.006666666666666667,19.05,128.66666666666666,0.46666666666666673,8926.166666666666,-105.33333333333333,-0.8666666666666666,1.0,2025-06-17T19:52:57.683462912Z
22311.0,100.0,84.75,1018.375,0.0,0.005,18.75,154.35,0.42500000000000004,9674.25,-106.0,-0.8,1.0,2025-06-17T20:03:32.726734080Z
22153.5,100.0,86.0,1018.3666666666667,0.0,0.006666666666666667,18.716666666666665,132.29999999999998,0.31666666666666665,8929.833333333334,-106.83333333333333,-2.8666666666666667,1.0,2025-06-17T20:12:17.674570752Z
22155.5,100.0,86.08333333333333,1018.3833333333333,0.0,0.006666666666666667,18.53333333333333,196.8166666666667,0.36666666666666664,8931.833333333334,-106.0,-5.1000000000000005,1.0,2025-06-17T20:22:57.656886272Z
22316.5,100.0,86.375,1018.5,0.0,0.005,18.225,112.70000000000002,0.225,9680.0,-104.25,0.19999999999999996,1.0,2025-06-17T20:33:32.769590784Z
22123.4,100.0,87.3,1018.54,0.0,0.008,18.259999999999998,189.24,0.22000000000000003,8338.6,-107.2,-2.22,1.0,2025-06-17T20:42:32.929665792Z
22160.5,100.0,86.33333333333333,1018.4499999999999,0.0,0.006666666666666667,18.383333333333336,185.78333333333333,0.26666666666666666,8937.5,-108.0,-5.883333333333333,1.0,2025-06-17T20:52:57.632381696Z
22321.75,100.0,89.375,1018.6,0.0,0.005,18.0,198.075,0.175,9685.75,-103.5,-1.575,1.0,2025-06-17T21:03:32.678106624Z
22163.833333333332,100.0,88.83333333333333,1018.4999999999999,0.0,0.006666666666666667,18.0,277.84999999999997,0.4000000000000001,8941.166666666666,-106.5,-3.0833333333333335,1.0,2025-06-17T21:12:17.608390912Z
22165.833333333332,100.0,90.08333333333333,1018.5333333333333,0.0,0.006666666666666667,17.733333333333334,259.45,0.45,8943.166666666666,-106.83333333333333,-1.5666666666666664,1.0,2025-06-17T21:22:57.607190784Z
22327.25,100.0,91.75,1018.55,0.0,0.005,17.25,249.72500000000002,0.7250000000000001,9691.5,-109.0,-5.45,1.0,2025-06-17T21:33:32.687321600Z
22169.166666666668,99.83333333333333,92.58333333333333,1018.4,0.0,0.006666666666666667,17.150000000000002,236.9,0.75,8946.833333333334,-106.0,-0.8166666666666669,1.0,2025-06-17T21:42:17.632185600Z
22171.166666666668,99.66666666666667,93.16666666666667,1018.3666666666667,0.0,0.006666666666666667,17.049999999999997,259.4,1.0,8948.833333333334,-105.16666666666667,-0.5166666666666666,1.0,2025-06-17T21:52:57.567444736Z
22332.75,99.75,93.25,1018.625,0.0,0.005,16.975,236.62499999999997,0.875,9697.25,-106.25,0.050000000000000044,1.0,2025-06-17T22:03:32.629210112Z
22139.4,99.6,93.3,1018.6600000000001,0.0,0.008,16.98,229.94,0.76,8355.2,-106.8,-1.9200000000000004,1.0,2025-06-17T22:11:32.853475328Z
22339.0,99.4,93.7,1018.4399999999999,0.0,0.004,16.740000000000002,250.37999999999997,0.8400000000000001,10148.8,-103.6,-0.2,1.0,2025-06-17T22:22:38.306470144Z
22337.75,98.5,94.0,1018.5999999999999,0.0,0.005,16.65,241.975,0.9,9703.0,-104.25,0.07499999999999996,1.0,2025-06-17T22:33:32.611706368Z
22179.166666666668,98.66666666666667,93.91666666666667,1018.4,0.0,0.006666666666666667,16.733333333333334,245.81666666666663,0.9333333333333335,8958.166666666666,-106.33333333333333,-3.1333333333333333,1.0,2025-06-17T22:42:17.555758848Z
22146.2,98.2,93.6,1018.46,0.0,0.008,16.740000000000002,220.95999999999998,0.9200000000000002,8362.8,-106.0,-2.84,1.0,2025-06-17T22:52:20.811092992Z
22343.0,98.25,94.125,1018.45,0.0,0.005,16.55,208.95,0.875,9708.75,-105.0,-1.2000000000000002,1.0,2025-06-17T23:03:32.590037248Z
22184.166666666668,98.33333333333333,94.16666666666667,1018.5,0.0,0.006666666666666667,16.53333333333333,163.04999999999998,0.8666666666666666,8963.833333333334,-106.16666666666667,-1.6666666666666667,1.0,2025-06-17T23:12:17.487459072Z
22186.166666666668,98.0,93.58333333333333,1018.5333333333333,0.0,0.006666666666666667,16.533333333333335,157.7,0.9500000000000002,8965.833333333334,-105.66666666666667,-2.283333333333333,1.0,2025-06-17T23:22:57.500977152Z
22348.5,97.5,93.5,1018.65,0.0,0.01,16.325,164.075,0.6000000000000001,9714.5,-104.5,-1.175,1.0,2025-06-17T23:33:32.563570176Z
22189.5,97.33333333333333,94.08333333333333,1018.6166666666668,0.0,0.01,16.166666666666668,223.75,0.4833333333333334,8969.5,-105.0,-5.683333333333334,1.0,2025-06-17T23:42:17.471680512Z
22354.6,97.0,94.3,1018.5200000000001,0.0,0.008,16.08,241.08,0.7200000000000001,10166.2,-103.6,-0.9200000000000002,1.0,2025-06-17T23:52:38.266500864Z
22158.4,97.0,95.3,1018.78,0.0,0.012,15.98,233.24,0.5800000000000001,8376.2,-108.0,-4.08,1.0,2025-06-18T00:04:08.750173440Z
22358.0,97.0,94.8,1018.5799999999999,0.0,0.008,15.960000000000003,186.62000000000003,0.82,10170.2,-103.6,-5.36,1.0,2025-06-18T00:13:26.196728320Z
22196.5,96.83333333333333,94.91666666666667,1018.5833333333334,0.0,0.01,15.899999999999999,165.3166666666667,0.6333333333333333,8977.166666666666,-108.16666666666667,-6.066666666666667,1.0,2025-06-18T00:22:57.787451136Z
22163.8,96.8,95.4,1018.68,0.0,0.012,15.719999999999999,235.17999999999998,0.8,8381.8,-105.2,-2.1,1.0,2025-06-18T00:34:08.725358592Z
22363.4,96.2,95.6,1018.5200000000001,0.0,0.008,15.540000000000001,239.97999999999996,0.74,10176.0,-104.8,-3.12,1.0,2025-06-18T00:43:26.180700672Z
22201.833333333332,96.0,96.0,1018.5666666666666,0.0,0.01,15.483333333333334,219.76666666666668,0.4833333333333334,8982.833333333334,-107.66666666666667,-8.066666666666666,1.0,2025-06-18T00:52:57.453193984Z
22169.2,95.6,96.5,1018.6199999999999,0.0,0.012,15.360000000000003,170.71999999999997,0.56,8387.4,-105.0,-4.14,1.0,2025-06-18T01:04:08.702744576Z
22368.8,95.8,96.3,1018.3400000000001,0.0,0.008,15.16,192.82,0.33999999999999997,10181.8,-103.8,0.7799999999999999,1.0,2025-06-18T01:13:26.131620864Z
22078.0,95.4,96.1,1018.22,0.0,0.01,15.34,189.12,0.56,8390.8,-108.0,-3.38,1.0,2025-06-18T01:22:17.286961152Z
22174.2,95.4,96.7,1018.4400000000002,0.0,0.012,15.2,217.3,0.64,8393.0,-107.8,-4.36,1.0,2025-06-18T01:34:08.666759680Z
22371.5,95.0,96.5,1018.325,0.0,0.01,15.075,274.675,0.75,9739.25,-105.5,-1.7750000000000001,1.0,2025-06-18T01:42:47.439230208Z
22211.833333333332,94.66666666666667,96.83333333333333,1018.2666666666668,0.0,0.01,15.033333333333333,159.96666666666667,0.6833333333333332,8994.166666666666,-105.33333333333333,-1.9333333333333336,1.0,2025-06-18T01:52:57.339453696Z
22213.833333333332,94.33333333333333,102.0,1940.9666666666672,42.5,109.235,12.449999999999998,199.89999999999998,1092.75,8996.166666666666,-107.66666666666667,-2.0,1.0,2025-06-18T02:03:37.696108544Z
22379.2,94.4,96.3,1018.26,0.0,0.008,14.940000000000001,193.5,0.6799999999999999,10193.4,-104.8,-3.5799999999999996,1.0,2025-06-18T02:13:26.077147136Z
22381.0,94.0,96.5,1018.26,0.0,0.008,14.86,219.85999999999999,0.7,10195.4,-105.0,-6.919999999999999,1.0,2025-06-18T02:23:50.080388864Z
22184.6,93.8,97.0,1018.5600000000001,0.0,0.012,14.780000000000001,252.78000000000003,0.76,8404.2,-104.6,-3.9,1.0,2025-06-18T02:34:08.609809152Z
22384.4,93.6,96.6,1018.28,0.0,0.008,14.680000000000001,237.1,0.7200000000000001,10199.2,-106.4,-1.1799999999999997,1.0,2025-06-18T02:43:26.039736064Z
22222.5,93.33333333333333,96.75,1018.3833333333333,0.0,0.013333333333333334,14.699999999999998,225.16666666666666,0.5,9005.5,-107.33333333333333,-3.0500000000000003,1.0,2025-06-18T02:52:57.281007616Z
22190.0,92.6,97.1,1018.5200000000001,0.0,0.024,14.66,243.22000000000003,0.38,8409.8,-105.8,-2.7600000000000002,1.0,2025-06-18T03:04:08.632427264Z
22389.8,92.8,96.9,1018.32,0.0,0.026000000000000002,14.6,183.88000000000002,0.54,10205.0,-104.4,0.2,1.0,2025-06-18T03:13:26.023542016Z
22227.833333333332,92.66666666666667,97.0,1018.4499999999999,0.0,0.03333333333333333,14.600000000000001,163.13333333333333,0.6333333333333333,9011.166666666666,-106.33333333333333,-3.466666666666667,1.0,2025-06-18T03:22:57.243254784Z
22195.4,92.4,97.3,1018.6600000000001,0.0,0.04,14.52,173.76,0.7,8415.4,-107.0,-4.74,1.0,2025-06-18T03:34:08.563293952Z
22395.2,92.4,97.2,1018.54,0.0,0.026000000000000002,14.479999999999999,154.06,0.5,10210.8,-106.8,-2.7199999999999998,1.0,2025-06-18T03:43:25.987609856Z
22198.8,92.0,97.5,1018.64,0.0,0.04,14.62,150.7,0.6799999999999999,8419.0,-102.6,-3.3,1.0,2025-06-18T03:53:20.544660224Z
22200.6,92.0,97.1,1018.68,0.0,0.04,14.819999999999999,188.82,0.72,8421.0,-107.4,-3.04,1.0,2025-06-18T04:04:08.545009408Z
22400.2,92.0,97.3,1018.5400000000002,0.0,0.026000000000000002,14.8,266.8,0.7,10216.6,-104.6,-0.74,1.0,2025-06-18T04:13:26.074948096Z
22204.0,92.0,96.3,1018.76,0.0,0.04,15.34,238.04000000000002,0.8800000000000001,8424.6,-104.4,-4.0,1.0,2025-06-18T04:23:20.524388864Z
22075.166666666668,91.83333333333333,94.16666666666667,1018.8333333333334,0.0,0.04833333333333334,15.966666666666667,228.54999999999998,1.383333333333333,7529.5,-107.5,-5.000000000000001,1.0,2025-06-18T04:33:32.739563520Z
22405.4,91.6,94.0,1018.8,0.0,0.034,16.12,260.50000000000006,1.02,10222.4,-105.8,-1.3,1.0,2025-06-18T04:43:25.933443840Z
22243.5,91.33333333333333,91.75,1018.8833333333333,0.0,0.04,16.683333333333334,244.76666666666665,1.3,9028.166666666666,-107.33333333333333,-2.4,1.0,2025-06-18T04:52:57.161782272Z
22211.6,91.4,89.5,1019.04,0.0,0.048,17.32,238.4,1.58,8432.2,-103.4,-6.899999999999999,1.0,2025-06-18T05:04:08.488885760Z
22410.8,91.2,89.1,1019.0,0.0,0.034,17.619999999999997,259.8,1.5,10228.2,-103.2,-1.6600000000000001,1.0,2025-06-18T05:13:25.950531840Z
22248.833333333332,91.33333333333333,86.66666666666667,1019.15,0.0,0.04666666666666667,18.3,252.35000000000002,1.5666666666666667,9033.833333333334,-106.33333333333333,-3.9333333333333336,1.0,2025-06-18T05:22:57.138323712Z
22217.0,91.6,85.6,1019.22,0.0,0.05600000000000001,19.04,251.97999999999996,2.02,8437.8,-106.2,-2.9,1.0,2025-06-18T05:34:08.449507328Z
22416.2,91.6,84.1,1019.1200000000001,0.0,0.042,19.28,270.54,2.56,10234.0,-104.4,-2.4,1.0,2025-06-18T05:43:25.888467712Z
22220.4,92.0,82.9,1019.2,0.0,0.05600000000000001,19.74,251.68,2.8,8441.2,-103.6,-3.999999999999999,1.0,2025-06-18T05:52:20.449817088Z
22222.2,92.4,81.4,1019.26,0.0,0.05600000000000001,20.240000000000002,257.88,2.9200000000000004,8443.4,-107.6,-2.1799999999999997,1.0,2025-06-18T06:04:08.458687744Z
22667.0,92.5,80.5,1019.0250000000001,0.0,0.035,20.6,284.95,1.9000000000000001,12034.5,-103.25,0.25,1.0,2025-06-18T06:13:38.996493824Z
22258.833333333332,94.0,78.66666666666667,1019.1833333333333,0.0,0.04666666666666667,21.116666666666664,258.5833333333333,2.4166666666666665,9045.166666666666,-105.5,-3.5,1.0,2025-06-18T06:22:57.116935168Z
22227.2,94.8,75.9,1019.32,0.0,0.05600000000000001,21.779999999999998,252.76,2.44,8449.0,-105.8,-1.54,1.0,2025-06-18T06:34:08.416890368Z
22426.4,94.2,74.5,1019.3399999999999,0.0,0.042,22.02,266.76,2.0199999999999996,10245.6,-105.0,-3.1,1.0,2025-06-18T06:43:25.831293184Z
22264.166666666668,95.83333333333333,73.75,1019.3833333333333,0.0,0.04666666666666667,22.366666666666664,279.81666666666666,2.6666666666666665,9050.833333333334,-105.83333333333333,-3.1333333333333333,1.0,2025-06-18T06:52:57.068964096Z
22232.6,97.6,72.0,1019.4200000000001,0.0,0.05600000000000001,22.74,277.02000000000004,2.3200000000000003,8454.6,-104.2,-5.9399999999999995,1.0,2025-06-18T07:04:08.391628800Z
22431.0,98.5,70.25,1019.425,0.0,0.052500000000000005,23.1,286.75,2.725,9802.5,-103.25,-1.125,1.0,2025-06-18T07:12:47.190502912Z
22269.166666666668,98.0,69.25,1019.35,0.0,0.04666666666666667,23.25,282.7,2.083333333333333,9056.5,-107.0,-2.466666666666667,1.0,2025-06-18T07:22:57.066077440Z
22237.8,98.8,67.8,1019.4,0.0,0.05600000000000001,23.639999999999997,278.38,1.8200000000000003,8460.2,-105.4,-3.0799999999999996,1.0,2025-06-18T07:34:08.360861184Z
22436.8,100.0,68.1,1019.32,0.0,0.042,24.0,297.82000000000005,1.92,10257.2,-105.4,-3.7,1.0,2025-06-18T07:43:25.788371968Z
22438.0,100.0,66.125,1019.4,0.0,0.052500000000000005,24.349999999999998,288.1,2.2,9810.0,-103.25,-0.7499999999999998,1.0,2025-06-18T07:51:47.138952704Z
22242.6,100.0,65.6,1019.3,0.0,0.05600000000000001,24.619999999999997,286.14,2.1399999999999997,8465.8,-107.2,-2.4200000000000004,1.0,2025-06-18T08:04:08.349692672Z
22441.6,100.0,63.3,1019.24,0.0,0.044000000000000004,24.800000000000004,293.32000000000005,1.8,10263.0,-106.6,-4.4,1.0,2025-06-18T08:13:25.743555584Z
22279.166666666668,100.0,63.0,1019.2499999999999,0.0,0.05000000000000001,25.116666666666664,280.2166666666667,2.15,9067.833333333334,-105.16666666666667,-1.6166666666666665,1.0,2025-06-18T08:22:57.094907136Z
22248.0,100.0,62.9,1019.36,0.0,0.06000000000000001,25.54,282.12,2.38,8471.4,-105.0,-1.4200000000000004,1.0,2025-06-18T08:34:08.329665792Z
22447.0,100.0,61.4,1019.28,0.0,0.048,25.7,254.85999999999999,1.4200000000000002,10268.8,-109.0,-7.720000000000001,1.0,2025-06-18T08:43:25.724287744Z
22448.8,100.0,57.8,1019.2,0.0,0.052000000000000005,26.060000000000002,257.2,1.98,10270.6,-105.2,-1.2,1.0,2025-06-18T08:52:37.713232384Z
22450.25,100.0,56.75,1019.2249999999999,0.0,0.065,26.425,249.59999999999997,0.725,9824.0,-102.5,-5.2,1.0,2025-06-18T09:05:02.099952896Z
22452.0,100.0,55.3,1019.1800000000001,0.0,0.052000000000000005,26.859999999999996,245.3,1.9599999999999997,10274.6,-106.0,-5.5,1.0,2025-06-18T09:13:25.696584448Z
22289.166666666668,100.0,55.0,1019.1333333333333,0.0,0.056666666666666664,26.900000000000002,238.86666666666667,1.9666666666666668,9079.166666666666,-105.5,-5.333333333333333,1.0,2025-06-18T09:22:56.933780736Z
22455.5,100.0,53.625,1019.125,0.0,0.065,27.15,281.42499999999995,1.5749999999999997,9829.5,-102.5,-0.7749999999999999,1.0,2025-06-18T09:33:32.126003200Z
22259.4,100.0,50.7,1019.14,0.0,0.072,27.32,226.42,1.4799999999999998,8484.0,-104.4,-3.3800000000000003,1.0,2025-06-18T09:41:32.696887552Z
22294.166666666668,100.0,48.416666666666664,1019.0,0.0,0.06,27.549999999999997,302.65000000000003,1.5333333333333332,9084.833333333334,-104.0,-1.9333333333333336,1.0,2025-06-18T09:52:56.958924032Z
22461.0,100.0,49.333333333333336,1019.1,0.0,0.09333333333333334,27.7,246.4,1.4666666666666668,9086.666666666666,-104.0,0.5,1.0,2025-06-18T10:02:42.697898240Z
22461.8,100.0,47.8,1018.8400000000001,0.0,0.05800000000000001,28.04,184.92000000000002,2.12,10286.2,-108.2,-3.96,1.0,2025-06-18T10:13:25.662890496Z
22463.6,100.0,46.0,1018.76,0.0,0.05800000000000001,28.439999999999998,173.78,1.4,10288.2,-107.6,-5.46,1.0,2025-06-18T10:23:49.663341056Z
22267.6,100.0,63.3,2125.6599999999994,51.0,131.094,22.7,180.51999999999998,1312.1399999999999,8493.8,-104.8,-1.64,1.0,2025-06-18T10:34:08.678342912Z
22467.0,100.0,45.5,1018.6,0.0,0.024,28.660000000000004,203.23999999999998,1.78,10292.0,-107.4,-7.7,1.0,2025-06-18T10:43:25.679931136Z
22303.833333333332,100.0,47.083333333333336,1018.6333333333332,0.0,0.05666666666666667,28.299999999999997,144.60000000000002,1.3166666666666669,9096.166666666666,-105.66666666666667,-1.0833333333333335,1.0,2025-06-18T10:52:56.868440320Z
22273.0,100.0,48.2,1018.68,0.0,0.074,28.419999999999998,213.48000000000002,1.2,8499.4,-104.6,-3.16,1.0,2025-06-18T11:04:08.221116928Z
22472.4,100.0,47.1,1018.6,0.0,0.041999999999999996,28.939999999999998,130.14000000000001,1.52,10297.8,-105.8,-6.480000000000001,1.0,2025-06-18T11:13:25.615498496Z
22276.4,100.0,47.0,1018.74,0.0,0.086,28.919999999999998,188.56,1.7600000000000002,8502.8,-105.4,-1.06,1.0,2025-06-18T11:22:20.212619776Z
22278.2,100.0,45.0,1018.7,0.0,0.088,29.119999999999997,152.84,1.1800000000000002,8505.0,-106.4,-2.2800000000000002,1.0,2025-06-18T11:34:08.203564288Z
22477.4,100.0,46.7,1018.5,0.0,0.044,29.560000000000002,142.7,1.0399999999999998,10303.6,-102.0,-2.8200000000000003,1.0,2025-06-18T11:43:25.638904576Z
22281.6,100.0,45.2,1018.5799999999999,0.0,0.092,29.22,224.36000000000004,1.02,8508.4,-104.4,-1.4600000000000002,1.0,2025-06-18T11:52:20.199087616Z
22283.4,100.0,45.5,1018.4,0.0,0.094,29.4,227.11999999999998,1.7400000000000002,8510.6,-106.0,-4.26,1.0,2025-06-18T12:04:08.183643648Z
22483.25,100.0,45.125,1018.25,0.0,0.06,29.9,130.62500000000003,1.4500000000000002,9860.0,-107.0,-5.75,1.0,2025-06-18T12:12:46.988884480Z
22318.833333333332,100.0,44.666666666666664,1018.2166666666667,0.0,0.08,29.933333333333334,197.9333333333333,1.1333333333333335,9113.166666666666,-107.16666666666667,-3.216666666666667,1.0,2025-06-18T12:22:56.825042688Z
22486.75,100.0,44.625,1018.2,0.0,0.06,29.9,197.4,1.1,9864.0,-104.25,1.15,1.0,2025-06-18T12:33:31.980229888Z
22487.2,100.0,44.2,1018.1,0.0,0.048,30.419999999999998,251.9,1.34,10315.0,-108.4,-9.24,1.0,2025-06-18T12:42:14.004975616Z
22323.833333333332,100.0,43.916666666666664,1018.0999999999999,0.0,0.08333333333333333,30.383333333333336,209.58333333333334,1.3333333333333333,9118.833333333334,-105.83333333333333,-1.566666666666667,1.0,2025-06-18T12:52:56.846096640Z
22293.6,100.0,44.3,1018.0799999999999,0.0,0.10800000000000001,30.32,234.18,0.9600000000000002,8521.8,-104.0,-2.0799999999999996,1.0,2025-06-18T13:04:08.161844992Z
22493.75,100.0,43.375,1018.0749999999999,0.0,0.0675,30.625,190.8,1.35,9871.5,-107.75,-5.5,1.0,2025-06-18T13:12:46.957574144Z
22328.833333333332,100.0,44.666666666666664,1018.0,0.0,0.09000000000000001,30.433333333333334,228.1,1.3166666666666667,9124.5,-107.0,-2.85,1.0,2025-06-18T13:22:56.779375872Z
22298.8,100.0,43.8,1017.9,0.0,0.10800000000000001,30.360000000000003,279.68,1.4799999999999998,8527.4,-104.8,-2.3,1.0,2025-06-18T13:34:08.152121088Z
22497.6,100.0,43.5,1017.68,0.0,0.057999999999999996,30.859999999999996,228.4,1.1199999999999999,10326.8,-108.4,-6.4,1.0,2025-06-18T13:43:25.562808576Z
22334.166666666668,100.0,43.416666666666664,1017.6666666666666,0.0,0.10333333333333333,31.0,208.53333333333333,1.3999999999999997,9130.166666666666,-108.33333333333333,-5.383333333333333,1.0,2025-06-18T13:52:56.817843200Z
22304.2,100.0,43.1,1017.5799999999999,0.0,0.128,30.919999999999998,201.04000000000002,1.6600000000000001,8533.0,-104.2,-3.4,1.0,2025-06-18T14:04:08.139602432Z
22504.5,100.0,42.5,1017.475,0.0,0.08,31.25,139.425,1.0,9883.0,-107.75,-5.675,1.0,2025-06-18T14:12:46.970380800Z
22339.166666666668,100.0,41.583333333333336,1017.5333333333334,0.0,0.11333333333333334,31.566666666666666,276.21666666666664,1.1333333333333335,9135.833333333334,-105.33333333333333,-2.6500000000000004,1.0,2025-06-18T14:22:56.764175104Z
22309.4,100.0,43.6,1017.4,0.0,0.146,31.0,289.46,1.1,8538.6,-105.2,-0.74,1.0,2025-06-18T14:34:08.123926016Z
22508.0,100.0,42.1,1017.24,0.0,0.074,31.660000000000004,286.78,1.2,10338.4,-108.6,-5.18,1.0,2025-06-18T14:43:25.546347264Z
22344.5,100.0,42.75,1017.1833333333334,0.0,0.125,31.316666666666674,260.3333333333333,1.9166666666666667,9141.5,-105.66666666666667,-1.5666666666666664,1.0,2025-06-18T14:52:56.743364608Z
22314.8,100.0,42.1,1017.0,0.0,0.154,31.160000000000004,268.1,1.86,8544.2,-103.6,-2.2199999999999998,1.0,2025-06-18T15:04:08.556677120Z
22513.4,100.0,41.7,1016.8799999999999,0.0,0.078,31.4,191.98000000000002,1.1,10344.2,-107.4,-5.2,1.0,2025-06-18T15:13:25.502836736Z
22349.833333333332,100.0,40.75,1016.75,0.0,0.13,31.633333333333336,202.23333333333332,1.05,9147.166666666666,-105.66666666666667,-2.216666666666667,1.0,2025-06-18T15:22:56.731756544Z
22519.0,100.0,39.375,1016.675,0.0,0.1025,31.1,201.49999999999997,0.825,9898.75,-104.25,0.55,1.0,2025-06-18T15:35:01.912211456Z
22520.5,100.0,42.75,1016.7,0.0,0.1025,30.575,138.5,1.075,9900.25,-102.0,-4.75,1.0,2025-06-18T15:42:47.030184448Z
22520.0,100.0,43.2,1016.5799999999999,0.0,0.098,30.160000000000004,247.72000000000003,1.16,10352.0,-103.0,0.7600000000000001,1.0,2025-06-18T15:53:49.486594816Z
22324.6,100.0,42.2,1016.6599999999999,0.0,0.184,30.52,201.68,1.1199999999999999,8555.4,-106.6,-1.8599999999999994,1.0,2025-06-18T16:04:08.138615552Z
22523.4,100.0,43.0,1016.64,0.0,0.1,30.619999999999997,198.6,0.9800000000000001,10355.8,-107.0,-4.68,1.0,2025-06-18T16:13:25.469488128Z
22359.5,100.0,42.666666666666664,1016.6666666666666,0.0,0.15666666666666668,30.483333333333334,197.03333333333333,0.7166666666666667,9158.5,-104.0,-3.25,1.0,2025-06-18T16:22:56.694870784Z
22330.0,100.0,43.6,1016.6600000000001,0.0,0.188,30.540000000000003,166.98,0.76,8561.0,-104.8,-1.18,1.0,2025-06-18T16:34:08.055423744Z
22362.666666666668,100.0,43.0,1016.5666666666666,0.0,0.15666666666666665,30.8,146.70000000000002,0.9666666666666668,9162.0,-104.66666666666667,-4.566666666666666,1.0,2025-06-18T16:41:36.686384896Z
22364.166666666668,100.0,43.25,1016.5500000000002,0.0,0.15833333333333335,30.900000000000002,224.01666666666665,0.9166666666666666,9164.166666666666,-106.0,-2.15,1.0,2025-06-18T16:52:56.672380160Z
22334.8,100.0,44.9,1016.68,0.0,0.192,30.48,240.11999999999998,0.9,8566.6,-104.0,-2.3,1.0,2025-06-18T17:04:08.042624256Z
22533.4,100.0,44.8,1016.5799999999999,0.0,0.10200000000000001,30.439999999999998,160.48,0.6799999999999999,10367.4,-107.0,-3.3200000000000003,1.0,2025-06-18T17:13:25.486334976Z
22338.2,100.0,48.1,1016.64,0.0,0.192,29.82,188.64000000000001,0.6599999999999999,8570.0,-104.8,-1.7,1.0,2025-06-18T17:22:20.029166336Z
22340.0,100.0,46.9,1016.68,0.0,0.192,29.78,164.22,0.78,8572.2,-104.2,-2.4200000000000004,1.0,2025-06-18T17:34:08.046993408Z
22541.0,100.0,48.5,1016.7249999999999,0.0,0.1275,29.75,139.5,0.7750000000000001,9923.25,-100.75,-3.5,1.0,2025-06-18T17:42:46.831621632Z
22374.166666666668,100.0,50.666666666666664,1016.7000000000002,0.0,0.16,29.433333333333337,187.3166666666667,0.7166666666666667,9175.5,-104.66666666666667,-1.233333333333333,1.0,2025-06-18T17:52:56.643771648Z
22549.333333333332,100.0,53.833333333333336,1016.9,0.0,0.17,28.7,126.13333333333333,0.6999999999999998,9177.666666666666,-103.0,-0.2333333333333334,1.0,2025-06-18T18:04:42.542095616Z
22376.666666666668,100.0,56.666666666666664,1016.7666666666668,0.0,0.16,28.633333333333336,212.26666666666668,0.3666666666666667,9179.333333333334,-106.0,-0.4000000000000001,1.0,2025-06-18T18:13:16.684105728Z
22378.166666666668,100.0,56.75,1016.7999999999998,0.0,0.16,27.96666666666667,149.58333333333334,0.6833333333333332,9181.166666666666,-109.5,-5.466666666666666,1.0,2025-06-18T18:22:56.617913088Z
22349.4,100.0,61.6,1016.9,0.0,0.192,26.860000000000003,84.34,1.6,8583.4,-103.4,-1.0200000000000002,1.0,2025-06-18T18:34:07.989932800Z
22547.4,100.0,63.7,1016.78,0.0,0.10200000000000001,26.139999999999997,84.82000000000001,1.0399999999999998,10384.8,-108.6,-6.919999999999999,1.0,2025-06-18T18:43:25.368804864Z
22383.5,100.0,66.66666666666667,1016.8833333333336,0.0,0.08833333333333333,25.2,160.16666666666666,1.4666666666666666,9186.833333333334,-105.16666666666667,-0.9833333333333333,1.0,2025-06-18T18:52:56.947762944Z
22354.8,100.0,69.8,1017.0200000000001,0.0,0.024,24.4,120.0,1.2399999999999998,8589.0,-104.8,-2.1,1.0,2025-06-18T19:04:07.955639808Z
22425.0,100.0,70.75,1016.825,0.0,0.03,24.049999999999997,172.3,0.7999999999999999,9940.5,-104.75,-0.32499999999999996,1.0,2025-06-18T19:12:42.315297792Z
22388.5,100.0,72.08333333333333,1017.0333333333333,0.0,0.045000000000000005,23.53333333333333,106.85000000000001,0.9666666666666665,9192.5,-106.16666666666667,-5.683333333333333,1.0,2025-06-18T19:22:56.604968192Z
22359.8,100.0,74.3,1017.24,0.0,0.06400000000000002,23.04,141.24,0.7000000000000001,8594.6,-105.4,-1.86,1.0,2025-06-18T19:34:07.945712384Z
22557.8,100.0,74.6,1017.1600000000001,0.0,0.06000000000000001,22.740000000000002,164.16000000000003,0.78,10396.4,-108.8,-6.5200000000000005,1.0,2025-06-18T19:43:25.325626112Z
22393.833333333332,100.0,75.91666666666667,1017.3499999999999,0.0,0.053333333333333344,22.483333333333334,153.85,0.7166666666666667,9198.166666666666,-104.66666666666667,-0.8333333333333334,1.0,2025-06-18T19:52:56.691084288Z
22365.2,100.0,77.5,1017.5799999999999,0.0,0.06400000000000002,22.12,104.46000000000001,1.06,8600.2,-105.6,-2.9,1.0,2025-06-18T20:04:07.905942272Z
22563.2,100.0,78.2,1017.3799999999999,0.0,0.06000000000000001,21.94,139.08,0.8400000000000001,10402.2,-107.0,-3.6,1.0,2025-06-18T20:13:25.298156288Z
22399.166666666668,100.0,79.08333333333333,1017.4666666666667,0.0,0.053333333333333344,21.766666666666666,127.31666666666665,0.6666666666666666,9203.833333333334,-105.5,-2.283333333333333,1.0,2025-06-18T20:22:56.530040576Z
22370.6,100.0,80.9,1017.64,0.0,0.06400000000000002,21.48,103.78,0.58,8605.8,-104.6,-0.76,1.0,2025-06-18T20:34:07.875470592Z
22568.6,100.0,82.0,1017.5200000000001,0.0,0.06000000000000001,21.240000000000002,160.38,0.33999999999999997,10408.0,-108.8,-5.26,1.0,2025-06-18T20:43:25.264367616Z
22404.5,100.0,83.75,1017.5999999999999,0.0,0.053333333333333344,20.950000000000003,126.76666666666667,0.38333333333333336,9209.5,-106.16666666666667,-1.8833333333333335,1.0,2025-06-18T20:52:56.485558272Z
22376.0,100.0,85.4,1017.6599999999999,0.0,0.06400000000000002,20.5,179.42,0.18,8611.4,-106.0,-3.4799999999999995,1.0,2025-06-18T21:04:07.862274816Z
22445.75,100.0,85.375,1017.375,0.0,0.04,20.549999999999997,128.325,0.2,9963.5,-105.75,-0.42500000000000004,1.0,2025-06-18T21:12:42.185748480Z
22409.5,100.0,86.91666666666667,1017.5999999999999,0.0,0.053333333333333344,20.200000000000003,193.21666666666667,0.3333333333333333,9215.166666666666,-106.0,-4.0,1.0,2025-06-18T21:22:56.811715840Z
22580.75,100.0,88.125,1017.5999999999999,0.0,0.07500000000000001,19.85,262.65,0.55,9967.75,-103.0,-2.9750000000000005,1.0,2025-06-18T21:35:01.643862784Z
22582.25,100.0,88.625,1017.7,0.0,0.07500000000000001,19.875,280.825,0.7,9969.25,-108.5,-7.6499999999999995,1.0,2025-06-18T21:42:46.653277696Z
22580.2,100.0,88.7,1017.68,0.0,0.06000000000000001,19.78,262.52,0.4,10421.6,-103.0,-0.78,1.0,2025-06-18T21:53:49.190284544Z
22385.4,100.0,90.2,1017.9200000000001,0.0,0.06400000000000002,19.5,229.95999999999998,0.44000000000000006,8622.6,-106.0,-2.8200000000000003,1.0,2025-06-18T22:04:07.819861504Z
22583.6,100.0,91.0,1017.76,0.0,0.06000000000000001,19.3,120.92,0.26,10425.4,-109.0,-5.3,1.0,2025-06-18T22:13:25.175973376Z
22388.8,99.8,91.5,1017.9399999999999,0.0,0.06400000000000002,19.3,146.07999999999998,0.42000000000000004,8626.2,-104.8,-4.66,1.0,2025-06-18T22:23:19.792784896Z
22390.6,99.4,92.3,1017.8599999999999,0.0,0.06400000000000002,19.02,161.14000000000001,0.44000000000000006,8628.2,-105.0,-1.9,1.0,2025-06-18T22:34:07.822284800Z
22588.6,99.2,92.7,1017.6,0.0,0.06000000000000001,18.880000000000003,237.12000000000003,0.5,10431.2,-108.2,-8.84,1.0,2025-06-18T22:43:25.139397120Z
22424.166666666668,99.33333333333333,93.0,1017.65,0.0,0.053333333333333344,18.833333333333332,166.56666666666666,0.46666666666666656,9232.166666666666,-106.66666666666667,-2.9333333333333336,1.0,2025-06-18T22:52:56.720175872Z
22426.166666666668,98.66666666666667,93.41666666666667,1017.6999999999999,0.0,0.053333333333333344,18.716666666666665,203.15,0.3,9234.166666666666,-106.5,-3.25,1.0,2025-06-18T23:03:36.338928640Z
22594.4,98.8,93.4,1017.6,0.0,0.06000000000000001,18.52,222.95999999999998,0.32,10437.0,-107.4,-4.74,1.0,2025-06-18T23:13:25.117489920Z
22429.833333333332,98.33333333333333,94.08333333333333,1017.65,0.0,0.053333333333333344,18.53333333333333,122.64999999999998,0.23333333333333336,9237.833333333334,-107.16666666666667,-4.266666666666667,1.0,2025-06-18T23:22:56.683587840Z
22401.6,98.2,95.0,1017.68,0.0,0.06400000000000002,18.339999999999996,124.47999999999999,0.18000000000000002,8639.4,-105.0,-2.3,1.0,2025-06-18T23:34:07.722571264Z
22938.0,98.0,94.66666666666667,1017.5333333333333,0.0,0.09333333333333334,18.133333333333333,202.33333333333334,0.5,12244.333333333334,-100.33333333333333,-2.6999999999999997,1.0,2025-06-18T23:42:51.349439232Z
22434.5,98.0,93.91666666666667,1017.5,0.0,0.053333333333333344,18.333333333333332,170.86666666666667,0.4333333333333333,9243.5,-105.33333333333333,-2.35,1.0,2025-06-18T23:52:56.289920256Z
22406.4,97.8,93.9,1017.6,0.0,0.06400000000000002,18.12,246.93999999999997,0.27999999999999997,8645.0,-106.6,-3.6,1.0,2025-06-19T00:04:08.129921792Z
22604.6,97.8,93.8,1017.3399999999999,0.0,0.06000000000000001,17.96,248.57999999999998,0.36,10448.6,-108.2,-5.64,1.0,2025-06-19T00:13:25.056908544Z
22439.833333333332,97.33333333333333,94.5,1017.4666666666667,0.0,0.053333333333333344,17.866666666666664,191.46666666666667,0.25,9249.166666666666,-105.16666666666667,-5.533333333333334,1.0,2025-06-19T00:22:56.267308288Z
22619.666666666668,97.0,95.66666666666667,1017.6,0.0,0.10000000000000002,17.599999999999998,232.4333333333333,0.2333333333333333,9251.333333333334,-109.0,-8.133333333333333,1.0,2025-06-19T00:34:42.279013376Z
22613.75,96.5,95.5,1017.3,0.0,0.07500000000000001,17.725,298.725,0.5,10003.75,-108.25,-8.850000000000001,1.0,2025-06-19T00:42:46.483813888Z
22414.4,96.6,95.1,1017.28,0.0,0.06400000000000002,17.66,276.24,0.54,8654.0,-105.0,-2.28,1.0,2025-06-19T00:52:19.629748224Z
22372.0,96.5,95.375,1017.45,0.0,0.08000000000000002,17.6,259.7,0.65,7755.0,-105.5,-2.825,1.0,2025-06-19T01:03:39.749615104Z
22773.333333333332,96.66666666666667,96.0,1016.9666666666667,0.0,0.04666666666666667,17.366666666666667,277.1666666666667,0.43333333333333335,12262.333333333334,-103.33333333333333,2.066666666666667,1.0,2025-06-19T01:12:45.150028544Z
22448.166666666668,95.66666666666667,95.33333333333333,1017.2666666666668,0.0,0.053333333333333344,17.466666666666665,202.54999999999998,0.3,9260.5,-106.66666666666667,-5.083333333333334,1.0,2025-06-19T01:22:56.193529856Z
22376.5,95.5,95.0,1017.55,0.0,0.08000000000000002,17.275,116.75,0.425,7760.5,-104.75,-3.3499999999999996,1.0,2025-06-19T01:33:39.728513024Z
22623.0,95.0,95.625,1017.275,0.0,0.07500000000000001,17.075000000000003,268.75,0.39999999999999997,10015.25,-108.25,-7.5,1.0,2025-06-19T01:42:46.437888256Z
22452.833333333332,95.0,95.83333333333333,1017.2833333333334,0.0,0.053333333333333344,17.049999999999997,202.8166666666667,0.5666666666666667,9266.166666666666,-106.0,-0.19999999999999987,1.0,2025-06-19T01:52:56.203034880Z
22425.6,95.0,96.2,1017.4200000000001,0.0,0.06400000000000002,16.96,186.5,0.62,8667.4,-106.2,-2.1,1.0,2025-06-19T02:04:07.585164544Z
22873.0,95.0,96.75,1017.175,0.0,0.07,16.9,218.475,0.725,12274.5,-106.5,-4.0,1.0,2025-06-19T02:13:38.148098304Z
22457.833333333332,94.5,96.0,1017.3000000000002,0.0,0.053333333333333344,16.983333333333334,194.63333333333335,0.75,9271.833333333334,-105.33333333333333,-2.3833333333333333,1.0,2025-06-19T02:22:56.129105152Z
22430.6,94.4,96.1,1017.4,0.0,0.06400000000000002,16.82,199.16,0.45999999999999996,8673.0,-105.4,-1.8200000000000003,1.0,2025-06-19T02:34:07.547014656Z
22628.2,94.0,96.6,1017.2,0.0,0.066,16.66,222.46000000000004,0.38,10477.6,-109.6,-6.0600000000000005,1.0,2025-06-19T02:43:24.907378688Z
22463.166666666668,93.66666666666667,96.66666666666667,1017.2166666666667,0.0,0.06333333333333334,16.75,260.55,0.3,9277.5,-107.5,-2.15,1.0,2025-06-19T02:52:56.152304896Z
22436.0,93.6,96.4,1017.3399999999999,0.0,0.076,16.66,239.74,0.5,8678.6,-103.2,-5.0,1.0,2025-06-19T03:04:07.517965824Z
22639.0,93.5,97.0,1017.375,0.0,0.09,16.475,202.925,0.525,10032.75,-107.5,-6.1,1.0,2025-06-19T03:14:01.356185856Z
22635.0,93.4,97.4,1017.2,0.0,0.072,16.6,210.72000000000003,0.5599999999999999,10485.4,-105.4,-3.46,1.0,2025-06-19T03:23:48.884086784Z
22440.8,92.8,97.1,1017.3599999999999,0.0,0.098,16.56,116.4,0.45999999999999996,8684.2,-106.8,-2.7,1.0,2025-06-19T03:34:07.491391744Z
22638.4,92.4,97.2,1017.1800000000001,0.0,0.096,16.580000000000002,234.26,0.45999999999999996,10489.2,-107.2,-7.359999999999999,1.0,2025-06-19T03:43:24.855286016Z
22640.2,92.2,97.3,1017.1600000000001,0.0,0.10200000000000001,16.66,188.38000000000002,0.5800000000000001,10491.2,-103.2,-0.5399999999999998,1.0,2025-06-19T03:53:49.261360640Z
22445.8,92.4,96.9,1017.24,0.0,0.12,16.96,228.04000000000005,0.36,8689.8,-107.4,-3.7399999999999998,1.0,2025-06-19T04:04:07.469065984Z
22643.6,92.2,96.3,1016.9799999999999,0.0,0.122,17.200000000000003,263.98,0.45999999999999996,10495.0,-108.4,-4.4799999999999995,1.0,2025-06-19T04:13:24.823917312Z
22478.166666666668,92.0,95.33333333333333,1017.0,0.0,0.12,17.650000000000002,200.15,0.48333333333333334,9294.5,-104.83333333333333,-4.1000000000000005,1.0,2025-06-19T04:22:56.020336640Z
22451.2,92.0,93.7,1017.1600000000001,0.0,0.152,18.240000000000002,261.62,0.48,8695.4,-104.8,-1.4,1.0,2025-06-19T04:34:07.438874112Z
22654.75,92.0,93.0,1017.225,0.0,0.16999999999999998,18.65,219.85000000000002,0.425,10049.75,-107.75,-5.75,1.0,2025-06-19T04:42:46.282420736Z
22483.166666666668,92.0,90.41666666666667,1017.2333333333332,0.0,0.13,19.266666666666666,153.18333333333334,0.18333333333333335,9300.166666666666,-104.16666666666667,-5.3,1.0,2025-06-19T04:52:55.988743424Z
22413.5,92.0,85.0,1017.525,0.0,0.2275,20.625,272.525,0.675,7799.0,-105.25,-3.675,1.0,2025-06-19T05:03:39.560551936Z
22521.75,92.0,88.125,1017.1999999999999,0.0,0.1225,19.974999999999998,255.60000000000002,0.675,10055.5,-105.75,-0.6499999999999999,1.0,2025-06-19T05:12:41.660117760Z
22487.833333333332,92.16666666666667,82.75,1017.35,0.0,0.16333333333333336,20.900000000000002,271.1166666666666,0.9500000000000001,9305.833333333334,-106.83333333333333,-3.016666666666667,1.0,2025-06-19T05:22:55.963086848Z
22418.5,92.5,76.875,1017.6500000000001,0.0,0.25,22.025,216.425,1.075,7804.5,-104.25,-3.5249999999999995,1.0,2025-06-19T05:33:39.541145088Z
22658.2,92.2,77.1,1017.3800000000001,0.0,0.182,22.02,257.06000000000006,0.6200000000000001,10512.4,-104.4,-4.9399999999999995,1.0,2025-06-19T05:43:24.727305472Z
22666.25,93.25,73.625,1017.5,0.0,0.2375,22.799999999999997,148.8,0.55,10063.0,-104.0,-0.5250000000000001,1.0,2025-06-19T05:51:46.214863872Z
22465.8,93.2,81.8,2124.7200000000003,51.0,131.26,18.74,201.32,1311.18,8712.2,-106.2,-4.220000000000001,1.0,2025-06-19T06:04:08.241466880Z
22663.0,93.0,71.1,1017.4399999999999,0.0,0.192,23.74,278.44,0.8799999999999999,10518.2,-107.6,-5.2,1.0,2025-06-19T06:13:24.773324032Z
22664.8,93.0,70.5,1017.5,0.0,0.192,24.119999999999997,271.5,0.96,10520.2,-104.8,-3.28,1.0,2025-06-19T06:23:48.684959744Z
22470.8,96.0,66.6,1017.5799999999999,0.0,0.21999999999999997,24.740000000000002,268.78000000000003,1.1,8717.8,-104.6,-0.7200000000000003,1.0,2025-06-19T06:34:07.460771328Z
22674.75,95.75,64.25,1017.5500000000001,0.0,0.24,25.4,216.225,1.3250000000000002,10073.0,-109.25,-7.55,1.0,2025-06-19T06:44:01.177300224Z
22502.166666666668,97.33333333333333,63.583333333333336,1017.4500000000002,0.0,0.18333333333333332,25.55,267.75,1.45,9322.833333333334,-106.16666666666667,-1.6166666666666671,1.0,2025-06-19T06:52:55.888849920Z
22689.666666666668,100.0,59.833333333333336,1017.6333333333333,0.0,0.32,26.166666666666668,178.29999999999998,1.9666666666666668,9324.666666666666,-103.0,-0.2999999999999998,1.0,2025-06-19T07:02:42.008725248Z
22672.6,98.0,61.4,1017.3399999999999,0.0,0.192,26.32,308.5,1.22,10529.8,-108.0,-4.92,1.0,2025-06-19T07:13:24.697810944Z
22506.833333333332,98.33333333333333,59.5,1017.4500000000002,0.0,0.18333333333333332,26.71666666666667,298.05,1.4666666666666666,9328.5,-106.5,-2.216666666666667,1.0,2025-06-19T07:22:55.852075264Z
22480.8,99.0,56.9,1017.5200000000001,0.0,0.22199999999999998,27.46,308.34,1.3,8729.0,-106.2,-2.1399999999999997,1.0,2025-06-19T07:34:07.302499584Z
22678.0,99.0,55.5,1017.3799999999999,0.0,0.194,27.74,217.01999999999998,0.54,10535.6,-108.4,-8.3,1.0,2025-06-19T07:43:24.631878144Z
22484.2,100.0,55.1,1017.46,0.0,0.23199999999999998,28.18,229.26,1.36,8732.4,-104.8,-1.36,1.0,2025-06-19T07:52:19.287641088Z
22444.5,100.0,52.75,1017.5500000000001,0.0,0.2925,28.775000000000002,234.85000000000002,1.0999999999999999,7832.0,-105.25,-3.675,1.0,2025-06-19T08:03:39.466607360Z
22690.0,100.0,51.0,1017.35,0.0,0.2525,29.050000000000004,75.125,1.1500000000000001,10090.25,-108.0,-5.2,1.0,2025-06-19T08:14:01.121383424Z
22516.5,100.0,49.75,1017.3166666666666,0.0,0.19999999999999998,29.2,238.61666666666665,0.8333333333333334,9339.833333333334,-106.5,-2.6666666666666665,1.0,2025-06-19T08:22:55.854607104Z
22491.0,100.0,49.6,1017.4,0.0,0.246,29.340000000000003,217.33999999999997,0.8400000000000001,8740.2,-105.0,-1.18,1.0,2025-06-19T08:34:07.259997696Z
22695.25,100.0,46.375,1017.35,0.0,0.26499999999999996,29.724999999999998,250.4,1.2,10095.75,-108.25,-5.6,1.0,2025-06-19T08:42:46.197039872Z
22521.5,100.0,47.166666666666664,1017.4,0.0,0.22166666666666665,29.900000000000002,205.88333333333333,1.0166666666666666,9345.5,-104.5,-2.783333333333333,1.0,2025-06-19T08:52:55.789504768Z
22455.0,100.0,47.75,1017.4,0.0,0.33999999999999997,29.75,335.8,1.5,7842.5,-106.5,-3.0000000000000004,1.0,2025-06-19T09:00:54.460147712Z
