Unnamed: 0,battery,humidity,pressure,rf_counter,rf_total,temperature,direction,speed,f_cnt,rssi,snr,value,time
18622.571428571428,100.0,32.142857142857146,1013.8571428571429,0.0,0.0,29.35714285714286,137.94285714285712,3.7714285714285714,8060.0,-104.57142857142857,-3.942857142857143,1.0,2025-06-04T12:02:51.139114496Z
18678.4,100.0,31.7,1013.64,0.0,0.0,29.839999999999996,162.12,3.3,8068.4,-101.0,0.54,1.0,2025-06-04T12:13:22.113227008Z
18558.2,100.0,30.4,1013.6600000000001,0.0,0.0,30.4,174.45999999999998,3.5799999999999996,8064.8,-101.0,-3.34,1.0,2025-06-04T12:23:23.854150400Z
18729.0,100.0,29.875,1013.325,0.0,0.0,30.8,167.92499999999998,3.4250000000000003,8078.0,-100.75,-3.05,1.0,2025-06-04T12:33:49.322242560Z
18651.833333333332,100.0,29.583333333333332,1013.4000000000001,0.0,0.0,30.466666666666665,136.03333333333333,4.066666666666667,8070.5,-103.5,-0.45,1.0,2025-06-04T12:42:14.022026240Z
18580.0,100.0,31.375,1013.2750000000001,0.0,0.0,30.35,140.47500000000002,2.8,8074.75,-101.0,0.7250000000000001,1.0,2025-06-04T12:52:36.442133248Z
18655.166666666668,100.0,31.083333333333332,1013.4166666666666,0.0,0.0,30.599999999999998,140.53333333333333,3.0833333333333335,8074.5,-103.16666666666667,0.0,1.0,2025-06-04T13:02:14.060647680Z
18657.166666666668,100.0,31.416666666666668,1013.3833333333332,0.0,0.0,30.833333333333332,153.4333333333333,2.9000000000000004,8076.5,-102.66666666666667,-1.25,1.0,2025-06-04T13:12:14.020645120Z
18585.5,100.0,31.625,1013.225,0.0,0.0,31.05,163.0,3.375,8081.0,-101.5,0.7,1.0,2025-06-04T13:23:51.389432832Z
18660.5,100.0,29.333333333333332,1013.4,0.0,0.0,30.900000000000002,169.35,3.983333333333333,8080.833333333333,-101.33333333333333,-1.7,1.0,2025-06-04T13:33:54.025802496Z
18694.2,100.0,28.9,1013.3399999999999,0.0,0.0,30.840000000000003,156.46,3.88,8086.4,-101.4,1.86,1.0,2025-06-04T13:43:22.088006144Z
18664.166666666668,100.0,30.333333333333332,1013.4666666666666,0.0,0.0,30.933333333333337,149.20000000000002,3.35,8084.833333333333,-104.66666666666667,-4.9333333333333345,1.0,2025-06-04T13:53:53.993561856Z
18724.6,100.0,30.3,1013.54,0.0,0.0,30.7,160.7,4.0200000000000005,8085.2,-105.2,-1.5,1.0,2025-06-04T14:04:26.090991616Z
18699.6,100.0,32.7,1013.5599999999998,0.0,0.0,29.78,189.02,3.6399999999999997,8092.4,-99.2,1.18,1.0,2025-06-04T14:13:22.056480768Z
18578.8,100.0,31.3,1013.6199999999999,0.0,0.0,30.119999999999997,159.40000000000003,4.779999999999999,8088.8,-100.0,-2.56,1.0,2025-06-04T14:23:23.802132736Z
18671.166666666668,100.0,32.0,1013.5,0.0,0.0,30.28333333333333,165.83333333333334,4.966666666666666,8092.833333333333,-102.33333333333333,-1.1666666666666667,1.0,2025-06-04T14:33:53.977972736Z
18705.0,100.0,33.0,1013.46,0.0,0.0,30.199999999999996,192.4,4.220000000000001,8098.4,-102.2,1.28,1.0,2025-06-04T14:43:22.094280448Z
18674.833333333332,100.0,32.5,1013.4166666666666,0.0,0.0,30.450000000000003,182.16666666666666,4.633333333333334,8096.833333333333,-102.33333333333333,0.6666666666666666,1.0,2025-06-04T14:53:53.962069248Z
18676.833333333332,100.0,31.333333333333332,1013.3499999999999,0.0,0.0,30.316666666666663,186.79999999999998,5.283333333333334,8098.833333333333,-101.33333333333333,-1.75,1.0,2025-06-04T15:03:53.963729664Z
18710.8,100.0,34.0,1013.2,0.0,0.0,29.68,189.5,4.220000000000001,8104.4,-100.2,1.0,1.0,2025-06-04T15:13:22.027763200Z
18680.5,100.0,34.333333333333336,1013.2666666666668,0.0,0.0,29.733333333333334,174.61666666666667,3.816666666666667,8102.833333333333,-105.33333333333333,-5.383333333333333,1.0,2025-06-04T15:23:53.952779520Z
18714.6,100.0,36.6,1013.2,0.0,0.0,29.439999999999998,191.56,2.9,8108.4,-100.0,1.8399999999999999,1.0,2025-06-04T15:33:22.015129088Z
18716.4,100.0,36.6,1013.0,0.0,0.0,30.02,194.26,2.7,8110.4,-102.6,-3.7600000000000002,1.0,2025-06-04T15:43:22.024299008Z
18685.833333333332,100.0,35.666666666666664,1012.9833333333332,0.0,0.0,29.850000000000005,189.5666666666667,3.616666666666667,8108.833333333333,-104.16666666666667,-5.683333333333334,1.0,2025-06-04T15:53:54.290280704Z
18687.833333333332,100.0,36.916666666666664,1012.8499999999999,0.0,0.0,29.183333333333337,180.9,3.15,8110.833333333333,-104.5,-0.9666666666666668,1.0,2025-06-04T16:03:53.928690944Z
18722.2,100.0,38.2,1012.6199999999999,0.0,0.0,29.48,201.1,2.18,8116.4,-99.4,0.3399999999999997,1.0,2025-06-04T16:13:21.992789504Z
18600.6,100.0,37.2,1012.54,0.0,0.0,29.479999999999997,158.92000000000002,2.4,8112.8,-103.2,0.2600000000000001,1.0,2025-06-04T16:23:23.724501760Z
18693.166666666668,100.0,38.5,1012.3833333333333,0.0,0.0,29.41666666666666,197.41666666666666,1.8000000000000005,8116.833333333333,-102.5,-1.3499999999999996,1.0,2025-06-04T16:33:53.908988160Z
18727.6,100.0,39.3,1012.3799999999999,0.0,0.0,29.5,189.56,1.4799999999999998,8122.4,-102.4,1.32,1.0,2025-06-04T16:43:21.978674688Z
18696.833333333332,100.0,40.833333333333336,1012.4666666666667,0.0,0.0,29.3,161.53333333333333,2.216666666666667,8120.833333333333,-103.0,-0.13333333333333344,1.0,2025-06-04T16:53:53.903202048Z
18698.833333333332,100.0,41.583333333333336,1012.5333333333334,0.0,0.0033333333333333335,28.683333333333334,145.4,2.1333333333333333,8122.833333333333,-101.16666666666667,-1.9666666666666668,1.0,2025-06-04T17:03:53.892536064Z
18733.4,100.0,42.3,1012.54,0.0,0.004,28.0,171.14000000000001,1.78,8128.4,-100.0,-1.1,1.0,2025-06-04T17:13:21.953399552Z
18611.6,100.0,43.9,1012.6,0.0,0.002,27.339999999999996,158.89999999999998,2.06,8124.8,-104.2,-2.3,1.0,2025-06-04T17:23:23.681917952Z
18736.8,100.0,47.2,1012.6,0.0,0.008,26.46,153.0,1.42,8132.6,-101.6,1.7600000000000002,1.0,2025-06-04T17:34:21.956431360Z
18738.6,100.0,48.4,1012.54,0.0,0.008,26.060000000000002,145.8,1.4000000000000001,8134.4,-100.6,1.58,1.0,2025-06-04T17:43:21.935042048Z
18707.5,100.0,49.416666666666664,1012.5833333333334,0.0,0.01,25.666666666666668,128.73333333333335,1.9166666666666667,8132.833333333333,-104.33333333333333,-5.483333333333333,1.0,2025-06-04T17:53:53.859340288Z
18709.5,100.0,49.833333333333336,1012.4499999999999,0.0,0.01,25.46666666666667,121.48333333333333,1.8500000000000003,8134.833333333333,-104.0,0.11666666666666654,1.0,2025-06-04T18:03:53.841919232Z
18744.4,100.0,48.4,1012.3,0.0,0.008,25.56,143.11999999999998,2.1,8140.4,-101.4,1.0,1.0,2025-06-04T18:13:21.914936320Z
18713.166666666668,100.0,48.833333333333336,1012.3833333333333,0.0,0.01,25.349999999999998,125.36666666666667,2.1666666666666665,8138.833333333333,-102.16666666666667,-0.5,1.0,2025-06-04T18:23:53.829261568Z
18715.166666666668,100.0,48.5,1012.2666666666668,0.0,0.01,25.349999999999998,118.78333333333335,2.15,8140.833333333333,-102.16666666666667,-1.5,1.0,2025-06-04T18:33:53.818593536Z
18750.2,100.0,48.4,1012.4799999999999,0.0,0.02,25.42,147.44,1.8000000000000003,8146.4,-101.8,0.0,1.0,2025-06-04T18:43:21.901647872Z
18678.0,100.0,54.0,1012.5666666666666,0.0,0.4266666666666667,24.766666666666666,176.4333333333333,1.0,8153.666666666667,-96.33333333333333,4.766666666666667,1.0,2025-06-04T18:52:57.103755520Z
18803.5,100.0,66.5,1012.5,0.0,1.1575,22.55,109.625,1.55,8156.0,-99.75,-2.8,1.0,2025-06-04T19:03:49.022991616Z
18805.5,100.0,65.75,1012.4,0.0,1.27,22.349999999999998,102.775,1.3,8158.0,-101.25,-3.1000000000000005,1.0,2025-06-04T19:13:49.566282752Z
18683.666666666668,100.0,63.666666666666664,1012.3666666666667,0.0,1.1233333333333333,22.766666666666666,93.89999999999999,1.2333333333333332,8159.666666666667,-98.0,4.266666666666667,1.0,2025-06-04T19:22:57.813470464Z
18809.0,100.0,65.0,1012.425,0.0,1.2850000000000001,22.875,75.875,1.2000000000000002,8162.0,-97.0,4.0,1.0,2025-06-04T19:33:49.001638400Z
18687.333333333332,100.0,65.66666666666667,1012.5666666666666,0.0,1.1266666666666667,22.633333333333336,99.2,0.6999999999999998,8163.666666666667,-93.0,0.4000000000000001,1.0,2025-06-04T19:42:57.062050560Z
18812.5,100.0,65.5,1012.7,0.0,1.2850000000000001,22.6,105.32499999999999,1.1500000000000001,8166.0,-100.5,-0.2999999999999998,1.0,2025-06-04T19:53:48.991201792Z
18814.5,100.0,65.0,1012.7,0.0,1.2850000000000001,22.6,99.4,0.975,8168.0,-98.25,4.675,1.0,2025-06-04T20:03:48.984329216Z
18939.666666666668,100.0,61.333333333333336,1012.8666666666667,0.0,1.4433333333333334,22.900000000000002,120.8,0.9333333333333332,8170.0,-97.33333333333333,5.066666666666666,1.0,2025-06-04T20:13:00.882172160Z
18818.0,100.0,66.0,1012.9,0.0,1.2850000000000001,22.375,132.425,0.575,8172.0,-94.75,2.125,1.0,2025-06-04T20:23:48.949715456Z
18820.0,100.0,66.125,1012.925,0.0,1.2850000000000001,22.15,152.525,0.6,8174.0,-96.5,4.9,1.0,2025-06-04T20:33:48.951584512Z
18822.0,100.0,64.625,1012.825,0.0,1.2850000000000001,22.275,93.325,0.8999999999999999,8176.0,-99.75,3.05,1.0,2025-06-04T20:43:48.934933760Z
18700.333333333332,100.0,65.83333333333333,1012.7666666666668,0.0,1.1266666666666667,22.633333333333336,68.8,0.9,8177.666666666667,-96.66666666666667,3.3666666666666667,1.0,2025-06-04T20:52:57.006290944Z
18825.5,100.0,73.625,1012.85,0.0,1.2850000000000001,21.9,74.025,0.9,8180.0,-100.5,-1.75,1.0,2025-06-04T21:03:48.928933120Z
18827.5,100.0,76.125,1012.825,0.0,1.2850000000000001,21.475,145.75,0.5,8182.0,-97.25,2.65,1.0,2025-06-04T21:13:48.922479360Z
18829.5,100.0,78.0,1012.8,0.0,1.2850000000000001,21.05,151.1,0.9999999999999999,8184.0,-102.5,-3.3999999999999995,1.0,2025-06-04T21:23:48.914539520Z
18831.5,100.0,77.25,1012.85,0.0,1.2850000000000001,20.849999999999998,214.77499999999998,0.825,8186.0,-97.75,4.05,1.0,2025-06-04T21:33:49.460997120Z
18833.5,100.0,83.25,1012.875,0.0,1.2850000000000001,20.200000000000003,268.275,0.925,8188.0,-98.75,3.375,1.0,2025-06-04T21:43:48.914181632Z
18712.0,99.33333333333333,82.66666666666667,1012.7333333333332,0.0,1.1266666666666667,20.23333333333333,83.86666666666667,0.7666666666666666,8189.666666666667,-97.0,2.8333333333333335,1.0,2025-06-04T21:52:56.970234112Z
18837.0,99.0,84.0,1012.7,0.0,1.2850000000000001,20.174999999999997,102.67500000000001,0.6,8192.0,-99.25,4.0,1.0,2025-06-04T22:03:48.878342400Z
18839.0,99.0,83.75,1012.7,0.0,1.2850000000000001,20.225,173.02499999999998,0.5,8194.0,-98.75,3.2,1.0,2025-06-04T22:13:48.863589120Z
18841.0,98.5,83.25,1012.7,0.0,1.2850000000000001,20.25,184.25,0.7000000000000001,8196.0,-101.0,-2.0,1.0,2025-06-04T22:23:48.870142464Z
18843.0,98.5,84.5,1012.75,0.0,1.2850000000000001,20.025,199.15000000000003,0.75,8198.0,-100.75,-0.8,1.0,2025-06-04T22:33:48.877911296Z
18845.0,98.5,85.25,1012.725,0.0,1.2850000000000001,19.725,207.45,0.525,8200.0,-97.25,3.3,1.0,2025-06-04T22:43:48.837594112Z
18847.0,98.5,81.625,1012.7249999999999,0.0,1.2850000000000001,19.7,220.975,0.8,8202.0,-101.0,-2.75,1.0,2025-06-04T22:53:49.404801280Z
18849.0,98.0,75.875,1012.75,0.0,1.2850000000000001,20.35,249.54999999999995,1.4,8204.0,-101.75,-3.5,1.0,2025-06-04T23:03:48.851496960Z
18851.0,98.0,77.25,1012.875,0.0,1.2850000000000001,20.05,249.575,0.9750000000000001,8206.0,-96.75,3.325,1.0,2025-06-04T23:13:48.818660352Z
18853.0,97.0,76.875,1012.95,0.0,1.2850000000000001,20.025000000000002,275.6,1.6,8208.0,-102.5,-3.125,1.0,2025-06-04T23:23:48.834655488Z
18855.0,97.0,77.625,1013.0249999999999,0.0,1.2850000000000001,20.0,284.6,0.9750000000000001,8210.0,-97.0,3.925,1.0,2025-06-04T23:33:48.822753536Z
18857.0,97.0,78.375,1013.05,0.0,1.2850000000000001,19.875,268.775,1.075,8212.0,-96.25,3.0999999999999996,1.0,2025-06-04T23:43:48.804853760Z
18858.5,97.0,80.75,1013.0,0.0,1.2850000000000001,19.4,256.5,0.75,8213.5,-96.5,3.3,1.0,2025-06-04T23:51:18.803609856Z
18860.0,96.5,80.75,1013.0,0.0,1.2850000000000001,19.325000000000003,238.45000000000002,0.875,8216.0,-99.0,2.05,1.0,2025-06-05T00:03:48.790820608Z
18862.0,96.5,79.125,1012.95,0.0,1.2850000000000001,19.475,265.65,1.075,8218.0,-97.25,3.625,1.0,2025-06-05T00:13:48.770186240Z
18740.666666666668,96.33333333333333,77.33333333333333,1012.8000000000001,0.0,1.1266666666666667,19.833333333333332,235.53333333333333,0.8333333333333334,8219.666666666666,-96.33333333333333,4.3999999999999995,1.0,2025-06-05T00:22:56.844846848Z
18865.5,96.0,77.375,1012.8249999999999,0.0,1.2850000000000001,19.575000000000003,242.27499999999998,1.275,8222.0,-97.0,3.7,1.0,2025-06-05T00:33:48.763542016Z
18867.5,96.0,74.25,1012.8249999999999,0.0,1.2850000000000001,19.924999999999997,235.475,1.15,8224.0,-98.75,3.0,1.0,2025-06-05T00:43:48.754603264Z
18869.0,96.0,73.5,1012.9000000000001,0.0,1.2850000000000001,19.75,229.85,0.75,8225.5,-99.0,3.65,1.0,2025-06-05T00:51:18.769048576Z
18870.5,95.5,74.75,1012.9250000000001,0.0,1.2850000000000001,19.35,226.3,1.3250000000000002,8228.0,-95.5,1.6,1.0,2025-06-05T01:03:48.742570496Z
18872.5,95.0,71.25,1012.875,0.0,1.2850000000000001,19.55,228.125,1.1500000000000001,8230.0,-96.0,3.825,1.0,2025-06-05T01:13:48.721089280Z
18874.5,94.5,69.75,1012.8,0.0,1.2850000000000001,19.575,210.0,0.825,8232.0,-101.75,-3.75,1.0,2025-06-05T01:23:48.756096768Z
18876.5,94.0,73.25,1012.825,0.0,1.2850000000000001,19.125,228.75,1.0,8234.0,-97.5,3.4749999999999996,1.0,2025-06-05T01:33:48.715107584Z
18878.5,94.0,73.0,1012.8000000000001,0.0,1.2850000000000001,18.925,239.52499999999998,0.85,8236.0,-96.5,3.125,1.0,2025-06-05T01:43:48.699202048Z
18880.0,94.0,69.0,1012.7,0.0,1.295,19.35,247.45,1.4,8237.5,-97.5,4.5,1.0,2025-06-05T01:51:18.692231936Z
18881.5,93.75,71.875,1012.6999999999999,0.0,1.295,18.825,250.375,0.925,8240.0,-98.25,2.75,1.0,2025-06-05T02:03:48.707166720Z
19006.333333333332,93.66666666666667,72.5,1012.8333333333334,0.0,1.4666666666666668,18.333333333333332,263.7333333333333,1.2,8242.333333333334,-100.0,1.5999999999999999,1.0,2025-06-05T02:14:40.638957568Z
18761.666666666668,93.33333333333333,67.5,1012.6,0.0,1.1433333333333333,18.900000000000002,233.0666666666667,0.8000000000000002,8243.666666666666,-95.0,1.8,1.0,2025-06-05T02:22:56.743507712Z
18886.5,93.0,71.75,1012.75,0.0,1.31,18.424999999999997,158.27499999999998,0.9249999999999999,8246.0,-97.25,4.2,1.0,2025-06-05T02:33:48.681216512Z
18888.5,93.0,71.75,1012.825,0.0,1.31,18.299999999999997,179.8,0.5750000000000001,8248.0,-98.25,3.125,1.0,2025-06-05T02:43:48.655147008Z
18767.333333333332,93.0,67.0,1012.6999999999999,0.0,1.1433333333333333,18.866666666666667,188.36666666666665,0.8666666666666667,8249.666666666666,-97.33333333333333,3.3000000000000003,1.0,2025-06-05T02:52:56.717130752Z
18892.0,92.5,74.125,1012.975,0.0,1.31,17.95,190.39999999999998,0.7,8252.0,-97.25,3.7,1.0,2025-06-05T03:03:48.660186624Z
18894.0,92.0,74.625,1013.0999999999999,0.0,1.31,17.625,164.92499999999998,1.15,8254.0,-96.75,5.375,1.0,2025-06-05T03:13:48.639749888Z
18773.0,91.66666666666667,69.83333333333333,1012.9333333333334,0.0,1.1433333333333333,18.266666666666666,156.1,0.9,8255.666666666666,-98.0,2.6,1.0,2025-06-05T03:22:56.692146944Z
18897.5,91.5,73.625,1012.9499999999999,0.0,1.31,17.75,160.475,0.6,8258.0,-98.25,3.075,1.0,2025-06-05T03:33:48.642798592Z
18899.5,91.5,75.125,1012.9749999999999,0.0,1.31,17.549999999999997,145.85,0.675,8260.0,-97.25,2.875,1.0,2025-06-05T03:43:48.607528960Z
18778.666666666668,91.33333333333333,74.83333333333333,1012.9,0.0,1.1433333333333333,17.599999999999998,148.83333333333334,0.43333333333333335,8261.666666666666,-98.0,4.766666666666667,1.0,2025-06-05T03:52:56.663418880Z
18903.0,91.25,77.625,1013.0,0.0,1.31,17.150000000000002,173.75,0.7250000000000001,8264.0,-98.5,3.925,1.0,2025-06-05T04:03:48.618513408Z
18905.0,91.0,78.375,1013.1500000000001,0.0,1.31,17.4,220.675,0.625,8266.0,-97.0,3.3,1.0,2025-06-05T04:13:48.590896640Z
18784.333333333332,90.66666666666667,78.5,1013.1333333333333,0.0,1.1433333333333333,17.3,208.96666666666667,0.5666666666666668,8267.666666666666,-96.33333333333333,3.766666666666667,1.0,2025-06-05T04:22:56.628953344Z
18908.5,90.75,79.625,1013.35,0.0,1.31,17.475,196.3,0.575,8270.0,-97.25,4.875,1.0,2025-06-05T04:33:48.596679168Z
18910.5,90.5,77.625,1013.3000000000001,0.0,1.31,17.849999999999998,126.30000000000001,0.5499999999999999,8272.0,-98.5,2.425,1.0,2025-06-05T04:43:48.575654656Z
18790.0,90.33333333333333,71.33333333333333,1013.2333333333332,0.0,1.1433333333333333,18.866666666666667,155.53333333333333,0.7000000000000001,8273.666666666666,-97.0,2.9333333333333336,1.0,2025-06-05T04:52:56.597959424Z
18914.0,90.5,70.875,1013.4250000000001,0.0,1.31,19.65,181.825,0.9750000000000001,8276.0,-98.0,3.125,1.0,2025-06-05T05:03:48.559494912Z
18916.0,91.0,68.0,1013.3000000000001,0.0,1.31,20.175,162.625,1.35,8278.0,-97.0,3.7,1.0,2025-06-05T05:13:48.568159232Z
18795.666666666668,91.0,66.5,1013.3333333333334,0.0,1.1433333333333333,20.633333333333336,196.70000000000002,1.1666666666666667,8279.666666666666,-98.33333333333333,4.366666666666666,1.0,2025-06-05T05:22:56.576587008Z
18919.5,91.5,69.625,1013.6250000000001,0.0,1.31,20.525,235.7,0.925,8282.0,-97.0,3.75,1.0,2025-06-05T05:33:48.546938880Z
18921.5,92.0,71.875,1013.875,0.0,1.31,20.55,256.625,1.225,8284.0,-95.0,-0.125,1.0,2025-06-05T05:43:48.550299648Z
18801.333333333332,91.66666666666667,68.66666666666667,1013.6999999999999,0.0,1.1433333333333333,20.966666666666665,242.73333333333335,0.9333333333333332,8285.666666666666,-96.66666666666667,4.866666666666666,1.0,2025-06-05T05:52:56.551193600Z
18925.0,92.0,67.25,1013.7,0.0,1.31,21.2,269.325,1.0,8288.0,-99.5,3.35,1.0,2025-06-05T06:03:48.523382272Z
18927.0,93.0,67.25,1013.5999999999999,0.0,1.31,21.575,258.625,0.675,8290.0,-98.75,2.725,1.0,2025-06-05T06:13:48.501651456Z
18807.0,94.33333333333333,62.5,1013.6,0.0,1.1433333333333333,22.3,171.86666666666667,0.6666666666666666,8291.666666666666,-94.33333333333333,-3.6,1.0,2025-06-05T06:22:56.525610752Z
18930.5,95.0,64.5,1014.175,0.0,1.31,22.425,204.55,1.0999999999999999,8294.0,-98.5,4.225,1.0,2025-06-05T06:33:48.494524672Z
18932.5,96.0,67.625,1014.425,0.0,1.31,22.425,205.875,1.075,8296.0,-98.5,4.05,1.0,2025-06-05T06:43:48.478045696Z
18812.666666666668,95.66666666666667,60.0,1013.7999999999998,0.0,1.1433333333333333,23.166666666666668,130.56666666666666,0.6333333333333334,8297.666666666666,-96.33333333333333,4.966666666666667,1.0,2025-06-05T06:52:56.507857152Z
18936.0,96.0,60.5,1013.525,0.0,1.31,23.9,51.95,1.125,8300.0,-97.75,4.95,1.0,2025-06-05T07:03:48.464137728Z
18938.0,96.0,54.0,1013.35,0.0,1.31,24.9,83.65,0.95,8302.0,-97.25,4.1,1.0,2025-06-05T07:13:48.451074304Z
18818.333333333332,99.0,48.333333333333336,1013.1666666666666,0.0,1.1433333333333333,25.53333333333333,134.03333333333333,2.533333333333333,8303.666666666666,-99.0,4.333333333333333,1.0,2025-06-05T07:22:56.484101120Z
18941.5,99.25,49.0,1013.2249999999999,0.0,1.31,25.325,123.875,1.8250000000000002,8306.0,-98.0,2.95,1.0,2025-06-05T07:33:48.459324672Z
18943.5,100.0,42.625,1013.3,0.0,1.31,26.0,164.9,2.65,8308.0,-97.5,2.35,1.0,2025-06-05T07:43:48.436901376Z
18945.5,100.0,41.125,1013.4000000000001,0.0,1.31,26.15,155.42499999999998,2.475,8310.0,-102.0,-2.0999999999999996,1.0,2025-06-05T07:53:48.461291776Z
18947.5,100.0,40.0,1013.4750000000001,0.0,1.31,25.9,180.725,2.1,8312.0,-99.25,5.05,1.0,2025-06-05T08:03:48.434109440Z
18949.5,100.0,41.625,1013.55,0.0,1.31,25.875,186.625,1.65,8314.0,-96.5,3.425,1.0,2025-06-05T08:13:48.422954496Z
18830.0,100.0,40.666666666666664,1013.5,0.0,1.1433333333333333,26.0,199.73333333333332,2.0,8315.666666666666,-96.66666666666667,4.433333333333334,1.0,2025-06-05T08:22:56.446711040Z
18953.0,100.0,42.125,1013.725,0.0,1.31,25.924999999999997,200.375,2.275,8318.0,-98.0,3.925,1.0,2025-06-05T08:33:48.412161280Z
18955.0,100.0,46.125,1013.8249999999999,0.0,1.31,25.675,220.27499999999998,1.275,8320.0,-98.75,3.8,1.0,2025-06-05T08:43:48.948987648Z
18835.666666666668,100.0,43.333333333333336,1013.6999999999999,0.0,1.1433333333333333,25.8,209.26666666666665,1.2666666666666666,8321.666666666666,-96.66666666666667,3.9,1.0,2025-06-05T08:52:56.423357696Z
18958.5,100.0,41.875,1013.7,0.0,1.31,26.025000000000002,183.575,1.575,8324.0,-100.0,2.825,1.0,2025-06-05T09:03:48.393692672Z
18960.5,100.0,61.625,2398.625,63.75,164.69499999999996,19.725,134.075,1639.525,8326.0,-97.25,3.3499999999999996,1.0,2025-06-05T09:13:49.407997952Z
18841.333333333332,100.0,38.666666666666664,1013.5333333333333,0.0,1.1433333333333333,26.366666666666664,166.83333333333334,2.1333333333333333,8327.666666666666,-98.33333333333333,4.833333333333333,1.0,2025-06-05T09:22:56.406480896Z
18964.0,100.0,39.375,1013.575,0.0,1.31,26.525,196.87499999999997,1.8250000000000002,8330.0,-98.25,2.975,1.0,2025-06-05T09:33:48.381134848Z
18966.0,100.0,38.625,1013.55,0.0,1.31,26.825000000000003,158.725,2.05,8332.0,-97.5,2.85,1.0,2025-06-05T09:43:48.366937344Z
18847.0,100.0,36.166666666666664,1013.4,0.0,0.8733333333333334,27.03333333333333,183.83333333333334,2.0,8333.666666666666,-96.66666666666667,3.8333333333333335,1.0,2025-06-05T09:52:56.375386112Z
18969.5,100.0,37.5,1013.4499999999999,0.0,0.905,27.424999999999997,155.675,2.0,8336.0,-99.5,3.95,1.0,2025-06-05T10:03:48.354809600Z
18971.5,100.0,35.625,1013.45,0.0,0.905,28.049999999999997,139.67499999999998,2.275,8338.0,-98.75,3.125,1.0,2025-06-05T10:13:48.351075328Z
18852.666666666668,100.0,35.0,1013.3333333333334,0.0,0.6033333333333334,28.566666666666666,161.86666666666667,2.0,8339.666666666666,-97.33333333333333,3.733333333333333,1.0,2025-06-05T10:22:56.360122368Z
18975.0,100.0,33.875,1013.4,0.0,0.0,28.9,188.225,1.7000000000000002,8342.0,-98.0,4.175,1.0,2025-06-05T10:33:48.344791552Z
18977.0,100.0,33.875,1013.45,0.0,0.0,29.1,172.975,1.7750000000000001,8344.0,-100.0,3.55,1.0,2025-06-05T10:43:48.334103552Z
18858.333333333332,100.0,33.666666666666664,1013.3666666666668,0.0,0.0,29.03333333333333,156.43333333333337,2.2666666666666666,8345.666666666666,-98.33333333333333,4.0,1.0,2025-06-05T10:52:56.507681536Z
18980.5,100.0,33.375,1013.4749999999999,0.0,0.0,28.7,163.22500000000002,3.0,8348.0,-99.25,4.35,1.0,2025-06-05T11:03:48.319997440Z
18982.5,100.0,34.125,1013.35,0.0,0.0,29.0,125.19999999999999,1.975,8350.0,-97.25,3.025,1.0,2025-06-05T11:13:48.326991872Z
18864.0,100.0,32.666666666666664,1013.1333333333333,0.0,0.0,29.233333333333334,148.83333333333334,2.2,8351.666666666666,-99.0,4.0,1.0,2025-06-05T11:22:56.321628928Z
18986.0,100.0,33.0,1013.05,0.0,0.0,29.424999999999997,137.325,2.55,8354.0,-99.75,3.125,1.0,2025-06-05T11:33:48.318361600Z
18988.0,100.0,33.5,1013.05,0.0,0.0,29.7,120.1,2.35,8356.0,-99.0,3.325,1.0,2025-06-05T11:43:48.302555648Z
18869.666666666668,100.0,33.833333333333336,1012.8666666666668,0.0,0.0,29.700000000000003,107.26666666666667,1.7000000000000002,8357.666666666666,-97.33333333333333,3.8000000000000003,1.0,2025-06-05T11:52:56.313365504Z
18991.5,100.0,33.75,1012.875,0.0,0.0,30.125,118.2,2.5500000000000003,8360.0,-99.75,3.3,1.0,2025-06-05T12:03:48.303075840Z
18993.5,100.0,34.625,1012.725,0.0,0.0,30.299999999999997,198.34999999999997,2.075,8362.0,-100.0,2.925,1.0,2025-06-05T12:13:48.291011328Z
18794.5,100.0,35.75,1012.75,0.0,0.3875,29.95,140.3,1.425,6273.5,-100.25,1.425,1.0,2025-06-05T12:23:16.968511488Z
18908.2,100.0,36.9,1012.72,0.0,0.31,30.060000000000002,145.85999999999999,2.6599999999999997,6693.6,-99.8,-0.5,1.0,2025-06-05T12:33:12.168117248Z
18850.833333333332,100.0,36.333333333333336,1012.7833333333333,0.0,0.5166666666666667,30.233333333333334,126.68333333333334,2.2833333333333337,5580.5,-101.83333333333333,-2.016666666666666,1.0,2025-06-05T12:42:28.059863296Z
18751.2,100.0,36.9,1012.74,0.0,0.62,29.96,115.12,2.24,5024.8,-103.4,0.86,1.0,2025-06-05T12:52:28.825501184Z
18913.6,100.0,37.2,1012.78,0.0,0.31,29.96,135.9,3.1800000000000006,6699.4,-99.2,-0.3200000000000003,1.0,2025-06-05T13:03:12.141358592Z
18856.166666666668,100.0,37.833333333333336,1012.8166666666667,0.0,0.5166666666666667,29.566666666666666,157.01666666666668,2.2166666666666663,5586.166666666667,-101.0,-2.116666666666667,1.0,2025-06-05T13:12:28.050947072Z
18756.6,100.0,39.1,1012.68,0.0,0.62,29.659999999999997,136.96,2.52,5030.4,-103.2,-1.7600000000000002,1.0,2025-06-05T13:22:28.808031232Z
18919.0,100.0,40.5,1012.6600000000001,0.0,0.31,29.119999999999997,158.0,2.74,6705.2,-100.6,0.5200000000000002,1.0,2025-06-05T13:33:12.137654784Z
18861.5,100.0,41.0,1012.6833333333333,0.0,0.5166666666666667,29.316666666666666,152.13333333333335,3.1999999999999997,5591.833333333333,-99.83333333333333,-2.766666666666667,1.0,2025-06-05T13:42:28.403503104Z
18762.0,100.0,40.6,1012.6,0.0,0.62,29.4,130.57999999999998,2.8,5036.0,-101.2,-2.7399999999999998,1.0,2025-06-05T13:52:28.800814080Z
18924.4,100.0,43.4,1012.4799999999999,0.0,0.318,29.119999999999997,185.44,3.5,6711.0,-101.4,0.6200000000000001,1.0,2025-06-05T14:03:12.116939520Z
18866.833333333332,100.0,43.416666666666664,1012.4833333333332,0.0,0.5233333333333333,29.433333333333334,160.54999999999998,3.3833333333333333,5597.5,-103.5,0.75,1.0,2025-06-05T14:12:28.382265344Z
18767.4,100.0,42.0,1012.36,0.0,0.624,29.96,152.28000000000003,4.34,5041.6,-102.0,-2.9,1.0,2025-06-05T14:22:28.770716416Z
18929.8,100.0,40.7,1012.26,0.0,0.318,29.98,171.54000000000002,4.32,6716.8,-98.6,-1.3599999999999999,1.0,2025-06-05T14:33:12.102763264Z
18872.166666666668,100.0,41.0,1012.2166666666666,0.0,0.5233333333333333,30.13333333333333,162.88333333333335,5.3,5603.166666666667,-103.0,-1.933333333333333,1.0,2025-06-05T14:42:28.006251776Z
18772.8,100.0,42.0,1012.1600000000001,0.0,0.624,30.1,147.38,4.08,5047.2,-104.0,0.9400000000000001,1.0,2025-06-05T14:52:28.754092544Z
18935.2,100.0,41.8,1012.0,0.0,0.318,30.079999999999995,181.54,4.64,6722.6,-100.0,1.9600000000000002,1.0,2025-06-05T15:03:12.089243136Z
18877.5,100.0,42.916666666666664,1012.1,0.0,0.5233333333333333,29.916666666666668,164.86666666666667,4.033333333333334,5608.833333333333,-102.16666666666667,-1.3,1.0,2025-06-05T15:12:27.984677888Z
18778.2,100.0,42.3,1012.0799999999999,0.0,0.624,29.919999999999998,139.12,4.08,5052.8,-104.0,-0.6600000000000004,1.0,2025-06-05T15:22:29.178499072Z
18940.6,100.0,43.2,1012.0,0.0,0.318,29.659999999999997,168.94,3.8200000000000003,6728.4,-101.4,1.12,1.0,2025-06-05T15:33:12.069960192Z
18882.833333333332,100.0,44.0,1012.0333333333333,0.0,0.5233333333333333,29.583333333333332,158.36666666666667,3.8000000000000007,5614.5,-102.0,-1.0166666666666664,1.0,2025-06-05T15:42:27.971344128Z
18783.6,100.0,45.1,1012.0,0.0,0.624,29.320000000000004,162.98000000000002,3.4799999999999995,5058.4,-103.4,-1.2399999999999998,1.0,2025-06-05T15:52:28.719307520Z
18946.0,100.0,45.3,1012.0200000000001,0.0,0.318,29.28,185.68,3.66,6734.2,-102.0,1.8399999999999999,1.0,2025-06-05T16:03:12.049777152Z
18888.166666666668,100.0,45.916666666666664,1012.0500000000001,0.0,0.5233333333333333,29.216666666666665,155.79999999999998,3.016666666666666,5620.166666666667,-103.66666666666667,-0.4833333333333332,1.0,2025-06-05T16:12:27.949556480Z
18789.0,100.0,46.6,1012.0200000000001,0.0,0.624,28.919999999999998,149.96,3.6,5064.0,-102.8,-0.9399999999999998,1.0,2025-06-05T16:22:28.698960384Z
18951.4,100.0,47.9,1011.9799999999999,0.0,0.318,28.619999999999997,172.16,3.1399999999999997,6740.0,-100.6,1.7,1.0,2025-06-05T16:33:12.035620352Z
18893.5,100.0,48.833333333333336,1012.0166666666668,0.0,0.5233333333333333,28.349999999999998,159.31666666666663,3.6166666666666667,5625.833333333333,-104.16666666666667,0.6666666666666669,1.0,2025-06-05T16:42:27.929135872Z
18794.4,100.0,49.2,1011.9599999999998,0.0,0.624,28.119999999999997,154.48000000000002,3.4400000000000004,5069.6,-103.0,0.4,1.0,2025-06-05T16:52:28.677240576Z
18956.8,100.0,50.2,1011.9200000000001,0.0,0.318,27.82,168.94,3.18,6745.8,-100.6,0.34,1.0,2025-06-05T17:03:12.016727040Z
18898.833333333332,100.0,51.416666666666664,1012.0,0.0,0.5233333333333333,27.400000000000002,168.06666666666666,2.5666666666666664,5631.5,-102.0,0.033333333333333215,1.0,2025-06-05T17:12:27.914584320Z
18799.8,100.0,52.4,1011.9200000000001,0.0,0.6260000000000001,27.26,134.76000000000002,3.3200000000000003,5075.2,-105.0,-1.4,1.0,2025-06-05T17:22:28.653674496Z
18962.2,100.0,52.9,1011.8799999999999,0.0,0.32,27.0,154.48,3.2,6751.6,-101.8,1.56,1.0,2025-06-05T17:33:11.998056960Z
18904.166666666668,100.0,54.416666666666664,1011.8833333333332,0.0,0.5266666666666667,26.683333333333334,155.46666666666667,2.6500000000000004,5637.166666666667,-101.5,-1.95,1.0,2025-06-05T17:42:28.255907072Z
18805.2,100.0,55.5,1011.8399999999999,0.0,0.632,26.360000000000003,143.2,2.12,5080.8,-103.2,-0.36000000000000015,1.0,2025-06-05T17:52:28.631910912Z
18967.6,100.0,58.1,1011.9,0.0,0.322,25.880000000000003,178.8,1.64,6757.4,-101.8,1.6,1.0,2025-06-05T18:03:11.988839936Z
18909.5,100.0,58.583333333333336,1011.9666666666666,0.0,0.53,25.75,167.41666666666666,1.55,5642.833333333333,-104.33333333333333,0.016666666666666902,1.0,2025-06-05T18:12:27.867411456Z
18810.6,100.0,60.1,1011.9199999999998,0.0,0.632,25.339999999999996,163.28,1.48,5086.4,-102.4,-0.5999999999999999,1.0,2025-06-05T18:22:28.610906880Z
19063.0,100.0,62.5,1011.8000000000001,0.0,0.01,24.75,206.825,0.65,8438.0,-98.25,3.0250000000000004,1.0,2025-06-05T18:33:48.117452288Z
18914.5,100.0,63.666666666666664,1012.0,0.0,0.53,24.28333333333333,180.28333333333333,1.3,5648.5,-103.5,0.5,1.0,2025-06-05T18:42:27.866263808Z
18815.6,100.0,63.3,1012.24,0.0,0.318,24.24,155.73999999999998,1.6,5092.0,-103.8,-0.5999999999999999,1.0,2025-06-05T18:52:28.595016960Z
19043.75,100.0,66.25,1012.5,0.0,0.01,23.500000000000004,170.775,1.2,6350.5,-101.25,0.75,1.0,2025-06-05T19:03:41.925368832Z
18979.6,100.0,65.8,1012.4400000000002,0.0,0.008,23.48,168.57999999999998,1.24,6770.8,-101.4,0.9400000000000001,1.0,2025-06-05T19:12:23.924843264Z
18820.2,100.0,66.3,1012.5,0.0,0.004,23.42,145.0,1.2999999999999998,5097.6,-104.0,-0.040000000000000036,1.0,2025-06-05T19:22:28.570506752Z
18872.0,100.0,67.25,1012.6000000000001,0.0,0.005,23.1,148.175,1.025,6356.0,-102.0,0.75,1.0,2025-06-05T19:33:38.871021824Z
18924.166666666668,100.0,68.41666666666667,1012.7833333333333,0.0,0.006666666666666667,22.8,149.16666666666666,1.55,5659.833333333333,-102.5,-0.3000000000000001,1.0,2025-06-05T19:42:27.809978624Z
18926.166666666668,100.0,68.58333333333333,1012.8499999999999,0.0,0.011666666666666667,22.75,148.33333333333334,1.3666666666666665,5661.833333333333,-101.83333333333333,-0.8833333333333336,1.0,2025-06-05T19:53:07.832708864Z
18877.5,100.0,68.375,1012.725,0.0,0.0125,22.675,132.875,1.55,6361.75,-102.5,1.25,1.0,2025-06-05T20:03:38.851901184Z
18929.5,100.0,68.91666666666667,1012.9166666666666,0.0,0.016666666666666666,22.416666666666668,159.25,1.3666666666666665,5665.5,-103.33333333333333,0.3666666666666667,1.0,2025-06-05T20:12:27.781952512Z
18830.8,100.0,69.6,1012.9200000000001,0.0,0.016,22.24,165.58,1.58,5108.8,-104.0,-0.9600000000000002,1.0,2025-06-05T20:22:28.517039360Z
18993.4,100.0,70.4,1012.8800000000001,0.0,0.014000000000000002,21.92,169.12,1.16,6786.4,-100.8,1.72,1.0,2025-06-05T20:33:11.871671552Z
18934.833333333332,100.0,71.66666666666667,1013.0166666666668,0.0,0.016666666666666666,21.816666666666666,155.61666666666667,1.0833333333333335,5671.166666666667,-104.33333333333333,-0.6333333333333334,1.0,2025-06-05T20:42:28.139223296Z
18836.2,100.0,72.5,1013.0600000000001,0.0,0.016,21.48,144.76000000000002,0.8400000000000001,5114.4,-103.4,-0.6,1.0,2025-06-05T20:52:28.920597248Z
18998.8,100.0,75.2,1013.0799999999999,0.0,0.014000000000000002,20.740000000000002,185.44,1.16,6792.2,-100.6,1.64,1.0,2025-06-05T21:03:11.836843008Z
18940.166666666668,100.0,75.33333333333333,1013.1999999999999,0.0,0.016666666666666666,20.783333333333335,200.76666666666665,1.0333333333333334,5676.833333333333,-102.33333333333333,0.06666666666666687,1.0,2025-06-05T21:12:28.090493184Z
18841.6,100.0,74.7,1013.1600000000001,0.0,0.016,20.5,226.45999999999998,0.86,5120.0,-103.8,-0.34,1.0,2025-06-05T21:22:28.453181440Z
19004.2,100.0,77.1,1013.2199999999999,0.0,0.014000000000000002,20.080000000000002,223.02000000000004,1.16,6798.0,-101.6,1.2200000000000002,1.0,2025-06-05T21:33:11.815297792Z
18945.5,100.0,77.75,1013.4,0.0,0.016666666666666666,20.083333333333332,238.70000000000002,0.8833333333333334,5682.5,-102.16666666666667,0.38333333333333347,1.0,2025-06-05T21:42:27.690296576Z
18947.5,99.66666666666667,78.91666666666667,1013.4833333333332,0.0,0.016666666666666666,19.716666666666665,269.46666666666664,0.9,5684.5,-104.83333333333333,-4.966666666666666,1.0,2025-06-05T21:53:07.797116928Z
19010.0,99.6,80.9,1013.5,0.0,0.014000000000000002,19.040000000000003,277.02000000000004,1.2000000000000002,6803.8,-100.6,1.12,1.0,2025-06-05T22:03:11.909780736Z
18908.0,99.28571428571429,81.21428571428571,1013.6999999999999,0.0,0.027142857142857142,19.085714285714282,261.15714285714284,1.4285714285714286,4890.0,-104.85714285714286,-0.6714285714285715,1.0,2025-06-05T22:12:31.205660672Z
18853.0,99.2,78.1,1013.6200000000001,0.0,0.026000000000000002,19.52,264.21999999999997,1.6199999999999999,5131.2,-103.4,-1.2000000000000002,1.0,2025-06-05T22:22:28.635881472Z
19015.6,99.4,79.0,1013.7,0.0,0.026000000000000002,19.020000000000003,275.98,1.1400000000000001,6809.6,-99.8,2.42,1.0,2025-06-05T22:33:12.050051072Z
18956.833333333332,99.33333333333333,79.16666666666667,1013.7333333333335,0.0,0.030000000000000002,18.966666666666665,215.73333333333335,0.8333333333333335,5693.833333333333,-102.66666666666667,-0.26666666666666644,1.0,2025-06-05T22:42:27.858951936Z
18858.4,99.0,80.8,1013.68,0.0,0.028000000000000004,18.68,156.52000000000004,0.7,5136.8,-103.4,-0.82,1.0,2025-06-05T22:52:28.621419264Z
18910.75,98.75,80.75,1013.7,0.0,0.0225,18.5,164.67499999999998,0.65,6396.25,-99.75,0.675,1.0,2025-06-05T23:03:38.844979200Z
18961.833333333332,98.16666666666667,83.25,1013.85,0.0,0.030000000000000002,18.0,158.33333333333331,0.5166666666666667,5699.5,-102.16666666666667,-0.7833333333333333,1.0,2025-06-05T23:12:27.856883456Z
18914.25,98.0,81.875,1013.725,0.0,0.0225,18.099999999999998,159.8,0.85,6399.75,-101.25,-0.04999999999999982,1.0,2025-06-05T23:21:54.360142848Z
19025.8,98.0,82.9,1013.8,0.0,0.026000000000000002,17.8,182.04000000000002,0.76,6821.2,-101.6,0.7399999999999999,1.0,2025-06-05T23:33:11.846046976Z
18966.833333333332,98.0,82.25,1013.8333333333331,0.0,0.030000000000000002,18.0,175.16666666666666,0.8666666666666666,5705.166666666667,-102.83333333333333,-0.04999999999999997,1.0,2025-06-05T23:42:27.805774080Z
18868.6,98.0,81.5,1013.82,0.0,0.028000000000000004,17.94,200.0,0.9,5148.0,-102.8,-1.2999999999999998,1.0,2025-06-05T23:52:28.554205696Z
19031.2,97.2,83.8,1013.8,0.0,0.026000000000000002,17.499999999999996,210.47999999999996,0.9399999999999998,6827.0,-100.4,-0.5999999999999999,1.0,2025-06-06T00:03:11.816672512Z
18972.166666666668,97.16666666666667,83.16666666666667,1013.9333333333334,0.0,0.030000000000000002,17.45,152.61666666666667,0.9333333333333332,5710.833333333333,-102.5,-1.7499999999999993,1.0,2025-06-06T00:12:27.769244928Z
18874.0,96.6,83.3,1013.9399999999999,0.0,0.032,17.380000000000003,183.24,1.1,5153.6,-101.2,-1.7600000000000002,1.0,2025-06-06T00:22:28.558161152Z
19036.6,96.6,85.0,1014.0,0.0,0.033999999999999996,17.1,206.14000000000001,0.72,6832.8,-101.0,1.42,1.0,2025-06-06T00:33:11.794053120Z
18977.5,96.66666666666667,85.25,1014.0666666666667,0.0,0.03666666666666667,17.083333333333332,208.5,0.7833333333333333,5716.5,-103.5,-1.4833333333333336,1.0,2025-06-06T00:42:27.740130048Z
18879.4,96.6,85.2,1013.9799999999999,0.0,0.032,17.020000000000003,194.39999999999998,0.74,5159.2,-104.0,-1.8800000000000003,1.0,2025-06-06T00:52:28.510175744Z
19042.0,96.2,86.8,1013.8799999999999,0.0,0.033999999999999996,16.54,167.90000000000003,0.74,6838.6,-98.6,-0.86,1.0,2025-06-06T01:03:11.768389120Z
18982.833333333332,96.0,87.58333333333333,1013.9333333333334,0.0,0.03666666666666667,16.53333333333333,163.11666666666667,0.9499999999999998,5722.166666666667,-102.0,0.033333333333333215,1.0,2025-06-06T01:12:27.729706240Z
18884.8,95.4,86.1,1013.96,0.0,0.032,16.76,158.06,0.8,5164.8,-103.0,-1.9200000000000004,1.0,2025-06-06T01:22:28.487467776Z
19047.4,95.0,86.9,1013.9200000000001,0.0,0.033999999999999996,16.639999999999997,185.56,0.64,6844.4,-99.6,1.3799999999999997,1.0,2025-06-06T01:33:11.751266048Z
19049.2,95.0,87.2,1013.8799999999999,0.0,0.033999999999999996,16.380000000000003,218.86000000000004,0.54,6846.2,-100.6,-0.1,1.0,2025-06-06T01:42:23.727505664Z
18941.25,95.0,87.5,1013.8,0.0,0.0275,16.225,200.075,0.6749999999999999,6428.75,-100.75,0.375,1.0,2025-06-06T01:53:23.686213632Z
19052.4,94.8,88.8,1013.8399999999999,0.0,0.033999999999999996,15.940000000000001,234.26,0.6799999999999999,6850.2,-101.4,0.8800000000000001,1.0,2025-06-06T02:03:11.741806080Z
18992.833333333332,94.66666666666667,89.0,1013.9,0.0,0.03666666666666667,16.033333333333335,223.5,0.6,5733.5,-100.83333333333333,-2.0,1.0,2025-06-06T02:12:27.683715072Z
18894.8,94.4,88.8,1013.86,0.0,0.04,16.0,218.2,0.4,5176.0,-99.6,-2.6,1.0,2025-06-06T02:22:28.431708416Z
19057.8,94.0,90.4,1013.82,0.0,0.05800000000000001,15.64,218.93999999999997,0.52,6856.0,-98.6,0.41999999999999976,1.0,2025-06-06T02:33:11.707278080Z
18998.166666666668,94.0,89.75,1013.9333333333334,0.0,0.07166666666666667,15.66666666666667,220.13333333333333,0.43333333333333335,5739.166666666667,-101.83333333333333,-0.9499999999999998,1.0,2025-06-06T02:42:27.655841792Z
19038.4,94.0,89.8,1014.14,0.0,0.092,15.64,137.51999999999998,0.42000000000000004,5182.0,-103.0,-3.2,1.0,2025-06-06T02:53:30.836660992Z
19063.2,93.6,90.8,1014.1,0.0,0.072,15.580000000000002,196.54000000000002,0.48,6861.8,-101.0,1.72,1.0,2025-06-06T03:03:11.700633088Z
19003.5,93.33333333333333,89.66666666666667,1014.1500000000001,0.0,0.07666666666666667,15.716666666666667,139.55000000000004,0.6333333333333334,5744.833333333333,-101.5,0.6000000000000001,1.0,2025-06-06T03:12:27.633812736Z
18905.4,93.0,89.4,1014.1800000000001,0.0,0.06999999999999999,15.9,104.12,0.34,5187.2,-102.6,-1.04,1.0,2025-06-06T03:22:28.381317120Z
19068.6,92.6,90.0,1014.22,0.0,0.074,15.88,138.18,0.96,6867.6,-101.4,1.6800000000000002,1.0,2025-06-06T03:33:11.649772800Z
19008.833333333332,92.66666666666667,90.16666666666667,1014.25,0.0,0.08,15.783333333333333,197.0,0.6499999999999999,5750.5,-101.5,-0.5166666666666666,1.0,2025-06-06T03:42:27.964238592Z
19010.833333333332,92.66666666666667,90.33333333333333,1014.2833333333333,0.0,0.08,15.733333333333334,236.54999999999998,0.5166666666666666,5752.5,-104.5,-3.783333333333333,1.0,2025-06-06T03:53:07.587265280Z
18964.75,92.5,89.75,1014.25,0.0,0.06,15.874999999999998,217.425,0.525,6453.5,-101.0,2.05,1.0,2025-06-06T04:02:24.137878528Z
19014.166666666668,92.66666666666667,90.25,1014.5500000000001,0.0,0.08,16.016666666666666,204.95000000000002,0.4666666666666666,5756.166666666667,-102.0,-0.8666666666666667,1.0,2025-06-06T04:12:27.579513600Z
18968.25,92.5,89.25,1014.4499999999999,0.0,0.06,16.5,215.575,0.45,6457.25,-100.5,0.825,1.0,2025-06-06T04:21:53.555989248Z
19079.2,92.2,88.1,1014.5599999999998,0.0,0.074,17.159999999999997,202.98000000000002,0.78,6879.2,-99.8,1.1400000000000001,1.0,2025-06-06T04:33:11.607469568Z
19019.166666666668,92.33333333333333,86.08333333333333,1014.5500000000001,0.0,0.08333333333333333,17.866666666666667,180.6833333333333,0.7666666666666666,5761.833333333333,-102.83333333333333,0.3499999999999999,1.0,2025-06-06T04:42:27.555844096Z
18921.2,92.4,83.2,1014.5799999999999,0.0,0.074,18.619999999999997,179.06,0.8800000000000001,5204.0,-102.6,-0.3200000000000001,1.0,2025-06-06T04:52:28.284401664Z
19084.6,92.2,82.9,1014.7,0.0,0.076,19.26,244.85999999999999,0.8800000000000001,6885.0,-101.6,0.86,1.0,2025-06-06T05:03:11.596922624Z
19024.5,92.33333333333333,80.58333333333333,1014.7999999999998,0.0,0.08333333333333333,19.833333333333332,212.71666666666667,0.75,5767.5,-104.5,-3.5,1.0,2025-06-06T05:12:27.903042560Z
18926.6,92.4,78.5,1014.78,0.0,0.074,20.439999999999998,221.11999999999998,0.9400000000000001,5209.6,-102.6,-0.3999999999999998,1.0,2025-06-06T05:22:28.255811072Z
19090.0,93.0,77.0,1014.78,0.0,0.08,21.240000000000002,222.04000000000002,1.12,6890.8,-100.8,-0.5000000000000002,1.0,2025-06-06T05:33:11.576027648Z
19029.833333333332,93.33333333333333,74.0,1014.8499999999999,0.0,0.08666666666666667,21.86666666666667,234.41666666666666,0.9,5773.166666666667,-100.5,-0.7833333333333333,1.0,2025-06-06T05:42:27.496851200Z
18932.0,93.6,71.4,1014.82,0.0,0.076,22.5,226.14000000000001,1.1800000000000002,5215.2,-102.8,-0.9400000000000001,1.0,2025-06-06T05:52:28.225937152Z
19095.4,93.4,68.4,1014.86,0.0,0.09000000000000001,23.24,212.94,0.9,6896.6,-102.0,1.52,1.0,2025-06-06T06:03:11.528575488Z
19035.166666666668,94.33333333333333,66.83333333333333,1015.0166666666668,0.0,0.09666666666666668,23.5,231.7833333333333,1.0333333333333334,5778.833333333333,-102.5,-1.5333333333333332,1.0,2025-06-06T06:12:27.470427904Z
18937.4,94.4,64.7,1015.1200000000001,0.0,0.082,23.98,184.52,1.06,5220.8,-102.4,-2.2,1.0,2025-06-06T06:22:28.210720000Z
19100.8,95.8,63.4,1015.1600000000001,0.0,0.09200000000000001,24.380000000000003,246.84,1.1600000000000001,6902.4,-100.2,1.7600000000000002,1.0,2025-06-06T06:33:11.511676928Z
19040.5,96.5,61.666666666666664,1015.2333333333335,0.0,0.10000000000000002,24.683333333333334,225.70000000000002,1.2833333333333334,5784.5,-104.16666666666667,0.4833333333333334,1.0,2025-06-06T06:42:27.471516672Z
18942.8,97.2,60.1,1015.24,0.0,0.09000000000000001,24.9,217.61999999999998,1.64,5226.4,-103.6,-0.6,1.0,2025-06-06T06:52:28.615063296Z
19106.2,96.8,59.7,1015.28,0.0,0.1,25.22,242.36000000000004,1.52,6908.2,-99.2,1.0,1.0,2025-06-06T07:03:11.487377920Z
19045.833333333332,98.33333333333333,57.5,1015.4166666666666,0.0,0.11666666666666668,25.483333333333334,246.13333333333335,1.55,5790.166666666667,-101.0,-0.5333333333333332,1.0,2025-06-06T07:12:27.432401664Z
18948.2,99.6,55.5,1015.3799999999999,0.0,0.11400000000000002,25.56,230.9,2.08,5232.0,-102.2,-0.039999999999999855,1.0,2025-06-06T07:22:28.151074816Z
19111.6,100.0,56.1,1015.28,0.0,0.10800000000000001,25.940000000000005,245.34,2.0599999999999996,6914.0,-99.6,1.12,1.0,2025-06-06T07:33:11.498288896Z
19051.166666666668,100.0,53.916666666666664,1015.2999999999998,0.0,0.1366666666666667,25.966666666666665,231.91666666666666,1.7000000000000002,5795.833333333333,-102.16666666666667,0.2833333333333335,1.0,2025-06-06T07:42:27.403814912Z
18953.6,100.0,52.3,1015.3,0.0,0.146,26.240000000000002,236.84,2.84,5237.6,-101.8,-1.1,1.0,2025-06-06T07:52:28.146625280Z
19117.0,100.0,53.0,1015.26,0.0,0.164,26.459999999999997,251.04000000000002,2.08,6919.8,-101.6,1.3,1.0,2025-06-06T08:03:11.452059136Z
19056.5,100.0,50.083333333333336,1015.3833333333332,0.0,0.19000000000000003,26.733333333333334,249.94999999999996,1.7,5801.5,-102.16666666666667,-0.3333333333333335,1.0,2025-06-06T08:12:27.754938368Z
18959.0,100.0,49.0,1015.36,0.0,0.186,26.8,232.74,1.9,5243.2,-101.2,-1.1,1.0,2025-06-06T08:22:28.115529728Z
19122.4,100.0,49.7,1015.3399999999999,0.0,0.17,27.1,256.52,2.26,6925.6,-100.8,1.8199999999999998,1.0,2025-06-06T08:33:11.440893440Z
19061.833333333332,100.0,49.583333333333336,1015.3833333333333,0.0,0.20000000000000004,27.100000000000005,246.20000000000002,2.1333333333333333,5807.166666666667,-103.5,-1.0,1.0,2025-06-06T08:42:27.374670592Z
18964.4,100.0,45.9,1015.3,0.0,0.188,27.620000000000005,138.66000000000003,2.0,5248.8,-103.2,-0.7,1.0,2025-06-06T08:52:28.088514048Z
19127.8,100.0,48.0,1015.3399999999999,0.0,0.17200000000000001,28.0,252.51999999999998,1.6599999999999997,6931.4,-99.2,0.6999999999999998,1.0,2025-06-06T09:03:11.418494464Z
19067.166666666668,100.0,44.833333333333336,1015.4499999999999,0.0,0.20166666666666666,27.766666666666666,258.73333333333335,2.0,5812.833333333333,-101.66666666666667,-1.1500000000000004,1.0,2025-06-06T09:12:27.351963648Z
18969.8,100.0,45.3,1015.4199999999998,0.0,0.192,27.919999999999998,213.9,1.3000000000000003,5254.4,-103.4,-1.2399999999999998,1.0,2025-06-06T09:22:28.101422080Z
19133.2,100.0,43.9,1015.2599999999999,0.0,0.174,28.26,231.73999999999995,1.8800000000000001,6937.2,-102.0,1.58,1.0,2025-06-06T09:33:11.415274752Z
19072.5,100.0,43.166666666666664,1015.35,0.0,0.20333333333333334,28.48333333333333,256.6333333333334,1.95,5818.5,-102.83333333333333,-0.9666666666666668,1.0,2025-06-06T09:42:28.063602432Z
19074.5,100.0,44.166666666666664,1015.3333333333334,0.0,0.21333333333333335,28.63333333333333,223.75,1.4833333333333334,5820.5,-101.5,-0.9666666666666667,1.0,2025-06-06T09:53:07.343354624Z
19139.0,100.0,42.4,1015.26,0.0,0.18,29.119999999999997,238.8,1.42,6943.0,-101.6,0.9400000000000001,1.0,2025-06-06T10:03:11.378815488Z
18978.8,100.0,41.0,1015.3,0.0,0.20400000000000001,29.18,183.1,2.32,5263.8,-103.8,-0.8399999999999999,1.0,2025-06-06T10:12:40.062612224Z
18980.6,100.0,42.2,1015.3,0.0,0.20400000000000001,28.919999999999998,192.07999999999998,1.1199999999999999,5265.6,-103.0,-1.0,1.0,2025-06-06T10:22:28.036176384Z
19144.0,100.0,44.9,1015.24,0.0,0.076,28.18,274.28000000000003,1.3599999999999999,6948.8,-100.0,0.7399999999999999,1.0,2025-06-06T10:33:11.801082880Z
18984.0,100.0,45.8,1015.28,0.0,0.152,27.98,289.34000000000003,1.6199999999999999,5269.2,-104.0,-0.1,1.0,2025-06-06T10:41:40.040215040Z
18985.8,100.0,44.6,1015.22,0.0,0.152,28.68,300.2,1.7,5271.2,-101.0,-1.44,1.0,2025-06-06T10:52:28.006619904Z
19149.0,100.0,43.7,1015.1199999999999,0.0,0.076,29.0,185.3,2.3600000000000003,6954.6,-100.6,1.0,1.0,2025-06-06T11:03:11.791772928Z
19088.166666666668,100.0,44.25,1015.1166666666667,0.0,0.13,28.816666666666666,132.85,1.7666666666666668,5835.5,-102.0,-0.3333333333333333,1.0,2025-06-06T11:12:27.288428288Z
18991.2,100.0,44.2,1015.04,0.0,0.156,29.0,199.73999999999998,1.9200000000000004,5276.8,-102.8,-1.7399999999999998,1.0,2025-06-06T11:22:27.995587072Z
19154.4,100.0,43.9,1014.8799999999999,0.0,0.08600000000000001,29.379999999999995,101.97999999999999,1.56,6960.4,-100.8,1.3,1.0,2025-06-06T11:33:11.453714944Z
19093.5,100.0,42.75,1014.8499999999999,0.0,0.1366666666666667,29.633333333333336,118.51666666666667,1.0166666666666668,5841.166666666667,-102.5,0.49999999999999983,1.0,2025-06-06T11:42:27.262539776Z
18996.6,100.0,41.3,1014.7599999999999,0.0,0.16,30.0,193.92000000000002,1.4200000000000002,5282.4,-102.8,-1.1,1.0,2025-06-06T11:52:27.996842496Z
19159.8,100.0,41.1,1014.6800000000001,0.0,0.08600000000000001,30.160000000000004,147.92,1.18,6966.2,-101.4,0.9799999999999999,1.0,2025-06-06T12:03:11.338052352Z
19098.833333333332,100.0,41.5,1014.7166666666667,0.0,0.1366666666666667,30.233333333333334,117.61666666666666,1.2166666666666668,5846.833333333333,-102.5,-0.7000000000000005,1.0,2025-06-06T12:12:27.615157504Z
19002.0,100.0,41.0,1014.6,0.0,0.16,30.46,134.46,1.9,5288.0,-103.6,-0.5600000000000002,1.0,2025-06-06T12:22:27.976154624Z
19165.2,100.0,42.4,1014.4799999999999,0.0,0.08800000000000001,30.159999999999997,79.82000000000001,2.2600000000000002,6972.0,-101.0,1.06,1.0,2025-06-06T12:33:11.327912192Z
19104.166666666668,100.0,41.166666666666664,1014.5500000000002,0.0,0.14,30.466666666666665,132.96666666666667,1.9333333333333336,5852.5,-103.66666666666667,-0.3333333333333335,1.0,2025-06-06T12:42:27.256515328Z
19007.4,100.0,42.4,1014.5,0.0,0.164,30.619999999999997,115.64000000000001,1.28,5293.6,-102.4,-0.9200000000000003,1.0,2025-06-06T12:52:27.967008768Z
19170.6,100.0,40.1,1014.3799999999999,0.0,0.08800000000000001,31.080000000000002,133.76,1.44,6977.8,-100.0,0.9200000000000002,1.0,2025-06-06T13:03:11.302525440Z
19109.5,100.0,41.333333333333336,1014.4166666666666,0.0,0.14,30.53333333333333,129.28333333333333,1.25,5858.166666666667,-103.0,-0.7666666666666669,1.0,2025-06-06T13:12:27.242323200Z
19012.8,100.0,41.4,1014.2800000000001,0.0,0.16799999999999998,30.1,131.64000000000001,1.7400000000000002,5299.2,-101.6,-2.96,1.0,2025-06-06T13:22:27.940485888Z
19176.0,100.0,42.3,1014.2,0.0,0.09,30.1,108.3,1.0,6983.6,-101.4,0.5,1.0,2025-06-06T13:33:11.306807808Z
19114.833333333332,100.0,41.25,1014.2333333333332,0.0,0.14333333333333334,30.133333333333336,127.76666666666665,1.6833333333333336,5863.833333333333,-101.0,-1.45,1.0,2025-06-06T13:42:27.684995328Z
19116.833333333332,100.0,42.666666666666664,1014.2166666666667,0.0,0.14333333333333334,30.150000000000002,98.81666666666666,1.2833333333333334,5865.833333333333,-101.83333333333333,-0.4833333333333332,1.0,2025-06-06T13:53:07.205876736Z
19181.8,100.0,41.6,1014.0799999999999,0.0,0.09,30.660000000000004,111.83999999999999,2.0,6989.4,-101.8,0.9400000000000001,1.0,2025-06-06T14:03:11.281890048Z
19120.5,100.0,41.166666666666664,1014.0833333333335,0.0,0.14333333333333334,30.933333333333334,139.41666666666669,1.9166666666666663,5869.5,-104.33333333333333,-1.2833333333333334,1.0,2025-06-06T14:12:27.201817344Z
19023.8,100.0,41.2,1014.04,0.0,0.16799999999999998,30.919999999999998,139.38000000000002,1.2399999999999998,5310.4,-107.0,-1.86,1.0,2025-06-06T14:22:28.350025984Z
19187.2,100.0,41.2,1013.9399999999999,0.0,0.09,30.740000000000002,163.14000000000001,1.06,6995.2,-104.6,-2.7,1.0,2025-06-06T14:33:11.279715328Z
19125.833333333332,100.0,40.916666666666664,1013.9833333333332,0.0,0.14333333333333334,30.516666666666666,146.16666666666669,1.6666666666666667,5875.166666666667,-107.5,-3.4,1.0,2025-06-06T14:42:27.201412352Z
19127.833333333332,100.0,41.916666666666664,1013.9166666666666,0.0,0.14333333333333334,30.36666666666667,153.46666666666667,1.9833333333333334,5877.166666666667,-106.16666666666667,-2.9333333333333336,1.0,2025-06-06T14:53:07.543591680Z
19193.0,100.0,42.6,1013.72,0.0,0.09,30.340000000000003,156.76,2.08,7001.0,-103.6,-1.1800000000000002,1.0,2025-06-06T15:03:11.273797888Z
19131.5,100.0,41.583333333333336,1013.7666666666668,0.0,0.145,30.766666666666666,142.5666666666667,2.0833333333333335,5880.833333333333,-106.66666666666667,-3.25,1.0,2025-06-06T15:12:27.189299456Z
19034.8,100.0,40.2,1013.68,0.0,0.172,31.279999999999994,132.49999999999997,2.8,5321.6,-107.2,-3.1399999999999997,1.0,2025-06-06T15:22:27.884120832Z
19198.4,100.0,40.4,1013.5600000000001,0.0,0.092,31.04,178.44,2.8600000000000003,7006.8,-106.4,-0.22000000000000014,1.0,2025-06-06T15:33:11.436828672Z
19136.833333333332,100.0,40.25,1013.5833333333334,0.0,0.14666666666666667,30.96666666666667,159.5,3.1500000000000004,5886.5,-105.66666666666667,-2.8666666666666667,1.0,2025-06-06T15:42:27.545837568Z
19138.833333333332,100.0,42.666666666666664,1013.6,0.0,0.14666666666666667,30.150000000000002,166.56666666666666,1.7333333333333332,5888.5,-104.83333333333333,-1.05,1.0,2025-06-06T15:53:07.475502336Z
19096.75,100.0,43.0,1013.4,0.0,0.11,29.7,159.7,2.225,6591.5,-107.0,-2.8,1.0,2025-06-06T16:02:23.376006144Z
19142.166666666668,100.0,44.5,1013.4499999999999,0.0,0.14666666666666667,29.450000000000003,170.66666666666666,1.7833333333333332,5892.166666666667,-107.66666666666667,-1.6166666666666665,1.0,2025-06-06T16:12:27.472377856Z
19144.166666666668,100.0,43.166666666666664,1013.3833333333332,0.0,0.14666666666666667,29.75,174.45000000000002,2.183333333333333,5894.166666666667,-104.66666666666667,-3.75,1.0,2025-06-06T16:23:07.472278528Z
19102.25,100.0,43.25,1013.275,0.0,0.11,29.725,159.85,2.225,6597.25,-104.0,-7.775,1.0,2025-06-06T16:32:23.351818240Z
19147.5,100.0,44.916666666666664,1013.4,0.0,0.14666666666666667,29.266666666666666,156.45000000000002,2.033333333333333,5897.833333333333,-107.0,-5.283333333333333,1.0,2025-06-06T16:42:27.461020416Z
19051.0,100.0,49.6,1013.4,0.0,0.172,28.46,136.1,2.34,5338.4,-107.0,-3.0799999999999996,1.0,2025-06-06T16:52:28.229542656Z
19214.6,100.0,48.2,1013.3400000000001,0.0,0.092,28.48,150.4,2.2800000000000002,7024.2,-104.6,0.45999999999999996,1.0,2025-06-06T17:03:11.389347840Z
19216.4,100.0,49.0,1013.4,0.0,0.092,28.28,163.51999999999998,1.8199999999999998,7026.2,-104.0,-0.19999999999999982,1.0,2025-06-06T17:13:35.382693376Z
19056.0,100.0,50.5,1013.36,0.0,0.172,28.160000000000004,129.0,2.2399999999999998,5344.0,-106.2,-6.36,1.0,2025-06-06T17:22:28.214586880Z
19219.8,100.0,48.8,1013.24,0.0,0.092,28.160000000000004,126.2,2.5,7030.0,-106.8,-0.09999999999999995,1.0,2025-06-06T17:33:11.463310592Z
19157.833333333332,100.0,49.75,1013.3333333333334,0.0,0.14666666666666667,27.799999999999997,125.10000000000002,2.483333333333333,5909.166666666667,-105.33333333333333,-1.9000000000000004,1.0,2025-06-06T17:42:27.426406400Z
19159.833333333332,100.0,50.0,1013.3333333333334,0.0,0.14666666666666667,27.533333333333335,119.73333333333335,1.95,5911.166666666667,-105.83333333333333,-5.166666666666667,1.0,2025-06-06T17:53:07.783118848Z
19225.6,100.0,49.8,1013.26,0.0,0.092,27.119999999999997,131.7,1.9200000000000004,7035.8,-106.2,-2.5,1.0,2025-06-06T18:03:11.358753280Z
19163.5,100.0,52.583333333333336,1013.3833333333332,0.0,0.15,26.5,118.96666666666668,2.433333333333333,5914.833333333333,-106.16666666666667,-2.716666666666667,1.0,2025-06-06T18:12:27.395649792Z
19067.0,100.0,53.4,1013.36,0.0,0.18,26.179999999999996,105.1,1.94,5355.2,-107.2,-2.96,1.0,2025-06-06T18:22:28.155893504Z
19231.0,100.0,53.7,1013.2800000000001,0.0,0.096,25.76,155.6,1.5399999999999998,7041.6,-104.6,-1.0399999999999998,1.0,2025-06-06T18:33:11.342193664Z
19232.8,100.0,55.3,1013.32,0.0,0.096,25.22,140.04000000000002,1.6199999999999999,7043.4,-105.4,-2.9,1.0,2025-06-06T18:42:23.316518144Z
19072.0,100.0,58.3,1013.4200000000001,0.0,0.092,24.72,105.72,1.9400000000000002,5360.8,-106.6,-3.54,1.0,2025-06-06T18:52:28.132549120Z
19236.2,100.0,58.8,1013.46,0.0,0.008,24.259999999999998,102.78,1.3199999999999998,7047.4,-103.8,0.14000000000000004,1.0,2025-06-06T19:03:11.305025536Z
19173.833333333332,100.0,60.833333333333336,1013.5333333333333,0.0,0.006666666666666667,23.8,92.31666666666666,1.6833333333333333,5926.166666666667,-106.5,-4.05,1.0,2025-06-06T19:12:27.345806336Z
19077.4,100.0,61.1,1013.6,0.0,0.004,23.660000000000004,102.12,1.3,5366.4,-107.0,-5.74,1.0,2025-06-06T19:22:28.107417600Z
19241.6,100.0,59.8,1013.7,0.0,0.008,23.659999999999997,84.43999999999998,1.2600000000000002,7053.2,-104.4,-0.2,1.0,2025-06-06T19:33:11.286472704Z
19080.8,100.0,61.7,1013.7800000000001,0.0,0.004,23.24,85.69999999999999,1.3199999999999998,5370.0,-105.0,-2.5,1.0,2025-06-06T19:41:40.094930432Z
19180.833333333332,100.0,60.0,1013.9166666666666,0.0,0.006666666666666667,23.116666666666664,107.96666666666668,1.3666666666666665,5933.833333333333,-108.16666666666667,-7.3,1.0,2025-06-06T19:53:07.324029696Z
19343.5,100.0,59.0,1013.85,0.0,0.01,22.725,98.95,0.875,8744.0,-102.25,-4.1000000000000005,1.0,2025-06-06T20:03:47.192632832Z
19085.8,100.0,61.5,1014.0199999999999,0.0,0.004,22.78,106.72,1.02,5375.6,-106.6,-3.8600000000000003,1.0,2025-06-06T20:11:40.057065984Z
19185.833333333332,100.0,62.166666666666664,1014.0833333333334,0.0,0.006666666666666667,22.349999999999998,127.39999999999999,1.0333333333333334,5939.5,-105.33333333333333,-2.216666666666667,1.0,2025-06-06T20:23:07.311502592Z
19252.2,100.0,61.1,1014.04,0.0,0.008,22.1,112.16,1.2,7064.8,-105.2,-3.5200000000000005,1.0,2025-06-06T20:33:11.684337664Z
19254.0,100.0,60.3,1014.0,0.0,0.008,22.06,116.05999999999999,1.2,7066.6,-106.0,-2.96,1.0,2025-06-06T20:42:23.226628096Z
19191.166666666668,100.0,63.833333333333336,1014.0833333333334,0.0,0.006666666666666667,21.566666666666666,110.18333333333332,0.7166666666666667,5945.166666666667,-105.66666666666667,-0.06666666666666676,1.0,2025-06-06T20:53:07.272234240Z
19257.8,100.0,64.3,1014.04,0.0,0.008,21.119999999999997,107.67999999999999,0.6399999999999999,7070.6,-105.0,0.4,1.0,2025-06-06T21:03:11.221795584Z
19194.833333333332,100.0,65.58333333333333,1014.1166666666667,0.0,0.006666666666666667,20.816666666666666,131.6,0.6166666666666666,5948.833333333333,-105.66666666666667,-3.1666666666666665,1.0,2025-06-06T21:12:27.251517440Z
19230.2,100.0,68.9,1014.24,0.0,0.008,20.3,127.94000000000001,0.78,5389.0,-105.8,-2.1,1.0,2025-06-06T21:22:30.540786176Z
19263.2,100.0,68.1,1014.0200000000001,0.0,0.008,20.26,188.74,0.8,7076.4,-104.4,0.9200000000000002,1.0,2025-06-06T21:33:11.212627712Z
19200.166666666668,100.0,69.58333333333333,1014.0333333333333,0.0,0.006666666666666667,19.883333333333336,150.78333333333333,0.9,5954.5,-104.16666666666667,-1.4166666666666667,1.0,2025-06-06T21:42:27.246480640Z
19202.166666666668,100.0,70.75,1014.0666666666667,0.0,0.006666666666666667,19.633333333333336,134.95000000000002,0.6666666666666666,5956.5,-106.0,-1.8333333333333333,1.0,2025-06-06T21:53:07.222117632Z
19269.0,100.0,69.5,1014.04,0.0,0.008,19.52,154.74,0.78,7082.2,-106.0,-2.4,1.0,2025-06-06T22:03:11.164356608Z
19205.833333333332,100.0,68.83333333333333,1014.0833333333334,0.0,0.006666666666666667,19.533333333333335,155.8166666666667,0.5666666666666667,5960.166666666667,-107.0,-0.25000000000000006,1.0,2025-06-06T22:12:27.192810752Z
19165.75,100.0,69.375,1013.9749999999999,0.0,0.005,19.724999999999998,132.525,0.525,6664.25,-105.25,-1.35,1.0,2025-06-06T22:21:53.219805696Z
19274.2,100.0,69.6,1014.1199999999999,0.0,0.01,19.16,172.24,0.66,7088.0,-103.8,1.0,1.0,2025-06-06T22:33:11.147216384Z
19112.2,98.8,68.5,1014.1199999999999,0.0,0.006,19.4,168.5,0.9600000000000002,5403.6,-107.4,-4.28,1.0,2025-06-06T22:41:40.052026880Z
19245.6,99.2,69.3,1014.26,0.0,0.012,19.240000000000002,179.52,0.58,5405.8,-104.2,-3.54,1.0,2025-06-06T22:52:30.454208256Z
19279.2,98.6,70.6,1014.14,0.0,0.012,19.020000000000003,169.96,0.3,7093.8,-105.4,-8.18,1.0,2025-06-06T23:03:11.136708096Z
19215.833333333332,98.33333333333333,72.33333333333333,1014.1666666666666,0.0,0.01,18.716666666666665,168.29999999999998,0.2833333333333333,5971.5,-105.33333333333333,0.4666666666666668,1.0,2025-06-06T23:12:27.148899328Z
19119.2,98.4,72.5,1014.18,0.0,0.006,18.46,119.73999999999998,0.47999999999999987,5411.2,-108.2,-2.6399999999999997,1.0,2025-06-06T23:22:27.889593088Z
19284.6,98.2,73.4,1014.14,0.0,0.012,18.22,212.14000000000001,0.58,7099.6,-104.8,0.2799999999999999,1.0,2025-06-06T23:33:11.198789120Z
19221.166666666668,97.83333333333333,75.0,1014.1666666666666,0.0,0.01,17.950000000000003,138.75,0.3333333333333333,5977.166666666667,-105.16666666666667,-2.283333333333333,1.0,2025-06-06T23:42:27.494512640Z
19223.166666666668,97.33333333333333,73.83333333333333,1014.0833333333334,0.0,0.01,17.9,124.06666666666666,0.5833333333333334,5979.166666666667,-105.66666666666667,-0.8000000000000002,1.0,2025-06-06T23:53:07.141134080Z
19348.0,97.25,73.125,1014.1,0.0,0.015,17.875,91.625,0.5,6683.75,-105.0,-1.125,1.0,2025-06-07T00:02:26.188222464Z
19226.5,97.0,71.08333333333333,1013.9166666666666,0.0,0.01,18.28333333333333,191.26666666666668,0.4000000000000001,5982.833333333333,-105.66666666666667,-1.95,1.0,2025-06-07T00:12:27.091220224Z
19228.5,97.0,70.66666666666667,1013.8166666666666,0.0,0.01,18.383333333333333,133.04999999999998,0.35000000000000003,5984.833333333333,-104.83333333333333,-0.45,1.0,2025-06-07T00:23:07.084658432Z
19295.8,97.0,71.1,1013.8,0.0,0.012,18.259999999999998,179.4,0.52,7111.2,-104.4,-0.39999999999999997,1.0,2025-06-07T00:33:11.040822528Z
19232.166666666668,96.5,74.16666666666667,1013.8000000000001,0.0,0.01,17.916666666666668,196.03333333333333,0.4666666666666666,5988.5,-106.66666666666667,-1.8833333333333335,1.0,2025-06-07T00:42:27.071204352Z
19234.166666666668,96.0,76.66666666666667,1013.75,0.0,0.01,17.633333333333333,254.7833333333333,0.5166666666666666,5990.5,-103.83333333333333,-2.233333333333334,1.0,2025-06-07T00:53:07.066501376Z
19301.6,96.0,79.6,1013.7199999999999,0.0,0.012,17.02,141.64000000000001,0.6399999999999999,7117.0,-102.8,-0.45999999999999996,1.0,2025-06-07T01:03:11.011207680Z
19303.4,95.2,78.6,1013.72,0.0,0.012,16.860000000000003,194.6,0.5599999999999999,7119.0,-102.4,0.019999999999999928,1.0,2025-06-07T01:13:35.005036544Z
19239.5,95.33333333333333,79.25,1013.8000000000001,0.0,0.01,16.783333333333335,245.38333333333335,0.5333333333333333,5996.166666666667,-106.66666666666667,0.03333333333333336,1.0,2025-06-07T01:23:07.032591616Z
19307.2,95.2,80.4,1013.7,0.0,0.012,16.639999999999997,197.51999999999998,0.45999999999999996,7122.8,-105.2,0.6599999999999999,1.0,2025-06-07T01:33:10.988271104Z
19243.166666666668,95.0,79.25,1013.6333333333333,0.0,0.01,16.583333333333332,195.96666666666667,0.6166666666666666,5999.833333333333,-106.33333333333333,-1.4833333333333332,1.0,2025-06-07T01:42:27.022886144Z
19245.166666666668,94.33333333333333,79.25,1013.5166666666665,0.0,0.01,16.616666666666667,225.9333333333333,0.65,6001.833333333333,-105.16666666666667,0.2333333333333334,1.0,2025-06-07T01:53:07.006133504Z
19370.5,94.5,82.375,1013.475,0.0,0.015,16.075,291.45000000000005,0.8499999999999999,6707.0,-105.5,-1.0,1.0,2025-06-07T02:03:41.085048320Z
19248.5,94.0,81.66666666666667,1013.4499999999999,0.0,0.01,16.150000000000002,282.96666666666664,0.6833333333333332,6005.5,-106.33333333333333,-1.4333333333333336,1.0,2025-06-07T02:12:27.026142976Z
19250.5,94.0,83.25,1013.4,0.0,0.013333333333333334,16.0,264.8833333333333,0.5166666666666666,6007.5,-104.33333333333333,-1.9000000000000004,1.0,2025-06-07T02:23:06.984519424Z
19318.4,94.0,84.9,1013.4,0.0,0.02,15.7,177.4,0.7,7134.4,-102.0,-0.4599999999999998,1.0,2025-06-07T02:33:10.945571328Z
19254.166666666668,94.0,84.75,1013.3833333333332,0.0,0.016666666666666666,15.666666666666666,161.56666666666663,0.7833333333333333,6011.166666666667,-106.83333333333333,-2.85,1.0,2025-06-07T02:42:26.974301440Z
19289.0,93.4,85.2,1013.4,0.0,0.028000000000000004,15.559999999999999,148.22,0.62,5450.8,-107.0,-3.06,1.0,2025-06-07T02:53:30.267836416Z
19533.0,93.66666666666667,84.83333333333333,1013.4,0.0,0.04666666666666667,15.433333333333332,228.96666666666667,0.7000000000000001,8828.0,-103.66666666666667,0.2666666666666666,1.0,2025-06-07T03:02:59.018045440Z
19258.833333333332,93.0,83.66666666666667,1013.4,0.0,0.02666666666666667,15.316666666666668,118.09999999999998,0.7833333333333333,6016.833333333333,-104.83333333333333,-1.433333333333333,1.0,2025-06-07T03:12:26.964676864Z
19260.833333333332,93.0,83.25,1013.3166666666666,0.0,0.03,15.5,141.78333333333333,0.7333333333333333,6018.833333333333,-106.33333333333333,-1.0333333333333332,1.0,2025-06-07T03:23:06.952908800Z
19329.0,93.0,83.0,1013.3399999999999,0.0,0.033999999999999996,15.320000000000002,169.24,0.5199999999999999,7146.0,-104.2,-0.2999999999999998,1.0,2025-06-07T03:33:10.901516544Z
19264.5,93.0,83.41666666666667,1013.3833333333332,0.0,0.03,15.300000000000002,198.9666666666667,0.75,6022.5,-104.66666666666667,-0.9500000000000001,1.0,2025-06-07T03:42:26.918650880Z
19266.5,92.33333333333333,83.83333333333333,1013.4833333333335,0.0,0.03,15.4,154.23333333333332,0.7833333333333333,6024.5,-104.66666666666667,-3.6666666666666665,1.0,2025-06-07T03:53:06.911599616Z
19334.8,92.0,82.3,1013.4200000000001,0.0,0.033999999999999996,15.679999999999998,180.9,0.7799999999999999,7151.8,-107.0,-0.74,1.0,2025-06-07T04:03:10.880114688Z
19270.166666666668,91.83333333333333,82.75,1013.4666666666667,0.0,0.03,15.866666666666669,159.4,0.5166666666666666,6028.166666666667,-105.33333333333333,-3.15,1.0,2025-06-07T04:12:26.893025024Z
19272.166666666668,91.66666666666667,80.0,1013.3833333333332,0.0,0.03,16.65,165.28333333333333,0.3499999999999999,6030.166666666667,-104.66666666666667,-1.0999999999999999,1.0,2025-06-07T04:23:06.879478016Z
19340.6,91.6,76.0,1013.4200000000001,0.0,0.033999999999999996,17.619999999999997,241.76,0.43999999999999995,7157.6,-104.4,-1.64,1.0,2025-06-07T04:33:11.280584448Z
19275.833333333332,91.66666666666667,75.58333333333333,1013.4833333333335,0.0,0.03,18.25,162.96666666666667,0.7333333333333333,6033.833333333333,-105.66666666666667,-3.75,1.0,2025-06-07T04:42:26.877413120Z
19277.833333333332,91.66666666666667,73.16666666666667,1013.4499999999999,0.0,0.03,19.083333333333332,152.33333333333331,0.7666666666666666,6035.833333333333,-102.33333333333333,-0.7833333333333333,1.0,2025-06-07T04:53:07.220784896Z
19346.4,92.0,71.0,1013.4,0.0,0.033999999999999996,20.0,208.92,0.72,7163.4,-99.0,0.8400000000000001,1.0,2025-06-07T05:03:10.821107200Z
19281.5,92.0,66.83333333333333,1013.5166666666668,0.0,0.03,21.0,176.61666666666667,0.7333333333333333,6039.5,-101.5,-0.41666666666666635,1.0,2025-06-07T05:12:26.864955648Z
19283.5,92.33333333333333,63.416666666666664,1013.4499999999999,0.0,0.045000000000000005,21.933333333333334,179.3166666666667,0.8333333333333334,6041.5,-102.66666666666667,0.18333333333333343,1.0,2025-06-07T05:23:06.831422464Z
19352.2,92.4,62.6,1013.4200000000001,0.0,0.066,22.66,237.38000000000002,1.1199999999999999,7169.2,-99.8,0.45999999999999996,1.0,2025-06-07T05:33:10.812929024Z
19287.166666666668,92.33333333333333,61.75,1013.4333333333334,0.0,0.065,23.0,245.21666666666667,1.0166666666666666,6045.166666666667,-101.5,-0.5333333333333333,1.0,2025-06-07T05:42:26.817682688Z
19289.166666666668,92.33333333333333,60.083333333333336,1013.4,0.0,0.07,23.5,259.1333333333334,1.1333333333333333,6047.166666666667,-102.0,-0.04999999999999997,1.0,2025-06-07T05:53:06.807486720Z
19358.0,94.0,59.7,1013.4,0.0,0.088,23.98,262.3,1.3,7175.0,-101.4,1.2799999999999998,1.0,2025-06-07T06:03:10.798974976Z
19292.833333333332,94.33333333333333,57.833333333333336,1013.4499999999999,0.0,0.08,24.08333333333333,238.04999999999998,1.6499999999999997,6050.833333333333,-101.66666666666667,-0.8500000000000002,1.0,2025-06-07T06:12:26.800093184Z
19294.833333333332,95.0,56.583333333333336,1013.3499999999999,0.0,0.08,24.366666666666664,243.51666666666668,1.7166666666666668,6052.833333333333,-100.0,-3.9499999999999997,1.0,2025-06-07T06:23:06.791671040Z
19363.8,94.8,55.8,1013.3,0.0,0.092,24.8,246.82000000000002,1.58,7180.8,-100.2,1.26,1.0,2025-06-07T06:33:10.762748416Z
19298.5,95.0,53.666666666666664,1013.35,0.0,0.08,25.0,235.56666666666663,2.1,6056.5,-102.16666666666667,-1.3333333333333333,1.0,2025-06-07T06:42:26.794497792Z
19300.5,95.0,53.0,1013.35,0.0,0.08,25.45,237.63333333333335,1.616666666666667,6058.5,-102.66666666666667,-1.433333333333333,1.0,2025-06-07T06:53:06.764450048Z
19369.6,97.2,50.1,1013.1600000000001,0.0,0.092,25.939999999999998,141.01999999999998,0.9,7186.6,-100.8,-1.3000000000000003,1.0,2025-06-07T07:03:10.757175808Z
19304.166666666668,97.66666666666667,49.0,1013.1166666666667,0.0,0.08,26.316666666666663,252.4666666666667,1.2333333333333336,6062.166666666667,-101.5,-1.6833333333333336,1.0,2025-06-07T07:12:26.751511552Z
19306.166666666668,98.5,48.583333333333336,1013.1,0.0,0.08,26.650000000000002,268.74999999999994,1.116666666666667,6064.166666666667,-102.66666666666667,-0.5833333333333334,1.0,2025-06-07T07:23:06.752677888Z
19375.4,99.2,45.3,1012.9799999999999,0.0,0.092,27.24,224.85999999999999,1.2,7192.4,-101.0,-1.36,1.0,2025-06-07T07:33:10.735252480Z
19342.2,99.6,46.9,1013.1600000000001,0.0,0.096,27.48,268.96000000000004,1.0999999999999999,5504.8,-102.0,-4.04,1.0,2025-06-07T07:42:42.049358848Z
19311.5,99.33333333333333,45.166666666666664,1012.9666666666666,0.0,0.08,27.833333333333332,232.05000000000004,1.0999999999999999,6069.833333333333,-101.83333333333333,-1.2,1.0,2025-06-07T07:53:06.751167488Z
19380.8,99.6,44.8,1012.8,0.0,0.092,28.159999999999997,227.1,1.18,7198.2,-101.4,2.3,1.0,2025-06-07T08:03:10.718452736Z
19315.166666666668,100.0,45.666666666666664,1012.7333333333332,0.0,0.08,28.533333333333335,199.08333333333334,0.8999999999999999,6073.5,-102.33333333333333,-1.3666666666666671,1.0,2025-06-07T08:12:26.714289408Z
19317.166666666668,100.0,43.833333333333336,1012.7166666666666,0.0,0.08,28.966666666666665,181.38333333333333,1.1833333333333333,6075.5,-102.5,-0.2666666666666668,1.0,2025-06-07T08:23:06.719980288Z
19386.6,100.0,43.9,1012.5400000000002,0.0,0.10400000000000001,29.080000000000002,145.86,1.2799999999999998,7204.0,-100.2,1.86,1.0,2025-06-07T08:33:10.690487040Z
19320.833333333332,100.0,43.833333333333336,1012.6,0.0,0.09000000000000001,29.3,154.95000000000002,1.3499999999999999,6079.166666666667,-102.33333333333333,-1.2500000000000002,1.0,2025-06-07T08:42:26.715369728Z
19322.833333333332,100.0,45.0,1012.4666666666666,0.0,0.09000000000000001,29.349999999999998,192.16666666666666,1.6833333333333333,6081.166666666667,-101.66666666666667,-2.8333333333333335,1.0,2025-06-07T08:53:06.703167488Z
19392.4,100.0,44.3,1012.3,0.0,0.10400000000000001,29.9,116.85999999999999,1.38,7209.8,-101.2,0.5,1.0,2025-06-07T09:03:10.699544320Z
19326.5,100.0,43.25,1012.4166666666666,0.0,0.09000000000000001,29.78333333333333,187.58333333333334,1.5166666666666666,6084.833333333333,-100.83333333333333,-2.283333333333333,1.0,2025-06-07T09:12:27.058189568Z
19396.2,100.0,42.4,1012.3,0.0,0.10400000000000001,29.98,219.73999999999995,2.12,7213.8,-101.4,1.06,1.0,2025-06-07T09:23:58.664637184Z
19455.25,100.0,43.875,1012.4,0.0,0.13,30.075,105.9,1.6749999999999998,6793.0,-102.5,0.1499999999999999,1.0,2025-06-07T09:32:25.812946432Z
19331.5,100.0,40.916666666666664,1012.3166666666667,0.0,0.09000000000000001,30.233333333333334,234.94999999999996,1.9666666666666666,6090.5,-101.66666666666667,-2.1166666666666667,1.0,2025-06-07T09:42:26.686361856Z
19333.5,100.0,39.833333333333336,1012.2833333333333,0.0,0.09000000000000001,30.433333333333337,211.41666666666666,2.283333333333333,6092.5,-102.5,-1.4666666666666668,1.0,2025-06-07T09:53:06.680850432Z
19403.4,100.0,40.1,1012.1600000000001,0.0,0.10400000000000001,30.619999999999997,198.3,1.64,7221.4,-101.8,1.44,1.0,2025-06-07T10:03:10.660623616Z
19337.166666666668,100.0,39.833333333333336,1012.1666666666665,0.0,0.09000000000000001,30.766666666666666,123.26666666666667,1.9666666666666666,6096.166666666667,-102.5,-1.066666666666667,1.0,2025-06-07T10:12:26.666682368Z
19238.6,100.0,39.5,1011.96,0.0,0.057999999999999996,30.939999999999998,197.2,2.12,5534.4,-102.4,-1.6200000000000003,1.0,2025-06-07T10:22:27.365517568Z
19408.8,100.0,38.6,1011.8399999999999,0.0,0.004,31.22,152.71999999999997,2.9400000000000004,7227.2,-100.8,1.5,1.0,2025-06-07T10:33:10.646956544Z
19342.5,100.0,39.75,1011.9,0.0,0.006666666666666667,31.366666666666664,145.26666666666665,0.85,6101.833333333333,-103.66666666666667,0.5666666666666665,1.0,2025-06-07T10:42:26.655518464Z
19344.5,100.0,37.75,1011.75,0.0,0.006666666666666667,31.46666666666667,155.58333333333334,1.8333333333333333,6103.833333333333,-102.16666666666667,-0.2333333333333334,1.0,2025-06-07T10:53:06.681785088Z
19414.6,100.0,39.4,1011.5,0.0,0.004,31.660000000000004,230.61999999999998,1.5000000000000002,7233.0,-99.0,-0.6600000000000001,1.0,2025-06-07T11:03:10.660290816Z
19348.166666666668,100.0,37.416666666666664,1011.5333333333333,0.0,0.006666666666666667,31.883333333333336,125.2,1.8333333333333333,6107.5,-101.0,-1.8,1.0,2025-06-07T11:12:26.654395136Z
19249.6,100.0,37.2,1011.46,0.0,0.008,31.82,115.98000000000002,1.1999999999999997,5545.6,-102.4,-2.5,1.0,2025-06-07T11:22:27.331107072Z
19420.0,100.0,36.9,1011.1200000000001,0.0,0.004,32.339999999999996,100.96000000000001,2.64,7238.8,-100.4,-0.4400000000000004,1.0,2025-06-07T11:33:10.641694720Z
19353.5,100.0,35.666666666666664,1011.1333333333333,0.0,0.006666666666666667,32.333333333333336,131.68333333333334,1.0499999999999998,6113.166666666667,-101.66666666666667,-1.2833333333333332,1.0,2025-06-07T11:42:26.636109568Z
19355.5,100.0,35.75,1010.9499999999999,0.0,0.006666666666666667,32.65,131.21666666666667,3.266666666666666,6115.166666666667,-102.5,-0.6499999999999999,1.0,2025-06-07T11:53:06.640141568Z
19425.8,100.0,36.0,1010.76,0.0,0.004,32.580000000000005,151.71999999999997,2.7,7244.6,-101.6,1.1800000000000002,1.0,2025-06-07T12:03:10.627536384Z
19359.166666666668,100.0,35.166666666666664,1010.6999999999999,0.0,0.006666666666666667,32.6,155.16666666666669,2.8666666666666667,6118.833333333333,-102.83333333333333,-1.2166666666666668,1.0,2025-06-07T12:12:26.640126208Z
19361.166666666668,100.0,35.25,1010.5833333333334,0.0,0.006666666666666667,32.56666666666666,145.73333333333335,3.1333333333333333,6120.833333333333,-102.33333333333333,0.3499999999999999,1.0,2025-06-07T12:23:06.636823296Z
19431.6,100.0,33.1,1010.4199999999998,0.0,0.004,32.739999999999995,174.32,3.78,7250.4,-97.8,-0.3999999999999998,1.0,2025-06-07T12:33:10.622651904Z
19364.833333333332,100.0,33.25,1010.3666666666667,0.0,0.006666666666666667,32.916666666666664,174.80000000000004,4.116666666666666,6124.5,-101.33333333333333,-2.65,1.0,2025-06-07T12:42:26.625527040Z
19366.833333333332,100.0,33.25,1010.2833333333334,0.0,0.006666666666666667,32.88333333333333,179.33333333333334,4.533333333333333,6126.5,-102.83333333333333,-0.3,1.0,2025-06-07T12:53:06.623768576Z
19437.4,100.0,33.5,1010.1,0.0,0.004,32.81999999999999,153.52,4.4399999999999995,7256.2,-99.8,0.2,1.0,2025-06-07T13:03:10.614200832Z
19370.5,100.0,32.916666666666664,1010.1,0.0,0.006666666666666667,32.833333333333336,157.63333333333333,5.1499999999999995,6130.166666666667,-102.0,-2.0,1.0,2025-06-07T13:12:26.613165312Z
19372.5,100.0,32.916666666666664,1010.0833333333334,0.0,0.006666666666666667,32.949999999999996,167.88333333333335,4.733333333333333,6132.166666666667,-103.33333333333333,-1.0666666666666667,1.0,2025-06-07T13:23:06.616049664Z
19443.2,100.0,32.2,1009.96,0.0,0.004,33.04,176.45999999999998,5.42,7262.0,-101.8,0.9799999999999999,1.0,2025-06-07T13:33:10.607241216Z
19376.166666666668,100.0,32.25,1010.0166666666668,0.0,0.006666666666666667,32.95,152.58333333333334,4.95,6135.833333333333,-102.83333333333333,-0.9166666666666666,1.0,2025-06-07T13:42:26.603815936Z
19378.166666666668,100.0,32.166666666666664,1010.0166666666668,0.0,0.006666666666666667,33.06666666666667,172.91666666666666,4.583333333333333,6137.833333333333,-102.0,-0.9666666666666668,1.0,2025-06-07T13:53:06.602736384Z
19449.0,100.0,32.6,1009.82,0.0,0.004,32.98,164.3,4.5200000000000005,7267.8,-101.8,0.9199999999999999,1.0,2025-06-07T14:03:10.608452352Z
19381.833333333332,100.0,33.0,1009.8333333333334,0.0,0.006666666666666667,32.916666666666664,168.96666666666667,4.616666666666666,6141.5,-102.33333333333333,-0.11666666666666654,1.0,2025-06-07T14:12:26.963953920Z
19383.833333333332,100.0,31.666666666666668,1009.7166666666667,0.0,0.006666666666666667,32.800000000000004,161.23333333333335,5.783333333333334,6143.5,-101.33333333333333,-2.8333333333333335,1.0,2025-06-07T14:23:06.586274560Z
19454.8,100.0,32.8,1009.6200000000001,0.0,0.004,32.8,175.77999999999997,5.2,7273.6,-100.6,1.0799999999999998,1.0,2025-06-07T14:33:10.588423936Z
19387.5,100.0,32.75,1009.6000000000003,0.0,0.006666666666666667,32.65,163.56666666666666,4.6499999999999995,6147.166666666667,-102.83333333333333,-0.5666666666666664,1.0,2025-06-07T14:42:26.600132864Z
19389.5,100.0,32.083333333333336,1009.5500000000001,0.0,0.006666666666666667,32.65,176.38333333333333,5.833333333333333,6149.166666666667,-103.0,-1.3333333333333333,1.0,2025-06-07T14:53:06.588214528Z
19517.25,100.0,33.125,1009.45,0.0,0.005,32.45,181.52499999999998,5.75,6856.5,-102.75,-0.4999999999999998,1.0,2025-06-07T15:03:40.720070144Z
19392.833333333332,100.0,33.833333333333336,1009.4333333333333,0.0,0.006666666666666667,32.26666666666667,171.66666666666666,4.516666666666667,6152.833333333333,-102.16666666666667,-1.2166666666666668,1.0,2025-06-07T15:12:26.586230016Z
19394.833333333332,100.0,33.416666666666664,1009.3833333333332,0.0,0.006666666666666667,32.21666666666666,182.1833333333333,4.783333333333333,6154.833333333333,-103.33333333333333,-1.2,1.0,2025-06-07T15:23:06.580793344Z
19466.0,100.0,33.6,1009.2199999999999,0.0,0.004,32.08,178.76,4.72,7285.2,-100.6,1.26,1.0,2025-06-07T15:33:10.572074752Z
19398.5,100.0,33.916666666666664,1009.2833333333334,0.0,0.006666666666666667,32.03333333333334,177.0666666666667,5.416666666666667,6158.5,-102.5,-1.3666666666666665,1.0,2025-06-07T15:42:26.565607168Z
19400.5,100.0,34.583333333333336,1009.2833333333334,0.0,0.006666666666666667,31.76666666666667,181.75,5.583333333333333,6160.5,-102.33333333333333,0.08333333333333319,1.0,2025-06-07T15:53:06.560187648Z
19471.8,100.0,35.9,1009.1199999999999,0.0,0.004,31.6,194.56000000000003,4.64,7291.0,-102.0,1.2,1.0,2025-06-07T16:03:10.563466496Z
19404.166666666668,100.0,36.666666666666664,1009.1333333333332,0.0,0.006666666666666667,31.41666666666667,184.63333333333333,5.866666666666667,6164.166666666667,-102.83333333333333,-0.6833333333333336,1.0,2025-06-07T16:12:26.553194496Z
19406.166666666668,100.0,37.166666666666664,1009.1166666666668,0.0,0.006666666666666667,31.36666666666667,174.66666666666666,4.183333333333334,6166.166666666667,-101.83333333333333,-1.1333333333333335,1.0,2025-06-07T16:23:06.543344640Z
19477.6,100.0,37.2,1008.9799999999999,0.0,0.004,31.24,190.42000000000002,4.5600000000000005,7296.8,-100.0,1.54,1.0,2025-06-07T16:33:10.551141888Z
19308.6,100.0,37.7,1009.0600000000001,0.0,0.008,31.160000000000004,176.62,4.2,5605.4,-103.6,-1.0000000000000002,1.0,2025-06-07T16:42:39.234571520Z
19411.5,100.0,38.5,1009.0833333333335,0.0,0.006666666666666667,30.833333333333332,184.75,4.833333333333333,6171.833333333333,-103.83333333333333,-0.7666666666666667,1.0,2025-06-07T16:53:06.537027584Z
19483.0,100.0,39.3,1009.04,0.0,0.004,30.52,188.33999999999997,4.36,7302.6,-101.4,1.06,1.0,2025-06-07T17:03:10.967891968Z
19415.166666666668,100.0,39.916666666666664,1009.1166666666667,0.0,0.006666666666666667,30.349999999999998,180.25,4.383333333333333,6175.5,-102.5,-0.5500000000000002,1.0,2025-06-07T17:12:26.522041600Z
19417.166666666668,100.0,40.333333333333336,1009.1500000000001,0.0,0.006666666666666667,30.05,183.8166666666667,3.433333333333333,6177.5,-102.83333333333333,-0.4166666666666667,1.0,2025-06-07T17:23:06.522363136Z
19488.8,100.0,41.3,1009.14,0.0,0.004,29.76,195.44,3.0199999999999996,7308.4,-100.6,0.5799999999999998,1.0,2025-06-07T17:33:10.979445504Z
19420.833333333332,100.0,40.416666666666664,1009.25,0.0,0.006666666666666667,29.466666666666665,184.35,3.5833333333333335,6181.166666666667,-103.0,-1.2666666666666668,1.0,2025-06-07T17:42:26.529791232Z
19422.833333333332,100.0,40.916666666666664,1009.2833333333333,0.0,0.006666666666666667,29.03333333333333,186.9,2.55,6183.166666666667,-102.16666666666667,-1.45,1.0,2025-06-07T17:53:06.500882688Z
19494.6,100.0,41.9,1009.24,0.0,0.004,28.560000000000002,195.3,2.9199999999999995,7314.2,-101.8,0.68,1.0,2025-06-07T18:03:10.505125376Z
19426.5,100.0,42.25,1009.3333333333334,0.0,0.006666666666666667,28.316666666666666,185.6833333333333,2.783333333333333,6186.833333333333,-102.5,-0.9166666666666666,1.0,2025-06-07T18:12:26.488737536Z
19428.5,100.0,42.916666666666664,1009.3333333333331,0.0,0.006666666666666667,27.849999999999998,183.53333333333333,2.7999999999999994,6188.833333333333,-103.33333333333333,-0.4666666666666666,1.0,2025-06-07T18:23:06.468339968Z
19500.4,100.0,44.4,1009.36,0.0,0.004,27.259999999999998,191.86,2.4400000000000004,7320.0,-100.2,1.7,1.0,2025-06-07T18:33:10.464404224Z
19432.166666666668,100.0,45.0,1009.3833333333332,0.0,0.006666666666666667,26.983333333333334,187.26666666666668,2.1166666666666667,6192.5,-103.16666666666667,-0.4166666666666665,1.0,2025-06-07T18:42:26.446104576Z
19434.166666666668,100.0,45.5,1009.4,0.0,0.0033333333333333335,26.55,185.13333333333333,2.5166666666666666,6194.5,-103.16666666666667,0.13333333333333344,1.0,2025-06-07T18:53:06.448431104Z
19506.2,100.0,46.1,1009.3399999999999,0.0,0.0,26.160000000000004,191.66,2.2199999999999998,7325.8,-101.2,0.4600000000000003,1.0,2025-06-07T19:03:10.459718144Z
19437.833333333332,100.0,46.583333333333336,1009.4833333333332,0.0,0.0,25.95,185.48333333333335,2.4166666666666665,6198.166666666667,-102.16666666666667,-1.1666666666666667,1.0,2025-06-07T19:12:26.433419520Z
19439.833333333332,100.0,46.916666666666664,1009.65,0.0,0.0,25.63333333333333,185.51666666666668,2.1666666666666665,6200.166666666667,-103.16666666666667,-1.3333333333333333,1.0,2025-06-07T19:23:06.422008064Z
19512.0,100.0,47.6,1009.6,0.0,0.0,25.319999999999997,194.11999999999998,1.8800000000000001,7331.6,-101.8,0.1200000000000001,1.0,2025-06-07T19:33:10.429757952Z
19443.5,100.0,47.833333333333336,1009.75,0.0,0.0,25.183333333333337,185.65,2.1166666666666667,6203.833333333333,-102.5,-0.38333333333333347,1.0,2025-06-07T19:42:26.410905856Z
19445.5,100.0,48.833333333333336,1009.8833333333333,0.0,0.0,24.88333333333333,185.70000000000002,1.9333333333333333,6205.833333333333,-102.0,-0.75,1.0,2025-06-07T19:53:06.396736256Z
19517.8,100.0,49.9,1009.9799999999999,0.0,0.0,24.66,207.6,1.5399999999999998,7337.4,-101.2,0.8400000000000001,1.0,2025-06-07T20:03:10.424252672Z
19449.166666666668,100.0,51.666666666666664,1010.15,0.0,0.0,24.200000000000003,214.64999999999998,1.3166666666666667,6209.5,-103.33333333333333,-0.2333333333333331,1.0,2025-06-07T20:12:26.386370304Z
19451.166666666668,100.0,53.583333333333336,1010.2999999999998,0.0,0.0,23.616666666666664,198.83333333333334,1.0833333333333333,6211.5,-102.33333333333333,-0.19999999999999987,1.0,2025-06-07T20:23:06.394345472Z
19523.6,100.0,55.5,1010.28,0.0,0.0,23.060000000000002,214.88000000000002,1.3000000000000003,7343.2,-99.6,0.44000000000000006,1.0,2025-06-07T20:33:10.384882176Z
19454.833333333332,100.0,57.666666666666664,1010.3666666666667,0.0,0.0,22.416666666666668,257.09999999999997,1.5333333333333334,6215.166666666667,-102.83333333333333,-0.633333333333333,1.0,2025-06-07T20:42:26.375465984Z
19456.833333333332,100.0,55.333333333333336,1010.3166666666666,0.0,0.0,22.53333333333333,230.46666666666667,1.2833333333333334,6217.166666666667,-102.66666666666667,-0.6499999999999999,1.0,2025-06-07T20:53:06.351688448Z
19529.4,100.0,56.6,1010.32,0.0,0.0,22.26,249.07999999999998,1.06,7349.0,-99.0,1.24,1.0,2025-06-07T21:03:10.370970880Z
19460.5,100.0,58.0,1010.4,0.0,0.0,21.950000000000003,237.7166666666667,0.8999999999999999,6220.833333333333,-102.33333333333333,-0.25,1.0,2025-06-07T21:12:26.339458304Z
19360.8,100.0,57.6,1010.4200000000001,0.0,0.0,22.0,192.56,1.02,5657.6,-102.8,-0.7199999999999998,1.0,2025-06-07T21:22:27.425634048Z
19534.8,100.0,61.1,1010.4800000000001,0.0,0.0,21.26,225.56000000000003,0.47999999999999987,7354.8,-100.2,0.4000000000000002,1.0,2025-06-07T21:33:10.357281280Z
19465.833333333332,100.0,63.75,1010.6166666666667,0.0,0.0,20.96666666666667,163.04999999999998,0.39999999999999997,6226.5,-102.5,0.3500000000000001,1.0,2025-06-07T21:42:26.341107456Z
19467.833333333332,100.0,62.833333333333336,1010.6500000000001,0.0,0.0,20.9,162.85,1.05,6228.5,-101.83333333333333,-0.65,1.0,2025-06-07T21:53:06.295136000Z
19540.6,100.0,63.8,1010.6600000000001,0.0,0.0,20.859999999999996,207.64000000000001,0.45999999999999996,7360.6,-101.4,1.56,1.0,2025-06-07T22:03:10.335664896Z
19471.5,100.0,62.833333333333336,1010.6666666666666,0.0,0.0,20.73333333333333,162.95,0.6333333333333333,6232.166666666667,-102.33333333333333,1.4802973661668753e-16,1.0,2025-06-07T22:12:26.276440064Z
19473.5,100.0,65.33333333333333,1010.6999999999999,0.0,0.0,20.416666666666668,128.1,0.5666666666666667,6234.166666666667,-102.33333333333333,-0.75,1.0,2025-06-07T22:23:06.289492224Z
19546.4,99.8,67.1,1010.6200000000001,0.0,0.0,20.139999999999997,196.78,0.44000000000000006,7366.4,-100.2,0.49999999999999983,1.0,2025-06-07T22:33:10.312564992Z
19477.166666666668,99.33333333333333,68.41666666666667,1010.6166666666667,0.0,0.0,19.766666666666666,152.04999999999998,0.6,6237.833333333333,-102.0,-1.2833333333333332,1.0,2025-06-07T22:42:26.271686400Z
19377.4,98.8,68.4,1010.54,0.0,0.0,19.66,190.59999999999997,0.34,5674.6,-102.8,-0.9999999999999998,1.0,2025-06-07T22:53:26.908951296Z
19551.8,99.0,68.9,1010.5200000000001,0.0,0.0,19.4,145.44000000000003,0.6,7372.2,-99.4,0.5599999999999999,1.0,2025-06-07T23:03:10.267514880Z
19482.5,98.33333333333333,70.75,1010.5833333333334,0.0,0.0,19.433333333333334,173.83333333333334,0.7000000000000001,6243.5,-101.5,-0.933333333333333,1.0,2025-06-07T23:12:26.257174272Z
19484.5,98.33333333333333,73.25,1010.6166666666667,0.0,0.0,19.2,131.96666666666667,0.6166666666666666,6245.5,-103.0,-0.6166666666666664,1.0,2025-06-07T23:23:06.229792512Z
19557.6,98.2,74.9,1010.5,0.0,0.0,18.959999999999997,190.61999999999998,0.54,7378.0,-101.0,1.04,1.0,2025-06-07T23:33:10.225374464Z
19488.166666666668,97.33333333333333,74.25,1010.5833333333335,0.0,0.0,19.25,182.08333333333334,0.5333333333333333,6249.166666666667,-101.66666666666667,-1.1166666666666665,1.0,2025-06-07T23:42:26.220762112Z
19490.166666666668,97.0,74.0,1010.5500000000001,0.0,0.0,19.5,189.70000000000002,0.7000000000000001,6251.166666666667,-101.33333333333333,-1.25,1.0,2025-06-07T23:53:06.202826496Z
19563.4,97.0,73.9,1010.4799999999999,0.0,0.0,19.560000000000002,168.95999999999998,0.7000000000000001,7383.8,-100.4,2.16,1.0,2025-06-08T00:03:10.203962624Z
19493.833333333332,96.66666666666667,73.5,1010.5333333333333,0.0,0.0,19.88333333333333,186.0,0.9666666666666668,6254.833333333333,-102.5,0.016666666666666607,1.0,2025-06-08T00:12:26.193054720Z
19567.2,96.2,73.6,1010.54,0.0,0.0,19.64,183.28000000000003,0.8399999999999999,7387.6,-101.2,0.3999999999999998,1.0,2025-06-08T00:22:46.212776704Z
19676.5,96.0,76.0,1010.4,0.0,0.0,19.05,187.17499999999998,0.47500000000000003,9086.0,-97.0,2.7,1.0,2025-06-08T00:33:46.237180160Z
19498.833333333332,96.0,76.5,1010.5500000000001,0.0,0.0,19.083333333333332,231.28333333333333,0.5499999999999999,6260.5,-102.66666666666667,-0.2333333333333337,1.0,2025-06-08T00:42:26.166799616Z
19500.833333333332,95.66666666666667,77.58333333333333,1010.5333333333334,0.0,0.0,18.983333333333334,258.36666666666673,0.5333333333333333,6262.5,-102.16666666666667,0.14999999999999977,1.0,2025-06-08T00:53:06.148885760Z
19682.5,95.5,78.625,1010.4499999999999,0.0,0.0,18.275,249.275,0.35000000000000003,9092.0,-96.5,2.525,1.0,2025-06-08T01:03:48.184215040Z
19504.166666666668,95.5,78.83333333333333,1010.4833333333332,0.0,0.0,18.45,145.28333333333333,0.5666666666666667,6266.166666666667,-101.83333333333333,-0.08333333333333348,1.0,2025-06-08T01:12:26.144724736Z
19506.166666666668,95.33333333333333,80.75,1010.4166666666666,0.0,0.0,18.36666666666667,136.16666666666666,0.48333333333333334,6268.166666666667,-101.83333333333333,0.6999999999999998,1.0,2025-06-08T01:23:06.481429760Z
19580.2,95.2,82.4,1010.36,0.0,0.0,18.16,222.38000000000002,0.4,7401.2,-99.8,1.6,1.0,2025-06-08T01:33:10.128737792Z
19509.833333333332,95.33333333333333,82.08333333333333,1010.4166666666666,0.0,0.0,18.150000000000002,226.63333333333333,0.6333333333333333,6271.833333333333,-100.16666666666667,-2.6333333333333333,1.0,2025-06-08T01:42:26.094626048Z
19511.833333333332,94.33333333333333,82.16666666666667,1010.3499999999999,0.0,0.0,18.0,126.21666666666665,0.7166666666666668,6273.833333333333,-101.33333333333333,-1.3166666666666667,1.0,2025-06-08T01:53:06.097158912Z
19586.0,94.4,83.1,1010.26,0.0,0.0,17.619999999999997,136.76,0.5599999999999999,7407.0,-100.8,1.4,1.0,2025-06-08T02:03:10.106454272Z
19515.5,94.33333333333333,82.66666666666667,1010.3666666666667,0.0,0.0,17.666666666666668,191.68333333333337,0.6666666666666666,6277.5,-102.33333333333333,-1.4333333333333336,1.0,2025-06-08T02:12:26.070322176Z
19517.5,94.0,84.08333333333333,1010.2999999999998,0.0,0.0,17.683333333333334,293.90000000000003,0.5166666666666667,6279.5,-102.33333333333333,-0.2333333333333334,1.0,2025-06-08T02:23:06.061410048Z
19591.8,94.0,84.0,1010.18,0.0,0.0,17.64,285.4,0.7400000000000001,7412.8,-99.6,0.7799999999999999,1.0,2025-06-08T02:33:10.091474432Z
19521.166666666668,94.0,82.75,1010.1999999999999,0.0,0.0,17.9,193.66666666666666,1.1666666666666667,6283.166666666667,-103.33333333333333,0.38333333333333347,1.0,2025-06-08T02:42:26.053297152Z
19523.166666666668,93.33333333333333,82.41666666666667,1010.1833333333334,0.0,0.0,18.333333333333332,132.91666666666666,1.05,6285.166666666667,-102.5,-0.4166666666666667,1.0,2025-06-08T02:53:06.067713280Z
19597.6,93.4,82.3,1010.1,0.0,0.0,18.4,187.35999999999999,0.9,7418.6,-100.4,0.9399999999999998,1.0,2025-06-08T03:03:10.059981568Z
19556.4,93.4,81.4,1010.26,0.0,0.0,19.020000000000003,170.48,0.76,5723.2,-103.0,-2.62,1.0,2025-06-08T03:12:41.349948928Z
19426.0,93.0,80.7,1010.22,0.0,0.0,18.72,199.04,0.72,5724.8,-103.2,-1.0799999999999996,1.0,2025-06-08T03:22:26.662644224Z
19602.6,93.0,80.9,1010.18,0.0,0.004,18.639999999999997,208.68,0.6599999999999999,7424.4,-101.0,0.17999999999999972,1.0,2025-06-08T03:33:10.038678016Z
19531.833333333332,93.0,81.16666666666667,1010.2333333333332,0.0,0.006666666666666667,18.633333333333333,186.33333333333334,0.9499999999999998,6294.5,-102.5,-1.8,1.0,2025-06-08T03:42:25.988045568Z
19533.833333333332,92.16666666666667,81.08333333333333,1010.2000000000002,0.0,0.006666666666666667,18.85,151.96666666666667,1.55,6296.5,-101.5,-0.5,1.0,2025-06-08T03:53:05.991374080Z
19608.4,92.0,76.2,1010.1,0.0,0.004,20.080000000000002,166.42,1.6199999999999999,7430.2,-101.0,1.42,1.0,2025-06-08T04:03:10.013100544Z
19537.5,92.0,75.75,1010.2333333333335,0.0,0.006666666666666667,20.23333333333333,178.63333333333335,0.9666666666666667,6300.166666666667,-102.33333333333333,-1.0666666666666664,1.0,2025-06-08T04:12:25.980632832Z
19539.5,91.66666666666667,76.16666666666667,1010.3000000000001,0.0,0.016666666666666666,20.299999999999997,168.46666666666667,0.8666666666666667,6302.166666666667,-101.0,-1.2166666666666668,1.0,2025-06-08T04:23:05.964530688Z
19614.2,91.6,75.1,1010.2,0.0,0.016,20.5,182.12,1.08,7436.0,-101.0,0.36,1.0,2025-06-08T04:33:10.004591360Z
19440.6,91.6,73.9,1010.22,0.0,0.014000000000000002,20.8,221.38000000000002,1.02,5739.8,-102.4,-1.7600000000000002,1.0,2025-06-08T04:42:38.586117120Z
19727.0,92.0,71.75,1010.05,0.0,0.015,21.400000000000002,198.85000000000002,1.0999999999999999,9138.0,-99.0,3.95,1.0,2025-06-08T04:53:46.013192448Z
19619.2,92.0,69.0,1010.04,0.0,0.016,22.18,166.48,1.16,7441.8,-99.4,-0.8600000000000001,1.0,2025-06-08T05:03:09.961190912Z
19547.833333333332,92.0,68.33333333333333,1010.1166666666667,0.0,0.016666666666666666,22.78333333333333,172.80000000000004,1.15,6311.5,-101.16666666666667,-1.9166666666666667,1.0,2025-06-08T05:12:25.930829568Z
19549.833333333332,92.16666666666667,65.58333333333333,1010.0999999999999,0.0,0.016666666666666666,23.5,194.04999999999998,1.4666666666666666,6313.5,-102.66666666666667,-1.2,1.0,2025-06-08T05:23:05.911946496Z
19625.0,92.4,62.2,1010.0200000000001,0.0,0.016,24.119999999999997,208.5,1.2799999999999998,7447.6,-100.6,1.3800000000000001,1.0,2025-06-08T05:33:09.934039808Z
19553.5,92.33333333333333,60.75,1010.0333333333334,0.0,0.016666666666666666,24.549999999999997,179.35,1.8999999999999997,6317.166666666667,-102.5,-1.5,1.0,2025-06-08T05:42:25.896078592Z
19555.5,92.33333333333333,59.0,1010.0833333333334,0.0,0.016666666666666666,24.883333333333336,192.80000000000004,2.5000000000000004,6319.166666666667,-101.83333333333333,-2.233333333333333,1.0,2025-06-08T05:53:06.256615168Z
19630.8,93.2,58.5,1010.04,0.0,0.016,25.200000000000003,210.51999999999998,2.38,7453.4,-101.0,0.7399999999999999,1.0,2025-06-08T06:03:09.937833984Z
19559.166666666668,93.66666666666667,57.583333333333336,1010.1500000000001,0.0,0.016666666666666666,25.599999999999998,204.15,2.533333333333333,6322.833333333333,-101.16666666666667,-2.016666666666667,1.0,2025-06-08T06:12:25.891476736Z
19561.166666666668,93.66666666666667,54.666666666666664,1010.1666666666666,0.0,0.028333333333333335,25.916666666666668,216.85,2.1666666666666665,6324.833333333333,-103.5,-1.1499999999999997,1.0,2025-06-08T06:23:05.886541824Z
19636.6,94.4,52.6,1010.0800000000002,0.0,0.054000000000000006,26.339999999999996,218.68,2.2199999999999998,7459.2,-100.2,0.040000000000000036,1.0,2025-06-08T06:33:10.342687232Z
19564.833333333332,94.66666666666667,51.583333333333336,1010.0,0.0,0.053333333333333344,26.53333333333333,204.01666666666668,2.4666666666666663,6328.5,-102.83333333333333,-1.7833333333333332,1.0,2025-06-08T06:42:25.862064896Z
19566.833333333332,94.66666666666667,49.583333333333336,1010.0500000000001,0.0,0.053333333333333344,26.683333333333334,210.98333333333335,2.2333333333333334,6330.5,-102.33333333333333,-0.7500000000000001,1.0,2025-06-08T06:53:05.907264256Z
19642.4,96.4,48.8,1010.14,0.0,0.06000000000000001,26.920000000000005,233.16,2.12,7465.0,-101.2,1.36,1.0,2025-06-08T07:03:09.900519424Z
19570.5,97.66666666666667,47.416666666666664,1010.1999999999999,0.0,0.055,27.2,217.0,2.3666666666666667,6334.166666666667,-102.0,-1.0666666666666664,1.0,2025-06-08T07:12:25.855880192Z
19572.5,97.66666666666667,47.583333333333336,1010.1166666666667,0.0,0.056666666666666664,27.483333333333334,216.2166666666667,2.6166666666666667,6336.166666666667,-102.5,-1.0833333333333333,1.0,2025-06-08T07:23:05.849361152Z
19648.2,98.0,46.0,1009.9399999999999,0.0,0.06399999999999999,27.660000000000004,225.1,3.06,7470.8,-101.2,0.43999999999999984,1.0,2025-06-08T07:33:09.887200256Z
19576.166666666668,99.0,44.666666666666664,1009.9666666666667,0.0,0.056666666666666664,27.916666666666668,223.68333333333337,2.9166666666666665,6339.833333333333,-102.16666666666667,-0.7666666666666662,1.0,2025-06-08T07:42:25.828055296Z
19578.166666666668,99.0,43.75,1009.9333333333333,0.0,0.056666666666666664,28.099999999999998,219.81666666666663,3.5499999999999994,6341.833333333333,-101.66666666666667,-1.8499999999999996,1.0,2025-06-08T07:53:05.826849536Z
19654.0,100.0,43.7,1009.8199999999999,0.0,0.06399999999999999,28.360000000000003,224.24,2.68,7476.6,-101.8,1.6,1.0,2025-06-08T08:03:09.863420928Z
19581.833333333332,100.0,57.666666666666664,1933.783333333333,42.5,109.27833333333332,23.7,164.23333333333332,1094.9,6345.5,-103.66666666666667,-0.5166666666666669,1.0,2025-06-08T08:12:26.485397760Z
19583.833333333332,100.0,41.333333333333336,1009.9166666666666,0.0,0.056666666666666664,28.75,186.96666666666667,2.3833333333333333,6347.5,-101.5,-0.8999999999999999,1.0,2025-06-08T08:23:05.793425664Z
19659.8,100.0,43.3,1009.8,0.0,0.06399999999999999,28.9,213.16,2.9400000000000004,7482.4,-100.2,0.9,1.0,2025-06-08T08:33:09.828170496Z
19587.5,100.0,43.25,1009.8333333333334,0.0,0.056666666666666664,29.3,181.5,2.55,6351.166666666667,-103.66666666666667,-0.5833333333333331,1.0,2025-06-08T08:42:25.780993024Z
19589.5,100.0,41.083333333333336,1009.8000000000001,0.0,0.056666666666666664,29.45,193.73333333333335,2.783333333333333,6353.166666666667,-102.83333333333333,-0.7833333333333337,1.0,2025-06-08T08:53:06.136559872Z
19665.6,100.0,42.5,1009.74,0.0,0.06399999999999999,29.28,224.7,3.6,7488.2,-100.4,2.0200000000000005,1.0,2025-06-08T09:03:09.810085120Z
19593.166666666668,100.0,41.416666666666664,1009.8666666666667,0.0,0.056666666666666664,29.466666666666665,227.64999999999998,3.516666666666666,6356.833333333333,-102.16666666666667,-0.9333333333333332,1.0,2025-06-08T09:12:26.128570112Z
19595.166666666668,100.0,41.583333333333336,1009.9000000000001,0.0,0.056666666666666664,29.516666666666666,234.6666666666667,3.5666666666666664,6358.833333333333,-103.16666666666667,-0.5000000000000001,1.0,2025-06-08T09:23:05.756870656Z
19671.4,100.0,44.2,1009.8799999999999,0.0,0.06399999999999999,29.419999999999998,247.24,3.9800000000000004,7494.0,-101.2,0.46000000000000013,1.0,2025-06-08T09:33:10.228429312Z
19598.833333333332,100.0,41.833333333333336,1009.8833333333333,0.0,0.056666666666666664,29.583333333333332,228.4,4.016666666666667,6362.5,-102.16666666666667,0.9833333333333333,1.0,2025-06-08T09:42:25.742293248Z
19600.833333333332,100.0,42.5,1009.9499999999999,0.0,0.056666666666666664,29.55,237.25,3.8499999999999996,6364.5,-102.5,0.10000000000000024,1.0,2025-06-08T09:53:05.735160576Z
19677.2,100.0,42.2,1009.8399999999999,0.0,0.06399999999999999,29.640000000000004,232.2,3.5,7499.8,-101.4,1.2,1.0,2025-06-08T10:03:09.778608640Z
19604.5,100.0,41.833333333333336,1009.8833333333332,0.0,0.056666666666666664,29.95,230.4666666666667,3.9166666666666665,6368.166666666667,-101.83333333333333,-1.5666666666666664,1.0,2025-06-08T10:12:25.733707776Z
19606.5,100.0,41.333333333333336,1009.7833333333333,0.0,0.056666666666666664,30.183333333333337,227.88333333333333,3.4166666666666665,6370.166666666667,-102.16666666666667,-0.0999999999999998,1.0,2025-06-08T10:23:05.720670208Z
19683.0,100.0,42.1,1009.6600000000001,0.0,0.004,30.179999999999996,238.0,2.7,7505.6,-100.0,1.3599999999999999,1.0,2025-06-08T10:33:09.766452736Z
19610.166666666668,100.0,41.666666666666664,1009.7166666666667,0.0,0.006666666666666667,30.516666666666662,236.35,3.1333333333333333,6373.833333333333,-103.16666666666667,0.0,1.0,2025-06-08T10:42:25.722962688Z
19612.166666666668,100.0,42.5,1009.6833333333334,0.0,0.006666666666666667,30.66666666666666,221.33333333333334,2.733333333333333,6375.833333333333,-102.83333333333333,0.1499999999999999,1.0,2025-06-08T10:53:05.706753280Z
19688.8,100.0,41.7,1009.5200000000001,0.0,0.004,30.7,209.51999999999998,2.96,7511.4,-99.8,1.06,1.0,2025-06-08T11:03:09.750505984Z
19615.833333333332,100.0,41.416666666666664,1009.5166666666668,0.0,0.006666666666666667,30.96666666666667,183.23333333333335,2.933333333333333,6379.5,-102.16666666666667,-0.18333333333333343,1.0,2025-06-08T11:12:25.703629824Z
19617.833333333332,100.0,40.0,1009.5333333333334,0.0,0.006666666666666667,31.183333333333334,178.2833333333333,2.8333333333333335,6381.5,-102.83333333333333,0.06666666666666672,1.0,2025-06-08T11:23:05.700065024Z
19694.6,100.0,41.6,1009.4399999999999,0.0,0.004,31.340000000000003,204.88000000000002,3.18,7517.2,-101.2,1.5,1.0,2025-06-08T11:33:09.738832640Z
19621.5,100.0,42.666666666666664,1009.4499999999999,0.0,0.006666666666666667,30.983333333333334,199.08333333333334,3.25,6385.166666666667,-102.5,0.5833333333333331,1.0,2025-06-08T11:42:25.689631744Z
19623.5,100.0,42.333333333333336,1009.4333333333333,0.0,0.008333333333333333,30.916666666666668,191.75,3.75,6387.166666666667,-102.33333333333333,0.08333333333333348,1.0,2025-06-08T11:53:05.684421376Z
19700.4,100.0,43.2,1009.28,0.0,0.006,30.7,173.76,4.8,7523.0,-101.8,0.7,1.0,2025-06-08T12:03:09.723405312Z
19627.166666666668,100.0,43.25,1009.3333333333334,0.0,0.01,30.900000000000002,174.8166666666667,4.383333333333333,6390.833333333333,-102.83333333333333,-0.3499999999999999,1.0,2025-06-08T12:12:25.679825152Z
19629.166666666668,100.0,42.916666666666664,1009.3333333333334,0.0,0.01,31.11666666666667,174.75,4.366666666666666,6392.833333333333,-102.16666666666667,-0.4666666666666666,1.0,2025-06-08T12:23:05.672473856Z
19706.2,100.0,44.5,1009.18,0.0,0.006,30.939999999999998,175.7,4.26,7528.8,-101.0,1.34,1.0,2025-06-08T12:33:09.714666240Z
19632.833333333332,100.0,42.416666666666664,1009.2833333333333,0.0,0.01,30.866666666666664,155.73333333333332,5.116666666666667,6396.5,-103.0,-1.1666666666666667,1.0,2025-06-08T12:42:25.667539712Z
19634.833333333332,100.0,41.916666666666664,1009.3000000000001,0.0,0.01,31.183333333333334,177.28333333333333,5.000000000000001,6398.5,-102.66666666666667,-0.8166666666666664,1.0,2025-06-08T12:53:05.653391104Z
19712.0,100.0,41.6,1009.2,0.0,0.006,31.119999999999997,179.82,4.6,7534.6,-99.6,-1.3,1.0,2025-06-08T13:03:09.703867904Z
19638.5,100.0,41.166666666666664,1009.1666666666666,0.0,0.01,31.233333333333334,168.25,5.516666666666666,6402.166666666667,-101.83333333333333,-0.6499999999999998,1.0,2025-06-08T13:12:25.648339968Z
19640.5,100.0,40.083333333333336,1009.0666666666666,0.0,0.01,31.26666666666667,165.08333333333334,5.183333333333334,6404.166666666667,-103.0,0.3666666666666667,1.0,2025-06-08T13:23:05.645756672Z
19717.8,100.0,40.0,1008.8799999999999,0.0,0.006,31.32,178.11999999999998,5.38,7540.4,-100.4,0.9800000000000002,1.0,2025-06-08T13:33:09.692130816Z
19644.166666666668,100.0,39.833333333333336,1008.9333333333333,0.0,0.01,31.41666666666666,171.06666666666663,4.766666666666667,6407.833333333333,-102.66666666666667,0.016666666666666607,1.0,2025-06-08T13:42:25.632847872Z
19646.166666666668,100.0,38.75,1008.8666666666667,0.0,0.01,31.450000000000003,164.6833333333333,5.733333333333333,6409.833333333333,-102.66666666666667,-0.2333333333333334,1.0,2025-06-08T13:53:05.627960576Z
19723.6,100.0,39.3,1008.72,0.0,0.006,31.28,183.32,4.380000000000001,7546.2,-101.2,0.68,1.0,2025-06-08T14:03:09.675715072Z
19649.833333333332,100.0,38.0,1008.8000000000001,0.0,0.01,31.349999999999998,172.26666666666668,5.233333333333333,6413.5,-102.66666666666667,-1.2833333333333334,1.0,2025-06-08T14:12:25.618209792Z
19651.833333333332,100.0,37.166666666666664,1008.7999999999998,0.0,0.01,31.516666666666666,162.8833333333333,4.766666666666667,6415.5,-102.5,-0.5999999999999998,1.0,2025-06-08T14:23:05.613575936Z
19729.4,100.0,37.9,1008.7,0.0,0.006,31.2,171.48000000000002,5.339999999999999,7552.0,-100.8,1.2399999999999998,1.0,2025-06-08T14:33:09.664732928Z
19655.5,100.0,37.583333333333336,1008.7666666666668,0.0,0.01,31.433333333333334,161.54999999999998,4.8,6419.166666666667,-103.16666666666667,-0.2833333333333335,1.0,2025-06-08T14:42:25.962554624Z
19657.5,100.0,36.5,1008.6833333333333,0.0,0.015,31.28333333333333,164.01666666666665,5.783333333333334,6421.166666666667,-103.0,-0.24999999999999986,1.0,2025-06-08T14:53:05.597749248Z
19735.2,100.0,35.9,1008.5799999999999,0.0,0.032,31.080000000000002,170.12000000000003,4.72,7557.8,-101.0,1.44,1.0,2025-06-08T15:03:09.644260864Z
19737.0,100.0,36.0,1008.5799999999999,0.0,0.046,31.119999999999997,179.34,4.779999999999999,7559.6,-100.2,1.16,1.0,2025-06-08T15:12:21.637015040Z
19662.833333333332,100.0,35.333333333333336,1008.6166666666667,0.0,0.043333333333333335,30.933333333333334,177.75,5.733333333333333,6426.833333333333,-102.5,-0.4166666666666665,1.0,2025-06-08T15:23:05.577729792Z
19740.8,100.0,34.9,1008.5200000000001,0.0,0.046,30.619999999999997,185.82,6.04,7563.6,-101.2,1.3,1.0,2025-06-08T15:33:09.636945408Z
19666.5,100.0,35.25,1008.6333333333336,0.0,0.043333333333333335,30.55,177.91666666666666,5.533333333333334,6430.5,-103.0,-0.08333333333333333,1.0,2025-06-08T15:42:25.573083136Z
19696.2,100.0,34.9,1008.7199999999999,0.0,0.052000000000000005,30.259999999999998,161.04000000000002,5.42,5865.2,-104.8,-1.5800000000000003,1.0,2025-06-08T15:53:28.916426752Z
19746.2,100.0,34.8,1008.64,0.0,0.046,30.2,179.73999999999998,3.7800000000000002,7569.4,-100.2,-0.30000000000000016,1.0,2025-06-08T16:03:09.624477440Z
19671.833333333332,100.0,35.166666666666664,1008.65,0.0,0.043333333333333335,30.166666666666668,182.53333333333333,4.45,6436.166666666667,-102.5,-0.5666666666666665,1.0,2025-06-08T16:12:25.556636416Z
19673.833333333332,100.0,35.416666666666664,1008.6666666666666,0.0,0.043333333333333335,29.916666666666668,188.61666666666667,4.566666666666666,6438.166666666667,-102.5,-1.6333333333333335,1.0,2025-06-08T16:23:05.554717440Z
19752.0,100.0,37.0,1008.64,0.0,0.046,29.660000000000004,197.74,3.38,7575.2,-100.6,1.0999999999999999,1.0,2025-06-08T16:33:09.601069568Z
19677.5,100.0,37.833333333333336,1008.6999999999999,0.0,0.043333333333333335,29.516666666666666,183.31666666666663,4.016666666666667,6441.833333333333,-103.33333333333333,-0.683333333333333,1.0,2025-06-08T16:42:25.546329088Z
19679.5,100.0,39.083333333333336,1008.85,0.0,0.043333333333333335,29.183333333333334,173.63333333333333,4.083333333333333,6443.833333333333,-103.16666666666667,-1.3999999999999997,1.0,2025-06-08T16:53:05.532006400Z
19757.8,100.0,39.4,1008.8400000000001,0.0,0.046,28.919999999999998,190.26,2.7199999999999998,7581.0,-100.6,0.4,1.0,2025-06-08T17:03:09.584629248Z
19683.166666666668,100.0,40.0,1009.0,0.0,0.043333333333333335,28.566666666666666,186.01666666666665,3.85,6447.5,-102.16666666666667,-1.0833333333333335,1.0,2025-06-08T17:12:25.521451008Z
19685.166666666668,100.0,39.833333333333336,1009.0333333333333,0.0,0.043333333333333335,28.233333333333334,183.39999999999998,3.483333333333333,6449.5,-102.33333333333333,-1.2999999999999996,1.0,2025-06-08T17:23:05.515306240Z
19763.6,100.0,39.0,1009.1,0.0,0.046,27.82,194.74,2.72,7586.8,-100.8,0.5799999999999997,1.0,2025-06-08T17:33:09.567012352Z
19688.833333333332,100.0,38.916666666666664,1009.2333333333335,0.0,0.045000000000000005,27.549999999999997,180.29999999999998,3.8499999999999996,6453.166666666667,-101.66666666666667,-1.0333333333333332,1.0,2025-06-08T17:42:25.500416000Z
19690.833333333332,100.0,39.333333333333336,1009.3000000000001,0.0,0.04666666666666667,27.066666666666663,180.18333333333337,3.616666666666667,6455.166666666667,-102.66666666666667,-0.4166666666666668,1.0,2025-06-08T17:53:05.493225728Z
19769.4,100.0,40.1,1009.24,0.0,0.048,26.580000000000002,192.95999999999998,3.18,7592.6,-101.2,-0.019999999999999928,1.0,2025-06-08T18:03:09.543955968Z
19694.5,100.0,41.583333333333336,1009.3333333333334,0.0,0.04666666666666667,26.25,180.91666666666666,3.1666666666666665,6458.833333333333,-102.66666666666667,-0.8999999999999998,1.0,2025-06-08T18:12:25.474992384Z
19696.5,100.0,44.25,1009.3833333333332,0.0,0.04666666666666667,25.75,181.08333333333334,3.266666666666666,6460.833333333333,-101.66666666666667,-2.6666666666666665,1.0,2025-06-08T18:23:05.470460160Z
19775.2,100.0,46.4,1009.4399999999999,0.0,0.048,25.46,189.68,3.62,7598.4,-101.2,1.0199999999999998,1.0,2025-06-08T18:33:09.526441216Z
19700.166666666668,100.0,46.916666666666664,1009.5166666666668,0.0,0.04666666666666667,25.21666666666667,175.4,3.35,6464.5,-102.66666666666667,-0.3666666666666667,1.0,2025-06-08T18:42:25.457464576Z
19702.166666666668,100.0,47.5,1009.6333333333333,0.0,0.04,24.816666666666666,179.73333333333335,2.9166666666666665,6466.5,-103.0,-1.6166666666666665,1.0,2025-06-08T18:53:05.446375680Z
19781.0,100.0,47.9,1009.64,0.0,0.04,24.48,190.28,2.8800000000000003,7604.2,-100.2,0.020000000000000285,1.0,2025-06-08T19:03:09.502375936Z
19705.833333333332,100.0,48.75,1009.7999999999998,0.0,0.03333333333333333,24.05,173.71666666666667,2.6666666666666665,6470.166666666667,-103.33333333333333,-1.0833333333333335,1.0,2025-06-08T19:12:25.432328448Z
19784.8,100.0,49.6,1009.9000000000002,0.0,0.04,23.68,188.60000000000002,2.36,7608.2,-101.0,-0.22000000000000028,1.0,2025-06-08T19:23:57.485790464Z
19786.6,100.0,50.1,1009.9799999999999,0.0,0.04,23.459999999999997,196.44,2.5200000000000005,7610.0,-101.0,-0.36,1.0,2025-06-08T19:33:09.480468992Z
19711.166666666668,100.0,50.666666666666664,1010.1666666666666,0.0,0.03333333333333333,23.2,180.15,2.4666666666666663,6475.833333333333,-102.5,-0.5999999999999996,1.0,2025-06-08T19:42:26.129657856Z
19790.4,100.0,50.6,1010.22,0.0,0.04,23.099999999999998,190.16000000000003,2.32,7614.0,-100.2,1.6800000000000002,1.0,2025-06-08T19:53:57.459953152Z
19792.2,100.0,50.9,1010.2599999999999,0.0,0.04,22.8,187.98000000000002,2.12,7615.8,-101.2,0.8399999999999999,1.0,2025-06-08T20:03:09.461073408Z
19716.5,100.0,50.666666666666664,1010.4499999999999,0.0,0.03333333333333333,22.63333333333333,183.5833333333333,2.45,6481.5,-102.5,-1.6666666666666667,1.0,2025-06-08T20:12:25.380005120Z
19718.5,100.0,51.583333333333336,1010.6166666666667,0.0,0.03333333333333333,22.38333333333333,182.98333333333335,1.8999999999999997,6483.5,-102.66666666666667,-1.25,1.0,2025-06-08T20:23:05.370854400Z
19798.0,100.0,52.2,1010.72,0.0,0.04,21.98,188.98000000000002,1.7600000000000002,7621.6,-100.4,0.72,1.0,2025-06-08T20:33:09.437725440Z
19722.166666666668,100.0,53.416666666666664,1010.9166666666666,0.0,0.03333333333333333,21.71666666666667,183.9333333333333,1.4000000000000001,6487.166666666667,-102.5,0.03333333333333336,1.0,2025-06-08T20:42:25.715595008Z
19724.166666666668,100.0,54.25,1011.0166666666668,0.0,0.03333333333333333,21.45,195.4333333333333,1.4166666666666667,6489.166666666667,-102.5,-0.3666666666666664,1.0,2025-06-08T20:53:05.349441792Z
19803.8,100.0,55.3,1011.1,0.0,0.04,21.18,204.82,1.3399999999999999,7627.4,-100.6,1.64,1.0,2025-06-08T21:03:09.417359360Z
19805.6,100.0,56.9,1011.24,0.0,0.04,20.82,206.74,1.1,7629.4,-100.4,1.9,1.0,2025-06-08T21:13:33.396141568Z
19729.5,100.0,58.833333333333336,1011.3499999999999,0.0,0.03333333333333333,20.349999999999998,195.03333333333333,0.8333333333333334,6494.833333333333,-103.5,-0.06666666666666643,1.0,2025-06-08T21:23:05.316931328Z
19809.4,100.0,59.3,1011.3799999999999,0.0,0.04,20.18,198.56,0.8400000000000001,7633.2,-101.0,1.0,1.0,2025-06-08T21:33:09.385628928Z
19733.166666666668,100.0,59.0,1011.5333333333333,0.0,0.03333333333333333,20.200000000000003,180.23333333333335,1.05,6498.5,-102.16666666666667,-1.2833333333333332,1.0,2025-06-08T21:42:25.303678976Z
19735.166666666668,100.0,71.58333333333333,1935.1833333333334,42.5,109.24166666666667,16.583333333333332,153.66666666666666,1093.1333333333334,6500.5,-102.66666666666667,-0.3499999999999999,1.0,2025-06-08T21:53:05.984393984Z
19815.2,100.0,61.2,1011.5799999999999,0.0,0.04,19.8,207.06,0.9800000000000001,7639.0,-101.0,2.06,1.0,2025-06-08T22:03:09.797657856Z
19738.833333333332,100.0,63.083333333333336,1011.7166666666667,0.0,0.03333333333333333,19.55,155.71666666666667,0.8166666666666668,6504.166666666667,-102.33333333333333,-0.5999999999999996,1.0,2025-06-08T22:12:25.279150336Z
19740.833333333332,100.0,64.75,1011.8333333333334,0.0,0.03333333333333333,18.900000000000002,103.19999999999999,0.4666666666666666,6506.166666666667,-101.66666666666667,-1.2833333333333332,1.0,2025-06-08T22:23:05.266297088Z
19821.0,99.6,63.9,1011.8,0.0,0.04,18.78,181.73999999999998,0.4800000000000001,7644.8,-98.8,0.5399999999999998,1.0,2025-06-08T22:33:09.337785344Z
19744.5,99.33333333333333,63.333333333333336,1011.9666666666667,0.0,0.03333333333333333,18.71666666666667,185.3166666666667,0.7000000000000001,6509.833333333333,-102.5,0.49999999999999983,1.0,2025-06-08T22:42:25.255616256Z
19746.5,99.0,63.583333333333336,1012.0000000000001,0.0,0.03333333333333333,18.833333333333332,225.3166666666667,1.0,6511.833333333333,-101.33333333333333,-0.8333333333333334,1.0,2025-06-08T22:53:05.608667136Z
19826.8,98.4,66.9,1011.9399999999999,0.0,0.04,18.36,228.4,1.08,7650.6,-98.2,-0.7799999999999996,1.0,2025-06-08T23:03:09.313436928Z
19750.166666666668,98.0,67.83333333333333,1011.9833333333335,0.0,0.03333333333333333,18.0,230.5666666666667,1.1,6515.5,-100.33333333333333,-0.6999999999999998,1.0,2025-06-08T23:12:25.224901376Z
19752.166666666668,98.0,67.41666666666667,1011.9666666666666,0.0,0.03333333333333333,18.066666666666666,213.63333333333333,0.8833333333333334,6517.5,-102.16666666666667,0.6499999999999998,1.0,2025-06-08T23:23:05.217662208Z
19832.6,98.0,67.9,1011.86,0.0,0.042,18.0,201.2,0.9,7656.4,-100.0,1.0599999999999998,1.0,2025-06-08T23:33:09.283657216Z
19834.4,97.6,65.6,1011.9,0.0,0.044,17.94,199.94,0.68,7658.4,-100.2,1.46,1.0,2025-06-08T23:43:33.277565952Z
19757.5,97.66666666666667,67.41666666666667,1011.9333333333333,0.0,0.03666666666666667,17.733333333333334,218.35,0.7999999999999999,6523.166666666667,-100.66666666666667,-0.3499999999999998,1.0,2025-06-08T23:53:05.193191168Z
19838.2,97.2,66.0,1011.9,0.0,0.044,17.759999999999998,207.34,1.0,7662.2,-100.2,2.0599999999999996,1.0,2025-06-09T00:03:09.267527680Z
19761.166666666668,97.0,65.08333333333333,1011.9499999999999,0.0,0.03666666666666667,17.85,228.14999999999998,0.7000000000000001,6526.833333333333,-100.33333333333333,-2.016666666666667,1.0,2025-06-09T00:12:25.535047680Z
19763.166666666668,97.0,68.58333333333333,1012.1166666666667,0.0,0.03666666666666667,17.35,271.7166666666667,0.7000000000000001,6528.833333333333,-100.83333333333333,-0.45,1.0,2025-06-09T00:23:05.168549888Z
19844.0,97.0,71.7,1012.2199999999999,0.0,0.044,16.979999999999997,211.72000000000003,0.41999999999999993,7668.0,-100.0,2.4,1.0,2025-06-09T00:33:09.236260352Z
19766.833333333332,96.66666666666667,72.75,1012.3333333333334,0.0,0.041666666666666664,16.599999999999998,183.88333333333333,0.6666666666666666,6532.5,-102.66666666666667,0.45,1.0,2025-06-09T00:42:25.156941056Z
19768.833333333332,96.66666666666667,71.25,1012.3333333333331,0.0,0.043333333333333335,16.666666666666664,184.88333333333333,0.7000000000000001,6534.5,-102.83333333333333,-0.18333333333333357,1.0,2025-06-09T00:53:05.137843456Z
19814.833333333332,96.5,70.58333333333333,1012.2999999999998,0.0,0.043333333333333335,17.083333333333332,170.56666666666666,0.9333333333333335,7958.166666666667,-103.83333333333333,-3.8833333333333333,1.0,2025-06-09T01:03:39.242426624Z
19772.833333333332,95.33333333333333,70.75,1012.4666666666667,0.0,0.043333333333333335,16.866666666666667,152.21666666666667,0.6,6538.166666666667,-100.5,-1.9333333333333336,1.0,2025-06-09T01:12:25.133654784Z
19854.0,95.4,70.3,1012.4599999999998,0.0,0.052000000000000005,16.96,146.78000000000003,0.62,7677.6,-100.6,2.96,1.0,2025-06-09T01:22:45.194880256Z
19855.8,95.4,69.7,1012.5,0.0,0.052000000000000005,16.86,160.72,0.4800000000000001,7679.6,-99.6,-2.06,1.0,2025-06-09T01:33:09.192337664Z
19778.166666666668,94.66666666666667,69.5,1012.5833333333334,0.0,0.043333333333333335,17.0,168.78333333333333,0.6333333333333333,6543.833333333333,-101.66666666666667,-1.4000000000000004,1.0,2025-06-09T01:42:25.103254784Z
19780.166666666668,94.66666666666667,69.58333333333333,1012.6,0.0,0.043333333333333335,16.95,214.66666666666666,0.6666666666666666,6545.833333333333,-101.16666666666667,0.36666666666666653,1.0,2025-06-09T01:53:05.088353024Z
19861.6,94.6,70.1,1012.6200000000001,0.0,0.052000000000000005,17.0,233.4,0.68,7685.4,-100.8,1.7,1.0,2025-06-09T02:03:09.165276672Z
19678.0,94.2,70.5,1012.6199999999999,0.0,0.026000000000000002,16.96,232.03999999999996,0.74,5980.6,-103.6,-0.8,1.0,2025-06-09T02:12:37.647534080Z
19785.5,94.0,73.75,1012.75,0.0,0.043333333333333335,16.566666666666666,251.16666666666666,0.5166666666666666,6551.5,-102.5,-0.21666666666666634,1.0,2025-06-09T02:23:05.065261056Z
19867.0,94.0,76.4,1012.7800000000001,0.0,0.052000000000000005,16.380000000000003,149.76,0.6,7691.2,-100.4,1.9600000000000002,1.0,2025-06-09T02:33:09.140613376Z
19789.166666666668,93.83333333333333,76.91666666666667,1012.9333333333333,0.0,0.043333333333333335,16.366666666666667,272.8833333333333,0.5833333333333334,6555.166666666667,-102.33333333333333,0.21666666666666665,1.0,2025-06-09T02:42:25.054000384Z
19791.166666666668,93.66666666666667,77.41666666666667,1013.0666666666667,0.0,0.043333333333333335,16.099999999999998,172.58333333333334,0.6,6557.166666666667,-101.83333333333333,-1.1,1.0,2025-06-09T02:53:05.037031168Z
19872.8,93.6,78.2,1013.1,0.0,0.052000000000000005,16.16,193.85999999999999,0.78,7697.0,-99.0,0.060000000000000143,1.0,2025-06-09T03:03:09.124844032Z
19794.833333333332,93.5,78.91666666666667,1013.25,0.0,0.043333333333333335,16.183333333333334,197.0666666666667,0.7833333333333332,6560.833333333333,-102.5,0.5,1.0,2025-06-09T03:12:25.026381824Z
19796.833333333332,93.0,79.16666666666667,1013.3333333333331,0.0,0.043333333333333335,16.283333333333335,284.0833333333333,1.2833333333333334,6562.833333333333,-102.66666666666667,-0.1499999999999999,1.0,2025-06-09T03:23:05.023814400Z
19878.6,93.0,79.3,1013.4,0.0,0.054000000000000006,16.5,288.94,0.9600000000000002,7702.8,-101.0,1.1999999999999997,1.0,2025-06-09T03:33:09.102783744Z
19800.5,92.83333333333333,79.16666666666667,1013.5166666666669,0.0,0.05000000000000001,16.61666666666667,299.01666666666665,1.0333333333333332,6566.5,-102.66666666666667,0.0,1.0,2025-06-09T03:42:25.003648768Z
19802.5,92.66666666666667,75.75,1013.6333333333333,0.0,0.05000000000000001,17.13333333333333,244.80000000000004,1.3,6568.5,-101.66666666666667,0.2833333333333334,1.0,2025-06-09T03:53:05.001556992Z
19884.4,92.6,75.7,1013.6199999999999,0.0,0.05600000000000001,17.220000000000002,240.84,0.9400000000000001,7708.6,-101.2,2.7399999999999998,1.0,2025-06-09T04:03:09.068430848Z
19806.166666666668,92.5,75.0,1013.7499999999999,0.0,0.05000000000000001,17.25,271.9666666666667,1.0833333333333333,6572.166666666667,-102.33333333333333,-1.2166666666666668,1.0,2025-06-09T04:12:24.983318528Z
19808.166666666668,92.0,74.0,1013.8499999999999,0.0,0.05000000000000001,17.583333333333332,252.46666666666667,1.2,6574.166666666667,-103.0,-1.0166666666666668,1.0,2025-06-09T04:23:04.974358784Z
19890.2,92.0,73.0,1013.9,0.0,0.05600000000000001,18.04,257.5,1.24,7714.4,-100.2,3.12,1.0,2025-06-09T04:33:09.494754304Z
19811.833333333332,92.0,73.5,1014.0666666666667,0.0,0.05333333333333334,18.299999999999997,245.68333333333337,1.3,6577.833333333333,-102.66666666666667,0.08333333333333319,1.0,2025-06-09T04:42:24.962938624Z
19813.833333333332,92.0,71.58333333333333,1014.1166666666667,0.0,0.055,18.866666666666667,241.66666666666663,1.2833333333333334,6579.833333333333,-101.83333333333333,-1.7,1.0,2025-06-09T04:53:04.946224896Z
19896.0,92.0,70.3,1014.1,0.0,0.06000000000000001,19.44,245.7,0.9800000000000001,7720.2,-100.2,0.3,1.0,2025-06-09T05:03:09.033984512Z
19817.5,92.0,68.83333333333333,1014.3166666666666,0.0,0.05666666666666667,20.049999999999997,253.38333333333333,0.85,6583.5,-102.83333333333333,-0.08333333333333319,1.0,2025-06-09T05:12:24.933753856Z
19819.5,92.66666666666667,66.58333333333333,1014.3833333333332,0.0,0.05666666666666667,20.566666666666666,239.93333333333337,1.4000000000000001,6585.5,-102.83333333333333,-0.09999999999999994,1.0,2025-06-09T05:23:05.287306240Z
19901.8,92.8,64.8,1014.4,0.0,0.06000000000000001,21.2,223.21999999999997,1.0799999999999998,7726.0,-100.2,0.8,1.0,2025-06-09T05:33:09.012379136Z
19823.166666666668,93.0,62.0,1014.5333333333333,0.0,0.05666666666666667,21.71666666666667,215.08333333333334,1.5333333333333332,6589.166666666667,-100.83333333333333,-1.5,1.0,2025-06-09T05:42:24.914359552Z
19825.166666666668,93.33333333333333,60.75,1014.6333333333333,0.0,0.05666666666666667,22.099999999999998,218.91666666666666,2.066666666666667,6591.166666666667,-102.0,0.3666666666666667,1.0,2025-06-09T05:53:04.903301120Z
19907.6,93.2,61.1,1014.6600000000001,0.0,0.06000000000000001,22.419999999999998,243.2,2.38,7731.8,-100.6,1.44,1.0,2025-06-09T06:03:08.986286592Z
19828.833333333332,93.33333333333333,60.583333333333336,1014.7999999999998,0.0,0.05666666666666667,22.700000000000003,228.61666666666667,2.6333333333333333,6594.833333333333,-102.5,-0.4833333333333334,1.0,2025-06-09T06:12:25.255689216Z
19830.833333333332,94.66666666666667,60.583333333333336,1014.9500000000002,0.0,0.05666666666666667,23.08333333333333,240.19999999999996,2.55,6596.833333333333,-102.33333333333333,0.75,1.0,2025-06-09T06:23:04.895403264Z
19913.4,96.0,61.8,1015.1,0.0,0.06000000000000001,23.419999999999998,254.68,2.7199999999999998,7737.6,-100.2,0.9600000000000002,1.0,2025-06-09T06:33:08.974245376Z
19834.5,96.66666666666667,61.333333333333336,1015.2333333333332,0.0,0.05666666666666667,23.599999999999998,248.4,2.6166666666666667,6600.5,-102.5,-0.8166666666666665,1.0,2025-06-09T06:42:24.866049792Z
19836.5,98.33333333333333,61.333333333333336,1015.35,0.0,0.05666666666666667,23.849999999999998,251.66666666666666,3.133333333333333,6602.5,-103.33333333333333,-2.0,1.0,2025-06-09T06:53:04.861698048Z
19919.2,98.0,62.9,1015.3799999999999,0.0,0.06000000000000001,23.9,266.6,2.5799999999999996,7743.4,-101.0,1.4,1.0,2025-06-09T07:03:08.936738304Z
19921.0,98.0,63.9,1015.4,0.0,0.076,24.14,254.94,2.62,7745.2,-99.4,-0.1200000000000001,1.0,2025-06-09T07:12:20.943926784Z
19841.833333333332,98.83333333333333,63.083333333333336,1015.5999999999999,0.0,0.07,24.383333333333336,262.1666666666667,2.6333333333333333,6608.166666666667,-102.5,-0.3333333333333335,1.0,2025-06-09T07:23:04.840635136Z
19924.8,99.2,63.3,1015.5799999999999,0.0,0.08,24.6,282.8,2.5,7749.2,-100.6,1.58,1.0,2025-06-09T07:33:08.923555328Z
19926.6,99.2,62.6,1015.5799999999999,0.0,0.08,24.880000000000003,259.41999999999996,2.26,7751.0,-99.4,0.4,1.0,2025-06-09T07:42:20.906990080Z
19847.166666666668,100.0,62.583333333333336,1015.7666666666668,0.0,0.07333333333333333,25.26666666666667,248.11666666666665,2.2333333333333334,6613.833333333333,-102.33333333333333,-0.8333333333333335,1.0,2025-06-09T07:53:04.806890752Z
19930.4,100.0,61.9,1015.76,0.0,0.08,25.540000000000003,237.5,1.6,7755.0,-100.6,1.2399999999999998,1.0,2025-06-09T08:03:08.895148032Z
19850.833333333332,100.0,61.5,1015.8333333333331,0.0,0.07333333333333333,25.75,294.09999999999997,1.6333333333333335,6617.5,-102.66666666666667,-0.816666666666667,1.0,2025-06-09T08:12:24.794800896Z
19852.833333333332,100.0,61.666666666666664,1015.9500000000002,0.0,0.07333333333333333,26.133333333333336,309.3833333333334,1.2333333333333332,6619.5,-101.66666666666667,-1.55,1.0,2025-06-09T08:23:05.094553344Z
19936.2,100.0,61.5,1015.9800000000001,0.0,0.08199999999999999,26.26,289.24,1.72,7760.8,-101.0,1.28,1.0,2025-06-09T08:33:08.876527616Z
19856.5,100.0,60.833333333333336,1016.1333333333333,0.0,0.07666666666666667,26.53333333333333,301.20000000000005,1.0666666666666667,6623.166666666667,-102.83333333333333,-0.2833333333333335,1.0,2025-06-09T08:42:24.776319232Z
19858.5,100.0,59.75,1016.1833333333334,0.0,0.07666666666666667,27.03333333333333,221.4,1.15,6625.166666666667,-103.0,-0.4666666666666666,1.0,2025-06-09T08:53:04.764447744Z
19942.0,100.0,59.8,1016.2,0.0,0.08199999999999999,27.32,159.78,1.4,7766.6,-100.6,0.64,1.0,2025-06-09T09:03:08.858940928Z
19862.166666666668,100.0,59.75,1016.35,0.0,0.07666666666666667,26.91666666666666,194.83333333333334,1.7,6628.833333333333,-102.66666666666667,-0.19999999999999987,1.0,2025-06-09T09:12:24.759155968Z
19864.166666666668,100.0,59.5,1016.4166666666666,0.0,0.08,27.099999999999998,148.5,2.066666666666667,6630.833333333333,-103.16666666666667,-0.5666666666666665,1.0,2025-06-09T09:23:04.755753728Z
19947.8,100.0,58.3,1016.4399999999999,0.0,0.08399999999999999,27.22,235.18,1.9600000000000002,7772.4,-99.8,-0.5800000000000001,1.0,2025-06-09T09:33:08.848657664Z
19867.833333333332,100.0,56.416666666666664,1016.5166666666668,0.0,0.08,27.733333333333334,112.48333333333333,2.2333333333333334,6634.5,-102.16666666666667,-0.6166666666666664,1.0,2025-06-09T09:42:24.754152448Z
19869.833333333332,100.0,56.666666666666664,1016.5833333333334,0.0,0.08,27.683333333333334,49.56666666666666,3.033333333333333,6636.5,-101.83333333333333,-1.1333333333333335,1.0,2025-06-09T09:53:04.727860992Z
19953.6,100.0,56.3,1016.5200000000001,0.0,0.08399999999999999,27.639999999999997,111.75999999999999,3.5599999999999996,7778.2,-101.2,0.3,1.0,2025-06-09T10:03:08.848777728Z
19873.5,100.0,57.0,1016.5666666666667,0.0,0.08,27.599999999999998,100.8,4.066666666666667,6640.166666666667,-102.0,-2.016666666666667,1.0,2025-06-09T10:12:25.116269824Z
19875.5,100.0,57.416666666666664,1016.5833333333335,0.0,0.08,27.333333333333332,97.5,4.066666666666667,6642.166666666667,-102.83333333333333,-0.5833333333333334,1.0,2025-06-09T10:23:04.711317504Z
19959.4,100.0,58.8,1016.5600000000001,0.0,0.012,27.26,52.64000000000001,4.2,7784.0,-100.2,1.06,1.0,2025-06-09T10:33:08.814664704Z
19879.166666666668,100.0,57.75,1016.75,0.0,0.02,27.233333333333334,102.91666666666667,4.133333333333333,6645.833333333333,-101.16666666666667,-3.5000000000000004,1.0,2025-06-09T10:42:25.080716032Z
19881.166666666668,100.0,58.25,1016.8333333333334,0.0,0.02,27.099999999999998,99.11666666666667,4.25,6647.833333333333,-102.83333333333333,-1.0833333333333335,1.0,2025-06-09T10:53:04.704875520Z
19965.2,100.0,57.8,1016.8399999999999,0.0,0.012,27.04,57.7,4.159999999999999,7789.8,-100.6,0.31999999999999995,1.0,2025-06-09T11:03:08.792776448Z
19884.833333333332,100.0,57.166666666666664,1016.9,0.0,0.02,26.8,106.36666666666667,5.283333333333333,6651.5,-102.5,-0.8000000000000002,1.0,2025-06-09T11:12:25.048093440Z
19886.833333333332,100.0,54.416666666666664,1016.9,0.0,0.02,27.28333333333333,101.68333333333335,5.800000000000001,6653.5,-103.66666666666667,-0.1499999999999999,1.0,2025-06-09T11:23:04.672289024Z
19971.0,100.0,53.8,1016.9200000000001,0.0,0.012,27.28,51.739999999999995,5.36,7795.6,-100.0,0.2200000000000001,1.0,2025-06-09T11:33:08.770607872Z
19890.5,100.0,51.75,1017.0333333333333,0.0,0.02,27.349999999999998,164.30000000000004,4.816666666666667,6657.166666666667,-101.5,-1.1833333333333336,1.0,2025-06-09T11:42:24.668242944Z
19974.8,100.0,52.3,1017.0199999999999,0.0,0.012,27.240000000000002,134.56,3.6999999999999993,7799.6,-100.6,0.9399999999999998,1.0,2025-06-09T11:53:56.757236224Z
19976.6,100.0,51.1,1017.04,0.0,0.012,27.4,48.559999999999995,4.860000000000001,7801.4,-100.4,0.9399999999999998,1.0,2025-06-09T12:03:08.754473728Z
19895.833333333332,100.0,51.583333333333336,1017.0833333333334,0.0,0.02,27.116666666666664,103.36666666666666,4.3999999999999995,6662.833333333333,-103.5,-0.7833333333333332,1.0,2025-06-09T12:12:24.648184576Z
19897.833333333332,100.0,51.25,1017.1333333333333,0.0,0.02,27.01666666666667,154.6666666666667,4.433333333333334,6664.833333333333,-102.66666666666667,-1.1999999999999997,1.0,2025-06-09T12:23:04.640980224Z
19982.4,100.0,50.9,1016.96,0.0,0.012,27.32,122.92,6.380000000000001,7807.2,-101.2,0.4200000000000001,1.0,2025-06-09T12:33:08.729906688Z
19901.5,100.0,49.833333333333336,1017.0666666666667,0.0,0.02,27.366666666666664,101.86666666666666,4.95,6668.5,-103.0,-1.55,1.0,2025-06-09T12:42:24.633783552Z
19903.5,100.0,50.5,1017.0500000000001,0.0,0.02,27.416666666666668,51.833333333333336,4.666666666666667,6670.5,-102.66666666666667,-1.6333333333333329,1.0,2025-06-09T12:53:04.629222144Z
19988.2,100.0,50.1,1017.0,0.0,0.012,27.419999999999998,59.32000000000001,3.66,7813.0,-100.4,0.6599999999999999,1.0,2025-06-09T13:03:08.722749696Z
19907.166666666668,100.0,49.25,1017.0500000000001,0.0,0.02,27.266666666666666,47.23333333333333,4.3500000000000005,6674.166666666667,-102.5,-0.8833333333333333,1.0,2025-06-09T13:12:24.602375424Z
19909.166666666668,100.0,48.5,1017.1000000000003,0.0,0.02,27.483333333333334,160.08333333333331,5.316666666666667,6676.166666666667,-103.0,-0.5166666666666667,1.0,2025-06-09T13:23:04.598076672Z
19994.0,100.0,48.1,1017.0599999999998,0.0,0.012,27.46,58.94,4.9799999999999995,7818.8,-101.2,1.2,1.0,2025-06-09T13:33:08.706113024Z
19912.833333333332,100.0,47.083333333333336,1017.1333333333332,0.0,0.02,27.683333333333334,40.1,3.716666666666667,6679.833333333333,-103.0,-0.5,1.0,2025-06-09T13:42:24.597448448Z
19914.833333333332,100.0,46.666666666666664,1017.1333333333333,0.0,0.021666666666666667,27.983333333333334,53.400000000000006,4.266666666666667,6681.833333333333,-102.5,-1.1666666666666665,1.0,2025-06-09T13:53:04.579197696Z
19999.8,100.0,47.6,1017.0600000000001,0.0,0.015999999999999997,27.619999999999997,52.919999999999995,4.0600000000000005,7824.6,-101.8,0.41999999999999993,1.0,2025-06-09T14:03:08.754874112Z
19918.5,100.0,46.416666666666664,1017.0333333333334,0.0,0.023333333333333334,27.91666666666667,54.63333333333333,4.333333333333333,6685.5,-102.83333333333333,-0.5,1.0,2025-06-09T14:12:24.565650176Z
19920.5,100.0,46.083333333333336,1017.0500000000001,0.0,0.023333333333333334,27.95,65.31666666666666,4.3999999999999995,6687.5,-102.5,-0.8999999999999998,1.0,2025-06-09T14:23:04.556287232Z
20005.6,100.0,45.9,1016.9800000000001,0.0,0.015999999999999997,28.1,83.22,2.5,7830.4,-100.0,0.1,1.0,2025-06-09T14:33:08.661431552Z
19924.166666666668,100.0,46.5,1017.0500000000001,0.0,0.023333333333333334,27.749999999999996,58.88333333333333,3.75,6691.166666666667,-102.16666666666667,-1.2,1.0,2025-06-09T14:42:24.533842944Z
19926.166666666668,100.0,45.333333333333336,1017.1,0.0,0.023333333333333334,27.683333333333334,61.43333333333333,4.333333333333333,6693.166666666667,-103.33333333333333,-1.1166666666666665,1.0,2025-06-09T14:53:04.903076608Z
20011.4,100.0,45.2,1017.0600000000001,0.0,0.015999999999999997,27.859999999999996,62.42,3.8200000000000003,7836.2,-100.8,0.8000000000000002,1.0,2025-06-09T15:03:08.643262720Z
19929.833333333332,100.0,45.25,1017.1,0.0,0.023333333333333334,27.75,64.6,3.5500000000000003,6696.833333333333,-102.5,-1.4166666666666667,1.0,2025-06-09T15:12:24.529409280Z
19955.8,100.0,44.5,1017.1600000000001,0.0,0.026000000000000002,27.5,59.02,4.04,6128.2,-104.8,-1.8199999999999996,1.0,2025-06-09T15:22:27.894814208Z
20016.8,100.0,44.7,1016.9399999999999,0.0,0.015999999999999997,27.580000000000002,65.82000000000001,2.84,7842.0,-101.6,1.1999999999999997,1.0,2025-06-09T15:33:08.632131072Z
19935.166666666668,100.0,44.583333333333336,1016.9499999999999,0.0,0.023333333333333334,27.38333333333333,74.35000000000001,3.6666666666666674,6702.5,-103.16666666666667,0.0,1.0,2025-06-09T15:42:24.510775040Z
19937.166666666668,100.0,45.166666666666664,1016.9666666666666,0.0,0.023333333333333334,27.316666666666666,72.31666666666666,3.5,6704.5,-103.0,0.3333333333333332,1.0,2025-06-09T15:53:04.859289600Z
20022.6,100.0,44.7,1016.8799999999999,0.0,0.015999999999999997,27.28,87.88,2.7399999999999998,7847.8,-101.8,1.34,1.0,2025-06-09T16:03:08.604081920Z
19940.833333333332,100.0,45.166666666666664,1016.9333333333334,0.0,0.023333333333333334,27.11666666666667,75.35000000000001,3.616666666666667,6708.166666666667,-103.66666666666667,-0.4499999999999999,1.0,2025-06-09T16:12:24.474325760Z
19942.833333333332,100.0,45.916666666666664,1016.9499999999999,0.0,0.023333333333333334,27.03333333333333,63.9,3.166666666666666,6710.166666666667,-102.5,-0.8666666666666664,1.0,2025-06-09T16:23:04.469669632Z
20028.4,100.0,45.3,1016.86,0.0,0.015999999999999997,26.839999999999996,86.03999999999999,3.44,7853.6,-101.2,1.2399999999999998,1.0,2025-06-09T16:33:08.592637184Z
19946.5,100.0,46.5,1016.9666666666667,0.0,0.023333333333333334,26.516666666666666,62.833333333333336,3.516666666666667,6713.833333333333,-103.5,-0.6333333333333333,1.0,2025-06-09T16:42:24.466903296Z
19948.5,100.0,46.833333333333336,1017.0166666666668,0.0,0.023333333333333334,26.3,83.28333333333333,3.016666666666667,6715.833333333333,-103.0,-1.05,1.0,2025-06-09T16:53:04.455149312Z
20034.2,100.0,46.6,1017.0,0.0,0.015999999999999997,26.22,157.85999999999999,3.18,7859.4,-100.2,0.4200000000000001,1.0,2025-06-09T17:03:08.564019968Z
19952.166666666668,100.0,47.75,1017.1333333333332,0.0,0.023333333333333334,26.016666666666666,57.88333333333333,3.1666666666666665,6719.5,-104.83333333333333,-5.45,1.0,2025-06-09T17:12:24.816792576Z
19954.166666666668,100.0,49.083333333333336,1017.1,0.0,0.023333333333333334,25.76666666666667,54.56666666666666,2.366666666666667,6721.5,-103.66666666666667,0.1166666666666667,1.0,2025-06-09T17:23:04.425952512Z
20040.0,100.0,48.7,1017.0799999999999,0.0,0.015999999999999997,25.639999999999997,71.38,2.46,7865.2,-101.0,0.7000000000000002,1.0,2025-06-09T17:33:08.557670912Z
19957.833333333332,100.0,49.666666666666664,1017.1999999999999,0.0,0.025000000000000005,25.333333333333332,62.383333333333326,2.183333333333333,6725.166666666667,-102.5,0.016666666666666757,1.0,2025-06-09T17:42:24.417968128Z
19959.833333333332,100.0,51.833333333333336,1017.2833333333333,0.0,0.043333333333333335,24.950000000000003,51.46666666666667,1.7666666666666666,6727.166666666667,-102.83333333333333,-0.21666666666666679,1.0,2025-06-09T17:53:04.409614080Z
20045.8,100.0,52.8,1017.26,0.0,0.028000000000000004,24.619999999999997,60.839999999999996,1.9,7871.0,-101.4,0.5800000000000001,1.0,2025-06-09T18:03:08.530095360Z
19963.5,100.0,55.5,1017.3499999999999,0.0,0.043333333333333335,24.11666666666667,57.883333333333326,1.9333333333333336,6730.833333333333,-104.0,-0.7166666666666667,1.0,2025-06-09T18:12:24.412140544Z
19965.5,100.0,57.166666666666664,1017.3833333333332,0.0,0.043333333333333335,23.633333333333336,63.56666666666667,1.6833333333333333,6732.833333333333,-103.16666666666667,-0.5,1.0,2025-06-09T18:23:04.751438848Z
20051.6,100.0,58.4,1017.3400000000001,0.0,0.030000000000000006,23.14,67.6,1.3000000000000003,7876.8,-100.6,1.6800000000000002,1.0,2025-06-09T18:33:08.505814272Z
19969.166666666668,100.0,59.916666666666664,1017.4499999999999,0.0,0.04833333333333334,22.683333333333334,110.51666666666665,1.2666666666666666,6736.5,-103.16666666666667,-0.6999999999999997,1.0,2025-06-09T18:42:24.408613888Z
19971.166666666668,100.0,62.583333333333336,1017.5833333333334,0.0,0.028333333333333335,22.016666666666666,49.900000000000006,1.2500000000000002,6738.5,-102.33333333333333,-1.45,1.0,2025-06-09T18:53:04.722276608Z
20057.4,100.0,65.0,1017.64,0.0,0.004,21.46,54.44,1.02,7882.6,-100.8,0.5,1.0,2025-06-09T19:03:08.484998656Z
19974.833333333332,100.0,66.5,1017.7833333333333,0.0,0.01,21.06666666666667,41.13333333333333,1.0833333333333333,6742.166666666667,-102.16666666666667,0.21666666666666665,1.0,2025-06-09T19:12:24.341105408Z
20061.2,100.0,69.1,1017.86,0.0,0.008,20.68,47.62,1.1,7886.6,-100.8,1.3800000000000001,1.0,2025-06-09T19:23:56.453316096Z
20063.0,100.0,70.9,1017.9399999999999,0.0,0.008,20.36,129.56,1.2,7888.4,-101.6,1.34,1.0,2025-06-09T19:33:08.884440576Z
19980.166666666668,100.0,71.0,1018.0666666666667,0.0,0.01333333333333333,20.116666666666664,52.01666666666667,1.25,6747.833333333333,-101.83333333333333,-1.4166666666666667,1.0,2025-06-09T19:42:24.306595584Z
19982.166666666668,100.0,71.33333333333333,1018.1333333333333,0.0,0.01333333333333333,19.966666666666665,156.43333333333334,1.2499999999999998,6749.833333333333,-102.33333333333333,0.08333333333333319,1.0,2025-06-09T19:53:04.308676864Z
20068.8,100.0,71.9,1018.1600000000001,0.0,0.01,19.9,152.38,0.86,7894.2,-101.2,2.4,1.0,2025-06-09T20:03:08.442756608Z
19985.833333333332,100.0,72.33333333333333,1018.2000000000002,0.0,0.01333333333333333,19.78333333333333,156.01666666666665,1.2,6753.5,-102.33333333333333,0.15000000000000022,1.0,2025-06-09T20:12:24.293798912Z
19879.4,100.0,73.6,1018.24,0.0,0.015999999999999997,19.520000000000003,176.42000000000002,0.9400000000000001,6184.0,-103.2,-0.7799999999999999,1.0,2025-06-09T20:22:24.780590336Z
20074.2,100.0,76.4,1018.28,0.0,0.01,19.160000000000004,96.16,0.8800000000000001,7900.0,-100.6,1.7600000000000002,1.0,2025-06-09T20:33:08.406605824Z
19991.166666666668,100.0,77.0,1018.3499999999999,0.0,0.01333333333333333,18.900000000000002,152.28333333333333,0.8833333333333333,6759.166666666667,-103.0,-0.08333333333333348,1.0,2025-06-09T20:42:24.262390528Z
19993.166666666668,100.0,85.33333333333333,1940.9833333333333,42.5,109.23666666666668,15.800000000000002,88.35000000000001,1092.95,6761.166666666667,-103.33333333333333,-0.6166666666666666,1.0,2025-06-09T20:53:04.944023808Z
20080.0,100.0,77.2,1018.32,0.0,0.01,18.94,122.73999999999998,0.78,7905.8,-100.6,0.2200000000000001,1.0,2025-06-09T21:03:08.387326464Z
19996.833333333332,100.0,78.0,1018.3833333333332,0.0,0.01333333333333333,18.716666666666665,146.9333333333333,0.7000000000000001,6764.833333333333,-102.33333333333333,-1.4802973661668753e-16,1.0,2025-06-09T21:12:24.242995968Z
19998.833333333332,100.0,79.33333333333333,1018.4166666666666,0.0,0.01333333333333333,18.55,132.35,0.8833333333333333,6766.833333333333,-102.83333333333333,0.3333333333333335,1.0,2025-06-09T21:23:04.231624704Z
20085.8,100.0,80.7,1018.36,0.0,0.01,18.34,102.68000000000002,0.78,7911.6,-101.2,0.26000000000000034,1.0,2025-06-09T21:33:08.369332736Z
20087.6,100.0,80.8,1018.36,0.0,0.01,18.240000000000002,110.82000000000001,0.5999999999999999,7913.6,-102.2,1.7399999999999998,1.0,2025-06-09T21:43:32.344475136Z
20004.166666666668,100.0,81.5,1018.4,0.0,0.01333333333333333,18.01666666666667,141.11666666666667,0.5833333333333333,6772.5,-102.5,-0.9166666666666665,1.0,2025-06-09T21:53:04.201525248Z
20091.4,100.0,83.6,1018.46,0.0,0.01,17.68,188.07999999999998,0.44000000000000006,7917.4,-102.0,1.3800000000000003,1.0,2025-06-09T22:03:08.337423616Z
20007.833333333332,99.83333333333333,85.0,1018.5,0.0,0.01333333333333333,17.433333333333334,226.69999999999996,0.4833333333333334,6776.166666666667,-103.33333333333333,-0.20000000000000004,1.0,2025-06-09T22:12:24.191526144Z
20009.833333333332,99.66666666666667,86.25,1018.5166666666668,0.0,0.01333333333333333,17.216666666666665,248.4333333333333,0.5833333333333334,6778.166666666667,-102.66666666666667,-0.6833333333333335,1.0,2025-06-09T22:23:04.174571520Z
20097.2,99.0,86.8,1018.5,0.0,0.01,16.9,220.06,0.48,7923.2,-100.6,2.1399999999999997,1.0,2025-06-09T22:33:08.317410560Z
20013.5,99.0,87.5,1018.5833333333334,0.0,0.01333333333333333,16.933333333333334,225.83333333333334,0.5666666666666667,6781.833333333333,-102.83333333333333,-0.4000000000000001,1.0,2025-06-09T22:42:24.164329728Z
20015.5,99.0,88.33333333333333,1018.5500000000002,0.0,0.01333333333333333,16.933333333333334,233.53333333333333,0.5833333333333334,6783.833333333333,-103.33333333333333,-0.05000000000000012,1.0,2025-06-09T22:53:04.143500544Z
20103.0,98.6,88.7,1018.5,0.0,0.01,16.82,217.34,0.54,7929.0,-100.2,0.6,1.0,2025-06-09T23:03:08.273816064Z
20104.8,98.0,88.9,1018.54,0.0,0.01,16.6,241.24,0.5,7931.0,-100.2,1.1400000000000001,1.0,2025-06-09T23:13:32.276081408Z
20020.833333333332,98.0,88.0,1018.5833333333334,0.0,0.01333333333333333,16.400000000000002,193.03333333333333,0.4666666666666666,6789.5,-103.5,-0.25,1.0,2025-06-09T23:23:04.123558656Z
20108.6,97.8,89.9,1018.5600000000001,0.0,0.01,16.08,257.12,0.36,7934.8,-101.8,1.02,1.0,2025-06-09T23:33:08.266602240Z
20110.4,97.6,90.1,1018.4200000000001,0.0,0.014000000000000002,15.919999999999998,228.42000000000002,0.76,7936.8,-99.8,0.76,1.0,2025-06-09T23:43:32.247864320Z
20026.166666666668,97.66666666666667,89.16666666666667,1018.4833333333335,0.0,0.02,15.933333333333332,190.31666666666663,0.45,6795.166666666667,-102.0,-1.3500000000000003,1.0,2025-06-09T23:53:04.105889536Z
20114.2,97.4,90.7,1018.4200000000001,0.0,0.014000000000000002,15.819999999999999,218.22000000000003,0.36,7940.6,-101.2,1.5,1.0,2025-06-10T00:03:08.225680896Z
20029.833333333332,97.16666666666667,91.58333333333333,1018.4166666666665,0.0,0.02,15.733333333333334,222.56666666666663,0.43333333333333335,6798.833333333333,-103.0,-1.5666666666666664,1.0,2025-06-10T00:12:24.103629568Z
20003.25,97.0,91.625,1018.35,0.0,0.0175,15.8,181.40000000000003,0.325,7515.5,-100.0,-0.10000000000000009,1.0,2025-06-10T00:23:04.840470784Z
20119.4,97.0,91.3,1018.4200000000001,0.0,0.014000000000000002,15.440000000000001,215.66,0.3,7946.4,-100.8,0.9400000000000002,1.0,2025-06-10T00:33:08.202157568Z
20034.833333333332,96.33333333333333,92.41666666666667,1018.4,0.0,0.02,15.450000000000001,200.66666666666666,0.35000000000000003,6804.5,-103.16666666666667,-0.016666666666666757,1.0,2025-06-10T00:42:24.065506304Z
20036.833333333332,96.33333333333333,92.41666666666667,1018.3666666666667,0.0,0.02,15.366666666666667,229.33333333333334,0.48333333333333334,6806.5,-103.33333333333333,-0.5500000000000002,1.0,2025-06-10T00:53:04.045508352Z
20125.2,96.2,92.1,1018.24,0.0,0.024,15.16,218.64000000000001,0.6,7952.2,-100.8,0.3799999999999997,1.0,2025-06-10T01:03:08.181710336Z
20040.5,95.66666666666667,92.0,1018.2833333333333,0.0,0.030000000000000002,15.199999999999998,203.4333333333333,0.6333333333333333,6810.166666666667,-102.5,-0.6000000000000002,1.0,2025-06-10T01:12:24.054940672Z
20042.5,95.0,91.58333333333333,1018.2833333333333,0.0,0.030000000000000002,15.15,217.76666666666665,0.65,6812.166666666667,-103.66666666666667,-0.5166666666666665,1.0,2025-06-10T01:23:04.024698112Z
20131.0,95.0,92.6,1018.24,0.0,0.026000000000000002,15.02,221.98000000000002,0.58,7958.0,-101.6,0.74,1.0,2025-06-10T01:33:08.595899648Z
20046.166666666668,94.66666666666667,92.66666666666667,1018.3166666666666,0.0,0.030000000000000002,15.033333333333333,233.38333333333333,0.7000000000000001,6815.833333333333,-102.83333333333333,-0.6500000000000002,1.0,2025-06-10T01:42:24.014247168Z
20134.8,94.6,94.0,1018.22,0.0,0.026000000000000002,14.879999999999999,256.47999999999996,0.6599999999999999,7962.0,-100.8,1.8,1.0,2025-06-10T01:53:56.128572160Z
20136.6,94.6,94.3,1018.1800000000001,0.0,0.038,14.76,245.18,0.6,7963.8,-100.2,1.02,1.0,2025-06-10T02:03:08.127373568Z
20051.5,94.5,100.0,1940.7666666666667,42.5,109.27333333333333,12.216666666666667,211.75000000000003,1092.9,6821.5,-103.33333333333333,-1.1666666666666665,1.0,2025-06-10T02:12:24.682548480Z
20053.5,94.0,94.5,1018.1333333333333,0.0,0.05333333333333334,14.666666666666666,228.61666666666667,0.7166666666666667,6823.5,-103.16666666666667,-0.7833333333333338,1.0,2025-06-10T02:23:03.987245056Z
20142.4,94.0,94.7,1018.0600000000001,0.0,0.05800000000000001,14.6,253.3,0.6,7969.6,-100.2,1.8799999999999997,1.0,2025-06-10T02:33:08.111645184Z
20057.166666666668,93.83333333333333,94.0,1018.0000000000001,0.0,0.05666666666666667,14.633333333333333,208.01666666666665,0.7999999999999999,6827.166666666667,-102.5,-0.4666666666666666,1.0,2025-06-10T02:42:23.956600576Z
20059.166666666668,93.66666666666667,93.91666666666667,1018.0,0.0,0.05666666666666667,14.633333333333333,194.04999999999998,0.7666666666666667,6829.166666666667,-102.66666666666667,-0.6833333333333328,1.0,2025-06-10T02:53:03.948205312Z
20148.2,93.6,94.2,1018.0,0.0,0.05800000000000001,14.679999999999998,214.56,0.9800000000000001,7975.4,-100.0,-0.1,1.0,2025-06-10T03:03:08.085505536Z
20150.0,93.4,93.9,1017.9599999999998,0.0,0.062,14.680000000000001,223.16,1.0,7977.4,-100.0,0.64,1.0,2025-06-10T03:13:32.080974592Z
20064.5,93.0,93.91666666666667,1018.0,0.0,0.06333333333333334,14.716666666666669,222.69999999999996,0.9333333333333335,6834.833333333333,-103.16666666666667,-0.5999999999999998,1.0,2025-06-10T03:23:03.921467648Z
20153.8,92.8,94.4,1018.0,0.0,0.062,14.64,229.8,0.9,7981.2,-99.2,-1.4399999999999997,1.0,2025-06-10T03:33:08.063043328Z
20068.166666666668,92.66666666666667,93.66666666666667,1018.1,0.0,0.06333333333333334,14.633333333333335,220.8166666666667,0.9333333333333332,6838.5,-102.83333333333333,-1.2500000000000002,1.0,2025-06-10T03:42:24.271616768Z
20070.166666666668,92.0,94.5,1018.0833333333334,0.0,0.07333333333333333,14.733333333333334,224.11666666666667,0.8666666666666667,6840.5,-102.0,-0.09999999999999994,1.0,2025-06-10T03:53:03.905537280Z
20159.6,92.0,94.6,1018.04,0.0,0.068,14.86,231.04000000000002,1.1,7987.0,-101.4,2.1,1.0,2025-06-10T04:03:08.037598208Z
20073.833333333332,92.0,93.66666666666667,1018.0500000000001,0.0,0.07666666666666667,15.216666666666667,222.63333333333333,1.0666666666666667,6844.166666666667,-103.0,-0.9666666666666668,1.0,2025-06-10T04:12:23.891580160Z
20075.833333333332,91.66666666666667,92.58333333333333,1018.0666666666667,0.0,0.07833333333333332,15.633333333333335,225.91666666666666,1.0333333333333334,6846.166666666667,-101.83333333333333,-1.6833333333333336,1.0,2025-06-10T04:23:03.878553856Z
20165.4,91.6,92.0,1018.14,0.0,0.072,16.0,233.66,1.3,7992.8,-100.2,1.18,1.0,2025-06-10T04:33:08.436347904Z
20079.5,91.66666666666667,90.91666666666667,1018.1333333333333,0.0,0.08,16.516666666666666,226.38333333333333,1.25,6849.833333333333,-102.33333333333333,-0.1333333333333333,1.0,2025-06-10T04:42:23.868329728Z
20081.5,92.0,89.75,1018.1333333333333,0.0,0.08,17.05,234.14999999999998,1.3166666666666664,6851.833333333333,-102.66666666666667,-0.6999999999999997,1.0,2025-06-10T04:53:03.857010432Z
20171.2,92.0,89.0,1018.14,0.0,0.072,17.439999999999998,250.02000000000004,0.9600000000000002,7998.6,-99.8,1.1400000000000001,1.0,2025-06-10T05:03:07.985619712Z
20085.166666666668,92.0,86.75,1018.2166666666667,0.0,0.08,17.916666666666668,243.61666666666667,1.4000000000000001,6855.5,-101.83333333333333,-0.1333333333333333,1.0,2025-06-10T05:12:23.830841088Z
20087.166666666668,92.66666666666667,84.41666666666667,1018.1166666666667,0.0,0.08,18.466666666666665,264.7,1.4166666666666667,6857.5,-103.0,0.0,1.0,2025-06-10T05:23:03.824369664Z
20177.0,93.2,82.0,1018.0599999999998,0.0,0.072,18.94,287.0,1.5399999999999998,8004.4,-102.0,0.19999999999999982,1.0,2025-06-10T05:33:07.964225024Z
20090.833333333332,93.33333333333333,79.83333333333333,1018.1666666666666,0.0,0.08,19.25,268.4166666666667,1.6833333333333336,6861.166666666667,-101.83333333333333,-0.6333333333333334,1.0,2025-06-10T05:42:23.808245760Z
20092.833333333332,93.66666666666667,78.0,1018.2333333333332,0.0,0.08,19.583333333333332,273.31666666666666,1.8,6863.166666666667,-102.66666666666667,-0.0999999999999998,1.0,2025-06-10T05:53:03.803980032Z
20182.8,94.0,75.4,1018.24,0.0,0.072,19.9,290.66,1.86,8010.2,-102.0,-0.76,1.0,2025-06-10T06:03:07.943704064Z
20184.6,94.0,74.6,1018.26,0.0,0.072,20.24,278.71999999999997,1.38,8012.2,-101.2,-0.9399999999999998,1.0,2025-06-10T06:13:31.927679488Z
20098.166666666668,94.0,72.83333333333333,1018.4,0.0,0.08166666666666667,20.65,291.4333333333333,1.6500000000000001,6868.833333333333,-102.0,-2.1999999999999997,1.0,2025-06-10T06:23:03.779113728Z
20188.4,96.8,70.9,1018.36,0.0,0.074,21.02,298.21999999999997,1.42,8016.0,-99.6,-1.7199999999999995,1.0,2025-06-10T06:33:07.927468288Z
20101.833333333332,97.33333333333333,69.66666666666667,1018.4333333333334,0.0,0.08333333333333333,21.5,249.98333333333335,1.4666666666666668,6872.5,-103.83333333333333,-1.1666666666666667,1.0,2025-06-10T06:42:23.764884224Z
20103.833333333332,97.33333333333333,68.75,1018.4166666666666,0.0,0.08333333333333333,22.016666666666666,195.23333333333335,1.0999999999999999,6874.5,-103.16666666666667,-1.45,1.0,2025-06-10T06:53:03.755964672Z
20243.0,99.0,67.0,1018.4,0.0,0.09,22.45,316.475,1.15,7592.5,-101.75,-1.55,1.0,2025-06-10T07:03:38.177574912Z
20107.166666666668,99.33333333333333,66.0,1018.3166666666667,0.0,0.09000000000000001,22.7,206.04999999999995,1.1333333333333335,6878.166666666667,-103.5,0.5499999999999998,1.0,2025-06-10T07:12:23.756019712Z
20109.166666666668,99.33333333333333,63.916666666666664,1018.2833333333333,0.0,0.09333333333333334,23.266666666666666,181.16666666666666,1.1,6880.166666666667,-102.16666666666667,-2.1666666666666665,1.0,2025-06-10T07:23:03.732097792Z
20199.6,99.6,62.8,1018.1200000000001,0.0,0.08600000000000001,23.78,122.58,1.1199999999999999,8027.6,-101.4,-0.9799999999999999,1.0,2025-06-10T07:33:07.876222464Z
20112.833333333332,100.0,61.833333333333336,1018.15,0.0,0.09333333333333334,23.95,249.1,1.5,6883.833333333333,-102.0,-1.8666666666666665,1.0,2025-06-10T07:42:23.723901696Z
20114.833333333332,100.0,60.583333333333336,1018.0833333333331,0.0,0.09333333333333334,24.333333333333332,265.25,0.8166666666666668,6885.833333333333,-102.66666666666667,-0.11666666666666654,1.0,2025-06-10T07:53:03.711811840Z
20338.5,100.0,60.25,1017.85,0.0,0.07500000000000001,24.674999999999997,106.925,1.725,9752.0,-98.75,3.7,1.0,2025-06-10T08:03:44.623384576Z
20207.0,100.0,60.3,1017.8799999999999,0.0,0.08600000000000001,24.740000000000002,213.07999999999998,1.52,8035.2,-101.0,0.64,1.0,2025-06-10T08:12:19.860134400Z
20119.833333333332,100.0,58.666666666666664,1017.8499999999999,0.0,0.09333333333333334,25.11666666666667,253.26666666666665,1.0833333333333333,6891.5,-102.16666666666667,-1.1500000000000001,1.0,2025-06-10T08:23:03.693418496Z
20210.8,100.0,57.7,1017.68,0.0,0.08600000000000001,25.380000000000003,115.21999999999998,0.9800000000000001,8039.2,-101.4,1.04,1.0,2025-06-10T08:33:07.843545600Z
20123.5,100.0,56.0,1017.6,0.0,0.09333333333333334,25.63333333333333,181.86666666666665,1.2333333333333334,6895.166666666667,-103.16666666666667,-0.3,1.0,2025-06-10T08:42:23.682189056Z
20125.5,100.0,54.25,1017.4333333333334,0.0,0.09333333333333334,26.149999999999995,148.8,0.7333333333333334,6897.166666666667,-103.66666666666667,-0.4333333333333331,1.0,2025-06-10T08:53:03.688317696Z
20216.6,100.0,52.8,1017.24,0.0,0.08600000000000001,26.359999999999996,268.65999999999997,1.5,8045.0,-100.8,0.9,1.0,2025-06-10T09:03:07.831735808Z
20129.166666666668,100.0,51.666666666666664,1017.2333333333335,0.0,0.09333333333333334,26.3,181.01666666666665,1.3,6900.833333333333,-102.5,0.30000000000000027,1.0,2025-06-10T09:12:23.742663680Z
20131.166666666668,100.0,52.166666666666664,1017.1833333333334,0.0,0.09333333333333334,26.7,211.85000000000002,1.4166666666666667,6902.833333333333,-103.33333333333333,-0.5666666666666663,1.0,2025-06-10T09:23:03.664909568Z
20222.4,100.0,51.2,1017.0599999999998,0.0,0.08600000000000001,26.779999999999994,194.96,0.74,8050.8,-101.0,1.54,1.0,2025-06-10T09:33:07.817039872Z
20134.833333333332,100.0,48.666666666666664,1017.0500000000001,0.0,0.09333333333333334,26.78333333333333,250.48333333333335,1.2333333333333332,6906.5,-103.16666666666667,-1.0666666666666667,1.0,2025-06-10T09:42:23.661862912Z
20136.833333333332,100.0,49.5,1016.9833333333332,0.0,0.09166666666666667,26.86666666666667,132.38333333333333,1.4833333333333334,6908.5,-103.33333333333333,0.3333333333333333,1.0,2025-06-10T09:53:03.644439552Z
20228.2,100.0,49.0,1016.76,0.0,0.082,27.119999999999997,214.8,1.2999999999999998,8056.6,-101.4,1.7399999999999998,1.0,2025-06-10T10:03:07.798318848Z
20161.4,100.0,47.3,1016.8,0.0,0.10800000000000001,27.4,207.53999999999996,2.0,6339.0,-105.0,-1.2399999999999998,1.0,2025-06-10T10:11:39.052482048Z
20231.6,100.0,47.7,1016.54,0.0,0.082,27.580000000000002,225.1,1.22,8060.6,-99.8,-0.8399999999999999,1.0,2025-06-10T10:23:55.775088128Z
20233.4,100.0,46.3,1016.6,0.0,0.026000000000000002,27.639999999999997,243.9,1.22,8062.4,-100.8,1.4,1.0,2025-06-10T10:33:07.774347264Z
20145.5,100.0,44.416666666666664,1016.5,0.0,0.043333333333333335,27.899999999999995,242.73333333333335,1.9166666666666667,6917.833333333333,-103.5,0.1499999999999999,1.0,2025-06-10T10:42:23.630333184Z
20147.5,100.0,44.166666666666664,1016.4499999999999,0.0,0.043333333333333335,27.816666666666663,284.20000000000005,1.3999999999999997,6919.833333333333,-104.16666666666667,-0.3333333333333335,1.0,2025-06-10T10:53:03.617240320Z
20239.2,100.0,42.8,1016.26,0.0,0.026000000000000002,28.259999999999998,102.42,1.3400000000000003,8068.2,-101.2,1.3599999999999999,1.0,2025-06-10T11:03:07.762978304Z
20151.166666666668,100.0,41.583333333333336,1016.2666666666665,0.0,0.043333333333333335,28.533333333333335,75.68333333333334,1.6333333333333335,6923.5,-102.33333333333333,-0.33333333333333304,1.0,2025-06-10T11:12:23.598604288Z
20153.166666666668,100.0,43.166666666666664,1016.1999999999999,0.0,0.043333333333333335,28.45,194.21666666666667,1.5833333333333333,6925.5,-103.66666666666667,0.016666666666666757,1.0,2025-06-10T11:23:03.594182400Z
20245.0,100.0,42.4,1016.0799999999999,0.0,0.026000000000000002,28.840000000000003,169.88,1.42,8074.0,-102.2,1.6800000000000002,1.0,2025-06-10T11:33:07.745455616Z
20156.833333333332,100.0,41.916666666666664,1016.0,0.0,0.043333333333333335,28.833333333333332,165.9,1.9000000000000001,6929.166666666667,-102.0,-1.1166666666666665,1.0,2025-06-10T11:42:24.308551936Z
20158.833333333332,100.0,42.0,1015.9166666666666,0.0,0.043333333333333335,28.75,198.4666666666667,1.4833333333333332,6931.166666666667,-102.5,-0.38333333333333347,1.0,2025-06-10T11:53:03.577707520Z
20250.8,100.0,41.2,1015.7,0.0,0.026000000000000002,29.1,167.22,1.22,8079.8,-101.4,1.1400000000000001,1.0,2025-06-10T12:03:07.736218112Z
20162.5,100.0,41.75,1015.6666666666666,0.0,0.043333333333333335,28.86666666666667,165.13333333333333,1.2,6934.833333333333,-102.33333333333333,-0.5333333333333335,1.0,2025-06-10T12:12:23.572271104Z
20164.5,100.0,41.75,1015.5500000000001,0.0,0.043333333333333335,29.116666666666664,125.81666666666668,1.6833333333333336,6936.833333333333,-102.83333333333333,-1.4666666666666668,1.0,2025-06-10T12:23:03.926117120Z
20256.6,100.0,39.2,1015.3,0.0,0.026000000000000002,29.579999999999995,135.5,1.38,8085.6,-101.0,1.4000000000000001,1.0,2025-06-10T12:33:07.724296448Z
20168.166666666668,100.0,39.833333333333336,1015.3333333333334,0.0,0.043333333333333335,29.833333333333332,146.85,1.4333333333333333,6940.5,-102.83333333333333,-0.8166666666666664,1.0,2025-06-10T12:42:23.565093120Z
20260.4,100.0,39.9,1015.1199999999999,0.0,0.026000000000000002,29.82,169.49999999999997,1.6,8089.6,-101.2,0.15999999999999984,1.0,2025-06-10T12:53:55.713455872Z
20262.2,100.0,38.7,1014.9599999999998,0.0,0.026000000000000002,30.060000000000002,273.48,1.94,8091.4,-100.8,0.12000000000000029,1.0,2025-06-10T13:03:07.710598912Z
20264.0,100.0,39.3,1014.8,0.0,0.026000000000000002,30.060000000000002,241.78000000000003,1.52,8093.4,-100.4,0.8400000000000001,1.0,2025-06-10T13:13:31.704492544Z
20195.6,100.0,38.4,1014.8399999999999,0.0,0.052000000000000005,30.320000000000004,203.27999999999997,1.3800000000000001,6374.8,-104.8,-0.9999999999999998,1.0,2025-06-10T13:23:26.950793728Z
20267.4,100.0,38.7,1014.6199999999999,0.0,0.026000000000000002,30.3,212.08,1.48,8097.2,-101.4,1.7,1.0,2025-06-10T13:33:07.709408256Z
20178.5,100.0,38.5,1014.5500000000001,0.0,0.043333333333333335,30.333333333333332,196.0666666666667,1.75,6951.833333333333,-102.66666666666667,-0.38333333333333347,1.0,2025-06-10T13:42:23.543947008Z
20180.5,100.0,38.0,1014.4333333333334,0.0,0.043333333333333335,30.616666666666664,187.03333333333333,1.366666666666667,6953.833333333333,-102.66666666666667,0.13333333333333344,1.0,2025-06-10T13:53:03.903833088Z
20273.2,100.0,37.9,1014.24,0.0,0.026000000000000002,30.76,186.16,1.0799999999999998,8103.0,-101.8,1.3199999999999998,1.0,2025-06-10T14:03:07.698121984Z
20184.166666666668,100.0,37.916666666666664,1014.15,0.0,0.045000000000000005,30.933333333333334,219.11666666666667,1.4666666666666666,6957.5,-102.33333333333333,-0.8000000000000002,1.0,2025-06-10T14:12:23.531170048Z
20186.166666666668,100.0,38.416666666666664,1014.0,0.0,0.04666666666666667,30.5,242.36666666666667,1.5333333333333332,6959.5,-102.33333333333333,-0.6333333333333334,1.0,2025-06-10T14:23:03.521390592Z
20279.0,100.0,37.1,1013.8199999999999,0.0,0.028000000000000004,30.8,233.0,0.8600000000000001,8108.8,-101.2,2.3,1.0,2025-06-10T14:33:07.687447040Z
20189.833333333332,100.0,37.166666666666664,1013.8333333333335,0.0,0.04666666666666667,30.766666666666666,211.06666666666663,1.0666666666666667,6963.166666666667,-103.33333333333333,-0.8500000000000001,1.0,2025-06-10T14:42:23.522642688Z
20191.833333333332,100.0,37.75,1013.7833333333334,0.0,0.04833333333333334,30.75,232.5,1.7166666666666668,6965.166666666667,-102.5,-0.3333333333333332,1.0,2025-06-10T14:53:03.513668608Z
20284.8,100.0,37.5,1013.68,0.0,0.03,31.02,180.51999999999998,1.06,8114.6,-100.0,1.2,1.0,2025-06-10T15:03:07.680221696Z
20195.5,100.0,37.916666666666664,1013.7166666666667,0.0,0.049999999999999996,30.8,169.51666666666665,1.383333333333333,6968.833333333333,-107.66666666666667,-7.583333333333333,1.0,2025-06-10T15:12:24.859777792Z
20197.5,100.0,38.25,1013.6,0.0,0.051666666666666666,30.549999999999997,233.53333333333333,1.8666666666666665,6970.833333333333,-105.83333333333333,-4.050000000000001,1.0,2025-06-10T15:23:04.244001536Z
20290.6,100.0,37.9,1013.4399999999999,0.0,0.032,30.659999999999997,198.14000000000001,0.86,8120.4,-102.2,1.44,1.0,2025-06-10T15:33:07.662809344Z
20201.166666666668,100.0,37.5,1013.4166666666666,0.0,0.05333333333333334,30.816666666666666,222.16666666666666,1.3,6974.5,-101.5,-0.25000000000000017,1.0,2025-06-10T15:42:23.492674816Z
20203.166666666668,100.0,37.0,1013.3833333333332,0.0,0.05333333333333334,30.766666666666666,210.58333333333334,1.3833333333333335,6976.5,-102.33333333333333,-0.21666666666666692,1.0,2025-06-10T15:53:03.489247232Z
20296.4,100.0,37.0,1013.2,0.0,0.032,30.82,166.62,1.12,8126.2,-101.6,1.7600000000000002,1.0,2025-06-10T16:03:07.655952384Z
20206.833333333332,100.0,39.166666666666664,1013.1833333333333,0.0,0.05333333333333334,30.666666666666668,161.51666666666668,1.1500000000000001,6980.166666666667,-103.16666666666667,-1.0,1.0,2025-06-10T16:12:23.480958720Z
20208.833333333332,100.0,38.0,1013.1,0.0,0.05333333333333334,30.7,109.44999999999999,0.9500000000000001,6982.166666666667,-101.83333333333333,-0.36666666666666653,1.0,2025-06-10T16:23:03.476683520Z
20302.2,100.0,39.3,1013.0799999999999,0.0,0.032,30.3,72.56000000000002,1.3400000000000003,8132.0,-101.0,1.5,1.0,2025-06-10T16:33:07.643061760Z
20212.5,100.0,40.0,1013.0666666666666,0.0,0.05333333333333334,30.249999999999996,116.01666666666667,0.8999999999999999,6985.833333333333,-105.5,-4.733333333333333,1.0,2025-06-10T16:42:23.463702528Z
20214.5,100.0,38.333333333333336,1013.0166666666668,0.0,0.05333333333333334,30.183333333333334,137.21666666666667,1.0,6987.833333333333,-103.66666666666667,-0.6833333333333331,1.0,2025-06-10T16:53:03.457251328Z
20308.0,100.0,40.5,1012.9799999999999,0.0,0.032,29.839999999999996,74.46,1.0599999999999998,8137.8,-102.0,0.3999999999999998,1.0,2025-06-10T17:03:07.628084736Z
20218.166666666668,100.0,41.333333333333336,1012.9833333333332,0.0,0.05333333333333334,29.833333333333332,113.85000000000001,0.8999999999999999,6991.5,-103.33333333333333,-0.21666666666666665,1.0,2025-06-10T17:12:23.445337856Z
20220.166666666668,100.0,42.416666666666664,1013.0166666666668,0.0,0.05333333333333334,29.516666666666666,112.80000000000001,0.8833333333333334,6993.5,-103.66666666666667,-0.15000000000000022,1.0,2025-06-10T17:23:03.438361344Z
20313.8,100.0,44.4,1012.96,0.0,0.032,28.9,88.2,1.0,8143.6,-101.0,0.78,1.0,2025-06-10T17:33:07.614322176Z
20223.833333333332,100.0,46.75,1013.0166666666665,0.0,0.05333333333333334,28.46666666666667,79.28333333333332,1.0,6997.166666666667,-104.16666666666667,-4.983333333333333,1.0,2025-06-10T17:42:23.444791296Z
20225.833333333332,100.0,49.75,1012.8333333333334,0.0,0.05333333333333334,27.76666666666667,69.55,1.5333333333333334,6999.166666666667,-100.5,-1.1166666666666665,1.0,2025-06-10T17:53:03.785877504Z
20319.6,100.0,51.8,1012.8399999999999,0.0,0.036,27.24,74.54,1.5,8149.4,-101.8,1.3599999999999999,1.0,2025-06-10T18:03:07.595537920Z
20229.5,100.0,55.666666666666664,1012.9166666666665,0.0,0.06166666666666667,26.28333333333333,72.89999999999999,1.5499999999999998,7002.833333333333,-103.16666666666667,-0.8999999999999999,1.0,2025-06-10T18:12:23.404279808Z
20231.5,100.0,56.583333333333336,1012.8666666666667,0.0,0.06333333333333334,25.866666666666664,90.35000000000001,1.7999999999999998,7004.833333333333,-101.83333333333333,-1.6000000000000003,1.0,2025-06-10T18:23:03.398872832Z
20325.4,100.0,59.5,1012.8399999999999,0.0,0.038,25.380000000000003,97.8,1.4,8155.2,-100.2,0.86,1.0,2025-06-10T18:33:08.011877120Z
20235.166666666668,100.0,60.833333333333336,1012.9499999999999,0.0,0.07,24.96666666666667,99.41666666666667,1.2,7008.5,-103.83333333333333,-1.0166666666666664,1.0,2025-06-10T18:42:23.395427072Z
20237.166666666668,100.0,62.416666666666664,1012.9499999999998,0.0,0.03833333333333333,24.516666666666666,98.75,1.0333333333333334,7010.5,-102.5,-1.4833333333333332,1.0,2025-06-10T18:53:03.377717504Z
20331.2,100.0,64.2,1012.9,0.0,0.018000000000000002,24.08,88.28,0.6599999999999999,8161.0,-100.6,0.7999999999999998,1.0,2025-06-10T19:03:07.554828800Z
20240.833333333332,100.0,66.5,1012.9833333333332,0.0,0.023333333333333334,23.61666666666667,174.96666666666667,0.8333333333333335,7014.166666666667,-102.83333333333333,0.20000000000000004,1.0,2025-06-10T19:12:23.362183936Z
20262.6,100.0,69.7,1013.1600000000001,0.0,0.028000000000000004,22.9,85.6,0.8800000000000001,6442.0,-105.4,-1.4,1.0,2025-06-10T19:23:26.759364096Z
20336.6,100.0,68.4,1013.0600000000001,0.0,0.028000000000000004,22.979999999999997,92.08,0.7,8166.8,-101.2,0.82,1.0,2025-06-10T19:33:07.531639296Z
20246.166666666668,100.0,69.41666666666667,1013.2166666666667,0.0,0.026666666666666672,22.76666666666667,91.14999999999999,1.0166666666666668,7019.833333333333,-102.83333333333333,-0.9666666666666663,1.0,2025-06-10T19:42:23.339368192Z
20248.166666666668,100.0,70.33333333333333,1013.1833333333334,0.0,0.026666666666666672,22.483333333333334,88.05,0.9166666666666666,7021.833333333333,-102.33333333333333,-0.5333333333333333,1.0,2025-06-10T19:53:03.334139904Z
20342.4,100.0,70.8,1013.0600000000001,0.0,0.030000000000000006,22.360000000000003,93.44,0.7999999999999999,8172.6,-102.0,1.8,1.0,2025-06-10T20:03:07.513976064Z
20251.833333333332,100.0,71.41666666666667,1013.2833333333333,0.0,0.026666666666666672,22.13333333333333,88.39999999999999,0.7166666666666667,7025.5,-103.16666666666667,-1.05,1.0,2025-06-10T20:12:23.311911936Z
20253.833333333332,100.0,72.66666666666667,1013.3833333333332,0.0,0.026666666666666672,21.833333333333332,115.41666666666667,0.49999999999999994,7027.5,-102.0,-0.9166666666666666,1.0,2025-06-10T20:23:03.303768320Z
20348.2,100.0,73.6,1013.2800000000001,0.0,0.030000000000000006,21.72,167.51999999999998,0.54,8178.4,-100.8,0.9800000000000001,1.0,2025-06-10T20:33:07.487175936Z
20257.5,100.0,73.91666666666667,1013.2666666666668,0.0,0.026666666666666672,21.516666666666666,100.71666666666668,0.65,7031.166666666667,-103.16666666666667,-0.6499999999999999,1.0,2025-06-10T20:42:23.647629312Z
20259.5,100.0,74.25,1013.25,0.0,0.026666666666666672,21.416666666666668,91.58333333333333,0.5333333333333333,7033.166666666667,-103.33333333333333,-1.5,1.0,2025-06-10T20:53:03.284760832Z
20354.0,100.0,75.5,1013.14,0.0,0.030000000000000006,21.259999999999998,101.67999999999999,0.48,8184.2,-100.6,-0.1,1.0,2025-06-10T21:03:07.450867712Z
20282.8,100.0,78.7,1013.26,0.0,0.03200000000000001,20.759999999999998,119.66,0.76,6462.4,-103.0,-2.56,1.0,2025-06-10T21:12:38.684965632Z
20264.833333333332,100.0,79.08333333333333,1013.2666666666668,0.0,0.030000000000000002,20.516666666666666,120.56666666666668,0.7666666666666666,7038.833333333333,-103.16666666666667,-0.18333333333333313,1.0,2025-06-10T21:23:03.631624960Z
20359.4,100.0,79.8,1013.1199999999999,0.0,0.03200000000000001,20.34,118.58,0.44000000000000006,8190.0,-101.6,1.04,1.0,2025-06-10T21:33:07.435678208Z
20268.5,99.66666666666667,79.91666666666667,1013.1166666666668,0.0,0.030000000000000002,20.116666666666667,131.88333333333333,0.6333333333333333,7042.5,-102.0,-0.3000000000000001,1.0,2025-06-10T21:42:23.255032832Z
20270.5,99.66666666666667,82.25,1013.1333333333333,0.0,0.030000000000000002,19.866666666666664,281.4833333333333,0.7000000000000001,7044.5,-102.0,-0.6166666666666666,1.0,2025-06-10T21:53:03.230371584Z
20365.2,99.6,83.1,1013.0600000000001,0.0,0.03200000000000001,19.64,221.26,0.7,8195.8,-101.0,1.3,1.0,2025-06-10T22:03:07.406209024Z
20274.166666666668,99.5,83.66666666666667,1013.1166666666668,0.0,0.030000000000000002,19.599999999999998,285.20000000000005,0.7999999999999999,7048.166666666667,-102.66666666666667,-0.7000000000000001,1.0,2025-06-10T22:12:23.216410368Z
20276.166666666668,99.33333333333333,84.0,1013.1333333333333,0.0,0.030000000000000002,19.45,195.6833333333333,0.3833333333333333,7050.166666666667,-101.66666666666667,-1.2833333333333332,1.0,2025-06-10T22:23:03.212534016Z
20510.5,99.5,84.5,1012.9749999999999,0.0,0.035,19.3,172.65,0.44999999999999996,9926.0,-97.25,3.95,1.0,2025-06-10T22:33:43.658660096Z
20279.5,99.0,84.66666666666667,1013.0833333333335,0.0,0.030000000000000002,19.28333333333333,188.03333333333333,0.5166666666666666,7053.833333333333,-102.33333333333333,-1.7,1.0,2025-06-10T22:42:23.189385984Z
20281.5,99.0,83.75,1013.0333333333334,0.0,0.030000000000000002,19.116666666666667,233.01666666666665,0.6166666666666666,7055.833333333333,-102.5,-2.0333333333333337,1.0,2025-06-10T22:53:03.172740352Z
20376.6,98.2,85.0,1012.9399999999999,0.0,0.03200000000000001,18.939999999999998,138.52,0.38,8207.4,-99.4,-0.8800000000000002,1.0,2025-06-10T23:03:07.359250432Z
20378.4,98.0,87.6,1012.9599999999998,0.0,0.03200000000000001,18.839999999999996,154.42,0.42000000000000004,8209.4,-101.0,1.3599999999999999,1.0,2025-06-10T23:13:31.339899392Z
20286.833333333332,98.0,87.41666666666667,1012.9499999999999,0.0,0.030000000000000002,18.716666666666665,151.06666666666663,0.31666666666666665,7061.5,-102.66666666666667,-1.7,1.0,2025-06-10T23:23:03.154400256Z
20522.5,98.0,86.375,1012.825,0.0,0.035,18.724999999999998,198.47500000000002,0.325,9938.0,-98.0,2.45,1.0,2025-06-10T23:33:43.611056640Z
20177.0,97.2,85.5,1012.9,0.0,0.022000000000000002,18.919999999999998,131.64000000000001,0.4,6490.2,-102.8,-1.9200000000000004,1.0,2025-06-10T23:42:35.538668032Z
20291.833333333332,97.33333333333333,85.83333333333333,1012.9499999999999,0.0,0.030000000000000002,18.716666666666665,232.36666666666667,0.3666666666666667,7067.166666666667,-103.33333333333333,-0.5,1.0,2025-06-10T23:53:03.124373760Z
20387.4,96.8,86.6,1012.9,0.0,0.036,18.619999999999997,266.74,0.4800000000000001,8219.0,-101.2,1.72,1.0,2025-06-11T00:03:07.326693888Z
20295.5,97.0,85.66666666666667,1012.9499999999999,0.0,0.03666666666666667,18.450000000000003,125.01666666666667,0.6,7070.833333333333,-103.0,-1.1166666666666665,1.0,2025-06-11T00:12:23.476038656Z
20297.5,96.33333333333333,86.16666666666667,1012.9333333333334,0.0,0.03666666666666667,18.400000000000002,217.9333333333333,0.26666666666666666,7072.833333333333,-105.33333333333333,-5.650000000000001,1.0,2025-06-11T00:23:03.464248576Z
20393.2,96.4,86.4,1012.8799999999999,0.0,0.04,18.38,218.8,0.18000000000000002,8224.8,-99.8,0.9199999999999999,1.0,2025-06-11T00:33:07.286288896Z
20395.0,96.2,88.5,1012.8399999999999,0.0,0.04,18.26,192.3,0.22000000000000003,8226.8,-101.2,0.74,1.0,2025-06-11T00:43:31.278922496Z
20302.833333333332,96.0,87.5,1012.8166666666666,0.0,0.03666666666666667,18.166666666666668,155.33333333333334,0.43333333333333335,7078.5,-102.5,-2.3166666666666664,1.0,2025-06-11T00:53:03.073034240Z
20398.8,95.8,88.3,1012.8,0.0,0.04,18.060000000000002,227.01999999999998,0.38,8230.6,-101.6,1.54,1.0,2025-06-11T01:03:07.267949056Z
20400.6,95.6,88.6,1012.7,0.0,0.04,18.04,180.50000000000003,0.58,8232.6,-100.6,0.7799999999999999,1.0,2025-06-11T01:13:31.257755904Z
20402.4,95.4,87.7,1012.6199999999999,0.0,0.04,18.200000000000003,182.72000000000003,0.6599999999999999,8234.6,-101.4,1.24,1.0,2025-06-11T01:23:55.235337984Z
20546.0,95.5,86.625,1012.525,0.0,0.045,18.2,179.625,0.7000000000000001,9962.0,-97.75,2.575,1.0,2025-06-11T01:33:43.515863552Z
20329.8,95.4,88.0,1012.68,0.0,0.044,17.9,206.85999999999999,0.24000000000000005,6512.6,-104.0,-2.8,1.0,2025-06-11T01:41:38.467079424Z
20312.833333333332,95.0,88.83333333333333,1012.6333333333333,0.0,0.03666666666666667,17.75,189.28333333333333,0.5666666666666668,7089.833333333333,-102.5,-0.6000000000000001,1.0,2025-06-11T01:53:03.030735872Z
20409.4,95.0,89.6,1012.5799999999999,0.0,0.04,17.5,226.84,0.3,8242.2,-101.8,2.3,1.0,2025-06-11T02:03:07.214816768Z
20316.5,94.33333333333333,89.75,1012.5500000000001,0.0,0.03666666666666667,17.46666666666667,161.39999999999998,0.43333333333333335,7093.5,-100.66666666666667,-5.083333333333333,1.0,2025-06-11T02:12:23.011176448Z
20318.5,94.16666666666667,89.41666666666667,1012.5666666666667,0.0,0.03666666666666667,17.53333333333333,160.16666666666666,0.5166666666666667,7095.5,-103.83333333333333,-1.2333333333333336,1.0,2025-06-11T02:23:03.392124672Z
20557.5,94.0,88.375,1012.35,0.0,0.045,17.575,221.75,0.325,9974.0,-101.0,-2.8499999999999996,1.0,2025-06-11T02:33:43.492678656Z
20321.833333333332,94.0,89.83333333333333,1012.5833333333334,0.0,0.03666666666666667,17.26666666666667,141.54999999999998,0.6666666666666666,7099.166666666667,-102.0,-1.3666666666666665,1.0,2025-06-11T02:42:23.036240128Z
20323.833333333332,93.33333333333333,90.25,1012.5500000000001,0.0,0.03666666666666667,17.283333333333335,162.51666666666665,0.6499999999999999,7101.166666666667,-103.33333333333333,-1.0999999999999999,1.0,2025-06-11T02:53:02.983701504Z
20467.75,93.5,91.125,1012.7,0.0,0.05,17.175,257.275,0.375,7822.5,-102.0,-1.075,1.0,2025-06-11T03:03:37.493444096Z
20327.166666666668,93.0,90.75,1012.5500000000002,0.0,0.03666666666666667,17.083333333333332,192.43333333333337,0.6166666666666667,7104.833333333333,-101.83333333333333,-0.2666666666666669,1.0,2025-06-11T03:12:22.960441344Z
20329.166666666668,93.0,91.08333333333333,1012.5666666666667,0.0,0.03666666666666667,17.016666666666666,190.65,0.7166666666666667,7106.833333333333,-102.83333333333333,-0.5166666666666665,1.0,2025-06-11T03:23:02.992890624Z
20569.0,92.5,91.625,1012.425,0.0,0.045,17.0,253.17500000000004,0.375,9986.0,-98.5,2.7,1.0,2025-06-11T03:33:43.447386880Z
20332.5,92.33333333333333,91.83333333333333,1012.6,0.0,0.03666666666666667,16.916666666666664,168.0,0.3499999999999999,7110.5,-103.66666666666667,-0.1166666666666667,1.0,2025-06-11T03:42:22.930562304Z
20334.5,92.0,91.75,1012.7000000000002,0.0,0.03666666666666667,16.983333333333334,241.31666666666663,0.30000000000000004,7112.5,-102.5,0.03333333333333336,1.0,2025-06-11T03:53:03.289640704Z
20431.8,92.0,91.5,1012.6600000000001,0.0,0.04,17.240000000000002,256.74,0.21999999999999997,8265.4,-99.0,-0.21999999999999992,1.0,2025-06-11T04:03:07.109048832Z
20338.166666666668,91.83333333333333,90.83333333333333,1012.75,0.0,0.03666666666666667,17.633333333333336,174.33333333333334,0.49999999999999994,7116.166666666667,-102.66666666666667,-1.1666666666666667,1.0,2025-06-11T04:12:22.908686592Z
20340.166666666668,91.66666666666667,89.75,1012.7833333333333,0.0,0.03666666666666667,18.216666666666665,150.01666666666668,0.35000000000000003,7118.166666666667,-101.33333333333333,-1.4666666666666668,1.0,2025-06-11T04:23:02.892304384Z
20581.0,91.5,86.75,1012.625,0.0,0.045,18.95,72.625,0.325,9998.0,-97.5,4.2,1.0,2025-06-11T04:33:43.388899328Z
20343.5,91.66666666666667,85.25,1012.7666666666668,0.0,0.03666666666666667,19.46666666666667,220.01666666666668,0.3833333333333333,7121.833333333333,-102.0,-1.3666666666666665,1.0,2025-06-11T04:42:22.904454144Z
20345.5,92.0,83.5,1012.8666666666667,0.0,0.04,20.066666666666663,214.70000000000005,0.4166666666666667,7123.833333333333,-102.83333333333333,-0.3500000000000001,1.0,2025-06-11T04:53:02.897064704Z
20443.2,92.0,81.7,1012.8800000000001,0.0,0.046,20.6,194.45999999999998,0.6199999999999999,8277.0,-102.0,1.7399999999999998,1.0,2025-06-11T05:03:07.068075008Z
20349.166666666668,92.0,79.41666666666667,1013.0000000000001,0.0,0.043333333333333335,20.983333333333338,258.1166666666667,0.6333333333333334,7127.5,-102.33333333333333,-0.16666666666666682,1.0,2025-06-11T05:12:22.858790144Z
20351.166666666668,92.33333333333333,78.0,1013.0166666666668,0.0,0.043333333333333335,21.516666666666666,248.64999999999998,0.75,7129.5,-103.66666666666667,-0.4000000000000001,1.0,2025-06-11T05:23:02.863418624Z
20449.0,92.8,75.4,1012.96,0.0,0.046,22.180000000000003,246.71999999999997,0.6599999999999999,8282.8,-102.0,-0.2400000000000002,1.0,2025-06-11T05:33:07.050585600Z
20354.833333333332,93.0,73.58333333333333,1013.0166666666668,0.0,0.043333333333333335,22.683333333333334,240.7166666666667,0.6333333333333332,7133.166666666667,-101.83333333333333,-1.3833333333333335,1.0,2025-06-11T05:42:22.834761728Z
20356.833333333332,93.33333333333333,70.0,1012.9333333333333,0.0,0.043333333333333335,23.583333333333332,152.83333333333334,0.6666666666666666,7135.166666666667,-102.66666666666667,-0.5500000000000002,1.0,2025-06-11T05:53:03.204524800Z
20454.8,93.6,67.9,1012.8799999999999,0.0,0.046,24.159999999999997,222.11999999999998,0.62,8288.6,-101.0,0.96,1.0,2025-06-11T06:03:07.043962624Z
20360.5,93.66666666666667,65.75,1012.9500000000002,0.0,0.043333333333333335,24.450000000000003,130.41666666666666,0.8833333333333333,7138.833333333333,-103.5,-0.85,1.0,2025-06-11T06:12:22.816336640Z
20362.5,94.5,63.833333333333336,1013.0500000000001,0.0,0.043333333333333335,25.133333333333336,115.88333333333333,0.6666666666666666,7140.833333333333,-103.33333333333333,-1.05,1.0,2025-06-11T06:23:02.813610240Z
20460.6,96.8,62.6,1013.0799999999999,0.0,0.046,25.619999999999997,83.4,0.6,8294.4,-101.2,2.06,1.0,2025-06-11T06:33:07.009375744Z
20366.166666666668,97.33333333333333,59.0,1013.0833333333335,0.0,0.043333333333333335,26.316666666666663,154.26666666666668,0.7000000000000001,7144.5,-103.5,-0.19999999999999987,1.0,2025-06-11T06:42:22.784514048Z
20368.166666666668,97.33333333333333,56.166666666666664,1013.1333333333333,0.0,0.043333333333333335,27.116666666666664,185.66666666666666,0.6833333333333332,7146.5,-102.83333333333333,-1.3333333333333333,1.0,2025-06-11T06:53:02.775472128Z
20466.4,99.2,56.4,1013.0799999999999,0.0,0.046,27.4,297.14,0.9,8300.2,-99.6,0.020000000000000108,1.0,2025-06-11T07:03:06.983629056Z
20371.833333333332,99.33333333333333,54.416666666666664,1013.1666666666666,0.0,0.043333333333333335,27.566666666666666,259.3833333333334,0.9666666666666667,7150.166666666667,-101.66666666666667,-2.4499999999999997,1.0,2025-06-11T07:12:23.143865088Z
20373.833333333332,99.33333333333333,53.333333333333336,1013.2166666666667,0.0,0.05000000000000001,27.683333333333334,194.06666666666663,1.2,7152.166666666667,-102.5,-1.7666666666666668,1.0,2025-06-11T07:23:02.753878016Z
20472.2,100.0,53.1,1013.0799999999999,0.0,0.05,28.060000000000002,152.54000000000002,0.8800000000000001,8306.0,-102.4,0.8,1.0,2025-06-11T07:33:06.968320512Z
20377.5,100.0,52.333333333333336,1013.1333333333332,0.0,0.05000000000000001,28.316666666666666,207.71666666666667,1.5333333333333332,7155.833333333333,-103.16666666666667,0.16666666666666652,1.0,2025-06-11T07:42:22.748322816Z
20379.5,100.0,51.25,1013.1333333333333,0.0,0.05000000000000001,28.516666666666666,123.3,0.8833333333333333,7157.833333333333,-102.83333333333333,0.4833333333333331,1.0,2025-06-11T07:53:02.731650048Z
20478.0,100.0,49.8,1013.04,0.0,0.05,29.139999999999997,265.14,1.1199999999999999,8311.8,-101.6,1.5,1.0,2025-06-11T08:03:06.961304832Z
20383.166666666668,100.0,49.166666666666664,1013.0999999999999,0.0,0.05000000000000001,29.45,177.98333333333335,1.0,7161.5,-103.33333333333333,-0.9666666666666667,1.0,2025-06-11T08:12:22.728758272Z
20385.166666666668,100.0,49.333333333333336,1013.1333333333332,0.0,0.05000000000000001,29.316666666666663,160.26666666666668,0.8166666666666668,7163.5,-103.33333333333333,0.18333333333333343,1.0,2025-06-11T08:23:02.740745984Z
20483.8,100.0,48.5,1013.1,0.0,0.052000000000000005,29.840000000000003,162.28,1.1199999999999999,8317.6,-101.4,0.8799999999999999,1.0,2025-06-11T08:33:06.933997824Z
20274.0,100.0,46.9,1013.1600000000001,0.0,0.052000000000000005,29.96,84.64,1.4599999999999997,6591.0,-103.2,-0.6000000000000002,1.0,2025-06-11T08:42:35.076718848Z
20487.2,100.0,46.0,1013.1199999999999,0.0,0.08,30.080000000000002,199.24,0.8800000000000001,8321.4,-101.2,1.04,1.0,2025-06-11T08:52:42.929784320Z
20489.0,100.0,45.9,1013.1200000000001,0.0,0.08,30.48,74.20000000000002,1.1600000000000001,8323.4,-100.6,0.54,1.0,2025-06-11T09:03:06.924368384Z
20393.833333333332,100.0,46.833333333333336,1013.15,0.0,0.07666666666666667,30.299999999999997,142.35,1.5,7172.833333333333,-104.83333333333333,-4.55,1.0,2025-06-11T09:12:22.695463168Z
20395.833333333332,100.0,44.083333333333336,1013.0666666666666,0.0,0.07666666666666667,30.5,129.46666666666667,1.4166666666666667,7174.833333333333,-103.66666666666667,0.6333333333333334,1.0,2025-06-11T09:23:02.717553920Z
20494.8,100.0,43.2,1013.0200000000001,0.0,0.08,30.76,84.08000000000001,1.3199999999999998,8329.2,-101.0,0.060000000000000143,1.0,2025-06-11T09:33:06.908622336Z
20399.5,100.0,58.083333333333336,1936.416666666667,42.5,109.29166666666664,25.483333333333334,71.16666666666667,1093.55,7178.5,-100.5,-2.3666666666666667,1.0,2025-06-11T09:42:23.381736704Z
20401.5,100.0,42.833333333333336,1013.0500000000002,0.0,0.07666666666666667,30.95,154.33333333333331,1.4666666666666668,7180.5,-103.0,0.6833333333333336,1.0,2025-06-11T09:53:02.679287040Z
20500.6,100.0,42.2,1013.0200000000001,0.0,0.08,31.3,71.48,1.24,8335.0,-101.0,0.30000000000000016,1.0,2025-06-11T10:03:07.332626944Z
20502.4,100.0,41.2,1013.0200000000001,0.0,0.082,31.26,156.32,1.08,8337.0,-101.2,1.8799999999999997,1.0,2025-06-11T10:13:30.908687104Z
20406.833333333332,100.0,41.333333333333336,1013.0833333333335,0.0,0.08000000000000002,31.433333333333334,174.65,1.4333333333333333,7186.166666666667,-104.0,-5.633333333333333,1.0,2025-06-11T10:23:02.680527104Z
20506.2,100.0,41.0,1012.9799999999999,0.0,0.014000000000000002,31.559999999999995,219.16,1.1800000000000002,8340.8,-101.2,0.8,1.0,2025-06-11T10:33:06.896352256Z
20410.5,100.0,41.5,1013.0166666666668,0.0,0.023333333333333334,31.46666666666667,229.15,1.0999999999999999,7189.833333333333,-101.66666666666667,-2.516666666666666,1.0,2025-06-11T10:42:22.681700352Z
20510.0,100.0,42.9,1012.9200000000001,0.0,0.014000000000000002,31.619999999999997,145.32,1.3800000000000001,8344.8,-101.2,0.7,1.0,2025-06-11T10:53:54.875352576Z
20511.8,100.0,40.2,1012.9399999999999,0.0,0.014000000000000002,31.68,211.1,0.74,8346.6,-101.6,0.78,1.0,2025-06-11T11:03:06.881202688Z
20415.833333333332,100.0,42.333333333333336,1012.9499999999999,0.0,0.023333333333333334,31.71666666666667,173.1,1.6333333333333335,7195.5,-102.5,-0.25,1.0,2025-06-11T11:12:22.676826880Z
20435.0,100.0,40.7,1013.0,0.0,0.028000000000000004,32.1,184.68,1.6,6621.2,-104.6,-0.86,1.0,2025-06-11T11:23:26.109705472Z
20563.25,100.0,40.75,1012.875,0.0,0.0175,32.225,243.2,1.4,7920.0,-103.5,0.675,1.0,2025-06-11T11:32:22.286637056Z
20420.833333333332,100.0,41.25,1012.7833333333334,0.0,0.023333333333333334,32.1,127.01666666666667,1.5666666666666667,7201.166666666667,-101.66666666666667,-1.05,1.0,2025-06-11T11:42:22.676206592Z
20422.833333333332,100.0,42.5,1012.8166666666666,0.0,0.023333333333333334,32.1,116.03333333333335,1.2499999999999998,7203.166666666667,-102.66666666666667,-0.6666666666666666,1.0,2025-06-11T11:53:02.656985856Z
20522.6,100.0,40.9,1012.7,0.0,0.014000000000000002,32.32,111.44000000000001,1.9,8358.2,-101.8,1.6,1.0,2025-06-11T12:03:07.020370176Z
20426.5,100.0,40.916666666666664,1012.7833333333333,0.0,0.03,32.11666666666667,190.06666666666663,1.5666666666666664,7206.833333333333,-103.5,-0.23333333333333325,1.0,2025-06-11T12:12:22.664499200Z
20428.5,100.0,41.333333333333336,1012.6833333333333,0.0,0.03,32.1,244.83333333333334,1.366666666666667,7208.833333333333,-102.5,-0.9500000000000005,1.0,2025-06-11T12:23:02.650427136Z
20528.4,100.0,40.3,1012.4,0.0,0.018,32.4,158.14000000000001,1.3800000000000001,8364.0,-100.6,2.08,1.0,2025-06-11T12:33:06.872626176Z
20432.166666666668,100.0,40.833333333333336,1012.3833333333332,0.0,0.03,32.61666666666667,191.43333333333337,1.7833333333333332,7212.5,-103.16666666666667,-0.7499999999999999,1.0,2025-06-11T12:42:23.026834688Z
20318.6,100.0,40.4,1012.26,0.0,0.036,32.6,121.17999999999999,1.58,6637.8,-103.2,-1.4200000000000002,1.0,2025-06-11T12:53:22.987805184Z
20414.0,100.0,41.625,1012.05,0.0,0.0225,32.75,61.45,2.2750000000000004,7937.0,-100.25,1.1500000000000001,1.0,2025-06-11T13:02:18.361033216Z
20437.166666666668,100.0,40.916666666666664,1012.1166666666668,0.0,0.03,32.6,217.85000000000002,1.5,7218.166666666667,-102.16666666666667,-0.16666666666666666,1.0,2025-06-11T13:12:22.650132480Z
20439.166666666668,100.0,40.666666666666664,1012.0333333333333,0.0,0.03,32.71666666666666,174.29999999999998,1.3,7220.166666666667,-103.16666666666667,-0.31666666666666626,1.0,2025-06-11T13:23:02.624948992Z
20419.5,100.0,41.0,1011.9,0.0,0.0225,32.975,50.075,1.9499999999999997,7942.75,-100.5,0.6250000000000002,1.0,2025-06-11T13:32:18.340865536Z
20442.5,100.0,41.083333333333336,1011.9833333333332,0.0,0.03,32.666666666666664,101.3,2.5166666666666666,7223.833333333333,-103.16666666666667,-0.35000000000000026,1.0,2025-06-11T13:42:22.624621312Z
20461.4,100.0,40.3,1011.9799999999999,0.0,0.036,32.56,119.2,1.8800000000000001,6649.2,-103.0,-2.4,1.0,2025-06-11T13:53:26.063404544Z
20590.0,100.0,40.75,1011.85,0.0,0.0225,32.849999999999994,208.55,2.4749999999999996,7948.75,-102.75,-0.050000000000000044,1.0,2025-06-11T14:02:22.224326144Z
20447.5,100.0,40.833333333333336,1011.85,0.0,0.03833333333333333,32.86666666666667,142.98333333333335,1.4666666666666668,7229.5,-101.83333333333333,-1.6666666666666667,1.0,2025-06-11T14:12:22.623657984Z
20449.5,100.0,41.833333333333336,1011.7166666666667,0.0,0.043333333333333335,32.83333333333333,41.11666666666667,2.2833333333333337,7231.5,-101.16666666666667,-4.666666666666665,1.0,2025-06-11T14:23:02.623815424Z
20549.6,100.0,40.5,1011.6,0.0,0.044,32.739999999999995,95.35999999999999,1.46,8387.2,-100.4,0.9400000000000001,1.0,2025-06-11T14:33:06.853761024Z
20453.166666666668,100.0,41.666666666666664,1011.6333333333336,0.0,0.056666666666666664,32.75,50.21666666666667,1.883333333333333,7235.166666666667,-103.5,-0.08333333333333333,1.0,2025-06-11T14:42:22.652420352Z
20455.166666666668,100.0,42.416666666666664,1011.5666666666667,0.0,0.056666666666666664,32.833333333333336,161.43333333333334,1.8,7237.166666666667,-103.0,-0.6333333333333334,1.0,2025-06-11T14:53:02.621339904Z
20555.4,100.0,42.1,1011.4200000000001,0.0,0.044,32.72,63.4,2.06,8393.0,-100.2,0.25999999999999995,1.0,2025-06-11T15:03:06.845325312Z
20458.833333333332,100.0,43.25,1011.4666666666667,0.0,0.056666666666666664,32.36666666666667,70.8,2.333333333333333,7240.833333333333,-102.83333333333333,0.7166666666666667,1.0,2025-06-11T15:12:22.616997120Z
20460.833333333332,100.0,43.75,1011.5,0.0,0.065,32.16666666666667,110.86666666666666,2.5,7242.833333333333,-103.33333333333333,-0.25,1.0,2025-06-11T15:23:02.610147584Z
20607.0,100.0,42.75,1011.525,0.0,0.08,32.349999999999994,61.975,2.575,7966.0,-102.25,0.125,1.0,2025-06-11T15:32:22.192938752Z
20464.166666666668,100.0,44.583333333333336,1011.4,0.0,0.07333333333333332,32.050000000000004,58.699999999999996,2.6333333333333333,7246.5,-100.16666666666667,-2.3666666666666667,1.0,2025-06-11T15:42:22.599536896Z
20466.166666666668,100.0,45.25,1011.35,0.0,0.07333333333333332,31.799999999999997,121.98333333333333,2.6999999999999997,7248.5,-102.33333333333333,-0.24999999999999986,1.0,2025-06-11T15:53:02.591524096Z
20566.6,100.0,45.9,1011.2,0.0,0.064,31.619999999999997,64.42,3.3599999999999994,8404.6,-101.6,2.2800000000000002,1.0,2025-06-11T16:03:06.811538944Z
20614.25,100.0,47.625,1011.2749999999999,0.0,0.08,30.85,57.575,3.8,7973.75,-103.0,1.425,1.0,2025-06-11T16:12:37.198137856Z
20471.166666666668,100.0,48.416666666666664,1011.2833333333334,0.0,0.07333333333333332,30.7,54.18333333333333,3.8166666666666664,7254.166666666667,-102.16666666666667,-0.08333333333333333,1.0,2025-06-11T16:23:02.938471424Z
20571.8,100.0,47.9,1011.22,0.0,0.064,30.639999999999997,66.10000000000001,3.3,8410.4,-101.0,1.1,1.0,2025-06-11T16:33:06.800367104Z
20573.6,100.0,48.0,1011.26,0.0,0.064,30.46,68.12,3.6,8412.2,-102.4,1.54,1.0,2025-06-11T16:42:18.793446656Z
20476.5,100.0,48.5,1011.4,0.0,0.07333333333333332,30.133333333333336,76.91666666666667,3.15,7259.833333333333,-103.66666666666667,-0.19999999999999987,1.0,2025-06-11T16:53:02.559227136Z
20726.0,100.0,49.375,1011.1750000000001,0.0,0.05,30.15,103.52499999999999,1.925,10148.0,-96.75,2.25,1.0,2025-06-11T17:03:43.133700608Z
20479.833333333332,100.0,50.0,1011.4,0.0,0.07333333333333332,29.733333333333334,67.5,2.6833333333333336,7263.5,-102.33333333333333,0.1166666666666667,1.0,2025-06-11T17:12:22.549749504Z
20498.6,100.0,51.6,1011.5,0.0,0.088,29.18,66.2,3.0,6688.4,-104.8,-0.7999999999999998,1.0,2025-06-11T17:23:25.999931648Z
20628.5,100.0,51.625,1011.45,0.0,0.08,28.950000000000003,78.85,2.625,7989.0,-102.75,0.6000000000000001,1.0,2025-06-11T17:32:22.135790336Z
20484.833333333332,100.0,51.916666666666664,1011.5,0.0,0.07333333333333332,28.666666666666668,79.21666666666667,2.3666666666666667,7269.166666666667,-102.16666666666667,-1.8166666666666664,1.0,2025-06-11T17:42:22.518344960Z
20486.833333333332,100.0,53.166666666666664,1011.5166666666668,0.0,0.07333333333333332,28.2,72.03333333333335,1.616666666666667,7271.166666666667,-103.0,0.49999999999999983,1.0,2025-06-11T17:53:02.529583360Z
20588.0,100.0,53.5,1011.5200000000001,0.0,0.066,27.96,96.84,1.6,8427.8,-101.4,1.32,1.0,2025-06-11T18:03:06.786160640Z
20490.5,100.0,54.416666666666664,1011.6666666666666,0.0,0.07666666666666666,27.566666666666663,73.46666666666668,1.883333333333333,7274.833333333333,-103.5,-0.39999999999999974,1.0,2025-06-11T18:12:22.507654144Z
20492.5,100.0,56.25,1011.7166666666667,0.0,0.07666666666666666,27.049999999999997,73.71666666666665,1.8833333333333335,7276.833333333333,-102.83333333333333,-0.06666666666666672,1.0,2025-06-11T18:23:02.514596864Z
20593.8,100.0,58.0,1011.68,0.0,0.066,26.54,82.12,1.58,8433.6,-101.2,2.1,1.0,2025-06-11T18:33:07.181416960Z
20496.166666666668,100.0,58.916666666666664,1011.8166666666666,0.0,0.07666666666666666,25.983333333333334,64.85000000000001,1.7833333333333334,7280.5,-103.16666666666667,0.18333333333333343,1.0,2025-06-11T18:42:22.845779712Z
20498.166666666668,100.0,61.166666666666664,1011.9666666666667,0.0,0.06,25.38333333333333,53.083333333333336,1.6333333333333335,7282.5,-103.0,-0.2833333333333334,1.0,2025-06-11T18:53:02.500963328Z
20599.6,100.0,64.0,1011.9400000000002,0.0,0.04,24.759999999999998,68.02000000000001,1.1400000000000001,8439.4,-99.8,1.04,1.0,2025-06-11T19:03:06.724002304Z
20501.833333333332,100.0,65.41666666666667,1012.1,0.0,0.04,24.216666666666665,119.7,1.0666666666666667,7286.166666666667,-103.0,-0.03333333333333336,1.0,2025-06-11T19:12:22.481972224Z
20520.6,100.0,66.0,1012.3399999999999,0.0,0.048,23.8,116.72,1.2200000000000002,6710.8,-102.0,-3.6399999999999997,1.0,2025-06-11T19:23:25.917711872Z
20605.0,100.0,66.9,1012.22,0.0,0.054000000000000006,23.7,129.56,1.1199999999999999,8445.2,-101.2,1.6800000000000002,1.0,2025-06-11T19:33:06.692774400Z
20606.8,100.0,68.3,1012.36,0.0,0.06000000000000001,23.28,53.06,0.72,8447.0,-101.0,1.7799999999999998,1.0,2025-06-11T19:42:18.689256960Z
20525.6,100.0,69.0,1012.6,0.0,0.054000000000000006,22.919999999999998,53.48,1.08,6716.4,-104.0,-0.5800000000000001,1.0,2025-06-11T19:53:25.897658880Z
20610.2,100.0,69.0,1012.6199999999999,0.0,0.06000000000000001,22.98,55.85999999999999,1.2,8451.0,-101.6,1.6800000000000002,1.0,2025-06-11T20:03:06.672915712Z
20512.166666666668,100.0,70.58333333333333,1012.6666666666666,0.0,0.05000000000000001,22.616666666666664,125.89999999999999,1.0833333333333333,7297.5,-103.33333333333333,0.18333333333333326,1.0,2025-06-11T20:12:22.416470784Z
20514.166666666668,100.0,70.91666666666667,1012.7833333333334,0.0,0.05000000000000001,22.433333333333334,178.04999999999998,1.0666666666666667,7299.5,-102.5,-0.13333333333333344,1.0,2025-06-11T20:23:02.404571392Z
20616.0,100.0,70.8,1012.8,0.0,0.06000000000000001,22.38,122.22,0.8400000000000001,8456.8,-100.4,1.7600000000000002,1.0,2025-06-11T20:33:06.655867392Z
20617.8,100.0,70.9,1012.8800000000001,0.0,0.06000000000000001,22.4,55.339999999999996,0.96,8458.8,-101.4,1.4,1.0,2025-06-11T20:43:30.634620928Z
20519.5,100.0,72.41666666666667,1012.9666666666666,0.0,0.05000000000000001,22.083333333333332,43.15,1.1666666666666667,7305.166666666667,-102.0,-0.4666666666666666,1.0,2025-06-11T20:53:02.372001536Z
20621.6,100.0,72.6,1012.96,0.0,0.06000000000000001,22.0,119.42,1.04,8462.6,-99.4,0.21999999999999992,1.0,2025-06-11T21:03:06.622216704Z
20523.166666666668,100.0,74.5,1013.0666666666667,0.0,0.05000000000000001,21.7,53.56666666666666,1.0333333333333334,7308.833333333333,-102.83333333333333,0.10000000000000024,1.0,2025-06-11T21:12:22.373283072Z
20541.8,100.0,75.3,1013.26,0.0,0.054000000000000006,21.439999999999998,71.39999999999999,0.7200000000000001,6733.2,-104.6,-1.5600000000000003,1.0,2025-06-11T21:23:25.788103424Z
20627.0,100.0,76.3,1013.14,0.0,0.06000000000000001,21.259999999999998,93.62,0.43999999999999995,8468.4,-101.2,0.6600000000000001,1.0,2025-06-11T21:33:06.604358144Z
20628.8,100.0,76.5,1013.14,0.0,0.06000000000000001,21.18,142.11999999999998,0.5599999999999999,8470.4,-99.4,0.36,1.0,2025-06-11T21:43:30.573918720Z
20546.8,100.0,79.9,1013.3799999999999,0.0,0.05800000000000001,20.7,164.68,0.42000000000000004,6738.8,-103.6,-1.6600000000000001,1.0,2025-06-11T21:53:25.766540800Z
20678.25,100.0,80.75,1013.4000000000001,0.0,0.07250000000000001,20.375,194.125,0.425,8040.75,-103.25,0.07499999999999996,1.0,2025-06-11T22:02:21.929407232Z
20533.166666666668,100.0,81.83333333333333,1013.3333333333331,0.0,0.05666666666666668,20.36666666666667,21.400000000000002,0.5166666666666666,7320.166666666667,-103.66666666666667,-0.4499999999999999,1.0,2025-06-11T22:12:22.313895936Z
20535.166666666668,100.0,82.25,1013.3666666666667,0.0,0.05666666666666668,20.116666666666664,202.36666666666667,0.4333333333333333,7322.166666666667,-103.33333333333333,0.06666666666666643,1.0,2025-06-11T22:23:02.294152448Z
20637.6,99.4,83.4,1013.3,0.0,0.07000000000000002,19.88,88.14000000000001,0.72,8480.0,-100.2,2.2399999999999998,1.0,2025-06-11T22:33:06.545410048Z
20538.833333333332,99.0,83.16666666666667,1013.25,0.0,0.06333333333333335,19.916666666666668,31.983333333333334,0.5833333333333334,7325.833333333333,-103.16666666666667,-0.5666666666666669,1.0,2025-06-11T22:42:22.280057088Z
20540.833333333332,99.0,82.5,1013.2166666666667,0.0,0.065,19.983333333333334,61.36666666666667,0.5833333333333333,7327.833333333333,-103.5,-0.14999999999999977,1.0,2025-06-11T22:53:02.267408640Z
20794.0,99.0,82.0,1013.0,0.0,0.095,20.15,62.150000000000006,0.65,10219.5,-96.0,-1.1,1.0,2025-06-11T23:01:12.888735232Z
20543.5,98.33333333333333,82.16666666666667,1013.1999999999999,0.0,0.07,20.0,121.23333333333333,0.7999999999999999,7331.5,-102.0,0.06666666666666672,1.0,2025-06-11T23:12:22.261168128Z
20692.25,98.25,83.75,1013.3,0.0,0.0925,19.75,169.65,0.575,8056.25,-102.5,0.625,1.0,2025-06-11T23:23:06.866870016Z
20647.6,98.2,84.3,1013.14,0.0,0.08,19.660000000000004,215.61999999999998,0.5800000000000001,8491.6,-100.8,-0.8199999999999997,1.0,2025-06-11T23:33:06.489600512Z
20548.5,97.66666666666667,86.08333333333333,1013.1999999999999,0.0,0.07,19.383333333333333,78.73333333333333,0.5333333333333333,7337.166666666667,-100.83333333333333,-2.3333333333333335,1.0,2025-06-11T23:42:22.232883200Z
20550.5,97.66666666666667,86.25,1013.1666666666669,0.0,0.07,19.183333333333334,129.58333333333334,0.7666666666666666,7339.166666666667,-102.33333333333333,-2.1666666666666665,1.0,2025-06-11T23:53:02.218792192Z
20653.4,97.6,85.9,1013.0600000000001,0.0,0.08,19.339999999999996,138.73999999999998,1.2,8497.4,-101.8,1.9600000000000002,1.0,2025-06-12T00:03:06.462402816Z
20554.166666666668,97.5,85.25,1013.0833333333335,0.0,0.07,19.466666666666665,117.03333333333335,1.3999999999999997,7342.833333333333,-102.33333333333333,-1.5,1.0,2025-06-12T00:12:22.202976000Z
20556.166666666668,97.33333333333333,84.66666666666667,1013.0500000000001,0.0,0.07,19.616666666666667,120.10000000000001,1.4833333333333334,7344.833333333333,-101.66666666666667,-2.75,1.0,2025-06-12T00:23:02.192680192Z
20659.2,97.2,85.3,1013.14,0.0,0.08,19.4,152.88,1.06,8503.2,-100.2,0.8999999999999998,1.0,2025-06-12T00:33:06.434976512Z
20559.833333333332,96.66666666666667,85.91666666666667,1013.2166666666667,0.0,0.07,19.216666666666665,72.48333333333333,1.116666666666667,7348.5,-103.33333333333333,-0.3333333333333332,1.0,2025-06-12T00:42:22.186178560Z
20709.0,96.25,86.75,1013.325,0.0,0.0925,19.075000000000003,70.275,1.1,8073.5,-103.25,0.0,1.0,2025-06-12T00:53:07.333371904Z
20816.5,96.0,87.125,1013.175,0.0,0.095,18.875,90.225,0.55,10244.0,-96.75,2.075,1.0,2025-06-12T01:03:42.791730688Z
20666.0,95.6,88.1,1013.32,0.0,0.08,18.759999999999998,62.18000000000001,0.86,8511.0,-100.6,-3.552713678800501e-16,1.0,2025-06-12T01:13:30.401244672Z
20607.5,95.5,89.375,1013.6,0.0,0.09,18.525,55.95,1.175,5910.5,-106.25,-5.275,1.0,2025-06-12T01:22:45.764776960Z
20821.5,95.0,88.75,1013.1999999999999,0.0,0.095,18.525,111.575,0.575,10250.0,-98.5,1.85,1.0,2025-06-12T01:33:43.321917952Z
20568.833333333332,95.16666666666667,89.91666666666667,1013.3166666666666,0.0,0.07,18.366666666666667,88.03333333333335,0.9833333333333334,7359.833333333333,-101.83333333333333,-1.55,1.0,2025-06-12T01:42:22.125875200Z
20587.4,94.8,90.2,1013.4200000000001,0.0,0.078,18.28,236.3,1.02,6783.6,-104.4,-0.74,1.0,2025-06-12T01:53:25.581168640Z
20720.5,94.75,90.5,1013.3499999999999,0.0,0.0975,18.25,207.05,0.675,8086.75,-103.0,-0.025000000000000133,1.0,2025-06-12T02:02:21.761018368Z
20573.833333333332,94.66666666666667,90.75,1013.4166666666666,0.0,0.07333333333333335,18.316666666666666,247.65,0.5666666666666668,7365.5,-103.83333333333333,-0.7166666666666668,1.0,2025-06-12T02:12:22.165385472Z
20677.6,94.2,90.9,1013.46,0.0,0.08600000000000001,18.119999999999997,217.42,0.5,8524.6,-100.2,-0.13999999999999985,1.0,2025-06-12T02:23:54.354074112Z
20679.4,94.2,91.2,1013.5200000000001,0.0,0.08600000000000001,17.880000000000003,262.06,0.38,8526.4,-101.2,1.02,1.0,2025-06-12T02:33:06.348237312Z
20681.2,94.2,92.2,1013.5600000000001,0.0,0.08800000000000001,17.58,123.08,0.36,8528.2,-101.8,0.9800000000000001,1.0,2025-06-12T02:42:18.331727872Z
20597.4,93.6,93.8,1013.7,0.0,0.09,17.080000000000002,286.86,0.38,6794.8,-104.2,-2.3200000000000003,1.0,2025-06-12T02:53:25.514480128Z
20684.6,93.2,94.3,1013.6600000000001,0.0,0.09000000000000001,17.119999999999997,286.7,0.4600000000000001,8532.2,-102.8,0.31999999999999995,1.0,2025-06-12T03:03:06.318134784Z
20600.8,93.6,95.1,1013.78,0.0,0.09,17.12,244.35999999999999,0.74,6798.2,-104.0,-1.7199999999999995,1.0,2025-06-12T03:11:37.496135680Z
20688.0,92.8,94.7,1013.7,0.0,0.09000000000000001,16.76,249.51999999999998,0.52,8536.0,-101.2,0.6800000000000003,1.0,2025-06-12T03:22:42.307597056Z
20736.25,93.0,95.375,1013.875,0.0,0.10500000000000001,16.625,218.425,0.35000000000000003,8104.0,-102.75,-0.42500000000000004,1.0,2025-06-12T03:32:21.670570496Z
20588.833333333332,92.83333333333333,95.66666666666667,1013.8666666666667,0.0,0.08,16.6,200.63333333333333,0.18333333333333335,7382.5,-103.5,-0.7999999999999998,1.0,2025-06-12T03:42:22.024406016Z
20960.333333333332,92.33333333333333,96.33333333333333,1013.9666666666667,0.0,0.13,16.766666666666666,295.06666666666666,0.3333333333333333,10278.333333333334,-98.33333333333333,3.4333333333333336,1.0,2025-06-12T03:54:35.306612736Z
20694.4,92.2,95.9,1014.0199999999999,0.0,0.094,16.7,252.30000000000004,0.33999999999999997,8543.8,-101.6,0.9800000000000001,1.0,2025-06-12T04:03:06.271170560Z
20464.75,92.5,95.625,1014.0999999999999,0.0,0.07750000000000001,16.775000000000002,251.675,0.32500000000000007,5941.0,-105.25,-2.8,1.0,2025-06-12T04:10:26.669235456Z
20611.6,92.4,95.6,1014.24,0.0,0.098,17.28,294.46,0.6,6811.6,-103.4,-2.8200000000000003,1.0,2025-06-12T04:23:25.456408064Z
20699.0,91.8,94.1,1014.2,0.0,0.094,17.939999999999998,279.3,0.48,8549.6,-100.6,1.2399999999999998,1.0,2025-06-12T04:33:06.240611840Z
20598.166666666668,92.0,92.5,1014.3166666666666,0.0,0.09000000000000001,18.51666666666667,217.45000000000002,0.3333333333333333,7393.833333333333,-103.0,-0.1166666666666667,1.0,2025-06-12T04:42:21.969805568Z
20600.166666666668,92.16666666666667,90.08333333333333,1014.3166666666666,0.0,0.09000000000000001,19.333333333333332,299.43333333333334,0.44999999999999996,7395.833333333333,-102.66666666666667,-1.1833333333333333,1.0,2025-06-12T04:53:01.969873152Z
20704.8,92.2,87.9,1014.3199999999999,0.0,0.096,19.96,310.8,0.45999999999999996,8555.4,-103.0,0.040000000000000036,1.0,2025-06-12T05:03:06.218890752Z
20603.833333333332,92.33333333333333,86.0,1014.4,0.0,0.09000000000000001,20.45,285.76666666666665,0.5166666666666667,7399.5,-102.16666666666667,-1.566666666666667,1.0,2025-06-12T05:12:21.941852416Z
20622.6,92.4,84.4,1014.5800000000002,0.0,0.10200000000000001,21.140000000000004,162.1,0.8799999999999999,6822.8,-105.0,-1.3399999999999996,1.0,2025-06-12T05:23:25.380779008Z
20757.0,93.25,82.75,1014.6249999999999,0.0,0.11249999999999999,21.65,247.55,0.8750000000000001,8127.0,-103.0,-0.9999999999999998,1.0,2025-06-12T05:32:21.583937024Z
20608.833333333332,93.0,80.91666666666667,1014.5166666666668,0.0,0.09166666666666667,22.2,208.94999999999996,0.7999999999999999,7405.166666666667,-101.66666666666667,-3.5999999999999996,1.0,2025-06-12T05:42:21.921238272Z
20627.8,94.4,79.0,1014.6200000000001,0.0,0.10600000000000001,22.82,323.02,1.1600000000000001,6828.4,-104.0,-1.7,1.0,2025-06-12T05:53:25.373347584Z
20762.25,94.5,78.375,1014.6249999999999,0.0,0.1175,23.025,90.69999999999999,1.125,8132.75,-103.75,0.07500000000000018,1.0,2025-06-12T06:02:21.567999744Z
20613.833333333332,94.66666666666667,76.75,1014.65,0.0,0.09666666666666668,23.5,174.29999999999998,1.3333333333333333,7410.833333333333,-102.83333333333333,-0.30000000000000027,1.0,2025-06-12T06:12:21.915573248Z
20615.833333333332,94.66666666666667,75.08333333333333,1014.6666666666666,0.0,0.09666666666666668,24.016666666666666,221.36666666666665,1.2333333333333334,7412.833333333333,-102.66666666666667,0.15000000000000005,1.0,2025-06-12T06:23:01.891978240Z
20720.6,95.4,72.8,1014.6,0.0,0.10400000000000001,24.4,207.8,1.16,8572.8,-100.4,-1.26,1.0,2025-06-12T06:33:06.154861824Z
20619.5,96.33333333333333,70.83333333333333,1014.6,0.0,0.09666666666666668,25.133333333333336,164.9333333333333,1.0833333333333333,7416.5,-103.33333333333333,-0.3333333333333333,1.0,2025-06-12T06:42:21.872126208Z
20621.5,97.0,68.16666666666667,1014.5833333333334,0.0,0.09666666666666668,25.650000000000002,179.35000000000002,0.9500000000000001,7418.5,-103.83333333333333,-1.2,1.0,2025-06-12T06:53:01.871064320Z
20773.5,98.0,64.25,1014.6499999999999,0.0,0.1225,26.224999999999998,101.92499999999998,1.25,8144.25,-102.25,-1.7,1.0,2025-06-12T07:02:21.535069440Z
20624.833333333332,99.66666666666667,61.833333333333336,1014.6666666666666,0.0,0.10333333333333335,26.733333333333334,238.63333333333335,0.9500000000000001,7422.166666666667,-102.16666666666667,-0.8666666666666667,1.0,2025-06-12T07:12:21.858501632Z
20644.0,99.6,58.7,1014.8,0.0,0.12600000000000003,27.380000000000003,170.00000000000003,0.9,6845.2,-105.0,-0.9200000000000002,1.0,2025-06-12T07:23:25.307086336Z
20778.75,99.75,56.75,1014.85,0.0,0.1325,27.425000000000004,221.97500000000002,1.15,8150.0,-102.25,-1.85,1.0,2025-06-12T07:32:22.071156224Z
20629.833333333332,100.0,54.333333333333336,1014.75,0.0,0.11000000000000003,27.96666666666667,134.28333333333333,0.8500000000000001,7427.833333333333,-103.16666666666667,-0.5833333333333334,1.0,2025-06-12T07:42:21.851203328Z
20649.2,100.0,53.2,1014.8800000000001,0.0,0.12600000000000003,28.360000000000003,48.9,0.9400000000000001,6850.8,-102.4,-3.3600000000000003,1.0,2025-06-12T07:53:25.297790208Z
20784.0,100.0,50.625,1014.9,0.0,0.1325,28.325,156.975,0.9750000000000001,8155.75,-103.25,0.5249999999999999,1.0,2025-06-12T08:02:21.489732608Z
20634.833333333332,100.0,51.25,1014.8666666666667,0.0,0.11000000000000003,28.63333333333333,54.25,1.4666666666666666,7433.5,-103.66666666666667,-1.0333333333333334,1.0,2025-06-12T08:12:21.825966080Z
20636.833333333332,100.0,50.083333333333336,1014.8666666666667,0.0,0.11000000000000003,28.583333333333332,114.71666666666668,1.2,7435.5,-102.0,-0.9000000000000004,1.0,2025-06-12T08:23:01.812502784Z
20741.8,100.0,50.1,1014.8,0.0,0.11200000000000002,29.02,155.94,0.86,8596.0,-100.6,1.2,1.0,2025-06-12T08:33:06.087670528Z
20640.5,100.0,48.833333333333336,1014.9166666666666,0.0,0.11000000000000003,29.200000000000003,145.76666666666668,0.9500000000000001,7439.166666666667,-103.33333333333333,0.11666666666666654,1.0,2025-06-12T08:42:21.809941760Z
20642.5,100.0,49.416666666666664,1014.8666666666667,0.0,0.11000000000000003,29.3,206.13333333333333,1.5833333333333333,7441.166666666667,-102.5,-1.6666666666666667,1.0,2025-06-12T08:53:01.800263936Z
20747.6,100.0,47.5,1014.8,0.0,0.11200000000000002,29.439999999999998,125.56000000000002,1.7399999999999998,8601.8,-100.8,1.1600000000000001,1.0,2025-06-12T09:03:06.086926848Z
20646.166666666668,100.0,46.666666666666664,1014.8833333333332,0.0,0.11000000000000003,29.683333333333334,123.89999999999999,1.1833333333333333,7444.833333333333,-102.66666666666667,0.6166666666666667,1.0,2025-06-12T09:12:22.150855424Z
20648.166666666668,100.0,45.333333333333336,1014.9,0.0,0.11000000000000003,29.866666666666664,147.6,1.3166666666666667,7446.833333333333,-103.0,-0.7333333333333333,1.0,2025-06-12T09:23:01.787295488Z
20649.666666666668,100.0,45.0,1014.9333333333334,0.0,0.11000000000000003,29.96666666666667,42.9,1.9666666666666668,7448.333333333333,-102.0,-0.5,1.0,2025-06-12T09:31:01.788924672Z
20651.166666666668,100.0,44.0,1014.8666666666667,0.0,0.11333333333333336,30.100000000000005,111.71666666666665,1.8333333333333333,7450.5,-105.16666666666667,-4.316666666666667,1.0,2025-06-12T09:42:22.203523328Z
20653.166666666668,100.0,42.916666666666664,1014.8000000000001,0.0,0.11166666666666668,30.28333333333333,37.36666666666667,1.916666666666667,7452.5,-103.16666666666667,-0.5333333333333333,1.0,2025-06-12T09:53:01.771580416Z
20806.0,100.0,42.625,1014.7249999999999,0.0,0.13,30.6,61.974999999999994,2.025,8178.75,-104.0,0.825,1.0,2025-06-12T10:02:21.444453888Z
20656.5,100.0,42.0,1014.6333333333333,0.0,0.10666666666666667,30.883333333333336,83.58333333333333,2.7999999999999994,7456.166666666667,-102.5,-1.3833333333333335,1.0,2025-06-12T10:12:21.766984448Z
20658.5,100.0,41.25,1014.5333333333333,0.0,0.10666666666666667,30.88333333333333,68.7,1.2833333333333332,7458.166666666667,-102.5,-0.8166666666666664,1.0,2025-06-12T10:23:01.763459072Z
20763.8,100.0,39.1,1014.4,0.0,0.024,31.139999999999997,144.36,1.52,8619.2,-102.4,1.4200000000000002,1.0,2025-06-12T10:33:06.041321472Z
20662.166666666668,100.0,39.5,1014.4166666666666,0.0,0.04,31.38333333333333,85.61666666666667,2.0000000000000004,7461.833333333333,-103.16666666666667,-0.5166666666666669,1.0,2025-06-12T10:42:21.756947200Z
20664.166666666668,100.0,38.333333333333336,1014.3333333333334,0.0,0.04,31.583333333333332,130.38333333333335,2.283333333333333,7463.833333333333,-102.33333333333333,-0.8499999999999996,1.0,2025-06-12T10:53:01.752702720Z
20769.6,100.0,37.7,1014.22,0.0,0.024,31.7,130.82,1.54,8625.0,-99.2,-1.1199999999999999,1.0,2025-06-12T11:03:06.031011328Z
20667.833333333332,100.0,37.416666666666664,1014.1999999999999,0.0,0.04,31.75,85.75,2.35,7467.5,-102.5,-0.6666666666666666,1.0,2025-06-12T11:12:21.749623808Z
20687.2,100.0,38.2,1014.3,0.0,0.048,31.8,177.92000000000002,1.48,6890.0,-105.0,-0.8599999999999997,1.0,2025-06-12T11:23:25.209553664Z
20930.0,100.0,36.0,1013.95,0.0,0.0,32.349999999999994,91.55,1.25,10369.5,-97.0,4.0,1.0,2025-06-12T11:31:12.438312448Z
20672.166666666668,100.0,36.583333333333336,1014.1,0.0,0.04,32.266666666666666,87.09999999999998,2.033333333333333,7473.166666666667,-102.5,-0.7666666666666666,1.0,2025-06-12T11:42:21.733769984Z
20674.166666666668,100.0,37.333333333333336,1014.0666666666667,0.0,0.04,32.21666666666667,122.83333333333333,2.1,7475.166666666667,-103.16666666666667,-0.5333333333333333,1.0,2025-06-12T11:53:01.735213312Z
20779.8,100.0,36.2,1013.96,0.0,0.024,32.6,93.44000000000001,2.1999999999999997,8636.6,-102.0,1.2399999999999998,1.0,2025-06-12T12:03:06.018891008Z
20781.6,100.0,36.1,1013.9399999999999,0.0,0.024,32.760000000000005,97.18,1.1199999999999999,8638.4,-100.6,-0.6000000000000002,1.0,2025-06-12T12:12:18.016677120Z
20696.8,100.0,35.5,1014.0200000000001,0.0,0.048,32.839999999999996,105.85999999999999,1.3800000000000001,6901.0,-104.8,-1.6600000000000001,1.0,2025-06-12T12:22:25.619370752Z
20785.0,100.0,34.9,1013.82,0.0,0.024,33.08,85.7,1.6599999999999997,8642.4,-100.8,1.7,1.0,2025-06-12T12:33:06.019999232Z
20682.833333333332,100.0,37.166666666666664,1013.8333333333334,0.0,0.04,32.949999999999996,112.11666666666667,2.3833333333333333,7484.5,-103.66666666666667,-0.19999999999999987,1.0,2025-06-12T12:42:21.723504896Z
20702.2,100.0,36.8,1013.9,0.0,0.048,32.86,116.26000000000002,1.8399999999999999,6906.8,-105.0,-1.4999999999999998,1.0,2025-06-12T12:53:25.618359040Z
20790.4,100.0,35.3,1013.6200000000001,0.0,0.024,33.2,160.74000000000004,1.92,8648.2,-100.0,0.30000000000000016,1.0,2025-06-12T13:03:06.003974656Z
20688.166666666668,100.0,37.0,1013.7166666666667,0.0,0.04,32.98333333333333,198.51666666666668,2.033333333333333,7490.166666666667,-102.5,-0.366666666666667,1.0,2025-06-12T13:12:22.083860736Z
20707.6,100.0,37.2,1013.8399999999999,0.0,0.048,32.99999999999999,215.71999999999997,1.9599999999999997,6912.4,-105.4,-1.54,1.0,2025-06-12T13:23:25.179514368Z
20795.8,100.0,36.8,1013.6200000000001,0.0,0.024,33.440000000000005,63.86,1.7600000000000002,8654.0,-102.6,0.05999999999999996,1.0,2025-06-12T13:33:05.996073472Z
20693.5,100.0,38.333333333333336,1013.6166666666668,0.0,0.04,33.083333333333336,101.63333333333334,2.316666666666667,7495.833333333333,-103.5,-0.4499999999999999,1.0,2025-06-12T13:42:21.708575744Z
20713.0,100.0,39.5,1013.6600000000001,0.0,0.048,32.980000000000004,46.3,2.2600000000000002,6918.0,-103.6,-0.6,1.0,2025-06-12T13:53:25.600846336Z
20849.25,100.0,40.125,1013.55,0.0,0.03,33.05,166.42499999999998,2.7,8224.75,-103.25,0.4500000000000002,1.0,2025-06-12T14:02:21.390799872Z
20698.5,100.0,38.25,1013.5666666666666,0.0,0.04,33.06666666666667,63.61666666666667,1.9333333333333336,7501.5,-102.83333333333333,-0.3666666666666667,1.0,2025-06-12T14:12:21.702055168Z
20700.5,100.0,38.75,1013.5166666666668,0.0,0.04,33.31666666666666,51.800000000000004,2.1999999999999997,7503.5,-104.16666666666667,-0.2666666666666669,1.0,2025-06-12T14:23:01.773936640Z
20806.6,100.0,40.3,1013.4200000000001,0.0,0.024,33.2,75.28,2.54,8665.6,-101.8,1.4,1.0,2025-06-12T14:33:05.988938240Z
20704.166666666668,100.0,39.5,1013.5166666666668,0.0,0.04,33.03333333333333,55.31666666666666,2.516666666666666,7507.166666666667,-103.66666666666667,-1.05,1.0,2025-06-12T14:42:21.715098880Z
20723.8,100.0,39.1,1013.6,0.0,0.048,32.959999999999994,72.34,2.4200000000000004,6929.2,-102.2,-2.7600000000000002,1.0,2025-06-12T14:53:25.159875072Z
20812.0,100.0,39.1,1013.36,0.0,0.024,33.08,76.62,2.18,8671.4,-100.6,1.4,1.0,2025-06-12T15:03:06.005831936Z
20709.5,100.0,39.166666666666664,1013.4666666666666,0.0,0.04,32.833333333333336,62.48333333333333,2.4333333333333336,7512.833333333333,-102.66666666666667,-0.16666666666666652,1.0,2025-06-12T15:12:21.693999360Z
20729.2,100.0,39.2,1013.54,0.0,0.048,32.67999999999999,139.62,2.56,6934.8,-105.0,-0.5000000000000002,1.0,2025-06-12T15:23:25.154197248Z
20865.75,100.0,39.5,1013.3499999999999,0.0,0.03,32.724999999999994,73.0,3.6500000000000004,8242.0,-102.5,0.025000000000000133,1.0,2025-06-12T15:32:21.387730944Z
20714.5,100.0,39.166666666666664,1013.4166666666666,0.0,0.04,32.65,69.11666666666666,2.5500000000000003,7518.5,-103.5,-0.1333333333333336,1.0,2025-06-12T15:42:21.674073088Z
20734.4,100.0,40.3,1013.46,0.0,0.048,32.3,74.2,2.88,6940.4,-104.8,-1.06,1.0,2025-06-12T15:53:25.130446848Z
20871.0,100.0,41.0,1013.4,0.0,0.03,32.175,71.77499999999999,2.75,8247.75,-103.25,0.875,1.0,2025-06-12T16:02:21.371317248Z
20719.5,100.0,40.333333333333336,1013.3333333333334,0.0,0.04,32.06666666666667,74.31666666666666,2.5666666666666664,7524.166666666667,-103.0,-0.2666666666666668,1.0,2025-06-12T16:12:21.665192704Z
20825.8,100.0,40.6,1013.28,0.0,0.024,31.919999999999998,83.4,2.1399999999999997,8687.0,-99.4,-1.56,1.0,2025-06-12T16:23:53.954549248Z
20876.25,100.0,40.75,1013.4000000000001,0.0,0.03,31.424999999999997,74.975,2.575,8253.5,-102.25,1.075,1.0,2025-06-12T16:32:21.355220736Z
20829.0,100.0,41.5,1013.28,0.0,0.024,31.320000000000004,79.55999999999999,2.54,8690.6,-102.2,1.52,1.0,2025-06-12T16:42:17.951090176Z
20879.5,100.0,42.75,1013.5,0.0,0.03,30.825000000000003,80.25,2.625,8257.75,-103.75,1.475,1.0,2025-06-12T16:54:36.366168832Z
20881.0,100.0,43.25,1013.45,0.0,0.03,30.599999999999998,85.6,2.0500000000000003,8259.25,-101.5,-0.07499999999999996,1.0,2025-06-12T17:02:21.347577344Z
20728.833333333332,100.0,43.083333333333336,1013.5,0.0,0.043333333333333335,30.38333333333333,77.03333333333335,2.216666666666667,7535.5,-103.16666666666667,-0.3666666666666667,1.0,2025-06-12T17:12:21.640462336Z
20730.833333333332,100.0,43.25,1013.5666666666667,0.0,0.04666666666666667,30.016666666666666,88.08333333333333,2.9333333333333336,7537.5,-104.16666666666667,0.033333333333333215,1.0,2025-06-12T17:23:02.001596672Z
20837.6,100.0,43.1,1013.54,0.0,0.028000000000000004,29.7,99.88,2.3,8700.4,-101.8,1.3599999999999999,1.0,2025-06-12T17:33:05.926928896Z
20734.5,100.0,44.666666666666664,1013.75,0.0,0.04666666666666667,29.333333333333332,85.03333333333332,1.883333333333333,7541.166666666667,-102.33333333333333,-0.7833333333333332,1.0,2025-06-12T17:42:21.629541376Z
20754.6,100.0,46.7,1013.9200000000001,0.0,0.05800000000000001,28.72,88.03999999999999,1.92,6962.8,-104.6,-0.5,1.0,2025-06-12T17:53:25.092105984Z
20892.0,100.0,47.25,1013.95,0.0,0.0375,28.3,91.6,1.7999999999999998,8270.75,-103.75,1.8,1.0,2025-06-12T18:02:21.321644032Z
20739.5,100.0,47.166666666666664,1013.9833333333332,0.0,0.049999999999999996,27.96666666666667,87.78333333333332,1.7999999999999998,7546.833333333333,-103.83333333333333,-0.21666666666666634,1.0,2025-06-12T18:12:21.604148224Z
20741.5,100.0,48.416666666666664,1014.1333333333333,0.0,0.049999999999999996,27.45,86.86666666666667,1.8166666666666667,7548.833333333333,-102.16666666666667,-1.2,1.0,2025-06-12T18:23:01.617032448Z
20848.4,100.0,49.6,1014.14,0.0,0.03,26.96,92.53999999999999,1.6,8712.0,-101.6,0.44000000000000006,1.0,2025-06-12T18:33:05.893732352Z
20745.166666666668,100.0,51.25,1014.25,0.0,0.049999999999999996,26.45,83.39999999999999,1.3999999999999997,7552.5,-104.33333333333333,-0.5833333333333331,1.0,2025-06-12T18:42:21.584905472Z
20747.166666666668,100.0,52.416666666666664,1014.35,0.0,0.02666666666666667,25.916666666666668,81.51666666666667,1.5,7554.5,-101.83333333333333,-1.5333333333333332,1.0,2025-06-12T18:53:01.938744064Z
20854.2,100.0,52.8,1014.2800000000001,0.0,0.01,25.500000000000004,94.41999999999999,1.2799999999999998,8717.8,-100.8,0.7399999999999999,1.0,2025-06-12T19:03:05.893967104Z
20750.833333333332,100.0,56.083333333333336,1014.4499999999998,0.0,0.02,24.916666666666668,78.30000000000001,0.9333333333333335,7558.166666666667,-103.16666666666667,-0.5500000000000003,1.0,2025-06-12T19:12:21.560260608Z
20771.0,100.0,60.5,1014.7400000000001,0.0,0.032,24.080000000000002,121.72,1.08,6979.6,-104.6,-1.0200000000000002,1.0,2025-06-12T19:23:25.004182272Z
20908.75,100.0,59.75,1014.8,0.0,0.04,23.900000000000002,147.9,1.2750000000000001,8288.0,-102.75,-0.3500000000000001,1.0,2025-06-12T19:32:21.250590464Z
20861.0,100.0,60.4,1014.8,0.0,0.032,23.740000000000002,51.260000000000005,1.0400000000000003,8725.4,-100.0,0.5599999999999998,1.0,2025-06-12T19:42:17.852003840Z
20757.5,100.0,61.416666666666664,1014.9833333333332,0.0,0.02666666666666667,23.333333333333332,37.333333333333336,1.1166666666666667,7565.833333333333,-104.83333333333333,-3.8666666666666667,1.0,2025-06-12T19:53:01.525742848Z
20759.0,100.0,62.333333333333336,1015.0999999999999,0.0,0.02666666666666667,23.099999999999998,184.03333333333333,1.0333333333333334,7567.333333333333,-103.66666666666667,0.06666666666666672,1.0,2025-06-12T20:01:01.534779392Z
20760.5,100.0,64.08333333333333,1015.2166666666667,0.0,0.02666666666666667,22.750000000000004,107.81666666666666,1.1333333333333335,7569.5,-104.83333333333333,-4.85,1.0,2025-06-12T20:12:21.884798208Z
20762.5,100.0,65.16666666666667,1015.2333333333332,0.0,0.02666666666666667,22.55,100.38333333333333,1.0666666666666667,7571.5,-102.0,-0.6999999999999998,1.0,2025-06-12T20:23:01.869049600Z
21028.0,100.0,64.25,1015.0999999999999,0.0,0.04,22.549999999999997,70.15,0.9500000000000001,10478.0,-97.75,1.925,1.0,2025-06-12T20:33:42.265414144Z
20871.4,100.0,65.7,1015.22,0.0,0.032,22.36,62.120000000000005,1.06,8737.2,-102.0,1.92,1.0,2025-06-12T20:43:29.789165056Z
20767.5,100.0,67.41666666666667,1015.3333333333334,0.0,0.02666666666666667,22.2,59.68333333333333,1.0833333333333333,7577.166666666667,-102.66666666666667,-2.466666666666667,1.0,2025-06-12T20:53:01.463416576Z
20875.2,100.0,68.2,1015.32,0.0,0.032,22.0,59.78000000000001,1.0799999999999998,8741.0,-100.4,1.7399999999999998,1.0,2025-06-12T21:03:05.785246976Z
20771.166666666668,100.0,69.66666666666667,1015.3499999999999,0.0,0.02666666666666667,21.866666666666664,50.46666666666667,1.0999999999999999,7580.833333333333,-102.33333333333333,-0.6,1.0,2025-06-12T21:12:21.470832896Z
20773.166666666668,100.0,69.83333333333333,1015.4166666666666,0.0,0.02666666666666667,21.816666666666666,66.28333333333333,0.9666666666666668,7582.833333333333,-103.0,-0.8166666666666664,1.0,2025-06-12T21:23:01.454938112Z
20930.0,100.0,71.5,1015.5500000000001,0.0,0.04,21.525000000000002,82.57500000000002,0.775,8311.0,-102.25,-0.07499999999999996,1.0,2025-06-12T21:32:21.151988736Z
20776.5,100.0,70.83333333333333,1015.5666666666666,0.0,0.02666666666666667,21.55,79.61666666666666,0.7166666666666667,7586.5,-101.66666666666667,-0.6666666666666666,1.0,2025-06-12T21:42:21.431491328Z
20796.6,100.0,71.3,1015.74,0.0,0.032,21.5,102.05999999999999,0.6199999999999999,7007.6,-101.8,-4.220000000000001,1.0,2025-06-12T21:53:24.896473600Z
20935.25,100.0,72.625,1015.7750000000001,0.0,0.04,21.275,101.19999999999999,0.5750000000000001,8316.75,-103.0,1.025,1.0,2025-06-12T22:02:21.142138368Z
20781.5,100.0,72.75,1015.7166666666667,0.0,0.02666666666666667,21.333333333333332,71.08333333333333,0.5333333333333333,7592.166666666667,-101.5,-3.5833333333333335,1.0,2025-06-12T22:12:21.401588480Z
20889.4,99.6,71.1,1015.64,0.0,0.032,21.46,143.79999999999998,0.6599999999999999,8756.4,-102.0,0.44000000000000006,1.0,2025-06-12T22:22:41.708013568Z
20891.2,99.6,71.2,1015.54,0.0,0.032,21.52,114.97999999999999,0.6,8758.4,-100.6,1.8800000000000001,1.0,2025-06-12T22:33:05.714418432Z
20786.833333333332,98.83333333333333,73.66666666666667,1015.5833333333334,0.0,0.02666666666666667,21.116666666666667,119.43333333333334,0.6166666666666667,7597.833333333333,-103.33333333333333,0.7333333333333333,1.0,2025-06-12T22:42:21.387117312Z
20807.0,98.8,75.9,1015.64,0.0,0.032,20.740000000000002,220.53999999999996,0.54,7018.8,-103.4,-2.5799999999999996,1.0,2025-06-12T22:53:24.836226560Z
20767.25,98.5,74.125,1015.375,0.0,0.02,21.05,186.92499999999998,0.55,8328.0,-99.75,-0.55,1.0,2025-06-12T23:02:17.025361408Z
20791.833333333332,98.66666666666667,76.25,1015.5166666666665,0.0,0.02666666666666667,20.666666666666668,204.48333333333335,0.4666666666666666,7603.5,-102.5,-1.5,1.0,2025-06-12T23:12:21.354809600Z
20900.0,98.4,77.5,1015.46,0.0,0.032,20.619999999999997,194.85999999999999,0.54,8768.2,-101.4,0.38000000000000006,1.0,2025-06-12T23:23:53.662203136Z
20901.8,98.2,78.1,1015.4,0.0,0.032,20.380000000000003,151.6,0.20000000000000004,8770.0,-102.0,1.12,1.0,2025-06-12T23:33:05.656373760Z
20903.6,98.0,78.8,1015.3800000000001,0.0,0.032,20.14,200.06,0.5,8771.8,-100.6,0.45999999999999996,1.0,2025-06-12T23:42:17.644436224Z
20798.833333333332,97.33333333333333,79.83333333333333,1015.3833333333333,0.0,0.03,19.883333333333333,134.39999999999998,0.2833333333333334,7611.166666666667,-102.16666666666667,-0.7166666666666669,1.0,2025-06-12T23:53:02.051499008Z
20956.5,97.5,80.75,1015.475,0.0,0.045,19.65,221.275,0.24999999999999997,8339.75,-103.5,0.7750000000000001,1.0,2025-06-13T00:02:21.039997440Z
20802.166666666668,97.33333333333333,81.33333333333333,1015.4166666666665,0.0,0.03,19.650000000000002,160.1833333333333,0.5000000000000001,7614.833333333333,-103.0,-1.0,1.0,2025-06-13T00:12:21.312519424Z
20804.166666666668,97.33333333333333,82.91666666666667,1015.4333333333333,0.0,0.03,19.466666666666665,247.15,0.6,7616.833333333333,-103.16666666666667,-1.6833333333333336,1.0,2025-06-13T00:23:01.287967744Z
20912.8,96.6,83.6,1015.32,0.0,0.036,19.34,172.56,0.5599999999999999,8781.6,-100.8,0.47999999999999987,1.0,2025-06-13T00:33:05.612564992Z
20807.833333333332,96.66666666666667,83.58333333333333,1015.3833333333333,0.0,0.03,19.316666666666666,163.53333333333333,0.6833333333333335,7620.5,-104.16666666666667,0.16666666666666682,1.0,2025-06-13T00:42:21.270363136Z
20809.833333333332,95.66666666666667,84.25,1015.3833333333332,0.0,0.03,19.183333333333334,148.01666666666665,0.5833333333333334,7622.5,-102.83333333333333,-2.5500000000000003,1.0,2025-06-13T00:53:01.277209856Z
20789.0,95.5,84.375,1015.275,0.0,0.025,19.224999999999998,257.85,0.625,8351.25,-100.25,0.10000000000000009,1.0,2025-06-13T01:03:31.937316352Z
20813.166666666668,95.66666666666667,85.75,1015.4,0.0,0.03666666666666667,18.9,219.36666666666665,0.26666666666666666,7626.166666666667,-102.16666666666667,-0.9999999999999999,1.0,2025-06-13T01:12:21.244680192Z
20833.0,95.8,87.3,1015.5199999999999,0.0,0.044,18.5,70.6,0.22000000000000003,7046.8,-104.6,-1.6,1.0,2025-06-13T01:23:24.716887552Z
20972.75,95.5,87.75,1015.4750000000001,0.0,0.055,18.424999999999997,99.44999999999999,0.275,8357.0,-100.75,-4.175,1.0,2025-06-13T01:32:20.985045248Z
20693.0,95.4,85.8,1015.4399999999999,0.0,0.024,18.72,162.97999999999996,0.24,7050.2,-103.6,-0.44000000000000006,1.0,2025-06-13T01:42:33.434845184Z
20926.6,94.6,87.0,1015.4199999999998,0.0,0.048,18.6,213.56,0.33999999999999997,8797.0,-100.6,0.5600000000000002,1.0,2025-06-13T01:52:41.549407232Z
20977.5,94.5,88.625,1015.5250000000001,0.0,0.06,18.475,235.64999999999998,0.525,8362.75,-102.0,-1.675,1.0,2025-06-13T02:02:20.940755968Z
20929.8,94.4,88.3,1015.46,0.0,0.048,18.339999999999996,234.93999999999997,0.38,8800.8,-101.6,0.5,1.0,2025-06-13T02:12:17.530523392Z
20824.5,94.33333333333333,95.25,1938.5,42.5,109.245,15.149999999999999,189.75,1092.3999999999999,7639.5,-101.83333333333333,-1.7333333333333336,1.0,2025-06-13T02:23:01.869439744Z
20933.6,94.2,89.7,1015.5799999999999,0.0,0.052000000000000005,18.080000000000002,221.37999999999997,0.52,8804.8,-101.6,2.38,1.0,2025-06-13T02:33:05.500944128Z
20935.4,94.0,90.1,1015.6600000000001,0.0,0.052000000000000005,17.96,195.44,0.56,8806.8,-101.4,1.6799999999999997,1.0,2025-06-13T02:43:29.498912000Z
20695.25,93.75,90.5,1015.9,0.0,0.0325,18.0,341.85,0.525,6190.75,-104.75,-2.2,1.0,2025-06-13T02:52:40.760509952Z
20808.5,92.75,90.125,1015.75,0.0,0.0325,17.975,235.175,0.6499999999999999,8374.25,-99.5,0.2250000000000001,1.0,2025-06-13T03:03:31.815559936Z
20939.8,93.0,90.8,1015.9,0.0,0.052000000000000005,17.86,133.16,0.36,8812.4,-100.4,1.7,1.0,2025-06-13T03:12:17.470627328Z
20851.8,93.2,91.7,1016.1,0.0,0.054000000000000006,17.76,181.71999999999997,0.5599999999999999,7069.2,-104.2,-2.1,1.0,2025-06-13T03:23:24.610723328Z
21223.666666666668,93.33333333333333,91.5,1016.1333333333332,0.0,0.08666666666666667,17.733333333333334,252.8666666666667,0.43333333333333335,10562.0,-99.66666666666667,-1.0666666666666667,1.0,2025-06-13T03:32:54.687353600Z
20836.833333333332,92.33333333333333,92.41666666666667,1016.15,0.0,0.04666666666666667,17.6,256.84999999999997,0.35000000000000003,7654.5,-103.66666666666667,-2.1666666666666665,1.0,2025-06-13T03:42:21.140294400Z
20838.833333333332,92.16666666666667,92.91666666666667,1016.1833333333333,0.0,0.05000000000000001,17.75,248.65,0.5333333333333333,7656.5,-103.16666666666667,-0.5333333333333331,1.0,2025-06-13T03:53:01.117238272Z
20997.5,91.75,92.5,1016.25,0.0,0.07,17.8,199.6,0.575,8385.75,-103.5,0.7,1.0,2025-06-13T04:02:20.863552256Z
20842.166666666668,91.66666666666667,89.83333333333333,1016.2333333333335,0.0,0.05000000000000001,18.133333333333333,192.08333333333334,0.4166666666666667,7660.166666666667,-102.83333333333333,-1.1499999999999997,1.0,2025-06-13T04:12:21.088492544Z
20844.166666666668,91.66666666666667,90.0,1016.2166666666667,0.0,0.05000000000000001,18.5,203.78333333333333,0.5166666666666667,7662.166666666667,-102.5,-2.0,1.0,2025-06-13T04:23:01.089700096Z
20953.8,91.6,90.0,1016.22,0.0,0.05600000000000001,19.119999999999997,225.1,0.6799999999999999,8828.0,-102.0,-1.08,1.0,2025-06-13T04:33:05.403036160Z
20847.833333333332,91.66666666666667,88.5,1016.2999999999998,0.0,0.05000000000000001,19.616666666666664,272.8333333333333,0.9,7665.833333333333,-103.66666666666667,-0.8333333333333334,1.0,2025-06-13T04:42:21.073584896Z
20849.833333333332,91.66666666666667,86.66666666666667,1016.4166666666666,0.0,0.05333333333333334,20.183333333333334,190.73333333333332,0.9,7667.833333333333,-103.5,-0.3500000000000001,1.0,2025-06-13T04:53:01.411712000Z
21008.75,92.25,85.375,1016.55,0.0,0.07250000000000001,20.6,222.72500000000002,0.875,8397.25,-100.75,-0.9500000000000002,1.0,2025-06-13T05:02:20.829579776Z
20853.166666666668,92.33333333333333,82.75,1016.65,0.0,0.05333333333333334,21.116666666666664,198.78333333333333,0.9666666666666668,7671.5,-103.0,-0.2833333333333332,1.0,2025-06-13T05:12:21.043252480Z
21012.25,92.25,81.25,1016.825,0.0,0.07250000000000001,21.7,238.54999999999998,1.15,8401.5,-102.75,0.6249999999999998,1.0,2025-06-13T05:24:35.780500480Z
20964.4,92.2,79.4,1016.6600000000001,0.0,0.06000000000000001,22.300000000000004,209.88000000000002,1.02,8839.6,-101.6,1.24,1.0,2025-06-13T05:33:05.358372608Z
20858.166666666668,92.33333333333333,84.16666666666667,1939.4999999999998,42.5,109.27499999999999,19.183333333333334,187.0,1092.9833333333333,7677.166666666667,-102.16666666666667,-1.3166666666666664,1.0,2025-06-13T05:42:21.732074752Z
20860.166666666668,93.33333333333333,73.91666666666667,1016.8666666666667,0.0,0.06333333333333334,23.566666666666663,232.25,0.8166666666666665,7679.166666666667,-102.5,-0.21666666666666692,1.0,2025-06-13T05:53:01.379739392Z
21252.333333333332,94.0,71.5,1016.8666666666667,0.0,0.09333333333333334,24.400000000000002,248.79999999999998,0.5666666666666667,10592.0,-100.33333333333333,3.6666666666666665,1.0,2025-06-13T06:02:54.591415040Z
20863.166666666668,95.33333333333333,77.58333333333333,1939.8,42.5,109.29,20.71666666666667,201.45000000000002,1092.6499999999999,7682.833333333333,-101.66666666666667,-1.8666666666666665,1.0,2025-06-13T06:12:21.686182144Z
20865.166666666668,95.33333333333333,64.0,1017.0500000000001,0.0,0.06666666666666667,25.799999999999997,160.8166666666667,0.4166666666666667,7684.833333333333,-103.16666666666667,-0.4833333333333334,1.0,2025-06-13T06:23:00.998431488Z
21024.75,95.25,63.25,1017.1999999999999,0.0,0.09000000000000001,26.174999999999997,162.55,0.9,8414.5,-102.5,1.4749999999999999,1.0,2025-06-13T06:32:20.746885632Z
20976.8,95.0,62.1,1017.24,0.0,0.08,26.5,182.7,0.8800000000000001,8853.0,-102.4,0.8999999999999998,1.0,2025-06-13T06:42:17.310221824Z
20870.166666666668,97.0,60.25,1017.3499999999999,0.0,0.09000000000000001,26.816666666666666,223.91666666666666,0.8999999999999999,7690.5,-102.83333333333333,-2.5500000000000003,1.0,2025-06-13T06:53:00.978295040Z
21030.0,97.75,58.125,1017.4,0.0,0.10500000000000001,27.575,134.35,0.9,8420.25,-101.75,-0.25,1.0,2025-06-13T07:02:20.725731328Z
20982.0,99.4,57.5,1017.3399999999999,0.0,0.08600000000000001,27.78,112.55999999999999,1.1,8858.8,-101.6,1.06,1.0,2025-06-13T07:12:17.287180544Z
20893.0,100.0,56.8,1017.5799999999999,0.0,0.11600000000000002,27.940000000000005,242.32,1.08,7114.0,-105.4,-1.9600000000000002,1.0,2025-06-13T07:23:24.431820288Z
21035.0,100.0,55.5,1017.6,0.0,0.10750000000000001,28.35,178.67499999999998,0.8250000000000002,8426.0,-103.0,-0.5249999999999999,1.0,2025-06-13T07:32:20.718704640Z
20878.166666666668,100.0,53.333333333333336,1017.6166666666668,0.0,0.09666666666666668,28.683333333333337,251.6166666666667,0.8000000000000002,7699.833333333333,-102.5,-0.9166666666666669,1.0,2025-06-13T07:42:21.313104640Z
20880.166666666668,100.0,51.916666666666664,1017.5833333333334,0.0,0.09666666666666668,29.03333333333333,67.51666666666667,0.8666666666666667,7701.833333333333,-102.5,-0.10000000000000024,1.0,2025-06-13T07:53:00.947104512Z
20990.8,100.0,46.7,1017.5200000000001,0.0,0.08600000000000001,29.82,186.16000000000003,0.8999999999999998,8868.6,-102.2,0.9200000000000002,1.0,2025-06-13T08:03:05.276501760Z
20883.833333333332,100.0,46.5,1017.5833333333335,0.0,0.09666666666666668,29.933333333333334,206.04999999999998,0.9166666666666666,7705.5,-103.0,-1.2166666666666668,1.0,2025-06-13T08:12:20.938740736Z
20885.833333333332,100.0,47.416666666666664,1017.6166666666668,0.0,0.09666666666666668,29.849999999999998,176.89999999999998,1.2333333333333332,7707.5,-103.0,-1.3833333333333335,1.0,2025-06-13T08:23:00.931817216Z
20996.6,100.0,48.1,1017.5799999999999,0.0,0.08600000000000001,30.139999999999997,133.94,1.16,8874.4,-100.8,1.7399999999999998,1.0,2025-06-13T08:33:05.273513984Z
20889.5,100.0,48.5,1017.6833333333334,0.0,0.09666666666666668,30.2,158.53333333333333,1.2666666666666666,7711.166666666667,-103.83333333333333,-0.1166666666666667,1.0,2025-06-13T08:42:21.284887296Z
20891.5,100.0,46.666666666666664,1017.7166666666667,0.0,0.09666666666666668,30.399999999999995,109.66666666666667,1.6500000000000001,7713.166666666667,-102.0,-2.1999999999999997,1.0,2025-06-13T08:53:00.942801920Z
21002.4,100.0,46.9,1017.6600000000001,0.0,0.08600000000000001,30.679999999999996,64.84,1.02,8880.2,-100.4,0.6199999999999999,1.0,2025-06-13T09:03:05.673353728Z
20895.166666666668,100.0,47.416666666666664,1017.7666666666665,0.0,0.09666666666666668,30.633333333333336,50.48333333333334,1.3,7716.833333333333,-100.5,-3.5000000000000013,1.0,2025-06-13T09:12:20.910070528Z
20897.166666666668,100.0,46.0,1017.7333333333332,0.0,0.09666666666666668,31.166666666666668,65.71666666666667,1.75,7718.833333333333,-103.83333333333333,-0.18333333333333313,1.0,2025-06-13T09:23:01.291192064Z
21057.75,100.0,44.125,1017.75,0.0,0.10750000000000001,31.25,150.72500000000002,1.475,8449.0,-105.0,-6.525,1.0,2025-06-13T09:32:21.219148288Z
20900.5,100.0,43.0,1017.7333333333335,0.0,0.09666666666666668,31.55,142.96666666666664,1.0666666666666667,7722.5,-103.33333333333333,0.21666666666666679,1.0,2025-06-13T09:42:20.903725056Z
20920.4,100.0,42.5,1017.82,0.0,0.11600000000000002,31.7,147.88,1.22,7142.0,-102.4,-2.62,1.0,2025-06-13T09:53:24.806337280Z
21063.0,100.0,40.875,1017.825,0.0,0.10750000000000001,31.9,112.025,1.275,8454.75,-103.25,-0.24999999999999978,1.0,2025-06-13T10:02:20.709772800Z
20905.5,100.0,41.833333333333336,1017.7666666666668,0.0,0.09666666666666668,32.01666666666667,211.88333333333333,1.4833333333333334,7728.166666666667,-103.5,0.25,1.0,2025-06-13T10:12:20.892830464Z
20907.5,100.0,41.083333333333336,1017.8166666666667,0.0,0.09666666666666668,32.18333333333334,210.23333333333332,0.9,7730.166666666667,-102.83333333333333,1.4802973661668753e-16,1.0,2025-06-13T10:23:01.251199744Z
21018.6,100.0,39.8,1017.64,0.0,0.03,32.48,65.61999999999999,1.48,8897.6,-100.4,0.11999999999999993,1.0,2025-06-13T10:33:05.232360192Z
20911.166666666668,100.0,40.5,1017.6166666666668,0.0,0.049999999999999996,32.3,144.51666666666665,1.6833333333333333,7733.833333333333,-103.66666666666667,-0.10000000000000038,1.0,2025-06-13T10:42:20.873535232Z
20913.166666666668,100.0,39.583333333333336,1017.5333333333333,0.0,0.049999999999999996,32.55,209.21666666666667,1.2,7735.833333333333,-102.83333333333333,-0.3500000000000001,1.0,2025-06-13T10:53:00.864432128Z
21024.4,100.0,38.3,1017.4,0.0,0.03,32.980000000000004,68.58,1.7600000000000002,8903.4,-100.0,0.0,1.0,2025-06-13T11:03:05.227440896Z
20916.833333333332,100.0,39.5,1017.3833333333332,0.0,0.049999999999999996,32.900000000000006,136.61666666666667,1.8666666666666665,7739.5,-103.0,0.05000000000000012,1.0,2025-06-13T11:12:20.881035264Z
20918.833333333332,100.0,38.666666666666664,1017.3166666666667,0.0,0.049999999999999996,32.949999999999996,247.88333333333333,1.2666666666666666,7741.5,-103.83333333333333,-0.31666666666666626,1.0,2025-06-13T11:23:00.869046272Z
21080.0,100.0,38.0,1017.3499999999999,0.0,0.0375,32.95,173.6,1.625,8472.0,-102.5,-1.2249999999999999,1.0,2025-06-13T11:32:20.660562944Z
21031.6,100.0,37.9,1017.14,0.0,0.03,33.260000000000005,100.74000000000001,1.1,8911.0,-100.6,0.9,1.0,2025-06-13T11:42:17.218439680Z
20941.8,100.0,38.0,1017.22,0.0,0.06,33.260000000000005,241.1,1.6800000000000002,7164.4,-104.6,-0.5200000000000001,1.0,2025-06-13T11:53:24.334192896Z
21085.0,100.0,38.125,1017.0999999999999,0.0,0.0375,33.47500000000001,138.60000000000002,1.525,8477.75,-103.5,-0.3500000000000001,1.0,2025-06-13T12:02:20.661040128Z
20926.833333333332,100.0,38.166666666666664,1017.0166666666668,0.0,0.049999999999999996,33.550000000000004,179.70000000000002,1.6666666666666667,7750.833333333333,-102.16666666666667,-3.0833333333333335,1.0,2025-06-13T12:12:20.867036928Z
20928.833333333332,100.0,36.916666666666664,1016.9166666666665,0.0,0.049999999999999996,33.56666666666666,168.01666666666668,1.7333333333333332,7752.833333333333,-103.33333333333333,-1.1666666666666665,1.0,2025-06-13T12:23:00.867757056Z
21040.4,100.0,36.7,1016.82,0.0,0.03,33.96,160.27999999999997,1.44,8920.8,-102.0,2.56,1.0,2025-06-13T12:33:05.205554688Z
20804.4,100.0,36.4,1016.8,0.0,0.06,33.9,208.7,1.5799999999999998,7173.2,-103.6,-0.6800000000000004,1.0,2025-06-13T12:41:33.040866048Z
20952.2,100.0,36.8,1016.86,0.0,0.06,34.019999999999996,175.50000000000003,2.6,7175.6,-104.8,-1.56,1.0,2025-06-13T12:53:24.353067008Z
21045.4,100.0,36.5,1016.6199999999999,0.0,0.03,34.06,94.84,2.24,8926.6,-101.6,1.5800000000000003,1.0,2025-06-13T13:03:05.224195584Z
21047.2,100.0,36.6,1016.6,0.0,0.03,34.239999999999995,162.12,1.7,8928.6,-101.2,1.9600000000000002,1.0,2025-06-13T13:13:29.199111424Z
20957.2,100.0,36.9,1016.7,0.0,0.06,34.279999999999994,110.94000000000001,2.04,7181.2,-105.8,-0.9799999999999999,1.0,2025-06-13T13:23:24.355411712Z
21100.75,100.0,37.125,1016.6499999999999,0.0,0.0375,34.05,117.72500000000001,1.9,8495.0,-102.0,0.32499999999999996,1.0,2025-06-13T13:32:20.681267968Z
20942.166666666668,100.0,37.333333333333336,1016.6666666666666,0.0,0.049999999999999996,34.233333333333334,204.4,1.5499999999999998,7767.833333333333,-102.83333333333333,-0.016666666666666757,1.0,2025-06-13T13:42:20.843397120Z
20962.4,100.0,38.0,1016.68,0.0,0.06,34.04,174.04,2.2199999999999998,7186.8,-104.2,-0.8200000000000001,1.0,2025-06-13T13:53:24.356932096Z
21055.6,100.0,38.7,1016.4399999999999,0.0,0.03,34.260000000000005,59.080000000000005,3.12,8938.2,-102.8,1.16,1.0,2025-06-13T14:03:05.210132992Z
20947.5,100.0,39.5,1016.5,0.0,0.049999999999999996,33.9,42.300000000000004,1.9333333333333333,7773.5,-103.5,0.09999999999999964,1.0,2025-06-13T14:12:20.848319488Z
20967.8,100.0,39.5,1016.6200000000001,0.0,0.06,33.86,58.4,2.5,7192.2,-104.2,-1.5,1.0,2025-06-13T14:22:24.337769216Z
21061.0,100.0,39.0,1016.5,0.0,0.03,34.1,63.0,2.56,8944.0,-101.4,1.4999999999999998,1.0,2025-06-13T14:33:05.201189888Z
20952.833333333332,100.0,39.916666666666664,1016.5666666666667,0.0,0.051666666666666666,33.85,120.38333333333333,2.9,7779.166666666667,-104.5,0.3333333333333332,1.0,2025-06-13T14:42:20.839853824Z
20973.2,100.0,40.0,1016.54,0.0,0.064,33.4,60.38000000000001,3.2399999999999998,7198.0,-106.0,-1.1600000000000001,1.0,2025-06-13T14:53:24.311901184Z
21066.4,100.0,39.5,1016.32,0.0,0.034,33.64,60.56,3.2199999999999998,8949.8,-100.8,1.3,1.0,2025-06-13T15:03:05.206663936Z
20958.166666666668,100.0,40.0,1016.3833333333332,0.0,0.06,33.333333333333336,52.68333333333334,3.5333333333333328,7784.833333333333,-102.66666666666667,0.16666666666666682,1.0,2025-06-13T15:12:20.819511040Z
20978.6,100.0,40.2,1016.4799999999999,0.0,0.072,32.96,50.6,3.54,7203.6,-105.6,-0.9600000000000002,1.0,2025-06-13T15:23:24.308991744Z
21071.8,100.0,39.4,1016.24,0.0,0.036,33.1,136.92000000000002,3.04,8955.6,-101.6,1.2,1.0,2025-06-13T15:33:05.200035072Z
21073.6,100.0,40.1,1016.2,0.0,0.038,33.019999999999996,80.69999999999999,2.52,8957.6,-101.4,0.8,1.0,2025-06-13T15:43:29.167676416Z
20983.6,100.0,40.1,1016.3,0.0,0.076,32.6,58.5,2.48,7209.2,-105.4,-1.5399999999999998,1.0,2025-06-13T15:53:24.336665344Z
21127.75,100.0,40.5,1016.175,0.0,0.0475,32.525,59.9,2.625,8523.75,-103.25,1.25,1.0,2025-06-13T16:02:20.604599552Z
20968.166666666668,100.0,40.583333333333336,1016.0333333333334,0.0,0.06333333333333334,32.449999999999996,55.78333333333333,2.65,7796.166666666667,-103.16666666666667,-0.2666666666666669,1.0,2025-06-13T16:12:20.804416768Z
20970.166666666668,100.0,40.833333333333336,1016.0833333333334,0.0,0.06999999999999999,32.416666666666664,66.13333333333333,2.35,7798.166666666667,-103.83333333333333,-0.4000000000000002,1.0,2025-06-13T16:23:00.786394112Z
21082.4,100.0,40.6,1015.9800000000001,0.0,0.041999999999999996,32.339999999999996,57.64,2.6399999999999997,8967.2,-101.2,1.8399999999999999,1.0,2025-06-13T16:33:05.595927040Z
20973.833333333332,100.0,41.583333333333336,1016.1166666666668,0.0,0.06999999999999999,32.0,68.75,2.316666666666667,7801.833333333333,-103.5,-0.5333333333333332,1.0,2025-06-13T16:42:20.788398336Z
20975.833333333332,100.0,42.0,1016.1500000000001,0.0,0.07333333333333333,31.76666666666667,53.150000000000006,2.416666666666667,7803.833333333333,-106.16666666666667,-4.916666666666667,1.0,2025-06-13T16:53:00.795773184Z
21088.2,100.0,41.9,1016.1200000000001,0.0,0.044,31.540000000000003,68.7,2.5,8973.0,-101.0,0.6,1.0,2025-06-13T17:03:05.143195648Z
20979.5,100.0,43.583333333333336,1016.2833333333334,0.0,0.07333333333333333,31.150000000000006,60.0,2.033333333333333,7807.5,-102.5,-0.65,1.0,2025-06-13T17:12:20.784470272Z
21000.0,100.0,45.2,1016.4,0.0,0.092,30.639999999999997,59.7,2.04,7226.0,-106.0,-1.4600000000000002,1.0,2025-06-13T17:23:24.247567872Z
21093.6,100.0,44.5,1016.28,0.0,0.048,30.6,74.88,2.0599999999999996,8978.8,-102.6,1.1800000000000002,1.0,2025-06-13T17:33:05.137730816Z
20984.833333333332,100.0,45.916666666666664,1016.3333333333334,0.0,0.08,30.133333333333336,55.91666666666668,1.5333333333333334,7813.166666666667,-102.66666666666667,0.4499999999999999,1.0,2025-06-13T17:42:20.750640384Z
21005.4,100.0,48.3,1016.46,0.0,0.096,29.5,138.35999999999999,1.24,7231.6,-104.2,-1.34,1.0,2025-06-13T17:53:24.243120896Z
21099.0,100.0,48.4,1016.2800000000001,0.0,0.054000000000000006,29.360000000000003,77.46000000000001,1.18,8984.6,-101.8,1.3199999999999998,1.0,2025-06-13T18:03:05.121627648Z
20990.166666666668,100.0,50.5,1016.3499999999999,0.0,0.09000000000000001,28.73333333333333,79.64999999999999,1.1833333333333331,7818.833333333333,-102.5,0.08333333333333319,1.0,2025-06-13T18:12:20.750769152Z
20992.166666666668,100.0,52.25,1016.3833333333332,0.0,0.09000000000000001,28.200000000000003,66.3,1.2,7820.833333333333,-103.66666666666667,-0.7166666666666667,1.0,2025-06-13T18:23:00.731290368Z
21104.8,100.0,54.6,1016.3799999999999,0.0,0.054000000000000006,27.639999999999997,141.64000000000001,0.74,8990.4,-99.8,0.24000000000000005,1.0,2025-06-13T18:33:05.086977280Z
20995.833333333332,100.0,56.916666666666664,1016.5666666666667,0.0,0.09000000000000001,27.0,66.25,0.9333333333333335,7824.5,-104.0,-0.21666666666666648,1.0,2025-06-13T18:42:20.731987968Z
20859.0,100.0,59.625,1016.8499999999999,0.0,0.0675,26.225,56.5,1.075,6367.0,-106.0,-2.8,1.0,2025-06-13T18:53:55.261011456Z
21109.8,100.0,59.7,1016.72,0.0,0.004,26.1,82.80000000000001,0.86,8996.2,-103.2,0.8,1.0,2025-06-13T19:03:05.067755264Z
21000.833333333332,100.0,61.333333333333336,1016.9166666666666,0.0,0.013333333333333334,25.71666666666667,56.13333333333335,0.8666666666666666,7830.166666666667,-102.16666666666667,-0.06666666666666658,1.0,2025-06-13T19:12:20.696750080Z
21021.4,100.0,63.3,1017.14,0.0,0.024,25.2,43.019999999999996,1.08,7248.4,-104.6,-0.8199999999999996,1.0,2025-06-13T19:23:24.189809408Z
21166.25,100.0,64.25,1017.125,0.0,0.03,24.95,49.974999999999994,1.25,8564.0,-102.0,0.375,1.0,2025-06-13T19:32:20.514071040Z
21005.833333333332,100.0,66.25,1017.1999999999999,0.0,0.02,24.566666666666663,156.4333333333333,1.1,7835.833333333333,-102.5,-0.31666666666666643,1.0,2025-06-13T19:42:20.672177408Z
21026.6,100.0,67.3,1017.5,0.0,0.024,24.259999999999998,175.84,1.26,7254.0,-104.4,-0.5799999999999998,1.0,2025-06-13T19:53:24.149335552Z
21171.5,100.0,67.875,1017.5250000000001,0.0,0.03,24.125,50.025,1.1,8569.75,-107.0,-4.575,1.0,2025-06-13T20:02:20.494635520Z
21010.833333333332,100.0,68.0,1017.5833333333334,0.0,0.021666666666666667,23.95,107.83333333333333,0.9333333333333332,7841.5,-103.16666666666667,-0.4166666666666668,1.0,2025-06-13T20:12:20.651305728Z
21123.6,100.0,69.1,1017.5200000000001,0.0,0.028000000000000004,23.82,126.50000000000003,0.9799999999999999,9011.6,-101.4,1.56,1.0,2025-06-13T20:22:41.002622464Z
21125.4,100.0,69.8,1017.6,0.0,0.028000000000000004,23.560000000000002,69.88000000000001,0.72,9013.6,-101.6,1.98,1.0,2025-06-13T20:33:05.008212736Z
21016.166666666668,100.0,70.33333333333333,1017.6500000000001,0.0,0.023333333333333334,23.349999999999998,57.29999999999999,0.7333333333333334,7847.166666666667,-103.0,-0.5833333333333334,1.0,2025-06-13T20:42:20.624215296Z
21037.0,100.0,71.3,1017.72,0.0,0.028000000000000004,23.060000000000002,123.64000000000001,0.96,7265.2,-104.2,-1.94,1.0,2025-06-13T20:53:24.097878528Z
21182.25,100.0,72.5,1017.65,0.0,0.035,22.85,169.04999999999998,0.8250000000000001,8581.5,-101.25,0.8500000000000001,1.0,2025-06-13T21:03:35.422660352Z
21021.166666666668,100.0,73.25,1017.65,0.0,0.023333333333333334,22.566666666666666,103.83333333333333,0.5833333333333334,7852.833333333333,-102.33333333333333,-1.0666666666666667,1.0,2025-06-13T21:12:20.599148288Z
21023.166666666668,100.0,74.33333333333333,1017.6666666666666,0.0,0.023333333333333334,22.28333333333333,118.7333333333333,0.6833333333333335,7854.833333333333,-103.16666666666667,0.2666666666666666,1.0,2025-06-13T21:23:00.593853184Z
21303.0,100.0,76.0,1017.6000000000001,0.0,0.035,22.125,220.175,0.6,10778.0,-99.25,3.25,1.0,2025-06-13T21:33:41.537288704Z
21026.5,100.0,77.41666666666667,1017.6833333333334,0.0,0.023333333333333334,21.78333333333333,172.73333333333335,0.6,7858.5,-101.0,-1.9333333333333336,1.0,2025-06-13T21:42:20.588269568Z
21191.25,100.0,79.25,1017.6999999999999,0.0,0.035,21.35,122.925,0.625,8591.0,-98.75,-2.175,1.0,2025-06-13T21:53:05.395881472Z
21077.0,100.0,81.75,1017.8499999999999,0.0,0.035,21.0,126.3,0.85,6401.5,-107.0,-2.7,1.0,2025-06-13T22:00:59.312956416Z
21030.5,100.0,79.41666666666667,1017.5,0.0,0.023333333333333334,21.5,150.11666666666667,0.5333333333333333,7864.166666666667,-103.33333333333333,-1.1666666666666665,1.0,2025-06-13T22:12:20.544795904Z
20901.8,100.0,78.7,1017.4200000000001,0.0,0.014000000000000002,21.56,109.52000000000001,0.6,7281.8,-101.8,-3.1,1.0,2025-06-13T22:23:20.671205888Z
21145.4,99.6,79.1,1017.3399999999999,0.0,0.028000000000000004,21.439999999999998,197.90000000000003,0.43999999999999995,9036.8,-101.0,0.8,1.0,2025-06-13T22:33:04.916211968Z
21147.2,99.6,79.6,1017.3,0.0,0.028000000000000004,21.16,225.98000000000002,0.48,9038.6,-101.4,0.5599999999999998,1.0,2025-06-13T22:42:16.886469376Z
21056.4,98.8,83.0,1017.4,0.0,0.028000000000000004,20.52,214.11999999999998,0.9800000000000001,7287.6,-103.4,-3.7199999999999998,1.0,2025-06-13T22:53:24.010765824Z
21150.6,98.4,81.5,1017.24,0.0,0.028000000000000004,20.6,110.67999999999999,0.74,9042.6,-100.8,-0.8399999999999999,1.0,2025-06-13T23:03:04.880535296Z
21152.4,98.4,83.3,1017.18,0.0,0.028000000000000004,20.380000000000003,172.54000000000002,1.04,9044.6,-99.8,0.8600000000000001,1.0,2025-06-13T23:13:29.296135936Z
21042.5,98.33333333333333,84.08333333333333,1017.25,0.0,0.023333333333333334,20.183333333333334,52.23333333333334,1.0333333333333334,7877.5,-103.0,-0.7333333333333331,1.0,2025-06-13T23:23:00.503734016Z
21207.75,98.0,83.875,1017.325,0.0,0.037500000000000006,20.099999999999998,69.0,0.8500000000000001,8610.0,-102.0,-1.025,1.0,2025-06-13T23:32:20.317968896Z
21045.833333333332,98.0,83.58333333333333,1017.2833333333333,0.0,0.02666666666666667,20.016666666666662,125.86666666666667,0.7666666666666667,7881.166666666667,-102.33333333333333,-2.8666666666666667,1.0,2025-06-13T23:42:20.462143744Z
21047.833333333332,97.66666666666667,85.5,1017.3833333333332,0.0,0.02666666666666667,19.616666666666667,185.28333333333333,0.3333333333333333,7883.166666666667,-102.5,-0.3333333333333335,1.0,2025-06-13T23:53:00.457178112Z
21161.6,97.4,87.3,1017.36,0.0,0.032,19.240000000000002,148.85999999999999,0.38,9054.2,-100.8,-1.16,1.0,2025-06-14T00:03:04.832775168Z
21051.5,97.33333333333333,87.58333333333333,1017.4833333333332,0.0,0.02666666666666667,19.116666666666664,212.23333333333335,0.35000000000000003,7886.833333333333,-103.33333333333333,-1.1,1.0,2025-06-14T00:12:20.441465600Z
21053.5,97.33333333333333,87.75,1017.4833333333332,0.0,0.02666666666666667,19.099999999999998,121.88333333333333,0.5,7888.833333333333,-104.0,-2.1999999999999997,1.0,2025-06-14T00:23:00.427539200Z
21167.4,97.0,87.3,1017.3399999999999,0.0,0.032,19.160000000000004,144.42,0.64,9060.0,-100.8,-0.1199999999999998,1.0,2025-06-14T00:33:04.810729472Z
20926.0,96.8,86.5,1017.36,0.0,0.016,19.28,108.66,0.74,7307.8,-103.8,-1.6799999999999997,1.0,2025-06-14T00:42:32.542154496Z
21077.6,96.2,88.0,1017.5,0.0,0.032,19.139999999999997,93.74000000000001,0.78,7310.0,-104.2,-2.4199999999999995,1.0,2025-06-14T00:53:23.894057472Z
21215.333333333332,95.33333333333333,87.16666666666667,1017.2333333333332,0.0,0.02666666666666667,19.166666666666668,185.9333333333333,0.3666666666666667,10819.666666666666,-96.33333333333333,1.4000000000000001,1.0,2025-06-14T01:02:48.546191616Z
21173.6,95.4,89.2,1017.4,0.0,0.032,18.8,132.92,0.42000000000000004,9067.8,-100.8,0.8400000000000001,1.0,2025-06-14T01:13:28.766843392Z
21063.166666666668,95.33333333333333,89.75,1017.5166666666668,0.0,0.02666666666666667,18.55,108.85000000000001,0.3333333333333333,7900.166666666667,-103.5,-2.216666666666667,1.0,2025-06-14T01:23:00.737290496Z
21228.75,95.5,90.375,1017.525,0.0,0.04,18.375,114.29999999999998,0.6,8633.0,-103.0,-1.2249999999999999,1.0,2025-06-14T01:32:20.214089216Z
21178.8,95.0,91.0,1017.4,0.0,0.033999999999999996,18.199999999999996,58.35999999999999,0.48,9073.6,-100.8,1.24,1.0,2025-06-14T01:43:28.740912896Z
21232.0,94.75,91.75,1017.5,0.0,0.042499999999999996,18.1,158.39999999999998,0.275,8637.0,-102.5,0.55,1.0,2025-06-14T01:53:05.756555008Z
21233.5,94.75,91.5,1017.6,0.0,0.042499999999999996,18.025,180.45,0.475,8638.75,-102.75,-0.8,1.0,2025-06-14T02:02:20.195235840Z
21183.4,94.4,91.6,1017.5600000000001,0.0,0.033999999999999996,17.919999999999998,239.28000000000003,0.4600000000000001,9079.4,-101.4,0.28000000000000025,1.0,2025-06-14T02:13:28.716024320Z
21091.2,94.4,92.9,1017.76,0.0,0.036,17.68,166.2,0.16,7326.8,-103.6,-1.64,1.0,2025-06-14T02:23:23.826036992Z
21186.8,94.4,91.9,1017.5600000000001,0.0,0.04,17.659999999999997,211.32,0.64,9083.2,-99.2,-3.44,1.0,2025-06-14T02:33:05.135618304Z
21094.6,94.0,93.1,1017.68,0.0,0.052000000000000005,17.720000000000002,198.14000000000001,0.8,7330.4,-105.8,-2.46,1.0,2025-06-14T02:42:35.812280832Z
21096.4,93.6,93.2,1017.78,0.0,0.05600000000000001,17.6,306.4,0.6399999999999999,7332.4,-104.2,-3.44,1.0,2025-06-14T02:53:23.799085824Z
21243.75,93.5,93.625,1017.9,0.0,0.0675,17.475,295.15,0.675,8650.25,-103.0,0.19999999999999996,1.0,2025-06-14T03:02:20.141625344Z
21080.5,93.16666666666667,94.0,1017.8333333333331,0.0,0.04666666666666667,17.383333333333333,210.79999999999998,0.5666666666666667,7920.833333333333,-101.83333333333333,-0.8000000000000002,1.0,2025-06-14T03:12:20.294509312Z
21247.25,93.25,94.625,1018.0000000000001,0.0,0.07,17.1,182.60000000000002,0.7,8654.5,-103.5,-0.5750000000000002,1.0,2025-06-14T03:24:35.120034560Z
21492.0,93.33333333333333,95.33333333333333,1017.9333333333334,0.0,0.08666666666666667,16.966666666666665,222.16666666666666,0.3333333333333333,10850.0,-95.66666666666667,-5.866666666666667,1.0,2025-06-14T03:32:54.047894784Z
21084.833333333332,92.66666666666667,93.58333333333333,1017.9833333333335,0.0,0.05333333333333334,16.933333333333334,215.48333333333335,0.39999999999999997,7926.5,-105.16666666666667,-5.333333333333333,1.0,2025-06-14T03:42:20.262918144Z
21086.833333333332,92.16666666666667,93.5,1018.0166666666668,0.0,0.05333333333333334,17.01666666666667,235.83333333333337,0.5166666666666667,7928.5,-103.33333333333333,-0.1166666666666667,1.0,2025-06-14T03:53:00.246091776Z
21088.333333333332,92.0,94.5,1018.0666666666666,0.0,0.05333333333333334,17.400000000000002,202.33333333333334,0.4333333333333333,7930.333333333333,-103.66666666666667,-1.0,1.0,2025-06-14T04:02:40.248495360Z
21372.5,91.5,96.0,1017.9499999999999,0.0,0.065,17.65,153.14999999999998,0.35,10858.0,-98.0,-0.025000000000000355,1.0,2025-06-14T04:13:41.198976512Z
21091.166666666668,91.66666666666667,92.75,1018.0500000000002,0.0,0.05833333333333334,18.25,194.70000000000002,0.18333333333333335,7934.166666666667,-103.5,-1.6166666666666665,1.0,2025-06-14T04:23:00.235720960Z
21206.4,91.6,92.2,1017.9799999999999,0.0,0.06999999999999999,18.8,156.4,0.8,9106.4,-100.8,1.6,1.0,2025-06-14T04:33:04.607380224Z
21208.2,91.6,90.6,1017.9799999999999,0.0,0.072,19.4,187.08,0.7,9108.4,-101.8,1.3199999999999998,1.0,2025-06-14T04:43:28.607993088Z
20963.8,91.6,88.2,1017.9799999999999,0.0,0.048,20.0,253.38000000000002,0.76,7354.4,-104.0,-0.46000000000000013,1.0,2025-06-14T04:52:20.751000832Z
21211.6,91.6,86.6,1017.9799999999999,0.0,0.072,20.580000000000002,196.04000000000002,0.5599999999999999,9112.2,-99.4,-0.2,1.0,2025-06-14T05:03:04.581061376Z
21099.833333333332,91.66666666666667,84.16666666666667,1017.9833333333332,0.0,0.06666666666666667,21.23333333333333,151.0,0.65,7943.5,-102.16666666666667,-0.7166666666666668,1.0,2025-06-14T05:12:20.177352960Z
21101.833333333332,92.0,82.08333333333333,1017.9166666666666,0.0,0.06666666666666667,21.783333333333335,141.23333333333332,0.8166666666666668,7945.5,-103.16666666666667,-0.25,1.0,2025-06-14T05:23:01.264416000Z
21269.25,92.25,80.875,1017.875,0.0,0.09,22.275,148.525,0.7749999999999999,8679.0,-102.5,-0.12500000000000022,1.0,2025-06-14T05:32:20.032654336Z
21218.8,92.0,77.9,1017.72,0.0,0.072,22.919999999999998,167.95999999999998,0.8,9120.0,-100.2,-1.4600000000000002,1.0,2025-06-14T05:43:28.548892672Z
21125.6,93.8,75.8,1017.82,0.0,0.08,23.500000000000004,108.82000000000001,0.9200000000000002,7366.0,-104.4,-0.86,1.0,2025-06-14T05:53:23.656766208Z
21274.25,93.75,73.25,1017.8,0.0,0.0925,23.849999999999998,157.775,1.075,8684.75,-102.25,-0.5249999999999999,1.0,2025-06-14T06:02:20.017873920Z
21109.833333333332,93.66666666666667,70.0,1017.7999999999998,0.0,0.07,24.583333333333332,129.93333333333334,0.7333333333333334,7954.833333333333,-100.16666666666667,-4.5666666666666655,1.0,2025-06-14T06:12:20.148952320Z
21111.833333333332,94.5,68.41666666666667,1017.7333333333332,0.0,0.07,25.21666666666667,119.76666666666665,0.6833333333333332,7956.833333333333,-102.5,-0.2833333333333335,1.0,2025-06-14T06:23:00.135207936Z
21279.75,95.0,67.5,1017.7249999999999,0.0,0.0925,25.599999999999998,182.425,0.625,8690.5,-100.5,-1.2999999999999998,1.0,2025-06-14T06:32:20.015290880Z
21229.0,94.6,64.4,1017.6600000000001,0.0,0.074,26.22,112.62,0.43999999999999995,9131.6,-101.8,1.6600000000000001,1.0,2025-06-14T06:43:28.506979840Z
21135.8,98.2,62.4,1017.7400000000001,0.0,0.08600000000000001,26.82,168.51999999999998,0.9800000000000001,7377.2,-104.2,-4.02,1.0,2025-06-14T06:53:23.624573440Z
21232.4,99.0,58.8,1017.5,0.0,0.078,27.46,155.52,0.86,9135.4,-102.0,0.8800000000000001,1.0,2025-06-14T07:03:04.512142848Z
21120.166666666668,99.0,58.333333333333336,1017.4833333333332,0.0,0.08,27.733333333333334,105.35000000000001,1.2,7966.166666666667,-103.5,0.8333333333333336,1.0,2025-06-14T07:12:20.458023936Z
21122.166666666668,99.16666666666667,55.166666666666664,1017.4333333333333,0.0,0.08,28.150000000000002,94.18333333333334,1.2666666666666666,7968.166666666667,-103.66666666666667,-0.4000000000000001,1.0,2025-06-14T07:23:00.111379456Z
21290.5,99.5,53.0,1017.5,0.0,0.10250000000000001,28.5,119.975,1.4,8702.0,-103.25,-1.4500000000000002,1.0,2025-06-14T07:32:19.960012032Z
21125.5,99.33333333333333,51.833333333333336,1017.4666666666667,0.0,0.09166666666666667,28.95,97.36666666666666,0.8333333333333334,7971.833333333333,-102.83333333333333,-1.4166666666666667,1.0,2025-06-14T07:42:20.091005696Z
21540.0,99.33333333333333,48.666666666666664,1017.3000000000001,0.0,0.10666666666666667,29.400000000000002,113.13333333333334,0.8666666666666667,10902.333333333334,-99.0,4.866666666666667,1.0,2025-06-14T07:54:33.895346176Z
21242.8,100.0,48.7,1017.22,0.0,0.09200000000000001,29.98,134.07999999999998,0.8400000000000001,9147.0,-101.8,1.3400000000000003,1.0,2025-06-14T08:03:04.474779648Z
21130.166666666668,100.0,46.416666666666664,1017.2166666666667,0.0,0.11333333333333334,30.266666666666666,136.93333333333334,0.8166666666666665,7977.5,-102.83333333333333,-1.316666666666667,1.0,2025-06-14T08:12:20.425962240Z
21246.6,100.0,44.8,1017.1600000000001,0.0,0.10200000000000001,30.339999999999996,209.08,1.2200000000000002,9150.8,-101.4,0.36,1.0,2025-06-14T08:22:40.456978432Z
21248.4,100.0,43.9,1017.14,0.0,0.10800000000000001,30.78,115.72,1.12,9152.8,-101.8,1.46,1.0,2025-06-14T08:33:04.460712448Z
21250.2,100.0,43.5,1017.1200000000001,0.0,0.10800000000000001,31.139999999999997,92.22,1.1400000000000001,9154.6,-99.8,-1.5,1.0,2025-06-14T08:42:16.454478592Z
21156.0,100.0,42.2,1017.3,0.0,0.152,31.140000000000004,120.36000000000001,0.74,7399.6,-103.8,-3.72,1.0,2025-06-14T08:53:23.551481856Z
21253.6,100.0,41.4,1017.1199999999999,0.0,0.10800000000000001,31.46,165.52,0.9399999999999998,9158.6,-97.6,-2.1399999999999997,1.0,2025-06-14T09:03:04.446115584Z
21140.5,100.0,40.666666666666664,1017.0833333333335,0.0,0.12666666666666668,31.783333333333335,59.51666666666666,1.0333333333333334,7988.833333333333,-102.16666666666667,-1.4333333333333336,1.0,2025-06-14T09:12:20.050946816Z
21142.5,100.0,40.0,1017.0500000000001,0.0,0.12666666666666668,31.983333333333334,143.51666666666668,0.75,7990.833333333333,-102.83333333333333,-1.7833333333333339,1.0,2025-06-14T09:23:00.036499200Z
21311.75,100.0,39.25,1017.0749999999999,0.0,0.135,32.150000000000006,109.77499999999999,1.3749999999999998,8725.0,-100.75,-3.5999999999999996,1.0,2025-06-14T09:32:19.951831040Z
21433.5,100.0,37.625,1016.8,0.0,0.08,32.675,294.325,1.175,10924.0,-96.5,1.7,1.0,2025-06-14T09:43:41.038593536Z
21166.0,100.0,36.9,1017.0199999999999,0.0,0.152,32.440000000000005,246.38000000000002,1.24,7410.8,-102.6,-1.2600000000000002,1.0,2025-06-14T09:53:23.534934528Z
21316.5,100.0,37.125,1016.8499999999999,0.0,0.135,32.875,79.67500000000001,0.6499999999999999,8730.75,-103.0,0.44999999999999996,1.0,2025-06-14T10:02:19.922187520Z
21015.6,100.0,37.1,1016.7,0.0,0.122,33.06,131.88000000000002,1.0800000000000003,7414.0,-102.4,-2.5,1.0,2025-06-14T10:11:32.136316928Z
21267.0,100.0,35.0,1016.5600000000001,0.0,0.11000000000000001,33.22,162.5,0.96,9174.0,-101.8,-0.9799999999999999,1.0,2025-06-14T10:22:40.433933568Z
21268.8,100.0,34.9,1016.4799999999999,0.0,0.046,33.3,148.14000000000001,1.2,9176.0,-99.0,-0.7200000000000001,1.0,2025-06-14T10:33:04.444653568Z
21155.166666666668,100.0,34.833333333333336,1016.5166666666668,0.0,0.07666666666666667,33.48333333333334,177.88333333333333,1.0833333333333335,8005.833333333333,-100.83333333333333,-1.7833333333333339,1.0,2025-06-14T10:42:20.041771776Z
21176.0,100.0,35.2,1016.5,0.0,0.092,33.4,186.61999999999998,1.36,7422.0,-104.4,-1.12,1.0,2025-06-14T10:53:23.549896704Z
21274.2,100.0,36.5,1016.2199999999999,0.0,0.046,33.400000000000006,204.57999999999998,1.8399999999999999,9181.8,-98.6,-0.3599999999999998,1.0,2025-06-14T11:03:04.434926080Z
21160.5,100.0,35.0,1016.1999999999999,0.0,0.07666666666666667,33.849999999999994,162.65,1.2166666666666668,8011.5,-102.33333333333333,-0.9500000000000003,1.0,2025-06-14T11:12:20.390603008Z
21181.4,100.0,35.6,1016.1800000000001,0.0,0.092,34.2,180.56,1.3199999999999998,7427.6,-104.8,-1.9,1.0,2025-06-14T11:23:23.541581824Z
21332.25,100.0,35.375,1016.05,0.0,0.0575,34.2,203.275,1.45,8748.0,-102.25,-1.575,1.0,2025-06-14T11:32:19.932961792Z
21165.5,100.0,34.666666666666664,1015.9333333333334,0.0,0.07666666666666667,34.26666666666667,209.76666666666665,1.0833333333333335,8017.166666666667,-102.16666666666667,-0.3333333333333333,1.0,2025-06-14T11:42:20.029636608Z
21283.0,100.0,35.8,1015.82,0.0,0.046,34.56,228.94,1.44,9191.4,-100.8,1.3399999999999999,1.0,2025-06-14T11:52:40.429868544Z
21337.5,100.0,35.0,1015.875,0.0,0.0575,34.9,256.275,1.45,8753.75,-103.0,0.875,1.0,2025-06-14T12:02:19.920213504Z
21170.5,100.0,34.416666666666664,1015.75,0.0,0.07666666666666667,35.03333333333333,198.13333333333333,1.416666666666667,8022.833333333333,-102.0,-1.8833333333333335,1.0,2025-06-14T12:12:20.036559616Z
21172.5,100.0,35.416666666666664,1015.6166666666668,0.0,0.07666666666666667,35.133333333333326,81.23333333333333,1.0999999999999999,8024.833333333333,-102.66666666666667,-1.0833333333333333,1.0,2025-06-14T12:23:00.032652032Z
21290.2,100.0,35.0,1015.4399999999999,0.0,0.046,35.44,226.56,1.7,9199.2,-100.2,0.8999999999999998,1.0,2025-06-14T12:33:04.444335104Z
21176.166666666668,100.0,34.833333333333336,1015.4666666666666,0.0,0.07666666666666667,35.266666666666666,211.7166666666667,1.6666666666666667,8028.5,-103.66666666666667,-0.033333333333333215,1.0,2025-06-14T12:42:20.033013760Z
21197.2,100.0,34.9,1015.4,0.0,0.092,35.32,208.26,1.48,7444.4,-104.8,-2.1,1.0,2025-06-14T12:53:23.532111360Z
21348.5,100.0,35.375,1015.2249999999999,0.0,0.0575,35.475,263.0,1.5,8765.25,-102.25,0.575,1.0,2025-06-14T13:02:19.927306752Z
21181.166666666668,100.0,34.833333333333336,1015.1166666666667,0.0,0.07666666666666667,35.36666666666667,254.96666666666667,2.266666666666667,8034.166666666667,-102.33333333333333,0.03333333333333336,1.0,2025-06-14T13:12:20.030001152Z
21183.166666666668,100.0,35.75,1015.0,0.0,0.07666666666666667,35.38333333333333,178.29999999999998,1.8,8036.166666666667,-103.16666666666667,-0.5,1.0,2025-06-14T13:23:00.025515264Z
21354.0,100.0,34.625,1014.9250000000001,0.0,0.0575,35.525000000000006,281.0,1.225,8771.0,-101.25,0.125,1.0,2025-06-14T13:32:19.933662208Z
21186.5,100.0,34.25,1014.7166666666667,0.0,0.07666666666666667,36.11666666666667,241.04999999999998,1.3166666666666667,8039.833333333333,-102.16666666666667,-0.3999999999999999,1.0,2025-06-14T13:42:20.025965568Z
21188.5,100.0,34.083333333333336,1014.5833333333334,0.0,0.07666666666666667,36.099999999999994,230.5,1.6166666666666665,8041.833333333333,-103.0,-0.03333333333333336,1.0,2025-06-14T13:53:00.028326144Z
21359.5,100.0,34.0,1014.5,0.0,0.0575,36.4,289.75,1.5250000000000001,8776.75,-103.25,0.8999999999999999,1.0,2025-06-14T14:02:19.929838080Z
21191.833333333332,100.0,33.833333333333336,1014.3833333333333,0.0,0.07666666666666667,35.98333333333333,156.0666666666667,0.9666666666666665,8045.5,-103.33333333333333,-0.6166666666666667,1.0,2025-06-14T14:12:20.028835840Z
21193.833333333332,100.0,33.5,1014.3166666666667,0.0,0.07666666666666667,36.31666666666667,259.1166666666667,1.0333333333333334,8047.5,-103.16666666666667,-0.9166666666666666,1.0,2025-06-14T14:23:00.033010688Z
21311.8,100.0,34.6,1014.2,0.0,0.046,36.379999999999995,248.3,1.44,9222.4,-100.4,1.86,1.0,2025-06-14T14:33:04.887865856Z
21197.5,100.0,34.166666666666664,1014.2333333333335,0.0,0.07666666666666667,36.78333333333334,214.51666666666665,1.0999999999999999,8051.166666666667,-103.33333333333333,-0.13333333333333344,1.0,2025-06-14T14:42:20.022692608Z
21218.8,100.0,33.6,1014.32,0.0,0.092,36.76,217.57999999999998,0.6799999999999999,7466.8,-105.0,-1.2,1.0,2025-06-14T14:53:23.551731968Z
21491.5,100.0,33.25,1013.825,0.0,0.0,36.900000000000006,257.525,1.025,10988.0,-97.0,3.125,1.0,2025-06-14T15:03:41.084143872Z
21202.5,100.0,33.75,1013.9833333333332,0.0,0.07666666666666667,36.35,276.23333333333335,1.5,8056.833333333333,-102.16666666666667,0.36666666666666686,1.0,2025-06-14T15:12:20.128203008Z
21374.0,100.0,33.75,1013.9250000000001,0.0,0.0575,36.324999999999996,70.825,1.2,8792.25,-100.5,-2.0,1.0,2025-06-14T15:23:04.950083584Z
21322.2,100.0,33.7,1013.82,0.0,0.046,36.720000000000006,135.02,0.8800000000000001,9234.0,-101.0,0.6999999999999996,1.0,2025-06-14T15:33:04.460051968Z
21207.5,100.0,34.833333333333336,1013.85,0.0,0.07666666666666667,36.35,137.31666666666666,2.0,8062.5,-101.16666666666667,-0.8833333333333334,1.0,2025-06-14T15:42:20.029334272Z
21209.5,100.0,36.416666666666664,1013.8833333333333,0.0,0.07666666666666667,35.716666666666676,86.58333333333333,1.6833333333333333,8064.5,-102.83333333333333,-0.4666666666666666,1.0,2025-06-14T15:53:00.037331712Z
21381.25,100.0,38.125,1013.825,0.0,0.0575,35.2,119.75,3.05,8799.75,-103.25,1.075,1.0,2025-06-14T16:02:19.946240256Z
21212.833333333332,100.0,41.333333333333336,1013.85,0.0,0.07666666666666667,34.38333333333334,52.11666666666667,2.75,8068.166666666667,-102.83333333333333,-0.866666666666667,1.0,2025-06-14T16:12:20.034216704Z
21214.833333333332,100.0,43.583333333333336,1014.0166666666668,0.0,0.07666666666666667,33.733333333333334,72.94999999999999,2.5,8070.166666666667,-104.0,-1.1833333333333331,1.0,2025-06-14T16:23:00.072890368Z
21333.4,100.0,44.1,1014.0799999999999,0.0,0.046,33.519999999999996,68.66,2.6799999999999997,9245.6,-100.0,0.039999999999999855,1.0,2025-06-14T16:33:04.439403520Z
21218.5,100.0,44.75,1014.3333333333334,0.0,0.07666666666666667,33.0,75.66666666666667,2.533333333333333,8073.833333333333,-104.0,0.5166666666666666,1.0,2025-06-14T16:42:20.023056384Z
21220.5,100.0,45.75,1014.35,0.0,0.07666666666666667,32.766666666666666,66.86666666666666,2.716666666666667,8075.833333333333,-102.16666666666667,-1.6333333333333335,1.0,2025-06-14T16:53:00.373120000Z
21339.2,100.0,45.5,1014.3,0.0,0.046,32.760000000000005,84.58000000000001,2.16,9251.4,-101.0,0.68,1.0,2025-06-14T17:03:04.429448448Z
21224.166666666668,100.0,47.666666666666664,1014.5,0.0,0.07666666666666667,32.0,75.96666666666667,1.616666666666667,8079.5,-103.33333333333333,0.06666666666666658,1.0,2025-06-14T17:12:20.030258944Z
21245.4,100.0,48.5,1014.6200000000001,0.0,0.092,31.120000000000005,72.08,2.2600000000000002,7494.8,-104.8,-1.5999999999999999,1.0,2025-06-14T17:23:23.960067584Z
21344.6,100.0,48.6,1014.4,0.0,0.046,31.02,94.74,1.9599999999999997,9257.2,-101.2,0.8800000000000001,1.0,2025-06-14T17:33:04.431175168Z
21229.5,100.0,49.25,1014.4,0.0,0.07666666666666667,30.416666666666668,68.91666666666667,2.4166666666666665,8085.166666666667,-102.5,-0.5666666666666664,1.0,2025-06-14T17:42:19.987240960Z
21250.8,100.0,50.9,1014.4799999999999,0.0,0.092,29.619999999999997,65.02000000000001,2.5000000000000004,7500.4,-105.0,-1.2999999999999998,1.0,2025-06-14T17:53:23.492465152Z
21403.5,100.0,51.875,1014.425,0.0,0.0575,29.299999999999997,83.875,2.5500000000000003,8822.75,-103.25,1.25,1.0,2025-06-14T18:02:19.911107072Z
21234.5,100.0,52.833333333333336,1014.5333333333333,0.0,0.07666666666666667,28.933333333333334,72.33333333333333,1.8833333333333335,8090.833333333333,-103.33333333333333,0.0,1.0,2025-06-14T18:12:19.973550336Z
21353.4,100.0,53.7,1014.4799999999999,0.0,0.046,28.6,74.22,1.7,9267.0,-99.8,0.5199999999999999,1.0,2025-06-14T18:23:52.392592128Z
21355.2,100.0,54.2,1014.68,0.0,0.046,28.240000000000002,138.88,1.64,9268.8,-101.0,1.7399999999999998,1.0,2025-06-14T18:33:04.405767424Z
21239.833333333332,100.0,55.916666666666664,1014.9833333333332,0.0,0.07666666666666667,27.75,51.70000000000001,2.1333333333333333,8096.5,-103.33333333333333,-0.5666666666666669,1.0,2025-06-14T18:42:19.970182144Z
21241.833333333332,100.0,57.0,1015.1,0.0,0.03833333333333334,27.25,57.383333333333326,1.6833333333333336,8098.5,-101.5,-1.8500000000000003,1.0,2025-06-14T18:52:59.965211648Z
21414.5,100.0,57.875,1015.175,0.0,0.0,26.799999999999997,70.8,1.9000000000000001,8834.25,-101.25,-0.19999999999999996,1.0,2025-06-14T19:02:19.869038848Z
21245.166666666668,100.0,57.0,1015.4333333333334,0.0,0.006666666666666667,26.616666666666664,61.81666666666666,1.5999999999999999,8102.166666666667,-102.0,-0.2333333333333334,1.0,2025-06-14T19:12:19.941918976Z
21266.6,100.0,58.4,1015.7,0.0,0.026000000000000002,26.139999999999997,46.76,1.52,7517.2,-104.8,-1.06,1.0,2025-06-14T19:23:23.436742144Z
21366.0,100.0,60.4,1015.5600000000001,0.0,0.028000000000000004,25.999999999999993,41.50000000000001,1.38,9280.4,-99.8,-0.43999999999999984,1.0,2025-06-14T19:33:04.387944704Z
21367.8,100.0,61.4,1015.78,0.0,0.03200000000000001,25.74,115.88,1.8799999999999997,9282.2,-101.0,1.0000000000000002,1.0,2025-06-14T19:42:16.331449600Z
21252.166666666668,100.0,62.166666666666664,1016.1166666666667,0.0,0.030000000000000002,25.55,144.48333333333335,1.5166666666666666,8109.833333333333,-102.0,-0.5833333333333334,1.0,2025-06-14T19:52:59.899478016Z
21425.25,100.0,63.0,1016.3499999999999,0.0,0.04000000000000001,25.325,35.325,1.4,8845.75,-102.75,0.8,1.0,2025-06-14T20:02:19.830417920Z
21373.0,100.0,63.6,1016.28,0.0,0.03200000000000001,25.139999999999997,118.7,1.2799999999999998,9288.2,-101.2,0.3,1.0,2025-06-14T20:13:28.309859840Z
21257.166666666668,100.0,64.25,1016.5166666666668,0.0,0.030000000000000002,24.98333333333333,155.6,0.8500000000000001,8115.5,-102.0,-1.45,1.0,2025-06-14T20:22:59.881844480Z
21376.8,100.0,64.4,1016.5799999999999,0.0,0.03200000000000001,24.919999999999998,97.85999999999999,0.6399999999999999,9292.0,-99.2,0.72,1.0,2025-06-14T20:33:04.309306368Z
21260.833333333332,100.0,65.5,1016.5999999999999,0.0,0.030000000000000002,24.7,157.01666666666665,0.5333333333333333,8119.166666666667,-103.0,-0.5500000000000003,1.0,2025-06-14T20:42:19.863250176Z
21282.2,100.0,68.7,1016.64,0.0,0.036000000000000004,24.42,178.76,0.52,7534.0,-105.2,-1.8399999999999999,1.0,2025-06-14T20:53:23.378107392Z
21382.2,100.0,68.2,1016.5799999999999,0.0,0.03200000000000001,24.46,199.5,0.54,9297.8,-100.0,1.08,1.0,2025-06-14T21:03:04.295770880Z
21266.166666666668,100.0,68.75,1017.0,0.0,0.030000000000000002,24.383333333333336,282.73333333333335,1.4166666666666667,8124.833333333333,-102.16666666666667,-0.38333333333333347,1.0,2025-06-14T21:12:19.830013952Z
21287.6,100.0,63.3,1017.36,0.0,0.036000000000000004,24.82,256.97999999999996,2.14,7539.6,-105.6,-1.1800000000000004,1.0,2025-06-14T21:23:23.351519744Z
21441.5,100.0,62.5,1016.975,0.0,0.04000000000000001,25.4,136.9,0.825,8863.0,-103.75,0.07499999999999973,1.0,2025-06-14T21:32:19.768304128Z
21389.0,99.6,63.1,1016.4599999999998,0.0,0.03200000000000001,25.160000000000004,197.35999999999999,0.74,9305.6,-101.4,1.52,1.0,2025-06-14T21:43:28.250058240Z
21444.75,99.75,66.125,1016.125,0.0,0.04000000000000001,24.625,181.14999999999998,1.2,8867.25,-101.75,0.925,1.0,2025-06-14T21:54:34.733032704Z
21446.25,99.75,66.375,1016.0000000000001,0.0,0.04000000000000001,24.475,210.9,1.15,8868.75,-102.0,0.875,1.0,2025-06-14T22:02:19.754078464Z
21275.5,99.66666666666667,66.5,1015.6500000000001,0.0,0.030000000000000002,24.349999999999998,92.85000000000001,0.8500000000000001,8136.166666666667,-101.33333333333333,-1.2833333333333332,1.0,2025-06-14T22:12:19.795664896Z
21277.5,99.16666666666667,67.33333333333333,1015.6166666666668,0.0,0.030000000000000002,24.200000000000003,90.7,0.9833333333333334,8138.166666666667,-105.0,-3.783333333333333,1.0,2025-06-14T22:22:59.792372992Z
21397.6,99.0,67.9,1015.5400000000002,0.0,0.03200000000000001,24.16,202.27999999999997,0.76,9315.2,-100.4,1.52,1.0,2025-06-14T22:33:04.213977600Z
21399.4,98.6,70.4,1015.6,0.0,0.03200000000000001,23.78,210.04000000000002,1.04,9317.2,-101.8,2.06,1.0,2025-06-14T22:43:28.203525632Z
21282.833333333332,98.66666666666667,70.25,1015.5666666666666,0.0,0.030000000000000002,23.683333333333334,131.54999999999998,0.75,8143.833333333333,-101.66666666666667,-1.116666666666667,1.0,2025-06-14T22:52:59.764842240Z
21457.25,98.75,69.5,1015.475,0.0,0.04000000000000001,23.675,56.325,0.875,8880.25,-101.0,0.5,1.0,2025-06-14T23:02:19.714221056Z
21404.6,98.6,69.5,1015.14,0.0,0.03200000000000001,23.740000000000002,138.10000000000002,0.9600000000000002,9323.0,-100.4,1.04,1.0,2025-06-14T23:13:28.170768640Z
21307.4,98.4,71.4,1015.24,0.0,0.036000000000000004,23.36,142.14000000000001,0.9800000000000001,7562.0,-104.2,-0.7600000000000001,1.0,2025-06-14T23:23:23.678682880Z
21462.25,97.5,72.875,1015.25,0.0,0.04000000000000001,23.150000000000002,198.525,0.675,8886.0,-102.0,-0.050000000000000044,1.0,2025-06-14T23:32:19.694539776Z
21290.833333333332,97.0,74.58333333333333,1015.4000000000001,0.0,0.030000000000000002,22.916666666666668,254.16666666666666,0.9833333333333334,8153.166666666667,-102.83333333333333,-0.03333333333333336,1.0,2025-06-14T23:42:19.725903104Z
21292.833333333332,97.0,74.83333333333333,1015.5,0.0,0.030000000000000002,22.883333333333336,264.48333333333335,1.5833333333333333,8155.166666666667,-105.33333333333333,-4.533333333333333,1.0,2025-06-14T23:52:59.789813760Z
21294.333333333332,97.0,74.5,1015.5,0.0,0.030000000000000002,23.066666666666666,266.3666666666666,1.4666666666666668,8157.0,-103.33333333333333,-0.2666666666666669,1.0,2025-06-15T00:02:39.701711616Z
21295.833333333332,97.0,75.91666666666667,1015.5666666666667,0.0,0.030000000000000002,23.116666666666664,259.76666666666665,1.6166666666666665,8158.833333333333,-102.33333333333333,-0.21666666666666692,1.0,2025-06-15T00:12:19.690443008Z
21297.833333333332,96.66666666666667,76.58333333333333,1015.4666666666667,0.0,0.030000000000000002,23.099999999999998,282.0,1.2,8160.833333333333,-102.16666666666667,-0.5333333333333333,1.0,2025-06-15T00:22:59.692672256Z
21418.4,96.2,77.3,1015.3799999999999,0.0,0.03200000000000001,23.26,287.06,1.48,9338.4,-99.8,0.8800000000000001,1.0,2025-06-15T00:33:04.136572160Z
21301.5,95.66666666666667,76.75,1015.5500000000001,0.0,0.030000000000000002,23.216666666666665,256.81666666666666,2.0,8164.5,-103.33333333333333,-0.3666666666666667,1.0,2025-06-15T00:42:19.681123584Z
21323.2,95.8,78.5,1015.72,0.0,0.036000000000000004,22.900000000000002,251.4,1.9400000000000002,7578.8,-104.0,-2.06,1.0,2025-06-15T00:53:23.171661568Z
21423.8,95.6,78.6,1015.6,0.0,0.03200000000000001,23.060000000000002,247.7,1.4200000000000002,9344.2,-101.0,1.56,1.0,2025-06-15T01:03:04.100864000Z
21306.833333333332,95.66666666666667,77.16666666666667,1015.6333333333332,0.0,0.030000000000000002,23.150000000000002,252.5333333333333,1.7833333333333332,8170.166666666667,-102.16666666666667,-0.8999999999999999,1.0,2025-06-15T01:12:19.644019968Z
21328.6,95.8,76.5,1015.8399999999999,0.0,0.036000000000000004,23.12,238.21999999999997,1.6,7584.4,-105.0,-1.3000000000000003,1.0,2025-06-15T01:23:23.144787456Z
21429.2,95.2,77.3,1015.6800000000001,0.0,0.03200000000000001,23.02,250.07999999999998,1.22,9350.0,-101.0,1.06,1.0,2025-06-15T01:33:04.508234240Z
21312.166666666668,94.83333333333333,78.16666666666667,1015.6999999999999,0.0,0.03166666666666667,22.71666666666667,231.43333333333337,0.7000000000000001,8175.833333333333,-102.16666666666667,-1.316666666666667,1.0,2025-06-15T01:42:19.627360512Z
21314.166666666668,94.66666666666667,79.33333333333333,1015.6166666666667,0.0,0.04,22.383333333333336,244.23333333333335,0.7333333333333333,8177.833333333333,-102.16666666666667,-0.1166666666666667,1.0,2025-06-15T01:52:59.604762624Z
21435.0,94.6,81.0,1015.6199999999999,0.0,0.038,22.02,239.76,0.9400000000000001,9355.8,-105.8,-5.04,1.0,2025-06-15T02:03:04.490829312Z
21178.8,94.6,80.2,1015.6199999999999,0.0,0.034,22.1,222.58,1.2400000000000002,7593.2,-103.2,-1.1199999999999997,1.0,2025-06-15T02:11:31.631911424Z
21438.4,94.6,81.2,1015.5599999999998,0.0,0.044,21.8,237.7,1.4,9359.6,-101.4,1.6,1.0,2025-06-15T02:22:40.038130176Z
21494.5,94.75,81.5,1015.65,0.0,0.0575,21.7,239.625,1.2,8920.5,-102.0,1.225,1.0,2025-06-15T02:32:19.540329984Z
21322.5,93.0,80.08333333333333,1015.6166666666667,0.0,0.04666666666666667,21.883333333333336,232.01666666666668,1.366666666666667,8187.166666666667,-103.5,-0.7833333333333332,1.0,2025-06-15T02:42:19.577138432Z
21324.5,92.66666666666667,78.66666666666667,1015.5833333333334,0.0,0.04666666666666667,21.950000000000003,219.33333333333334,1.3166666666666667,8189.166666666667,-103.5,-0.5,1.0,2025-06-15T02:52:59.924487936Z
21445.6,92.6,79.9,1015.6800000000001,0.0,0.046,21.7,218.18,0.96,9367.4,-98.8,1.3599999999999999,1.0,2025-06-15T03:03:04.002579712Z
21328.166666666668,92.66666666666667,80.0,1015.6833333333333,0.0,0.04666666666666667,21.583333333333332,218.11666666666667,1.2166666666666666,8192.833333333334,-102.83333333333333,-0.7166666666666665,1.0,2025-06-15T03:12:19.532764416Z
21349.8,92.8,79.9,1015.72,0.0,0.05600000000000001,21.5,226.83999999999997,1.5599999999999998,7606.8,-104.4,-2.3600000000000003,1.0,2025-06-15T03:23:23.041198848Z
21505.5,92.75,81.625,1015.7,0.0,0.06,21.15,237.59999999999997,0.95,8932.0,-103.5,1.65,1.0,2025-06-15T03:32:19.481619456Z
21333.166666666668,92.0,81.41666666666667,1015.6666666666666,0.0,0.06166666666666667,21.233333333333334,229.56666666666663,1.25,8198.5,-103.66666666666667,-0.5833333333333334,1.0,2025-06-15T03:42:19.510382592Z
21355.0,91.8,81.3,1015.7800000000001,0.0,0.076,21.2,255.21999999999997,0.9800000000000001,7612.4,-103.8,-0.6200000000000003,1.0,2025-06-15T03:53:23.024939264Z
21510.75,91.75,83.125,1015.7249999999999,0.0,0.07,21.0,203.975,0.625,8937.75,-103.0,-0.1499999999999999,1.0,2025-06-15T04:02:19.468434688Z
21457.4,91.6,82.3,1015.64,0.0,0.05600000000000001,21.34,268.71999999999997,1.0,9380.8,-101.0,1.0,1.0,2025-06-15T04:12:15.940155648Z
21339.833333333332,91.66666666666667,80.83333333333333,1015.6999999999999,0.0,0.06333333333333334,21.75,212.04999999999998,0.65,8206.166666666666,-100.83333333333333,-2.65,1.0,2025-06-15T04:22:59.476320512Z
21461.2,91.6,79.7,1015.7,0.0,0.05600000000000001,22.259999999999998,245.04000000000002,0.6799999999999999,9384.8,-100.4,1.5399999999999998,1.0,2025-06-15T04:33:03.943780608Z
21343.5,91.83333333333333,77.41666666666667,1015.7166666666666,0.0,0.06333333333333334,22.799999999999997,263.23333333333335,0.5333333333333333,8209.833333333334,-103.0,-1.1166666666666667,1.0,2025-06-15T04:42:19.843659776Z
21365.4,92.4,74.5,1015.86,0.0,0.076,23.54,248.68,0.48,7623.6,-104.2,-2.4200000000000004,1.0,2025-06-15T04:53:22.985216000Z
21521.5,92.5,72.375,1015.825,0.0,0.07,24.075,275.22499999999997,0.525,8949.25,-100.75,-0.34999999999999987,1.0,2025-06-15T05:02:19.973067776Z
21348.5,92.33333333333333,71.5,1015.7666666666665,0.0,0.06333333333333334,24.38333333333333,240.96666666666667,0.5499999999999999,8215.5,-103.0,-0.4833333333333332,1.0,2025-06-15T05:12:19.436382976Z
21370.6,92.4,72.1,1015.9399999999999,0.0,0.08399999999999999,24.439999999999998,150.56000000000003,0.41999999999999993,7629.2,-105.4,-1.4799999999999998,1.0,2025-06-15T05:23:22.950444800Z
21526.75,92.5,71.875,1015.975,0.0,0.075,24.400000000000002,115.55,0.625,8955.0,-102.5,0.125,1.0,2025-06-15T05:32:19.402066944Z
21353.5,92.66666666666667,72.0,1015.8833333333333,0.0,0.06999999999999999,24.349999999999998,123.93333333333334,0.85,8221.166666666666,-101.66666666666667,-2.1166666666666667,1.0,2025-06-15T05:42:19.423879168Z
21355.5,93.33333333333333,72.16666666666667,1015.9833333333332,0.0,0.06999999999999999,24.283333333333335,131.45000000000002,0.6333333333333333,8223.166666666666,-104.0,-0.38333333333333347,1.0,2025-06-15T05:52:59.423130368Z
21532.25,93.5,71.875,1016.0500000000001,0.0,0.075,24.25,129.7,0.39999999999999997,8960.75,-103.5,0.7999999999999998,1.0,2025-06-15T06:02:19.379373568Z
21358.833333333332,93.33333333333333,68.83333333333333,1016.0333333333333,0.0,0.06999999999999999,25.16666666666667,152.23333333333332,0.7666666666666666,8226.833333333334,-103.16666666666667,-2.6,1.0,2025-06-15T06:12:19.389547776Z
21360.833333333332,93.33333333333333,65.0,1016.0666666666667,0.0,0.06999999999999999,26.36666666666667,101.05,0.7666666666666666,8228.833333333334,-101.16666666666667,-2.533333333333333,1.0,2025-06-15T06:22:59.389191936Z
21482.4,93.2,62.7,1016.0,0.0,0.06,27.339999999999996,118.58000000000001,0.86,9408.0,-99.4,-0.25999999999999995,1.0,2025-06-15T06:33:03.838497280Z
21364.5,94.33333333333333,60.916666666666664,1016.0833333333335,0.0,0.06999999999999999,27.900000000000002,70.46666666666665,1.0999999999999999,8232.5,-101.83333333333333,-1.7166666666666668,1.0,2025-06-15T06:42:19.396354048Z
21386.8,97.2,59.6,1016.1600000000001,0.0,0.08399999999999999,28.4,74.58,0.74,7646.0,-105.0,-1.64,1.0,2025-06-15T06:53:23.334430976Z
21367.666666666668,99.0,56.5,1016.1333333333333,0.0,0.06999999999999999,28.96666666666667,51.76666666666667,1.0666666666666667,8236.0,-101.0,-1.366666666666667,1.0,2025-06-15T07:00:59.367824128Z
21369.166666666668,99.0,54.583333333333336,1016.1333333333333,0.0,0.06999999999999999,29.63333333333333,118.66666666666667,0.9500000000000001,8238.166666666666,-102.33333333333333,-0.3500000000000001,1.0,2025-06-15T07:12:19.364594432Z
21391.6,99.4,52.3,1016.2000000000002,0.0,0.08399999999999999,29.880000000000003,161.56,0.78,7651.6,-105.4,-0.3799999999999997,1.0,2025-06-15T07:23:22.992698880Z
21548.0,99.25,50.875,1016.025,0.0,0.075,30.425,114.0,0.85,8978.0,-103.0,-1.2000000000000002,1.0,2025-06-15T07:32:19.336708096Z
21549.5,99.25,48.625,1015.975,0.0,0.075,30.775000000000002,208.775,0.7,8980.25,-101.0,0.050000000000000044,1.0,2025-06-15T07:44:04.330477312Z
21375.5,99.0,46.833333333333336,1015.8666666666667,0.0,0.06999999999999999,31.099999999999998,180.63333333333335,0.5666666666666667,8245.833333333334,-100.0,-2.483333333333333,1.0,2025-06-15T07:52:59.335038208Z
21553.0,99.25,48.75,1015.8499999999999,0.0,0.075,31.2,173.4,1.0,8983.75,-103.0,0.30000000000000004,1.0,2025-06-15T08:02:19.329660928Z
21378.833333333332,100.0,46.833333333333336,1015.7833333333333,0.0,0.06999999999999999,31.71666666666667,160.6833333333333,0.8333333333333334,8249.5,-103.83333333333333,0.25000000000000017,1.0,2025-06-15T08:12:19.320559360Z
21240.0,100.0,45.5,1015.76,0.0,0.06599999999999999,32.22,120.48000000000002,1.0400000000000003,7662.4,-102.4,-1.3600000000000003,1.0,2025-06-15T08:22:19.419487232Z
21502.2,100.0,44.7,1015.6199999999999,0.0,0.06,32.44,214.64000000000001,0.78,9431.2,-98.8,-0.72,1.0,2025-06-15T08:33:03.790306816Z
21384.166666666668,100.0,44.916666666666664,1015.5833333333335,0.0,0.06999999999999999,32.5,119.63333333333333,1.0666666666666667,8255.166666666666,-103.0,-1.0,1.0,2025-06-15T08:42:19.319509760Z
21406.8,100.0,46.3,1015.72,0.0,0.08399999999999999,32.12,211.48000000000002,0.8800000000000001,7668.4,-102.4,-3.8,1.0,2025-06-15T08:53:23.271340288Z
21507.6,100.0,45.4,1015.4799999999999,0.0,0.06,32.46,246.9,1.16,9437.0,-99.4,-0.9400000000000001,1.0,2025-06-15T09:03:03.800692480Z
21389.5,100.0,45.25,1015.4666666666666,0.0,0.06999999999999999,32.599999999999994,111.95,0.8833333333333333,8260.833333333334,-102.83333333333333,-0.3333333333333335,1.0,2025-06-15T09:12:19.318458368Z
21412.2,100.0,45.9,1015.5200000000001,0.0,0.08399999999999999,32.52,155.08,1.86,7674.0,-105.0,-0.44000000000000006,1.0,2025-06-15T09:23:22.859261440Z
21569.0,100.0,45.0,1015.45,0.0,0.075,32.725,170.47500000000002,1.475,9001.0,-103.0,0.5999999999999999,1.0,2025-06-15T09:32:19.291984384Z
21514.4,100.0,43.6,1015.3199999999999,0.0,0.06,33.08,163.28,1.18,9444.8,-100.8,1.24,1.0,2025-06-15T09:43:27.790466048Z
21396.166666666668,100.0,43.5,1015.3333333333334,0.0,0.06999999999999999,33.46666666666666,188.04999999999998,0.9166666666666666,8268.5,-102.16666666666667,-0.9833333333333333,1.0,2025-06-15T09:52:59.308428032Z
21518.2,100.0,42.4,1015.22,0.0,0.06,33.760000000000005,63.7,1.2999999999999998,9448.6,-101.4,1.4600000000000002,1.0,2025-06-15T10:03:03.769491200Z
21399.833333333332,100.0,42.583333333333336,1015.25,0.0,0.06999999999999999,33.766666666666666,148.36666666666667,1.0666666666666667,8272.166666666666,-103.5,1.1333333333333335,1.0,2025-06-15T10:12:19.302430720Z
21401.833333333332,100.0,42.083333333333336,1015.1500000000001,0.0,0.06999999999999999,34.01666666666667,116.55,0.9166666666666669,8274.166666666666,-100.66666666666667,-2.5,1.0,2025-06-15T10:22:59.302459136Z
21524.0,100.0,41.8,1014.9799999999999,0.0,0.024,34.239999999999995,150.32,1.42,9454.4,-100.8,0.5000000000000002,1.0,2025-06-15T10:33:04.206958848Z
21525.8,100.0,41.9,1014.86,0.0,0.024,34.32000000000001,163.18,1.1,9456.4,-101.6,1.7400000000000002,1.0,2025-06-15T10:43:27.765549056Z
21427.8,100.0,42.8,1014.8799999999999,0.0,0.048,33.96,238.92,1.4200000000000002,7690.8,-104.4,-2.2399999999999998,1.0,2025-06-15T10:53:22.829628928Z
21585.25,100.0,42.75,1014.8,0.0,0.03,34.300000000000004,124.125,1.4,9018.25,-100.25,-0.25,1.0,2025-06-15T11:02:19.305879296Z
21410.166666666668,100.0,41.083333333333336,1014.6833333333334,0.0,0.04,34.63333333333333,168.23333333333335,1.0333333333333332,8283.5,-102.16666666666667,-0.04999999999999968,1.0,2025-06-15T11:12:19.294561536Z
21433.0,100.0,40.2,1014.76,0.0,0.048,34.67999999999999,155.56,1.1999999999999997,7696.4,-103.8,-1.4600000000000002,1.0,2025-06-15T11:23:22.813496832Z
21534.2,100.0,39.3,1014.5600000000001,0.0,0.024,35.220000000000006,131.92,0.76,9466.0,-101.6,2.04,1.0,2025-06-15T11:33:03.763369472Z
21415.5,100.0,38.916666666666664,1014.5166666666668,0.0,0.04,35.4,116.51666666666667,1.4000000000000001,8289.166666666666,-102.33333333333333,-0.18333333333333343,1.0,2025-06-15T11:42:19.290102528Z
21417.5,100.0,37.916666666666664,1014.4499999999998,0.0,0.04,35.63333333333333,95.66666666666669,1.7,8291.166666666666,-103.0,-0.6666666666666666,1.0,2025-06-15T11:52:59.294807808Z
21596.25,100.0,38.125,1014.4000000000001,0.0,0.03,35.275000000000006,128.57500000000002,1.6,9029.75,-103.0,0.8749999999999998,1.0,2025-06-15T12:02:19.309075456Z
21279.0,100.0,38.0,1014.22,0.0,0.048,35.6,71.36,1.0,7705.2,-103.2,-1.5,1.0,2025-06-15T12:11:31.305189888Z
21422.5,100.0,38.0,1014.0666666666666,0.0,0.04,35.81666666666667,176.85,1.5,8296.833333333334,-103.0,-0.6833333333333336,1.0,2025-06-15T12:22:59.314873088Z
21545.0,100.0,37.7,1013.9,0.0,0.024,35.92,174.5,1.1199999999999999,9477.6,-100.8,1.6400000000000001,1.0,2025-06-15T12:33:04.215695104Z
21426.166666666668,100.0,37.416666666666664,1013.9333333333334,0.0,0.04,36.03333333333333,80.3,1.2,8300.5,-102.16666666666667,-1.15,1.0,2025-06-15T12:42:19.299450880Z
21428.166666666668,100.0,37.166666666666664,1013.8166666666667,0.0,0.04,35.98333333333333,181.1,1.2166666666666668,8302.5,-102.66666666666667,-0.4333333333333334,1.0,2025-06-15T12:52:59.305749248Z
21550.8,100.0,35.9,1013.6,0.0,0.024,36.3,104.16,1.3800000000000001,9483.4,-99.2,-0.96,1.0,2025-06-15T13:03:03.801082624Z
21431.833333333332,100.0,36.416666666666664,1013.5166666666668,0.0,0.04,36.21666666666666,61.333333333333336,0.9500000000000002,8306.166666666666,-102.33333333333333,0.5000000000000001,1.0,2025-06-15T13:12:19.318112000Z
21454.6,100.0,35.3,1013.4200000000001,0.0,0.048,36.14,77.0,1.72,7718.8,-102.8,-2.4,1.0,2025-06-15T13:23:22.835597824Z
21612.5,100.0,36.375,1013.1750000000001,0.0,0.03,36.150000000000006,161.0,1.575,9047.0,-102.75,0.5750000000000002,1.0,2025-06-15T13:32:19.320076288Z
21436.833333333332,100.0,35.583333333333336,1013.15,0.0,0.04,36.38333333333333,142.98333333333332,1.6500000000000001,8311.833333333334,-102.0,-0.14999999999999977,1.0,2025-06-15T13:42:19.301941248Z
21559.6,100.0,34.8,1012.9799999999999,0.0,0.024,36.540000000000006,147.4,1.3400000000000003,9493.2,-100.6,1.5999999999999999,1.0,2025-06-15T13:53:51.788799232Z
21743.0,100.0,33.25,1012.775,0.0,0.0,37.0,139.20000000000002,1.0,11264.0,-99.25,4.3,1.0,2025-06-15T14:03:40.516428544Z
21441.833333333332,100.0,34.083333333333336,1012.8000000000001,0.0,0.04,36.63333333333333,169.16666666666666,1.4833333333333334,8317.5,-100.33333333333333,-2.1666666666666665,1.0,2025-06-15T14:12:19.310369536Z
21443.833333333332,100.0,36.0,1012.5500000000001,0.0,0.04,36.53333333333333,109.34999999999998,2.766666666666667,8319.5,-100.83333333333333,-3.1166666666666667,1.0,2025-06-15T14:22:59.303540480Z
21567.0,100.0,34.1,1012.32,0.0,0.024,36.839999999999996,124.34,1.92,9500.8,-98.2,-0.25999999999999995,1.0,2025-06-15T14:33:03.785499392Z
21447.5,100.0,35.583333333333336,1012.2666666666665,0.0,0.04,36.51666666666667,122.35000000000001,1.7166666666666668,8323.166666666666,-103.0,0.14999999999999977,1.0,2025-06-15T14:42:19.303534848Z
21470.2,100.0,39.0,1012.26,0.0,0.048,36.02,45.36,3.18,7735.6,-104.8,-0.8,1.0,2025-06-15T14:53:22.826469888Z
21572.4,100.0,37.9,1011.96,0.0,0.024,36.3,62.919999999999995,2.62,9506.6,-98.2,-1.9,1.0,2025-06-15T15:03:03.790907392Z
21452.833333333332,100.0,41.083333333333336,1012.0166666666668,0.0,0.04,35.63333333333333,57.083333333333336,3.033333333333333,8328.833333333334,-102.66666666666667,-1.45,1.0,2025-06-15T15:12:19.301794816Z
21475.6,100.0,42.7,1012.18,0.0,0.048,35.120000000000005,56.52,2.88,7741.2,-105.6,-0.5399999999999998,1.0,2025-06-15T15:23:22.846611200Z
21634.25,100.0,43.5,1012.075,0.0,0.03,35.2,71.44999999999999,3.0500000000000003,9070.0,-101.5,0.4500000000000002,1.0,2025-06-15T15:32:19.317177088Z
21457.833333333332,100.0,44.5,1011.9333333333333,0.0,0.04,34.583333333333336,67.51666666666667,3.216666666666667,8334.5,-102.16666666666667,-0.6000000000000001,1.0,2025-06-15T15:42:19.290689536Z
21480.8,100.0,46.0,1011.9399999999999,0.0,0.048,33.58,132.24,3.2600000000000002,7746.8,-104.4,-0.47999999999999987,1.0,2025-06-15T15:53:22.819399936Z
21639.5,100.0,46.625,1011.7749999999999,0.0,0.03,33.125,75.475,2.9750000000000005,9075.75,-102.75,1.2,1.0,2025-06-15T16:02:19.856607232Z
21462.833333333332,100.0,47.166666666666664,1011.7166666666667,0.0,0.04,32.833333333333336,68.7,2.5666666666666664,8340.166666666666,-102.66666666666667,0.08333333333333348,1.0,2025-06-15T16:12:19.285929216Z
21486.0,100.0,48.0,1011.7400000000001,0.0,0.048,32.28,66.94000000000001,3.08,7752.4,-104.0,-1.6,1.0,2025-06-15T16:23:22.808549632Z
21587.8,100.0,48.5,1011.5799999999999,0.0,0.024,32.160000000000004,81.9,2.1599999999999997,9524.0,-98.2,-0.8,1.0,2025-06-15T16:33:03.772651008Z
21468.166666666668,100.0,49.416666666666664,1011.8666666666667,0.0,0.04,31.966666666666665,82.26666666666667,1.9333333333333336,8345.833333333334,-103.0,-0.25000000000000017,1.0,2025-06-15T16:42:19.270011904Z
21470.166666666668,100.0,50.666666666666664,1011.8666666666667,0.0,0.04,31.666666666666668,78.33333333333333,2.2500000000000004,8347.833333333334,-103.33333333333333,0.23333333333333353,1.0,2025-06-15T16:52:59.312096000Z
21593.6,100.0,51.4,1011.76,0.0,0.024,31.4,83.16,2.2199999999999998,9529.8,-96.8,-1.56,1.0,2025-06-15T17:03:03.758159360Z
21473.833333333332,100.0,52.166666666666664,1011.7833333333333,0.0,0.04,31.083333333333332,89.35000000000001,2.066666666666667,8351.5,-102.5,-0.016666666666666607,1.0,2025-06-15T17:12:19.270404352Z
21497.0,100.0,53.7,1011.82,0.0,0.048,30.6,75.58,2.5200000000000005,7763.6,-104.6,-1.9800000000000004,1.0,2025-06-15T17:23:22.774048000Z
21599.0,100.0,54.4,1011.5,0.0,0.024,30.360000000000003,79.56,2.04,9535.6,-102.2,1.3,1.0,2025-06-15T17:33:03.743434752Z
21479.166666666668,100.0,55.25,1011.5333333333333,0.0,0.04,30.049999999999997,77.60000000000001,1.5833333333333333,8357.166666666666,-105.16666666666667,-4.7333333333333325,1.0,2025-06-15T17:42:19.250115840Z
21502.4,100.0,55.6,1011.5,0.0,0.048,29.679999999999996,80.06000000000002,2.3199999999999994,7769.2,-104.4,-1.56,1.0,2025-06-15T17:53:23.193540608Z
21604.4,100.0,55.6,1011.2599999999999,0.0,0.024,29.619999999999997,90.72,1.9400000000000002,9541.4,-102.2,1.52,1.0,2025-06-15T18:03:03.723735296Z
21484.5,100.0,55.916666666666664,1011.5500000000002,0.0,0.041666666666666664,29.28333333333333,63.1,2.1333333333333333,8362.833333333334,-103.33333333333333,-0.033333333333333805,1.0,2025-06-15T18:12:19.225169920Z
21486.5,100.0,56.0,1011.7166666666667,0.0,0.04833333333333334,28.966666666666665,76.48333333333333,1.7666666666666666,8364.833333333334,-102.16666666666667,-1.2,1.0,2025-06-15T18:22:59.216425728Z
21667.25,100.0,56.625,1011.8,0.0,0.04,28.625000000000004,86.225,1.975,9104.5,-102.5,0.6750000000000003,1.0,2025-06-15T18:32:19.246328832Z
21489.833333333332,100.0,57.916666666666664,1011.75,0.0,0.06333333333333334,28.433333333333337,72.45,1.45,8368.5,-103.66666666666667,-0.25,1.0,2025-06-15T18:42:19.202095872Z
21491.833333333332,100.0,59.75,1011.7666666666668,0.0,0.03166666666666667,27.983333333333334,66.68333333333334,1.5833333333333333,8370.5,-103.16666666666667,-0.7000000000000001,1.0,2025-06-15T18:52:59.201948672Z
21615.6,100.0,60.3,1011.8,0.0,0.002,27.8,78.23999999999998,1.3400000000000003,9553.0,-97.6,-1.9,1.0,2025-06-15T19:03:03.685896192Z
21495.5,100.0,61.75,1011.9833333333332,0.0,0.011666666666666667,27.55,62.31666666666667,1.416666666666667,8374.166666666666,-102.33333333333333,0.05000000000000012,1.0,2025-06-15T19:12:19.178899200Z
21497.5,100.0,62.5,1012.15,0.0,0.016666666666666666,27.350000000000005,65.38333333333333,1.5,8376.166666666666,-102.83333333333333,-0.4499999999999999,1.0,2025-06-15T19:22:59.178861568Z
21621.4,100.0,62.7,1011.9599999999998,0.0,0.02,27.26,95.67999999999999,1.3199999999999998,9558.8,-101.2,0.8799999999999999,1.0,2025-06-15T19:33:03.663566848Z
21501.166666666668,100.0,63.166666666666664,1012.1166666666668,0.0,0.016666666666666666,27.150000000000006,79.03333333333332,1.8,8379.833333333334,-101.83333333333333,-1.2666666666666668,1.0,2025-06-15T19:42:19.161578752Z
21625.2,100.0,63.9,1011.96,0.0,0.024,27.0,86.14,1.42,9562.6,-100.6,1.3000000000000003,1.0,2025-06-15T19:52:39.648503808Z
21627.0,100.0,64.9,1011.9399999999999,0.0,0.024,26.82,74.66,1.2000000000000002,9564.6,-100.6,1.7200000000000002,1.0,2025-06-15T20:03:03.641603584Z
21685.75,100.0,65.875,1012.325,0.0,0.030000000000000002,26.6,81.82499999999999,1.125,9124.0,-103.5,0.17500000000000004,1.0,2025-06-15T20:14:04.165672704Z
21507.833333333332,100.0,66.08333333333333,1012.4666666666666,0.0,0.023333333333333334,26.516666666666666,82.83333333333333,1.3,8387.5,-104.5,-4.133333333333333,1.0,2025-06-15T20:22:59.141660672Z
21632.2,100.0,66.1,1012.36,0.0,0.024,26.5,105.16,1.06,9570.4,-97.2,-1.7399999999999998,1.0,2025-06-15T20:33:03.628056064Z
21511.5,100.0,67.0,1012.3000000000001,0.0,0.023333333333333334,26.316666666666663,68.78333333333335,1.1666666666666667,8391.166666666666,-101.0,-2.216666666666667,1.0,2025-06-15T20:42:19.121700096Z
21513.5,100.0,68.25,1012.0833333333334,0.0,0.023333333333333334,26.116666666666664,69.61666666666666,1.5,8393.166666666666,-103.5,0.18333333333333326,1.0,2025-06-15T20:52:59.106937600Z
21638.0,100.0,68.4,1012.0,0.0,0.024,26.04,105.46,1.1,9576.2,-101.0,1.1,1.0,2025-06-15T21:03:03.598774784Z
21517.166666666668,100.0,69.0,1012.1166666666667,0.0,0.023333333333333334,25.950000000000003,79.13333333333334,1.2500000000000002,8396.833333333334,-102.0,0.08333333333333319,1.0,2025-06-15T21:12:19.088568576Z
21519.166666666668,100.0,70.0,1012.1500000000001,0.0,0.023333333333333334,25.683333333333334,105.21666666666665,0.8166666666666668,8398.833333333334,-103.0,-0.2999999999999998,1.0,2025-06-15T21:22:59.084548352Z
21700.75,100.0,71.75,1012.2,0.0,0.030000000000000002,25.325,155.225,0.55,9139.0,-102.5,0.0750000000000004,1.0,2025-06-15T21:32:19.138062336Z
21522.5,99.83333333333333,72.83333333333333,1012.1166666666668,0.0,0.023333333333333334,25.000000000000004,144.16666666666666,0.4833333333333334,8402.5,-102.5,-0.04999999999999997,1.0,2025-06-15T21:42:19.072036096Z
21545.6,99.8,75.0,1012.1800000000001,0.0,0.028000000000000004,24.6,293.34000000000003,0.4800000000000001,7814.0,-102.2,-5.680000000000001,1.0,2025-06-15T21:53:22.587050496Z
21706.0,99.75,76.0,1012.2,0.0,0.030000000000000002,24.45,232.92499999999998,0.8,9144.75,-103.0,0.75,1.0,2025-06-15T22:02:19.100479488Z
21527.5,99.66666666666667,76.25,1012.1333333333332,0.0,0.023333333333333334,24.299999999999997,180.63333333333333,0.4666666666666666,8408.166666666666,-103.16666666666667,-0.33333333333333304,1.0,2025-06-15T22:12:19.043130112Z
21550.8,99.8,77.7,1012.3399999999999,0.0,0.028000000000000004,24.060000000000002,263.15999999999997,0.64,7819.6,-104.6,-2.2,1.0,2025-06-15T22:23:22.567296000Z
21653.8,99.0,77.8,1012.22,0.0,0.024,24.1,284.08000000000004,0.72,9593.6,-97.8,-2.6399999999999997,1.0,2025-06-15T22:33:03.537722624Z
21388.4,98.4,77.4,1012.18,0.0,0.018,23.98,150.78,0.5,7822.8,-102.4,-1.9800000000000004,1.0,2025-06-15T22:41:30.989882624Z
21534.5,98.33333333333333,78.58333333333333,1012.1,0.0,0.023333333333333334,23.766666666666666,196.13333333333333,0.5,8415.833333333334,-103.0,-0.7833333333333333,1.0,2025-06-15T22:52:59.002891008Z
21716.5,98.5,80.25,1012.125,0.0,0.0325,23.6,220.175,0.775,9156.25,-100.25,-2.425,1.0,2025-06-15T23:02:19.050986752Z
21537.833333333332,98.33333333333333,80.16666666666667,1012.0,0.0,0.02666666666666667,23.5,171.91666666666666,0.5499999999999999,8419.5,-102.33333333333333,-0.19999999999999987,1.0,2025-06-15T23:12:18.994270208Z
21720.0,98.5,81.5,1011.9,0.0,0.0325,23.200000000000003,196.14999999999998,1.0250000000000001,9160.25,-106.25,-5.1,1.0,2025-06-15T23:23:04.045896192Z
21721.5,98.5,81.375,1011.875,0.0,0.0325,23.275,192.34999999999997,1.05,9162.0,-102.5,-0.95,1.0,2025-06-15T23:32:19.030694912Z
21542.5,97.33333333333333,80.25,1011.7833333333333,0.0,0.02666666666666667,23.483333333333334,191.08333333333334,0.8666666666666667,8425.166666666666,-102.16666666666667,-0.8000000000000002,1.0,2025-06-15T23:42:18.974421760Z
21566.0,96.8,80.9,1011.9,0.0,0.032,23.279999999999998,147.94,0.78,7836.2,-103.2,-1.0399999999999998,1.0,2025-06-15T23:52:22.494761984Z
21669.0,96.6,80.4,1011.76,0.0,0.026000000000000002,23.220000000000002,192.68,0.8,9611.0,-101.6,0.36,1.0,2025-06-16T00:03:03.458899968Z
21569.4,96.8,80.6,1011.9799999999999,0.0,0.032,23.22,213.56,0.74,7840.0,-103.0,-2.22,1.0,2025-06-16T00:12:34.477297920Z
21672.4,96.6,78.5,1011.8399999999999,0.0,0.026000000000000002,23.34,228.26,0.82,9614.8,-100.8,1.58,1.0,2025-06-16T00:22:39.438767616Z
21674.2,96.6,77.5,1011.86,0.0,0.026000000000000002,23.4,208.98000000000002,0.52,9616.8,-99.8,2.2,1.0,2025-06-16T00:33:03.434624512Z
21552.833333333332,96.16666666666667,78.5,1011.8666666666667,0.0,0.02666666666666667,23.166666666666668,204.28333333333333,0.45,8436.5,-101.83333333333333,-1.8,1.0,2025-06-16T00:42:19.290236160Z
21678.0,95.6,77.6,1011.7,0.0,0.026000000000000002,23.080000000000002,144.74,0.6799999999999999,9620.8,-100.6,0.4200000000000001,1.0,2025-06-16T00:53:51.417419008Z
21679.8,95.6,76.6,1011.64,0.0,0.026000000000000002,23.18,271.15999999999997,0.8800000000000001,9622.6,-100.2,1.04,1.0,2025-06-16T01:03:05.962124800Z
21558.166666666668,95.66666666666667,77.58333333333333,1011.6666666666669,0.0,0.02666666666666667,23.01666666666667,255.88333333333333,1.05,8442.166666666666,-101.5,0.4666666666666666,1.0,2025-06-16T01:12:18.895034112Z
21560.166666666668,95.66666666666667,77.66666666666667,1011.65,0.0,0.02666666666666667,22.816666666666666,270.8833333333334,1.1166666666666665,8444.166666666666,-101.66666666666667,-1.3833333333333335,1.0,2025-06-16T01:22:58.885686016Z
21685.6,95.6,77.7,1011.5600000000001,0.0,0.026000000000000002,22.84,163.94,1.3,9628.4,-99.6,-2.1799999999999997,1.0,2025-06-16T01:33:03.389571584Z
21563.833333333332,95.0,79.91666666666667,1011.7833333333333,0.0,0.02666666666666667,22.63333333333333,254.85,1.0333333333333334,8447.833333333334,-102.0,-1.3166666666666667,1.0,2025-06-16T01:42:18.876733696Z
21565.833333333332,94.16666666666667,82.25,1012.0666666666667,0.0,0.02666666666666667,22.316666666666666,267.54999999999995,1.0666666666666667,8449.833333333334,-102.66666666666667,-0.16666666666666666,1.0,2025-06-16T01:52:59.226258688Z
21749.0,94.0,85.625,1012.3,0.0,0.0325,22.05,241.175,1.275,9190.75,-103.0,2.220446049250313e-16,1.0,2025-06-16T02:02:18.917720064Z
21569.166666666668,94.0,87.5,1012.4333333333333,0.0,0.02666666666666667,22.266666666666666,222.25,1.3833333333333335,8453.5,-104.5,-1.216666666666667,1.0,2025-06-16T02:12:18.839653376Z
21571.166666666668,94.0,88.0,1012.6166666666667,0.0,0.02666666666666667,22.516666666666666,153.3166666666667,1.2,8455.5,-103.0,-1.6166666666666665,1.0,2025-06-16T02:22:58.832247808Z
21696.8,94.0,88.2,1012.6200000000001,0.0,0.026000000000000002,22.639999999999997,132.1,1.22,9640.0,-104.4,-3.88,1.0,2025-06-16T02:33:03.347551744Z
21574.833333333332,93.83333333333333,88.75,1012.7333333333332,0.0,0.02666666666666667,22.483333333333334,252.08333333333334,0.85,8459.166666666666,-105.83333333333333,-4.283333333333333,1.0,2025-06-16T02:42:18.858447104Z
21700.6,93.4,89.3,1012.9,0.0,0.026000000000000002,22.3,304.58000000000004,0.8,9643.8,-102.2,1.04,1.0,2025-06-16T02:52:39.324707840Z
21888.5,92.5,89.25,1013.075,0.0,0.025,22.25,302.175,0.8250000000000001,11420.0,-99.25,3.7,1.0,2025-06-16T03:03:40.091831040Z
21579.833333333332,92.66666666666667,90.5,1013.2333333333332,0.0,0.02666666666666667,22.033333333333335,261.09999999999997,0.5666666666666667,8464.833333333334,-102.5,-0.683333333333333,1.0,2025-06-16T03:12:18.790181632Z
21706.0,92.6,90.7,1013.26,0.0,0.026000000000000002,22.080000000000002,236.94,0.58,9649.6,-102.0,1.14,1.0,2025-06-16T03:22:39.296444416Z
21707.8,92.6,90.1,1013.3399999999999,0.0,0.028000000000000004,22.139999999999997,231.72000000000003,0.5,9651.6,-102.2,0.6,1.0,2025-06-16T03:33:03.299585536Z
21585.166666666668,92.66666666666667,90.66666666666667,1013.5000000000001,0.0,0.03,22.016666666666666,234.08333333333334,0.3833333333333333,8470.5,-101.83333333333333,-0.9666666666666668,1.0,2025-06-16T03:42:18.768300800Z
21587.166666666668,92.0,90.66666666666667,1013.4666666666667,0.0,0.03,21.816666666666666,176.75,0.43333333333333335,8472.5,-103.0,-1.016666666666667,1.0,2025-06-16T03:52:58.768950016Z
21713.6,91.6,91.1,1013.4400000000002,0.0,0.03,21.619999999999997,190.99999999999997,0.54,9657.4,-101.6,1.64,1.0,2025-06-16T04:03:03.293555456Z
21590.833333333332,91.66666666666667,91.08333333333333,1013.5000000000001,0.0,0.03,21.783333333333335,181.23333333333335,0.44999999999999996,8476.166666666666,-102.66666666666667,-1.8833333333333335,1.0,2025-06-16T04:12:18.750051072Z
21592.833333333332,91.66666666666667,90.33333333333333,1013.5499999999998,0.0,0.03,22.21666666666667,206.66666666666666,0.6333333333333334,8478.166666666666,-102.5,-2.8333333333333335,1.0,2025-06-16T04:22:58.733298432Z
21719.4,91.6,88.4,1013.54,0.0,0.03,22.779999999999998,170.45999999999998,0.78,9663.2,-100.0,0.78,1.0,2025-06-16T04:33:03.262386176Z
21596.5,91.66666666666667,86.66666666666667,1013.4666666666667,0.0,0.03,23.349999999999998,145.64999999999998,0.43333333333333335,8481.833333333334,-104.0,-1.3,1.0,2025-06-16T04:42:18.713267200Z
21598.5,91.66666666666667,84.0,1013.4833333333332,0.0,0.03,24.01666666666667,145.8,0.7000000000000001,8483.833333333334,-103.33333333333333,-0.1166666666666667,1.0,2025-06-16T04:52:58.729304320Z
21725.2,91.6,82.8,1013.4399999999999,0.0,0.03,24.540000000000003,195.56,0.8800000000000001,9669.0,-101.4,-0.3400000000000002,1.0,2025-06-16T05:03:03.219450624Z
21602.166666666668,91.66666666666667,81.41666666666667,1013.5333333333333,0.0,0.03,25.066666666666663,180.94999999999996,1.1,8487.5,-102.33333333333333,-0.9500000000000001,1.0,2025-06-16T05:12:18.699763712Z
21604.166666666668,91.66666666666667,80.33333333333333,1013.5833333333334,0.0,0.03,25.483333333333334,188.01666666666668,1.05,8489.5,-103.66666666666667,0.20000000000000004,1.0,2025-06-16T05:22:58.677102336Z
21731.0,91.6,78.6,1013.6,0.0,0.03,25.940000000000005,174.6,1.38,9674.8,-101.4,1.3800000000000001,1.0,2025-06-16T05:33:03.190619648Z
21607.833333333332,91.66666666666667,77.75,1013.6166666666668,0.0,0.03,26.36666666666667,150.26666666666668,1.366666666666667,8493.166666666666,-103.33333333333333,-0.8333333333333331,1.0,2025-06-16T05:42:18.675760384Z
21609.833333333332,92.0,75.25,1013.6,0.0,0.03,26.783333333333335,150.36666666666667,1.3,8495.166666666666,-101.66666666666667,-1.7333333333333332,1.0,2025-06-16T05:52:58.669239040Z
21736.8,93.4,72.5,1013.5,0.0,0.03,27.26,115.8,1.48,9680.6,-101.2,1.28,1.0,2025-06-16T06:03:03.190117888Z
21613.5,94.0,70.0,1013.5,0.0,0.03,27.533333333333335,94.05,1.5166666666666666,8498.833333333334,-103.66666666666667,-0.09999999999999994,1.0,2025-06-16T06:12:19.023515648Z
21615.5,94.0,69.16666666666667,1013.5333333333333,0.0,0.03,27.900000000000002,84.89999999999999,1.8499999999999999,8500.833333333334,-102.66666666666667,-0.9166666666666666,1.0,2025-06-16T06:22:58.646973440Z
21799.75,94.0,69.5,1013.625,0.0,0.0375,28.0,86.8,1.5749999999999997,9242.5,-101.5,0.5250000000000001,1.0,2025-06-16T06:32:19.265259520Z
21618.833333333332,94.0,69.5,1013.4999999999999,0.0,0.03,28.266666666666666,61.81666666666666,1.4666666666666668,8504.5,-102.83333333333333,-1.3833333333333329,1.0,2025-06-16T06:42:18.643993600Z
21746.0,95.0,69.2,1013.4,0.0,0.032,28.74,86.47999999999999,1.6199999999999999,9690.4,-101.2,0.54,1.0,2025-06-16T06:53:51.164641024Z
21747.8,96.2,68.7,1013.4200000000001,0.0,0.032,28.72,100.24,1.9,9692.2,-101.0,0.64,1.0,2025-06-16T07:03:03.143883008Z
21624.166666666668,100.0,68.66666666666667,1013.5666666666667,0.0,0.03333333333333333,28.78333333333333,73.51666666666667,1.75,8510.166666666666,-102.16666666666667,-0.09999999999999994,1.0,2025-06-16T07:12:18.620716032Z
21751.6,100.0,68.2,1013.54,0.0,0.032,29.2,62.28000000000001,2.16,9696.2,-101.6,0.43999999999999984,1.0,2025-06-16T07:23:51.134078464Z
21753.4,100.0,66.6,1013.5199999999999,0.0,0.032,29.52,47.7,1.7400000000000002,9698.0,-101.4,-0.3,1.0,2025-06-16T07:33:03.131148288Z
21629.5,100.0,65.66666666666667,1013.5500000000002,0.0,0.03333333333333333,29.733333333333334,60.050000000000004,1.7666666666666666,8515.833333333334,-101.5,-1.1833333333333336,1.0,2025-06-16T07:42:18.592730880Z
21631.5,100.0,65.5,1013.4833333333332,0.0,0.03333333333333333,29.549999999999997,151.65,2.033333333333333,8517.833333333334,-102.0,-0.75,1.0,2025-06-16T07:52:58.600026880Z
21759.2,100.0,63.9,1013.3399999999999,0.0,0.032,29.839999999999996,58.52,2.3600000000000003,9703.8,-101.4,-0.17999999999999988,1.0,2025-06-16T08:03:03.113963008Z
21635.166666666668,100.0,65.75,1013.3833333333332,0.0,0.03333333333333333,29.650000000000002,133.78333333333333,1.7,8521.5,-102.66666666666667,-2.1,1.0,2025-06-16T08:12:18.599860480Z
21637.166666666668,100.0,63.0,1013.4,0.0,0.03333333333333333,30.0,97.18333333333334,2.1166666666666663,8523.5,-102.0,-0.8999999999999996,1.0,2025-06-16T08:22:58.582127360Z
21765.0,100.0,63.9,1013.3799999999999,0.0,0.032,29.839999999999996,55.0,2.3600000000000003,9709.6,-100.4,1.52,1.0,2025-06-16T08:33:03.097475584Z
21640.833333333332,100.0,63.416666666666664,1013.4333333333333,0.0,0.03333333333333333,29.900000000000002,89.71666666666665,1.7333333333333332,8527.166666666666,-103.16666666666667,-0.25,1.0,2025-06-16T08:42:18.574790400Z
21642.833333333332,100.0,61.75,1013.3666666666667,0.0,0.03333333333333333,30.283333333333335,154.68333333333337,2.3000000000000003,8529.166666666666,-102.83333333333333,-0.21666666666666679,1.0,2025-06-16T08:52:58.560817920Z
21770.8,100.0,61.6,1013.32,0.0,0.032,30.560000000000002,185.7,1.7399999999999998,9715.4,-100.2,1.1,1.0,2025-06-16T09:03:03.095934976Z
21646.5,100.0,60.25,1013.3166666666667,0.0,0.03333333333333333,30.75,47.46666666666667,2.4,8532.833333333334,-101.66666666666667,-1.6500000000000004,1.0,2025-06-16T09:12:18.558147328Z
21622.75,100.0,58.75,1013.1499999999999,0.0,0.025,31.075000000000003,144.45,2.25,9275.0,-101.25,1.875,1.0,2025-06-16T09:22:59.112173056Z
21776.0,100.0,57.9,1013.1200000000001,0.0,0.032,31.139999999999997,108.66,3.2,9721.2,-100.0,0.2799999999999999,1.0,2025-06-16T09:33:03.072025088Z
21651.5,100.0,58.416666666666664,1013.1833333333334,0.0,0.03333333333333333,30.900000000000002,151.8,3.0833333333333335,8538.5,-100.66666666666667,-1.1333333333333335,1.0,2025-06-16T09:42:18.551523328Z
21653.5,100.0,58.166666666666664,1013.1,0.0,0.03333333333333333,31.150000000000002,146.61666666666667,3.016666666666667,8540.5,-101.66666666666667,-0.7999999999999995,1.0,2025-06-16T09:52:58.548084992Z
21781.8,100.0,57.5,1012.9,0.0,0.032,31.119999999999997,104.1,3.34,9727.0,-100.8,1.4,1.0,2025-06-16T10:03:03.075140352Z
21657.166666666668,100.0,57.416666666666664,1012.9833333333332,0.0,0.03333333333333333,31.13333333333333,82.93333333333334,3.966666666666667,8544.166666666666,-102.5,-0.9666666666666669,1.0,2025-06-16T10:12:18.532347136Z
21659.166666666668,100.0,57.75,1012.9833333333332,0.0,0.03333333333333333,31.116666666666664,148.05000000000004,2.3666666666666667,8546.166666666666,-101.5,-2.1666666666666665,1.0,2025-06-16T10:22:58.530019072Z
21787.6,100.0,56.8,1012.86,0.0,0.008,31.259999999999998,42.02,3.5199999999999996,9732.8,-100.2,2.04,1.0,2025-06-16T10:33:03.050887168Z
21662.833333333332,100.0,57.416666666666664,1012.9499999999998,0.0,0.013333333333333334,30.95,100.05,2.483333333333333,8549.833333333334,-103.0,0.04999999999999968,1.0,2025-06-16T10:42:18.520806144Z
21664.833333333332,100.0,58.25,1012.8000000000001,0.0,0.013333333333333334,31.233333333333334,46.25,3.966666666666667,8551.833333333334,-103.16666666666667,-0.3166666666666669,1.0,2025-06-16T10:52:58.504801280Z
21793.4,100.0,56.7,1012.6600000000001,0.0,0.008,31.46,54.8,3.7,9738.6,-99.2,0.96,1.0,2025-06-16T11:03:03.058460672Z
21668.5,100.0,56.25,1012.6500000000001,0.0,0.013333333333333334,31.616666666666664,156.76666666666668,4.05,8555.5,-102.16666666666667,-0.6833333333333331,1.0,2025-06-16T11:12:18.513003776Z
21797.2,100.0,57.7,1012.5,0.0,0.008,31.5,61.56,4.0600000000000005,9742.6,-101.2,2.7,1.0,2025-06-16T11:23:51.019850240Z
21799.0,100.0,56.4,1012.46,0.0,0.008,31.660000000000004,122.6,3.6399999999999997,9744.4,-101.0,0.6599999999999999,1.0,2025-06-16T11:33:03.023530752Z
21673.833333333332,100.0,55.166666666666664,1012.3833333333333,0.0,0.013333333333333334,31.28333333333333,103.05000000000001,4.1,8561.166666666666,-102.33333333333333,-1.3833333333333335,1.0,2025-06-16T11:42:18.871614720Z
21675.833333333332,100.0,54.166666666666664,1012.2000000000002,0.0,0.013333333333333334,31.416666666666668,105.60000000000001,4.016666666666667,8563.166666666666,-102.16666666666667,0.4666666666666668,1.0,2025-06-16T11:52:58.480002048Z
21804.8,100.0,53.7,1012.0200000000001,0.0,0.008,31.18,63.339999999999996,3.4,9750.2,-100.8,1.8,1.0,2025-06-16T12:03:03.020399104Z
21679.5,100.0,53.25,1011.8499999999999,0.0,0.013333333333333334,30.400000000000002,148.58333333333334,3.383333333333333,8566.833333333334,-102.16666666666667,-1.2000000000000004,1.0,2025-06-16T12:12:18.476182528Z
21681.5,100.0,52.583333333333336,1011.1166666666667,0.0,0.013333333333333334,29.78333333333333,146.76666666666668,5.083333333333333,8568.833333333334,-102.5,-0.16666666666666638,1.0,2025-06-16T12:22:58.487209728Z
21810.6,100.0,52.7,1011.24,0.0,0.01,29.4,110.94000000000001,3.4599999999999995,9756.0,-99.2,1.3,1.0,2025-06-16T12:33:03.005956608Z
21685.166666666668,100.0,52.0,1011.6333333333332,0.0,0.016666666666666666,29.116666666666664,109.71666666666668,3.1,8572.5,-103.0,-0.5666666666666664,1.0,2025-06-16T12:42:18.452264960Z
21687.166666666668,100.0,52.333333333333336,1011.4499999999999,0.0,0.016666666666666666,28.733333333333334,111.96666666666665,2.85,8574.5,-102.0,-2.716666666666667,1.0,2025-06-16T12:52:58.449205248Z
21816.4,100.0,52.4,1011.76,0.0,0.01,28.4,77.17999999999999,1.7799999999999998,9761.8,-100.0,-0.41999999999999993,1.0,2025-06-16T13:03:03.415345152Z
21690.833333333332,100.0,51.916666666666664,1012.4666666666667,0.0,0.016666666666666666,28.183333333333337,80.13333333333334,2.0,8578.166666666666,-102.16666666666667,-0.1499999999999999,1.0,2025-06-16T13:12:18.436514048Z
21692.833333333332,100.0,53.083333333333336,1012.7333333333335,0.0,0.016666666666666666,27.849999999999998,77.46666666666667,1.7833333333333332,8580.166666666666,-103.5,-0.5666666666666669,1.0,2025-06-16T13:22:58.443427072Z
21822.2,100.0,53.7,1013.14,0.0,0.01,27.68,116.62,1.7600000000000002,9767.6,-101.0,1.34,1.0,2025-06-16T13:33:02.974777600Z
21696.5,100.0,56.5,1013.0666666666666,0.0,0.03166666666666667,27.083333333333332,103.11666666666667,2.066666666666667,8583.833333333334,-101.16666666666667,-1.4802973661668753e-16,1.0,2025-06-16T13:42:18.426691584Z
21698.5,100.0,59.166666666666664,1013.5666666666666,0.0,0.056666666666666664,26.549999999999997,223.60000000000002,3.0666666666666664,8585.833333333334,-101.16666666666667,-0.6166666666666664,1.0,2025-06-16T13:52:58.415164160Z
21828.0,100.0,65.5,1014.9399999999999,0.0,0.10400000000000001,25.52,276.76,3.6,9773.4,-100.6,1.9600000000000002,1.0,2025-06-16T14:03:02.950297088Z
21702.166666666668,100.0,78.41666666666667,1016.2999999999998,0.0,0.6116666666666667,22.083333333333332,252.76666666666668,9.466666666666667,8589.5,-102.16666666666667,-1.9166666666666667,1.0,2025-06-16T14:12:18.417519616Z
21831.8,100.0,90.7,1016.7800000000001,0.0,2.304,19.380000000000003,284.1,10.419999999999998,9777.4,-96.0,-3.96,1.0,2025-06-16T14:23:50.929978880Z
21833.6,100.0,89.7,1017.3,0.0,3.522,18.62,278.84,8.66,9779.2,-101.2,0.6199999999999999,1.0,2025-06-16T14:33:02.963546368Z
21707.5,100.0,89.75,1017.2666666666668,0.0,3.973333333333333,18.45,270.43333333333334,7.533333333333334,8595.166666666666,-104.33333333333333,-0.3333333333333333,1.0,2025-06-16T14:42:18.366048256Z
21709.5,100.0,89.91666666666667,1017.3166666666666,0.0,4.656666666666667,18.46666666666667,284.35,6.183333333333334,8597.166666666666,-103.5,-3.1,1.0,2025-06-16T14:52:58.361259776Z
21839.4,100.0,90.4,1017.1600000000001,0.0,5.394,18.5,308.02000000000004,5.359999999999999,9785.0,-98.2,-6.1,1.0,2025-06-16T15:03:02.886743296Z
21713.166666666668,100.0,91.5,1017.2333333333335,0.0,5.953333333333333,18.533333333333335,290.46666666666664,4.000000000000001,8600.833333333334,-102.83333333333333,-3.0,1.0,2025-06-16T15:12:18.346523648Z
21715.166666666668,100.0,91.33333333333333,1016.9833333333335,0.0,7.299999999999998,18.583333333333332,285.7166666666667,3.983333333333333,8602.833333333334,-101.83333333333333,-4.1000000000000005,1.0,2025-06-16T15:22:58.390320896Z
21845.2,100.0,91.3,1016.5600000000001,0.0,8.666,18.56,303.46,3.5,9790.8,-102.2,-0.9399999999999998,1.0,2025-06-16T15:33:02.888527360Z
21847.0,100.0,92.0,1016.3399999999999,0.0,9.676,18.46,316.56,2.6,9792.6,-99.6,-4.72,1.0,2025-06-16T15:42:14.855491072Z
21720.5,100.0,93.25,1016.0,0.0,10.966666666666669,18.349999999999998,155.41666666666666,1.5833333333333333,8608.5,-103.5,-1.8833333333333335,1.0,2025-06-16T15:52:58.326266880Z
21850.8,100.0,93.2,1014.96,0.0,11.995999999999999,18.36,124.66000000000001,1.6199999999999999,9796.6,-102.2,-0.72,1.0,2025-06-16T16:03:02.840748544Z
21724.166666666668,100.0,92.08333333333333,1014.7666666666668,0.0,12.468333333333334,18.466666666666665,135.66666666666666,2.183333333333333,8612.166666666666,-105.33333333333333,-3.5500000000000003,1.0,2025-06-16T16:12:18.291446528Z
21854.6,100.0,92.8,1015.1,0.0,12.716,18.439999999999998,171.48,1.9200000000000004,9800.6,-100.2,-3.34,1.0,2025-06-16T16:23:50.845475328Z
21856.4,100.0,92.9,1014.68,0.0,12.807999999999998,18.439999999999998,140.26000000000002,2.06,9802.4,-102.4,-3.46,1.0,2025-06-16T16:33:02.826753536Z
21729.5,100.0,93.5,1014.7666666666668,0.0,12.813333333333333,18.45,137.15,1.8500000000000003,8617.833333333334,-104.66666666666667,-1.6666666666666667,1.0,2025-06-16T16:42:18.277808384Z
21731.5,100.0,94.41666666666667,1014.5999999999999,0.0,12.813333333333333,18.683333333333334,119.51666666666667,2.2833333333333337,8619.833333333334,-104.33333333333333,-0.5499999999999998,1.0,2025-06-16T16:52:58.302023936Z
21709.5,100.0,94.25,1014.45,0.0,12.7175,18.775,89.025,2.15,9363.25,-103.0,1.125,1.0,2025-06-16T17:03:28.816060928Z
21863.6,100.0,93.7,1014.5200000000001,0.0,12.809999999999999,19.0,85.64,2.5200000000000005,9810.0,-102.2,2.6,1.0,2025-06-16T17:12:14.786664960Z
21736.5,100.0,93.25,1014.9166666666666,0.0,12.813333333333333,19.366666666666667,132.26666666666665,2.6666666666666665,8625.5,-103.16666666666667,-1.2166666666666668,1.0,2025-06-16T17:22:58.232546048Z
21867.4,100.0,91.6,1015.32,0.0,12.809999999999999,19.66,129.14000000000001,2.42,9814.0,-99.6,-3.9199999999999995,1.0,2025-06-16T17:33:02.789650176Z
21740.166666666668,100.0,89.16666666666667,1015.8666666666667,0.0,12.819999999999999,20.016666666666666,182.78333333333333,3.9000000000000004,8629.166666666666,-103.5,-2.966666666666667,1.0,2025-06-16T17:42:18.220017664Z
21742.166666666668,100.0,88.75,1015.9666666666667,0.0,12.833333333333334,20.216666666666665,193.14999999999998,3.4999999999999996,8631.166666666666,-104.16666666666667,-3.1333333333333333,1.0,2025-06-16T17:52:58.212936448Z
21873.2,100.0,88.3,1016.0,0.0,12.822,20.259999999999998,145.26000000000002,2.4,9819.8,-103.6,-1.2799999999999998,1.0,2025-06-16T18:03:02.746790400Z
21745.833333333332,100.0,88.75,1016.1999999999999,0.0,12.833333333333334,20.333333333333332,187.9333333333333,2.2333333333333334,8634.833333333334,-104.33333333333333,-3.3499999999999996,1.0,2025-06-16T18:12:18.190198528Z
21747.833333333332,100.0,89.08333333333333,1016.3833333333333,0.0,12.833333333333334,20.28333333333333,204.41666666666666,1.4833333333333334,8636.833333333334,-103.16666666666667,-3.3333333333333335,1.0,2025-06-16T18:22:58.184108032Z
21879.0,100.0,90.2,1016.64,0.0,12.822,19.919999999999998,193.57999999999998,1.6599999999999997,9825.6,-100.4,1.12,1.0,2025-06-16T18:33:02.722269696Z
21751.5,100.0,90.0,1016.8499999999999,0.0,12.833333333333334,19.833333333333332,220.53333333333333,1.1500000000000001,8640.5,-103.0,-0.8333333333333335,1.0,2025-06-16T18:42:18.176975616Z
21753.5,100.0,89.83333333333333,1016.9166666666666,0.0,10.685,19.7,163.51666666666665,1.3166666666666667,8642.5,-103.66666666666667,-1.95,1.0,2025-06-16T18:52:58.163615488Z
21884.8,100.0,88.8,1017.0800000000002,0.0,10.244,19.619999999999997,143.14000000000001,0.74,9831.4,-100.8,-0.14000000000000004,1.0,2025-06-16T19:03:02.695390976Z
21757.166666666668,100.0,90.25,1017.15,0.0,8.543333333333333,19.400000000000002,156.20000000000002,0.4166666666666667,8646.166666666666,-102.83333333333333,-0.5166666666666665,1.0,2025-06-16T19:12:18.131656704Z
21888.6,100.0,91.6,1017.04,0.0,10.251999999999999,19.18,138.57999999999998,1.22,9835.2,-101.8,2.1799999999999997,1.0,2025-06-16T19:22:38.684055808Z
21890.4,100.0,92.2,1017.0799999999999,0.0,10.251999999999999,19.020000000000003,146.0,0.9799999999999999,9837.2,-101.8,0.9400000000000001,1.0,2025-06-16T19:33:02.686845952Z
21762.5,100.0,93.41666666666667,1017.2666666666665,0.0,8.543333333333333,18.833333333333332,166.11666666666665,0.9500000000000002,8651.833333333334,-105.0,-4.883333333333334,1.0,2025-06-16T19:42:18.127597312Z
21764.5,100.0,94.0,1017.3499999999999,0.0,8.543333333333333,18.583333333333336,210.58333333333334,0.85,8653.833333333334,-102.16666666666667,-0.4333333333333334,1.0,2025-06-16T19:52:58.104410368Z
21896.2,100.0,94.8,1017.4200000000001,0.0,10.278,18.32,230.51999999999998,0.68,9843.0,-101.4,1.6,1.0,2025-06-16T20:03:02.641727232Z
21898.0,100.0,95.7,1017.6,0.0,10.278,18.16,262.53999999999996,0.6799999999999999,9844.8,-100.6,0.36,1.0,2025-06-16T20:12:14.652402176Z
21769.833333333332,100.0,96.0,1017.7333333333332,0.0,8.586666666666666,18.216666666666665,246.9,0.9,8659.5,-100.33333333333333,-2.1500000000000004,1.0,2025-06-16T20:22:58.438853888Z
21901.8,100.0,96.4,1017.74,0.0,10.278,18.1,251.32,1.02,9848.8,-99.8,0.25999999999999995,1.0,2025-06-16T20:33:02.628219392Z
21773.5,99.83333333333333,96.0,1017.7166666666667,0.0,8.59,18.333333333333332,223.54999999999998,0.7666666666666666,8663.166666666666,-103.83333333333333,-0.3000000000000001,1.0,2025-06-16T20:42:18.062609664Z
21775.5,99.66666666666667,95.66666666666667,1017.7166666666667,0.0,8.59,18.333333333333332,199.51666666666665,0.5333333333333333,8665.166666666666,-102.16666666666667,-0.9500000000000003,1.0,2025-06-16T20:52:58.052433152Z
21907.6,99.8,95.5,1017.6599999999999,0.0,10.28,18.28,253.67999999999998,0.58,9854.6,-99.4,-0.4000000000000002,1.0,2025-06-16T21:03:02.590974464Z
21779.166666666668,99.66666666666667,93.5,1017.8000000000001,0.0,8.596666666666666,18.549999999999997,263.96666666666664,1.3666666666666665,8668.833333333334,-102.0,-1.4000000000000004,1.0,2025-06-16T21:12:18.031091968Z
21781.166666666668,99.66666666666667,93.5,1017.8833333333333,0.0,8.768333333333333,18.566666666666666,306.26666666666665,1.0833333333333333,8670.833333333334,-102.66666666666667,-0.9833333333333331,1.0,2025-06-16T21:22:58.021644544Z
21913.4,99.4,94.8,1017.7,0.0,10.748000000000001,18.419999999999998,283.94,0.9199999999999999,9860.4,-100.8,0.040000000000000036,1.0,2025-06-16T21:33:02.579654144Z
21784.833333333332,99.0,93.83333333333333,1017.7333333333332,0.0,9.538333333333332,18.316666666666666,210.45000000000002,1.0333333333333334,8674.5,-101.5,0.08333333333333319,1.0,2025-06-16T21:42:18.007938304Z
21786.833333333332,98.66666666666667,92.0,1017.75,0.0,9.72,18.349999999999998,247.23333333333335,1.05,8676.5,-101.66666666666667,0.31666666666666704,1.0,2025-06-16T21:52:57.995289344Z
21919.2,98.8,92.0,1017.7199999999999,0.0,11.318000000000001,18.46,238.1,1.46,9866.2,-101.6,1.56,1.0,2025-06-16T22:03:02.543552000Z
21790.5,98.66666666666667,90.25,1017.6666666666666,0.0,10.255,18.433333333333334,265.0,2.2166666666666663,8680.166666666666,-101.5,-0.30000000000000027,1.0,2025-06-16T22:12:17.975221248Z
21792.5,98.66666666666667,90.83333333333333,1017.5500000000001,0.0,10.535,18.366666666666667,262.03333333333336,1.7333333333333334,8682.166666666666,-100.83333333333333,-0.8166666666666665,1.0,2025-06-16T22:22:57.961954560Z
21925.0,98.4,90.7,1017.4800000000001,0.0,11.92,18.419999999999998,293.7,1.2,9872.0,-100.2,0.4,1.0,2025-06-16T22:33:02.956645888Z
21647.4,97.8,89.5,1017.4200000000001,0.0,9.982000000000001,18.54,284.2,2.44,8091.8,-104.0,-1.0799999999999996,1.0,2025-06-16T22:42:29.836574208Z
21797.833333333332,96.66666666666667,90.0,1017.5833333333335,0.0,10.839999999999998,18.466666666666665,300.6666666666667,2.1166666666666667,8687.833333333334,-104.16666666666667,-1.1666666666666667,1.0,2025-06-16T22:52:57.951386880Z
21930.4,96.8,90.4,1017.54,0.0,12.09,18.52,290.84,2.8,9877.8,-101.2,0.68,1.0,2025-06-16T23:03:02.500783616Z
21801.5,96.66666666666667,91.58333333333333,1017.5500000000001,0.0,10.858333333333334,18.4,290.59999999999997,2.8166666666666664,8691.5,-101.83333333333333,-0.04999999999999997,1.0,2025-06-16T23:12:17.930074880Z
21803.5,96.66666666666667,92.08333333333333,1017.4833333333332,0.0,10.886666666666665,18.366666666666664,293.95,2.0833333333333335,8693.5,-103.16666666666667,-0.2666666666666668,1.0,2025-06-16T23:22:57.911864064Z
21936.2,96.6,91.5,1017.46,0.0,12.162,18.419999999999998,311.18,2.2199999999999998,9883.6,-100.6,-0.040000000000000036,1.0,2025-06-16T23:33:02.489557504Z
21807.166666666668,96.33333333333333,91.5,1017.3666666666667,0.0,10.923333333333334,18.5,310.98333333333335,2.1,8697.166666666666,-102.5,-0.6500000000000004,1.0,2025-06-16T23:42:17.895908352Z
21809.166666666668,95.83333333333333,91.0,1017.2833333333333,0.0,10.923333333333334,18.55,309.9666666666667,2.0,8699.166666666666,-106.0,-4.0,1.0,2025-06-16T23:52:58.979364096Z
21942.0,95.8,91.9,1017.28,0.0,12.166,18.419999999999998,295.38,2.24,9889.4,-101.6,1.48,1.0,2025-06-17T00:03:02.891067392Z
21812.833333333332,95.66666666666667,92.08333333333333,1017.2666666666668,0.0,10.923333333333334,18.38333333333333,280.2333333333333,2.5833333333333335,8702.833333333334,-103.16666666666667,-1.8666666666666665,1.0,2025-06-17T00:12:17.868392448Z
21814.833333333332,95.66666666666667,91.83333333333333,1017.3666666666667,0.0,10.924999999999999,18.333333333333332,280.48333333333335,2.3666666666666667,8704.833333333334,-102.66666666666667,-1.5166666666666668,1.0,2025-06-17T00:22:57.862619904Z
21947.8,95.4,91.6,1017.46,0.0,12.168000000000001,18.360000000000003,283.67999999999995,2.2399999999999998,9895.2,-101.6,0.9999999999999998,1.0,2025-06-17T00:33:02.425992960Z
21818.5,95.0,91.08333333333333,1017.4499999999999,0.0,10.926666666666668,18.4,267.2,2.8000000000000003,8708.5,-104.33333333333333,-1.55,1.0,2025-06-17T00:42:17.864248064Z
21820.5,94.66666666666667,90.75,1017.4666666666666,0.0,10.926666666666668,18.416666666666668,270.1666666666667,2.6166666666666667,8710.5,-103.5,-3.3000000000000003,1.0,2025-06-17T00:52:57.853393920Z
21953.6,94.0,89.9,1017.46,0.0,12.168000000000001,18.44,274.7,2.88,9901.0,-101.4,0.20000000000000018,1.0,2025-06-17T01:03:04.561577472Z
21824.166666666668,94.0,89.66666666666667,1017.6,0.0,10.926666666666668,18.433333333333334,274.0,2.85,8714.166666666666,-103.33333333333333,-1.3500000000000003,1.0,2025-06-17T01:12:17.834856704Z
21826.166666666668,94.0,89.5,1017.6166666666668,0.0,10.926666666666668,18.4,265.41666666666663,2.2666666666666666,8716.166666666666,-102.83333333333333,-1.3333333333333333,1.0,2025-06-17T01:22:57.823396096Z
21959.4,94.0,89.0,1017.64,0.0,12.186000000000002,18.42,281.36,2.8,9906.8,-102.0,0.54,1.0,2025-06-17T01:33:02.388619264Z
21829.833333333332,93.66666666666667,90.08333333333333,1017.7166666666667,0.0,10.966666666666669,18.25,283.48333333333335,1.9666666666666668,8719.833333333334,-103.83333333333333,-2.216666666666667,1.0,2025-06-17T01:42:17.819865344Z
21831.833333333332,93.5,90.91666666666667,1017.6999999999999,0.0,10.996666666666664,18.116666666666664,299.45000000000005,2.0666666666666664,8721.833333333334,-102.33333333333333,-0.7499999999999999,1.0,2025-06-17T01:52:57.800238848Z
21965.2,92.8,90.8,1017.74,0.0,12.352,18.06,306.43999999999994,2.3,9912.6,-100.2,-1.54,1.0,2025-06-17T02:03:02.359043328Z
22164.5,93.0,90.875,1017.5999999999999,0.0,14.3325,17.975,303.7,2.225,11698.0,-98.25,1.825,1.0,2025-06-17T02:13:39.182488320Z
21968.6,92.8,92.0,1017.5199999999999,0.0,12.617999999999999,17.82,272.9,1.92,9916.4,-101.2,-3.7199999999999998,1.0,2025-06-17T02:22:38.332945408Z
21970.4,92.8,93.0,1017.4399999999999,0.0,12.664,17.72,275.9,1.98,9918.4,-101.2,-0.6599999999999999,1.0,2025-06-17T02:33:02.356693248Z
21972.2,92.4,93.7,1017.3399999999999,0.0,12.698,17.66,260.91999999999996,2.26,9920.2,-101.8,-0.5,1.0,2025-06-17T02:42:14.345220608Z
21974.0,92.2,94.2,1017.3399999999999,0.0,12.722000000000001,17.62,259.88,2.54,9922.4,-101.8,-1.4600000000000002,1.0,2025-06-17T02:53:50.324392448Z
21975.8,92.0,94.1,1017.3399999999999,0.0,12.762,17.64,255.71999999999997,2.82,9924.2,-99.6,-1.4799999999999998,1.0,2025-06-17T03:03:02.317309696Z
21845.166666666668,91.66666666666667,94.25,1017.3833333333333,0.0,11.523333333333333,17.633333333333333,250.76666666666665,3.2166666666666672,8736.833333333334,-102.5,-2.3666666666666667,1.0,2025-06-17T03:12:17.726386432Z
21979.6,91.8,94.4,1017.32,0.0,12.798,17.64,253.82,3.6400000000000006,9928.0,-101.8,0.72,1.0,2025-06-17T03:22:38.284806656Z
21981.4,91.8,94.5,1017.26,0.0,12.822,17.66,255.8,3.2199999999999998,9930.0,-101.4,-1.46,1.0,2025-06-17T03:33:02.270801152Z
21850.5,91.33333333333333,94.58333333333333,1017.3000000000001,0.0,11.586666666666668,17.666666666666668,254.56666666666663,3.516666666666666,8742.5,-103.5,-3.0833333333333335,1.0,2025-06-17T03:42:17.709827328Z
21869.2,90.8,94.8,1017.4,0.0,11.166,17.66,248.92000000000002,3.4200000000000004,8149.8,-105.6,-3.04,1.0,2025-06-17T03:52:21.281903104Z
21832.75,90.25,94.0,1017.3249999999999,0.0,12.139999999999999,17.724999999999998,259.225,3.625,9489.5,-102.25,0.050000000000000044,1.0,2025-06-17T04:02:13.220417792Z
21705.8,89.6,94.1,1017.26,0.0,10.776,17.76,257.82,3.9400000000000004,8153.2,-103.6,-2.6199999999999997,1.0,2025-06-17T04:11:29.672193024Z
21857.166666666668,89.66666666666667,94.0,1017.3833333333333,0.0,11.621666666666668,17.78333333333333,265.28333333333336,3.483333333333333,8750.166666666666,-104.0,-1.0833333333333335,1.0,2025-06-17T04:22:57.672206592Z
21991.8,89.8,93.6,1017.36,0.0,12.886,17.82,269.18,3.9799999999999995,9941.6,-99.6,-1.64,1.0,2025-06-17T04:33:02.233950720Z
21711.2,89.6,93.7,1017.4200000000001,0.0,10.796,17.880000000000003,259.52000000000004,3.3,8158.8,-103.8,-1.0800000000000005,1.0,2025-06-17T04:41:29.514226176Z
21862.5,89.66666666666667,93.41666666666667,1017.5000000000001,0.0,11.638333333333334,17.95,267.90000000000003,3.216666666666667,8755.833333333334,-103.5,-0.9166666666666666,1.0,2025-06-17T04:52:57.638636800Z
21997.2,89.8,93.4,1017.54,0.0,12.913999999999998,17.940000000000005,279.12,3.2,9947.4,-99.8,-0.5199999999999999,1.0,2025-06-17T05:03:02.217574400Z
21866.166666666668,89.66666666666667,94.58333333333333,1017.6666666666666,0.0,11.88,17.86666666666667,285.6166666666666,3.1333333333333333,8759.5,-102.5,-2.9605947323337506e-16,1.0,2025-06-17T05:12:17.617139968Z
21868.166666666668,89.66666666666667,95.41666666666667,1017.7166666666667,0.0,12.225000000000001,17.8,275.06666666666666,3.3666666666666667,8761.5,-103.33333333333333,-0.2666666666666669,1.0,2025-06-17T05:22:57.608517888Z
21849.25,89.75,94.875,1017.7,0.0,12.81,17.9,283.575,2.7750000000000004,9507.0,-100.0,1.7,1.0,2025-06-17T05:33:28.134334464Z
21871.5,89.66666666666667,94.58333333333333,1017.8833333333332,0.0,12.339999999999998,17.983333333333334,283.8333333333333,2.6999999999999997,8765.166666666666,-101.66666666666667,-2.3833333333333333,1.0,2025-06-17T05:42:17.587879936Z
21873.5,89.66666666666667,94.16666666666667,1018.0333333333334,0.0,12.356666666666667,18.066666666666666,293.6333333333334,2.8333333333333335,8767.166666666666,-102.66666666666667,-1.75,1.0,2025-06-17T05:52:57.579242496Z
22008.4,90.0,94.9,1017.9800000000001,0.0,13.602,18.16,294.84,2.2800000000000002,9959.0,-102.8,0.7399999999999999,1.0,2025-06-17T06:03:02.156096000Z
21877.166666666668,90.33333333333333,95.0,1018.0666666666666,0.0,12.415000000000001,18.233333333333334,282.8833333333333,2.316666666666667,8770.833333333334,-103.5,-3.2000000000000006,1.0,2025-06-17T06:12:17.562685696Z
21879.166666666668,90.66666666666667,94.75,1018.1,0.0,12.455,18.316666666666666,280.4166666666667,2.6666666666666665,8772.833333333334,-103.66666666666667,-2.933333333333333,1.0,2025-06-17T06:22:57.552000256Z
22014.2,90.6,94.1,1017.9799999999999,0.0,13.7,18.339999999999996,281.64,2.8600000000000003,9964.8,-100.8,0.76,1.0,2025-06-17T06:33:02.127271936Z
21882.833333333332,90.66666666666667,93.66666666666667,1017.9499999999999,0.0,12.473333333333334,18.45,266.75,2.9499999999999997,8776.5,-103.0,-1.0833333333333333,1.0,2025-06-17T06:42:17.553048576Z
21884.833333333332,91.66666666666667,93.58333333333333,1017.9666666666667,0.0,12.473333333333334,18.63333333333333,274.75,3.0833333333333335,8778.5,-101.83333333333333,-1.3500000000000003,1.0,2025-06-17T06:52:57.898710272Z
22020.0,92.4,93.4,1017.9399999999999,0.0,13.7,18.78,288.18,3.3600000000000003,9970.6,-100.2,-1.1600000000000001,1.0,2025-06-17T07:03:02.114328064Z
21888.5,92.66666666666667,92.08333333333333,1018.0166666666668,0.0,12.473333333333334,18.966666666666665,275.9166666666667,2.683333333333333,8782.166666666666,-102.5,0.08333333333333333,1.0,2025-06-17T07:12:17.524880640Z
21890.5,93.33333333333333,91.75,1018.1500000000001,0.0,12.473333333333334,19.033333333333335,272.1,1.7833333333333332,8784.166666666666,-103.16666666666667,-3.033333333333333,1.0,2025-06-17T07:22:57.502054400Z
22025.8,93.4,91.7,1018.22,0.0,13.7,19.14,287.3,1.7599999999999998,9976.4,-99.6,-1.5999999999999999,1.0,2025-06-17T07:33:02.522940672Z
21894.166666666668,93.33333333333333,91.33333333333333,1018.3833333333332,0.0,12.473333333333334,19.28333333333333,286.45,1.4833333333333334,8787.833333333334,-104.33333333333333,-6.566666666666667,1.0,2025-06-17T07:42:17.499023104Z
21896.166666666668,94.0,90.33333333333333,1018.4333333333333,0.0,12.476666666666667,19.55,282.51666666666665,1.8499999999999999,8789.833333333334,-103.0,-2.783333333333333,1.0,2025-06-17T07:52:57.490498560Z
22031.6,94.6,90.7,1018.36,0.0,13.725999999999999,19.62,280.4,2.1799999999999997,9982.2,-102.0,-0.8399999999999999,1.0,2025-06-17T08:03:02.057489664Z
22033.4,95.0,90.6,1018.4399999999999,0.0,13.736,19.619999999999997,288.64,1.8400000000000003,9984.2,-102.0,-0.6999999999999998,1.0,2025-06-17T08:13:26.038371840Z
22035.2,95.6,90.8,1018.46,0.0,13.751999999999999,19.580000000000002,286.15999999999997,1.9400000000000002,9986.2,-99.0,-0.3799999999999999,1.0,2025-06-17T08:23:50.033132288Z
22238.0,95.5,91.75,1018.4749999999999,0.0,15.624999999999998,19.6,300.6,1.625,11774.0,-97.0,4.45,1.0,2025-06-17T08:33:39.441495040Z
22240.0,95.5,90.125,1018.5,0.0,15.629999999999999,19.875,317.425,1.7249999999999999,11776.0,-98.25,3.875,1.0,2025-06-17T08:43:38.889070080Z
21905.833333333332,96.33333333333333,87.58333333333333,1018.5666666666667,0.0,12.566666666666668,20.416666666666668,319.1333333333333,1.7666666666666666,8801.166666666666,-100.33333333333333,-4.916666666666666,1.0,2025-06-17T08:52:57.428803840Z
22042.2,97.2,87.2,1018.5600000000001,0.0,13.791999999999998,20.68,257.94,1.78,9993.8,-100.6,0.9200000000000002,1.0,2025-06-17T09:03:02.013482240Z
21909.5,98.33333333333333,83.83333333333333,1018.5833333333334,0.0,12.566666666666668,21.166666666666668,274.36666666666673,2.283333333333333,8804.833333333334,-103.0,-0.6833333333333336,1.0,2025-06-17T09:12:17.435356416Z
21911.5,99.0,80.83333333333333,1018.6333333333333,0.0,12.566666666666668,21.283333333333335,165.86666666666667,2.4,8806.833333333334,-103.83333333333333,-0.45,1.0,2025-06-17T09:22:57.414335744Z
22048.0,99.6,81.7,1018.64,0.0,13.791999999999998,21.359999999999996,160.2,1.7399999999999998,9999.6,-101.2,0.4,1.0,2025-06-17T09:33:02.000828416Z
21915.166666666668,99.66666666666667,80.25,1018.6,0.0,12.566666666666668,21.599999999999998,83.75,1.9500000000000002,8810.5,-101.16666666666667,-1.0999999999999999,1.0,2025-06-17T09:42:17.404033792Z
21917.166666666668,99.66666666666667,79.25,1018.5500000000001,0.0,10.15,21.88333333333333,79.39999999999999,1.5,8812.5,-102.83333333333333,-0.766666666666667,1.0,2025-06-17T09:52:57.385888768Z
22053.8,100.0,76.9,1018.4800000000001,0.0,7.980000000000001,22.119999999999997,206.67999999999998,1.6600000000000001,10005.4,-101.6,0.64,1.0,2025-06-17T10:03:01.971221248Z
21644.333333333332,100.0,75.66666666666667,1018.2333333333332,0.0,2.146666666666667,22.366666666666664,197.53333333333333,1.3333333333333333,8816.0,-100.66666666666667,-0.9333333333333336,1.0,2025-06-17T10:13:11.156635392Z
21921.833333333332,100.0,74.75,1018.4499999999999,0.0,7.723333333333334,22.63333333333333,156.33333333333331,1.3333333333333333,8818.166666666666,-106.16666666666667,-5.033333333333333,1.0,2025-06-17T10:22:57.367633920Z
22058.6,100.0,77.6,1018.4800000000001,0.0,1.29,22.68,323.72,1.8800000000000001,10011.2,-100.4,1.02,1.0,2025-06-17T10:33:01.936889344Z
21925.5,100.0,74.0,1018.4166666666666,0.0,2.1566666666666667,23.266666666666666,247.20000000000002,2.1666666666666665,8821.833333333334,-101.83333333333333,-0.7666666666666667,1.0,2025-06-17T10:42:17.344079104Z
22062.4,100.0,72.8,1018.3399999999999,0.0,1.296,23.619999999999997,253.64000000000001,2.3200000000000003,10015.0,-99.8,-2.1,1.0,2025-06-17T10:52:37.915812608Z
22064.2,100.0,72.2,1018.3399999999999,0.0,1.296,23.560000000000002,259.6,1.52,10017.0,-100.6,1.46,1.0,2025-06-17T11:03:01.916091136Z
21930.833333333332,100.0,69.33333333333333,1018.4,0.0,2.16,23.88333333333333,316.40000000000003,1.0833333333333333,8827.5,-102.66666666666667,-0.5666666666666664,1.0,2025-06-17T11:12:17.314704640Z
21932.833333333332,100.0,69.25,1018.4,0.0,2.1616666666666666,24.0,139.63333333333335,1.3333333333333333,8829.5,-102.5,-1.8500000000000003,1.0,2025-06-17T11:22:57.320859904Z
22273.0,100.0,69.375,1018.325,0.0,0.0,23.7,99.42500000000001,0.9,11810.0,-98.25,1.7750000000000001,1.0,2025-06-17T11:33:38.770235136Z
21936.166666666668,100.0,66.5,1018.3499999999999,0.0,2.1633333333333336,24.066666666666666,170.56666666666666,1.6166666666666665,8833.166666666666,-103.16666666666667,-1.2166666666666668,1.0,2025-06-17T11:42:17.307736832Z
21938.166666666668,100.0,62.666666666666664,1018.2833333333333,0.0,2.165,24.583333333333332,161.23333333333332,2.3333333333333335,8835.166666666666,-101.83333333333333,-0.8500000000000001,1.0,2025-06-17T11:52:57.802417152Z
22075.6,100.0,62.1,1018.1600000000001,0.0,1.302,24.800000000000004,128.3,1.7200000000000002,10028.6,-101.2,1.6200000000000003,1.0,2025-06-17T12:03:01.880041984Z
21941.833333333332,100.0,61.166666666666664,1018.1666666666669,0.0,2.1716666666666664,25.166666666666668,159.26666666666668,1.8499999999999996,8838.833333333334,-102.66666666666667,-1.2833333333333334,1.0,2025-06-17T12:12:17.281586176Z
21943.833333333332,100.0,60.333333333333336,1018.1166666666667,0.0,2.1733333333333333,25.650000000000002,164.15,1.8833333333333335,8840.833333333334,-101.33333333333333,-3.1666666666666665,1.0,2025-06-17T12:22:57.269807360Z
22081.4,100.0,57.5,1018.0,0.0,1.3039999999999998,25.540000000000003,90.24,1.8199999999999998,10034.4,-99.8,0.9,1.0,2025-06-17T12:33:01.854598656Z
21947.5,100.0,55.5,1018.0666666666667,0.0,2.1733333333333333,25.383333333333336,142.93333333333334,2.966666666666667,8844.5,-106.16666666666667,-4.233333333333333,1.0,2025-06-17T12:42:17.254696960Z
21949.5,100.0,55.75,1018.0833333333335,0.0,2.1733333333333333,25.7,50.36666666666667,2.983333333333333,8846.5,-103.0,0.30000000000000027,1.0,2025-06-17T12:52:57.235368192Z
22087.2,100.0,54.1,1018.04,0.0,1.3039999999999998,26.02,118.38,3.0799999999999996,10040.2,-99.6,-0.9800000000000001,1.0,2025-06-17T13:03:01.840248064Z
21953.166666666668,100.0,51.083333333333336,1018.1,0.0,2.183333333333333,26.01666666666667,113.3,2.9,8850.166666666666,-101.16666666666667,-0.6166666666666664,1.0,2025-06-17T13:12:17.244554496Z
21955.166666666668,100.0,48.916666666666664,1018.1333333333332,0.0,2.1866666666666665,26.299999999999997,54.4,3.283333333333333,8852.166666666666,-102.66666666666667,-0.14999999999999977,1.0,2025-06-17T13:22:57.604135168Z
22093.0,100.0,50.6,1018.04,0.0,1.3119999999999998,26.339999999999996,72.67999999999999,1.9,10046.0,-99.0,0.4,1.0,2025-06-17T13:33:01.816341248Z
21958.833333333332,100.0,49.333333333333336,1018.0166666666668,0.0,2.1866666666666665,26.633333333333336,179.91666666666666,2.5500000000000003,8855.833333333334,-101.5,-0.03333333333333351,1.0,2025-06-17T13:42:17.576051456Z
21960.833333333332,100.0,48.0,1017.9833333333332,0.0,2.1866666666666665,27.033333333333335,60.81666666666667,1.75,8857.833333333334,-102.0,1.0166666666666668,1.0,2025-06-17T13:52:57.199655680Z
22098.8,100.0,46.7,1017.8,0.0,1.3119999999999998,26.919999999999998,129.33999999999997,2.32,10051.8,-100.8,1.9,1.0,2025-06-17T14:03:01.789856256Z
21964.5,100.0,46.666666666666664,1017.7666666666668,0.0,2.1866666666666665,27.099999999999998,146.4,1.6666666666666667,8861.5,-102.5,0.6499999999999999,1.0,2025-06-17T14:12:17.191109632Z
21966.5,100.0,45.916666666666664,1017.6166666666667,0.0,2.1866666666666665,27.28333333333333,177.79999999999998,2.2833333333333337,8863.5,-101.83333333333333,-0.3000000000000001,1.0,2025-06-17T14:22:57.203796736Z
22309.0,100.0,45.0,1017.325,0.0,0.0,27.575,94.275,1.9000000000000001,11846.0,-96.25,4.025,1.0,2025-06-17T14:33:38.660733952Z
21969.833333333332,100.0,44.333333333333336,1017.4,0.0,2.1866666666666665,27.333333333333332,176.26666666666668,1.6333333333333335,8867.166666666666,-102.83333333333333,-0.13333333333333344,1.0,2025-06-17T14:42:17.179435008Z
21971.833333333332,100.0,43.0,1017.2666666666668,0.0,2.1866666666666665,27.316666666666666,128.1833333333333,2.4499999999999997,8869.166666666666,-102.16666666666667,-0.3666666666666667,1.0,2025-06-17T14:52:57.178562816Z
22110.2,100.0,42.8,1017.18,0.0,1.3119999999999998,27.5,156.04,1.6199999999999999,10063.4,-100.4,1.64,1.0,2025-06-17T15:03:01.763640064Z
21975.5,100.0,43.333333333333336,1017.2166666666667,0.0,2.19,27.516666666666666,182.85000000000002,1.5666666666666664,8872.833333333334,-101.83333333333333,0.3833333333333333,1.0,2025-06-17T15:12:17.161252864Z
21977.5,100.0,42.583333333333336,1017.1666666666666,0.0,2.19,27.55,118.13333333333333,1.6666666666666667,8874.833333333334,-103.33333333333333,0.016666666666666757,1.0,2025-06-17T15:22:57.162431744Z
22116.0,100.0,43.0,1017.1199999999999,0.0,1.314,27.68,94.42,1.28,10069.2,-100.4,1.44,1.0,2025-06-17T15:33:01.741824000Z
21981.166666666668,100.0,46.0,1017.0833333333334,0.0,2.19,27.583333333333332,77.66666666666667,1.8999999999999997,8878.5,-102.33333333333333,-0.11666666666666699,1.0,2025-06-17T15:42:17.143192576Z
22119.8,100.0,46.3,1016.9799999999999,0.0,1.314,27.4,97.22,1.98,10073.0,-100.0,1.3599999999999999,1.0,2025-06-17T15:52:37.735448064Z
22121.6,100.0,46.5,1016.9,0.0,1.314,27.360000000000003,86.67999999999999,2.02,10075.0,-100.4,1.3599999999999999,1.0,2025-06-17T16:03:01.746162432Z
21986.5,100.0,48.0,1017.0,0.0,2.19,27.366666666666664,71.11666666666666,1.4333333333333336,8884.166666666666,-102.33333333333333,-0.08333333333333333,1.0,2025-06-17T16:12:17.105412096Z
21988.5,100.0,46.666666666666664,1016.9833333333332,0.0,2.19,27.233333333333334,79.45,1.7166666666666668,8886.166666666666,-102.0,0.38333333333333347,1.0,2025-06-17T16:22:57.126473728Z
22127.4,100.0,47.9,1016.96,0.0,1.314,27.060000000000002,99.85999999999999,1.3599999999999999,10080.8,-103.0,-2.06,1.0,2025-06-17T16:33:01.737508608Z
21992.166666666668,100.0,48.416666666666664,1017.0333333333334,0.0,2.19,26.816666666666663,93.75,2.1999999999999997,8889.833333333334,-103.0,0.08333333333333319,1.0,2025-06-17T16:42:17.101865984Z
22131.2,100.0,47.5,1017.0,0.0,1.314,26.660000000000004,101.08,2.04,10084.6,-100.6,1.3,1.0,2025-06-17T16:52:37.691809536Z
22133.0,100.0,48.9,1017.0600000000001,0.0,1.318,26.580000000000002,89.58,1.56,10086.6,-99.6,1.7,1.0,2025-06-17T17:03:01.795038720Z
21997.5,100.0,48.583333333333336,1017.1166666666668,0.0,2.1999999999999997,26.28333333333333,74.43333333333332,1.8666666666666665,8895.5,-102.16666666666667,0.3333333333333333,1.0,2025-06-17T17:12:17.060027136Z
21999.5,100.0,48.166666666666664,1017.15,0.0,2.1999999999999997,25.983333333333334,66.10000000000001,2.1333333333333333,8897.5,-103.33333333333333,0.8666666666666667,1.0,2025-06-17T17:22:57.059304704Z
22138.8,100.0,50.2,1017.1600000000001,0.0,1.3199999999999998,25.6,69.22,1.1,10092.4,-100.0,0.6600000000000001,1.0,2025-06-17T17:33:01.661302272Z
22003.166666666668,100.0,53.083333333333336,1017.2333333333332,0.0,2.2033333333333336,24.833333333333332,46.04999999999999,0.9333333333333332,8901.166666666666,-102.66666666666667,-0.03333333333333307,1.0,2025-06-17T17:42:17.056238336Z
22005.166666666668,100.0,57.75,1017.2166666666667,0.0,2.2033333333333336,24.066666666666663,70.51666666666667,0.75,8903.166666666666,-101.0,-1.1833333333333331,1.0,2025-06-17T17:52:57.031510272Z
22144.6,100.0,59.4,1017.1600000000001,0.0,1.322,23.54,95.22,0.7799999999999999,10098.2,-100.4,2.2600000000000002,1.0,2025-06-17T18:03:01.639809536Z
22008.833333333332,100.0,63.25,1017.25,0.0,2.2033333333333336,22.900000000000002,171.9166666666667,0.8166666666666665,8906.833333333334,-102.0,-0.4166666666666667,1.0,2025-06-17T18:12:17.027714048Z
22010.833333333332,100.0,66.41666666666667,1017.25,0.0,2.2033333333333336,22.383333333333336,135.61666666666665,0.5333333333333333,8908.833333333334,-101.5,0.9,1.0,2025-06-17T18:22:57.013091584Z
22150.4,100.0,69.6,1017.2800000000001,0.0,1.322,21.940000000000005,123.88000000000002,0.6599999999999999,10104.0,-99.8,1.2,1.0,2025-06-17T18:33:01.610457600Z
22014.5,100.0,72.91666666666667,1017.5,0.0,2.2083333333333335,21.46666666666667,154.73333333333332,0.5166666666666667,8912.5,-101.0,0.2833333333333332,1.0,2025-06-17T18:42:17.006010368Z
22016.5,100.0,75.0,1017.5666666666667,0.0,1.105,21.1,98.61666666666667,0.6833333333333332,8914.5,-101.66666666666667,0.6000000000000001,1.0,2025-06-17T18:52:56.987505920Z
22156.2,100.0,71.6,1017.5600000000001,0.0,0.0,21.02,111.31999999999998,0.7,10109.8,-98.8,1.6799999999999997,1.0,2025-06-17T19:03:01.591980800Z
22020.166666666668,100.0,73.5,1017.6333333333333,0.0,0.0,20.73333333333333,112.06666666666666,0.6166666666666666,8918.166666666666,-100.83333333333333,-1.0166666666666666,1.0,2025-06-17T19:12:16.963592960Z
22160.0,100.0,74.0,1017.78,0.0,0.0,20.380000000000003,162.4,0.64,10113.6,-101.2,3.0200000000000005,1.0,2025-06-17T19:22:37.561969152Z
22161.8,100.0,76.9,1018.0,0.0,0.0,20.18,158.72000000000003,0.6599999999999999,10115.6,-98.4,-0.16000000000000014,1.0,2025-06-17T19:33:02.005193472Z
22025.5,100.0,79.0,1018.1166666666668,0.0,0.0033333333333333335,19.95,108.88333333333334,0.5,8923.833333333334,-102.5,0.4666666666666668,1.0,2025-06-17T19:42:16.942192896Z
22027.5,100.0,81.66666666666667,1018.2666666666668,0.0,0.006666666666666667,19.533333333333335,105.55,0.5333333333333333,8925.833333333334,-102.16666666666667,0.3333333333333333,1.0,2025-06-17T19:52:56.930661376Z
22167.6,100.0,80.6,1018.3199999999999,0.0,0.004,19.44,106.46,0.52,10121.4,-101.0,1.72,1.0,2025-06-17T20:03:01.533990400Z
22031.166666666668,100.0,82.33333333333333,1018.4166666666666,0.0,0.006666666666666667,19.2,122.23333333333335,0.35000000000000003,8929.5,-102.66666666666667,-0.5166666666666666,1.0,2025-06-17T20:12:16.933594880Z
22033.166666666668,100.0,84.08333333333333,1018.4499999999999,0.0,0.006666666666666667,18.900000000000002,152.0666666666667,0.5833333333333334,8931.5,-101.66666666666667,-1.5833333333333333,1.0,2025-06-17T20:22:56.901703936Z
22173.4,100.0,85.7,1018.46,0.0,0.004,18.48,113.0,0.32,10127.2,-100.4,1.7,1.0,2025-06-17T20:33:01.518146816Z
22036.833333333332,100.0,87.83333333333333,1018.4833333333332,0.0,0.006666666666666667,18.23333333333333,203.29999999999998,0.18333333333333335,8935.166666666666,-102.66666666666667,0.18333333333333326,1.0,2025-06-17T20:42:16.904756992Z
22038.833333333332,100.0,89.0,1018.5166666666668,0.0,0.006666666666666667,18.01666666666667,187.5,0.31666666666666665,8937.166666666666,-104.16666666666667,-3.616666666666667,1.0,2025-06-17T20:52:56.888660736Z
22179.2,100.0,90.8,1018.5600000000001,0.0,0.004,17.74,181.42,0.38,10133.0,-99.4,0.8600000000000001,1.0,2025-06-17T21:03:01.491694848Z
22042.5,100.0,91.08333333333333,1018.5999999999999,0.0,0.006666666666666667,17.73333333333333,249.91666666666666,0.6333333333333333,8940.833333333334,-103.16666666666667,-1.9166666666666667,1.0,2025-06-17T21:12:16.871732480Z
22044.5,100.0,91.0,1018.6,0.0,0.006666666666666667,17.650000000000002,228.61666666666667,0.7000000000000001,8942.833333333334,-103.16666666666667,0.3166666666666669,1.0,2025-06-17T21:22:56.860495872Z
22185.0,100.0,91.6,1018.5599999999998,0.0,0.004,17.44,245.02000000000004,0.76,10138.8,-104.0,-2.8600000000000003,1.0,2025-06-17T21:33:01.498589696Z
22048.166666666668,99.83333333333333,92.91666666666667,1018.5166666666668,0.0,0.006666666666666667,17.216666666666665,224.3333333333333,0.7999999999999999,8946.5,-101.83333333333333,-0.48333333333333356,1.0,2025-06-17T21:42:16.863143680Z
22050.166666666668,99.33333333333333,93.75,1018.4833333333335,0.0,0.006666666666666667,17.083333333333332,245.3166666666667,1.0333333333333334,8948.5,-101.5,0.6333333333333334,1.0,2025-06-17T21:52:56.843900928Z
22190.8,99.4,93.2,1018.5200000000001,0.0,0.004,17.06,235.82000000000002,1.0,10144.6,-101.6,1.7399999999999998,1.0,2025-06-17T22:03:01.438967808Z
22053.833333333332,99.33333333333333,93.25,1018.6333333333333,0.0,0.006666666666666667,17.066666666666666,225.66666666666663,0.8166666666666668,8952.166666666666,-103.66666666666667,-0.30000000000000027,1.0,2025-06-17T22:12:16.828330240Z
22194.6,99.4,93.7,1018.5600000000001,0.0,0.004,16.880000000000003,239.04000000000002,1.06,10148.4,-99.4,1.1,1.0,2025-06-17T22:22:37.427080704Z
22196.4,98.6,93.6,1018.5799999999999,0.0,0.004,16.839999999999996,232.74,1.0,10150.4,-100.4,2.1,1.0,2025-06-17T22:33:01.428103168Z
22059.166666666668,98.66666666666667,93.75,1018.5,0.0,0.006666666666666667,16.866666666666667,240.54999999999998,1.15,8957.833333333334,-103.0,0.1166666666666664,1.0,2025-06-17T22:42:16.788161792Z
22061.166666666668,97.66666666666667,93.33333333333333,1018.4333333333334,0.0,0.006666666666666667,16.849999999999998,219.08333333333334,1.1833333333333333,8959.833333333334,-102.66666666666667,-0.6166666666666667,1.0,2025-06-17T22:52:56.785043200Z
22202.2,97.6,93.5,1018.4,0.0,0.004,16.74,206.3,1.16,10156.2,-101.0,1.4,1.0,2025-06-17T23:03:01.402232576Z
22064.833333333332,97.66666666666667,93.66666666666667,1018.5500000000001,0.0,0.006666666666666667,16.650000000000002,165.58333333333331,1.0,8963.5,-102.66666666666667,-0.3333333333333333,1.0,2025-06-17T23:12:16.760690688Z
22066.833333333332,97.66666666666667,93.66666666666667,1018.5833333333335,0.0,0.006666666666666667,16.53333333333333,160.65,1.1666666666666667,8965.5,-102.16666666666667,-0.45,1.0,2025-06-17T23:22:56.776813824Z
22208.0,97.4,94.0,1018.6,0.0,0.008,16.32,169.95999999999998,0.8,10162.0,-100.6,0.86,1.0,2025-06-17T23:33:01.383769600Z
22070.5,97.33333333333333,94.91666666666667,1018.7166666666667,0.0,0.01,16.150000000000002,212.91666666666663,0.5666666666666668,8969.166666666666,-105.83333333333333,-5.95,1.0,2025-06-17T23:42:16.765772544Z
22211.8,96.8,95.4,1018.64,0.0,0.008,16.040000000000003,252.76,0.8600000000000001,10165.8,-99.0,-3.552713678800501e-16,1.0,2025-06-17T23:52:37.356152320Z
22074.166666666668,96.66666666666667,95.5,1018.6999999999999,0.0,0.01,15.983333333333334,236.29999999999998,0.6333333333333333,8973.166666666666,-103.16666666666667,-0.5333333333333335,1.0,2025-06-18T00:03:36.725507072Z
22215.6,96.6,94.9,1018.7,0.0,0.008,15.959999999999999,164.16000000000003,0.96,10169.8,-98.4,-2.56,1.0,2025-06-18T00:13:25.350937088Z
22077.833333333332,96.66666666666667,94.91666666666667,1018.6833333333334,0.0,0.01,15.933333333333335,161.5,0.6833333333333332,8976.833333333334,-103.66666666666667,-2.7833333333333328,1.0,2025-06-18T00:22:56.709088000Z
22070.85714285714,96.57142857142857,94.92857142857143,1018.5857142857142,0.0,0.008571428571428572,15.828571428571431,234.7142857142857,0.8571428571428573,9405.57142857143,-103.0,-3.314285714285714,1.0,2025-06-18T00:33:57.049548288Z
22221.8,96.2,95.5,1018.6199999999999,0.0,0.008,15.6,249.07999999999998,0.7,10175.6,-100.2,1.1,1.0,2025-06-18T00:43:25.325237504Z
22083.833333333332,95.83333333333333,95.91666666666667,1018.6333333333333,0.0,0.01,15.566666666666665,207.38333333333333,0.55,8982.5,-104.33333333333333,-6.3,1.0,2025-06-18T00:52:56.704384000Z
22085.833333333332,95.33333333333333,95.75,1018.6166666666667,0.0,0.01,15.5,183.3166666666667,0.6,8984.5,-101.5,-1.0833333333333333,1.0,2025-06-18T01:03:36.682247424Z
22227.6,95.4,95.8,1018.4799999999999,0.0,0.008,15.279999999999998,198.84,0.42000000000000004,10181.4,-99.2,1.8399999999999999,1.0,2025-06-18T01:13:25.280260352Z
21936.8,95.2,95.9,1018.3199999999999,0.0,0.01,15.419999999999998,199.64000000000001,0.7,8390.4,-102.8,-0.9799999999999999,1.0,2025-06-18T01:22:16.430964480Z
22091.166666666668,95.33333333333333,96.33333333333333,1018.4166666666666,0.0,0.01,15.200000000000001,224.9333333333333,0.6166666666666667,8990.166666666666,-103.33333333333333,-1.8333333333333333,1.0,2025-06-18T01:33:36.648326144Z
22233.0,95.0,96.5,1018.3,0.0,0.008,15.120000000000001,273.68,1.0799999999999998,10187.2,-100.4,-1.7763568394002506e-16,1.0,2025-06-18T01:43:25.260281600Z
22094.833333333332,94.66666666666667,96.58333333333333,1018.3333333333334,0.0,0.01,15.100000000000001,231.33333333333334,0.8333333333333334,8993.833333333334,-101.66666666666667,-0.9000000000000002,1.0,2025-06-18T01:52:56.645562368Z
22096.833333333332,93.66666666666667,96.58333333333333,1018.3833333333333,0.0,0.01,15.049999999999999,216.01666666666665,0.6,8995.833333333334,-103.0,0.16666666666666682,1.0,2025-06-18T02:03:36.642215680Z
22238.8,93.6,96.2,1018.3799999999999,0.0,0.008,15.059999999999999,190.44,0.72,10193.0,-100.6,-0.9799999999999999,1.0,2025-06-18T02:13:25.240712192Z
22240.6,93.6,96.2,1018.3800000000001,0.0,0.008,15.02,228.64000000000001,0.76,10195.0,-99.2,-2.1400000000000006,1.0,2025-06-18T02:23:49.237293568Z
22102.166666666668,93.66666666666667,96.33333333333333,1018.5333333333334,0.0,0.01,14.916666666666666,229.96666666666667,0.7166666666666667,9001.5,-101.5,0.16666666666666666,1.0,2025-06-18T02:33:36.598847488Z
22244.4,93.6,96.5,1018.46,0.0,0.008,14.76,242.17999999999998,0.76,10198.8,-101.4,1.3800000000000001,1.0,2025-06-18T02:43:25.210452992Z
22105.833333333332,93.33333333333333,96.83333333333333,1018.4666666666667,0.0,0.013333333333333334,14.783333333333333,238.9333333333333,0.5,9005.166666666666,-103.33333333333333,-0.6833333333333335,1.0,2025-06-18T02:52:56.585515008Z
22107.833333333332,92.33333333333333,96.91666666666667,1018.4833333333335,0.0,0.02,14.700000000000001,229.96666666666667,0.43333333333333335,9007.166666666666,-101.83333333333333,-0.5499999999999999,1.0,2025-06-18T03:03:36.576937216Z
22250.2,92.4,96.5,1018.46,0.0,0.026000000000000002,14.680000000000001,163.7,0.6799999999999999,10204.6,-100.0,1.9600000000000002,1.0,2025-06-18T03:13:25.193076736Z
22111.5,92.33333333333333,96.16666666666667,1018.5666666666667,0.0,0.03333333333333333,14.733333333333333,154.35,0.75,9010.833333333334,-102.83333333333333,0.03333333333333351,1.0,2025-06-18T03:22:56.560979968Z
22113.5,92.33333333333333,96.5,1018.6,0.0,0.03333333333333333,14.683333333333332,183.04999999999998,0.6666666666666666,9012.833333333334,-102.66666666666667,-1.8666666666666665,1.0,2025-06-18T03:33:36.559079680Z
22256.0,92.4,96.7,1018.6600000000001,0.0,0.026000000000000002,14.680000000000001,143.4,0.54,10210.4,-101.8,-0.11999999999999997,1.0,2025-06-18T03:43:25.162220032Z
22117.166666666668,92.0,96.91666666666667,1018.6166666666668,0.0,0.03333333333333333,14.766666666666667,158.45000000000002,0.7000000000000001,9016.5,-99.33333333333333,-1.3999999999999997,1.0,2025-06-18T03:52:56.528531456Z
22119.166666666668,91.66666666666667,96.58333333333333,1018.6666666666666,0.0,0.03333333333333333,14.933333333333332,217.11666666666667,0.6833333333333332,9018.5,-102.83333333333333,-0.19999999999999987,1.0,2025-06-18T04:03:36.543307776Z
22261.8,91.6,96.4,1018.64,0.0,0.026000000000000002,15.080000000000002,238.84,0.72,10216.2,-99.8,1.58,1.0,2025-06-18T04:13:25.156351488Z
22122.833333333332,91.66666666666667,95.5,1018.7166666666667,0.0,0.03333333333333333,15.516666666666666,227.6333333333333,0.9333333333333335,9022.166666666666,-100.83333333333333,-1.1333333333333335,1.0,2025-06-18T04:22:56.509720320Z
22024.428571428572,91.71428571428571,92.92857142857143,1018.8142857142857,0.0,0.04142857142857143,16.142857142857142,223.8571428571429,1.4714285714285713,8169.857142857143,-104.28571428571429,-3.4714285714285715,1.0,2025-06-18T04:33:10.412199168Z
22267.8,91.6,91.4,1018.9,0.0,0.034,16.54,242.17999999999998,1.3399999999999999,10222.0,-100.2,1.5000000000000002,1.0,2025-06-18T04:43:25.122646528Z
22128.833333333332,91.33333333333333,89.75,1018.9166666666666,0.0,0.04,17.05,235.36666666666667,1.4166666666666667,9027.833333333334,-103.33333333333333,-0.3333333333333333,1.0,2025-06-18T04:52:56.841844992Z
22130.833333333332,91.0,87.83333333333333,1018.9666666666667,0.0,0.04,17.533333333333335,234.75,1.8500000000000003,9029.833333333334,-99.5,-2.966666666666667,1.0,2025-06-18T05:03:36.488714240Z
22273.6,90.8,86.8,1019.04,0.0,0.034,18.0,243.61999999999998,1.6200000000000003,10227.8,-99.2,1.0,1.0,2025-06-18T05:13:25.098580480Z
22134.5,91.0,85.66666666666667,1019.15,0.0,0.04666666666666667,18.55,241.5,1.8333333333333333,9033.5,-102.5,-0.6333333333333334,1.0,2025-06-18T05:22:56.455797760Z
22136.5,91.0,84.33333333333333,1019.1666666666666,0.0,0.04666666666666667,19.166666666666664,240.18333333333337,2.2166666666666663,9035.5,-102.33333333333333,-1.0166666666666668,1.0,2025-06-18T05:33:36.447203584Z
22279.4,90.8,82.1,1019.1199999999999,0.0,0.042,19.6,257.34000000000003,2.54,10233.6,-99.6,1.0000000000000002,1.0,2025-06-18T05:43:25.083116288Z
22152.0,91.6,81.8,1019.24,0.0,0.05600000000000001,19.94,246.64000000000001,2.94,8441.0,-102.6,-1.3599999999999994,1.0,2025-06-18T05:52:20.044221952Z
22141.833333333332,92.16666666666667,79.91666666666667,1019.1666666666666,0.0,0.04666666666666667,20.383333333333333,248.61666666666665,3.1166666666666667,9041.166666666666,-103.0,-0.18333333333333313,1.0,2025-06-18T06:03:36.452980736Z
22496.5,93.0,78.375,1019.0249999999999,0.0,0.035,20.875,274.72499999999997,2.9,12034.0,-97.5,2.325,1.0,2025-06-18T06:13:38.008230144Z
22145.166666666668,94.33333333333333,77.08333333333333,1019.1666666666666,0.0,0.04666666666666667,21.216666666666665,248.36666666666665,2.6999999999999997,9044.833333333334,-101.5,-0.9833333333333335,1.0,2025-06-18T06:22:56.411575040Z
22147.166666666668,94.33333333333333,74.91666666666667,1019.2333333333335,0.0,0.04666666666666667,21.766666666666666,244.54999999999998,2.85,9046.833333333334,-101.66666666666667,0.10000000000000009,1.0,2025-06-18T06:33:36.411653120Z
22290.4,93.8,73.4,1019.32,0.0,0.042,22.139999999999997,281.02,2.14,10245.2,-101.4,0.8400000000000001,1.0,2025-06-18T06:43:25.039736832Z
22150.833333333332,95.5,72.75,1019.3833333333332,0.0,0.04666666666666667,22.46666666666667,274.0333333333333,2.85,9050.5,-101.66666666666667,-1.7833333333333332,1.0,2025-06-18T06:52:56.409806080Z
22152.833333333332,96.66666666666667,71.0,1019.3000000000001,0.0,0.04666666666666667,22.749999999999996,274.25,2.4333333333333336,9052.5,-101.0,-0.9499999999999998,1.0,2025-06-18T07:03:36.389204992Z
22296.2,99.2,68.8,1019.3399999999999,0.0,0.042,23.080000000000002,277.46000000000004,2.66,10251.0,-100.0,1.42,1.0,2025-06-18T07:13:25.029317888Z
22156.5,99.33333333333333,68.33333333333333,1019.3333333333334,0.0,0.04666666666666667,23.316666666666666,266.53333333333336,2.216666666666667,9056.166666666666,-102.83333333333333,-0.11666666666666654,1.0,2025-06-18T07:22:56.370623488Z
22158.5,99.33333333333333,67.41666666666667,1019.3166666666666,0.0,0.04666666666666667,23.616666666666664,255.18333333333337,1.7999999999999998,9058.166666666666,-102.33333333333333,-1.2333333333333332,1.0,2025-06-18T07:33:36.366093312Z
22302.0,99.2,66.0,1019.2599999999999,0.0,0.042,24.0,286.03999999999996,2.28,10256.8,-99.6,0.25999999999999995,1.0,2025-06-18T07:43:25.004771072Z
22303.8,99.2,64.8,1019.26,0.0,0.042,24.3,289.92,2.08,10258.6,-99.6,1.4600000000000002,1.0,2025-06-18T07:52:36.983291648Z
22163.833333333332,99.33333333333333,64.41666666666667,1019.1999999999999,0.0,0.04666666666666667,24.600000000000005,276.31666666666666,2.5,9063.833333333334,-102.66666666666667,-0.16666666666666682,1.0,2025-06-18T08:03:36.340064000Z
22307.6,100.0,62.7,1019.14,0.0,0.044000000000000004,24.8,271.8,2.62,10262.6,-103.6,-3.0799999999999996,1.0,2025-06-18T08:13:24.964694528Z
22167.5,100.0,62.083333333333336,1019.1833333333334,0.0,0.05000000000000001,25.166666666666668,285.2333333333334,2.516666666666666,9067.5,-101.16666666666667,-0.2333333333333331,1.0,2025-06-18T08:22:56.327887616Z
22169.5,100.0,61.0,1019.25,0.0,0.05000000000000001,25.46666666666667,285.6166666666666,2.0833333333333335,9069.5,-102.16666666666667,0.18333333333333313,1.0,2025-06-18T08:33:36.334227456Z
22313.4,100.0,59.8,1019.2,0.0,0.048,25.82,227.06,1.28,10268.4,-103.6,-3.3600000000000003,1.0,2025-06-18T08:43:24.948841984Z
22315.2,100.0,56.9,1019.1,0.0,0.052000000000000005,26.0,284.34000000000003,2.2399999999999998,10270.2,-100.2,0.74,1.0,2025-06-18T08:52:36.936985856Z
22317.0,100.0,56.6,1019.0799999999999,0.0,0.052000000000000005,26.32,270.23999999999995,0.86,10272.4,-98.2,-2.46,1.0,2025-06-18T09:04:12.952644096Z
22318.8,100.0,55.2,1019.0799999999999,0.0,0.052000000000000005,26.8,266.2,1.8800000000000001,10274.2,-102.4,-3.5799999999999996,1.0,2025-06-18T09:13:24.930360064Z
22178.166666666668,100.0,53.416666666666664,1019.0500000000001,0.0,0.056666666666666664,26.86666666666667,241.61666666666667,2.6666666666666665,9078.833333333334,-102.16666666666667,-1.0000000000000002,1.0,2025-06-18T09:22:56.293090048Z
22322.6,100.0,51.6,1018.96,0.0,0.052000000000000005,27.060000000000002,256.46,1.72,10278.0,-98.8,1.02,1.0,2025-06-18T09:33:00.914124032Z
22181.833333333332,100.0,50.0,1018.9833333333332,0.0,0.06,27.383333333333336,266.3666666666666,1.4666666666666666,9082.5,-100.0,-2.3833333333333333,1.0,2025-06-18T09:42:16.628917504Z
22183.833333333332,100.0,48.666666666666664,1018.9333333333334,0.0,0.06,27.566666666666666,255.7166666666667,1.4333333333333333,9084.5,-100.16666666666667,-0.9333333333333336,1.0,2025-06-18T09:52:56.323137792Z
22328.4,100.0,49.1,1018.82,0.0,0.05600000000000001,27.8,250.71999999999997,1.4400000000000002,10283.8,-100.8,2.16,1.0,2025-06-18T10:03:00.901015552Z
22330.2,100.0,47.1,1018.74,0.0,0.05800000000000001,27.820000000000004,267.2,2.2800000000000002,10285.8,-104.4,-2.8200000000000003,1.0,2025-06-18T10:13:24.908905984Z
22332.0,100.0,46.5,1018.64,0.0,0.05800000000000001,27.839999999999996,245.34,2.04,10287.8,-102.4,-3.6,1.0,2025-06-18T10:23:48.905344512Z
22190.833333333332,100.0,60.75,1941.05,42.5,109.245,23.416666666666668,227.9666666666666,1093.8333333333333,9092.166666666666,-101.33333333333333,-0.3499999999999998,1.0,2025-06-18T10:33:36.622455552Z
22335.8,100.0,46.4,1018.5,0.0,0.024,28.340000000000003,215.01999999999998,2.1,10291.6,-102.8,-3.94,1.0,2025-06-18T10:43:24.871872000Z
22194.5,100.0,48.083333333333336,1018.5500000000001,0.0,0.05666666666666667,28.349999999999998,88.41666666666667,1.6333333333333335,9095.833333333334,-102.5,-1.4802973661668753e-16,1.0,2025-06-18T10:52:56.237895424Z
22196.5,100.0,47.166666666666664,1018.5500000000001,0.0,0.06166666666666667,28.316666666666666,199.88333333333333,1.2666666666666666,9097.833333333334,-101.16666666666667,-1.6500000000000004,1.0,2025-06-18T11:03:36.235964672Z
22341.6,100.0,46.2,1018.5200000000001,0.0,0.041999999999999996,28.919999999999998,69.78,1.86,10297.4,-103.0,-3.2600000000000002,1.0,2025-06-18T11:13:24.867261952Z
22200.166666666668,100.0,45.833333333333336,1018.6,0.0,0.07166666666666667,28.78333333333333,235.01666666666665,1.7999999999999998,9101.5,-105.5,-3.766666666666667,1.0,2025-06-18T11:22:56.230716160Z
22202.166666666668,100.0,45.25,1018.5666666666667,0.0,0.07333333333333333,28.8,221.06666666666663,1.4000000000000001,9103.5,-102.0,0.34999999999999964,1.0,2025-06-18T11:33:36.218006528Z
22347.4,100.0,45.8,1018.4,0.0,0.044,29.139999999999997,93.44000000000001,1.28,10303.2,-97.2,-1.14,1.0,2025-06-18T11:43:24.842210560Z
22205.833333333332,100.0,46.0,1018.4166666666665,0.0,0.07666666666666667,29.116666666666664,195.11666666666667,1.0666666666666667,9107.166666666666,-101.16666666666667,0.4166666666666665,1.0,2025-06-18T11:52:56.218596352Z
22207.833333333332,100.0,46.0,1018.2666666666668,0.0,0.07833333333333332,29.400000000000002,284.8666666666666,1.5833333333333337,9109.166666666666,-101.66666666666667,0.08333333333333319,1.0,2025-06-18T12:03:36.201623808Z
22353.2,100.0,44.9,1018.0799999999999,0.0,0.048,29.54,94.32000000000001,1.5799999999999998,10309.0,-103.4,-3.3,1.0,2025-06-18T12:13:24.842060544Z
22211.5,100.0,45.833333333333336,1018.1500000000001,0.0,0.08,29.7,142.54999999999998,1.0166666666666666,9112.833333333334,-102.5,0.3999999999999999,1.0,2025-06-18T12:22:56.204103680Z
22357.0,100.0,43.7,1018.0199999999999,0.0,0.048,29.9,172.34,1.34,10312.8,-100.2,1.7,1.0,2025-06-18T12:33:00.832310784Z
22358.8,100.0,44.2,1017.9800000000001,0.0,0.048,30.0,248.21999999999997,1.9600000000000002,10314.6,-103.8,-3.1,1.0,2025-06-18T12:42:13.265800704Z
22216.833333333332,100.0,43.583333333333336,1018.0333333333334,0.0,0.08333333333333333,30.083333333333332,206.04999999999998,1.3833333333333335,9118.5,-102.16666666666667,0.16666666666666638,1.0,2025-06-18T12:52:56.191748352Z
22218.833333333332,100.0,44.5,1017.9499999999999,0.0,0.09000000000000001,30.133333333333336,204.66666666666666,1.05,9120.5,-100.66666666666667,-0.23333333333333325,1.0,2025-06-18T13:03:36.188320000Z
22364.6,100.0,44.1,1017.8799999999999,0.0,0.054000000000000006,30.24,280.16,1.8200000000000003,10320.6,-103.6,-2.62,1.0,2025-06-18T13:13:24.817036544Z
22222.5,100.0,43.583333333333336,1017.9166666666666,0.0,0.09000000000000001,30.01666666666667,242.25,1.7166666666666668,9124.166666666666,-102.33333333333333,0.15000000000000005,1.0,2025-06-18T13:22:56.163840256Z
22224.5,100.0,43.5,1017.7666666666668,0.0,0.09000000000000001,30.25,286.25,1.5999999999999999,9126.166666666666,-102.16666666666667,-0.5,1.0,2025-06-18T13:33:36.533008640Z
22370.4,100.0,41.6,1017.5600000000001,0.0,0.057999999999999996,30.82,225.17999999999998,1.1,10326.4,-104.0,-2.7600000000000002,1.0,2025-06-18T13:43:24.831194368Z
22228.166666666668,100.0,42.25,1017.5833333333335,0.0,0.10333333333333333,30.666666666666668,232.96666666666667,1.5,9129.833333333334,-104.16666666666667,-3.9000000000000004,1.0,2025-06-18T13:52:56.165027840Z
22230.166666666668,100.0,41.833333333333336,1017.4499999999999,0.0,0.10666666666666667,30.8,216.76666666666665,1.6166666666666665,9131.833333333334,-100.66666666666667,-1.0166666666666668,1.0,2025-06-18T14:03:36.165769216Z
22343.666666666668,100.0,43.666666666666664,1017.2499999999999,0.0,0.05333333333333334,30.866666666666664,231.05000000000004,0.9333333333333335,10631.833333333334,-106.33333333333333,-6.316666666666666,1.0,2025-06-18T14:13:50.604862464Z
22234.166666666668,100.0,42.416666666666664,1017.4,0.0,0.11333333333333334,30.899999999999995,325.05,1.2666666666666668,9135.5,-101.5,0.1166666666666664,1.0,2025-06-18T14:22:56.159007488Z
22236.166666666668,100.0,43.25,1017.2666666666668,0.0,0.12166666666666666,30.78333333333333,311.0833333333333,1.5166666666666666,9137.5,-101.33333333333333,0.11666666666666654,1.0,2025-06-18T14:33:36.151312384Z
22382.4,100.0,42.2,1017.1600000000001,0.0,0.074,31.139999999999997,323.5,1.28,10338.0,-104.2,-3.5,1.0,2025-06-18T14:43:24.821157376Z
22239.833333333332,100.0,41.75,1017.1166666666667,0.0,0.125,31.266666666666666,216.1833333333333,1.8,9141.166666666666,-101.83333333333333,0.16666666666666682,1.0,2025-06-18T14:52:56.489548800Z
22241.833333333332,100.0,41.833333333333336,1016.8833333333332,0.0,0.12833333333333333,31.233333333333334,254.66666666666666,1.4166666666666667,9143.166666666666,-100.33333333333333,-0.48333333333333295,1.0,2025-06-18T15:03:36.505540352Z
22388.2,100.0,41.5,1016.78,0.0,0.078,31.3,185.4,1.48,10343.8,-103.0,-3.0800000000000005,1.0,2025-06-18T15:13:24.784243456Z
22245.5,100.0,41.583333333333336,1016.6999999999999,0.0,0.13,31.083333333333332,249.04999999999998,0.9666666666666668,9146.833333333334,-102.66666666666667,0.20000000000000004,1.0,2025-06-18T15:22:56.131220224Z
22392.0,100.0,40.8,1016.5199999999999,0.0,0.08199999999999999,30.8,248.01999999999998,0.72,10347.8,-101.2,1.94,1.0,2025-06-18T15:34:12.788243968Z
22393.8,100.0,42.7,1016.5799999999999,0.0,0.08199999999999999,30.419999999999998,184.14000000000001,0.9800000000000001,10349.6,-97.2,-2.16,1.0,2025-06-18T15:43:24.877963264Z
22395.6,100.0,43.4,1016.5200000000001,0.0,0.098,30.32,203.07999999999998,1.1,10351.6,-99.2,1.08,1.0,2025-06-18T15:53:48.765919232Z
22252.5,100.0,43.083333333333336,1016.5333333333334,0.0,0.15333333333333335,30.333333333333332,229.26666666666665,1.4333333333333336,9154.5,-102.83333333333333,0.28333333333333366,1.0,2025-06-18T16:03:36.122200320Z
22399.4,100.0,44.4,1016.5799999999999,0.0,0.1,30.119999999999997,206.5,1.28,10355.4,-102.8,-3.2399999999999998,1.0,2025-06-18T16:13:24.761271552Z
22256.166666666668,100.0,43.416666666666664,1016.5666666666667,0.0,0.15666666666666668,30.03333333333333,174.85000000000002,0.9166666666666666,9158.166666666666,-100.5,-1.0833333333333333,1.0,2025-06-18T16:22:56.114819840Z
22258.166666666668,100.0,44.0,1016.5500000000001,0.0,0.15666666666666668,30.066666666666666,230.4333333333333,0.9,9160.166666666666,-101.83333333333333,0.3166666666666669,1.0,2025-06-18T16:33:36.092120832Z
22247.5,100.0,45.125,1016.425,0.0,0.1175,30.174999999999997,198.35,0.85,9911.25,-101.0,1.7,1.0,2025-06-18T16:42:41.571074560Z
22261.5,100.0,44.25,1016.4833333333332,0.0,0.15833333333333335,30.266666666666666,230.79999999999998,1.0999999999999999,9163.833333333334,-102.16666666666667,-0.09999999999999964,1.0,2025-06-18T16:52:56.083604224Z
22263.5,100.0,45.833333333333336,1016.5166666666665,0.0,0.16,30.2,163.38333333333333,0.8833333333333334,9165.833333333334,-100.66666666666667,-0.24999999999999986,1.0,2025-06-18T17:03:36.074920704Z
22410.6,100.0,46.2,1016.4799999999999,0.0,0.10200000000000001,29.9,167.04000000000002,0.6599999999999999,10367.0,-103.4,-3.1800000000000006,1.0,2025-06-18T17:13:24.745358592Z
22267.166666666668,100.0,47.0,1016.5333333333334,0.0,0.16,29.666666666666668,126.81666666666668,0.6666666666666666,9169.5,-102.0,-0.2833333333333334,1.0,2025-06-18T17:22:56.060284160Z
22269.166666666668,100.0,46.583333333333336,1016.5333333333333,0.0,0.16,29.599999999999998,124.31666666666666,0.7333333333333334,9171.5,-101.33333333333333,-0.7166666666666669,1.0,2025-06-18T17:33:36.092977920Z
22416.4,100.0,47.8,1016.5600000000001,0.0,0.10200000000000001,29.6,95.55999999999999,0.7200000000000001,10372.8,-96.8,-1.7799999999999998,1.0,2025-06-18T17:43:24.712831744Z
22272.833333333332,100.0,49.666666666666664,1016.65,0.0,0.16,29.333333333333332,138.76666666666665,0.7333333333333334,9175.166666666666,-101.16666666666667,-0.06666666666666643,1.0,2025-06-18T17:52:56.056596224Z
22420.2,100.0,52.3,1016.6199999999999,0.0,0.10200000000000001,28.98,89.02000000000001,0.5999999999999999,10376.8,-99.8,0.9199999999999999,1.0,2025-06-18T18:04:12.703665920Z
22264.25,100.0,56.375,1016.6000000000001,0.0,0.12,28.549999999999997,129.4,0.44999999999999996,9928.5,-100.25,1.7,1.0,2025-06-18T18:12:41.500405760Z
22277.833333333332,100.0,58.083333333333336,1016.75,0.0,0.16,27.733333333333334,102.08333333333336,0.7833333333333333,9180.833333333334,-104.66666666666667,-2.916666666666666,1.0,2025-06-18T18:22:56.031281920Z
22279.833333333332,100.0,61.166666666666664,1016.7666666666665,0.0,0.16,26.8,62.85,1.3833333333333335,9182.833333333334,-100.5,0.14999999999999977,1.0,2025-06-18T18:33:36.100516864Z
22427.4,100.0,61.9,1016.76,0.0,0.10200000000000001,26.279999999999994,82.5,1.08,10384.4,-104.0,-2.1199999999999997,1.0,2025-06-18T18:43:24.676278784Z
22283.5,100.0,65.33333333333333,1016.9166666666665,0.0,0.08833333333333333,25.48333333333333,73.31666666666668,1.5333333333333332,9186.5,-105.16666666666667,-3.8499999999999996,1.0,2025-06-18T18:52:56.368272128Z
22285.5,100.0,68.08333333333333,1016.9333333333333,0.0,0.02,24.75,74.46666666666665,1.15,9188.5,-101.0,-0.2666666666666666,1.0,2025-06-18T19:03:36.000498688Z
22275.5,100.0,68.875,1016.85,0.0,0.03,24.400000000000002,143.2,0.7000000000000001,9940.0,-99.75,1.0,1.0,2025-06-18T19:12:41.451975424Z
22288.833333333332,100.0,70.5,1017.0500000000001,0.0,0.045000000000000005,23.883333333333336,75.41666666666667,1.0166666666666664,9192.166666666666,-102.83333333333333,-2.1666666666666665,1.0,2025-06-18T19:22:55.984452352Z
22300.0,100.0,73.0,1017.24,0.0,0.06400000000000002,23.3,86.82000000000001,0.66,8594.2,-103.0,-1.32,1.0,2025-06-18T19:33:07.613576448Z
22438.2,100.0,72.5,1017.2,0.0,0.06000000000000001,23.240000000000002,80.46000000000001,0.9400000000000001,10396.0,-103.8,-2.54,1.0,2025-06-18T19:43:24.662533888Z
22294.166666666668,100.0,74.25,1017.3666666666667,0.0,0.053333333333333344,22.849999999999998,83.01666666666667,0.7166666666666667,9197.833333333334,-101.16666666666667,0.04999999999999997,1.0,2025-06-18T19:52:56.127432960Z
22296.166666666668,100.0,75.5,1017.4666666666666,0.0,0.053333333333333344,22.533333333333335,65.14999999999999,0.9500000000000002,9199.833333333334,-101.83333333333333,-0.3,1.0,2025-06-18T20:03:35.948809472Z
22444.0,100.0,75.9,1017.4399999999999,0.0,0.06000000000000001,22.42,78.82000000000001,0.7999999999999999,10401.8,-103.0,-2.1399999999999997,1.0,2025-06-18T20:13:24.620166400Z
22299.833333333332,100.0,77.41666666666667,1017.4833333333332,0.0,0.053333333333333344,22.133333333333336,64.94999999999999,0.6333333333333333,9203.5,-101.66666666666667,0.4333333333333334,1.0,2025-06-18T20:22:55.930770176Z
22301.833333333332,100.0,78.83333333333333,1017.5666666666667,0.0,0.053333333333333344,21.866666666666664,62.1,0.6333333333333333,9205.5,-101.5,0.2833333333333332,1.0,2025-06-18T20:33:35.924182272Z
22449.8,100.0,79.9,1017.5799999999999,0.0,0.06000000000000001,21.68,79.28,0.33999999999999997,10407.6,-104.0,-2.5599999999999996,1.0,2025-06-18T20:43:24.588166656Z
22305.5,100.0,81.91666666666667,1017.6333333333333,0.0,0.053333333333333344,21.283333333333335,103.65000000000002,0.3666666666666667,9209.166666666666,-102.33333333333333,0.20000000000000004,1.0,2025-06-18T20:52:56.270828288Z
22307.5,100.0,83.0,1017.5833333333334,0.0,0.053333333333333344,20.950000000000003,197.1,0.13333333333333333,9211.166666666666,-102.5,0.05000000000000012,1.0,2025-06-18T21:03:35.909573888Z
22297.75,100.0,83.25,1017.425,0.0,0.04,21.075,98.32499999999999,0.45,9963.0,-100.5,1.125,1.0,2025-06-18T21:12:41.358952704Z
22310.833333333332,100.0,86.33333333333333,1017.6500000000001,0.0,0.053333333333333344,20.35,114.8,0.3,9214.833333333334,-102.66666666666667,0.03333333333333351,1.0,2025-06-18T21:22:55.893520384Z
22459.0,100.0,86.8,1017.5600000000001,0.0,0.06000000000000001,20.140000000000004,236.21999999999997,0.38,10417.4,-99.0,-0.26000000000000034,1.0,2025-06-18T21:34:12.537073664Z
22460.8,100.0,88.4,1017.6600000000001,0.0,0.06000000000000001,19.9,259.82,0.74,10419.2,-102.2,-3.3199999999999994,1.0,2025-06-18T21:43:24.535084544Z
22462.6,99.6,88.8,1017.76,0.0,0.06000000000000001,19.860000000000003,249.12000000000003,0.56,10421.2,-99.4,1.72,1.0,2025-06-18T21:53:48.534030592Z
22317.833333333332,99.66666666666667,89.25,1017.8499999999999,0.0,0.053333333333333344,19.73333333333333,215.83333333333334,0.5333333333333333,9222.5,-102.5,-0.38333333333333347,1.0,2025-06-18T22:03:35.863856128Z
22466.4,99.6,90.9,1017.8399999999999,0.0,0.06000000000000001,19.38,193.86,0.41999999999999993,10425.0,-103.4,-2.8,1.0,2025-06-18T22:13:24.522985728Z
22321.5,99.66666666666667,91.41666666666667,1017.8833333333332,0.0,0.053333333333333344,19.4,153.16666666666669,0.5166666666666666,9226.166666666666,-101.5,-1.1333333333333333,1.0,2025-06-18T22:22:55.842712832Z
22323.5,99.33333333333333,91.33333333333333,1017.8000000000001,0.0,0.053333333333333344,19.25,151.00000000000003,0.5,9228.166666666666,-101.33333333333333,-0.9666666666666668,1.0,2025-06-18T22:33:35.833974528Z
22472.2,99.2,91.6,1017.6600000000001,0.0,0.06000000000000001,19.160000000000004,229.23999999999995,0.5199999999999999,10430.8,-104.0,-4.0200000000000005,1.0,2025-06-18T22:43:24.488221440Z
22327.166666666668,99.0,92.5,1017.6999999999999,0.0,0.053333333333333344,19.016666666666666,157.43333333333334,0.5333333333333333,9231.833333333334,-102.66666666666667,-1.3166666666666669,1.0,2025-06-18T22:52:55.817848576Z
22329.166666666668,98.33333333333333,93.16666666666667,1017.7666666666668,0.0,0.053333333333333344,18.78333333333333,184.86666666666667,0.25,9233.833333333334,-102.66666666666667,-0.04999999999999997,1.0,2025-06-18T23:03:36.164747520Z
22478.0,98.4,93.4,1017.7,0.0,0.06000000000000001,18.6,199.06,0.39999999999999997,10436.6,-103.2,-3.9,1.0,2025-06-18T23:13:24.472338688Z
22332.833333333332,98.33333333333333,93.58333333333333,1017.6833333333334,0.0,0.053333333333333344,18.633333333333333,106.33333333333333,0.31666666666666665,9237.5,-103.5,-0.30000000000000027,1.0,2025-06-18T23:22:56.145263360Z
22334.833333333332,98.16666666666667,93.33333333333333,1017.6166666666667,0.0,0.053333333333333344,18.566666666666666,153.96666666666667,0.23333333333333336,9239.5,-101.83333333333333,-0.5500000000000002,1.0,2025-06-18T23:33:35.782471936Z
22704.5,98.0,91.875,1017.4999999999999,0.0,0.07,18.475,179.22500000000002,0.525,12244.0,-94.5,1.825,1.0,2025-06-18T23:43:37.467005952Z
22338.166666666668,97.66666666666667,93.08333333333333,1017.5666666666666,0.0,0.053333333333333344,18.416666666666664,178.26666666666665,0.5166666666666667,9243.166666666666,-102.0,-0.6000000000000001,1.0,2025-06-18T23:52:55.752767232Z
22348.6,97.6,94.0,1017.64,0.0,0.06400000000000002,18.119999999999997,216.4,0.45999999999999996,8644.8,-103.6,-1.44,1.0,2025-06-19T00:04:07.811449088Z
22489.0,97.4,93.7,1017.4599999999998,0.0,0.06000000000000001,18.060000000000002,219.47999999999996,0.66,10448.2,-103.4,-3.7600000000000002,1.0,2025-06-19T00:13:24.419574272Z
22352.0,97.4,94.6,1017.6200000000001,0.0,0.06400000000000002,17.919999999999998,204.26,0.38,8648.4,-102.2,-2.3600000000000003,1.0,2025-06-19T00:23:19.790210816Z
22492.4,97.0,94.0,1017.32,0.0,0.06000000000000001,17.9,223.04000000000002,0.48,10452.2,-103.4,-2.9799999999999995,1.0,2025-06-19T00:34:12.400126720Z
22494.2,96.6,94.4,1017.24,0.0,0.06000000000000001,17.88,262.6,0.62,10454.0,-104.4,-3.22,1.0,2025-06-19T00:43:24.384222976Z
22348.5,96.33333333333333,94.41666666666667,1017.25,0.0,0.053333333333333344,17.716666666666665,252.04999999999995,0.6499999999999999,9254.5,-102.16666666666667,-0.6833333333333331,1.0,2025-06-19T00:52:55.690299648Z
22350.5,96.0,94.66666666666667,1017.25,0.0,0.053333333333333344,17.666666666666668,240.19999999999996,0.6833333333333335,9256.5,-105.16666666666667,-4.966666666666667,1.0,2025-06-19T01:03:35.698309376Z
22584.0,95.33333333333333,94.5,1017.1,0.0,0.04666666666666667,17.533333333333335,224.39999999999998,0.6333333333333333,12261.666666666666,-96.0,3.5666666666666664,1.0,2025-06-19T01:12:44.119820544Z
22353.5,95.33333333333333,94.33333333333333,1017.3333333333334,0.0,0.053333333333333344,17.616666666666664,168.36666666666665,0.5499999999999999,9260.166666666666,-106.0,-4.833333333333333,1.0,2025-06-19T01:22:55.674864384Z
22355.5,95.33333333333333,93.58333333333333,1017.3166666666666,0.0,0.053333333333333344,17.53333333333333,147.29999999999998,0.6166666666666667,9262.166666666666,-101.66666666666667,-0.7333333333333333,1.0,2025-06-19T01:33:35.657981952Z
22505.2,95.0,93.9,1017.22,0.0,0.06000000000000001,17.360000000000003,248.26,0.5599999999999999,10465.6,-102.4,-4.92,1.0,2025-06-19T01:43:24.342355968Z
22359.166666666668,94.83333333333333,94.41666666666667,1017.3166666666666,0.0,0.053333333333333344,17.266666666666666,198.75,0.6333333333333334,9265.833333333334,-102.33333333333333,0.3333333333333335,1.0,2025-06-19T01:52:55.651483648Z
22361.166666666668,94.66666666666667,94.58333333333333,1017.3666666666667,0.0,0.053333333333333344,17.2,175.4333333333333,0.7000000000000001,9267.833333333334,-102.66666666666667,-0.08333333333333333,1.0,2025-06-19T02:03:35.643215872Z
22733.0,94.5,93.75,1017.25,0.0,0.07,17.25,186.125,0.8500000000000001,12274.0,-101.0,-1.8,1.0,2025-06-19T02:13:37.371608064Z
22364.5,94.33333333333333,94.25,1017.3666666666667,0.0,0.053333333333333344,17.233333333333334,182.33333333333334,0.7166666666666667,9271.5,-100.83333333333333,-1.1666666666666667,1.0,2025-06-19T02:22:55.612474112Z
22366.5,94.33333333333333,94.33333333333333,1017.3333333333334,0.0,0.053333333333333344,17.099999999999998,200.86666666666667,0.44999999999999996,9273.5,-101.66666666666667,-0.3166666666666669,1.0,2025-06-19T02:33:35.619628032Z
22516.6,94.0,94.7,1017.3,0.0,0.066,16.939999999999998,228.96000000000004,0.3,10477.2,-104.4,-3.3600000000000003,1.0,2025-06-19T02:43:24.299890176Z
22370.166666666668,93.66666666666667,95.33333333333333,1017.25,0.0,0.06333333333333334,16.816666666666666,220.31666666666663,0.26666666666666666,9277.166666666666,-103.5,-0.19999999999999973,1.0,2025-06-19T02:52:55.598510080Z
22372.166666666668,93.0,95.41666666666667,1017.2833333333333,0.0,0.06333333333333334,16.833333333333332,233.48333333333335,0.6166666666666667,9279.166666666666,-99.66666666666667,-1.7,1.0,2025-06-19T03:03:35.594922752Z
22522.4,92.8,95.6,1017.2800000000001,0.0,0.072,16.68,196.66000000000003,0.45999999999999996,10483.0,-103.0,-2.9199999999999995,1.0,2025-06-19T03:13:24.267262464Z
22524.2,92.6,95.7,1017.26,0.0,0.072,16.7,203.40000000000003,0.45999999999999996,10485.0,-100.8,1.5399999999999998,1.0,2025-06-19T03:23:48.266785280Z
22377.5,92.66666666666667,95.58333333333333,1017.3000000000001,0.0,0.08166666666666667,16.733333333333334,148.0,0.5666666666666668,9284.833333333334,-102.83333333333333,-0.5166666666666667,1.0,2025-06-19T03:33:35.566329600Z
22528.0,92.4,95.0,1017.26,0.0,0.096,16.82,198.04000000000002,0.72,10488.8,-102.4,-3.7800000000000002,1.0,2025-06-19T03:43:24.253010688Z
22529.8,92.2,94.6,1017.18,0.0,0.10200000000000001,17.02,174.0,0.6200000000000001,10490.8,-98.8,1.06,1.0,2025-06-19T03:53:48.227804672Z
22382.833333333332,92.33333333333333,95.41666666666667,1017.1833333333334,0.0,0.09999999999999999,17.150000000000002,201.76666666666665,0.35000000000000003,9290.5,-102.66666666666667,-0.6166666666666666,1.0,2025-06-19T04:03:35.546876672Z
22533.6,92.2,95.2,1017.04,0.0,0.122,17.4,241.17999999999998,0.36000000000000004,10494.6,-103.8,-2.6,1.0,2025-06-19T04:13:24.228242944Z
22386.5,92.0,94.25,1017.0500000000002,0.0,0.12,17.95,207.5666666666667,0.5,9294.166666666666,-100.66666666666667,-1.7666666666666668,1.0,2025-06-19T04:22:55.520510720Z
22388.5,92.0,91.58333333333333,1017.0833333333335,0.0,0.12666666666666668,18.51666666666667,251.04999999999998,0.5666666666666668,9296.166666666666,-101.33333333333333,-0.24999999999999986,1.0,2025-06-19T04:33:35.509084160Z
22539.4,92.0,89.9,1017.14,0.0,0.13599999999999998,19.119999999999997,206.02000000000004,0.4,10500.4,-103.6,-3.06,1.0,2025-06-19T04:43:24.193805824Z
22392.166666666668,92.0,87.0,1017.25,0.0,0.13,19.9,151.55,0.18333333333333335,9299.833333333334,-100.5,-3.3333333333333335,1.0,2025-06-19T04:52:55.494980352Z
22394.166666666668,91.66666666666667,85.5,1017.2999999999998,0.0,0.15166666666666667,20.466666666666665,291.6166666666666,0.8166666666666668,9301.833333333334,-101.33333333333333,-1.283333333333333,1.0,2025-06-19T05:03:35.483092224Z
22386.25,91.5,82.625,1017.225,0.0,0.1225,20.675,264.0,1.0250000000000001,10055.0,-100.25,0.5,1.0,2025-06-19T05:12:40.925693696Z
22397.5,91.83333333333333,80.58333333333333,1017.3499999999999,0.0,0.16333333333333336,21.216666666666665,256.3833333333333,1.0000000000000002,9305.5,-102.5,-0.5833333333333334,1.0,2025-06-19T05:22:55.476765696Z
22399.5,92.0,76.25,1017.4,0.0,0.16666666666666666,21.900000000000002,216.29999999999998,1.0833333333333333,9307.5,-101.66666666666667,-1.0166666666666664,1.0,2025-06-19T05:33:35.455075072Z
22550.6,91.8,74.2,1017.36,0.0,0.182,22.5,231.9,0.58,10512.0,-99.4,-0.1,1.0,2025-06-19T05:43:24.154311168Z
22552.4,92.6,71.0,1017.4,0.0,0.19,23.1,172.44,0.6599999999999999,10513.8,-98.8,-1.2999999999999998,1.0,2025-06-19T05:52:36.136772096Z
22404.833333333332,93.0,78.75,1940.1000000000001,42.5,109.38333333333333,19.716666666666665,194.6666666666667,1092.8333333333335,9313.166666666666,-102.0,-1.116666666666667,1.0,2025-06-19T06:03:36.174032128Z
22556.2,93.4,68.1,1017.3799999999999,0.0,0.192,24.139999999999997,267.2,0.9800000000000001,10517.8,-103.2,-3.56,1.0,2025-06-19T06:13:24.147975424Z
22558.0,93.4,67.1,1017.46,0.0,0.192,24.519999999999996,271.71999999999997,1.06,10519.8,-99.4,1.92,1.0,2025-06-19T06:23:48.108421632Z
22410.166666666668,95.66666666666667,65.0,1017.4833333333335,0.0,0.18333333333333332,24.983333333333334,275.05,1.2333333333333334,9318.833333333334,-101.33333333333333,0.5333333333333332,1.0,2025-06-19T06:33:35.518575360Z
22561.8,94.8,62.8,1017.4200000000001,0.0,0.192,25.54,176.70000000000002,1.42,10523.6,-103.6,-3.6,1.0,2025-06-19T06:43:24.102657536Z
22413.833333333332,96.66666666666667,62.333333333333336,1017.4,0.0,0.18333333333333332,25.75,242.4666666666667,1.583333333333333,9322.5,-102.16666666666667,-0.10000000000000038,1.0,2025-06-19T06:52:55.416717568Z
22565.6,97.2,59.5,1017.36,0.0,0.192,26.24,235.26,1.8400000000000003,10527.4,-99.2,1.1800000000000002,1.0,2025-06-19T07:03:00.085699840Z
22567.4,99.6,58.8,1017.3,0.0,0.192,26.619999999999997,312.20000000000005,1.1600000000000001,10529.4,-103.8,-3.3600000000000003,1.0,2025-06-19T07:13:24.092805632Z
22419.166666666668,99.66666666666667,57.083333333333336,1017.4166666666666,0.0,0.18333333333333332,26.900000000000002,284.8666666666667,1.55,9328.166666666666,-102.5,-0.5499999999999999,1.0,2025-06-19T07:22:55.382337280Z
22421.166666666668,99.66666666666667,56.083333333333336,1017.3833333333332,0.0,0.18499999999999997,27.38333333333333,299.11666666666673,1.2333333333333332,9330.166666666666,-102.66666666666667,-0.3333333333333332,1.0,2025-06-19T07:33:35.386275072Z
22573.2,99.6,54.5,1017.3,0.0,0.194,27.82,259.78000000000003,1.1,10535.2,-103.0,-2.9200000000000004,1.0,2025-06-19T07:43:24.072217856Z
22424.833333333332,99.66666666666667,54.0,1017.3333333333331,0.0,0.19333333333333333,28.216666666666665,236.60000000000002,1.366666666666667,9333.833333333334,-101.33333333333333,0.3833333333333333,1.0,2025-06-19T07:52:55.369118464Z
22426.833333333332,99.66666666666667,52.916666666666664,1017.2833333333333,0.0,0.19499999999999998,28.683333333333337,240.78333333333333,1.0833333333333333,9335.833333333334,-102.0,-0.9166666666666665,1.0,2025-06-19T08:03:35.368196352Z
22579.0,100.0,51.2,1017.1600000000001,0.0,0.202,29.059999999999995,86.06,0.96,10541.0,-103.8,-2.7,1.0,2025-06-19T08:13:24.056130048Z
22430.5,100.0,49.0,1017.2166666666667,0.0,0.19999999999999998,29.149999999999995,198.28333333333333,0.7999999999999999,9339.5,-101.66666666666667,0.03333333333333336,1.0,2025-06-19T08:22:55.355783168Z
22432.5,100.0,49.0,1017.2333333333332,0.0,0.205,29.433333333333334,159.48333333333332,0.8500000000000001,9341.5,-101.5,0.04999999999999997,1.0,2025-06-19T08:33:35.348174848Z
22584.8,100.0,47.2,1017.2,0.0,0.21199999999999997,29.96,187.7,1.02,10546.8,-107.4,-8.08,1.0,2025-06-19T08:43:24.116072960Z
22436.166666666668,100.0,47.083333333333336,1017.2666666666668,0.0,0.22166666666666665,29.833333333333332,234.33333333333334,1.4166666666666667,9345.166666666666,-99.66666666666667,-2.033333333333333,1.0,2025-06-19T08:52:55.334603776Z
22437.666666666668,100.0,47.166666666666664,1017.1999999999999,0.0,0.22666666666666666,29.8,299.53333333333336,1.4000000000000001,9346.666666666666,-102.0,-1.066666666666667,1.0,2025-06-19T09:00:55.371200512Z
