,battery,humidity,pressure,rf_counter,rf_total,temperature,direction,speed,f_cnt,rssi,snr,value,time
0,48,47.5,1009,0,0.03,20.9,54.5,0.1,4,-82,9,1,2025-03-27T11:17:53.317168885Z
1,48,47,1008.9,0,0.03,21.1,54.6,0.1,5,-82,11.8,1,2025-03-27T11:22:53.34927137Z
2,48,46.5,1008.8,0,0.03,21.4,29.9,0.2,6,-85,10.8,1,2025-03-27T11:27:53.316921366Z
3,48,45.5,1008.7,0,0.03,21.6,341.6,0.3,7,-83,11.2,1,2025-03-27T11:32:53.286001249Z
4,48,45,1008.6,0,0.03,21.7,45.7,0.2,8,-92,10.8,1,2025-03-27T11:37:53.300665925Z
5,46,43.5,1008.5,0,0.03,21.8,50,0.2,9,-84,10.8,1,2025-03-27T11:42:53.300972537Z
6,46,43.5,1008.5,0,0.03,21.9,44.1,0.2,10,-80,12.8,1,2025-03-27T11:47:53.280476122Z
7,46,43,1008.5,0,0.03,22,24.3,0.3,11,-84,11.2,1,2025-03-27T11:52:53.279501172Z
8,46,43,1008.4,0,0.03,22.1,345.5,0.3,12,-88,9.8,1,2025-03-27T11:57:53.329691136Z
9,46,43,1008.4,0,0.03,22.1,328.3,0.4,13,-85,9.2,1,2025-03-27T12:02:53.264236844Z
10,46,42.5,1008.3,0,0.03,22.2,341.8,0.3,14,-86,9.8,1,2025-03-27T12:07:53.277976647Z
11,46,42,1008.2,0,0.03,22.3,311.1,0.4,15,-82,9,1,2025-03-27T12:12:53.302851349Z
12,46,42.5,1008.1,0,0.03,22.4,316.2,0.4,16,-81,12.2,1,2025-03-27T12:17:53.248062198Z
13,46,42,1008,0,0.03,22.4,313,0.4,17,-79,12.8,1,2025-03-27T12:22:53.293852995Z
14,46,42,1008,0,0.03,22.5,310.5,0.4,18,-80,12,1,2025-03-27T12:27:53.237314799Z
15,46,42.5,1008,0,0.03,22.6,295.3,0.5,19,-84,12.5,1,2025-03-27T12:32:53.237925381Z
16,46,40,1007.9,0,0.03,22.6,332.5,0.3,20,-82,8.8,1,2025-03-27T12:37:53.2547973Z
17,46,40,1007.9,0,0.03,22.6,318.7,0.3,21,-81,11.5,1,2025-03-27T12:42:53.260881752Z
18,45,39,1007.8,0,0.03,22.6,7.1,0.3,22,-84,11.2,1,2025-03-27T12:47:53.238990154Z
19,45,39.5,1007.8,0,0.03,22.6,316.5,0.4,23,-83,11.2,1,2025-03-27T12:52:53.270284256Z
20,45,40,1007.8,0,0.04,22.6,311.4,0.4,24,-86,11,1,2025-03-27T12:57:53.229596566Z
21,45,39.5,1007.6,0,0.04,22.6,34.9,0.3,25,-79,12.2,1,2025-03-27T13:02:53.222220139Z
22,45,41.5,1007.6,0,0.04,22.6,265.4,0.3,26,-84,12.2,1,2025-03-27T13:07:53.235358975Z
23,45,39.5,1007.6,0,0.04,22.8,313.9,0.4,27,-85,10.5,1,2025-03-27T13:12:53.242949341Z
24,45,39.5,1007.6,0,0.04,22.8,310.5,0.4,28,-83,9.2,1,2025-03-27T13:17:53.204855498Z
25,45,40,1007.6,0,0.04,22.8,303.7,0.4,29,-87,8.2,1,2025-03-27T13:22:53.242622883Z
26,45,40,1007.7,0,0.04,22.8,305.7,0.4,30,-94,8.2,1,2025-03-27T13:27:53.191345725Z
27,45,40,1007.6,0,0.04,22.8,319,0.4,31,-91,7.2,1,2025-03-27T13:32:53.234482388Z
28,45,40,1007.5,0,0.04,22.8,314.1,0.4,32,-92,8.8,1,2025-03-27T13:37:53.195489109Z
29,45,40,1007.5,0,0.04,22.8,312.2,0.4,33,-95,7.5,1,2025-03-27T13:42:53.185612622Z
30,44,40,1007.5,0,0.04,22.8,301.6,0.4,34,-87,10.8,1,2025-03-27T13:47:53.197211048Z
31,44,40.5,1007.6,0,0.04,22.8,313.8,0.5,35,-85,11.8,1,2025-03-27T13:52:53.179576499Z
32,44,41.5,1007.6,0,0.04,22.8,317.7,0.4,36,-93,7.2,1,2025-03-27T13:57:53.160269346Z
33,44,41.5,1007.6,0,0.04,22.8,318.1,0.4,37,-86,11.2,1,2025-03-27T14:02:53.186428864Z
34,44,41.5,1007.5,0,0.04,22.8,307.4,0.4,38,-89,10.5,1,2025-03-27T14:07:53.178409171Z
35,44,41.5,1007.6,0,0.04,22.8,301.1,0.4,39,-89,10.8,1,2025-03-27T14:12:53.162600552Z
36,44,41.5,1007.6,0,0.04,22.8,291.1,0.4,40,-87,9.8,1,2025-03-27T14:17:53.144115328Z
37,44,41.5,1007.6,0,0.04,22.8,293.8,0.4,41,-88,10,1,2025-03-27T14:22:53.13907663Z
38,44,41,1007.5,0,0.04,22.8,300,0.4,42,-85,11.5,1,2025-03-27T14:27:53.183861475Z
39,44,41,1007.6,0,0.04,22.8,298.1,0.4,43,-85,13.2,1,2025-03-27T14:32:53.142415331Z
40,44,41,1007.7,0,0.04,22.8,295.7,0.4,44,-90,7.8,1,2025-03-27T14:37:53.154855238Z
41,44,41,1007.8,0,0.04,22.8,296.3,0.4,45,-88,8.2,1,2025-03-27T14:42:53.137321135Z
42,43,41,1007.8,0,0.04,22.8,283.6,0.4,46,-81,-5.5,1,2025-03-27T14:47:53.149729372Z
43,43,41.5,1007.9,0,0.04,22.8,286.7,0.4,47,-90,8.8,1,2025-03-27T14:52:53.119315356Z
44,43,41.5,1007.7,0,0.04,22.8,297.7,0.4,48,-86,10.8,1,2025-03-27T14:57:53.115181803Z
45,43,41,1007.7,0,0.04,22.8,306.4,0.4,49,-87,9.8,1,2025-03-27T15:02:53.104697244Z
46,43,41,1007.5,0,0.04,22.8,310.5,0.4,50,-88,8.8,1,2025-03-27T15:07:53.124418741Z
47,43,41,1007.5,0,0.04,22.8,306.2,0.4,51,-84,11,1,2025-03-27T15:12:53.10730388Z
48,43,41.5,1007.5,0,0.04,22.8,310.6,0.4,52,-98,3.8,1,2025-03-27T15:17:53.104719121Z
49,43,42,1007.5,0,0.06,22.8,290.7,0.4,53,-76,11.2,1,2025-03-27T15:22:53.121333067Z
50,43,39.5,1007.5,0,0.08,22.4,109.2,0.2,54,-95,7.2,1,2025-03-27T15:27:53.137565374Z
51,43,42,1007.5,0,0.08,21.7,289.1,0.3,55,-84,10.2,1,2025-03-27T15:32:53.128308122Z
52,43,44.5,1007.7,0,0.1,21,88.7,0.3,56,-101,7,1,2025-03-27T15:37:53.099119378Z
53,43,47,1007.7,0,0.1,20.7,243.1,0.5,57,-97,7.8,1,2025-03-27T15:42:53.132538503Z
54,43,47.5,1007.6,0,0.1,20.7,195.2,0.4,58,-94,10.5,1,2025-03-27T15:47:53.080031678Z
55,42,47.5,1007.7,0,0.1,20.8,182.5,0.3,59,-100,8.5,1,2025-03-27T15:52:55.285058213Z
56,42,47.5,1007.8,0,0.1,20.9,183.2,0.2,60,-101,6.8,1,2025-03-27T15:57:53.09296241Z
57,42,47,1007.6,0,0.1,21,177.8,0.1,61,-98,7.5,1,2025-03-27T16:02:53.068562776Z
58,42,47.5,1007.8,0,0.1,21.1,167.2,0.1,62,-106,3,1,2025-03-27T16:07:53.074043105Z
59,42,47.5,1007.8,0,0.1,21.2,128.1,0,63,-102,5.5,1,2025-03-27T16:12:53.088748488Z
60,42,47,1007.8,0,0.1,21.3,104,0.1,64,-100,8,1,2025-03-27T16:17:53.049399224Z
61,42,47,1007.8,0,0.18,22.1,326.9,0.4,65,-84,8.8,1,2025-03-27T16:22:53.057202199Z
62,42,45,1007.8,0,0.18,22.7,316.5,0.4,66,-85,11.5,1,2025-03-27T16:27:53.040316207Z
63,42,44,1007.8,0,0.18,22.7,315.5,0.4,67,-84,11,1,2025-03-27T16:32:53.043823963Z
64,42,43.5,1007.9,0,0.18,22.8,308.9,0.4,68,-83,10.8,1,2025-03-27T16:37:53.055390268Z
65,42,43.5,1007.9,0,0.18,22.8,306.1,0.4,69,-82,9.5,1,2025-03-27T16:42:53.030796185Z
66,42,43.5,1007.9,0,0.18,22.8,303.6,0.4,70,-84,9,1,2025-03-27T16:47:53.019247054Z
67,42,43.5,1007.8,0,0.18,22.8,304.6,0.4,71,-81,9.8,1,2025-03-27T16:52:53.021217088Z
68,40,43,1008,0,0.18,22.8,304.4,0.4,72,-82,11,1,2025-03-27T16:57:53.076505735Z
69,40,43,1007.9,0,0.18,22.8,301.8,0.5,73,-82,10.8,1,2025-03-27T17:02:53.009501864Z
70,40,43,1008.1,0,0.18,22.8,298.5,0.4,74,-81,11.5,1,2025-03-27T17:07:53.026291123Z
71,40,43,1008,0,0.18,22.8,302.4,0.4,75,-81,11,1,2025-03-27T17:12:53.005477467Z
72,40,43,1008.1,0,0.18,22.8,301.7,0.4,76,-81,9,1,2025-03-27T17:17:53.330850024Z
73,40,42.5,1007.8,0,0.18,22.9,300,0.4,77,-81,9,1,2025-03-27T17:22:53.022270373Z
74,40,42.5,1007.9,0,0.18,22.9,298.3,0.4,78,-83,11.5,1,2025-03-27T17:27:52.990376776Z
75,40,42.5,1007.8,0,0.18,22.9,297.1,0.4,79,-80,10.2,1,2025-03-27T17:32:52.998251401Z
76,40,42.5,1007.9,0,0.18,22.9,297.8,0.4,80,-80,11.2,1,2025-03-27T17:37:53.003749681Z
77,40,42.5,1007.8,0,0.18,22.9,296.2,0.4,81,-82,9.5,1,2025-03-27T17:42:52.990145438Z
78,40,42.5,1007.8,0,0.18,22.9,299,0.4,82,-84,11.2,1,2025-03-27T17:47:52.969699764Z
79,40,42.5,1007.9,0,0.18,22.9,295.4,0.4,83,-84,11.5,1,2025-03-27T17:52:52.977315588Z
80,40,42.5,1008,0,0.18,22.9,300.2,0.4,84,-82,9.2,1,2025-03-27T17:57:52.984267757Z
81,40,42.5,1008,0,0.18,22.9,300.3,0.4,85,-82,10.8,1,2025-03-27T18:02:52.954185009Z
82,40,42.5,1008.1,0,0.18,22.9,299,0.4,86,-85,11.2,1,2025-03-27T18:07:53.00946386Z
83,40,42.5,1008.1,0,0.18,22.9,299.9,0.4,87,-85,9.2,1,2025-03-27T18:12:52.950732991Z
84,40,42.5,1008.3,0,0.18,22.9,294.5,0.4,88,-82,12,1,2025-03-27T18:17:53.225300948Z
85,40,42.5,1008.3,0,0.18,22.9,301.9,0.4,89,-83,9.2,1,2025-03-27T18:22:52.938877729Z
86,40,42,1008.4,0,0.18,22.9,301.8,0.5,90,-82,12,1,2025-03-27T18:27:52.949899421Z
87,40,42,1008.5,0,0.18,22.9,300.1,0.4,91,-83,11.2,1,2025-03-27T18:32:52.957019015Z
88,40,42,1008.7,0,0.18,22.9,304.2,0.4,92,-83,9.2,1,2025-03-27T18:37:52.945361262Z
89,40,42,1008.7,0,0.18,22.9,306.4,0.4,93,-82,10.8,1,2025-03-27T18:42:52.930076378Z
90,40,42,1008.7,0,0.18,22.9,306.7,0.4,94,-85,11,1,2025-03-27T18:47:52.91111658Z
91,40,42,1008.7,0,0.18,22.8,302.9,0.4,95,-84,10.8,1,2025-03-27T18:52:52.923705019Z
92,38,42,1008.8,0,0.18,22.8,304.2,0.4,96,-83,11.2,1,2025-03-27T18:57:52.97834745Z
93,38,42,1008.9,0,0.18,22.8,307.8,0.4,97,-82,10.5,1,2025-03-27T19:02:52.915387485Z
94,38,42,1008.9,0,0.18,22.8,305.8,0.4,98,-82,11.8,1,2025-03-27T19:07:52.924826595Z
95,38,42,1008.9,0,0.18,22.8,305.1,0.4,99,-83,11.8,1,2025-03-27T19:12:52.902933465Z
96,38,42,1008.9,0,0.18,22.8,306,0.4,100,-83,10,1,2025-03-27T19:17:52.893319434Z
97,38,42,1009,0,0.18,22.8,305.6,0.4,101,-81,11.2,1,2025-03-27T19:22:52.918687259Z
98,38,42,1009.1,0,0.18,22.8,307.8,0.4,102,-85,11.5,1,2025-03-27T19:27:52.881505379Z
99,38,42,1009.1,0,0.18,22.8,307.4,0.4,103,-86,11.5,1,2025-03-27T19:32:52.884039675Z
100,38,42,1009.3,0,0.18,22.8,303.5,0.4,104,-83,13.2,1,2025-03-27T19:37:52.909397191Z
101,38,42,1009.4,0,0.18,22.8,312.5,0.4,105,-82,9.5,1,2025-03-27T19:42:52.872386156Z
102,38,42,1009.5,0,0.18,22.8,303.4,0.4,106,-81,11.2,1,2025-03-27T19:47:52.899084011Z
103,38,42,1009.4,0,0.18,22.8,305.5,0.4,107,-82,10.8,1,2025-03-27T19:52:52.867959872Z
104,38,42,1009.5,0,0.18,22.8,305.5,0.4,108,-84,9.2,1,2025-03-27T19:57:52.865519263Z
105,38,42,1009.5,0,0.18,22.8,304.4,0.4,109,-83,9,1,2025-03-27T20:02:55.056165154Z
106,38,42,1009.4,0,0.18,22.8,308.2,0.4,110,-86,10.8,1,2025-03-27T20:07:52.869378369Z
107,38,42,1009.5,0,0.18,22.8,306.8,0.4,111,-85,11.8,1,2025-03-27T20:12:52.864060057Z
108,38,42,1009.4,0,0.18,22.8,310.1,0.4,112,-82,10.8,1,2025-03-27T20:17:52.849697935Z
109,38,42,1009.4,0,0.18,22.8,306.3,0.4,113,-82,10.5,1,2025-03-27T20:22:52.866864945Z
110,38,42,1009.4,0,0.18,22.8,308.4,0.4,114,-83,13,1,2025-03-27T20:27:52.840609601Z
111,38,42,1009.5,0,0.18,22.8,307.6,0.4,115,-83,11.5,1,2025-03-27T20:32:52.832333889Z
112,38,42,1009.3,0,0.18,22.8,305.2,0.4,116,-83,9.2,1,2025-03-27T20:37:52.891244068Z
113,38,42,1009.3,0,0.18,22.8,307.5,0.4,117,-83,8.8,1,2025-03-27T20:42:52.828421796Z
114,38,42,1009.3,0,0.18,22.8,309.4,0.4,118,-86,11,1,2025-03-27T20:47:52.818519818Z
115,38,42,1009.4,0,0.18,22.8,308.5,0.5,119,-86,11,1,2025-03-27T20:52:52.817942451Z
116,38,42,1009.4,0,0.18,22.8,307.8,0.4,120,-83,10.8,1,2025-03-27T20:57:52.82327245Z
117,38,42,1009.3,0,0.18,22.8,308.8,0.4,121,-83,9.2,1,2025-03-27T21:02:52.813814809Z
118,36,42,1009.4,0,0.18,22.8,306.7,0.4,122,-84,11.2,1,2025-03-27T21:07:52.853961262Z
119,36,42,1009.4,0,0.18,22.8,309.6,0.4,123,-85,11,1,2025-03-27T21:12:52.800260573Z
120,36,42,1009.4,0,0.18,22.8,305.4,0.4,124,-83,8.5,1,2025-03-27T21:17:52.792184203Z
121,36,42,1009.5,0,0.18,22.8,309,0.4,125,-83,9.2,1,2025-03-27T21:22:52.818400124Z
122,36,42,1009.4,0,0.18,22.8,309.7,0.4,126,-86,11.5,1,2025-03-27T21:27:52.786037287Z
123,36,42,1009.4,0,0.18,22.8,308.2,0.4,127,-86,12.5,1,2025-03-27T21:32:52.797296309Z
124,36,42,1009.4,0,0.18,22.8,311.5,0.4,128,-83,11.5,1,2025-03-27T21:37:52.786245865Z
125,36,42,1009.4,0,0.18,22.8,306.1,0.4,129,-83,10.5,1,2025-03-27T21:42:52.785981901Z
126,36,42,1009.4,0,0.18,22.8,310.4,0.4,130,-85,11.2,1,2025-03-27T21:47:54.942168428Z
127,36,42,1009.5,0,0.18,22.8,309.4,0.4,131,-83,10.8,1,2025-03-27T21:52:52.771269142Z
128,36,42,1009.5,0,0.18,22.8,308.7,0.4,132,-83,9.8,1,2025-03-27T21:57:52.764259669Z
129,36,42,1009.4,0,0.18,22.8,311.4,0.4,133,-82,9.5,1,2025-03-27T22:02:52.753673474Z
130,35,42,1009.3,0,0.18,22.8,310.5,0.4,134,-86,10.2,1,2025-03-27T22:07:52.819527016Z
131,35,42,1009.3,0,0.18,22.8,305.7,0.4,135,-83,9.5,1,2025-03-27T22:12:52.758942111Z
132,35,42,1009.2,0,0.18,22.8,308.1,0.4,136,-82,10.8,1,2025-03-27T22:17:52.756991477Z
133,35,42,1009.2,0,0.18,22.8,311.8,0.4,137,-82,10.5,1,2025-03-27T22:22:52.740386441Z
134,35,42,1009.1,0,0.18,22.8,309.5,0.4,138,-83,11.5,1,2025-03-27T22:27:52.746554974Z
135,35,42,1009.1,0,0.18,22.8,308.2,0.5,139,-83,11.8,1,2025-03-27T22:32:52.726993256Z
136,35,42,1009,0,0.18,22.8,308.3,0.4,140,-84,8.8,1,2025-03-27T22:37:52.784186446Z
137,35,42,1009,0,0.18,22.8,310.8,0.4,141,-84,7.8,1,2025-03-27T22:42:52.77135805Z
138,35,42,1008.9,0,0.18,22.8,311.8,0.4,142,-92,8,1,2025-03-27T22:47:52.717583054Z
139,35,42,1009,0,0.18,22.8,310.5,0.4,143,-83,9,1,2025-03-27T22:52:52.714976443Z
140,35,42,1008.9,0,0.18,22.8,309.2,0.4,144,-83,9,1,2025-03-27T22:57:52.713378333Z
141,35,42,1008.9,0,0.18,22.8,310.4,0.4,145,-82,10.5,1,2025-03-27T23:02:52.706151923Z
142,34,42,1009,0,0.18,22.8,311.6,0.4,146,-83,11.5,1,2025-03-27T23:07:52.736296071Z
143,34,42,1008.8,0,0.18,22.8,312.2,0.4,147,-83,12.8,1,2025-03-27T23:12:52.731445458Z
144,34,42,1008.9,0,0.18,22.8,310.6,0.4,148,-82,8.5,1,2025-03-27T23:17:52.701228063Z
145,34,42,1008.9,0,0.18,22.8,311,0.4,149,-81,10.8,1,2025-03-27T23:22:52.739615415Z
146,34,42,1008.9,0,0.18,22.8,312.4,0.4,150,-85,10.5,1,2025-03-27T23:27:52.693762621Z
147,34,42,1008.8,0,0.18,22.8,313.8,0.5,151,-86,9.2,1,2025-03-27T23:32:52.678733703Z
148,34,42,1008.7,0,0.18,22.8,312.9,0.4,152,-83,11.5,1,2025-03-27T23:37:52.695100036Z
149,34,42,1008.7,0,0.18,22.8,314,0.4,153,-83,9.5,1,2025-03-27T23:42:52.719532415Z
150,34,42,1008.7,0,0.18,22.8,314.2,0.4,154,-82,11,1,2025-03-27T23:47:52.720603026Z
151,34,42,1008.5,0,0.18,22.7,311.6,0.4,155,-83,11.2,1,2025-03-27T23:52:52.669575043Z
152,34,42,1008.5,0,0.18,22.7,313.6,0.4,156,-83,9,1,2025-03-27T23:57:52.658835159Z
153,34,42,1008.5,0,0.18,22.7,313.3,0.4,157,-84,9,1,2025-03-28T00:02:52.712128164Z
154,33,42,1008.5,0,0.18,22.7,315,0.4,158,-83,9.2,1,2025-03-28T00:07:52.696499631Z
155,33,42,1008.5,0,0.18,22.7,315.2,0.4,159,-85,10.8,1,2025-03-28T00:12:52.645649459Z
156,33,42,1008.4,0,0.18,22.7,312.4,0.4,160,-83,11.2,1,2025-03-28T00:17:52.651767907Z
157,33,42,1008.3,0,0.18,22.7,316.4,0.4,161,-84,8.8,1,2025-03-28T00:22:52.640904946Z
158,33,42,1008.1,0,0.18,22.7,315.5,0.4,162,-84,11.2,1,2025-03-28T00:27:52.639375307Z
159,33,42,1008.1,0,0.18,22.7,312,0.4,163,-83,11.2,1,2025-03-28T00:32:52.701799362Z
160,33,42,1008,0,0.18,22.7,319.2,0.4,164,-83,10,1,2025-03-28T00:37:52.642136803Z
161,33,42,1008,0,0.18,22.7,318.9,0.4,165,-83,9.2,1,2025-03-28T00:42:52.622119648Z
162,33,42,1008.1,0,0.18,22.7,316.7,0.4,166,-85,11.8,1,2025-03-28T00:47:52.615642087Z
163,33,42,1008,0,0.18,22.7,317.2,0.4,167,-85,11.2,1,2025-03-28T00:52:52.657652417Z
164,33,42,1008,0,0.18,22.7,315.4,0.4,168,-83,11.5,1,2025-03-28T00:57:52.612803621Z
165,33,42,1007.9,0,0.18,22.7,316.5,0.4,169,-84,9,1,2025-03-28T01:02:52.599943019Z
166,33,42,1007.7,0,0.18,22.7,312.2,0.4,170,-82,11.5,1,2025-03-28T01:07:52.606900009Z
167,33,42,1007.7,0,0.18,22.7,314.3,0.4,171,-83,11,1,2025-03-28T01:12:52.616740087Z
168,33,42,1007.7,0,0.18,22.7,316.5,0.4,172,-84,8.8,1,2025-03-28T01:17:52.596580387Z
169,33,42,1007.6,0,0.18,22.7,316.9,0.4,173,-84,8.8,1,2025-03-28T01:22:52.587815066Z
170,33,42,1007.5,0,0.18,22.7,315.6,0.4,174,-83,9,1,2025-03-28T01:27:52.577602209Z
171,33,42,1007.6,0,0.18,22.7,316.2,0.4,175,-86,11,1,2025-03-28T01:32:52.575539588Z
172,33,42,1007.4,0,0.18,22.7,321.6,0.4,176,-83,9.8,1,2025-03-28T01:37:52.641789565Z
173,33,42,1007.3,0,0.18,22.7,316,0.4,177,-83,12.2,1,2025-03-28T01:42:52.565338602Z
174,33,42,1007.3,0,0.18,22.7,319.7,0.4,178,-82,12.2,1,2025-03-28T01:47:52.564722801Z
175,33,42,1007.3,0,0.18,22.6,319.5,0.4,179,-83,10.2,1,2025-03-28T01:52:52.559202698Z
176,33,42,1007.2,0,0.18,22.7,320.5,0.4,180,-82,8.8,1,2025-03-28T01:57:52.55228165Z
177,33,42,1007.1,0,0.18,22.6,319.1,0.4,181,-82,9.5,1,2025-03-28T02:02:52.604624666Z
178,33,42,1007,0,0.18,22.6,321.3,0.4,182,-85,10.5,1,2025-03-28T02:07:52.567425107Z
179,33,42,1007,0,0.18,22.6,315.6,0.4,183,-84,9.2,1,2025-03-28T02:12:52.537766863Z
180,32,42,1006.9,0,0.18,22.6,321.8,0.4,184,-84,9.8,1,2025-03-28T02:17:52.613721543Z
181,32,42,1006.9,0,0.18,22.6,319.5,0.4,185,-83,11.5,1,2025-03-28T02:22:52.539623245Z
182,32,42,1006.7,0,0.18,22.6,322,0.4,186,-83,11.5,1,2025-03-28T02:27:52.555114497Z
183,32,42,1006.7,0,0.18,22.6,324,0.4,187,-84,11,1,2025-03-28T02:32:52.52794986Z
184,32,42,1006.7,0,0.18,22.6,318.1,0.4,188,-83,10,1,2025-03-28T02:37:52.542011675Z
185,32,42,1006.7,0,0.18,22.6,318.1,0.4,189,-82,13.8,1,2025-03-28T02:42:52.50306505Z
186,32,42,1006.6,0,0.18,22.6,322.6,0.4,190,-85,10.8,1,2025-03-28T02:47:52.516514085Z
187,32,42,1006.5,0,0.18,22.6,320.8,0.4,191,-82,9,1,2025-03-28T02:52:52.553628411Z
188,32,42,1006.5,0,0.18,22.6,318,0.4,192,-83,11.2,1,2025-03-28T02:57:52.500961655Z
189,32,42,1006.5,0,0.18,22.6,326.7,0.4,193,-82,10.8,1,2025-03-28T03:02:52.502462587Z
190,32,42,1006.5,0,0.18,22.6,321.2,0.4,194,-83,11.8,1,2025-03-28T03:07:52.504901567Z
191,32,42,1006.3,0,0.18,22.6,318.1,0.4,195,-83,11.5,1,2025-03-28T03:12:52.492382033Z
192,32,42,1006.3,0,0.18,22.6,325.8,0.4,196,-84,8.8,1,2025-03-28T03:17:52.487196866Z
193,31,42,1006.3,0,0.18,22.6,322.7,0.4,197,-82,9.8,1,2025-03-28T03:22:54.671631182Z
194,31,42,1006.2,0,0.18,22.6,325.4,0.4,198,-84,8.8,1,2025-03-28T03:27:52.54160883Z
195,31,42,1006.1,0,0.18,22.6,323.6,0.4,199,-82,9.2,1,2025-03-28T03:32:52.477139905Z
196,31,42,1006.1,0,0.18,22.6,325.3,0.4,200,-84,10.8,1,2025-03-28T03:37:52.481075345Z
197,31,42,1006.1,0,0.18,22.6,326.7,0.4,201,-83,11,1,2025-03-28T03:42:52.461919794Z
198,31,42,1006,0,0.18,22.6,325.5,0.4,202,-85,11,1,2025-03-28T03:47:52.469692995Z
199,31,42,1006,0,0.18,22.6,324.5,0.4,203,-84,12.2,1,2025-03-28T03:52:52.451073259Z
200,31,42,1006,0,0.18,22.6,326.2,0.4,204,-83,9,1,2025-03-28T03:57:52.45754735Z
201,31,42,1006,0,0.18,22.6,321.5,0.4,205,-82,12,1,2025-03-28T04:02:52.446897276Z
202,31,42,1006,0,0.18,22.6,323.7,0.4,206,-86,11.2,1,2025-03-28T04:07:52.473503936Z
203,31,42,1005.9,0,0.18,22.6,327.3,0.4,207,-82,9,1,2025-03-28T04:12:52.444075317Z
204,31,42,1005.9,0,0.18,22.6,326.3,0.4,208,-83,12.2,1,2025-03-28T04:17:52.434305263Z
205,31,42,1005.9,0,0.18,22.6,327.7,0.4,209,-84,8.8,1,2025-03-28T04:22:52.483938853Z
206,30,42,1005.8,0,0.18,22.6,322.9,0.4,210,-84,11.2,1,2025-03-28T04:27:52.500238931Z
207,30,42,1005.9,0,0.18,22.6,330.1,0.3,211,-83,11.8,1,2025-03-28T04:32:52.429635756Z
208,30,42,1005.7,0,0.18,22.6,327.8,0.4,212,-83,8.8,1,2025-03-28T04:37:52.439679362Z
209,30,42,1005.9,0,0.18,22.6,326.2,0.4,213,-82,11.8,1,2025-03-28T04:42:52.453016212Z
210,30,42,1005.9,0,0.18,22.6,332.1,0.4,214,-83,9,1,2025-03-28T04:47:52.415683266Z
211,30,42,1005.9,0,0.18,22.6,326.8,0.4,215,-85,11.5,1,2025-03-28T04:52:52.409964605Z
212,30,42,1005.9,0,0.18,22.6,323.9,0.4,216,-82,11.8,1,2025-03-28T04:57:52.438088509Z
213,30,42,1005.9,0,0.18,22.6,327.9,0.3,217,-83,9.2,1,2025-03-28T05:02:52.402857058Z
214,30,42,1005.9,0,0.18,22.6,328.2,0.4,218,-84,11.2,1,2025-03-28T05:07:52.40281258Z
215,30,42,1006,0,0.18,22.6,323.1,0.4,219,-84,11.5,1,2025-03-28T05:12:52.439830684Z
216,30,42,1006,0,0.18,22.6,327.6,0.3,220,-83,9,1,2025-03-28T05:17:52.38944897Z
217,30,42,1006,0,0.18,22.6,338.9,0.3,221,-83,9,1,2025-03-28T05:22:52.40210731Z
218,30,42,1005.9,0,0.18,22.6,324.8,0.4,222,-83,9.2,1,2025-03-28T05:27:52.367431549Z
219,30,42,1005.8,0,0.18,22.6,330.9,0.3,223,-83,9.8,1,2025-03-28T05:32:52.384106458Z
220,30,42,1005.8,0,0.18,22.6,336.4,0.3,224,-83,11.2,1,2025-03-28T05:37:52.377148841Z
221,30,42,1005.8,0,0.18,22.6,330.6,0.4,225,-83,9,1,2025-03-28T05:42:52.367117254Z
222,30,42,1005.7,0,0.18,22.6,337.9,0.3,226,-84,11.2,1,2025-03-28T05:47:52.372362152Z
223,30,42,1005.8,0,0.18,22.6,335.2,0.3,227,-84,11.5,1,2025-03-28T05:52:52.354471484Z
224,30,42,1005.8,0,0.18,22.6,342.7,0.3,228,-83,10,1,2025-03-28T05:57:52.354835132Z
225,30,42,1005.7,0,0.18,22.6,339.2,0.3,229,-82,11.8,1,2025-03-28T06:02:52.346368341Z
226,30,42,1005.7,0,0.18,22.5,341.6,0.3,230,-87,10.8,1,2025-03-28T06:07:52.356356916Z
227,30,42.5,1005.7,0,0.18,22.5,350.3,0.3,231,-88,10,1,2025-03-28T06:12:52.355854466Z
228,30,42.5,1005.6,0,0.18,22.5,344.7,0.3,232,-85,10.5,1,2025-03-28T06:17:52.330754053Z
229,30,42.5,1005.6,0,0.18,22.5,3.5,0.3,233,-84,10.8,1,2025-03-28T06:22:52.3303406Z
230,30,42.5,1005.7,0,0.18,22.5,357.8,0.3,234,-86,10.8,1,2025-03-28T06:27:52.323446461Z
231,29,44,1005.7,0,0.18,22.5,153.3,0.1,235,-83,11.5,1,2025-03-28T06:32:52.352852709Z
232,29,47,1005.7,0,0.18,22.3,236.9,0.5,236,-84,9.2,1,2025-03-28T06:37:52.341434513Z
233,29,47,1005.7,0,0.18,22,260.4,0.4,237,-82,9,1,2025-03-28T06:42:52.307958012Z
234,29,46,1005.7,0,0.18,21.8,290.5,0.4,238,-82,9.5,1,2025-03-28T06:47:52.338303521Z
235,29,46.5,1005.7,0,0.18,21.5,306.5,0.3,239,-85,8.2,1,2025-03-28T06:52:52.305902565Z
236,29,46.5,1005.7,0,0.18,21.3,311.3,0.3,240,-81,11,1,2025-03-28T06:57:52.302502242Z
237,29,48,1005.7,0,0.18,21.1,247.4,0.5,241,-83,11,1,2025-03-28T07:02:52.293398014Z
238,29,49.5,1005.7,0,0.18,21,233.6,0.5,242,-83,12.5,1,2025-03-28T07:07:52.301110895Z
239,28,46,1004.5,0,0.24,22.4,330.6,0.4,243,-93,10,1,2025-03-28T10:11:26.925839246Z
240,28,43.5,1002.8,0,0.03,23,253.3,0.4,244,-96,7.8,1,2025-03-28T13:11:26.759646947Z
241,27,43,1001.9,0,0.03,22.5,318.9,0.4,245,-90,9.2,1,2025-03-28T16:11:26.65412112Z
242,26,43.5,1002.3,0,0.03,22,46.8,0.2,246,-92,9.5,1,2025-03-28T19:11:26.427973369Z
243,25,44.5,1001.6,0,0.03,21.7,61.8,0.1,247,-89,10.2,1,2025-03-28T22:11:26.323520306Z
244,24,45,1000.4,0,0.03,21.5,144.3,0.1,248,-96,9.8,1,2025-03-29T01:11:26.095056381Z
245,23,45.5,999.8,0,0.03,21.3,179.8,0.3,249,-94,7.2,1,2025-03-29T04:11:25.938427767Z
246,22,45.5,1000.4,0,0.03,21.4,174,0.2,250,-90,10,1,2025-03-29T07:11:25.7675069Z
247,21,44,1001.5,0,0.03,22.3,348.2,0.3,251,-90,11,1,2025-03-29T10:11:25.599596733Z
248,22,42.5,1001.7,0,0,23.1,263.8,0.4,252,-93,7.5,1,2025-03-29T13:11:25.443903112Z
249,21,43,1003.4,0,0,22.5,320.1,0.4,253,-89,10,1,2025-03-29T16:11:25.315522069Z
250,10,44.5,1005.9,0,0,21.9,47.6,0.2,254,-89,10,1,2025-03-29T19:11:25.123834939Z
251,10,45.5,1007.2,0,0,21.6,88.8,0.1,255,-90,10,1,2025-03-29T22:11:24.974189865Z
252,10,46.5,1007.6,0,0,21.3,179.1,0.3,256,-90,9.8,1,2025-03-30T01:11:24.833623034Z
253,10,47,1008.2,0,0,21.1,186.7,0.4,257,-92,9.8,1,2025-03-30T04:11:24.625214563Z
254,10,47,1009.6,0,0,21.3,172.6,0.2,258,-99,7.5,1,2025-03-30T07:11:24.464585519Z
255,5,44,1010.7,0,0,22.5,311.1,0.4,259,-91,9.2,1,2025-03-30T10:11:24.28745473Z
256,10,38,1010.3,0,0,25.5,197.3,0.6,260,-93,8.5,1,2025-03-30T13:11:24.147455873Z
257,23,35.5,1008.5,0,0,26.9,338.1,0.2,261,-91,10.2,1,2025-03-30T16:11:24.042586188Z
258,10,39.5,1008.6,0,0,24.3,117,0.3,262,-93,8,1,2025-03-30T19:11:23.884795813Z
259,10,43.5,1007.2,0,0,22.6,309,0.4,263,-90,7.2,1,2025-03-30T22:11:23.727098432Z
260,10,44.5,1006.2,0,0,22.2,23.4,0.3,264,-90,8.2,1,2025-03-31T01:11:23.556090171Z
261,10,45,1007.9,0,0,21.9,44.5,0.2,265,-93,7.5,1,2025-03-31T04:11:23.426524189Z
262,5,45.5,1009.2,0,0,21.7,51.7,0.2,266,-96,8.8,1,2025-03-31T07:11:23.244339019Z
263,5,43.5,1011,0,0,23,238.7,0.5,267,-90,9.5,1,2025-03-31T10:11:23.062434405Z
264,10,42,1008.7,0,1.28,18.5,136.9,3.5,270,-115,-13.5,1,2025-03-31T13:29:33.805844794Z
265,10,38,1008.7,0,0,18.5,141.5,1.9,273,-113,-16.2,1,2025-03-31T13:44:33.811358478Z
266,10,39.5,1008.6,0,0,19.1,140.4,1.5,274,-113,-15.8,1,2025-03-31T13:49:33.790616704Z
267,10,39.5,1008.6,0,0,18.5,143.4,2.2,275,-114,-16.5,1,2025-03-31T13:54:33.796284254Z
268,10,42,1008.6,0,0,17.8,147.7,2.4,277,-114,-14.5,1,2025-03-31T14:04:33.762228606Z
269,10,44.5,1008.5,0,0,17.3,142.6,2.4,278,-114,-15.5,1,2025-03-31T14:09:33.772085498Z
270,27,33,1008.6,0,0,18.9,143.6,0.8,281,-114,-14,1,2025-03-31T14:24:33.804562352Z
271,27,37,1008.6,0,0,18.9,136.8,1.6,282,-113,-16,1,2025-03-31T14:29:33.748090347Z
272,27,46,1008.8,0,0,17.3,145.6,1.3,285,-113,-16,1,2025-03-31T14:44:33.757793724Z
273,27,42,1008.6,0,0,17.7,144,1.9,286,-115,-17,1,2025-03-31T14:49:33.736208307Z
274,27,36,1008.4,0,0,17.6,192.2,2.5,288,-114,-16.2,1,2025-03-31T14:59:33.761907098Z
275,27,41.5,1008.6,0,0,16.2,175.5,1.1,290,-114,-15.2,1,2025-03-31T15:09:33.764533434Z
276,30,36.5,1008.5,0,0,18.7,180.5,0.2,294,-113,-16,1,2025-03-31T15:29:33.708213816Z
277,30,33.5,1008.6,0,0,18.9,135.6,0.5,297,-113,-15,1,2025-03-31T15:44:33.70808553Z
278,30,35,1008.7,0,0,18.9,71.5,0.2,298,-114,-15.2,1,2025-03-31T15:49:33.734321719Z
279,33,39,1008.8,0,0,17.5,92.8,0.7,304,-115,-15,1,2025-03-31T16:19:33.675398758Z
280,33,35.5,1008.9,0,0,17.2,111,0.5,305,-113,-15.5,1,2025-03-31T16:24:33.696424901Z
281,33,40.5,1009,0,0,17.1,135,1.5,306,-115,-12.2,1,2025-03-31T16:29:33.708417281Z
282,33,42,1008.9,0,0,16.6,138.1,1,307,-114,-15,1,2025-03-31T16:34:33.710509878Z
283,33,39,1009.2,0,0,15.9,132.8,0.9,310,-115,-16.2,1,2025-03-31T16:49:33.643338017Z
284,33,41.5,1009.2,0,0,15.5,129.9,0.6,312,-114,-15,1,2025-03-31T16:59:33.645393431Z
285,33,40.5,1009.1,0,0,15.4,265,0.1,313,-114,-13.5,1,2025-03-31T17:04:33.623398695Z
286,33,43,1009.2,0,0,15.2,224.1,0.3,315,-115,-14.8,1,2025-03-31T17:14:33.656364815Z
287,28,50.5,1009.5,0,0,12.7,229.6,0.3,320,-115,-13.5,1,2025-03-31T17:39:33.649809584Z
288,28,52.5,1009.6,0,0,12.3,210.9,0.3,321,-112,-14.8,1,2025-03-31T17:44:33.612168679Z
289,28,55,1009.5,0,0,11.8,115.2,0.7,322,-115,-13.5,1,2025-03-31T17:49:33.589971241Z
290,28,56,1009.8,0,0,11.5,142.4,0.5,323,-115,-13.8,1,2025-03-31T17:54:33.589003668Z
291,28,56.5,1010,0,0,11.4,102,0.7,325,-114,-12.8,1,2025-03-31T18:04:33.587616486Z
292,28,57.5,1010.1,0,0,11.5,135.8,0.8,326,-113,-15.2,1,2025-03-31T18:09:33.583772577Z
293,27,61,1010.4,0,0,11.7,118.4,0.5,329,-112,-15.2,1,2025-03-31T18:24:33.601535142Z
294,27,61.5,1010.6,0,0,11.7,103.8,0.6,330,-115,-12.5,1,2025-03-31T18:29:33.566441837Z
295,27,62.5,1010.8,0,0,11.8,104.7,0.6,331,-114,-15.2,1,2025-03-31T18:34:33.56191785Z
296,27,60.5,1011.4,0,0,12,134.3,1.6,333,-113,-16.2,1,2025-03-31T18:44:33.743492585Z
297,27,49.5,1011.4,0,0,12.3,134.2,2.2,334,-115,-14.2,1,2025-03-31T18:49:33.533637795Z
298,27,58.5,1010.8,0,0,11.4,156.2,0.8,336,-115,-12.5,1,2025-03-31T18:59:33.523557806Z
299,27,57.5,1010.8,0,0,10.9,197.2,0.4,337,-111,-16,1,2025-03-31T19:04:33.530269951Z
300,27,58,1010.9,0,0,10.6,330.1,0.3,338,-115,-13.5,1,2025-03-31T19:09:33.527109991Z
301,27,58.5,1011,0,0,10.2,273.1,0.4,339,-115,-14.8,1,2025-03-31T19:14:33.554412153Z
302,26,59,1011.2,0,0,9.6,299.5,0.4,341,-114,-15.2,1,2025-03-31T19:24:33.536987206Z
303,26,58.5,1011.2,0,0,9.6,156,0.6,342,-114,-13.5,1,2025-03-31T19:29:33.508039436Z
304,26,61.5,1011,0,0,9.3,198.1,0.4,344,-112,-16.2,1,2025-03-31T19:39:33.492150038Z
305,26,60.5,1011.3,0,0,10.2,149.8,1.6,346,-115,-14.5,1,2025-03-31T19:49:33.497462401Z
306,26,68.5,1011.4,0,0,9.8,141.2,0.8,347,-115,-13.2,1,2025-03-31T19:54:33.487925491Z
307,26,71.5,1011.2,0,0,9.2,230.5,0.8,349,-114,-16.2,1,2025-03-31T20:04:33.491800123Z
308,26,70,1011.2,0,0,9.6,277.1,1.2,350,-113,-15.2,1,2025-03-31T20:09:33.474916644Z
309,26,74,1011.3,0,0,9.5,314.3,0.5,352,-115,-15.5,1,2025-03-31T20:19:33.472239862Z
310,26,73,1011.5,0,0,9.3,358.6,0.4,355,-115,-15,1,2025-03-31T20:34:33.458355721Z
311,26,71,1011.7,0,0,9.7,306.1,1.1,357,-113,-15.8,1,2025-03-31T20:44:33.47452488Z
312,26,77,1011.9,0,0,9.3,342.3,1.7,361,-112,-17,1,2025-03-31T21:04:33.448815074Z
313,26,74.5,1012.1,0,0,9.6,351.4,2,362,-114,-16,1,2025-03-31T21:09:33.444693244Z
314,26,72.5,1012.1,0,0,10.2,343.5,1.6,363,-115,-15.5,1,2025-03-31T21:14:33.453525525Z
315,26,68,1012.2,0,0,10.6,336.5,2.1,365,-114,-17.5,1,2025-03-31T21:24:34.073919319Z
316,25,69.5,1012.1,0,0,10.5,319.6,1.2,368,-114,-17.2,1,2025-03-31T21:39:34.03319722Z
317,25,71.5,1012.1,0,0,10.2,312.9,2.2,369,-114,-15.8,1,2025-03-31T21:44:34.047195273Z
318,25,73,1012.1,0,0,10,323.6,1.2,370,-115,-16.2,1,2025-03-31T21:49:34.033131699Z
319,25,74,1012.1,0,0,9.9,307.3,1.9,371,-114,-17,1,2025-03-31T21:54:34.030826771Z
320,25,77,1012.1,0,0,9.6,303.8,1.6,374,-115,-13.8,1,2025-03-31T22:09:34.023302241Z
321,25,77,1011.8,0,0,9.4,262.9,1.4,376,-113,-18,1,2025-03-31T22:19:34.03944946Z
322,25,79,1011.8,0,0,9.1,174.6,0.6,377,-113,-15.8,1,2025-03-31T22:24:33.994116476Z
323,25,77.5,1011.8,0,0,8.9,256.9,1.2,378,-115,-15.2,1,2025-03-31T22:29:34.023358796Z
324,25,76,1011.8,0,0,9.2,274.6,1.4,379,-113,-17.8,1,2025-03-31T22:34:33.995490745Z
325,25,76,1011.6,0,0,9,250.9,1.3,381,-113,-16.5,1,2025-03-31T22:44:33.9985632Z
326,25,80.5,1011.6,0,0,8.1,248.9,1.3,385,-112,-16,1,2025-03-31T23:04:34.030661797Z
327,25,76.5,1011.6,0,0,8.6,229.6,0.9,386,-114,-16,1,2025-03-31T23:09:33.971454884Z
328,25,76,1011.6,0,0,8.8,277.9,1,387,-115,-15,1,2025-03-31T23:14:33.981048331Z
329,25,80,1011.6,0,0,7.6,185.3,0.3,390,-112,-16,1,2025-03-31T23:29:33.956073314Z
330,24,85,1011.5,0,0,6.6,242.8,0.4,392,-114,-16.2,1,2025-03-31T23:39:33.949653625Z
331,24,84.5,1011.6,0,0,6.9,320.1,0.2,393,-112,-15.8,1,2025-03-31T23:44:34.005141952Z
332,24,85.5,1011.5,0,0,6.5,271.8,0.3,394,-115,-14.2,1,2025-03-31T23:49:33.95459512Z
333,24,86.5,1011.4,0,0,6.7,302.9,0.7,395,-115,-14.8,1,2025-03-31T23:54:33.94008091Z
334,24,86,1011.2,0,0,6.5,203.2,0.1,398,-115,-12.8,1,2025-04-01T00:09:34.92183371Z
335,24,90,1011.3,0,0,5.8,223.6,0.4,400,-114,-15.8,1,2025-04-01T00:19:34.920702192Z
336,24,89.5,1011.2,0,0,5.5,163.5,0.2,401,-108,-19.5,1,2025-04-01T00:24:34.921664197Z
337,24,89.5,1011.2,0,0,5.1,34.8,0.5,402,-114,-15,1,2025-04-01T00:29:34.962852538Z
338,24,92,1011.1,0,0,5.4,308,0.7,403,-114,-14.8,1,2025-04-01T00:34:34.941763007Z
339,24,86.5,1011,0,0,5.6,261.1,0.6,405,-113,-19.5,1,2025-04-01T00:44:34.955168814Z
340,24,87,1011,0,0,5.7,305.7,1.4,406,-115,-16.5,1,2025-04-01T00:49:34.926121529Z
341,24,88,1010.9,0,0,5.5,288.5,0.6,408,-114,-16.2,1,2025-04-01T00:59:34.892370434Z
342,24,87.5,1010.8,0,0,5.3,314.4,0.9,409,-115,-14.5,1,2025-04-01T01:04:34.892187096Z
343,24,86,1010.8,0,0,5.4,326.6,0.8,411,-115,-14,1,2025-04-01T01:14:34.903810456Z
344,24,87.5,1010.8,0,0,5.2,305.1,0.9,412,-112,-19.2,1,2025-04-01T01:19:34.883455153Z
345,24,87,1010.7,0,0,5.2,338.2,0.7,413,-113,-15.8,1,2025-04-01T01:24:34.887686646Z
346,24,86,1010.6,0,0,5.2,327.4,1.5,415,-104,-24,1,2025-04-01T01:34:37.052955957Z
347,23,86.5,1010.6,0,0,5.4,338.6,1.4,416,-112,-14.8,1,2025-04-01T01:39:34.890882172Z
348,23,86.5,1010.5,0,0,5.5,312.4,1.2,417,-113,-15,1,2025-04-01T01:44:34.881662291Z
349,23,87.5,1010.5,0,0,5.3,335.6,1.3,418,-114,-15.8,1,2025-04-01T01:49:34.876979378Z
350,23,89,1010.5,0,0,5.1,317.6,1.1,419,-115,-15,1,2025-04-01T01:54:34.868918477Z
351,23,89,1010.5,0,0,5.1,315.1,1.3,420,-113,-19.5,1,2025-04-01T01:59:34.912928673Z
352,23,90,1010.5,0,0,5.1,321.2,1,421,-113,-20.2,1,2025-04-01T02:04:34.852523351Z
353,23,90,1010.3,0,0,5.5,312,1.1,424,-114,-16.2,1,2025-04-01T02:19:34.852492346Z
354,23,89.5,1010.2,0,0,5.8,306.2,2.2,425,-113,-15,1,2025-04-01T02:24:34.840001945Z
355,23,89,1010.3,0,0,6.1,304.8,1.1,426,-114,-17,1,2025-04-01T02:29:34.876578892Z
356,23,88.5,1010.2,0,0,6.2,315.7,1.9,427,-114,-15.8,1,2025-04-01T02:34:34.844529169Z
357,23,88.5,1010.3,0,0,6.3,313,1.4,428,-113,-18.2,1,2025-04-01T02:39:34.842500756Z
358,23,89,1010.2,0,0,6.3,282.6,0.8,429,-113,-16.8,1,2025-04-01T02:44:34.866874552Z
359,23,90,1010.1,0,0,6.3,288.8,0.6,432,-114,-16.2,1,2025-04-01T02:59:34.827628306Z
360,23,90,1010.1,0,0,6.3,308.8,1.5,433,-114,-15.2,1,2025-04-01T03:04:34.851903945Z
361,23,88.5,1010,0,0,6.5,320,1.2,434,-113,-17.8,1,2025-04-01T03:09:34.824519613Z
362,23,88.5,1010,0,0,6.5,314.1,1.1,435,-115,-15,1,2025-04-01T03:14:34.830298442Z
363,23,88.5,1009.9,0,0,6.5,322.2,1.5,436,-104,-23.8,1,2025-04-01T03:19:34.813764798Z
364,23,88,1009.9,0,0,6.5,315.9,1.5,438,-112,-16,1,2025-04-01T03:29:34.808722608Z
365,23,87.5,1009.9,0,0,6.5,338.5,1.4,439,-104,-24.2,1,2025-04-01T03:34:34.845971155Z
366,23,85.5,1009.9,0,0,6.9,319.2,1.4,443,-116,-15.5,1,2025-04-01T03:54:34.814567266Z
367,23,86.5,1009.9,0,0,6.7,325.8,1,444,-113,-20.2,1,2025-04-01T03:59:34.792249527Z
368,23,87.5,1010,0,0,6.6,313.2,1.6,445,-114,-16.8,1,2025-04-01T04:04:34.7817468Z
369,23,88,1009.9,0,0,6.5,319.5,2.3,446,-112,-16.5,1,2025-04-01T04:09:34.796553333Z
370,23,88,1009.9,0,0,6.5,334.6,1.3,447,-104,-24.2,1,2025-04-01T04:14:34.827060467Z
371,23,89,1009.9,0,0,6.4,332.5,1.3,448,-111,-18.2,1,2025-04-01T04:19:34.78116196Z
372,23,89,1009.8,0,0,6.5,327.2,1.5,449,-113,-16,1,2025-04-01T04:24:34.77375184Z
373,23,89,1009.9,0,0,6.5,307.4,0.8,450,-115,-14.8,1,2025-04-01T04:29:34.769200493Z
374,23,89.5,1009.8,0,0,6.4,330.5,0.7,451,-114,-17.2,1,2025-04-01T04:34:34.775374118Z
375,23,90,1009.9,0,0,6.5,315.2,1,452,-104,-25.2,1,2025-04-01T04:39:34.762383637Z
376,22,88,1009.9,0,0,6.7,327.9,1.9,454,-113,-19.2,1,2025-04-01T04:49:34.838923694Z
377,22,88.5,1010,0,0,6.7,337.4,1.2,456,-114,-16.8,1,2025-04-01T04:59:34.758734185Z
378,22,89,1009.9,0,0,6.6,333.2,1.9,457,-111,-17,1,2025-04-01T05:04:34.811715061Z
379,22,89,1010.1,0,0,6.6,357.2,1.4,458,-115,-14.5,1,2025-04-01T05:09:34.749574787Z
380,93,75,1012.1,0,0,13.2,230.6,0.8,2,-111,-7.2,1,2025-05-03T03:11:11.431516296Z
381,93,73.5,1012.2,0,0,13.3,283.3,0.7,3,-110,-6.8,1,2025-05-03T03:20:38.661543479Z
382,92,73,1012.2,0,0,13.2,265.1,1.1,4,-108,-8.8,1,2025-05-03T03:30:38.654471952Z
383,92,68.5,1012.3,0,0,14.4,242.9,1.6,5,-113,-6.5,1,2025-05-03T03:40:38.632981148Z
384,92,70.5,1012.3,0,0,15.3,294.7,0.5,6,-114,-8,1,2025-05-03T03:50:38.635918177Z
385,92,67.5,1012.5,0,0,15.6,264.7,0.9,7,-113,-9,1,2025-05-03T04:00:38.618894682Z
386,92,72.5,1012.2,0,0,14.9,302.4,0.6,8,-110,-11.8,1,2025-05-03T04:10:38.608041514Z
387,92,74,1012.3,0,0,14.2,108,0.4,9,-113,-9,1,2025-05-03T04:20:38.620331003Z
388,91,71.5,1012.2,0,0,14.8,64.5,0.6,11,-103,-18,1,2025-05-03T04:40:38.847696523Z
389,91,71,1012.2,0,0,15.3,231.9,0.8,12,-110,-10.8,1,2025-05-03T04:50:38.649602743Z
390,91,72.5,1012.2,0,0,15.2,110.7,0.6,13,-112,-7,1,2025-05-03T05:00:38.56571766Z
391,91,75,1012.4,0,0,15.5,285.8,0.2,14,-109,-12.2,1,2025-05-03T05:10:38.675975201Z
392,91,81,1012.5,0,0,15.2,245.1,0.7,15,-112,-8.8,1,2025-05-03T05:20:38.567829586Z
393,91,81.5,1012.6,0,0,14.8,86.7,0.3,16,-110,-8,1,2025-05-03T05:30:38.567747002Z
394,91,83,1012.4,0,0,14.8,267.4,0.4,17,-114,-7.8,1,2025-05-03T05:40:38.533951104Z
395,91,80.5,1012.6,0,0,15.8,191.5,0.2,18,-112,-10,1,2025-05-03T05:50:38.579543869Z
396,91,65,1012.2,0,0,18.7,29.7,0.3,19,-104,-16,1,2025-05-03T06:00:38.515753729Z
397,91,49,1012,0,0,21.1,296.3,0.4,20,-111,-11,1,2025-05-03T06:10:38.513017512Z
398,91,54.5,1012.1,0,0,21.7,201.3,0.5,21,-112,-9.2,1,2025-05-03T06:20:38.509296017Z
399,98,54.5,1012.1,0,0,21.5,36.6,0.4,23,-109,-11.8,1,2025-05-03T06:40:38.555325114Z
400,98,51,1012,0,0,22.1,69.2,0.2,24,-110,-11.8,1,2025-05-03T06:50:38.748620118Z
401,98,50.5,1012.1,0,0,22.9,160.6,0.7,25,-113,-10,1,2025-05-03T07:00:38.468929534Z
402,98,47,1012,0,0,23.1,181.6,1.1,26,-111,-13,1,2025-05-03T07:10:38.463531611Z
403,98,41,1012.2,0,0,24.2,190,2.9,28,-111,-12.2,1,2025-05-03T07:30:38.446569535Z
404,98,45.5,1012.4,0,0,23.2,200.8,1.8,29,-112,-6.8,1,2025-05-03T07:40:38.434011691Z
405,100,43.5,1012.2,0,0,23.6,188.9,3,30,-111,-10.8,1,2025-05-03T07:50:38.454843028Z
406,100,43.5,1012,0,0,24.1,203,2.6,31,-112,-10.2,1,2025-05-03T08:00:38.41331986Z
407,100,41,1011.9,0,0,24.8,230.9,2.5,32,-112,-7.2,1,2025-05-03T08:10:38.408396753Z
408,100,42,1011.8,0,0,24.9,231.9,2.9,33,-111,-12.2,1,2025-05-03T08:20:38.414643753Z
409,100,40.5,1011.9,0,0,24.8,217.6,3.3,34,-114,-10,1,2025-05-03T08:30:38.399647414Z
410,100,40,1011.9,0,0,25.3,215.6,4.8,35,-104,-18.2,1,2025-05-03T08:40:38.390787512Z
411,100,37.5,1011.8,0,0,25.4,250.3,3.9,37,-112,-8.2,1,2025-05-03T09:00:38.624632548Z
412,100,42.5,1011.9,0,0,25.9,208.7,1.7,38,-104,-17.2,1,2025-05-03T09:10:38.378316824Z
413,100,40,1012,0,0,25.2,190.4,3.6,39,-115,-7,1,2025-05-03T09:20:38.365007342Z
414,100,38,1012,0,0,24.9,219.1,2.6,40,-112,-7.2,1,2025-05-03T09:30:38.359809245Z
415,100,37.5,1011.9,0,0,25.5,177.1,3.4,41,-114,-9.2,1,2025-05-03T09:40:38.358692666Z
416,100,32,1011.8,0,0,26.1,191.2,4.4,42,-115,-7.2,1,2025-05-03T09:50:38.34813221Z
417,100,33,1011.7,0,0,26,180.6,4.7,43,-104,-16,1,2025-05-03T10:00:38.361538591Z
418,100,34.5,1011.8,0,0,26.1,185.1,2.8,44,-110,-10.5,1,2025-05-03T10:10:38.320347866Z
419,100,33.5,1011.6,0,0,26.2,189.8,3.3,45,-112,-6.5,1,2025-05-03T10:20:38.330192965Z
420,100,33,1011.6,0,0,26.4,204.6,2.8,46,-103,-17.2,1,2025-05-03T10:30:38.312502084Z
421,100,32.5,1011.5,0,0,26.8,169.9,3.9,47,-113,-8.2,1,2025-05-03T10:40:38.307379196Z
422,100,32,1011.4,0,0,27.4,216.7,5.6,48,-111,-10,1,2025-05-03T10:50:38.339382169Z
423,100,31.5,1011.4,0,0,26.6,171.9,4.5,49,-114,-7.8,1,2025-05-03T11:00:38.362545211Z
424,100,34,1011.3,0,0,26.6,192.7,3.8,50,-114,-7.8,1,2025-05-03T11:10:38.546390218Z
425,100,31.5,1011.2,0,0,26.3,180.9,6.6,51,-112,-8.5,1,2025-05-03T11:20:38.33860356Z
426,100,31.5,1011.1,0,0,26.7,171.8,6.7,52,-113,-6.8,1,2025-05-03T11:30:38.271893254Z
427,100,30.5,1011.1,0,0,27.4,183.3,4.9,53,-116,-5.2,1,2025-05-03T11:40:38.300207563Z
428,100,30.5,1011,0,0,26.5,180.5,5.6,54,-114,-7.5,1,2025-05-03T11:50:38.270205629Z
429,100,33,1010.9,0,0,26.8,194.5,5,55,-111,-9.5,1,2025-05-03T12:00:38.292153731Z
430,100,30.5,1010.8,0,0,27.2,199,4.4,56,-111,-8.5,1,2025-05-03T12:10:38.254103099Z
431,100,30.5,1010.7,0,0,26.9,217.3,5.9,57,-114,-6,1,2025-05-03T12:20:38.246688213Z
432,100,32.5,1010.5,0,0,27.1,190.6,3.4,58,-113,-8,1,2025-05-03T12:30:38.288457768Z
433,100,30,1010.3,0,0,27.3,174.4,6.9,59,-112,-6.8,1,2025-05-03T12:40:38.274473737Z
434,100,30,1010.1,0,0,27.3,185,6.6,60,-113,-7.2,1,2025-05-03T12:50:38.274844516Z
435,100,30.5,1010.2,0,0,26.8,188,6.1,61,-111,-6.5,1,2025-05-03T13:00:38.228905323Z
436,100,29,1010.2,0,0,26.3,196.8,8.3,62,-104,-17.5,1,2025-05-03T13:10:38.270927714Z
437,100,30.5,1009.9,0,0,26,187.7,5.6,63,-111,-7.8,1,2025-05-03T13:20:38.504411998Z
438,100,33.5,1010,0,0,25.8,193.3,5.8,64,-111,-8,1,2025-05-03T13:30:38.190394877Z
439,100,30.5,1009.7,0,0,27,200.3,7.5,65,-115,-7.5,1,2025-05-03T13:40:38.187526879Z
440,100,30.5,1009.7,0,0,26.7,183,4.9,66,-112,-9.2,1,2025-05-03T13:50:38.189252296Z
441,100,33.5,1009.6,0,0,26.9,184.9,3.7,67,-111,-9.8,1,2025-05-03T14:00:38.213873567Z
442,100,31,1009.3,0,0,26.7,190.2,5.3,68,-112,-8.8,1,2025-05-03T14:10:38.198436703Z
443,100,34,1009.4,0,0,25.9,203.5,5.1,69,-110,-8,1,2025-05-03T14:20:38.195833797Z
444,100,32,1009.1,0,0,26.9,168.5,5.1,70,-114,-7.8,1,2025-05-03T14:30:38.137082373Z
445,100,35.5,1009.3,0,0,26.9,181.6,5,71,-113,-6.5,1,2025-05-03T14:40:38.134275296Z
446,100,34.5,1009.1,0,0,26.5,183.3,5.7,72,-112,-7,1,2025-05-03T14:50:38.146285814Z
447,100,37,1009.2,0,0,25,192.3,4.4,73,-113,-9,1,2025-05-03T15:00:38.153234396Z
448,100,41,1009.1,0,0,24.5,194.5,2.9,74,-114,-7.2,1,2025-05-03T15:10:38.11175152Z
449,100,39.5,1009,0,0,24.3,178.6,3.2,75,-114,-6.8,1,2025-05-03T15:20:38.170102169Z
450,100,39.5,1009,0,0,24.2,164.7,4.4,76,-110,-11.2,1,2025-05-03T15:30:38.372859555Z
451,100,40.5,1009,0,0,24,180.1,2.6,77,-109,-12,1,2025-05-03T15:40:38.094348197Z
452,100,39.5,1008.8,0,0,23.8,178,5.6,78,-114,-7,1,2025-05-03T15:50:38.09731163Z
453,100,39.5,1008.8,0,0,23.6,193.9,4,79,-114,-8,1,2025-05-03T16:00:38.077518413Z
454,100,38.5,1008.8,0,0,23.4,185.5,4.7,80,-112,-5.2,1,2025-05-03T16:10:38.074835194Z
455,100,37.5,1008.7,0,0,23.3,192.3,4.3,81,-113,-7.5,1,2025-05-03T16:20:38.111612631Z
456,100,37.5,1008.6,0,0,23.3,195.4,4.8,82,-114,-7.2,1,2025-05-03T16:30:38.043974114Z
457,100,37,1008.4,0,0,22.8,167.7,5.2,83,-104,-16.5,1,2025-05-03T16:40:38.112607798Z
458,100,37,1008.5,0,0,22.5,202.5,3.1,85,-111,-7.5,1,2025-05-03T17:00:38.079007453Z
459,100,37,1008.2,0,0,22.3,201.9,3.8,86,-104,-16,1,2025-05-03T17:10:38.022453669Z
460,100,36,1008.1,0,0,22.2,199.2,5.6,87,-112,-9.2,1,2025-05-03T17:20:38.06153974Z
461,100,37,1008.3,0,0,22,183.2,4.5,88,-110,-8,1,2025-05-03T17:30:38.002592782Z
462,100,36.5,1008.3,0,0,21.9,195.3,6.4,89,-115,-7.5,1,2025-05-03T17:40:38.257310898Z
463,100,38.5,1008.2,0,0,21.7,190.9,7.8,90,-114,-7.8,1,2025-05-03T17:50:38.0310886Z
464,100,40,1008.1,0,0,21.4,184.8,7.3,91,-109,-12.5,1,2025-05-03T18:00:37.980712789Z
465,100,41,1008.2,0,0,21.3,187.4,5.1,92,-114,-6.2,1,2025-05-03T18:10:37.972047931Z
466,100,41,1008.2,0,0,21.3,182.9,5.9,93,-113,-8.2,1,2025-05-03T18:20:37.967305829Z
467,100,42.5,1008.1,0,0,21.1,187.1,5.6,94,-112,-8,1,2025-05-03T18:30:37.958374866Z
468,100,44,1008.1,0,0,20.8,193,8,95,-113,-5.5,1,2025-05-03T18:40:37.993519152Z
469,100,52.5,1008.2,0,0,19.6,199.1,5.2,97,-112,-10,1,2025-05-03T19:00:37.93498363Z
470,100,53,1008.3,0,0,19.2,192.4,6.5,98,-114,-8.8,1,2025-05-03T19:10:37.906595454Z
471,100,54.5,1008.3,0,0,19.1,206.6,2.5,99,-112,-8.8,1,2025-05-03T19:20:37.963409613Z
472,100,55,1008.4,0,0,18.9,188.3,1.2,100,-112,-11.2,1,2025-05-03T19:30:38.52422693Z
473,100,58.5,1008.4,0,0,18.4,228.1,3.1,101,-111,-11.2,1,2025-05-03T19:40:41.674705025Z
474,100,42,1013.3,0,0.05,26.3,188.5,2.8,16,-110,-4.8,1,2025-06-04T08:23:38.031004904Z
475,100,40.5,1013.3,0,0.06,26.4,184.6,5.2,17,-109,-6.5,1,2025-06-04T08:24:38.061476991Z
476,100,37.5,1013.2,0,0.06,26.5,177.5,8.4,18,-112,-5.8,1,2025-06-04T08:25:38.034843658Z
477,100,38.5,1013.4,0,0.06,26.5,190.9,5.4,19,-108,-7,1,2025-06-04T08:26:38.040385144Z
478,100,38,1013.3,0,0.06,26.4,194.2,6.6,21,-111,-5,1,2025-06-04T08:27:52.100103786Z
479,100,37,1013.5,0,0.06,26.5,197.8,3.3,22,-109,-5.2,1,2025-06-04T08:37:52.124898688Z
480,100,36,1013.7,0,0.06,26.8,215.1,5.5,23,-109,-7.5,1,2025-06-04T08:47:52.089100305Z
481,100,38,1013.7,0,0.06,26.5,210.7,5.2,24,-113,-5,1,2025-06-04T08:57:52.253348472Z
482,100,38,1013.7,0,0.06,26.5,210.7,5.2,24,-111,-6,1,2025-06-04T08:57:59.467047032Z
483,100,42.5,1013.7,0,0.06,25.4,191.2,3.2,25,-110,-5.8,1,2025-06-04T09:07:52.066976384Z
484,100,42.5,1013.7,0,0.06,25.4,191.2,3.2,25,-112,-7.5,1,2025-06-04T09:07:58.931568211Z
485,100,43,1013.7,0,0.06,25.3,177.9,2.4,26,-113,-10,1,2025-06-04T09:17:52.083862555Z
486,100,43,1013.7,0,0.06,25.3,177.9,2.4,26,-108,-5,1,2025-06-04T09:17:57.749862524Z
487,100,44.5,1013.6,0,0.06,25.2,169.9,1.4,27,-112,-10.2,1,2025-06-04T09:27:52.079503205Z
488,100,44.5,1013.6,0,0.06,25.2,169.9,1.4,27,-112,-10.5,1,2025-06-04T09:27:57.29230793Z
489,100,38.5,1013.3,0,0.06,25.6,145,2.3,28,-111,-6.5,1,2025-06-04T09:37:52.040961731Z
490,100,38.5,1013.3,0,0.06,25.6,145,2.3,28,-109,-6.2,1,2025-06-04T09:37:58.10449242Z
491,100,35.5,1013.1,0,0.06,25.5,160.5,3.6,29,-113,-6.2,1,2025-06-04T09:47:52.036010422Z
492,100,35.5,1013.1,0,0.06,25.5,160.5,3.6,29,-113,-6.2,1,2025-06-04T09:47:58.829233343Z
493,100,36.5,1013,0,0.06,25.1,147.6,4.1,30,-110,-11.8,1,2025-06-04T09:57:58.679717146Z
494,100,38,1013,0,0.06,25.3,153.3,4.2,31,-113,-6.8,1,2025-06-04T10:07:52.0249942Z
495,100,38,1013,0,0.06,25.3,153.3,4.2,31,-113,-7,1,2025-06-04T10:07:57.956714874Z
496,100,40,1012.8,0,0.06,25.3,141.2,3.1,32,-103,-20.2,1,2025-06-04T10:17:52.042924075Z
497,100,40,1012.8,0,0.06,25.3,141.2,3.1,32,-113,-9,1,2025-06-04T10:17:58.319283157Z
498,100,38.5,1012.7,0,0.06,25.8,178.1,5,33,-112,-7.8,1,2025-06-04T10:27:52.009158603Z
499,100,38.5,1012.7,0,0.06,25.8,178.1,5,33,-108,-7.2,1,2025-06-04T10:27:58.935927065Z
500,100,38.5,1012.8,0,0.06,26.8,160.4,5,34,-111,-9.5,1,2025-06-04T10:37:52.006318193Z
501,100,38.5,1012.8,0,0.06,26.8,160.4,5,34,-112,-6.5,1,2025-06-04T10:37:57.943002214Z
502,100,36,1012.7,0,0.06,27.1,167.3,5,35,-113,-9.5,1,2025-06-04T10:47:52.060574584Z
503,100,36,1012.7,0,0.06,27.1,167.3,5,35,-110,-5.5,1,2025-06-04T10:47:57.890367084Z
504,100,36.5,1012.8,0,0.06,27.7,140.3,4,36,-109,-9,1,2025-06-04T10:57:52.00456899Z
505,100,36.5,1012.8,0,0.06,27.7,140.3,4,36,-113,-11.5,1,2025-06-04T10:57:57.922223998Z
506,100,37,1012.5,0,0.06,27.4,137.7,3.2,37,-113,-8.2,1,2025-06-04T11:07:51.970159945Z
507,100,37,1012.5,0,0.06,27.4,137.7,3.2,37,-113,-9.5,1,2025-06-04T11:07:57.544299Z
508,100,39,1012.3,0,0.06,27.4,134,2.4,38,-109,-6,1,2025-06-04T11:17:51.994234527Z
509,100,39,1012.3,0,0.06,27.4,134,2.4,38,-114,-6,1,2025-06-04T11:17:57.642493705Z
510,100,40,1012.4,0,0.06,27.6,175.3,1.9,39,-111,-7.5,1,2025-06-04T11:27:51.962305019Z
511,100,40,1012.4,0,0.06,27.6,175.3,1.9,39,-114,-8.2,1,2025-06-04T11:27:57.213741563Z
512,100,36.5,1012.3,0,0.06,27.8,177.8,4.2,40,-113,-6.2,1,2025-06-04T11:37:51.989868155Z
513,100,36.5,1012.3,0,0.06,27.8,177.8,4.2,40,-107,-5.8,1,2025-06-04T11:37:58.869076074Z
514,100,38.5,1012.2,0,0.06,27.5,159.4,2.3,41,-109,-5.5,1,2025-06-04T11:47:51.947324678Z
515,100,38.5,1012.2,0,0.06,27.5,159.4,2.3,41,-112,-5.8,1,2025-06-04T11:47:58.029081417Z
516,100,38.5,1012.1,0,0.06,28.7,193.4,2.8,42,-108,-6,1,2025-06-04T11:57:51.961877687Z
517,100,38.5,1012.1,0,0.06,28.7,193.4,2.8,42,-109,-9.2,1,2025-06-04T11:57:59.162410829Z
518,100,34.5,1012.1,0,0.06,28.9,179.1,4.3,43,-110,-10.8,1,2025-06-04T12:07:51.943281173Z
519,100,34.5,1012.1,0,0.06,28.9,179.1,4.3,43,-111,-11,1,2025-06-04T12:07:57.79364036Z
520,100,35.5,1012.1,0,0.06,28.5,193.2,3.1,44,-113,-9,1,2025-06-04T12:17:51.96389992Z
521,100,35.5,1012.1,0,0.06,28.5,193.2,3.1,44,-113,-8,1,2025-06-04T12:17:58.812315896Z
522,100,38,1011.9,0,0.06,29.2,165,2.6,45,-112,-6.8,1,2025-06-04T12:27:51.926362559Z
523,100,38,1011.9,0,0.06,29.2,165,2.6,45,-105,-9.2,1,2025-06-04T12:27:58.67314921Z
524,100,34.5,1011.8,0,0.06,29.8,179.5,2.2,46,-113,-8.5,1,2025-06-04T12:37:51.959801907Z
525,100,34.5,1011.8,0,0.06,29.8,179.5,2.2,46,-108,-8.2,1,2025-06-04T12:37:57.593608512Z
526,100,34,1011.7,0,0.06,30,109.3,2,47,-114,-9,1,2025-06-04T12:47:51.968800719Z
527,100,34,1011.7,0,0.06,30,109.3,2,47,-113,-5.2,1,2025-06-04T12:47:58.929315278Z
528,100,33.5,1011.7,0,0.06,29.3,185.9,3.1,48,-112,-7,1,2025-06-04T12:57:51.935488215Z
529,100,33.5,1011.7,0,0.06,29.3,185.9,3.1,48,-113,-7.5,1,2025-06-04T12:57:58.355869955Z
530,100,35,1011.8,0,0.06,29.2,172.1,3.7,49,-112,-7.5,1,2025-06-04T13:07:51.91087928Z
531,100,35,1011.8,0,0.06,29.2,172.1,3.7,49,-115,-8,1,2025-06-04T13:07:57.607345821Z
532,100,34,1011.8,0,0.06,29.4,209.7,5.1,50,-108,-5.5,1,2025-06-04T13:17:51.912399193Z
533,100,34,1011.8,0,0.06,29.4,209.7,5.1,50,-111,-7.8,1,2025-06-04T13:17:57.479921627Z
534,100,32.5,1011.7,0,0.06,29,184,5,51,-112,-7.2,1,2025-06-04T13:27:51.922223955Z
535,100,32.5,1011.7,0,0.06,29,184,5,51,-112,-7,1,2025-06-04T13:27:58.681240939Z
536,100,32,1011.7,0,0.06,29.4,173.6,4.6,52,-112,-9.5,1,2025-06-04T13:37:51.93862901Z
537,100,32,1011.7,0,0.06,29.4,173.6,4.6,52,-112,-7,1,2025-06-04T13:37:58.364090869Z
538,100,35,1011.8,0,0.06,29.4,179.2,3.4,53,-113,-7.2,1,2025-06-04T13:47:51.892550668Z
539,100,35,1011.8,0,0.06,29.4,179.2,3.4,53,-113,-7.5,1,2025-06-04T13:47:57.662198996Z
540,100,33.5,1011.8,0,0.06,28.6,184.2,4.6,54,-112,-6,1,2025-06-04T13:57:51.922674556Z
541,100,33.5,1011.8,0,0.06,28.6,184.2,4.6,54,-112,-7.2,1,2025-06-04T13:57:58.640005065Z
542,100,35.5,1011.9,0,0.06,28.1,184.6,4,55,-109,-6,1,2025-06-04T14:07:51.885716237Z
543,100,35.5,1011.9,0,0.06,28.1,184.6,4,55,-112,-6.2,1,2025-06-04T14:07:57.644891291Z
544,100,37.5,1012,0,0.06,28.5,185.3,4.1,57,-112,-7.2,1,2025-06-04T14:27:51.881029764Z
545,100,37.5,1012,0,0.06,28.5,185.3,4.1,57,-112,-8.5,1,2025-06-04T14:27:58.839615062Z
546,100,35,1011.9,0,0.06,29.3,185.9,3.2,58,-108,-5.5,1,2025-06-04T14:37:51.885970231Z
547,100,35,1011.9,0,0.06,29.3,185.9,3.2,58,-114,-7.8,1,2025-06-04T14:37:58.527841531Z
548,100,38.5,1011.8,0,0.06,29.3,195.4,3.2,59,-113,-6.5,1,2025-06-04T14:47:51.874182001Z
549,100,38.5,1011.8,0,0.06,29.3,195.4,3.2,59,-112,-7.8,1,2025-06-04T14:47:58.391181738Z
550,100,38,1011.8,0,0.06,28.8,193.9,5.3,60,-112,-5.8,1,2025-06-04T14:57:51.884926839Z
551,100,38,1011.8,0,0.06,28.8,193.9,5.3,60,-113,-4.2,1,2025-06-04T14:57:58.210549848Z
552,100,38.5,1011.7,0,0.06,28.6,190.1,3.2,61,-109,-6.8,1,2025-06-04T15:07:51.906489873Z
553,100,38.5,1011.7,0,0.06,28.6,190.1,3.2,61,-111,-8.2,1,2025-06-04T15:07:57.876197845Z
554,100,39.5,1011.6,0,0.06,27.7,197.8,4.1,62,-109,-6.8,1,2025-06-04T15:17:51.839224343Z
555,100,39.5,1011.6,0,0.06,27.7,197.8,4.1,62,-113,-6.5,1,2025-06-04T15:17:58.207985085Z
556,100,40,1011.6,0,0.06,27.7,182.5,2.8,63,-109,-5.8,1,2025-06-04T15:27:51.846287634Z
557,100,40,1011.6,0,0.06,27.7,182.5,2.8,63,-112,-6.5,1,2025-06-04T15:27:58.915974098Z
558,100,38.5,1011.5,0,0.06,27.8,170.4,3.5,64,-111,-7.5,1,2025-06-04T15:37:54.032132008Z
559,100,38.5,1011.5,0,0.06,27.8,170.4,3.5,64,-113,-6.2,1,2025-06-04T15:38:00.452720838Z
560,100,41.5,1011.4,0,0.06,28,188.5,2.7,65,-112,-7,1,2025-06-04T15:47:51.837607339Z
561,100,41.5,1011.4,0,0.06,28,188.5,2.7,65,-110,-4,1,2025-06-04T15:47:57.039279439Z
562,100,40,1011.3,0,0.06,27.5,186.6,3.3,66,-113,-6.2,1,2025-06-04T15:57:51.816555623Z
563,100,40,1011.3,0,0.06,27.5,186.6,3.3,66,-113,-8,1,2025-06-04T15:57:57.579972151Z
564,100,43.5,1011.2,0,0.06,27.4,197.9,2.3,67,-114,-6,1,2025-06-04T16:07:51.831477181Z
565,100,43.5,1011.2,0,0.06,27.4,197.9,2.3,67,-114,-5,1,2025-06-04T16:07:57.658611651Z
566,100,40.5,1011,0,0.06,27.7,180.3,3.4,68,-107,-6.8,1,2025-06-04T16:17:51.796113557Z
567,100,40.5,1011,0,0.06,27.7,180.3,3.4,68,-113,-7,1,2025-06-04T16:17:58.697279154Z
568,100,42,1010.8,0,0.06,28.2,180,2.4,69,-112,-10,1,2025-06-04T16:27:51.79041284Z
569,100,42,1010.8,0,0.06,28.2,180,2.4,69,-112,-10.2,1,2025-06-04T16:27:57.498281297Z
570,100,41,1010.9,0,0.06,28.3,176.1,2.5,70,-109,-4.2,1,2025-06-04T16:37:53.984465605Z
571,100,41,1010.9,0,0.06,28.3,176.1,2.5,70,-114,-8,1,2025-06-04T16:37:59.818093199Z
572,100,42,1010.9,0,0.06,28,164.7,2.7,71,-112,-4.5,1,2025-06-04T16:47:51.788780473Z
573,100,42,1010.9,0,0.06,28,164.7,2.7,71,-112,-7.2,1,2025-06-04T16:47:57.587213697Z
574,100,42.5,1011,0,0.06,27.9,181.5,2.2,72,-114,-9.5,1,2025-06-04T16:57:51.781824867Z
575,100,42.5,1011,0,0.06,27.9,181.5,2.2,72,-110,-8.8,1,2025-06-04T16:57:58.552453609Z
576,100,43,1011,0,0.06,27.7,171,3.2,73,-109,-5.8,1,2025-06-04T17:07:51.769883882Z
577,100,43,1011,0,0.06,27.7,171,3.2,73,-113,-12.2,1,2025-06-04T17:07:58.761686462Z
578,100,45,1011,0,0.06,26.8,174,2.4,74,-113,-10.2,1,2025-06-04T17:17:51.76797593Z
579,100,45,1011,0,0.06,26.8,174,2.4,74,-111,-10.5,1,2025-06-04T17:17:57.786979754Z
580,100,45,1011,0,0.06,26.7,163,1.8,75,-111,-6.8,1,2025-06-04T17:27:51.755648808Z
581,100,45,1011,0,0.06,26.7,163,1.8,75,-112,-6.5,1,2025-06-04T17:27:57.655491855Z
582,100,46,1011,0,0.06,26.2,167,1.6,76,-112,-4.5,1,2025-06-04T17:37:51.782105008Z
583,100,46,1011,0,0.06,26.2,167,1.6,76,-114,-8,1,2025-06-04T17:37:58.584448384Z
584,100,45,1011,0,0.06,26,159.5,2.7,77,-113,-9.5,1,2025-06-04T17:47:51.756413081Z
585,100,46.5,1010.9,0,0.06,25.7,133.7,1.2,78,-114,-7.2,1,2025-06-04T17:57:51.739372517Z
586,100,47.5,1010.8,0,0.06,25.3,136.9,1.3,79,-109,-6.5,1,2025-06-04T18:07:51.720887544Z
587,100,47,1010.8,0,0.06,25.3,144.8,1.7,80,-108,-5.8,1,2025-06-04T18:17:51.717064783Z
588,100,47,1010.8,0,0.06,25.1,160.3,2.1,81,-110,-7.5,1,2025-06-04T18:27:51.710391011Z
589,100,47,1010.6,0,0.07,25.2,158.1,2.4,82,-111,-5.5,1,2025-06-04T18:37:51.762094901Z
590,100,49,1011,0,0.07,25.1,184.9,1.2,83,-112,-5.8,1,2025-06-04T18:47:51.731057715Z
591,100,52,1010.9,0,0.23,24.8,89.4,0.9,84,-105,-8.8,1,2025-06-04T18:57:51.682771476Z
592,100,62,1011,0,0.34,23.3,45,0.6,85,-112,-5.2,1,2025-06-04T19:07:51.691267377Z
593,100,64,1011,0,0.34,22.6,45.8,0.5,86,-113,-4.2,1,2025-06-04T19:17:51.669734868Z
594,100,66,1010.9,0,0.34,22.4,46,0.3,87,-109,-5.5,1,2025-06-04T19:27:51.65892098Z
595,100,67.5,1010.9,0,0.34,22,266,0.3,88,-109,-7.8,1,2025-06-04T19:37:51.649999749Z
596,100,81,1011,0,0.34,21.5,285.1,0.2,89,-111,-4,1,2025-06-04T19:47:51.636673345Z
597,100,75,1011.2,0,0,21,322.4,1,90,-112,-4.2,1,2025-06-04T19:57:51.647370501Z
598,100,70.5,1011.2,0,0,21.5,36.1,0.5,91,-114,-5.8,1,2025-06-04T20:07:51.618960753Z
599,100,74.5,1011.3,0,0,21.5,14.4,0.7,92,-110,-5.8,1,2025-06-04T20:17:51.620372603Z
600,100,74.5,1011.2,0,0,21.5,19.3,0.4,93,-111,-6.2,1,2025-06-04T20:27:51.61083942Z
601,100,78,1011.4,0,0,21,343.7,0.3,94,-113,-8.5,1,2025-06-04T20:37:51.602243508Z
602,100,79.5,1011.3,0,0,20.6,316,0.8,95,-112,-12,1,2025-06-04T20:47:51.589773108Z
603,100,73,1011.4,0,0,20.8,29.6,0.5,96,-116,-10.2,1,2025-06-04T20:57:51.61656238Z
604,100,68,1011.3,0,0,21.3,66.3,0.3,97,-110,-9.2,1,2025-06-04T21:07:51.583011588Z
605,100,70,1011.2,0,0,21.4,190.7,1.4,98,-110,-5.8,1,2025-06-04T21:17:51.617144414Z
606,100,72.5,1011.2,0,0,20.9,168.7,0.6,99,-105,-8,1,2025-06-04T21:27:53.738121498Z
607,100,72,1011.1,0,0,20.9,148.2,0.6,100,-112,-3.2,1,2025-06-04T21:37:51.601005806Z
608,100,80.5,1011.2,0,0,20.1,48.3,0.4,101,-113,-4,1,2025-06-04T21:47:51.542109934Z
609,100,78,1011.1,0,0,19.8,296.6,0.4,102,-110,-5.2,1,2025-06-04T21:57:51.53726217Z
610,99,75,1011,0,0,19.9,212,0.9,103,-108,-7,1,2025-06-04T22:07:51.561108709Z
611,99,73.5,1011,0,0,20.4,102.5,0.9,104,-113,-4.5,1,2025-06-04T22:17:51.534829466Z
612,99,77.5,1011.1,0,0,19.9,313.1,0.6,105,-109,-5.8,1,2025-06-04T22:27:51.51538584Z
613,99,78,1011.1,0,0,20,284.9,0.9,106,-113,-6.5,1,2025-06-04T22:37:51.49891077Z
614,99,81.5,1011.3,0,0,19.1,68.8,0.5,107,-113,-4.2,1,2025-06-04T22:47:51.479223298Z
615,99,80,1011.3,0,0,19,294.9,0.4,108,-112,-4.5,1,2025-06-04T22:57:51.48330288Z
616,99,80.5,1011.2,0,0,19.3,251.4,1,109,-114,-5.8,1,2025-06-04T23:07:51.473231369Z
617,97,74,1011.3,0,0,19.4,210.7,1.6,110,-114,-7.2,1,2025-06-04T23:17:51.521972069Z
618,97,78,1011.3,0,0,19.4,208.5,1.1,111,-113,-4.8,1,2025-06-04T23:27:51.450306352Z
619,97,74.5,1011.3,0,0,20.1,227,1.9,112,-111,-5,1,2025-06-04T23:37:51.481541267Z
620,97,66.5,1011.3,0,0,20.4,219.7,2,113,-111,-5,1,2025-06-04T23:47:51.468025043Z
621,97,65,1011.4,0,0,20.8,244.8,1.7,114,-111,-5,1,2025-06-04T23:57:51.415496903Z
622,97,70.5,1011.4,0,0,19.9,208.2,1.5,115,-111,-4,1,2025-06-05T00:07:51.410928625Z
623,96,71,1011.3,0,0,19.7,236.4,1.8,116,-113,-4.8,1,2025-06-05T00:17:51.428570347Z
624,96,67.5,1011.3,0,0,20.2,253.8,1.3,117,-112,-4,1,2025-06-05T00:27:51.391653679Z
625,96,62,1011.3,0,0,20.7,235.4,1.7,118,-113,-7,1,2025-06-05T00:37:51.388246084Z
626,96,58.5,1011.3,0,0,21.2,212.8,1.3,119,-111,-5,1,2025-06-05T00:47:51.377391046Z
627,96,67,1011.2,0,0,20.5,284.9,0.8,120,-112,-5.8,1,2025-06-05T00:57:51.373190802Z
628,96,60,1011.4,0,0,20.6,225.8,1.9,121,-112,-5.2,1,2025-06-05T01:07:51.361800738Z
629,96,68.5,1011.4,0,0,20.2,261.4,1.5,122,-111,-6.5,1,2025-06-05T01:17:51.350883938Z
630,94,71.5,1011.2,0,0,19.4,305.4,0.3,123,-114,-5,1,2025-06-05T01:27:51.390168871Z
631,94,72.5,1011.2,0,0,19,242.1,0.8,124,-114,-4.8,1,2025-06-05T01:37:53.505575814Z
632,94,70.5,1011.2,0,0,19,231.6,0.4,125,-113,-5.2,1,2025-06-05T01:47:51.380753917Z
633,94,76.5,1011.1,0,0,18.5,193.5,0.8,126,-113,-3,1,2025-06-05T01:57:51.355709541Z
634,94,76,1011.3,0,0,18.1,139.1,0.9,127,-110,-6.5,1,2025-06-05T02:07:51.318598267Z
635,94,74.5,1011.2,0,0,18.2,157.7,0.9,128,-111,-4.2,1,2025-06-05T02:17:51.300302139Z
636,93,77.5,1011.2,0,0,17.5,68.1,0.2,129,-113,-6.2,1,2025-06-05T02:27:51.30804974Z
637,93,81,1011.3,0,0,16.8,55,0.3,130,-115,-5.8,1,2025-06-05T02:37:51.349521078Z
638,93,73,1011.3,0,0,17.9,302.5,0.6,131,-112,-6.2,1,2025-06-05T02:47:51.264089162Z
639,93,77.5,1011.4,0,0,17.2,260,1,132,-111,-3.8,1,2025-06-05T02:57:51.293159384Z
640,93,80,1011.6,0,0,16.6,180.9,0.2,133,-110,-6.2,1,2025-06-05T03:07:51.249121254Z
641,93,79.5,1011.6,0,0,16.4,317.5,0.1,134,-110,-6.2,1,2025-06-05T03:17:51.248688309Z
642,92,80.5,1011.5,0,0,16.4,46.6,0.2,135,-110,-4,1,2025-06-05T03:27:51.257673182Z
643,92,82.5,1011.5,0,0,16,207.9,1,136,-113,-3,1,2025-06-05T03:37:51.247934989Z
644,92,83,1011.5,0,0,15.9,115.2,0.7,137,-112,-7,1,2025-06-05T03:47:51.248778489Z
645,92,81.5,1011.4,0,0,16.3,249.5,0.6,138,-113,-2.2,1,2025-06-05T03:57:51.206598454Z
646,92,81,1011.6,0,0,16.4,105.2,0.4,139,-113,-5.5,1,2025-06-05T04:07:51.219431492Z
647,92,75,1011.6,0,0,17.1,118.5,1.2,140,-108,-7,1,2025-06-05T04:17:51.19063651Z
648,91,76.5,1011.8,0,0,17.3,202.2,0.9,141,-113,-5.2,1,2025-06-05T04:27:51.202699558Z
649,91,79,1011.7,0,0,17.4,358.2,0.7,142,-111,-6,1,2025-06-05T04:37:51.172405702Z
650,91,79,1011.6,0,0,17.6,100.7,0.7,143,-113,-4.5,1,2025-06-05T04:47:51.276374785Z
651,91,77,1011.8,0,0,18.1,214.6,1.1,144,-110,-6,1,2025-06-05T04:57:51.204199524Z
652,91,74,1012,0,0,19.2,258.7,1.6,145,-113,-7.8,1,2025-06-05T05:07:53.315903482Z
653,91,70.5,1011.8,0,0,19.7,71.3,0.3,146,-105,-8.2,1,2025-06-05T05:17:51.135127153Z
654,93,71,1011.9,0,0,19.7,94.2,0.2,147,-108,-11.8,1,2025-06-05T05:27:51.159428134Z
655,93,73.5,1012.1,0,0,20.1,205.4,1,148,-113,-4.5,1,2025-06-05T05:37:51.120384799Z
656,93,72,1012.2,0,0.02,20.8,230.6,0.6,149,-108,-7,1,2025-06-05T05:47:51.137667279Z
657,93,59.5,1012,0,0.02,22.1,168.1,1.3,150,-108,-5,1,2025-06-05T05:57:51.101951494Z
658,93,56.5,1012,0,0.02,22.7,169.8,1.7,151,-110,-11.5,1,2025-06-05T06:07:51.093788137Z
659,93,52.5,1011.9,0,0.02,22.8,172.7,2.3,152,-108,-5,1,2025-06-05T06:17:51.08969544Z
660,93,54,1012.2,0,0.02,23.2,192.1,1.8,153,-113,-8.5,1,2025-06-05T06:27:51.080508575Z
661,97,56,1012.7,0,0.02,23.2,195.6,3.1,154,-112,-7.8,1,2025-06-05T06:37:51.082768473Z
662,97,56,1012.4,0,0.02,23.3,204.9,1.4,155,-111,-6.2,1,2025-06-05T06:47:51.053624863Z
663,97,46.5,1012.1,0,0.02,24.9,94.4,1.4,156,-104,-10.8,1,2025-06-05T06:57:51.056529175Z
664,97,44,1012,0,0.02,25.7,113.6,2.4,157,-114,-9.2,1,2025-06-05T07:07:51.036314916Z
665,97,41.5,1012,0,0.02,25.5,160,1.9,158,-112,-6,1,2025-06-05T07:17:51.046197741Z
666,97,42,1011.7,0,0.02,24.6,178.6,3.3,159,-113,-7.5,1,2025-06-05T07:27:51.037713802Z
667,97,47.5,1011.8,0,0.02,24.4,173.3,2.4,160,-108,-6,1,2025-06-05T07:37:51.015176669Z
668,100,42,1011.7,0,0.02,25.3,161.8,3.4,161,-110,-6.5,1,2025-06-05T07:47:51.038208854Z
669,100,46.5,1011.8,0,0.02,24.8,158.2,1.8,162,-107,-9.5,1,2025-06-05T07:57:51.00933932Z
670,100,47,1011.9,0,0.02,24.6,160.1,1.7,163,-112,-7.5,1,2025-06-05T08:07:51.004470785Z
671,100,52,1012,0,0.02,24.7,202.7,1.2,164,-98,-9,1,2025-06-05T08:17:50.98628522Z
672,100,49.5,1012.2,0,0.02,25.5,223.4,1.9,165,-111,-8.8,1,2025-06-05T08:27:51.031487975Z
673,100,48.5,1012.3,0,0.02,25.1,179.6,1.1,166,-110,-8.2,1,2025-06-05T08:37:50.979527674Z
674,100,47.5,1012.2,0,0.02,24.9,202.7,1.1,167,-114,-6.2,1,2025-06-05T08:47:50.982599175Z
675,100,44.5,1012.3,0,0.02,24.6,174,1.6,168,-109,-9.8,1,2025-06-05T08:57:51.013333603Z
676,100,49,1012.2,0,0.02,25,188.7,1.4,169,-108,-12.5,1,2025-06-05T09:07:50.957692951Z
677,100,45.5,1012.1,0,0.02,25.1,146.8,1.6,170,-109,-9.5,1,2025-06-05T09:17:50.951822032Z
678,100,45,1012,0,0.02,25.3,158.7,1.6,171,-113,-8,1,2025-06-05T09:27:50.941289204Z
679,100,44.5,1012,0,0.02,25.4,166.9,2.3,172,-111,-10,1,2025-06-05T09:37:51.015748324Z
680,100,47.5,1012,0,0.02,25.8,174.7,1.2,173,-107,-6.8,1,2025-06-05T09:47:50.952133676Z
681,100,41.5,1011.9,0,0.02,26.3,134.6,2,174,-113,-6.5,1,2025-06-05T09:57:50.920314414Z
682,100,46.5,1011.9,0,0.02,27.1,186.2,1,175,-112,-7.8,1,2025-06-05T10:07:50.900940383Z
683,100,41.5,1011.9,0,0.02,27.4,155.1,1.6,176,-113,-6,1,2025-06-05T10:17:50.901576771Z
684,100,43.5,1011.9,0,0.02,27.2,132.4,0.8,177,-113,-5.5,1,2025-06-05T10:27:50.899861827Z
685,100,44,1011.9,0,0.02,27.2,128.9,1.3,178,-114,-7.8,1,2025-06-05T10:37:50.89538109Z
686,100,40.5,1012,0,0.02,26.9,118,1.6,179,-110,-7,1,2025-06-05T10:47:50.906800047Z
687,100,41.5,1011.9,0,0.02,27,72,1.7,180,-112,-6,1,2025-06-05T10:57:50.878855225Z
688,100,40,1011.9,0,0.02,27.8,179.9,1.9,181,-111,-6,1,2025-06-05T11:07:50.874996124Z
689,100,43,1011.7,0,0.02,28,110.2,1,182,-114,-8.8,1,2025-06-05T11:17:50.86706932Z
690,100,40.5,1011.6,0,0.02,28.4,79.5,2.4,183,-114,-6.8,1,2025-06-05T11:27:50.855622631Z
691,100,39.5,1011.4,0,0.02,28.8,110.3,3.3,184,-112,-9,1,2025-06-05T11:37:50.856556031Z
692,100,35.5,1011.5,0,0.02,29,90.7,1.6,185,-113,-6,1,2025-06-05T11:47:50.855550228Z
693,100,41.5,1011.5,0,0.02,28.9,175.8,2.4,186,-112,-10.8,1,2025-06-05T11:57:50.860577111Z
694,100,39.5,1011.3,0,0.02,28.8,139.1,3,187,-107,-6.2,1,2025-06-05T12:07:50.838478163Z
695,100,38.5,1011.3,0,0.02,29.1,94.7,1.8,188,-112,-10.2,1,2025-06-05T12:17:50.836192798Z
696,100,42,1011.1,0,0.02,29.1,135.2,2.3,189,-112,-7.2,1,2025-06-05T12:27:50.826522316Z
697,100,45,1011.2,0,0.02,28.7,170.7,1.5,190,-104,-9.8,1,2025-06-05T12:37:50.816363809Z
698,100,39,1011.1,0,0.02,29.6,158.4,3,191,-109,-10.5,1,2025-06-05T12:47:50.816544501Z
699,100,37.5,1011.2,0,0.02,28.8,301.3,0.7,192,-107,-9.5,1,2025-06-05T12:57:50.805009141Z
700,100,42.5,1011.1,0,0.02,29.5,216.2,1,193,-114,-9.2,1,2025-06-05T13:07:50.841396137Z
701,100,50.5,1011.2,0,0.02,28.1,194.4,1.1,194,-112,-7.2,1,2025-06-05T13:17:50.787913527Z
702,100,49,1011,0,0.02,28.5,174.1,2.7,195,-113,-12,1,2025-06-05T13:27:50.794280364Z
703,100,45,1010.9,0,0.02,28.8,184.5,6.3,196,-105,-6.5,1,2025-06-05T13:37:50.787183645Z
704,100,46.5,1010.9,0,0.02,28,181.8,5.1,197,-114,-5.8,1,2025-06-05T13:47:50.769420334Z
705,100,48,1011,0,0.02,27.3,191.1,3.7,198,-108,-9,1,2025-06-05T13:57:50.775937824Z
706,100,47.5,1010.9,0,0.02,27.9,168.5,4,199,-112,-6.2,1,2025-06-05T14:07:50.789899411Z
707,100,48.5,1010.9,0,0.02,28.5,189.3,3.9,200,-114,-5.5,1,2025-06-05T14:17:50.769292349Z
708,100,45.5,1010.8,0,0.02,28.5,164.6,4.6,201,-113,-8.8,1,2025-06-05T14:27:50.758425891Z
709,100,45.5,1010.6,0,0.02,28.5,152.5,3.5,202,-109,-7.8,1,2025-06-05T14:37:50.756183459Z
710,100,47.5,1010.4,0,0.02,28.8,173.2,4.3,203,-112,-5.8,1,2025-06-05T14:47:50.735205866Z
711,100,46,1010.6,0,0.02,28.3,170.5,6,204,-108,-6.8,1,2025-06-05T14:57:50.740554331Z
712,100,46.5,1010.5,0,0.02,28.2,174.1,4.1,205,-112,-5.8,1,2025-06-05T15:07:50.80923866Z
713,100,49,1010.5,0,0.02,28.2,186.9,3.6,206,-105,-7.8,1,2025-06-05T15:17:50.725703403Z
714,100,47.5,1010.4,0,0.02,28.1,171.8,3.7,207,-108,-8,1,2025-06-05T15:27:50.730447381Z
715,100,47.5,1010.4,0,0.02,28.2,153.8,3.6,208,-112,-8.8,1,2025-06-05T15:37:50.709414013Z
716,100,50,1010.4,0,0.02,28.1,189.3,3.1,209,-108,-4,1,2025-06-05T15:47:52.880384746Z
717,100,49.5,1010.3,0,0.02,27.8,154.4,5.1,210,-112,-7.2,1,2025-06-05T15:57:50.692211733Z
718,100,52,1010.4,0,0.02,27.7,178.8,2.9,211,-113,-4.8,1,2025-06-05T16:07:52.875639782Z
719,100,51,1010.4,0,0.02,27.6,179.3,4.1,212,-114,-5.8,1,2025-06-05T16:17:50.702877015Z
720,100,50.5,1010.4,0,0.02,27.5,195.8,5.6,213,-114,-5.8,1,2025-06-05T16:27:50.688872686Z
721,100,52.5,1010.5,0,0.02,27.2,170.2,3,214,-112,-8.2,1,2025-06-05T16:37:50.672054434Z
722,100,53,1010.5,0,0.02,27.1,195.3,4.3,215,-114,-5.2,1,2025-06-05T16:47:50.671951196Z
723,100,51,1010.5,0,0.02,27.1,176.3,3.6,216,-113,-6,1,2025-06-05T16:57:50.674285191Z
724,100,55.5,1010.4,0,0.02,26.8,149.7,2.1,217,-113,-9.5,1,2025-06-05T17:07:50.663900502Z
725,100,55,1010.4,0,0.02,26.6,151.6,1.9,218,-110,-5.2,1,2025-06-05T17:17:50.706466256Z
726,100,56.5,1010.4,0,0.02,26.4,181.7,2.4,219,-111,-8,1,2025-06-05T17:27:50.648545506Z
727,100,57.5,1010.4,0,0.02,26.1,165.4,1.2,220,-114,-9.2,1,2025-06-05T17:37:50.632984181Z
728,100,57.5,1010.3,0,0.02,25.9,174.7,2.3,221,-112,-8,1,2025-06-05T17:47:50.632219667Z
729,100,56.5,1010.2,0,0.02,25.8,153.4,2.9,222,-111,-4.5,1,2025-06-05T17:57:50.621391077Z
730,100,58.5,1010.3,0,0.02,25.5,155.6,2,223,-113,-7.2,1,2025-06-05T18:07:50.623221764Z
731,100,60.5,1010.3,0,0.02,25.1,151.3,1.9,224,-110,-6.2,1,2025-06-05T18:17:50.611109409Z
732,100,61.5,1010.2,0,0.02,24.6,137.7,1.5,225,-110,-8.5,1,2025-06-05T18:27:50.703691976Z
733,100,63,1010.3,0,0.02,24.2,181.9,1.1,226,-113,-5.8,1,2025-06-05T18:37:50.595364297Z
734,100,63.5,1010.5,0,0.02,24,151.9,1.9,227,-112,-7.5,1,2025-06-05T18:47:50.582583754Z
735,100,65.5,1010.7,0,0.02,23.7,158.6,1.1,228,-113,-10.5,1,2025-06-05T18:57:50.578421376Z
736,100,68.5,1010.9,0,0.02,22.6,24.2,0.2,229,-112,-11.5,1,2025-06-05T19:07:50.571642115Z
737,100,72,1011,0,0.02,21.7,165.5,0.9,230,-113,-8.8,1,2025-06-05T19:17:50.564715536Z
738,100,73,1011,0,0.02,21.5,201.2,1,231,-113,-5.8,1,2025-06-05T19:27:50.608838737Z
739,100,71.5,1011.1,0,0.02,21.7,173.4,1.5,232,-114,-8.2,1,2025-06-05T19:37:50.561125947Z
740,100,71,1011.2,0,0.02,22.1,183.5,1.2,233,-113,-7.5,1,2025-06-05T19:47:50.573329424Z
741,100,69,1011.3,0,0,22.3,162,1.5,234,-111,-5.5,1,2025-06-05T19:57:50.572570731Z
742,100,69.5,1011.2,0,0,22.6,168.5,2.2,235,-114,-7.2,1,2025-06-05T20:07:50.517297412Z
743,100,69,1011.4,0,0,22.5,171.9,1.4,236,-113,-6.8,1,2025-06-05T20:17:50.512433777Z
744,100,68,1011.3,0,0,22.7,179.2,2.6,237,-113,-8,1,2025-06-05T20:27:50.536376002Z
745,100,69,1011.4,0,0,22.4,181.5,2.5,238,-112,-8.2,1,2025-06-05T20:37:50.512265342Z
746,100,71,1011.4,0,0,21.9,170.8,1.3,239,-114,-5.5,1,2025-06-05T20:47:50.51970036Z
747,100,71,1011.5,0,0,21.8,157.5,2.5,240,-111,-5,1,2025-06-05T20:57:50.475501081Z
748,100,71,1011.5,0,0,21.8,173.2,1.8,241,-114,-7.2,1,2025-06-05T21:07:50.461063802Z
749,100,70.5,1011.5,0,0,21.8,169.3,2,242,-114,-5.8,1,2025-06-05T21:17:50.458589898Z
750,100,70.5,1011.4,0,0,21.9,170,2.5,243,-113,-11.2,1,2025-06-05T21:27:50.487373109Z
751,100,69.5,1011.5,0,0,22,172.1,1.7,244,-111,-3.5,1,2025-06-05T21:37:50.439818228Z
752,100,71,1011.6,0,0,21.6,211.3,1.8,245,-114,-5.8,1,2025-06-05T21:47:50.458626247Z
753,100,70.5,1011.7,0,0,21.5,209.2,1.7,246,-113,-8.8,1,2025-06-05T21:57:50.413183293Z
754,100,70,1011.7,0,0,21.7,189.1,1.9,247,-114,-5.2,1,2025-06-05T22:07:50.426880294Z
755,100,71,1011.8,0,0,21.5,172.1,1.2,248,-113,-8.5,1,2025-06-05T22:17:50.402505655Z
756,100,72.5,1011.9,0,0,20.9,213.2,1.1,249,-113,-9.2,1,2025-06-05T22:27:50.388296739Z
757,100,74.5,1012,0,0,20.3,253.9,0.8,250,-110,-5,1,2025-06-05T22:37:50.391376965Z
758,100,75.5,1011.9,0,0.01,20,215.5,1.1,251,-114,-8,1,2025-06-05T22:47:50.379598767Z
759,98,79,1012.1,0,0.01,19.2,288.7,1.7,252,-113,-3.5,1,2025-06-05T22:57:50.406334836Z
760,98,81,1012.1,0,0.01,18.5,274.2,1.5,253,-110,-5.8,1,2025-06-05T23:07:50.360518746Z
761,98,81.5,1012.1,0,0.01,18.2,230.2,0.9,254,-111,-4.8,1,2025-06-05T23:17:50.389081571Z
762,98,84.5,1012.2,0,0.01,17.2,231.4,0.6,255,-113,-8.8,1,2025-06-05T23:27:50.349820521Z
763,98,86,1012.2,0,0.01,17.1,138.4,0.8,256,-115,-6.2,1,2025-06-05T23:37:50.332093691Z
764,98,85.5,1012.2,0,0.01,17.4,154.1,0.8,257,-114,-6.2,1,2025-06-05T23:47:50.328216665Z
765,98,87,1012.2,0,0.01,17.1,177.2,0.9,258,-113,-4.5,1,2025-06-05T23:57:50.364520791Z
766,97,88,1012.3,0,0.01,16.7,194,0.5,259,-113,-4.8,1,2025-06-06T00:07:50.324020911Z
767,97,85.5,1012.2,0,0.01,17.2,182.6,1.1,260,-112,-3.5,1,2025-06-06T00:17:50.300273671Z
768,97,85,1012.3,0,0.01,17.2,174.1,1.3,261,-111,-5.2,1,2025-06-06T00:27:50.335490097Z
769,97,84,1012.4,0,0.01,17.3,161.3,0.7,262,-111,-5.5,1,2025-06-06T00:37:50.33593944Z
770,97,85.5,1012.3,0,0.01,16.9,236.5,0.1,263,-114,-3,1,2025-06-06T00:47:50.264435796Z
771,97,87.5,1012.3,0,0.01,16.7,177,0.8,264,-112,-4.2,1,2025-06-06T00:57:50.261298835Z
772,97,85.5,1012.2,0,0.01,17.1,160,0.8,265,-114,-10.8,1,2025-06-06T01:07:50.259886399Z
773,95,86,1012.3,0,0.01,16.7,273.2,0.5,266,-112,-5.5,1,2025-06-06T01:17:50.273892588Z
774,95,86.5,1012.2,0,0.01,16.6,237,0.2,267,-113,-4.8,1,2025-06-06T01:27:50.234451217Z
775,95,84,1012.2,0,0.01,17.4,211.6,1,268,-114,-4,1,2025-06-06T01:37:50.235186889Z
776,95,80,1012.2,0,0.01,18.5,165.5,1.2,269,-108,-13,1,2025-06-06T01:47:50.271639137Z
777,95,78.5,1012,0,0.01,18.8,174.5,1.3,270,-111,-4.8,1,2025-06-06T01:57:50.214982498Z
778,95,79.5,1012.1,0,0.01,18.5,159.7,0.8,271,-114,-6,1,2025-06-06T02:07:50.208897577Z
779,94,80,1012.1,0,0.01,18.2,200.9,0.9,272,-106,-8.2,1,2025-06-06T02:17:50.222199777Z
780,94,83.5,1012.2,0,0.01,17.3,63.7,0.2,273,-111,-5.5,1,2025-06-06T02:27:50.176445456Z
781,94,87,1012.1,0,0.01,16.6,72.6,0.2,274,-114,-4.5,1,2025-06-06T02:37:50.193565369Z
782,94,90,1012.3,0,0.01,15.9,284.8,0.4,275,-114,-5.5,1,2025-06-06T02:47:50.190882365Z
783,94,92,1012.4,0,0.01,15.5,282.5,0.3,276,-114,-5.5,1,2025-06-06T02:57:50.16577529Z
784,94,93,1012.4,0,0.01,15.4,354.6,0.1,277,-112,-3.2,1,2025-06-06T03:07:50.323112179Z
785,94,92.5,1012.4,0,0.01,15.1,236.9,0.5,278,-113,-5,1,2025-06-06T03:17:50.176853447Z
786,92,94.5,1012.5,0,0.01,15.2,121,0.3,279,-111,-7,1,2025-06-06T03:27:50.155929038Z
787,92,92,1012.6,0,0.01,14.7,240.9,0.2,280,-104,-7.8,1,2025-06-06T03:37:50.160316685Z
788,92,94,1012.5,0,0.01,15.1,161.4,0.8,281,-113,-3,1,2025-06-06T03:47:50.1814186Z
789,92,92,1012.7,0,0.01,15.7,210.1,0.8,282,-104,-7.5,1,2025-06-06T03:57:50.107070171Z
790,92,89,1012.7,0,0.01,16.2,231.3,1.1,283,-113,-3.2,1,2025-06-06T04:07:50.104120145Z
791,92,87,1012.8,0,0.01,16.9,194.5,1.5,284,-105,-7.5,1,2025-06-06T04:17:50.106294982Z
792,92,85,1012.8,0,0.01,17.7,201.9,1.2,285,-112,-4.5,1,2025-06-06T04:27:50.154854793Z
793,92,84.5,1012.8,0,0.01,18.5,211,1,286,-111,-3.5,1,2025-06-06T04:37:50.07586616Z
794,92,82.5,1012.8,0,0.01,19.1,161.6,0.6,287,-109,-5.5,1,2025-06-06T04:47:50.062353213Z
795,92,82,1012.8,0,0.01,19.8,184.6,0.9,288,-112,-3.8,1,2025-06-06T04:57:50.052674785Z
796,92,80.5,1012.9,0,0.01,20.5,201.3,1,289,-113,-6.2,1,2025-06-06T05:07:50.049672608Z
797,92,76,1013,0,0.01,21.2,193.4,1.8,290,-112,-6.8,1,2025-06-06T05:17:50.040560497Z
798,93,74,1013.1,0,0.01,21.6,213.8,2.1,291,-112,-4.2,1,2025-06-06T05:27:50.053818693Z
799,93,74,1013.1,0,0.01,21.9,219,1.6,292,-114,-4.2,1,2025-06-06T05:37:50.030079585Z
800,93,71,1013.1,0,0.01,22.5,204.5,1.7,293,-114,-8.5,1,2025-06-06T05:47:50.009899623Z
801,93,69,1013.1,0,0.01,22.9,207.3,2.3,294,-114,-4.2,1,2025-06-06T05:57:50.053992938Z
802,93,68.5,1013.2,0,0.01,23.3,197.7,1.9,295,-108,-6.8,1,2025-06-06T06:07:50.010675502Z
803,93,65.5,1013.3,0,0.01,23.6,198.1,2.5,296,-110,-5.8,1,2025-06-06T06:17:49.989125341Z
804,97,65,1013.4,0,0.01,24,201.5,2.5,297,-113,-9.5,1,2025-06-06T06:27:50.006138002Z
805,97,64.5,1013.4,0,0.01,24.2,228.4,1.9,298,-114,-6.5,1,2025-06-06T06:37:50.009575277Z
806,97,60.5,1013.4,0,0.01,24.4,217.4,2.4,299,-111,-4.8,1,2025-06-06T06:47:49.959674633Z
807,97,61.5,1013.5,0,0.01,25,231.8,1.8,300,-109,-8.2,1,2025-06-06T06:57:49.958862292Z
808,97,58,1013.6,0,0.01,25.7,230.9,2.1,301,-111,-8.8,1,2025-06-06T07:07:49.953973515Z
809,97,51,1013.5,0,0.01,25.8,277.8,1.4,302,-112,-6.2,1,2025-06-06T07:17:49.967161079Z
810,97,52.5,1013.6,0,0.01,26.4,141.7,1.5,303,-113,-4.5,1,2025-06-06T07:27:49.93356518Z
811,100,51,1013.5,0,0.01,26.2,203.1,0.6,304,-113,-6,1,2025-06-06T07:37:49.955047132Z
812,100,49.5,1013.5,0,0.01,27,268.6,2.2,305,-113,-5.5,1,2025-06-06T07:47:49.917174124Z
813,100,54,1013.5,0,0.01,26.6,236.4,0.8,306,-113,-8,1,2025-06-06T07:57:49.917465158Z
814,100,47.5,1013.5,0,0.01,26.8,321.2,1.1,307,-113,-4,1,2025-06-06T08:07:49.904534515Z
815,100,52,1013.6,0,0.01,26.7,200.7,2.1,308,-112,-6,1,2025-06-06T08:17:49.890813846Z
816,100,48,1013.6,0,0.01,27.7,233.3,1.3,309,-108,-6.5,1,2025-06-06T08:27:49.89271826Z
817,100,53.5,1013.5,0,0.01,27.3,194.7,1.8,310,-114,-5,1,2025-06-06T08:37:49.903574702Z
818,100,51,1013.6,0,0.01,27.2,181.5,0.8,311,-110,-12,1,2025-06-06T08:47:49.896195783Z
819,100,50.5,1013.6,0,0.01,27.9,245.1,0.7,312,-111,-8.2,1,2025-06-06T08:57:49.872122939Z
820,100,50,1013.5,0,0.01,28.5,253,1.2,313,-113,-6.5,1,2025-06-06T09:07:49.927097836Z
821,100,47,1013.7,0,0.01,27.6,312.5,3.1,314,-108,-7.8,1,2025-06-06T09:17:49.872517876Z
822,100,48.5,1013.6,0,0.01,27,349,1.8,315,-113,-7.8,1,2025-06-06T09:27:49.857057838Z
823,100,48.5,1013.6,0,0.01,27.3,23.5,0.7,316,-107,-7,1,2025-06-06T09:37:49.85854446Z
824,100,52,1013.6,0,0.01,27,22.4,0.5,317,-113,-4.2,1,2025-06-06T09:47:49.871821072Z
825,100,46.5,1013.5,0,0.01,28.5,147.8,1.7,318,-111,-7.8,1,2025-06-06T09:57:49.838322391Z
826,100,46,1013.5,0,0.01,28,21.7,1.1,319,-107,-9.5,1,2025-06-06T10:07:49.836012846Z
827,100,46,1013.6,0,0.01,28.5,358.6,0.9,320,-112,-10.5,1,2025-06-06T10:17:49.856532739Z
828,100,44,1013.5,0,0.01,29,348.1,1.8,321,-111,-8.5,1,2025-06-06T10:27:49.819333698Z
829,100,45.5,1013.5,0,0.01,27.8,31.3,1.8,322,-113,-7,1,2025-06-06T10:37:49.822325497Z
830,100,47.5,1013.5,0,0.01,28.2,335.8,2.4,323,-113,-7.8,1,2025-06-06T10:47:49.813577273Z
831,100,45.5,1013.4,0,0.01,28.5,307.2,1.8,324,-105,-9.5,1,2025-06-06T10:57:51.994664346Z
832,100,46,1013.3,0,0.01,28.6,30.9,2,325,-114,-7.2,1,2025-06-06T11:07:51.975112984Z
833,100,45,1013.4,0,0.01,28,67.1,2,326,-113,-8.5,1,2025-06-06T11:17:49.799691835Z
834,100,45.5,1013.2,0,0.01,28.5,13,0.4,327,-113,-9,1,2025-06-06T11:27:49.825725423Z
835,100,42,1013.1,0,0.01,29.7,55,2.1,328,-113,-8,1,2025-06-06T11:37:49.787913878Z
836,100,43.5,1013,0,0.01,29.9,59.6,2.2,329,-113,-7.2,1,2025-06-06T11:47:49.829653644Z
837,100,46,1013,0,0.01,28.6,176.7,1.9,330,-107,-8.2,1,2025-06-06T11:57:49.787413001Z
838,100,49,1013,0,0.01,27.9,206.9,1,331,-108,-15.5,1,2025-06-06T12:07:49.798908768Z
839,100,43.5,1012.9,0,0.01,28.8,228.6,1.3,332,-100,-9.2,1,2025-06-06T12:17:49.766301586Z
840,100,42.5,1012.8,0,0.01,29.6,11.5,1.4,333,-109,-10.5,1,2025-06-06T12:27:49.758689408Z
841,100,42,1012.8,0,0.01,30.2,104.9,0.9,334,-114,-5.5,1,2025-06-06T12:37:49.758453513Z
842,100,45,1012.7,0,0.01,30.3,186.7,2.2,335,-113,-9,1,2025-06-06T12:47:49.743173211Z
843,100,44.5,1012.8,0,0.01,28.9,227.5,1.3,336,-112,-7.8,1,2025-06-06T12:57:49.77538516Z
844,100,41,1012.7,0,0.01,30,80,2.2,337,-114,-8.5,1,2025-06-06T13:07:49.773186057Z
845,100,44,1012.6,0,0.01,29.8,66.1,1.3,338,-111,-8.8,1,2025-06-06T13:17:49.755035339Z
846,100,49.5,1012.6,0,0.01,28.6,206.8,2.6,339,-107,-6.2,1,2025-06-06T13:27:49.734678642Z
847,100,51.5,1012.6,0,0.01,27.7,187.9,2.1,340,-113,-7.5,1,2025-06-06T13:37:49.787183843Z
848,100,49,1012.6,0,0.01,27.6,146.2,3.3,341,-110,-9.5,1,2025-06-06T13:47:49.756494117Z
849,100,50,1012.5,0,0.01,27.8,152,1.6,342,-114,-7.8,1,2025-06-06T13:57:49.702265555Z
850,100,49.5,1012.5,0,0.01,28.1,144.4,1.5,343,-112,-8.8,1,2025-06-06T14:07:49.696793421Z
851,100,45.5,1012.4,0,0.01,28.8,174.5,1.4,344,-112,-6,1,2025-06-06T14:17:49.694005332Z
852,100,48.5,1012.4,0,0.01,29.1,161.5,0.7,345,-110,-11.8,1,2025-06-06T14:27:49.706355157Z
853,100,47.5,1012.3,0,0.01,28.6,132.5,1.7,346,-104,-12.2,1,2025-06-06T14:37:49.680510616Z
854,100,50.5,1012.2,0,0.01,28.8,174.3,0.6,347,-112,-10.2,1,2025-06-06T14:47:49.730448501Z
855,100,48,1012.2,0,0.01,28.5,188,2.5,348,-114,-5.2,1,2025-06-06T14:57:51.842806837Z
856,100,49,1012.1,0,0.01,28.5,156.2,3,349,-112,-7.2,1,2025-06-06T15:07:49.662987673Z
857,100,47,1012.1,0,0.01,28.5,165.2,3,350,-114,-8,1,2025-06-06T15:17:49.677845642Z
858,100,49,1011.9,0,0.01,28.2,164.6,3,351,-113,-7.5,1,2025-06-06T15:27:49.656201188Z
859,100,44,1011.9,0,0.01,29.3,153.4,4.3,352,-114,-6.5,1,2025-06-06T15:37:49.669739075Z
860,100,46.5,1012,0,0.01,28.9,190.2,2.6,353,-112,-9,1,2025-06-06T15:47:49.643170829Z
861,100,47,1011.9,0,0.01,28.6,178.1,2.8,354,-113,-7,1,2025-06-06T15:57:49.639159594Z
862,100,47.5,1011.8,0,0.01,28.2,174,3.6,355,-112,-4.5,1,2025-06-06T16:07:49.635156957Z
863,100,47,1011.7,0,0.01,28,189.9,2.8,356,-111,-5.8,1,2025-06-06T16:17:49.620768743Z
864,100,47.5,1011.8,0,0.01,28.3,190.6,2.9,357,-112,-6.8,1,2025-06-06T16:27:49.623266612Z
865,100,44.5,1011.6,0,0.01,28.8,176.2,3.1,358,-114,-11.2,1,2025-06-06T16:37:49.66687773Z
866,100,44.5,1011.6,0,0.01,28.9,180.9,3.2,359,-114,-5.2,1,2025-06-06T16:47:49.610763997Z
867,100,44,1011.7,0,0.01,28.4,191.6,3,360,-112,-6.8,1,2025-06-06T16:57:49.610961844Z
868,100,45.5,1011.7,0,0.01,28.1,196.5,3.6,361,-110,-7.5,1,2025-06-06T17:07:49.601543227Z
869,100,48.5,1011.8,0,0.01,27.3,195.3,3.5,362,-112,-14.2,1,2025-06-06T17:17:49.600903193Z
870,100,50,1011.7,0,0.01,27.5,173.3,1.8,363,-113,-7.5,1,2025-06-06T17:27:49.586359089Z
871,100,50,1011.8,0,0.01,27.3,180.7,2,364,-112,-10.2,1,2025-06-06T17:37:49.608361297Z
872,100,49.5,1011.6,0,0.01,26.8,177.3,2.9,365,-113,-8.2,1,2025-06-06T17:47:49.570750818Z
873,100,50.5,1011.6,0,0.01,26.6,171.6,1.8,366,-112,-11,1,2025-06-06T17:57:49.569077507Z
874,100,51,1011.7,0,0.01,26.2,174.9,2.2,367,-114,-6.5,1,2025-06-06T18:07:49.56197482Z
875,100,52,1011.7,0,0.01,25.7,182.2,2.5,368,-112,-5,1,2025-06-06T18:17:49.550535151Z
876,100,53,1011.7,0,0.01,25.2,190.2,2.2,369,-112,-6.2,1,2025-06-06T18:27:49.537889788Z
877,100,54,1011.7,0,0.01,24.8,171.1,2,370,-112,-8.2,1,2025-06-06T18:37:49.524645697Z
878,100,56.5,1011.7,0,0.01,24.2,196.8,1.6,371,-112,-5.5,1,2025-06-06T18:47:49.534156026Z
879,100,58,1011.9,0,0.01,23.8,173.4,1.3,372,-106,-7.8,1,2025-06-06T18:57:49.526803131Z
880,100,57.5,1011.9,0,0.01,23.8,183.2,1.3,373,-110,-10.8,1,2025-06-06T19:07:49.531806531Z
881,100,57.5,1011.9,0,0.02,23.7,205.9,1.5,374,-114,-5,1,2025-06-06T19:17:49.50131394Z
882,100,52,1011.9,0,0.02,24.1,178.5,2.6,375,-114,-5,1,2025-06-06T19:27:49.52019527Z
883,100,53.5,1011.9,0,0.02,23.8,152.9,1.5,376,-113,-9,1,2025-06-06T19:37:49.480799986Z
884,100,54,1012.1,0,0.02,23.4,149.6,1.1,377,-111,-6.8,1,2025-06-06T19:47:49.54026078Z
885,100,55.5,1012.2,0,0,23.1,66.2,1.2,378,-112,-6.2,1,2025-06-06T19:57:49.465916171Z
886,100,60,1012.4,0,0,22.4,70.4,1.2,379,-111,-9.2,1,2025-06-06T20:07:49.452347503Z
887,100,59.5,1012.4,0,0,22.4,48.5,1.4,380,-112,-5.8,1,2025-06-06T20:17:49.474732157Z
888,100,59,1012.4,0,0,22.1,115.7,0.5,381,-113,-4.8,1,2025-06-06T20:27:49.481672211Z
889,100,56,1012.3,0,0,22.2,190.3,1.2,382,-112,-5.5,1,2025-06-06T20:37:49.44006367Z
890,100,54,1012.3,0,0,22.4,182.6,1.6,383,-113,-5.5,1,2025-06-06T20:47:49.440931367Z
891,100,53,1012.3,0,0,22.5,25.5,0.2,384,-113,-6,1,2025-06-06T20:57:49.42286704Z
892,100,55.5,1012.4,0,0,21.3,88.8,0.3,385,-113,-7,1,2025-06-06T21:07:49.404150632Z
893,100,58.5,1012.4,0,0,21,21.8,0.2,386,-112,-7,1,2025-06-06T21:17:49.395181435Z
894,100,65,1012.5,0,0,19.9,6.8,0.5,387,-111,-5.8,1,2025-06-06T21:27:49.392650419Z
895,100,66.5,1012.5,0,0,19.4,4.6,0.2,388,-105,-8.5,1,2025-06-06T21:37:49.376335671Z
896,100,64,1012.5,0,0,19.2,232.3,1.6,389,-114,-8.5,1,2025-06-06T21:47:49.415616893Z
897,100,57.5,1012.3,0,0,20.8,210.9,1.1,390,-111,-6.2,1,2025-06-06T21:57:49.43963421Z
898,100,56.5,1012.4,0,0,20.8,178.5,1.2,391,-113,-9,1,2025-06-06T22:07:49.351252676Z
899,100,58.5,1012.4,0,0,20.6,127.2,0.7,392,-112,-8.2,1,2025-06-06T22:17:49.343755738Z
900,100,62,1012.4,0,0,19.7,120.2,0.4,393,-112,-6.2,1,2025-06-06T22:27:49.326251002Z
901,100,68,1012.4,0,0,19.4,280.8,0.4,394,-112,-3.8,1,2025-06-06T22:37:49.32703029Z
902,100,75,1012.6,0,0,18.1,50.1,0.9,395,-113,-3.8,1,2025-06-06T22:47:49.363835016Z
903,98,69.5,1012.6,0,0,17.7,60,0.4,396,-113,-5.5,1,2025-06-06T22:57:49.323068104Z
904,98,73.5,1012.6,0,0,17.6,175.3,0.7,397,-111,-7.5,1,2025-06-06T23:07:49.298524481Z
905,98,76.5,1012.6,0,0,17.2,74.9,0.2,398,-110,-7.2,1,2025-06-06T23:17:49.296935305Z
906,98,74,1012.5,0,0,17.2,206.8,0.6,399,-110,-7,1,2025-06-06T23:27:49.308701653Z
907,98,75,1012.5,0,0,17.2,295.8,0.7,400,-111,-7.2,1,2025-06-06T23:37:49.294740638Z
908,98,76,1012.5,0,0,17,218.3,0.9,401,-106,-5.2,1,2025-06-06T23:47:49.270153626Z
909,98,80,1012.4,0,0,16.9,346.4,0.3,402,-111,-5.2,1,2025-06-06T23:57:49.252688757Z
910,97,76,1012.3,0,0,16.9,223.1,0.9,403,-109,-6.5,1,2025-06-07T00:07:49.277080506Z
911,97,77,1012.2,0,0,17,252.7,0.7,404,-113,-4.8,1,2025-06-07T00:17:49.240206433Z
912,97,71.5,1012.1,0,0,17.5,185.3,0.8,405,-114,-5.2,1,2025-06-07T00:27:49.230470843Z
913,97,75,1012.1,0,0,16.9,38.1,0.8,406,-110,-6.8,1,2025-06-07T00:37:49.229352745Z
914,97,74,1012,0,0,17,63.3,0.2,407,-111,-8.8,1,2025-06-07T00:47:49.213058322Z
915,97,74,1012,0,0,16.7,89.8,0.2,408,-113,-5.8,1,2025-06-07T00:57:49.207331897Z
916,95,78,1012,0,0,16.4,275.1,0.1,409,-111,-8.8,1,2025-06-07T01:07:49.256516243Z
917,95,80.5,1012.1,0,0,15.8,259.9,0.5,410,-111,-6.5,1,2025-06-07T01:17:49.176936256Z
918,95,86,1012.2,0,0,15.5,307.8,0.7,411,-109,-5.8,1,2025-06-07T01:27:49.17877941Z
919,95,85,1011.9,0,0,15.2,351.3,0.1,412,-110,-7.5,1,2025-06-07T01:37:49.176265495Z
920,95,85.5,1011.9,0,0,15.1,6.3,0.1,413,-112,-6.2,1,2025-06-07T01:47:49.157078648Z
921,95,86.5,1011.8,0,0,14.9,295.9,0.4,414,-109,-7.2,1,2025-06-07T01:57:49.14910512Z
922,95,86.5,1011.7,0,0,14.7,253.7,0.6,415,-111,-4.2,1,2025-06-07T02:07:49.141695624Z
923,94,77,1011.7,0,0,16.2,214.2,1.4,416,-112,-3.8,1,2025-06-07T02:17:49.151416893Z
924,94,80,1011.7,0,0,15.7,272.3,0.5,417,-108,-4.2,1,2025-06-07T02:27:49.127724504Z
925,94,76.5,1011.6,0,0,16.4,268.9,1.6,418,-113,-4,1,2025-06-07T02:37:49.109860494Z
926,94,71,1011.6,0,0,17.6,254.2,1.7,419,-111,-5.5,1,2025-06-07T02:47:49.102552059Z
927,94,77,1011.7,0,0,16.4,217.3,1,420,-108,-9,1,2025-06-07T02:57:49.096276867Z
928,94,74.5,1011.7,0,0,16.3,66.7,0.1,421,-113,-5,1,2025-06-07T03:07:49.098777633Z
929,92,76.5,1011.7,0,0,16,166.7,0.4,422,-107,-6.5,1,2025-06-07T03:17:49.108765909Z
930,92,78.5,1011.6,0,0,15.4,59.8,0.2,423,-112,-4.8,1,2025-06-07T03:27:49.068770447Z
931,92,80.5,1011.6,0,0,15.1,128.5,0.3,424,-112,-8,1,2025-06-07T03:37:49.072548519Z
932,92,80,1011.8,0,0,15.2,192.6,0.3,425,-108,-4.2,1,2025-06-07T03:47:49.061526199Z
933,92,81.5,1011.7,0,0,15.3,315.3,0.2,426,-112,-3.8,1,2025-06-07T03:57:49.09848878Z
934,92,82,1011.7,0,0,15.5,191.6,0.1,427,-112,-6.2,1,2025-06-07T04:07:49.091578481Z
935,92,72.5,1011.7,0,0,16.9,174.1,0.5,428,-113,-3.8,1,2025-06-07T04:17:49.025202494Z
936,92,75.5,1011.8,0,0,17.1,172.5,0.4,429,-113,-4.5,1,2025-06-07T04:27:49.03164451Z
937,92,75,1011.7,0,0,18,158.1,0.7,430,-107,-15,1,2025-06-07T04:37:49.008423949Z
938,92,74.5,1011.7,0,0,19.1,148.9,0.4,431,-114,-7.5,1,2025-06-07T04:47:49.044011116Z
939,92,70.5,1011.7,0,0,20.2,94,0.4,432,-114,-6.5,1,2025-06-07T04:57:48.991654053Z
940,92,66.5,1011.6,0,0,21.5,145.6,0.2,433,-113,-7,1,2025-06-07T05:07:48.989992439Z
941,92,64,1011.7,0,0,22.2,290.7,1.4,434,-112,-7.2,1,2025-06-07T05:17:48.973262739Z
942,92,63,1011.6,0,0,23,30.8,0.4,435,-113,-6.8,1,2025-06-07T05:27:48.96620296Z
943,93,58.5,1011.6,0,0,24.1,256.6,0.5,436,-112,-5,1,2025-06-07T05:37:48.985025092Z
944,93,61.5,1011.5,0,0,24.5,197.9,1.7,437,-109,-10.5,1,2025-06-07T05:47:48.950696369Z
945,93,64,1011.7,0,0,24.2,239.7,1.4,438,-114,-4.5,1,2025-06-07T05:57:48.979705789Z
946,93,57.5,1011.6,0,0,24.4,270.4,1.8,439,-111,-6.2,1,2025-06-07T06:07:48.943503691Z
947,93,56.5,1011.7,0,0,24.4,309.5,1.5,440,-112,-6.5,1,2025-06-07T06:17:48.981244042Z
948,93,54,1011.5,0,0,24.9,358.9,0.8,441,-110,-7.8,1,2025-06-07T06:27:48.941683058Z
949,93,53.5,1011.6,0,0,25.1,303.5,2.5,442,-110,-8.8,1,2025-06-07T06:37:48.916421181Z
950,98,52,1011.5,0,0,25.3,286.5,1.5,443,-110,-7.5,1,2025-06-07T06:47:48.92445746Z
951,98,51.5,1011.6,0,0,25.8,335.1,1,444,-110,-7.5,1,2025-06-07T06:57:48.894523681Z
952,98,52,1011.5,0,0,26.1,2.6,0.3,445,-104,-8.8,1,2025-06-07T07:07:48.902943122Z
953,98,53.5,1011.4,0,0,26.8,161.2,1.5,446,-114,-8,1,2025-06-07T07:17:48.881384347Z
954,98,53,1011.3,0,0,27.3,224.5,1.6,447,-110,-8.2,1,2025-06-07T07:27:48.894683638Z
955,98,48,1011.1,0,0,27.5,235.1,1.3,448,-108,-9.5,1,2025-06-07T07:37:48.87755751Z
956,100,47.5,1011.2,0,0,27.4,295.2,1.4,449,-113,-6.2,1,2025-06-07T07:47:48.891532186Z
957,100,47.5,1011.1,0,0,27.7,290.7,0.9,450,-109,-11.5,1,2025-06-07T07:57:48.868313244Z
958,100,48,1011,0,0,28.7,199.5,1.6,451,-109,-14,1,2025-06-07T08:07:48.903379979Z
959,100,50,1010.9,0,0,29,145.6,1.3,452,-112,-9.2,1,2025-06-07T08:17:48.861937147Z
960,100,51,1010.9,0,0,27.9,186,3.6,453,-113,-11.2,1,2025-06-07T08:27:48.851747497Z
961,100,48,1010.8,0,0,27.8,174.2,3.1,454,-107,-11.5,1,2025-06-07T08:37:48.870125753Z
962,100,49,1010.8,0,0,27.8,180.2,2.1,455,-109,-6,1,2025-06-07T08:47:48.883412802Z
963,100,50.5,1010.7,0,0,28.2,185.9,2.3,456,-113,-6.2,1,2025-06-07T08:57:48.832760713Z
964,100,51,1010.6,0,0,28.2,180.2,3,457,-106,-7.8,1,2025-06-07T09:07:48.817503042Z
965,100,48,1010.5,0,0,28.3,161.2,3.7,458,-113,-8,1,2025-06-07T09:17:48.864628054Z
966,100,51.5,1010.5,0,0,28.6,182.7,2.3,459,-108,-5.5,1,2025-06-07T09:27:48.806575639Z
967,100,43.5,1010.5,0,0,28.7,174.3,3.2,460,-110,-12,1,2025-06-07T09:37:48.813310073Z
968,100,49.5,1010.5,0,0,29,185.6,2.4,461,-113,-9.2,1,2025-06-07T09:47:48.801398388Z
969,100,42,1010.5,0,0,29,156.5,3.6,462,-114,-8.5,1,2025-06-07T09:57:48.870154136Z
970,100,49.5,1010.5,0,0,29.4,172.2,1.2,463,-112,-8.5,1,2025-06-07T10:07:48.822506737Z
971,100,40,1010.4,0,0,29.9,106,1,464,-114,-6.8,1,2025-06-07T10:17:48.778990994Z
972,100,39,1010.2,0,0,30.8,146.5,1.8,465,-107,-12.5,1,2025-06-07T10:27:48.831795881Z
973,100,44,1010.1,0,0,30.2,142.2,2.4,466,-110,-12.5,1,2025-06-07T10:37:48.784925263Z
974,100,41.5,1010,0,0,30.8,120.5,1.9,467,-112,-6.5,1,2025-06-07T10:47:48.765489662Z
975,100,42.5,1009.9,0,0,30.8,147,2.1,468,-109,-10.5,1,2025-06-07T10:57:48.789623684Z
976,100,44,1009.8,0,0,30.2,166.9,3.7,469,-112,-6.2,1,2025-06-07T11:07:50.979013911Z
977,100,42,1009.7,0,0,30.3,168.6,4.8,470,-109,-7.8,1,2025-06-07T11:17:48.757719416Z
978,100,44.5,1009.6,0,0,30.3,178.6,4,471,-112,-6.2,1,2025-06-07T11:27:48.747802394Z
979,100,38.5,1009.4,0,0,30.2,161.7,4,472,-113,-7.8,1,2025-06-07T11:37:48.740957684Z
980,100,39.5,1009.3,0,0,30.5,191.1,4.4,473,-108,-7,1,2025-06-07T11:47:48.739694486Z
981,100,38.5,1009.2,0,0,30.3,198.5,4.1,474,-114,-11.2,1,2025-06-07T11:57:48.739592958Z
982,100,37,1009.2,0,0,30.6,174,4.3,475,-113,-7,1,2025-06-07T12:07:48.752782309Z
983,100,39.5,1009.1,0,0,30.3,166.2,4,476,-111,-9.5,1,2025-06-07T12:17:48.735442636Z
984,100,41,1009,0,0,30.8,206.1,5.5,477,-110,-9,1,2025-06-07T12:27:48.717082086Z
985,100,39,1008.9,0,0,30.6,164.5,5.4,478,-113,-6.8,1,2025-06-07T12:37:48.734162173Z
986,100,41.5,1008.7,0,0,30.6,192.2,2.6,479,-114,-10,1,2025-06-07T12:47:48.710238125Z
987,100,37.5,1008.7,0,0,30.7,185.9,4.9,480,-111,-8.5,1,2025-06-07T12:57:48.709020605Z
988,100,37,1008.6,0,0,30.7,170.7,4.4,481,-114,-9,1,2025-06-07T13:07:48.737130452Z
989,100,37.5,1008.5,0,0,30.7,206.7,4,482,-113,-7.8,1,2025-06-07T13:17:48.695104038Z
990,100,39,1008.5,0,0,31,183.4,4.8,483,-112,-7.5,1,2025-06-07T13:27:48.726700398Z
991,100,36.5,1008.6,0,0,30.8,191.4,5.3,484,-114,-4.8,1,2025-06-07T13:37:48.681817568Z
992,100,38.5,1008.5,0,0,30.8,164.1,5.9,485,-109,-6,1,2025-06-07T13:47:48.723475556Z
993,100,40,1008.4,0,0,30.7,188.8,3.3,486,-109,-6.5,1,2025-06-07T13:57:48.681150932Z
994,100,37.5,1008.4,0,0,30.7,174.2,5,487,-115,-6.2,1,2025-06-07T14:07:48.759545022Z
995,100,38.5,1008.4,0,0,30.7,202.1,3.4,488,-113,-8.2,1,2025-06-07T14:17:48.696194483Z
996,100,39,1008.3,0,0,30.8,161.9,2,489,-112,-5.5,1,2025-06-07T14:27:48.712920131Z
997,100,37.5,1008.2,0,0,30.7,174,6,490,-111,-6,1,2025-06-07T14:37:50.856025919Z
998,100,37.5,1008,0,0,30.6,181.4,5,491,-114,-7,1,2025-06-07T14:47:48.656800636Z
999,100,38.5,1008,0,0,30.7,208.6,3.4,492,-113,-8.5,1,2025-06-07T14:57:48.655230975Z
1000,100,38.5,1008,0,0,30.6,176.4,6.6,493,-112,-8.5,1,2025-06-07T15:07:48.672204578Z
1001,100,38,1007.9,0,0,30.6,202.5,6.1,494,-112,-9.2,1,2025-06-07T15:17:48.639782738Z
1002,100,37.5,1007.7,0,0,30.5,199,7.4,495,-114,-7.8,1,2025-06-07T15:27:48.694805693Z
1003,100,40,1007.8,0,0,30.6,177.6,3.9,496,-112,-8,1,2025-06-07T15:37:48.668485217Z
1004,100,41.5,1007.6,0,0,30.4,198.3,4,497,-112,-6,1,2025-06-07T15:47:48.642448661Z
1005,100,41.5,1007.6,0,0,30.1,192.3,2.9,498,-112,-5.8,1,2025-06-07T15:57:48.674357705Z
1006,100,41.5,1007.5,0,0,30.2,211.5,5.2,499,-113,-9.5,1,2025-06-07T16:07:48.627339203Z
1007,100,44,1007.5,0,0,29.9,202.5,3.7,500,-114,-7.8,1,2025-06-07T16:17:48.644819893Z
1008,100,42,1007.5,0,0,29.8,184.7,4.3,501,-113,-6.2,1,2025-06-07T16:27:48.688751285Z
1009,100,42.5,1007.4,0,0,29.6,204.1,5.5,502,-111,-7.2,1,2025-06-07T16:37:48.652408526Z
1010,100,42,1007.4,0,0,29.5,182.1,6.5,503,-114,-8,1,2025-06-07T16:47:48.597189103Z
1011,100,42,1007.5,0,0,29.3,180.6,6.4,504,-112,-6.5,1,2025-06-07T16:57:48.598203317Z
1012,100,40.5,1007.5,0,0,29.3,192.8,4.7,505,-113,-4.2,1,2025-06-07T17:07:48.641350018Z
1013,100,42,1007.5,0,0,29.1,181.6,2.8,506,-112,-6.2,1,2025-06-07T17:17:48.64575385Z
1014,100,41,1007.5,0,0,29.1,191.7,5.6,507,-114,-8,1,2025-06-07T17:27:48.601922811Z
1015,100,43,1007.6,0,0,28.9,203.9,3.4,508,-113,-5.2,1,2025-06-07T17:37:48.616741379Z
1016,100,42.5,1007.6,0,0,28.7,183.9,3.5,509,-110,-6.5,1,2025-06-07T17:47:48.609206178Z
1017,100,43.5,1007.6,0,0,28.3,187.3,3.7,510,-112,-6.5,1,2025-06-07T17:57:48.612946778Z
1018,100,46,1007.6,0,0,27.8,194.7,2.7,511,-113,-5.2,1,2025-06-07T18:07:48.554198929Z
1019,100,47,1007.8,0,0,27.5,205.8,2.1,512,-112,-6.8,1,2025-06-07T18:17:48.548163159Z
1020,100,46,1007.8,0,0,27.2,201.8,3.2,513,-114,-3.8,1,2025-06-07T18:27:48.528057713Z
1021,100,45.5,1007.8,0,0,27,184.5,3.4,514,-114,-6,1,2025-06-07T18:37:48.603627709Z
1022,100,45,1007.7,0,0,27,181.9,3.7,515,-108,-10.8,1,2025-06-07T18:47:48.517260232Z
1023,100,45.5,1007.7,0,0.01,26.7,186.8,3.5,516,-112,-7.8,1,2025-06-07T18:57:48.913980662Z
1024,100,46.5,1007.7,0,0.01,26.5,190.9,3.7,517,-113,-6.5,1,2025-06-07T19:07:48.50172211Z
1025,100,46.5,1007.9,0,0.01,26.5,190.8,2.6,518,-114,-4.5,1,2025-06-07T19:17:48.553395022Z
1026,100,46.5,1007.9,0,0.01,26.5,181.6,3.2,519,-113,-8.2,1,2025-06-07T19:27:48.508106708Z
1027,100,47,1008,0,0.01,26.3,181.6,3.6,520,-110,-7.5,1,2025-06-07T19:37:48.483518594Z
1028,100,47,1008.1,0,0.01,26.3,166.9,4.3,521,-111,-6,1,2025-06-07T19:47:48.485376409Z
1029,100,49.5,1008.3,0,0,25.8,190.7,3,522,-114,-6.2,1,2025-06-07T19:57:48.50582423Z
1030,100,50,1008.3,0,0,25.9,197.7,3,523,-111,-5.8,1,2025-06-07T20:07:48.46082962Z
1031,100,51.5,1008.5,0,0,25.8,198.3,3.8,524,-113,-6.8,1,2025-06-07T20:17:48.508415579Z
1032,100,52.5,1008.5,0,0,25.5,203.1,3,525,-113,-5.5,1,2025-06-07T20:27:48.447634803Z
1033,100,54.5,1008.5,0,0,25.2,221.4,2.1,526,-110,-6.5,1,2025-06-07T20:37:48.463892518Z
1034,100,56,1008.5,0,0,24.6,229.7,2.3,527,-111,-7.5,1,2025-06-07T20:47:48.439876683Z
1035,100,56.5,1008.5,0,0,24.5,227.9,2.2,528,-111,-6.2,1,2025-06-07T20:57:48.463927624Z
1036,100,56.5,1008.5,0,0.01,24.4,224.1,2.3,529,-110,-6.5,1,2025-06-07T21:07:48.459635573Z
1037,100,57.5,1008.6,0,0.01,23.7,230,2,530,-113,-3.8,1,2025-06-07T21:17:48.460603178Z
1038,100,58,1008.8,0,0.01,23.1,299.8,0.8,531,-112,-10.2,1,2025-06-07T21:27:48.410412123Z
1039,100,60.5,1008.8,0,0.01,22.5,247.7,1.4,532,-114,-4.2,1,2025-06-07T21:37:48.413687113Z
1040,100,62,1008.9,0,0.01,22.3,157,0.7,533,-114,-8.5,1,2025-06-07T21:47:48.419098364Z
1041,100,66.5,1008.9,0,0.01,22.1,297.4,0.6,534,-112,-8.5,1,2025-06-07T21:57:48.378567428Z
1042,100,70.5,1009,0,0.01,22,220.8,0.8,535,-113,-6.2,1,2025-06-07T22:07:48.409153571Z
1043,100,69,1009,0,0.01,22.8,263,1.3,536,-112,-8.2,1,2025-06-07T22:17:48.379304646Z
1044,100,67,1008.9,0,0.01,23.4,232.5,0.6,537,-114,-4,1,2025-06-07T22:27:48.380869942Z
1045,100,68,1008.9,0,0.03,23.2,235.1,1.7,538,-112,-5,1,2025-06-07T22:37:48.327612564Z
1046,100,67.5,1008.7,0,0.04,23.3,197,1.6,539,-112,-6.8,1,2025-06-07T22:47:48.328959815Z
1047,98,68.5,1008.8,0,0.06,22.9,233.8,2,540,-112,-7.8,1,2025-06-07T22:57:48.375738672Z
1048,98,69.5,1008.8,0,0.06,22.4,160,0.6,541,-113,-10.2,1,2025-06-07T23:07:48.359714026Z
1049,98,73,1008.8,0,0.06,21.7,35.6,0.4,542,-114,-5.2,1,2025-06-07T23:17:48.352292164Z
1050,98,72.5,1008.9,0,0.06,21.4,265.3,0.5,543,-114,-9.5,1,2025-06-07T23:27:48.365956069Z
1051,98,74,1008.9,0,0.06,21,249.6,0.6,544,-112,-6,1,2025-06-07T23:37:48.317304741Z
1052,98,73.5,1008.8,0,0.06,21.2,329.9,0.1,545,-111,-7.5,1,2025-06-07T23:47:48.273322363Z
1053,97,73.5,1008.8,0,0.06,21,170.1,0.4,546,-111,-8,1,2025-06-07T23:57:48.298931935Z
1054,97,75,1008.8,0,0.06,20.7,337.6,1,547,-112,-9,1,2025-06-08T00:07:48.266286225Z
1055,97,76,1008.9,0,0.06,20.5,308.8,0.4,548,-112,-4.8,1,2025-06-08T00:17:48.28592082Z
1056,97,76.5,1008.8,0,0.06,20.4,201.1,0.9,549,-113,-4.8,1,2025-06-08T00:27:48.248808322Z
1057,97,71.5,1008.7,0,0.06,22,206.1,2.7,550,-114,-6.2,1,2025-06-08T00:37:48.270467135Z
1058,97,70.5,1008.7,0,0.06,22.2,202.7,1.4,551,-112,-5,1,2025-06-08T00:47:48.330016092Z
1059,97,71.5,1008.7,0,0.06,21.9,170.9,1.6,552,-112,-5.8,1,2025-06-08T00:57:48.205577686Z
1060,95,71.5,1008.7,0,0.06,21.6,214.4,0.8,553,-112,-6.5,1,2025-06-08T01:07:48.238276513Z
1061,95,71,1008.6,0,0.06,21.7,170.8,0.9,554,-111,-11,1,2025-06-08T01:17:48.202812944Z
1062,95,70,1008.5,0,0.06,22.2,180.1,2.4,555,-113,-8.8,1,2025-06-08T01:27:48.190737011Z
1063,95,70,1008.5,0,0.06,22.2,174,0.6,556,-110,-5,1,2025-06-08T01:37:48.186266622Z
1064,95,70.5,1008.6,0,0.06,22,183.8,1.3,557,-115,-4.8,1,2025-06-08T01:47:48.217174729Z
1065,95,70.5,1008.5,0,0.08,21.8,138,0.4,558,-112,-5.5,1,2025-06-08T01:57:48.296163021Z
1066,94,74,1008.5,0,0.08,20.9,159.1,0.6,559,-111,-6,1,2025-06-08T02:07:48.161992773Z
1067,94,74.5,1008.6,0,0.08,20.6,167.7,0.4,560,-111,-9,1,2025-06-08T02:17:48.152561526Z
1068,94,78,1008.5,0,0.08,19.7,288.2,0.5,561,-112,-5.5,1,2025-06-08T02:27:48.141955577Z
1069,94,79,1008.5,0,0.08,19.6,331.8,0.7,562,-112,-4.5,1,2025-06-08T02:37:48.170405556Z
1070,94,81.5,1008.5,0,0.08,19.3,304.2,0.5,563,-112,-6.2,1,2025-06-08T02:47:48.141235377Z
1071,94,77,1008.5,0,0.08,20.2,173.4,0.8,564,-109,-7.2,1,2025-06-08T02:57:48.110194495Z
1072,93,75,1008.4,0,0.08,20.5,200.6,0.8,565,-113,-5.8,1,2025-06-08T03:07:48.160978316Z
1073,93,77.5,1008.5,0,0.08,19.7,224.1,0.5,566,-111,-5.5,1,2025-06-08T03:17:48.098801803Z
1074,93,72,1008.5,0,0.08,21,184.3,1.3,567,-113,-4.5,1,2025-06-08T03:27:48.08345039Z
1075,93,71.5,1008.4,0,0.08,21,177.5,0.5,568,-114,-8.8,1,2025-06-08T03:37:48.123478975Z
1076,93,70.5,1008.5,0,0.08,21,163.7,0.8,569,-112,-6,1,2025-06-08T03:47:48.067941092Z
1077,93,69,1008.5,0,0.08,21.3,149.8,1,570,-112,-5.8,1,2025-06-08T03:57:48.077677345Z
1078,92,71,1008.5,0,0.08,21.1,203.3,0.7,571,-111,-10.5,1,2025-06-08T04:07:48.128201905Z
1079,92,68.5,1008.5,0,0.08,21.6,221.4,4.7,572,-112,-4,1,2025-06-08T04:17:48.058666194Z
1080,92,67,1008.5,0,0.08,22.1,205.6,3.9,573,-112,-7,1,2025-06-08T04:27:48.031852843Z
1081,92,67,1008.4,0,0.08,22.4,172.8,2.3,574,-113,-5.8,1,2025-06-08T04:37:48.022767392Z
1082,92,66.5,1008.4,0,0.08,22.6,195.3,2.6,575,-111,-5.5,1,2025-06-08T04:47:48.076495979Z
1083,92,66,1008.3,0,0.08,22.8,200.6,2.6,576,-112,-6.5,1,2025-06-08T04:57:48.015911094Z
1084,92,65.5,1008.3,0,0.08,23,218,4.4,577,-112,-7.2,1,2025-06-08T05:07:48.014577756Z
1085,92,64,1008.3,0,0.08,23.3,191.1,3.4,578,-111,-9.5,1,2025-06-08T05:17:48.015181537Z
1086,92,62.5,1008.3,0,0.08,23.7,193.6,2.8,579,-113,-6.5,1,2025-06-08T05:27:47.999037537Z
1087,92,61.5,1008.3,0,0.08,24,184.3,2.6,580,-113,-3.8,1,2025-06-08T05:37:47.971818658Z
1088,92,61.5,1008.3,0,0.08,24.3,165.3,3,581,-110,-13,1,2025-06-08T05:47:47.967540075Z
1089,92,61.5,1008.3,0,0.08,24.3,165.3,3,581,-114,-4.5,1,2025-06-08T05:47:48.677658216Z
1090,92,59.5,1008.4,0,0.08,24.7,166.1,2.4,582,-112,-9.2,1,2025-06-08T05:57:48.021258744Z
1091,92,57.5,1008.4,0,0.08,24.8,186.5,3.3,583,-115,-9.8,1,2025-06-08T06:07:48.019051944Z
1092,92,59.5,1008.4,0,0.08,25.2,196.5,1.6,584,-108,-7,1,2025-06-08T06:17:47.952049809Z
1093,96,56,1008.4,0,0.08,25.6,177,2.1,585,-110,-5.8,1,2025-06-08T06:27:47.950351936Z
1094,96,56.5,1008.4,0,0.08,25.7,210.1,3.1,586,-114,-4.8,1,2025-06-08T06:37:47.949582476Z
1095,96,56,1008.1,0,0.08,26,208.7,2.9,587,-113,-12,1,2025-06-08T06:47:47.946931291Z
1096,96,51,1008.3,0,0.08,26.2,199.1,2.2,588,-114,-7,1,2025-06-08T06:57:47.948982759Z
1097,96,52,1008.4,0,0.08,26.7,236.9,2.2,589,-116,-10.2,1,2025-06-08T07:07:47.957165766Z
1098,96,46.5,1008.4,0,0.08,27.2,297.9,1.4,590,-114,-3.8,1,2025-06-08T07:17:47.949824613Z
1099,100,43.5,1008.3,0,0.08,27.5,301,1.9,591,-113,-5,1,2025-06-08T07:27:47.944153738Z
1100,100,50.5,1008.3,0,0.08,27.8,166.2,2.2,592,-112,-6,1,2025-06-08T07:37:47.888648394Z
1101,100,51.5,1008.2,0,0.08,27.8,187.1,2.6,593,-109,-7.5,1,2025-06-08T07:47:47.894295533Z
1102,100,51,1008.3,0,0.08,27.1,220.4,3.7,594,-114,-6.2,1,2025-06-08T07:57:47.893814851Z
1103,100,48.5,1008.2,0,0.08,27,182,5,595,-111,-7.5,1,2025-06-08T08:07:47.876881806Z
1104,100,51,1008.3,0,0.08,27.1,196,3.1,596,-110,-6.8,1,2025-06-08T08:17:47.901651072Z
1105,100,51.5,1008.2,0,0.08,27.3,187.9,3.1,597,-111,-5.8,1,2025-06-08T08:27:47.878721164Z
1106,100,51,1008.3,0,0.08,27.3,187.1,3.3,598,-111,-5.8,1,2025-06-08T08:37:47.857194516Z
1107,100,50.5,1008,0,0.08,27.6,162.8,4.1,599,-114,-6.5,1,2025-06-08T08:47:47.860930303Z
1108,100,50,1008.1,0,0.08,27.8,181.8,3.8,600,-108,-12,1,2025-06-08T08:57:47.843708638Z
1109,100,47,1008.1,0,0.08,27.7,187,5,601,-112,-6.2,1,2025-06-08T09:07:47.834722653Z
1110,100,48.5,1008,0,0.08,27.9,190.7,5.8,602,-110,-8,1,2025-06-08T09:17:47.8319579Z
1111,100,51.5,1008.2,0,0.08,28,184.5,3.2,603,-114,-6.2,1,2025-06-08T09:27:47.818730104Z
1112,100,50,1008.3,0,0.08,28.2,185.4,6,604,-112,-9.5,1,2025-06-08T09:37:47.828661581Z
1113,100,49.5,1008.3,0,0.08,28.5,204,3.8,605,-112,-8.5,1,2025-06-08T09:47:47.80408339Z
1114,100,50,1008.2,0,0.08,28.4,170.5,7.3,606,-111,-7,1,2025-06-08T09:57:47.806025773Z
1115,100,49.5,1008.1,0,0.08,28.4,208.3,6.1,607,-113,-3.5,1,2025-06-08T10:07:47.800635163Z
1116,100,50.5,1008.1,0,0.08,28.4,191.4,4.6,608,-112,-6.2,1,2025-06-08T10:17:47.790326961Z
1117,100,51,1008.1,0,0.08,28.4,188.8,4.3,609,-113,-5.5,1,2025-06-08T10:27:47.78834723Z
1118,100,51,1008.1,0,0.08,28.2,175,4,610,-114,-5.2,1,2025-06-08T10:37:47.804280019Z
1119,100,50.5,1008,0,0.08,28.6,165.7,4.7,611,-113,-9.8,1,2025-06-08T10:47:47.771179751Z
1120,100,50,1008,0,0.08,29.1,159.9,3.9,612,-113,-5.5,1,2025-06-08T10:57:47.777128931Z
1121,100,50,1007.8,0,0.08,29.1,158.4,5.2,613,-114,-6.5,1,2025-06-08T11:07:47.768907721Z
1122,100,49,1008,0,0.08,29,155.9,4.5,614,-109,-8.8,1,2025-06-08T11:17:47.756293915Z
1123,100,48.5,1007.8,0,0.08,29,154.9,4.3,615,-113,-6.5,1,2025-06-08T11:27:47.743077163Z
1124,100,48.5,1008,0,0.08,29.2,179.3,4.3,616,-112,-7,1,2025-06-08T11:37:47.758944479Z
1125,100,49,1007.8,0,0.08,29.1,170.1,6.8,617,-112,-6.2,1,2025-06-08T11:47:47.741782908Z
1126,100,49,1007.8,0,0.08,29.1,164.7,7,618,-108,-8.2,1,2025-06-08T11:57:47.740174891Z
1127,100,48,1007.8,0,0.08,29.3,193.4,5.9,619,-110,-8.8,1,2025-06-08T12:07:47.737410412Z
1128,100,50,1007.7,0,0.08,29.4,175.4,5.2,620,-113,-5.8,1,2025-06-08T12:17:47.724020102Z
1129,100,46,1007.9,0,0.08,29.3,180.8,6.7,621,-112,-7.2,1,2025-06-08T12:27:47.724766065Z
1130,100,45,1007.8,0,0.08,29.3,185.8,6.4,622,-112,-6,1,2025-06-08T12:37:47.733244395Z
1131,100,47.5,1007.8,0,0.08,29.2,189.5,7,623,-112,-5.8,1,2025-06-08T12:47:47.710444578Z
1132,100,45.5,1007.9,0,0.08,29.2,182,4.7,624,-114,-6.2,1,2025-06-08T12:57:47.694800365Z
1133,100,44,1007.7,0,0.08,29.4,168.5,7.8,625,-114,-6.2,1,2025-06-08T13:07:47.703232027Z
1134,100,45.5,1007.6,0,0.08,29.4,211.6,5.2,626,-113,-6,1,2025-06-08T13:17:47.692461531Z
1135,100,42,1007.5,0,0.08,29.2,179.4,7.7,627,-110,-7,1,2025-06-08T13:27:47.679406149Z
1136,100,43.5,1007.3,0,0.08,29.3,197.4,4.8,628,-110,-8.5,1,2025-06-08T13:37:47.673337885Z
1137,100,44,1007.4,0,0.08,29.3,177,3.6,629,-111,-7,1,2025-06-08T13:47:47.692536673Z
1138,100,44.5,1007.3,0,0.08,29.5,191.1,2.5,630,-113,-5,1,2025-06-08T13:57:47.720021914Z
1139,100,43,1007.2,0,0.08,29.3,166.4,7.1,631,-111,-7.8,1,2025-06-08T14:07:47.658490001Z
1140,100,43.5,1007.1,0,0.08,29.3,184.6,4.2,632,-111,-6.8,1,2025-06-08T14:17:47.650009019Z
1141,100,42,1007.3,0,0.08,29.3,161.8,4.8,633,-113,-7.8,1,2025-06-08T14:27:47.644657145Z
1142,100,41.5,1007.2,0,0.08,29.4,164,6.6,634,-111,-7.2,1,2025-06-08T14:37:47.64761649Z
1143,100,42.5,1007.2,0,0.08,29.3,173.5,4.4,635,-113,-5,1,2025-06-08T14:47:47.629411694Z
1144,100,42,1007.2,0,0.08,29.3,184.2,5.7,636,-111,-6.8,1,2025-06-08T14:57:47.650743792Z
1145,100,41,1007.1,0,0.08,29.1,199.1,3,637,-114,-9,1,2025-06-08T15:07:47.624536717Z
1146,100,41,1007.1,0,0.08,29,180.7,5,638,-110,-4.8,1,2025-06-08T15:17:47.625086324Z
1147,100,41.5,1007,0,0.08,29,183.2,5.9,639,-111,-5.2,1,2025-06-08T15:27:47.616630371Z
1148,100,42.5,1007,0,0.08,29,183.2,4.8,640,-112,-5.2,1,2025-06-08T15:37:47.614634615Z
1149,100,39,1007,0,0.08,28.8,170.9,5.9,641,-111,-5.8,1,2025-06-08T15:47:47.605708597Z
1150,100,39.5,1007,0,0.08,28.8,182.3,4.6,642,-114,-5.8,1,2025-06-08T15:57:47.673038815Z
1151,100,42.5,1007,0,0.08,28.5,193.4,3.4,643,-114,-5.2,1,2025-06-08T16:07:47.599299255Z
1152,100,43.5,1007,0,0.08,28.4,169.5,4.1,644,-111,-6.5,1,2025-06-08T16:17:47.595221602Z
1153,100,43.5,1007.1,0,0.08,28.3,180.1,4,645,-113,-7.2,1,2025-06-08T16:27:47.586308218Z
1154,100,42.5,1007,0,0.08,28,179.7,4.7,646,-113,-5.5,1,2025-06-08T16:37:47.587104638Z
1155,100,42,1007.1,0,0.08,27.9,173.9,5.2,647,-112,-4.8,1,2025-06-08T16:47:54.296039438Z
1156,100,40.5,1007.1,0,0.08,27.7,178.5,7.8,648,-111,-7,1,2025-06-08T16:57:47.587385021Z
1157,100,40.5,1007.2,0,0.08,27.5,199.6,3.6,649,-112,-6,1,2025-06-08T17:07:47.560040273Z
1158,100,40.5,1007.3,0,0.08,27.3,189.8,5,650,-113,-6.8,1,2025-06-08T17:17:47.563047956Z
1159,100,41,1007.4,0,0.08,27,202.1,4.5,651,-111,-5.8,1,2025-06-08T17:27:47.540578524Z
1160,100,39,1007.5,0,0.08,26.7,184.2,5.2,652,-113,-6.8,1,2025-06-08T17:37:47.542578583Z
1161,100,40.5,1007.6,0,0.08,26.3,187.9,4.6,653,-112,-7.5,1,2025-06-08T17:47:47.528609606Z
1162,100,42.5,1007.6,0,0.08,26.1,192,3,654,-112,-5.8,1,2025-06-08T17:57:47.539267121Z
1163,100,44.5,1007.6,0,0.08,25.7,186.7,5,655,-100,-20.2,1,2025-06-08T18:07:47.518772243Z
1164,100,47,1007.7,0,0.08,25.2,162.2,2.7,656,-110,-6,1,2025-06-08T18:17:47.511819585Z
1165,100,48.5,1008,0,0.08,25,177.5,2.3,657,-112,-6,1,2025-06-08T18:27:47.507349275Z
1166,100,48.5,1008,0,0.08,24.6,176.3,2.6,658,-113,-6,1,2025-06-08T18:37:47.501067355Z
1167,100,47.5,1007.9,0,0.1,24.4,165.5,4.1,659,-113,-6.5,1,2025-06-08T18:47:47.486626245Z
1168,100,47,1007.9,0,0.1,24.4,174.4,3.3,660,-111,-6,1,2025-06-08T18:57:47.509284116Z
1169,100,46.5,1008,0,0.1,24.3,186.1,4,661,-111,-6,1,2025-06-08T19:07:47.482352636Z
1170,100,46,1008.2,0,0.1,24.2,178.4,4.2,662,-115,-5.5,1,2025-06-08T19:17:47.562840008Z
1171,100,47,1008.4,0,0.1,24.1,180,2.4,663,-111,-5.8,1,2025-06-08T19:27:47.457113186Z
1172,100,46,1008.4,0,0.1,24,185.2,3.3,664,-113,-7.2,1,2025-06-08T19:37:47.46060117Z
1173,100,46,1008.5,0,0.1,23.8,180.4,2.7,665,-112,-5.8,1,2025-06-08T19:47:47.433379359Z
1174,100,46,1008.7,0,0,23.6,195.1,4.3,666,-115,-5.8,1,2025-06-08T19:57:47.487187424Z
1175,100,46.5,1008.7,0,0,23.4,184.6,2.6,667,-111,-5.8,1,2025-06-08T20:07:47.449251602Z
1176,100,47,1008.8,0,0,23.3,184.8,3.5,668,-115,-8,1,2025-06-08T20:17:47.431924526Z
1177,100,46.5,1008.9,0,0,23.3,163.6,3,669,-111,-9.2,1,2025-06-08T20:27:47.449828243Z
1178,100,47,1009.1,0,0,23.1,192.6,2,670,-112,-9.5,1,2025-06-08T20:37:47.396308694Z
1179,100,47,1009.3,0,0,22.7,194.6,3.6,671,-110,-6,1,2025-06-08T20:47:47.388903905Z
1180,100,47,1009.3,0,0,22.8,186.9,1.8,672,-111,-5.5,1,2025-06-08T20:57:47.370027367Z
1181,100,46.5,1009.4,0,0,22.7,173.4,2.8,673,-114,-4.5,1,2025-06-08T21:07:47.369605418Z
1182,100,47,1009.5,0,0,22.8,194.3,2.7,674,-113,-4.2,1,2025-06-08T21:17:49.553594713Z
1183,100,46.5,1009.6,0,0,22.6,193.1,2.1,675,-115,-5.2,1,2025-06-08T21:27:47.368731729Z
1184,100,47.5,1009.7,0,0,22.5,184.6,2.1,676,-111,-5.5,1,2025-06-08T21:37:47.354257107Z
1185,100,47,1009.8,0,0,22.5,200.3,2.5,677,-112,-5.5,1,2025-06-08T21:47:47.333581258Z
1186,100,47.5,1009.8,0,0,22.2,190.4,2,678,-112,-5.5,1,2025-06-08T21:57:47.319764301Z
1187,100,47,1009.8,0,0,22.2,171.1,3.3,679,-112,-5.5,1,2025-06-08T22:07:47.317220024Z
1188,100,48,1010,0,0,21.9,185.9,2.4,680,-112,-5.5,1,2025-06-08T22:17:47.310891059Z
1189,99,49.5,1010,0,0,21.8,207.8,2.6,681,-112,-5,1,2025-06-08T22:27:47.31223296Z
1190,99,50,1010.1,0,0,21.7,188.9,1.6,682,-114,-7.8,1,2025-06-08T22:37:47.368215419Z
1191,99,51,1010.1,0,0.01,21.5,210.4,1,683,-111,-3.5,1,2025-06-08T22:47:47.29374988Z
1192,99,52,1010.2,0,0.01,21.1,189.7,2,684,-112,-4.8,1,2025-06-08T22:57:47.284866813Z
1193,99,52.5,1010.2,0,0.01,21,209,1.1,685,-113,-4.8,1,2025-06-08T23:07:47.269349452Z
1194,99,53.5,1010.2,0,0.01,20.8,239.4,1.3,686,-110,-3.2,1,2025-06-08T23:17:47.263266456Z
1195,98,56.5,1010.3,0,0.01,20,235.5,1.6,687,-111,-6.2,1,2025-06-08T23:27:47.259107423Z
1196,98,55.5,1010.2,0,0.01,20.1,209.4,1.4,688,-110,-11,1,2025-06-08T23:37:47.243066682Z
1197,98,57,1010.2,0,0.01,19.7,190.9,1.5,689,-108,-11.2,1,2025-06-08T23:47:47.239806509Z
1198,98,58,1010.1,0,0.01,19.6,196.8,1.2,690,-113,-4,1,2025-06-08T23:57:47.264118014Z
1199,98,59,1010.2,0,0.01,19.3,198.4,1.3,691,-112,-7,1,2025-06-09T00:07:47.220920314Z
1200,98,55.5,1010.1,0,0.01,19.7,195.3,1.9,692,-110,-6.8,1,2025-06-09T00:17:47.204308356Z
1201,96,56.5,1010.3,0,0.01,19.9,222.3,0.7,693,-114,-8.8,1,2025-06-09T00:27:47.232327388Z
1202,96,57,1010.5,0,0.01,19.6,181.9,1.1,694,-105,-11.2,1,2025-06-09T00:37:47.187590926Z
1203,96,59,1010.5,0,0.01,19.2,196.2,0.9,695,-109,-5,1,2025-06-09T00:47:47.178428723Z
1204,96,60.5,1010.7,0,0.01,18.8,168.9,0.5,696,-108,-11.2,1,2025-06-09T00:57:47.177263679Z
1205,96,63,1010.8,0,0.01,18.5,221.2,1,697,-114,-5.2,1,2025-06-09T01:07:47.165464275Z
1206,96,62,1010.7,0,0.01,18.4,189.7,1.4,698,-108,-11.8,1,2025-06-09T01:17:47.155789432Z
1207,96,60.5,1010.8,0,0.01,18.8,178.7,1.7,699,-109,-2.5,1,2025-06-09T01:27:47.157785932Z
1208,95,60,1010.7,0,0.01,19.1,188.9,1.9,700,-113,-5.2,1,2025-06-09T01:37:47.189924681Z
1209,95,62,1010.7,0,0.01,19,179.1,1.3,701,-112,-8.2,1,2025-06-09T01:47:47.135941253Z
1210,95,63,1010.8,0,0.01,18.8,225.8,0.8,702,-110,-5,1,2025-06-09T01:57:47.125972173Z
1211,95,63.5,1010.9,0,0.01,18.4,197.2,1.4,703,-114,-4.5,1,2025-06-09T02:07:47.110834694Z
1212,95,64,1011,0,0.01,18.4,231.6,1.3,704,-113,-6.8,1,2025-06-09T02:17:47.11095997Z
1213,95,62,1011,0,0.01,18.9,192.8,1,705,-110,-5.5,1,2025-06-09T02:27:47.097374685Z
1214,93,63,1011,0,0.01,18.5,207,1.1,706,-112,-4,1,2025-06-09T02:37:47.14828759Z
1215,93,63.5,1011,0,0.01,18.4,209.9,1,707,-109,-4.8,1,2025-06-09T02:47:47.071153347Z
1216,93,65,1011.3,0,0.01,18,223.4,0.8,708,-114,-8.8,1,2025-06-09T02:57:47.070919872Z
1217,93,66,1011.5,0,0.01,17.6,242.3,0.5,709,-111,-4,1,2025-06-09T03:07:47.06223381Z
1218,93,66,1011.4,0,0.02,17.6,228.1,0.6,710,-107,-6.8,1,2025-06-09T03:17:47.045843635Z
1219,93,68.5,1011.5,0,0.02,17.7,327,1.9,711,-107,-8.8,1,2025-06-09T03:27:47.049346832Z
1220,93,74,1011.7,0,0.02,16.8,149.6,0.4,712,-104,-9,1,2025-06-09T03:37:47.037798302Z
1221,92,71,1011.8,0,0.02,16.7,63.4,0.2,713,-112,-4.8,1,2025-06-09T03:47:47.034381423Z
1222,92,72.5,1012.1,0,0.02,16.4,34.4,0.4,714,-111,-6.2,1,2025-06-09T03:57:47.01445133Z
1223,92,73,1012,0,0.02,16.8,302.5,0.3,715,-112,-5.2,1,2025-06-09T04:07:47.008181794Z
1224,92,72.5,1012.2,0,0.02,16.8,118.8,0.2,716,-109,-9.2,1,2025-06-09T04:17:46.999505386Z
1225,92,74,1012.3,0,0.02,17.1,165.2,1,717,-110,-6,1,2025-06-09T04:27:46.990018871Z
1226,92,74,1012.4,0,0.02,17.6,151.2,0.7,718,-110,-8.8,1,2025-06-09T04:37:46.983763157Z
1227,92,75,1012.6,0,0.02,18.2,208.3,0.9,719,-110,-7.5,1,2025-06-09T04:47:46.988680634Z
1228,92,73.5,1012.5,0,0.02,18.4,203.1,1.3,720,-113,-3.8,1,2025-06-09T04:57:46.969741556Z
1229,92,70,1012.5,0,0.02,19.3,215,1.5,721,-109,-6.8,1,2025-06-09T05:07:46.995935745Z
1230,92,67.5,1012.6,0,0.02,20,205,1.6,722,-114,-5.2,1,2025-06-09T05:17:46.94152235Z
1231,92,70,1012.7,0,0.02,20.6,184.4,1,723,-112,-10.5,1,2025-06-09T05:27:46.97183353Z
1232,92,68,1012.9,0,0.02,21.2,203.8,1.1,724,-113,-6.5,1,2025-06-09T05:37:46.930671984Z
1233,94,65.5,1013,0,0.02,21.8,178.9,0.7,725,-110,-10,1,2025-06-09T05:47:46.98836003Z
1234,94,58,1013,0,0.02,22.2,216.6,1.1,726,-112,-5.8,1,2025-06-09T05:57:46.919239911Z
1235,94,57,1013.1,0,0.02,22.8,244.2,3.1,727,-108,-9.2,1,2025-06-09T06:07:46.911494683Z
1236,94,60,1013.2,0,0.02,22.9,243.5,3.1,728,-114,-9.2,1,2025-06-09T06:17:46.884666134Z
1237,94,56,1013.3,0,0.02,23.3,244.7,3.2,729,-112,-5.8,1,2025-06-09T06:27:46.953190787Z
1238,94,55,1013.5,0,0.02,23.5,256.1,4.9,730,-107,-8.2,1,2025-06-09T06:37:46.883027997Z
1239,94,53.5,1013.5,0,0.02,24,268.2,4,731,-109,-8.5,1,2025-06-09T06:47:46.892704209Z
1240,100,58.5,1013.6,0,0.02,23.9,256.6,2.7,732,-112,-7.2,1,2025-06-09T06:57:46.879244717Z
1241,100,53.5,1013.6,0,0.02,24.5,262.7,4.9,733,-107,-6.5,1,2025-06-09T07:07:46.847693509Z
1242,100,53.5,1013.8,0,0.02,24.4,283.3,4,734,-113,-8.5,1,2025-06-09T07:17:46.846323413Z
1243,100,54,1013.7,0,0.02,24.7,263.8,3.3,735,-112,-2.8,1,2025-06-09T07:27:46.832068541Z
1244,100,55,1013.9,0,0.02,25,253.1,3.4,736,-113,-10.2,1,2025-06-09T07:37:46.834572823Z
1245,100,56.5,1014,0,0.02,24.8,288.1,4.5,737,-114,-7.2,1,2025-06-09T07:47:46.883147421Z
1246,100,57,1014,0,0.02,25.1,309.7,3.1,738,-113,-8,1,2025-06-09T07:57:46.838412577Z
1247,100,57.5,1014,0,0.02,25,288,2.2,739,-113,-7.5,1,2025-06-09T08:07:46.812770433Z
1248,100,57,1014.1,0,0.02,25.3,254,3.6,740,-106,-9.5,1,2025-06-09T08:17:46.810653121Z
1249,100,59.5,1014.3,0,0.02,25.4,345.3,2.2,741,-112,-8.5,1,2025-06-09T08:27:46.805435277Z
1250,100,57.5,1014.4,0,0.02,25.8,325.4,2.2,742,-107,-12.2,1,2025-06-09T08:37:46.795851646Z
1251,100,57,1014.5,0,0.02,26.2,320,1.1,743,-113,-6.2,1,2025-06-09T08:47:46.795668323Z
1252,100,57,1014.5,0,0.02,26.3,271.5,1.1,744,-110,-6.8,1,2025-06-09T08:57:46.783243387Z
1253,100,57.5,1014.5,0,0.02,26.4,279.7,1.3,745,-109,-9,1,2025-06-09T09:07:46.820577751Z
1254,100,61,1014.7,0,0.02,26.5,0.9,2.3,746,-107,-8.2,1,2025-06-09T09:17:46.797666983Z
1255,100,60.5,1014.8,0,0.02,26.2,295,1.9,747,-107,-9,1,2025-06-09T09:27:46.775362061Z
1256,100,57,1014.8,0,0.02,27.5,124.6,0.8,748,-114,-8.8,1,2025-06-09T09:37:46.795070414Z
1257,100,55.5,1014.8,0,0.02,28,49.6,1.6,749,-113,-7,1,2025-06-09T09:47:46.750340372Z
1258,100,57,1014.9,0,0.02,27.5,17.5,1.9,750,-112,-9.2,1,2025-06-09T09:57:46.754622955Z
1259,100,58,1014.9,0,0.02,27.2,17.1,0.8,751,-110,-8.8,1,2025-06-09T10:07:46.768325464Z
1260,100,57.5,1014.8,0,0.02,27.3,88.4,3.6,752,-110,-11.8,1,2025-06-09T10:17:46.76896574Z
1261,100,57,1014.9,0,0.02,26.8,65.7,2.1,753,-113,-10.5,1,2025-06-09T10:27:46.729153228Z
1262,100,57,1014.8,0,0.02,26.8,41,1.2,754,-110,-9.8,1,2025-06-09T10:37:46.77327088Z
1263,100,59.5,1014.9,0,0.02,27,63.9,3,755,-112,-10.8,1,2025-06-09T10:47:46.729047825Z
1264,100,58,1014.9,0,0.02,27.5,65.3,2.6,756,-110,-10.8,1,2025-06-09T10:57:46.716088527Z
1265,100,59.5,1015,0,0.02,27.3,76.5,4,757,-111,-8.8,1,2025-06-09T11:07:46.714242295Z
1266,100,57.5,1015,0,0.02,27.2,52.5,2.9,758,-114,-9.2,1,2025-06-09T11:17:46.721895202Z
1267,100,57.5,1015.1,0,0.02,26.9,42.6,3.2,759,-107,-15.5,1,2025-06-09T11:27:46.703316015Z
1268,100,55,1015.1,0,0.02,27.1,46.1,3.9,760,-114,-9.5,1,2025-06-09T11:37:46.695210154Z
1269,100,53,1015.2,0,0.02,27.1,25.3,4.1,761,-112,-8.2,1,2025-06-09T11:47:46.697826647Z
1270,100,51.5,1015.2,0,0.02,27.3,59.4,3,762,-111,-7.8,1,2025-06-09T11:57:46.731005222Z
1271,100,52.5,1015.2,0,0.02,27.1,40.5,5.7,763,-110,-13,1,2025-06-09T12:07:46.706890676Z
1272,100,51.5,1015.2,0,0.02,27,39.8,4.1,764,-109,-8.2,1,2025-06-09T12:17:46.73353331Z
1273,100,52,1015.3,0,0.02,26.9,33.9,4.1,765,-109,-7.2,1,2025-06-09T12:27:46.672370704Z
1274,100,53,1015.3,0,0.02,27.2,32.4,3.3,766,-108,-9.2,1,2025-06-09T12:37:46.639626415Z
1275,100,51,1015.2,0,0.02,27.1,23.8,3.3,767,-112,-7.5,1,2025-06-09T12:47:46.651401756Z
1276,100,50.5,1015.2,0,0.02,27.1,45.4,4.3,768,-110,-7.5,1,2025-06-09T12:57:46.676086116Z
1277,100,53.5,1015.3,0,0.02,27.1,38.5,1.7,769,-112,-8.5,1,2025-06-09T13:07:46.656934952Z
1278,100,52,1015.3,0,0.02,27,53.4,2.6,770,-111,-9.5,1,2025-06-09T13:17:46.624815468Z
1279,100,50.5,1015.3,0,0.02,27,51.8,3,771,-111,-11.2,1,2025-06-09T13:27:46.666140266Z
1280,100,50.5,1015.4,0,0.02,26.9,58.5,4,772,-113,-12.8,1,2025-06-09T13:37:46.653258132Z
1281,100,52,1015.4,0,0.02,26.6,45.6,2.5,773,-111,-13.2,1,2025-06-09T13:47:46.611392509Z
1282,100,53,1015.3,0,0.02,26.7,93.4,4.3,774,-113,-10.2,1,2025-06-09T13:57:46.62826418Z
1283,100,52.5,1015.3,0,0.02,27,68.7,2.4,775,-112,-11.8,1,2025-06-09T14:07:46.605293353Z
1284,100,51.5,1015.2,0,0.02,26.8,37.9,2.8,776,-110,-12.2,1,2025-06-09T14:17:46.593100765Z
1285,100,52,1015.2,0,0.02,26.9,84.1,2.1,777,-111,-8.8,1,2025-06-09T14:27:46.582518575Z
1286,100,50,1015.3,0,0.02,27,36.1,5.1,778,-112,-10.8,1,2025-06-09T14:37:46.628524593Z
1287,100,49,1015.3,0,0.02,26.9,72.8,4.1,779,-111,-11.5,1,2025-06-09T14:47:46.599070943Z
1288,100,46.5,1015.3,0,0.02,27,59.6,4.1,780,-114,-12.2,1,2025-06-09T14:57:46.570312335Z
1289,100,47,1015.3,0,0.02,26.9,66.3,3.7,781,-114,-9.5,1,2025-06-09T15:07:46.556478992Z
1290,100,46.5,1015.2,0,0.02,26.9,54.8,4.5,782,-114,-9,1,2025-06-09T15:17:46.547458863Z
1291,100,47.5,1015.3,0,0.02,26.7,64.4,3.2,783,-114,-8,1,2025-06-09T15:27:46.537222608Z
1292,100,47.5,1015.1,0,0.02,26.6,59.4,3,784,-112,-9.2,1,2025-06-09T15:37:46.551386221Z
1293,100,47,1015.1,0,0.02,26.6,81.6,4.4,785,-112,-10,1,2025-06-09T15:47:46.526900551Z
1294,100,45.5,1015.1,0,0.02,26.4,92.9,5.2,786,-113,-10.5,1,2025-06-09T15:57:46.570810269Z
1295,100,47,1015.3,0,0.02,26.5,75.5,4.6,787,-111,-8.2,1,2025-06-09T16:07:46.524499305Z
1296,100,47,1015.3,0,0.02,26.2,81.8,3.6,788,-112,-9.5,1,2025-06-09T16:17:46.507294003Z
1297,100,47,1015.2,0,0.02,26.1,48.3,3,789,-112,-7.5,1,2025-06-09T16:27:46.502965032Z
1298,100,46,1015.2,0,0.02,25.9,66.6,3.6,790,-111,-11.8,1,2025-06-09T16:37:46.49966745Z
1299,100,47.5,1015.2,0,0.02,25.9,49.1,3.8,791,-114,-8.8,1,2025-06-09T16:47:46.504966093Z
1300,100,50,1015.3,0,0.02,25.6,54.6,1.9,792,-114,-12.8,1,2025-06-09T16:57:46.53168947Z
1301,100,50,1015.4,0,0.02,25.5,99.3,1.5,793,-113,-11,1,2025-06-09T17:07:46.47365477Z
1302,100,49.5,1015.4,0,0.02,25.3,89.9,2.4,794,-113,-10.5,1,2025-06-09T17:17:46.484030117Z
1303,100,48.5,1015.5,0,0.02,25,97.8,2.8,795,-113,-10,1,2025-06-09T17:27:46.470592289Z
1304,100,49,1015.5,0,0.02,24.8,104.9,4.1,796,-114,-11,1,2025-06-09T17:37:46.45586135Z
1305,100,50.5,1015.5,0,0.02,24.6,81.8,2.2,797,-112,-11.2,1,2025-06-09T17:47:46.471437207Z
1306,100,52,1015.5,0,0.02,24.2,100.3,2.8,798,-112,-7.2,1,2025-06-09T17:57:46.466783634Z
1307,100,54,1015.6,0,0.02,23.8,74,2,799,-114,-8.2,1,2025-06-09T18:07:46.446573795Z
1308,100,55.5,1015.7,0,0.02,23.4,78.3,1.6,800,-111,-6.8,1,2025-06-09T18:17:46.436442372Z
1309,100,57,1015.6,0,0.02,23,81.2,1.5,801,-112,-11.2,1,2025-06-09T18:27:46.417666941Z
1310,100,59,1015.6,0,0.02,22.5,74.2,1.3,802,-112,-11.2,1,2025-06-09T18:37:46.410299045Z
1311,100,61,1015.8,0,0.02,22,74.2,1.4,803,-111,-9.8,1,2025-06-09T18:47:46.39193921Z
1312,100,62,1015.9,0,0.02,21.7,63.3,0.5,804,-111,-7,1,2025-06-09T18:57:46.440725096Z
1313,100,65,1016,0,0.02,21.2,48.1,0.4,805,-110,-12.2,1,2025-06-09T19:07:46.379456591Z
1314,100,65.5,1016.1,0,0.02,21.1,33.7,0.6,806,-113,-7.5,1,2025-06-09T19:17:46.361468319Z
1315,100,66,1016.2,0,0.02,21,73.1,1.2,807,-113,-5.8,1,2025-06-09T19:27:46.37702023Z
1316,100,67,1016.2,0,0.02,20.8,68.8,0.9,808,-112,-6,1,2025-06-09T19:37:46.354251444Z
1317,100,69,1016.3,0,0.02,20.4,90.8,0.7,809,-115,-9.2,1,2025-06-09T19:47:46.355556557Z
1318,100,71,1016.4,0,0,20,91,0.8,810,-113,-9,1,2025-06-09T19:57:46.369395312Z
1319,100,73,1016.4,0,0,19.7,64.9,0.7,811,-112,-7.8,1,2025-06-09T20:07:46.334496199Z
1320,100,74,1016.4,0,0,19.4,79.6,0.9,812,-114,-6,1,2025-06-09T20:17:46.320536417Z
1321,100,76,1016.5,0,0,19,78.9,0.4,813,-111,-10.2,1,2025-06-09T20:27:46.306009526Z
1322,100,77,1016.6,0,0,18.9,63.4,0.4,814,-113,-5,1,2025-06-09T20:37:46.310605248Z
1323,100,79.5,1016.6,0,0,18.5,75.6,0.8,815,-113,-9.8,1,2025-06-09T20:47:46.331465046Z
1324,100,80.5,1016.7,0,0,18.2,339.1,0.2,816,-111,-8,1,2025-06-09T20:57:46.316278389Z
1325,100,82.5,1016.7,0,0,18,188,0.3,817,-112,-6.8,1,2025-06-09T21:07:46.332409306Z
1326,100,84.5,1016.7,0,0,17,78.9,0.1,818,-113,-6,1,2025-06-09T21:17:46.295067021Z
1327,100,88,1016.7,0,0,16.7,34.6,0.1,819,-114,-6,1,2025-06-09T21:27:46.288173334Z
1328,100,87.5,1016.8,0,0,16.6,318.4,0.1,820,-112,-5.5,1,2025-06-09T21:37:46.242321852Z
1329,100,86,1016.7,0,0,17,189.1,0.9,821,-114,-6.8,1,2025-06-09T21:47:46.277681593Z
1330,100,88.5,1016.8,0,0,16.4,341.4,0.6,822,-112,-7.5,1,2025-06-09T21:57:46.257172339Z
1331,100,90,1016.9,0,0,16,343.4,0,823,-113,-4.8,1,2025-06-09T22:07:46.220387237Z
1332,100,90.5,1016.8,0,0,15.7,181,0.2,824,-112,-4.8,1,2025-06-09T22:17:46.211577759Z
1333,100,92.5,1016.8,0,0,15.7,183.3,0.5,825,-114,-4.5,1,2025-06-09T22:27:46.209671652Z
1334,100,90.5,1017,0,0,15.5,284,0.6,826,-112,-6.2,1,2025-06-09T22:37:46.2212503Z
1335,100,91,1017,0,0,15.5,211.4,0.9,827,-113,-5.8,1,2025-06-09T22:47:46.184883375Z
1336,100,91.5,1016.9,0,0,15.4,231,0.5,828,-112,-4.5,1,2025-06-09T22:57:46.187173061Z
1337,98,93.5,1016.8,0,0,15.2,215.1,0.9,829,-111,-5.8,1,2025-06-09T23:07:46.194867142Z
1338,98,93.5,1016.9,0,0,15.6,189.9,0.8,830,-113,-4.5,1,2025-06-09T23:17:46.161692328Z
1339,98,92.5,1016.8,0,0,15.5,197.3,0.8,831,-112,-4.2,1,2025-06-09T23:27:46.149331984Z
1340,98,91.5,1016.7,0,0,15.2,207.8,0.3,832,-112,-6,1,2025-06-09T23:37:46.19435101Z
1341,98,93.5,1016.8,0,0,14.8,281.5,0.4,833,-111,-4.5,1,2025-06-09T23:47:46.172873197Z
1342,98,93.5,1016.7,0,0,14.8,216.4,0.7,834,-114,-5,1,2025-06-09T23:57:46.17639448Z
1343,98,93.5,1016.7,0,0,14.7,229.7,0.6,835,-114,-6.2,1,2025-06-10T00:07:46.17195319Z
1344,96,94,1016.7,0,0,14.8,281.1,0.3,836,-113,-5.2,1,2025-06-10T00:17:46.127494581Z
1345,96,94.5,1016.8,0,0,14.6,230.8,0.4,837,-110,-4.2,1,2025-06-10T00:27:46.103357838Z
1346,96,95.5,1016.7,0,0,14.6,217,0.9,838,-112,-4.8,1,2025-06-10T00:37:46.092592054Z
1347,96,94,1016.7,0,0,14.7,280.3,0.1,839,-114,-4,1,2025-06-10T00:47:46.135137069Z
1348,96,95,1016.6,0,0,14.5,237.5,0.5,840,-113,-3.2,1,2025-06-10T00:57:46.077579414Z
1349,96,95,1016.6,0,0,14.4,221.7,0.9,841,-113,-4.5,1,2025-06-10T01:07:46.116428722Z
1350,96,93.5,1016.5,0,0,14.8,218.2,1.2,842,-111,-6,1,2025-06-10T01:17:46.05532049Z
1351,95,93,1016.6,0,0,15,263.3,0.9,843,-112,-4,1,2025-06-10T01:27:46.065261623Z
1352,95,93,1016.5,0,0,14.9,209.1,1.2,844,-113,-5.8,1,2025-06-10T01:37:46.102862608Z
1353,95,91,1016.5,0,0,15.2,224.5,1,845,-111,-4.5,1,2025-06-10T01:47:46.056704736Z
1354,95,92.5,1016.5,0,0,14.8,220.7,0.9,846,-113,-3.5,1,2025-06-10T01:57:46.101663817Z
1355,95,92,1016.4,0,0,14.9,262.2,0.9,847,-112,-5.2,1,2025-06-10T02:07:46.024671136Z
1356,95,92,1016.3,0,0,14.8,229,1,848,-112,-5.2,1,2025-06-10T02:17:46.000544969Z
1357,93,92,1016.3,0,0,14.7,193.3,1.1,849,-112,-3.8,1,2025-06-10T02:27:48.248400928Z
1358,93,94,1016.3,0,0,14.5,209.6,0.9,850,-113,-5.8,1,2025-06-10T02:37:46.001369065Z
1359,93,93.5,1016.3,0,0,14.4,221.7,0.4,851,-113,-5,1,2025-06-10T02:47:45.986997556Z
1360,93,94,1016.4,0,0,14.6,218.1,1.1,852,-110,-3.5,1,2025-06-10T02:57:45.974334382Z
1361,93,94,1016.3,0,0.02,14.4,230.2,0.4,853,-112,-3.5,1,2025-06-10T03:07:45.976773681Z
1362,93,94.5,1016.3,0,0.02,14.2,213.6,0.4,854,-112,-4,1,2025-06-10T03:17:45.962908876Z
1363,93,94.5,1016.3,0,0.02,14.5,207.4,0.3,855,-115,-4.8,1,2025-06-10T03:27:46.018504052Z
1364,92,95.5,1016.3,0,0.02,14.4,245.1,0.7,856,-112,-6.2,1,2025-06-10T03:37:46.000355058Z
1365,92,95,1016.4,0,0.02,14.4,240.6,0.7,857,-109,-4.2,1,2025-06-10T03:47:45.928615155Z
1366,92,94,1016.4,0,0.02,14.6,224.3,1.2,858,-114,-5,1,2025-06-10T03:57:45.929471564Z
1367,92,94,1016.4,0,0.02,14.7,234.1,0.7,859,-113,-4.5,1,2025-06-10T04:07:45.927742657Z
1368,92,93.5,1016.4,0,0.02,15,231.5,0.4,860,-111,-5.8,1,2025-06-10T04:17:45.935683494Z
1369,92,93.5,1016.5,0,0.02,15.4,227.8,1.1,861,-108,-4.5,1,2025-06-10T04:27:48.075297271Z
1370,92,92.5,1016.4,0,0.02,16,217.9,0.9,862,-110,-4.2,1,2025-06-10T04:37:45.888694566Z
1371,92,91.5,1016.5,0,0.02,16.5,224.4,1.1,863,-108,-3.5,1,2025-06-10T04:47:45.897279215Z
1372,92,89.5,1016.4,0,0.02,17,240.5,1.1,864,-114,-4.5,1,2025-06-10T04:57:45.871680744Z
1373,92,89,1016.4,0,0.02,17.6,256.9,0.7,865,-113,-5.5,1,2025-06-10T05:07:45.922416698Z
1374,92,88.5,1016.3,0,0.04,18.2,221.5,0.8,866,-112,-4.5,1,2025-06-10T05:17:45.892702986Z
1375,92,82,1016.4,0,0.04,19,291.2,2.7,867,-111,-3.5,1,2025-06-10T05:27:45.847004409Z
1376,92,81,1016.3,0,0.04,19.3,298.9,1.7,868,-113,-5,1,2025-06-10T05:37:45.846286291Z
1377,95,78.5,1016.4,0,0.04,19.7,279.9,1.8,869,-113,-6.8,1,2025-06-10T05:47:45.864420537Z
1378,95,77.5,1016.5,0,0.06,19.9,306.6,2.2,870,-112,-5,1,2025-06-10T05:57:45.824349031Z
1379,95,75.5,1016.6,0,0.06,20.1,270.9,2.3,871,-112,-6.2,1,2025-06-10T06:07:45.823718365Z
1380,95,73,1016.6,0,0.06,20.5,283.7,2.5,872,-113,-6,1,2025-06-10T06:17:45.810532667Z
1381,95,72.5,1016.6,0,0.06,21,274.7,2.1,873,-113,-14,1,2025-06-10T06:27:45.800864136Z
1382,95,70,1016.6,0,0.06,21.3,323.5,2.2,874,-115,-7,1,2025-06-10T06:37:45.837144023Z
1383,100,69.5,1016.7,0,0.06,21.6,289.2,1.4,875,-113,-6,1,2025-06-10T06:47:45.812708372Z
1384,100,69,1016.6,0,0.06,21.7,293.3,1.8,876,-113,-7,1,2025-06-10T06:57:45.773892413Z
1385,100,67.5,1016.6,0,0.06,21.9,266.6,1.5,877,-115,-7.5,1,2025-06-10T07:07:45.815298996Z
1386,100,64,1016.5,0,0.06,22.7,293.9,2.5,878,-113,-7.2,1,2025-06-10T07:17:45.751502354Z
1387,100,62,1016.5,0,0.06,23.5,286.5,1.8,879,-112,-7.5,1,2025-06-10T07:27:45.754102967Z
1388,100,63,1016.4,0,0.06,23.6,291.8,1.5,880,-108,-10,1,2025-06-10T07:37:45.748106931Z
1389,100,64,1016.5,0,0.06,23.3,259.3,0.7,881,-103,-12,1,2025-06-10T07:47:45.743030258Z
1390,100,61.5,1016.3,0,0.06,24.4,243.6,0.4,882,-113,-7.5,1,2025-06-10T07:57:45.758790809Z
1391,100,59.5,1016.2,0,0.06,24.5,322.4,1,883,-112,-6.8,1,2025-06-10T08:07:45.72696064Z
1392,100,61.5,1016.1,0,0.06,24.5,337.2,1.1,884,-113,-6.8,1,2025-06-10T08:17:45.710154196Z
1393,100,56,1016,0,0.06,25.2,262.8,2.3,885,-112,-6.8,1,2025-06-10T08:27:45.710705738Z
1394,100,57.5,1016,0,0.06,24.8,254.7,1.4,886,-113,-6,1,2025-06-10T08:37:45.706491367Z
1395,100,57.5,1015.8,0,0.06,25.5,24.1,1.1,887,-113,-6,1,2025-06-10T08:47:45.695684841Z
1396,100,56,1015.6,0,0.06,25.4,318.1,0.9,888,-111,-7.5,1,2025-06-10T08:57:45.705402746Z
1397,100,55,1015.5,0,0.06,26.1,324.2,1.2,889,-112,-7.8,1,2025-06-10T09:07:45.692016538Z
1398,100,49,1015.5,0,0.06,25.7,1.3,2.1,890,-112,-8.5,1,2025-06-10T09:17:45.731029726Z
1399,100,54,1015.5,0,0.06,25.7,230.2,1.3,891,-114,-7.8,1,2025-06-10T09:27:45.666675088Z
1400,100,53,1015.4,0,0.06,26.3,337.2,0.8,892,-114,-7.8,1,2025-06-10T09:37:45.67298605Z
1401,100,51.5,1015.4,0,0.06,26.2,330.2,2.5,893,-114,-8.2,1,2025-06-10T09:47:45.663583216Z
1402,100,50,1015.2,0,0.06,26.8,63.8,1.2,894,-114,-8,1,2025-06-10T09:57:45.645602822Z
1403,100,50,1015,0,0.06,26.8,99.1,1.3,895,-111,-8,1,2025-06-10T10:07:45.696700011Z
1404,100,52.5,1015,0,0.06,26.8,224.6,1.7,896,-113,-5,1,2025-06-10T10:17:45.642104624Z
1405,100,56,1015,0,0.06,26.9,209.8,1.3,897,-110,-7.8,1,2025-06-10T10:27:45.636500221Z
1406,100,49.5,1014.8,0,0.06,27.4,356.6,2.2,898,-111,-8,1,2025-06-10T10:37:45.621645884Z
1407,100,47,1014.7,0,0.06,27.4,333.8,0.9,899,-113,-5.5,1,2025-06-10T10:47:45.620693881Z
1408,100,47,1014.6,0,0.06,27.5,349.6,2.2,900,-110,-6.2,1,2025-06-10T10:57:45.61553949Z
1409,100,46.5,1014.7,0,0.06,27.7,342.9,1.9,901,-114,-7,1,2025-06-10T11:07:45.615944103Z
1410,100,44.5,1014.5,0,0.06,27.8,146.8,1.1,902,-113,-7.8,1,2025-06-10T11:17:45.61830128Z
1411,100,45.5,1014.5,0,0.06,28.2,358,0.6,903,-111,-10,1,2025-06-10T11:27:45.596213422Z
1412,100,44,1014.4,0,0.06,28.3,307.3,2.5,904,-111,-8,1,2025-06-10T11:37:47.763274396Z
1413,100,45.5,1014.2,0,0.06,28.4,328,3.3,905,-112,-8.2,1,2025-06-10T11:47:45.586647145Z
1414,100,44.5,1014.1,0,0.06,28.1,68.4,0.7,906,-112,-11.5,1,2025-06-10T11:57:45.631045765Z
1415,100,45.5,1014,0,0.06,28.2,234.1,1.6,907,-113,-8,1,2025-06-10T12:07:45.584880459Z
1416,100,44,1013.9,0,0.06,28.5,313.6,1.9,908,-114,-10,1,2025-06-10T12:17:45.726804932Z
1417,100,43,1013.8,0,0.06,29,10.5,2.6,909,-112,-8.2,1,2025-06-10T12:27:45.570193266Z
1418,100,43.5,1013.6,0,0.06,28.8,218.7,1.8,910,-111,-7.5,1,2025-06-10T12:37:45.565765644Z
1419,100,45.5,1013.5,0,0.06,29.7,69.2,1.3,911,-113,-6.8,1,2025-06-10T12:47:45.557137069Z
1420,100,41.5,1013.5,0,0.06,29.4,310.2,3.2,912,-112,-6.5,1,2025-06-10T12:57:45.560386991Z
1421,100,44,1013.3,0,0.06,28.8,235.2,0.6,913,-115,-7.2,1,2025-06-10T13:07:45.610282926Z
1422,100,41.5,1013.1,0,0.06,29.3,334.5,1.4,914,-112,-9.5,1,2025-06-10T13:17:45.549646478Z
1423,100,41,1013,0,0.06,29.2,304.1,1.7,915,-111,-8.5,1,2025-06-10T13:27:47.73620943Z
1424,100,40,1013,0,0.06,30,7,1.3,916,-111,-8.5,1,2025-06-10T13:37:45.545605423Z
1425,100,42.5,1012.9,0,0.06,29.5,64,1.3,917,-114,-8.5,1,2025-06-10T13:47:45.535193084Z
1426,100,43.5,1012.6,0,0.06,30,119.2,0.4,918,-115,-6.5,1,2025-06-10T13:57:45.577693714Z
1427,100,43.5,1012.6,0,0.06,30,119.2,0.4,918,-113,-10.8,1,2025-06-10T13:57:48.982603573Z
1428,100,39.5,1012.5,0,0.06,30.4,51.8,0.5,919,-113,-7,1,2025-06-10T14:07:45.529202006Z
1429,100,39.5,1012.4,0,0.06,30.2,265.6,0.7,920,-112,-6.8,1,2025-06-10T14:17:45.536417013Z
1430,100,42.5,1012.2,0,0.06,30.7,272.2,0.3,921,-114,-8.8,1,2025-06-10T14:27:45.543118047Z
1431,100,41.5,1012.2,0,0.06,29.8,154.3,1.1,922,-110,-7.2,1,2025-06-10T14:37:45.523521022Z
1432,100,40.5,1012,0,0.06,30.3,100.6,0.8,923,-115,-5.5,1,2025-06-10T14:47:45.558541225Z
1433,100,38.5,1012,0,0.06,30.6,307.9,0.9,924,-114,-7,1,2025-06-10T14:57:45.516025215Z
1434,100,38.5,1012,0,0.06,30.9,22,1.1,925,-113,-8,1,2025-06-10T15:07:45.528110165Z
1435,100,41,1011.9,0,0.06,30,3.9,2,926,-115,-7.8,1,2025-06-10T15:17:45.559004093Z
1436,100,41,1011.9,0,0.06,30,3.9,2,926,-114,-11.5,1,2025-06-10T15:17:47.509494248Z
1437,100,42,1011.8,0,0.06,30.7,57.6,1.1,927,-112,-6.8,1,2025-06-10T15:27:45.506874614Z
1438,100,38,1011.7,0,0.06,31,251.2,0.7,928,-112,-5.8,1,2025-06-10T15:37:45.535363467Z
1439,100,40,1011.6,0,0.06,30.5,275.4,1.2,929,-113,-6.5,1,2025-06-10T15:47:45.505537941Z
1440,100,38,1011.6,0,0.06,30.9,281.4,1.7,930,-112,-5,1,2025-06-10T15:57:45.504810418Z
1441,100,40,1011.5,0,0.06,29.9,321.3,2.5,931,-113,-8.2,1,2025-06-10T16:07:45.508127602Z
1442,100,39,1011.4,0,0.06,29.9,275.8,0.6,932,-113,-11,1,2025-06-10T16:17:45.499582201Z
1443,100,39.5,1011.4,0,0.06,30.1,343.6,1.6,933,-114,-5.5,1,2025-06-10T16:27:45.49236459Z
1444,100,41.5,1011.4,0,0.06,29.6,339.5,1.3,934,-113,-8.5,1,2025-06-10T16:37:45.491301051Z
1445,100,40,1011.3,0,0.06,29.6,343.7,0.4,935,-113,-8,1,2025-06-10T16:47:45.500460924Z
1446,100,39.5,1011.2,0,0.06,29.9,336.7,1.6,936,-112,-5.8,1,2025-06-10T16:57:45.532836379Z
1447,100,43,1011.4,0,0.06,29.5,87.9,0.5,937,-114,-7.5,1,2025-06-10T17:07:45.545564964Z
1448,100,42,1011.3,0,0.06,29,40.9,1.8,938,-113,-5.8,1,2025-06-10T17:17:45.475666055Z
1449,100,47,1011.3,0,0.06,28.7,22.9,0.4,939,-113,-7.5,1,2025-06-10T17:27:45.464052434Z
1450,100,46.5,1011.3,0,0.06,28.2,6.2,1.1,940,-113,-6.2,1,2025-06-10T17:37:45.468880574Z
1451,100,46.5,1011.3,0,0.06,27.7,27.8,0.9,941,-111,-4.5,1,2025-06-10T17:47:45.48601446Z
1452,100,47.5,1011.2,0,0.06,27.3,39.4,0.8,942,-112,-5.2,1,2025-06-10T17:57:45.451271155Z
1453,100,55,1011.3,0,0.06,26.4,98.7,2.1,943,-114,-5,1,2025-06-10T18:07:45.456970166Z
1454,100,59,1011.2,0,0.06,25.5,112.8,1.6,944,-112,-7.8,1,2025-06-10T18:17:45.444236108Z
1455,100,61,1011.3,0,0.06,25,105.4,1.4,945,-113,-7,1,2025-06-10T18:27:45.435936895Z
1456,100,62,1011.3,0,0.06,24.6,101.5,2,946,-111,-8.8,1,2025-06-10T18:37:45.42912154Z
1457,100,63.5,1011.3,0,0.06,24.3,113.7,1.7,947,-112,-9.8,1,2025-06-10T18:47:45.413470213Z
1458,100,64,1011.4,0,0.06,24,113.4,1.5,948,-113,-10,1,2025-06-10T18:57:45.432315477Z
1459,100,65,1011.2,0,0.06,23.7,92.6,1.8,949,-113,-8,1,2025-06-10T19:07:45.399801033Z
1460,100,67,1011.3,0,0.06,23.2,110.1,0.9,950,-111,-5.2,1,2025-06-10T19:17:45.408874017Z
1461,100,69,1011.4,0,0.09,22.8,130.5,0.9,951,-112,-6.8,1,2025-06-10T19:27:45.384819241Z
1462,100,70.5,1011.5,0,0.09,22.4,94.5,0.6,952,-114,-5,1,2025-06-10T19:37:45.364561894Z
1463,100,73,1011.6,0,0.09,21.9,92.2,0.2,953,-112,-7.2,1,2025-06-10T19:47:45.36206889Z
1464,100,74,1011.5,0,0,21.5,57.3,0.2,954,-112,-5.2,1,2025-06-10T19:57:45.376764199Z
1465,100,75,1011.5,0,0,21.3,127.8,0.4,955,-112,-5.5,1,2025-06-10T20:07:45.343159576Z
1466,100,76.5,1011.6,0,0,21.1,42.4,0.3,956,-114,-6,1,2025-06-10T20:17:45.388668053Z
1467,100,77.5,1011.7,0,0,20.8,163,0.5,957,-113,-7.8,1,2025-06-10T20:27:45.324051031Z
1468,100,78,1011.7,0,0,20.5,161.4,0.5,958,-113,-6.5,1,2025-06-10T20:37:45.321465995Z
1469,100,78.5,1011.6,0,0,20.5,160.7,0.6,959,-113,-6,1,2025-06-10T20:47:45.300003035Z
1470,100,81,1011.5,0,0,20.3,140.8,0.7,960,-112,-8.8,1,2025-06-10T20:57:45.296323031Z
1471,100,82,1011.5,0,0,20.2,162.4,0.6,961,-114,-5.5,1,2025-06-10T21:07:45.338959118Z
1472,100,83.5,1011.5,0,0,19.6,295.3,0.4,962,-109,-5.2,1,2025-06-10T21:17:45.286511922Z
1473,100,85,1011.5,0,0,19.3,140.3,0.6,963,-113,-5,1,2025-06-10T21:27:45.268370445Z
1474,100,84,1011.5,0,0,19.5,125.1,0.4,964,-112,-5.5,1,2025-06-10T21:37:45.259234345Z
1475,100,86,1011.4,0,0,18.9,65.7,0.3,965,-112,-6.8,1,2025-06-10T21:47:45.250411519Z
1476,100,88.5,1011.4,0,0,18.6,219.1,0.5,966,-112,-5.8,1,2025-06-10T21:57:45.291847195Z
1477,99,88.5,1011.4,0,0,18.8,125.8,0.3,967,-112,-4.8,1,2025-06-10T22:07:45.25940055Z
1478,99,89,1011.5,0,0,18.5,333.8,0,968,-113,-5.2,1,2025-06-10T22:17:45.273952746Z
1479,99,91,1011.4,0,0,18.1,257.9,0.2,969,-113,-5.5,1,2025-06-10T22:27:45.236361283Z
1480,99,87,1011.3,0,0,18.5,217.2,0.5,970,-111,-5.2,1,2025-06-10T22:37:45.205009297Z
1481,99,86,1011.4,0,0,18.6,220,0.6,971,-112,-5.2,1,2025-06-10T22:47:45.214007074Z
1482,99,86.5,1011.3,0,0,18.5,186.6,0.4,972,-112,-6.2,1,2025-06-10T22:57:45.193932897Z
1483,99,84,1011.3,0,0,18.9,231.2,0.6,973,-114,-5.5,1,2025-06-10T23:07:45.189364666Z
1484,97,86.5,1011.4,0,0,18.6,267.7,1.2,974,-114,-5.2,1,2025-06-10T23:17:45.190264226Z
1485,97,84,1011.2,0,0,19,260.2,0.8,975,-113,-5.5,1,2025-06-10T23:27:45.166207832Z
1486,97,84.5,1011.2,0,0,18.9,262.3,0.7,976,-113,-5,1,2025-06-10T23:37:45.168349559Z
1487,97,85.5,1011.2,0,0,18.4,249.9,0.5,977,-113,-5.8,1,2025-06-10T23:47:45.164442975Z
1488,97,85.5,1011.3,0,0,18.4,193.6,1,978,-114,-6.2,1,2025-06-10T23:57:45.138693106Z
1489,97,84,1011.2,0,0,18.8,189.7,1.2,979,-111,-5.2,1,2025-06-11T00:07:45.193529966Z
1490,96,85,1011.1,0,0,18.7,171.3,1.1,980,-111,-6.8,1,2025-06-11T00:17:45.143141422Z
1491,96,86,1011.2,0,0,18.5,194.8,0.9,981,-114,-7.8,1,2025-06-11T00:27:45.112040418Z
1492,96,86.5,1011.2,0,0,18.3,174.2,0.9,982,-112,-8,1,2025-06-11T00:37:45.099674703Z
1493,96,87.5,1011.1,0,0,18,221.4,0.8,983,-113,-5.2,1,2025-06-11T00:47:45.092452771Z
1494,96,87,1011.1,0,0,18,221.1,0.6,984,-110,-6.2,1,2025-06-11T00:57:45.084580416Z
1495,96,89,1011.1,0,0,17.7,326.5,1,985,-112,-5.8,1,2025-06-11T01:07:45.09191829Z
1496,96,89,1011,0,0,17.4,349,0.1,986,-106,-5.8,1,2025-06-11T01:17:45.061178046Z
1497,95,90,1011.1,0,0,17.5,238.5,1.4,987,-112,-5.5,1,2025-06-11T01:27:45.072852974Z
1498,95,89.5,1011,0,0,17.5,281.2,0.4,988,-112,-5.5,1,2025-06-11T01:37:45.043057194Z
1499,95,89,1010.8,0,0,17.7,218.1,1.1,989,-111,-6,1,2025-06-11T01:47:45.043400112Z
1500,95,85,1010.9,0,0,18.3,212.5,1,990,-116,-7,1,2025-06-11T01:57:45.107812573Z
1501,95,84.5,1010.8,0,0,18.4,225.7,1.1,991,-106,-5.5,1,2025-06-11T02:07:45.042662637Z
1502,95,87,1010.9,0,0,17.9,64.3,0.1,992,-114,-7,1,2025-06-11T02:17:45.049119619Z
1503,93,89.5,1010.9,0,0,17.3,291.1,0.3,993,-112,-5.8,1,2025-06-11T02:27:45.026213123Z
1504,93,90.5,1010.8,0,0,17.1,88.1,0.4,994,-112,-6,1,2025-06-11T02:37:44.998546557Z
1505,93,91.5,1010.9,0,0,16.8,135.8,0.2,995,-112,-6.2,1,2025-06-11T02:47:45.004004085Z
1506,93,92.5,1010.9,0,0,16.6,81.8,0.2,996,-113,-4.8,1,2025-06-11T02:57:44.991990662Z
1507,93,93,1010.9,0,0,16.5,320.9,0.4,997,-113,-4.5,1,2025-06-11T03:07:45.000942185Z
1508,93,93,1010.9,0,0,16.4,164.6,0.3,998,-113,-6.5,1,2025-06-11T03:17:44.96970531Z
1509,92,93.5,1010.9,0,0,16.6,167.9,0.9,999,-111,-4.8,1,2025-06-11T03:27:44.989236715Z
1510,92,92.5,1010.8,0,0,16.7,146.5,0.4,1000,-113,-4.8,1,2025-06-11T03:37:44.985284778Z
1511,92,93,1010.9,0,0,16.6,147,0.3,1001,-113,-5.5,1,2025-06-11T03:47:44.955116607Z
1512,92,92.5,1011,0,0,16.7,107.3,0.2,1002,-114,-6,1,2025-06-11T03:57:44.934325649Z
1513,92,93,1011,0,0,16.8,56.3,0.2,1003,-110,-6.2,1,2025-06-11T04:07:44.930542212Z
1514,92,92.5,1011.1,0,0,17.3,284.8,0.3,1004,-113,-5.2,1,2025-06-11T04:17:44.931288614Z
1515,92,92,1011,0,0,17.9,254.7,0.4,1005,-113,-6.2,1,2025-06-11T04:27:44.897173765Z
1516,93,89.5,1011.1,0,0,18.7,159,0.1,1006,-113,-5.8,1,2025-06-11T04:37:44.937704104Z
1517,93,85.5,1011,0,0,19.5,88.4,0.3,1007,-114,-5.5,1,2025-06-11T04:47:44.928878549Z
1518,93,84,1011.1,0,0,20.3,91.6,0.3,1008,-111,-7,1,2025-06-11T04:57:44.896840259Z
1519,93,80,1011.2,0,0,21.1,111.1,0.4,1009,-114,-6.5,1,2025-06-11T05:07:44.876663782Z
1520,93,77,1011.2,0,0,22.1,190.5,0.4,1010,-110,-7,1,2025-06-11T05:17:44.866023842Z
1521,93,72.5,1011.2,0,0,23,151.6,0.1,1011,-112,-6.8,1,2025-06-11T05:27:44.849267117Z
1522,94,69,1011.3,0,0,23.9,252.3,0.3,1012,-112,-6.5,1,2025-06-11T05:37:44.871052645Z
1523,94,68,1011.2,0,0,24.8,206.7,0.5,1013,-113,-7.5,1,2025-06-11T05:47:44.852977013Z
1524,94,62,1011.1,0,0,24.7,268.3,0.8,1014,-113,-8.2,1,2025-06-11T05:57:44.868455516Z
1525,94,61,1011.1,0,0,26.1,87.8,0.6,1015,-111,-7,1,2025-06-11T06:07:44.821857925Z
1526,94,56.5,1011.2,0,0,26.9,142.5,0.6,1016,-108,-8.2,1,2025-06-11T06:17:44.812530244Z
1527,94,58.5,1011.3,0,0,27,156.9,0.6,1017,-113,-6.8,1,2025-06-11T06:27:44.810807009Z
1528,94,57.5,1011.3,0,0,27.3,194.4,1,1018,-105,-19.2,1,2025-06-11T06:37:44.840011909Z
1529,100,59,1011.3,0,0,27.8,163.2,0.7,1019,-109,-11,1,2025-06-11T06:47:44.818957592Z
1530,100,58,1011.3,0,0,28.1,125,0.6,1020,-113,-6.5,1,2025-06-11T06:57:44.78416701Z
1531,100,51,1011.4,0,0,28.4,321.7,1.1,1021,-112,-7.2,1,2025-06-11T07:07:44.776505133Z
1532,100,52,1011.4,0,0,28.3,336.8,1.4,1022,-113,-8,1,2025-06-11T07:17:44.78177895Z
1533,100,49,1011.5,0,0,28.3,330.9,1.1,1023,-112,-8.2,1,2025-06-11T07:27:44.772663931Z
1534,100,51,1011.5,0,0,27.9,327.1,2.3,1024,-111,-7.5,1,2025-06-11T07:37:44.78999695Z
1535,100,49,1011.4,0,0,27.8,296.1,1.9,1025,-112,-8.5,1,2025-06-11T07:47:44.770978358Z
1536,100,49,1011.4,0,0,28.2,272.1,1.9,1026,-114,-8,1,2025-06-11T07:57:44.801155438Z
1537,100,50,1011.4,0,0,28.6,300.5,1.4,1027,-114,-8,1,2025-06-11T08:07:44.740658111Z
1538,100,48.5,1011.4,0,0,28.8,310,1.3,1028,-113,-8.8,1,2025-06-11T08:17:44.743392099Z
1539,100,47.5,1011.4,0,0,29.4,309.4,1.3,1029,-112,-8,1,2025-06-11T08:27:44.756552767Z
1540,100,44,1011.5,0,0,30.4,85.2,2.6,1030,-114,-7.2,1,2025-06-11T08:37:44.735079931Z
1541,100,47.5,1011.6,0,0,29.6,32.1,1.7,1031,-102,-7,1,2025-06-11T08:47:44.725695469Z
1542,100,46.5,1011.4,0,0,29.4,326,1.2,1032,-112,-7.5,1,2025-06-11T08:57:44.738231715Z
1543,100,47.5,1011.5,0,0,29.7,131.8,1.4,1033,-110,-9,1,2025-06-11T09:07:44.712372698Z
1544,100,44,1011.3,0,0,29.7,78.1,3.2,1034,-109,-9.5,1,2025-06-11T09:17:44.707993415Z
1545,100,44.5,1011.4,0,0,30.2,134.8,0.7,1035,-113,-8.8,1,2025-06-11T09:27:44.700801545Z
1546,100,46.5,1011.3,0,0,30.5,107.4,1.1,1036,-112,-12.2,1,2025-06-11T09:37:44.703956741Z
1547,100,42.5,1011.4,0,0,30.9,345.3,0.5,1037,-113,-8.2,1,2025-06-11T09:47:44.750972433Z
1548,100,45,1011.4,0,0,31.3,101.7,0.4,1038,-112,-9.8,1,2025-06-11T09:57:44.710778419Z
1549,100,43.5,1011.4,0,0,30.8,10.9,1.3,1039,-108,-13.8,1,2025-06-11T10:07:44.692373347Z
1550,100,43,1011.4,0,0,31.2,227.5,2.2,1040,-110,-7.2,1,2025-06-11T10:17:44.742984541Z
1551,100,42,1011.4,0,0,31.3,287.3,0.7,1041,-112,-9,1,2025-06-11T10:27:44.691091294Z
1552,100,48.5,1011.3,0,0,32.1,194.3,1.1,1042,-115,-6.2,1,2025-06-11T10:37:44.698767362Z
1553,100,43.5,1011.3,0,0,31.5,61.6,1.5,1043,-113,-7.5,1,2025-06-11T10:47:44.678774135Z
1554,100,46,1011.2,0,0,31.3,164.3,2,1044,-112,-6,1,2025-06-11T10:57:44.697282698Z
1555,100,44,1011.3,0,0,31.1,62.3,1.1,1045,-106,-15,1,2025-06-11T11:07:44.67645359Z
1556,100,42.5,1011.3,0,0,32,129,1.6,1046,-113,-6.5,1,2025-06-11T11:17:44.672815399Z
1557,100,40,1011,0,0,31.7,250.9,0.5,1047,-112,-8.5,1,2025-06-11T11:27:44.670187646Z
1558,100,45.5,1011.1,0,0,31.5,182.5,1.7,1048,-113,-7,1,2025-06-11T11:37:44.715710906Z
1559,100,45.5,1011.1,0,0,31,223.4,1.7,1049,-112,-8.2,1,2025-06-11T11:47:44.70488447Z
1560,100,42,1011,0,0,31.8,139.8,1.2,1050,-111,-11.2,1,2025-06-11T11:57:44.70295587Z
1561,100,38.5,1011,0,0,32.2,74.2,1,1051,-113,-8.2,1,2025-06-11T12:07:44.678341818Z
1562,100,40,1011,0,0,32.5,36.5,1,1052,-113,-7.5,1,2025-06-11T12:17:44.695397848Z
1563,100,41.5,1010.8,0,0,31.8,321.1,2.4,1053,-114,-6.8,1,2025-06-11T12:27:44.665544543Z
1564,100,39.5,1010.7,0,0,32.3,37.3,1.4,1054,-113,-7.5,1,2025-06-11T12:37:44.673628049Z
1565,100,40.5,1010.6,0,0,32.1,349.3,1.7,1055,-116,-7.8,1,2025-06-11T12:47:44.703108677Z
1566,100,39.5,1010.5,0,0,32.2,237.2,0.8,1056,-114,-8,1,2025-06-11T12:57:44.630225785Z
1567,100,43.5,1010.4,0,0,32.1,111.8,0.2,1057,-112,-8.5,1,2025-06-11T13:07:44.683932794Z
1568,100,43,1010.3,0,0,32.5,124.1,0.7,1058,-111,-6.8,1,2025-06-11T13:17:44.653294803Z
1569,100,41,1010.2,0,0,32.2,74.5,3.1,1059,-116,-8,1,2025-06-11T13:27:44.722186378Z
1570,100,39.5,1010.3,0,0,32.5,340.5,0.7,1060,-111,-7,1,2025-06-11T13:37:44.644004119Z
1571,100,44,1010.2,0,0,33.2,216.5,0.7,1061,-115,-5.8,1,2025-06-11T13:47:44.643826723Z
1572,100,43,1010.1,0,0,32.5,119.7,0.7,1062,-112,-6.2,1,2025-06-11T13:57:44.635242467Z
1573,100,41,1010,0,0,32.7,36.1,1.7,1063,-114,-6,1,2025-06-11T14:07:44.67354182Z
1574,100,40.5,1010,0,0,32.7,347.9,2,1064,-116,-9,1,2025-06-11T14:17:44.669569717Z
1575,100,43,1009.9,0,0,32.2,348.8,4.2,1065,-113,-9.2,1,2025-06-11T14:27:44.623298245Z
1576,100,43,1009.8,0,0,32,47.9,2.4,1066,-111,-9.8,1,2025-06-11T14:37:44.626979179Z
1577,100,42.5,1009.9,0,0,32.1,39.9,2.1,1067,-113,-6,1,2025-06-11T14:47:44.629407717Z
1578,100,42,1009.8,0,0,32.2,42.5,1.4,1068,-114,-10.8,1,2025-06-11T14:57:44.617487062Z
1579,100,43.5,1009.8,0,0,31.7,63.5,2.1,1069,-112,-9.8,1,2025-06-11T15:07:44.613807Z
1580,100,45,1009.8,0,0,31.5,64.5,1.6,1070,-112,-11,1,2025-06-11T15:17:44.621715525Z
1581,100,47,1009.8,0,0,31.5,108,1.6,1071,-113,-6.5,1,2025-06-11T15:27:44.624587829Z
1582,100,46,1009.7,0,0,31.6,90.3,3.6,1072,-113,-11.5,1,2025-06-11T15:37:44.608000666Z
1583,100,48,1009.6,0,0,31.2,72.2,1.5,1073,-114,-8.8,1,2025-06-11T15:47:44.635144267Z
1584,100,48,1009.6,0,0,31.1,97.9,2.4,1074,-114,-7.2,1,2025-06-11T15:57:44.59826531Z
1585,100,47,1009.5,0,0,31,86.7,4.4,1075,-112,-7,1,2025-06-11T16:07:44.606508737Z
1586,100,49,1009.5,0,0,30.7,111.2,1.8,1076,-112,-5.8,1,2025-06-11T16:17:44.58693724Z
1587,100,48.5,1009.5,0,0,30.4,78.8,2.5,1077,-111,-10.8,1,2025-06-11T16:27:44.605582821Z
1588,100,50.5,1009.6,0,0,30.1,66.8,1.5,1078,-114,-10,1,2025-06-11T16:37:44.587568218Z
1589,100,51.5,1009.7,0,0,29.6,77.3,3.2,1079,-114,-8.2,1,2025-06-11T16:47:44.632595851Z
1590,100,51.5,1009.6,0,0,29.3,78.9,4.2,1080,-113,-7.2,1,2025-06-11T16:57:44.595817326Z
1591,100,52,1009.8,0,0,29.1,90,2,1081,-112,-6.5,1,2025-06-11T17:07:44.568616762Z
1592,100,53.5,1009.8,0,0,28.8,104.9,1.5,1082,-113,-6.5,1,2025-06-11T17:17:44.559534919Z
1593,100,53,1009.7,0,0,28.5,100.1,4.1,1083,-113,-8.2,1,2025-06-11T17:27:44.569956772Z
1594,100,55,1009.8,0,0,28.2,90.7,2.8,1084,-111,-5.8,1,2025-06-11T17:37:44.607566479Z
1595,100,57,1009.8,0,0,27.8,72.8,1.8,1085,-112,-4.8,1,2025-06-11T17:47:44.537685593Z
1596,100,56,1010,0,0,27.5,76.6,1.5,1086,-113,-6.2,1,2025-06-11T17:57:44.526435231Z
1597,100,56.5,1010,0,0,27.1,83,2.2,1087,-113,-7.5,1,2025-06-11T18:07:44.582646019Z
1598,100,57,1010,0,0,26.8,96.7,2.8,1088,-112,-6.8,1,2025-06-11T18:17:44.522451321Z
1599,100,58.5,1010,0,0,26.3,78.1,1.5,1089,-111,-11.5,1,2025-06-11T18:27:44.548923894Z
1600,100,60,1010.1,0,0,25.9,78.9,2.1,1090,-112,-5.5,1,2025-06-11T18:37:44.563031807Z
1601,100,62,1010.2,0,0,25.4,93.2,1.5,1091,-113,-8.8,1,2025-06-11T18:47:44.499732231Z
1602,100,64,1010.2,0,0,24.8,85.2,1.3,1092,-114,-6,1,2025-06-11T18:57:44.497637722Z
1603,100,65,1010.2,0,0,24.4,100.9,1.6,1093,-114,-7.2,1,2025-06-11T19:07:44.479889208Z
1604,100,66,1010.4,0,0,24,87.7,1.3,1094,-112,-8.2,1,2025-06-11T19:17:44.52230387Z
1605,100,66,1010.5,0,0.02,23.8,92.8,0.9,1095,-111,-6.5,1,2025-06-11T19:27:44.473166912Z
1606,100,67,1010.6,0,0.02,23.4,79.5,0.9,1096,-112,-8.2,1,2025-06-11T19:37:44.483534651Z
1607,100,68,1010.8,0,0.02,23.2,99.2,0.8,1097,-113,-5.2,1,2025-06-11T19:47:44.449457603Z
1608,100,68.5,1010.9,0,0.02,22.9,84.5,0.8,1098,-113,-5.2,1,2025-06-11T19:57:44.503774659Z
1609,100,68.5,1010.9,0,0.03,22.8,62.5,1.8,1099,-112,-4,1,2025-06-11T20:07:44.443008809Z
1610,100,69,1011.1,0,0.03,22.6,109.3,1.4,1100,-114,-8.5,1,2025-06-11T20:17:44.425000202Z
1611,100,71,1011.2,0,0.03,22.3,72.2,0.9,1101,-110,-8.2,1,2025-06-11T20:27:44.458902773Z
1612,100,72,1011.2,0,0.03,22,91.8,0.9,1102,-110,-8,1,2025-06-11T20:37:46.61280199Z
1613,100,73,1011.2,0,0.03,21.8,69.2,0.9,1103,-114,-6.8,1,2025-06-11T20:47:44.439106366Z
1614,100,74.5,1011.3,0,0.03,21.6,123.2,1.2,1104,-113,-5.2,1,2025-06-11T20:57:44.449501603Z
1615,100,74,1011.3,0,0.03,21.6,48.7,0.4,1105,-111,-5.8,1,2025-06-11T21:07:44.386449236Z
1616,100,75,1011.5,0,0.03,21.3,54.3,0.3,1106,-114,-5.2,1,2025-06-11T21:17:44.383122425Z
1617,100,75.5,1011.5,0,0.03,21.2,37.4,0.4,1107,-108,-8.8,1,2025-06-11T21:27:44.359293791Z
1618,100,76.5,1011.5,0,0.04,20.9,86.5,0.2,1108,-113,-5,1,2025-06-11T21:37:44.354546242Z
1619,100,76.5,1011.5,0,0.04,21,105,0.8,1109,-114,-7,1,2025-06-11T21:47:44.385340949Z
1620,100,76.5,1011.6,0,0.04,21.1,151.9,0.4,1110,-114,-5.5,1,2025-06-11T21:57:44.358695399Z
1621,100,78.5,1011.6,0,0.04,20.8,161.5,0.5,1111,-113,-6.2,1,2025-06-11T22:07:44.330790531Z
1622,100,79.5,1011.6,0,0.04,20.4,223.9,0.7,1112,-105,-7.5,1,2025-06-11T22:17:44.326247985Z
1623,100,83,1011.6,0,0.04,19.7,299.1,0.3,1113,-113,-5.2,1,2025-06-11T22:27:44.312448253Z
1624,100,85,1011.6,0,0.04,19.4,250.8,0.6,1114,-111,-5.5,1,2025-06-11T22:37:44.306890224Z
1625,100,84,1011.6,0,0.04,19.4,343.2,0.7,1115,-111,-6.2,1,2025-06-11T22:47:44.298479348Z
1626,98,86,1011.6,0,0.04,19.1,298,0.4,1116,-112,-6.2,1,2025-06-11T22:57:44.308197151Z
1627,98,87.5,1011.5,0,0.04,18.8,91.6,0.3,1117,-113,-6.5,1,2025-06-11T23:07:44.280011934Z
1628,98,88,1011.5,0,0.08,18.6,73.6,0.2,1118,-109,-6,1,2025-06-11T23:17:44.291890484Z
1629,98,90.5,1011.5,0,0.08,18.3,48.9,0.4,1119,-111,-5.5,1,2025-06-11T23:27:44.301137817Z
1630,98,90.5,1011.5,0,0.08,18.2,67.3,0.4,1120,-114,-5.5,1,2025-06-11T23:37:44.323235902Z
1631,98,90.5,1011.6,0,0.08,18.1,51.1,0.5,1121,-113,-7.2,1,2025-06-11T23:47:44.246107363Z
1632,97,90,1011.5,0,0.08,18.1,144.6,0.1,1122,-114,-4.5,1,2025-06-11T23:57:44.30308663Z
1633,97,90,1011.3,0,0.08,18.3,92.8,0.4,1123,-111,-5,1,2025-06-12T00:07:44.223216821Z
1634,97,88,1011.3,0,0.1,18.7,56.4,0.4,1124,-110,-6,1,2025-06-12T00:17:44.221170513Z
1635,97,88,1011.4,0,0.1,18.8,69.9,0.7,1125,-113,-5,1,2025-06-12T00:27:44.205197377Z
1636,97,87.5,1011.4,0,0.1,18.8,325.9,0.8,1126,-113,-5,1,2025-06-12T00:37:44.216184028Z
1637,97,90,1011.5,0,0.1,18.2,74.8,0.1,1127,-114,-4.5,1,2025-06-12T00:47:44.196830798Z
1638,95,92.5,1011.6,0,0.1,18.2,47.2,0.5,1128,-114,-6.8,1,2025-06-12T00:57:44.204038032Z
1639,95,90,1011.7,0,0.1,18.6,63.2,0.7,1129,-112,-6.5,1,2025-06-12T01:07:44.205848494Z
1640,95,127.5,6553.5,255,655.35,-0.1,-0.1,6553.5,1130,-114,-4.2,1,2025-06-12T01:17:48.271501086Z
1641,95,91,1011.7,0,0.1,18.6,63,0.5,1131,-112,-6.5,1,2025-06-12T01:27:44.209035466Z
1642,95,92,1011.7,0,0.11,18.4,112.8,0.4,1132,-114,-6,1,2025-06-12T01:37:44.146572697Z
1643,95,92.5,1011.6,0,0.11,18.3,134,0.5,1133,-113,-5.5,1,2025-06-12T01:47:44.142108468Z
1644,95,93,1011.5,0,0.11,18.2,148.9,0.7,1134,-109,-5.8,1,2025-06-12T01:57:44.141637256Z
1645,94,93,1011.6,0,0.11,18.1,158.3,0.8,1135,-111,-4.2,1,2025-06-12T02:07:44.152512219Z
1646,94,93,1011.6,0,0.11,17.9,167.9,0.5,1136,-112,-5.5,1,2025-06-12T02:17:44.120407336Z
1647,94,94,1011.8,0,0.11,17.6,241.6,0.6,1137,-114,-5.8,1,2025-06-12T02:27:44.20547167Z
1648,94,94,1011.9,0,0.11,17.3,287.3,0.3,1138,-112,-5.5,1,2025-06-12T02:37:44.149979004Z
1649,94,95,1011.9,0,0.11,17.2,59.6,0.3,1139,-113,-4.8,1,2025-06-12T02:47:44.093353275Z
1650,94,95.5,1011.9,0,0.11,17.1,54.8,0.2,1140,-112,-5,1,2025-06-12T02:57:44.125188245Z
1651,93,95.5,1012,0,0.11,16.7,292.9,0.3,1141,-112,-4.8,1,2025-06-12T03:07:44.094544832Z
1652,93,96.5,1012,0,0.11,16.6,307.8,0.3,1142,-112,-4.5,1,2025-06-12T03:17:44.06645843Z
1653,93,96,1012.1,0,0.11,16.4,25.8,0.1,1143,-110,-5.2,1,2025-06-12T03:27:44.05480149Z
1654,93,96.5,1012.1,0,0.11,16.4,73.1,0.1,1144,-110,-4.8,1,2025-06-12T03:37:44.050520864Z
1655,93,97,1012.1,0,0.11,16.7,219.1,0.8,1145,-108,-4.5,1,2025-06-12T03:47:44.053312315Z
1656,93,96.5,1012.2,0,0.11,17,111,0.2,1146,-113,-4.8,1,2025-06-12T03:57:44.036853116Z
1657,92,96,1012.3,0,0.11,16.9,40.4,0.1,1147,-111,-3.8,1,2025-06-12T04:07:44.043289586Z
1658,92,96,1012.4,0,0.11,17.3,272.4,0.3,1148,-113,-5,1,2025-06-12T04:17:44.011681451Z
1659,92,94,1012.4,0,0.11,17.8,222.3,0.7,1149,-113,-4.5,1,2025-06-12T04:27:44.002617424Z
1660,92,92.5,1012.5,0,0.11,18.4,236.4,0.5,1150,-113,-5,1,2025-06-12T04:37:44.007372745Z
1661,92,91,1012.5,0,0.11,19.3,261,0.1,1151,-113,-5.2,1,2025-06-12T04:47:43.988275294Z
1662,92,88.5,1012.5,0,0.11,20.3,250.3,0.6,1152,-113,-5.8,1,2025-06-12T04:57:44.025589043Z
1663,93,83.5,1012.6,0,0.11,20.9,243.4,0.8,1153,-113,-6,1,2025-06-12T05:07:43.986816233Z
1664,93,83,1012.6,0,0.11,21.4,295.9,1.3,1154,-114,-7.5,1,2025-06-12T05:17:43.961996255Z
1665,93,81,1012.8,0,0.11,21.8,301,1.4,1155,-114,-7.2,1,2025-06-12T05:27:43.954727993Z
1666,93,79.5,1012.8,0,0.11,22.1,297.6,1.5,1156,-112,-6.8,1,2025-06-12T05:37:43.954303527Z
1667,93,78,1012.7,0,0.11,22.6,301.2,1,1157,-112,-8.5,1,2025-06-12T05:47:43.943318059Z
1668,93,76.5,1012.7,0,0.11,23.3,308.8,0.8,1158,-112,-6.5,1,2025-06-12T05:57:43.934963787Z
1669,93,74,1012.7,0,0.11,23.8,321,0.7,1159,-109,-8.5,1,2025-06-12T06:07:43.933603297Z
1670,96,72,1012.8,0,0.11,24.3,301.2,1.2,1160,-111,-8,1,2025-06-12T06:17:43.932689528Z
1671,96,72,1012.9,0,0.11,24.6,308.5,0.4,1161,-114,-8,1,2025-06-12T06:27:43.903739756Z
1672,96,73,1012.9,0,0.11,24.8,349.5,1.3,1162,-113,-7.2,1,2025-06-12T06:37:43.908945618Z
1673,96,70,1012.9,0,0.11,25.1,343.7,1.6,1163,-107,-13.2,1,2025-06-12T06:47:43.888807298Z
1674,96,68,1012.8,0,0.11,25.8,282.9,1,1164,-111,-7,1,2025-06-12T06:57:43.890009198Z
1675,96,65,1012.8,0,0.11,26.4,310.6,0.5,1165,-113,-6,1,2025-06-12T07:07:43.870920816Z
1676,100,62.5,1013,0,0.11,26.7,263.9,0.9,1166,-112,-7,1,2025-06-12T07:17:43.892792931Z
1677,100,58,1013,0,0.11,27.2,0.1,1.6,1167,-109,-10.2,1,2025-06-12T07:27:43.858733703Z
1678,100,59,1013,0,0.11,27.8,324.8,0.7,1168,-109,-9.8,1,2025-06-12T07:37:43.864822811Z
1679,100,51.5,1013,0,0.11,28.5,48.2,2.8,1169,-112,-7.8,1,2025-06-12T07:47:43.846457476Z
1680,100,50,1013.2,0,0.11,28.4,138.9,1.3,1170,-114,-7.8,1,2025-06-12T07:57:43.872969822Z
1681,100,49.5,1013.1,0,0.11,28.2,35.5,1.1,1171,-113,-7.5,1,2025-06-12T08:07:43.846411576Z
1682,100,50,1013.1,0,0.11,28.5,80.1,2.3,1172,-113,-8.2,1,2025-06-12T08:17:43.858335661Z
1683,100,47.5,1013.1,0,0.11,28.5,55.2,2.1,1173,-114,-8,1,2025-06-12T08:27:43.835944105Z
1684,100,47.5,1013.1,0,0.11,29.1,125,1.5,1174,-114,-6.8,1,2025-06-12T08:37:43.828343372Z
1685,100,47,1013.2,0,0.11,29,193,0.6,1175,-113,-7.2,1,2025-06-12T08:47:43.823091676Z
1686,100,46.5,1013.2,0,0.11,29.3,179.2,1.4,1176,-113,-6.8,1,2025-06-12T08:57:43.826408459Z
1687,100,44.5,1013.1,0,0.11,29.5,57.8,0.7,1177,-109,-9.8,1,2025-06-12T09:07:43.83379376Z
1688,100,47,1013.2,0,0.11,29.6,94.9,1.7,1178,-112,-8,1,2025-06-12T09:17:43.828244393Z
1689,100,44,1013.2,0,0.11,29.7,323.5,0.1,1179,-113,-7.8,1,2025-06-12T09:27:43.803476973Z
1690,100,47,1013.1,0,0.11,30,80.6,1.4,1180,-114,-7.5,1,2025-06-12T09:37:43.796477041Z
1691,100,45,1013.1,0,0.11,30.1,55.6,1.5,1181,-112,-5.5,1,2025-06-12T09:47:43.792998543Z
1692,100,42.5,1013.1,0,0.11,30.3,76.6,0.9,1182,-114,-8.8,1,2025-06-12T09:57:43.829645742Z
1693,100,44.5,1012.9,0,0.11,30.2,4.5,2,1183,-112,-10,1,2025-06-12T10:07:43.784359256Z
1694,100,42,1012.9,0,0.11,30.3,120.6,0.8,1184,-111,-13.5,1,2025-06-12T10:17:43.776650708Z
1695,100,43,1012.8,0,0.11,30.6,31.1,1.4,1185,-114,-8.5,1,2025-06-12T10:27:43.793457026Z
1696,100,43.5,1012.7,0,0.11,30.7,52.4,1.3,1186,-114,-7.2,1,2025-06-12T10:37:43.775293274Z
1697,100,41,1012.6,0,0.11,31,105.2,1.8,1187,-112,-7.8,1,2025-06-12T10:47:43.774567541Z
1698,100,37,1012.6,0,0.11,31,76.9,1.5,1188,-113,-8,1,2025-06-12T10:57:43.764417269Z
1699,100,35,1012.5,0,0.11,31.1,147.3,2.1,1189,-111,-7.8,1,2025-06-12T11:07:43.766491225Z
1700,100,38,1012.5,0,0.11,31.2,93.7,2.2,1190,-112,-8.5,1,2025-06-12T11:17:43.780165253Z
1701,100,34.5,1012.5,0,0.11,31.3,340.6,0.4,1191,-112,-7,1,2025-06-12T11:27:43.767487486Z
1702,100,35.5,1012.4,0,0.11,31.4,50.9,1.8,1192,-113,-7.8,1,2025-06-12T11:37:45.923877749Z
1703,100,38,1012.3,0,0.11,31.7,87.1,1.8,1193,-112,-9,1,2025-06-12T11:47:43.745415513Z
1704,100,38,1012.3,0,0.11,31.7,56.9,2.6,1194,-114,-7,1,2025-06-12T11:57:43.738677925Z
1705,100,39,1012.2,0,0.11,31.9,40.1,1.1,1195,-113,-6.2,1,2025-06-12T12:07:43.744031822Z
1706,100,37,1012.2,0,0.11,31.7,63.2,3.3,1196,-113,-8.2,1,2025-06-12T12:17:43.740214911Z
1707,100,36,1012.2,0,0.11,31.9,54.7,3.3,1197,-114,-9,1,2025-06-12T12:27:43.723913485Z
1708,100,40,1012.2,0,0.11,32.2,100.5,1.5,1198,-114,-7.8,1,2025-06-12T12:37:43.755721648Z
1709,100,37.5,1012.1,0,0.11,32.1,48.3,1.6,1199,-112,-9.5,1,2025-06-12T12:47:43.722807859Z
1710,100,38,1012.1,0,0.11,32.1,93.7,1.8,1200,-113,-7.2,1,2025-06-12T12:57:43.720341802Z
1711,100,38,1012,0,0.11,32.6,36.4,2.6,1201,-112,-9.8,1,2025-06-12T13:07:43.743991596Z
1712,100,36.5,1012,0,0.11,32.4,266.4,1.1,1202,-114,-7.2,1,2025-06-12T13:17:43.71333345Z
1713,100,39,1012,0,0.11,32.7,91.1,1.3,1203,-113,-9,1,2025-06-12T13:27:43.71304878Z
1714,100,39.5,1011.9,0,0.11,32.9,44.3,2.5,1204,-114,-6.8,1,2025-06-12T13:37:43.737670006Z
1715,100,38,1011.9,0,0.11,32.6,36,3.4,1205,-110,-5.8,1,2025-06-12T13:47:43.711006964Z
1716,100,37.5,1011.8,0,0.11,32.9,356.2,1.4,1206,-115,-6.5,1,2025-06-12T13:57:43.769016913Z
1717,100,40,1011.8,0,0.11,33.1,102.4,1.5,1207,-114,-7,1,2025-06-12T14:07:43.705166513Z
1718,100,41,1011.8,0,0.11,32.7,68.9,2.5,1208,-111,-11.2,1,2025-06-12T14:17:43.693560463Z
1719,100,43,1011.9,0,0.11,32.1,65.9,3,1209,-112,-6.2,1,2025-06-12T14:27:43.692939354Z
1720,100,43,1011.8,0,0.11,32,55.9,2.4,1210,-111,-8.8,1,2025-06-12T14:37:43.683021728Z
1721,100,42.5,1011.8,0,0.11,32.1,81.6,2.8,1211,-113,-8,1,2025-06-12T14:47:43.702340536Z
1722,100,44,1011.8,0,0.11,32.1,86,1.3,1212,-113,-5.2,1,2025-06-12T14:57:43.690584008Z
1723,100,41.5,1011.8,0,0.11,32,43.5,2.5,1213,-113,-6.8,1,2025-06-12T15:07:43.680306212Z
1724,100,44,1011.8,0,0.11,31.8,101.1,2.1,1214,-114,-9,1,2025-06-12T15:17:43.68180779Z
1725,100,43,1011.7,0,0.11,31.8,70.3,2.8,1215,-109,-6.2,1,2025-06-12T15:27:43.738431583Z
1726,100,43,1011.7,0,0.11,31.7,107.6,1.7,1216,-114,-8.2,1,2025-06-12T15:37:43.666657781Z
1727,100,45,1011.7,0,0.11,31.7,89.2,1.7,1217,-113,-8.8,1,2025-06-12T15:47:43.669669567Z
1728,100,44.5,1011.7,0,0.11,31.2,90.7,2.2,1218,-113,-6,1,2025-06-12T15:57:43.718985645Z
1729,100,45,1011.6,0,0.11,31,76.4,2.1,1219,-113,-10.8,1,2025-06-12T16:07:43.661028716Z
1730,100,45,1011.7,0,0.11,30.7,87.4,2.3,1220,-113,-8.5,1,2025-06-12T16:17:43.671978216Z
1731,100,44,1011.7,0,0.11,30.6,87.3,2.7,1221,-114,-9,1,2025-06-12T16:27:43.652892663Z
1732,100,46,1011.8,0,0.11,30.3,90.4,2.1,1222,-115,-7,1,2025-06-12T16:37:43.673565243Z
1733,100,46.5,1011.7,0,0.11,30,77.8,1.5,1223,-114,-6.5,1,2025-06-12T16:47:43.64739325Z
1734,100,45,1011.8,0,0.11,29.6,80.3,2.5,1224,-114,-7.2,1,2025-06-12T16:57:43.716489659Z
1735,100,46,1011.8,0,0.11,29.3,86.8,2.7,1225,-112,-5.5,1,2025-06-12T17:07:43.632240785Z
1736,100,45.5,1011.9,0,0.11,29,91.5,1.7,1226,-114,-8.2,1,2025-06-12T17:17:43.642749989Z
1737,100,45,1012,0,0.11,28.7,90.8,2.7,1227,-112,-11.8,1,2025-06-12T17:27:43.627801323Z
1738,100,45,1012,0,0.11,28.3,94.1,3.4,1228,-113,-5.5,1,2025-06-12T17:37:43.683103169Z
1739,100,47.5,1012.2,0,0.11,28,118.3,1.9,1229,-114,-5.8,1,2025-06-12T17:47:43.609919866Z
1740,100,49,1012.1,0,0.11,27.6,93.3,3.5,1230,-112,-9.5,1,2025-06-12T17:57:43.594252624Z
1741,100,50,1012.4,0,0.11,27.2,101.1,2.8,1231,-112,-5.8,1,2025-06-12T18:07:43.614410569Z
1742,100,51,1012.4,0,0.11,26.9,76,1.2,1232,-113,-9.5,1,2025-06-12T18:17:43.589526795Z
1743,100,52.5,1012.4,0,0.11,26.5,89.4,1.8,1233,-112,-9.5,1,2025-06-12T18:27:43.584225323Z
1744,100,53.5,1012.6,0,0.11,26,110.4,1.7,1234,-113,-6.2,1,2025-06-12T18:37:43.582165481Z
1745,100,54,1012.7,0,0.11,25.6,88.6,1.5,1235,-111,-4.2,1,2025-06-12T18:47:43.564578871Z
1746,100,53,1012.7,0,0.11,25.3,104.4,1.6,1236,-114,-9,1,2025-06-12T18:57:43.587443268Z
1747,100,54,1012.8,0,0.11,25,100.4,1.5,1237,-111,-11,1,2025-06-12T19:07:43.552132446Z
1748,100,57,1012.9,0,0.11,24.4,100.2,1.5,1238,-115,-6.8,1,2025-06-12T19:17:43.578626893Z
1749,100,57.5,1012.9,0,0.11,24.2,88.6,0.9,1239,-110,-10,1,2025-06-12T19:27:43.525253618Z
1750,100,60,1013.1,0,0.11,23.6,80.1,0.9,1240,-110,-11.8,1,2025-06-12T19:37:43.535065754Z
1751,100,59.5,1013.3,0,0.11,23.3,111.5,0.9,1241,-107,-9.5,1,2025-06-12T19:47:43.543315579Z
1752,100,60.5,1013.4,0,0,23,90.5,1.1,1242,-112,-5.2,1,2025-06-12T19:57:43.508298099Z
1753,100,62.5,1013.5,0,0,22.7,73.6,1.1,1243,-111,-6,1,2025-06-12T20:07:43.51298103Z
1754,100,62.5,1013.5,0,0,22.5,73.2,1.2,1244,-113,-8.5,1,2025-06-12T20:17:43.537684098Z
1755,100,63,1013.5,0,0,22.4,76.9,1.2,1245,-114,-5.5,1,2025-06-12T20:27:43.501471456Z
1756,100,64,1013.7,0,0,22.1,60.4,0.8,1246,-113,-5.8,1,2025-06-12T20:37:43.51439986Z
1757,100,66,1013.7,0,0,21.8,66.8,1,1247,-113,-7.8,1,2025-06-12T20:47:43.487318724Z
1758,100,66.5,1013.6,0,0,21.7,63.6,0.8,1248,-113,-7.5,1,2025-06-12T20:57:43.46612144Z
1759,100,68,1013.7,0,0,21.5,67.2,0.5,1249,-112,-9,1,2025-06-12T21:07:43.45645647Z
1760,100,68,1013.7,0,0,21.3,105.6,0.6,1250,-112,-9.5,1,2025-06-12T21:17:43.438368873Z
1761,100,67.5,1013.9,0,0,21.5,77.1,0.7,1251,-112,-7,1,2025-06-12T21:27:43.426481398Z
1762,100,67,1013.8,0,0,21.6,139.3,0.6,1252,-114,-7.2,1,2025-06-12T21:37:43.481159597Z
1763,100,68.5,1014,0,0,21.3,154.9,0.4,1253,-115,-5,1,2025-06-12T21:47:43.451164745Z
1764,100,70,1013.9,0,0,20.9,74.8,0.1,1254,-113,-5.8,1,2025-06-12T21:57:43.448841522Z
1765,100,72.5,1014,0,0,20.7,151.1,0.5,1255,-114,-6.2,1,2025-06-12T22:07:43.413618524Z
1766,100,75,1014.1,0,0,20.5,255.8,0.3,1256,-112,-6.8,1,2025-06-12T22:17:43.38426548Z
1767,100,75,1014,0,0,20.1,255.8,0.5,1257,-114,-7.2,1,2025-06-12T22:27:43.378179239Z
1768,100,76.5,1014,0,0,19.9,233.5,0.7,1258,-115,-7,1,2025-06-12T22:37:43.410965951Z
1769,99,79,1013.9,0,0,19.7,311.3,0,1259,-111,-8.2,1,2025-06-12T22:47:43.419481187Z
1770,99,80,1013.8,0,0,19.4,297.6,0.3,1260,-113,-6,1,2025-06-12T22:57:43.365347205Z
1771,99,81,1013.9,0,0.02,19.1,297.4,0.3,1261,-113,-7,1,2025-06-12T23:07:43.443580995Z
1772,99,83.5,1014,0,0.02,18.8,104.8,0.3,1262,-114,-5.5,1,2025-06-12T23:17:43.338473533Z
1773,99,83,1013.9,0,0.02,18.6,105.2,0.2,1263,-112,-7,1,2025-06-12T23:27:43.326328811Z
1774,99,83,1013.8,0,0.02,18.7,86.8,0.3,1264,-113,-6.8,1,2025-06-12T23:37:43.320828322Z
1775,97,85.5,1013.8,0,0.02,18.7,127.9,0.3,1265,-115,-6.5,1,2025-06-12T23:47:43.380603723Z
1776,97,87,1013.8,0,0.02,18.4,41.9,0.2,1266,-115,-6.5,1,2025-06-12T23:57:43.310445134Z
1777,97,87,1013.8,0,0.02,18.3,99,0.3,1267,-113,-5,1,2025-06-13T00:07:43.293701094Z
1778,97,84.5,1013.8,0,0.02,18.7,110,0.4,1268,-112,-6.8,1,2025-06-13T00:17:43.293831246Z
1779,97,85.5,1013.8,0,0.02,18.8,173.3,0.2,1269,-112,-7,1,2025-06-13T00:27:43.278434581Z
1780,97,87.5,1013.8,0,0.02,18.3,212.9,0.8,1270,-112,-5.2,1,2025-06-13T00:37:43.283153625Z
1781,96,88.5,1013.7,0,0.02,18.4,183.4,1.4,1271,-113,-5.2,1,2025-06-13T00:47:43.271610413Z
1782,96,87,1013.7,0,0.02,18.4,138.1,0.4,1272,-112,-7,1,2025-06-13T00:57:43.24591284Z
1783,96,86.5,1013.7,0,0.02,18.5,179.2,1,1273,-114,-7,1,2025-06-13T01:07:43.241841366Z
1784,96,88.5,1013.7,0,0.02,18.2,181.6,0.5,1274,-113,-6.8,1,2025-06-13T01:17:43.220030475Z
1785,96,89,1013.7,0,0.02,18.2,174.7,0.7,1275,-114,-4.8,1,2025-06-13T01:27:43.218996807Z
1786,96,88.5,1013.8,0,0.02,18.2,132.4,0.4,1276,-113,-5.2,1,2025-06-13T01:37:43.220911321Z
1787,96,87.5,1013.8,0,0.02,18.4,196.4,0.9,1277,-113,-7.2,1,2025-06-13T01:47:43.301729883Z
1788,94,89,1013.7,0,0.02,18,180.1,0.1,1278,-113,-5.8,1,2025-06-13T01:57:43.221393771Z
1789,94,90,1013.8,0,0.02,17.7,183.7,0.2,1279,-113,-5.2,1,2025-06-13T02:07:43.199212065Z
1790,94,90.5,1013.9,0,0.02,17.5,254.8,0.5,1280,-110,-7.8,1,2025-06-13T02:17:43.203779201Z
1791,94,90.5,1013.8,0,0.02,18.3,248,0.7,1281,-113,-6,1,2025-06-13T02:27:43.173042745Z
1792,94,91,1013.9,0,0.02,18.4,251.9,0.9,1282,-111,-6.2,1,2025-06-13T02:37:43.158953744Z
1793,94,89.5,1013.9,0,0.02,18.4,248.4,0.4,1283,-113,-6,1,2025-06-13T02:47:43.152170025Z
1794,93,90,1014,0,0.04,18.2,62.7,0.1,1284,-112,-5.5,1,2025-06-13T02:57:43.157469227Z
1795,93,91,1014.2,0,0.04,18.1,331.7,1.2,1285,-110,-6,1,2025-06-13T03:07:43.154885637Z
1796,93,92.5,1014.2,0,0.04,18,355.6,1.2,1286,-114,-5.8,1,2025-06-13T03:17:43.188411329Z
1797,93,91.5,1014.4,0,0.04,18.1,12.1,0.7,1287,-112,-3.8,1,2025-06-13T03:27:43.109993128Z
1798,93,91,1014.5,0,0.04,18,340.1,1.1,1288,-113,-4,1,2025-06-13T03:37:43.116250466Z
1799,93,91.5,1014.5,0,0.04,17.8,318.5,0.5,1289,-112,-4.8,1,2025-06-13T03:47:43.095250326Z
1800,93,92,1014.5,0,0.04,17.7,84.5,0.5,1290,-112,-6,1,2025-06-13T03:57:43.129723329Z
1801,92,91,1014.6,0,0.04,17.8,159.5,0.9,1291,-113,-4.8,1,2025-06-13T04:07:43.112948462Z
1802,92,91,1014.6,0,0.04,18.2,164.2,0.9,1292,-111,-4.8,1,2025-06-13T04:17:43.07223301Z
1803,92,91,1014.6,0,0.04,18.6,169,0.9,1293,-113,-6.8,1,2025-06-13T04:27:43.076616096Z
1804,92,91,1014.6,0,0.04,18.9,179.6,1.5,1294,-115,-6.8,1,2025-06-13T04:37:44.104161823Z
1805,92,89.5,1014.7,0,0.04,19.4,169.2,1.7,1295,-113,-5.5,1,2025-06-13T04:47:43.044538419Z
1806,92,89,1014.7,0,0.04,20,196,0.9,1296,-111,-5.8,1,2025-06-13T04:57:43.032652617Z
1807,92,86.5,1014.9,0,0.04,20.6,212.4,1.1,1297,-114,-5.8,1,2025-06-13T05:07:43.029669975Z
1808,93,83.5,1014.9,0,0.04,21.4,195.1,1.5,1298,-111,-6.8,1,2025-06-13T05:17:43.04022402Z
1809,93,82,1015,0,0.04,22.2,204.1,0.6,1299,-113,-6.5,1,2025-06-13T05:27:43.004661256Z
1810,93,80.5,1015.1,0,0.04,23.2,222.6,0.8,1300,-111,-8,1,2025-06-13T05:37:43.05269208Z
1811,93,76,1015,0,0.04,23.7,224.6,0.8,1301,-112,-6,1,2025-06-13T05:47:42.982000056Z
1812,93,74.5,1015.1,0,0.04,24.2,243.8,1.4,1302,-112,-6.2,1,2025-06-13T05:57:42.969136318Z
1813,93,67.5,1015.2,0,0.04,24.8,238.7,2.1,1303,-113,-7.8,1,2025-06-13T06:07:42.973003402Z
1814,96,64.5,1015.2,0,0.04,25.4,264.2,0.9,1304,-105,-9,1,2025-06-13T06:17:42.984153806Z
1815,96,59.5,1015.3,0,0.04,26.4,325.1,0.7,1305,-114,-7.5,1,2025-06-13T06:27:43.058766512Z
1816,96,58.5,1015.4,0,0.04,26.6,316.2,1.7,1306,-112,-7.5,1,2025-06-13T06:37:42.95009964Z
1817,96,61.5,1015.6,0,0.04,26.6,348.1,1.9,1307,-113,-7.8,1,2025-06-13T06:47:42.949831519Z
1818,96,60.5,1015.6,0,0.04,26.5,322.9,2.1,1308,-112,-7,1,2025-06-13T06:57:42.941772323Z
1819,96,60.5,1015.6,0,0.04,26.9,302.1,2.2,1309,-112,-8,1,2025-06-13T07:07:42.946201989Z
1820,96,59,1015.7,0,0.04,27.3,307.3,1.6,1310,-113,-7.5,1,2025-06-13T07:17:42.97670975Z
1821,100,56,1015.8,0,0.04,28.1,320.8,1.5,1311,-107,-9.2,1,2025-06-13T07:27:42.944359159Z
1822,100,53.5,1015.9,0,0.04,28.4,352,1.8,1312,-112,-8.2,1,2025-06-13T07:37:42.919092254Z
1823,100,50.5,1015.9,0,0.04,28.9,358.1,1.6,1313,-113,-8.5,1,2025-06-13T07:47:42.915260602Z
1824,100,50,1015.9,0,0.04,29,341.8,1.4,1314,-115,-9.2,1,2025-06-13T07:57:42.909090541Z
1825,100,51,1016,0,0.04,29.3,218.3,0.5,1315,-109,-7.8,1,2025-06-13T08:07:42.909551994Z
1826,100,40,1015.8,0,0.04,30.2,31.9,1.9,1316,-112,-12.2,1,2025-06-13T08:17:42.947492695Z
1827,100,41.5,1016,0,0.04,30,2,0.7,1317,-109,-11,1,2025-06-13T08:27:42.970115665Z
1828,100,41,1016,0,0.04,30.4,33.9,1.5,1318,-101,-8.2,1,2025-06-13T08:37:42.896106405Z
1829,100,40.5,1016,0,0.04,30.5,183.7,0.2,1319,-113,-7.8,1,2025-06-13T08:47:42.937488008Z
1830,100,41.5,1016,0,0.04,31,76.1,1.1,1320,-112,-8.2,1,2025-06-13T08:57:42.940559683Z
1831,100,39.5,1016.2,0,0.04,30.8,47.2,1.7,1321,-113,-8,1,2025-06-13T09:07:42.885322794Z
1832,100,41,1016,0,0.04,30.9,75.6,0.7,1322,-110,-13.8,1,2025-06-13T09:17:42.906285564Z
1833,100,41.5,1016,0,0.04,30.9,67.9,1.2,1323,-111,-11,1,2025-06-13T09:27:42.929723104Z
1834,100,39,1016,0,0.04,31.1,116.3,2.3,1324,-113,-11.5,1,2025-06-13T09:37:42.864968523Z
1835,100,42.5,1016,0,0.04,31.3,93.9,1.2,1325,-112,-8,1,2025-06-13T09:47:42.865873136Z
1836,100,37,1016.1,0,0.04,31.4,104,1.4,1326,-112,-8.8,1,2025-06-13T09:57:42.884208675Z
1837,100,39,1016.1,0,0.04,31.6,117.3,1.2,1327,-114,-8,1,2025-06-13T10:07:42.86290343Z
1838,100,36.5,1016.1,0,0.04,32.5,47.3,1.1,1328,-112,-9.5,1,2025-06-13T10:17:42.889656976Z
1839,100,34.5,1016.1,0,0.04,32.6,338.2,1.1,1329,-112,-10,1,2025-06-13T10:27:42.838293905Z
1840,100,39.5,1016,0,0.04,32.8,15.2,1.3,1330,-112,-8.8,1,2025-06-13T10:37:42.91377587Z
1841,100,36.5,1015.9,0,0.04,32.5,146.1,0.3,1331,-111,-7.5,1,2025-06-13T10:47:42.890174474Z
1842,100,40.5,1015.8,0,0.04,32.2,129.6,1.5,1332,-112,-7.2,1,2025-06-13T10:57:42.837054672Z
1843,100,36,1015.7,0,0.04,32.5,207.3,0.7,1333,-113,-9.2,1,2025-06-13T11:07:42.861443947Z
1844,100,38,1015.7,0,0.04,32.2,138.8,1.4,1334,-113,-8.8,1,2025-06-13T11:17:42.839269987Z
1845,100,41.5,1015.6,0,0.04,32.3,132.1,1.3,1335,-110,-8,1,2025-06-13T11:27:42.841391668Z
1846,100,39.5,1015.5,0,0.04,32.7,120.2,1.3,1336,-114,-10,1,2025-06-13T11:37:42.891407654Z
1847,100,39.5,1015.5,0,0.04,32.7,64.7,1.8,1337,-111,-7.2,1,2025-06-13T11:47:42.87034564Z
1848,100,40.5,1015.5,0,0.04,32.7,47.7,1,1338,-115,-9.5,1,2025-06-13T11:57:42.847111203Z
1849,100,37.5,1015.3,0,0.04,33,247.7,0.1,1339,-114,-9.2,1,2025-06-13T12:07:42.816847518Z
1850,100,37.5,1015.3,0,0.04,33.4,311,2.1,1340,-111,-6.8,1,2025-06-13T12:17:42.850842905Z
1851,100,42,1015.2,0,0.04,33.3,168.1,1.3,1341,-114,-8.5,1,2025-06-13T12:27:42.861247858Z
1852,100,40.5,1015.1,0,0.04,33,167.3,0.4,1342,-113,-10,1,2025-06-13T12:37:42.824688362Z
1853,100,39.5,1015,0,0.04,33.1,127.3,1.2,1343,-114,-7,1,2025-06-13T12:47:42.826321339Z
1854,100,39.5,1015,0,0.04,33.6,90.5,1.6,1344,-112,-7.8,1,2025-06-13T12:57:42.803087635Z
1855,100,39.5,1015,0,0.04,33.9,100.8,1.5,1345,-114,-9.2,1,2025-06-13T13:07:42.804052836Z
1856,100,38.5,1014.9,0,0.04,33.8,95.2,1.7,1346,-113,-7.2,1,2025-06-13T13:17:44.976117236Z
1857,100,38.5,1015,0,0.04,33.7,337.6,0.3,1347,-114,-6.8,1,2025-06-13T13:27:44.980157159Z
1858,100,37.5,1015,0,0.04,33.5,43.5,0.1,1348,-111,-6.5,1,2025-06-13T13:37:42.82136271Z
1859,100,37,1014.9,0,0.04,33.8,338.2,1.9,1349,-114,-8,1,2025-06-13T13:47:42.821976061Z
1860,100,40,1014.9,0,0.04,33.7,84,3,1350,-112,-7.5,1,2025-06-13T13:57:42.794472217Z
1861,100,41,1014.9,0,0.04,33.6,123.8,1.5,1351,-112,-7.2,1,2025-06-13T14:07:42.796488809Z
1862,100,37.5,1014.7,0,0.04,33.6,46.5,2.2,1352,-113,-11.2,1,2025-06-13T14:17:42.847233178Z
1863,100,38.5,1014.8,0,0.04,33.4,82.9,0.4,1353,-111,-7.5,1,2025-06-13T14:27:42.828360435Z
1864,100,39,1014.9,0,0.04,32.8,48.6,3.5,1354,-111,-11.5,1,2025-06-13T14:37:42.794959402Z
1865,100,41.5,1014.8,0,0.04,33.2,64.6,2.7,1355,-112,-6.8,1,2025-06-13T14:47:42.802711303Z
1866,100,39.5,1014.7,0,0.04,32.6,36.8,3.7,1356,-113,-10.2,1,2025-06-13T14:57:42.805048656Z
1867,100,40.5,1014.7,0,0.04,32.5,46.7,3.4,1357,-113,-11.8,1,2025-06-13T15:07:42.776640318Z
1868,100,41.5,1014.7,0,0.04,32.3,46.7,2.1,1358,-112,-10,1,2025-06-13T15:17:42.80415031Z
1869,100,39.5,1014.6,0,0.04,32.3,57.6,2.8,1359,-113,-11,1,2025-06-13T15:27:42.78603389Z
1870,100,40,1014.6,0,0.04,32.3,82,3.4,1360,-112,-7,1,2025-06-13T15:37:42.792998841Z
1871,100,42,1014.5,0,0.04,32,80.7,2.4,1361,-111,-7.2,1,2025-06-13T15:47:42.769129698Z
1872,100,43,1014.4,0,0.04,32.1,81.8,2.7,1362,-112,-12,1,2025-06-13T15:57:42.76739588Z
1873,100,42,1014.4,0,0.04,31.8,78.2,2,1363,-113,-11.5,1,2025-06-13T16:07:42.777950858Z
1874,100,43.5,1014.4,0,0.04,31.7,71.6,1.8,1364,-114,-8.8,1,2025-06-13T16:17:42.765393905Z
1875,100,42,1014.4,0,0.04,31.6,68.8,2.9,1365,-112,-6.2,1,2025-06-13T16:27:42.759916287Z
1876,100,42,1014.4,0,0.04,31.4,52.1,2,1366,-114,-10.2,1,2025-06-13T16:37:42.753568868Z
1877,100,44,1014.5,0,0.04,31.1,86.3,1.4,1367,-112,-7.5,1,2025-06-13T16:47:42.75701825Z
1878,100,44.5,1014.5,0,0.04,31,109.8,1.7,1368,-114,-8.5,1,2025-06-13T16:57:42.740346229Z
1879,100,44,1014.5,0,0.04,30.8,84.8,1.6,1369,-112,-6,1,2025-06-13T17:07:42.798149142Z
1880,100,44.5,1014.6,0,0.04,30.5,78.9,2.6,1370,-113,-6.8,1,2025-06-13T17:17:42.740420971Z
1881,100,46.5,1014.7,0,0.04,30,86.2,1.9,1371,-113,-7,1,2025-06-13T17:27:42.752933328Z
1882,100,48.5,1014.8,0,0.04,29.5,105.9,0.9,1372,-113,-6,1,2025-06-13T17:37:42.727906645Z
1883,100,49,1014.6,0,0.04,29.1,103.4,1.7,1373,-114,-12.2,1,2025-06-13T17:47:42.755271779Z
1884,100,50.5,1014.7,0,0.04,28.7,93.7,1.5,1374,-112,-10.2,1,2025-06-13T17:57:42.735317719Z
1885,100,51.5,1014.7,0,0.04,28.3,88.8,1.5,1375,-112,-8.8,1,2025-06-13T18:07:42.730508396Z
1886,100,53.5,1014.7,0,0.04,27.8,85.8,1.2,1376,-111,-6.5,1,2025-06-13T18:17:42.721059755Z
1887,100,54.5,1014.7,0,0.04,27.3,77.2,1.1,1377,-101,-17.8,1,2025-06-13T18:27:42.683699819Z
1888,100,56.5,1014.9,0,0.04,26.7,39,0.8,1378,-112,-8.5,1,2025-06-13T18:37:42.718495676Z
1889,100,58.5,1014.9,0,0.04,26.2,84.4,1.1,1379,-113,-11.8,1,2025-06-13T18:47:42.703965341Z
1890,100,61,1015.1,0,0.04,25.5,39.3,0.7,1380,-115,-11.2,1,2025-06-13T18:57:42.765907096Z
1891,100,62,1015.1,0,0.04,25.2,80.3,0.6,1381,-111,-6.8,1,2025-06-13T19:07:42.66042971Z
1892,100,63,1015.3,0,0.04,24.9,132.6,0.9,1382,-114,-7.2,1,2025-06-13T19:17:42.652399643Z
1893,100,65.5,1015.4,0,0.04,24.3,98.4,1,1383,-110,-7.2,1,2025-06-13T19:27:42.663699299Z
1894,100,67.5,1015.4,0,0.04,24,103.3,1.1,1384,-111,-7.5,1,2025-06-13T19:37:42.641102417Z
1895,100,68.5,1015.6,0,0.04,23.8,89.7,0.7,1385,-113,-9.5,1,2025-06-13T19:47:42.639635798Z
1896,100,69,1015.8,0,0,23.6,105.1,0.9,1386,-112,-6.8,1,2025-06-13T19:57:42.623501751Z
1897,100,70.5,1015.8,0,0,23.3,105.3,0.9,1387,-112,-6.5,1,2025-06-13T20:07:42.614268647Z
1898,100,72,1015.9,0,0,22.9,121.1,0.6,1388,-111,-7.8,1,2025-06-13T20:17:42.59933125Z
1899,100,74,1016,0,0,22.7,99.1,1.1,1389,-112,-7.5,1,2025-06-13T20:27:42.66657664Z
1900,100,75,1016,0,0,22.5,113.4,0.5,1390,-112,-9,1,2025-06-13T20:37:42.588220212Z
1901,100,77.5,1016.1,0,0,22.1,330.2,0.2,1391,-112,-7,1,2025-06-13T20:47:42.581383997Z
1902,100,76.5,1016,0,0,22,134.7,0.6,1392,-111,-10,1,2025-06-13T20:57:42.56822255Z
1903,100,77.5,1016.1,0,0,21.7,36.2,0.3,1393,-113,-6.5,1,2025-06-13T21:07:42.563253558Z
1904,100,76.5,1016.1,0,0,21.9,125.5,0.9,1394,-112,-9.5,1,2025-06-13T21:17:42.552393058Z
1905,100,75.5,1016,0,0,21.9,143.6,0.6,1395,-114,-5.5,1,2025-06-13T21:27:44.772381502Z
1906,100,78,1016.2,0,0,21.6,224.7,0.8,1396,-113,-6.5,1,2025-06-13T21:37:42.531935042Z
1907,100,80,1016,0,0,21.1,195.8,0.8,1397,-112,-10.5,1,2025-06-13T21:47:42.55440394Z
1908,100,79.5,1016.2,0,0,21.1,172.7,1.1,1398,-111,-8.8,1,2025-06-13T21:57:42.528242637Z
1909,100,82.5,1016,0,0,20.5,141,0.3,1399,-112,-6.2,1,2025-06-13T22:07:42.512712302Z
1910,100,84,1016,0,0,20,158.2,0.5,1400,-114,-6.2,1,2025-06-13T22:17:42.515438302Z
1911,100,84,1015.8,0,0,19.9,151,0.5,1401,-110,-9.8,1,2025-06-13T22:27:42.530330735Z
1912,99,83.5,1015.8,0,0.02,19.8,143.8,0.7,1402,-114,-6.8,1,2025-06-13T22:37:42.504849962Z
1913,99,84,1015.7,0,0.02,19.7,145.2,0.4,1403,-111,-9.2,1,2025-06-13T22:47:42.471678128Z
1914,99,85,1015.5,0,0.02,19.6,124.3,1.2,1404,-111,-6.2,1,2025-06-13T22:57:42.471766929Z
1915,99,85,1015.5,0,0.02,19.5,128,0.7,1405,-110,-6.5,1,2025-06-13T23:07:42.459095119Z
1916,99,87,1015.6,0,0.02,19.1,51.2,0.4,1406,-112,-7.5,1,2025-06-13T23:17:42.4512002Z
1917,99,88.5,1015.6,0,0.02,18.7,82.1,0.9,1407,-113,-8.2,1,2025-06-13T23:27:42.440398395Z
1918,97,88,1015.6,0,0.02,18.7,104.1,0.4,1408,-111,-8.8,1,2025-06-13T23:37:42.452876647Z
1919,97,88.5,1015.6,0,0.02,18.6,92.7,0.4,1409,-108,-6.5,1,2025-06-13T23:47:42.418460363Z
1920,97,89,1015.7,0,0.02,18.5,37.7,0.5,1410,-113,-7.8,1,2025-06-13T23:57:42.409347391Z
1921,97,89.5,1015.8,0,0.02,18.4,42.3,0.5,1411,-115,-6.5,1,2025-06-14T00:07:42.441882275Z
1922,97,90,1015.8,0,0.02,18.2,116.4,0.4,1412,-110,-7,1,2025-06-14T00:17:42.386016888Z
1923,97,87,1016,0,0.02,18.3,258,0.7,1413,-114,-5.8,1,2025-06-14T00:27:42.389695636Z
1924,96,90.5,1015.9,0,0.02,18.1,131.3,0.5,1414,-113,-5.8,1,2025-06-14T00:37:42.503611441Z
1925,96,90,1015.7,0,0.02,18,139.1,0.6,1415,-107,-6,1,2025-06-14T00:47:42.367824531Z
1926,96,90,1015.8,0,0.02,17.8,246.5,0.3,1416,-115,-7,1,2025-06-14T00:57:42.369203327Z
1927,96,92.5,1015.8,0,0.02,17.5,223.4,0.7,1417,-112,-5.8,1,2025-06-14T01:07:42.349214048Z
1928,96,93,1015.7,0,0.02,17.3,149.4,0.4,1418,-110,-5.5,1,2025-06-14T01:17:42.334246991Z
1929,96,93,1015.8,0,0.02,17.2,315.6,0.7,1419,-112,-6.5,1,2025-06-14T01:27:42.330655734Z
1930,96,94,1015.8,0,0.02,17,326.8,0.2,1420,-114,-4.8,1,2025-06-14T01:37:42.337569968Z
1931,94,92.5,1015.8,0,0.02,16.7,229.4,0.1,1421,-113,-5,1,2025-06-14T01:47:42.34022066Z
1932,94,93,1015.8,0,0.02,17.3,321.1,0.5,1422,-113,-7,1,2025-06-14T01:57:42.309447433Z
1933,94,93.5,1015.9,0,0.02,16.8,8.6,0.1,1423,-113,-4.5,1,2025-06-14T02:07:42.300448676Z
1934,94,94,1015.9,0,0.02,16.5,63.8,0.2,1424,-108,-5.5,1,2025-06-14T02:17:42.293776125Z
1935,94,95,1015.9,0,0.02,16.6,64.5,0.2,1425,-114,-5.5,1,2025-06-14T02:27:42.277025812Z
1936,94,95.5,1015.8,0,0.02,16.4,74.5,0.9,1426,-113,-5,1,2025-06-14T02:37:42.278998469Z
1937,94,95.5,1015.8,0,0.02,16.6,37,0.1,1427,-111,-5,1,2025-06-14T02:47:42.260553147Z
1938,93,94.5,1016.1,0,0.02,17,240,1.5,1428,-110,-5.5,1,2025-06-14T02:57:42.537975213Z
1939,93,93.5,1016.2,0,0.02,16.8,231.3,1.1,1429,-114,-4.8,1,2025-06-14T03:07:42.240797673Z
1940,93,93.5,1016.3,0,0.02,16.8,273.8,0.1,1430,-113,-5.5,1,2025-06-14T03:17:42.285932322Z
1941,93,93,1016.1,0,0.02,16.5,60.6,0.3,1431,-113,-5.8,1,2025-06-14T03:27:42.277169319Z
1942,93,94,1016.2,0,0.02,16.4,183,0.2,1432,-112,-5,1,2025-06-14T03:37:42.220845392Z
1943,93,95,1016.4,0,0.02,16.5,200.8,0.6,1433,-112,-5.5,1,2025-06-14T03:47:42.218750298Z
1944,92,93.5,1016.3,0,0.02,16.8,156.7,0.4,1434,-112,-4.8,1,2025-06-14T03:57:42.223980005Z
1945,92,94,1016.4,0,0.02,16.8,219.3,0.7,1435,-112,-5,1,2025-06-14T04:07:42.187730082Z
1946,92,94.5,1016.4,0,0.02,17.2,204.9,0.6,1436,-113,-6.2,1,2025-06-14T04:17:42.180062727Z
1947,92,92.5,1016.4,0,0.02,17.9,211.5,1.1,1437,-111,-6.8,1,2025-06-14T04:27:42.199272438Z
1948,92,91,1016.4,0,0.02,18.4,208.6,1,1438,-111,-4.5,1,2025-06-14T04:37:42.166802772Z
1949,92,89.5,1016.4,0,0.02,18.9,228.1,1.1,1439,-113,-4.8,1,2025-06-14T04:47:42.160868503Z
1950,92,89,1016.3,0,0.02,19.6,141.6,0.5,1440,-114,-6.5,1,2025-06-14T04:57:42.147664514Z
1951,92,87,1016.2,0,0.02,20.4,221.5,0.8,1441,-112,-5.5,1,2025-06-14T05:07:42.15905634Z
1952,92,84,1016.2,0,0.02,21.3,217.4,0.8,1442,-111,-10.5,1,2025-06-14T05:17:42.139755767Z
1953,92,79,1016.2,0,0.02,21.9,201.2,0.9,1443,-110,-7,1,2025-06-14T05:27:42.12122793Z
1954,92,77,1016.1,0,0.02,22.6,195.2,0.7,1444,-109,-7,1,2025-06-14T05:37:42.118025266Z
1955,92,76,1016.1,0,0.02,23.3,167,0.8,1445,-112,-6.5,1,2025-06-14T05:47:42.11600922Z
1956,92,70.5,1016.1,0,0.02,24.5,237.5,0.3,1446,-112,-7.8,1,2025-06-14T05:57:42.100774224Z
1957,95,69,1016,0,0.02,25,181.4,0.5,1447,-114,-7.5,1,2025-06-14T06:07:42.156912337Z
1958,95,67,1016,0,0.02,25.6,226.6,0.8,1448,-114,-7.5,1,2025-06-14T06:17:42.14646505Z
1959,95,64,1016,0,0.02,26.3,164.1,0.6,1449,-113,-14.8,1,2025-06-14T06:27:42.096020936Z
1960,95,61.5,1016,0,0.02,27.2,188,0.7,1450,-114,-7.2,1,2025-06-14T06:37:44.321078666Z
1961,95,57.5,1016,0,0.02,27.2,210.6,1,1451,-112,-9.2,1,2025-06-14T06:47:42.065251344Z
1962,95,55,1015.9,0,0.02,28.1,215.5,0.4,1452,-107,-8.5,1,2025-06-14T06:57:42.053151374Z
1963,100,54.5,1015.9,0,0.02,28.7,171.8,0.9,1453,-111,-7.2,1,2025-06-14T07:07:42.063480811Z
1964,100,55,1015.7,0,0.02,28.2,82.2,0.6,1454,-114,-6.8,1,2025-06-14T07:17:42.040004344Z
1965,100,55,1015.8,0,0.02,28.6,158.4,1.3,1455,-109,-8.5,1,2025-06-14T07:27:42.067515498Z
1966,100,55.5,1015.8,0,0.02,28.5,185.8,0.8,1456,-112,-10,1,2025-06-14T07:37:42.037774739Z
1967,100,50.5,1015.7,0,0.02,29.5,46.3,0.6,1457,-113,-8,1,2025-06-14T07:47:42.029796066Z
1968,100,49,1015.6,0,0.02,29.7,5.6,0.5,1458,-113,-7.2,1,2025-06-14T07:57:42.022206866Z
1969,100,50.5,1015.6,0,0.02,29.8,15.7,0.6,1459,-112,-11.5,1,2025-06-14T08:07:42.028717217Z
1970,100,48,1015.6,0,0.02,30,22.8,1.1,1460,-114,-8.2,1,2025-06-14T08:17:42.013147608Z
1971,100,49.5,1015.6,0,0.02,30.2,101.1,1.1,1461,-113,-7,1,2025-06-14T08:27:41.997195132Z
1972,100,48.5,1015.4,0,0.02,30.8,322.5,0.1,1462,-114,-10,1,2025-06-14T08:37:41.997224259Z
1973,100,43,1015.6,0,0.02,31.5,36.9,0.3,1463,-114,-9,1,2025-06-14T08:47:42.012998918Z
1974,100,42.5,1015.4,0,0.02,31.6,172.5,0,1464,-114,-7.8,1,2025-06-14T08:57:41.99333398Z
1975,100,39,1015.5,0,0.02,32.1,179.2,0.6,1465,-114,-7.5,1,2025-06-14T09:07:42.012955314Z
1976,100,42.5,1015.5,0,0.02,31.7,199.7,0.6,1466,-113,-8.8,1,2025-06-14T09:17:42.008726458Z
1977,100,40,1015.4,0,0.02,32.1,279.8,0.7,1467,-114,-7.5,1,2025-06-14T09:27:41.979267966Z
1978,100,37.5,1015.4,0,0.02,32.2,182.3,0.8,1468,-114,-8.2,1,2025-06-14T09:37:41.972828637Z
1979,100,42.5,1015.3,0,0.02,32.3,213.5,1.7,1469,-114,-8.5,1,2025-06-14T09:47:41.976635137Z
1980,100,38,1015.3,0,0.02,32.1,67.5,1,1470,-113,-8.8,1,2025-06-14T09:57:41.980682794Z
1981,100,37.5,1015,0,0.02,32.6,182.8,0.2,1471,-101,-7.5,1,2025-06-14T10:07:41.97312283Z
1982,100,39.5,1014.9,0,0.02,32.9,184.4,0.4,1472,-112,-8,1,2025-06-14T10:17:41.97128382Z
1983,100,40,1014.9,0,0.02,33.2,218.4,0.9,1473,-113,-9.5,1,2025-06-14T10:27:41.982673729Z
1984,100,36,1014.9,0,0.02,33.4,198.8,0.3,1474,-114,-7.8,1,2025-06-14T10:37:41.976647203Z
1985,100,39.5,1014.7,0,0.02,33.5,57.1,0.2,1475,-110,-14,1,2025-06-14T10:47:41.977481878Z
1986,100,36.5,1014.7,0,0.02,33.7,42.9,2.3,1476,-115,-9,1,2025-06-14T10:57:41.993396283Z
1987,100,37.5,1014.6,0,0.02,33.5,7.6,1.9,1477,-113,-7.8,1,2025-06-14T11:07:41.983618976Z
1988,100,36,1014.5,0,0.02,33.7,1.4,2.4,1478,-114,-8.5,1,2025-06-14T11:17:41.977312017Z
1989,100,34.5,1014.3,0,0.02,34.3,354.7,1.3,1479,-106,-11.2,1,2025-06-14T11:27:41.995980527Z
1990,100,37,1014.3,0,0.02,34.4,53.3,0.5,1480,-111,-11,1,2025-06-14T11:37:41.96870462Z
1991,100,34.5,1014.2,0,0.02,34,34.9,0.5,1481,-114,-11.2,1,2025-06-14T11:47:44.134148578Z
1992,100,34,1014.1,0,0.02,34.7,339.5,2.7,1482,-115,-8.2,1,2025-06-14T11:57:41.979934027Z
1993,100,36,1014.1,0,0.02,34.1,348.9,2.1,1483,-112,-8,1,2025-06-14T12:07:41.965399012Z
1994,100,36,1014,0,0.02,34.3,330.5,1.4,1484,-109,-12.2,1,2025-06-14T12:17:41.952087441Z
1995,100,35,1013.8,0,0.02,34.8,279.4,2.2,1485,-113,-11.5,1,2025-06-14T12:27:41.985758383Z
1996,100,35.5,1013.7,0,0.02,34.8,289.5,2.5,1486,-114,-7.2,1,2025-06-14T12:37:41.982988656Z
1997,100,35,1013.7,0,0.02,35.1,319.5,3.1,1487,-113,-8.8,1,2025-06-14T12:47:41.951967851Z
1998,100,35,1013.6,0,0.02,34.8,289.5,2.7,1488,-113,-6.2,1,2025-06-14T12:57:41.949065926Z
1999,100,44.5,1013.5,0,0.02,35.2,355.7,1.6,1489,-114,-9.2,1,2025-06-14T13:07:41.964253105Z
2000,100,35,1013.3,0,0.02,34.7,266.4,3,1490,-113,-6.8,1,2025-06-14T13:17:41.95446114Z
2001,100,35,1013.2,0,0.02,35.6,346.9,3.2,1491,-112,-11,1,2025-06-14T13:27:41.948087403Z
2002,100,34.5,1013,0,0.02,35.4,3.7,2.1,1492,-112,-9,1,2025-06-14T13:37:41.948602655Z
2003,100,34,1012.9,0,0.02,35.8,4.6,1.7,1493,-113,-10.8,1,2025-06-14T13:47:41.96353458Z
2004,100,33.5,1012.8,0,0.02,35.8,33.4,1.7,1494,-113,-9.5,1,2025-06-14T13:57:41.955295572Z
2005,100,35,1012.6,0,0.02,36.1,5.7,1.4,1495,-113,-5.8,1,2025-06-14T14:07:41.957833761Z
2006,100,33.5,1012.6,0,0.02,35.9,316.3,1.1,1496,-112,-8.8,1,2025-06-14T14:17:41.946515955Z
2007,100,35.5,1012.6,0,0.02,35.9,19.7,1,1497,-112,-10.5,1,2025-06-14T14:27:42.019761688Z
2008,100,34.5,1012.6,0,0.02,36.1,359,0.2,1498,-115,-6.2,1,2025-06-14T14:37:42.003765776Z
2009,100,36,1012.5,0,0.02,35.7,357.2,1.1,1499,-111,-6.8,1,2025-06-14T14:47:41.97550993Z
2010,100,37,1012.5,0,0.02,35.9,83,1.8,1500,-116,-9.2,1,2025-06-14T14:57:42.040250995Z
2011,100,34.5,1012.4,0,0.02,36.1,30.6,2,1501,-112,-9.5,1,2025-06-14T15:07:41.958515255Z
2012,100,36,1012.2,0,0.02,35.5,83,1.5,1502,-114,-7.2,1,2025-06-14T15:17:42.019475076Z
2013,100,39,1012.1,0,0.02,35.4,87.8,2,1503,-113,-6,1,2025-06-14T15:27:41.964767914Z
2014,100,38,1012.2,0,0.02,35.3,39.2,1.9,1504,-115,-8.5,1,2025-06-14T15:37:42.025826145Z
2015,100,37.5,1012.2,0,0.02,35,26.3,1.8,1505,-112,-6.2,1,2025-06-14T15:47:41.966742565Z
2016,100,36,1012.2,0,0.02,34.9,36,0.5,1506,-112,-5,1,2025-06-14T15:57:42.029740716Z
2017,100,39.5,1012.2,0,0.02,35.1,90.1,1.5,1507,-112,-8.2,1,2025-06-14T16:07:41.968412262Z
2018,100,46.5,1012.1,0,0.02,32.8,84.8,3.8,1508,-111,-12.8,1,2025-06-14T16:17:41.964814833Z
2019,100,47.5,1012.5,0,0.02,32.5,55,2.2,1509,-115,-9.5,1,2025-06-14T16:27:41.991138966Z
2020,100,46.5,1012.5,0,0.02,32.3,74.1,4.9,1510,-113,-12.8,1,2025-06-14T16:37:41.965302221Z
2021,100,47,1012.6,0,0.02,31.9,90.6,3.8,1511,-114,-9.5,1,2025-06-14T16:47:41.96016197Z
2022,100,50.5,1012.7,0,0.02,31.6,105.6,1.9,1512,-113,-10.8,1,2025-06-14T16:57:41.974761567Z
2023,100,50.5,1012.7,0,0.02,31.5,94.1,1.9,1513,-112,-12.2,1,2025-06-14T17:07:41.961612383Z
2024,100,50.5,1012.8,0,0.02,31,83.2,2.4,1514,-113,-8.5,1,2025-06-14T17:17:41.990494441Z
2025,100,51.5,1012.9,0,0.02,30.4,73.3,2.7,1515,-111,-5.8,1,2025-06-14T17:27:41.946225586Z
2026,100,53.5,1012.9,0,0.02,29.8,87.7,2.4,1516,-113,-7.2,1,2025-06-14T17:37:41.94246185Z
2027,100,56.5,1012.8,0,0.02,29.1,84.9,1.6,1517,-110,-9,1,2025-06-14T17:47:41.933355956Z
2028,100,54.5,1012.6,0,0.02,28.8,84.3,2.5,1518,-114,-7.5,1,2025-06-14T17:57:41.922292637Z
2029,100,55.5,1012.8,0,0.02,28.5,80.7,2.3,1519,-112,-5.2,1,2025-06-14T18:07:41.939099291Z
2030,100,56.5,1013,0,0.02,28.2,84.4,1.2,1520,-114,-5.2,1,2025-06-14T18:17:41.936994129Z
2031,100,58,1012.9,0,0.02,27.8,91.1,1.3,1521,-110,-7,1,2025-06-14T18:27:41.905115882Z
2032,100,59,1013.1,0,0.02,27.4,85.7,1.8,1522,-113,-6.2,1,2025-06-14T18:37:41.906759723Z
2033,100,61,1013.3,0,0.02,27,58,0.8,1523,-115,-7,1,2025-06-14T18:47:41.940756822Z
2034,100,61,1013.4,0,0.02,26.7,56.9,3.2,1524,-110,-10.8,1,2025-06-14T18:57:41.881619516Z
2035,100,60,1013.6,0,0.02,26.8,76.3,1.2,1525,-112,-6.2,1,2025-06-14T19:07:41.922530389Z
2036,100,59.5,1013.8,0,0.04,26.5,46.6,1.3,1526,-110,-10.5,1,2025-06-14T19:17:41.873173324Z
2037,100,58.5,1013.8,0,0.04,26.2,53.8,1.6,1527,-111,-7.8,1,2025-06-14T19:27:41.86630174Z
2038,100,58.5,1013.9,0,0.04,26,63.2,1.9,1528,-113,-10.2,1,2025-06-14T19:37:41.891192283Z
2039,100,58.5,1014.1,0,0.04,25.8,73.8,1.2,1529,-113,-6.5,1,2025-06-14T19:47:41.855368683Z
2040,100,59.5,1014.5,0,0,25.5,77.2,1.3,1530,-113,-7,1,2025-06-14T19:57:41.846190178Z
2041,100,60.5,1014.7,0,0,25.1,126.9,0.6,1531,-115,-5.8,1,2025-06-14T20:07:41.911007015Z
2042,100,127.5,6553.5,255,655.35,-0.1,-0.1,6553.5,1532,-111,-8.2,1,2025-06-14T20:17:45.949202823Z
2043,100,64,1015,0,0,24.4,172.4,0.7,1533,-115,-5.8,1,2025-06-14T20:27:41.807596091Z
2044,100,67,1015,0,0,24,216.7,0.5,1534,-112,-6.2,1,2025-06-14T20:37:41.811509926Z
2045,100,69.5,1014.9,0,0,23.9,132.9,0.3,1535,-113,-6.8,1,2025-06-14T20:47:41.802002712Z
2046,100,72,1015,0,0,23.5,63.5,0.5,1536,-113,-5.5,1,2025-06-14T20:57:41.788325298Z
2047,100,72,1015.1,0,0,23.3,246.4,0.4,1537,-110,-6.2,1,2025-06-14T21:07:41.785034347Z
2048,100,70.5,1015.9,0,0,23.5,237.9,3.3,1538,-111,-7.2,1,2025-06-14T21:17:43.964039497Z
2049,100,62.5,1015.7,0,0,25.1,274.7,2.6,1539,-108,-7,1,2025-06-14T21:27:41.764663236Z
2050,100,63,1015.1,0,0,25,120.3,1.2,1540,-112,-7,1,2025-06-14T21:37:41.760022809Z
2051,100,67,1014.8,0,0,24.3,82.1,0.6,1541,-112,-7.2,1,2025-06-14T21:47:41.761533637Z
2052,100,68,1014.5,0,0,23.9,140.5,1.6,1542,-113,-6.5,1,2025-06-14T21:57:41.735315126Z
2053,100,69,1014.3,0,0,23.7,289.6,0.3,1543,-112,-7,1,2025-06-14T22:07:41.735648239Z
2054,100,70.5,1014,0,0,23.5,125.7,0.7,1544,-114,-6,1,2025-06-14T22:17:41.71969075Z
2055,98,72,1014,0,0.02,23.2,102,0.3,1545,-113,-6.2,1,2025-06-14T22:27:41.79578094Z
2056,98,74.5,1014.2,0,0.02,23,146.6,0.9,1546,-112,-6,1,2025-06-14T22:37:41.713737803Z
2057,98,76,1014,0,0.02,22.7,149.9,0.9,1547,-112,-5.2,1,2025-06-14T22:47:41.705054701Z
2058,98,77,1013.8,0,0.02,22.6,110.2,1.3,1548,-110,-7.5,1,2025-06-14T22:57:41.700636627Z
2059,98,77,1013.5,0,0.02,22.7,132.4,1.2,1549,-114,-4.2,1,2025-06-14T23:07:41.680073864Z
2060,98,77.5,1013.5,0,0.02,22.7,83.1,1,1550,-114,-7.5,1,2025-06-14T23:17:41.675102817Z
2061,97,77,1013.5,0,0.02,22.8,103.9,0.3,1551,-112,-5,1,2025-06-14T23:27:41.696309056Z
2062,97,75.5,1013.6,0,0.02,23.1,229.8,0.9,1552,-114,-6.2,1,2025-06-14T23:37:41.657518013Z
2063,97,76,1013.6,0,0.02,23.1,249.9,1.6,1553,-112,-5.8,1,2025-06-14T23:47:41.658573274Z
2064,97,73.5,1013.7,0,0.02,23.6,277.5,1.8,1554,-113,-5.5,1,2025-06-14T23:57:41.662268279Z
2065,97,73,1013.8,0,0.02,23.7,274.4,2,1555,-112,-6,1,2025-06-15T00:07:41.634434373Z
2066,97,73.5,1013.9,0,0.02,24,270.7,2.8,1556,-114,-6.5,1,2025-06-15T00:17:41.620700734Z
2067,96,76,1013.8,0,0.02,23.9,273.2,1.6,1557,-112,-7.2,1,2025-06-15T00:27:41.65304487Z
2068,96,77,1013.8,0,0.02,23.6,243.7,1.6,1558,-112,-6.8,1,2025-06-15T00:37:41.610116863Z
2069,96,80,1014.1,0,0.02,23,238.2,2.3,1559,-113,-5.8,1,2025-06-15T00:47:41.626854168Z
2070,96,76.5,1014.1,0,0.02,23.7,245.9,3.6,1560,-114,-6.2,1,2025-06-15T00:57:41.589047587Z
2071,96,74,1014,0,0.02,24,271.6,2.4,1561,-114,-6.2,1,2025-06-15T01:07:41.587077161Z
2072,96,74.5,1014,0,0.02,23.7,251.9,2.1,1562,-112,-6.8,1,2025-06-15T01:17:41.574725009Z
2073,96,75,1014.1,0,0.02,23.4,241.1,2,1563,-111,-7.2,1,2025-06-15T01:27:41.557263193Z
2074,94,75.5,1014.2,0,0.02,22.9,244.2,1.9,1564,-113,-6.5,1,2025-06-15T01:37:41.580266307Z
2075,94,73.5,1014,0,0.02,23,252.2,1.8,1565,-112,-5.8,1,2025-06-15T01:47:41.550957716Z
2076,94,75,1014,0,0.02,22.6,240.8,0.8,1566,-111,-6.5,1,2025-06-15T01:57:41.57315273Z
2077,94,76,1014,0,0.02,22.3,242.2,1.2,1567,-112,-5.5,1,2025-06-15T02:07:41.546091233Z
2078,94,75,1013.9,0,0.02,22.5,257.2,1.5,1568,-114,-5.5,1,2025-06-15T02:17:41.531869332Z
2079,94,75,1014,0,0.02,22.3,259.9,1,1569,-112,-5.8,1,2025-06-15T02:27:41.568854882Z
2080,94,76.5,1013.9,0,0.02,22,259.5,0.6,1570,-112,-6.2,1,2025-06-15T02:37:41.508814697Z
2081,93,78,1014,0,0.02,21.6,275.8,1.1,1571,-111,-6.5,1,2025-06-15T02:47:41.520985881Z
2082,93,79,1014,0,0.02,21.4,210,1.5,1572,-111,-5.5,1,2025-06-15T02:57:41.500245728Z
2083,93,82,1014,0,0.04,21.1,226.5,0.9,1573,-113,-6.5,1,2025-06-15T03:07:41.468826578Z
2084,93,84.5,1014.1,0,0.04,20.7,221.2,0.8,1574,-111,-7.2,1,2025-06-15T03:17:41.520256716Z
2085,93,85,1014.1,0,0.04,20.7,226.9,0.9,1575,-114,-6.8,1,2025-06-15T03:27:41.444568232Z
2086,93,84,1014.1,0,0.04,21,246.1,1.2,1576,-110,-5.5,1,2025-06-15T03:37:41.46165565Z
2087,92,85.5,1014.1,0,0.04,20.8,214.6,0.7,1577,-112,-5.5,1,2025-06-15T03:47:41.465388795Z
2088,92,85.5,1014.1,0,0.04,20.8,213,0.7,1578,-111,-5.8,1,2025-06-15T03:57:41.436939286Z
2089,92,86,1014,0,0.04,21.1,179.9,0.8,1579,-113,-6,1,2025-06-15T04:07:41.419765767Z
2090,92,86,1014,0,0.04,21.3,173,0.7,1580,-109,-6.2,1,2025-06-15T04:17:41.479444781Z
2091,92,84.5,1014,0,0.04,21.7,186.6,1.1,1581,-112,-7,1,2025-06-15T04:27:41.44066248Z
2092,92,83.5,1014,0,0.04,22.4,246.4,0.4,1582,-112,-6,1,2025-06-15T04:37:41.400654398Z
2093,91,79,1014,0,0.04,23.3,158.5,0.5,1583,-109,-6.5,1,2025-06-15T04:47:41.412628944Z
2094,91,78,1014.1,0,0.04,24,28,0.5,1584,-112,-6.8,1,2025-06-15T04:57:41.38258028Z
2095,91,75,1014,0,0.04,24.7,136.6,0.4,1585,-113,-7.2,1,2025-06-15T05:07:41.373445606Z
2096,91,73,1014.1,0,0.04,25.6,219.2,0.2,1586,-112,-6.5,1,2025-06-15T05:17:41.394149163Z
2097,91,69,1014.1,0,0.04,26.6,197.7,0.7,1587,-110,-7.2,1,2025-06-15T05:27:41.356315323Z
2098,91,68.5,1014.1,0,0.04,26.5,180,0.1,1588,-113,-9.2,1,2025-06-15T05:37:41.352389284Z
2099,91,71.5,1014.3,0,0.04,25.5,98.3,0.4,1589,-112,-7,1,2025-06-15T05:47:41.371550255Z
2100,93,74.5,1014.3,0,0.04,25,72.1,0.7,1590,-111,-7.2,1,2025-06-15T05:57:41.411105941Z
2101,93,77,1014.4,0,0.04,24.7,75.1,0.6,1591,-113,-6.8,1,2025-06-15T06:07:41.329394446Z
2102,93,71.5,1014.4,0,0.04,25.8,41.3,0.5,1592,-112,-8,1,2025-06-15T06:17:41.32364811Z
2103,93,68,1014.4,0,0.04,26.7,136.3,1,1593,-113,-7.5,1,2025-06-15T06:27:41.31666676Z
2104,93,63.5,1014.4,0,0.04,27.3,110.8,1.7,1594,-112,-7,1,2025-06-15T06:37:41.355224685Z
2105,93,63,1014.5,0,0.04,28,107.2,0.8,1595,-111,-8.8,1,2025-06-15T06:47:41.29872162Z
2106,93,58,1014.5,0,0.04,28.6,353.5,0.8,1596,-112,-7.8,1,2025-06-15T06:57:41.324766078Z
2107,100,55.5,1014.5,0,0.04,28.9,18.6,0.5,1597,-112,-8,1,2025-06-15T07:07:41.309252894Z
2108,100,56,1014.4,0,0.04,29.9,69,0.5,1598,-114,-7.8,1,2025-06-15T07:17:41.307988943Z
2109,100,56,1014.4,0,0.04,29.8,74.5,1.2,1599,-112,-8.5,1,2025-06-15T07:27:41.327531048Z
2110,100,53.5,1014.3,0,0.04,30.2,130.5,0.4,1600,-113,-7,1,2025-06-15T07:37:41.270317969Z
2111,100,51,1014.3,0,0.04,31.2,121.6,0.1,1601,-113,-8.2,1,2025-06-15T07:47:41.305158957Z
2112,100,46,1014.1,0,0.04,31.5,54.9,1.4,1602,-111,-12,1,2025-06-15T07:57:41.254906734Z
2113,100,48.5,1014.1,0,0.04,31.8,115.9,0.3,1603,-111,-9,1,2025-06-15T08:07:41.260978421Z
2114,100,44,1014.1,0,0.04,32.2,93,0.3,1604,-113,-8.2,1,2025-06-15T08:17:41.297759824Z
2115,100,44.5,1014.1,0,0.04,31.6,94.3,0.9,1605,-114,-11.5,1,2025-06-15T08:27:41.258082356Z
2116,100,45.5,1013.9,0,0.04,31.7,149.1,0.6,1606,-114,-6.8,1,2025-06-15T08:37:43.421348162Z
2117,100,43.5,1014,0,0.04,32.3,57,0.7,1607,-112,-8,1,2025-06-15T08:47:41.247616001Z
2118,100,47,1013.9,0,0.04,31.9,108.2,0.7,1608,-112,-7.8,1,2025-06-15T08:57:41.244169823Z
2119,100,46,1013.9,0,0.04,32.3,95.7,1,1609,-111,-10,1,2025-06-15T09:07:43.41237913Z
2120,100,46.5,1013.7,0,0.04,32.6,91.9,0.6,1610,-113,-7,1,2025-06-15T09:17:41.255296708Z
2121,100,44.5,1013.7,0,0.04,32.8,105.8,0.4,1611,-112,-8,1,2025-06-15T09:27:41.246228484Z
2122,100,44.5,1013.8,0,0.04,32.9,99.6,1.7,1612,-115,-8.2,1,2025-06-15T09:37:41.267721107Z
2123,100,42.5,1013.7,0,0.04,33,75.2,0.2,1613,-112,-8.5,1,2025-06-15T09:47:41.222008399Z
2124,100,42,1013.6,0,0.04,33.5,64,0.6,1614,-112,-8.5,1,2025-06-15T09:57:41.221871Z
2125,100,52,1013.6,0,0.04,33.1,217.2,0.9,1615,-112,-7.2,1,2025-06-15T10:07:41.220800089Z
2126,100,50.5,1013.5,0,0.04,33.8,159,0.8,1616,-114,-8,1,2025-06-15T10:17:41.210431513Z
2127,100,42.5,1013.5,0,0.04,33.7,143.9,1,1617,-113,-9.2,1,2025-06-15T10:27:41.250673775Z
2128,100,43,1013.4,0,0.04,33.7,58.8,1.3,1618,-114,-9,1,2025-06-15T10:37:41.29967246Z
2129,100,43,1013.3,0,0.04,33.7,149,0.7,1619,-112,-7.5,1,2025-06-15T10:47:41.221692748Z
2130,100,42.5,1013.1,0,0.04,33.8,87.7,0.4,1620,-112,-12,1,2025-06-15T10:57:41.208403004Z
2131,100,39.5,1013,0,0.04,34.3,239.5,1.5,1621,-112,-7.2,1,2025-06-15T11:07:41.258468133Z
2132,100,42,1013,0,0.04,34.3,169.9,0.5,1622,-113,-7.2,1,2025-06-15T11:17:41.243728877Z
2133,100,44,1013,0,0.04,35,198.2,0.7,1623,-115,-8.5,1,2025-06-15T11:27:41.207800714Z
2134,100,39.5,1012.9,0,0.04,35.1,357.9,1.8,1624,-112,-10.5,1,2025-06-15T11:37:41.235309579Z
2135,100,38.5,1012.9,0,0.04,34.9,27.8,1.8,1625,-112,-10,1,2025-06-15T11:47:41.214287116Z
2136,100,38,1012.8,0,0.04,34.7,296.1,1.6,1626,-112,-6.8,1,2025-06-15T11:57:41.244643154Z
2137,100,36,1012.7,0,0.04,34.9,142.4,0.5,1627,-112,-8.8,1,2025-06-15T12:07:41.207447982Z
2138,100,37.5,1012.5,0,0.04,34.8,114.8,1.2,1628,-114,-9,1,2025-06-15T12:17:41.205141026Z
2139,100,34.5,1012.3,0,0.04,35.3,94.1,0.1,1629,-114,-9,1,2025-06-15T12:27:41.209643172Z
2140,100,40.5,1012.3,0,0.04,35.2,96.9,0.8,1630,-112,-5.5,1,2025-06-15T12:37:41.274952715Z
2141,100,42,1012.3,0,0.04,35,90.6,2.4,1631,-112,-7.8,1,2025-06-15T12:47:41.209543213Z
2142,100,35,1012.2,0,0.04,35.3,26.1,0.7,1632,-114,-6.8,1,2025-06-15T12:57:41.250092301Z
2143,100,39.5,1011.9,0,0.04,35.5,79.7,1.4,1633,-115,-12.5,1,2025-06-15T13:07:41.213861321Z
2144,100,39,1011.8,0,0.04,35.1,108.4,0.9,1634,-111,-10.5,1,2025-06-15T13:17:41.248432492Z
2145,100,37,1011.6,0,0.04,35.7,87.2,4,1635,-113,-7,1,2025-06-15T13:27:41.205544996Z
2146,100,38.5,1011.4,0,0.04,35.4,68.3,2,1636,-113,-11,1,2025-06-15T13:37:41.20311676Z
2147,100,38,1011.3,0,0.04,35.1,82.1,3.2,1637,-112,-7,1,2025-06-15T13:47:41.220464675Z
2148,100,38,1011.3,0,0.04,35.5,36.5,4.7,1638,-113,-6,1,2025-06-15T13:57:41.193158428Z
2149,100,38,1011.2,0,0.04,35.8,37,1.9,1639,-113,-9.5,1,2025-06-15T14:07:41.218912555Z
2150,100,36.5,1011.1,0,0.04,35.9,65.1,2.3,1640,-114,-7.2,1,2025-06-15T14:17:41.200547661Z
2151,100,41.5,1010.8,0,0.04,35.6,97.5,0.4,1641,-113,-11.5,1,2025-06-15T14:27:41.199060284Z
2152,100,37.5,1010.6,0,0.04,35.5,58.3,3.3,1642,-112,-13.5,1,2025-06-15T14:37:41.190805826Z
2153,100,39.5,1010.6,0,0.04,35.4,81.5,2,1643,-109,-14.8,1,2025-06-15T14:47:41.221035868Z
2154,100,40,1010.6,0,0.04,35.3,53.6,1.8,1644,-113,-7,1,2025-06-15T14:57:41.199890858Z
2155,100,38,1010.4,0,0.04,35.1,63,2.7,1645,-113,-8.5,1,2025-06-15T15:07:41.197611017Z
2156,100,40,1010.3,0,0.04,35.1,80.8,2.5,1646,-111,-10.8,1,2025-06-15T15:17:41.193067326Z
2157,100,43.5,1010.3,0,0.04,34.6,57.5,3,1647,-113,-4.5,1,2025-06-15T15:27:41.20367975Z
2158,100,46,1010.2,0,0.04,34.3,85.1,3.3,1648,-114,-10.5,1,2025-06-15T15:37:41.196430187Z
2159,100,48.5,1010.2,0,0.04,33.2,91.1,3.6,1649,-111,-13.8,1,2025-06-15T15:47:41.186545065Z
2160,100,51,1010.2,0,0.04,32.5,96.7,3.3,1650,-114,-7.5,1,2025-06-15T15:57:41.261914499Z
2161,100,51,1010,0,0.04,31.8,89.4,3,1651,-114,-9.8,1,2025-06-15T16:07:41.176691645Z
2162,100,53,1010,0,0.04,31.4,58.8,2.6,1652,-111,-12.5,1,2025-06-15T16:17:41.179108312Z
2163,100,51.5,1010,0,0.04,31.4,82.6,1.9,1653,-114,-8.2,1,2025-06-15T16:27:41.181291761Z
2164,100,53,1010.2,0,0.04,31.1,80.1,2.5,1654,-113,-11.8,1,2025-06-15T16:37:41.168029327Z
2165,100,52,1010.3,0,0.04,30.9,91.6,2.5,1655,-115,-8.2,1,2025-06-15T16:47:41.198704379Z
2166,100,53,1010.1,0,0.04,30.7,84.4,3,1656,-111,-6.2,1,2025-06-15T16:57:41.185861291Z
2167,100,53.5,1010.2,0,0.04,30.5,80.4,3.3,1657,-113,-8.8,1,2025-06-15T17:07:41.16585326Z
2168,100,55,1010.2,0,0.04,30.1,72.7,2,1658,-112,-6.2,1,2025-06-15T17:17:41.165500011Z
2169,100,55.5,1009.9,0,0.04,29.9,83.7,1.7,1659,-111,-6.8,1,2025-06-15T17:27:41.143960026Z
2170,100,57,1009.9,0,0.04,29.5,83.2,1.9,1660,-112,-7.5,1,2025-06-15T17:37:41.142119794Z
2171,100,57.5,1009.9,0,0.04,29.3,73.7,2.6,1661,-112,-11.8,1,2025-06-15T17:47:41.137220302Z
2172,100,57,1009.7,0,0.04,29.1,89.1,2.6,1662,-112,-6.5,1,2025-06-15T17:57:41.112842471Z
2173,100,57.5,1009.7,0,0.04,28.8,93.2,2,1663,-115,-7.2,1,2025-06-15T18:07:41.279400759Z
2174,100,57.5,1010,0,0.04,28.6,99.8,2.5,1664,-112,-11.2,1,2025-06-15T18:17:41.100511461Z
2175,100,58.5,1010,0,0.04,28.3,80.1,2.3,1665,-111,-7,1,2025-06-15T18:27:41.097511788Z
2176,100,59.5,1010,0,0.04,28,87.6,2.5,1666,-113,-6.8,1,2025-06-15T18:37:41.096667937Z
2177,100,61,1010,0,0.04,27.7,118.6,2,1667,-113,-7.8,1,2025-06-15T18:47:41.092644195Z
2178,100,62,1010.1,0,0.04,27.4,82.6,2,1668,-112,-5.8,1,2025-06-15T18:57:41.079335152Z
2179,100,63,1010.3,0,0.04,27.3,73.4,1.6,1669,-114,-8,1,2025-06-15T19:07:41.098378184Z
2180,100,63.5,1010.4,0,0.06,27.1,99.3,1.6,1670,-113,-11,1,2025-06-15T19:17:41.059045035Z
2181,100,64.5,1010.5,0,0.06,27,60.8,2.1,1671,-113,-12.2,1,2025-06-15T19:27:41.304154878Z
2182,100,65,1010.5,0,0.06,26.9,50.5,1.6,1672,-113,-8.8,1,2025-06-15T19:37:43.242114708Z
2183,100,66,1010.4,0,0.06,26.8,85.2,1.7,1673,-113,-8.5,1,2025-06-15T19:47:41.061772056Z
2184,100,67,1010.4,0,0,26.6,54.2,1,1674,-113,-7.8,1,2025-06-15T19:57:41.046159356Z
2185,100,68.5,1010.4,0,0,26.3,87.3,1.4,1675,-112,-9.5,1,2025-06-15T20:07:41.038786178Z
2186,100,69,1010.7,0,0,26.1,78.5,0.8,1676,-112,-7,1,2025-06-15T20:17:41.049357541Z
2187,100,71,1010.8,0,0,25.7,45,0.5,1677,-110,-10.5,1,2025-06-15T20:27:41.022794244Z
2188,100,72,1010.7,0,0,25.4,59.4,0.6,1678,-113,-10,1,2025-06-15T20:37:41.020586596Z
2189,100,73,1010.5,0,0,25.3,51.3,1.6,1679,-112,-6.5,1,2025-06-15T20:47:41.007965836Z
2190,100,74,1010.6,0,0,25.1,148.1,0.8,1680,-112,-7.8,1,2025-06-15T20:57:41.002092192Z
2191,100,73.5,1010.5,0,0,25.1,144.3,1.2,1681,-108,-8.5,1,2025-06-15T21:07:41.00221998Z
2192,100,74.5,1010.5,0,0,24.9,145.9,0.8,1682,-111,-6.8,1,2025-06-15T21:17:41.012935914Z
2193,100,76,1010.5,0,0,24.5,199.8,0.4,1683,-109,-5.2,1,2025-06-15T21:27:40.972980774Z
2194,100,77.5,1010.5,0,0,24.3,129.7,0.7,1684,-113,-5,1,2025-06-15T21:37:41.192718863Z
2195,100,80.5,1010.5,0,0,24,135.4,0.6,1685,-110,-6.2,1,2025-06-15T21:47:40.966859732Z
2196,100,79,1010.4,0,0,24,155.2,1.5,1686,-110,-6,1,2025-06-15T21:57:40.930571859Z
2197,100,76,1010.5,0,0,24.4,148,0.6,1687,-110,-5.5,1,2025-06-15T22:07:40.930779406Z
2198,100,78.5,1010.6,0,0,23.8,75.5,0.6,1688,-112,-6,1,2025-06-15T22:17:40.917646003Z
2199,99,79.5,1010.5,0,0,23.6,213.3,1.3,1689,-111,-3.8,1,2025-06-15T22:27:40.938881954Z
2200,99,81,1010.6,0,0,23.3,226.5,0.9,1690,-111,-10.2,1,2025-06-15T22:37:40.949031251Z
2201,99,80.5,1010.6,0,0,23.2,158.2,0.5,1691,-111,-5.2,1,2025-06-15T22:47:40.89487919Z
2202,99,81.5,1010.6,0,0,23.1,159.7,0.4,1692,-113,-6.2,1,2025-06-15T22:57:40.890130441Z
2203,99,81,1010.5,0,0,23.1,193,0.5,1693,-113,-6.5,1,2025-06-15T23:07:40.889968691Z
2204,99,82,1010.3,0,0,22.7,114.1,1,1694,-110,-6.8,1,2025-06-15T23:17:40.884338526Z
2205,99,79.5,1010.4,0,0,22.9,109.3,0.1,1695,-107,-7.5,1,2025-06-15T23:27:40.860205189Z
2206,97,78.5,1010.2,0,0,23.1,233,1.1,1696,-114,-5,1,2025-06-15T23:37:40.87569458Z
2207,97,78.5,1010.2,0,0,22.9,198.1,0.8,1697,-111,-6.8,1,2025-06-15T23:47:43.014645584Z
2208,97,80.5,1010.1,0,0,22.9,200.3,1.5,1698,-112,-4.5,1,2025-06-15T23:57:40.844687719Z
2209,97,76,1010.2,0,0,23.5,204.9,1.6,1699,-114,-5.8,1,2025-06-16T00:07:40.831877799Z
2210,97,71.5,1010.3,0,0,23.6,214.2,1.3,1700,-106,-6.8,1,2025-06-16T00:17:40.822945866Z
2211,97,72,1010.3,0,0,23.6,272.3,1,1701,-113,-6,1,2025-06-16T00:27:40.817387472Z
2212,96,72,1010.2,0,0,23.9,249.8,1.4,1702,-115,-5.2,1,2025-06-16T00:37:40.8322978Z
2213,96,76,1010.1,0,0,23.3,241.1,0.7,1703,-112,-5.2,1,2025-06-16T00:47:40.79062268Z
2214,96,77,1010.1,0,0,23,230.3,0.9,1704,-111,-5.2,1,2025-06-16T00:57:40.780873795Z
2215,96,78.5,1010,0,0,22.7,286.2,0.6,1705,-114,-6,1,2025-06-16T01:07:40.82876159Z
2216,96,80,1010.1,0,0,22.3,219.1,0.7,1706,-114,-6,1,2025-06-16T01:17:40.773995756Z
2217,96,79,1009.9,0,0,22.3,198.6,0.9,1707,-110,-6.2,1,2025-06-16T01:27:40.758144603Z
2218,94,80.5,1010,0,0,22,332.5,0.4,1708,-114,-6.2,1,2025-06-16T01:37:40.78722043Z
2219,94,83.5,1010,0,0,21.5,33.3,0.4,1709,-107,-6,1,2025-06-16T01:47:40.737305152Z
2220,94,85.5,1010.3,0,0,21.1,357,1.1,1710,-113,-5,1,2025-06-16T01:57:40.962727187Z
2221,94,82,1010.6,0,0,21.4,30.5,0.5,1711,-114,-7.5,1,2025-06-16T02:07:40.846449152Z
2222,94,82,1010.7,0,0,21.4,340,0.6,1712,-113,-5.2,1,2025-06-16T02:17:40.718852407Z
2223,94,86,1011,0,0.01,21.6,347.7,1.6,1713,-113,-7.5,1,2025-06-16T02:27:40.707207021Z
2224,94,86.5,1011.1,0,0.02,22.1,325.9,1.4,1714,-111,-5.5,1,2025-06-16T02:37:40.697047312Z
2225,93,87.5,1011.3,0,0.02,22.3,309.3,1.3,1715,-112,-9.2,1,2025-06-16T02:47:40.712745329Z
2226,93,87.5,1011.5,0,0.02,22.2,298.8,0.6,1716,-113,-7,1,2025-06-16T02:57:40.684405905Z
2227,93,90,1011.7,0,0.02,21.7,252.5,0.6,1717,-115,-6.2,1,2025-06-16T03:07:40.723231523Z
2228,93,90,1011.8,0,0.02,21.2,178.3,1,1718,-113,-4.8,1,2025-06-16T03:17:40.659417896Z
2229,93,92,1011.9,0,0.04,20.8,192.9,1.3,1719,-113,-7.2,1,2025-06-16T03:27:40.661362591Z
2230,93,93.5,1012,0,0.04,21,173.2,1.4,1720,-112,-5.2,1,2025-06-16T03:37:40.655209413Z
2231,93,93,1012,0,0.04,21.2,171.6,0.9,1721,-113,-8.2,1,2025-06-16T03:47:40.645848657Z
2232,92,92,1011.9,0,0.04,21.3,186.5,1.4,1722,-113,-8,1,2025-06-16T03:57:40.658228339Z
2233,92,91,1011.9,0,0.04,21.4,194,1.4,1723,-113,-6,1,2025-06-16T04:07:40.866196991Z
2234,92,90.5,1012,0,0.04,21.7,221.5,1.3,1724,-112,-7.2,1,2025-06-16T04:17:40.615315998Z
2235,92,90,1012,0,0.04,22,131.4,0.2,1725,-115,-5.2,1,2025-06-16T04:27:40.637389697Z
2236,92,88.5,1012,0,0.04,22.4,209.8,1,1726,-114,-7.2,1,2025-06-16T04:37:40.659944621Z
2237,92,87.5,1011.9,0,0.04,23,183.9,0.5,1727,-113,-9.8,1,2025-06-16T04:47:40.589844338Z
2238,92,86.5,1011.9,0,0.04,23.6,169.3,0.7,1728,-111,-7,1,2025-06-16T04:57:40.628739986Z
2239,92,85.5,1011.9,0,0.04,24.2,175,1.2,1729,-112,-7.2,1,2025-06-16T05:07:40.588132928Z
2240,92,84.5,1011.9,0,0.04,25.1,215.4,0.5,1730,-113,-7,1,2025-06-16T05:17:40.562524125Z
2241,92,80,1011.9,0,0.04,26.1,153.1,0.8,1731,-112,-8.5,1,2025-06-16T05:27:40.553891097Z
2242,92,76,1012,0,0.04,26.6,110.9,1.9,1732,-110,-7.2,1,2025-06-16T05:37:40.598390935Z
2243,92,76,1011.9,0,0.04,26.8,136.9,1.2,1733,-113,-7.2,1,2025-06-16T05:47:40.55614862Z
2244,92,78,1011.8,0,0.04,27.1,166.7,0.8,1734,-112,-6.2,1,2025-06-16T05:57:40.533184897Z
2245,96,77,1011.9,0,0.04,27.1,130,1.8,1735,-114,-7,1,2025-06-16T06:07:40.543043337Z
2246,96,75,1011.9,0,0.04,27.4,80.5,2.1,1736,-111,-8.2,1,2025-06-16T06:17:40.754954031Z
2247,96,76,1011.8,0,0.04,27.7,89.4,0.5,1737,-114,-6.2,1,2025-06-16T06:27:40.51560727Z
2248,96,75,1011.7,0,0.04,27.7,168.5,2.2,1738,-109,-8,1,2025-06-16T06:37:40.566913868Z
2249,96,74,1011.8,0,0.04,27.8,80.2,3.1,1739,-114,-7.8,1,2025-06-16T06:47:40.526916161Z
2250,96,73,1011.7,0,0.04,27.9,94.9,1.9,1740,-113,-9,1,2025-06-16T06:57:40.485013366Z
2251,96,71,1011.7,0,0.04,28.4,110,1.2,1741,-114,-6.2,1,2025-06-16T07:07:40.520919785Z
2252,100,68.5,1011.8,0,0.04,28.9,98.2,1.5,1742,-114,-6.5,1,2025-06-16T07:17:40.503710303Z
2253,100,67.5,1011.8,0,0.04,29.1,66.2,2,1743,-113,-7.5,1,2025-06-16T07:27:40.487225308Z
2254,100,65.5,1011.8,0,0.04,29.1,14.7,0.6,1744,-113,-8,1,2025-06-16T07:37:40.472862016Z
2255,100,67,1011.8,0,0.04,29.6,227.3,1.1,1745,-112,-16.8,1,2025-06-16T07:47:40.491952116Z
2256,100,66,1011.7,0,0.04,29.7,87,3.9,1746,-113,-8.2,1,2025-06-16T07:57:40.50512227Z
2257,100,67.5,1011.6,0,0.04,29.9,116.7,1.1,1747,-112,-9.8,1,2025-06-16T08:07:40.448941886Z
2258,100,63.5,1011.7,0,0.04,30.2,84.8,1.3,1748,-114,-8.2,1,2025-06-16T08:17:40.491261866Z
2259,100,63.5,1011.7,0,0.04,30.1,110.9,1.1,1749,-112,-6.8,1,2025-06-16T08:27:40.479553592Z
2260,100,62.5,1011.7,0,0.04,30.1,92.5,2.4,1750,-113,-6.5,1,2025-06-16T08:37:40.441504939Z
2261,100,63,1011.7,0,0.04,30.3,90.9,1.9,1751,-113,-8.2,1,2025-06-16T08:47:40.454411244Z
2262,100,63.5,1011.6,0,0.04,30.2,72.4,4.5,1752,-112,-10.2,1,2025-06-16T08:57:40.430345787Z
2263,100,65,1011.6,0,0.04,30.7,100.6,0.4,1753,-111,-7,1,2025-06-16T09:07:40.427737243Z
2264,100,59,1011.5,0,0.04,30.8,49.9,3.2,1754,-113,-9,1,2025-06-16T09:17:40.428822097Z
2265,100,59.5,1011.6,0,0.04,30.7,59.6,2.1,1755,-113,-7.8,1,2025-06-16T09:27:40.434167345Z
2266,100,58.5,1011.5,0,0.04,31.2,43,1.3,1756,-114,-7.8,1,2025-06-16T09:37:40.45912256Z
2267,100,58,1011.3,0,0.04,31.1,79.3,2.7,1757,-113,-10.8,1,2025-06-16T09:47:40.398449631Z
2268,100,58,1011.3,0,0.04,31.1,79.3,2.7,1757,-114,-7.8,1,2025-06-16T09:47:40.82523299Z
2269,100,56,1011.2,0,0.04,31.7,67.3,2.3,1758,-111,-14.5,1,2025-06-16T09:57:40.431053032Z
2270,100,57,1011.2,0,0.04,31.3,40.9,2.5,1759,-113,-9,1,2025-06-16T10:07:40.396998766Z
2271,100,57,1011.3,0,0.04,31,54.4,2.6,1760,-114,-13.2,1,2025-06-16T10:17:40.425991087Z
2272,100,60.5,1011.2,0,0.04,31.2,91.1,3.1,1761,-114,-10.5,1,2025-06-16T10:27:40.460848411Z
2273,100,127.5,6553.5,255,655.35,-0.1,-0.1,6553.5,1762,-112,-9.2,1,2025-06-16T10:37:42.541359621Z
2274,100,59.5,1011.2,0,0.04,30.7,19,2.3,1763,-111,-7.5,1,2025-06-16T10:47:40.377548977Z
2275,100,60,1011.1,0,0.04,30.8,29.8,5.5,1764,-111,-9.5,1,2025-06-16T10:57:40.38550243Z
2276,100,61.5,1011,0,0.04,30.5,37.9,3.8,1765,-115,-12.2,1,2025-06-16T11:07:40.431692934Z
2277,100,60,1010.8,0,0.04,30.6,69.9,2.4,1766,-114,-10.2,1,2025-06-16T11:17:40.469223057Z
2278,100,59.5,1010.7,0,0.04,30.6,37.7,4.8,1767,-110,-7.5,1,2025-06-16T11:27:40.359052951Z
2279,100,58.5,1010.7,0,0.04,30.6,56.9,3.3,1768,-114,-9,1,2025-06-16T11:37:40.373246963Z
2280,100,57.5,1010.5,0,0.04,30.5,34.4,3.2,1769,-108,-11.2,1,2025-06-16T11:47:40.351351897Z
2281,100,58.5,1010.4,0,0.04,29.8,57.9,4.5,1770,-111,-10.2,1,2025-06-16T11:57:40.34633587Z
2282,100,60.5,1010.4,0,0.04,28.9,70.3,2.7,1771,-114,-7.5,1,2025-06-16T12:07:40.350216957Z
2283,100,60,1009.6,0,0.04,28.6,53.9,4.2,1772,-112,-6.2,1,2025-06-16T12:17:40.33834785Z
2284,100,58,1009.5,0,0.04,28.4,60.4,4.1,1773,-113,-6,1,2025-06-16T12:27:40.346468148Z
2285,100,57.5,1010,0,0.09,28.1,46.4,3.2,1774,-116,-10.8,1,2025-06-16T12:37:40.359907115Z
2286,100,56,1010.2,0,0.1,27.8,68.8,3.6,1775,-111,-8.5,1,2025-06-16T12:47:40.556854124Z
2287,100,60,1010.2,0,0.25,27.3,74.9,2,1776,-114,-6.2,1,2025-06-16T12:57:40.370219798Z
2288,100,67,1010.6,0,0.62,26.1,82.6,0.7,1777,-114,-5,1,2025-06-16T13:07:40.333929387Z
2289,100,73,1011.5,0,1.08,25.2,136.9,1.1,1778,-114,-5.2,1,2025-06-16T13:17:40.298559009Z
2290,100,80.5,1011.3,0,1.35,24,3.8,1,1779,-113,-5.2,1,2025-06-16T13:27:40.293550638Z
2291,100,76.5,1011.6,0,1.36,24.5,15.5,1.1,1780,-110,-9,1,2025-06-16T13:37:40.28816825Z
2292,100,85,1012.2,0,1.39,24,211.5,5.4,1781,-112,-5.5,1,2025-06-16T13:47:40.335093298Z
2293,100,83,1012.1,0,1.44,23.6,248.4,2.2,1782,-112,-4,1,2025-06-16T13:57:40.272522641Z
2294,100,77.5,1014.2,0,1.67,22.9,265.7,14.5,1783,-112,-4,1,2025-06-16T14:07:40.25997764Z
2295,100,88.5,1014.6,0,2.29,19.7,270.7,11.5,1784,-113,-3.5,1,2025-06-16T14:17:40.265207053Z
2296,100,90,1015.6,0,3.19,19.6,275.5,9.5,1785,-112,-1.8,1,2025-06-16T14:27:40.237877578Z
2297,100,90.5,1015.7,0,3.85,18.7,269.4,7.8,1786,-109,-2.5,1,2025-06-16T14:37:40.229633065Z
2298,100,91,1015.7,0,4.71,18.4,282.1,6.9,1787,-111,-1.8,1,2025-06-16T14:47:40.291312728Z
2299,100,90.5,1015.2,0,5.31,18.3,302.3,5.1,1788,-98,-4.5,1,2025-06-16T14:57:40.445963747Z
2300,100,88.5,1015.4,0,6.18,18.4,294.8,5.2,1789,-113,-2.2,1,2025-06-16T15:07:40.197650233Z
2301,100,90,1015.5,0,7.3,18.4,279.9,5.5,1790,-112,-3.8,1,2025-06-16T15:17:40.195537155Z
2302,100,91,1015,0,9.2,18.3,282.5,4.8,1791,-111,-2,1,2025-06-16T15:27:40.17716891Z
2303,100,91.5,1014.7,0,10.85,18.3,321.2,3.7,1792,-114,-3.8,1,2025-06-16T15:37:40.219171495Z
2304,100,90.5,1014.7,0,11.53,18.4,327.3,2.5,1793,-114,-3.2,1,2025-06-16T15:47:40.24501286Z
2305,100,91.5,1014.2,0,12.01,18.1,74.5,1.9,1794,-110,-2.8,1,2025-06-16T15:57:40.18132352Z
2306,100,92.5,1013.9,0,12.46,18.1,142.3,2.4,1795,-111,-1,1,2025-06-16T16:07:40.168267535Z
2307,100,93,1013.6,0,13.16,18.2,185.5,3.5,1796,-111,-3.8,1,2025-06-16T16:17:40.190202879Z
2308,100,93,1013.5,0,13.88,18.1,145.5,2.8,1797,-99,-16,1,2025-06-16T16:27:40.22196462Z
2309,100,93.5,1012.6,0,14.13,17.9,81.5,2,1798,-111,-4.2,1,2025-06-16T16:37:40.153939139Z
2310,100,94,1012.2,0,14.13,18,36.4,1.6,1799,-113,-3.8,1,2025-06-16T16:47:40.110164906Z
2311,100,94,1012,0,14.13,18.2,10.7,2.6,1800,-113,-4,1,2025-06-16T16:57:40.133121362Z
2312,100,94.5,1012.5,0,14.13,18.4,18.9,4.4,1801,-111,-3.8,1,2025-06-16T17:07:40.324109535Z
2313,100,94.5,1013,0,14.13,18.5,2.2,2,1802,-112,-3.8,1,2025-06-16T17:17:40.138925407Z
2314,100,93.5,1013.9,0,14.13,18.7,192.6,2.5,1803,-113,-3.5,1,2025-06-16T17:27:40.083648551Z
2315,100,88.5,1014.1,0,14.13,18.9,350.9,1.3,1804,-113,-3.5,1,2025-06-16T17:37:40.078289467Z
2316,100,88.5,1014.5,0,14.13,19.4,165.6,0.7,1805,-98,-2.5,1,2025-06-16T17:47:40.065996468Z
2317,100,87.5,1014.5,0,14.13,19.6,180.2,1,1806,-113,-3.5,1,2025-06-16T17:57:40.071619414Z
2318,100,89,1014.8,0,14.13,19.8,168.5,1.1,1807,-112,-2.2,1,2025-06-16T18:07:40.064387714Z
2319,100,89.5,1015,0,14.13,19.3,173.6,1.4,1808,-114,-4.5,1,2025-06-16T18:17:40.04052694Z
2320,100,90.5,1015.1,0,14.13,19.1,159.6,1.2,1809,-111,-3.8,1,2025-06-16T18:27:40.05575639Z
2321,100,91,1015,0,14.13,18.8,168.9,1.8,1810,-112,-4.2,1,2025-06-16T18:37:40.057452362Z
2322,100,92,1015.3,0,14.13,18.5,82.9,0.2,1811,-108,-3,1,2025-06-16T18:47:40.000556051Z
2323,100,92,1015.4,0,14.13,18.3,164.1,1.1,1812,-111,-5.8,1,2025-06-16T18:57:39.995738771Z
2324,100,93,1015.6,0,14.13,18.2,148.7,0.2,1813,-114,-5,1,2025-06-16T19:07:40.033310157Z
2325,100,92.5,1015.5,0,14.13,18.5,75.1,0.2,1814,-112,-4.8,1,2025-06-16T19:17:40.26337185Z
2326,100,92,1015.5,0,14.13,18.6,152.6,0.9,1815,-112,-5.2,1,2025-06-16T19:27:39.971302936Z
2327,100,92,1015.4,0,14.13,18.5,172.9,1.3,1816,-114,-8,1,2025-06-16T19:37:39.982532015Z
2328,100,93.5,1015.8,0,14.13,18.1,211.5,0.2,1817,-111,-7.5,1,2025-06-16T19:47:39.956824778Z
2329,100,94,1015.6,0,0,18,190.3,1.8,1818,-112,-7.5,1,2025-06-16T19:57:39.955761089Z
2330,100,94.5,1015.9,0,0,17.5,266.8,0.5,1819,-113,-4,1,2025-06-16T20:07:39.935574864Z
2331,100,95.5,1016,0,0,17.6,232,0.8,1820,-114,-4.8,1,2025-06-16T20:17:39.957834324Z
2332,100,95.5,1016.1,0,0,17.2,226.3,1.1,1821,-110,-3.8,1,2025-06-16T20:27:39.914235755Z
2333,100,96,1016.2,0,0,17.1,240.7,0.5,1822,-114,-4.5,1,2025-06-16T20:37:39.974350775Z
2334,100,96.5,1016,0,0,17.1,209.7,0.2,1823,-113,-4.8,1,2025-06-16T20:47:39.903794837Z
2335,100,97,1016.1,0,0,17.2,264.3,0.6,1824,-112,-7,1,2025-06-16T20:57:39.902453876Z
2336,100,96,1016,0,0,17.3,310,0.1,1825,-114,-4.8,1,2025-06-16T21:07:39.891589219Z
2337,100,96,1016.1,0,0,17.2,261.2,0.5,1826,-111,-6.2,1,2025-06-16T21:17:39.874952447Z
2338,98,95.5,1016.2,0,0,17.7,293.8,0.6,1827,-112,-5.8,1,2025-06-16T21:27:40.104478539Z
2339,98,93.5,1016.1,0,0.03,17.9,273.9,0.9,1828,-113,-5.5,1,2025-06-16T21:37:39.889410824Z
2340,98,92,1016.1,0,0.26,18.1,19,0.6,1829,-109,-4.5,1,2025-06-16T21:47:39.846078682Z
2341,98,93,1016.3,0,0.37,18.2,258.4,1.3,1830,-112,-3.8,1,2025-06-16T21:57:39.83897459Z
2342,98,93,1016.2,0,0.41,18.3,254.1,1.7,1831,-110,-4.8,1,2025-06-16T22:07:39.844127739Z
2343,98,91.5,1016.1,0,0.45,18.5,240.2,1.6,1832,-99,-6.8,1,2025-06-16T22:17:39.833812524Z
2344,97,92,1015.9,0,0.5,18.4,241.9,3.3,1833,-111,-5.5,1,2025-06-16T22:27:39.835099956Z
2345,97,89.5,1015.9,0,0.54,18.4,240.2,1.5,1834,-111,-3.8,1,2025-06-16T22:37:39.815148418Z
2346,97,87,1015.7,0,0.6,18.8,240,1.4,1835,-110,-6.5,1,2025-06-16T22:47:39.846476033Z
2347,97,86.5,1015.8,0,0.66,18.6,309.4,2.9,1836,-112,-4.5,1,2025-06-16T22:57:39.801180713Z
2348,97,89,1015.9,0,0.68,18.5,316.7,1.5,1837,-112,-7,1,2025-06-16T23:07:41.967893984Z
2349,97,90,1016,0,0.68,18.4,292.6,2.1,1838,-114,-6,1,2025-06-16T23:17:39.814020373Z
2350,97,89.5,1016,0,0.68,18.4,306.4,3,1839,-110,-6.5,1,2025-06-16T23:27:39.77092584Z
2351,95,90.5,1015.9,0,0.68,18.4,304.7,2.5,1840,-112,-14.5,1,2025-06-16T23:37:40.014322012Z
2352,95,91.5,1015.7,0,0.68,18.3,252.9,2.6,1841,-113,-4.5,1,2025-06-16T23:47:39.778838982Z
2353,95,92,1015.8,0,0.69,18.2,270.3,2.4,1842,-111,-5.5,1,2025-06-16T23:57:39.739515365Z
2354,95,92.5,1015.8,0,0.7,18.1,285.8,2.5,1843,-111,-6.8,1,2025-06-17T00:07:39.723396118Z
2355,95,92.5,1015.7,0,0.7,18.2,298.9,3.1,1844,-112,-4.5,1,2025-06-17T00:17:39.723774243Z
2356,95,91.5,1015.8,0,0.7,18.3,287.6,2.8,1845,-107,-6.8,1,2025-06-17T00:27:39.703927456Z
2357,95,91.5,1015.9,0,0.7,18.3,279.7,2.5,1846,-112,-5.2,1,2025-06-17T00:37:39.730374272Z
2358,94,91.5,1015.9,0,0.7,18.2,268.4,2.4,1847,-112,-6,1,2025-06-17T00:47:39.714309903Z
2359,94,91.5,1015.9,0,0.7,18.1,267,3.6,1848,-112,-5,1,2025-06-17T00:57:39.680796628Z
2360,94,90,1016,0,0.7,18.3,278.3,3,1849,-114,-7,1,2025-06-17T01:07:39.708324254Z
2361,94,89.5,1016,0,0.73,18.4,274.5,2.8,1850,-111,-5,1,2025-06-17T01:17:39.659315207Z
2362,94,88,1016,0,0.74,18.5,275.1,3.1,1851,-114,-6,1,2025-06-17T01:27:39.668846659Z
2363,94,88.5,1016,0,0.77,18.4,273.9,3.3,1852,-112,-6.8,1,2025-06-17T01:37:39.654680404Z
2364,94,88,1015.9,0,0.81,18.3,281.1,3.6,1853,-113,-6,1,2025-06-17T01:47:39.926516051Z
2365,93,89.5,1016.1,0,0.85,18.1,296.6,1.7,1854,-113,-5.5,1,2025-06-17T01:57:39.651133704Z
2366,93,89.5,1016.1,0,0.87,18,291,3.5,1855,-112,-4.8,1,2025-06-17T02:07:39.662524289Z
2367,93,88,1016,0,0.89,17.9,280.5,3.6,1856,-113,-5.2,1,2025-06-17T02:17:39.614941612Z
2368,93,89,1015.9,0,0.89,17.8,287,3,1857,-112,-6.5,1,2025-06-17T02:27:39.658446178Z
2369,93,90.5,1015.9,0,0.97,17.7,279.4,2.3,1858,-114,-5.5,1,2025-06-17T02:37:39.677193777Z
2370,93,91,1015.8,0,0.97,17.7,273,3.3,1859,-113,-6,1,2025-06-17T02:47:39.664452233Z
2371,91,92,1015.8,0,1.05,17.6,254.8,2.9,1860,-111,-6.2,1,2025-06-17T02:57:39.599856706Z
2372,91,92.5,1015.7,0,1.1,17.5,241.5,2.3,1861,-111,-5.2,1,2025-06-17T03:07:39.570792738Z
2373,91,92.5,1015.9,0,1.13,17.6,257.3,3.8,1862,-113,-4.8,1,2025-06-17T03:17:39.620680851Z
2374,91,92,1015.8,0,1.13,17.6,252.2,4.5,1863,-108,-7.5,1,2025-06-17T03:27:39.598092726Z
2375,91,92,1015.7,0,1.2,17.6,254.7,4,1864,-111,-6,1,2025-06-17T03:37:39.550516045Z
2376,91,92.5,1015.7,0,1.2,17.6,245.1,2.9,1865,-106,-9,1,2025-06-17T03:47:39.534749102Z
2377,91,92.5,1015.8,0,1.2,17.6,275.7,4.6,1866,-113,-4.8,1,2025-06-17T03:57:39.800504928Z
2378,90,92,1015.7,0,1.2,17.7,265.1,2.7,1867,-111,-7.2,1,2025-06-17T04:07:39.52835608Z
2379,90,92,1015.7,0,1.2,17.7,249.5,4.6,1868,-110,-5.8,1,2025-06-17T04:17:39.502569809Z
2380,90,92.5,1015.8,0,1.2,17.7,266,3.5,1869,-113,-5,1,2025-06-17T04:27:39.500370196Z
2381,90,92.5,1015.7,0,1.2,17.7,279.8,2.9,1870,-114,-6.2,1,2025-06-17T04:37:39.488427409Z
2382,90,91,1015.8,0,1.2,17.8,285.1,4.9,1871,-114,-7.5,1,2025-06-17T04:47:39.532005799Z
2383,90,91.5,1015.9,0,1.21,17.7,281.9,3,1872,-110,-5.2,1,2025-06-17T04:57:39.467750112Z
2384,89,91.5,1015.8,0,1.22,17.7,299.6,2.9,1873,-109,-6.5,1,2025-06-17T05:07:39.533242825Z
2385,89,92.5,1016,0,1.5,17.6,302.7,3.5,1874,-110,-7.8,1,2025-06-17T05:17:39.449659911Z
2386,89,94,1016.1,0,1.67,17.6,311.7,3.4,1875,-111,-3.2,1,2025-06-17T05:27:39.444399121Z
2387,89,94,1016.1,0,1.87,17.6,278,4.6,1876,-113,-4.2,1,2025-06-17T05:37:39.472708027Z
2388,89,94.5,1016.2,0,2.28,17.7,306.4,2.8,1877,-110,-3.5,1,2025-06-17T05:47:39.427391965Z
2389,89,95,1016.3,0,2.51,17.6,295.6,4.6,1878,-112,-2.8,1,2025-06-17T05:57:39.414432336Z
2390,89,94.5,1016.4,0,2.51,17.8,332.7,1.7,1879,-111,-5.5,1,2025-06-17T06:07:39.655850037Z
2391,89,94,1016.5,0,2.52,17.9,298.6,2.1,1880,-113,-3.8,1,2025-06-17T06:17:39.400411344Z
2392,89,94.5,1016.4,0,2.52,17.9,273,3.3,1881,-111,-3.5,1,2025-06-17T06:27:39.395328053Z
2393,89,94.5,1016.4,0,2.52,17.9,276.1,3.3,1882,-111,-3.8,1,2025-06-17T06:37:39.384627273Z
2394,89,93.5,1016.3,0,2.52,18.1,274.7,4.9,1883,-112,-10,1,2025-06-17T06:47:39.377730934Z
2395,89,93.5,1016.3,0,2.52,18.1,274.7,4.9,1883,-113,-5,1,2025-06-17T06:47:39.809515309Z
2396,89,93.5,1016.3,0,2.52,18.2,276.1,3.7,1884,-113,-2.2,1,2025-06-17T06:57:39.358367195Z
2397,91,93.5,1016.3,0,2.52,18.3,270.2,2.6,1885,-112,-3.5,1,2025-06-17T07:07:39.386659111Z
2398,91,93.5,1016.5,0,2.52,18.3,260,3.8,1886,-112,-1.8,1,2025-06-17T07:17:39.384051154Z
2399,91,94,1016.5,0,2.53,18.4,272.1,2.2,1887,-110,-5.2,1,2025-06-17T07:27:39.353501962Z
2400,91,93.5,1016.7,0,2.55,18.5,265.9,2.5,1888,-113,-3.8,1,2025-06-17T07:37:41.507903291Z
2401,91,93.5,1016.7,0,2.55,18.7,279.7,2.3,1889,-113,-2.5,1,2025-06-17T07:47:39.322844417Z
2402,91,93,1016.8,0,2.55,18.9,292.5,2.1,1890,-114,-3.5,1,2025-06-17T07:57:39.309500765Z
2403,91,93,1016.8,0,2.63,19,277.2,4.3,1891,-109,-6.8,1,2025-06-17T08:07:39.325511263Z
2404,92,92,1016.8,0,2.74,19,286.6,3.3,1892,-113,-2.8,1,2025-06-17T08:17:39.543269622Z
2405,92,92,1016.9,0,3.43,19,280.9,4,1893,-111,-4.8,1,2025-06-17T08:27:39.287427852Z
2406,92,93.5,1016.9,0,3.67,19.1,287,3.2,1894,-113,-13,1,2025-06-17T08:37:39.270791016Z
2407,92,93.5,1016.9,0,3.67,19.1,287,3.2,1894,-113,-2.8,1,2025-06-17T08:37:39.706517255Z
2408,92,93,1016.9,0,3.72,19.1,297.2,2.9,1895,-113,-3.8,1,2025-06-17T08:47:39.264292336Z
2409,92,92,1016.8,0,3.72,19.1,292,2.7,1896,-111,-2.5,1,2025-06-17T08:57:39.296466777Z
2410,92,91,1017,0,3.72,19.3,315.1,2.2,1897,-112,-2,1,2025-06-17T09:07:39.251640052Z
2411,95,92,1017,0,3.73,19.1,328.1,1.8,1898,-112,-1,1,2025-06-17T09:17:39.365519084Z
2412,95,92,1017,0,3.73,19.6,69.5,0.4,1899,-112,-2.8,1,2025-06-17T09:27:39.229135308Z
2413,95,90,1017.1,0,3.73,19.8,36.8,0.7,1900,-100,-2,1,2025-06-17T09:37:39.213125356Z
2414,95,88,1017,0,3.81,20.3,308.4,1.9,1901,-112,-2,1,2025-06-17T09:47:39.223070763Z
2415,95,84,1016.8,0,3.81,20.6,318.8,1.4,1902,-112,-4.2,1,2025-06-17T09:57:39.211993851Z
2416,95,85.5,1016.9,0,3.81,21,23.7,0.5,1903,-113,-3.8,1,2025-06-17T10:07:39.190840699Z
2417,95,79,1016.9,0,3.81,21.4,322.1,1.3,1904,-111,-2.5,1,2025-06-17T10:17:39.193866508Z
2418,100,77.5,1016.8,0,3.81,22.2,294.8,1.4,1905,-111,-3.5,1,2025-06-17T10:27:39.427521256Z
2419,100,69,1016.7,0,3.81,23,37.5,1.5,1906,-113,-3.5,1,2025-06-17T10:37:39.224905515Z
2420,100,66.5,1016.7,0,3.81,22.4,358.9,1.2,1907,-113,-5,1,2025-06-17T10:47:39.216146886Z
2421,100,70,1016.8,0,3.81,22.4,339.2,2.2,1908,-111,-5.5,1,2025-06-17T10:57:39.159021042Z
2422,100,70.5,1016.9,0,3.81,22.5,6.4,1.4,1909,-113,-5.2,1,2025-06-17T11:07:39.152809897Z
2423,100,71,1016.9,0,3.81,22.4,3.7,1.2,1910,-112,-5.2,1,2025-06-17T11:17:39.139284562Z
2424,100,69.5,1017,0,3.81,22.5,308.9,0.4,1911,-113,-4.8,1,2025-06-17T11:27:39.246456748Z
2425,100,68,1016.9,0,3.81,23.1,288.8,0.9,1912,-109,-5,1,2025-06-17T11:37:39.151805068Z
2426,100,68.5,1016.8,0,3.81,23.2,312.4,0.5,1913,-114,-5.2,1,2025-06-17T11:47:39.130534894Z
2427,100,63,1016.6,0,3.81,24.6,14.4,1.3,1914,-113,-6.2,1,2025-06-17T11:57:39.148320393Z
2428,100,64.5,1016.5,0,3.81,25,75.5,1.6,1915,-114,-9.2,1,2025-06-17T12:07:39.17568059Z
2429,100,64,1016.4,0,3.81,25.7,41.4,1,1916,-112,-6.5,1,2025-06-17T12:17:39.132815343Z
2430,100,59.5,1016.4,0,3.81,25.2,130.7,0.5,1917,-110,-8.8,1,2025-06-17T12:27:39.087843511Z
2431,100,59,1016.5,0,3.81,25.1,44.6,1.1,1918,-113,-5.8,1,2025-06-17T12:37:39.338152294Z
2432,100,59.5,1016.6,0,3.81,24.4,95.4,2.8,1919,-113,-7.8,1,2025-06-17T12:47:39.080391723Z
2433,100,61.5,1016.5,0,3.81,25.2,115.9,2.4,1920,-113,-9.5,1,2025-06-17T12:57:39.067306907Z
2434,100,61.5,1016.5,0,3.81,24.8,117.9,2.5,1921,-112,-9,1,2025-06-17T13:07:39.055028848Z
2435,100,60,1016.5,0,3.81,25.2,128.3,3.1,1922,-107,-10.5,1,2025-06-17T13:17:39.048654653Z
2436,100,53.5,1016.5,0,3.81,25.9,61.3,2.6,1923,-110,-10.2,1,2025-06-17T13:27:39.052315876Z
2437,100,57.5,1016.5,0,3.81,26.3,133.9,1.6,1924,-112,-7.2,1,2025-06-17T13:37:39.067565019Z
2438,100,54,1016.4,0,3.81,25.3,100.3,2.1,1925,-112,-8,1,2025-06-17T13:47:39.031510876Z
2439,100,54.5,1016.4,0,3.81,25.9,357.2,0.6,1926,-112,-8.5,1,2025-06-17T13:57:39.032928468Z
2440,100,48.5,1016.2,0,3.81,26.4,138.9,1.2,1927,-114,-6,1,2025-06-17T14:07:39.05745763Z
2441,100,48.5,1016.1,0,3.81,26.1,71.1,1.9,1928,-113,-8,1,2025-06-17T14:17:39.008896298Z
2442,100,47.5,1015.9,0,3.81,26.1,73.5,4.3,1929,-110,-9.5,1,2025-06-17T14:27:39.01153179Z
2443,100,49.5,1015.8,0,3.81,26.5,57.9,2,1930,-114,-8,1,2025-06-17T14:37:39.055976173Z
2444,100,43,1015.6,0,3.81,26.6,106.1,1.8,1931,-112,-9,1,2025-06-17T14:47:39.227488793Z
2445,100,43,1015.7,0,3.81,26.7,78.8,2,1932,-111,-7.8,1,2025-06-17T14:57:39.007764273Z
2446,100,43,1015.6,0,3.81,26.7,98.6,2.9,1933,-111,-7.2,1,2025-06-17T15:07:39.01507333Z
2447,100,41,1015.5,0,3.81,26.7,85.8,2.5,1934,-113,-7.2,1,2025-06-17T15:17:38.982280519Z
2448,100,42.5,1015.7,0,3.81,26.5,85.3,2.5,1935,-112,-6.8,1,2025-06-17T15:27:38.956737541Z
2449,100,46,1015.5,0,3.81,26.5,63.1,2.3,1936,-112,-7.2,1,2025-06-17T15:37:38.991318829Z
2450,100,45.5,1015.5,0,3.81,26.6,100.6,2.5,1937,-112,-6.2,1,2025-06-17T15:47:38.974935336Z
2451,100,46.5,1015.5,0,3.81,26.7,108.9,2.2,1938,-114,-14.8,1,2025-06-17T15:57:38.957234749Z
2452,100,47,1015.3,0,3.81,26.5,104,1.8,1939,-113,-6.2,1,2025-06-17T16:07:38.946021823Z
2453,100,52,1015.3,0,3.81,26.3,104.2,1.3,1940,-112,-9.2,1,2025-06-17T16:17:38.953978544Z
2454,100,45.5,1015.3,0,3.81,26.4,90.7,2.7,1941,-112,-6.5,1,2025-06-17T16:27:38.977442307Z
2455,100,48.5,1015.5,0,3.81,26.3,99,1.3,1942,-114,-6.8,1,2025-06-17T16:37:38.9345704Z
2456,100,48,1015.4,0,3.81,26.2,95.4,2.5,1943,-116,-10.2,1,2025-06-17T16:47:39.017200079Z
2457,100,49,1015.5,0,3.81,26.1,128.1,2.3,1944,-112,-9.8,1,2025-06-17T16:57:39.141441227Z
2458,100,49,1015.5,0,3.81,25.8,88.6,1.7,1945,-112,-11.2,1,2025-06-17T17:07:38.898224724Z
2459,100,50.5,1015.5,0,3.81,25.5,133.4,1.3,1946,-112,-6.2,1,2025-06-17T17:17:38.893276159Z
2460,100,49.5,1015.5,0,3.81,25.3,106.2,2,1947,-113,-6.5,1,2025-06-17T17:27:38.884252616Z
2461,100,52,1015.6,0,3.81,24.7,93.9,2,1948,-111,-6.5,1,2025-06-17T17:37:38.874950476Z
2462,100,55.5,1015.6,0,3.81,24,114.5,1.4,1949,-111,-9,1,2025-06-17T17:47:38.907453928Z
2463,100,60.5,1015.5,0,3.81,23.2,69,0.8,1950,-112,-9,1,2025-06-17T17:57:38.866764581Z
2464,100,63,1015.7,0,3.81,22.4,63.2,0.3,1951,-111,-6.8,1,2025-06-17T18:07:38.864064642Z
2465,100,64.5,1015.6,0,3.81,21.9,116.2,0.3,1952,-112,-7,1,2025-06-17T18:17:38.839592483Z
2466,100,66,1015.7,0,3.81,21.7,108.1,0.2,1953,-112,-7.2,1,2025-06-17T18:27:38.838909002Z
2467,100,71.5,1015.7,0,3.81,21.1,157.2,0.5,1954,-112,-7.2,1,2025-06-17T18:37:38.84002745Z
2468,100,71.5,1015.9,0,3.81,20.9,155.9,0.6,1955,-113,-6.5,1,2025-06-17T18:47:38.820341535Z
2469,100,73,1015.9,0,3.81,20.6,155.8,0.6,1956,-112,-6.5,1,2025-06-17T18:57:38.824705158Z
2470,100,74,1016,0,3.81,20.3,140.6,0.7,1957,-113,-6,1,2025-06-17T19:07:39.041176796Z
2471,100,79,1016.2,0,3.81,19.8,124.1,0.7,1958,-111,-6.8,1,2025-06-17T19:17:38.800959997Z
2472,100,78.5,1016.3,0,3.81,19.5,194.1,0.4,1959,-112,-6.2,1,2025-06-17T19:27:38.797381691Z
2473,100,80,1016.4,0,3.81,19.2,152.5,0.7,1960,-111,-6.8,1,2025-06-17T19:37:38.77082968Z
2474,100,82,1016.6,0,3.81,19.1,156.5,0.8,1961,-110,-6,1,2025-06-17T19:47:38.778846236Z
2475,100,84,1016.7,0,0,18.6,298.6,0.4,1962,-112,-8,1,2025-06-17T19:57:38.767254944Z
2476,100,89.5,1016.8,0,0,18,262.3,1.3,1963,-111,-8,1,2025-06-17T20:07:38.768758099Z
2477,100,90.5,1016.9,0,0,17.5,229.7,0.6,1964,-113,-6,1,2025-06-17T20:17:38.751816904Z
2478,100,91,1016.9,0,0,17.4,170.7,0.9,1965,-113,-6.2,1,2025-06-17T20:27:38.730564922Z
2479,100,91,1016.9,0,0,17.4,280.4,0,1966,-113,-7,1,2025-06-17T20:37:38.721228699Z
2480,100,93.5,1016.9,0,0,16.9,289.1,0.3,1967,-110,-7.8,1,2025-06-17T20:47:38.71461142Z
2481,100,94,1016.9,0,0,17.1,282.2,0.5,1968,-113,-6,1,2025-06-17T20:57:38.715571943Z
2482,100,94.5,1016.9,0,0,16.9,275.4,0.7,1969,-111,-7.2,1,2025-06-17T21:07:38.712912282Z
2483,100,93,1017,0,0,16.8,278.2,0.5,1970,-110,-5.5,1,2025-06-17T21:17:38.929716291Z
2484,100,92,1016.9,0,0,16.5,229.3,0.6,1971,-111,-7.2,1,2025-06-17T21:27:38.686152132Z
2485,100,93.5,1016.8,0,0,16.7,274.4,1.4,1972,-112,-7,1,2025-06-17T21:37:38.680433212Z
2486,100,93,1016.7,0,0,16.6,254,0.8,1973,-111,-7.2,1,2025-06-17T21:47:38.70782734Z
2487,100,92,1016.9,0,0,16.7,169,0.9,1974,-112,-4.5,1,2025-06-17T21:57:38.653809348Z
2488,99,94,1016.9,0,0,16.6,244.9,2.5,1975,-112,-7,1,2025-06-17T22:07:38.663497392Z
2489,99,92,1017,0,0,16.8,226.6,1.8,1976,-113,-5.5,1,2025-06-17T22:17:38.687336359Z
2490,99,91,1017,0,0,16.6,258.3,1.3,1977,-112,-5.2,1,2025-06-17T22:27:38.627630012Z
2491,99,90.5,1016.8,0,0,16.6,251.2,1.3,1978,-112,-5.8,1,2025-06-17T22:37:38.61716989Z
2492,99,91.5,1016.9,0,0,16.4,224.9,1.1,1979,-112,-5.8,1,2025-06-17T22:47:38.603132355Z
2493,99,92.5,1016.9,0,0,16.2,221.1,0.9,1980,-112,-7.2,1,2025-06-17T22:57:38.646557123Z
2494,99,93,1017,0,0,15.9,215.6,0.9,1981,-112,-7.5,1,2025-06-17T23:07:38.585841529Z
2495,97,93,1017,0,0,15.8,217.4,0.9,1982,-113,-4.8,1,2025-06-17T23:17:38.604170984Z
2496,97,93,1017,0,0,15.7,220.1,0.8,1983,-111,-6.8,1,2025-06-17T23:27:38.826610776Z
2497,97,93.5,1017,0,0,15.7,219.5,0.9,1984,-111,-7.2,1,2025-06-17T23:37:38.575376689Z
2498,97,94,1017.1,0,0,15.6,195.7,1,1985,-112,-7.5,1,2025-06-17T23:47:38.58658854Z
2499,97,93.5,1017.1,0,0,15.7,238.5,0.5,1986,-112,-5.5,1,2025-06-17T23:57:38.550635299Z
2500,97,93,1017.1,0,0,15.6,210.8,0.9,1987,-112,-4.5,1,2025-06-18T00:07:38.562941295Z
2501,96,93,1017,0,0,15.5,293.5,0.6,1988,-112,-5.2,1,2025-06-18T00:17:38.570488728Z
2502,96,93,1017,0,0,15.4,210.7,0.8,1989,-106,-6,1,2025-06-18T00:27:38.527862786Z
2503,96,93.5,1017,0,0,15.5,178.7,1.4,1990,-112,-7.2,1,2025-06-18T00:37:38.515872889Z
2504,96,91.5,1017,0,0,15.7,191,0.9,1991,-113,-5,1,2025-06-18T00:47:38.526953106Z
2505,96,91,1016.9,0,0,15.8,168.6,0.7,1992,-111,-9.2,1,2025-06-18T00:57:38.498511689Z
2506,96,91.5,1016.9,0,0,15.5,291.3,0.5,1993,-107,-5.8,1,2025-06-18T01:07:38.485768901Z
2507,96,91.5,1016.8,0,0,15.4,211,1.2,1994,-110,-4.5,1,2025-06-18T01:17:38.478502275Z
2508,94,91.5,1016.7,0,0,15.4,200.8,1.1,1995,-113,-6.5,1,2025-06-18T01:27:38.502118516Z
2509,94,92.5,1016.7,0,0,15.1,298.2,0.2,1996,-108,-9.8,1,2025-06-18T01:37:38.696046891Z
2510,94,92.5,1016.7,0,0,15.2,199.6,1.1,1997,-107,-5.2,1,2025-06-18T01:47:38.449035019Z
2511,94,92.5,1016.6,0,0,15,331.9,0.1,1998,-110,-7.5,1,2025-06-18T01:57:38.451785097Z
2512,94,94,1016.7,0,0,14.7,203.7,0.8,1999,-112,-6.8,1,2025-06-18T02:07:38.47907745Z
2513,94,93.5,1016.7,0,0,14.9,285,0.2,2000,-112,-5.8,1,2025-06-18T02:17:38.460666726Z
2514,93,93,1016.7,0,0,15.1,294.1,1.5,2001,-112,-5.5,1,2025-06-18T02:27:38.451545854Z
2515,93,94,1016.7,0,0,14.9,196.9,1.2,2002,-110,-5.2,1,2025-06-18T02:37:38.417393607Z
2516,93,94.5,1016.8,0,0,14.6,217.8,0.1,2003,-112,-5.2,1,2025-06-18T02:47:38.41541363Z
2517,93,93.5,1016.9,0,0,14.9,212.4,1,2004,-112,-6,1,2025-06-18T02:57:38.394031635Z
2518,93,93,1016.8,0,0,14.8,324.7,0,2005,-111,-5.2,1,2025-06-18T03:07:38.388609247Z
2519,93,94,1016.9,0,0,14.6,248.4,0.1,2006,-111,-7,1,2025-06-18T03:17:38.384244505Z
2520,92,94,1016.9,0,0,14.6,165.9,0.3,2007,-105,-6.8,1,2025-06-18T03:27:38.392259617Z
2521,92,94.5,1017,0,0,14.5,279.8,0.3,2008,-113,-5.2,1,2025-06-18T03:37:38.362896998Z
2522,92,94.5,1017,0,0,14.5,215.9,0.3,2009,-113,-6.2,1,2025-06-18T03:47:38.654584982Z
2523,92,94,1017,0,0,14.7,275.3,0.7,2010,-112,-6.5,1,2025-06-18T03:57:38.369149181Z
2524,92,92,1016.9,0,0,15.1,235.6,0.6,2011,-110,-6.5,1,2025-06-18T04:07:38.334400433Z
2525,92,91,1017,0,0,15.6,218.8,1,2012,-113,-6.8,1,2025-06-18T04:17:38.36357755Z
2526,91,92,1017,0,0,16.2,238.9,1,2013,-113,-6,1,2025-06-18T04:27:38.367108409Z
2527,91,91,1017.1,0,0,16.7,202.6,0.7,2014,-115,-5.8,1,2025-06-18T04:37:38.342138376Z
2528,91,88,1017.2,0,0,17.3,249.8,0.7,2015,-108,-6.2,1,2025-06-18T04:47:38.300759826Z
2529,91,87,1017.2,0,0,17.9,276.1,0.6,2016,-113,-5.5,1,2025-06-18T04:57:38.301141708Z
2530,91,85,1017.3,0,0,18.3,228.6,0.9,2017,-108,-6.2,1,2025-06-18T05:07:38.275811091Z
2531,91,82,1017.4,0,0,18.8,253.3,2.5,2018,-111,-5,1,2025-06-18T05:17:38.267254481Z
2532,91,79,1017.4,0,0,19.4,264.6,3,2019,-114,-5.5,1,2025-06-18T05:27:38.27101507Z
2533,92,76.5,1017.4,0,0,20,269,3.4,2020,-114,-5.2,1,2025-06-18T05:37:38.26966807Z
2534,92,75.5,1017.5,0,0,20.4,256.5,2.9,2021,-113,-8,1,2025-06-18T05:47:38.24814332Z
2535,92,73,1017.5,0,0,20.5,258.7,4.7,2022,-106,-9,1,2025-06-18T05:57:38.468861542Z
2536,92,75,1017.4,0,0,20.7,251.2,3.3,2023,-104,-14.8,1,2025-06-18T06:07:38.234776297Z
2537,92,74.5,1017.6,0,0,20.9,266.6,2.8,2024,-111,-4.8,1,2025-06-18T06:17:38.21983692Z
2538,92,74.5,1017.6,0,0,21.3,266.5,4.3,2025,-113,-4.8,1,2025-06-18T06:27:38.218280883Z
2539,95,72.5,1017.6,0,0,21.7,265.9,4.9,2026,-114,-5.2,1,2025-06-18T06:37:38.218102381Z
2540,95,73,1017.6,0,0,22,264.5,5.1,2027,-108,-6.5,1,2025-06-18T06:47:38.237509351Z
2541,95,72.5,1017.7,0,0,22.2,253.1,4.1,2028,-113,-5,1,2025-06-18T06:57:38.211809055Z
2542,95,73,1017.6,0,0,22.3,242.1,2.9,2029,-111,-6.8,1,2025-06-18T07:07:38.17085516Z
2543,95,68.5,1017.7,0,0,22.9,287.9,3.1,2030,-112,-7,1,2025-06-18T07:17:38.178767891Z
2544,95,66.5,1017.7,0,0,23.1,275.8,4,2031,-112,-6.2,1,2025-06-18T07:27:38.195788536Z
2545,100,70.5,1017.7,0,0,23.4,258.2,4,2032,-112,-8.2,1,2025-06-18T07:37:38.177215361Z
2546,100,65,1017.6,0,0,23.8,287.7,3.3,2033,-112,-5.5,1,2025-06-18T07:47:38.204870087Z
2547,100,64.5,1017.6,0,0,24.1,273.5,4.5,2034,-111,-7.5,1,2025-06-18T07:57:38.155960081Z
2548,100,64,1017.5,0,0,24.2,282.4,3.5,2035,-112,-7.8,1,2025-06-18T08:07:38.379239722Z
2549,100,62,1017.5,0,0,24.5,278.9,3.8,2036,-110,-6.5,1,2025-06-18T08:17:38.141832587Z
2550,100,60,1017.6,0,0,24.7,292.5,3.2,2037,-114,-6.8,1,2025-06-18T08:27:38.156408364Z
2551,100,61,1017.6,0,0,24.9,280.7,2.2,2038,-112,-6.5,1,2025-06-18T08:37:38.171505487Z
2552,100,60.5,1017.6,0,0,25.3,257.9,2.6,2039,-113,-6.5,1,2025-06-18T08:47:38.10046357Z
2553,100,55.5,1017.5,0,0,25.8,303,2,2040,-113,-6.5,1,2025-06-18T08:57:38.091133556Z
2554,100,57,1017.5,0,0,25.6,323.4,1.1,2041,-116,-9.5,1,2025-06-18T09:07:38.482442778Z
2555,100,56.5,1017.5,0,0,25.9,347.7,2.6,2042,-111,-13.2,1,2025-06-18T09:17:38.092300827Z
2556,100,53,1017.4,0,0,26.6,277,2.8,2043,-114,-7,1,2025-06-18T09:27:38.090994066Z
2557,100,53,1017.5,0,0,26.7,286.5,0.8,2044,-111,-7.8,1,2025-06-18T09:37:38.101581279Z
2558,100,52.5,1017.3,0,0,26.9,278.4,2,2045,-111,-7,1,2025-06-18T09:47:38.073094027Z
2559,100,53.5,1017.3,0,0,26.6,349.8,0.9,2046,-114,-9.2,1,2025-06-18T09:57:38.049617503Z
2560,100,50.5,1017.3,0,0,27.2,192.8,0.9,2047,-100,-8.2,1,2025-06-18T10:07:38.043879945Z
2561,100,52,1017.1,0,0,27.4,204.4,0.8,2048,-100,-8.8,1,2025-06-18T10:17:38.284700538Z
2562,100,51.5,1017.1,0,0,27.5,283.9,0.7,2049,-113,-7.8,1,2025-06-18T10:27:38.113315658Z
2563,100,49.5,1016.9,0,0,28.1,49.5,1.7,2050,-114,-6.5,1,2025-06-18T10:37:38.03761032Z
2564,100,46,1016.9,0,0,28,349,2.3,2051,-113,-6.8,1,2025-06-18T10:47:38.057192149Z
2565,100,47,1016.8,0,0,27.9,321.8,2.2,2052,-114,-7.2,1,2025-06-18T10:57:38.030374625Z
2566,100,47.5,1016.9,0,0,27.8,284.9,2.3,2053,-112,-8,1,2025-06-18T11:07:40.197228701Z
2567,100,45.5,1016.9,0,0,28.4,275.7,1.4,2054,-112,-6.5,1,2025-06-18T11:17:38.003848129Z
2568,100,44,1017,0,0,28.7,10.7,2.4,2055,-114,-8.2,1,2025-06-18T11:27:38.455547228Z
2569,100,45,1016.8,0,0,28.4,16.2,1.3,2056,-114,-7.2,1,2025-06-18T11:37:38.062297794Z
2570,100,47,1016.6,0,0,28.4,344.9,2.4,2057,-113,-7.2,1,2025-06-18T11:47:37.994650216Z
2571,100,44.5,1016.6,0,0,28.8,3.4,0.7,2058,-111,-10.5,1,2025-06-18T11:57:38.018126105Z
2572,100,43.5,1016.5,0,0,29.5,199.9,1.6,2059,-114,-7.2,1,2025-06-18T12:07:38.00040634Z
2573,100,42,1016.5,0,0,29.1,319.5,1.9,2060,-114,-6.8,1,2025-06-18T12:17:37.974556671Z
2574,100,43.5,1016.4,0,0,29.1,168.9,0.9,2061,-113,-8.2,1,2025-06-18T12:27:38.256192843Z
2575,100,43,1016.4,0,0,29.4,243.6,1,2062,-111,-8,1,2025-06-18T12:37:37.962323022Z
2576,100,46,1016.3,0,0,29.3,254,0.6,2063,-112,-7,1,2025-06-18T12:47:37.966315475Z
2577,100,43.5,1016.4,0,0,29.4,225.3,0.3,2064,-112,-10.8,1,2025-06-18T12:57:37.955141863Z
2578,100,43.5,1016.4,0,0,29.1,264.2,1.1,2065,-113,-8,1,2025-06-18T13:07:37.979921974Z
2579,100,42,1016.2,0,0,30.1,316.5,2,2066,-112,-10.2,1,2025-06-18T13:17:37.956991885Z
2580,100,42.5,1016.2,0,0,30.4,312.6,0.8,2067,-110,-8.8,1,2025-06-18T13:27:37.949683989Z
2581,100,43.5,1016.1,0,0,30.4,39.3,2.2,2068,-114,-11.2,1,2025-06-18T13:37:37.952463046Z
2582,100,41.5,1015.9,0,0,30.1,319.3,3.1,2069,-114,-6.8,1,2025-06-18T13:47:38.002823992Z
2583,100,41.5,1015.8,0,0,30.4,135.3,1.1,2070,-111,-9.2,1,2025-06-18T13:57:37.935452967Z
2584,100,44.5,1015.8,0,0,30.3,36,2.2,2071,-113,-8.8,1,2025-06-18T14:07:38.006909838Z
2585,100,42,1015.7,0,0,30.3,357,0.9,2072,-114,-7.5,1,2025-06-18T14:17:37.932818266Z
2586,100,40.5,1015.7,0,0,30.3,340.5,2.1,2073,-112,-6.5,1,2025-06-18T14:27:37.936069221Z
2587,100,41,1015.6,0,0,31.2,31.2,1.6,2074,-114,-7,1,2025-06-18T14:37:38.212042294Z
2588,100,42,1015.5,0,0,30.7,22.4,0.9,2075,-113,-7,1,2025-06-18T14:47:37.92194702Z
2589,100,40.5,1015.2,0,0,30.6,322,0.7,2076,-112,-7.5,1,2025-06-18T14:57:37.922783609Z
2590,100,42,1015.2,0,0,31.1,11.6,2.4,2077,-114,-8.5,1,2025-06-18T15:07:37.912419284Z
2591,100,42,1014.9,0,0,30.6,2,3.2,2078,-113,-8.8,1,2025-06-18T15:17:37.997121848Z
2592,100,42.5,1014.9,0,0,30.7,17.1,0.7,2079,-113,-8,1,2025-06-18T15:27:37.91451325Z
2593,100,42.5,1015,0,0,30.6,343.3,1,2080,-114,-8.5,1,2025-06-18T15:37:37.989858188Z
2594,100,46,1014.9,0,0,29.8,21.3,0.7,2081,-114,-11,1,2025-06-18T15:47:37.903680611Z
2595,100,48.5,1015,0,0,29.5,341.4,1,2082,-111,-11.5,1,2025-06-18T15:57:37.8971762Z
2596,100,46,1014.9,0,0,29.6,355.8,1.7,2083,-114,-11.2,1,2025-06-18T16:07:37.898394698Z
2597,100,45.5,1015,0,0,30.1,354.8,1.6,2084,-115,-8.5,1,2025-06-18T16:17:37.946153305Z
2598,100,44.5,1014.9,0,0,29.5,346.7,2.8,2085,-111,-12.5,1,2025-06-18T16:27:37.962335602Z
2599,100,44,1014.9,0,0,29.6,352.9,1.2,2086,-111,-12.5,1,2025-06-18T16:37:37.922863004Z
2600,100,46.5,1014.9,0,0,29.7,345.2,0.8,2087,-112,-11.2,1,2025-06-18T16:47:38.129601228Z
2601,100,44,1014.9,0,0,29.7,340.6,1.7,2088,-112,-10.5,1,2025-06-18T16:57:37.907377871Z
2602,100,45.5,1014.9,0,0,29.8,354.2,1.1,2089,-113,-10,1,2025-06-18T17:07:37.90733572Z
2603,100,45,1014.9,0,0,29.5,7.8,1,2090,-113,-8.2,1,2025-06-18T17:17:37.890516983Z
2604,100,47,1014.9,0,0,29.2,352.4,0.5,2091,-111,-9.8,1,2025-06-18T17:27:37.902187139Z
2605,100,48.5,1015,0,0,29,238.6,0.1,2092,-113,-5.8,1,2025-06-18T17:37:40.034181703Z
2606,100,48.5,1015.1,0,0,29.1,42.6,0.6,2093,-112,-6.8,1,2025-06-18T17:47:37.892599517Z
2607,100,50.5,1015,0,0,28.6,335.5,0.5,2094,-112,-5.2,1,2025-06-18T17:57:37.851090684Z
2608,100,52.5,1015,0,0,28.4,338.7,0.8,2095,-114,-6,1,2025-06-18T18:07:37.854618388Z
2609,100,62,1015.1,0,0,27.8,342.4,0.6,2096,-113,-6.5,1,2025-06-18T18:17:37.835215828Z
2610,100,54.5,1015.1,0,0,27.2,21.2,0.7,2097,-113,-6,1,2025-06-18T18:27:37.839190831Z
2611,100,56,1015.1,0,0,26.4,34.8,0.7,2098,-112,-5.5,1,2025-06-18T18:37:37.857192015Z
2612,100,63.5,1015.3,0,0,25.4,86.8,1.1,2099,-114,-5.5,1,2025-06-18T18:47:37.818980791Z
2613,100,66,1015.3,0,0,24.7,100.2,1.6,2100,-112,-10.5,1,2025-06-18T18:57:37.820713568Z
2614,100,69,1015.3,0,0,24,90.8,1.5,2101,-116,-9.8,1,2025-06-18T19:07:37.892145339Z
2615,100,70,1015.4,0,0,23.8,99.7,1.3,2102,-113,-8.5,1,2025-06-18T19:17:37.784004018Z
2616,100,72,1015.4,0,0,23.3,100.4,0.7,2103,-111,-8.2,1,2025-06-18T19:27:37.799023Z
2617,100,74.5,1015.5,0,0,22.9,126.4,1,2104,-111,-7.8,1,2025-06-18T19:37:37.848303825Z
2618,100,75,1015.6,0,0,22.7,116.1,1.3,2105,-112,-7.5,1,2025-06-18T19:47:37.77454669Z
2619,100,75.5,1015.7,0,0,22.5,101.3,1.2,2106,-110,-7.8,1,2025-06-18T19:57:37.785971452Z
2620,100,77.5,1015.8,0,0.01,22.2,68.5,0.8,2107,-114,-8,1,2025-06-18T20:07:37.823335912Z
2621,100,80,1015.8,0,0.01,21.7,32.9,0.4,2108,-114,-7.5,1,2025-06-18T20:17:37.796798372Z
2622,100,82,1015.9,0,0.02,21.2,74.5,0.4,2109,-114,-6,1,2025-06-18T20:27:37.748051145Z
2623,100,82.5,1015.9,0,0.02,21.1,56.7,0.4,2110,-111,-6.8,1,2025-06-18T20:37:37.725956463Z
2624,100,84.5,1016,0,0.02,20.7,218.2,0.6,2111,-113,-6,1,2025-06-18T20:47:37.746306604Z
2625,100,86,1016,0,0.02,20.3,187.9,0.5,2112,-114,-4.5,1,2025-06-18T20:57:37.71209178Z
2626,100,89,1015.9,0,0.03,20,205.5,0.8,2113,-112,-5.8,1,2025-06-18T21:07:37.945251046Z
2627,100,89.5,1016,0,0.03,20,206.8,0.8,2114,-110,-9,1,2025-06-18T21:17:37.705404378Z
2628,100,89.5,1015.9,0,0.03,19.9,240.3,0.6,2115,-113,-7,1,2025-06-18T21:27:37.731446332Z
2629,100,91,1016,0,0.03,19.6,214.8,0.9,2116,-113,-6.8,1,2025-06-18T21:37:37.685081761Z
2630,100,87.5,1016.1,0,0.03,19.5,209.1,0.6,2117,-112,-9,1,2025-06-18T21:47:37.662426818Z
2631,100,89,1016.2,0,0.03,19.3,50.5,0.3,2118,-113,-4.5,1,2025-06-18T21:57:37.688447676Z
2632,100,90,1016.2,0,0.03,18.9,258.8,0.3,2119,-114,-5,1,2025-06-18T22:07:37.656804158Z
2633,100,90.5,1016.3,0,0.03,18.8,98.6,0.1,2120,-113,-4.8,1,2025-06-18T22:17:37.648516398Z
2634,100,92,1016.1,0,0.03,18.4,272.1,0.1,2121,-112,-6.2,1,2025-06-18T22:27:37.699265816Z
2635,100,92.5,1016.1,0,0.03,18.3,154.2,0.2,2122,-112,-6.8,1,2025-06-18T22:37:37.633766686Z
2636,100,92,1016.1,0,0.03,18.3,100.2,0.2,2123,-112,-6.8,1,2025-06-18T22:47:37.654567414Z
2637,100,88,1016.1,0,0.03,18.8,220.6,1.3,2124,-113,-8,1,2025-06-18T22:57:37.65174284Z
2638,98,85.5,1016,0,0.03,19.3,225.3,1,2125,-115,-5,1,2025-06-18T23:07:37.631600603Z
2639,98,85.5,1016,0,0.03,19.2,175.5,0.8,2126,-112,-5.5,1,2025-06-18T23:17:37.642404304Z
2640,98,88,1016,0,0.03,18.8,165.1,0.3,2127,-111,-6.2,1,2025-06-18T23:27:37.623002843Z
2641,98,89.5,1016,0,0.03,18.4,215.3,0.9,2128,-111,-6.8,1,2025-06-18T23:37:37.573168083Z
2642,98,89.5,1016,0,0.03,18.5,184.2,1.5,2129,-112,-7.5,1,2025-06-18T23:47:37.557468902Z
2643,98,88,1016,0,0.03,18.6,166.1,0.9,2130,-112,-6.8,1,2025-06-18T23:57:37.56699018Z
2644,96,88.5,1016,0,0.03,18.4,196.9,0.7,2131,-115,-5.5,1,2025-06-19T00:07:37.584385492Z
2645,96,87.5,1015.9,0,0.03,18.5,151.1,0.6,2132,-110,-5.5,1,2025-06-19T00:17:37.562412885Z
2646,96,88.5,1015.7,0,0.03,18.2,236.6,0.6,2133,-113,-6.2,1,2025-06-19T00:27:37.536344295Z
2647,96,89.5,1015.6,0,0.03,18.1,259.1,0.8,2134,-114,-7,1,2025-06-19T00:37:37.626608882Z
2648,96,88.5,1015.6,0,0.03,18.1,193,0.8,2135,-111,-6.2,1,2025-06-19T00:47:37.509521685Z
2649,96,89.5,1015.5,0,0.03,17.9,188,1,2136,-115,-4.2,1,2025-06-19T00:57:37.539013959Z
2650,96,89,1015.6,0,0.03,17.9,324.2,0.4,2137,-113,-6.2,1,2025-06-19T01:07:37.504303377Z
2651,95,91,1015.6,0,0.03,17.6,341.4,0.5,2138,-112,-5.5,1,2025-06-19T01:17:37.507208731Z
2652,95,91.5,1015.5,0,0.03,17.5,323.2,0.9,2139,-113,-5.5,1,2025-06-19T01:27:37.484274625Z
2653,95,93.5,1015.7,0,0.03,17.2,310.3,0.8,2140,-113,-5,1,2025-06-19T01:37:37.472639783Z
2654,95,90.5,1015.6,0,0.03,17.3,221,0.8,2141,-112,-7,1,2025-06-19T01:47:37.455831981Z
2655,95,90,1015.7,0,0.03,17.7,211.5,1,2142,-110,-5.8,1,2025-06-19T01:57:37.4515252Z
2656,95,89,1015.6,0,0.03,17.9,208.7,1,2143,-114,-5,1,2025-06-19T02:07:37.437940913Z
2657,94,90,1015.7,0,0.03,17.5,226.9,0.8,2144,-110,-5.5,1,2025-06-19T02:17:37.497061002Z
2658,94,90.5,1015.6,0,0.04,17.1,66.2,0.2,2145,-112,-6,1,2025-06-19T02:27:37.425809924Z
2659,94,92,1015.6,0,0.04,16.8,60.5,0.2,2146,-114,-4.2,1,2025-06-19T02:37:37.441580782Z
2660,94,93,1015.6,0,0.04,16.7,344,0.1,2147,-113,-6.8,1,2025-06-19T02:47:37.417672085Z
2661,94,93.5,1015.5,0,0.04,16.6,70.9,0.2,2148,-114,-7,1,2025-06-19T02:57:37.392541109Z
2662,94,95,1015.6,0,0.04,16.5,114.5,0.2,2149,-111,-5.5,1,2025-06-19T03:07:37.378191257Z
2663,94,95.5,1015.7,0,0.04,16.4,94.8,0.3,2150,-112,-6.2,1,2025-06-19T03:17:37.39421958Z
2664,92,95.5,1015.7,0,0.04,16.3,311.3,0.1,2151,-113,-4,1,2025-06-19T03:27:37.388044616Z
2665,92,96.5,1015.7,0,0.04,16.4,58.1,0.2,2152,-110,-6.2,1,2025-06-19T03:37:37.370335289Z
2666,92,96.5,1015.6,0,0.04,16.2,65.4,0.2,2153,-113,-5.2,1,2025-06-19T03:47:37.35128726Z
2667,92,97,1015.5,0,0.07,16.4,92.6,0.2,2154,-111,-6,1,2025-06-19T03:57:37.352007112Z
2668,92,97,1015.4,0,0.07,16.8,126.2,0.2,2155,-111,-6.8,1,2025-06-19T04:07:37.328565242Z
2669,92,96.5,1015.4,0,0.07,17.3,279.4,0.5,2156,-114,-5.5,1,2025-06-19T04:17:37.324679586Z
2670,92,94,1015.4,0,0.07,17.9,249.9,0.4,2157,-112,-6.8,1,2025-06-19T04:27:37.349939568Z
2671,92,92,1015.4,0,0.07,18.7,118.1,0.5,2158,-114,-7,1,2025-06-19T04:37:37.312455488Z
2672,92,88.5,1015.4,0,0.07,19.6,67.5,0.4,2159,-114,-7.2,1,2025-06-19T04:47:37.304962628Z
2673,92,83,1015.4,0,0.07,20.7,109.5,0.3,2160,-113,-6.2,1,2025-06-19T04:57:37.298618747Z
2674,92,79.5,1015.4,0,0.07,21.5,90,0.9,2161,-112,-5.2,1,2025-06-19T05:07:37.30791964Z
2675,92,78.5,1015.4,0,0.07,22.1,159.5,0.2,2162,-110,-7.2,1,2025-06-19T05:17:37.276961257Z
2676,92,75,1015.6,0,0.07,22.3,340.1,1.2,2163,-111,-6.8,1,2025-06-19T05:27:37.291971002Z
2677,92,79,1015.7,0,0.07,22.2,345.7,0.7,2164,-113,-7.2,1,2025-06-19T05:37:37.284959776Z
2678,92,76,1015.8,0,0.07,22.6,304.8,1.4,2165,-114,-8.2,1,2025-06-19T05:47:37.268229985Z
2679,92,75,1015.7,0,0.07,22.8,358.9,0.9,2166,-112,-7.2,1,2025-06-19T05:57:37.24795484Z
2680,92,75,1015.7,0,0.08,23.4,354.6,0.5,2167,-113,-7.2,1,2025-06-19T06:07:37.269249416Z
2681,92,72,1015.8,0,0.08,24,2.8,0.2,2168,-112,-13.5,1,2025-06-19T06:17:37.237215229Z
2682,92,67,1015.8,0,0.08,25.2,39.6,0.6,2170,-113,-11.5,1,2025-06-19T06:37:37.206619864Z
2683,96,64,1015.8,0,0.08,25.5,29.6,0.6,2171,-113,-8.8,1,2025-06-19T06:47:37.228928894Z
2684,96,62.5,1015.8,0,0.08,26,70.4,0.3,2172,-111,-6.8,1,2025-06-19T06:57:37.185585181Z
2685,96,61,1015.7,0,0.08,26.1,335.4,1.7,2173,-112,-7.8,1,2025-06-19T07:07:37.199986626Z
2686,96,58,1015.7,0,0.08,26.4,330.1,1,2174,-112,-8.5,1,2025-06-19T07:17:37.186776084Z
2687,96,60,1015.8,0,0.08,27.1,302,0.8,2175,-113,-9.2,1,2025-06-19T07:27:37.174012482Z
2688,96,56,1015.7,0,0.08,27.5,278.9,1.6,2176,-113,-8.2,1,2025-06-19T07:37:37.180325677Z
2689,100,52.5,1015.7,0,0.08,28.4,351.1,1.8,2177,-114,-7.8,1,2025-06-19T07:47:37.238792337Z
2690,100,53.5,1015.7,0,0.08,28.3,318.2,0.6,2178,-107,-8.8,1,2025-06-19T07:57:37.173605587Z
2691,100,51,1015.5,0,0.08,28.2,251.3,0.3,2179,-110,-9.8,1,2025-06-19T08:07:37.162961064Z
2692,100,51.5,1015.6,0,0.08,28.8,211.6,0.9,2180,-113,-10.5,1,2025-06-19T08:17:37.140918831Z
2693,100,51,1015.6,0,0.08,29.1,76.2,1.8,2181,-113,-9,1,2025-06-19T08:27:37.150233826Z
2694,100,47.5,1015.6,0,0.08,29.1,59,0.6,2182,-114,-8,1,2025-06-19T08:37:37.135112725Z
2695,100,44.5,1015.6,0,0.08,29.6,44.1,0.6,2183,-105,-16,1,2025-06-19T08:47:37.128550717Z
2696,100,46,1015.6,0,0.08,29.9,32,0.6,2184,-113,-7.5,1,2025-06-19T08:57:37.14547921Z
