current_time,indexers_created,indexers_malign,indexers_banned,indexers_banned_malign,inferred_truth,avg_rep_benign,avg_rep_malign,mode,fail_counter,consolidated_result
2025-06-06 02:58:13.658452365+00:00,14,0,0,0,15.483452252799966,0.17099651132262125,0.0,zonia,0,False
2025-06-06 03:12:15.230339365+00:00,14,0,0,0,15.391615554517513,0.289268654446896,0.0,zonia,0,False
2025-06-06 03:20:08.338781365+00:00,14,0,0,0,15.418305345292666,0.37492614247253286,0.0,zonia,0,False
2025-06-06 04:01:51.708782365+00:00,14,0,0,0,15.593143081086513,0.46933889071442486,0.0,zonia,0,False
2025-06-06 04:28:11.761836365+00:00,14,0,0,0,17.16389858171422,0.533914307941901,0.0,zonia,0,False
2025-06-06 04:44:35.873208365+00:00,14,0,0,0,18.143385864757327,0.5853454406012002,0.0,zonia,0,False
2025-06-06 04:45:14.777251365+00:00,14,0,0,0,18.27526961190365,0.6676893938445051,0.0,zonia,0,False
2025-06-06 04:51:08.506394365+00:00,14,0,0,0,18.29019831352335,0.7327697155379322,0.0,zonia,0,False
2025-06-06 04:57:51.398006365+00:00,14,0,0,0,18.573245718738633,0.7653191450500866,0.0,zonia,0,False
2025-06-06 05:10:25.478866365+00:00,14,0,0,0,19.722594126982784,0.80822085073708,0.0,zonia,0,False
2025-06-06 05:15:30.358052365+00:00,14,0,0,0,20.06956066128325,0.8463970783111956,0.0,zonia,0,False
2025-06-06 05:16:42.938589365+00:00,14,0,0,0,20.031504085376113,0.8796055854424182,0.0,zonia,0,False
2025-06-06 05:25:52.322948365+00:00,14,0,0,0,20.602223685131612,0.8890913396549764,0.0,zonia,0,False
2025-06-06 05:31:33.914921365+00:00,14,0,0,0,20.947304759665297,0.894701558444155,0.0,zonia,0,False
2025-06-06 05:48:30.200221365+00:00,14,0,0,0,22.24256823044876,0.9009670677756044,0.0,zonia,0,False
2025-06-06 05:53:33.258493365+00:00,14,0,0,0,22.647181839002684,0.9244844775443551,0.0,zonia,0,False
2025-06-06 06:01:40.235002365+00:00,14,0,0,0,23.433994912357107,0.9337011433168064,0.0,zonia,0,False
2025-06-06 06:10:10.710762365+00:00,14,0,0,0,23.828295983807614,0.9355503450690856,0.0,zonia,0,False
2025-06-06 06:25:31.178362365+00:00,14,0,0,0,24.366137928760413,0.9397748711019964,0.0,zonia,0,False
2025-06-06 06:50:24.428123365+00:00,14,0,0,0,24.70557953865133,0.9362445695973808,0.0,zonia,0,False
2025-06-06 07:16:29.909420365+00:00,14,0,0,0,25.48773532905146,0.9353638198046884,0.0,zonia,0,False
2025-06-06 08:07:58.622225365+00:00,14,0,0,0,26.646496070813676,0.9414409802883892,0.0,zonia,0,False
2025-06-06 08:20:57.738317365+00:00,14,0,0,0,26.905339391369438,0.9368638062726796,0.0,zonia,0,False
2025-06-06 08:28:10.528210365+00:00,14,0,0,0,27.683460663853715,0.9149646446990841,0.0,zonia,0,False
2025-06-06 08:29:03.957130365+00:00,14,0,0,0,27.75326878381515,0.9124832485855267,0.0,zonia,0,False
2025-06-06 08:55:31.435154365+00:00,14,0,0,0,27.708342935445096,0.8936328920339321,0.0,zonia,0,False
2025-06-06 09:02:31.020618365+00:00,14,0,0,0,27.76077568580838,0.8926541420902693,0.0,zonia,0,False
2025-06-06 09:08:48.477329365+00:00,14,0,0,0,27.837055015687234,0.8855137719628992,0.0,zonia,0,False
2025-06-06 09:15:02.010911365+00:00,14,0,0,0,27.92988006710369,0.8874239910279648,0.0,zonia,0,False
2025-06-06 09:18:51.380675365+00:00,14,0,0,0,27.83576028237618,0.892060360039296,0.0,zonia,0,False
2025-06-06 09:47:15.047425365+00:00,14,0,0,0,28.844890863928526,0.9021665490228704,0.0,zonia,0,False
2025-06-06 10:00:26.720172365+00:00,14,0,0,0,28.963269872085096,0.9101387451559495,0.0,zonia,0,False
2025-06-06 10:03:59.816403365+00:00,14,0,0,0,29.072881957874884,0.9403354277543592,0.0,zonia,0,False
2025-06-06 10:08:38.779646365+00:00,14,0,0,0,28.7617576272808,0.9551898253934574,0.0,zonia,0,False
2025-06-06 10:12:51.646663365+00:00,14,0,0,0,28.856268524332027,0.9564828271039231,0.0,zonia,0,False
2025-06-06 10:34:27.621189365+00:00,14,0,0,0,29.01689598130249,0.9527749596955525,0.0,zonia,0,False
2025-06-06 10:36:59.835911365+00:00,14,0,0,0,28.576227133256552,0.9530010434233738,0.0,zonia,0,False
2025-06-06 11:05:55.398580365+00:00,14,0,0,0,28.831913989726566,0.9585233672492298,0.0,zonia,0,False
2025-06-06 11:24:38.764858365+00:00,14,0,0,0,29.2154743658027,0.96315050487143,0.0,zonia,0,False
2025-06-06 11:46:58.231548365+00:00,14,0,0,0,29.52993975028921,0.9672908819976659,0.0,zonia,0,False
2025-06-06 12:07:21.929847365+00:00,14,0,0,0,30.167474292113354,0.95402904042981,0.0,zonia,0,False
2025-06-06 12:15:58.529113365+00:00,14,0,0,0,30.14500994547453,0.9409328051597615,0.0,zonia,0,False
2025-06-06 12:33:50.600505365+00:00,14,0,0,0,30.179694809287017,0.9412231715067323,0.0,zonia,0,False
2025-06-06 12:34:33.372375365+00:00,14,0,0,0,30.031933494538656,0.9445589367850448,0.0,zonia,0,False
2025-06-06 12:44:51.938608365+00:00,14,0,0,0,30.373290603250922,0.9562784227129905,0.0,zonia,0,False
2025-06-06 12:48:45.038604365+00:00,14,0,0,0,30.36881742295276,0.9546363599559948,0.0,zonia,0,False
2025-06-06 13:01:43.996855365+00:00,14,0,0,0,31.11130431603997,0.945299226902569,0.0,zonia,0,False
2025-06-06 13:39:37.054435365+00:00,14,0,0,0,29.746501853061332,0.9552041653258064,0.0,zonia,0,False
2025-06-06 13:46:25.254104365+00:00,14,0,0,0,29.754570308399853,0.9554018699276361,0.0,zonia,0,False
2025-06-06 13:51:57.731115365+00:00,14,0,0,0,29.487285737832288,0.9538976920645339,0.0,zonia,0,False
2025-06-06 14:19:43.199740365+00:00,14,0,0,0,30.27384048132487,0.9524147125582398,0.0,zonia,0,False
2025-06-06 14:20:22.019962365+00:00,14,0,0,0,30.539727880445373,0.9443439209578672,0.0,zonia,0,False
2025-06-06 14:29:33.875309365+00:00,14,0,0,0,30.634585845499515,0.9469073046738464,0.0,zonia,0,False
2025-06-06 14:58:46.604823365+00:00,14,0,0,0,30.154042527958545,0.9530628816863815,0.0,zonia,0,False
2025-06-06 15:03:55.179469365+00:00,14,0,0,0,30.285913620806273,0.952844204480364,0.0,zonia,0,False
2025-06-06 15:47:16.929394365+00:00,14,0,0,0,30.59445041989818,0.9558308677876438,0.0,zonia,0,False
2025-06-06 15:56:59.610071365+00:00,14,0,0,0,30.12577451613212,0.9568145074021144,0.0,zonia,0,False
2025-06-06 16:00:29.291497365+00:00,14,0,0,0,30.26181311867074,0.9561864024334449,0.0,zonia,0,False
2025-06-06 16:06:46.949430365+00:00,14,0,0,0,29.37324004231094,0.9640616073627852,0.0,zonia,0,False
2025-06-06 16:07:28.259735365+00:00,14,0,0,0,29.54225292711839,0.9671395994526562,0.0,zonia,0,False
2025-06-06 16:09:33.683356365+00:00,14,0,0,0,29.473609920904394,0.969978258665997,0.0,zonia,0,False
2025-06-06 16:48:13.438998365+00:00,14,0,0,0,29.084870317071772,0.979641766906606,0.0,zonia,0,False
2025-06-06 17:23:29.192546365+00:00,14,0,0,0,28.19341549249055,0.9818454156491473,0.0,zonia,0,False
2025-06-06 17:27:36.779660365+00:00,14,0,0,0,28.06393645665505,0.9790433654958256,0.0,zonia,0,False
2025-06-06 18:01:03.256871365+00:00,14,0,0,0,27.372051160902238,0.9806448653052156,0.0,zonia,0,False
2025-06-06 18:03:54.463859365+00:00,14,0,0,0,27.30003469277228,0.9715166202652232,0.0,zonia,0,False
2025-06-06 18:05:53.821276365+00:00,14,0,0,0,27.160317830785406,0.9715260430801826,0.0,zonia,0,False
2025-06-06 18:14:18.695373365+00:00,14,0,0,0,26.215313679007338,0.9723686711482682,0.0,zonia,0,False
2025-06-06 18:43:13.434770365+00:00,14,0,0,0,25.132298635103854,0.9711215836851508,0.0,zonia,0,False
2025-06-06 18:49:19.481941365+00:00,14,0,0,0,24.783048972350485,0.9661916229645356,0.0,zonia,0,False
2025-06-06 18:56:46.942361365+00:00,14,0,0,0,24.469885574416146,0.9652400505562447,0.0,zonia,0,False
2025-06-06 19:01:17.178283365+00:00,14,0,0,0,24.597211141703877,0.9609477272994912,0.0,zonia,0,False
2025-06-06 19:35:53.123388365+00:00,14,0,0,0,23.345213877214203,0.9512009095465048,0.0,zonia,0,False
2025-06-06 19:43:29.683847365+00:00,14,0,0,0,23.18305969495413,0.9514429738483228,0.0,zonia,0,False
2025-06-06 19:49:23.673145365+00:00,14,0,0,0,23.04719719833148,0.9545286889488585,0.0,zonia,0,False
2025-06-06 20:22:02.173199365+00:00,14,0,0,0,22.380595592007456,0.9515525391462972,0.0,zonia,0,False
2025-06-06 20:31:26.747156365+00:00,14,0,0,0,22.277168539556417,0.9590294166879136,0.0,zonia,0,False
2025-06-06 21:24:28.481071365+00:00,14,0,0,0,21.12234360833788,0.9571856142982409,0.0,zonia,0,False
2025-06-06 21:48:43.513242365+00:00,14,0,0,0,19.82488737728975,0.9635614952653473,0.0,zonia,0,False
2025-06-06 22:09:48.604118365+00:00,14,0,0,0,19.836468172924093,0.9574645729478909,0.0,zonia,0,False
2025-06-06 22:17:18.945319365+00:00,14,0,0,0,19.780878925857767,0.9561513945682742,0.0,zonia,0,False
2025-06-06 22:24:55.145299365+00:00,14,0,0,0,19.946003760968388,0.9549231000268049,0.0,zonia,0,False
2025-06-06 22:27:47.799093365+00:00,14,0,0,0,19.605219563453872,0.9505146125564404,0.0,zonia,0,False
2025-06-06 22:32:40.052343365+00:00,14,0,0,0,19.651635296973204,0.9501001808987607,0.0,zonia,0,False
2025-06-06 22:51:49.307663365+00:00,14,0,0,0,19.205938631664125,0.9550366512796188,0.0,zonia,0,False
2025-06-06 23:16:55.740948365+00:00,14,0,0,0,18.948812881890575,0.9600602788537728,0.0,zonia,0,False
2025-06-06 23:31:11.954690365+00:00,14,0,0,0,18.374994166836846,0.9650036367585664,0.0,zonia,0,False
2025-06-06 23:35:21.078202365+00:00,14,0,0,0,18.243006819117085,0.9704691531392747,0.0,zonia,0,False
2025-06-06 23:50:21.572416365+00:00,14,0,0,0,18.160594578399166,0.9722034422257869,0.0,zonia,0,False
2025-06-06 23:54:30.867847365+00:00,14,0,0,0,17.979834761484412,0.9700400667942549,0.0,zonia,0,False
2025-06-07 00:01:13.869405365+00:00,14,0,0,0,18.140118613159547,0.9658917032886699,0.0,zonia,0,False
2025-06-07 00:02:02.776459365+00:00,14,0,0,0,18.06260838181214,0.9624335367680993,0.0,zonia,0,False
2025-06-07 00:47:24.832715365+00:00,14,0,0,0,18.071903424381635,0.9584236441375353,0.0,zonia,0,False
2025-06-07 00:55:38.838857365+00:00,14,0,0,0,17.562453217076857,0.9574673849361394,0.0,zonia,0,False
2025-06-07 00:56:35.964780365+00:00,14,0,0,0,17.109839672886924,0.9577150670680401,0.0,zonia,0,False
2025-06-07 01:16:20.460630365+00:00,14,0,0,0,16.99758564267598,0.9577080738368176,0.0,zonia,0,False
2025-06-07 01:18:22.668001365+00:00,14,0,0,0,16.081988389422687,0.96225366546997,0.0,zonia,0,False
2025-06-07 01:40:26.243377365+00:00,14,0,0,0,16.57438279987268,0.9552506842888048,0.0,zonia,0,False
2025-06-07 01:44:54.857269365+00:00,14,0,0,0,16.63222749818189,0.945436626769838,0.0,zonia,0,False
2025-06-07 01:49:56.867115365+00:00,14,0,0,0,16.260552997043362,0.9463491023995265,0.0,zonia,0,False
2025-06-07 01:50:36.037802365+00:00,14,0,0,0,16.336624173431954,0.9453557972206971,0.0,zonia,0,False
2025-06-07 02:32:51.523125365+00:00,14,0,0,0,15.615898374489312,0.948126422536177,0.0,zonia,0,False
2025-06-07 03:04:17.760013365+00:00,14,0,0,0,15.004225813462963,0.9495025011013525,0.0,zonia,0,False
2025-06-07 03:14:49.485400365+00:00,14,0,0,0,15.036473689428052,0.9489810303840016,0.0,zonia,0,False
2025-06-07 03:18:28.818740365+00:00,14,0,0,0,14.869296953288192,0.9436848747755668,0.0,zonia,0,False
2025-06-07 03:20:26.848866365+00:00,14,0,0,0,15.188182046488405,0.9475476796743758,0.0,zonia,0,False
2025-06-07 03:55:51.293491365+00:00,14,0,0,0,15.312104356969707,0.9539318921454332,0.0,zonia,0,False
2025-06-07 04:06:41.240258365+00:00,14,0,0,0,15.828287203498878,0.9606160492874033,0.0,zonia,0,False
2025-06-07 04:06:54.759933365+00:00,14,0,0,0,15.564157708124974,0.9636311582651069,0.0,zonia,0,False
2025-06-07 04:28:47.626612365+00:00,14,0,0,0,16.666940571686975,0.9539514712254954,0.0,zonia,0,False
2025-06-07 04:32:58.326525365+00:00,14,0,0,0,16.914034331682416,0.9550013677833002,0.0,zonia,0,False
2025-06-07 04:42:42.603360365+00:00,14,0,0,0,18.06303697604149,0.9587311835317348,0.0,zonia,0,False
2025-06-07 05:02:56.623669365+00:00,14,0,0,0,19.74334978925038,0.9515923453928083,0.0,zonia,0,False
2025-06-07 05:44:45.678691365+00:00,14,0,0,0,22.987764562646504,0.9488555100733186,0.0,zonia,0,False
2025-06-07 05:58:33.873694365+00:00,14,0,0,0,24.240014778290448,0.9521446619920609,0.0,zonia,0,False
2025-06-07 06:03:51.658235365+00:00,14,0,0,0,23.984323233397532,0.9527525955349934,0.0,zonia,0,False
2025-06-07 06:04:43.643627365+00:00,14,0,0,0,24.075174400492312,0.9505862638628668,0.0,zonia,0,False
2025-06-07 06:19:29.271720365+00:00,14,0,0,0,24.300225692700423,0.9468771727748049,0.0,zonia,0,False
2025-06-07 06:22:27.956067365+00:00,14,0,0,0,24.25072802301967,0.9324750600135371,0.0,zonia,0,False
2025-06-07 06:52:08.498600365+00:00,14,0,0,0,25.67026799543032,0.9190273726490197,0.0,zonia,0,False
2025-06-07 07:26:15.027605365+00:00,14,0,0,0,27.220077305569397,0.9073389550323758,0.0,zonia,0,False
2025-06-07 07:28:45.656255365+00:00,14,0,0,0,27.182055650266154,0.9098110597927086,0.0,zonia,0,False
2025-06-07 07:35:00.421710365+00:00,14,0,0,0,27.548858923083415,0.9134416806720104,0.0,zonia,0,False
2025-06-07 08:00:04.722263365+00:00,14,0,0,0,27.906257146375765,0.9156427326880313,0.0,zonia,0,False
2025-06-07 08:07:12.969181365+00:00,14,0,0,0,28.326114622475,0.9168865977575014,0.0,zonia,0,False
2025-06-07 08:32:40.109068365+00:00,14,0,0,0,29.144468049847,0.922395754783854,0.0,zonia,0,False
2025-06-07 08:40:45.162950365+00:00,14,0,0,0,29.1636097972473,0.9244415015950178,0.0,zonia,0,False
2025-06-07 08:46:15.632118365+00:00,14,0,0,0,29.138326198003085,0.9274694621301774,0.0,zonia,0,False
2025-06-07 09:04:56.393926365+00:00,14,0,0,0,29.924982828553823,0.9481752557377635,0.0,zonia,0,False
2025-06-07 09:09:48.120887365+00:00,14,0,0,0,29.824142729884485,0.9550494520727717,0.0,zonia,0,False
2025-06-07 09:20:36.073877365+00:00,14,0,0,0,29.79684655663864,0.952426066314109,0.0,zonia,0,False
2025-06-07 09:35:10.536955365+00:00,14,0,0,0,29.826605275124734,0.9520763726808087,0.0,zonia,0,False
2025-06-07 10:08:20.459677365+00:00,14,0,0,0,30.55296180132308,0.9546478688832393,0.0,zonia,0,False
2025-06-07 10:16:37.939850365+00:00,14,0,0,0,31.06899961163124,0.9533472226869205,0.0,zonia,0,False
2025-06-07 10:18:13.788173365+00:00,14,0,0,0,31.06627167452385,0.9574914712726689,0.0,zonia,0,False
2025-06-07 10:23:10.555871365+00:00,14,0,0,0,31.248549871694156,0.9572356952480142,0.0,zonia,0,False
2025-06-07 10:30:49.848591365+00:00,14,0,0,0,30.93460467524328,0.9587685147261025,0.0,zonia,0,False
2025-06-07 11:06:01.807161365+00:00,14,0,0,0,31.71204903134858,0.9626006070515913,0.0,zonia,0,False
2025-06-07 11:08:13.702461365+00:00,14,0,0,0,31.6025850797287,0.9608096978483026,0.0,zonia,0,False
2025-06-07 11:40:00.869509365+00:00,14,0,0,0,32.29117068135224,0.9666140543214922,0.0,zonia,0,False
2025-06-07 11:58:56.903709365+00:00,14,0,0,0,32.21061206478317,0.96261424580877,0.0,zonia,0,False
2025-06-07 12:56:02.689626365+00:00,14,0,0,0,32.70242975808213,0.9628395782038189,0.0,zonia,0,False
2025-06-07 12:59:32.026967365+00:00,14,0,0,0,32.6224126817214,0.9584463493289316,0.0,zonia,0,False
2025-06-07 13:10:51.854733365+00:00,14,0,0,0,33.03775699606892,0.9456684344284252,0.0,zonia,0,False
2025-06-07 13:16:08.160812365+00:00,14,0,0,0,32.835621810285545,0.9441844966764495,0.0,zonia,0,False
2025-06-07 13:16:51.293494365+00:00,14,0,0,0,32.88562788096554,0.9418288228774149,0.0,zonia,0,False
2025-06-07 13:47:30.990494365+00:00,14,0,0,0,33.07043090672606,0.941898909197063,0.0,zonia,0,False
2025-06-07 13:48:58.723410365+00:00,14,0,0,0,32.95979662714279,0.9372255408828226,0.0,zonia,0,False
2025-06-07 13:51:01.355057365+00:00,14,0,0,0,33.00892510924851,0.9343183695835421,0.0,zonia,0,False
2025-06-07 13:55:05.175701365+00:00,14,0,0,0,33.10642816446234,0.9346859059141004,0.0,zonia,0,False
2025-06-07 13:55:14.478815365+00:00,14,0,0,0,32.97882773905775,0.931776528641122,0.0,zonia,0,False
2025-06-07 14:14:01.920762365+00:00,14,0,0,0,32.811997173817886,0.9310270066790133,0.0,zonia,0,False
2025-06-07 14:38:56.995510365+00:00,14,0,0,0,32.61078876417808,0.9327918999907111,0.0,zonia,0,False
2025-06-07 15:00:47.216643365+00:00,14,0,0,0,32.37327921123586,0.9317240511054272,0.0,zonia,0,False
2025-06-07 15:02:11.158444365+00:00,14,0,0,0,32.53140129441258,0.9367797501873881,0.0,zonia,0,False
2025-06-07 15:08:41.872052365+00:00,14,0,0,0,32.43860648197165,0.9383149505699863,0.0,zonia,0,False
2025-06-07 15:25:42.710838365+00:00,14,0,0,0,32.10951992406833,0.9475041738010915,0.0,zonia,0,False
2025-06-07 16:10:29.819958365+00:00,14,0,0,0,31.641809251995703,0.9476664349380224,0.0,zonia,0,False
2025-06-07 16:14:37.965864365+00:00,14,0,0,0,31.487027006006365,0.9499000416542022,0.0,zonia,0,False
2025-06-07 16:22:55.292042365+00:00,14,0,0,0,31.450737691189705,0.9527027003720947,0.0,zonia,0,False
2025-06-07 16:44:43.829353365+00:00,14,0,0,0,30.87808966001769,0.9589914840219299,0.0,zonia,0,False
2025-06-07 16:51:40.694052365+00:00,14,0,0,0,30.809490130866287,0.9621410374080046,0.0,zonia,0,False
2025-06-07 17:23:09.713019365+00:00,14,0,0,0,29.898432297085883,0.9635991962020333,0.0,zonia,0,False
2025-06-07 17:28:45.607340365+00:00,14,0,0,0,29.78477433523048,0.9632782329511681,0.0,zonia,0,False
2025-06-07 17:48:09.174203365+00:00,14,0,0,0,28.985877905789614,0.9646080712872304,0.0,zonia,0,False
2025-06-07 17:57:09.538400365+00:00,14,0,0,0,28.837614524446703,0.9737454462120345,0.0,zonia,0,False
2025-06-07 17:58:19.342321365+00:00,14,0,0,0,28.80750528195009,0.9734984569242684,0.0,zonia,0,False
2025-06-07 18:09:32.245612365+00:00,14,0,0,0,28.18781546833048,0.9763105676337789,0.0,zonia,0,False
2025-06-07 18:49:51.033318365+00:00,14,0,0,0,26.79694809088204,0.9727251317946769,0.0,zonia,0,False
2025-06-07 19:03:05.286413365+00:00,14,0,0,0,26.188578642360426,0.9105471346130571,0.0,zonia,0,False
2025-06-07 19:27:29.328664365+00:00,14,0,0,0,25.427945600652773,0.9035376317451097,0.0,zonia,0,False
2025-06-07 19:29:38.774372365+00:00,14,0,0,0,25.600709065868305,0.9033813805856326,0.0,zonia,0,False
2025-06-07 19:38:48.736753365+00:00,14,0,0,0,25.506451130000922,0.9044771190282015,0.0,zonia,0,False
2025-06-07 19:51:38.901679365+00:00,14,0,0,0,25.375157399728003,0.9286160405403089,0.0,zonia,0,False
2025-06-07 20:00:56.436553365+00:00,14,0,0,0,25.616492275484134,0.9264206522853549,0.0,zonia,0,False
2025-06-07 20:26:42.650885365+00:00,14,0,0,0,24.485057935164384,0.9186559105648777,0.0,zonia,0,False
2025-06-07 20:28:02.140359365+00:00,14,0,0,0,23.965710589649042,0.9160279089100271,0.0,zonia,0,False
2025-06-07 20:48:32.487777365+00:00,14,0,0,0,23.142560058565007,0.9120349410177896,0.0,zonia,0,False
2025-06-07 21:00:16.212834365+00:00,14,0,0,0,22.898445981602865,0.8624348357351054,0.0,zonia,0,False
2025-06-07 21:31:26.378195365+00:00,14,0,0,0,21.81048713708414,0.8575413063257852,0.0,zonia,0,False
2025-06-07 21:50:49.335877365+00:00,14,0,0,0,21.154363596410715,0.885632479564337,0.0,zonia,0,False
2025-06-07 22:05:38.266780365+00:00,14,0,0,0,21.152115799652154,0.8964145133276081,0.0,zonia,0,False
2025-06-07 22:16:55.491867365+00:00,14,0,0,0,21.614428230559454,0.8933009212869782,0.0,zonia,0,False
2025-06-07 22:36:00.753534365+00:00,14,0,0,0,20.66070612543638,0.8800402625488768,0.0,zonia,0,False
2025-06-07 22:55:49.477647365+00:00,14,0,0,0,20.74755530552852,0.8629232163408965,0.0,zonia,0,False
2025-06-07 23:20:16.790471365+00:00,14,0,0,0,19.877898976322648,0.8694964867698884,0.0,zonia,0,False
2025-06-08 00:24:01.450806365+00:00,14,0,0,0,19.866689693340692,0.8754480576088997,0.0,zonia,0,False
2025-06-08 00:26:22.733472365+00:00,14,0,0,0,19.45388437799919,0.885084030869038,0.0,zonia,0,False
2025-06-08 01:04:47.477800365+00:00,14,0,0,0,19.030961155735845,0.8866807925184667,0.0,zonia,0,False
2025-06-08 01:29:30.157055365+00:00,14,0,0,0,18.7910616275106,0.8830143690991703,0.0,zonia,0,False
2025-06-08 01:32:26.626024365+00:00,14,0,0,0,18.74720774259141,0.8856142074935914,0.0,zonia,0,False
2025-06-08 01:57:23.524325365+00:00,14,0,0,0,18.249692682320365,0.8760667380978784,0.0,zonia,0,False
2025-06-08 01:58:07.533183365+00:00,14,0,0,0,18.409443961584643,0.880927649174673,0.0,zonia,0,False
2025-06-08 01:58:45.723568365+00:00,14,0,0,0,18.401147967373472,0.8889933904270327,0.0,zonia,0,False
2025-06-08 02:03:09.774981365+00:00,14,0,0,0,18.502847087394237,0.9010249488267167,0.0,zonia,0,False
2025-06-08 02:38:18.253357365+00:00,14,0,0,0,17.655521376751352,0.8673397735342038,0.0,zonia,0,False
2025-06-08 02:56:24.755152365+00:00,14,0,0,0,18.582357850359962,0.8780070215644292,0.0,zonia,0,False
2025-06-08 03:00:34.415184365+00:00,14,0,0,0,18.16468627063859,0.8742514174250073,0.0,zonia,0,False
2025-06-08 03:13:30.744908365+00:00,14,0,0,0,18.735908033659918,0.8918539964928299,0.0,zonia,0,False
2025-06-08 03:17:17.836842365+00:00,14,0,0,0,18.523773310983696,0.8945099223023872,0.0,zonia,0,False
2025-06-08 03:22:44.639711365+00:00,14,0,0,0,18.141247213368473,0.8955231185374396,0.0,zonia,0,False
2025-06-08 03:51:57.113304365+00:00,14,0,0,0,17.577277705376186,0.8856835420677639,0.0,zonia,0,False
2025-06-08 03:53:22.699336365+00:00,14,0,0,0,18.987579999648656,0.8728259315748134,0.0,zonia,0,False
2025-06-08 04:19:03.764748365+00:00,14,0,0,0,19.48837804893762,0.8655274028649417,0.0,zonia,0,False
2025-06-08 04:21:56.688819365+00:00,14,0,0,0,19.4388638798551,0.8600994380688096,0.0,zonia,0,False
2025-06-08 04:33:27.258792365+00:00,14,0,0,0,19.741279077487565,0.8678464207169574,0.0,zonia,0,False
2025-06-08 04:43:17.644584365+00:00,14,0,0,0,20.524179302962914,0.8749718280283965,0.0,zonia,0,False
2025-06-08 05:01:19.259957365+00:00,14,0,0,0,21.92772948330166,0.8988296792454974,0.0,zonia,0,False
2025-06-08 05:41:11.118153365+00:00,14,0,0,0,24.394494612117196,0.9125570996772071,0.0,zonia,0,False
2025-06-08 05:54:50.375692365+00:00,14,0,0,0,25.167797439924627,0.8942633720733955,0.0,zonia,0,False
2025-06-08 06:04:08.058984365+00:00,14,0,0,0,26.173540093108265,0.8973857060234645,0.0,zonia,0,False
2025-06-08 06:25:19.571028365+00:00,14,0,0,0,26.03286447882645,0.9094447176366984,0.0,zonia,0,False
2025-06-08 06:39:14.040471365+00:00,14,0,0,0,26.720588568488647,0.9000900891458828,0.0,zonia,0,False
2025-06-08 06:49:40.933538365+00:00,14,0,0,0,27.551133094327394,0.9051548284055988,0.0,zonia,0,False
2025-06-08 07:02:06.741010365+00:00,14,0,0,0,27.70088756774048,0.8978152838110581,0.0,zonia,0,False
2025-06-08 07:37:04.603304365+00:00,14,0,0,0,27.75750242980648,0.902137962922113,0.0,zonia,0,False
2025-06-08 08:00:50.293518365+00:00,14,0,0,0,28.163007195668737,0.9025024133111963,0.0,zonia,0,False
2025-06-08 08:02:35.857857365+00:00,14,0,0,0,28.1549632871531,0.9080079349092174,0.0,zonia,0,False
2025-06-08 08:06:26.399276365+00:00,14,0,0,0,28.515208208327394,0.9123532516144623,0.0,zonia,0,False
2025-06-08 08:07:10.879495365+00:00,14,0,0,0,24.858762962223437,0.8630841655636081,0.0,zonia,0,False
2025-06-08 08:07:35.131110365+00:00,14,0,0,0,28.333518499071523,0.7880980484679613,0.0,zonia,0,False
2025-06-08 08:36:09.353062365+00:00,14,0,0,0,28.810609493276335,0.8070271285984637,0.0,zonia,0,False
2025-06-08 08:51:05.208277365+00:00,14,0,0,0,29.464868537412016,0.8105696934223657,0.0,zonia,0,False
2025-06-08 09:03:23.923687365+00:00,14,0,0,0,28.9250906064177,0.7735805829901631,0.0,zonia,0,False
2025-06-08 09:08:41.207216365+00:00,14,0,0,0,29.374503263262294,0.7656595680545192,0.0,zonia,0,False
2025-06-08 09:28:52.452095365+00:00,14,0,0,0,30.108253642881134,0.7720478177316672,0.0,zonia,0,False
2025-06-08 09:46:53.528186365+00:00,14,0,0,0,29.7995262600949,0.7971828239545691,0.0,zonia,0,False
2025-06-08 10:08:33.846296365+00:00,14,0,0,0,29.68166561053297,0.7890386300098279,0.0,zonia,0,False
2025-06-08 10:31:13.128290365+00:00,14,0,0,0,30.02693215733814,0.7923984123475616,0.0,zonia,0,False
2025-06-08 11:00:42.533077365+00:00,14,0,0,0,30.63036412351736,0.803609520348757,0.0,zonia,0,False
2025-06-08 11:11:46.478806365+00:00,14,0,0,0,31.02162935084179,0.8412465642610248,0.0,zonia,0,False
2025-06-08 11:14:37.758599365+00:00,14,0,0,0,31.012639061908192,0.8376970459582116,0.0,zonia,0,False
2025-06-08 11:40:06.585361365+00:00,14,0,0,0,31.690383644956583,0.8348992083285516,0.0,zonia,0,False
2025-06-08 11:47:34.400136365+00:00,14,0,0,0,30.549961109169587,0.865917402202103,0.0,zonia,0,False
2025-06-08 11:55:45.448953365+00:00,14,0,0,0,30.58088108733354,0.8677499650138679,0.0,zonia,0,False
2025-06-08 12:15:48.233641365+00:00,14,0,0,0,31.298660301875962,0.900619184191407,0.0,zonia,0,False
2025-06-08 12:41:01.434378365+00:00,14,0,0,0,30.73744770161044,0.9102457073802258,0.0,zonia,0,False
2025-06-08 12:45:25.075019365+00:00,14,0,0,0,30.90982908545631,0.913324450275035,0.0,zonia,0,False
2025-06-08 13:02:06.804736365+00:00,14,0,0,0,31.416345718745085,0.9125357320117818,0.0,zonia,0,False
2025-06-08 13:15:08.720924365+00:00,14,0,0,0,31.25713173535063,0.9151940694104214,0.0,zonia,0,False
2025-06-08 13:17:53.684532365+00:00,14,0,0,0,31.224649789385563,0.9184772493769895,0.0,zonia,0,False
2025-06-08 13:19:40.672729365+00:00,14,0,0,0,31.566677053162017,0.9195058859143002,0.0,zonia,0,False
2025-06-08 13:20:15.341713365+00:00,14,0,0,0,31.67079413843303,0.9192707762259834,0.0,zonia,0,False
2025-06-08 13:24:47.985624365+00:00,14,0,0,0,31.146028782445658,0.9178141644516762,0.0,zonia,0,False
2025-06-08 13:25:38.891610365+00:00,14,0,0,0,31.483025365154845,0.9268940771014327,0.0,zonia,0,False
2025-06-08 13:50:35.269067365+00:00,14,0,0,0,30.994165770687758,0.9305315807267707,0.0,zonia,0,False
2025-06-08 14:33:14.313669365+00:00,14,0,0,0,31.109906043250255,0.9309771440681961,0.0,zonia,0,False
2025-06-08 14:41:16.492351365+00:00,14,0,0,0,31.342571906072195,0.9333298091362717,0.0,zonia,0,False
2025-06-08 14:42:34.237045365+00:00,14,0,0,0,31.267777846030885,0.93391581868276,0.0,zonia,0,False
2025-06-08 14:45:51.912288365+00:00,14,0,0,0,31.28093857246062,0.9350772279081482,0.0,zonia,0,False
2025-06-08 15:10:58.791716365+00:00,14,0,0,0,30.846941607071617,0.9353763841622013,0.0,zonia,0,False
2025-06-08 15:59:02.713968365+00:00,14,0,0,0,30.001845236791166,0.9378971860134347,0.0,zonia,0,False
2025-06-08 16:06:03.830536365+00:00,14,0,0,0,30.36079225379724,0.9402587519464608,0.0,zonia,0,False
2025-06-08 16:12:49.660195365+00:00,14,0,0,0,29.695481277561022,0.9456017803705139,0.0,zonia,0,False
2025-06-08 16:21:08.168195365+00:00,14,0,0,0,29.94348931967936,0.95703065991524,0.0,zonia,0,False
2025-06-08 16:25:52.187597365+00:00,14,0,0,0,29.836851773974374,0.9639486707880053,0.0,zonia,0,False
2025-06-08 16:48:56.256443365+00:00,14,0,0,0,29.101865056605543,0.9654786105578141,0.0,zonia,0,False
2025-06-08 17:04:43.499780365+00:00,14,0,0,0,28.8457163776616,0.9658626291960994,0.0,zonia,0,False
2025-06-08 17:23:22.897129365+00:00,14,0,0,0,28.048050856575465,0.9711960754024856,0.0,zonia,0,False
2025-06-08 17:23:37.258399365+00:00,14,0,0,0,28.39944855695868,0.9732414724024595,0.0,zonia,0,False
2025-06-08 17:27:45.513067365+00:00,14,0,0,0,28.192228724933976,0.9739692903202084,0.0,zonia,0,False
2025-06-08 17:27:49.414108365+00:00,14,0,0,0,27.59157277792626,0.9732763905930356,0.0,zonia,0,False
2025-06-08 18:03:38.331803365+00:00,14,0,0,0,26.64874437414347,0.9753243420798337,0.0,zonia,0,False
2025-06-08 18:40:50.332018365+00:00,14,0,0,0,25.43981108470847,0.9769124639327219,0.0,zonia,0,False
2025-06-08 18:45:58.673848365+00:00,14,0,0,0,24.89854393257919,0.9773852034549992,0.0,zonia,0,False
2025-06-08 18:51:22.789902365+00:00,14,0,0,0,24.903760530342623,0.978713243541853,0.0,zonia,0,False
2025-06-08 19:07:58.641564365+00:00,14,0,0,0,24.084798710618827,0.9772569122505725,0.0,zonia,0,False
2025-06-08 19:16:00.324517365+00:00,14,0,0,0,24.233228339187747,0.976878488876015,0.0,zonia,0,False
2025-06-08 19:27:37.433960365+00:00,14,0,0,0,24.084907334732414,0.9768408132214788,0.0,zonia,0,False
2025-06-08 19:29:47.142313365+00:00,14,0,0,0,23.593882008917383,0.9779099605543404,0.0,zonia,0,False
2025-06-08 19:35:21.846845365+00:00,14,0,0,0,23.634509596607064,0.9749391373991345,0.0,zonia,0,False
2025-06-08 20:41:54.267597365+00:00,14,0,0,0,22.017321512514343,0.9718809860182475,0.0,zonia,0,False
2025-06-08 20:53:54.503708365+00:00,14,0,0,0,22.429940554751823,0.9720597713319814,0.0,zonia,0,False
2025-06-08 21:12:46.771880365+00:00,14,0,0,0,21.877294692841208,0.9640684932579233,0.0,zonia,0,False
2025-06-08 21:16:41.630423365+00:00,14,0,0,0,21.102892963770344,0.9618459304129818,0.0,zonia,0,False
2025-06-08 21:17:12.728567365+00:00,14,0,0,0,20.957587122170107,0.9536395368546137,0.0,zonia,0,False
2025-06-08 21:37:21.115414365+00:00,14,0,0,0,20.30114408484946,0.9550898381076929,0.0,zonia,0,False
2025-06-08 21:52:46.172826365+00:00,14,0,0,0,20.18781302452797,0.9580139015498214,0.0,zonia,0,False
2025-06-08 21:53:06.100221365+00:00,14,0,0,0,20.19635072295071,0.8884906983089786,0.0,zonia,0,False
2025-06-08 22:00:55.513263365+00:00,14,0,0,0,19.80165667249365,0.8649327116326895,0.0,zonia,0,False
2025-06-08 22:04:52.151315365+00:00,14,0,0,0,19.945390263015934,0.8491861974461911,0.0,zonia,0,False
2025-06-08 22:32:04.777143365+00:00,14,0,0,0,19.1914756743515,0.8708935316353257,0.0,zonia,0,False
2025-06-08 22:33:47.925880365+00:00,14,0,0,0,19.14826692903941,0.866860398829133,0.0,zonia,0,False
2025-06-08 22:56:59.294055365+00:00,14,0,0,0,18.954615564636462,0.8713813346068411,0.0,zonia,0,False
2025-06-08 22:57:37.073608365+00:00,14,0,0,0,18.996879981256207,0.8671754605443658,0.0,zonia,0,False
2025-06-08 23:46:16.893120365+00:00,14,0,0,0,18.1283257674108,0.8698148901148132,0.0,zonia,0,False
2025-06-08 23:53:20.747154365+00:00,14,0,0,0,17.584122624179358,0.9029727680591593,0.0,zonia,0,False
2025-06-08 23:56:23.014925365+00:00,14,0,0,0,18.14043120777347,0.9110593435598735,0.0,zonia,0,False
2025-06-09 00:02:50.981342365+00:00,14,0,0,0,18.337678566038957,0.9143512299776297,0.0,zonia,0,False
2025-06-09 00:13:37.885361365+00:00,14,0,0,0,17.339801971918654,0.9226146913745833,0.0,zonia,0,False
2025-06-09 00:18:24.467731365+00:00,14,0,0,0,17.044841626069367,0.9187751869437919,0.0,zonia,0,False
2025-06-09 00:44:47.754560365+00:00,14,0,0,0,17.368955689633836,0.9240604036466128,0.0,zonia,0,False
2025-06-09 00:46:57.309831365+00:00,14,0,0,0,17.499722403165528,0.9192153420371401,0.0,zonia,0,False
2025-06-09 01:21:04.834663365+00:00,14,0,0,0,17.522364239252507,0.9279180774221116,0.0,zonia,0,False
2025-06-09 01:25:06.961888365+00:00,14,0,0,0,17.416115951083402,0.9302860263526069,0.0,zonia,0,False
2025-06-09 01:52:30.044959365+00:00,14,0,0,0,17.308542721567903,0.9247478690080325,0.0,zonia,0,False
2025-06-09 01:58:18.727078365+00:00,14,0,0,0,17.83811578738951,0.9247144934991266,0.0,zonia,0,False
2025-06-09 02:01:14.459279365+00:00,14,0,0,0,17.76269693874549,0.9242176883730675,0.0,zonia,0,False
2025-06-09 02:05:05.321964365+00:00,14,0,0,0,16.398476660086196,0.9286079579902182,0.0,zonia,0,False
2025-06-09 02:09:19.789844365+00:00,14,0,0,0,16.968428381478827,0.9307245634411508,0.0,zonia,0,False
2025-06-09 02:20:39.490000365+00:00,14,0,0,0,17.13479598309835,0.9295258739879728,0.0,zonia,0,False
2025-06-09 02:33:08.879894365+00:00,14,0,0,0,16.8227273422481,0.9245448731236919,0.0,zonia,0,False
2025-06-09 02:39:37.913965365+00:00,14,0,0,0,16.45811169488598,0.9239682377986712,0.0,zonia,0,False
2025-06-09 02:40:42.807569365+00:00,14,0,0,0,16.639358962636376,0.9266555708350885,0.0,zonia,0,False
2025-06-09 03:13:30.509636365+00:00,14,0,0,0,16.140515104007513,0.9340716690771729,0.0,zonia,0,False
2025-06-09 03:42:02.531523365+00:00,14,0,0,0,16.168941409110037,0.938002976353661,0.0,zonia,0,False
2025-06-09 03:48:09.045168365+00:00,14,0,0,0,16.31799673822381,0.9367532001696973,0.0,zonia,0,False
2025-06-09 04:05:14.456072365+00:00,14,0,0,0,17.01015220369518,0.9396775680038473,0.0,zonia,0,False
2025-06-09 04:07:41.618114365+00:00,14,0,0,0,16.982289803066717,0.9494413434510577,0.0,zonia,0,False
2025-06-09 04:20:58.463712365+00:00,14,0,0,0,17.279356580740746,0.9562135014152636,0.0,zonia,0,False
2025-06-09 04:41:21.460458365+00:00,14,0,0,0,17.631310005696935,0.9492874555275711,0.0,zonia,0,False
2025-06-09 04:50:14.282977365+00:00,14,0,0,0,18.236495472561305,0.9463871088980019,0.0,zonia,0,False
2025-06-09 05:14:12.062546365+00:00,14,0,0,0,20.070078969653935,0.9540617861781638,0.0,zonia,0,False
2025-06-09 05:17:34.127604365+00:00,14,0,0,0,20.29241269987053,0.9583140782226179,0.0,zonia,0,False
2025-06-09 05:28:08.454424365+00:00,14,0,0,0,20.95038961580551,0.9566834653341477,0.0,zonia,0,False
2025-06-09 05:40:28.858828365+00:00,14,0,0,0,21.499191277037507,0.9605070555131975,0.0,zonia,0,False
2025-06-09 06:08:35.700676365+00:00,14,0,0,0,22.838025167621097,0.9458794140180744,0.0,zonia,0,False
2025-06-09 06:30:56.090506365+00:00,14,0,0,0,23.300747140820008,0.9448574970503165,0.0,zonia,0,False
2025-06-09 07:28:15.234036365+00:00,14,0,0,0,24.461202864961876,0.9452963444255962,0.0,zonia,0,False
2025-06-09 07:49:02.030332365+00:00,14,0,0,0,25.210389424493147,0.9449575114757407,0.0,zonia,0,False
2025-06-09 07:53:53.997846365+00:00,14,0,0,0,25.718881097752046,0.9476236473249681,0.0,zonia,0,False
2025-06-09 08:06:30.255775365+00:00,14,0,0,0,26.339411201189854,0.9381440320100793,0.0,zonia,0,False
2025-06-09 08:22:59.417838365+00:00,14,0,0,0,25.793388161120465,0.9392072778425551,0.0,zonia,0,False
2025-06-09 08:30:43.733663365+00:00,14,0,0,0,26.107900142518886,0.9402355291637052,0.0,zonia,0,False
2025-06-09 08:33:45.696882365+00:00,14,0,0,0,26.157010414791035,0.9335320604545287,0.0,zonia,0,False
2025-06-09 08:41:11.077438365+00:00,14,0,0,0,26.76122969755558,0.9375247598469734,0.0,zonia,0,False
2025-06-09 08:43:06.683749365+00:00,14,0,0,0,26.585246668240806,0.9392798066264098,0.0,zonia,0,False
2025-06-09 09:20:40.154615365+00:00,14,0,0,0,27.29991111037749,0.9390142544251425,0.0,zonia,0,False
2025-06-09 09:55:34.908785365+00:00,14,0,0,0,28.022945942164494,0.9397827773904799,0.0,zonia,0,False
2025-06-09 10:19:32.210196365+00:00,14,0,0,0,27.748629237875377,0.9403686463488798,0.0,zonia,0,False
2025-06-09 11:02:16.905926365+00:00,14,0,0,0,27.36252160632907,0.9436964608365063,0.0,zonia,0,False
2025-06-09 11:27:52.761331365+00:00,14,0,0,0,27.426290801070714,0.9468883066486036,0.0,zonia,0,False
2025-06-09 11:46:42.378956365+00:00,14,0,0,0,27.410476473976814,0.9519306421738474,0.0,zonia,0,False
2025-06-09 11:52:38.054549365+00:00,14,0,0,0,27.347525558810137,0.9580926385179861,0.0,zonia,0,False
2025-06-09 12:09:52.720226365+00:00,14,0,0,0,27.22466987934506,0.9595202809700242,0.0,zonia,0,False
2025-06-09 12:19:48.719499365+00:00,14,0,0,0,27.434137194028995,0.9552871629498206,0.0,zonia,0,False
2025-06-09 12:37:12.289573365+00:00,14,0,0,0,27.289831690276856,0.9549751546915671,0.0,zonia,0,False
2025-06-09 12:44:10.312914365+00:00,14,0,0,0,27.802332889972636,0.9561051656033335,0.0,zonia,0,False
2025-06-09 12:51:13.160355365+00:00,14,0,0,0,27.784392064478492,0.9562760695691359,0.0,zonia,0,False
2025-06-09 12:58:50.559065365+00:00,14,0,0,0,27.65227497869328,0.9514369142619209,0.0,zonia,0,False
2025-06-09 13:21:15.736561365+00:00,14,0,0,0,28.23745916178668,0.9509374377309421,0.0,zonia,0,False
2025-06-09 14:10:20.677453365+00:00,14,0,0,0,27.896860409252927,0.9530810448981354,0.0,zonia,0,False
2025-06-09 14:17:52.309959365+00:00,14,0,0,0,27.929215199925387,0.9538068411273064,0.0,zonia,0,False
2025-06-09 14:26:59.377517365+00:00,14,0,0,0,27.83643299271703,0.9526478875356768,0.0,zonia,0,False
2025-06-09 14:31:12.710736365+00:00,14,0,0,0,27.610142841760442,0.9518428498871915,0.0,zonia,0,False
2025-06-09 14:32:50.903325365+00:00,14,0,0,0,27.72098456014752,0.9504572477100329,0.0,zonia,0,False
2025-06-09 15:00:12.939213365+00:00,14,0,0,0,27.38647919308098,0.9525436968774843,0.0,zonia,0,False
2025-06-09 15:00:20.804679365+00:00,14,0,0,0,27.379297978228276,0.9556412063149048,0.0,zonia,0,False
2025-06-09 15:41:21.528226365+00:00,14,0,0,0,27.523641752672404,0.9536928165997753,0.0,zonia,0,False
2025-06-09 16:00:24.781079365+00:00,14,0,0,0,27.103564917239858,0.955040646731769,0.0,zonia,0,False
2025-06-09 16:07:11.457310365+00:00,14,0,0,0,26.87656434591028,0.9562024307360294,0.0,zonia,0,False
2025-06-09 16:11:36.152514365+00:00,14,0,0,0,27.5788921400067,0.9552525709028752,0.0,zonia,0,False
2025-06-09 16:27:51.183585365+00:00,14,0,0,0,26.415952301754082,0.9576201787074213,0.0,zonia,0,False
2025-06-09 16:32:02.188951365+00:00,14,0,0,0,26.694729142348173,0.9572791312854312,0.0,zonia,0,False
2025-06-09 16:46:34.004921365+00:00,14,0,0,0,26.36263917686315,0.959737458167212,0.0,zonia,0,False
2025-06-09 16:47:57.232569365+00:00,14,0,0,0,26.04556846412034,0.9581793845647392,0.0,zonia,0,False
2025-06-09 16:58:00.081693365+00:00,14,0,0,0,25.784476412945747,0.9582291030453335,0.0,zonia,0,False
2025-06-09 17:14:39.546356365+00:00,14,0,0,0,26.638885508278364,0.9638710535207952,0.0,zonia,0,False
2025-06-09 17:25:03.845464365+00:00,14,0,0,0,25.539198931926617,0.9664746322266222,0.0,zonia,0,False
2025-06-09 18:10:25.446736365+00:00,14,0,0,0,24.29004042828373,0.9751622894308417,0.0,zonia,0,False
2025-06-09 18:10:26.902870365+00:00,14,0,0,0,24.374021208514456,0.977095362075482,0.0,zonia,0,False
2025-06-09 18:38:33.020375365+00:00,14,0,0,0,22.732102761250584,0.9814274158080523,0.0,zonia,0,False
2025-06-09 18:47:26.907980365+00:00,14,0,0,0,22.383536880048148,0.9856832926537272,0.0,zonia,0,False
2025-06-09 19:01:34.097839365+00:00,14,0,0,0,21.572236094757592,0.9860268631512209,0.0,zonia,0,False
2025-06-09 19:45:22.910527365+00:00,14,0,0,0,19.720537057940724,0.9871875414780794,0.0,zonia,0,False
2025-06-09 20:40:38.092630365+00:00,14,0,0,0,18.850920839564516,0.9890937298720376,0.0,zonia,0,False
2025-06-09 20:42:48.713342365+00:00,14,0,0,0,18.70404588834868,0.9895484245857202,0.0,zonia,0,False
2025-06-09 21:35:07.952746365+00:00,14,0,0,0,18.35376273072127,0.9870480916934996,0.0,zonia,0,False
2025-06-09 21:42:42.277760365+00:00,14,0,0,0,17.659630313619225,0.9783794098653317,0.0,zonia,0,False
2025-06-09 21:50:03.099078365+00:00,14,0,0,0,17.80159499763766,0.9738840324854469,0.0,zonia,0,False
2025-06-09 22:09:26.013568365+00:00,14,0,0,0,17.43579808252389,0.9762985001768593,0.0,zonia,0,False
2025-06-09 22:34:39.430480365+00:00,14,0,0,0,16.692613631490772,0.9726658542817407,0.0,zonia,0,False
2025-06-09 22:45:15.743575365+00:00,14,0,0,0,16.56649002664294,0.9684324236261802,0.0,zonia,0,False
2025-06-09 23:15:14.690790365+00:00,14,0,0,0,16.578326921353863,0.9625141011630999,0.0,zonia,0,False
2025-06-09 23:15:45.343577365+00:00,14,0,0,0,16.730800610344055,0.956255355049275,0.0,zonia,0,False
2025-06-09 23:52:01.495261365+00:00,14,0,0,0,16.032317116330294,0.9601762557501604,0.0,zonia,0,False
2025-06-09 23:54:13.493285365+00:00,14,0,0,0,16.189352658963386,0.9610807777826051,0.0,zonia,0,False
2025-06-10 00:00:14.550275365+00:00,14,0,0,0,16.091480908955056,0.9614493627238075,0.0,zonia,0,False
2025-06-10 00:04:03.557550365+00:00,14,0,0,0,15.748065099395427,0.9626703884787651,0.0,zonia,0,False
2025-06-10 00:11:35.940356365+00:00,14,0,0,0,15.811735457003156,0.9631039819747228,0.0,zonia,0,False
2025-06-10 00:21:07.858179365+00:00,14,0,0,0,15.816047551559715,0.9639413270698445,0.0,zonia,0,False
2025-06-10 00:38:13.831686365+00:00,14,0,0,0,15.798385275027607,0.9659864694831095,0.0,zonia,0,False
2025-06-10 01:09:08.342686365+00:00,14,0,0,0,15.210246945534236,0.9688640544615806,0.0,zonia,0,False
2025-06-10 01:20:50.546040365+00:00,14,0,0,0,14.940282352163011,0.9771173996081607,0.0,zonia,0,False
2025-06-10 01:36:31.669087365+00:00,14,0,0,0,15.005618504423529,0.9795780676773979,0.0,zonia,0,False
2025-06-10 01:52:58.657589365+00:00,14,0,0,0,15.113444715296385,0.9808307578265135,0.0,zonia,0,False
2025-06-10 02:11:47.234991365+00:00,14,0,0,0,14.435065911275816,0.9199481999189498,0.0,zonia,0,False
2025-06-10 02:15:45.437715365+00:00,14,0,0,0,14.606372961840256,0.9108119290839606,0.0,zonia,0,False
2025-06-10 02:53:54.960258365+00:00,14,0,0,0,14.578873893150082,0.9111719490031165,0.0,zonia,0,False
2025-06-10 03:04:13.863084365+00:00,14,0,0,0,14.779445488255455,0.9191230765711522,0.0,zonia,0,False
2025-06-10 03:07:46.420598365+00:00,14,0,0,0,14.565590580393343,0.9479397786268924,0.0,zonia,0,False
2025-06-10 03:22:47.343592365+00:00,14,0,0,0,14.474534542976171,0.9478598188108686,0.0,zonia,0,False
2025-06-10 03:39:20.482710365+00:00,14,0,0,0,14.550025281037392,0.9519742664182184,0.0,zonia,0,False
2025-06-10 04:01:06.480294365+00:00,14,0,0,0,14.735944136070568,0.9514953186913664,0.0,zonia,0,False
2025-06-10 04:31:26.521209365+00:00,14,0,0,0,15.878718306665245,0.9641424371023215,0.0,zonia,0,False
2025-06-10 05:17:07.866676365+00:00,14,0,0,0,18.323016967161543,0.9559404124301719,0.0,zonia,0,False
2025-06-10 05:30:50.019923365+00:00,14,0,0,0,18.51503240054414,0.9426251739212542,0.0,zonia,0,False
2025-06-10 05:58:34.820018365+00:00,14,0,0,0,20.53555784505053,0.9520196847044504,0.0,zonia,0,False
2025-06-10 06:16:29.411335365+00:00,14,0,0,0,20.42698820406612,0.9565611230139349,0.0,zonia,0,False
2025-06-10 06:27:42.797781365+00:00,14,0,0,0,20.711162684361902,0.9500240465837076,0.0,zonia,0,False
2025-06-10 06:59:20.099723365+00:00,14,0,0,0,22.06651448047838,0.9422423149932163,0.0,zonia,0,False
2025-06-10 07:00:52.570364365+00:00,14,0,0,0,22.250038431332207,0.9424567782706521,0.0,zonia,0,False
2025-06-10 07:04:20.611616365+00:00,14,0,0,0,22.516237674352748,0.9424431978223661,0.0,zonia,0,False
2025-06-10 07:26:54.173534365+00:00,14,0,0,0,23.663136407825956,0.9465815372905653,0.0,zonia,0,False
2025-06-10 07:35:53.528206365+00:00,14,0,0,0,23.78225670385072,0.9459745825812933,0.0,zonia,0,False
2025-06-10 07:39:22.410082365+00:00,14,0,0,0,23.96587928662294,0.9477423358651988,0.0,zonia,0,False
2025-06-10 07:51:53.098141365+00:00,14,0,0,0,24.076171791883986,0.9475837482559714,0.0,zonia,0,False
2025-06-10 08:11:04.557421365+00:00,14,0,0,0,24.740490371979657,0.9470628399350262,0.0,zonia,0,False
2025-06-10 08:11:26.209674365+00:00,14,0,0,0,24.706729731272226,0.948896253406496,0.0,zonia,0,False
2025-06-10 08:49:33.790648365+00:00,14,0,0,0,25.79577025861714,0.9499890979438331,0.0,zonia,0,False
2025-06-10 08:56:22.169514365+00:00,14,0,0,0,26.56748018487098,0.95105469152794,0.0,zonia,0,False
2025-06-10 09:13:55.893507365+00:00,14,0,0,0,26.411783115376387,0.9690729109980666,0.0,zonia,0,False
2025-06-10 09:38:03.471506365+00:00,14,0,0,0,26.86659156018443,0.9697618976375393,0.0,zonia,0,False
2025-06-10 09:43:01.500560365+00:00,14,0,0,0,27.122105436136764,0.9799808604046667,0.0,zonia,0,False
2025-06-10 09:49:46.493069365+00:00,14,0,0,0,26.86185662675854,0.9803237169455892,0.0,zonia,0,False
2025-06-10 10:53:33.679122365+00:00,14,0,0,0,28.155161005283826,0.9839164299353297,0.0,zonia,0,False
2025-06-10 11:06:39.027059365+00:00,14,0,0,0,28.478059705672987,0.9840189617594792,0.0,zonia,0,False
2025-06-10 11:38:36.699845365+00:00,14,0,0,0,29.053141435935963,0.9815119926352891,0.0,zonia,0,False
2025-06-10 12:14:16.386568365+00:00,14,0,0,0,29.38145947210622,0.9805272179495116,0.0,zonia,0,False
2025-06-10 14:22:33.425972365+00:00,14,0,0,0,30.88040224722799,0.9804489073656291,0.0,zonia,0,False
2025-06-10 14:30:25.209936365+00:00,14,0,0,0,30.38405474565638,0.9823584566133473,0.0,zonia,0,False
2025-06-10 14:33:38.367682365+00:00,14,0,0,0,30.591029870253124,0.9831749024736883,0.0,zonia,0,False
2025-06-10 14:34:48.623855365+00:00,14,0,0,0,30.708259203863637,0.9853518354573669,0.0,zonia,0,False
2025-06-10 14:37:14.205298365+00:00,14,0,0,0,30.6956918155596,0.985247403703411,0.0,zonia,0,False
2025-06-10 14:48:44.456469365+00:00,14,0,0,0,30.916942708222354,0.9857349048521874,0.0,zonia,0,False
2025-06-10 14:53:13.567598365+00:00,14,0,0,0,30.82851045503772,0.9871680943416647,0.0,zonia,0,False
2025-06-10 15:09:56.348688365+00:00,14,0,0,0,31.11964080811076,0.9880846780495548,0.0,zonia,0,False
2025-06-10 15:31:17.444247365+00:00,14,0,0,0,30.907316281904126,0.9904161839491573,0.0,zonia,0,False
2025-06-10 15:45:13.621417365+00:00,14,0,0,0,30.800880836982458,0.9902820122036476,0.0,zonia,0,False
2025-06-10 16:33:52.824410365+00:00,14,0,0,0,29.69139474662117,0.9251615103104281,0.0,zonia,0,False
2025-06-10 16:57:07.831593365+00:00,14,0,0,0,30.16257328908283,0.9379815196585238,0.0,zonia,0,False
2025-06-10 17:28:25.731084365+00:00,14,0,0,0,29.25836717022409,0.9565976901466107,0.0,zonia,0,False
2025-06-10 17:38:24.164367365+00:00,14,0,0,0,28.349498640227146,0.9568512461583492,0.0,zonia,0,False
2025-06-10 18:12:09.727124365+00:00,14,0,0,0,26.717827155839064,0.9496364928530404,0.0,zonia,0,False
2025-06-10 19:00:28.268654365+00:00,14,0,0,0,23.908970612205135,0.9557648932284104,0.0,zonia,0,False
2025-06-10 19:12:32.092297365+00:00,14,0,0,0,23.76672219096095,0.9671540039314378,0.0,zonia,0,False
2025-06-10 19:19:20.582925365+00:00,14,0,0,0,23.21941693796818,0.9679105959678553,0.0,zonia,0,False
2025-06-10 19:27:52.989533365+00:00,14,0,0,0,22.943692509377836,0.9671425231394984,0.0,zonia,0,False
2025-06-10 19:32:10.926117365+00:00,14,0,0,0,22.649093875486166,0.9674752053488571,0.0,zonia,0,False
2025-06-10 19:56:51.217315365+00:00,14,0,0,0,22.533291345371495,0.9630456891256415,0.0,zonia,0,False
2025-06-10 20:19:39.012991365+00:00,14,0,0,0,21.673095341910333,0.9630814992802257,0.0,zonia,0,False
2025-06-10 21:00:23.953163365+00:00,14,0,0,0,21.418126316007363,0.9650097595639799,0.0,zonia,0,False
2025-06-10 21:04:02.512900365+00:00,14,0,0,0,20.743293675528307,0.9625417449765535,0.0,zonia,0,False
2025-06-10 21:08:41.287227365+00:00,14,0,0,0,20.888443331329178,0.9644900585002464,0.0,zonia,0,False
2025-06-10 21:12:17.442487365+00:00,14,0,0,0,20.862715244344255,0.964747688348929,0.0,zonia,0,False
2025-06-10 21:32:22.628597365+00:00,14,0,0,0,20.452244996052016,0.9675230556374983,0.0,zonia,0,False
2025-06-10 21:59:54.635480365+00:00,14,0,0,0,20.153147647306476,0.9608156567823471,0.0,zonia,0,False
2025-06-10 22:05:38.488609365+00:00,14,0,0,0,19.888165475329803,0.9605541100407944,0.0,zonia,0,False
2025-06-10 22:15:57.474280365+00:00,14,0,0,0,19.626258452789475,0.963626283171972,0.0,zonia,0,False
2025-06-10 23:08:25.147496365+00:00,14,0,0,0,18.45727891457199,0.9616602505388981,0.0,zonia,0,False
2025-06-10 23:18:09.248194365+00:00,14,0,0,0,18.543561425985217,0.9694413024018695,0.0,zonia,0,False
2025-06-10 23:26:04.056371365+00:00,14,0,0,0,18.58115805416552,0.970806144783794,0.0,zonia,0,False
2025-06-10 23:26:35.735817365+00:00,14,0,0,0,18.624299298797663,0.9717445184965863,0.0,zonia,0,False
2025-06-11 00:08:44.675318365+00:00,14,0,0,0,18.545239546980742,0.9725951703883652,0.0,zonia,0,False
2025-06-11 00:10:14.481513365+00:00,14,0,0,0,18.617472863329724,0.9767975092050614,0.0,zonia,0,False
2025-06-11 00:44:18.323718365+00:00,14,0,0,0,18.394176044404247,0.9793609667824265,0.0,zonia,0,False
2025-06-11 00:55:02.827260365+00:00,14,0,0,0,18.006204448414373,0.981692709672502,0.0,zonia,0,False
2025-06-11 00:58:48.107834365+00:00,14,0,0,0,17.95077325370727,0.985418433083364,0.0,zonia,0,False
2025-06-11 01:02:41.433761365+00:00,14,0,0,0,18.051860006432616,0.9867565928939589,0.0,zonia,0,False
2025-06-11 01:24:26.465966365+00:00,14,0,0,0,17.908590420355715,0.9851568815520478,0.0,zonia,0,False
2025-06-11 01:27:04.602284365+00:00,14,0,0,0,18.159601030828718,0.9862589408200513,0.0,zonia,0,False
2025-06-11 02:27:17.368995365+00:00,14,0,0,0,17.320147946713856,0.9852948506830693,0.0,zonia,0,False
2025-06-11 02:59:37.373409365+00:00,14,0,0,0,17.184389068683174,0.9837094795604286,0.0,zonia,0,False
2025-06-11 03:05:37.520966365+00:00,14,0,0,0,16.851810823643056,0.9848160711689051,0.0,zonia,0,False
2025-06-11 03:21:55.766198365+00:00,14,0,0,0,17.03987014077014,0.9842089856208668,0.0,zonia,0,False
2025-06-11 03:38:12.401991365+00:00,14,0,0,0,16.447842170996058,0.9838505812437234,0.0,zonia,0,False
2025-06-11 03:44:38.512478365+00:00,14,0,0,0,16.82544643012505,0.9857335159411555,0.0,zonia,0,False
2025-06-11 04:02:50.156182365+00:00,14,0,0,0,17.221749593014195,0.9825121038083401,0.0,zonia,0,False
2025-06-11 04:06:47.015940365+00:00,14,0,0,0,17.436711366031055,0.984054288050031,0.0,zonia,0,False
2025-06-11 04:20:25.473237365+00:00,14,0,0,0,17.834086638355313,0.9840360252292027,0.0,zonia,0,False
2025-06-11 04:47:13.086036365+00:00,14,0,0,0,19.516520254846373,0.9843770977475541,0.0,zonia,0,False
2025-06-11 04:57:48.651024365+00:00,14,0,0,0,19.88749616685254,0.8938300918024727,0.0,zonia,0,False
2025-06-11 05:31:45.696546365+00:00,14,0,0,0,21.854040606774824,0.8912306306694794,0.0,zonia,0,False
2025-06-11 06:45:02.921688365+00:00,14,0,0,0,26.605806145953984,0.890778047436614,0.0,zonia,0,False
2025-06-11 07:00:52.393907365+00:00,14,0,0,0,27.431153246252236,0.8911088439014433,0.0,zonia,0,False
2025-06-11 07:36:22.947059365+00:00,14,0,0,0,28.221896702606667,0.9298256675998713,0.0,zonia,0,False
2025-06-11 07:58:56.611519365+00:00,14,0,0,0,28.52792195626109,0.9330110046263247,0.0,zonia,0,False
2025-06-11 08:19:27.735813365+00:00,14,0,0,0,29.39650555076772,0.9310654660634271,0.0,zonia,0,False
2025-06-11 08:37:49.889145365+00:00,14,0,0,0,30.130995606735716,0.9402036570206763,0.0,zonia,0,False
2025-06-11 09:47:05.213364365+00:00,14,0,0,0,30.60199665991346,0.9332127183653258,0.0,zonia,0,False
2025-06-11 09:52:20.030860365+00:00,14,0,0,0,30.83443844199413,0.8898284978115054,0.0,zonia,0,False
2025-06-11 10:00:58.489271365+00:00,14,0,0,0,31.456312365915373,0.9158133267213111,0.0,zonia,0,False
2025-06-11 10:22:04.258946365+00:00,14,0,0,0,31.48531048680158,0.9258065664925562,0.0,zonia,0,False
2025-06-11 10:26:31.815518365+00:00,14,0,0,0,31.707853580872747,0.9259514388900129,0.0,zonia,0,False
2025-06-11 10:32:37.839192365+00:00,14,0,0,0,31.61693036121697,0.928376506855009,0.0,zonia,0,False
2025-06-11 10:34:20.646379365+00:00,14,0,0,0,31.746468946358625,0.9471508313591784,0.0,zonia,0,False
2025-06-11 10:37:21.054428365+00:00,14,0,0,0,31.6420341063196,0.9587442526252692,0.0,zonia,0,False
2025-06-11 11:05:20.374364365+00:00,14,0,0,0,31.940160821353157,0.9643001880660981,0.0,zonia,0,False
2025-06-11 11:06:22.527026365+00:00,14,0,0,0,31.786156258663148,0.9710508924819099,0.0,zonia,0,False
2025-06-11 11:25:38.638785365+00:00,14,0,0,0,32.349977632172546,0.9659770554211088,0.0,zonia,0,False
2025-06-11 12:03:18.631387365+00:00,14,0,0,0,32.28640726538514,0.9619146424780112,0.0,zonia,0,False
2025-06-11 12:27:26.016107365+00:00,14,0,0,0,32.2301856692747,0.9640927441207499,0.0,zonia,0,False
2025-06-11 12:32:38.349033365+00:00,14,0,0,0,32.27660628254678,0.962712337690687,0.0,zonia,0,False
2025-06-11 13:17:09.896991365+00:00,14,0,0,0,32.58123675490208,0.9575712567361346,0.0,zonia,0,False
2025-06-11 13:44:34.910151365+00:00,14,0,0,0,32.93784910414558,0.9492376768284075,0.0,zonia,0,False
2025-06-11 13:47:50.115772365+00:00,14,0,0,0,32.74596976350618,0.9522575431826044,0.0,zonia,0,False
2025-06-11 14:14:39.235977365+00:00,14,0,0,0,32.68342015572089,0.891379363241021,0.0,zonia,0,False
2025-06-11 15:02:32.977191365+00:00,14,0,0,0,33.371794775288755,0.9015474394972299,0.0,zonia,0,False
2025-06-11 15:38:54.252388365+00:00,14,0,0,0,33.144225038742384,0.9029218209516919,0.0,zonia,0,False
2025-06-11 16:04:40.536759365+00:00,14,0,0,0,31.709386637865208,0.8970130563381481,0.0,zonia,0,False
2025-06-11 16:28:24.097962365+00:00,14,0,0,0,31.021814366447835,0.8998475034614154,0.0,zonia,0,False
2025-06-11 16:32:23.409377365+00:00,14,0,0,0,31.070965959290156,0.9030994910910569,0.0,zonia,0,False
2025-06-11 16:44:45.301531365+00:00,14,0,0,0,30.148634696189294,0.9053130675700496,0.0,zonia,0,False
2025-06-11 16:49:48.479240365+00:00,14,0,0,0,30.83564738531392,0.9049329265558997,0.0,zonia,0,False
2025-06-11 16:54:01.015420365+00:00,14,0,0,0,29.925025184737414,0.9072347476840871,0.0,zonia,0,False
2025-06-11 16:59:48.842266365+00:00,14,0,0,0,29.916664910427585,0.909779906899847,0.0,zonia,0,False
2025-06-11 17:13:53.941760365+00:00,14,0,0,0,29.447940474629977,0.9103395998834116,0.0,zonia,0,False
2025-06-11 17:52:32.264917365+00:00,14,0,0,0,28.217836892049295,0.9120185375575837,0.0,zonia,0,False
2025-06-11 18:01:10.809673365+00:00,14,0,0,0,28.20370278864227,0.943602933994385,0.0,zonia,0,False
2025-06-11 18:15:00.317859365+00:00,14,0,0,0,27.34213221218061,0.9465119430876017,0.0,zonia,0,False
2025-06-11 18:19:33.678784365+00:00,14,0,0,0,27.168686734725448,0.948190321355299,0.0,zonia,0,False
2025-06-11 18:30:18.332759365+00:00,14,0,0,0,26.559963308958057,0.9627477701280747,0.0,zonia,0,False
2025-06-11 18:32:47.962962365+00:00,14,0,0,0,26.515172854801975,0.9609614627329254,0.0,zonia,0,False
2025-06-11 19:11:29.002326365+00:00,14,0,0,0,24.313393230396382,0.9623492772961414,0.0,zonia,0,False
2025-06-11 19:20:23.243461365+00:00,14,0,0,0,24.222043035554822,0.9710929709772717,0.0,zonia,0,False
2025-06-11 19:28:03.275350365+00:00,14,0,0,0,23.816210690646827,0.9756771668186527,0.0,zonia,0,False
2025-06-11 19:32:27.005562365+00:00,14,0,0,0,23.81589942374702,0.9737749885670655,0.0,zonia,0,False
2025-06-11 19:56:21.546780365+00:00,14,0,0,0,22.86153859996627,0.9771313177336858,0.0,zonia,0,False
2025-06-11 20:24:56.159848365+00:00,14,0,0,0,22.154710181842304,0.9768970436372271,0.0,zonia,0,False
2025-06-11 20:52:18.239266365+00:00,14,0,0,0,22.28196362812014,0.9767489118554372,0.0,zonia,0,False
2025-06-11 21:09:17.956557365+00:00,14,0,0,0,21.85844504690105,0.975706026568616,0.0,zonia,0,False
2025-06-11 21:14:27.137820365+00:00,14,0,0,0,21.207350368589477,0.9742140867200699,0.0,zonia,0,False
2025-06-11 21:25:58.515893365+00:00,14,0,0,0,21.2930679216871,0.9784968121991761,0.0,zonia,0,False
2025-06-11 22:05:56.004910365+00:00,14,0,0,0,20.146393251147863,0.9752956797664777,0.0,zonia,0,False
2025-06-11 22:30:10.242744365+00:00,14,0,0,0,19.88842270551643,0.9765477257793195,0.0,zonia,0,False
2025-06-11 22:47:39.455085365+00:00,14,0,0,0,20.006980984000947,0.9819866289059227,0.0,zonia,0,False
2025-06-11 22:47:56.646301365+00:00,14,0,0,0,19.67478974119691,0.9841908365652452,0.0,zonia,0,False
2025-06-11 23:06:07.400452365+00:00,14,0,0,0,19.752275194884675,0.9814669745736709,0.0,zonia,0,False
2025-06-11 23:32:31.898120365+00:00,14,0,0,0,19.450744109746516,0.9745194059145862,0.0,zonia,0,False
2025-06-11 23:36:16.649183365+00:00,14,0,0,0,19.58737912947577,0.9723557554196599,0.0,zonia,0,False
2025-06-11 23:49:12.038929365+00:00,14,0,0,0,19.283448435673545,0.9726783530641236,0.0,zonia,0,False
2025-06-11 23:49:45.102941365+00:00,14,0,0,0,18.990465559504006,0.9740344408394057,0.0,zonia,0,False
2025-06-11 23:54:27.380366365+00:00,14,0,0,0,19.03014384892874,0.9733202221065518,0.0,zonia,0,False
2025-06-12 00:37:09.055341365+00:00,14,0,0,0,18.929008396513968,0.9693246524029245,0.0,zonia,0,False
2025-06-12 00:42:44.223071365+00:00,14,0,0,0,18.99003832438574,0.9764637087550841,0.0,zonia,0,False
2025-06-12 00:56:11.451192365+00:00,14,0,0,0,18.46747079965142,0.9774439283067797,0.0,zonia,0,False
2025-06-12 01:05:06.334915365+00:00,14,0,0,0,18.657408995324325,0.9775156521967344,0.0,zonia,0,False
2025-06-12 01:22:08.075125365+00:00,14,0,0,0,18.39344550163976,0.9517856216797841,0.0,zonia,0,False
2025-06-12 01:34:26.590189365+00:00,14,0,0,0,18.054785857443008,0.9543613671530176,0.0,zonia,0,False
2025-06-12 01:39:26.356516365+00:00,14,0,0,0,17.98298024607368,0.9555594709467445,0.0,zonia,0,False
2025-06-12 01:54:24.366477365+00:00,14,0,0,0,17.99326547591479,0.95657402321734,0.0,zonia,0,False
2025-06-12 02:00:02.375396365+00:00,14,0,0,0,17.558255412828224,0.9620733294262954,0.0,zonia,0,False
2025-06-12 02:20:01.937920365+00:00,14,0,0,0,17.946526233281478,0.9627965046813832,0.0,zonia,0,False
2025-06-12 02:26:05.446180365+00:00,14,0,0,0,17.83303345536466,0.9607031657073856,0.0,zonia,0,False
2025-06-12 02:32:13.563304365+00:00,14,0,0,0,17.469652827418326,0.9616122593733542,0.0,zonia,0,False
2025-06-12 02:43:21.024295365+00:00,14,0,0,0,17.33219022169829,0.9587087490309452,0.0,zonia,0,False
2025-06-12 02:57:11.951360365+00:00,14,0,0,0,17.07740955666259,0.9604030619216742,0.0,zonia,0,False
2025-06-12 03:16:47.219182365+00:00,14,0,0,0,17.1070363451855,0.9698493909562342,0.0,zonia,0,False
2025-06-12 03:44:30.314196365+00:00,14,0,0,0,16.91781044212511,0.9742228126161623,0.0,zonia,0,False
2025-06-12 04:04:00.681125365+00:00,14,0,0,0,16.797176849557758,0.9798118082265059,0.0,zonia,0,False
2025-06-12 04:33:57.370009365+00:00,14,0,0,0,17.814252609437915,0.9771048930820584,0.0,zonia,0,False
2025-06-12 04:34:32.356385365+00:00,14,0,0,0,18.05124683626636,0.9763598976729382,0.0,zonia,0,False
2025-06-12 04:37:30.784368365+00:00,14,0,0,0,18.011619139391524,0.9752332760302019,0.0,zonia,0,False
2025-06-12 04:44:46.056697365+00:00,14,0,0,0,18.540244356644493,0.9731279463294837,0.0,zonia,0,False
2025-06-12 05:07:42.569988365+00:00,14,0,0,0,20.098479638783644,0.9725825298183425,0.0,zonia,0,False
2025-06-12 05:15:20.711533365+00:00,14,0,0,0,20.762239426833663,0.9727473165653985,0.0,zonia,0,False
2025-06-12 05:36:56.674853365+00:00,14,0,0,0,21.815739609488325,0.9742392640079921,0.0,zonia,0,False
2025-06-12 05:37:37.723640365+00:00,14,0,0,0,21.869023096283826,0.9752386367495706,0.0,zonia,0,False
2025-06-12 05:46:00.113562365+00:00,14,0,0,0,21.968436781839003,0.9682364742356313,0.0,zonia,0,False
2025-06-12 05:48:52.740753365+00:00,14,0,0,0,22.558780548897815,0.9702331590524119,0.0,zonia,0,False
2025-06-12 07:01:49.896492365+00:00,14,0,0,0,25.848367576601763,0.9744461229917057,0.0,zonia,0,False
2025-06-12 07:06:35.092490365+00:00,14,0,0,0,26.334614748133056,0.9741054994677739,0.0,zonia,0,False
2025-06-12 07:12:51.675478365+00:00,14,0,0,0,26.662658905505864,0.9752615778550046,0.0,zonia,0,False
2025-06-12 07:19:54.607239365+00:00,14,0,0,0,27.061629422620438,0.9748675323291689,0.0,zonia,0,False
2025-06-12 07:32:11.472352365+00:00,14,0,0,0,27.468958405275256,0.974215695340723,0.0,zonia,0,False
2025-06-12 07:52:18.457543365+00:00,14,0,0,0,28.44181866948783,0.9770131834308382,0.0,zonia,0,False
2025-06-12 08:09:42.008175365+00:00,14,0,0,0,28.594030186074306,0.9769741144397569,0.0,zonia,0,False
2025-06-12 08:19:09.420267365+00:00,14,0,0,0,28.81789583203285,0.9811191527943388,0.0,zonia,0,False
2025-06-12 08:33:32.279374365+00:00,14,0,0,0,29.11221547135884,0.9819195090324132,0.0,zonia,0,False
2025-06-12 08:47:07.365928365+00:00,14,0,0,0,29.471974092765688,0.9805210965963307,0.0,zonia,0,False
2025-06-12 08:48:59.285075365+00:00,14,0,0,0,29.460771586538442,0.9844756583714152,0.0,zonia,0,False
2025-06-12 09:22:35.031466365+00:00,14,0,0,0,29.948473224679454,0.9819774907085569,0.0,zonia,0,False
2025-06-12 09:26:36.401688365+00:00,14,0,0,0,30.002917958132585,0.9830118237471578,0.0,zonia,0,False
2025-06-12 09:29:35.233684365+00:00,14,0,0,0,30.192108098509806,0.9830793869360387,0.0,zonia,0,False
2025-06-12 09:48:52.093919365+00:00,14,0,0,0,30.48303313941405,0.9820999379068039,0.0,zonia,0,False
2025-06-12 10:13:13.689273365+00:00,14,0,0,0,30.673430941267032,0.9807755325555025,0.0,zonia,0,False
2025-06-12 10:51:49.187069365+00:00,14,0,0,0,31.55814010957708,0.9764416784536678,0.0,zonia,0,False
2025-06-12 10:54:20.797768365+00:00,14,0,0,0,31.881675147027757,0.9763743374232848,0.0,zonia,0,False
2025-06-12 11:19:27.528150365+00:00,14,0,0,0,32.11768253317838,0.9728532036317715,0.0,zonia,0,False
2025-06-12 12:05:35.914165365+00:00,14,0,0,0,32.28272929063068,0.9713847363185454,0.0,zonia,0,False
2025-06-12 12:07:29.283119365+00:00,14,0,0,0,32.32487352434077,0.9695167316741969,0.0,zonia,0,False
2025-06-12 12:39:56.962813365+00:00,14,0,0,0,32.71812190307226,0.9655332408284739,0.0,zonia,0,False
2025-06-12 13:06:36.995170365+00:00,14,0,0,0,32.82121987859465,0.964201790941905,0.0,zonia,0,False
2025-06-12 13:34:45.607665365+00:00,14,0,0,0,33.51615181600099,0.9633903436314437,0.0,zonia,0,False
2025-06-12 13:56:11.238974365+00:00,14,0,0,0,33.277530826869885,0.9641724002703258,0.0,zonia,0,False
2025-06-12 14:19:55.940929365+00:00,14,0,0,0,33.83749020200648,0.9560268175389723,0.0,zonia,0,False
2025-06-12 14:20:36.260408365+00:00,14,0,0,0,33.55959219197555,0.952922578380084,0.0,zonia,0,False
2025-06-12 14:58:50.828100365+00:00,14,0,0,0,33.32005244627623,0.950247357123259,0.0,zonia,0,False
2025-06-12 15:20:29.460134365+00:00,14,0,0,0,32.42819917679509,0.9439282287070231,0.0,zonia,0,False
2025-06-12 15:34:50.269205365+00:00,14,0,0,0,32.75185246145502,0.9474408371653503,0.0,zonia,0,False
2025-06-12 15:38:58.289777365+00:00,14,0,0,0,32.51429558712993,0.9478358196912791,0.0,zonia,0,False
2025-06-12 15:47:43.950390365+00:00,14,0,0,0,33.02145883796369,0.9511723075729622,0.0,zonia,0,False
2025-06-12 15:58:30.437156365+00:00,14,0,0,0,32.38571159503637,0.9461147174284522,0.0,zonia,0,False
2025-06-12 16:24:46.663061365+00:00,14,0,0,0,31.33363037452094,0.9481645718215718,0.0,zonia,0,False
2025-06-12 16:34:28.164330365+00:00,14,0,0,0,31.47637796451986,0.9480810989966627,0.0,zonia,0,False
2025-06-12 16:35:59.473313365+00:00,14,0,0,0,30.86880242528043,0.9504979153936445,0.0,zonia,0,False
2025-06-12 16:53:15.349496365+00:00,14,0,0,0,31.175470833248326,0.946671546055154,0.0,zonia,0,False
2025-06-12 16:59:31.288855365+00:00,14,0,0,0,30.403082785094227,0.9547006008744187,0.0,zonia,0,False
2025-06-12 17:16:22.440981365+00:00,14,0,0,0,29.967920721263766,0.9578502753741116,0.0,zonia,0,False
2025-06-12 17:54:07.766985365+00:00,14,0,0,0,28.679747178256385,0.9586485743869423,0.0,zonia,0,False
2025-06-12 17:56:53.001186365+00:00,14,0,0,0,28.938348154647574,0.9581840534433076,0.0,zonia,0,False
2025-06-12 18:05:40.017951365+00:00,14,0,0,0,27.963294776594186,0.9636912528918974,0.0,zonia,0,False
2025-06-12 18:12:32.853993365+00:00,14,0,0,0,28.03364175851416,0.9642239643887054,0.0,zonia,0,False
2025-06-12 18:21:57.389217365+00:00,14,0,0,0,27.428031861096716,0.9631722100128629,0.0,zonia,0,False
2025-06-12 18:22:00.489212365+00:00,14,0,0,0,27.628364718971326,0.969042710165248,0.0,zonia,0,False
2025-06-12 18:23:38.734536365+00:00,14,0,0,0,27.51527860102733,0.9681601929426616,0.0,zonia,0,False
2025-06-12 18:24:44.710831365+00:00,14,0,0,0,26.93659128459276,0.972482813407048,0.0,zonia,0,False
2025-06-12 18:33:23.465352365+00:00,14,0,0,0,27.319014050125034,0.9745868921968325,0.0,zonia,0,False
2025-06-12 19:55:12.404575365+00:00,14,0,0,0,23.316816416863333,0.9758417461044699,0.0,zonia,0,False
2025-06-12 20:35:58.590825365+00:00,14,0,0,0,22.347436469331928,0.9772350818294546,0.0,zonia,0,False
2025-06-12 20:44:02.492400365+00:00,14,0,0,0,22.202097454315123,0.9793410333842398,0.0,zonia,0,False
2025-06-12 21:05:58.461608365+00:00,14,0,0,0,21.754338681833104,0.9767779601844524,0.0,zonia,0,False
2025-06-12 21:19:12.984507365+00:00,14,0,0,0,21.337032738496383,0.9781384163098016,0.0,zonia,0,False
2025-06-12 21:44:08.989837365+00:00,14,0,0,0,21.310288896050526,0.9793466155295247,0.0,zonia,0,False
2025-06-12 21:54:00.862645365+00:00,14,0,0,0,21.063757170183404,0.9779906786271295,0.0,zonia,0,False
2025-06-12 22:34:26.266034365+00:00,14,0,0,0,21.191560216378388,0.9742895160586367,0.0,zonia,0,False
2025-06-12 23:03:47.530892365+00:00,14,0,0,0,20.14648872637645,0.9688095872623839,0.0,zonia,0,False
2025-06-12 23:06:34.708673365+00:00,14,0,0,0,20.18314086447614,0.962805400878925,0.0,zonia,0,False
2025-06-12 23:33:22.370141365+00:00,14,0,0,0,19.812236098920327,0.9547855588496977,0.0,zonia,0,False
2025-06-13 00:00:23.327286365+00:00,14,0,0,0,20.00759034663933,0.9581211980014042,0.0,zonia,0,False
2025-06-13 00:19:58.109192365+00:00,14,0,0,0,19.780418711784474,0.9579012749032645,0.0,zonia,0,False
2025-06-13 00:23:07.499038365+00:00,14,0,0,0,19.21295918834817,0.9586162925816577,0.0,zonia,0,False
2025-06-13 00:39:57.302999365+00:00,14,0,0,0,19.57029985030675,0.9634861507343038,0.0,zonia,0,False
2025-06-13 01:05:43.536467365+00:00,14,0,0,0,18.880752534475917,0.9689445289764189,0.0,zonia,0,False
2025-06-13 01:08:36.316026365+00:00,14,0,0,0,19.001122457851004,0.973390096866038,0.0,zonia,0,False
2025-06-13 01:28:00.884036365+00:00,14,0,0,0,18.807336800296117,0.9718455266033572,0.0,zonia,0,False
2025-06-13 01:55:06.464504365+00:00,14,0,0,0,18.61209946427008,0.9713793428403763,0.0,zonia,0,False
2025-06-13 01:58:09.575591365+00:00,14,0,0,0,18.64627621683745,0.9727717060361333,0.0,zonia,0,False
2025-06-13 02:23:20.884228365+00:00,14,0,0,0,18.46459390653447,0.974254484488025,0.0,zonia,0,False
2025-06-13 02:33:19.032376365+00:00,14,0,0,0,18.279495294504567,0.9741122026776772,0.0,zonia,0,False
2025-06-13 03:12:18.996914365+00:00,14,0,0,0,18.14332830615043,0.9769056068540584,0.0,zonia,0,False
2025-06-13 03:45:54.337235365+00:00,14,0,0,0,17.73297914950318,0.9811012821699364,0.0,zonia,0,False
2025-06-13 03:52:43.376834365+00:00,14,0,0,0,17.774674073126487,0.9829801560840953,0.0,zonia,0,False
2025-06-13 04:01:55.464867365+00:00,14,0,0,0,17.797486487889348,0.9848593355821237,0.0,zonia,0,False
2025-06-13 04:30:18.552866365+00:00,14,0,0,0,18.974532998310256,0.9841866079406636,0.0,zonia,0,False
2025-06-13 04:36:08.943835365+00:00,14,0,0,0,19.05392176185923,0.9818696842605092,0.0,zonia,0,False
2025-06-13 04:53:40.150347365+00:00,14,0,0,0,19.856215234930577,0.9790804822228115,0.0,zonia,0,False
2025-06-13 05:15:40.422840365+00:00,14,0,0,0,21.610764230332272,0.9786588806294064,0.0,zonia,0,False
2025-06-13 05:17:22.441151365+00:00,14,0,0,0,21.569034623794863,0.9706348193089839,0.0,zonia,0,False
2025-06-13 05:17:26.109276365+00:00,14,0,0,0,21.68045642785002,0.9684021216815875,0.0,zonia,0,False
2025-06-13 05:24:15.175105365+00:00,14,0,0,0,21.661603847904075,0.9697300022791825,0.0,zonia,0,False
2025-06-13 05:59:44.933254365+00:00,14,0,0,0,23.97174816416691,0.9704033536502106,0.0,zonia,0,False
2025-06-13 06:13:34.165693365+00:00,14,0,0,0,24.848347963078144,0.9393241453780811,0.0,zonia,0,False
2025-06-13 06:22:03.842862365+00:00,14,0,0,0,25.5022571729658,0.8940458081031604,0.0,zonia,0,False
2025-06-13 06:40:35.978327365+00:00,14,0,0,0,26.884695572365043,0.9018744480432132,0.0,zonia,0,False
2025-06-13 07:10:11.324317365+00:00,14,0,0,0,27.566153862742635,0.9083360275336237,0.0,zonia,0,False
2025-06-13 07:14:13.524159365+00:00,14,0,0,0,27.688794104749295,0.9214767486970795,0.0,zonia,0,False
2025-06-13 07:44:37.659993365+00:00,14,0,0,0,28.921387135306514,0.9207620801298422,0.0,zonia,0,False
2025-06-13 07:49:44.314114365+00:00,14,0,0,0,29.39862387917089,0.9408882084134979,0.0,zonia,0,False
2025-06-13 07:55:39.827398365+00:00,14,0,0,0,29.146386744135665,0.9536896075883378,0.0,zonia,0,False
2025-06-13 08:46:08.562165365+00:00,14,0,0,0,30.681535132044807,0.9628016402830708,0.0,zonia,0,False
2025-06-13 08:54:58.184347365+00:00,14,0,0,0,30.72203956504688,0.9692692646093563,0.0,zonia,0,False
2025-06-13 08:58:00.258253365+00:00,14,0,0,0,31.041494114883726,0.9740837679689199,0.0,zonia,0,False
2025-06-13 08:58:50.692891365+00:00,14,0,0,0,30.704287740004368,0.9755223412117614,0.0,zonia,0,False
2025-06-13 09:11:22.530481365+00:00,14,0,0,0,30.80437437649531,0.9747055836637729,0.0,zonia,0,False
2025-06-13 09:19:53.514112365+00:00,14,0,0,0,31.04733615575866,0.9781225596692653,0.0,zonia,0,False
2025-06-13 09:30:57.374023365+00:00,14,0,0,0,31.452493599462642,0.9783703995966555,0.0,zonia,0,False
2025-06-13 09:36:22.702289365+00:00,14,0,0,0,31.260618482832683,0.9755334894173949,0.0,zonia,0,False
2025-06-13 09:49:25.835544365+00:00,14,0,0,0,32.01686915531774,0.9776873208461424,0.0,zonia,0,False
2025-06-13 10:16:02.559055365+00:00,14,0,0,0,32.61093946601684,0.978296390864889,0.0,zonia,0,False
2025-06-13 10:38:04.846228365+00:00,14,0,0,0,32.57037024436151,0.97866561407512,0.0,zonia,0,False
2025-06-13 10:46:21.779135365+00:00,14,0,0,0,32.53552656064525,0.9794350219040598,0.0,zonia,0,False
2025-06-13 11:38:12.411317365+00:00,14,0,0,0,33.02300488760307,0.9797783944934947,0.0,zonia,0,False
2025-06-13 12:43:39.617036365+00:00,14,0,0,0,34.08484707627271,0.9774654003761366,0.0,zonia,0,False
2025-06-13 12:49:50.546934365+00:00,14,0,0,0,33.96026192185687,0.9697317541391927,0.0,zonia,0,False
2025-06-13 12:55:45.413378365+00:00,14,0,0,0,34.26355805372702,0.9681460756063397,0.0,zonia,0,False
2025-06-13 13:10:28.557774365+00:00,14,0,0,0,33.970285634739135,0.9646519241180641,0.0,zonia,0,False
2025-06-13 13:26:26.269498365+00:00,14,0,0,0,34.28533416918681,0.9624735577305147,0.0,zonia,0,False
2025-06-13 14:03:12.379261365+00:00,14,0,0,0,33.751576813186404,0.9606631150351198,0.0,zonia,0,False
2025-06-13 14:08:05.559775365+00:00,14,0,0,0,34.49786106352523,0.9656236750808472,0.0,zonia,0,False
2025-06-13 14:09:40.786100365+00:00,14,0,0,0,34.28546418213553,0.9655799822028456,0.0,zonia,0,False
2025-06-13 14:11:52.420106365+00:00,14,0,0,0,34.12379747525037,0.9639196773593073,0.0,zonia,0,False
2025-06-13 14:13:05.546374365+00:00,14,0,0,0,34.351079349279736,0.9638930571817126,0.0,zonia,0,False
2025-06-13 14:37:51.176641365+00:00,14,0,0,0,33.71982860910431,0.9550021920874474,0.0,zonia,0,False
2025-06-13 14:38:50.392576365+00:00,14,0,0,0,34.3126901070124,0.9458442372207415,0.0,zonia,0,False
2025-06-13 14:42:21.713380365+00:00,14,0,0,0,33.938218606282476,0.9442928789618666,0.0,zonia,0,False
2025-06-13 14:49:33.573951365+00:00,14,0,0,0,33.84178094118315,0.9485148748399101,0.0,zonia,0,False
2025-06-13 15:10:28.315067365+00:00,14,0,0,0,32.96031225586237,0.9438818412474463,0.0,zonia,0,False
2025-06-13 15:41:30.124698365+00:00,14,0,0,0,32.84328242639017,0.9453222879009929,0.0,zonia,0,False
2025-06-13 16:05:42.329682365+00:00,14,0,0,0,31.965397936517416,0.9479127459802108,0.0,zonia,0,False
2025-06-13 16:13:57.981678365+00:00,14,0,0,0,32.12550093292162,0.9432319222446149,0.0,zonia,0,False
2025-06-13 16:19:52.195955365+00:00,14,0,0,0,32.01911060828501,0.9431874607075468,0.0,zonia,0,False
2025-06-13 16:28:52.511113365+00:00,14,0,0,0,31.776072308859497,0.944391856846949,0.0,zonia,0,False
2025-06-13 17:06:35.737067365+00:00,14,0,0,0,30.97604432077907,0.9465914208596756,0.0,zonia,0,False
2025-06-13 17:26:24.708600365+00:00,14,0,0,0,30.42955312944361,0.9527320018026254,0.0,zonia,0,False
2025-06-13 17:30:16.334968365+00:00,14,0,0,0,30.27729549665624,0.9495107794254185,0.0,zonia,0,False
2025-06-13 18:03:27.711867365+00:00,14,0,0,0,29.058853270941107,0.9496240745679836,0.0,zonia,0,False
2025-06-13 18:37:53.702115365+00:00,14,0,0,0,27.183681573139047,0.9510216026874747,0.0,zonia,0,False
2025-06-13 18:46:33.670486365+00:00,14,0,0,0,26.792332817399238,0.9532751419030515,0.0,zonia,0,False
2025-06-13 19:01:03.922285365+00:00,14,0,0,0,25.804475466571798,0.9505620131110548,0.0,zonia,0,False
2025-06-13 19:33:27.696789365+00:00,14,0,0,0,24.870581416376965,0.9607125582155902,0.0,zonia,0,False
2025-06-13 19:57:48.468801365+00:00,14,0,0,0,24.05388855513199,0.9646898231904125,0.0,zonia,0,False
2025-06-13 20:36:27.484320365+00:00,14,0,0,0,23.206747604019984,0.9673506947362348,0.0,zonia,0,False
2025-06-13 20:46:21.863028365+00:00,14,0,0,0,22.99726927925922,0.9650835914781029,0.0,zonia,0,False
2025-06-13 21:15:41.145978365+00:00,14,0,0,0,22.464098455274264,0.9641951637771646,0.0,zonia,0,False
2025-06-13 21:53:46.819706365+00:00,14,0,0,0,21.15715959466527,0.9687159033612416,0.0,zonia,0,False
2025-06-13 22:03:45.990470365+00:00,14,0,0,0,21.43344596456741,0.9607820270182159,0.0,zonia,0,False
2025-06-13 22:10:52.565857365+00:00,14,0,0,0,21.44650915441414,0.9573681904778698,0.0,zonia,0,False
2025-06-13 22:14:48.817753365+00:00,14,0,0,0,22.115666082647216,0.9536821271164502,0.0,zonia,0,False
2025-06-13 22:21:23.511323365+00:00,14,0,0,0,22.199495061350646,0.9441539079882242,0.0,zonia,0,False
2025-06-13 22:24:16.051856365+00:00,14,0,0,0,21.649317126456854,0.9461129901244381,0.0,zonia,0,False
2025-06-13 22:43:08.196939365+00:00,14,0,0,0,20.722243163513323,0.954093888346966,0.0,zonia,0,False
2025-06-13 23:14:49.141181365+00:00,14,0,0,0,19.68340064004485,0.951394091730463,0.0,zonia,0,False
2025-06-13 23:24:28.650132365+00:00,14,0,0,0,20.351706078840486,0.9523988180135883,0.0,zonia,0,False
2025-06-13 23:32:24.382683365+00:00,14,0,0,0,20.169690869985008,0.945410422618815,0.0,zonia,0,False
2025-06-13 23:33:53.654592365+00:00,14,0,0,0,19.278509007354092,0.9494590987597944,0.0,zonia,0,False
2025-06-13 23:33:57.253035365+00:00,14,0,0,0,19.861841043100963,0.9503867656218576,0.0,zonia,0,False
2025-06-13 23:48:22.509258365+00:00,14,0,0,0,19.70446461776424,0.9509240444342159,0.0,zonia,0,False
2025-06-14 00:38:50.101532365+00:00,14,0,0,0,18.9249573673804,0.9531317174697281,0.0,zonia,0,False
2025-06-14 00:44:42.092812365+00:00,14,0,0,0,18.934486450892535,0.9595750975053606,0.0,zonia,0,False
2025-06-14 00:50:54.798975365+00:00,14,0,0,0,19.248955330175676,0.9604931981479401,0.0,zonia,0,False
2025-06-14 01:04:19.754406365+00:00,14,0,0,0,19.01676274883594,0.9557794765762367,0.0,zonia,0,False
2025-06-14 01:07:00.201410365+00:00,14,0,0,0,19.243032478213966,0.9564150237534551,0.0,zonia,0,False
2025-06-14 01:14:56.933014365+00:00,14,0,0,0,18.447589038478952,0.9572908523406165,0.0,zonia,0,False
2025-06-14 01:23:07.907309365+00:00,14,0,0,0,18.739510581216482,0.9597166529841724,0.0,zonia,0,False
2025-06-14 01:30:45.394163365+00:00,14,0,0,0,18.17646059642063,0.9640145938890711,0.0,zonia,0,False
2025-06-14 01:52:17.417094365+00:00,14,0,0,0,18.00441087909448,0.9660809218062383,0.0,zonia,0,False
2025-06-14 01:58:59.758411365+00:00,14,0,0,0,17.994223823576036,0.9686832578710707,0.0,zonia,0,False
2025-06-14 02:31:07.327006365+00:00,14,0,0,0,17.296233965390226,0.9723844189383796,0.0,zonia,0,False
2025-06-14 02:54:32.743738365+00:00,14,0,0,0,17.83400542592252,0.9754393466444368,0.0,zonia,0,False
2025-06-14 02:55:53.664250365+00:00,14,0,0,0,17.61798185506977,0.9711031351710834,0.0,zonia,0,False
2025-06-14 03:05:30.340592365+00:00,14,0,0,0,17.621309802704637,0.9712267291718426,0.0,zonia,0,False
2025-06-14 03:17:38.599967365+00:00,14,0,0,0,17.09384037300144,0.9754488194692319,0.0,zonia,0,False
2025-06-14 04:02:06.680977365+00:00,14,0,0,0,16.860719047634625,0.9794509203134035,0.0,zonia,0,False
2025-06-14 04:12:23.865597365+00:00,14,0,0,0,17.302087809684636,0.9775782015958886,0.0,zonia,0,False
2025-06-14 04:33:34.586648365+00:00,14,0,0,0,18.582242076620695,0.9731503063226176,0.0,zonia,0,False
2025-06-14 04:42:00.158086365+00:00,14,0,0,0,19.013933733533797,0.9699874457640368,0.0,zonia,0,False
2025-06-14 04:44:38.061340365+00:00,14,0,0,0,19.212724731958726,0.9728435448182422,0.0,zonia,0,False
2025-06-14 05:27:48.013614365+00:00,14,0,0,0,22.04606911564848,0.9685831651931477,0.0,zonia,0,False
2025-06-14 05:37:37.266858365+00:00,14,0,0,0,22.964579595092786,0.9597737056338478,0.0,zonia,0,False
2025-06-14 05:42:01.117472365+00:00,14,0,0,0,22.619138862525883,0.9640023708618356,0.0,zonia,0,False
2025-06-14 05:48:41.487678365+00:00,14,0,0,0,23.148491304038973,0.9663640118720347,0.0,zonia,0,False
2025-06-14 06:13:19.769002365+00:00,14,0,0,0,24.646812339481247,0.9648471822922505,0.0,zonia,0,False
2025-06-14 06:20:36.108579365+00:00,14,0,0,0,25.543893067820697,0.9655364440930327,0.0,zonia,0,False
2025-06-14 06:23:14.174702365+00:00,14,0,0,0,25.29937892741351,0.965086389909264,0.0,zonia,0,False
2025-06-14 06:25:18.481968365+00:00,14,0,0,0,25.178541153539,0.9064041306636658,0.0,zonia,0,False
2025-06-14 06:31:44.892343365+00:00,14,0,0,0,25.418438216794314,0.831798820716711,0.0,zonia,0,False
2025-06-14 07:01:40.777761365+00:00,14,0,0,0,26.989400867840768,0.8462536779781544,0.0,zonia,0,False
2025-06-14 07:04:49.199462365+00:00,14,0,0,0,27.300497659387183,0.8625715590753863,0.0,zonia,0,False
2025-06-14 07:08:05.759046365+00:00,14,0,0,0,27.27283854511058,0.880424081164132,0.0,zonia,0,False
2025-06-14 07:12:16.489054365+00:00,14,0,0,0,27.608936493594182,0.8914909717686422,0.0,zonia,0,False
2025-06-14 07:22:19.965702365+00:00,14,0,0,0,27.906081987483244,0.8946664213552802,0.0,zonia,0,False
2025-06-14 07:24:05.297115365+00:00,14,0,0,0,28.277162871441938,0.8981131570478936,0.0,zonia,0,False
2025-06-14 07:38:50.265852365+00:00,14,0,0,0,28.657547680368413,0.9298511394105194,0.0,zonia,0,False
2025-06-14 08:09:06.626724365+00:00,14,0,0,0,30.34761165954922,0.9464310898555632,0.0,zonia,0,False
2025-06-14 08:18:02.964300365+00:00,14,0,0,0,30.44367133769297,0.9482140723262885,0.0,zonia,0,False
2025-06-14 08:26:42.164855365+00:00,14,0,0,0,30.20376618140317,0.9526596491061382,0.0,zonia,0,False
2025-06-14 09:02:06.471138365+00:00,14,0,0,0,31.4274575275456,0.9619066057269852,0.0,zonia,0,False
2025-06-14 09:12:03.360182365+00:00,14,0,0,0,31.627536362505985,0.9702168569797657,0.0,zonia,0,False
2025-06-14 09:45:37.126958365+00:00,14,0,0,0,32.35893686131741,0.9703506936874041,0.0,zonia,0,False
2025-06-14 09:46:04.480292365+00:00,14,0,0,0,32.45015993243509,0.9711800335047854,0.0,zonia,0,False
2025-06-14 10:30:04.603388365+00:00,14,0,0,0,33.68574445624541,0.9704866976229847,0.0,zonia,0,False
2025-06-14 10:43:18.157459365+00:00,14,0,0,0,33.80815421527284,0.9737279137237903,0.0,zonia,0,False
2025-06-14 11:01:37.450419365+00:00,14,0,0,0,33.56994597704188,0.976890533950814,0.0,zonia,0,False
2025-06-14 11:07:51.529903365+00:00,14,0,0,0,33.7019972346453,0.9769341958461087,0.0,zonia,0,False
2025-06-14 11:10:09.327228365+00:00,14,0,0,0,33.729274726662716,0.9770044189763618,0.0,zonia,0,False
2025-06-14 11:20:33.272462365+00:00,14,0,0,0,34.20295680677775,0.9750910906178776,0.0,zonia,0,False
2025-06-14 11:24:39.668171365+00:00,14,0,0,0,34.6227207669905,0.9666066198267307,0.0,zonia,0,False
2025-06-14 11:53:00.619692365+00:00,14,0,0,0,34.77329980931891,0.9695470455112726,0.0,zonia,0,False
2025-06-14 11:54:48.321200365+00:00,14,0,0,0,34.50989204537601,0.9710002724874814,0.0,zonia,0,False
2025-06-14 11:56:26.661308365+00:00,14,0,0,0,34.811477827145055,0.9719062644532267,0.0,zonia,0,False
2025-06-14 13:08:06.651987365+00:00,14,0,0,0,35.53158981162983,0.9781821453286624,0.0,zonia,0,False
2025-06-14 13:08:40.810297365+00:00,14,0,0,0,35.60985563600634,0.9787420677019718,0.0,zonia,0,False
2025-06-14 13:10:15.479437365+00:00,14,0,0,0,35.682884018379745,0.9800934442050943,0.0,zonia,0,False
2025-06-14 13:13:09.461444365+00:00,14,0,0,0,35.114067264015105,0.9813155672962444,0.0,zonia,0,False
2025-06-14 13:16:51.956150365+00:00,14,0,0,0,35.367543249467374,0.9817343083391196,0.0,zonia,0,False
2025-06-14 13:18:23.105773365+00:00,14,0,0,0,35.28657118270233,0.9820696961760411,0.0,zonia,0,False
2025-06-14 13:21:06.412039365+00:00,14,0,0,0,35.7345831209471,0.9832795838844194,0.0,zonia,0,False
2025-06-14 14:04:43.708844365+00:00,14,0,0,0,36.55066816111011,0.9784303370637611,0.0,zonia,0,False
2025-06-14 14:27:49.586464365+00:00,14,0,0,0,36.08325478381523,0.9819454133626636,0.0,zonia,0,False
2025-06-14 14:55:18.338372365+00:00,14,0,0,0,36.48612641962004,0.9807486289632923,0.0,zonia,0,False
2025-06-14 14:58:21.175077365+00:00,14,0,0,0,36.680944067084646,0.9751703489391781,0.0,zonia,0,False
2025-06-14 15:01:22.060323365+00:00,14,0,0,0,36.724407953523475,0.9742530698807885,0.0,zonia,0,False
2025-06-14 15:03:19.476580365+00:00,14,0,0,0,37.011591438701956,0.9744268171401149,0.0,zonia,0,False
2025-06-14 15:18:46.210198365+00:00,14,0,0,0,36.715533521799834,0.9766998344840676,0.0,zonia,0,False
2025-06-14 15:31:39.149192365+00:00,14,0,0,0,36.54065843685114,0.9743475415461172,0.0,zonia,0,False
2025-06-14 15:32:06.097241365+00:00,14,0,0,0,36.15201326516094,0.9685111288008132,0.0,zonia,0,False
2025-06-14 15:35:37.384151365+00:00,14,0,0,0,36.66400911771781,0.9706739900464172,0.0,zonia,0,False
2025-06-14 16:23:54.525991365+00:00,14,0,0,0,33.390794576035965,0.9501784644746659,0.0,zonia,0,False
2025-06-14 16:47:08.503220365+00:00,14,0,0,0,32.34791008854426,0.9508977145927086,0.0,zonia,0,False
2025-06-14 16:58:21.279403365+00:00,14,0,0,0,32.671189539917414,0.9474742859406534,0.0,zonia,0,False
2025-06-14 17:17:41.831948365+00:00,14,0,0,0,32.05967929808008,0.9607444533256772,0.0,zonia,0,False
2025-06-14 17:39:21.867592365+00:00,14,0,0,0,30.6429106037117,0.9682932934500764,0.0,zonia,0,False
2025-06-14 17:41:39.363454365+00:00,14,0,0,0,30.15608344653766,0.9701071917808906,0.0,zonia,0,False
2025-06-14 17:45:23.322862365+00:00,14,0,0,0,30.12922251660896,0.9728018957134259,0.0,zonia,0,False
2025-06-14 17:45:37.118793365+00:00,14,0,0,0,29.948981495920027,0.9710129500450763,0.0,zonia,0,False
2025-06-14 17:46:15.522110365+00:00,14,0,0,0,29.996900560432014,0.9755099324868508,0.0,zonia,0,False
2025-06-14 17:57:37.703842365+00:00,14,0,0,0,29.351252744786123,0.9761901513404351,0.0,zonia,0,False
2025-06-14 18:34:17.651602365+00:00,14,0,0,0,28.27668919242626,0.979435696776408,0.0,zonia,0,False
2025-06-14 18:55:16.839458365+00:00,14,0,0,0,26.821469082806594,0.9799299891966612,0.0,zonia,0,False
2025-06-14 19:09:48.256989365+00:00,14,0,0,0,26.353517940409755,0.9807810026279515,0.0,zonia,0,False
2025-06-14 19:19:49.091321365+00:00,14,0,0,0,26.01221660021456,0.9806067135965045,0.0,zonia,0,False
2025-06-14 19:27:27.505040365+00:00,14,0,0,0,25.920278177985967,0.9839471162657524,0.0,zonia,0,False
2025-06-14 19:28:18.392475365+00:00,14,0,0,0,25.67939394736044,0.9836448718436255,0.0,zonia,0,False
2025-06-14 19:54:20.679254365+00:00,14,0,0,0,25.466425397486915,0.9828873864200531,0.0,zonia,0,False
2025-06-14 20:51:22.289388365+00:00,14,0,0,0,24.280742455535968,0.9817384629688457,0.0,zonia,0,False
2025-06-14 20:53:57.989928365+00:00,14,0,0,0,24.32312776601258,0.983048638298815,0.0,zonia,0,False
2025-06-14 21:04:08.023227365+00:00,14,0,0,0,24.3522207660251,0.9832348818794631,0.0,zonia,0,False
2025-06-14 21:06:17.177468365+00:00,14,0,0,0,24.01616274820412,0.9838037698288545,0.0,zonia,0,False
2025-06-14 21:22:01.706351365+00:00,14,0,0,0,24.75214494258751,0.9804845725076708,0.0,zonia,0,False
2025-06-14 21:41:02.018523365+00:00,14,0,0,0,25.215230409666304,0.9814704273292222,0.0,zonia,0,False
2025-06-14 21:58:33.453487365+00:00,14,0,0,0,24.359389428968168,0.9818368826951136,0.0,zonia,0,False
2025-06-14 22:09:40.469487365+00:00,14,0,0,0,24.243128020858872,0.9823969758206267,0.0,zonia,0,False
2025-06-14 22:12:57.070612365+00:00,14,0,0,0,24.829930393945098,0.9820771643777443,0.0,zonia,0,False
2025-06-14 22:29:42.795129365+00:00,14,0,0,0,23.752755168342578,0.9831360075001448,0.0,zonia,0,False
2025-06-14 22:40:37.714590365+00:00,14,0,0,0,23.664177764755728,0.9836669743152606,0.0,zonia,0,False
2025-06-14 22:59:29.320101365+00:00,14,0,0,0,23.568604135086538,0.9831330351447469,0.0,zonia,0,False
2025-06-14 23:39:36.683780365+00:00,14,0,0,0,22.920287860019265,0.9836477681654353,0.0,zonia,0,False
2025-06-14 23:51:47.181522365+00:00,14,0,0,0,22.616494644208956,0.9810357747390818,0.0,zonia,0,False
2025-06-15 00:09:17.614534365+00:00,14,0,0,0,23.037210458600864,0.9794716688960884,0.0,zonia,0,False
2025-06-15 00:33:54.043164365+00:00,14,0,0,0,23.107098279171012,0.978911359902061,0.0,zonia,0,False
2025-06-15 00:51:09.446966365+00:00,14,0,0,0,22.92096418232726,0.9804039239468871,0.0,zonia,0,False
2025-06-15 01:04:27.129181365+00:00,14,0,0,0,23.16836998450179,0.9811271491450153,0.0,zonia,0,False
2025-06-15 01:09:28.408965365+00:00,14,0,0,0,23.129002446425826,0.9801104408978285,0.0,zonia,0,False
2025-06-15 01:24:05.184440365+00:00,14,0,0,0,22.998218679679084,0.9813497284898299,0.0,zonia,0,False
2025-06-15 01:33:12.341732365+00:00,14,0,0,0,22.937107852873936,0.9835006041033942,0.0,zonia,0,False
2025-06-15 01:34:26.042174365+00:00,14,0,0,0,22.98208233615123,0.9846281235205158,0.0,zonia,0,False
2025-06-15 01:52:37.347458365+00:00,14,0,0,0,22.26817301744803,0.9835209136526373,0.0,zonia,0,False
2025-06-15 02:03:50.381802365+00:00,14,0,0,0,21.941687840243546,0.9841960944711972,0.0,zonia,0,False
2025-06-15 02:15:59.875553365+00:00,14,0,0,0,21.66770473699573,0.9831401380382593,0.0,zonia,0,False
2025-06-15 02:26:18.876982365+00:00,14,0,0,0,21.59256348233347,0.9799647205001029,0.0,zonia,0,False
2025-06-15 02:29:49.138715365+00:00,14,0,0,0,21.78249303809675,0.9781450820088492,0.0,zonia,0,False
2025-06-15 02:30:46.045907365+00:00,14,0,0,0,22.121501934904757,0.9833471299827329,0.0,zonia,0,False
2025-06-15 03:11:38.310662365+00:00,14,0,0,0,21.233221490590786,0.9845911667980947,0.0,zonia,0,False
2025-06-15 03:18:22.861111365+00:00,14,0,0,0,21.19692227604087,0.985436370200886,0.0,zonia,0,False
2025-06-15 04:06:18.355093365+00:00,14,0,0,0,20.985130602543638,0.986523081789209,0.0,zonia,0,False
2025-06-15 04:06:45.306350365+00:00,14,0,0,0,20.657875842476585,0.9866219211476982,0.0,zonia,0,False
2025-06-15 04:12:53.238330365+00:00,14,0,0,0,21.091263927392657,0.9887104501118438,0.0,zonia,0,False
2025-06-15 04:31:00.613842365+00:00,14,0,0,0,21.80233650587133,0.9890302919838311,0.0,zonia,0,False
2025-06-15 04:32:07.257996365+00:00,14,0,0,0,21.689509224418398,0.9887438968545011,0.0,zonia,0,False
2025-06-15 04:42:38.903331365+00:00,14,0,0,0,22.39178825568934,0.9885150749466582,0.0,zonia,0,False
2025-06-15 05:03:43.344595365+00:00,14,0,0,0,24.220522731492842,0.9883706717480736,0.0,zonia,0,False
2025-06-15 05:36:49.514681365+00:00,14,0,0,0,24.376256559018575,0.9736938245785419,0.0,zonia,0,False
2025-06-15 05:55:05.171099365+00:00,14,0,0,0,24.186640355643885,0.9748646441050608,0.0,zonia,0,False
2025-06-15 06:22:37.450836365+00:00,14,0,0,0,25.492144032215226,0.9612703106925764,0.0,zonia,0,False
2025-06-15 06:49:57.588943365+00:00,14,0,0,0,28.08390991406894,0.9626585905154259,0.0,zonia,0,False
2025-06-15 06:53:31.584852365+00:00,14,0,0,0,27.999179172484496,0.9650883813418428,0.0,zonia,0,False
2025-06-15 07:08:34.193240365+00:00,14,0,0,0,29.96451890006,0.9703573159023013,0.0,zonia,0,False
2025-06-15 07:17:09.068657365+00:00,14,0,0,0,29.650817941356458,0.9696737977299623,0.0,zonia,0,False
2025-06-15 07:39:40.358532365+00:00,14,0,0,0,30.697281152346243,0.9690659637825377,0.0,zonia,0,False
2025-06-15 07:48:41.666354365+00:00,14,0,0,0,30.94458242711172,0.9715013978064159,0.0,zonia,0,False
2025-06-15 08:00:24.905539365+00:00,14,0,0,0,31.28524027008478,0.9727367490743488,0.0,zonia,0,False
2025-06-15 08:14:53.506222365+00:00,14,0,0,0,32.16731419093464,0.9730823867832701,0.0,zonia,0,False
2025-06-15 08:40:37.769505365+00:00,14,0,0,0,32.930549867320714,0.9725638271475996,0.0,zonia,0,False
2025-06-15 08:45:14.261445365+00:00,14,0,0,0,32.69677837365348,0.9738817827280266,0.0,zonia,0,False
2025-06-15 09:05:16.038241365+00:00,14,0,0,0,32.797788243904904,0.9706950873026211,0.0,zonia,0,False
2025-06-15 09:07:04.903510365+00:00,14,0,0,0,32.42830696608131,0.9695582944885562,0.0,zonia,0,False
2025-06-15 09:25:00.179689365+00:00,14,0,0,0,32.73795285659916,0.97334981233608,0.0,zonia,0,False
2025-06-15 09:28:33.146836365+00:00,14,0,0,0,32.51664559044384,0.9716999516246527,0.0,zonia,0,False
2025-06-15 09:41:42.242386365+00:00,14,0,0,0,32.88440269781111,0.9708179845666064,0.0,zonia,0,False
2025-06-15 10:11:13.869056365+00:00,14,0,0,0,34.16926458448876,0.9697336203963864,0.0,zonia,0,False
2025-06-15 10:23:43.648769365+00:00,14,0,0,0,34.13701324410745,0.9723492295213101,0.0,zonia,0,False
2025-06-15 10:27:17.322583365+00:00,14,0,0,0,33.942785032483805,0.9756163631575685,0.0,zonia,0,False
2025-06-15 10:36:02.758451365+00:00,14,0,0,0,33.93039966647442,0.9783328927242342,0.0,zonia,0,False
2025-06-15 10:46:03.427614365+00:00,14,0,0,0,33.9490537149928,0.981749714374395,0.0,zonia,0,False
2025-06-15 10:59:43.198159365+00:00,14,0,0,0,34.59172512068436,0.9804720741585048,0.0,zonia,0,False
2025-06-15 11:00:33.165992365+00:00,14,0,0,0,34.354918541171855,0.9753023992115379,0.0,zonia,0,False
2025-06-15 11:00:53.679836365+00:00,14,0,0,0,34.39739403259907,0.9740777590951248,0.0,zonia,0,False
2025-06-15 11:31:08.054794365+00:00,14,0,0,0,35.09759951647444,0.9792732541945816,0.0,zonia,0,False
2025-06-15 11:34:25.635134365+00:00,14,0,0,0,34.93398071663287,0.9789866907993506,0.0,zonia,0,False
2025-06-15 11:56:48.438948365+00:00,14,0,0,0,35.38152666917324,0.9798732942072709,0.0,zonia,0,False
2025-06-15 12:00:57.320233365+00:00,14,0,0,0,35.425596022891355,0.9805910395744112,0.0,zonia,0,False
2025-06-15 12:35:10.839013365+00:00,14,0,0,0,35.517556523112404,0.9783525868082784,0.0,zonia,0,False
2025-06-15 12:48:48.696843365+00:00,14,0,0,0,36.043100763215186,0.9707980628240742,0.0,zonia,0,False
2025-06-15 12:55:57.486168365+00:00,14,0,0,0,36.17387525965546,0.9686399680818429,0.0,zonia,0,False
2025-06-15 12:59:50.559799365+00:00,14,0,0,0,36.30129706463286,0.9692026282830313,0.0,zonia,0,False
2025-06-15 13:09:29.488906365+00:00,14,0,0,0,36.434737572719634,0.969950920354769,0.0,zonia,0,False
2025-06-15 13:37:15.951892365+00:00,14,0,0,0,35.98071295315085,0.9669852767247384,0.0,zonia,0,False
2025-06-15 14:01:50.641771365+00:00,14,0,0,0,35.91705371725016,0.9661803147955753,0.0,zonia,0,False
2025-06-15 14:02:03.109927365+00:00,14,0,0,0,36.18272461489592,0.9571310614093316,0.0,zonia,0,False
2025-06-15 14:34:59.673401365+00:00,14,0,0,0,36.85694254298372,0.9595253460055223,0.0,zonia,0,False
2025-06-15 14:40:06.109621365+00:00,14,0,0,0,36.904214928633415,0.950545854759966,0.0,zonia,0,False
2025-06-15 14:45:09.767588365+00:00,14,0,0,0,36.19627877429581,0.9374878410956656,0.0,zonia,0,False
2025-06-15 14:46:20.756948365+00:00,14,0,0,0,37.02453663214189,0.9400536397964246,0.0,zonia,0,False
2025-06-15 14:50:00.922985365+00:00,14,0,0,0,36.619419110803236,0.93947296004605,0.0,zonia,0,False
2025-06-15 15:00:54.196133365+00:00,14,0,0,0,36.00490708914151,0.9270559492163137,0.0,zonia,0,False
2025-06-15 15:51:54.469098365+00:00,14,0,0,0,33.52501877042494,0.9310826229957454,0.0,zonia,0,False
2025-06-15 15:55:14.093847365+00:00,14,0,0,0,33.80381068160779,0.929069377258811,0.0,zonia,0,False
2025-06-15 15:55:55.337915365+00:00,14,0,0,0,33.75570821299669,0.9251745138549653,0.0,zonia,0,False
2025-06-15 16:11:20.529249365+00:00,14,0,0,0,32.247447632427175,0.9339231326364895,0.0,zonia,0,False
2025-06-15 16:25:27.704134365+00:00,14,0,0,0,32.26132193092885,0.9446496353011086,0.0,zonia,0,False
2025-06-15 16:50:06.032185365+00:00,14,0,0,0,31.56652477228036,0.9509257133667254,0.0,zonia,0,False
2025-06-15 16:59:57.292122365+00:00,14,0,0,0,31.366775828867674,0.9561364234080696,0.0,zonia,0,False
2025-06-15 17:50:08.908790365+00:00,14,0,0,0,29.776633063263315,0.9608342858867285,0.0,zonia,0,False
2025-06-15 18:00:18.647527365+00:00,14,0,0,0,29.397432909830986,0.9643984406124041,0.0,zonia,0,False
2025-06-15 18:35:10.747839365+00:00,14,0,0,0,28.631581935665597,0.9664353462587684,0.0,zonia,0,False
2025-06-15 18:41:40.191603365+00:00,14,0,0,0,28.295687414525865,0.970602652891588,0.0,zonia,0,False
2025-06-15 18:41:49.149656365+00:00,14,0,0,0,28.214641848968046,0.9740753709741133,0.0,zonia,0,False
2025-06-15 18:53:50.081279365+00:00,14,0,0,0,27.92749691909986,0.9781153671045308,0.0,zonia,0,False
2025-06-15 19:58:45.530855365+00:00,14,0,0,0,26.701435987154085,0.9818853921974793,0.0,zonia,0,False
2025-06-15 20:08:52.749272365+00:00,14,0,0,0,26.541507012019057,0.9817106075918934,0.0,zonia,0,False
2025-06-15 20:09:42.158099365+00:00,14,0,0,0,26.675198794506194,0.9833361355512533,0.0,zonia,0,False
2025-06-15 20:53:56.356953365+00:00,14,0,0,0,25.96056669589136,0.9839386782965364,0.0,zonia,0,False
2025-06-15 20:57:20.108387365+00:00,14,0,0,0,25.99314987636315,0.9853688328795792,0.0,zonia,0,False
2025-06-15 21:22:25.458999365+00:00,14,0,0,0,25.551061772147552,0.9847599841560433,0.0,zonia,0,False
2025-06-15 21:25:31.656608365+00:00,14,0,0,0,25.399418711167723,0.9865807307498604,0.0,zonia,0,False
2025-06-15 21:53:24.743616365+00:00,14,0,0,0,24.898517373668884,0.9844935487764631,0.0,zonia,0,False
2025-06-15 22:23:27.733295365+00:00,14,0,0,0,23.86401700612561,0.9843359039228761,0.0,zonia,0,False
2025-06-15 22:26:17.852669365+00:00,14,0,0,0,23.993666613364795,0.983349185441931,0.0,zonia,0,False
2025-06-15 22:28:13.352203365+00:00,14,0,0,0,23.914400436101996,0.9830742127126525,0.0,zonia,0,False
2025-06-15 22:51:44.165727365+00:00,14,0,0,0,23.67475656904091,0.9859535458009413,0.0,zonia,0,False
2025-06-15 22:58:49.154787365+00:00,14,0,0,0,23.646689923906397,0.9864471767370888,0.0,zonia,0,False
2025-06-15 23:17:43.028666365+00:00,14,0,0,0,22.993052383539098,0.9863224807679571,0.0,zonia,0,False
2025-06-15 23:31:12.294766365+00:00,14,0,0,0,22.882719355310304,0.9874838609387396,0.0,zonia,0,False
2025-06-15 23:48:06.338131365+00:00,14,0,0,0,23.268895452018675,0.9847530391881625,0.0,zonia,0,False
2025-06-15 23:56:52.923598365+00:00,14,0,0,0,22.933888074905056,0.9851026362238783,0.0,zonia,0,False
2025-06-16 00:03:21.319570365+00:00,14,0,0,0,23.249731351165842,0.9871418695758613,0.0,zonia,0,False
2025-06-16 00:05:23.728120365+00:00,14,0,0,0,23.413115365363375,0.988800147885834,0.0,zonia,0,False
2025-06-16 00:17:30.885016365+00:00,14,0,0,0,23.334389120399855,0.9896145085983198,0.0,zonia,0,False
2025-06-16 00:23:21.415031365+00:00,14,0,0,0,23.154284036426745,0.9891060693063594,0.0,zonia,0,False
2025-06-16 00:39:05.265892365+00:00,14,0,0,0,23.18014403051902,0.9886927141813686,0.0,zonia,0,False
2025-06-16 00:51:25.671351365+00:00,14,0,0,0,23.034023556798957,0.9879094775887847,0.0,zonia,0,False
2025-06-16 00:52:14.349231365+00:00,14,0,0,0,22.862661954185924,0.9865149795589513,0.0,zonia,0,False
2025-06-16 00:52:27.137599365+00:00,14,0,0,0,23.081544953863787,0.9867110408214329,0.0,zonia,0,False
2025-06-16 00:55:01.018536365+00:00,14,0,0,0,23.140255103211516,0.9854939114795754,0.0,zonia,0,False
2025-06-16 01:42:52.730511365+00:00,14,0,0,0,22.450056829759003,0.9764491961087103,0.0,zonia,0,False
2025-06-16 01:59:26.818248365+00:00,14,0,0,0,22.273016543333682,0.9784020219714897,0.0,zonia,0,False
2025-06-16 02:06:59.470998365+00:00,14,0,0,0,22.04240640131717,0.9772859115293676,0.0,zonia,0,False
2025-06-16 02:11:31.525047365+00:00,14,0,0,0,22.324334887487613,0.9762419991239776,0.0,zonia,0,False
2025-06-16 02:12:47.612503365+00:00,14,0,0,0,22.30724111851659,0.9787033178882419,0.0,zonia,0,False
2025-06-16 02:15:46.306771365+00:00,14,0,0,0,22.18134147324672,0.9832823810946484,0.0,zonia,0,False
2025-06-16 02:20:31.061912365+00:00,14,0,0,0,22.208252053307074,0.9848617674935994,0.0,zonia,0,False
2025-06-16 02:26:48.278932365+00:00,14,0,0,0,22.558983708845034,0.9851123277890846,0.0,zonia,0,False
2025-06-16 02:39:35.646592365+00:00,14,0,0,0,22.59801253322956,0.9860787702529592,0.0,zonia,0,False
2025-06-16 03:03:02.289060365+00:00,14,0,0,0,22.233247664691692,0.9860630031949114,0.0,zonia,0,False
2025-06-16 03:24:24.616455365+00:00,14,0,0,0,21.99130212998835,0.988620636362447,0.0,zonia,0,False
2025-06-16 03:55:29.900351365+00:00,14,0,0,0,21.491819218730924,0.9897859859834621,0.0,zonia,0,False
2025-06-16 03:58:03.584025365+00:00,14,0,0,0,21.810178875121572,0.989363893020639,0.0,zonia,0,False
2025-06-16 04:01:58.777873365+00:00,14,0,0,0,21.715959199469037,0.9900143562029385,0.0,zonia,0,False
2025-06-16 04:11:28.610603365+00:00,14,0,0,0,21.65006974223395,0.9912151774334446,0.0,zonia,0,False
2025-06-16 04:26:00.600174365+00:00,14,0,0,0,21.94331570151692,0.991250553854558,0.0,zonia,0,False
2025-06-16 04:28:56.836352365+00:00,14,0,0,0,22.08147523968511,0.9915883006163513,0.0,zonia,0,False
2025-06-16 04:35:02.910431365+00:00,14,0,0,0,22.572164023441083,0.9908096688975772,0.0,zonia,0,False
2025-06-16 04:39:23.059635365+00:00,14,0,0,0,22.772744783684576,0.9905652429059684,0.0,zonia,0,False
2025-06-16 04:45:59.753123365+00:00,14,0,0,0,23.18699160068507,0.9908000531430661,0.0,zonia,0,False
2025-06-16 04:49:41.002578365+00:00,14,0,0,0,23.378887482805254,0.9907206325417267,0.0,zonia,0,False
2025-06-16 04:58:13.182328365+00:00,14,0,0,0,24.06949444086467,0.9910432531360364,0.0,zonia,0,False
2025-06-16 05:06:10.728409365+00:00,14,0,0,0,24.47582754530584,0.9821196592966327,0.0,zonia,0,False
2025-06-16 05:15:57.234336365+00:00,14,0,0,0,24.76238155679305,0.9811161264956931,0.0,zonia,0,False
2025-06-16 05:27:56.840349365+00:00,14,0,0,0,25.72098113054568,0.9768290619257376,0.0,zonia,0,False
2025-06-16 05:48:55.821435365+00:00,14,0,0,0,26.66196675192738,0.9728305812178932,0.0,zonia,0,False
2025-06-16 06:03:53.215911365+00:00,14,0,0,0,27.071202177401318,0.9730955776837247,0.0,zonia,0,False
2025-06-16 06:24:38.345876365+00:00,14,0,0,0,27.795210645132936,0.979303086197467,0.0,zonia,0,False
2025-06-16 06:25:59.046756365+00:00,14,0,0,0,27.786454049306688,0.9769269684050504,0.0,zonia,0,False
2025-06-16 07:00:32.029150365+00:00,14,0,0,0,28.614121921760407,0.9762769619037763,0.0,zonia,0,False
2025-06-16 08:04:38.876369365+00:00,14,0,0,0,29.6509113561843,0.9747486783277343,0.0,zonia,0,False
2025-06-16 08:06:46.323397365+00:00,14,0,0,0,29.98271330658149,0.97505255788635,0.0,zonia,0,False
2025-06-16 08:21:31.544948365+00:00,14,0,0,0,29.978031073742713,0.9774386157080034,0.0,zonia,0,False
2025-06-16 08:32:48.406080365+00:00,14,0,0,0,30.34206142522934,0.9765246782841946,0.0,zonia,0,False
2025-06-16 08:38:17.078486365+00:00,14,0,0,0,30.146103815044885,0.9771469041477145,0.0,zonia,0,False
2025-06-16 08:43:33.215667365+00:00,14,0,0,0,30.2636691460633,0.9773338306363427,0.0,zonia,0,False
2025-06-16 08:52:49.591103365+00:00,14,0,0,0,30.688704341894596,0.9764751952378897,0.0,zonia,0,False
2025-06-16 09:18:07.954628365+00:00,14,0,0,0,31.051125083193142,0.9779245051269684,0.0,zonia,0,False
2025-06-16 10:05:22.311378365+00:00,14,0,0,0,31.66932285998114,0.9725084743305814,0.0,zonia,0,False
2025-06-16 10:18:01.551634365+00:00,14,0,0,0,31.184902648178237,0.9685862909917348,0.0,zonia,0,False
2025-06-16 10:44:49.309232365+00:00,14,0,0,0,30.966122100898243,0.8988188152815356,0.0,zonia,0,False
2025-06-16 10:50:29.924062365+00:00,14,0,0,0,31.40371103177766,0.9336574363272666,0.0,zonia,0,False
2025-06-16 12:00:21.766604365+00:00,14,0,0,0,31.745490403673678,0.9349915581446974,0.0,zonia,0,False
2025-06-16 12:02:59.233304365+00:00,14,0,0,0,31.52876268890677,0.9408205051104809,0.0,zonia,0,False
2025-06-16 12:23:32.108639365+00:00,14,0,0,0,29.778055530113196,0.9409491010711173,0.0,zonia,0,False
2025-06-16 12:38:27.638107365+00:00,14,0,0,0,29.104534905358438,0.943670926533745,0.0,zonia,0,False
2025-06-16 12:39:16.187793365+00:00,14,0,0,0,28.97744231494519,0.9442990407369801,0.0,zonia,0,False
2025-06-16 13:26:32.269234365+00:00,14,0,0,0,27.28185194638829,0.9444516742153476,0.0,zonia,0,False
2025-06-16 13:39:42.514645365+00:00,14,0,0,0,27.112405477671146,0.9433140993009299,0.0,zonia,0,False
2025-06-16 14:26:50.261436365+00:00,14,0,0,0,19.10639623617516,0.9408837240039153,0.0,zonia,0,False
2025-06-16 14:32:29.133280365+00:00,14,0,0,0,18.849166570088897,0.9441867332035987,0.0,zonia,0,False
2025-06-16 14:38:24.910693365+00:00,14,0,0,0,18.38141168759391,0.9444763808913823,0.0,zonia,0,False
2025-06-16 15:10:37.997102365+00:00,14,0,0,0,18.356711329384655,0.9555174468715144,0.0,zonia,0,False
2025-06-16 16:37:16.019191365+00:00,14,0,0,0,18.22336538483413,0.9698080322755332,0.0,zonia,0,False
2025-06-16 16:51:01.967033365+00:00,14,0,0,0,18.384546882721757,0.971194039607704,0.0,zonia,0,False
2025-06-16 17:26:46.872329365+00:00,14,0,0,0,19.331551192630062,0.9722608407405217,0.0,zonia,0,False
2025-06-16 17:33:30.520325365+00:00,14,0,0,0,19.45366805607234,0.9757190037560132,0.0,zonia,0,False
2025-06-16 17:36:45.540696365+00:00,14,0,0,0,19.685821368427828,0.9768160456613594,0.0,zonia,0,False
2025-06-16 18:10:14.094862365+00:00,14,0,0,0,20.12994205564022,0.975950530532935,0.0,zonia,0,False
2025-06-16 18:15:50.371800365+00:00,14,0,0,0,20.059896293659964,0.9764763888019268,0.0,zonia,0,False
2025-06-16 18:22:36.174385365+00:00,14,0,0,0,20.10237163532396,0.975741407015331,0.0,zonia,0,False
2025-06-16 18:30:02.580359365+00:00,14,0,0,0,19.898454386007145,0.9755965438416323,0.0,zonia,0,False
2025-06-16 19:08:02.816435365+00:00,14,0,0,0,19.286828624845224,0.9780686527943561,0.0,zonia,0,False
2025-06-16 19:08:50.156340365+00:00,14,0,0,0,19.341906129336344,0.9781643019763671,0.0,zonia,0,False
2025-06-16 19:22:44.560292365+00:00,14,0,0,0,19.106153158198776,0.9841908876670005,0.0,zonia,0,False
2025-06-16 19:38:06.311152365+00:00,14,0,0,0,18.81711262799843,0.9877863621824894,0.0,zonia,0,False
2025-06-16 19:45:33.285778365+00:00,14,0,0,0,18.689131551110563,0.9876985188810969,0.0,zonia,0,False
2025-06-16 20:24:24.199722365+00:00,14,0,0,0,17.737615716790383,0.9878151686974094,0.0,zonia,0,False
2025-06-16 20:25:05.491687365+00:00,14,0,0,0,17.71449105989559,0.9886848506750451,0.0,zonia,0,False
2025-06-16 20:27:29.488476365+00:00,14,0,0,0,17.642927718395462,0.9906466722753039,0.0,zonia,0,False
2025-06-16 20:39:57.900071365+00:00,14,0,0,0,17.738680848089825,0.9899263076293979,0.0,zonia,0,False
2025-06-16 20:47:06.760840365+00:00,14,0,0,0,17.930263222024806,0.9907653529599854,0.0,zonia,0,False
2025-06-16 21:04:39.981423365+00:00,14,0,0,0,18.11671875275845,0.9913176641575918,0.0,zonia,0,False
2025-06-16 21:05:56.146570365+00:00,14,0,0,0,18.17568109842969,0.9864750844661498,0.0,zonia,0,False
2025-06-16 21:10:12.785111365+00:00,14,0,0,0,18.07953382822166,0.9866263416755238,0.0,zonia,0,False
2025-06-16 21:51:54.359648365+00:00,14,0,0,0,18.21321564844358,0.986756265247032,0.0,zonia,0,False
2025-06-16 22:33:22.602635365+00:00,14,0,0,0,18.39778846522146,0.9864237309990872,0.0,zonia,0,False
2025-06-16 23:06:08.056466365+00:00,14,0,0,0,18.464986083084167,0.9885218215662049,0.0,zonia,0,False
2025-06-16 23:26:31.530384365+00:00,14,0,0,0,18.407010404415974,0.9888530122027784,0.0,zonia,0,False
2025-06-16 23:30:53.498941365+00:00,14,0,0,0,18.351425435176424,0.990782890620254,0.0,zonia,0,False
2025-06-17 00:01:15.251523365+00:00,14,0,0,0,18.369474151169264,0.9915912278868332,0.0,zonia,0,False
2025-06-17 00:40:47.606325365+00:00,14,0,0,0,18.17570023311737,0.9927790132081097,0.0,zonia,0,False
2025-06-17 00:43:30.898106365+00:00,14,0,0,0,18.093678108326046,0.9929725666347274,0.0,zonia,0,False
2025-06-17 01:04:25.615556365+00:00,14,0,0,0,18.274534228384294,0.9936282544405854,0.0,zonia,0,False
2025-06-17 01:47:00.590556365+00:00,14,0,0,0,18.1741682307514,0.9937033544329336,0.0,zonia,0,False
2025-06-17 02:00:01.472114365+00:00,14,0,0,0,18.041589548111535,0.9940251476606703,0.0,zonia,0,False
2025-06-17 02:16:51.266479365+00:00,14,0,0,0,17.841256747255315,0.9944241710198344,0.0,zonia,0,False
2025-06-17 02:26:56.008506365+00:00,14,0,0,0,17.762187364456192,0.9947999041442811,0.0,zonia,0,False
2025-06-17 03:21:32.845984365+00:00,14,0,0,0,17.519831810094608,0.9956520161159863,0.0,zonia,0,False
2025-06-17 03:38:57.240753365+00:00,14,0,0,0,17.536380779576323,0.9957561078246772,0.0,zonia,0,False
2025-06-17 03:54:13.494714365+00:00,14,0,0,0,17.507320332802916,0.9960779803523431,0.0,zonia,0,False
2025-06-17 04:13:25.820700365+00:00,14,0,0,0,17.58296290788159,0.9962073996327458,0.0,zonia,0,False
2025-06-17 04:16:12.592125365+00:00,14,0,0,0,17.686040449873307,0.9963375820631466,0.0,zonia,0,False
2025-06-17 04:18:05.698392365+00:00,14,0,0,0,17.67515655220812,0.9968044722823365,0.0,zonia,0,False
2025-06-17 04:34:38.682834365+00:00,14,0,0,0,17.776494042187572,0.9968096110675015,0.0,zonia,0,False
2025-06-17 04:35:24.585075365+00:00,14,0,0,0,17.71055041485646,0.9970138946902843,0.0,zonia,0,False
2025-06-17 04:48:34.244623365+00:00,14,0,0,0,17.764576260560016,0.997030916014313,0.0,zonia,0,False
2025-06-17 05:06:48.831318365+00:00,14,0,0,0,17.903857691260743,0.9971809266965342,0.0,zonia,0,False
2025-06-17 05:10:27.674084365+00:00,14,0,0,0,17.864138648070686,0.9972412542207713,0.0,zonia,0,False
2025-06-17 05:14:20.346499365+00:00,14,0,0,0,17.82872196451219,0.9971656652795204,0.0,zonia,0,False
2025-06-17 05:16:13.873230365+00:00,14,0,0,0,17.774441742745736,0.9973507154503908,0.0,zonia,0,False
2025-06-17 05:56:29.151084365+00:00,14,0,0,0,17.973603639924594,0.9973155382243782,0.0,zonia,0,False
2025-06-17 05:59:41.870712365+00:00,14,0,0,0,17.96398668052103,0.997293754670886,0.0,zonia,0,False
2025-06-17 06:11:13.238510365+00:00,14,0,0,0,18.123993876081595,0.9974083805983506,0.0,zonia,0,False
2025-06-17 06:17:26.164707365+00:00,14,0,0,0,18.235417997814263,0.9976335909211551,0.0,zonia,0,False
2025-06-17 06:18:17.979615365+00:00,14,0,0,0,18.020676949742803,0.9971494444285155,0.0,zonia,0,False
2025-06-17 06:23:33.067381365+00:00,14,0,0,0,18.114759048497554,0.9972559789283052,0.0,zonia,0,False
2025-06-17 06:35:19.674291365+00:00,14,0,0,0,18.15373294018779,0.9962131957936586,0.0,zonia,0,False
2025-06-17 06:44:22.924563365+00:00,14,0,0,0,18.397511679716303,0.9959376074120588,0.0,zonia,0,False
2025-06-17 06:45:14.518427365+00:00,14,0,0,0,18.181038102390094,0.995963303255608,0.0,zonia,0,False
2025-06-17 06:48:13.125183365+00:00,14,0,0,0,18.410663002741753,0.995583563570338,0.0,zonia,0,False
2025-06-17 07:18:19.043959365+00:00,14,0,0,0,18.979550168766977,0.9350072443904176,0.0,zonia,0,False
2025-06-17 07:19:47.755128365+00:00,14,0,0,0,18.839894035606275,0.9144642366398038,0.0,zonia,0,False
2025-06-17 07:29:25.322448365+00:00,14,0,0,0,18.89061264910108,0.9243802700241959,0.0,zonia,0,False
2025-06-17 07:43:06.782897365+00:00,14,0,0,0,19.20462688763605,0.9296077518487452,0.0,zonia,0,False
2025-06-17 08:09:41.598541365+00:00,14,0,0,0,19.78101716068704,0.9592778006712478,0.0,zonia,0,False
2025-06-17 09:07:52.637937365+00:00,14,0,0,0,20.78767368492231,0.9587193336460088,0.0,zonia,0,False
2025-06-17 09:40:14.472997365+00:00,14,0,0,0,21.287479350678904,0.9607790585837879,0.0,zonia,0,False
2025-06-17 09:53:35.093984365+00:00,14,0,0,0,21.553266453007424,0.9592446422931813,0.0,zonia,0,False
2025-06-17 10:08:18.543310365+00:00,14,0,0,0,22.000394618254745,0.9549199115222752,0.0,zonia,0,False
2025-06-17 10:10:13.129540365+00:00,14,0,0,0,22.198573124297084,0.9529533490120461,0.0,zonia,0,False
2025-06-17 10:26:07.696531365+00:00,14,0,0,0,22.59165853665023,0.9533345731402291,0.0,zonia,0,False
2025-06-17 10:37:29.823861365+00:00,14,0,0,0,22.767303584905896,0.9647989923175136,0.0,zonia,0,False
2025-06-17 12:16:47.492401365+00:00,14,0,0,0,25.634882722084846,0.9630754835742785,0.0,zonia,0,False
2025-06-17 13:14:22.264604365+00:00,14,0,0,0,26.196382381345128,0.9606445864448085,0.0,zonia,0,False
2025-06-17 13:21:02.375371365+00:00,14,0,0,0,26.49181519571074,0.954774017535031,0.0,zonia,0,False
2025-06-17 14:00:23.072209365+00:00,14,0,0,0,26.35106840047646,0.9631804706199667,0.0,zonia,0,False
2025-06-17 14:05:48.885158365+00:00,14,0,0,0,27.261946885358363,0.9662556424232568,0.0,zonia,0,False
2025-06-17 14:06:42.342940365+00:00,14,0,0,0,27.19539008471787,0.9716064122244178,0.0,zonia,0,False
2025-06-17 14:29:07.738930365+00:00,14,0,0,0,27.185662621648145,0.9682796742824341,0.0,zonia,0,False
2025-06-17 14:30:40.789157365+00:00,14,0,0,0,27.18352182535104,0.9661073857309785,0.0,zonia,0,False
2025-06-17 14:39:29.508300365+00:00,14,0,0,0,27.155804155515483,0.9684601538813645,0.0,zonia,0,False
2025-06-17 14:40:39.881480365+00:00,14,0,0,0,27.219003428779438,0.9662960926772085,0.0,zonia,0,False
2025-06-17 14:42:38.842997365+00:00,14,0,0,0,26.948883823699596,0.9641735320006681,0.0,zonia,0,False
2025-06-17 15:09:06.876206365+00:00,14,0,0,0,27.111218715383,0.9607067677671611,0.0,zonia,0,False
2025-06-17 15:38:09.553773365+00:00,14,0,0,0,27.523691998081567,0.9553032800369309,0.0,zonia,0,False
2025-06-17 15:47:38.145159365+00:00,14,0,0,0,27.562818410153316,0.9556578735331703,0.0,zonia,0,False
2025-06-17 15:57:54.595843365+00:00,14,0,0,0,27.78722855527717,0.9533307677194485,0.0,zonia,0,False
2025-06-17 16:08:33.224274365+00:00,14,0,0,0,26.925465413543883,0.9532184419766118,0.0,zonia,0,False
2025-06-17 16:10:18.932704365+00:00,14,0,0,0,27.271150312766846,0.9500610479418371,0.0,zonia,0,False
2025-06-17 16:13:34.155402365+00:00,14,0,0,0,26.728075280317576,0.9512426581369224,0.0,zonia,0,False
2025-06-17 16:24:54.361088365+00:00,14,0,0,0,27.69668214818414,0.9542875635257133,0.0,zonia,0,False
2025-06-17 16:46:33.945698365+00:00,14,0,0,0,26.78519559596756,0.9549203731495383,0.0,zonia,0,False
2025-06-17 16:55:54.186132365+00:00,14,0,0,0,26.878637865671113,0.9547910886193031,0.0,zonia,0,False
2025-06-17 17:10:56.924451365+00:00,14,0,0,0,26.470969712588833,0.9560546872087244,0.0,zonia,0,False
2025-06-17 17:14:34.910437365+00:00,14,0,0,0,26.094998904627545,0.9546894373663397,0.0,zonia,0,False
2025-06-17 17:25:39.168983365+00:00,14,0,0,0,25.70010038836987,0.952317594592885,0.0,zonia,0,False
2025-06-17 17:37:02.751119365+00:00,14,0,0,0,25.412523373233157,0.9534743438187229,0.0,zonia,0,False
2025-06-17 17:43:46.520616365+00:00,14,0,0,0,24.629330944129567,0.9543586338731028,0.0,zonia,0,False
2025-06-17 18:13:37.866020365+00:00,14,0,0,0,22.95296592741441,0.9651986337210665,0.0,zonia,0,False
2025-06-17 18:50:51.386805365+00:00,14,0,0,0,21.38260707933803,0.9657922749193915,0.0,zonia,0,False
2025-06-17 19:08:47.355691365+00:00,14,0,0,0,20.685478811244057,0.9613985932702933,0.0,zonia,0,False
2025-06-17 19:19:40.630781365+00:00,14,0,0,0,19.976033658378437,0.9584029457744074,0.0,zonia,0,False
2025-06-17 19:26:19.000556365+00:00,14,0,0,0,20.55195384042533,0.9618931416775529,0.0,zonia,0,False
2025-06-17 19:31:52.015985365+00:00,14,0,0,0,19.770543481531753,0.9609203267029066,0.0,zonia,0,False
2025-06-17 19:40:25.045473365+00:00,14,0,0,0,20.009029555421144,0.9540607055563549,0.0,zonia,0,False
2025-06-17 19:47:16.035380365+00:00,14,0,0,0,20.17567503196228,0.9498480238420802,0.0,zonia,0,False
2025-06-17 19:51:58.098393365+00:00,14,0,0,0,19.121326094711808,0.9451939822519086,0.0,zonia,0,False
2025-06-17 19:57:06.681298365+00:00,14,0,0,0,19.183745289300266,0.9428263068223961,0.0,zonia,0,False
2025-06-17 19:59:57.854973365+00:00,14,0,0,0,19.691561253566228,0.9341242031431216,0.0,zonia,0,False
2025-06-17 20:03:50.989098365+00:00,14,0,0,0,18.786303071479168,0.92889095252524,0.0,zonia,0,False
2025-06-17 20:23:38.292391365+00:00,14,0,0,0,18.640232233596663,0.9333201726398646,0.0,zonia,0,False
2025-06-17 20:28:38.421373365+00:00,14,0,0,0,18.351559412853376,0.9350938905784656,0.0,zonia,0,False
2025-06-17 20:28:44.290056365+00:00,14,0,0,0,18.35724662658354,0.9384362640023277,0.0,zonia,0,False
2025-06-17 20:29:04.573021365+00:00,14,0,0,0,18.857294284585368,0.9459324480512444,0.0,zonia,0,False
2025-06-17 20:48:12.102343365+00:00,14,0,0,0,17.789211708245297,0.9453147743429178,0.0,zonia,0,False
2025-06-17 21:10:48.408054365+00:00,14,0,0,0,17.635204069560356,0.9482327377573184,0.0,zonia,0,False
2025-06-17 21:25:20.144481365+00:00,14,0,0,0,17.68039053331491,0.9566402127713749,0.0,zonia,0,False
2025-06-17 21:45:49.175140365+00:00,14,0,0,0,17.13215323607956,0.9585715001734066,0.0,zonia,0,False
2025-06-17 21:54:48.702032365+00:00,14,0,0,0,16.76088771626235,0.9648860807334562,0.0,zonia,0,False
2025-06-17 22:20:00.247067365+00:00,14,0,0,0,16.740929543729564,0.9714376362309133,0.0,zonia,0,False
2025-06-17 22:23:02.436198365+00:00,14,0,0,0,16.98968852049781,0.9735329552143775,0.0,zonia,0,False
2025-06-17 22:26:02.381417365+00:00,14,0,0,0,16.78822881854945,0.972974437940599,0.0,zonia,0,False
2025-06-17 22:38:47.598684365+00:00,14,0,0,0,16.556091111348962,0.9774245755459995,0.0,zonia,0,False
2025-06-17 23:07:41.220738365+00:00,14,0,0,0,16.29687977891276,0.9784801189271357,0.0,zonia,0,False
2025-06-17 23:17:30.405395365+00:00,14,0,0,0,16.518369736660176,0.982240933207576,0.0,zonia,0,False
2025-06-17 23:19:38.232589365+00:00,14,0,0,0,16.41454457668307,0.9834633368089174,0.0,zonia,0,False
2025-06-17 23:37:48.830047365+00:00,14,0,0,0,16.17708068602467,0.9841186412395212,0.0,zonia,0,False
2025-06-17 23:52:47.559833365+00:00,14,0,0,0,15.963627662522569,0.9852942787351948,0.0,zonia,0,False
2025-06-18 00:02:05.934056365+00:00,14,0,0,0,16.05072766148979,0.9862116830355843,0.0,zonia,0,False
2025-06-18 00:25:41.148921365+00:00,14,0,0,0,15.860520903327982,0.9870515993215436,0.0,zonia,0,False
2025-06-18 00:34:36.104488365+00:00,14,0,0,0,15.651265053879998,0.986915744425285,0.0,zonia,0,False
2025-06-18 00:41:27.115272365+00:00,14,0,0,0,15.699531848710606,0.9897433916801844,0.0,zonia,0,False
2025-06-18 00:45:36.727411365+00:00,14,0,0,0,15.650716680500633,0.9915065297675404,0.0,zonia,0,False
2025-06-18 01:10:17.391108365+00:00,14,0,0,0,15.303842201521949,0.991420264779625,0.0,zonia,0,False
2025-06-18 01:31:13.934393365+00:00,14,0,0,0,15.225753039786458,0.9921679310764552,0.0,zonia,0,False
2025-06-18 01:31:14.954796365+00:00,14,0,0,0,15.362517819742019,0.9931931708995352,0.0,zonia,0,False
2025-06-18 01:34:57.557310365+00:00,14,0,0,0,15.25256772435803,0.9932159346395644,0.0,zonia,0,False
2025-06-18 01:51:41.601682365+00:00,14,0,0,0,15.010964468575013,0.9939442033258548,0.0,zonia,0,False
2025-06-18 02:02:00.894052365+00:00,14,0,0,0,15.036940844018794,0.9344865016816087,0.0,zonia,0,False
2025-06-18 02:16:42.488653365+00:00,14,0,0,0,14.951890692226092,0.9343621306117651,0.0,zonia,0,False
2025-06-18 02:18:12.384945365+00:00,14,0,0,0,14.924254498012287,0.9346146089628122,0.0,zonia,0,False
2025-06-18 02:21:34.419962365+00:00,14,0,0,0,14.811807343821075,0.9351358548833899,0.0,zonia,0,False
2025-06-18 02:34:18.864636365+00:00,14,0,0,0,15.004337223364205,0.9351032222391442,0.0,zonia,0,False
2025-06-18 02:54:47.676969365+00:00,14,0,0,0,14.448378204213967,0.9352135791870954,0.0,zonia,0,False
2025-06-18 03:16:19.943518365+00:00,14,0,0,0,14.616037541439312,0.935006170168225,0.0,zonia,0,False
2025-06-18 03:28:09.503245365+00:00,14,0,0,0,14.499385645548053,0.9347275099783615,0.0,zonia,0,False
2025-06-18 03:55:06.181986365+00:00,14,0,0,0,14.813322415067244,0.9645089956673042,0.0,zonia,0,False
2025-06-18 04:03:52.346519365+00:00,14,0,0,0,14.779289786442858,0.978751458083391,0.0,zonia,0,False
2025-06-18 04:33:16.070316365+00:00,14,0,0,0,16.1019347183778,0.977849922023538,0.0,zonia,0,False
2025-06-18 04:37:03.791968365+00:00,14,0,0,0,16.14513215786108,0.9787030239000567,0.0,zonia,0,False
2025-06-18 04:52:58.657670365+00:00,14,0,0,0,16.409229833375335,0.9861520778934866,0.0,zonia,0,False
2025-06-18 05:33:44.448824365+00:00,14,0,0,0,19.164088721423465,0.9859389798867172,0.0,zonia,0,False
2025-06-18 05:38:41.547738365+00:00,14,0,0,0,19.711663933008715,0.9837397250567042,0.0,zonia,0,False
2025-06-18 05:39:15.333734365+00:00,14,0,0,0,19.348529927324517,0.9821957886198395,0.0,zonia,0,False
2025-06-18 05:52:19.684102365+00:00,14,0,0,0,19.888127502322742,0.9814965746017246,0.0,zonia,0,False
2025-06-18 06:04:56.214692365+00:00,14,0,0,0,20.348601532931767,0.9767964650066556,0.0,zonia,0,False
2025-06-18 06:06:24.136523365+00:00,14,0,0,0,20.197713106911372,0.9531612322762982,0.0,zonia,0,False
2025-06-18 06:37:29.639345365+00:00,14,0,0,0,22.990457946897976,0.945865542564199,0.0,zonia,0,False
2025-06-18 06:45:54.545896365+00:00,14,0,0,0,21.91374375181193,0.9500919533865971,0.0,zonia,0,False
2025-06-18 07:09:45.423492365+00:00,14,0,0,0,22.72428397751136,0.9453212502284253,0.0,zonia,0,False
2025-06-18 07:28:55.003612365+00:00,14,0,0,0,24.37575060563715,0.9373308906720342,0.0,zonia,0,False
2025-06-18 07:48:25.558185365+00:00,14,0,0,0,24.210937631927486,0.9375606643381847,0.0,zonia,0,False
2025-06-18 07:51:18.510175365+00:00,14,0,0,0,24.943336050587217,0.9370847508736494,0.0,zonia,0,False
2025-06-18 08:30:31.218687365+00:00,14,0,0,0,25.403903325707073,0.9363347170304753,0.0,zonia,0,False
2025-06-18 08:38:08.276541365+00:00,14,0,0,0,25.759058912366058,0.9334317955305796,0.0,zonia,0,False
2025-06-18 08:46:16.439510365+00:00,14,0,0,0,25.992688035741576,0.9359991774008523,0.0,zonia,0,False
2025-06-18 09:03:46.612234365+00:00,14,0,0,0,26.45754679535772,0.9369844130022019,0.0,zonia,0,False
2025-06-18 09:04:20.430508365+00:00,14,0,0,0,26.08739704286429,0.94598780985198,0.0,zonia,0,False
2025-06-18 09:06:01.608934365+00:00,14,0,0,0,26.24382432796534,0.9465014720419264,0.0,zonia,0,False
2025-06-18 09:11:47.408284365+00:00,14,0,0,0,26.595766162875215,0.9479361303231367,0.0,zonia,0,False
2025-06-18 09:15:50.958226365+00:00,14,0,0,0,26.800864096704014,0.9514616126056099,0.0,zonia,0,False
2025-06-18 09:18:15.904331365+00:00,14,0,0,0,26.754330875325024,0.9526533560277196,0.0,zonia,0,False
2025-06-18 09:23:37.878211365+00:00,14,0,0,0,26.966206491954654,0.9632718449700235,0.0,zonia,0,False
2025-06-18 09:43:05.672984365+00:00,14,0,0,0,27.533523439314934,0.962701921700642,0.0,zonia,0,False
2025-06-18 09:58:50.713778365+00:00,14,0,0,0,28.062931528426734,0.9687162062781446,0.0,zonia,0,False
2025-06-18 10:09:36.258918365+00:00,14,0,0,0,27.82392386806705,0.9689497633435081,0.0,zonia,0,False
2025-06-18 10:16:36.227645365+00:00,14,0,0,0,28.112850168474694,0.9761631825076569,0.0,zonia,0,False
2025-06-18 10:39:14.932545365+00:00,14,0,0,0,28.569276089385433,0.9797751534022004,0.0,zonia,0,False
2025-06-18 10:49:25.863319365+00:00,14,0,0,0,28.86595347762506,0.9817034413005045,0.0,zonia,0,False
2025-06-18 11:11:36.652794365+00:00,14,0,0,0,28.82393397840973,0.9815409368755423,0.0,zonia,0,False
2025-06-18 11:15:14.859724365+00:00,14,0,0,0,28.943860894766047,0.9800421400327043,0.0,zonia,0,False
2025-06-18 11:40:14.782658365+00:00,14,0,0,0,29.22425087654814,0.9737166296115846,0.0,zonia,0,False
2025-06-18 12:35:38.968257365+00:00,14,0,0,0,29.96181871635403,0.9732474533989929,0.0,zonia,0,False
2025-06-18 12:39:58.642564365+00:00,14,0,0,0,29.68653014714406,0.975670557761626,0.0,zonia,0,False
2025-06-18 13:04:55.232852365+00:00,14,0,0,0,30.053516943653907,0.9800855279960005,0.0,zonia,0,False
2025-06-18 13:10:14.083302365+00:00,14,0,0,0,29.85640799264815,0.9777669017544905,0.0,zonia,0,False
2025-06-18 13:16:12.538258365+00:00,14,0,0,0,30.173160142792625,0.9785796799985201,0.0,zonia,0,False
2025-06-18 13:17:10.154153365+00:00,14,0,0,0,29.89538582485147,0.9719348587454834,0.0,zonia,0,False
2025-06-18 13:20:22.364994365+00:00,14,0,0,0,30.229939742106698,0.9639707957323714,0.0,zonia,0,False
2025-06-18 13:24:57.109944365+00:00,14,0,0,0,30.020844837471923,0.9650839423036708,0.0,zonia,0,False
2025-06-18 13:43:16.956325365+00:00,14,0,0,0,30.320202987136945,0.9302971559837463,0.0,zonia,0,False
2025-06-18 13:49:34.385171365+00:00,14,0,0,0,30.74464680022658,0.9309193912359982,0.0,zonia,0,False
2025-06-18 15:13:30.285465365+00:00,14,0,0,0,30.931608507145125,0.918785502943961,0.0,zonia,0,False
2025-06-18 15:19:37.753319365+00:00,14,0,0,0,31.25642371273687,0.9133279960572673,0.0,zonia,0,False
2025-06-18 15:26:07.178997365+00:00,14,0,0,0,31.327488637825933,0.9056778703510674,0.0,zonia,0,False
2025-06-18 15:32:12.650065365+00:00,14,0,0,0,30.953075886556515,0.9066492131024212,0.0,zonia,0,False
2025-06-18 15:37:33.994471365+00:00,14,0,0,0,30.614732263726065,0.9097402404116314,0.0,zonia,0,False
2025-06-18 15:42:11.060459365+00:00,14,0,0,0,31.18892700268613,0.9090411582050815,0.0,zonia,0,False
2025-06-18 15:45:07.096857365+00:00,14,0,0,0,30.74418347184962,0.9081521915336151,0.0,zonia,0,False
2025-06-18 15:46:02.219803365+00:00,14,0,0,0,30.56004485389733,0.8991732680778256,0.0,zonia,0,False
2025-06-18 15:48:19.401542365+00:00,14,0,0,0,30.493046300729716,0.8965855852656437,0.0,zonia,0,False
2025-06-18 16:13:11.184339365+00:00,14,0,0,0,30.30611115073752,0.9068184166023178,0.0,zonia,0,False
2025-06-18 16:26:56.025402365+00:00,14,0,0,0,29.61635432551735,0.9099348689199076,0.0,zonia,0,False
2025-06-18 16:27:50.632838365+00:00,14,0,0,0,29.60060366657045,0.9090319466256902,0.0,zonia,0,False
2025-06-18 16:30:02.214807365+00:00,14,0,0,0,30.005521896738948,0.9111242994815582,0.0,zonia,0,False
2025-06-18 17:16:19.335839365+00:00,14,0,0,0,29.51591855880869,0.9022359769174558,0.0,zonia,0,False
2025-06-18 17:27:46.274006365+00:00,14,0,0,0,29.452674017086963,0.9064467847611958,0.0,zonia,0,False
2025-06-18 17:38:55.238601365+00:00,14,0,0,0,28.93548885389503,0.9034270848483458,0.0,zonia,0,False
2025-06-18 17:57:46.470243365+00:00,14,0,0,0,28.940936299310966,0.9082310405876479,0.0,zonia,0,False
2025-06-18 18:02:18.809163365+00:00,14,0,0,0,28.97584068874772,0.9100024375030566,0.0,zonia,0,False
2025-06-18 18:02:37.210678365+00:00,14,0,0,0,29.08618473021715,0.925716327563947,0.0,zonia,0,False
2025-06-18 18:04:23.420006365+00:00,14,0,0,0,28.78461873225827,0.9261202948876732,0.0,zonia,0,False
2025-06-18 18:06:14.645419365+00:00,14,0,0,0,28.56970289104471,0.9261210487774948,0.0,zonia,0,False
2025-06-18 18:09:32.927091365+00:00,14,0,0,0,28.376866619882342,0.9229480660745714,0.0,zonia,0,False
2025-06-18 18:26:13.879767365+00:00,14,0,0,0,27.515568446597708,0.9240641920345979,0.0,zonia,0,False
2025-06-18 18:35:07.408477365+00:00,14,0,0,0,26.682126981671715,0.920188143382738,0.0,zonia,0,False
2025-06-18 18:45:16.268029365+00:00,14,0,0,0,25.958337842661958,0.9163141082517975,0.0,zonia,0,False
2025-06-18 19:09:24.777992365+00:00,14,0,0,0,24.157221846896118,0.9241622324473878,0.0,zonia,0,False
2025-06-18 19:12:22.999346365+00:00,14,0,0,0,24.211146795749958,0.9417493814549109,0.0,zonia,0,False
2025-06-18 19:17:09.987696365+00:00,14,0,0,0,23.47839738350073,0.9519194260791535,0.0,zonia,0,False
2025-06-18 19:18:16.084064365+00:00,14,0,0,0,24.12603288341449,0.9574409299833805,0.0,zonia,0,False
2025-06-18 19:29:31.219014365+00:00,14,0,0,0,23.456817717064798,0.965054667071488,0.0,zonia,0,False
2025-06-18 19:47:51.159409365+00:00,14,0,0,0,22.70174997110601,0.9704249339812794,0.0,zonia,0,False
2025-06-18 20:20:57.481499365+00:00,14,0,0,0,22.096659790362065,0.9712703103188447,0.0,zonia,0,False
2025-06-18 20:33:03.151552365+00:00,14,0,0,0,21.82076437959778,0.9644071482777784,0.0,zonia,0,False
2025-06-18 20:44:20.990192365+00:00,14,0,0,0,21.649251705209394,0.9617555534166659,0.0,zonia,0,False
2025-06-18 20:46:32.682258365+00:00,14,0,0,0,21.28411561935829,0.9624221552864973,0.0,zonia,0,False
2025-06-18 20:57:51.587631365+00:00,14,0,0,0,21.154501189866163,0.961613774217505,0.0,zonia,0,False
2025-06-18 21:02:24.731675365+00:00,14,0,0,0,20.451360149926344,0.9588953209339498,0.0,zonia,0,False
2025-06-18 21:07:04.239324365+00:00,14,0,0,0,20.050229797705708,0.9599164753126684,0.0,zonia,0,False
2025-06-18 21:08:30.503569365+00:00,14,0,0,0,20.16392367874242,0.9605942387280842,0.0,zonia,0,False
2025-06-18 21:15:37.002368365+00:00,14,0,0,0,21.02125125353563,0.9583322370169063,0.0,zonia,0,False
2025-06-18 21:24:45.244214365+00:00,14,0,0,0,20.463023357525746,0.957337242094623,0.0,zonia,0,False
2025-06-18 21:32:23.198449365+00:00,14,0,0,0,19.78320152268452,0.9579449106963631,0.0,zonia,0,False
2025-06-18 21:54:37.742723365+00:00,14,0,0,0,19.196803556776956,0.961381859222797,0.0,zonia,0,False
2025-06-18 22:05:20.642471365+00:00,14,0,0,0,19.302977253958925,0.9643005545470623,0.0,zonia,0,False
2025-06-18 22:14:51.065027365+00:00,14,0,0,0,19.566561109340768,0.966244817745055,0.0,zonia,0,False
2025-06-18 22:51:54.315196365+00:00,14,0,0,0,18.924813299478057,0.9676233173391416,0.0,zonia,0,False
2025-06-18 23:02:07.250038365+00:00,14,0,0,0,18.7022135507095,0.9692783640572202,0.0,zonia,0,False
2025-06-18 23:25:18.716311365+00:00,14,0,0,0,18.436821130230328,0.9716526453927309,0.0,zonia,0,False
2025-06-18 23:48:17.257964365+00:00,14,0,0,0,18.41712937345642,0.972222133691388,0.0,zonia,0,False
2025-06-19 00:26:03.214606365+00:00,14,0,0,0,17.921347804674095,0.9731954864201052,0.0,zonia,0,False
2025-06-19 00:28:18.629918365+00:00,14,0,0,0,17.88260991569729,0.9731956738775779,0.0,zonia,0,False
2025-06-19 00:49:21.882850365+00:00,14,0,0,0,17.706786103291268,0.9747606807305298,0.0,zonia,0,False
2025-06-19 00:56:24.066939365+00:00,14,0,0,0,17.69561113630284,0.9837971658609901,0.0,zonia,0,False
2025-06-19 01:11:10.093687365+00:00,14,0,0,0,17.284509204596773,0.9832472400053156,0.0,zonia,0,False
2025-06-19 01:30:02.856732365+00:00,14,0,0,0,17.24089416028549,0.9836187125162894,0.0,zonia,0,False
2025-06-19 02:22:54.274344365+00:00,14,0,0,0,17.120822308384337,0.9835556918709819,0.0,zonia,0,False
2025-06-19 02:26:20.407908365+00:00,14,0,0,0,17.222955251881647,0.9874510121316725,0.0,zonia,0,False
2025-06-19 02:44:40.659815365+00:00,14,0,0,0,16.65875519570006,0.9881623849013336,0.0,zonia,0,False
2025-06-19 03:03:38.851752365+00:00,14,0,0,0,16.919784292337052,0.9908036883666785,0.0,zonia,0,False
2025-06-19 03:14:14.651764365+00:00,14,0,0,0,16.589872282328887,0.9913765229838641,0.0,zonia,0,False
2025-06-19 03:17:58.163055365+00:00,14,0,0,0,16.84746203683425,0.992994421895695,0.0,zonia,0,False
2025-06-19 03:27:53.218805365+00:00,14,0,0,0,16.7180716686355,0.9929811185309482,0.0,zonia,0,False
2025-06-19 03:49:08.580174365+00:00,14,0,0,0,16.81748053642571,0.9916090240673424,0.0,zonia,0,False
2025-06-19 03:50:56.141061365+00:00,14,0,0,0,16.828076697783082,0.9912163404337522,0.0,zonia,0,False
2025-06-19 03:56:24.680961365+00:00,14,0,0,0,16.609825658688532,0.9876212492198242,0.0,zonia,0,False
2025-06-19 04:09:18.449489365+00:00,14,0,0,0,16.967244452045325,0.9879286509276056,0.0,zonia,0,False
2025-06-19 04:17:52.922651365+00:00,14,0,0,0,17.457376457794012,0.9885827264551706,0.0,zonia,0,False
2025-06-19 04:28:19.921692365+00:00,14,0,0,0,17.813755273776056,0.9853754606994175,0.0,zonia,0,False
2025-06-19 04:59:42.274774365+00:00,14,0,0,0,20.047059749961747,0.9759830732741281,0.0,zonia,0,False
2025-06-19 05:02:35.534788365+00:00,14,0,0,0,20.08540642851244,0.9777606626139335,0.0,zonia,0,False
2025-06-19 05:13:36.299096365+00:00,14,0,0,0,21.157964202643452,0.9756856009973566,0.0,zonia,0,False
2025-06-19 05:14:23.611779365+00:00,14,0,0,0,20.67335606272919,0.9749437894136648,0.0,zonia,0,False
2025-06-19 05:52:10.858354365+00:00,14,0,0,0,22.75682948736396,0.9758381646393958,0.0,zonia,0,False
2025-06-19 05:57:41.767075365+00:00,14,0,0,0,22.976051130949845,0.9686721623743458,0.0,zonia,0,False
2025-06-19 05:59:56.477442365+00:00,14,0,0,0,23.58485386752936,0.9617446103995382,0.0,zonia,0,False
2025-06-19 06:10:01.057636365+00:00,14,0,0,0,23.67812540218637,0.9314468282427354,0.0,zonia,0,False
2025-06-19 06:11:17.326543365+00:00,14,0,0,0,24.093992264245664,0.9110788052196094,0.0,zonia,0,False
2025-06-19 06:19:52.099358365+00:00,14,0,0,0,24.18185788134691,0.9139916701590997,0.0,zonia,0,False
2025-06-19 06:35:04.942323365+00:00,14,0,0,0,25.182948186709453,0.9103206741827563,0.0,zonia,0,False
2025-06-19 06:39:35.886766365+00:00,14,0,0,0,25.185669420243535,0.9082648682386815,0.0,zonia,0,False
2025-06-19 06:48:43.302865365+00:00,14,0,0,0,25.897017033183204,0.9084000728266596,0.0,zonia,0,False
2025-06-19 07:16:16.269720365+00:00,14,0,0,0,26.659077518789413,0.9217945539447215,0.0,zonia,0,False
2025-06-19 07:25:40.323568365+00:00,14,0,0,0,27.027839294908556,0.9283899906928329,0.0,zonia,0,False
2025-06-19 07:30:44.519229365+00:00,14,0,0,0,27.589672297455543,0.9272038835036833,0.0,zonia,0,False
2025-06-19 07:31:50.861393365+00:00,14,0,0,0,27.276564407486394,0.9303453641488038,0.0,zonia,0,False
2025-06-19 07:57:34.110254365+00:00,14,0,0,0,28.50340683726079,0.9348932643167872,0.0,zonia,0,False
2025-06-19 08:17:01.602677365+00:00,14,0,0,0,28.9835501652662,0.939221110815761,0.0,zonia,0,False
2025-06-19 08:21:54.627113365+00:00,14,0,0,0,29.16676329552531,0.943753960388943,0.0,zonia,0,False
2025-06-19 08:47:37.329572365+00:00,14,0,0,0,29.993954890412763,0.9448710445933164,0.0,zonia,0,False
2025-06-19 08:51:54.558033365+00:00,14,0,0,0,30.196642178883003,0.9456037364024669,0.0,zonia,0,False
