current_time,indexers_created,indexers_malign,indexers_banned,indexers_banned_malign,inferred_truth,avg_rep_benign,avg_rep_malign,mode,fail_counter,consolidated_result
2025-06-06 03:19:35.003048061+00:00,12,0,0,0,15.086592635041727,0.20114536339571043,0.0,zonia,0,False
2025-06-06 03:45:37.735165061+00:00,12,0,0,0,15.08672123717149,0.31295782559855906,0.0,zonia,0,False
2025-06-06 03:50:00.928492061+00:00,12,0,0,0,15.030178395320144,0.46168039558344937,0.0,zonia,0,False
2025-06-06 04:09:02.428529061+00:00,12,0,0,0,15.815176915939759,0.5612519616854573,0.0,zonia,0,False
2025-06-06 04:16:03.851874061+00:00,12,0,0,0,16.06638489893576,0.638380481448598,0.0,zonia,0,False
2025-06-06 04:26:48.552811061+00:00,12,0,0,0,16.994382535979955,0.6869417226931861,0.0,zonia,0,False
2025-06-06 04:38:17.125199061+00:00,12,0,0,0,17.72297464191137,0.749793267323462,0.0,zonia,0,False
2025-06-06 04:39:08.948288061+00:00,12,0,0,0,17.446380659453695,0.7906678795277656,0.0,zonia,0,False
2025-06-06 04:57:37.027693061+00:00,12,0,0,0,19.0019667549166,0.810482640882309,0.0,zonia,0,False
2025-06-06 05:17:59.760845061+00:00,12,0,0,0,20.132014493082384,0.8256933294904863,0.0,zonia,0,False
2025-06-06 05:30:34.255426061+00:00,12,0,0,0,20.908944263608902,0.8749057269175496,0.0,zonia,0,False
2025-06-06 05:51:01.596095061+00:00,12,0,0,0,22.31392936057651,0.9106381530553288,0.0,zonia,0,False
2025-06-06 05:59:13.673383061+00:00,12,0,0,0,23.105885408427035,0.9142399372853126,0.0,zonia,0,False
2025-06-06 06:24:32.153567061+00:00,12,0,0,0,24.293783354401338,0.9351285019585175,0.0,zonia,0,False
2025-06-06 06:41:27.421631061+00:00,12,0,0,0,24.520027518723293,0.9437165756745823,0.0,zonia,0,False
2025-06-06 07:02:57.499329061+00:00,12,0,0,0,25.244756225024073,0.9476995408936175,0.0,zonia,0,False
2025-06-06 07:17:26.581292061+00:00,12,0,0,0,25.76427833700779,0.9216583813088962,0.0,zonia,0,False
2025-06-06 07:31:21.183024061+00:00,12,0,0,0,25.672909311323888,0.9257195911212298,0.0,zonia,0,False
2025-06-06 07:38:15.702944061+00:00,12,0,0,0,25.85795504183121,0.9294289802249905,0.0,zonia,0,False
2025-06-06 07:39:53.205591061+00:00,12,0,0,0,25.831872730476082,0.9306994624903869,0.0,zonia,0,False
2025-06-06 08:08:23.907118061+00:00,12,0,0,0,26.808740583057496,0.9314858387481397,0.0,zonia,0,False
2025-06-06 08:21:56.542220061+00:00,12,0,0,0,26.86778846603432,0.9334701850741328,0.0,zonia,0,False
2025-06-06 08:31:45.956890061+00:00,12,0,0,0,27.054136040391487,0.9336485736531316,0.0,zonia,0,False
2025-06-06 08:38:00.216693061+00:00,12,0,0,0,27.362946762366782,0.9184314772744169,0.0,zonia,0,False
2025-06-06 08:42:38.160116061+00:00,12,0,0,0,27.16552099225099,0.9192641474618353,0.0,zonia,0,False
2025-06-06 09:02:52.351851061+00:00,12,0,0,0,27.923034929837026,0.9165862402342425,0.0,zonia,0,False
2025-06-06 09:02:55.299431061+00:00,12,0,0,0,27.59539095869047,0.9180058417137068,0.0,zonia,0,False
2025-06-06 09:09:37.886048061+00:00,12,0,0,0,28.093451994092383,0.9179653489859132,0.0,zonia,0,False
2025-06-06 09:10:14.968991061+00:00,12,0,0,0,27.845709559111206,0.909986645805298,0.0,zonia,0,False
2025-06-06 09:23:55.534707061+00:00,12,0,0,0,27.737361637232034,0.9102604481549023,0.0,zonia,0,False
2025-06-06 09:49:27.827304061+00:00,12,0,0,0,28.186969062871725,0.9046659089899659,0.0,zonia,0,False
2025-06-06 09:53:59.942527061+00:00,12,0,0,0,28.65916419023155,0.9052002379843472,0.0,zonia,0,False
2025-06-06 09:55:22.512172061+00:00,12,0,0,0,28.76916335913215,0.9067863609480934,0.0,zonia,0,False
2025-06-06 09:55:40.756687061+00:00,12,0,0,0,29.01409580321155,0.9388805067643426,0.0,zonia,0,False
2025-06-06 10:23:59.443011061+00:00,12,0,0,0,29.74094149495978,0.9504776834192016,0.0,zonia,0,False
2025-06-06 10:38:19.458326061+00:00,12,0,0,0,28.883598917561663,0.9564371316108152,0.0,zonia,0,False
2025-06-06 10:40:03.678038061+00:00,12,0,0,0,28.539692897038844,0.9629951347935249,0.0,zonia,0,False
2025-06-06 10:44:09.401757061+00:00,12,0,0,0,28.629628706237067,0.9595633061596452,0.0,zonia,0,False
2025-06-06 10:50:23.983784061+00:00,12,0,0,0,28.39158004576493,0.9586774797822925,0.0,zonia,0,False
2025-06-06 11:34:49.653426061+00:00,12,0,0,0,28.893597142560722,0.9665490363623314,0.0,zonia,0,False
2025-06-06 11:39:37.013211061+00:00,12,0,0,0,29.190715930065963,0.9722167544501189,0.0,zonia,0,False
2025-06-06 11:46:28.523585061+00:00,12,0,0,0,29.69363658389022,0.9744873907415811,0.0,zonia,0,False
2025-06-06 12:12:03.894266061+00:00,12,0,0,0,30.160753613216826,0.9710568681076696,0.0,zonia,0,False
2025-06-06 12:31:52.032052061+00:00,12,0,0,0,30.200081233589653,0.9751882142120497,0.0,zonia,0,False
2025-06-06 12:40:30.784800061+00:00,12,0,0,0,30.269295635411286,0.9746487684939255,0.0,zonia,0,False
2025-06-06 12:41:54.173173061+00:00,12,0,0,0,30.249187617684353,0.9794168527703141,0.0,zonia,0,False
2025-06-06 12:45:01.979029061+00:00,12,0,0,0,30.45287070559395,0.9788579456131594,0.0,zonia,0,False
2025-06-06 14:05:03.070993061+00:00,12,0,0,0,29.943874322333578,0.967182354451735,0.0,zonia,0,False
2025-06-06 14:15:52.639659061+00:00,12,0,0,0,30.700051415727252,0.952191211120625,0.0,zonia,0,False
2025-06-06 14:16:11.413328061+00:00,12,0,0,0,30.74389600282684,0.9432667349003073,0.0,zonia,0,False
2025-06-06 14:32:50.020402061+00:00,12,0,0,0,30.593036164132506,0.9382701160929297,0.0,zonia,0,False
2025-06-06 15:05:13.284129061+00:00,12,0,0,0,30.056536719248797,0.9429066844973216,0.0,zonia,0,False
2025-06-06 15:32:03.984341061+00:00,12,0,0,0,30.180071219302544,0.9434047937737597,0.0,zonia,0,False
2025-06-06 15:36:31.338553061+00:00,12,0,0,0,30.536298649811677,0.9379958779476314,0.0,zonia,0,False
2025-06-06 15:39:41.596494061+00:00,12,0,0,0,30.471926388641023,0.9478153091304545,0.0,zonia,0,False
2025-06-06 15:43:24.916307061+00:00,12,0,0,0,30.78115365089151,0.9551909835363199,0.0,zonia,0,False
2025-06-06 15:57:19.729028061+00:00,12,0,0,0,30.425077595217495,0.9574788487790494,0.0,zonia,0,False
2025-06-06 16:21:52.347776061+00:00,12,0,0,0,28.996703258865193,0.9650946235902272,0.0,zonia,0,False
2025-06-06 16:28:53.791311061+00:00,12,0,0,0,29.358697278603017,0.9664798930742484,0.0,zonia,0,False
2025-06-06 16:39:51.529496061+00:00,12,0,0,0,29.665096349889353,0.969467331018781,0.0,zonia,0,False
2025-06-06 16:45:48.780996061+00:00,12,0,0,0,29.333252537912134,0.9767320636505179,0.0,zonia,0,False
2025-06-06 16:53:44.928151061+00:00,12,0,0,0,28.726781148110383,0.9778079723297567,0.0,zonia,0,False
2025-06-06 16:58:33.440841061+00:00,12,0,0,0,28.451184180831973,0.9737475216466414,0.0,zonia,0,False
2025-06-06 17:04:25.942608061+00:00,12,0,0,0,28.388418357718546,0.971574421568481,0.0,zonia,0,False
2025-06-06 17:06:22.857266061+00:00,12,0,0,0,28.517605891431153,0.9746880869860739,0.0,zonia,0,False
2025-06-06 18:03:40.556255061+00:00,12,0,0,0,27.16483940328673,0.9623136782741771,0.0,zonia,0,False
2025-06-06 18:37:00.082833061+00:00,12,0,0,0,25.563379338321667,0.9616461103240083,0.0,zonia,0,False
2025-06-06 18:38:26.122539061+00:00,12,0,0,0,25.45840907841692,0.9594728049890273,0.0,zonia,0,False
2025-06-06 18:39:34.374721061+00:00,12,0,0,0,24.878016349495407,0.9633296217233944,0.0,zonia,0,False
2025-06-06 18:48:57.656979061+00:00,12,0,0,0,25.201222936342347,0.9550434755153253,0.0,zonia,0,False
2025-06-06 19:24:56.795770061+00:00,12,0,0,0,22.60251008427301,0.9609494757278653,0.0,zonia,0,False
2025-06-06 19:27:42.589036061+00:00,12,0,0,0,22.795242990890586,0.9600812257271768,0.0,zonia,0,False
2025-06-06 19:40:06.328872061+00:00,12,0,0,0,22.718373555299287,0.9631116336918276,0.0,zonia,0,False
2025-06-06 20:07:22.191826061+00:00,12,0,0,0,22.84526288724533,0.9681065962670713,0.0,zonia,0,False
2025-06-06 20:32:45.494943061+00:00,12,0,0,0,21.93933464227135,0.9706601208168845,0.0,zonia,0,False
2025-06-06 20:41:44.579789061+00:00,12,0,0,0,22.085441900531297,0.9726776796768614,0.0,zonia,0,False
2025-06-06 20:42:18.146069061+00:00,12,0,0,0,21.662378178846833,0.9693301076455799,0.0,zonia,0,False
2025-06-06 21:18:46.530221061+00:00,12,0,0,0,20.560974854350906,0.9567181578311755,0.0,zonia,0,False
2025-06-06 21:21:00.518040061+00:00,12,0,0,0,20.376481963415035,0.9532173498534283,0.0,zonia,0,False
2025-06-06 21:28:39.880140061+00:00,12,0,0,0,20.95231269285686,0.9593454092590615,0.0,zonia,0,False
2025-06-06 21:38:06.805907061+00:00,12,0,0,0,20.162452208580696,0.9664018660305213,0.0,zonia,0,False
2025-06-06 22:00:38.399540061+00:00,12,0,0,0,20.299866732998584,0.9625650733902972,0.0,zonia,0,False
2025-06-06 22:07:04.883799061+00:00,12,0,0,0,20.220753363899686,0.9548027092866124,0.0,zonia,0,False
2025-06-06 22:29:53.380125061+00:00,12,0,0,0,19.35078698834975,0.9527857336218125,0.0,zonia,0,False
2025-06-06 23:14:03.142343061+00:00,12,0,0,0,18.644948349272987,0.9514381933158526,0.0,zonia,0,False
2025-06-06 23:40:13.179674061+00:00,12,0,0,0,18.2892999611303,0.9569337919832459,0.0,zonia,0,False
2025-06-06 23:48:16.941980061+00:00,12,0,0,0,17.976315715882844,0.9573166367982692,0.0,zonia,0,False
2025-06-06 23:50:07.743730061+00:00,12,0,0,0,17.525921921422377,0.9638095795059661,0.0,zonia,0,False
2025-06-06 23:50:18.968948061+00:00,12,0,0,0,18.043656224011087,0.9652147837679107,0.0,zonia,0,False
2025-06-07 00:36:49.172315061+00:00,12,0,0,0,18.012359198161622,0.9536600730325712,0.0,zonia,0,False
2025-06-07 01:00:53.653803061+00:00,12,0,0,0,17.181541342621607,0.9486936365269392,0.0,zonia,0,False
2025-06-07 01:06:17.899309061+00:00,12,0,0,0,17.009470889751142,0.9518427678574314,0.0,zonia,0,False
2025-06-07 01:10:53.418667061+00:00,12,0,0,0,16.662007685148982,0.9489974542013218,0.0,zonia,0,False
2025-06-07 01:30:52.121616061+00:00,12,0,0,0,16.369606994339165,0.9497983111762109,0.0,zonia,0,False
2025-06-07 01:39:05.990668061+00:00,12,0,0,0,16.803124792305294,0.9462083932053128,0.0,zonia,0,False
2025-06-07 01:56:30.407636061+00:00,12,0,0,0,15.705839347595635,0.9424419194589154,0.0,zonia,0,False
2025-06-07 02:14:50.647326061+00:00,12,0,0,0,15.51441916500346,0.9439286460067787,0.0,zonia,0,False
2025-06-07 02:28:38.434330061+00:00,12,0,0,0,15.800281378253814,0.9436430515313287,0.0,zonia,0,False
2025-06-07 02:53:02.078123061+00:00,12,0,0,0,15.579450070890392,0.9427129892958743,0.0,zonia,0,False
2025-06-07 02:54:29.231537061+00:00,12,0,0,0,15.126755198455491,0.9376083138390422,0.0,zonia,0,False
2025-06-07 02:56:36.160396061+00:00,12,0,0,0,15.523067180178789,0.9357285944978093,0.0,zonia,0,False
2025-06-07 03:37:10.452106061+00:00,12,0,0,0,15.644136313839978,0.9379464694216061,0.0,zonia,0,False
2025-06-07 04:19:21.181848061+00:00,12,0,0,0,16.460160084340842,0.9497245198027252,0.0,zonia,0,False
2025-06-07 04:23:43.109874061+00:00,12,0,0,0,16.221574998189556,0.9573215806075432,0.0,zonia,0,False
2025-06-07 04:50:29.158323061+00:00,12,0,0,0,18.362346936143567,0.9672696857341356,0.0,zonia,0,False
2025-06-07 05:18:38.819434061+00:00,12,0,0,0,21.25059764335061,0.9662093550318837,0.0,zonia,0,False
2025-06-07 05:36:31.049051061+00:00,12,0,0,0,22.887288795785157,0.9661180669978903,0.0,zonia,0,False
2025-06-07 05:41:55.578441061+00:00,12,0,0,0,22.470315932596915,0.9634788261834585,0.0,zonia,0,False
2025-06-07 05:44:52.720585061+00:00,12,0,0,0,23.256857046743548,0.9667172773242153,0.0,zonia,0,False
2025-06-07 05:50:24.887446061+00:00,12,0,0,0,22.93875767621776,0.9690677505521789,0.0,zonia,0,False
2025-06-07 06:13:55.525288061+00:00,12,0,0,0,24.027908255400934,0.9681227856171337,0.0,zonia,0,False
2025-06-07 06:14:08.242250061+00:00,12,0,0,0,23.79108868394803,0.9682775533349549,0.0,zonia,0,False
2025-06-07 06:19:44.011698061+00:00,12,0,0,0,24.126441241280936,0.9719345027432696,0.0,zonia,0,False
2025-06-07 06:21:36.438789061+00:00,12,0,0,0,24.416989540828947,0.9486002356405008,0.0,zonia,0,False
2025-06-07 06:32:01.718627061+00:00,12,0,0,0,24.68412815102578,0.9476560925472212,0.0,zonia,0,False
2025-06-07 06:48:34.022927061+00:00,12,0,0,0,25.02448390292802,0.9507321986363678,0.0,zonia,0,False
2025-06-07 07:03:54.140319061+00:00,12,0,0,0,25.900455999900593,0.9275170555328992,0.0,zonia,0,False
2025-06-07 07:19:36.917465061+00:00,12,0,0,0,26.61364305196175,0.9165301154441446,0.0,zonia,0,False
2025-06-07 07:25:51.334805061+00:00,12,0,0,0,26.694772110362937,0.9188975182969265,0.0,zonia,0,False
2025-06-07 07:30:25.437751061+00:00,12,0,0,0,27.241321873678828,0.9147902883972391,0.0,zonia,0,False
2025-06-07 08:12:13.887880061+00:00,12,0,0,0,28.657030795765753,0.9237094959934994,0.0,zonia,0,False
2025-06-07 08:36:00.069895061+00:00,12,0,0,0,29.19375931203439,0.9170552520062923,0.0,zonia,0,False
2025-06-07 09:08:06.405795061+00:00,12,0,0,0,30.094706765377264,0.9350438328507806,0.0,zonia,0,False
2025-06-07 09:18:48.905042061+00:00,12,0,0,0,29.881958256598534,0.9402167176646751,0.0,zonia,0,False
2025-06-07 09:24:34.778968061+00:00,12,0,0,0,29.948394425452395,0.9512324383812345,0.0,zonia,0,False
2025-06-07 09:31:26.963048061+00:00,12,0,0,0,29.95956036724294,0.9552973471615817,0.0,zonia,0,False
2025-06-07 09:44:59.957560061+00:00,12,0,0,0,30.19875884595478,0.9475664699833417,0.0,zonia,0,False
2025-06-07 09:47:54.123302061+00:00,12,0,0,0,30.245772191870397,0.9488733640287191,0.0,zonia,0,False
2025-06-07 10:03:23.458906061+00:00,12,0,0,0,30.924351241077634,0.9376341507761728,0.0,zonia,0,False
2025-06-07 10:14:42.532652061+00:00,12,0,0,0,30.664463710250992,0.9412360200965947,0.0,zonia,0,False
2025-06-07 10:33:30.094643061+00:00,12,0,0,0,31.276016021836387,0.9414583679015985,0.0,zonia,0,False
2025-06-07 11:44:36.143100061+00:00,12,0,0,0,32.285189240118726,0.9369485863438278,0.0,zonia,0,False
2025-06-07 11:54:29.058547061+00:00,12,0,0,0,32.16148168725591,0.9493703964151053,0.0,zonia,0,False
2025-06-07 11:54:53.789757061+00:00,12,0,0,0,32.34759293613996,0.9511137524769641,0.0,zonia,0,False
2025-06-07 12:10:29.226336061+00:00,12,0,0,0,32.61655010962005,0.9528530707569413,0.0,zonia,0,False
2025-06-07 12:10:56.453173061+00:00,12,0,0,0,32.641535884424805,0.9519011782936121,0.0,zonia,0,False
2025-06-07 12:21:59.327732061+00:00,12,0,0,0,32.20013359379415,0.9461435706063187,0.0,zonia,0,False
2025-06-07 12:33:05.795501061+00:00,12,0,0,0,32.46633187706314,0.949710634976729,0.0,zonia,0,False
2025-06-07 12:42:46.334197061+00:00,12,0,0,0,32.527734219013496,0.9505995184927684,0.0,zonia,0,False
2025-06-07 12:48:50.723506061+00:00,12,0,0,0,32.47442970839059,0.9472598194879148,0.0,zonia,0,False
2025-06-07 14:14:25.336488061+00:00,12,0,0,0,33.16769690040042,0.9486664112265865,0.0,zonia,0,False
2025-06-07 14:21:13.312765061+00:00,12,0,0,0,32.64216772453348,0.9478997658645617,0.0,zonia,0,False
2025-06-07 14:27:26.414804061+00:00,12,0,0,0,32.62348557588639,0.940971559731337,0.0,zonia,0,False
2025-06-07 14:38:54.268536061+00:00,12,0,0,0,32.48066276174084,0.9397756016129207,0.0,zonia,0,False
2025-06-07 15:30:33.091687061+00:00,12,0,0,0,32.20202540776322,0.9385373592636553,0.0,zonia,0,False
2025-06-07 15:41:09.059592061+00:00,12,0,0,0,31.758989898044238,0.940247417405082,0.0,zonia,0,False
2025-06-07 15:44:24.956965061+00:00,12,0,0,0,32.07390957871653,0.9537434592857847,0.0,zonia,0,False
2025-06-07 16:11:40.538084061+00:00,12,0,0,0,31.675958444434638,0.9579093260369974,0.0,zonia,0,False
2025-06-07 16:13:19.555546061+00:00,12,0,0,0,31.38635482193099,0.9622191662343705,0.0,zonia,0,False
2025-06-07 16:18:03.448452061+00:00,12,0,0,0,31.312301313407005,0.9640041467384327,0.0,zonia,0,False
2025-06-07 16:28:20.324657061+00:00,12,0,0,0,31.298337338753857,0.9658246296301357,0.0,zonia,0,False
2025-06-07 16:28:41.730537061+00:00,12,0,0,0,31.1442701247133,0.9647676796267307,0.0,zonia,0,False
2025-06-07 16:32:03.120846061+00:00,12,0,0,0,31.503837628681314,0.9676905638795535,0.0,zonia,0,False
2025-06-07 16:39:39.444483061+00:00,12,0,0,0,30.95286878165926,0.969881901512491,0.0,zonia,0,False
2025-06-07 16:52:08.607667061+00:00,12,0,0,0,30.884783167277664,0.9699855248745616,0.0,zonia,0,False
2025-06-07 17:11:00.639703061+00:00,12,0,0,0,30.220363812667497,0.970183802688947,0.0,zonia,0,False
2025-06-07 17:16:53.631931061+00:00,12,0,0,0,30.323149335099263,0.9691446136973569,0.0,zonia,0,False
2025-06-07 17:20:53.858752061+00:00,12,0,0,0,30.093321385193004,0.9684178513959547,0.0,zonia,0,False
2025-06-07 17:35:21.602520061+00:00,12,0,0,0,29.835106405844485,0.9698399142171926,0.0,zonia,0,False
2025-06-07 18:06:07.474637061+00:00,12,0,0,0,28.661270002785887,0.9711763343187999,0.0,zonia,0,False
2025-06-07 18:09:34.821574061+00:00,12,0,0,0,28.441044506006644,0.966401455485513,0.0,zonia,0,False
2025-06-07 18:38:03.455283061+00:00,12,0,0,0,27.063945865671855,0.9670255355065461,0.0,zonia,0,False
2025-06-07 19:32:40.371959061+00:00,12,0,0,0,25.785132945498173,0.9678351461063288,0.0,zonia,0,False
2025-06-07 19:39:27.444061061+00:00,12,0,0,0,25.23857755234072,0.9688400192745523,0.0,zonia,0,False
2025-06-07 19:45:23.070372061+00:00,12,0,0,0,25.41083254557083,0.9689306779689221,0.0,zonia,0,False
2025-06-07 20:04:37.712297061+00:00,12,0,0,0,25.319101463512283,0.9738447261468003,0.0,zonia,0,False
2025-06-07 20:53:08.953377061+00:00,12,0,0,0,22.699605346344466,0.9466614039165568,0.0,zonia,0,False
2025-06-07 20:54:49.968229061+00:00,12,0,0,0,22.907610230410857,0.9443902590534807,0.0,zonia,0,False
2025-06-07 21:27:28.685260061+00:00,12,0,0,0,21.811667317737413,0.9399676488576086,0.0,zonia,0,False
2025-06-07 21:32:58.061592061+00:00,12,0,0,0,21.771902905839617,0.9307296129704222,0.0,zonia,0,False
2025-06-07 21:41:13.742717061+00:00,12,0,0,0,21.67971186522279,0.9266548248986611,0.0,zonia,0,False
2025-06-07 21:41:14.966255061+00:00,12,0,0,0,22.23519999233196,0.949965061889353,0.0,zonia,0,False
2025-06-07 21:47:46.662141061+00:00,12,0,0,0,21.403916339910676,0.9458826569710482,0.0,zonia,0,False
2025-06-07 21:56:23.504975061+00:00,12,0,0,0,20.945856187243592,0.9575497055638073,0.0,zonia,0,False
2025-06-07 21:59:37.626782061+00:00,12,0,0,0,20.98997547014045,0.9501852591366234,0.0,zonia,0,False
2025-06-07 22:44:15.103499061+00:00,12,0,0,0,19.864483939168206,0.9313109153476509,0.0,zonia,0,False
2025-06-07 22:48:43.833656061+00:00,12,0,0,0,21.16155430798715,0.9094547711563656,0.0,zonia,0,False
2025-06-07 22:52:40.826008061+00:00,12,0,0,0,19.771803591584174,0.9169104825981993,0.0,zonia,0,False
2025-06-07 22:58:42.243682061+00:00,12,0,0,0,20.410471463119272,0.8988767678209376,0.0,zonia,0,False
2025-06-07 23:05:34.750645061+00:00,12,0,0,0,19.715955228109816,0.8892750857268151,0.0,zonia,0,False
2025-06-07 23:08:00.492535061+00:00,12,0,0,0,20.36893727979672,0.8967408600085299,0.0,zonia,0,False
2025-06-07 23:44:16.313077061+00:00,12,0,0,0,19.52604359606699,0.9056212841874821,0.0,zonia,0,False
2025-06-08 00:11:42.658072061+00:00,12,0,0,0,19.315871376627644,0.8923647488821276,0.0,zonia,0,False
2025-06-08 00:11:58.800479061+00:00,12,0,0,0,19.673120141292546,0.9103396724096767,0.0,zonia,0,False
2025-06-08 00:22:08.352391061+00:00,12,0,0,0,19.927261426047014,0.917151195944416,0.0,zonia,0,False
2025-06-08 00:25:50.586454061+00:00,12,0,0,0,20.474934780722286,0.9090730466537261,0.0,zonia,0,False
2025-06-08 00:33:06.783927061+00:00,12,0,0,0,19.744391520071275,0.9102843331381861,0.0,zonia,0,False
2025-06-08 00:44:08.581620061+00:00,12,0,0,0,18.599649312847728,0.8962067557523797,0.0,zonia,0,False
2025-06-08 00:45:52.701797061+00:00,12,0,0,0,19.047321579636165,0.8996509459182745,0.0,zonia,0,False
2025-06-08 01:23:51.109123061+00:00,12,0,0,0,18.747127580716494,0.8911384838656417,0.0,zonia,0,False
2025-06-08 01:52:05.513454061+00:00,12,0,0,0,18.713876118900533,0.9075849650490221,0.0,zonia,0,False
2025-06-08 01:54:23.801060061+00:00,12,0,0,0,18.753248812800134,0.9115770289746695,0.0,zonia,0,False
2025-06-08 02:03:41.617928061+00:00,12,0,0,0,18.61499581428651,0.9088696830203801,0.0,zonia,0,False
2025-06-08 02:23:42.089652061+00:00,12,0,0,0,18.104287900758656,0.9129944092476778,0.0,zonia,0,False
2025-06-08 02:38:52.233443061+00:00,12,0,0,0,17.563174281693758,0.8932284226868531,0.0,zonia,0,False
2025-06-08 02:42:47.477052061+00:00,12,0,0,0,17.430334973681155,0.8763229957322278,0.0,zonia,0,False
2025-06-08 02:55:07.680324061+00:00,12,0,0,0,18.148903656797025,0.8791262174131939,0.0,zonia,0,False
2025-06-08 03:01:17.509027061+00:00,12,0,0,0,18.492537785498964,0.8575594288211724,0.0,zonia,0,False
2025-06-08 03:19:53.584740061+00:00,12,0,0,0,18.185317607163796,0.8519303752417208,0.0,zonia,0,False
2025-06-08 03:41:17.331638061+00:00,12,0,0,0,18.800153440070503,0.8411812251156622,0.0,zonia,0,False
2025-06-08 03:54:57.398165061+00:00,12,0,0,0,18.763063502418508,0.8273820982635126,0.0,zonia,0,False
2025-06-08 03:58:31.748403061+00:00,12,0,0,0,19.772062282774844,0.8347324565527899,0.0,zonia,0,False
2025-06-08 04:19:35.336907061+00:00,12,0,0,0,19.958628073205205,0.8494568390371176,0.0,zonia,0,False
2025-06-08 05:06:44.678858061+00:00,12,0,0,0,22.304920417773435,0.8817806102229961,0.0,zonia,0,False
2025-06-08 05:07:51.391008061+00:00,12,0,0,0,22.461270894288717,0.9177388223109167,0.0,zonia,0,False
2025-06-08 05:20:36.032581061+00:00,12,0,0,0,23.227205836600575,0.9323888219718185,0.0,zonia,0,False
2025-06-08 05:25:54.199314061+00:00,12,0,0,0,23.541173488515007,0.9474774089225969,0.0,zonia,0,False
2025-06-08 05:53:18.247088061+00:00,12,0,0,0,25.041621220985316,0.9357965176288374,0.0,zonia,0,False
2025-06-08 05:57:39.501213061+00:00,12,0,0,0,25.002294692025153,0.9448354629770214,0.0,zonia,0,False
2025-06-08 06:03:55.254358061+00:00,12,0,0,0,25.00284524477856,0.956750257682938,0.0,zonia,0,False
2025-06-08 06:11:13.268782061+00:00,12,0,0,0,25.503645439579575,0.9288588645025907,0.0,zonia,0,False
2025-06-08 06:12:03.109931061+00:00,12,0,0,0,25.308501095654503,0.9195494801965719,0.0,zonia,0,False
2025-06-08 06:30:55.181454061+00:00,12,0,0,0,26.351602527869602,0.9200023915072303,0.0,zonia,0,False
2025-06-08 07:04:33.228444061+00:00,12,0,0,0,27.05985111674362,0.9159506003124943,0.0,zonia,0,False
2025-06-08 07:05:48.802996061+00:00,12,0,0,0,26.921355090757377,0.9133971043381908,0.0,zonia,0,False
2025-06-08 07:06:51.731165061+00:00,12,0,0,0,27.03052399106411,0.9155020908933514,0.0,zonia,0,False
2025-06-08 07:09:22.045305061+00:00,12,0,0,0,26.970829227486423,0.9158519949430953,0.0,zonia,0,False
2025-06-08 07:19:03.231722061+00:00,12,0,0,0,27.33589422556106,0.920938607012468,0.0,zonia,0,False
2025-06-08 08:03:30.053886061+00:00,12,0,0,0,28.392758761400525,0.9180578145011292,0.0,zonia,0,False
2025-06-08 08:49:03.415967061+00:00,12,0,0,0,29.268657847226887,0.9166910993212589,0.0,zonia,0,False
2025-06-08 09:08:49.939177061+00:00,12,0,0,0,29.081419937581007,0.8628723732830155,0.0,zonia,0,False
2025-06-08 09:08:59.711786061+00:00,12,0,0,0,29.25243172740299,0.8648536858504355,0.0,zonia,0,False
2025-06-08 09:16:03.301534061+00:00,12,0,0,0,29.279198640630867,0.8840749927788597,0.0,zonia,0,False
2025-06-08 09:19:43.272331061+00:00,12,0,0,0,29.491955025914514,0.88552972012981,0.0,zonia,0,False
2025-06-08 09:49:31.941933061+00:00,12,0,0,0,29.664772837274498,0.9018954080295112,0.0,zonia,0,False
2025-06-08 09:52:41.339661061+00:00,12,0,0,0,29.611028846147253,0.9081251622238234,0.0,zonia,0,False
2025-06-08 10:13:41.192534061+00:00,12,0,0,0,30.120650319448984,0.9109919648394577,0.0,zonia,0,False
2025-06-08 10:25:55.693294061+00:00,12,0,0,0,30.11586318890501,0.905246788344916,0.0,zonia,0,False
2025-06-08 10:28:49.541263061+00:00,12,0,0,0,30.378392342293452,0.908520451674942,0.0,zonia,0,False
2025-06-08 10:39:44.831817061+00:00,12,0,0,0,30.10613565526406,0.9054895626482341,0.0,zonia,0,False
2025-06-08 11:47:42.862426061+00:00,12,0,0,0,30.664072360267753,0.9024736880924712,0.0,zonia,0,False
2025-06-08 11:49:35.043339061+00:00,12,0,0,0,30.94642667141173,0.8992097514858178,0.0,zonia,0,False
2025-06-08 11:50:19.656574061+00:00,12,0,0,0,31.014137343692983,0.8974888202956262,0.0,zonia,0,False
2025-06-08 12:10:44.493933061+00:00,12,0,0,0,31.153307145036802,0.9204696654921287,0.0,zonia,0,False
2025-06-08 12:26:08.168391061+00:00,12,0,0,0,30.933306594573192,0.9278438164024453,0.0,zonia,0,False
2025-06-08 12:49:17.222841061+00:00,12,0,0,0,30.6110525943066,0.924256744498409,0.0,zonia,0,False
2025-06-08 13:11:59.778443061+00:00,12,0,0,0,30.84620025427019,0.9267566229692091,0.0,zonia,0,False
2025-06-08 13:28:07.311068061+00:00,12,0,0,0,31.393817371168687,0.9252930129965847,0.0,zonia,0,False
2025-06-08 13:38:07.577077061+00:00,12,0,0,0,31.116124900535972,0.9265382590142531,0.0,zonia,0,False
2025-06-08 14:11:47.151102061+00:00,12,0,0,0,31.001193585715583,0.9358695739841116,0.0,zonia,0,False
2025-06-08 14:17:42.494633061+00:00,12,0,0,0,31.172549110469774,0.9384700658564838,0.0,zonia,0,False
2025-06-08 14:36:45.998548061+00:00,12,0,0,0,31.211210463417082,0.942993635392961,0.0,zonia,0,False
2025-06-08 15:10:40.654970061+00:00,12,0,0,0,31.067988147013054,0.9427405804065129,0.0,zonia,0,False
2025-06-08 15:13:58.677142061+00:00,12,0,0,0,30.967410606328436,0.9438345689471165,0.0,zonia,0,False
2025-06-08 15:28:26.236343061+00:00,12,0,0,0,30.760655453223077,0.9435821418210576,0.0,zonia,0,False
2025-06-08 15:52:25.449546061+00:00,12,0,0,0,30.042532342670288,0.9466371173449425,0.0,zonia,0,False
2025-06-08 15:53:28.404617061+00:00,12,0,0,0,30.264773093666605,0.9463798309135821,0.0,zonia,0,False
2025-06-08 16:01:18.349675061+00:00,12,0,0,0,30.097294049684947,0.9596982516193012,0.0,zonia,0,False
2025-06-08 16:46:29.600749061+00:00,12,0,0,0,29.125377551215912,0.9681469032339772,0.0,zonia,0,False
2025-06-08 16:50:16.857914061+00:00,12,0,0,0,29.132120857050698,0.9698168179887156,0.0,zonia,0,False
2025-06-08 16:52:05.569208061+00:00,12,0,0,0,29.417878710291006,0.9683879603697684,0.0,zonia,0,False
2025-06-08 17:08:59.460075061+00:00,12,0,0,0,28.51808801433826,0.9737124098661161,0.0,zonia,0,False
2025-06-08 17:17:26.255312061+00:00,12,0,0,0,28.41690532594875,0.9743067227326877,0.0,zonia,0,False
2025-06-08 17:21:22.224489061+00:00,12,0,0,0,28.306060265070652,0.9744885590595449,0.0,zonia,0,False
2025-06-08 17:28:03.856806061+00:00,12,0,0,0,28.05975611413836,0.9756751629199939,0.0,zonia,0,False
2025-06-08 17:32:40.916714061+00:00,12,0,0,0,27.90836752916735,0.9750371228449097,0.0,zonia,0,False
2025-06-08 17:33:52.200757061+00:00,12,0,0,0,27.972664942910924,0.9757593297308796,0.0,zonia,0,False
2025-06-08 17:40:51.818648061+00:00,12,0,0,0,27.94580121713571,0.9751839627970563,0.0,zonia,0,False
2025-06-08 17:46:13.101024061+00:00,12,0,0,0,27.02427838735127,0.9765349213058249,0.0,zonia,0,False
2025-06-08 17:58:04.901278061+00:00,12,0,0,0,26.763282942794746,0.9783361248467713,0.0,zonia,0,False
2025-06-08 18:14:51.982323061+00:00,12,0,0,0,26.280225364014225,0.9780862538833462,0.0,zonia,0,False
2025-06-08 18:16:14.000877061+00:00,12,0,0,0,26.36700167190779,0.9802603714272223,0.0,zonia,0,False
2025-06-08 18:41:37.142861061+00:00,12,0,0,0,25.15491625728348,0.9831943052571862,0.0,zonia,0,False
2025-06-08 18:45:07.283376061+00:00,12,0,0,0,24.887347841574606,0.9837181149339943,0.0,zonia,0,False
2025-06-08 19:08:31.724296061+00:00,12,0,0,0,24.278574526795108,0.9786338757699803,0.0,zonia,0,False
2025-06-08 19:15:42.050174061+00:00,12,0,0,0,24.100978943887544,0.9760173250508134,0.0,zonia,0,False
2025-06-08 19:27:30.784750061+00:00,12,0,0,0,23.91874778451949,0.9708268519721699,0.0,zonia,0,False
2025-06-08 19:28:05.984736061+00:00,12,0,0,0,23.93883162295013,0.9710957780046794,0.0,zonia,0,False
2025-06-08 19:29:20.286391061+00:00,12,0,0,0,23.942920816036143,0.9676673400012161,0.0,zonia,0,False
2025-06-08 19:57:52.273620061+00:00,12,0,0,0,23.374471836507745,0.9680966458027488,0.0,zonia,0,False
2025-06-08 19:58:11.425716061+00:00,12,0,0,0,23.32801826485864,0.9694946247431812,0.0,zonia,0,False
2025-06-08 20:28:34.560779061+00:00,12,0,0,0,22.6084737985725,0.9666848772243783,0.0,zonia,0,False
2025-06-08 20:35:08.999848061+00:00,12,0,0,0,22.385100647148494,0.9681267995743568,0.0,zonia,0,False
2025-06-08 20:49:00.715738061+00:00,12,0,0,0,21.85861453359712,0.9629094003616565,0.0,zonia,0,False
2025-06-08 21:05:58.964025061+00:00,12,0,0,0,21.363163528043636,0.9572588992181386,0.0,zonia,0,False
2025-06-08 21:30:40.151944061+00:00,12,0,0,0,20.365384544595404,0.961421084501214,0.0,zonia,0,False
2025-06-08 22:03:44.537313061+00:00,12,0,0,0,20.259826478060017,0.9136208675397238,0.0,zonia,0,False
2025-06-08 22:12:34.618747061+00:00,12,0,0,0,19.791587416845715,0.9046143434601506,0.0,zonia,0,False
2025-06-08 22:41:24.975585061+00:00,12,0,0,0,19.040512941866567,0.8960667381515117,0.0,zonia,0,False
2025-06-08 22:45:36.004183061+00:00,12,0,0,0,18.912650172004483,0.9167819873344133,0.0,zonia,0,False
2025-06-08 22:45:57.854514061+00:00,12,0,0,0,18.75495489846304,0.9199182184417181,0.0,zonia,0,False
2025-06-08 22:48:35.797654061+00:00,12,0,0,0,18.703063845877146,0.9152154824183109,0.0,zonia,0,False
2025-06-08 23:40:17.195605061+00:00,12,0,0,0,18.33935739735417,0.9219924401517355,0.0,zonia,0,False
2025-06-09 00:43:47.040189061+00:00,12,0,0,0,17.5213545570917,0.9240968999172132,0.0,zonia,0,False
2025-06-09 00:54:23.154434061+00:00,12,0,0,0,17.751957153212068,0.9281028165876036,0.0,zonia,0,False
2025-06-09 01:18:13.207147061+00:00,12,0,0,0,16.85348137039514,0.9217319987687868,0.0,zonia,0,False
2025-06-09 01:18:29.188046061+00:00,12,0,0,0,18.04356451060268,0.9193915127185911,0.0,zonia,0,False
2025-06-09 01:20:08.577290061+00:00,12,0,0,0,17.481069700774,0.9044251064048479,0.0,zonia,0,False
2025-06-09 01:47:40.519828061+00:00,12,0,0,0,17.807124712693255,0.9131702626638064,0.0,zonia,0,False
2025-06-09 02:37:40.958180061+00:00,12,0,0,0,16.390669794424753,0.8992549932335446,0.0,zonia,0,False
2025-06-09 02:49:10.597718061+00:00,12,0,0,0,16.74031725088757,0.9034121652133567,0.0,zonia,0,False
2025-06-09 03:24:30.686499061+00:00,12,0,0,0,16.663933722742545,0.9214156134086128,0.0,zonia,0,False
2025-06-09 03:56:27.389569061+00:00,12,0,0,0,17.251982027345875,0.9352671469708805,0.0,zonia,0,False
2025-06-09 04:25:39.714223061+00:00,12,0,0,0,17.566734798164497,0.9392733314217511,0.0,zonia,0,False
2025-06-09 05:25:09.508554061+00:00,12,0,0,0,20.71600697997801,0.9458455390834754,0.0,zonia,0,False
2025-06-09 05:31:43.416975061+00:00,12,0,0,0,20.678823264494106,0.9531118264393547,0.0,zonia,0,False
2025-06-09 05:36:35.841036061+00:00,12,0,0,0,21.152172009019854,0.9532443375364251,0.0,zonia,0,False
2025-06-09 05:48:25.628296061+00:00,12,0,0,0,21.779512420700115,0.9610571921251935,0.0,zonia,0,False
2025-06-09 05:52:59.410744061+00:00,12,0,0,0,21.736201847405955,0.9685232053412868,0.0,zonia,0,False
2025-06-09 05:59:47.032954061+00:00,12,0,0,0,22.39736470015781,0.9472184711250485,0.0,zonia,0,False
2025-06-09 06:00:58.881651061+00:00,12,0,0,0,22.227614096495863,0.9477108062483977,0.0,zonia,0,False
2025-06-09 06:33:39.812930061+00:00,12,0,0,0,23.20784208894289,0.9494580229322636,0.0,zonia,0,False
2025-06-09 07:17:37.795506061+00:00,12,0,0,0,24.30537903846294,0.9500845581008514,0.0,zonia,0,False
2025-06-09 07:35:48.073412061+00:00,12,0,0,0,24.866100148471535,0.9281110203010677,0.0,zonia,0,False
2025-06-09 07:46:06.887452061+00:00,12,0,0,0,25.075397144614442,0.9304574628027353,0.0,zonia,0,False
2025-06-09 07:59:26.347644061+00:00,12,0,0,0,25.379825933296683,0.9316616743377307,0.0,zonia,0,False
2025-06-09 08:37:47.470707061+00:00,12,0,0,0,26.288514554284355,0.931903690476239,0.0,zonia,0,False
2025-06-09 09:48:40.540628061+00:00,12,0,0,0,28.282138824384987,0.9176880963023378,0.0,zonia,0,False
2025-06-09 10:14:05.187371061+00:00,12,0,0,0,27.369510993470318,0.9427808009753943,0.0,zonia,0,False
2025-06-09 10:42:53.025699061+00:00,12,0,0,0,27.265249594615145,0.9478714717550321,0.0,zonia,0,False
2025-06-09 10:55:15.124681061+00:00,12,0,0,0,27.095709439686114,0.9486481143911863,0.0,zonia,0,False
2025-06-09 11:02:15.635233061+00:00,12,0,0,0,27.251922485764823,0.961642283646544,0.0,zonia,0,False
2025-06-09 11:10:12.169643061+00:00,12,0,0,0,27.559960257858968,0.9627757873725357,0.0,zonia,0,False
2025-06-09 11:52:47.196349061+00:00,12,0,0,0,27.468183418476613,0.9551250439433486,0.0,zonia,0,False
2025-06-09 11:56:32.850225061+00:00,12,0,0,0,27.02241120603559,0.9597871979861496,0.0,zonia,0,False
2025-06-09 12:00:40.562724061+00:00,12,0,0,0,27.56553119399258,0.9622930960818726,0.0,zonia,0,False
2025-06-09 12:39:28.794060061+00:00,12,0,0,0,27.727217881505393,0.9664245512442307,0.0,zonia,0,False
2025-06-09 13:12:25.034881061+00:00,12,0,0,0,27.583013490862733,0.9601899360152318,0.0,zonia,0,False
2025-06-09 13:12:46.468867061+00:00,12,0,0,0,27.41933942676923,0.9604063211477474,0.0,zonia,0,False
2025-06-09 13:20:07.761722061+00:00,12,0,0,0,27.44600406303135,0.9596221587782487,0.0,zonia,0,False
2025-06-09 13:21:10.529692061+00:00,12,0,0,0,27.4433693734235,0.954237713187513,0.0,zonia,0,False
2025-06-09 13:26:36.660135061+00:00,12,0,0,0,27.75987227060821,0.9532837444091151,0.0,zonia,0,False
2025-06-09 13:54:29.232204061+00:00,12,0,0,0,27.70431579231895,0.9514237911336623,0.0,zonia,0,False
2025-06-09 13:56:33.961557061+00:00,12,0,0,0,27.70181852734275,0.9490272891626632,0.0,zonia,0,False
2025-06-09 14:04:07.039885061+00:00,12,0,0,0,27.75813526334512,0.9508517237254056,0.0,zonia,0,False
2025-06-09 14:34:52.258491061+00:00,12,0,0,0,27.577249896502263,0.946798808343059,0.0,zonia,0,False
2025-06-09 14:36:55.379773061+00:00,12,0,0,0,27.810357991458005,0.9449461406969973,0.0,zonia,0,False
2025-06-09 14:43:35.742610061+00:00,12,0,0,0,27.524541519840778,0.9458793553669763,0.0,zonia,0,False
2025-06-09 16:05:33.672560061+00:00,12,0,0,0,26.859203827810624,0.9436298449497055,0.0,zonia,0,False
2025-06-09 16:24:42.693583061+00:00,12,0,0,0,26.728886131496804,0.9520002180623061,0.0,zonia,0,False
2025-06-09 16:42:01.589349061+00:00,12,0,0,0,26.65799991716041,0.9533617484328344,0.0,zonia,0,False
2025-06-09 16:45:21.228352061+00:00,12,0,0,0,27.004868296534173,0.9663220133256477,0.0,zonia,0,False
2025-06-09 17:04:28.851622061+00:00,12,0,0,0,26.004210005754775,0.9672216453331514,0.0,zonia,0,False
2025-06-09 17:16:15.648379061+00:00,12,0,0,0,25.84144405479227,0.9708388618245509,0.0,zonia,0,False
2025-06-09 18:17:40.353356061+00:00,12,0,0,0,23.832834389920617,0.9785173700766396,0.0,zonia,0,False
2025-06-09 18:28:11.664908061+00:00,12,0,0,0,23.14536748209443,0.9793499763931823,0.0,zonia,0,False
2025-06-09 18:36:32.168714061+00:00,12,0,0,0,22.79444231753194,0.983111759280657,0.0,zonia,0,False
2025-06-09 18:57:52.344683061+00:00,12,0,0,0,21.889561239136505,0.9862513735529115,0.0,zonia,0,False
2025-06-09 18:57:55.688580061+00:00,12,0,0,0,21.870294881061007,0.9891913373384263,0.0,zonia,0,False
2025-06-09 19:13:15.543518061+00:00,12,0,0,0,21.05634732602996,0.9892804992154595,0.0,zonia,0,False
2025-06-09 19:47:18.664668061+00:00,12,0,0,0,19.931830333223132,0.985897145987665,0.0,zonia,0,False
2025-06-09 19:52:39.510062061+00:00,12,0,0,0,19.914715899255718,0.9842494621924888,0.0,zonia,0,False
2025-06-09 19:59:30.252483061+00:00,12,0,0,0,19.636594773200652,0.9823819362770071,0.0,zonia,0,False
2025-06-09 20:09:23.124280061+00:00,12,0,0,0,19.631038924027482,0.9796220076417889,0.0,zonia,0,False
2025-06-09 20:29:02.639767061+00:00,12,0,0,0,18.353417303073964,0.9459880455857846,0.0,zonia,0,False
2025-06-09 21:18:10.212154061+00:00,12,0,0,0,18.617686454095807,0.9577418784491581,0.0,zonia,0,False
2025-06-09 21:20:47.110744061+00:00,12,0,0,0,18.628793190464673,0.9623834462474057,0.0,zonia,0,False
2025-06-09 21:34:04.261098061+00:00,12,0,0,0,17.807908691006432,0.9534658722645754,0.0,zonia,0,False
2025-06-09 21:45:35.433933061+00:00,12,0,0,0,17.38483311879707,0.9554632072251982,0.0,zonia,0,False
2025-06-09 21:48:19.374796061+00:00,12,0,0,0,18.10171252114206,0.9551923032669064,0.0,zonia,0,False
2025-06-09 22:02:46.412672061+00:00,12,0,0,0,17.605700661631268,0.9537506163365123,0.0,zonia,0,False
2025-06-09 22:15:45.723865061+00:00,12,0,0,0,17.19490162446554,0.9567508482842771,0.0,zonia,0,False
2025-06-09 22:37:37.509038061+00:00,12,0,0,0,16.386171825578156,0.9566263517684255,0.0,zonia,0,False
2025-06-09 23:16:32.837353061+00:00,12,0,0,0,16.054882329196456,0.9559401782460095,0.0,zonia,0,False
2025-06-09 23:17:22.331324061+00:00,12,0,0,0,15.891762878940439,0.9582731445507724,0.0,zonia,0,False
2025-06-09 23:37:56.544640061+00:00,12,0,0,0,15.647735886818797,0.963198932206085,0.0,zonia,0,False
2025-06-09 23:47:37.709402061+00:00,12,0,0,0,15.777837245998084,0.9674741701008293,0.0,zonia,0,False
2025-06-09 23:49:13.998724061+00:00,12,0,0,0,15.861038750355862,0.965791281647908,0.0,zonia,0,False
2025-06-09 23:56:39.509719061+00:00,12,0,0,0,15.777082529275877,0.965841469013169,0.0,zonia,0,False
2025-06-10 00:29:08.235657061+00:00,12,0,0,0,14.950103160182893,0.9647266800985291,0.0,zonia,0,False
2025-06-10 00:40:25.604125061+00:00,12,0,0,0,15.120598990072136,0.9655662042591088,0.0,zonia,0,False
2025-06-10 00:48:39.762169061+00:00,12,0,0,0,15.075069674168228,0.9648645991481025,0.0,zonia,0,False
2025-06-10 00:48:51.437811061+00:00,12,0,0,0,15.594186596495483,0.960137103975681,0.0,zonia,0,False
2025-06-10 01:02:05.625739061+00:00,12,0,0,0,15.178386637823321,0.9631599872130415,0.0,zonia,0,False
2025-06-10 01:08:48.715496061+00:00,12,0,0,0,15.091050607864904,0.9671339939426121,0.0,zonia,0,False
2025-06-10 01:16:04.434700061+00:00,12,0,0,0,15.110577432731034,0.9720591380240986,0.0,zonia,0,False
2025-06-10 01:32:53.368035061+00:00,12,0,0,0,14.72883450437033,0.9737312522519165,0.0,zonia,0,False
2025-06-10 01:34:47.599647061+00:00,12,0,0,0,15.338883259985097,0.9766165051864019,0.0,zonia,0,False
2025-06-10 02:04:35.585403061+00:00,12,0,0,0,14.84113853665113,0.9807451392223533,0.0,zonia,0,False
2025-06-10 02:06:08.733473061+00:00,12,0,0,0,14.724504344674235,0.9817910435779642,0.0,zonia,0,False
2025-06-10 02:23:43.020532061+00:00,12,0,0,0,14.733010807221504,0.9802563556702961,0.0,zonia,0,False
2025-06-10 02:41:51.714565061+00:00,12,0,0,0,14.636688048055175,0.9822690496945437,0.0,zonia,0,False
2025-06-10 02:53:00.051840061+00:00,12,0,0,0,14.725946861444523,0.9838936142179461,0.0,zonia,0,False
2025-06-10 02:57:56.745719061+00:00,12,0,0,0,14.544598941247687,0.9824805123189954,0.0,zonia,0,False
2025-06-10 03:11:59.201628061+00:00,12,0,0,0,14.683751322708018,0.9826564610992432,0.0,zonia,0,False
2025-06-10 04:08:31.358271061+00:00,12,0,0,0,15.152524173465011,0.9854456741584281,0.0,zonia,0,False
2025-06-10 04:40:04.307445061+00:00,12,0,0,0,15.808454926207322,0.9886791977621736,0.0,zonia,0,False
2025-06-10 04:49:34.862043061+00:00,12,0,0,0,16.471935222038844,0.9820913272036108,0.0,zonia,0,False
2025-06-10 04:50:23.097257061+00:00,12,0,0,0,16.29149551214291,0.9786550137754498,0.0,zonia,0,False
2025-06-10 05:01:12.803077061+00:00,12,0,0,0,16.853949456766824,0.9780827482416511,0.0,zonia,0,False
2025-06-10 05:03:19.099235061+00:00,12,0,0,0,17.3561359517571,0.9757513402431427,0.0,zonia,0,False
2025-06-10 05:13:03.513526061+00:00,12,0,0,0,17.84130763566304,0.9689152645164785,0.0,zonia,0,False
2025-06-10 05:15:47.334737061+00:00,12,0,0,0,17.7572100221431,0.9663913916467787,0.0,zonia,0,False
2025-06-10 05:17:09.872821061+00:00,12,0,0,0,17.814931425911553,0.9687667314143167,0.0,zonia,0,False
2025-06-10 05:23:47.919735061+00:00,12,0,0,0,18.494612848444767,0.9679612340343585,0.0,zonia,0,False
2025-06-10 06:01:21.667475061+00:00,12,0,0,0,19.87570930255759,0.968944123515588,0.0,zonia,0,False
2025-06-10 06:08:03.493544061+00:00,12,0,0,0,20.005942684852055,0.9673857225624323,0.0,zonia,0,False
2025-06-10 06:16:59.758957061+00:00,12,0,0,0,20.277729743513312,0.967581559616011,0.0,zonia,0,False
2025-06-10 06:31:30.178659061+00:00,12,0,0,0,20.737661336723413,0.9645612395378552,0.0,zonia,0,False
2025-06-10 06:38:44.555212061+00:00,12,0,0,0,21.213898843910496,0.9509793208462388,0.0,zonia,0,False
2025-06-10 07:29:59.175818061+00:00,12,0,0,0,23.34889504555005,0.9538842261056953,0.0,zonia,0,False
2025-06-10 07:52:59.259225061+00:00,12,0,0,0,24.07635817081809,0.9618245911661729,0.0,zonia,0,False
2025-06-10 08:13:45.997143061+00:00,12,0,0,0,24.738652656353594,0.9620640549724309,0.0,zonia,0,False
2025-06-10 08:27:48.757591061+00:00,12,0,0,0,25.415516797460022,0.9620105516953399,0.0,zonia,0,False
2025-06-10 08:29:27.903277061+00:00,12,0,0,0,25.659264625494856,0.9532979594630621,0.0,zonia,0,False
2025-06-10 08:30:00.319698061+00:00,12,0,0,0,25.387184196612772,0.9527666818806221,0.0,zonia,0,False
2025-06-10 08:52:18.832907061+00:00,12,0,0,0,25.84279225191205,0.9533241301967371,0.0,zonia,0,False
2025-06-10 08:56:15.847095061+00:00,12,0,0,0,26.12929955848317,0.9609616451481432,0.0,zonia,0,False
2025-06-10 09:07:03.355631061+00:00,12,0,0,0,26.02874358159759,0.9614860619297194,0.0,zonia,0,False
2025-06-10 09:47:44.732249061+00:00,12,0,0,0,26.795431785016692,0.9617253214702193,0.0,zonia,0,False
2025-06-10 10:35:25.533405061+00:00,12,0,0,0,27.570426846945743,0.9620498082309307,0.0,zonia,0,False
2025-06-10 11:58:35.162039061+00:00,12,0,0,0,29.09389107140183,0.9595793418587281,0.0,zonia,0,False
2025-06-10 12:17:57.122513061+00:00,12,0,0,0,28.8155577495972,0.9581178148414778,0.0,zonia,0,False
2025-06-10 12:32:58.092844061+00:00,12,0,0,0,29.55817337961887,0.9663595956767118,0.0,zonia,0,False
2025-06-10 12:48:06.262390061+00:00,12,0,0,0,29.724516939816965,0.9758495085411153,0.0,zonia,0,False
2025-06-10 13:10:33.416710061+00:00,12,0,0,0,30.101461983060236,0.9779567172532393,0.0,zonia,0,False
2025-06-10 13:10:36.140293061+00:00,12,0,0,0,29.821312391663657,0.9726598299386247,0.0,zonia,0,False
2025-06-10 13:25:33.474277061+00:00,12,0,0,0,30.163240340828715,0.9701145444059202,0.0,zonia,0,False
2025-06-10 13:33:11.200971061+00:00,12,0,0,0,30.282622716809765,0.971624676870924,0.0,zonia,0,False
2025-06-10 13:51:11.789403061+00:00,12,0,0,0,30.462036689275276,0.9707764315893197,0.0,zonia,0,False
2025-06-10 13:57:30.589455061+00:00,12,0,0,0,30.567325346308884,0.9732566804448094,0.0,zonia,0,False
2025-06-10 14:12:00.752641061+00:00,12,0,0,0,30.84752045174903,0.9738356551208903,0.0,zonia,0,False
2025-06-10 14:15:29.936532061+00:00,12,0,0,0,30.7613536332124,0.973244195882875,0.0,zonia,0,False
2025-06-10 14:25:46.822814061+00:00,12,0,0,0,30.60978596734658,0.9777926176336603,0.0,zonia,0,False
2025-06-10 14:52:22.909367061+00:00,12,0,0,0,30.83962353678241,0.980448362041544,0.0,zonia,0,False
2025-06-10 15:42:15.085159061+00:00,12,0,0,0,30.731607529793322,0.9807457564667538,0.0,zonia,0,False
2025-06-10 15:53:43.782454061+00:00,12,0,0,0,30.879896115617857,0.9760743913230409,0.0,zonia,0,False
2025-06-10 16:03:16.273746061+00:00,12,0,0,0,30.676232440046732,0.9770980394139014,0.0,zonia,0,False
2025-06-10 17:05:34.234678061+00:00,12,0,0,0,29.8392027502419,0.96913765061116,0.0,zonia,0,False
2025-06-10 17:18:29.637861061+00:00,12,0,0,0,29.909601257396126,0.9664122584977485,0.0,zonia,0,False
2025-06-10 17:19:49.197445061+00:00,12,0,0,0,29.594192710815665,0.9664887673583616,0.0,zonia,0,False
2025-06-10 17:49:20.578937061+00:00,12,0,0,0,28.373562023111628,0.9684592672508011,0.0,zonia,0,False
2025-06-10 17:50:12.839054061+00:00,12,0,0,0,28.463864798906883,0.9658165869579896,0.0,zonia,0,False
2025-06-10 18:42:43.192992061+00:00,12,0,0,0,24.562830494055635,0.9676737442115103,0.0,zonia,0,False
2025-06-10 18:47:56.717089061+00:00,12,0,0,0,24.237384081660704,0.9413350455756747,0.0,zonia,0,False
2025-06-10 18:57:51.002802061+00:00,12,0,0,0,23.974526858049472,0.9481414515301898,0.0,zonia,0,False
2025-06-10 19:06:41.626316061+00:00,12,0,0,0,24.09483734904498,0.9481990015498822,0.0,zonia,0,False
2025-06-10 19:21:17.252188061+00:00,12,0,0,0,22.832788633547644,0.948451349974694,0.0,zonia,0,False
2025-06-10 19:38:28.498335061+00:00,12,0,0,0,22.73502077972792,0.9600623416807837,0.0,zonia,0,False
2025-06-10 19:47:53.938313061+00:00,12,0,0,0,22.8598401238298,0.9660984426812586,0.0,zonia,0,False
2025-06-10 19:52:29.898548061+00:00,12,0,0,0,21.967719238680562,0.9657925763596363,0.0,zonia,0,False
2025-06-10 20:02:34.701027061+00:00,12,0,0,0,22.34069737124846,0.9656384702789729,0.0,zonia,0,False
2025-06-10 20:02:49.523803061+00:00,12,0,0,0,22.024256844129436,0.9629533328053058,0.0,zonia,0,False
2025-06-10 20:22:25.548370061+00:00,12,0,0,0,21.819762105027692,0.9620876483107703,0.0,zonia,0,False
2025-06-10 20:32:41.518480061+00:00,12,0,0,0,21.486207427971113,0.9555762294529954,0.0,zonia,0,False
2025-06-10 20:39:25.066607061+00:00,12,0,0,0,21.604983815003855,0.9595529938402731,0.0,zonia,0,False
2025-06-10 20:52:32.184280061+00:00,12,0,0,0,20.80406511036083,0.9625199361345488,0.0,zonia,0,False
2025-06-10 21:10:58.628564061+00:00,12,0,0,0,21.1155026464542,0.9566282568327762,0.0,zonia,0,False
2025-06-10 21:11:55.137189061+00:00,12,0,0,0,20.59971135533789,0.9612453477497995,0.0,zonia,0,False
2025-06-10 21:32:37.126435061+00:00,12,0,0,0,20.130130259316978,0.9658539238214212,0.0,zonia,0,False
2025-06-10 21:36:17.520342061+00:00,12,0,0,0,20.43088060291442,0.9643549473040517,0.0,zonia,0,False
2025-06-10 21:43:31.090346061+00:00,12,0,0,0,20.022390708232784,0.9625832122192493,0.0,zonia,0,False
2025-06-10 21:52:28.839196061+00:00,12,0,0,0,19.561207987764423,0.9656145847124522,0.0,zonia,0,False
2025-06-10 22:13:56.068697061+00:00,12,0,0,0,19.43965156225251,0.9700175499822068,0.0,zonia,0,False
2025-06-10 22:21:05.374322061+00:00,12,0,0,0,19.610060141755564,0.9719427049874384,0.0,zonia,0,False
2025-06-10 22:25:56.656727061+00:00,12,0,0,0,19.236129413205266,0.9721085813652834,0.0,zonia,0,False
2025-06-10 22:27:00.404555061+00:00,12,0,0,0,19.43239662336856,0.9729306516003223,0.0,zonia,0,False
2025-06-10 22:45:31.339480061+00:00,12,0,0,0,19.263978605639707,0.9731097912110047,0.0,zonia,0,False
2025-06-10 22:48:04.551565061+00:00,12,0,0,0,19.190573832147233,0.9741194395590317,0.0,zonia,0,False
2025-06-10 23:05:22.077226061+00:00,12,0,0,0,19.080879289487168,0.9751460357175258,0.0,zonia,0,False
2025-06-10 23:30:00.044056061+00:00,12,0,0,0,18.67110091057227,0.9778569579121111,0.0,zonia,0,False
2025-06-10 23:30:08.899760061+00:00,12,0,0,0,18.609253408241063,0.981539803918139,0.0,zonia,0,False
2025-06-10 23:50:55.801604061+00:00,12,0,0,0,18.574022240403792,0.9807455067483849,0.0,zonia,0,False
2025-06-10 23:51:31.654090061+00:00,12,0,0,0,18.398942724325817,0.9814054610312045,0.0,zonia,0,False
2025-06-11 00:14:31.823328061+00:00,12,0,0,0,18.5220869194939,0.9826960224862731,0.0,zonia,0,False
2025-06-11 00:16:12.771087061+00:00,12,0,0,0,18.464178122844043,0.9829727665435476,0.0,zonia,0,False
2025-06-11 00:26:01.650780061+00:00,12,0,0,0,18.601952008126794,0.984898626744349,0.0,zonia,0,False
2025-06-11 00:26:19.338034061+00:00,12,0,0,0,18.48870067467319,0.9848719382155274,0.0,zonia,0,False
2025-06-11 01:03:57.090864061+00:00,12,0,0,0,18.14049648400619,0.9864234957428962,0.0,zonia,0,False
2025-06-11 01:03:58.663272061+00:00,12,0,0,0,17.88988624557278,0.987514408962728,0.0,zonia,0,False
2025-06-11 01:15:42.694347061+00:00,12,0,0,0,17.776026382738195,0.9858607469106189,0.0,zonia,0,False
2025-06-11 01:24:36.678077061+00:00,12,0,0,0,18.214033794111725,0.9843923029408913,0.0,zonia,0,False
2025-06-11 01:27:29.259034061+00:00,12,0,0,0,17.942894854692003,0.9826049538169656,0.0,zonia,0,False
2025-06-11 01:33:13.687852061+00:00,12,0,0,0,17.885033177793247,0.9842395046278352,0.0,zonia,0,False
2025-06-11 01:36:40.700627061+00:00,12,0,0,0,17.81492023396244,0.9820595977677935,0.0,zonia,0,False
2025-06-11 01:37:21.433114061+00:00,12,0,0,0,18.170155521966688,0.9841841040975425,0.0,zonia,0,False
2025-06-11 02:01:02.000957061+00:00,12,0,0,0,17.398075597340053,0.9822665020070159,0.0,zonia,0,False
2025-06-11 02:03:27.529724061+00:00,12,0,0,0,18.09381945506568,0.9790310435031863,0.0,zonia,0,False
2025-06-11 02:10:29.948398061+00:00,12,0,0,0,17.03244908478003,0.9784864450152796,0.0,zonia,0,False
2025-06-11 02:16:32.552102061+00:00,12,0,0,0,17.085508335698066,0.9796621299869189,0.0,zonia,0,False
2025-06-11 02:51:58.499057061+00:00,12,0,0,0,17.014637223590174,0.9804267425425844,0.0,zonia,0,False
2025-06-11 03:09:00.598916061+00:00,12,0,0,0,17.22454996301622,0.9792471191534103,0.0,zonia,0,False
2025-06-11 03:40:44.159491061+00:00,12,0,0,0,16.840438241677777,0.9816532498890304,0.0,zonia,0,False
2025-06-11 03:44:04.300063061+00:00,12,0,0,0,16.878563725636507,0.9819997987948947,0.0,zonia,0,False
2025-06-11 03:53:58.943964061+00:00,12,0,0,0,17.019668819133074,0.9837960657261461,0.0,zonia,0,False
2025-06-11 03:57:30.527324061+00:00,12,0,0,0,16.786658329361728,0.9805480432560837,0.0,zonia,0,False
2025-06-11 04:06:02.491642061+00:00,12,0,0,0,16.878400624374787,0.9797842426188175,0.0,zonia,0,False
2025-06-11 04:15:41.034971061+00:00,12,0,0,0,17.726095373149857,0.9800918673069278,0.0,zonia,0,False
2025-06-11 04:21:02.546312061+00:00,12,0,0,0,17.758646216932064,0.9789610533629851,0.0,zonia,0,False
2025-06-11 04:33:21.949533061+00:00,12,0,0,0,18.47241806030242,0.9781977514236037,0.0,zonia,0,False
2025-06-11 05:05:23.458091061+00:00,12,0,0,0,20.373492370255637,0.9813606600145285,0.0,zonia,0,False
2025-06-11 05:17:48.673379061+00:00,12,0,0,0,21.581254232964795,0.9822338467284301,0.0,zonia,0,False
2025-06-11 05:36:21.333218061+00:00,12,0,0,0,22.12345210267644,0.9835712969649498,0.0,zonia,0,False
2025-06-11 05:43:17.567766061+00:00,12,0,0,0,22.589331149221444,0.9829698845251732,0.0,zonia,0,False
2025-06-11 05:51:48.755749061+00:00,12,0,0,0,23.407314081164966,0.9784604492991953,0.0,zonia,0,False
2025-06-11 06:09:01.554572061+00:00,12,0,0,0,24.16714012600433,0.9519005154109331,0.0,zonia,0,False
2025-06-11 06:29:41.852998061+00:00,12,0,0,0,25.206576153062915,0.845311167206756,0.0,zonia,0,False
2025-06-11 06:42:06.550584061+00:00,12,0,0,0,26.946537826462112,0.8620174876246364,0.0,zonia,0,False
2025-06-11 07:33:17.212422061+00:00,12,0,0,0,28.229014773201616,0.8666594384766341,0.0,zonia,0,False
2025-06-11 07:40:52.150377061+00:00,12,0,0,0,28.196441811444814,0.8685370038312413,0.0,zonia,0,False
2025-06-11 07:44:43.086557061+00:00,12,0,0,0,28.570886789421287,0.879487325210818,0.0,zonia,0,False
2025-06-11 07:44:47.043799061+00:00,12,0,0,0,28.224473373306004,0.8863126909558624,0.0,zonia,0,False
2025-06-11 08:15:42.122396061+00:00,12,0,0,0,29.52294649664756,0.8864850724384422,0.0,zonia,0,False
2025-06-11 08:53:14.039400061+00:00,12,0,0,0,30.13452578205638,0.9342551364237016,0.0,zonia,0,False
2025-06-11 08:55:47.144430061+00:00,12,0,0,0,29.82515001924005,0.9339688435861423,0.0,zonia,0,False
2025-06-11 08:56:37.879671061+00:00,12,0,0,0,30.072916902884018,0.9398703778600045,0.0,zonia,0,False
2025-06-11 09:06:33.729512061+00:00,12,0,0,0,30.505197277074416,0.9443384246087736,0.0,zonia,0,False
2025-06-11 09:34:48.096494061+00:00,12,0,0,0,30.799708559385827,0.9652223441701383,0.0,zonia,0,False
2025-06-11 09:47:43.661654061+00:00,12,0,0,0,30.7370923082215,0.9197093800211186,0.0,zonia,0,False
2025-06-11 10:39:08.179853061+00:00,12,0,0,0,31.664007530965065,0.9192492337275412,0.0,zonia,0,False
2025-06-11 10:58:16.688552061+00:00,12,0,0,0,31.486996907734856,0.92231936439238,0.0,zonia,0,False
2025-06-11 11:13:16.315011061+00:00,12,0,0,0,31.812102677879828,0.9307693188746579,0.0,zonia,0,False
2025-06-11 11:14:18.068742061+00:00,12,0,0,0,31.67405594307661,0.9323634384382902,0.0,zonia,0,False
2025-06-11 11:25:22.848977061+00:00,12,0,0,0,32.08675245647121,0.9334379444723265,0.0,zonia,0,False
2025-06-11 11:43:03.467989061+00:00,12,0,0,0,32.467401918426134,0.9311891790582353,0.0,zonia,0,False
2025-06-11 11:55:09.851072061+00:00,12,0,0,0,31.856000693053055,0.9238182617344849,0.0,zonia,0,False
2025-06-11 12:05:29.388899061+00:00,12,0,0,0,32.42111995184825,0.920942946648193,0.0,zonia,0,False
2025-06-11 12:26:22.716401061+00:00,12,0,0,0,32.40874263059536,0.91455609461633,0.0,zonia,0,False
2025-06-11 12:38:40.886394061+00:00,12,0,0,0,32.45843296341987,0.939781590833868,0.0,zonia,0,False
2025-06-11 12:45:51.343731061+00:00,12,0,0,0,32.40768163874431,0.94272907193933,0.0,zonia,0,False
2025-06-11 13:15:05.639222061+00:00,12,0,0,0,32.66744001739071,0.8952920506803115,0.0,zonia,0,False
2025-06-11 13:17:04.189013061+00:00,12,0,0,0,32.774309703479744,0.9003214219465857,0.0,zonia,0,False
2025-06-11 13:17:26.263533061+00:00,12,0,0,0,32.82914684915466,0.902301985829376,0.0,zonia,0,False
2025-06-11 13:26:18.368872061+00:00,12,0,0,0,33.08701831220517,0.9113343365124381,0.0,zonia,0,False
2025-06-11 13:32:57.091739061+00:00,12,0,0,0,33.15588059842605,0.9061742410558185,0.0,zonia,0,False
2025-06-11 13:52:08.408957061+00:00,12,0,0,0,32.861527259727,0.9083285854420655,0.0,zonia,0,False
2025-06-11 14:02:01.004096061+00:00,12,0,0,0,32.25422147775139,0.8032163265843181,0.0,zonia,0,False
2025-06-11 14:12:01.853742061+00:00,12,0,0,0,33.393858670853625,0.8549799365004853,0.0,zonia,0,False
2025-06-11 14:14:36.387729061+00:00,12,0,0,0,33.09708328210734,0.8686156407188969,0.0,zonia,0,False
2025-06-11 14:16:07.425471061+00:00,12,0,0,0,32.65328116250887,0.8852353535818627,0.0,zonia,0,False
2025-06-11 14:18:21.250437061+00:00,12,0,0,0,32.92780310034396,0.8876184325035218,0.0,zonia,0,False
2025-06-11 14:19:41.727707061+00:00,12,0,0,0,33.55932446073524,0.8994388517493329,0.0,zonia,0,False
2025-06-11 14:27:55.090028061+00:00,12,0,0,0,33.0256761764204,0.9185273332678623,0.0,zonia,0,False
2025-06-11 14:32:02.965530061+00:00,12,0,0,0,32.80761780765108,0.9329484743672182,0.0,zonia,0,False
2025-06-11 14:56:35.117916061+00:00,12,0,0,0,32.518308893664866,0.9355862944975004,0.0,zonia,0,False
2025-06-11 15:59:09.808497061+00:00,12,0,0,0,31.499236780938972,0.9356860010322364,0.0,zonia,0,False
2025-06-11 16:18:24.348670061+00:00,12,0,0,0,30.874855505100033,0.9352488931008184,0.0,zonia,0,False
2025-06-11 16:19:47.732010061+00:00,12,0,0,0,31.138376017232176,0.9431732932143447,0.0,zonia,0,False
2025-06-11 16:22:01.679128061+00:00,12,0,0,0,30.903918921536373,0.9436963789929432,0.0,zonia,0,False
2025-06-11 16:30:35.234624061+00:00,12,0,0,0,31.1308269736543,0.9522761747522582,0.0,zonia,0,False
2025-06-11 16:32:41.498361061+00:00,12,0,0,0,30.79193914962916,0.9531820474525685,0.0,zonia,0,False
2025-06-11 17:02:03.588512061+00:00,12,0,0,0,29.94637907110284,0.9552474810254132,0.0,zonia,0,False
2025-06-11 17:27:18.769252061+00:00,12,0,0,0,28.87614038401918,0.9565847411798319,0.0,zonia,0,False
2025-06-11 17:30:23.153462061+00:00,12,0,0,0,29.54400259637152,0.9663846398879593,0.0,zonia,0,False
2025-06-11 17:57:44.791500061+00:00,12,0,0,0,28.13836878477823,0.9672926975981673,0.0,zonia,0,False
2025-06-11 18:03:21.564180061+00:00,12,0,0,0,27.69210425902862,0.9692907111216176,0.0,zonia,0,False
2025-06-11 18:05:46.109061061+00:00,12,0,0,0,28.055094811807123,0.9699019231753616,0.0,zonia,0,False
2025-06-11 18:07:20.655016061+00:00,12,0,0,0,27.7686156964267,0.972152567843345,0.0,zonia,0,False
2025-06-11 18:11:08.740926061+00:00,12,0,0,0,27.912778869447802,0.9745389322741604,0.0,zonia,0,False
2025-06-11 18:11:23.755429061+00:00,12,0,0,0,27.269065194193896,0.9762596072676267,0.0,zonia,0,False
2025-06-11 18:13:16.534857061+00:00,12,0,0,0,27.276927018480155,0.978537733228944,0.0,zonia,0,False
2025-06-11 18:20:36.100459061+00:00,12,0,0,0,27.31124174017401,0.9796439259190083,0.0,zonia,0,False
2025-06-11 18:32:32.825724061+00:00,12,0,0,0,26.932116456647435,0.9812444699938503,0.0,zonia,0,False
2025-06-11 18:32:51.974876061+00:00,12,0,0,0,26.307718960851265,0.9816659489872447,0.0,zonia,0,False
2025-06-11 18:44:52.932145061+00:00,12,0,0,0,25.990108978498792,0.979551451610329,0.0,zonia,0,False
2025-06-11 19:09:54.305816061+00:00,12,0,0,0,24.614649059457072,0.9778324599204553,0.0,zonia,0,False
2025-06-11 19:14:31.230413061+00:00,12,0,0,0,24.585146980266046,0.9809273316617455,0.0,zonia,0,False
2025-06-11 19:14:37.301920061+00:00,12,0,0,0,24.210731547461194,0.9828120132614613,0.0,zonia,0,False
2025-06-11 19:33:49.700124061+00:00,12,0,0,0,23.80964398139885,0.9828507349600798,0.0,zonia,0,False
2025-06-11 19:36:32.890971061+00:00,12,0,0,0,23.4665113506979,0.982145628330756,0.0,zonia,0,False
2025-06-11 20:40:29.209339061+00:00,12,0,0,0,21.997645232695195,0.9849495961648514,0.0,zonia,0,False
2025-06-11 20:48:46.849211061+00:00,12,0,0,0,22.24574723046247,0.9836733067216489,0.0,zonia,0,False
2025-06-11 21:01:11.917004061+00:00,12,0,0,0,22.01895110864028,0.9814034388048132,0.0,zonia,0,False
2025-06-11 21:06:58.177065061+00:00,12,0,0,0,21.60554782594634,0.9824781118698082,0.0,zonia,0,False
2025-06-11 21:12:11.449604061+00:00,12,0,0,0,21.774634675295143,0.9802283686729648,0.0,zonia,0,False
2025-06-11 21:32:45.010899061+00:00,12,0,0,0,20.8715255750122,0.9805562614614886,0.0,zonia,0,False
2025-06-11 21:56:39.910267061+00:00,12,0,0,0,20.769894230936078,0.9801536410361206,0.0,zonia,0,False
2025-06-11 22:08:07.710872061+00:00,12,0,0,0,20.653106796497866,0.9794082570332995,0.0,zonia,0,False
2025-06-11 22:25:32.491270061+00:00,12,0,0,0,19.85537351580978,0.9806996852466487,0.0,zonia,0,False
2025-06-11 22:40:15.705121061+00:00,12,0,0,0,20.09908033046816,0.9804967680109309,0.0,zonia,0,False
2025-06-11 22:57:05.557426061+00:00,12,0,0,0,19.56209597569296,0.9810605286240822,0.0,zonia,0,False
2025-06-11 23:04:46.835148061+00:00,12,0,0,0,19.784997204110187,0.982012853831517,0.0,zonia,0,False
2025-06-11 23:06:36.131048061+00:00,12,0,0,0,19.836451892254264,0.9816106286652291,0.0,zonia,0,False
2025-06-11 23:06:59.032639061+00:00,12,0,0,0,20.00235527958326,0.9808709709712824,0.0,zonia,0,False
2025-06-11 23:49:45.731564061+00:00,12,0,0,0,19.328945159665903,0.9762569764876239,0.0,zonia,0,False
2025-06-11 23:52:56.893562061+00:00,12,0,0,0,19.133399024354723,0.9731937595737978,0.0,zonia,0,False
2025-06-12 00:19:45.919942061+00:00,12,0,0,0,19.08915837961375,0.9740706018129135,0.0,zonia,0,False
2025-06-12 00:44:42.590069061+00:00,12,0,0,0,18.94147291815948,0.9764598284370938,0.0,zonia,0,False
2025-06-12 01:06:31.952670061+00:00,12,0,0,0,18.781603212994018,0.9788329469311782,0.0,zonia,0,False
2025-06-12 01:19:43.509810061+00:00,12,0,0,0,18.36815901686929,0.9803070331385603,0.0,zonia,0,False
2025-06-12 01:49:29.341110061+00:00,12,0,0,0,18.241706346422184,0.9809230519214918,0.0,zonia,0,False
2025-06-12 01:54:42.646611061+00:00,12,0,0,0,17.854308771289006,0.9784709472007028,0.0,zonia,0,False
2025-06-12 01:56:45.036833061+00:00,12,0,0,0,17.717595088527677,0.9087567043857704,0.0,zonia,0,False
2025-06-12 02:04:47.300227061+00:00,12,0,0,0,17.320569949385312,0.9268362382488929,0.0,zonia,0,False
2025-06-12 02:24:55.175152061+00:00,12,0,0,0,17.734139959614485,0.9221864234218633,0.0,zonia,0,False
2025-06-12 02:36:52.886216061+00:00,12,0,0,0,17.33328547949343,0.9393437492538487,0.0,zonia,0,False
2025-06-12 02:42:12.402023061+00:00,12,0,0,0,17.483624187081503,0.9487283979186106,0.0,zonia,0,False
2025-06-12 03:35:12.099372061+00:00,12,0,0,0,16.552609195097812,0.9497022162846029,0.0,zonia,0,False
2025-06-12 04:13:56.697720061+00:00,12,0,0,0,16.87102449313288,0.9555928613467507,0.0,zonia,0,False
2025-06-12 04:27:46.035365061+00:00,12,0,0,0,17.37183271961658,0.9634758988728827,0.0,zonia,0,False
2025-06-12 04:50:07.284906061+00:00,12,0,0,0,18.92088167695488,0.9587793343814793,0.0,zonia,0,False
2025-06-12 05:34:46.333102061+00:00,12,0,0,0,21.47070075876221,0.9635340173571768,0.0,zonia,0,False
2025-06-12 05:43:04.432612061+00:00,12,0,0,0,22.199634567302613,0.9663033637949167,0.0,zonia,0,False
2025-06-12 05:51:29.545435061+00:00,12,0,0,0,22.329591277499354,0.9634983405928458,0.0,zonia,0,False
2025-06-12 05:51:31.782659061+00:00,12,0,0,0,22.295047265511617,0.9605006124201529,0.0,zonia,0,False
2025-06-12 06:11:57.159635061+00:00,12,0,0,0,23.319057509884892,0.9670460997856988,0.0,zonia,0,False
2025-06-12 06:44:55.793488061+00:00,12,0,0,0,25.085443309753032,0.9700824966798546,0.0,zonia,0,False
2025-06-12 06:48:31.037342061+00:00,12,0,0,0,25.30747106251571,0.9712663964879763,0.0,zonia,0,False
2025-06-12 06:54:58.951072061+00:00,12,0,0,0,25.355862376065108,0.9753756191044752,0.0,zonia,0,False
2025-06-12 07:20:20.449882061+00:00,12,0,0,0,26.961968340293595,0.9771496471332646,0.0,zonia,0,False
2025-06-12 07:44:53.379011061+00:00,12,0,0,0,28.025045887360463,0.9766599857484116,0.0,zonia,0,False
2025-06-12 08:18:35.309244061+00:00,12,0,0,0,28.817028553539828,0.9764412528994598,0.0,zonia,0,False
2025-06-12 08:47:42.114788061+00:00,12,0,0,0,29.4810667020962,0.9757515037787826,0.0,zonia,0,False
2025-06-12 09:18:08.737829061+00:00,12,0,0,0,29.73168410389177,0.9774117804496303,0.0,zonia,0,False
2025-06-12 09:26:47.204070061+00:00,12,0,0,0,29.824244913918143,0.9763818617078591,0.0,zonia,0,False
2025-06-12 09:46:11.168558061+00:00,12,0,0,0,30.251749583984154,0.9708334987863866,0.0,zonia,0,False
2025-06-12 09:53:08.565263061+00:00,12,0,0,0,30.357378859178777,0.9727866574583294,0.0,zonia,0,False
2025-06-12 10:23:12.627463061+00:00,12,0,0,0,30.7080795811523,0.9730944609395528,0.0,zonia,0,False
2025-06-12 10:23:42.047419061+00:00,12,0,0,0,30.884605914542995,0.9706893671286131,0.0,zonia,0,False
2025-06-12 10:35:10.301827061+00:00,12,0,0,0,30.917509269193097,0.9692974468192449,0.0,zonia,0,False
2025-06-12 10:56:33.704619061+00:00,12,0,0,0,31.304929278752212,0.9687413835456983,0.0,zonia,0,False
2025-06-12 10:59:10.482921061+00:00,12,0,0,0,31.324895107029448,0.9673765688619312,0.0,zonia,0,False
2025-06-12 11:23:44.136018061+00:00,12,0,0,0,31.929051126592903,0.9689171692657227,0.0,zonia,0,False
2025-06-12 11:33:43.051073061+00:00,12,0,0,0,32.188714323906275,0.9680138662176776,0.0,zonia,0,False
2025-06-12 11:41:15.049203061+00:00,12,0,0,0,31.992515307712655,0.9644582129549241,0.0,zonia,0,False
2025-06-12 12:05:44.195728061+00:00,12,0,0,0,32.5123458714033,0.9613279169453476,0.0,zonia,0,False
2025-06-12 12:07:34.095073061+00:00,12,0,0,0,32.448648778880916,0.9579333538326292,0.0,zonia,0,False
2025-06-12 12:11:38.332073061+00:00,12,0,0,0,32.74956632534707,0.9585802985257245,0.0,zonia,0,False
2025-06-12 12:21:12.415648061+00:00,12,0,0,0,32.49073518710917,0.9578804678017984,0.0,zonia,0,False
2025-06-12 12:47:33.892831061+00:00,12,0,0,0,33.33889157568213,0.9654395685273752,0.0,zonia,0,False
2025-06-12 13:04:22.098938061+00:00,12,0,0,0,32.84586530915916,0.9625109030358439,0.0,zonia,0,False
2025-06-12 13:15:25.213385061+00:00,12,0,0,0,32.61217764155706,0.9656623847840561,0.0,zonia,0,False
2025-06-12 13:15:30.815783061+00:00,12,0,0,0,32.92426572487083,0.9655445985248524,0.0,zonia,0,False
2025-06-12 13:23:56.188390061+00:00,12,0,0,0,33.460130441942034,0.9664987955436223,0.0,zonia,0,False
2025-06-12 13:26:23.228406061+00:00,12,0,0,0,33.34220675728022,0.9683434545514693,0.0,zonia,0,False
2025-06-12 13:30:25.222203061+00:00,12,0,0,0,33.213579500639135,0.9614720042306436,0.0,zonia,0,False
2025-06-12 13:41:12.768966061+00:00,12,0,0,0,33.263001184967564,0.9645340341751477,0.0,zonia,0,False
2025-06-12 13:41:28.997553061+00:00,12,0,0,0,32.93905817269083,0.9671837627746035,0.0,zonia,0,False
2025-06-12 13:46:44.517922061+00:00,12,0,0,0,33.13693619629372,0.9642202112527162,0.0,zonia,0,False
2025-06-12 13:47:03.312620061+00:00,12,0,0,0,32.94329435671411,0.9656793046463336,0.0,zonia,0,False
2025-06-12 14:30:30.459489061+00:00,12,0,0,0,33.7482138706098,0.9571749713214842,0.0,zonia,0,False
2025-06-12 14:59:42.374577061+00:00,12,0,0,0,33.80624187642546,0.9488899959026985,0.0,zonia,0,False
2025-06-12 15:02:17.209394061+00:00,12,0,0,0,33.13073808220397,0.9446777127781095,0.0,zonia,0,False
2025-06-12 15:08:34.419548061+00:00,12,0,0,0,33.37821828526825,0.9409081038652048,0.0,zonia,0,False
2025-06-12 15:21:26.700749061+00:00,12,0,0,0,33.16507658006214,0.9344516989276381,0.0,zonia,0,False
2025-06-12 15:29:31.412523061+00:00,12,0,0,0,32.4694275070397,0.9319214900299402,0.0,zonia,0,False
2025-06-12 15:30:45.526833061+00:00,12,0,0,0,32.33261561256987,0.9361421567710381,0.0,zonia,0,False
2025-06-12 16:04:04.353895061+00:00,12,0,0,0,31.743859453014622,0.9389260684439055,0.0,zonia,0,False
2025-06-12 16:23:30.153563061+00:00,12,0,0,0,31.770267545051322,0.9347256991006075,0.0,zonia,0,False
2025-06-12 16:26:09.319270061+00:00,12,0,0,0,31.937824722407473,0.9381086041113099,0.0,zonia,0,False
2025-06-12 16:31:48.253633061+00:00,12,0,0,0,30.83637857819317,0.9338000353943728,0.0,zonia,0,False
2025-06-12 16:34:13.606935061+00:00,12,0,0,0,31.257882965040174,0.9375196592399105,0.0,zonia,0,False
2025-06-12 16:46:56.902208061+00:00,12,0,0,0,31.00004339215817,0.9420835211872326,0.0,zonia,0,False
2025-06-12 16:49:21.901670061+00:00,12,0,0,0,31.003968061113714,0.9462796479691301,0.0,zonia,0,False
2025-06-12 17:15:57.289244061+00:00,12,0,0,0,29.73703682667392,0.9452248941306958,0.0,zonia,0,False
2025-06-12 17:18:12.595488061+00:00,12,0,0,0,30.053476398643063,0.9516326441076649,0.0,zonia,0,False
2025-06-12 17:33:49.458549061+00:00,12,0,0,0,29.636727459586844,0.9542298207833122,0.0,zonia,0,False
2025-06-12 17:43:13.450423061+00:00,12,0,0,0,28.79038471947577,0.9553159880157306,0.0,zonia,0,False
2025-06-12 17:43:15.658140061+00:00,12,0,0,0,28.94520720116628,0.9570340525933858,0.0,zonia,0,False
2025-06-12 17:59:32.743012061+00:00,12,0,0,0,28.118528213209718,0.9604398182794803,0.0,zonia,0,False
2025-06-12 18:16:19.250727061+00:00,12,0,0,0,28.04447679110041,0.9650005079614953,0.0,zonia,0,False
2025-06-12 18:44:10.101000061+00:00,12,2,0,0,26.25030755715835,0.9634572988748626,0.9586960121683037,zonia,0,False
2025-06-12 19:02:08.012964061+00:00,12,2,0,0,25.11954212997862,0.9696566256827672,0.5175538526543746,zonia,0,False
2025-06-12 19:02:18.191838061+00:00,12,2,0,0,25.877864568670134,0.973306849734908,-0.1521962027397485,zonia,0,False
2025-06-12 19:10:15.758571061+00:00,12,2,0,0,25.22125663527148,0.9758867323987992,-0.1521962027397485,zonia,0,False
2025-06-12 19:10:50.702736061+00:00,12,2,0,0,25.15491749585837,0.9761481457955649,-0.1521962027397485,zonia,0,False
2025-06-12 19:25:39.779006061+00:00,12,2,0,0,24.30544470707649,0.9751929010441593,-0.1521962027397485,zonia,0,False
2025-06-12 19:53:45.805720061+00:00,12,2,0,0,23.36232515716457,0.9786250185831127,-0.26095043290240505,zonia,0,False
2025-06-12 19:58:51.000801061+00:00,12,2,0,0,23.172034945179924,0.9817179372890864,-0.47534271303997727,zonia,0,False
2025-06-12 20:27:07.900597061+00:00,12,2,0,0,22.262600158005274,0.9846989191772604,-0.47534271303997727,zonia,0,False
2025-06-12 20:58:17.910818061+00:00,12,2,0,0,21.75901438670543,0.9877591441348462,-0.47534271303997727,zonia,0,False
2025-06-12 21:00:24.804837061+00:00,12,2,0,0,21.883268348298074,0.9895263467477264,-0.47534271303997727,zonia,0,False
2025-06-12 21:32:52.767888061+00:00,12,2,0,0,21.241441462532567,0.9905693011304862,-0.5399186991154636,zonia,0,False
2025-06-12 21:40:25.864307061+00:00,12,2,0,0,21.38018651591305,0.9918529885232795,-0.6592982935887464,zonia,0,False
2025-06-12 21:45:37.149370061+00:00,12,2,0,0,21.29606183157983,0.9918512282469791,-0.6592982935887464,zonia,0,False
2025-06-12 21:50:42.762634061+00:00,12,2,0,0,21.31788563171962,0.9918656977139992,-0.6592982935887464,zonia,0,False
2025-06-12 22:37:59.307688061+00:00,12,2,0,0,21.374722840905775,0.8552714455586905,0.0,zonia,0,False
2025-06-12 23:03:21.651245061+00:00,12,2,0,0,21.219183337691682,0.8493852363956407,0.0,zonia,0,False
2025-06-12 23:05:22.159577061+00:00,12,2,0,0,21.029685402422782,0.8458467404365979,0.0,zonia,0,False
2025-06-12 23:11:52.215339061+00:00,12,2,0,0,20.20126973207084,0.8300344585319044,0.0,zonia,0,False
2025-06-12 23:31:35.264135061+00:00,12,2,0,0,20.262993462169437,0.8320608061499108,0.0,zonia,0,False
2025-06-12 23:39:47.975203061+00:00,12,2,0,0,19.741148727984143,0.8288711709849668,0.0,zonia,0,False
2025-06-13 00:37:20.483154061+00:00,12,2,0,0,19.163273548222243,0.8190448964038681,0.0,zonia,0,False
2025-06-13 00:39:34.187056061+00:00,12,2,0,0,18.936379945654362,0.8239998635384105,0.0,zonia,0,False
2025-06-13 01:13:37.048386061+00:00,12,2,0,0,19.262422341084832,0.8315599060865221,0.0,zonia,0,False
2025-06-13 01:33:53.030522061+00:00,12,2,0,0,18.38958517412688,0.8349821976043156,0.0,zonia,0,False
2025-06-13 01:39:12.065560061+00:00,12,2,0,0,18.321034402729133,0.9123561883426177,0.0,zonia,0,False
2025-06-13 01:44:16.271654061+00:00,12,2,0,0,18.135724630161018,0.9148441450636986,0.0,zonia,0,False
2025-06-13 02:37:30.173049061+00:00,12,2,0,0,18.227357047606635,0.9243148311722388,0.0,zonia,0,False
2025-06-13 02:43:02.429793061+00:00,12,2,0,0,18.142416852729752,0.9255501781343444,0.0,zonia,0,False
2025-06-13 02:44:06.796651061+00:00,12,2,0,0,18.16766674522999,0.9742835902913629,0.0,zonia,0,False
2025-06-13 02:55:11.052299061+00:00,12,2,0,0,18.120467297756672,0.9770014354712833,0.0,zonia,0,False
2025-06-13 03:06:17.110873061+00:00,12,2,0,0,18.142455222471575,1.0594516522473083,0.0,zonia,0,False
2025-06-13 03:18:40.199613061+00:00,12,2,0,0,17.91515971724088,1.100268498593349,0.0,zonia,0,False
2025-06-13 03:47:38.579571061+00:00,12,2,0,0,17.654583506181453,1.122156752377705,0.0,zonia,0,False
2025-06-13 03:48:54.502801061+00:00,12,2,0,0,17.712891989179663,1.155715934683377,0.0,zonia,0,False
2025-06-13 03:50:54.214226061+00:00,12,2,0,0,17.624458771872845,1.1624198214257093,0.0,zonia,0,False
2025-06-13 04:16:40.132774061+00:00,12,2,0,0,18.01398493270915,1.1600239053135277,0.0,zonia,0,False
2025-06-13 04:24:13.997291061+00:00,12,2,0,0,18.157905013760796,1.162577054013015,0.0,zonia,0,False
2025-06-13 04:27:12.132536061+00:00,12,2,0,0,18.565313301929553,1.1748694277333327,0.0,zonia,0,False
2025-06-13 04:48:37.148690061+00:00,12,2,0,0,19.647209299261288,1.1744309451213755,0.0,zonia,0,False
2025-06-13 05:24:35.223284061+00:00,12,2,0,0,21.703844626301784,1.1713882544969578,0.0,zonia,0,False
2025-06-13 05:28:49.801614061+00:00,12,2,0,0,22.10352643575248,1.1731328381304482,0.0,zonia,0,False
2025-06-13 05:31:45.770450061+00:00,12,2,0,0,22.078556901224555,1.16042042421402,0.0,zonia,0,False
2025-06-13 05:41:24.446979061+00:00,12,2,0,0,23.08033616632142,1.1543968222494474,0.0,zonia,0,False
2025-06-13 05:42:36.795511061+00:00,12,2,0,0,22.972422519738913,1.111680899282741,0.0,zonia,0,False
2025-06-13 06:07:06.336740061+00:00,12,2,0,0,24.436534775931108,1.1308961274304639,0.0,zonia,0,False
2025-06-13 06:14:18.712573061+00:00,12,2,0,0,23.984370633165607,1.05155386187102,0.0,zonia,0,False
2025-06-13 06:43:47.032881061+00:00,12,2,0,0,26.755399910229922,1.0595208854971232,0.0,zonia,0,False
2025-06-13 06:46:39.786183061+00:00,12,2,0,0,26.88926244940388,1.0752689782638545,0.0,zonia,0,False
2025-06-13 06:50:52.462264061+00:00,12,2,0,0,26.570486937087985,1.079609487060859,0.0,zonia,0,False
2025-06-13 07:05:45.317488061+00:00,12,2,0,0,27.87667026145262,1.1057477096624824,0.0,zonia,0,False
2025-06-13 07:24:21.771402061+00:00,12,2,0,0,28.036552613074562,1.113421870473009,0.0,zonia,0,False
2025-06-13 07:30:17.891918061+00:00,12,2,0,0,28.2543640613623,1.112448664863404,0.0,zonia,0,False
2025-06-13 07:38:53.989868061+00:00,12,2,0,0,28.522445516781758,1.1091565679577389,0.0,zonia,0,False
2025-06-13 08:26:53.391387061+00:00,12,2,0,0,30.01392027933969,1.1238980035661912,0.0,zonia,0,False
2025-06-13 08:29:44.493223061+00:00,12,2,0,0,30.048411951735947,1.135158288419065,0.0,zonia,0,False
2025-06-13 08:29:56.051678061+00:00,12,2,0,0,30.02374037105609,1.1419950789263076,0.0,zonia,0,False
2025-06-13 08:45:10.349315061+00:00,12,2,0,0,30.574706846296667,1.1588392651007626,0.0,zonia,0,False
2025-06-13 09:09:52.530619061+00:00,12,2,0,0,30.925144141770925,1.1552566343943949,0.0,zonia,0,False
2025-06-13 09:14:26.514698061+00:00,12,2,0,0,30.848352975268885,1.155720042938213,0.0,zonia,0,False
2025-06-13 09:20:33.291800061+00:00,12,2,0,0,30.948320779444945,1.1571372926595154,0.0,zonia,0,False
2025-06-13 09:32:52.368685061+00:00,12,2,0,0,31.448587551592997,1.1569604374811,0.0,zonia,0,False
2025-06-13 09:55:27.866564061+00:00,12,2,0,0,31.792242914496587,1.1579892466987647,0.0,zonia,0,False
2025-06-13 10:14:44.489913061+00:00,12,2,0,0,32.501287198324896,1.1660992058831687,0.0,zonia,0,False
2025-06-13 10:27:40.766032061+00:00,12,2,0,0,32.52947040593865,1.1693002947228757,0.0,zonia,0,False
2025-06-13 10:31:13.738968061+00:00,12,2,0,0,32.41315087832171,1.1624875065909692,0.0,zonia,0,False
2025-06-13 10:40:04.005226061+00:00,12,2,0,0,32.752716789617345,1.1660039889249394,0.0,zonia,0,False
2025-06-13 11:03:15.309945061+00:00,12,2,0,0,32.79098912014491,1.165968533812515,0.0,zonia,0,False
2025-06-13 11:04:59.238280061+00:00,12,2,0,0,32.99440876449972,1.1679772603769645,0.0,zonia,0,False
2025-06-13 11:05:01.088825061+00:00,12,2,0,0,32.99405660136176,1.1674456017350425,0.0,zonia,0,False
2025-06-13 11:48:02.670354061+00:00,12,2,0,0,33.16366234176031,1.1663664327975836,0.0,zonia,0,False
2025-06-13 11:52:04.070025061+00:00,12,2,0,0,33.227104938961794,1.1646413757826721,0.0,zonia,0,False
2025-06-13 11:55:30.157429061+00:00,12,2,0,0,33.21267284268953,1.1641650802899257,0.0,zonia,0,False
2025-06-13 12:03:13.157465061+00:00,12,2,0,0,33.27015386991361,1.1633754424496558,0.0,zonia,0,False
2025-06-13 12:42:07.607305061+00:00,12,2,0,0,33.709560317799294,1.1627396179704732,0.0,zonia,0,False
2025-06-13 14:28:45.011263061+00:00,12,2,0,0,34.2193335227192,1.1563193470328854,0.0,zonia,0,False
2025-06-13 14:36:15.980427061+00:00,12,2,0,0,33.756818227516305,1.1427028890863518,0.0,zonia,0,False
2025-06-13 14:39:29.413180061+00:00,12,2,0,0,34.539612592699804,1.140865314039146,0.0,zonia,0,False
2025-06-13 15:05:33.385862061+00:00,12,2,0,0,33.76441012355518,1.1267575958892193,0.0,zonia,0,False
2025-06-13 15:16:10.803949061+00:00,12,2,0,0,33.15596875126552,1.1193651505975228,0.0,zonia,0,False
2025-06-13 15:30:17.737093061+00:00,12,2,0,0,32.8545179908409,1.1220142485669165,0.0,zonia,0,False
2025-06-13 16:09:14.680600061+00:00,12,2,0,0,32.281146460631774,1.1253874406605227,0.0,zonia,0,False
2025-06-13 16:15:19.363998061+00:00,12,2,0,0,32.17811485070871,1.1221613077848565,0.0,zonia,0,False
2025-06-13 16:24:46.258100061+00:00,12,2,0,0,32.25522530867429,1.128896893941248,0.0,zonia,0,False
2025-06-13 16:50:50.549952061+00:00,12,2,0,0,32.04452851294863,1.1324583380520277,0.0,zonia,0,False
2025-06-13 16:55:05.549138061+00:00,12,2,0,0,31.583753336332254,1.1332501809366162,0.0,zonia,0,False
2025-06-13 17:02:54.799638061+00:00,12,2,0,0,31.27514588820342,1.0937049423946628,0.0,zonia,0,False
2025-06-13 17:05:07.392059061+00:00,12,2,0,0,31.35563202372815,1.0706726002288824,0.0,zonia,0,False
2025-06-13 17:15:53.191842061+00:00,12,2,0,0,31.198907982694394,1.0764857059359065,0.0,zonia,0,False
2025-06-13 17:16:06.731946061+00:00,12,2,0,0,30.970390373026817,1.1171329688690055,0.0,zonia,0,False
2025-06-13 17:38:12.215415061+00:00,12,2,0,0,29.843919664657452,1.1253559395816164,0.0,zonia,0,False
2025-06-13 18:02:23.486378061+00:00,12,2,0,0,29.502988989877032,1.1438186882229036,0.0,zonia,0,False
2025-06-13 18:20:29.103710061+00:00,12,2,0,0,28.1242780037825,1.157705386031129,0.0,zonia,0,False
2025-06-13 18:23:20.846701061+00:00,12,2,0,0,28.254110989010144,1.1518005890738405,0.0,zonia,0,False
2025-06-13 18:39:05.719728061+00:00,12,2,0,0,27.421136367645264,1.1574115873729738,0.0,zonia,0,False
2025-06-13 18:41:35.425187061+00:00,12,2,0,0,26.79094976556019,1.156010714889801,0.0,zonia,0,False
2025-06-13 19:07:48.978305061+00:00,12,2,0,0,25.34350136092314,1.120055818245526,0.0,zonia,0,False
2025-06-13 19:22:28.700517061+00:00,12,2,0,0,25.320648164334013,1.1375649249462665,0.0,zonia,0,False
2025-06-13 20:08:55.963565061+00:00,12,2,0,0,23.703942135694778,1.1388224299949594,0.0,zonia,0,False
2025-06-13 20:19:54.246553061+00:00,12,2,0,0,23.0514848731416,1.135973500491469,0.0,zonia,0,False
2025-06-13 20:26:41.215575061+00:00,12,2,0,0,23.267266028004755,1.1475322368748375,0.0,zonia,0,False
2025-06-13 20:43:56.327476061+00:00,12,2,0,0,22.990053611299228,1.157332421360676,0.0,zonia,0,False
2025-06-13 21:34:27.104653061+00:00,12,2,0,0,22.046331291555813,1.1596673724016233,0.0,zonia,0,False
2025-06-13 21:45:27.560542061+00:00,12,2,0,0,21.62760231167044,1.160402635843297,0.0,zonia,0,False
2025-06-13 22:01:56.827719061+00:00,12,2,0,0,21.58438466253188,1.1646003155387175,0.0,zonia,0,False
2025-06-13 22:07:30.635412061+00:00,12,2,0,0,22.07406479114319,1.1433069018818047,0.0,zonia,0,False
2025-06-13 22:19:53.729364061+00:00,12,2,0,0,20.762086889472435,1.137280509296959,0.0,zonia,0,False
2025-06-13 22:22:08.715533061+00:00,12,2,0,0,20.91545082675686,1.139767928273027,0.0,zonia,0,False
2025-06-13 22:25:56.404214061+00:00,12,2,0,0,20.960054527100187,1.141506857971922,0.0,zonia,0,False
2025-06-13 22:37:32.109153061+00:00,12,2,0,0,21.8309672340169,1.1426468076055794,0.0,zonia,0,False
2025-06-13 22:47:32.925901061+00:00,12,2,0,0,20.991923345894744,1.1301798640470728,0.0,zonia,0,False
2025-06-13 22:55:34.345116061+00:00,12,2,0,0,20.208462889736822,1.122045955265219,0.0,zonia,0,False
2025-06-13 23:19:57.593376061+00:00,12,2,0,0,19.681228350387567,1.1283175275735187,0.0,zonia,0,False
2025-06-13 23:24:23.714141061+00:00,12,2,0,0,19.621477126842343,1.1334758556127396,0.0,zonia,0,False
2025-06-13 23:56:32.247831061+00:00,12,2,0,0,19.13667917472485,1.1352035013801265,0.0,zonia,0,False
2025-06-14 00:00:17.646482061+00:00,12,2,0,0,19.00630191676103,1.1354862554333534,0.0,zonia,0,False
2025-06-14 00:34:58.804333061+00:00,12,2,0,0,19.09099852288596,1.140784780058867,0.0,zonia,0,False
2025-06-14 00:46:40.227072061+00:00,12,2,0,0,18.496230779864014,1.1417448785412854,0.0,zonia,0,False
2025-06-14 00:47:49.711838061+00:00,12,2,0,0,19.008101919547276,1.142127845139943,0.0,zonia,0,False
2025-06-14 00:52:23.501681061+00:00,12,2,0,0,18.918406354433962,1.1437894158872177,0.0,zonia,0,False
2025-06-14 00:52:55.106933061+00:00,12,2,0,0,18.957579248163672,1.1425345409674472,0.0,zonia,0,False
2025-06-14 01:24:15.923560061+00:00,12,2,0,0,18.248469364715984,1.1446399522309572,0.0,zonia,0,False
2025-06-14 01:27:11.078406061+00:00,12,2,0,0,18.312262237830407,1.1440666283201746,0.0,zonia,0,False
2025-06-14 01:28:29.841304061+00:00,12,2,0,0,18.40986357798687,1.1456169777668352,0.0,zonia,0,False
2025-06-14 01:37:17.989471061+00:00,12,2,0,0,18.546007001666254,1.1501284617594183,0.0,zonia,0,False
2025-06-14 01:42:57.506562061+00:00,12,2,0,0,18.457738049078074,1.1560483639435986,0.0,zonia,0,False
2025-06-14 01:54:36.156744061+00:00,12,2,0,0,18.177263462578164,1.1582884587979394,0.0,zonia,0,False
2025-06-14 02:09:34.569135061+00:00,12,2,0,0,17.89178518360015,1.160921706811655,0.0,zonia,0,False
2025-06-14 02:10:37.985770061+00:00,12,2,0,0,18.087698547354865,1.1641885953074604,0.0,zonia,0,False
2025-06-14 02:29:36.313979061+00:00,12,2,0,0,17.737439354254885,1.167183620611648,0.0,zonia,0,False
2025-06-14 02:30:30.945786061+00:00,12,2,0,0,17.16912680049563,1.1703765417424588,0.0,zonia,0,False
2025-06-14 02:31:42.322982061+00:00,12,2,0,0,17.581867464374607,1.1719937655054546,0.0,zonia,0,False
2025-06-14 03:08:11.193137061+00:00,12,2,0,0,17.12329152352547,1.1730153970254935,0.0,zonia,0,False
2025-06-14 03:08:20.745608061+00:00,12,2,0,0,17.202508317447382,1.1688362901995337,0.0,zonia,0,False
2025-06-14 03:43:01.772395061+00:00,12,2,0,0,16.65897790616441,1.1715435708659332,0.0,zonia,0,False
2025-06-14 03:43:09.849424061+00:00,12,2,0,0,16.78086203652369,1.17135618461228,0.0,zonia,0,False
2025-06-14 04:12:12.336724061+00:00,12,2,0,0,17.27623817131673,1.1685668491059744,0.0,zonia,0,False
2025-06-14 04:14:21.161935061+00:00,12,2,0,0,17.24975212072176,1.1683749001747952,0.0,zonia,0,False
2025-06-14 04:16:08.273269061+00:00,12,2,0,0,17.95452112195337,1.1697344021952545,0.0,zonia,0,False
2025-06-14 04:31:15.557950061+00:00,12,2,0,0,18.06286370543506,1.1696017303428656,0.0,zonia,0,False
2025-06-14 04:53:21.881927061+00:00,12,2,0,0,19.52497062120618,1.1617511748496505,0.0,zonia,0,False
2025-06-14 05:09:01.526570061+00:00,12,2,0,0,20.35824104368417,1.1559816242087364,0.0,zonia,0,False
2025-06-14 05:11:20.245104061+00:00,12,2,0,0,20.675475695147384,1.1453487839045458,0.0,zonia,0,False
2025-06-14 05:16:18.818493061+00:00,12,2,0,0,21.122439055187638,1.1380463058130799,0.0,zonia,0,False
2025-06-14 05:19:22.457677061+00:00,12,2,0,0,21.24308781593939,1.1417690001912084,0.0,zonia,0,False
2025-06-14 05:23:51.055028061+00:00,12,2,0,0,21.322598179077737,1.1384203461456173,0.0,zonia,0,False
2025-06-14 05:33:27.436932061+00:00,12,2,0,0,22.878827345550725,1.132600271257931,0.0,zonia,0,False
2025-06-14 05:44:31.034373061+00:00,12,2,0,0,22.92197996063705,1.1319547001418193,0.0,zonia,0,False
2025-06-14 05:48:14.237382061+00:00,12,2,0,0,23.193525146965914,1.1378564792517498,0.0,zonia,0,False
2025-06-14 06:16:44.596592061+00:00,12,2,0,0,24.946810430811936,1.1401664700334297,0.0,zonia,0,False
2025-06-14 06:20:54.488785061+00:00,12,2,0,0,24.931206795107084,1.1426976045172896,0.0,zonia,0,False
2025-06-14 06:27:34.845963061+00:00,12,2,0,0,25.57344684077083,1.1398665313485528,0.0,zonia,0,False
2025-06-14 06:31:35.083741061+00:00,12,2,0,0,24.920169624344673,1.0947205528506485,0.0,zonia,0,False
2025-06-14 06:36:13.155490061+00:00,12,2,0,0,26.00099697126429,1.099333272882549,0.0,zonia,0,False
2025-06-14 07:08:02.643096061+00:00,12,2,0,0,27.477085905695123,1.1027361428639697,0.0,zonia,0,False
2025-06-14 07:51:55.952504061+00:00,12,2,0,0,29.51085316102465,1.1089647194654457,0.0,zonia,0,False
2025-06-14 08:14:39.559820061+00:00,12,2,0,0,30.131287867580195,1.1122575788249085,0.0,zonia,0,False
2025-06-14 08:23:58.767929061+00:00,12,2,0,0,30.44419322904723,1.1362744023375873,0.0,zonia,0,False
2025-06-14 08:32:14.456731061+00:00,12,2,0,0,30.764380887212216,1.1506018003264618,0.0,zonia,0,False
2025-06-14 08:37:35.289370061+00:00,12,2,0,0,30.775929772432136,1.1600808882959626,0.0,zonia,0,False
2025-06-14 08:46:49.191018061+00:00,12,2,0,0,31.34054620701649,1.1587678304811295,0.0,zonia,0,False
2025-06-14 08:48:38.257184061+00:00,12,2,0,0,31.208345047994943,1.161432239434258,0.0,zonia,0,False
2025-06-14 08:53:37.054896061+00:00,12,2,0,0,31.090525839778067,1.1655639997391736,0.0,zonia,0,False
2025-06-14 08:56:03.912783061+00:00,12,2,0,0,30.95357788551683,1.169017067006184,0.0,zonia,0,False
2025-06-14 08:58:52.810036061+00:00,12,2,0,0,31.27484213578366,1.1728119130571382,0.0,zonia,0,False
2025-06-14 09:11:16.608396061+00:00,12,2,0,0,31.61966251302658,1.1710924242739302,0.0,zonia,0,False
2025-06-14 09:20:51.869999061+00:00,12,2,0,0,31.769962265296527,1.1721285152360306,0.0,zonia,0,False
2025-06-14 09:26:33.355352061+00:00,12,2,0,0,31.968111219256276,1.1746570067038746,0.0,zonia,0,False
2025-06-14 09:32:27.393915061+00:00,12,2,0,0,32.00188877876181,1.1802539752470163,0.0,zonia,0,False
2025-06-14 10:13:17.846415061+00:00,12,2,0,0,33.24545489847466,1.1768345437589474,0.0,zonia,0,False
2025-06-14 10:32:32.304502061+00:00,12,2,0,0,33.47044241029637,1.179855876611668,0.0,zonia,0,False
2025-06-14 10:32:59.578041061+00:00,12,2,0,0,33.408871863260565,1.1714808053635528,0.0,zonia,0,False
2025-06-14 10:33:03.849113061+00:00,12,2,0,0,33.64047811944027,1.1688917068378317,0.0,zonia,0,False
2025-06-14 10:40:40.111410061+00:00,12,2,0,0,33.607571858807106,1.1666237564782445,0.0,zonia,0,False
2025-06-14 10:48:43.171680061+00:00,12,2,0,0,34.27303088087422,1.1601625856673097,0.0,zonia,0,False
2025-06-14 11:46:33.012022061+00:00,12,2,0,0,34.253817457259736,1.1460762079223443,0.0,zonia,0,False
2025-06-14 11:52:01.497493061+00:00,12,2,0,0,34.34255026520843,1.1475680307692495,0.0,zonia,0,False
2025-06-14 12:00:40.060789061+00:00,12,2,0,0,34.74631883326853,1.148257366020193,0.0,zonia,0,False
2025-06-14 12:33:22.627238061+00:00,12,2,0,0,35.2863237476217,1.1512857226453483,0.0,zonia,0,False
2025-06-14 12:46:50.879362061+00:00,12,2,0,0,35.67760596090138,1.1586491243596568,0.0,zonia,0,False
2025-06-14 12:51:10.885703061+00:00,12,2,0,0,35.39534166437127,1.1583493760900374,0.0,zonia,0,False
2025-06-14 13:03:36.850591061+00:00,12,2,0,0,35.79738747233215,1.1578947079367194,0.0,zonia,0,False
2025-06-14 13:06:18.563449061+00:00,12,2,0,0,35.42552188324754,1.1585739741716803,0.0,zonia,0,False
2025-06-14 13:37:53.076426061+00:00,12,2,0,0,35.636858990658034,1.1548807987214613,0.0,zonia,0,False
2025-06-14 14:02:27.687868061+00:00,12,2,0,0,36.36274322134304,1.1511023972290757,0.0,zonia,0,False
2025-06-14 14:02:54.291550061+00:00,12,2,0,0,36.38560345469215,1.1543104133500597,0.0,zonia,0,False
2025-06-14 14:10:49.944749061+00:00,12,2,0,0,36.04307663782634,1.1651265826393256,0.0,zonia,0,False
2025-06-14 14:43:12.113145061+00:00,12,2,0,0,36.353502639112364,1.16525107526826,0.0,zonia,0,False
2025-06-14 14:46:46.399958061+00:00,12,2,0,0,36.57622491787899,1.163750854058073,0.0,zonia,0,False
2025-06-14 15:00:30.502240061+00:00,12,2,0,0,36.343751598736894,1.1604026304734962,0.0,zonia,0,False
2025-06-14 15:34:24.124548061+00:00,12,2,0,0,36.55994089702003,1.1525873448287336,0.0,zonia,0,False
2025-06-14 15:41:44.874799061+00:00,12,2,0,0,36.40660204311348,1.160278198850955,0.0,zonia,0,False
2025-06-14 16:18:45.359023061+00:00,12,2,0,0,33.984924608039876,1.1360519147306634,0.0,zonia,0,False
2025-06-14 16:31:55.139680061+00:00,12,2,0,0,34.250788046728225,1.1275670640347646,0.0,zonia,0,False
2025-06-14 16:59:33.388022061+00:00,12,2,0,0,32.09801097663175,1.1394598741207806,0.0,zonia,0,False
2025-06-14 17:19:36.714426061+00:00,12,2,0,0,31.39932896018562,1.1305640160795143,0.0,zonia,0,False
2025-06-14 17:35:18.284590061+00:00,12,2,0,0,30.90112693569285,1.135531337373417,0.0,zonia,0,False
2025-06-14 17:48:25.146744061+00:00,12,2,0,0,30.151924005503748,1.143615047531749,0.0,zonia,0,False
2025-06-14 18:21:47.492646061+00:00,12,2,0,0,28.482321872812438,1.1501293504504582,0.0,zonia,0,False
2025-06-14 18:25:08.283022061+00:00,12,2,0,0,28.189928959426272,1.1499547143020137,0.0,zonia,0,False
2025-06-14 19:07:01.319180061+00:00,12,2,0,0,26.495385573282118,1.1526584580645591,0.0,zonia,0,False
2025-06-14 19:08:45.791360061+00:00,12,2,0,0,26.327989140934154,1.1648306564491822,0.0,zonia,0,False
2025-06-14 19:12:52.571113061+00:00,12,2,0,0,26.366978995250985,1.1679207429036542,0.0,zonia,0,False
2025-06-14 19:40:00.015936061+00:00,12,2,0,0,25.811567634558006,1.1691060023434419,0.0,zonia,0,False
2025-06-14 19:54:53.410538061+00:00,12,2,0,0,25.432121512837256,1.1714263591103682,0.0,zonia,0,False
2025-06-14 20:16:41.672914061+00:00,12,2,0,0,24.876005936161295,1.1741597700524644,0.0,zonia,0,False
2025-06-14 20:26:46.911869061+00:00,12,2,0,0,24.843832058652662,1.1788185542525307,0.0,zonia,0,False
2025-06-14 20:36:52.528335061+00:00,12,2,0,0,24.3171103471068,1.1805990194245495,0.0,zonia,0,False
2025-06-14 20:45:01.772218061+00:00,12,2,0,0,24.64907916968005,1.1810539711584749,0.0,zonia,0,False
2025-06-14 20:54:50.354362061+00:00,12,2,0,0,24.225711169815632,1.1800966216693327,0.0,zonia,0,False
2025-06-14 21:58:59.628212061+00:00,12,2,0,0,24.219932350118512,1.1822153652481544,0.0,zonia,0,False
2025-06-14 22:21:09.215099061+00:00,12,2,0,0,24.01241146408393,1.1823594129379904,0.0,zonia,0,False
2025-06-14 22:24:18.856656061+00:00,12,2,0,0,24.287646801881124,1.180259205891223,0.0,zonia,0,False
2025-06-14 23:17:18.952400061+00:00,12,2,0,0,23.320970852531676,1.1784998554741917,0.0,zonia,0,False
2025-06-14 23:19:36.924782061+00:00,12,2,0,0,23.17840050645731,1.1792103450530265,0.0,zonia,0,False
2025-06-14 23:43:11.608016061+00:00,12,2,0,0,22.7318640101132,1.181571560304702,0.0,zonia,0,False
2025-06-15 00:21:52.184477061+00:00,12,2,0,0,23.13724806559701,1.1819220045070642,0.0,zonia,0,False
2025-06-15 01:13:41.196410061+00:00,12,2,0,0,23.065633508193997,1.1838813403497754,0.0,zonia,0,False
2025-06-15 01:20:56.317931061+00:00,12,2,0,0,23.01705117119021,1.1840474429717034,0.0,zonia,0,False
2025-06-15 01:21:14.723411061+00:00,12,2,0,0,23.018013103066714,1.1835530890131145,0.0,zonia,0,False
2025-06-15 01:27:27.858477061+00:00,12,2,0,0,23.102448879410176,1.1840195226817567,0.0,zonia,0,False
2025-06-15 01:34:02.227389061+00:00,12,2,0,0,22.773822917666177,1.184084328019178,0.0,zonia,0,False
2025-06-15 01:40:08.209314061+00:00,12,2,0,0,22.80543878759095,1.1866409781473275,0.0,zonia,0,False
2025-06-15 02:31:36.434324061+00:00,12,2,0,0,21.736612728337224,1.1785277260118328,0.0,zonia,0,False
2025-06-15 02:32:20.287803061+00:00,12,2,0,0,21.605345518632987,1.1763906229661232,0.0,zonia,0,False
2025-06-15 02:44:39.252672061+00:00,12,2,0,0,21.955974828152698,1.1772332364829883,0.0,zonia,0,False
2025-06-15 03:08:59.353680061+00:00,12,2,0,0,21.552596262532376,1.1701274756429665,0.0,zonia,0,False
2025-06-15 03:51:44.014181061+00:00,12,2,0,0,20.995909251977583,1.167282356589363,0.0,zonia,0,False
2025-06-15 04:03:07.234980061+00:00,12,2,0,0,20.790341797565667,1.171741896572242,0.0,zonia,0,False
2025-06-15 04:35:31.426902061+00:00,12,2,0,0,22.131804720496238,1.1759392063611211,0.0,zonia,0,False
2025-06-15 04:43:12.199319061+00:00,12,2,0,0,22.649337447248932,1.1781745132628583,0.0,zonia,0,False
2025-06-15 05:24:44.347720061+00:00,12,2,0,0,24.625470413968607,1.171597515950996,0.0,zonia,0,False
2025-06-15 05:32:55.880594061+00:00,12,2,0,0,24.663604738655494,1.1748125438824597,0.0,zonia,0,False
2025-06-15 06:17:45.444835061+00:00,12,2,0,0,25.18050658637929,1.1722463371320926,0.0,zonia,0,False
2025-06-15 06:31:29.713584061+00:00,12,2,0,0,26.957769680297403,1.1728762795228715,0.0,zonia,0,False
2025-06-15 06:45:29.631036061+00:00,12,2,0,0,28.05459360463124,1.1665542898822268,0.0,zonia,0,False
2025-06-15 06:49:04.058235061+00:00,12,2,0,0,28.018709446351146,1.168594526187631,0.0,zonia,0,False
2025-06-15 06:49:19.826725061+00:00,12,2,0,0,28.12885265555593,1.1691579513318335,0.0,zonia,0,False
2025-06-15 07:15:13.938908061+00:00,12,2,0,0,29.827298511297574,1.1737458948209343,0.0,zonia,0,False
2025-06-15 07:20:21.237850061+00:00,12,2,0,0,30.157351677226053,1.1767023234670715,0.0,zonia,0,False
2025-06-15 07:20:45.631517061+00:00,12,2,0,0,29.882451355211387,1.1763284986626124,0.0,zonia,0,False
2025-06-15 07:25:54.046846061+00:00,12,2,0,0,30.067677430693386,1.1770117226633845,0.0,zonia,0,False
2025-06-15 07:32:35.443076061+00:00,12,2,0,0,30.493467645696462,1.1737562869959652,0.0,zonia,0,False
2025-06-15 07:45:54.529724061+00:00,12,2,0,0,30.638613267019156,1.1732744121467622,0.0,zonia,0,False
2025-06-15 07:46:43.744927061+00:00,12,2,0,0,31.144166697556518,1.1712281593666254,0.0,zonia,0,False
2025-06-15 07:51:08.249567061+00:00,12,2,0,0,31.245462634410025,1.1742106205664828,0.0,zonia,0,False
2025-06-15 07:54:26.527909061+00:00,12,2,0,0,31.26743659905967,1.1755014777740853,0.0,zonia,0,False
2025-06-15 08:24:56.799867061+00:00,12,2,0,0,31.811163888006103,1.175841270058138,0.0,zonia,0,False
2025-06-15 08:32:07.456360061+00:00,12,2,0,0,32.14078722201392,1.1709028093621103,0.0,zonia,0,False
2025-06-15 08:47:20.933312061+00:00,12,2,0,0,32.70169881854241,1.1723930255034154,0.0,zonia,0,False
2025-06-15 08:51:34.536817061+00:00,12,2,0,0,32.47991430528172,1.1697018482744506,0.0,zonia,0,False
2025-06-15 09:25:55.313291061+00:00,12,2,0,0,32.85662915849671,1.1700046076967419,0.0,zonia,0,False
2025-06-15 09:32:44.906522061+00:00,12,2,0,0,33.219067121341105,1.1717135854348755,0.0,zonia,0,False
2025-06-15 10:07:13.203936061+00:00,12,2,0,0,33.66152536593563,1.1717383834221984,0.0,zonia,0,False
2025-06-15 11:10:06.442745061+00:00,12,2,0,0,34.78345112146713,1.1746321258553813,0.0,zonia,0,False
2025-06-15 11:16:56.896945061+00:00,12,2,0,0,35.04588731981648,1.17650164754104,0.0,zonia,0,False
2025-06-15 11:21:17.593932061+00:00,12,2,0,0,35.01517695686994,1.1758953087105337,0.0,zonia,0,False
2025-06-15 11:23:49.458968061+00:00,12,2,0,0,35.28260029090154,1.1740802127899177,0.0,zonia,0,False
2025-06-15 11:27:32.106490061+00:00,12,2,0,0,35.06993903127856,1.168706710220759,0.0,zonia,0,False
2025-06-15 11:39:48.013036061+00:00,12,2,0,0,35.03026913185041,1.1641758052504703,0.0,zonia,0,False
2025-06-15 11:44:48.331541061+00:00,12,2,0,0,35.37735244470277,1.1663269667588245,0.0,zonia,0,False
2025-06-15 12:08:35.629131061+00:00,12,2,0,0,35.513137230148175,1.1655725788258606,0.0,zonia,0,False
2025-06-15 12:36:55.818125061+00:00,12,2,0,0,35.665168623098836,1.1647755597867682,0.0,zonia,0,False
2025-06-15 12:41:42.819874061+00:00,12,2,0,0,35.76516182839867,1.1677797008585018,0.0,zonia,0,False
2025-06-15 13:30:12.295208061+00:00,12,2,0,0,36.16967727473852,1.1714470579544718,0.0,zonia,0,False
2025-06-15 13:30:43.400833061+00:00,12,2,0,0,35.967210347885825,1.1699243138780242,0.0,zonia,0,False
2025-06-15 13:42:15.809699061+00:00,12,2,0,0,36.58649653958312,1.1566608666832836,0.0,zonia,0,False
2025-06-15 13:55:39.188787061+00:00,12,2,0,0,36.71307771949733,1.1544440671498137,0.0,zonia,0,False
2025-06-15 14:05:35.702809061+00:00,12,2,0,0,36.19000609052293,1.1560457616855264,0.0,zonia,0,False
2025-06-15 14:23:17.989257061+00:00,12,2,0,0,36.488042185741755,1.1480300914614021,0.0,zonia,0,False
2025-06-15 14:25:00.740295061+00:00,12,2,0,0,36.58636528818064,1.1447014669675069,0.0,zonia,0,False
2025-06-15 14:40:46.153687061+00:00,12,2,0,0,36.73791783402916,1.1395301529416504,0.0,zonia,0,False
2025-06-15 14:55:25.301193061+00:00,12,2,0,0,35.82767845046487,1.1261571439269058,0.0,zonia,0,False
2025-06-15 15:23:18.128698061+00:00,12,2,0,0,35.073329673914024,1.1163907359300433,0.0,zonia,0,False
2025-06-15 15:34:19.212944061+00:00,12,2,0,0,35.23100128511253,1.1180681898673,0.0,zonia,0,False
2025-06-15 15:51:17.333152061+00:00,12,2,0,0,33.85832687774382,1.1105425502098298,0.0,zonia,0,False
2025-06-15 16:00:36.103196061+00:00,12,2,0,0,33.846082105465314,1.119774456020051,0.0,zonia,0,False
2025-06-15 16:15:53.004620061+00:00,12,2,0,0,32.446222325176954,1.1251992256443164,0.0,zonia,0,False
2025-06-15 17:03:24.410607061+00:00,12,2,0,0,30.923436668271446,1.1289877424577168,0.0,zonia,0,False
2025-06-15 17:21:54.888069061+00:00,12,2,0,0,30.387588000835212,1.1286722096001116,0.0,zonia,0,False
2025-06-15 17:24:00.847635061+00:00,12,2,0,0,30.35934655003593,1.1339096081443956,0.0,zonia,0,False
2025-06-15 17:43:10.629088061+00:00,12,2,0,0,29.581096296881817,1.140676073401604,0.0,zonia,0,False
2025-06-15 17:51:43.728508061+00:00,12,2,0,0,29.941817901576147,1.1484950185385867,0.0,zonia,0,False
2025-06-15 17:54:28.270997061+00:00,12,2,0,0,29.472990836520943,1.1617622622794097,0.0,zonia,0,False
2025-06-15 17:56:47.141220061+00:00,12,2,0,0,29.54077451807399,1.1631355643009544,0.0,zonia,0,False
2025-06-15 18:16:57.904994061+00:00,12,2,0,0,29.00664101614361,1.1642940018563641,0.0,zonia,0,False
2025-06-15 18:23:42.429944061+00:00,12,2,0,0,28.792600830903268,1.171836450015049,0.0,zonia,0,False
2025-06-15 18:42:08.183505061+00:00,12,2,0,0,28.38074782758828,1.177292256973189,0.0,zonia,0,False
2025-06-15 18:53:17.863962061+00:00,12,2,0,0,27.990241088696703,1.1318847923699449,0.0,zonia,0,False
2025-06-15 19:01:33.402402061+00:00,12,2,0,0,27.606087227890015,1.1305939365908682,0.0,zonia,0,False
2025-06-15 19:27:05.543706061+00:00,12,2,0,0,27.099720766770503,1.1339852081243482,0.0,zonia,0,False
2025-06-15 19:30:19.113731061+00:00,12,2,0,0,27.11859893344456,1.1348758651291961,0.0,zonia,0,False
2025-06-15 19:37:12.638460061+00:00,12,2,0,0,27.077845844268754,1.1351171689071105,0.0,zonia,0,False
2025-06-15 20:23:42.405961061+00:00,12,2,0,0,26.43392886280837,1.1607143120399277,0.0,zonia,0,False
2025-06-15 20:41:42.030352061+00:00,12,2,0,0,26.06297065023109,1.1618537858980322,0.0,zonia,0,False
2025-06-15 20:56:47.998237061+00:00,12,2,0,0,25.74585301166111,1.1612444610929378,0.0,zonia,0,False
2025-06-15 21:15:25.135775061+00:00,12,2,0,0,25.46294081141613,1.1572045800550355,0.0,zonia,0,False
2025-06-15 21:18:30.720154061+00:00,12,2,0,0,25.400128777331858,1.1565421666286675,0.0,zonia,0,False
2025-06-15 21:47:35.239738061+00:00,12,2,0,0,24.886488043437748,1.1690968644580517,0.0,zonia,0,False
2025-06-15 21:54:17.924343061+00:00,12,2,0,0,24.50557299944899,1.1691267142970738,0.0,zonia,0,False
2025-06-15 22:08:09.066147061+00:00,12,2,0,0,24.151927852450758,1.1762681063747737,0.0,zonia,0,False
2025-06-15 22:26:41.999925061+00:00,12,2,0,0,24.067342128920128,1.1789253915639344,0.0,zonia,0,False
2025-06-15 22:27:15.837725061+00:00,12,2,0,0,23.865922802216986,1.181885936962423,0.0,zonia,0,False
2025-06-15 22:31:45.752857061+00:00,12,2,0,0,23.891917664645856,1.1835091697370272,0.0,zonia,0,False
2025-06-15 22:54:36.338119061+00:00,12,2,0,0,23.780997507348665,1.187579072616534,0.0,zonia,0,False
2025-06-15 22:55:24.580548061+00:00,12,2,0,0,23.587757021521366,1.185810027693431,0.0,zonia,0,False
2025-06-15 23:58:12.653187061+00:00,12,2,0,0,23.048946015452117,1.1851304018862618,0.0,zonia,0,False
2025-06-16 00:05:07.745607061+00:00,12,2,0,0,23.248352617847093,1.183194695777996,0.0,zonia,0,False
2025-06-16 00:16:20.530714061+00:00,12,2,0,0,23.413519492251787,1.184878839469394,0.0,zonia,0,False
2025-06-16 00:25:10.077226061+00:00,12,2,0,0,23.188104794344575,1.1857792105727492,0.0,zonia,0,False
2025-06-16 00:42:25.577198061+00:00,12,2,0,0,23.10163302749182,1.184763379018814,0.0,zonia,0,False
2025-06-16 00:58:17.743864061+00:00,12,2,0,0,23.11056253568848,1.1831422044506898,0.0,zonia,0,False
2025-06-16 01:47:24.588204061+00:00,12,2,0,0,22.710849721559498,1.179898674585721,0.0,zonia,0,False
2025-06-16 01:55:03.219570061+00:00,12,2,0,0,22.2822542491937,1.176767053228569,0.0,zonia,0,False
2025-06-16 01:57:05.407826061+00:00,12,2,0,0,22.401760473130853,1.1772165506269034,0.0,zonia,0,False
2025-06-16 02:15:48.438035061+00:00,12,2,0,0,21.99344247418125,1.1749385766029756,0.0,zonia,0,False
2025-06-16 02:41:27.166686061+00:00,12,2,0,0,22.420632993615463,1.1755026156199397,0.0,zonia,0,False
2025-06-16 02:58:53.244762061+00:00,12,2,0,0,22.19896077387548,1.1784092526872638,0.0,zonia,0,False
2025-06-16 03:28:05.586268061+00:00,12,2,0,0,21.614873801040446,1.1726276427748024,0.0,zonia,0,False
2025-06-16 04:01:43.907029061+00:00,12,2,0,0,21.697876516773626,1.1765363578829156,0.0,zonia,0,False
2025-06-16 04:52:37.707345061+00:00,12,2,0,0,23.84240739693717,1.171832248371537,0.0,zonia,0,False
2025-06-16 05:04:13.174351061+00:00,12,2,0,0,24.61897272437808,1.165376013807453,0.0,zonia,0,False
2025-06-16 05:14:54.117300061+00:00,12,2,0,0,25.05691587625708,1.1657901957386796,0.0,zonia,0,False
2025-06-16 05:30:56.196056061+00:00,12,2,0,0,25.65169642129439,1.1714096143745742,0.0,zonia,0,False
2025-06-16 05:45:36.809660061+00:00,12,2,0,0,26.70643327918063,1.1724348719678397,0.0,zonia,0,False
2025-06-16 06:04:12.516231061+00:00,12,2,0,0,27.29169281122722,1.1724101384577634,0.0,zonia,0,False
2025-06-16 06:14:59.481555061+00:00,12,2,0,0,27.563335378072466,1.1725574400239582,0.0,zonia,0,False
2025-06-16 06:42:50.372484061+00:00,12,2,0,0,28.12521782657017,1.1722649950102948,0.0,zonia,0,False
2025-06-16 06:47:45.066089061+00:00,12,2,0,0,28.220131816191266,1.1732029395927068,0.0,zonia,0,False
2025-06-16 06:53:47.637698061+00:00,12,2,0,0,28.285277053338127,1.1728335160304757,0.0,zonia,0,False
2025-06-16 06:56:35.919885061+00:00,12,2,0,0,28.736611676163054,1.1725136964876213,0.0,zonia,0,False
2025-06-16 07:06:54.846430061+00:00,12,2,0,0,28.91080749190117,1.1722941337983983,0.0,zonia,0,False
2025-06-16 07:15:32.065615061+00:00,12,2,0,0,28.873786887295406,1.1755857751378387,0.0,zonia,0,False
2025-06-16 07:21:09.837626061+00:00,12,2,0,0,29.044816293391584,1.1782738251576812,0.0,zonia,0,False
2025-06-16 07:33:56.750195061+00:00,12,2,0,0,28.90793127861463,1.179704970744045,0.0,zonia,0,False
2025-06-16 07:37:40.658372061+00:00,12,2,0,0,29.26978900590232,1.1794262307307843,0.0,zonia,0,False
2025-06-16 07:52:45.034262061+00:00,12,2,0,0,29.877487291375353,1.1836599968704662,0.0,zonia,0,False
2025-06-16 08:12:49.324680061+00:00,12,2,0,0,30.505841727733948,1.1723878707729494,0.0,zonia,0,False
2025-06-16 08:20:56.447883061+00:00,12,2,0,0,30.341277838067963,1.1718453378389424,0.0,zonia,0,False
2025-06-16 09:41:29.054071061+00:00,12,2,0,0,31.46858527039163,1.1692020247840955,0.0,zonia,0,False
2025-06-16 10:11:12.646477061+00:00,12,2,0,0,31.473090736802543,1.166083990569904,0.0,zonia,0,False
2025-06-16 10:20:58.608369061+00:00,12,2,0,0,31.2101723732005,1.1626460273801353,0.0,zonia,0,False
2025-06-16 10:22:33.999479061+00:00,12,2,0,0,30.745975399086227,1.027234779561697,0.0,zonia,0,False
2025-06-16 10:45:25.799809061+00:00,12,2,0,0,31.149582693580378,1.052125308542721,0.0,zonia,0,False
2025-06-16 11:07:36.248378061+00:00,12,2,0,0,31.18537866381327,1.0462736172022509,0.0,zonia,0,False
2025-06-16 11:14:48.733617061+00:00,12,2,0,0,31.160375190753015,1.0529445105523667,0.0,zonia,0,False
2025-06-16 11:21:29.541294061+00:00,12,2,0,0,31.86916717103898,1.0945422483326817,0.0,zonia,0,False
2025-06-16 11:29:07.600224061+00:00,12,2,0,0,30.895002269189515,1.10619389147141,0.0,zonia,0,False
2025-06-16 11:56:50.132963061+00:00,12,2,0,0,31.289085014658664,1.102620086366275,0.0,zonia,0,False
2025-06-16 11:56:56.741707061+00:00,12,2,0,0,31.38717148583955,1.1080616847522293,0.0,zonia,0,False
2025-06-16 12:12:03.955802061+00:00,12,2,0,0,30.08964614250596,1.101933853844373,0.0,zonia,0,False
2025-06-16 12:14:47.059789061+00:00,12,2,0,0,30.316600413821007,1.1018253092672816,0.0,zonia,0,False
2025-06-16 13:13:09.668229061+00:00,12,2,0,0,27.947668621883498,1.1099161998395288,0.0,zonia,0,False
2025-06-16 13:26:54.186410061+00:00,12,2,0,0,27.481341428455462,1.1082095274000239,0.0,zonia,0,False
2025-06-16 13:38:45.437192061+00:00,12,2,0,0,26.8600811193274,1.075031090461367,0.0,zonia,0,False
2025-06-16 13:49:33.388287061+00:00,12,2,0,0,26.66202453201649,1.0722838328242013,0.0,zonia,0,False
2025-06-16 13:57:41.617510061+00:00,12,2,0,0,25.95446309636157,1.0822577827483335,0.0,zonia,0,False
2025-06-16 14:10:46.041914061+00:00,12,2,0,0,23.758300226387902,1.1028712150632454,0.0,zonia,0,False
2025-06-16 14:11:31.589209061+00:00,12,2,0,0,23.52962563663439,1.0310439000692377,0.0,zonia,0,False
2025-06-16 14:17:35.997445061+00:00,12,2,0,0,20.296347304407856,1.0336015462759625,0.0,zonia,0,False
2025-06-16 14:44:34.395447061+00:00,12,2,0,0,18.262317157807267,1.054431374633073,0.0,zonia,0,False
2025-06-16 14:55:02.305473061+00:00,12,2,0,0,18.263513445532602,1.1081144097189781,0.0,zonia,0,False
2025-06-16 15:12:32.212852061+00:00,12,2,0,0,18.46602893170539,1.1241309272816982,0.0,zonia,0,False
2025-06-16 15:13:10.545760061+00:00,12,2,0,0,18.393955500286303,1.14997253997136,0.0,zonia,0,False
2025-06-16 16:09:29.510798061+00:00,12,2,0,0,18.276876164148668,1.165701232842611,0.0,zonia,0,False
2025-06-16 16:22:33.085935061+00:00,12,2,0,0,18.455870499502876,1.1710703628954142,0.0,zonia,0,False
2025-06-16 17:11:03.352358061+00:00,12,2,0,0,18.70701793431899,1.1791142737768383,0.0,zonia,0,False
2025-06-16 17:34:04.306610061+00:00,12,2,0,0,19.522342366019704,1.1818901437169615,0.0,zonia,0,False
2025-06-16 18:00:20.559172061+00:00,12,2,0,0,20.24182345175094,1.1810480778394497,0.0,zonia,0,False
2025-06-16 18:18:29.555724061+00:00,12,2,0,0,20.200152180551928,1.1819317817391324,0.0,zonia,0,False
2025-06-16 18:31:48.622204061+00:00,12,2,0,0,19.769752776130417,1.18204709200098,0.0,zonia,0,False
2025-06-16 18:56:55.125998061+00:00,12,2,0,0,19.491168911474364,1.1850581583644284,0.0,zonia,0,False
2025-06-16 19:04:24.913780061+00:00,12,2,0,0,19.435304018634024,1.1850682722511936,0.0,zonia,0,False
2025-06-16 19:38:13.891074061+00:00,12,2,0,0,18.8727249316375,1.1872702141014637,0.0,zonia,0,False
2025-06-16 20:02:51.581702061+00:00,12,2,0,0,18.139018142734077,1.1868449308253237,0.0,zonia,0,False
2025-06-16 20:07:14.861938061+00:00,12,2,0,0,18.02398304794896,1.1846442040906187,0.0,zonia,0,False
2025-06-16 20:13:26.145756061+00:00,12,2,0,0,17.745376923024114,1.1817471870487917,0.0,zonia,0,False
2025-06-16 20:25:00.118436061+00:00,12,2,0,0,17.836595566354646,1.1833637846492002,0.0,zonia,0,False
2025-06-16 20:43:22.923859061+00:00,12,2,0,0,17.841365605172264,1.181434828386197,0.0,zonia,0,False
2025-06-16 20:57:33.431040061+00:00,12,2,0,0,17.565219554519224,1.1790318520204086,0.0,zonia,0,False
2025-06-16 21:03:33.254983061+00:00,12,2,0,0,17.98827068991388,1.1787147308699943,0.0,zonia,0,False
2025-06-16 21:11:22.942462061+00:00,12,2,0,0,17.851458904029627,1.1771820142351141,0.0,zonia,0,False
2025-06-16 21:13:48.050926061+00:00,12,2,0,0,18.041358959125784,1.1746258930327966,0.0,zonia,0,False
2025-06-16 21:26:27.705029061+00:00,12,2,0,0,18.325356035338316,1.1698795018565822,0.0,zonia,0,False
2025-06-16 21:48:56.765469061+00:00,12,2,0,0,18.27840912104157,1.175539390974835,0.0,zonia,0,False
2025-06-16 22:00:19.963194061+00:00,12,2,0,0,18.226312885201665,1.1810499342966456,0.0,zonia,0,False
2025-06-16 22:05:22.205433061+00:00,12,2,0,0,18.560305430641666,1.1816914889038517,0.0,zonia,0,False
2025-06-16 22:06:39.638304061+00:00,12,2,0,0,18.21443046945233,1.18408309542958,0.0,zonia,0,False
2025-06-17 00:10:40.862919061+00:00,12,2,0,0,18.170834994924768,1.1880795591053257,0.0,zonia,0,False
2025-06-17 00:21:05.685400061+00:00,12,2,0,0,18.220283642221478,1.1890042640583025,0.0,zonia,0,False
2025-06-17 00:32:01.644355061+00:00,12,2,0,0,17.968331140796536,1.1910846583939974,0.0,zonia,0,False
2025-06-17 00:55:49.972533061+00:00,12,2,0,0,18.204858529135134,1.1904629974299534,0.0,zonia,0,False
2025-06-17 00:57:58.127967061+00:00,12,2,0,0,18.192603269050313,1.1925379602777697,0.0,zonia,0,False
2025-06-17 01:35:25.636681061+00:00,12,2,0,0,18.315479051004072,1.1927394711421502,0.0,zonia,0,False
2025-06-17 01:37:18.886237061+00:00,12,2,0,0,18.065486912093697,1.193866412979655,0.0,zonia,0,False
2025-06-17 01:38:52.774441061+00:00,12,2,0,0,18.401888420549838,1.193596444997784,0.0,zonia,0,False
2025-06-17 02:03:31.117704061+00:00,12,2,0,0,18.104816921634775,1.1935074435870887,0.0,zonia,0,False
2025-06-17 02:07:07.942419061+00:00,12,2,0,0,17.934677959467816,1.1941410775521337,0.0,zonia,0,False
2025-06-17 03:02:01.637215061+00:00,12,2,0,0,17.57218471923773,1.1951783318023796,0.0,zonia,0,False
2025-06-17 03:27:57.242452061+00:00,12,2,0,0,17.60865808167713,1.1957111973915917,0.0,zonia,0,False
2025-06-17 03:31:29.579815061+00:00,12,2,0,0,17.536997350036554,1.1956568499661544,0.0,zonia,0,False
2025-06-17 03:43:05.127593061+00:00,12,2,0,0,17.578238115099644,1.1960796768119386,0.0,zonia,0,False
2025-06-17 04:13:12.598326061+00:00,12,2,0,0,17.71369012145209,1.1961729248295256,0.0,zonia,0,False
2025-06-17 04:18:43.112835061+00:00,12,2,0,0,17.702233605491962,1.1962505100509593,0.0,zonia,0,False
2025-06-17 04:35:39.150133061+00:00,12,2,0,0,17.789402955196245,1.1964835484082346,0.0,zonia,0,False
2025-06-17 04:40:30.726116061+00:00,12,2,0,0,17.783159377958814,1.1965892101209894,0.0,zonia,0,False
2025-06-17 04:47:10.777336061+00:00,12,2,0,0,17.74080801604053,1.1968538477197965,0.0,zonia,0,False
2025-06-17 05:04:54.433030061+00:00,12,2,0,0,17.823612606358616,1.1965780902935998,0.0,zonia,0,False
2025-06-17 05:16:21.730091061+00:00,12,2,0,0,17.78627779842907,1.1964040353344219,0.0,zonia,0,False
2025-06-17 05:28:09.691664061+00:00,12,2,0,0,17.832022648122734,1.1965418103281118,0.0,zonia,0,False
2025-06-17 05:59:04.182396061+00:00,12,2,0,0,17.931237321726353,1.1958575435960976,0.0,zonia,0,False
2025-06-17 05:59:36.390243061+00:00,12,2,0,0,17.819546949023394,1.1945885829937313,0.0,zonia,0,False
2025-06-17 06:06:35.364530061+00:00,12,2,0,0,18.036508268749376,1.1918565547496385,0.0,zonia,0,False
2025-06-17 06:08:34.665087061+00:00,12,2,0,0,18.071220705190168,1.1923102711652465,0.0,zonia,0,False
2025-06-17 06:59:31.535749061+00:00,12,2,0,0,18.465982669892195,1.1936405468974505,0.0,zonia,0,False
2025-06-17 07:57:18.953732061+00:00,12,2,0,0,19.489917927693426,1.1939604285250502,0.0,zonia,0,False
2025-06-17 08:38:43.379883061+00:00,12,2,0,0,19.644254587113572,1.193413468295814,0.0,zonia,0,False
2025-06-17 09:20:24.434976061+00:00,12,2,0,0,21.036989225179056,1.1750834599788396,0.0,zonia,0,False
2025-06-17 10:00:55.706044061+00:00,12,2,0,0,22.03960573697764,1.173093048081845,0.0,zonia,0,False
2025-06-17 10:26:48.620176061+00:00,12,2,0,0,22.60066063038492,1.174115551467061,0.0,zonia,0,False
2025-06-17 10:33:49.297167061+00:00,12,2,0,0,22.503495026261817,1.1739781868649939,0.0,zonia,0,False
2025-06-17 10:35:26.876297061+00:00,12,2,0,0,22.594121440944793,1.1746223662986839,0.0,zonia,0,False
2025-06-17 11:01:34.491038061+00:00,12,2,0,0,23.476600747879008,1.1637134474556068,0.0,zonia,0,False
2025-06-17 11:05:35.926631061+00:00,12,2,0,0,23.50615619866144,1.1611952474416678,0.0,zonia,0,False
2025-06-17 11:29:31.565944061+00:00,12,2,0,0,23.853288570649422,1.162225965695454,0.0,zonia,0,False
2025-06-17 12:13:01.558368061+00:00,12,2,0,0,24.890612368866314,1.1541591591077036,0.0,zonia,0,False
2025-06-17 12:35:10.375986061+00:00,12,2,0,0,25.142356399590266,1.159555692834926,0.0,zonia,0,False
2025-06-17 13:46:57.222594061+00:00,12,2,0,0,27.2172734808611,1.1406237599655005,0.0,zonia,0,False
2025-06-17 14:04:13.151187061+00:00,12,2,0,0,26.804637772271093,1.13438590862622,0.0,zonia,0,False
2025-06-17 14:07:57.272283061+00:00,12,2,0,0,26.762031778267232,1.1270644105792085,0.0,zonia,0,False
2025-06-17 14:10:28.014322061+00:00,12,2,0,0,27.25279369506225,1.1327083510357627,0.0,zonia,0,False
2025-06-17 14:30:04.510703061+00:00,12,2,0,0,27.05423710411135,1.1433016871117583,0.0,zonia,0,False
2025-06-17 14:31:49.194229061+00:00,12,2,0,0,27.07900275352377,1.1438618056330587,0.0,zonia,0,False
2025-06-17 14:41:46.496722061+00:00,12,2,0,0,27.495986535038938,1.1405860860949149,0.0,zonia,0,False
2025-06-17 14:54:48.463291061+00:00,12,2,0,0,26.910960491765536,1.1448947000863838,0.0,zonia,0,False
2025-06-17 16:03:24.816457061+00:00,12,2,0,0,27.183780129716656,1.149297804419692,0.0,zonia,0,False
2025-06-17 16:28:45.766654061+00:00,12,2,0,0,27.226518784689322,1.1300204794018809,0.0,zonia,0,False
2025-06-17 16:28:55.825214061+00:00,12,2,0,0,27.645577310278195,1.1264415534052434,0.0,zonia,0,False
2025-06-17 16:40:33.131114061+00:00,12,2,0,0,27.245796244860383,1.1264998187753275,0.0,zonia,0,False
2025-06-17 16:42:33.829854061+00:00,12,2,0,0,26.44791008491074,1.133005943895006,0.0,zonia,0,False
2025-06-17 16:42:54.908265061+00:00,12,2,0,0,27.225235114052335,1.1345535378610063,0.0,zonia,0,False
2025-06-17 16:43:51.193761061+00:00,12,2,0,0,26.311681456622527,1.139874877298887,0.0,zonia,0,False
2025-06-17 17:01:54.228548061+00:00,12,2,0,0,26.58618559724182,1.1420424779046996,0.0,zonia,0,False
2025-06-17 17:05:00.532548061+00:00,12,2,0,0,27.133172401526043,1.132365963488592,0.0,zonia,0,False
2025-06-17 17:29:22.359864061+00:00,12,2,0,0,25.861890077443157,1.137278382320405,0.0,zonia,0,False
2025-06-17 17:51:23.458970061+00:00,12,2,0,0,23.999275444661972,1.138326936931412,0.0,zonia,0,False
2025-06-17 18:00:39.254321061+00:00,12,2,0,0,24.131847442329537,1.1306910902512224,0.0,zonia,0,False
2025-06-17 18:14:44.437972061+00:00,12,2,0,0,22.875642721491847,1.1391602177581779,0.0,zonia,0,False
2025-06-17 18:15:52.231769061+00:00,12,2,0,0,23.27989059291955,1.136231449955299,0.0,zonia,0,False
2025-06-17 18:41:16.327205061+00:00,12,2,0,0,21.765416457905364,1.1482127322594544,0.0,zonia,0,False
2025-06-17 18:44:32.652012061+00:00,12,2,0,0,21.02670327457336,1.150591159820603,0.0,zonia,0,False
2025-06-17 18:46:50.010980061+00:00,12,2,0,0,21.25544068889065,1.148505225278965,0.0,zonia,0,False
2025-06-17 18:47:23.587642061+00:00,12,2,0,0,21.319454338662656,1.1485624639287733,0.0,zonia,0,False
2025-06-17 18:50:18.171133061+00:00,12,2,0,0,21.042996368832313,1.1444652165586062,0.0,zonia,0,False
2025-06-17 18:59:08.166496061+00:00,12,2,0,0,20.70718756429334,1.148960106834144,0.0,zonia,0,False
2025-06-17 19:14:31.199661061+00:00,12,2,0,0,20.81717244930898,1.1577143769097105,0.0,zonia,0,False
2025-06-17 19:40:00.702584061+00:00,12,2,0,0,19.208999561894643,1.154667457573,0.0,zonia,0,False
2025-06-17 19:49:51.297758061+00:00,12,2,0,0,18.990019050904458,1.1547687633267358,0.0,zonia,0,False
2025-06-17 19:49:52.737047061+00:00,12,2,0,0,19.421560494789166,1.1547331182587728,0.0,zonia,0,False
2025-06-17 20:19:43.317814061+00:00,12,2,0,0,18.45166590601493,1.1572368785456855,0.0,zonia,0,False
2025-06-17 20:27:52.214426061+00:00,12,2,0,0,18.908496870526957,1.1663193110091483,0.0,zonia,0,False
2025-06-17 20:32:28.111835061+00:00,12,2,0,0,19.058206484882824,1.17037235179883,0.0,zonia,0,False
2025-06-17 21:07:24.264295061+00:00,12,2,0,0,17.273859969820247,1.1753737869970133,0.0,zonia,0,False
2025-06-17 21:15:57.558027061+00:00,12,2,0,0,17.251366345245295,1.1754598611334326,0.0,zonia,0,False
2025-06-17 21:17:43.332809061+00:00,12,2,0,0,17.124210540302784,1.169125026279913,0.0,zonia,0,False
2025-06-17 21:29:57.663085061+00:00,12,2,0,0,17.323070247844345,1.1717844154212507,0.0,zonia,0,False
2025-06-17 21:31:21.145068061+00:00,12,2,0,0,17.329380851675815,1.169381263056281,0.0,zonia,0,False
2025-06-17 21:45:04.355316061+00:00,12,2,0,0,17.150031257096035,1.1739140406314248,0.0,zonia,0,False
2025-06-17 22:00:12.507007061+00:00,12,2,0,0,16.980829065664775,1.1759213419848016,0.0,zonia,0,False
2025-06-17 22:06:22.464462061+00:00,12,2,0,0,16.954945276602576,1.179673807191699,0.0,zonia,0,False
2025-06-17 22:12:21.442818061+00:00,12,2,0,0,16.80765563200404,1.181982923526372,0.0,zonia,0,False
2025-06-17 22:30:24.166711061+00:00,12,2,0,0,16.85760487802485,1.1804300584491094,0.0,zonia,0,False
2025-06-17 22:37:47.208640061+00:00,12,2,0,0,16.614762333335268,1.1820470487827475,0.0,zonia,0,False
2025-06-17 22:50:45.122911061+00:00,12,2,0,0,16.610514431996073,1.1819575732404213,0.0,zonia,0,False
2025-06-17 22:52:03.200637061+00:00,12,2,0,0,16.590516747082507,1.1830407988448086,0.0,zonia,0,False
2025-06-17 23:09:16.878930061+00:00,12,2,0,0,16.3561346943424,1.1819004140301077,0.0,zonia,0,False
2025-06-17 23:34:52.327270061+00:00,12,2,0,0,16.436647419188613,1.180214339351476,0.0,zonia,0,False
2025-06-17 23:54:01.591328061+00:00,12,2,0,0,15.60086425520376,1.1829337815421153,0.0,zonia,0,False
2025-06-18 00:08:44.632300061+00:00,12,2,0,0,15.830963743906599,1.1850105580815382,0.0,zonia,0,False
2025-06-18 00:36:50.644959061+00:00,12,2,0,0,15.562553924650429,1.1849189092077057,0.0,zonia,0,False
2025-06-18 00:51:19.294435061+00:00,12,2,0,0,15.599597886410063,1.1856741360377998,0.0,zonia,0,False
2025-06-18 00:55:21.175672061+00:00,12,2,0,0,15.431292856589709,1.1867194893824622,0.0,zonia,0,False
2025-06-18 01:16:06.344539061+00:00,12,2,0,0,15.444510698829783,1.1871138357891347,0.0,zonia,0,False
2025-06-18 01:23:03.493945061+00:00,12,2,0,0,15.346140829032358,1.1881347129923576,0.0,zonia,0,False
2025-06-18 01:24:27.295403061+00:00,12,2,0,0,15.385088386646311,1.188046443667759,0.0,zonia,0,False
2025-06-18 01:41:13.927015061+00:00,12,2,0,0,15.146863241247353,1.1907786469817423,0.0,zonia,0,False
2025-06-18 01:43:21.032643061+00:00,12,2,0,0,15.179167827968001,1.1906307002827607,0.0,zonia,0,False
2025-06-18 02:06:14.836584061+00:00,12,2,0,0,14.981175938358506,1.166581561861837,0.0,zonia,0,False
2025-06-18 02:47:39.705108061+00:00,12,2,0,0,14.671878209118494,1.1794519760583486,0.0,zonia,0,False
2025-06-18 03:12:25.069935061+00:00,12,2,0,0,14.892710272696439,1.179601154037074,0.0,zonia,0,False
2025-06-18 03:15:09.536600061+00:00,12,2,0,0,14.79162906864653,1.1784140875138578,0.0,zonia,0,False
2025-06-18 03:52:07.101516061+00:00,12,2,0,0,14.5047499127859,1.1808725792504537,0.0,zonia,0,False
2025-06-18 03:53:12.414518061+00:00,12,2,0,0,14.609271001326487,1.1809336367393752,0.0,zonia,0,False
2025-06-18 03:57:32.373019061+00:00,12,2,0,0,14.740741251243726,1.1881834686881763,0.0,zonia,0,False
2025-06-18 04:21:49.547844061+00:00,12,2,0,0,15.067628593485496,1.190207066615368,0.0,zonia,0,False
2025-06-18 04:22:55.566133061+00:00,12,2,0,0,15.154966000808374,1.187959078028346,0.0,zonia,0,False
2025-06-18 04:38:28.685421061+00:00,12,2,0,0,16.339630514514173,1.1849664190071807,0.0,zonia,0,False
2025-06-18 04:48:06.510399061+00:00,12,2,0,0,16.60245321155197,1.1836148600100904,0.0,zonia,0,False
2025-06-18 04:48:34.631868061+00:00,12,2,0,0,16.951017296127116,1.1802962340884078,0.0,zonia,0,False
2025-06-18 05:27:45.448595061+00:00,12,2,0,0,19.143628922985616,1.179027129648539,0.0,zonia,0,False
2025-06-18 05:30:29.433282061+00:00,12,2,0,0,18.772619096039758,1.1517721186634504,0.0,zonia,0,False
2025-06-18 05:31:13.878724061+00:00,12,2,0,0,18.61209988351555,1.152479330313002,0.0,zonia,0,False
2025-06-18 05:47:12.149971061+00:00,12,2,0,0,19.691275931760455,1.150952590022156,0.0,zonia,0,False
2025-06-18 06:02:17.283375061+00:00,12,2,0,0,20.183591613402193,1.147858624652403,0.0,zonia,0,False
2025-06-18 06:51:02.308564061+00:00,12,2,0,0,22.198983410962178,1.144096804757322,0.0,zonia,0,False
2025-06-18 06:58:59.317495061+00:00,12,2,0,0,22.526048671691033,1.1424002105623408,0.0,zonia,0,False
2025-06-18 07:30:30.636919061+00:00,12,2,0,0,23.323549794868413,1.1441527556321687,0.0,zonia,0,False
2025-06-18 07:34:46.052272061+00:00,12,2,0,0,23.748371291014834,1.143578578797056,0.0,zonia,0,False
2025-06-18 07:36:35.243031061+00:00,12,2,0,0,23.765187579088344,1.1425273203260078,0.0,zonia,0,False
2025-06-18 07:37:29.810498061+00:00,12,2,0,0,23.68691362518455,1.1425466276083098,0.0,zonia,0,False
2025-06-18 07:40:53.912639061+00:00,12,2,0,0,23.796615988679637,1.1183801997487683,0.0,zonia,0,False
2025-06-18 08:13:07.622865061+00:00,12,2,0,0,25.097202533362076,1.1199712407713631,0.0,zonia,0,False
2025-06-18 08:25:08.206444061+00:00,12,2,0,0,25.26150643335248,1.1193084753685272,0.0,zonia,0,False
2025-06-18 08:56:38.428689061+00:00,12,2,0,0,26.11030828539137,1.1210834386534025,0.0,zonia,0,False
2025-06-18 09:02:02.148343061+00:00,12,2,0,0,26.146031604822202,1.1229090369514918,0.0,zonia,0,False
2025-06-18 09:21:09.200238061+00:00,12,2,0,0,26.63462387046514,1.1218132400319634,0.0,zonia,0,False
2025-06-18 09:23:42.210238061+00:00,12,2,0,0,26.942408287777404,1.1259005867553298,0.0,zonia,0,False
2025-06-18 09:23:47.135462061+00:00,12,2,0,0,26.797896192909292,1.1263481355976492,0.0,zonia,0,False
2025-06-18 09:59:29.804335061+00:00,12,2,0,0,27.7349225676463,1.1217584836981542,0.0,zonia,0,False
2025-06-18 10:04:20.861841061+00:00,12,2,0,0,27.575147266218327,1.1185615672336338,0.0,zonia,0,False
2025-06-18 10:12:11.353996061+00:00,12,2,0,0,28.006990385296568,1.120830055419253,0.0,zonia,0,False
2025-06-18 10:18:55.974515061+00:00,12,2,0,0,27.858633870590793,1.1532895806050327,0.0,zonia,0,False
2025-06-18 10:25:18.759717061+00:00,12,2,0,0,28.08335223119811,1.1537551937339905,0.0,zonia,0,False
2025-06-18 10:25:50.677047061+00:00,12,2,0,0,28.156877810965124,1.1637010656436833,0.0,zonia,0,False
2025-06-18 10:25:55.511133061+00:00,12,2,0,0,28.199630225178957,1.16424906801937,0.0,zonia,0,False
2025-06-18 10:31:41.868555061+00:00,12,2,0,0,28.330001557264396,1.160464911116649,0.0,zonia,0,False
2025-06-18 10:52:21.419945061+00:00,12,2,0,0,28.525988466480243,1.1637887343417748,0.0,zonia,0,False
2025-06-18 11:02:32.486513061+00:00,12,2,0,0,28.417813663931756,1.1660260718616553,0.0,zonia,0,False
2025-06-18 11:38:20.333463061+00:00,12,2,0,0,28.960273551075055,1.1599550995634726,0.0,zonia,0,False
2025-06-18 11:44:04.251300061+00:00,12,2,0,0,29.25423617461116,1.1586793948126624,0.0,zonia,0,False
2025-06-18 11:49:30.676956061+00:00,12,2,0,0,29.62778854141569,1.1658511652181076,0.0,zonia,0,False
2025-06-18 11:59:54.306809061+00:00,12,2,0,0,29.277461216007627,1.1673957006365756,0.0,zonia,0,False
2025-06-18 12:15:48.696297061+00:00,12,2,0,0,29.574648632742203,1.1681292731265747,0.0,zonia,0,False
2025-06-18 12:28:04.190629061+00:00,12,2,0,0,29.962781427721367,1.1729654347150995,0.0,zonia,0,False
2025-06-18 12:28:37.197776061+00:00,12,2,0,0,30.13269119355849,1.1714070128074816,0.0,zonia,0,False
2025-06-18 12:38:39.174177061+00:00,12,2,0,0,29.9889016558152,1.1755478168960276,0.0,zonia,0,False
2025-06-18 12:45:33.124348061+00:00,12,2,0,0,29.934231773899505,1.177709731607747,0.0,zonia,0,False
2025-06-18 12:49:07.783437061+00:00,12,2,0,0,29.62237570932428,1.179452899450911,0.0,zonia,0,False
2025-06-18 12:58:48.417735061+00:00,12,2,0,0,29.810443178220734,1.1775179419765116,0.0,zonia,0,False
2025-06-18 13:14:14.544587061+00:00,12,2,0,0,30.519073573361588,1.1684687144050494,0.0,zonia,0,False
2025-06-18 13:23:43.321782061+00:00,12,2,0,0,30.303396705541278,1.129989976413032,0.0,zonia,0,False
2025-06-18 13:57:33.168567061+00:00,12,2,0,0,30.187150254897034,1.0901192931862727,0.0,zonia,0,False
2025-06-18 13:58:20.410578061+00:00,12,2,0,0,30.081823881045047,1.07186532839361,0.0,zonia,0,False
2025-06-18 14:02:42.048933061+00:00,12,2,0,0,30.545071067056934,1.057724211691231,0.0,zonia,0,False
2025-06-18 14:32:26.818503061+00:00,12,2,0,0,31.341781657936266,1.0486693166722594,0.0,zonia,0,False
2025-06-18 14:50:08.845835061+00:00,12,2,0,0,30.882720272219895,1.048993339551452,0.0,zonia,0,False
2025-06-18 14:58:10.779688061+00:00,12,2,0,0,31.42775539156877,1.0406841196857004,0.0,zonia,0,False
2025-06-18 15:00:56.690392061+00:00,12,2,0,0,30.91978346447441,1.0520831691363752,0.0,zonia,0,False
2025-06-18 15:31:42.006291061+00:00,12,2,0,0,30.9516845886847,1.066783508034651,0.0,zonia,0,False
2025-06-18 15:36:04.078166061+00:00,12,2,0,0,31.094591628473566,1.065973585154181,0.0,zonia,0,False
2025-06-18 15:46:44.516893061+00:00,12,2,0,0,30.717103219273877,1.0661848112998966,0.0,zonia,0,False
2025-06-18 15:49:03.089151061+00:00,12,2,0,0,29.97466738503493,1.0664636935602865,0.0,zonia,0,False
2025-06-18 15:56:36.057432061+00:00,12,2,0,0,30.295388276326207,1.0677861392130756,0.0,zonia,0,False
2025-06-18 16:07:41.369076061+00:00,12,2,0,0,30.405949145145414,1.066558391444859,0.0,zonia,0,False
2025-06-18 16:48:06.265333061+00:00,12,2,0,0,29.70235206181973,1.0629991772421765,0.0,zonia,0,False
2025-06-18 16:49:08.359376061+00:00,12,2,0,0,29.87796086563074,1.0949159970920088,0.0,zonia,0,False
2025-06-18 16:50:52.949985061+00:00,12,2,0,0,30.19478828632311,1.0829992941102644,0.0,zonia,0,False
2025-06-18 17:24:09.959478061+00:00,12,2,0,0,29.721537267778817,1.0982614790089023,0.0,zonia,0,False
2025-06-18 17:44:52.221159061+00:00,12,2,0,0,29.845032465774775,1.098239574868449,0.0,zonia,0,False
2025-06-18 17:55:37.007580061+00:00,12,2,0,0,29.05993366171251,1.0985315036413892,0.0,zonia,0,False
2025-06-18 18:01:10.445795061+00:00,12,2,0,0,28.97816683867678,1.1228606097046099,0.0,zonia,0,False
2025-06-18 18:19:41.272046061+00:00,12,2,0,0,28.42196038931546,1.111531144225396,0.0,zonia,0,False
2025-06-18 18:24:18.974450061+00:00,12,2,0,0,27.67155845927704,1.1248438299578172,0.0,zonia,0,False
2025-06-18 18:45:47.587857061+00:00,12,2,0,0,26.22892103422631,1.1368200198799676,0.0,zonia,0,False
2025-06-18 18:47:05.608362061+00:00,12,2,0,0,26.246196763975895,1.1436051749540233,0.0,zonia,0,False
2025-06-18 18:54:51.093780061+00:00,12,2,0,0,25.246513449100686,1.144700616036904,0.0,zonia,0,False
2025-06-18 18:58:43.038387061+00:00,12,2,0,0,25.02004931874155,1.153544253932337,0.0,zonia,0,False
2025-06-18 18:59:51.728396061+00:00,12,2,0,0,24.896907935036825,1.1545354326478126,0.0,zonia,0,False
2025-06-18 19:24:37.312764061+00:00,12,2,0,0,23.64557170372019,1.1615285078812998,0.0,zonia,0,False
2025-06-18 19:36:04.955131061+00:00,12,2,0,0,23.361233062431577,1.1633229632585258,0.0,zonia,0,False
2025-06-18 20:01:18.549821061+00:00,12,2,0,0,22.544649654788252,1.1640531150515396,0.0,zonia,0,False
2025-06-18 20:11:36.141719061+00:00,12,2,0,0,22.324795119379104,1.1601758442514474,0.0,zonia,0,False
2025-06-18 20:24:08.860747061+00:00,12,2,0,0,21.7991224571051,1.1611897897595205,0.0,zonia,0,False
2025-06-18 21:05:51.757308061+00:00,12,2,0,0,20.225155302108895,1.1522924997462638,0.0,zonia,0,False
2025-06-18 21:27:12.476135061+00:00,12,2,0,0,20.395055849261663,1.1547088253450712,0.0,zonia,0,False
2025-06-18 21:35:27.447886061+00:00,12,2,0,0,19.65404659296338,1.153332341888753,0.0,zonia,0,False
2025-06-18 21:36:20.850368061+00:00,12,2,0,0,20.35429879370622,1.1520134858649729,0.0,zonia,0,False
2025-06-18 21:45:07.304850061+00:00,12,2,0,0,19.343580866636948,1.159604357173722,0.0,zonia,0,False
2025-06-18 21:48:21.406425061+00:00,12,2,0,0,19.61227948598368,1.1573681065384875,0.0,zonia,0,False
2025-06-18 22:06:05.279047061+00:00,12,2,0,0,19.24487669508723,1.1630510383025148,0.0,zonia,0,False
2025-06-18 22:13:41.791158061+00:00,12,2,0,0,18.858468814157742,1.1662098598447455,0.0,zonia,0,False
2025-06-18 22:30:30.194073061+00:00,12,2,0,0,19.351646019392835,1.164205985180322,0.0,zonia,0,False
2025-06-18 22:43:20.178149061+00:00,12,2,0,0,19.127894259053395,1.1666960879267223,0.0,zonia,0,False
2025-06-18 23:08:15.892692061+00:00,12,2,0,0,18.673408817029888,1.167695787010032,0.0,zonia,0,False
2025-06-18 23:13:55.658152061+00:00,12,2,0,0,18.594629186725204,1.174062642269945,0.0,zonia,0,False
2025-06-18 23:17:05.357310061+00:00,12,2,0,0,18.59974979415927,1.1785020477336192,0.0,zonia,0,False
2025-06-18 23:44:50.677243061+00:00,12,2,0,0,18.162270818796635,1.180577322543354,0.0,zonia,0,False
2025-06-19 00:20:16.667486061+00:00,12,2,0,0,18.045334701832335,1.1824934393033442,0.0,zonia,0,False
2025-06-19 00:32:25.130958061+00:00,12,2,0,0,17.95398872576055,1.1863310301114958,0.0,zonia,0,False
2025-06-19 00:43:48.512332061+00:00,12,2,0,0,17.82382221049995,1.1876954223059157,0.0,zonia,0,False
2025-06-19 01:02:51.701919061+00:00,12,2,0,0,17.590879208160732,1.1887460468487994,0.0,zonia,0,False
2025-06-19 01:06:15.024872061+00:00,12,2,0,0,17.64864223945631,1.1903986187552216,0.0,zonia,0,False
2025-06-19 01:12:51.358732061+00:00,12,2,0,0,17.576966004911046,1.1896518673146312,0.0,zonia,0,False
2025-06-19 01:32:11.289687061+00:00,12,2,0,0,17.497126088573328,1.1878555680202152,0.0,zonia,0,False
2025-06-19 01:38:47.123313061+00:00,12,2,0,0,17.402397047382706,1.1880538172113158,0.0,zonia,0,False
2025-06-19 02:04:36.252264061+00:00,12,2,0,0,17.000734576014445,1.1618349526281868,0.0,zonia,0,False
2025-06-19 02:20:17.739003061+00:00,12,2,0,0,17.124517928332082,1.1613979146703197,0.0,zonia,0,False
2025-06-19 02:21:20.482484061+00:00,12,2,0,0,17.0736019233191,1.1591801214130228,0.0,zonia,0,False
2025-06-19 02:37:19.660746061+00:00,12,2,0,0,16.676911941628365,1.171909096760692,0.0,zonia,0,False
2025-06-19 02:44:39.705568061+00:00,12,2,0,0,16.746451711588985,1.1725827292307056,0.0,zonia,0,False
2025-06-19 03:16:11.262065061+00:00,12,2,0,0,16.771821819774125,1.1744516878071025,0.0,zonia,0,False
2025-06-19 03:45:05.431983061+00:00,12,2,0,0,16.28268621610201,1.1746610231383758,0.0,zonia,0,False
2025-06-19 03:48:20.237284061+00:00,12,2,0,0,16.793980779393173,1.1812657732274408,0.0,zonia,0,False
2025-06-19 03:49:15.098321061+00:00,12,2,0,0,16.785672306968404,1.1793196455903383,0.0,zonia,0,False
2025-06-19 04:02:16.752484061+00:00,12,2,0,0,16.664286515580223,1.180098645523573,0.0,zonia,0,False
2025-06-19 04:13:41.779182061+00:00,12,2,0,0,17.101121021333437,1.183646094796954,0.0,zonia,0,False
2025-06-19 04:36:14.144888061+00:00,12,2,0,0,17.96409619844208,1.1813729915907103,0.0,zonia,0,False
2025-06-19 04:49:53.897638061+00:00,12,2,0,0,19.417981539943984,1.18445862246623,0.0,zonia,0,False
2025-06-19 05:03:50.583427061+00:00,12,2,0,0,20.10090081761373,1.158842268588842,0.0,zonia,0,False
2025-06-19 05:06:19.530484061+00:00,12,2,0,0,20.727103790037948,1.1558287383725543,0.0,zonia,0,False
2025-06-19 05:22:13.616283061+00:00,12,2,0,0,20.837410759919795,1.1344129397911742,0.0,zonia,0,False
2025-06-19 05:51:53.769630061+00:00,12,2,0,0,22.501713477343944,1.1405705931162327,0.0,zonia,0,False
2025-06-19 06:02:50.388798061+00:00,12,2,0,0,22.91198179556591,1.1321256321008462,0.0,zonia,0,False
2025-06-19 06:20:26.440836061+00:00,12,2,0,0,24.053684133753325,1.1355172617817744,0.0,zonia,0,False
2025-06-19 06:26:34.956607061+00:00,12,2,0,0,24.595877436172902,1.1371825039671726,0.0,zonia,0,False
2025-06-19 06:28:32.677389061+00:00,12,2,0,0,24.55159835588278,1.1171026419596486,0.0,zonia,0,False
2025-06-19 06:34:05.141253061+00:00,12,2,0,0,25.038622628335993,1.1129060067218712,0.0,zonia,0,False
2025-06-19 06:36:06.538301061+00:00,12,2,0,0,24.96387524198224,1.1142699871418922,0.0,zonia,0,False
2025-06-19 06:36:21.085724061+00:00,12,2,0,0,24.996573726372425,1.1145676598817749,0.0,zonia,0,False
2025-06-19 06:47:53.145565061+00:00,12,2,0,0,25.467101220218236,1.1276338749623434,0.0,zonia,0,False
2025-06-19 07:16:43.968291061+00:00,12,2,0,0,26.677133303161852,1.127071691329973,0.0,zonia,0,False
2025-06-19 07:46:37.080730061+00:00,12,2,0,0,27.686965036850065,1.1269570446724542,0.0,zonia,0,False
2025-06-19 07:55:28.262846061+00:00,12,2,0,0,28.30027197146701,1.126175763580711,0.0,zonia,0,False
2025-06-19 08:19:28.687896061+00:00,12,2,0,0,29.013985851972645,1.127498431665487,0.0,zonia,0,False
2025-06-19 08:56:34.653800061+00:00,12,2,0,0,30.121076920201048,1.1465032808018394,0.0,zonia,0,False
