current_time,indexers_created,indexers_malign,indexers_banned,indexers_banned_malign,inferred_truth,avg_rep_benign,avg_rep_malign,mode,fail_counter,consolidated_result
2025-06-04 18:17:03.323389263+00:00,10,0,0,0,25.084771421803737,0.24864548430382322,0.0,zonia,0,False
2025-06-04 18:49:04.645226263+00:00,10,0,0,0,25.091680718939344,0.4138723881506472,0.0,zonia,0,False
2025-06-04 19:06:23.964421263+00:00,10,0,0,0,22.958864549842744,0.4831298021372176,0.0,zonia,0,False
2025-06-04 19:23:34.250540263+00:00,10,0,0,0,23.074474755114068,0.5648094208046165,0.0,zonia,0,False
2025-06-04 19:48:27.081682263+00:00,10,0,0,0,22.460688935322253,0.6912223778630615,0.0,zonia,0,False
2025-06-04 19:54:06.630029263+00:00,10,0,0,0,22.07685210974919,0.7436831702266058,0.0,zonia,0,False
2025-06-04 19:57:58.769397263+00:00,10,0,0,0,22.54688966087079,0.7687751755203307,0.0,zonia,0,False
2025-06-04 20:24:37.889744263+00:00,10,0,0,0,22.15408386708928,0.8329821027725739,0.0,zonia,0,False
2025-06-04 20:30:04.979499263+00:00,10,0,0,0,21.999089873106726,0.860315524136341,0.0,zonia,0,False
2025-06-04 21:02:17.122674263+00:00,10,0,0,0,21.40236495098895,0.8698686339503487,0.0,zonia,0,False
2025-06-04 21:28:07.544696263+00:00,10,0,0,0,20.686076496757824,0.9010929994174083,0.0,zonia,0,False
2025-06-04 21:29:07.789581263+00:00,10,0,0,0,20.443109162840983,0.9114458036059574,0.0,zonia,0,False
2025-06-04 21:59:20.426691263+00:00,10,0,0,0,20.28668033465382,0.9261505179065377,0.0,zonia,0,False
2025-06-04 22:29:49.186865263+00:00,10,0,0,0,19.79730537827745,0.9398212951389884,0.0,zonia,0,False
2025-06-04 22:37:06.993622263+00:00,10,0,0,0,19.846380143666266,0.9406550314368438,0.0,zonia,0,False
2025-06-04 22:39:13.960181263+00:00,10,0,0,0,19.854194243020817,0.9618241890219499,0.0,zonia,0,False
2025-06-04 22:58:52.346691263+00:00,10,0,0,0,19.52270048318836,0.9677543471526467,0.0,zonia,0,False
2025-06-04 23:01:40.577190263+00:00,10,0,0,0,19.79808602325679,0.9694038110412047,0.0,zonia,0,False
2025-06-04 23:16:33.430143263+00:00,10,0,0,0,19.27002303231965,0.9743007129923207,0.0,zonia,0,False
2025-06-04 23:22:33.019681263+00:00,10,0,0,0,19.54455833491727,0.9753309712323105,0.0,zonia,0,False
2025-06-04 23:25:24.853825263+00:00,10,0,0,0,19.674347536284323,0.9756630540682183,0.0,zonia,0,False
2025-06-04 23:39:17.784035263+00:00,10,0,0,0,20.061718101236192,0.9765260282730471,0.0,zonia,0,False
2025-06-05 00:14:13.091617263+00:00,10,0,0,0,19.737979722102196,0.9790513436308148,0.0,zonia,0,False
2025-06-05 00:39:33.608832263+00:00,10,0,0,0,19.811279739131848,0.9738646059526882,0.0,zonia,0,False
2025-06-05 00:45:34.713158263+00:00,10,0,0,0,19.478365281957068,0.9772373012456612,0.0,zonia,0,False
2025-06-05 00:53:51.457606263+00:00,10,0,0,0,20.425547887230024,0.9651706250561736,0.0,zonia,0,False
2025-06-05 00:58:40.148782263+00:00,10,0,0,0,20.356050290126642,0.9610310241168405,0.0,zonia,0,False
2025-06-05 01:13:40.777743263+00:00,10,0,0,0,19.85067939703403,0.9577302360537292,0.0,zonia,0,False
2025-06-05 01:21:24.441433263+00:00,10,0,0,0,20.053804775910088,0.9533121408246101,0.0,zonia,0,False
2025-06-05 01:29:33.316928263+00:00,10,0,0,0,19.339262760713783,0.9537905668163706,0.0,zonia,0,False
2025-06-05 01:48:31.127388263+00:00,10,0,0,0,18.94473020292003,0.9686916902009475,0.0,zonia,0,False
2025-06-05 01:57:42.643094263+00:00,10,0,0,0,18.957974060785197,0.9757909631600779,0.0,zonia,0,False
2025-06-05 01:59:36.281858263+00:00,10,0,0,0,18.941373316237456,0.981793910126471,0.0,zonia,0,False
2025-06-05 02:08:54.445038263+00:00,10,0,0,0,18.743925605751866,0.9751227665584132,0.0,zonia,0,False
2025-06-05 02:15:24.739417263+00:00,10,0,0,0,18.807862087842786,0.9705153258373329,0.0,zonia,0,False
2025-06-05 02:35:06.926246263+00:00,10,0,0,0,17.562291694564585,0.9571348533136546,0.0,zonia,0,False
2025-06-05 02:37:45.745859263+00:00,10,0,0,0,17.875430139562777,0.9495533821300958,0.0,zonia,0,False
2025-06-05 02:44:36.906886263+00:00,10,0,0,0,17.820160034294034,0.9422919022241729,0.0,zonia,0,False
2025-06-05 02:46:05.126271263+00:00,10,0,0,0,17.857690484410156,0.9409228581338024,0.0,zonia,0,False
2025-06-05 02:54:44.343250263+00:00,10,0,0,0,18.106701011531378,0.9391565400625342,0.0,zonia,0,False
2025-06-05 03:36:28.886653263+00:00,10,0,0,0,16.32299420975796,0.924016903903253,0.0,zonia,0,False
2025-06-05 03:58:07.668983263+00:00,10,0,0,0,17.7828673647901,0.9362392765113878,0.0,zonia,0,False
2025-06-05 04:04:04.355184263+00:00,10,0,0,0,17.786344874109272,0.9387258478552134,0.0,zonia,0,False
2025-06-05 05:05:27.306099263+00:00,10,0,0,0,18.88764714748736,0.9450182160703229,0.0,zonia,0,False
2025-06-05 05:09:07.013726263+00:00,10,0,0,0,19.420532211286577,0.9538870220357027,0.0,zonia,0,False
2025-06-05 05:34:22.003731263+00:00,10,0,0,0,20.09974767921375,0.9597410441145083,0.0,zonia,0,False
2025-06-05 06:17:23.056443263+00:00,10,0,0,0,22.283760841293404,0.96872254836681,0.0,zonia,0,False
2025-06-05 06:47:39.901050263+00:00,10,0,0,0,23.325509584544733,0.9627709623350269,0.0,zonia,0,False
2025-06-05 06:55:25.813581263+00:00,10,0,0,0,23.298987735155443,0.9445866480875045,0.0,zonia,0,False
2025-06-05 07:03:39.172257263+00:00,10,0,0,0,24.17874720944916,0.9394325469284709,0.0,zonia,0,False
2025-06-05 07:03:40.678829263+00:00,10,0,0,0,24.255711589346063,0.9323134047565886,0.0,zonia,0,False
2025-06-05 07:04:02.471005263+00:00,10,0,0,0,24.048216722042994,0.9296791496131398,0.0,zonia,0,False
2025-06-05 07:19:36.066738263+00:00,10,0,0,0,25.27968582638774,0.9414468101868871,0.0,zonia,0,False
2025-06-05 07:51:32.964538263+00:00,10,0,0,0,25.805226831633234,0.959062895211947,0.0,zonia,0,False
2025-06-05 07:55:50.007894263+00:00,10,0,0,0,25.891923687356606,0.963118774354202,0.0,zonia,0,False
2025-06-05 08:19:06.914860263+00:00,10,0,0,0,25.76356261165432,0.9752569559612558,0.0,zonia,0,False
2025-06-05 08:21:24.900620263+00:00,10,0,0,0,25.78398533357936,0.9808888809136519,0.0,zonia,0,False
2025-06-05 08:43:35.771292263+00:00,10,0,0,0,25.76613185204277,0.9816886215768388,0.0,zonia,0,False
2025-06-05 08:55:22.594171263+00:00,10,0,0,0,25.797131575906192,0.9759255212704627,0.0,zonia,0,False
2025-06-05 09:04:02.997655263+00:00,10,0,0,0,25.723148983906928,0.9673747152907609,0.0,zonia,0,False
2025-06-05 09:05:46.816672263+00:00,10,0,0,0,25.699348102559643,0.9659716438348642,0.0,zonia,0,False
2025-06-05 09:06:01.286659263+00:00,10,0,0,0,25.499976175524328,0.9701088090966508,0.0,zonia,0,False
2025-06-05 09:07:07.562542263+00:00,10,0,0,0,25.837772912817194,0.9677884551375749,0.0,zonia,0,False
2025-06-05 09:26:37.225287263+00:00,10,0,0,0,26.10435376842067,0.9672537954990579,0.0,zonia,0,False
2025-06-05 09:50:33.762205263+00:00,10,0,0,0,26.40354447585097,0.966412279481385,0.0,zonia,0,False
2025-06-05 10:19:59.723386263+00:00,10,0,0,0,28.037114387608234,0.9719864261483593,0.0,zonia,0,False
2025-06-05 10:25:08.023785263+00:00,10,0,0,0,28.35825559011819,0.9683615467143097,0.0,zonia,0,False
2025-06-05 10:41:49.653071263+00:00,10,0,0,0,28.922395169703684,0.950235721491459,0.0,zonia,0,False
2025-06-05 10:54:23.388502263+00:00,10,0,0,0,28.720287296710563,0.9416036346818707,0.0,zonia,0,False
2025-06-05 10:57:57.483737263+00:00,10,0,0,0,29.04305469105078,0.9390634634300605,0.0,zonia,0,False
2025-06-05 11:08:24.662808263+00:00,10,0,0,0,28.691561358589883,0.9416647970771852,0.0,zonia,0,False
2025-06-05 11:34:18.443212263+00:00,10,0,0,0,29.258708662770584,0.9437471937435573,0.0,zonia,0,False
2025-06-05 11:34:44.895459263+00:00,10,0,0,0,29.261278238526963,0.9439545761173681,0.0,zonia,0,False
2025-06-05 12:24:00.246884263+00:00,10,0,0,0,29.623054856000213,0.9531039480558572,0.0,zonia,0,False
2025-06-05 12:27:17.049119263+00:00,10,0,0,0,29.618222228602413,0.9586047866513134,0.0,zonia,0,False
2025-06-05 12:36:13.445801263+00:00,10,0,0,0,30.067330601917703,0.9625115662296881,0.0,zonia,0,False
2025-06-05 12:43:18.046559263+00:00,10,0,0,0,29.944698354611642,0.9594783730191014,0.0,zonia,0,False
2025-06-05 13:19:15.523710263+00:00,10,0,0,0,29.359539716062255,0.9516637742548207,0.0,zonia,0,False
2025-06-05 14:04:25.891165263+00:00,10,0,0,0,29.112978543810556,0.9532587288408605,0.0,zonia,0,False
2025-06-05 14:14:55.545827263+00:00,10,0,0,0,28.93502259106477,0.95148314196486,0.0,zonia,0,False
2025-06-05 14:25:21.335445263+00:00,10,0,0,0,29.692599935046093,0.9568100888042277,0.0,zonia,0,False
2025-06-05 14:31:51.399214263+00:00,10,0,0,0,29.716802248432952,0.9601071486923178,0.0,zonia,0,False
2025-06-05 14:32:34.966589263+00:00,10,0,0,0,29.6314109094955,0.9651743960944741,0.0,zonia,0,False
2025-06-05 14:50:46.893377263+00:00,10,0,0,0,29.757361019983588,0.9654772769977631,0.0,zonia,0,False
2025-06-05 14:53:36.153913263+00:00,10,0,0,0,29.788174007445818,0.9645349450559978,0.0,zonia,0,False
2025-06-05 15:31:36.679546263+00:00,10,0,0,0,29.62965078858849,0.9639161254059794,0.0,zonia,0,False
2025-06-05 16:18:17.324786263+00:00,10,0,0,0,28.96981519231358,0.968792572248417,0.0,zonia,0,False
2025-06-05 16:42:32.343896263+00:00,10,0,0,0,28.42118444244211,0.9713618467140167,0.0,zonia,0,False
2025-06-05 17:05:37.826792263+00:00,10,0,0,0,27.505215892981877,0.9736998773961304,0.0,zonia,0,False
2025-06-05 17:13:11.783027263+00:00,10,0,0,0,27.389742203878114,0.9801147088601585,0.0,zonia,0,False
2025-06-05 17:21:00.368707263+00:00,10,0,0,0,26.93908256293667,0.9839486509684505,0.0,zonia,0,False
2025-06-05 17:35:24.710028263+00:00,10,0,0,0,26.936397767801147,0.9827427002790217,0.0,zonia,0,False
2025-06-05 17:54:28.221471263+00:00,10,0,0,0,26.491226153761378,0.985789716087839,0.0,zonia,0,False
2025-06-05 18:00:07.061033263+00:00,10,0,0,0,26.17526903314921,0.9880044065689552,0.0,zonia,0,False
2025-06-05 18:17:46.865171263+00:00,10,0,0,0,25.505648554226575,0.9879130655469069,0.0,zonia,0,False
2025-06-05 18:42:34.798095263+00:00,10,0,0,0,24.48306468924832,0.9842986100120168,0.0,zonia,0,False
2025-06-05 19:03:31.514860263+00:00,10,0,0,0,23.99201375077636,0.9692178501068206,0.0,zonia,0,False
2025-06-05 19:05:41.443545263+00:00,10,0,0,0,23.707563549391878,0.9670124813536267,0.0,zonia,0,False
2025-06-05 19:19:04.812985263+00:00,10,0,0,0,23.192534975827225,0.9554394015326922,0.0,zonia,0,False
2025-06-05 19:26:29.865141263+00:00,10,0,0,0,22.81716387630377,0.9544340614399383,0.0,zonia,0,False
2025-06-05 19:42:18.445187263+00:00,10,0,0,0,23.112701273592513,0.9531393842436685,0.0,zonia,0,False
2025-06-05 20:02:01.482067263+00:00,10,0,0,0,22.880012414772413,0.9589861156036644,0.0,zonia,0,False
2025-06-05 20:05:30.322604263+00:00,10,0,0,0,21.8485201929712,0.9451007881580443,0.0,zonia,0,False
2025-06-05 20:13:09.990673263+00:00,10,0,0,0,22.80519625431379,0.9522142568834913,0.0,zonia,0,False
2025-06-05 20:37:38.209893263+00:00,10,0,0,0,22.084918903221954,0.9225723317377301,0.0,zonia,0,False
2025-06-05 20:39:53.915736263+00:00,10,0,0,0,21.132672521082565,0.9178127666110543,0.0,zonia,0,False
2025-06-05 20:46:22.001291263+00:00,10,0,0,0,22.100258338307434,0.8959833486668847,0.0,zonia,0,False
2025-06-05 21:11:03.695718263+00:00,10,0,0,0,20.536181208298284,0.8888188786438402,0.0,zonia,0,False
2025-06-05 21:51:26.208178263+00:00,10,0,0,0,20.078821838456864,0.9155448706917806,0.0,zonia,0,False
2025-06-05 21:57:27.523388263+00:00,10,0,0,0,19.55433561679841,0.9285642983093585,0.0,zonia,0,False
2025-06-05 21:59:30.353862263+00:00,10,0,0,0,19.62057089712122,0.922759043829425,0.0,zonia,0,False
2025-06-05 22:03:42.858145263+00:00,10,0,0,0,19.42151553433667,0.934739318751401,0.0,zonia,0,False
2025-06-05 22:10:58.765583263+00:00,10,0,0,0,18.580412796408073,0.9442357959319354,0.0,zonia,0,False
2025-06-05 22:38:25.377912263+00:00,10,0,0,0,18.62762573332451,0.9422266256256189,0.0,zonia,0,False
2025-06-05 22:59:01.642430263+00:00,10,0,0,0,18.339380964628756,0.9407835261072771,0.0,zonia,0,False
2025-06-05 23:06:31.935003263+00:00,10,0,0,0,18.00903466948162,0.9453652760369197,0.0,zonia,0,False
2025-06-05 23:09:47.593618263+00:00,10,0,0,0,18.054900733167237,0.9593326755875606,0.0,zonia,0,False
2025-06-05 23:32:00.219442263+00:00,10,0,0,0,17.547560216138134,0.9605101734780902,0.0,zonia,0,False
2025-06-05 23:46:26.778161263+00:00,10,0,0,0,17.446453291119177,0.9607099338202918,0.0,zonia,0,False
2025-06-06 00:05:05.592603263+00:00,10,0,0,0,16.940622075506365,0.9641170292887005,0.0,zonia,0,False
2025-06-06 00:17:58.267598263+00:00,10,0,0,0,17.36111078705094,0.9642928458477711,0.0,zonia,0,False
2025-06-06 00:39:13.986076263+00:00,10,0,0,0,16.67925667382377,0.9656343131498023,0.0,zonia,0,False
2025-06-06 01:00:17.366287263+00:00,10,0,0,0,17.054075011657144,0.9621016401607765,0.0,zonia,0,False
2025-06-06 01:14:39.560479263+00:00,10,0,0,0,16.57525375699946,0.9609516735070578,0.0,zonia,0,False
2025-06-06 01:45:09.163844263+00:00,10,0,0,0,16.855621850726354,0.9494812188990084,0.0,zonia,0,False
2025-06-06 02:05:50.218254263+00:00,10,0,0,0,15.955971483700726,0.9212161474759372,0.0,zonia,0,False
2025-06-06 02:24:26.135950263+00:00,10,0,0,0,15.583515434966612,0.9138489027264409,0.0,zonia,0,False
2025-06-06 02:40:12.130042263+00:00,10,0,0,0,15.316495481117606,0.932816430360805,0.0,zonia,0,False
2025-06-06 03:12:14.819125263+00:00,10,0,0,0,15.455115426353716,0.940731003815616,0.0,zonia,0,False
2025-06-06 03:27:38.789935263+00:00,10,0,0,0,15.116403019888484,0.9429388340401385,0.0,zonia,0,False
2025-06-06 03:34:15.901497263+00:00,10,0,0,0,15.043938028354825,0.9563904676028917,0.0,zonia,0,False
2025-06-06 03:38:17.094277263+00:00,10,0,0,0,14.97358377958389,0.9443229177971177,0.0,zonia,0,False
2025-06-06 03:53:23.693170263+00:00,10,0,0,0,15.372300773999212,0.9427485253812288,0.0,zonia,0,False
2025-06-06 04:17:14.017629263+00:00,10,0,0,0,16.245950668054025,0.9481222615104496,0.0,zonia,0,False
2025-06-06 04:39:00.737595263+00:00,10,0,0,0,17.869608267030642,0.9462310157252638,0.0,zonia,0,False
2025-06-06 05:05:28.087397263+00:00,10,0,0,0,19.488089332058113,0.9459288805024906,0.0,zonia,0,False
2025-06-06 05:17:33.271072263+00:00,10,0,0,0,20.10749514400655,0.9442902093198015,0.0,zonia,0,False
2025-06-06 05:20:17.142882263+00:00,10,0,0,0,20.37408698931313,0.9492154102937478,0.0,zonia,0,False
2025-06-06 05:41:45.938132263+00:00,10,0,0,0,22.077338797991747,0.9557229991465249,0.0,zonia,0,False
2025-06-06 06:46:35.566261263+00:00,10,0,0,0,24.856536823649908,0.9595122158176533,0.0,zonia,0,False
2025-06-06 06:58:09.940301263+00:00,10,0,0,0,25.164390628349175,0.9269794640448044,0.0,zonia,0,False
2025-06-06 06:59:59.277035263+00:00,10,0,0,0,25.220460039452277,0.9302249078223651,0.0,zonia,0,False
2025-06-06 07:05:27.528844263+00:00,10,0,0,0,25.261534265317497,0.9092184814153601,0.0,zonia,0,False
2025-06-06 07:33:16.253722263+00:00,10,0,0,0,25.996460357902475,0.9068644977673909,0.0,zonia,0,False
2025-06-06 07:37:00.322388263+00:00,10,0,0,0,25.993449564587078,0.9075265401022159,0.0,zonia,0,False
2025-06-06 07:40:55.141029263+00:00,10,0,0,0,25.988279099833218,0.9079169584672464,0.0,zonia,0,False
2025-06-06 07:48:03.474575263+00:00,10,0,0,0,26.255899057976045,0.9054544335818641,0.0,zonia,0,False
2025-06-06 08:29:12.401913263+00:00,10,0,0,0,27.05826130243304,0.909987845589127,0.0,zonia,0,False
2025-06-06 09:01:30.260643263+00:00,10,0,0,0,28.11861834126833,0.9035855151514622,0.0,zonia,0,False
2025-06-06 09:03:17.969551263+00:00,10,0,0,0,27.851932553816273,0.898213836239728,0.0,zonia,0,False
2025-06-06 09:11:33.208922263+00:00,10,0,0,0,27.972136319118206,0.89728645635058,0.0,zonia,0,False
2025-06-06 09:12:08.202850263+00:00,10,0,0,0,27.935801389259783,0.8977974200103315,0.0,zonia,0,False
2025-06-06 09:37:24.890033263+00:00,10,0,0,0,28.402668554984317,0.8888301383045658,0.0,zonia,0,False
2025-06-06 09:41:54.983474263+00:00,10,0,0,0,28.57936752705193,0.9195977755252411,0.0,zonia,0,False
2025-06-06 10:10:58.718272263+00:00,10,0,0,0,28.788752480145316,0.9354123353428081,0.0,zonia,0,False
2025-06-06 10:13:18.949230263+00:00,10,0,0,0,28.854219255392564,0.9385950987623002,0.0,zonia,0,False
2025-06-06 10:14:25.299367263+00:00,10,0,0,0,28.65086736528619,0.9450868780505697,0.0,zonia,0,False
2025-06-06 10:21:23.234854263+00:00,10,0,0,0,29.166887746966612,0.9384922924855326,0.0,zonia,0,False
2025-06-06 10:22:23.815581263+00:00,10,0,0,0,28.788136790969013,0.9361440034626602,0.0,zonia,0,False
2025-06-06 11:19:16.856968263+00:00,10,0,0,0,28.969466547070716,0.9533999052335107,0.0,zonia,0,False
2025-06-06 11:31:45.834487263+00:00,10,0,0,0,29.03545734490571,0.9587967793438551,0.0,zonia,0,False
2025-06-06 11:33:55.411168263+00:00,10,0,0,0,29.15887630387823,0.955524327454788,0.0,zonia,0,False
2025-06-06 11:35:39.700935263+00:00,10,0,0,0,28.650176700640166,0.9579977038589149,0.0,zonia,0,False
2025-06-06 12:08:00.599249263+00:00,10,0,0,0,30.15541704999506,0.9316767604521914,0.0,zonia,0,False
2025-06-06 12:18:46.288306263+00:00,10,0,0,0,30.258461342887355,0.938457965063067,0.0,zonia,0,False
2025-06-06 13:20:16.508747263+00:00,10,0,0,0,29.87806984021893,0.9376126807881878,0.0,zonia,0,False
2025-06-06 13:35:45.170012263+00:00,10,0,0,0,30.218376939736952,0.9430037518306577,0.0,zonia,0,False
2025-06-06 13:37:57.981358263+00:00,10,0,0,0,29.702994494495705,0.932807657761316,0.0,zonia,0,False
2025-06-06 13:39:52.074047263+00:00,10,0,0,0,29.72996144133284,0.9326679104536313,0.0,zonia,0,False
2025-06-06 13:59:33.930021263+00:00,10,0,0,0,29.91185862887835,0.9343508460555652,0.0,zonia,0,False
2025-06-06 14:18:55.723155263+00:00,10,0,0,0,30.441293249871556,0.9231162672368199,0.0,zonia,0,False
2025-06-06 14:39:50.808694263+00:00,10,0,0,0,30.464308153965863,0.9228269216516913,0.0,zonia,0,False
2025-06-06 15:03:23.582140263+00:00,10,0,0,0,30.350492144190287,0.9328599987320716,0.0,zonia,0,False
2025-06-06 15:05:04.657655263+00:00,10,0,0,0,30.65808077387412,0.9359639898510869,0.0,zonia,0,False
2025-06-06 15:24:38.985469263+00:00,10,0,0,0,31.0313995793626,0.9413256011149663,0.0,zonia,0,False
2025-06-06 15:37:37.680160263+00:00,10,0,0,0,30.60748019869862,0.9427031656774127,0.0,zonia,0,False
2025-06-06 15:38:55.502010263+00:00,10,0,0,0,30.847111203633297,0.9441787592572618,0.0,zonia,0,False
2025-06-06 15:41:47.090713263+00:00,10,0,0,0,30.800751564144573,0.9484575981391471,0.0,zonia,0,False
2025-06-06 15:41:58.165754263+00:00,10,0,0,0,30.79890245817169,0.9501636183259026,0.0,zonia,0,False
2025-06-06 15:48:56.996537263+00:00,10,0,0,0,30.09006595292476,0.9536721326916175,0.0,zonia,0,False
2025-06-06 16:59:31.987990263+00:00,10,0,0,0,28.99904939126695,0.9680475804225608,0.0,zonia,0,False
2025-06-06 17:02:30.289314263+00:00,10,0,0,0,28.669897035330507,0.960437815259821,0.0,zonia,0,False
2025-06-06 17:04:04.578468263+00:00,10,0,0,0,28.807681093574143,0.9605617284505165,0.0,zonia,0,False
2025-06-06 18:48:54.026115263+00:00,10,0,0,0,24.547417648264354,0.9571826796281782,0.0,zonia,0,False
2025-06-06 18:59:40.484705263+00:00,10,0,0,0,24.233518498507774,0.9566366794062258,0.0,zonia,0,False
2025-06-06 19:04:43.471142263+00:00,10,0,0,0,23.423972517740243,0.9355518951054732,0.0,zonia,0,False
2025-06-06 19:09:39.989812263+00:00,10,0,0,0,23.7498980282737,0.9442854088362085,0.0,zonia,0,False
2025-06-06 19:09:44.702495263+00:00,10,0,0,0,24.059594886895344,0.9518904782172326,0.0,zonia,0,False
2025-06-06 19:15:59.126334263+00:00,10,0,0,0,23.57668698509972,0.9527635597193514,0.0,zonia,0,False
2025-06-06 19:20:27.911769263+00:00,10,0,0,0,23.71769359955244,0.9476260905267754,0.0,zonia,0,False
2025-06-06 19:31:12.630652263+00:00,10,0,0,0,23.53096380580991,0.938471928217995,0.0,zonia,0,False
2025-06-06 19:55:42.585895263+00:00,10,0,0,0,22.177402136915724,0.9487277137875048,0.0,zonia,0,False
2025-06-06 20:02:06.302311263+00:00,10,0,0,0,23.093410967943935,0.9573045867831593,0.0,zonia,0,False
2025-06-06 20:10:56.848547263+00:00,10,0,0,0,22.58837942482077,0.9630876565916854,0.0,zonia,0,False
2025-06-06 20:15:40.471015263+00:00,10,0,0,0,22.38503794004194,0.9622313270484544,0.0,zonia,0,False
2025-06-06 20:33:00.206912263+00:00,10,0,0,0,21.82178804727313,0.9546351265341533,0.0,zonia,0,False
2025-06-06 20:57:04.059653263+00:00,10,0,0,0,21.347372365244222,0.9592075957382024,0.0,zonia,0,False
2025-06-06 20:57:46.937761263+00:00,10,0,0,0,21.167200685477958,0.9540996412888484,0.0,zonia,0,False
2025-06-06 21:00:18.988035263+00:00,10,0,0,0,21.05524975405326,0.9527641045021517,0.0,zonia,0,False
2025-06-06 21:07:11.351873263+00:00,10,0,0,0,20.636958520861455,0.9528087519118941,0.0,zonia,0,False
2025-06-06 21:16:46.402141263+00:00,10,0,0,0,20.461493318162535,0.9361509657037544,0.0,zonia,0,False
2025-06-06 21:21:16.316782263+00:00,10,0,0,0,20.533423847683498,0.9389498010904456,0.0,zonia,0,False
2025-06-06 21:24:53.762138263+00:00,10,0,0,0,20.541324612153552,0.9410278654380175,0.0,zonia,0,False
2025-06-06 21:25:49.104883263+00:00,10,0,0,0,20.53333886418924,0.9416184493939819,0.0,zonia,0,False
2025-06-06 21:38:28.977327263+00:00,10,0,0,0,20.15118262171564,0.9510193693665625,0.0,zonia,0,False
2025-06-06 21:42:23.591169263+00:00,10,0,0,0,20.158320352142404,0.9433784963096347,0.0,zonia,0,False
2025-06-06 21:51:50.817513263+00:00,10,0,0,0,19.744821239838046,0.9391215711913302,0.0,zonia,0,False
2025-06-06 21:58:08.224512263+00:00,10,0,0,0,19.680854840571296,0.9334198788509059,0.0,zonia,0,False
2025-06-06 21:58:33.488845263+00:00,10,0,0,0,19.518672879302194,0.9345738470773517,0.0,zonia,0,False
2025-06-06 22:06:47.964363263+00:00,10,0,0,0,20.103353765960698,0.9428503632982043,0.0,zonia,0,False
2025-06-06 22:31:02.130224263+00:00,10,0,0,0,19.319605418307724,0.9303749850454519,0.0,zonia,0,False
2025-06-06 22:48:07.142753263+00:00,10,0,0,0,19.436389016754696,0.9321437306827207,0.0,zonia,0,False
2025-06-06 22:51:09.713894263+00:00,10,0,0,0,19.254250716258085,0.945229496524014,0.0,zonia,0,False
2025-06-06 23:07:56.407502263+00:00,10,0,0,0,17.66733327623593,0.8373917184185563,0.0,zonia,0,False
2025-06-06 23:24:26.393663263+00:00,10,0,0,0,18.692426288536993,0.8343053444313515,0.0,zonia,0,False
2025-06-06 23:32:56.557192263+00:00,10,0,0,0,17.57262668842555,0.8331219664019713,0.0,zonia,0,False
2025-06-06 23:36:54.845446263+00:00,10,0,0,0,17.98023847126744,0.843372444947752,0.0,zonia,0,False
2025-06-07 00:09:41.708540263+00:00,10,0,0,0,18.05600645253371,0.849898362604842,0.0,zonia,0,False
2025-06-07 01:07:40.397133263+00:00,10,0,0,0,16.854480527167052,0.8565551063432387,0.0,zonia,0,False
2025-06-07 01:40:53.791327263+00:00,10,0,0,0,16.158556943491668,0.8592610919379136,0.0,zonia,0,False
2025-06-07 01:51:36.307184263+00:00,10,0,0,0,17.019369919507238,0.9021564415084653,0.0,zonia,0,False
2025-06-07 01:57:29.721094263+00:00,10,0,0,0,15.672282473358035,0.9057125382212391,0.0,zonia,0,False
2025-06-07 02:37:32.566618263+00:00,10,0,0,0,15.879206321049075,0.9325376996334812,0.0,zonia,0,False
2025-06-07 02:55:01.798411263+00:00,10,0,0,0,15.637531756820168,0.9296265281416662,0.0,zonia,0,False
2025-06-07 03:06:23.269407263+00:00,10,0,0,0,15.648748626065755,0.9328564549895297,0.0,zonia,0,False
2025-06-07 03:14:55.953652263+00:00,10,0,0,0,14.733813380652645,0.9361302077806632,0.0,zonia,0,False
2025-06-07 03:19:22.097485263+00:00,10,0,0,0,14.841125592573299,0.9363477853487376,0.0,zonia,0,False
2025-06-07 03:21:46.321378263+00:00,10,0,0,0,14.850061473908143,0.9388249313916128,0.0,zonia,0,False
2025-06-07 04:07:12.578121263+00:00,10,0,0,0,15.372843775683046,0.9532635230402132,0.0,zonia,0,False
2025-06-07 04:24:25.868111263+00:00,10,0,0,0,16.742271973061857,0.9355258311594664,0.0,zonia,0,False
2025-06-07 04:27:18.634370263+00:00,10,0,0,0,16.576272867634504,0.9405555060146472,0.0,zonia,0,False
2025-06-07 04:53:46.163340263+00:00,10,0,0,0,18.679758335942388,0.9461270292686332,0.0,zonia,0,False
2025-06-07 05:10:24.554389263+00:00,10,0,0,0,20.131591275291584,0.9473316831879679,0.0,zonia,0,False
2025-06-07 05:11:50.801804263+00:00,10,0,0,0,20.436566112068203,0.9524059232116062,0.0,zonia,0,False
2025-06-07 05:35:31.593978263+00:00,10,0,0,0,22.491400058919726,0.9566202201249906,0.0,zonia,0,False
2025-06-07 05:55:32.677417263+00:00,10,0,0,0,23.488111287320677,0.9502633413249288,0.0,zonia,0,False
2025-06-07 06:27:00.162955263+00:00,10,0,0,0,24.62137388063344,0.9178816290344608,0.0,zonia,0,False
2025-06-07 06:33:27.207158263+00:00,10,0,0,0,24.631901818555328,0.9190090963997966,0.0,zonia,0,False
2025-06-07 07:01:45.287342263+00:00,10,0,0,0,25.965346804566728,0.9250391158488188,0.0,zonia,0,False
2025-06-07 07:12:58.841442263+00:00,10,0,0,0,26.48798567451892,0.9039434585389141,0.0,zonia,0,False
2025-06-07 07:24:08.228789263+00:00,10,0,0,0,26.67173954435085,0.9026925476549907,0.0,zonia,0,False
2025-06-07 07:47:10.462176263+00:00,10,0,0,0,27.591911292153522,0.8956693278129337,0.0,zonia,0,False
2025-06-07 07:54:07.962321263+00:00,10,0,0,0,27.469067437909413,0.8983378459965291,0.0,zonia,0,False
2025-06-07 08:44:30.213811263+00:00,10,0,0,0,29.07301604307773,0.9277708648484515,0.0,zonia,0,False
2025-06-07 09:36:16.099860263+00:00,10,0,0,0,30.006066978365638,0.9311456329774419,0.0,zonia,0,False
2025-06-07 09:58:30.461036263+00:00,10,0,0,0,30.510379700801426,0.9209965223523072,0.0,zonia,0,False
2025-06-07 09:59:06.122125263+00:00,10,0,0,0,30.212034053118526,0.9266306528817159,0.0,zonia,0,False
2025-06-07 10:03:34.158527263+00:00,10,0,0,0,30.59617845683408,0.9245976043459045,0.0,zonia,0,False
2025-06-07 10:19:10.111825263+00:00,10,0,0,0,30.762440473122947,0.9242077019743024,0.0,zonia,0,False
2025-06-07 10:20:15.733085263+00:00,10,0,0,0,30.905234936681488,0.9240102334173843,0.0,zonia,0,False
2025-06-07 11:29:38.948839263+00:00,10,0,0,0,32.12315185504296,0.93679777323631,0.0,zonia,0,False
2025-06-07 11:47:23.895295263+00:00,10,0,0,0,32.26085791017062,0.9352398937153372,0.0,zonia,0,False
2025-06-07 11:47:31.164234263+00:00,10,0,0,0,32.0775697223302,0.9407097536749456,0.0,zonia,0,False
2025-06-07 11:50:53.667915263+00:00,10,0,0,0,31.729510433473052,0.9385084541436303,0.0,zonia,0,False
2025-06-07 11:52:33.080470263+00:00,10,0,0,0,32.06914548190233,0.9415097086458356,0.0,zonia,0,False
2025-06-07 11:54:46.824824263+00:00,10,0,0,0,32.22349100046819,0.9412829317558338,0.0,zonia,0,False
2025-06-07 12:00:22.637086263+00:00,10,0,0,0,32.35120958437343,0.941772346703495,0.0,zonia,0,False
2025-06-07 12:34:23.082929263+00:00,10,0,0,0,31.936446329580065,0.9378811313265011,0.0,zonia,0,False
2025-06-07 12:36:50.786276263+00:00,10,0,0,0,32.57364217622545,0.9340519308696187,0.0,zonia,0,False
2025-06-07 12:45:49.898612263+00:00,10,0,0,0,32.3519895353781,0.9290283092792446,0.0,zonia,0,False
2025-06-07 13:01:39.302651263+00:00,10,0,0,0,32.74101478690421,0.9319870911941857,0.0,zonia,0,False
2025-06-07 13:01:56.322158263+00:00,10,0,0,0,32.73484957343274,0.9171764441525498,0.0,zonia,0,False
2025-06-07 13:39:59.022072263+00:00,10,0,0,0,32.62588297968351,0.921348477436663,0.0,zonia,0,False
2025-06-07 14:13:29.408190263+00:00,10,0,0,0,32.63245814473583,0.9173137498644028,0.0,zonia,0,False
2025-06-07 14:20:26.914808263+00:00,10,0,0,0,32.76292943355066,0.9252573661843215,0.0,zonia,0,False
2025-06-07 14:34:33.672984263+00:00,10,0,0,0,32.567624995200156,0.9229627632873869,0.0,zonia,0,False
2025-06-07 14:52:01.578273263+00:00,10,0,0,0,32.19951324776727,0.8704950921228768,0.0,zonia,0,False
2025-06-07 14:57:03.055687263+00:00,10,0,0,0,32.44836136295186,0.8966235191349625,0.0,zonia,0,False
2025-06-07 14:57:24.059205263+00:00,10,0,0,0,32.165687872501174,0.8988367417021215,0.0,zonia,0,False
2025-06-07 15:13:27.393458263+00:00,10,0,0,0,31.97081793665702,0.9075907787289219,0.0,zonia,0,False
2025-06-07 15:17:25.131900263+00:00,10,0,0,0,32.10766469990874,0.9111065757203521,0.0,zonia,0,False
2025-06-07 15:24:45.963180263+00:00,10,0,0,0,31.91555919237464,0.9163842721795545,0.0,zonia,0,False
2025-06-07 16:06:41.211774263+00:00,10,0,0,0,31.44782084713095,0.9355129874512359,0.0,zonia,0,False
2025-06-07 16:57:49.218027263+00:00,10,0,0,0,30.266189626148165,0.9500731777236627,0.0,zonia,0,False
2025-06-07 17:33:26.118917263+00:00,10,0,0,0,30.12199225278171,0.9583893638780848,0.0,zonia,0,False
2025-06-07 17:40:50.448175263+00:00,10,0,0,0,29.345956170150874,0.9693063662975439,0.0,zonia,0,False
2025-06-07 17:45:36.540873263+00:00,10,0,0,0,29.41539789820561,0.9699546132458536,0.0,zonia,0,False
2025-06-07 17:58:38.845957263+00:00,10,0,0,0,28.694388341581508,0.9746963328018907,0.0,zonia,0,False
2025-06-07 17:59:56.858068263+00:00,10,0,0,0,28.871917892470556,0.9732304340912703,0.0,zonia,0,False
2025-06-07 18:11:04.830533263+00:00,10,0,0,0,28.68097796404075,0.9747684774767091,0.0,zonia,0,False
2025-06-07 18:12:38.657082263+00:00,10,0,0,0,27.907959691741276,0.978380879341579,0.0,zonia,0,False
2025-06-07 18:20:05.982739263+00:00,10,0,0,0,28.045496187806386,0.9775111294607003,0.0,zonia,0,False
2025-06-07 18:47:40.704876263+00:00,10,0,0,0,26.82307659089366,0.9774104649428204,0.0,zonia,0,False
2025-06-07 19:07:54.985233263+00:00,10,0,0,0,26.251009164363627,0.9239528484837909,0.0,zonia,0,False
2025-06-07 19:13:21.607197263+00:00,10,0,0,0,25.86149911685989,0.9036601428570858,0.0,zonia,0,False
2025-06-07 19:19:10.483293263+00:00,10,0,0,0,25.754441319517046,0.8924296078741655,0.0,zonia,0,False
2025-06-07 19:26:25.181466263+00:00,10,0,0,0,25.67327371717597,0.8890943150680777,0.0,zonia,0,False
2025-06-07 19:32:16.050263263+00:00,10,0,0,0,25.19613396394054,0.8881107678742094,0.0,zonia,0,False
2025-06-07 19:55:19.038378263+00:00,10,0,0,0,25.466500030298096,0.904989272029605,0.0,zonia,0,False
2025-06-07 19:56:36.914703263+00:00,10,0,0,0,24.58886381899305,0.9048032060459127,0.0,zonia,0,False
2025-06-07 20:04:06.212734263+00:00,10,0,0,0,25.142604379854124,0.9191198778658167,0.0,zonia,0,False
2025-06-07 20:21:50.063552263+00:00,10,0,0,0,24.287542188264943,0.9050951820837533,0.0,zonia,0,False
2025-06-07 20:25:37.999930263+00:00,10,0,0,0,24.328325626600886,0.9015908076152875,0.0,zonia,0,False
2025-06-07 20:41:05.695273263+00:00,10,0,0,0,22.802776990390466,0.8786586005862118,0.0,zonia,0,False
2025-06-07 20:54:24.262929263+00:00,10,0,0,0,23.10270202040532,0.874448265111036,0.0,zonia,0,False
2025-06-07 21:02:34.491219263+00:00,10,0,0,0,23.745234542000095,0.8833376323403345,0.0,zonia,0,False
2025-06-07 21:11:59.015410263+00:00,10,0,0,0,22.772762679357072,0.8823430573244233,0.0,zonia,0,False
2025-06-07 21:27:20.803058263+00:00,10,0,0,0,23.479858452862697,0.8854275620916147,0.0,zonia,0,False
2025-06-07 21:39:49.298867263+00:00,10,0,0,0,21.622580378188438,0.8927073910895528,0.0,zonia,0,False
2025-06-07 22:04:13.812974263+00:00,10,0,0,0,21.24097808022295,0.8910582658812226,0.0,zonia,0,False
2025-06-07 22:16:32.250037263+00:00,10,0,0,0,20.771483774101764,0.9107801316154124,0.0,zonia,0,False
2025-06-07 22:19:42.149038263+00:00,10,0,0,0,20.505388178120555,0.9044242142171235,0.0,zonia,0,False
2025-06-07 22:36:34.437924263+00:00,10,0,0,0,19.824382428854452,0.8892493009787217,0.0,zonia,0,False
2025-06-07 22:56:59.597823263+00:00,10,0,0,0,19.71053194322739,0.8979097706949772,0.0,zonia,0,False
2025-06-07 23:05:49.847060263+00:00,10,0,0,0,20.07420035565829,0.8964945543128581,0.0,zonia,0,False
2025-06-07 23:08:02.174158263+00:00,10,0,0,0,20.098814055736415,0.8945426148589222,0.0,zonia,0,False
2025-06-07 23:23:53.103801263+00:00,10,0,0,0,19.579626711911274,0.907327933222423,0.0,zonia,0,False
2025-06-07 23:48:45.441784263+00:00,10,0,0,0,19.81499279997716,0.8972601830072836,0.0,zonia,0,False
2025-06-07 23:59:40.652590263+00:00,10,0,0,0,20.18189669754179,0.8983879787425308,0.0,zonia,0,False
2025-06-08 00:10:10.982141263+00:00,10,0,0,0,20.004219313634493,0.8917223354063146,0.0,zonia,0,False
2025-06-08 00:18:48.663349263+00:00,10,0,0,0,20.40767685745861,0.9011531774633722,0.0,zonia,0,False
2025-06-08 00:20:10.727583263+00:00,10,0,0,0,19.844832457886053,0.9042658749714361,0.0,zonia,0,False
2025-06-08 01:18:09.147495263+00:00,10,0,0,0,17.52172906230955,0.8950145370792232,0.0,zonia,0,False
2025-06-08 01:26:07.675276263+00:00,10,0,0,0,18.616903624714,0.9167372756392321,0.0,zonia,0,False
2025-06-08 01:52:25.149270263+00:00,10,0,0,0,18.061129802235115,0.9339395045304997,0.0,zonia,0,False
2025-06-08 02:09:33.626168263+00:00,10,0,0,0,18.08982981422865,0.9403248710846321,0.0,zonia,0,False
2025-06-08 02:13:48.434707263+00:00,10,0,0,0,18.304275571762403,0.9151839130285687,0.0,zonia,0,False
2025-06-08 02:34:46.201965263+00:00,10,0,0,0,17.6105014661034,0.9204498182849035,0.0,zonia,0,False
2025-06-08 03:27:14.878539263+00:00,10,0,0,0,19.294953630931793,0.9007786176162489,0.0,zonia,0,False
2025-06-08 03:30:28.051490263+00:00,10,0,0,0,19.015417783148724,0.8651598449008248,0.0,zonia,0,False
2025-06-08 03:46:19.422052263+00:00,10,0,0,0,19.39037383269151,0.8370237613616718,0.0,zonia,0,False
2025-06-08 03:51:08.492572263+00:00,10,0,0,0,19.29307579035407,0.8006007499991348,0.0,zonia,0,False
2025-06-08 04:00:04.443410263+00:00,10,0,0,0,17.98337280059593,0.7932986618143797,0.0,zonia,0,False
2025-06-08 04:01:13.488860263+00:00,10,0,0,0,19.876139804086705,0.7705250672049172,0.0,zonia,0,False
2025-06-08 04:08:00.818495263+00:00,10,0,0,0,20.178196788734184,0.7831445014043465,0.0,zonia,0,False
2025-06-08 04:10:40.872003263+00:00,10,0,0,0,20.116418087959886,0.7845229274235443,0.0,zonia,0,False
2025-06-08 04:41:42.996714263+00:00,10,0,0,0,20.454634074674882,0.8075847063711755,0.0,zonia,0,False
2025-06-08 05:02:46.773571263+00:00,10,0,0,0,22.14669397118008,0.8309219430337945,0.0,zonia,0,False
2025-06-08 05:03:51.931567263+00:00,10,0,0,0,22.179684010640035,0.8872605065466423,0.0,zonia,0,False
2025-06-08 05:09:23.888767263+00:00,10,0,0,0,22.211515417768787,0.9011862152794992,0.0,zonia,0,False
2025-06-08 05:18:55.241880263+00:00,10,0,0,0,23.06866425814304,0.9272109269910622,0.0,zonia,0,False
2025-06-08 05:34:36.225553263+00:00,10,0,0,0,24.193683239208575,0.9463492751275661,0.0,zonia,0,False
2025-06-08 05:36:38.258712263+00:00,10,0,0,0,24.23476840234727,0.9512129153017289,0.0,zonia,0,False
2025-06-08 05:40:57.761995263+00:00,10,0,0,0,24.289597324927065,0.9517499513806434,0.0,zonia,0,False
2025-06-08 05:41:30.831205263+00:00,10,0,0,0,24.27672741450807,0.9593998574135785,0.0,zonia,0,False
2025-06-08 05:45:18.753934263+00:00,10,0,0,0,24.651253383368832,0.9655341567727025,0.0,zonia,0,False
2025-06-08 06:02:02.486625263+00:00,10,0,0,0,24.774659868816588,0.938424117713604,0.0,zonia,0,False
2025-06-08 06:04:04.595495263+00:00,10,0,0,0,25.222413297763822,0.926305952364048,0.0,zonia,0,False
2025-06-08 06:12:01.276399263+00:00,10,0,0,0,25.010332806706842,0.9276299842238496,0.0,zonia,0,False
2025-06-08 06:23:36.297289263+00:00,10,0,0,0,25.97647107767428,0.921888860008135,0.0,zonia,0,False
2025-06-08 07:08:30.499507263+00:00,10,0,0,0,27.089822009703937,0.9246847022801488,0.0,zonia,0,False
2025-06-08 07:25:22.645544263+00:00,10,0,0,0,27.51603682790418,0.9150540259704367,0.0,zonia,0,False
2025-06-08 07:29:41.618632263+00:00,10,0,0,0,27.649743667743266,0.907513756748411,0.0,zonia,0,False
2025-06-08 07:35:28.543820263+00:00,10,0,0,0,27.707041224337345,0.9103712458036579,0.0,zonia,0,False
2025-06-08 07:36:15.398520263+00:00,10,0,0,0,27.765565139270663,0.913033172082993,0.0,zonia,0,False
2025-06-08 07:50:43.559783263+00:00,10,0,0,0,28.0440936514989,0.9138251373060872,0.0,zonia,0,False
2025-06-08 08:07:10.984719263+00:00,10,0,0,0,27.825125726529752,0.7760683675809049,0.0,zonia,0,False
2025-06-08 08:11:47.580123263+00:00,10,0,0,0,28.63072314551683,0.7767802109218793,0.0,zonia,0,False
2025-06-08 08:24:41.530584263+00:00,10,0,0,0,28.764893092908274,0.842710885349884,0.0,zonia,0,False
2025-06-08 08:33:50.685907263+00:00,10,0,0,0,28.80207149829995,0.8519632699077035,0.0,zonia,0,False
2025-06-08 10:24:52.729225263+00:00,10,0,0,0,29.888977904548874,0.859600749945215,0.0,zonia,0,False
2025-06-08 10:33:44.638403263+00:00,10,0,0,0,30.121629685842954,0.8653187618854435,0.0,zonia,0,False
2025-06-08 10:56:23.400839263+00:00,10,0,0,0,30.367187238639104,0.8592083308968125,0.0,zonia,0,False
2025-06-08 11:05:25.672733263+00:00,10,0,0,0,29.965187443019747,0.8677280282520845,0.0,zonia,0,False
2025-06-08 11:38:54.986817263+00:00,10,0,0,0,30.676902065863132,0.8678756072694286,0.0,zonia,0,False
2025-06-08 11:53:22.710854263+00:00,10,0,0,0,30.930273285078297,0.8787098527418671,0.0,zonia,0,False
2025-06-08 11:54:32.635679263+00:00,10,0,0,0,30.797052738353415,0.879428212810822,0.0,zonia,0,False
2025-06-08 11:56:49.895499263+00:00,10,0,0,0,30.29501914407112,0.8757550768722508,0.0,zonia,0,False
2025-06-08 12:15:01.176058263+00:00,10,0,0,0,30.566218779058886,0.8736688719565345,0.0,zonia,0,False
2025-06-08 12:25:32.347476263+00:00,10,0,0,0,30.93716996511935,0.9074425847868117,0.0,zonia,0,False
2025-06-08 12:26:10.465128263+00:00,10,0,0,0,30.878499636512572,0.9011805729950595,0.0,zonia,0,False
2025-06-08 12:34:35.069514263+00:00,10,0,0,0,30.36312065016768,0.9048987917604137,0.0,zonia,0,False
2025-06-08 12:37:04.036199263+00:00,10,0,0,0,30.948815288642518,0.9064188428482313,0.0,zonia,0,False
2025-06-08 12:45:43.626385263+00:00,10,0,0,0,30.30927269734951,0.9092562627151579,0.0,zonia,0,False
2025-06-08 12:48:09.693196263+00:00,10,0,0,0,30.59761796265036,0.9007928462345575,0.0,zonia,0,False
2025-06-08 13:04:07.124249263+00:00,10,0,0,0,31.343272788307832,0.905050456095627,0.0,zonia,0,False
2025-06-08 13:53:19.343446263+00:00,10,0,0,0,30.726786440935395,0.9020287998311483,0.0,zonia,0,False
2025-06-08 14:19:02.571580263+00:00,10,0,0,0,30.926655959241046,0.9076889554299878,0.0,zonia,0,False
2025-06-08 14:21:44.264945263+00:00,10,0,0,0,31.167491085832175,0.9060482751991092,0.0,zonia,0,False
2025-06-08 15:06:14.718506263+00:00,10,0,0,0,30.913459271429588,0.9255326992389868,0.0,zonia,0,False
2025-06-08 15:13:29.215166263+00:00,10,0,0,0,30.93948216122456,0.924810804334285,0.0,zonia,0,False
2025-06-08 15:15:45.897488263+00:00,10,0,0,0,30.807455504176616,0.9242134257778023,0.0,zonia,0,False
2025-06-08 15:16:46.103400263+00:00,10,0,0,0,30.550995537776906,0.929912799714381,0.0,zonia,0,False
2025-06-08 15:21:14.925733263+00:00,10,0,0,0,30.553837471004858,0.930864037071496,0.0,zonia,0,False
2025-06-08 15:48:14.115902263+00:00,10,0,0,0,30.270185070581586,0.9317371167588797,0.0,zonia,0,False
2025-06-08 15:56:04.172172263+00:00,10,0,0,0,29.929057032307586,0.9370969650343571,0.0,zonia,0,False
2025-06-08 16:24:02.906399263+00:00,10,0,0,0,29.71291602857849,0.9366657715417451,0.0,zonia,0,False
2025-06-08 16:32:10.430851263+00:00,10,0,0,0,29.431676624283835,0.9373007037324204,0.0,zonia,0,False
2025-06-08 16:56:43.249432263+00:00,10,0,0,0,29.009987113158612,0.9373588105824012,0.0,zonia,0,False
2025-06-08 17:54:09.600571263+00:00,10,0,0,0,27.035754395339776,0.9457480004034526,0.0,zonia,0,False
2025-06-08 17:56:27.457376263+00:00,10,0,0,0,26.940686123445552,0.9648615407597398,0.0,zonia,0,False
2025-06-08 18:01:47.949106263+00:00,10,0,0,0,26.73709004439788,0.9661795227734344,0.0,zonia,0,False
2025-06-08 18:08:29.100873263+00:00,10,0,0,0,26.256476889573662,0.9694676768711388,0.0,zonia,0,False
2025-06-08 18:11:18.547148263+00:00,10,0,0,0,26.178200969094835,0.9784356429552442,0.0,zonia,0,False
2025-06-08 18:11:51.908623263+00:00,10,0,0,0,26.16971606204475,0.9804431816979381,0.0,zonia,0,False
2025-06-08 18:23:45.619160263+00:00,10,0,0,0,25.796581338762294,0.9832350377255074,0.0,zonia,0,False
2025-06-08 18:49:34.227402263+00:00,10,0,0,0,24.896095056588152,0.9789707358929579,0.0,zonia,0,False
2025-06-08 18:55:08.552889263+00:00,10,0,0,0,24.843988408682204,0.980541244068583,0.0,zonia,0,False
2025-06-08 19:26:49.058827263+00:00,10,0,0,0,23.93400579158127,0.9725229815969929,0.0,zonia,0,False
2025-06-08 19:31:27.167494263+00:00,10,0,0,0,23.93552418859491,0.9717373546910342,0.0,zonia,0,False
2025-06-08 19:35:32.285467263+00:00,10,0,0,0,23.721123959779906,0.9651041650715302,0.0,zonia,0,False
2025-06-08 19:35:57.658055263+00:00,10,0,0,0,23.900896633596407,0.965490318429365,0.0,zonia,0,False
2025-06-08 19:41:31.614356263+00:00,10,0,0,0,23.60582802905351,0.9619955695011578,0.0,zonia,0,False
2025-06-08 20:09:58.705804263+00:00,10,0,0,0,22.820230354103344,0.9598399307372549,0.0,zonia,0,False
2025-06-08 20:39:59.857139263+00:00,10,0,0,0,22.276528500102433,0.9560236981024243,0.0,zonia,0,False
2025-06-08 20:41:02.690423263+00:00,10,0,0,0,21.929576170285735,0.9500071998556276,0.0,zonia,0,False
2025-06-08 20:44:20.845701263+00:00,10,0,0,0,22.254090781804944,0.9471893741087474,0.0,zonia,0,False
2025-06-08 21:14:31.168396263+00:00,10,0,0,0,21.510618780450454,0.9363480115588384,0.0,zonia,0,False
2025-06-08 21:16:01.714241263+00:00,10,0,0,0,21.056362116538033,0.9355764600601771,0.0,zonia,0,False
2025-06-08 21:20:54.760539263+00:00,10,0,0,0,21.920337583797565,0.9381142180671226,0.0,zonia,0,False
2025-06-08 22:44:43.359130263+00:00,10,0,0,0,19.022373056458658,0.9162201894669797,0.0,zonia,0,False
2025-06-08 22:48:27.118369263+00:00,10,0,0,0,18.88245297743417,0.9174716628980313,0.0,zonia,0,False
2025-06-08 22:58:32.038965263+00:00,10,0,0,0,18.357133480399295,0.9215209930228776,0.0,zonia,0,False
2025-06-08 23:02:05.764022263+00:00,10,0,0,0,18.842998395565942,0.9254262949614294,0.0,zonia,0,False
2025-06-08 23:25:44.938589263+00:00,10,0,0,0,18.513642953350853,0.9276013764663977,0.0,zonia,0,False
2025-06-08 23:25:45.451288263+00:00,10,0,0,0,18.482048391374487,0.919062593883433,0.0,zonia,0,False
2025-06-09 00:15:15.007432263+00:00,10,0,0,0,18.09618449427592,0.929635836716967,0.0,zonia,0,False
2025-06-09 00:17:57.843588263+00:00,10,0,0,0,17.308248434498694,0.9232659692329704,0.0,zonia,0,False
2025-06-09 00:31:13.010106263+00:00,10,0,0,0,17.64000950104914,0.9238723969238194,0.0,zonia,0,False
2025-06-09 00:44:21.702014263+00:00,10,0,0,0,17.374383577857884,0.9215073129488603,0.0,zonia,0,False
2025-06-09 00:46:00.909595263+00:00,10,0,0,0,16.991436967195888,0.9131368127609607,0.0,zonia,0,False
2025-06-09 01:19:58.368739263+00:00,10,0,0,0,17.43638732883676,0.9283075811347065,0.0,zonia,0,False
2025-06-09 01:28:19.850989263+00:00,10,0,0,0,17.954271866614814,0.9354538648976684,0.0,zonia,0,False
2025-06-09 01:40:40.756201263+00:00,10,0,0,0,17.42931081854456,0.9231025983096975,0.0,zonia,0,False
2025-06-09 01:42:26.182092263+00:00,10,0,0,0,17.727457566921903,0.9274812961150799,0.0,zonia,0,False
2025-06-09 01:45:15.398986263+00:00,10,0,0,0,17.78285776385375,0.9294617425957228,0.0,zonia,0,False
2025-06-09 02:15:15.728185263+00:00,10,0,0,0,17.325411904528234,0.9279033212262788,0.0,zonia,0,False
2025-06-09 02:30:56.058575263+00:00,10,0,0,0,17.237750717162044,0.9185484781316099,0.0,zonia,0,False
2025-06-09 02:37:03.555956263+00:00,10,0,0,0,16.90516316850566,0.9232375193754688,0.0,zonia,0,False
2025-06-09 02:37:42.334234263+00:00,10,0,0,0,16.95319261284288,0.9200460541365795,0.0,zonia,0,False
2025-06-09 02:41:42.984907263+00:00,10,0,0,0,16.977839545898284,0.9156871225161387,0.0,zonia,0,False
2025-06-09 03:28:30.329961263+00:00,10,0,0,0,16.887242460181437,0.9289673415795313,0.0,zonia,0,False
2025-06-09 03:29:45.802070263+00:00,10,0,0,0,16.855149318587028,0.9449923728708589,0.0,zonia,0,False
2025-06-09 03:36:27.587836263+00:00,10,0,0,0,17.14800433184517,0.9509949417817376,0.0,zonia,0,False
2025-06-09 03:40:11.991107263+00:00,10,0,0,0,16.79820796077653,0.9559137273233078,0.0,zonia,0,False
2025-06-09 03:43:49.535910263+00:00,10,0,0,0,16.704455552840827,0.961912072327374,0.0,zonia,0,False
2025-06-09 05:01:58.638661263+00:00,10,0,0,0,18.54584136410884,0.9682617205768078,0.0,zonia,0,False
2025-06-09 05:03:12.763613263+00:00,10,0,0,0,19.494047774417478,0.9543362170098284,0.0,zonia,0,False
2025-06-09 05:27:46.908995263+00:00,10,0,0,0,20.621429923313432,0.9451152642129019,0.0,zonia,0,False
2025-06-09 05:35:50.591362263+00:00,10,0,0,0,21.100434587408635,0.947641972346762,0.0,zonia,0,False
2025-06-09 05:38:36.766136263+00:00,10,0,0,0,21.293024686603975,0.9519466633940923,0.0,zonia,0,False
2025-06-09 05:39:11.201542263+00:00,10,0,0,0,21.35673022307183,0.938064778034855,0.0,zonia,0,False
2025-06-09 05:46:59.702569263+00:00,10,0,0,0,22.002816429338512,0.9430906750474642,0.0,zonia,0,False
2025-06-09 05:48:21.935234263+00:00,10,0,0,0,21.81976510779661,0.9459017491571394,0.0,zonia,0,False
2025-06-09 06:12:44.259294263+00:00,10,0,0,0,22.998413536801397,0.9317592649790314,0.0,zonia,0,False
2025-06-09 06:32:00.231357263+00:00,10,0,0,0,23.307868870359016,0.9315327508402206,0.0,zonia,0,False
2025-06-09 06:40:42.870382263+00:00,10,0,0,0,23.439626906153787,0.9336299654670105,0.0,zonia,0,False
2025-06-09 07:12:21.665253263+00:00,10,0,0,0,24.183146636665068,0.9179527238498089,0.0,zonia,0,False
2025-06-09 07:19:54.612048263+00:00,10,0,0,0,24.240960425250243,0.912902750667769,0.0,zonia,0,False
2025-06-09 07:21:27.491489263+00:00,10,0,0,0,24.232101064950413,0.9143762049573706,0.0,zonia,0,False
2025-06-09 07:43:44.365652263+00:00,10,0,0,0,24.9362931196779,0.9135425708710617,0.0,zonia,0,False
2025-06-09 07:54:40.593640263+00:00,10,0,0,0,25.08273378021137,0.9129414201808761,0.0,zonia,0,False
2025-06-09 08:04:06.497408263+00:00,10,0,0,0,25.29285600694685,0.9147307589534964,0.0,zonia,0,False
2025-06-09 09:47:56.669022263+00:00,10,0,0,0,28.10778277723905,0.8944329557286403,0.0,zonia,0,False
2025-06-09 10:08:18.907151263+00:00,10,0,0,0,27.950399335936538,0.8992574905101364,0.0,zonia,0,False
2025-06-09 10:27:17.085085263+00:00,10,0,0,0,27.43349337508092,0.8833069898075514,0.0,zonia,0,False
2025-06-09 10:28:36.089752263+00:00,10,0,0,0,27.3141593038267,0.8758759643270843,0.0,zonia,0,False
2025-06-09 10:31:27.488959263+00:00,10,0,0,0,27.220505500764638,0.9130759328905036,0.0,zonia,0,False
2025-06-09 11:13:49.377479263+00:00,10,0,0,0,27.050989744250103,0.9116551125723404,0.0,zonia,0,False
2025-06-09 11:14:21.811737263+00:00,10,0,0,0,26.990695795732595,0.9093748497373969,0.0,zonia,0,False
2025-06-09 11:27:55.122011263+00:00,10,0,0,0,27.46694865214855,0.9096776382184286,0.0,zonia,0,False
2025-06-09 11:34:49.118998263+00:00,10,0,0,0,27.154751231565616,0.9324485996378197,0.0,zonia,0,False
2025-06-09 12:05:28.714860263+00:00,10,0,0,0,27.355963756952306,0.9429411119004119,0.0,zonia,0,False
2025-06-09 12:12:02.676537263+00:00,10,0,0,0,27.349999692710764,0.9454478457390577,0.0,zonia,0,False
2025-06-09 12:23:59.714073263+00:00,10,0,0,0,27.218498322381247,0.9447597896538236,0.0,zonia,0,False
2025-06-09 12:24:47.023791263+00:00,10,0,0,0,27.382583266243195,0.9459848424446797,0.0,zonia,0,False
2025-06-09 12:35:37.453362263+00:00,10,0,0,0,27.37979068243421,0.9502544790003004,0.0,zonia,0,False
2025-06-09 13:10:24.371049263+00:00,10,0,0,0,27.35092654886811,0.9537942417680437,0.0,zonia,0,False
2025-06-09 13:40:39.489348263+00:00,10,0,0,0,27.589733622185314,0.9552882451389774,0.0,zonia,0,False
2025-06-09 13:54:52.510834263+00:00,10,0,0,0,27.94226247276034,0.9569125934015329,0.0,zonia,0,False
2025-06-09 14:21:37.679037263+00:00,10,0,0,0,27.643165922953493,0.9535583323636985,0.0,zonia,0,False
2025-06-09 14:22:00.745431263+00:00,10,0,0,0,28.015321159461745,0.9563001680638574,0.0,zonia,0,False
2025-06-09 14:33:03.114303263+00:00,10,0,0,0,27.807443145577405,0.9490252271684636,0.0,zonia,0,False
2025-06-09 14:35:58.777178263+00:00,10,0,0,0,27.696347645351526,0.9461369198394667,0.0,zonia,0,False
2025-06-09 15:14:44.825584263+00:00,10,0,0,0,28.441742363193264,0.9539237796871414,0.0,zonia,0,False
2025-06-09 15:49:12.196414263+00:00,10,0,0,0,27.8119522116303,0.9542573159154738,0.0,zonia,0,False
2025-06-09 16:14:25.326395263+00:00,10,0,0,0,26.6035122574045,0.9556720234899796,0.0,zonia,0,False
2025-06-09 16:22:14.362866263+00:00,10,0,0,0,26.732962422232575,0.9531658006399082,0.0,zonia,0,False
2025-06-09 16:25:26.555651263+00:00,10,0,0,0,26.88636200515168,0.9575381508848391,0.0,zonia,0,False
2025-06-09 16:35:47.295999263+00:00,10,0,0,0,26.35980202001611,0.961583133735916,0.0,zonia,0,False
2025-06-09 17:16:57.371024263+00:00,10,0,0,0,25.919025945563476,0.9652126826544188,0.0,zonia,0,False
2025-06-09 17:22:57.151208263+00:00,10,0,0,0,25.69580150607547,0.9636603012157222,0.0,zonia,0,False
2025-06-09 17:29:43.996205263+00:00,10,0,0,0,25.484495459219822,0.961701314453283,0.0,zonia,0,False
2025-06-09 17:36:17.734415263+00:00,10,0,0,0,25.314084159984674,0.967653438484249,0.0,zonia,0,False
2025-06-09 17:40:12.164478263+00:00,10,0,0,0,25.027933837704094,0.966645325970023,0.0,zonia,0,False
2025-06-09 17:55:12.180232263+00:00,10,0,0,0,24.8042717938166,0.9699986979712987,0.0,zonia,0,False
2025-06-09 18:01:41.108991263+00:00,10,0,0,0,24.36282408508493,0.9718498733784321,0.0,zonia,0,False
2025-06-09 18:02:12.115641263+00:00,10,0,0,0,24.757064491374432,0.9776025486367719,0.0,zonia,0,False
2025-06-09 18:26:56.609417263+00:00,10,0,0,0,23.36598039048931,0.982699570710411,0.0,zonia,0,False
2025-06-09 18:39:50.152047263+00:00,10,0,0,0,22.8095167608441,0.9833303252034613,0.0,zonia,0,False
2025-06-09 18:46:14.713045263+00:00,10,0,0,0,22.423453439088348,0.9840595817331304,0.0,zonia,0,False
2025-06-09 18:52:36.708533263+00:00,10,0,0,0,21.884562366366527,0.9880912137836496,0.0,zonia,0,False
2025-06-09 19:12:17.500990263+00:00,10,0,0,0,21.067363681823718,0.988039328165424,0.0,zonia,0,False
2025-06-09 19:21:29.236240263+00:00,10,0,0,0,20.96888761228684,0.9888216163176798,0.0,zonia,0,False
2025-06-09 19:54:11.469699263+00:00,10,0,0,0,19.60899713226298,0.984468041774041,0.0,zonia,0,False
2025-06-09 19:55:12.584392263+00:00,10,0,0,0,19.59322320093299,0.9841875196224315,0.0,zonia,0,False
2025-06-09 19:57:30.311459263+00:00,10,0,0,0,19.83224019854211,0.9851143168842869,0.0,zonia,0,False
2025-06-09 20:17:32.263953263+00:00,10,0,0,0,19.23031699678965,0.9844321075153738,0.0,zonia,0,False
2025-06-09 20:41:56.260253263+00:00,10,0,0,0,18.664012815948993,0.989051144487416,0.0,zonia,0,False
2025-06-09 20:43:29.453957263+00:00,10,0,0,0,18.733433764095004,0.9881474509800695,0.0,zonia,0,False
2025-06-09 20:48:42.215774263+00:00,10,0,0,0,18.64232131256634,0.9881079102956989,0.0,zonia,0,False
2025-06-09 20:52:27.128256263+00:00,10,0,0,0,18.62076247184521,0.984742508861725,0.0,zonia,0,False
2025-06-09 20:54:07.465185263+00:00,10,0,0,0,18.758895897643455,0.9566232676176953,0.0,zonia,0,False
2025-06-09 21:02:19.384205263+00:00,10,0,0,0,18.43331935377514,0.9294600302810014,0.0,zonia,0,False
2025-06-09 21:17:34.012555263+00:00,10,0,0,0,18.59240196567917,0.9501596204369834,0.0,zonia,0,False
2025-06-09 21:27:33.895532263+00:00,10,0,0,0,18.037419235082865,0.9586846860588046,0.0,zonia,0,False
2025-06-09 21:39:38.525208263+00:00,10,0,0,0,17.540275929928043,0.94748669251358,0.0,zonia,0,False
2025-06-09 22:06:21.535789263+00:00,10,0,0,0,17.263931640428325,0.9514886442500895,0.0,zonia,0,False
2025-06-09 22:35:44.066073263+00:00,10,0,0,0,16.092310752178072,0.9633403478896868,0.0,zonia,0,False
2025-06-09 22:59:34.596521263+00:00,10,0,0,0,16.134458063376808,0.9529259803853352,0.0,zonia,0,False
2025-06-09 23:07:32.695369263+00:00,10,0,0,0,15.887136624371887,0.9322964558861729,0.0,zonia,0,False
2025-06-09 23:10:21.302606263+00:00,10,0,0,0,15.90747613515029,0.9282182600803732,0.0,zonia,0,False
2025-06-09 23:18:36.256870263+00:00,10,0,0,0,16.0011176104748,0.9291351954807731,0.0,zonia,0,False
2025-06-10 00:28:33.636829263+00:00,10,0,0,0,15.040680515958815,0.9267327414261676,0.0,zonia,0,False
2025-06-10 00:41:45.434389263+00:00,10,0,0,0,15.091159404722317,0.9250114808158238,0.0,zonia,0,False
2025-06-10 00:49:08.343330263+00:00,10,0,0,0,15.515248569330312,0.9336470131945447,0.0,zonia,0,False
2025-06-10 01:04:50.782887263+00:00,10,0,0,0,14.704837419674448,0.945927533627348,0.0,zonia,0,False
2025-06-10 01:17:55.633538263+00:00,10,0,0,0,15.019998264574555,0.9508383964413094,0.0,zonia,0,False
2025-06-10 01:36:16.303189263+00:00,10,0,0,0,15.049466372884375,0.9597430556639311,0.0,zonia,0,False
2025-06-10 02:14:34.115007263+00:00,10,0,0,0,14.35117209280999,0.9244777314261698,0.0,zonia,0,False
2025-06-10 02:29:23.434554263+00:00,10,0,0,0,14.66776851304107,0.9311143266882096,0.0,zonia,0,False
2025-06-10 02:42:42.028522263+00:00,10,0,0,0,14.59873059351893,0.9546408657593078,0.0,zonia,0,False
2025-06-10 02:55:06.193747263+00:00,10,0,0,0,14.568871737266031,0.9685595061016912,0.0,zonia,0,False
2025-06-10 03:19:33.220604263+00:00,10,0,0,0,14.256681752509923,0.9662330218819395,0.0,zonia,0,False
2025-06-10 03:25:25.214671263+00:00,10,0,0,0,14.418354252851339,0.9698600769367605,0.0,zonia,0,False
2025-06-10 05:04:50.545602263+00:00,10,0,0,0,16.96670662600573,0.9532403559368012,0.0,zonia,0,False
2025-06-10 05:46:21.453833263+00:00,10,0,0,0,19.456352359980304,0.9225554215346928,0.0,zonia,0,False
2025-06-10 05:47:49.176163263+00:00,10,0,0,0,19.57318032873074,0.9106244419157811,0.0,zonia,0,False
2025-06-10 05:51:00.743018263+00:00,10,0,0,0,19.693531093602406,0.9077157550641652,0.0,zonia,0,False
2025-06-10 06:38:27.584192263+00:00,10,0,0,0,21.105297774510497,0.9102469260592534,0.0,zonia,0,False
2025-06-10 06:39:54.432739263+00:00,10,0,0,0,21.183442121491378,0.9258229204001237,0.0,zonia,0,False
2025-06-10 06:52:13.196164263+00:00,10,0,0,0,21.918810173235507,0.9220611841929596,0.0,zonia,0,False
2025-06-10 07:35:12.468869263+00:00,10,0,0,0,23.6728294585618,0.9431639008552564,0.0,zonia,0,False
2025-06-10 07:52:45.975444263+00:00,10,0,0,0,24.141958014194124,0.9496422800930745,0.0,zonia,0,False
2025-06-10 08:29:55.853316263+00:00,10,0,0,0,25.393022089811137,0.9507040604777434,0.0,zonia,0,False
2025-06-10 08:33:12.567174263+00:00,10,0,0,0,25.372607408774613,0.9411778779279574,0.0,zonia,0,False
2025-06-10 08:43:20.759458263+00:00,10,0,0,0,25.818482588634428,0.958050100217575,0.0,zonia,0,False
2025-06-10 08:45:31.022372263+00:00,10,0,0,0,25.66289788993276,0.9600025927967492,0.0,zonia,0,False
2025-06-10 08:45:39.223233263+00:00,10,0,0,0,25.74611308119149,0.9651896481174436,0.0,zonia,0,False
2025-06-10 08:51:02.938972263+00:00,10,0,0,0,25.734890691700617,0.9684406373030866,0.0,zonia,0,False
2025-06-10 09:00:24.439584263+00:00,10,0,0,0,26.15655860650513,0.964768549945483,0.0,zonia,0,False
2025-06-10 09:12:28.332522263+00:00,10,0,0,0,26.26936050741984,0.9649831113521415,0.0,zonia,0,False
2025-06-10 09:18:35.592566263+00:00,10,0,0,0,26.30929218564449,0.9643034254495031,0.0,zonia,0,False
2025-06-10 09:19:28.458102263+00:00,10,0,0,0,26.198353169622408,0.9633848204495183,0.0,zonia,0,False
2025-06-10 09:24:26.333857263+00:00,10,0,0,0,26.65446571991928,0.9699419439277186,0.0,zonia,0,False
2025-06-10 09:39:34.841497263+00:00,10,0,0,0,27.02350116533656,0.9709492748193508,0.0,zonia,0,False
2025-06-10 09:46:54.368441263+00:00,10,0,0,0,26.65973527645749,0.9724764641816519,0.0,zonia,0,False
2025-06-10 09:47:27.560702263+00:00,10,0,0,0,26.77535392689347,0.9787280902493798,0.0,zonia,0,False
2025-06-10 09:58:13.484200263+00:00,10,0,0,0,26.9686662360705,0.9775559444207366,0.0,zonia,0,False
2025-06-10 10:21:00.871220263+00:00,10,0,0,0,27.516648705169054,0.9814915203782052,0.0,zonia,0,False
2025-06-10 10:41:46.838875263+00:00,10,0,0,0,27.738421427732565,0.9812681445485497,0.0,zonia,0,False
2025-06-10 11:28:29.599500263+00:00,10,0,0,0,28.8484888682457,0.9720267168421829,0.0,zonia,0,False
2025-06-10 11:39:06.049913263+00:00,10,0,0,0,28.89590158877769,0.9641493689696551,0.0,zonia,0,False
2025-06-10 11:42:49.043555263+00:00,10,0,0,0,29.131893970493437,0.9534926358642547,0.0,zonia,0,False
2025-06-10 12:03:17.574168263+00:00,10,0,0,0,29.054272353271983,0.9440935249422686,0.0,zonia,0,False
2025-06-10 12:49:47.601896263+00:00,10,0,0,0,29.742230803834175,0.9594493730115806,0.0,zonia,0,False
2025-06-10 13:22:23.246586263+00:00,10,0,0,0,29.98331882440628,0.9520551809417714,0.0,zonia,0,False
2025-06-10 13:40:45.271990263+00:00,10,0,0,0,30.072937416988054,0.9637082100559512,0.0,zonia,0,False
2025-06-10 13:49:21.164593263+00:00,10,0,0,0,30.563346218164046,0.9616962785065588,0.0,zonia,0,False
2025-06-10 13:54:20.457540263+00:00,10,0,0,0,30.774586873370126,0.967175519036185,0.0,zonia,0,False
2025-06-10 14:03:55.420687263+00:00,10,0,0,0,30.663471314458153,0.972283843979414,0.0,zonia,0,False
2025-06-10 14:33:27.134610263+00:00,10,0,0,0,30.658301788170782,0.9765557508002205,0.0,zonia,0,False
2025-06-10 14:36:32.525888263+00:00,10,0,0,0,30.847123297096044,0.9774799205999092,0.0,zonia,0,False
2025-06-10 15:01:33.285905263+00:00,10,0,0,0,30.877216758825963,0.9790042517631982,0.0,zonia,0,False
2025-06-10 15:07:10.720605263+00:00,10,0,0,0,30.82013320706996,0.9763283535918988,0.0,zonia,0,False
2025-06-10 15:28:17.570264263+00:00,10,0,0,0,30.551295283859872,0.9789378695325318,0.0,zonia,0,False
2025-06-10 15:39:07.619780263+00:00,10,0,0,0,30.886752070624198,0.982370007607623,0.0,zonia,0,False
2025-06-10 15:45:35.069896263+00:00,10,0,0,0,30.716721650899718,0.9847134394661875,0.0,zonia,0,False
2025-06-10 16:13:41.171448263+00:00,10,0,0,0,30.17206219398146,0.9772132127702825,0.0,zonia,0,False
2025-06-10 16:21:21.149898263+00:00,10,0,0,0,30.52210557570772,0.8922714236348017,0.0,zonia,0,False
2025-06-10 16:56:34.384225263+00:00,10,0,0,0,30.12138437852325,0.8869610392120286,0.0,zonia,0,False
2025-06-10 17:17:11.877780263+00:00,10,0,0,0,29.53250773862238,0.8858954449666164,0.0,zonia,0,False
2025-06-10 17:25:09.991974263+00:00,10,0,0,0,29.292411895555233,0.8874680167805968,0.0,zonia,0,False
2025-06-10 17:35:45.863897263+00:00,10,0,0,0,28.686186478454054,0.8888545843702118,0.0,zonia,0,False
2025-06-10 18:12:17.558075263+00:00,10,0,0,0,26.22699972627199,0.8854898417562772,0.0,zonia,0,False
2025-06-10 18:24:16.172907263+00:00,10,0,0,0,25.652906732598996,0.8814032161740089,0.0,zonia,0,False
2025-06-10 18:27:31.777800263+00:00,10,0,0,0,25.39990051246471,0.8821444466903718,0.0,zonia,0,False
2025-06-10 18:28:29.876761263+00:00,10,0,0,0,25.379986229928,0.8794180133898447,0.0,zonia,0,False
2025-06-10 18:47:30.200994263+00:00,10,0,0,0,24.433764559304386,0.8426578509229781,0.0,zonia,0,False
2025-06-10 18:57:49.158822263+00:00,10,0,0,0,24.13093489221594,0.8433896908346286,0.0,zonia,0,False
2025-06-10 19:30:16.650107263+00:00,10,0,0,0,23.17343742039626,0.8829242036108699,0.0,zonia,0,False
2025-06-10 19:35:49.056458263+00:00,10,0,0,0,22.90539736397536,0.9057024286214258,0.0,zonia,0,False
2025-06-10 19:41:18.502289263+00:00,10,0,0,0,22.64888681857205,0.9199268905869762,0.0,zonia,0,False
2025-06-10 19:59:33.091118263+00:00,10,0,0,0,21.59115480226974,0.9248243385232137,0.0,zonia,0,False
2025-06-10 20:56:35.176510263+00:00,10,0,0,0,21.04905582672847,0.9475000087040151,0.0,zonia,0,False
2025-06-10 21:13:51.073881263+00:00,10,0,0,0,20.583404899127483,0.961394022949602,0.0,zonia,0,False
2025-06-10 21:18:32.632899263+00:00,10,0,0,0,20.454730648769704,0.9669160184216687,0.0,zonia,0,False
2025-06-10 21:53:49.957099263+00:00,10,0,0,0,19.995447023014396,0.9699249450912257,0.0,zonia,0,False
2025-06-10 22:45:45.089145263+00:00,10,0,0,0,19.234147231011676,0.9714402177786642,0.0,zonia,0,False
2025-06-10 23:18:05.394725263+00:00,10,0,0,0,18.63785478168474,0.9783354539352871,0.0,zonia,0,False
2025-06-10 23:46:29.098126263+00:00,10,0,0,0,18.50567869651158,0.9802126132192817,0.0,zonia,0,False
2025-06-10 23:49:58.518600263+00:00,10,0,0,0,18.319519898502236,0.981846548772296,0.0,zonia,0,False
2025-06-10 23:52:39.605892263+00:00,10,0,0,0,18.40765494405156,0.9817142017898822,0.0,zonia,0,False
2025-06-10 23:58:40.073042263+00:00,10,0,0,0,18.505157294634458,0.9801765902218278,0.0,zonia,0,False
2025-06-11 00:24:19.819905263+00:00,10,0,0,0,18.299505041174072,0.9814389957828841,0.0,zonia,0,False
2025-06-11 00:33:34.726590263+00:00,10,0,0,0,18.5068893916446,0.9838514168882085,0.0,zonia,0,False
2025-06-11 00:47:39.967612263+00:00,10,0,0,0,18.151214978082766,0.9866576327992915,0.0,zonia,0,False
2025-06-11 01:16:37.966493263+00:00,10,0,0,0,17.921447409118233,0.9860378332509289,0.0,zonia,0,False
2025-06-11 01:34:18.351722263+00:00,10,0,0,0,17.563881916441545,0.9858687657113567,0.0,zonia,0,False
2025-06-11 01:43:10.252824263+00:00,10,0,0,0,17.592141418611195,0.9763771459880918,0.0,zonia,0,False
2025-06-11 01:57:29.252806263+00:00,10,0,0,0,17.671239317963913,0.9744378639364303,0.0,zonia,0,False
2025-06-11 01:58:41.427069263+00:00,10,0,0,0,17.67207337711736,0.9732224703459526,0.0,zonia,0,False
2025-06-11 02:00:37.904424263+00:00,10,0,0,0,18.034318650168224,0.9674320936246815,0.0,zonia,0,False
2025-06-11 02:03:51.136485263+00:00,10,0,0,0,17.61496406666776,0.9680596522616494,0.0,zonia,0,False
2025-06-11 02:04:41.192752263+00:00,10,0,0,0,17.819086731701706,0.9700693427802687,0.0,zonia,0,False
2025-06-11 02:34:18.780986263+00:00,10,0,0,0,17.12079550494189,0.9762575851888924,0.0,zonia,0,False
2025-06-11 02:37:29.073601263+00:00,10,0,0,0,17.24376176203,0.9776342011608966,0.0,zonia,0,False
2025-06-11 02:51:45.843897263+00:00,10,0,0,0,17.238071000107904,0.9786574588332687,0.0,zonia,0,False
2025-06-11 03:08:55.026004263+00:00,10,0,0,0,16.994386380543055,0.9752714702606786,0.0,zonia,0,False
2025-06-11 04:09:29.407269263+00:00,10,0,0,0,17.317040971548,0.9773971111209601,0.0,zonia,0,False
2025-06-11 04:22:28.620806263+00:00,10,0,0,0,17.967917955812105,0.9793008119105888,0.0,zonia,0,False
2025-06-11 04:24:53.089328263+00:00,10,0,0,0,17.963086339478643,0.9786679430626318,0.0,zonia,0,False
2025-06-11 04:26:55.716422263+00:00,10,0,0,0,17.85858283728099,0.9779353454245634,0.0,zonia,0,False
2025-06-11 04:35:56.662330263+00:00,10,0,0,0,18.43934989160012,0.9757787648839041,0.0,zonia,0,False
2025-06-11 04:36:13.220090263+00:00,10,0,0,0,18.513227125393207,0.9760826813977197,0.0,zonia,0,False
2025-06-11 05:06:20.414894263+00:00,10,0,0,0,20.3647250387152,0.9713673434114014,0.0,zonia,0,False
2025-06-11 05:13:19.065413263+00:00,10,0,0,0,21.055186670096965,0.9731564325621249,0.0,zonia,0,False
2025-06-11 05:28:26.887526263+00:00,10,0,0,0,21.9252012110441,0.9618558514699332,0.0,zonia,0,False
2025-06-11 05:58:57.393291263+00:00,10,0,0,0,24.058313000368024,0.950851688615284,0.0,zonia,0,False
2025-06-11 06:13:47.621062263+00:00,10,0,0,0,24.393788329701174,0.9528975421701059,0.0,zonia,0,False
2025-06-11 06:28:43.317982263+00:00,10,0,0,0,25.428649200000606,0.8953651640996206,0.0,zonia,0,False
2025-06-11 06:33:15.698043263+00:00,10,0,0,0,25.25972404926004,0.8768672378444917,0.0,zonia,0,False
2025-06-11 06:40:10.520518263+00:00,10,0,0,0,26.051855838753077,0.8689892338852774,0.0,zonia,0,False
2025-06-11 06:51:58.178643263+00:00,10,0,0,0,27.28842939734062,0.8649687854623638,0.0,zonia,0,False
2025-06-11 07:14:07.814108263+00:00,10,0,0,0,27.386516506114067,0.9024045868644593,0.0,zonia,0,False
2025-06-11 07:37:48.871589263+00:00,10,0,0,0,28.62851985757134,0.9144445310265011,0.0,zonia,0,False
2025-06-11 07:55:32.413179263+00:00,10,0,0,0,28.689713566772724,0.9200232952569867,0.0,zonia,0,False
2025-06-11 08:05:37.324479263+00:00,10,0,0,0,29.2225285218914,0.9255465235078713,0.0,zonia,0,False
2025-06-11 08:09:47.166701263+00:00,10,0,0,0,29.2055941562072,0.9461664891100922,0.0,zonia,0,False
2025-06-11 08:10:33.614775263+00:00,10,0,0,0,29.064005735982533,0.9567421070127992,0.0,zonia,0,False
2025-06-11 08:15:58.638013263+00:00,10,0,0,0,29.491603985974308,0.9453645037373916,0.0,zonia,0,False
2025-06-11 08:26:02.208604263+00:00,10,0,0,0,29.52202330260918,0.9472092918549258,0.0,zonia,0,False
2025-06-11 08:37:46.256445263+00:00,10,0,0,0,29.852503460596395,0.9466790595437541,0.0,zonia,0,False
2025-06-11 08:43:20.395110263+00:00,10,0,0,0,30.113957630742274,0.9651387078192677,0.0,zonia,0,False
2025-06-11 09:21:37.808900263+00:00,10,0,0,0,30.750549968433106,0.9613905697666872,0.0,zonia,0,False
2025-06-11 09:36:07.756876263+00:00,10,0,0,0,31.038768407006952,0.9664482363321618,0.0,zonia,0,False
2025-06-11 10:25:13.214632263+00:00,10,0,0,0,31.241104448272655,0.9658073831597278,0.0,zonia,0,False
2025-06-11 11:07:24.234823263+00:00,10,0,0,0,31.798792692707416,0.968030347250344,0.0,zonia,0,False
2025-06-11 11:29:47.353606263+00:00,10,0,0,0,32.103799582369284,0.9756759355610723,0.0,zonia,0,False
2025-06-11 11:32:07.640595263+00:00,10,0,0,0,31.97538518136295,0.9743603411777213,0.0,zonia,0,False
2025-06-11 11:44:55.443298263+00:00,10,0,0,0,31.903623543667923,0.9638900488432206,0.0,zonia,0,False
2025-06-11 11:51:30.139912263+00:00,10,0,0,0,31.855667923338373,0.9578091256404002,0.0,zonia,0,False
2025-06-11 12:05:42.352311263+00:00,10,0,0,0,32.057685601983295,0.9648173833735832,0.0,zonia,0,False
2025-06-11 12:34:09.457480263+00:00,10,0,0,0,32.297552162422534,0.9626277753441137,0.0,zonia,0,False
2025-06-11 12:37:52.736756263+00:00,10,0,0,0,32.45738322510971,0.9618091930306443,0.0,zonia,0,False
2025-06-11 12:51:53.139272263+00:00,10,0,0,0,32.82354557590913,0.9575403302094229,0.0,zonia,0,False
2025-06-11 12:52:50.292718263+00:00,10,0,0,0,32.898240697711806,0.9582175415341206,0.0,zonia,0,False
2025-06-11 12:52:56.994622263+00:00,10,0,0,0,32.88645959814506,0.9499890481989557,0.0,zonia,0,False
2025-06-11 13:01:55.077968263+00:00,10,0,0,0,32.50179246159704,0.9527214380624649,0.0,zonia,0,False
2025-06-11 13:14:21.357480263+00:00,10,0,0,0,33.17533667693423,0.9545159141350579,0.0,zonia,0,False
2025-06-11 13:43:05.220714263+00:00,10,0,0,0,32.951904098141966,0.9461842296512131,0.0,zonia,0,False
2025-06-11 13:44:07.644215263+00:00,10,0,0,0,32.87580669606222,0.9464343790137673,0.0,zonia,0,False
2025-06-11 13:49:57.553970263+00:00,10,0,0,0,32.80044118258,0.9466617105243114,0.0,zonia,0,False
2025-06-11 13:50:13.646067263+00:00,10,0,0,0,33.15688559846654,0.9491383384279853,0.0,zonia,0,False
2025-06-11 14:00:16.622260263+00:00,10,0,0,0,32.495055326099475,0.9579924106590789,0.0,zonia,0,False
2025-06-11 14:05:03.638848263+00:00,10,0,0,0,32.65718365451764,0.8750601698609983,0.0,zonia,0,False
2025-06-11 14:23:12.751610263+00:00,10,0,0,0,33.08504952246297,0.8695680506007835,0.0,zonia,0,False
2025-06-11 14:24:07.788492263+00:00,10,0,0,0,33.24310842959829,0.8985576586038967,0.0,zonia,0,False
2025-06-11 14:27:33.617319263+00:00,10,2,0,0,33.077860261056095,0.9699082417426425,0.33937641307998917,zonia,0,False
2025-06-11 14:39:07.218688263+00:00,10,2,0,0,33.050731904535844,0.9740665827003273,-0.08870821995464208,zonia,0,False
2025-06-11 14:49:13.684353263+00:00,10,2,0,0,32.6533272225615,0.9755177538350042,-0.45000495778029587,zonia,0,False
2025-06-11 15:09:53.425431263+00:00,10,2,0,0,32.703189188224364,0.9737276315759383,-0.45000495778029587,zonia,0,False
2025-06-11 15:18:45.821952263+00:00,10,2,0,0,32.868180087805825,0.9716275018890049,-0.45000495778029587,zonia,0,False
2025-06-11 15:19:07.899561263+00:00,10,2,0,0,32.63832611076231,0.9598157781401315,-0.45000495778029587,zonia,0,False
2025-06-11 15:30:51.464242263+00:00,10,2,0,0,32.3070039072243,0.966125679163241,-0.5464561173968325,zonia,0,False
2025-06-11 15:44:06.685718263+00:00,10,2,0,0,32.01226929075,0.9646592365983884,-0.5464561173968325,zonia,0,False
2025-06-11 16:20:45.126495263+00:00,10,2,0,0,30.752627081099927,0.9677853346455647,-0.6040086031486979,zonia,0,False
2025-06-11 16:41:26.683605263+00:00,10,2,0,0,30.386427905486173,0.9722309519715643,-0.6839396380482219,zonia,0,False
2025-06-11 16:52:25.604553263+00:00,10,2,0,0,29.975320234873912,0.9690278401215577,-0.6839396380482219,zonia,0,False
2025-06-11 17:38:15.210121263+00:00,10,2,0,0,28.704742562930726,0.9754922637636338,-0.6839396380482219,zonia,0,False
2025-06-11 17:56:41.873563263+00:00,10,2,0,0,27.794737179964944,0.9685749254338988,-0.6839396380482219,zonia,0,False
2025-06-11 18:02:21.237092263+00:00,10,2,0,0,27.541558350680514,0.9649006680419215,-0.6839396380482219,zonia,0,False
2025-06-11 18:19:07.364833263+00:00,10,2,0,0,27.56403183309567,0.9759614578395585,-0.7227098461449349,zonia,0,False
2025-06-11 18:51:56.767442263+00:00,10,2,0,0,25.665368270508758,0.7983945111135229,0.0,zonia,0,False
2025-06-11 18:59:14.850949263+00:00,10,2,0,0,25.321239283092186,0.9055594975612623,0.0,zonia,0,False
2025-06-11 19:19:44.836381263+00:00,10,2,0,0,24.339413242345433,0.9084123184340317,0.0,zonia,0,False
2025-06-11 19:39:46.420903263+00:00,10,2,0,0,23.51105828386873,0.9095136082280383,0.0,zonia,0,False
2025-06-11 19:55:19.388394263+00:00,10,2,0,0,23.3010676019874,0.909825730026591,0.0,zonia,0,False
2025-06-11 20:17:37.556481263+00:00,10,2,0,0,22.74101967616246,0.9589743006077044,0.0,zonia,0,False
2025-06-11 20:28:17.045628263+00:00,10,2,0,0,22.37738659706493,0.9600101221579456,0.0,zonia,0,False
2025-06-11 20:42:52.978342263+00:00,10,2,0,0,22.345928030841524,0.9540522435518212,0.0,zonia,0,False
2025-06-11 20:54:51.392977263+00:00,10,2,0,0,22.168327322901632,0.952721364981885,0.0,zonia,0,False
2025-06-11 20:55:52.134906263+00:00,10,2,0,0,21.756332837908833,0.9541244632758661,0.0,zonia,0,False
2025-06-11 21:05:31.911132263+00:00,10,2,0,0,22.156807962570955,0.9495932891666348,0.0,zonia,0,False
2025-06-11 21:07:44.977411263+00:00,10,2,0,0,21.906670529229057,0.9507322270603591,0.0,zonia,0,False
2025-06-11 21:52:14.394604263+00:00,10,2,0,0,20.810873454187977,0.9777757726855172,0.0,zonia,0,False
2025-06-11 21:53:32.576514263+00:00,10,2,0,0,20.883085393126734,0.9913398543266825,0.0,zonia,0,False
2025-06-11 22:13:17.565751263+00:00,10,2,0,0,20.649279773237907,0.9927145371997405,0.0,zonia,0,False
2025-06-11 22:37:45.450047263+00:00,10,2,0,0,20.123847621198063,0.9959147282879101,0.0,zonia,0,False
2025-06-11 22:50:20.666085263+00:00,10,2,0,0,19.34354867042253,1.0020543646269149,0.0,zonia,0,False
2025-06-11 23:04:55.648654263+00:00,10,2,0,0,19.890881811660254,0.9990390502339754,0.0,zonia,0,False
2025-06-11 23:29:54.870018263+00:00,10,2,0,0,19.408811630769186,0.994383328599601,0.0,zonia,0,False
2025-06-11 23:33:08.273235263+00:00,10,2,0,0,19.360481703045846,0.9904027149223061,0.0,zonia,0,False
2025-06-11 23:40:05.039163263+00:00,10,2,0,0,19.413311407462356,0.9904130291782396,0.0,zonia,0,False
2025-06-11 23:41:44.425405263+00:00,10,2,0,0,19.213802705943433,0.988471969025674,0.0,zonia,0,False
2025-06-12 00:06:09.030286263+00:00,10,2,0,0,18.68062056613849,0.9903968862111112,0.0,zonia,0,False
2025-06-12 00:27:13.615115263+00:00,10,2,0,0,19.075280360481305,0.9901168035482335,0.0,zonia,0,False
2025-06-12 00:37:39.045609263+00:00,10,2,0,0,18.663847549142798,0.996118232596692,0.0,zonia,0,False
2025-06-12 00:38:26.270417263+00:00,10,2,0,0,18.97205622069795,0.9995285235350103,0.0,zonia,0,False
2025-06-12 00:43:15.730352263+00:00,10,2,0,0,18.724213337615698,1.0040926495915135,0.0,zonia,0,False
2025-06-12 00:59:04.916896263+00:00,10,2,0,0,18.266177950899106,1.004241837359064,0.0,zonia,0,False
2025-06-12 01:42:57.065227263+00:00,10,2,0,0,18.16785969622263,1.006380752692031,0.0,zonia,0,False
2025-06-12 02:07:55.425766263+00:00,10,2,0,0,18.263863399913653,0.9974021463305665,0.0,zonia,0,False
2025-06-12 02:18:25.378260263+00:00,10,2,0,0,18.1436028884234,0.9964136139021117,0.0,zonia,0,False
2025-06-12 02:19:14.758025263+00:00,10,2,0,0,17.902218736888493,0.9999874528843944,0.0,zonia,0,False
2025-06-12 02:23:05.163051263+00:00,10,2,0,0,17.629116673771655,1.0038542262965828,0.0,zonia,0,False
2025-06-12 03:17:38.609874263+00:00,10,2,0,0,16.933605649743225,1.0094700208563152,0.0,zonia,0,False
2025-06-12 03:26:10.645008263+00:00,10,2,0,0,16.80858326197021,1.0112826325379727,0.0,zonia,0,False
2025-06-12 04:04:45.861757263+00:00,10,2,0,0,16.7965749486633,1.015559328738507,0.0,zonia,0,False
2025-06-12 04:11:07.086509263+00:00,10,2,0,0,16.929881115119745,1.0127781944136263,0.0,zonia,0,False
2025-06-12 04:21:47.088285263+00:00,10,2,0,0,17.14135320468711,1.0158591615947579,0.0,zonia,0,False
2025-06-12 04:32:05.928023263+00:00,10,2,0,0,17.72032979808899,1.0162147864830877,0.0,zonia,0,False
2025-06-12 04:40:44.339190263+00:00,10,2,0,0,18.49971236066722,1.121431962351681,0.0,zonia,0,False
2025-06-12 04:50:19.453610263+00:00,10,2,0,0,18.702459000405007,1.1017692304195617,0.0,zonia,0,False
2025-06-12 05:23:14.712278263+00:00,10,2,0,0,20.636933402513677,1.1511598731717994,0.0,zonia,0,False
2025-06-12 05:42:24.584516263+00:00,10,2,0,0,22.206346828975388,1.151592993590514,0.0,zonia,0,False
2025-06-12 05:55:16.487106263+00:00,10,2,0,0,22.86382288317263,1.1743090217501817,0.0,zonia,0,False
2025-06-12 06:01:32.090481263+00:00,10,2,0,0,23.10244609634589,1.1803918718651252,0.0,zonia,0,False
2025-06-12 06:15:28.650863263+00:00,10,2,0,0,23.310642168078434,1.1826654623734276,0.0,zonia,0,False
2025-06-12 07:13:08.625966263+00:00,10,2,0,0,26.549265199403717,1.2028442257893,0.0,zonia,0,False
2025-06-12 07:24:27.743814263+00:00,10,2,0,0,27.04139832670765,1.2147605045550702,0.0,zonia,0,False
2025-06-12 07:25:19.763892263+00:00,10,2,0,0,26.9687549221736,1.216975878247139,0.0,zonia,0,False
2025-06-12 07:36:26.630345263+00:00,10,2,0,0,27.416123649090355,1.2164666456326751,0.0,zonia,0,False
2025-06-12 07:55:21.064398263+00:00,10,2,0,0,28.44739436498832,1.2179085779209584,0.0,zonia,0,False
2025-06-12 08:00:18.115804263+00:00,10,2,0,0,28.573638140582847,1.2208812460115337,0.0,zonia,0,False
2025-06-12 08:12:42.856978263+00:00,10,2,0,0,28.64418641061382,1.2170329559849071,0.0,zonia,0,False
2025-06-12 08:15:35.609836263+00:00,10,2,0,0,29.014993609525575,1.225822400534569,0.0,zonia,0,False
2025-06-12 08:23:21.192983263+00:00,10,2,0,0,29.179573109406785,1.2270255905965812,0.0,zonia,0,False
2025-06-12 08:51:14.788871263+00:00,10,2,0,0,29.477253328174886,1.2233362936892347,0.0,zonia,0,False
2025-06-12 08:53:04.760812263+00:00,10,2,0,0,29.384642671332188,1.21967245182567,0.0,zonia,0,False
2025-06-12 09:03:04.739277263+00:00,10,2,0,0,29.57893981515341,1.2213229645017099,0.0,zonia,0,False
2025-06-12 09:04:41.501784263+00:00,10,2,0,0,29.435846809627762,1.223071265306786,0.0,zonia,0,False
2025-06-12 09:04:56.940223263+00:00,10,2,0,0,29.518655318125674,1.2244597096362708,0.0,zonia,0,False
2025-06-12 09:20:20.838079263+00:00,10,2,0,0,29.82331210571484,1.225034075642202,0.0,zonia,0,False
2025-06-12 09:33:29.784403263+00:00,10,2,0,0,30.220129562282875,1.2280960283580467,0.0,zonia,0,False
2025-06-12 09:49:33.473298263+00:00,10,2,0,0,30.36466812669431,1.2275594544336859,0.0,zonia,0,False
2025-06-12 10:07:19.076573263+00:00,10,2,0,0,30.442264348086734,1.2288788393112033,0.0,zonia,0,False
2025-06-12 10:20:36.792156263+00:00,10,2,0,0,30.942423930482832,1.2232880306748657,0.0,zonia,0,False
2025-06-12 10:49:16.882044263+00:00,10,2,0,0,31.21707840256022,1.2095433499888062,0.0,zonia,0,False
2025-06-12 12:01:43.634651263+00:00,10,2,0,0,32.386158994011325,1.2079260835639303,0.0,zonia,0,False
2025-06-12 12:04:42.728350263+00:00,10,2,0,0,32.57977331357432,1.2074623306453045,0.0,zonia,0,False
2025-06-12 12:07:49.991112263+00:00,10,2,0,0,32.10441450479715,1.2084248538036915,0.0,zonia,0,False
2025-06-12 12:22:57.209487263+00:00,10,2,0,0,32.51036680181805,1.2020679896735187,0.0,zonia,0,False
2025-06-12 12:52:09.234142263+00:00,10,2,0,0,32.40558140478634,1.1945925452454271,0.0,zonia,0,False
2025-06-12 12:59:53.694594263+00:00,10,2,0,0,32.82154043322762,1.185779121533439,0.0,zonia,0,False
2025-06-12 13:23:06.665404263+00:00,10,2,0,0,33.152739732511655,1.1861622150705011,0.0,zonia,0,False
2025-06-12 14:01:31.250024263+00:00,10,2,0,0,33.56055233418626,1.1945368165674874,0.0,zonia,0,False
2025-06-12 14:04:34.260227263+00:00,10,2,0,0,33.439660013441355,1.184362165556298,0.0,zonia,0,False
2025-06-12 14:05:51.591372263+00:00,10,2,0,0,33.16607327975983,1.1838008507675502,0.0,zonia,0,False
2025-06-12 14:08:06.238774263+00:00,10,2,0,0,33.07295259127387,1.1855898501295274,0.0,zonia,0,False
2025-06-12 14:27:16.422068263+00:00,10,2,0,0,32.9283257925823,1.188784188732304,0.0,zonia,0,False
2025-06-12 15:06:51.017223263+00:00,10,2,0,0,32.40781426622803,1.1817960145947388,0.0,zonia,0,False
2025-06-12 15:50:31.892055263+00:00,10,2,0,0,32.10080972856742,1.1750687579337973,0.0,zonia,0,False
2025-06-12 16:19:41.336507263+00:00,10,2,0,0,31.588898023267305,1.1759001450799047,0.0,zonia,0,False
2025-06-12 16:52:02.707658263+00:00,10,2,0,0,31.27903400157244,1.1905805653872803,0.0,zonia,0,False
2025-06-12 16:52:09.395859263+00:00,10,2,0,0,30.368349467390008,1.1885126559419683,0.0,zonia,0,False
2025-06-12 16:59:27.403631263+00:00,10,2,0,0,30.261281365174355,1.1822776784658526,0.0,zonia,0,False
2025-06-12 17:03:43.690792263+00:00,10,2,0,0,30.26152811114821,1.1817136812459408,0.0,zonia,0,False
2025-06-12 17:28:07.643415263+00:00,10,2,0,0,29.332785329681624,1.1814416276447195,0.0,zonia,0,False
2025-06-12 17:42:25.860551263+00:00,10,2,0,0,29.18527233506413,1.1913549319773835,0.0,zonia,0,False
2025-06-12 17:56:06.340960263+00:00,10,2,0,0,28.599639287792908,1.194378485182614,0.0,zonia,0,False
2025-06-12 17:59:54.047052263+00:00,10,2,0,0,28.223916136605403,1.1954884326722721,0.0,zonia,0,False
2025-06-12 18:21:57.747538263+00:00,10,2,0,0,27.280309576237006,1.2013377541361172,0.0,zonia,0,False
2025-06-12 18:22:32.549579263+00:00,10,2,0,0,27.43936553009159,1.2017637151972846,0.0,zonia,0,False
2025-06-12 18:22:59.435531263+00:00,10,2,0,0,27.492649906781136,1.2044410528506675,0.0,zonia,0,False
2025-06-12 18:41:31.598964263+00:00,10,2,0,0,26.136057640775608,1.2009784268741337,0.0,zonia,0,False
2025-06-12 18:49:20.619493263+00:00,10,2,0,0,25.733796989904754,1.2026516171605746,0.0,zonia,0,False
2025-06-12 19:13:25.756386263+00:00,10,2,0,0,24.409020881531656,1.1998817281267389,0.0,zonia,0,False
2025-06-12 19:26:03.663138263+00:00,10,2,0,0,23.949617729518756,1.1988537520492797,0.0,zonia,0,False
2025-06-12 19:51:27.023797263+00:00,10,2,0,0,23.318770302393933,1.2031503774128953,0.0,zonia,0,False
2025-06-12 20:11:08.695947263+00:00,10,2,0,0,22.786970724289983,1.2052517430615735,0.0,zonia,0,False
2025-06-12 20:41:20.397515263+00:00,10,2,0,0,22.227294082755105,1.215455266479471,0.0,zonia,0,False
2025-06-12 20:52:22.792493263+00:00,10,2,0,0,22.051094176572562,1.214962820284322,0.0,zonia,0,False
2025-06-12 20:54:12.548085263+00:00,10,2,0,0,21.866260588596088,1.216193777083832,0.0,zonia,0,False
2025-06-12 21:28:34.285708263+00:00,10,2,0,0,21.417968413279976,1.2183511506563867,0.0,zonia,0,False
2025-06-12 21:59:20.128781263+00:00,10,2,0,0,21.285725845432427,1.21716022418537,0.0,zonia,0,False
2025-06-12 22:20:28.995186263+00:00,10,2,0,0,20.583555027070677,1.204086624708004,0.0,zonia,0,False
2025-06-12 22:21:34.653108263+00:00,10,2,0,0,21.35390168306865,1.199686920134011,0.0,zonia,0,False
2025-06-12 22:30:57.407805263+00:00,10,2,0,0,21.47465102291653,1.204160960004538,0.0,zonia,0,False
2025-06-12 22:36:03.335501263+00:00,10,2,0,0,20.726059119490092,1.2018898429266802,0.0,zonia,0,False
2025-06-12 22:36:10.060212263+00:00,10,2,0,0,21.332294209164065,1.2075365325926488,0.0,zonia,0,False
2025-06-12 23:13:00.192005263+00:00,10,2,0,0,19.84061623169508,1.2096662428143141,0.0,zonia,0,False
2025-06-12 23:40:25.201415263+00:00,10,2,0,0,20.249475878533623,1.196937569251082,0.0,zonia,0,False
2025-06-12 23:55:41.949071263+00:00,10,2,0,0,20.21827339650652,1.1908459701292107,0.0,zonia,0,False
2025-06-12 23:58:38.597247263+00:00,10,2,0,0,20.067474893564036,1.1908316428711652,0.0,zonia,0,False
2025-06-13 00:03:27.768970263+00:00,10,2,0,0,19.477306130895883,1.1937574354984772,0.0,zonia,0,False
2025-06-13 00:22:37.629649263+00:00,10,2,0,0,19.62800329469046,1.1910320295162342,0.0,zonia,0,False
2025-06-13 00:29:47.216220263+00:00,10,2,0,0,19.299185615976874,1.1992456373981182,0.0,zonia,0,False
2025-06-13 00:31:41.692830263+00:00,10,2,0,0,19.150609701044615,1.191348739952661,0.0,zonia,0,False
2025-06-13 00:33:48.505595263+00:00,10,2,0,0,19.715744394217175,1.195457666188443,0.0,zonia,0,False
2025-06-13 01:06:44.976175263+00:00,10,2,0,0,19.173450432914194,1.210161297593575,0.0,zonia,0,False
2025-06-13 01:11:04.351520263+00:00,10,2,0,0,19.014051271759463,1.2121159959722823,0.0,zonia,0,False
2025-06-13 01:49:38.252353263+00:00,10,2,0,0,18.713347046585863,1.2079627101744606,0.0,zonia,0,False
2025-06-13 01:52:15.633187263+00:00,10,2,0,0,19.219344924189826,1.2006500359174745,0.0,zonia,0,False
2025-06-13 02:10:21.204486263+00:00,10,2,0,0,18.42482362038108,1.204938322080052,0.0,zonia,0,False
2025-06-13 02:15:21.812598263+00:00,10,2,0,0,18.169145601139366,1.2080994650520274,0.0,zonia,0,False
2025-06-13 02:16:18.818934263+00:00,10,2,0,0,18.329405680100052,1.2112691941898988,0.0,zonia,0,False
2025-06-13 02:18:38.324559263+00:00,10,2,0,0,18.323672025038697,1.215365063097988,0.0,zonia,0,False
2025-06-13 03:04:56.551724263+00:00,10,2,0,0,18.181516662300375,1.220412220920614,0.0,zonia,0,False
2025-06-13 03:05:53.647479263+00:00,10,2,0,0,18.208335325455064,1.2265291399321672,0.0,zonia,0,False
2025-06-13 03:10:48.279760263+00:00,10,2,0,0,18.138483157755466,1.2322609864554863,0.0,zonia,0,False
2025-06-13 03:12:33.056364263+00:00,10,2,0,0,18.03864738249947,1.2361660696190968,0.0,zonia,0,False
2025-06-13 03:33:04.281852263+00:00,10,2,0,0,17.824186352319106,1.2387992888032362,0.0,zonia,0,False
2025-06-13 03:58:35.353447263+00:00,10,2,0,0,17.867886662150386,1.2393067009124377,0.0,zonia,0,False
2025-06-13 03:58:47.765019263+00:00,10,2,0,0,17.821854729707756,1.240577133907117,0.0,zonia,0,False
2025-06-13 04:16:38.582312263+00:00,10,2,0,0,17.918865161508716,1.2428033055490806,0.0,zonia,0,False
2025-06-13 04:32:23.909639263+00:00,10,2,0,0,18.869770228879,1.2396450926577396,0.0,zonia,0,False
2025-06-13 04:51:18.478014263+00:00,10,2,0,0,20.016027738537364,1.226014458218647,0.0,zonia,0,False
2025-06-13 05:43:16.009317263+00:00,10,2,0,0,23.021643250268138,1.1065517567813739,0.0,zonia,0,False
2025-06-13 05:51:15.737570263+00:00,10,2,0,0,23.845459636604065,1.093954427243895,0.0,zonia,0,False
2025-06-13 06:05:31.715887263+00:00,10,2,0,0,24.679560631164236,1.0856810119751554,0.0,zonia,0,False
2025-06-13 06:31:20.255410263+00:00,10,2,0,0,26.028872745096045,1.0825837801174374,0.0,zonia,0,False
2025-06-13 06:39:56.501213263+00:00,10,2,0,0,26.40860877920725,1.071162842671584,0.0,zonia,0,False
2025-06-13 06:45:02.605014263+00:00,10,2,0,0,26.39569067197419,1.071896783550595,0.0,zonia,0,False
2025-06-13 06:45:42.535167263+00:00,10,2,0,0,26.319536666238836,1.126450606447262,0.0,zonia,0,False
2025-06-13 06:52:00.510794263+00:00,10,2,0,0,26.647018360033726,1.146353469766036,0.0,zonia,0,False
2025-06-13 06:52:10.499048263+00:00,10,2,0,0,26.683228207237896,1.1445622985448105,0.0,zonia,0,False
2025-06-13 07:11:12.218232263+00:00,10,2,0,0,27.68795438233745,1.1704599410687648,0.0,zonia,0,False
2025-06-13 07:52:39.262419263+00:00,10,2,0,0,29.402376045970815,1.178219634707081,0.0,zonia,0,False
2025-06-13 07:53:00.161591263+00:00,10,2,0,0,29.32152141698019,1.1761573123745181,0.0,zonia,0,False
2025-06-13 09:12:18.318119263+00:00,10,2,0,0,30.677799387895323,1.2061471016154983,0.0,zonia,0,False
2025-06-13 09:32:43.024630263+00:00,10,2,0,0,31.11203346484295,1.208899930647287,0.0,zonia,0,False
2025-06-13 09:32:59.736304263+00:00,10,2,0,0,31.30671049206776,1.2126090056813077,0.0,zonia,0,False
2025-06-13 09:44:25.519439263+00:00,10,2,0,0,31.6413846985085,1.215065339646053,0.0,zonia,0,False
2025-06-13 10:03:02.908737263+00:00,10,2,0,0,32.456342930571466,1.2185049099120595,0.0,zonia,0,False
2025-06-13 10:12:41.512458263+00:00,10,2,0,0,32.09434061229695,1.2093656458275361,0.0,zonia,0,False
2025-06-13 10:32:15.033853263+00:00,10,2,0,0,32.51671804801015,1.2107204306867534,0.0,zonia,0,False
2025-06-13 10:33:31.855742263+00:00,10,2,0,0,32.49006619034128,1.2109674174246832,0.0,zonia,0,False
2025-06-13 10:40:26.847134263+00:00,10,2,0,0,32.71987900181627,1.2125989774880133,0.0,zonia,0,False
2025-06-13 10:44:28.666514263+00:00,10,2,0,0,32.710323858432886,1.2123254043043619,0.0,zonia,0,False
2025-06-13 10:46:08.756409263+00:00,10,2,0,0,32.45520087499006,1.2125780390475454,0.0,zonia,0,False
2025-06-13 10:54:33.725109263+00:00,10,2,0,0,32.53342178468923,1.2112484286066723,0.0,zonia,0,False
2025-06-13 10:54:47.288628263+00:00,10,2,0,0,32.66468872637243,1.2108273155843914,0.0,zonia,0,False
2025-06-13 11:02:29.826726263+00:00,10,2,0,0,33.11933489261414,1.2103389711436385,0.0,zonia,0,False
2025-06-13 11:32:25.087968263+00:00,10,2,0,0,33.11356984981437,1.2088340374024915,0.0,zonia,0,False
2025-06-13 11:34:55.476116263+00:00,10,2,0,0,33.07787642589321,1.2129252148822178,0.0,zonia,0,False
2025-06-13 11:48:32.719487263+00:00,10,2,0,0,33.024865780655716,1.2096913292117837,0.0,zonia,0,False
2025-06-13 12:15:02.185552263+00:00,10,2,0,0,33.68076521953461,1.2083915323347039,0.0,zonia,0,False
2025-06-13 12:23:01.012830263+00:00,10,2,0,0,33.43905978273889,1.2123428631275734,0.0,zonia,0,False
2025-06-13 12:44:43.924729263+00:00,10,2,0,0,34.21650406473608,1.2094057772606162,0.0,zonia,0,False
2025-06-13 12:54:15.108360263+00:00,10,2,0,0,34.520057838412036,1.1989103289074994,0.0,zonia,0,False
2025-06-13 13:14:19.907436263+00:00,10,2,0,0,33.79590250336596,1.1983185105153824,0.0,zonia,0,False
2025-06-13 13:23:13.624830263+00:00,10,2,0,0,34.6306207110357,1.1968774605122001,0.0,zonia,0,False
2025-06-13 13:25:00.699996263+00:00,10,2,0,0,34.48451825099935,1.1945642959374816,0.0,zonia,0,False
2025-06-13 13:36:27.156312263+00:00,10,2,0,0,33.95706324817548,1.1871749436615122,0.0,zonia,0,False
2025-06-13 13:37:56.134081263+00:00,10,2,0,0,33.79126314897657,1.1878311218264863,0.0,zonia,0,False
2025-06-13 13:39:20.931431263+00:00,10,2,0,0,33.867201459014204,1.1872286581225018,0.0,zonia,0,False
2025-06-13 13:41:59.526668263+00:00,10,2,0,0,34.57229991148939,1.194648440247234,0.0,zonia,0,False
2025-06-13 13:43:59.543243263+00:00,10,2,0,0,34.28688446704415,1.1931135544041709,0.0,zonia,0,False
2025-06-13 13:57:07.152982263+00:00,10,2,0,0,34.26609410219332,1.1980365077514306,0.0,zonia,0,False
2025-06-13 14:39:54.314881263+00:00,10,2,0,0,33.57440244984059,1.1866253751643472,0.0,zonia,0,False
2025-06-13 14:59:24.366724263+00:00,10,2,0,0,33.3552323836851,1.1825592640714178,0.0,zonia,0,False
2025-06-13 15:12:27.552319263+00:00,10,2,0,0,33.766399016980934,1.163661002709267,0.0,zonia,0,False
2025-06-13 15:33:47.160031263+00:00,10,2,0,0,32.4668206914836,1.157608040608975,0.0,zonia,0,False
2025-06-13 16:03:03.215531263+00:00,10,2,0,0,32.290048028536575,1.164546747172572,0.0,zonia,0,False
2025-06-13 16:04:50.661142263+00:00,10,2,0,0,31.97061758117731,1.1600682500520278,0.0,zonia,0,False
2025-06-13 16:05:34.247519263+00:00,10,2,0,0,32.23668070237718,1.1645623360550694,0.0,zonia,0,False
2025-06-13 16:08:39.226177263+00:00,10,2,0,0,32.09837339125427,1.154981617893504,0.0,zonia,0,False
2025-06-13 16:12:01.847835263+00:00,10,2,0,0,32.106949636845385,1.1534820905394845,0.0,zonia,0,False
2025-06-13 16:24:42.460134263+00:00,10,2,0,0,31.84379193354953,1.1553893775520514,0.0,zonia,0,False
2025-06-13 16:46:06.115925263+00:00,10,2,0,0,31.488684576635237,1.1660318279998476,0.0,zonia,0,False
2025-06-13 16:57:56.174547263+00:00,10,2,0,0,31.023904839467466,1.071424736606649,0.0,zonia,0,False
2025-06-13 17:06:54.663062263+00:00,10,2,0,0,30.8918863120477,1.0228189865117048,0.0,zonia,0,False
2025-06-13 17:11:24.681954263+00:00,10,2,0,0,31.043331209638378,1.054621235931552,0.0,zonia,0,False
2025-06-13 17:22:56.679249263+00:00,10,2,0,0,30.517531347728074,1.0703693867549415,0.0,zonia,0,False
2025-06-13 17:41:31.118939263+00:00,10,2,0,0,30.305064826741233,1.1416348657119557,0.0,zonia,0,False
2025-06-13 17:49:10.430085263+00:00,10,2,0,0,29.73350436067471,1.1419437766059806,0.0,zonia,0,False
2025-06-13 17:52:18.560466263+00:00,10,2,0,0,29.782346372459937,1.1711082011003757,0.0,zonia,0,False
2025-06-13 18:09:55.837849263+00:00,10,2,0,0,29.202606389805577,1.1879609938744207,0.0,zonia,0,False
2025-06-13 18:10:49.033980263+00:00,10,2,0,0,29.235509650375395,1.193540966227057,0.0,zonia,0,False
2025-06-13 18:18:44.629586263+00:00,10,2,0,0,28.02927493846906,1.1982354041378929,0.0,zonia,0,False
2025-06-13 18:19:35.400909263+00:00,10,2,0,0,28.59523498414028,1.1962708602783707,0.0,zonia,0,False
2025-06-13 18:34:21.739417263+00:00,10,2,0,0,27.310258374842235,1.195090229010147,0.0,zonia,0,False
2025-06-13 18:57:54.514498263+00:00,10,2,0,0,26.047021350961924,1.204845241098256,0.0,zonia,0,False
2025-06-13 19:04:58.934705263+00:00,10,2,0,0,26.092491744103757,1.209608162726703,0.0,zonia,0,False
2025-06-13 19:34:03.332809263+00:00,10,2,0,0,24.549251925110926,1.2057445577712447,0.0,zonia,0,False
2025-06-13 19:47:21.597857263+00:00,10,2,0,0,24.361735605721435,1.213859386156638,0.0,zonia,0,False
2025-06-13 19:50:50.643887263+00:00,10,2,0,0,23.865224060470794,1.2156346210431253,0.0,zonia,0,False
2025-06-13 20:07:00.216579263+00:00,10,2,0,0,23.72304608041949,1.2118384636196335,0.0,zonia,0,False
2025-06-13 20:12:10.595827263+00:00,10,2,0,0,23.42009735493695,1.2130391709868193,0.0,zonia,0,False
2025-06-13 20:16:55.502724263+00:00,10,2,0,0,23.38658126896291,1.212378854511363,0.0,zonia,0,False
2025-06-13 20:23:06.620476263+00:00,10,2,0,0,23.3427537772799,1.2115565975842895,0.0,zonia,0,False
2025-06-13 20:50:05.737996263+00:00,10,2,0,0,23.20767536392407,1.2141672956674403,0.0,zonia,0,False
2025-06-13 20:54:07.193846263+00:00,10,2,0,0,23.19359671664135,1.213830186541186,0.0,zonia,0,False
2025-06-13 20:55:30.366060263+00:00,10,2,0,0,22.78320414487613,1.212560845570672,0.0,zonia,0,False
2025-06-13 20:58:03.215029263+00:00,10,2,0,0,22.619819243452035,1.2144828882601442,0.0,zonia,0,False
2025-06-13 21:08:20.674977263+00:00,10,2,0,0,22.319427877508808,1.2076465386417996,0.0,zonia,0,False
2025-06-13 21:21:38.532261263+00:00,10,2,0,0,21.925436221678776,1.2042047472152624,0.0,zonia,0,False
2025-06-13 21:32:46.702329263+00:00,10,2,0,0,21.59842608259094,1.2040329870360054,0.0,zonia,0,False
2025-06-13 22:16:02.800444263+00:00,10,2,0,0,21.14410728140845,1.1836213607277906,0.0,zonia,0,False
2025-06-13 22:32:11.405978263+00:00,10,2,0,0,21.188145813943336,1.1803558559036387,0.0,zonia,0,False
2025-06-13 22:53:02.183876263+00:00,10,2,0,0,20.455229043151714,1.1688876429607933,0.0,zonia,0,False
2025-06-13 23:17:35.342428263+00:00,10,2,0,0,20.49922464303006,1.177306386677729,0.0,zonia,0,False
2025-06-13 23:22:43.862248263+00:00,10,2,0,0,20.359247063538838,1.1778401549487463,0.0,zonia,0,False
2025-06-13 23:26:22.687167263+00:00,10,2,0,0,19.760094932084666,1.1824828290848892,0.0,zonia,0,False
2025-06-13 23:46:22.952883263+00:00,10,2,0,0,19.5599397642918,1.184797733622252,0.0,zonia,0,False
2025-06-14 00:25:59.931684263+00:00,10,2,0,0,19.243992996781373,1.1936591612929288,0.0,zonia,0,False
2025-06-14 00:33:07.346156263+00:00,10,2,0,0,18.845313655388892,1.1990989351939931,0.0,zonia,0,False
2025-06-14 00:45:52.500294263+00:00,10,2,0,0,19.03774687654136,1.2018910303754038,0.0,zonia,0,False
2025-06-14 00:53:53.242754263+00:00,10,2,0,0,19.51787225335099,1.2004459024541043,0.0,zonia,0,False
2025-06-14 01:01:50.357219263+00:00,10,2,0,0,18.497583674507414,1.2038120746244079,0.0,zonia,0,False
2025-06-14 01:07:58.863336263+00:00,10,2,0,0,18.739614067070537,1.1925376065051059,0.0,zonia,0,False
2025-06-14 01:15:26.424377263+00:00,10,2,0,0,18.313331854452,1.1993787741599118,0.0,zonia,0,False
2025-06-14 01:33:40.757949263+00:00,10,2,0,0,18.556587084571884,1.2025326182260032,0.0,zonia,0,False
2025-06-14 01:40:29.721969263+00:00,10,2,0,0,18.031297975748,1.2035818088306902,0.0,zonia,0,False
2025-06-14 01:50:19.923881263+00:00,10,2,0,0,17.83269994429637,1.2058709936498504,0.0,zonia,0,False
2025-06-14 01:55:49.481296263+00:00,10,2,0,0,18.32686847417817,1.2112144054099427,0.0,zonia,0,False
2025-06-14 02:04:53.296467263+00:00,10,2,0,0,17.499399101568,1.2167742718958123,0.0,zonia,0,False
2025-06-14 02:18:41.871043263+00:00,10,2,0,0,17.432539936377243,1.2163749898690388,0.0,zonia,0,False
2025-06-14 02:25:23.640076263+00:00,10,2,0,0,17.626195316709545,1.2190603105906537,0.0,zonia,0,False
2025-06-14 02:28:13.778116263+00:00,10,2,0,0,17.800365012863324,1.2194966100464784,0.0,zonia,0,False
2025-06-14 02:29:48.406391263+00:00,10,2,0,0,17.55150841515495,1.2221475737927445,0.0,zonia,0,False
2025-06-14 02:33:02.263932263+00:00,10,2,0,0,17.676559270843562,1.2229090348696936,0.0,zonia,0,False
2025-06-14 02:37:52.450117263+00:00,10,2,0,0,17.828737356747443,1.2137586343386775,0.0,zonia,0,False
2025-06-14 02:39:15.805424263+00:00,10,2,0,0,17.2843102053942,1.2113795470576771,0.0,zonia,0,False
2025-06-14 02:54:41.361757263+00:00,10,2,0,0,17.105697030679735,1.2152921607007483,0.0,zonia,0,False
2025-06-14 03:00:07.263513263+00:00,10,2,0,0,17.489829922559945,1.2194702438198575,0.0,zonia,0,False
2025-06-14 03:18:55.470569263+00:00,10,2,0,0,16.929293949840524,1.2250551498627467,0.0,zonia,0,False
2025-06-14 03:34:22.211811263+00:00,10,2,0,0,16.883823218385878,1.225197294735962,0.0,zonia,0,False
2025-06-14 03:36:56.067199263+00:00,10,2,0,0,16.83816735494858,1.2256979902656506,0.0,zonia,0,False
2025-06-14 04:06:24.531323263+00:00,10,2,0,0,16.925410690910475,1.2194888573135871,0.0,zonia,0,False
2025-06-14 04:22:18.046693263+00:00,10,2,0,0,17.47284734848175,1.2203152900180119,0.0,zonia,0,False
2025-06-14 05:01:06.394687263+00:00,10,2,0,0,20.033962474006053,1.2100640208098896,0.0,zonia,0,False
2025-06-14 05:11:32.223484263+00:00,10,2,0,0,20.502066809555913,1.205229975456355,0.0,zonia,0,False
2025-06-14 05:39:16.803608263+00:00,10,2,0,0,22.57578712491847,1.1720909945576445,0.0,zonia,0,False
2025-06-14 05:46:16.882536263+00:00,10,2,0,0,23.24994854637415,1.1740856317972541,0.0,zonia,0,False
2025-06-14 05:51:27.363077263+00:00,10,2,0,0,23.181089628051627,1.182120919116816,0.0,zonia,0,False
2025-06-14 06:07:02.083115263+00:00,10,2,0,0,24.234464428222687,1.1764011152053635,0.0,zonia,0,False
2025-06-14 06:12:26.492636263+00:00,10,2,0,0,24.228519293841,1.176462340625511,0.0,zonia,0,False
2025-06-14 06:17:02.029633263+00:00,10,2,0,0,24.85637610221352,1.1790257856740054,0.0,zonia,0,False
2025-06-14 06:26:23.084325263+00:00,10,2,0,0,25.442838885657068,1.1746131772238513,0.0,zonia,0,False
2025-06-14 06:30:27.394278263+00:00,10,2,0,0,25.531985861001406,1.1709597223974355,0.0,zonia,0,False
2025-06-14 06:59:55.898284263+00:00,10,2,0,0,27.533605748753697,1.1763848587168388,0.0,zonia,0,False
2025-06-14 07:11:32.218305263+00:00,10,2,0,0,28.089086941912214,1.182851575887147,0.0,zonia,0,False
2025-06-14 07:14:51.632377263+00:00,10,2,0,0,28.125104615866356,1.184514366231105,0.0,zonia,0,False
2025-06-14 07:25:18.514058263+00:00,10,2,0,0,28.25706239340208,1.196721449710729,0.0,zonia,0,False
2025-06-14 07:52:24.483357263+00:00,10,2,0,0,29.211802027619072,1.1864513884877952,0.0,zonia,0,False
2025-06-14 08:10:01.675290263+00:00,10,2,0,0,29.93270391570175,1.18988369726325,0.0,zonia,0,False
2025-06-14 08:27:44.807216263+00:00,10,2,0,0,30.4694876475715,1.198993922811316,0.0,zonia,0,False
2025-06-14 08:30:27.151726263+00:00,10,2,0,0,30.644379895168633,1.2098805770269092,0.0,zonia,0,False
2025-06-14 08:31:05.632279263+00:00,10,2,0,0,30.932627531790295,1.2139382207968152,0.0,zonia,0,False
2025-06-14 08:37:38.886146263+00:00,10,2,0,0,30.921533842115608,1.2173963345467549,0.0,zonia,0,False
2025-06-14 08:38:59.188637263+00:00,10,2,0,0,30.832131163600753,1.2231061233105205,0.0,zonia,0,False
2025-06-14 08:51:37.604499263+00:00,10,2,0,0,31.061441555802418,1.2243946790220164,0.0,zonia,0,False
2025-06-14 09:04:37.934464263+00:00,10,2,0,0,31.257151908796434,1.2256148228398878,0.0,zonia,0,False
2025-06-14 09:07:21.088375263+00:00,10,2,0,0,31.61846765447276,1.2211751319581086,0.0,zonia,0,False
2025-06-14 09:08:06.662759263+00:00,10,2,0,0,31.59243786022081,1.2254795713753512,0.0,zonia,0,False
2025-06-14 09:25:29.871379263+00:00,10,2,0,0,31.658636693422384,1.224986221280231,0.0,zonia,0,False
2025-06-14 09:38:27.232237263+00:00,10,2,0,0,32.244863222353686,1.2276987586746138,0.0,zonia,0,False
2025-06-14 10:37:12.033993263+00:00,10,2,0,0,33.28699613167994,1.2120802395733414,0.0,zonia,0,False
2025-06-14 10:50:41.684786263+00:00,10,2,0,0,34.010307469893114,1.2180024389508644,0.0,zonia,0,False
2025-06-14 11:00:09.951524263+00:00,10,2,0,0,33.682886261606065,1.204606681404537,0.0,zonia,0,False
2025-06-14 11:02:59.245903263+00:00,10,2,0,0,33.82081038884362,1.2027549518391145,0.0,zonia,0,False
2025-06-14 11:29:32.660570263+00:00,10,2,0,0,33.988936743242206,1.2063890026265827,0.0,zonia,0,False
2025-06-14 11:30:02.333905263+00:00,10,2,0,0,34.04138719850671,1.205441124155587,0.0,zonia,0,False
2025-06-14 12:02:03.379459263+00:00,10,2,0,0,34.813602414488834,1.2061971240598068,0.0,zonia,0,False
2025-06-14 12:05:20.609247263+00:00,10,2,0,0,35.251794877613364,1.2179065223356995,0.0,zonia,0,False
2025-06-14 12:17:33.944512263+00:00,10,2,0,0,34.98867302027123,1.2094113022701634,0.0,zonia,0,False
2025-06-14 13:01:05.595337263+00:00,10,2,0,0,35.42038162713829,1.1987336264397408,0.0,zonia,0,False
2025-06-14 13:10:45.959118263+00:00,10,2,0,0,35.75244050384052,1.2050615270399923,0.0,zonia,0,False
2025-06-14 13:21:04.813251263+00:00,10,2,0,0,35.69108527380082,1.2181535962716055,0.0,zonia,0,False
2025-06-14 13:21:37.869050263+00:00,10,2,0,0,35.432255761851415,1.2117261303006424,0.0,zonia,0,False
2025-06-14 13:32:50.955285263+00:00,10,2,0,0,35.74526042116965,1.205744975986802,0.0,zonia,0,False
2025-06-14 13:33:36.174041263+00:00,10,2,0,0,35.978745799897894,1.20512779100008,0.0,zonia,0,False
2025-06-14 13:36:52.140428263+00:00,10,2,0,0,35.99530099104945,1.2029246009641548,0.0,zonia,0,False
2025-06-14 13:41:41.226394263+00:00,10,2,0,0,36.08109747680187,1.1983770370636873,0.0,zonia,0,False
2025-06-14 13:42:43.567412263+00:00,10,2,0,0,36.19143334006831,1.195936928776494,0.0,zonia,0,False
2025-06-14 13:51:44.321195263+00:00,10,2,0,0,36.04665773333085,1.1985570976178879,0.0,zonia,0,False
2025-06-14 14:01:35.092564263+00:00,10,2,0,0,36.40826219665461,1.2005134845991428,0.0,zonia,0,False
2025-06-14 14:15:53.187388263+00:00,10,2,0,0,35.69210595310184,1.2055640197847424,0.0,zonia,0,False
2025-06-14 14:30:09.319495263+00:00,10,2,0,0,36.11698635272185,1.215576561970619,0.0,zonia,0,False
2025-06-14 14:53:02.686838263+00:00,10,2,0,0,36.75281129615018,1.2183170316142684,0.0,zonia,0,False
2025-06-14 15:26:26.758581263+00:00,10,2,0,0,36.36699925786378,1.210093994552346,0.0,zonia,0,False
2025-06-14 15:27:03.229493263+00:00,10,2,0,0,36.59434231470405,1.2023957950861446,0.0,zonia,0,False
2025-06-14 15:28:33.428800263+00:00,10,2,0,0,36.05972911938154,1.199352948488851,0.0,zonia,0,False
2025-06-14 15:46:26.956217263+00:00,10,2,0,0,36.19449352819214,1.2047197553804712,0.0,zonia,0,False
2025-06-14 15:49:53.481798263+00:00,10,2,0,0,35.99715316841665,1.1967781861806075,0.0,zonia,0,False
2025-06-14 15:51:35.209382263+00:00,10,2,0,0,36.10997957709683,1.19824377208222,0.0,zonia,0,False
2025-06-14 16:06:12.537594263+00:00,10,2,0,0,35.94896495005753,1.1766159206097242,0.0,zonia,0,False
2025-06-14 16:47:05.461610263+00:00,10,2,0,0,33.017683237044764,1.1707708649050468,0.0,zonia,0,False
2025-06-14 17:10:24.692368263+00:00,10,2,0,0,31.82494221460552,1.1727331566200372,0.0,zonia,0,False
2025-06-14 17:14:17.008630263+00:00,10,2,0,0,31.860488775534588,1.1709393048171846,0.0,zonia,0,False
2025-06-14 17:43:34.751020263+00:00,10,2,0,0,30.03969742694794,1.1846899898897938,0.0,zonia,0,False
2025-06-14 19:14:09.510536263+00:00,10,2,0,0,26.236569215653734,1.1949788297395731,0.0,zonia,0,False
2025-06-14 19:45:20.360604263+00:00,10,2,0,0,25.838526014543927,1.203460255181186,0.0,zonia,0,False
2025-06-14 19:46:15.097500263+00:00,10,2,0,0,25.64893906458092,1.2041594313673694,0.0,zonia,0,False
2025-06-14 20:08:38.147474263+00:00,10,2,0,0,25.1872139138754,1.2099823493665,0.0,zonia,0,False
2025-06-14 20:26:17.303375263+00:00,10,2,0,0,24.426411294199195,1.1036498623720603,0.0,zonia,0,False
2025-06-14 20:57:57.332932263+00:00,10,2,0,0,23.94033209465797,1.1618611960209366,0.0,zonia,0,False
2025-06-14 21:01:53.344943263+00:00,10,2,0,0,23.983298281618723,1.1643607148522492,0.0,zonia,0,False
2025-06-14 21:05:17.508082263+00:00,10,2,0,0,24.378380847670066,1.191650843112658,0.0,zonia,0,False
2025-06-14 21:12:35.918606263+00:00,10,2,0,0,24.436381780837184,1.1924951466945504,0.0,zonia,0,False
2025-06-14 21:50:09.298140263+00:00,10,2,0,0,24.91105764996594,1.2067497311995357,0.0,zonia,0,False
2025-06-14 22:10:32.035226263+00:00,10,2,0,0,24.152096205778108,1.2147547975571995,0.0,zonia,0,False
2025-06-14 22:18:56.668400263+00:00,10,2,0,0,24.1724347130998,1.2139152467305445,0.0,zonia,0,False
2025-06-14 22:29:25.304098263+00:00,10,2,0,0,23.941323789935158,1.2149352358019037,0.0,zonia,0,False
2025-06-14 22:35:31.418852263+00:00,10,2,0,0,23.680929400249603,1.2195075232290904,0.0,zonia,0,False
2025-06-14 22:43:39.698344263+00:00,10,2,0,0,23.393069778196935,1.2216378326033126,0.0,zonia,0,False
2025-06-14 22:43:40.301654263+00:00,10,2,0,0,23.786378848593706,1.2223769433592637,0.0,zonia,0,False
2025-06-14 23:16:40.902357263+00:00,10,2,0,0,23.049878223139576,1.2227970611779726,0.0,zonia,0,False
2025-06-14 23:33:36.591753263+00:00,10,2,0,0,23.117068651451678,1.226946234487621,0.0,zonia,0,False
2025-06-15 00:06:50.787211263+00:00,10,2,0,0,23.600201085553554,1.2262285662307,0.0,zonia,0,False
2025-06-15 00:16:28.688093263+00:00,10,2,0,0,22.84545503041408,1.2246738107486885,0.0,zonia,0,False
2025-06-15 00:23:59.177041263+00:00,10,2,0,0,22.646160411341516,1.21256681023511,0.0,zonia,0,False
2025-06-15 00:24:47.343105263+00:00,10,2,0,0,23.115107975957457,1.2129013639700668,0.0,zonia,0,False
2025-06-15 00:29:53.913071263+00:00,10,2,0,0,23.18328668004103,1.2153391901103647,0.0,zonia,0,False
2025-06-15 00:37:08.007070263+00:00,10,2,0,0,23.12072816594229,1.2155520397844948,0.0,zonia,0,False
2025-06-15 00:38:46.957308263+00:00,10,2,0,0,23.086797876583038,1.2166603772420337,0.0,zonia,0,False
2025-06-15 00:39:13.133083263+00:00,10,2,0,0,23.164010823923288,1.221310453031584,0.0,zonia,0,False
2025-06-15 00:47:45.864876263+00:00,10,2,0,0,22.954496533681283,1.2263734726085533,0.0,zonia,0,False
2025-06-15 00:53:14.447756263+00:00,10,2,0,0,23.193503412665407,1.2308585031317356,0.0,zonia,0,False
2025-06-15 00:53:40.289922263+00:00,10,2,0,0,22.848689236180693,1.190554576251638,0.0,zonia,0,False
2025-06-15 00:56:02.557940263+00:00,10,2,0,0,23.14936271275861,1.167247351892721,0.0,zonia,0,False
2025-06-15 01:00:49.847573263+00:00,10,2,0,0,23.074247221025654,1.1542403525447087,0.0,zonia,0,False
2025-06-15 01:01:32.727418263+00:00,10,2,0,0,23.044692048810898,1.1501069014521168,0.0,zonia,0,False
2025-06-15 01:13:24.392252263+00:00,10,2,0,0,23.164713400933927,1.1489437979004968,0.0,zonia,0,False
2025-06-15 01:13:51.882013263+00:00,10,2,0,0,23.17225681990798,1.1474380535346647,0.0,zonia,0,False
2025-06-15 01:25:29.707786263+00:00,10,2,0,0,22.851251448178335,1.1877841370435707,0.0,zonia,0,False
2025-06-15 02:02:03.636914263+00:00,10,2,0,0,22.102235430569973,1.1888773518251379,0.0,zonia,0,False
2025-06-15 03:14:24.678074263+00:00,10,2,0,0,21.337510459165042,1.1827145211737777,0.0,zonia,0,False
2025-06-15 03:32:37.487183263+00:00,10,2,0,0,20.72912087859074,1.19415728761982,0.0,zonia,0,False
2025-06-15 03:53:34.248423263+00:00,10,2,0,0,20.81029554339953,1.1948565299203069,0.0,zonia,0,False
2025-06-15 03:56:33.429444263+00:00,10,2,0,0,20.90433337192986,1.1907854469582728,0.0,zonia,0,False
2025-06-15 04:10:20.787120263+00:00,10,2,0,0,20.971695054420188,1.1999517014503993,0.0,zonia,0,False
2025-06-15 04:11:27.091196263+00:00,10,2,0,0,21.077198740560352,1.2055853418138138,0.0,zonia,0,False
2025-06-15 04:40:00.356764263+00:00,10,2,0,0,22.31720304676107,1.2017427760546437,0.0,zonia,0,False
2025-06-15 04:41:01.147420263+00:00,10,2,0,0,22.076787331605402,1.2053472561809362,0.0,zonia,0,False
2025-06-15 04:55:00.573515263+00:00,10,2,0,0,23.48970510421834,1.2014717529343282,0.0,zonia,0,False
2025-06-15 05:11:27.544658263+00:00,10,2,0,0,24.877467947962497,1.1943212742470737,0.0,zonia,0,False
2025-06-15 05:34:36.770773263+00:00,10,2,0,0,24.426382158532668,1.2037685694988909,0.0,zonia,0,False
2025-06-15 06:00:39.729643263+00:00,10,2,0,0,24.137418349313403,1.2185983629233672,0.0,zonia,0,False
2025-06-15 06:00:51.483532263+00:00,10,2,0,0,24.40558430105347,1.2144106727941026,0.0,zonia,0,False
2025-06-15 06:44:53.421963263+00:00,10,2,0,0,27.827480386387034,1.2124716825284412,0.0,zonia,0,False
2025-06-15 06:46:00.702476263+00:00,10,2,0,0,28.220210034222973,1.2143234843973947,0.0,zonia,0,False
2025-06-15 07:23:53.889342263+00:00,10,2,0,0,29.812206053562324,1.2160096041718873,0.0,zonia,0,False
2025-06-15 07:25:36.848473263+00:00,10,2,0,0,29.69263719105333,1.220007702567902,0.0,zonia,0,False
2025-06-15 08:16:36.855329263+00:00,10,2,0,0,31.752250318986366,1.2231407425422538,0.0,zonia,0,False
2025-06-15 08:16:39.809631263+00:00,10,2,0,0,31.66315583559265,1.2271275211265797,0.0,zonia,0,False
2025-06-15 08:17:12.358541263+00:00,10,2,0,0,31.877423721230123,1.2262547302553437,0.0,zonia,0,False
2025-06-15 08:26:40.433946263+00:00,10,2,0,0,31.97385500496063,1.2220213719511266,0.0,zonia,0,False
2025-06-15 08:35:36.178901263+00:00,10,2,0,0,32.52490107609217,1.2090203557153558,0.0,zonia,0,False
2025-06-15 08:42:09.654915263+00:00,10,2,0,0,32.487544697609444,1.1980153003920437,0.0,zonia,0,False
2025-06-15 08:54:42.061730263+00:00,10,2,0,0,32.558715343351196,1.1990048733900207,0.0,zonia,0,False
2025-06-15 09:01:58.653091263+00:00,10,2,0,0,32.39745091004521,1.2004855067767437,0.0,zonia,0,False
2025-06-15 09:03:55.083917263+00:00,10,2,0,0,32.40753941967193,1.2066820178324165,0.0,zonia,0,False
2025-06-15 09:05:44.579868263+00:00,10,2,0,0,32.36217363424129,1.2081888478975127,0.0,zonia,0,False
2025-06-15 09:54:19.639590263+00:00,10,2,0,0,33.10314699919445,1.1976927268147703,0.0,zonia,0,False
2025-06-15 09:54:45.832084263+00:00,10,2,0,0,32.997622690384404,1.1846332838964617,0.0,zonia,0,False
2025-06-15 10:00:46.705843263+00:00,10,2,0,0,33.505234766843685,1.1923940694902382,0.0,zonia,0,False
2025-06-15 10:14:34.119317263+00:00,10,2,0,0,33.75312917319164,1.211864976959797,0.0,zonia,0,False
2025-06-15 10:25:08.429831263+00:00,10,2,0,0,33.69712662663021,1.2134853987569856,0.0,zonia,0,False
2025-06-15 10:28:52.958072263+00:00,10,2,0,0,33.9989102709636,1.2207672988935225,0.0,zonia,0,False
2025-06-15 10:32:31.455365263+00:00,10,2,0,0,34.15337353871799,1.2230659146293887,0.0,zonia,0,False
2025-06-15 10:41:38.707979263+00:00,10,2,0,0,34.06915976562095,1.224870346923026,0.0,zonia,0,False
2025-06-15 10:47:33.525154263+00:00,10,2,0,0,34.30735949394091,1.2274368250925682,0.0,zonia,0,False
2025-06-15 11:01:46.119881263+00:00,10,2,0,0,33.965226794189,1.225881503857072,0.0,zonia,0,False
2025-06-15 11:09:10.884660263+00:00,10,2,0,0,34.59629605095399,1.2223795665444266,0.0,zonia,0,False
2025-06-15 11:09:52.633470263+00:00,10,2,0,0,34.611827660342115,1.2234670524163196,0.0,zonia,0,False
2025-06-15 11:26:16.236046263+00:00,10,2,0,0,34.96922274788087,1.223550195091298,0.0,zonia,0,False
2025-06-15 11:39:52.836415263+00:00,10,2,0,0,35.092570667005226,1.2253984778331455,0.0,zonia,0,False
2025-06-15 11:59:29.453748263+00:00,10,2,0,0,35.39574158822874,1.2187771612614353,0.0,zonia,0,False
2025-06-15 12:11:51.076956263+00:00,10,2,0,0,35.44711543616356,1.2141406263831065,0.0,zonia,0,False
2025-06-15 12:18:43.903062263+00:00,10,2,0,0,35.400571930386874,1.1986126228282639,0.0,zonia,0,False
2025-06-15 12:42:12.972276263+00:00,10,2,0,0,35.84919048915548,1.2014845670974594,0.0,zonia,0,False
2025-06-15 12:50:11.093208263+00:00,10,2,0,0,35.86438648286621,1.2009243624672625,0.0,zonia,0,False
2025-06-15 13:10:11.441698263+00:00,10,2,0,0,36.24261497999319,1.198332530216607,0.0,zonia,0,False
2025-06-15 13:21:24.435136263+00:00,10,2,0,0,35.985922718267354,1.1997503564973633,0.0,zonia,0,False
2025-06-15 13:39:18.329557263+00:00,10,2,0,0,36.30377602535187,1.1986725447169522,0.0,zonia,0,False
2025-06-15 13:43:40.384885263+00:00,10,2,0,0,35.714218777275235,1.1934296422817539,0.0,zonia,0,False
2025-06-15 13:47:53.668258263+00:00,10,2,0,0,36.344184381973974,1.1886268172373078,0.0,zonia,0,False
2025-06-15 14:22:13.954853263+00:00,10,2,0,0,35.91935453061952,1.1774464995675675,0.0,zonia,0,False
2025-06-15 14:55:24.194959263+00:00,10,2,0,0,35.66683228358069,1.1769198879192397,0.0,zonia,0,False
2025-06-15 15:26:51.687633263+00:00,10,2,0,0,35.59996031795406,1.1661977292534313,0.0,zonia,0,False
2025-06-15 15:47:10.731808263+00:00,10,2,0,0,33.95634364820546,1.172220990653254,0.0,zonia,0,False
2025-06-15 16:45:47.151544263+00:00,10,2,0,0,31.633148174841253,1.192518896569588,0.0,zonia,0,False
2025-06-15 17:38:43.901921263+00:00,10,2,0,0,30.244055621904796,1.2042304940150284,0.0,zonia,0,False
2025-06-15 18:03:37.478080263+00:00,10,2,0,0,29.630032709588292,1.2176706327330555,0.0,zonia,0,False
2025-06-15 18:15:43.075100263+00:00,10,2,0,0,29.044424923872857,1.223674734448621,0.0,zonia,0,False
2025-06-15 18:18:06.946890263+00:00,10,2,0,0,28.824841854236663,1.2272216069265665,0.0,zonia,0,False
2025-06-15 18:54:44.767557263+00:00,10,2,0,0,27.936032421024244,1.2299088383435193,0.0,zonia,0,False
2025-06-15 20:02:39.006418263+00:00,10,2,0,0,26.971153833314784,1.2283223903851963,0.0,zonia,0,False
2025-06-15 20:46:45.487549263+00:00,10,2,0,0,25.972605828569115,1.2281850166780104,0.0,zonia,0,False
2025-06-15 20:54:18.780530263+00:00,10,2,0,0,25.662907817366534,1.2298409459373696,0.0,zonia,0,False
2025-06-15 21:04:11.725279263+00:00,10,2,0,0,25.782894951597136,1.231182324503351,0.0,zonia,0,False
2025-06-15 21:22:04.764989263+00:00,10,2,0,0,25.26382046558978,1.2277248992004155,0.0,zonia,0,False
2025-06-15 21:40:08.860583263+00:00,10,2,0,0,24.763432220271408,1.2203419732726943,0.0,zonia,0,False
2025-06-15 21:44:29.048704263+00:00,10,2,0,0,24.99606903277214,1.2241594557725746,0.0,zonia,0,False
2025-06-15 22:15:09.559380263+00:00,10,2,0,0,24.297949407857672,1.2263922493294688,0.0,zonia,0,False
2025-06-15 22:19:34.951058263+00:00,10,2,0,0,23.813853503929444,1.2287056712273166,0.0,zonia,0,False
2025-06-15 22:44:34.449565263+00:00,10,2,0,0,23.654119958072833,1.230114698016548,0.0,zonia,0,False
2025-06-15 22:44:49.159313263+00:00,10,2,0,0,23.543834680008374,1.2317639930071076,0.0,zonia,0,False
2025-06-15 22:46:44.043697263+00:00,10,2,0,0,23.804723692736534,1.2322029471777622,0.0,zonia,0,False
2025-06-15 22:59:50.310388263+00:00,10,2,0,0,23.60097020559835,1.23005146997782,0.0,zonia,0,False
2025-06-15 23:30:51.678118263+00:00,10,2,0,0,22.939083863035204,1.233565554788858,0.0,zonia,0,False
2025-06-16 00:19:02.712670263+00:00,10,2,0,0,23.03400095758043,1.2334287268390236,0.0,zonia,0,False
2025-06-16 00:26:39.581878263+00:00,10,2,0,0,23.142743824548585,1.2323312104478148,0.0,zonia,0,False
2025-06-16 00:42:04.755082263+00:00,10,2,0,0,23.621726276314813,1.2309860668179398,0.0,zonia,0,False
2025-06-16 01:14:54.831391263+00:00,10,2,0,0,23.113761759194595,1.2287349053683905,0.0,zonia,0,False
2025-06-16 01:23:33.197380263+00:00,10,2,0,0,23.051571027299005,1.217810519486935,0.0,zonia,0,False
2025-06-16 01:26:37.659742263+00:00,10,2,0,0,22.527839050943292,1.218173926078173,0.0,zonia,0,False
2025-06-16 01:29:50.108105263+00:00,10,2,0,0,22.723899257235857,1.2175282638779013,0.0,zonia,0,False
2025-06-16 02:38:23.206857263+00:00,10,2,0,0,22.728182180806286,1.22131366560328,0.0,zonia,0,False
2025-06-16 02:59:11.396366263+00:00,10,2,0,0,22.189685580253272,1.2210600774454579,0.0,zonia,0,False
2025-06-16 03:04:36.600726263+00:00,10,2,0,0,22.336987123131166,1.213208985245355,0.0,zonia,0,False
2025-06-16 03:40:04.619811263+00:00,10,2,0,0,21.84005095063707,1.2166552069272578,0.0,zonia,0,False
2025-06-16 03:44:03.415495263+00:00,10,2,0,0,21.53250154952884,1.215841194081828,0.0,zonia,0,False
2025-06-16 04:04:01.974156263+00:00,10,2,0,0,21.69110028639331,1.224632140072386,0.0,zonia,0,False
2025-06-16 04:14:36.161507263+00:00,10,2,0,0,21.68024386856763,1.2264464943452877,0.0,zonia,0,False
2025-06-16 04:51:04.186003263+00:00,10,2,0,0,23.574816319049155,1.2227662487407784,0.0,zonia,0,False
2025-06-16 04:57:01.429997263+00:00,10,2,0,0,23.974774767069704,1.2182719759038771,0.0,zonia,0,False
2025-06-16 05:04:30.928383263+00:00,10,2,0,0,24.73970029747112,1.2140261617416457,0.0,zonia,0,False
2025-06-16 05:08:05.798606263+00:00,10,2,0,0,24.456794458357358,1.2195099449727258,0.0,zonia,0,False
2025-06-16 05:33:21.479853263+00:00,10,2,0,0,25.725072596738897,1.1977661302210199,0.0,zonia,0,False
2025-06-16 05:36:02.554520263+00:00,10,2,0,0,26.157888936350613,1.1824045948787167,0.0,zonia,0,False
2025-06-16 05:56:43.344688263+00:00,10,2,0,0,26.880788995624478,1.1872577959294728,0.0,zonia,0,False
2025-06-16 06:01:19.905238263+00:00,10,2,0,0,26.87276420052369,1.1916341066055114,0.0,zonia,0,False
2025-06-16 06:27:06.909249263+00:00,10,2,0,0,27.84700128218387,1.2059106290348243,0.0,zonia,0,False
2025-06-16 06:46:25.829901263+00:00,10,2,0,0,28.000391859408065,1.204111082650654,0.0,zonia,0,False
2025-06-16 07:05:39.431458263+00:00,10,2,0,0,28.863912909983938,1.2201902543676795,0.0,zonia,0,False
2025-06-16 07:12:54.191249263+00:00,10,2,0,0,28.910907146546347,1.2230875902761693,0.0,zonia,0,False
2025-06-16 07:13:32.151753263+00:00,10,2,0,0,28.76112271483804,1.2270679966042979,0.0,zonia,0,False
2025-06-16 07:31:12.677458263+00:00,10,2,0,0,29.345769091638708,1.2234661014293289,0.0,zonia,0,False
2025-06-16 07:50:06.523648263+00:00,10,2,0,0,29.78615828569878,1.2264940605781138,0.0,zonia,0,False
2025-06-16 07:57:44.059321263+00:00,10,2,0,0,30.12853312785064,1.225793133784401,0.0,zonia,0,False
2025-06-16 08:15:40.358889263+00:00,10,2,0,0,30.423137464551502,1.226196157556573,0.0,zonia,0,False
2025-06-16 08:50:03.023344263+00:00,10,2,0,0,30.223206999242166,1.2284576028757013,0.0,zonia,0,False
2025-06-16 09:05:31.533011263+00:00,10,2,0,0,30.768024342269086,1.224230219888215,0.0,zonia,0,False
2025-06-16 09:20:16.692930263+00:00,10,2,0,0,31.315275081894114,1.2228360725655418,0.0,zonia,0,False
2025-06-16 09:32:26.425850263+00:00,10,2,0,0,31.348995991622882,1.2215174248677136,0.0,zonia,0,False
2025-06-16 09:39:06.385854263+00:00,10,2,0,0,31.365928376048863,1.2222349527477887,0.0,zonia,0,False
2025-06-16 09:57:16.517000263+00:00,10,2,0,0,31.130265091785546,1.2238216218148337,0.0,zonia,0,False
2025-06-16 09:58:09.777756263+00:00,10,2,0,0,31.61811401737157,1.207263403768362,0.0,zonia,0,False
2025-06-16 10:23:22.181757263+00:00,10,2,0,0,31.237208069235606,1.2098583121952418,0.0,zonia,0,False
2025-06-16 10:43:57.481176263+00:00,10,2,0,0,31.406277745589986,1.0921885981912733,0.0,zonia,0,False
2025-06-16 11:04:31.318130263+00:00,10,2,0,0,31.554654080102562,1.0872158732958075,0.0,zonia,0,False
2025-06-16 11:04:48.429956263+00:00,10,2,0,0,31.72659468396134,1.101139247816552,0.0,zonia,0,False
2025-06-16 11:10:49.875579263+00:00,10,2,0,0,31.74769682390381,1.1529247213711333,0.0,zonia,0,False
2025-06-16 11:14:20.064894263+00:00,10,2,0,0,31.16690968306829,1.1797842317675795,0.0,zonia,0,False
2025-06-16 11:18:16.520648263+00:00,10,2,0,0,31.46084266381637,1.1815873264034154,0.0,zonia,0,False
2025-06-16 11:19:47.491289263+00:00,10,2,0,0,31.02220838012043,1.1928278285435976,0.0,zonia,0,False
2025-06-16 11:22:29.734179263+00:00,10,2,0,0,31.795793338848274,1.1956328057784944,0.0,zonia,0,False
2025-06-16 11:37:31.791379263+00:00,10,2,0,0,31.30995851353207,1.1788716338623988,0.0,zonia,0,False
2025-06-16 11:37:49.409642263+00:00,10,2,0,0,31.79062878051741,1.1762408866309653,0.0,zonia,0,False
2025-06-16 12:34:31.792949263+00:00,10,2,0,0,29.0470232947335,1.1801663818055959,0.0,zonia,0,False
2025-06-16 12:59:17.928052263+00:00,10,2,0,0,27.927041101177757,1.1825193533842346,0.0,zonia,0,False
2025-06-16 13:07:45.436777263+00:00,10,2,0,0,27.78090341254305,1.1700550846693751,0.0,zonia,0,False
2025-06-16 13:47:12.040479263+00:00,10,2,0,0,26.78869098372413,1.1747166014387722,0.0,zonia,0,False
2025-06-16 13:59:49.703345263+00:00,10,2,0,0,26.573603135454267,1.1913554053533042,0.0,zonia,0,False
2025-06-16 14:02:21.439642263+00:00,10,2,0,0,26.110056949941903,1.168576100402984,0.0,zonia,0,False
2025-06-16 14:08:56.816918263+00:00,10,2,0,0,23.217546640420704,1.1042351804422272,0.0,zonia,0,False
2025-06-16 14:10:33.041265263+00:00,10,2,0,0,24.604536193809906,1.0333587064730296,0.0,zonia,0,False
2025-06-16 14:29:50.467795263+00:00,10,2,0,0,19.017291629995057,1.038474637013873,0.0,zonia,0,False
2025-06-16 14:38:15.589413263+00:00,10,2,0,0,18.378959449550646,1.0810362970334284,0.0,zonia,0,False
2025-06-16 14:40:02.807333263+00:00,10,2,0,0,18.56682680654532,1.1120836137074235,0.0,zonia,0,False
2025-06-16 15:09:04.087106263+00:00,10,2,0,0,18.358652045528437,1.1322073288829033,0.0,zonia,0,False
2025-06-16 15:09:10.062735263+00:00,10,2,0,0,18.387830645788767,1.144827504054374,0.0,zonia,0,False
2025-06-16 15:17:33.445831263+00:00,10,2,0,0,18.485586993849743,1.1493565667754715,0.0,zonia,0,False
2025-06-16 15:37:02.427903263+00:00,10,2,0,0,18.332430282288065,1.1921791579329009,0.0,zonia,0,False
2025-06-16 15:50:00.550780263+00:00,10,2,0,0,18.410732558579273,1.197383710486278,0.0,zonia,0,False
2025-06-16 16:25:30.517246263+00:00,10,2,0,0,18.39901213521699,1.218881248035672,0.0,zonia,0,False
2025-06-16 16:33:48.278088263+00:00,10,2,0,0,18.347049121265407,1.2318745054659124,0.0,zonia,0,False
2025-06-16 16:44:38.467728263+00:00,10,2,0,0,18.3683919000327,1.2325544855863495,0.0,zonia,0,False
2025-06-16 16:51:15.144838263+00:00,10,2,0,0,18.59057731726892,1.2327631305999698,0.0,zonia,0,False
2025-06-16 17:14:46.902357263+00:00,10,2,0,0,18.80261065765294,1.2380489800659469,0.0,zonia,0,False
2025-06-16 18:00:21.768845263+00:00,10,2,0,0,20.29351823867464,1.2328153122357337,0.0,zonia,0,False
2025-06-16 18:01:06.711620263+00:00,10,2,0,0,20.460127784586877,1.2324924357183193,0.0,zonia,0,False
2025-06-16 19:01:04.532421263+00:00,10,2,0,0,19.43216040620151,1.226787599007659,0.0,zonia,0,False
2025-06-16 19:07:26.363597263+00:00,10,2,0,0,19.10944639389529,1.2303523487641597,0.0,zonia,0,False
2025-06-16 19:45:58.202087263+00:00,10,2,0,0,18.668152780585146,1.2361004164832838,0.0,zonia,0,False
2025-06-16 19:51:53.128709263+00:00,10,2,0,0,18.54032448028456,1.2366991613112812,0.0,zonia,0,False
2025-06-16 20:05:22.443185263+00:00,10,2,0,0,18.11758883570227,1.2364365621417315,0.0,zonia,0,False
2025-06-16 21:00:54.890033263+00:00,10,2,0,0,17.97158730249848,1.2318865080890538,0.0,zonia,0,False
2025-06-16 21:01:41.465531263+00:00,10,2,0,0,18.03425705340293,1.2297044721193329,0.0,zonia,0,False
2025-06-16 21:10:20.171019263+00:00,10,2,0,0,17.91194536918172,1.230481059427451,0.0,zonia,0,False
2025-06-16 21:11:37.847188263+00:00,10,2,0,0,17.73230246981858,1.229145121190563,0.0,zonia,0,False
2025-06-16 21:14:43.694479263+00:00,10,2,0,0,18.23887652265535,1.2234487848808444,0.0,zonia,0,False
2025-06-16 21:42:13.263066263+00:00,10,2,0,0,18.423825897693206,1.2246250747921885,0.0,zonia,0,False
2025-06-16 21:50:39.273172263+00:00,10,2,0,0,18.24120222609044,1.227661365428683,0.0,zonia,0,False
2025-06-16 22:00:33.795150263+00:00,10,2,0,0,18.197254013215453,1.230373891570102,0.0,zonia,0,False
2025-06-16 22:27:36.040705263+00:00,10,2,0,0,18.401274560601202,1.2342386656443318,0.0,zonia,0,False
2025-06-16 22:27:52.563837263+00:00,10,2,0,0,18.243886796399448,1.2364082052981802,0.0,zonia,0,False
2025-06-16 22:47:14.545841263+00:00,10,2,0,0,18.417470942529146,1.2344020664959303,0.0,zonia,0,False
2025-06-16 23:01:13.069887263+00:00,10,2,0,0,18.364055136685305,1.2351299724882239,0.0,zonia,0,False
2025-06-16 23:20:22.038073263+00:00,10,2,0,0,18.320344009113665,1.2370975948059617,0.0,zonia,0,False
2025-06-16 23:23:42.769866263+00:00,10,2,0,0,18.356139871914014,1.239101505047024,0.0,zonia,0,False
2025-06-16 23:25:21.006175263+00:00,10,2,0,0,18.319125054286243,1.2401020734092236,0.0,zonia,0,False
2025-06-16 23:40:28.073288263+00:00,10,2,0,0,18.43088414055977,1.2403947922238414,0.0,zonia,0,False
2025-06-16 23:52:02.268450263+00:00,10,2,0,0,18.35666833438007,1.2401442700983276,0.0,zonia,0,False
2025-06-16 23:58:59.874393263+00:00,10,2,0,0,18.34256992313803,1.2393488406156603,0.0,zonia,0,False
2025-06-17 00:44:22.619714263+00:00,10,2,0,0,18.219649037220098,1.2411214878759407,0.0,zonia,0,False
2025-06-17 01:01:42.737353263+00:00,10,2,0,0,18.16983142384991,1.2411949427602034,0.0,zonia,0,False
2025-06-17 01:16:46.960075263+00:00,10,2,0,0,18.21444860547163,1.240228220304815,0.0,zonia,0,False
2025-06-17 01:17:25.382146263+00:00,10,2,0,0,18.277984900564807,1.2414009038278249,0.0,zonia,0,False
2025-06-17 01:35:47.709958263+00:00,10,2,0,0,18.227488591425256,1.242425507317886,0.0,zonia,0,False
2025-06-17 01:50:19.917372263+00:00,10,2,0,0,18.17521823461888,1.2421975627535888,0.0,zonia,0,False
2025-06-17 01:58:25.965121263+00:00,10,2,0,0,18.010935060831958,1.2427520720417469,0.0,zonia,0,False
2025-06-17 01:59:53.620208263+00:00,10,2,0,0,18.055831708375404,1.2429587363378147,0.0,zonia,0,False
2025-06-17 02:12:13.859538263+00:00,10,2,0,0,17.863352173153533,1.2432815622743512,0.0,zonia,0,False
2025-06-17 02:17:36.473449263+00:00,10,2,0,0,17.933613528400187,1.2444928315281967,0.0,zonia,0,False
2025-06-17 02:31:52.818065263+00:00,10,2,0,0,17.749089417240484,1.244578706508454,0.0,zonia,0,False
2025-06-17 02:36:36.367047263+00:00,10,2,0,0,17.70768857321824,1.2449834891839044,0.0,zonia,0,False
2025-06-17 03:14:57.839400263+00:00,10,2,0,0,17.539220645411085,1.2455519885856867,0.0,zonia,0,False
2025-06-17 04:18:38.266796263+00:00,10,2,0,0,17.743267614216602,1.2457371043382488,0.0,zonia,0,False
2025-06-17 04:21:48.830187263+00:00,10,2,0,0,17.67891720308812,1.2460568157488874,0.0,zonia,0,False
2025-06-17 04:25:14.997143263+00:00,10,2,0,0,17.714446600418032,1.2464663630538468,0.0,zonia,0,False
2025-06-17 04:34:31.468161263+00:00,10,2,0,0,17.772240406975012,1.2462785335811761,0.0,zonia,0,False
2025-06-17 04:55:26.459465263+00:00,10,2,0,0,17.807838369481967,1.2468272185720832,0.0,zonia,0,False
2025-06-17 05:05:26.681232263+00:00,10,2,0,0,17.779894191563223,1.246027626583285,0.0,zonia,0,False
2025-06-17 05:15:17.294295263+00:00,10,2,0,0,17.840598318504124,1.2466109193118844,0.0,zonia,0,False
2025-06-17 05:24:42.073476263+00:00,10,2,0,0,17.700508162957657,1.246809233716495,0.0,zonia,0,False
2025-06-17 05:45:04.721777263+00:00,10,2,0,0,17.809151434367713,1.244659732277617,0.0,zonia,0,False
2025-06-17 05:45:25.164201263+00:00,10,2,0,0,17.941493221831262,1.2449834972144374,0.0,zonia,0,False
2025-06-17 05:53:29.304344263+00:00,10,2,0,0,17.829424089803666,1.2445630091853948,0.0,zonia,0,False
2025-06-17 06:26:04.385375263+00:00,10,2,0,0,18.161912390704046,1.2431519670908175,0.0,zonia,0,False
2025-06-17 06:35:56.357780263+00:00,10,2,0,0,18.242451089244828,1.2434016649617852,0.0,zonia,0,False
2025-06-17 06:50:51.296986263+00:00,10,2,0,0,18.458117284417263,1.2421175664947501,0.0,zonia,0,False
2025-06-17 06:54:37.236947263+00:00,10,2,0,0,18.526690940761938,1.2412741722380125,0.0,zonia,0,False
2025-06-17 08:31:35.635117263+00:00,10,2,0,0,19.37049608943587,1.238635663683522,0.0,zonia,0,False
2025-06-17 08:40:30.118219263+00:00,10,2,0,0,19.710496862107362,1.236203980617934,0.0,zonia,0,False
2025-06-17 09:00:16.023448263+00:00,10,2,0,0,19.874503810629115,1.2327960277544843,0.0,zonia,0,False
2025-06-17 09:01:50.756294263+00:00,10,2,0,0,20.43767985079022,1.2338774089465212,0.0,zonia,0,False
2025-06-17 09:18:01.109779263+00:00,10,2,0,0,20.92934014626321,1.2295920542722514,0.0,zonia,0,False
2025-06-17 09:41:17.184183263+00:00,10,2,0,0,21.13199170525901,1.2215478692415496,0.0,zonia,0,False
2025-06-17 10:04:58.976701263+00:00,10,2,0,0,21.859370527381472,1.214353093313045,0.0,zonia,0,False
2025-06-17 10:13:34.377332263+00:00,10,2,0,0,22.148523081257046,1.2117712867358155,0.0,zonia,0,False
2025-06-17 10:27:16.829166263+00:00,10,2,0,0,22.247838240596835,1.2138907470180118,0.0,zonia,0,False
2025-06-17 10:32:26.899122263+00:00,10,2,0,0,22.63103892154422,1.215460068380723,0.0,zonia,0,False
2025-06-17 10:59:35.559835263+00:00,10,2,0,0,23.386973109728828,1.2106604168374773,0.0,zonia,0,False
2025-06-17 11:05:39.189698263+00:00,10,2,0,0,23.28072511927522,1.2107494524661866,0.0,zonia,0,False
2025-06-17 11:25:50.100337263+00:00,10,2,0,0,23.98503653022282,1.2137797382821485,0.0,zonia,0,False
2025-06-17 11:27:43.916838263+00:00,10,2,0,0,23.613803727588785,1.2170153375350719,0.0,zonia,0,False
2025-06-17 11:32:14.081850263+00:00,10,2,0,0,23.564693333110245,1.2200705871589688,0.0,zonia,0,False
2025-06-17 11:32:40.799398263+00:00,10,2,0,0,23.781130042666497,1.2210304545676236,0.0,zonia,0,False
2025-06-17 11:34:34.424595263+00:00,10,2,0,0,23.730793077315308,1.2220511031421033,0.0,zonia,0,False
2025-06-17 11:37:56.149063263+00:00,10,2,0,0,23.55386371651308,1.2240925106087626,0.0,zonia,0,False
2025-06-17 11:47:13.992396263+00:00,10,2,0,0,24.117725248628,1.2236299465541929,0.0,zonia,0,False
2025-06-17 11:49:47.451733263+00:00,10,2,0,0,24.54683961193772,1.217333060853501,0.0,zonia,0,False
2025-06-17 11:57:02.432081263+00:00,10,2,0,0,24.222353280612666,1.2082757001729023,0.0,zonia,0,False
2025-06-17 12:15:19.949340263+00:00,10,2,0,0,25.041455801029453,1.2098235534784312,0.0,zonia,0,False
2025-06-17 12:23:40.963675263+00:00,10,2,0,0,25.894855502894895,1.1951331314526723,0.0,zonia,0,False
2025-06-17 12:31:02.291414263+00:00,10,2,0,0,26.274849364491946,1.1890931437452266,0.0,zonia,0,False
2025-06-17 12:34:49.477396263+00:00,10,2,0,0,25.878860059729707,1.1882538176155502,0.0,zonia,0,False
2025-06-17 12:54:09.913233263+00:00,10,2,0,0,25.62772181707346,1.2002869225730992,0.0,zonia,0,False
2025-06-17 13:06:16.348468263+00:00,10,2,0,0,25.700323111595154,1.1904765248515399,0.0,zonia,0,False
2025-06-17 13:37:19.677937263+00:00,10,2,0,0,26.22393422795743,1.1916709397100749,0.0,zonia,0,False
2025-06-17 13:40:53.503293263+00:00,10,2,0,0,26.2899662145665,1.18613139142001,0.0,zonia,0,False
2025-06-17 13:55:13.061582263+00:00,10,2,0,0,26.59462477993699,1.1736960768620384,0.0,zonia,0,False
2025-06-17 14:56:04.077031263+00:00,10,2,0,0,27.077753190246792,1.1732677775363036,0.0,zonia,0,False
2025-06-17 15:14:55.513001263+00:00,10,2,0,0,27.178797706105122,1.1682333471244835,0.0,zonia,0,False
2025-06-17 15:22:44.332274263+00:00,10,2,0,0,27.140600314207656,1.1663161205906059,0.0,zonia,0,False
2025-06-17 15:37:41.494700263+00:00,10,2,0,0,27.23776579606243,1.1662737945302266,0.0,zonia,0,False
2025-06-17 15:39:44.097251263+00:00,10,2,0,0,27.492250748221796,1.166996918553068,0.0,zonia,0,False
2025-06-17 15:40:54.450400263+00:00,10,2,0,0,28.140204570492312,1.1662032589520874,0.0,zonia,0,False
2025-06-17 15:43:38.092883263+00:00,10,2,0,0,28.040343829290137,1.1604237482365025,0.0,zonia,0,False
2025-06-17 16:03:23.256918263+00:00,10,2,0,0,27.48742249145116,1.16578028809029,0.0,zonia,0,False
2025-06-17 16:12:18.586546263+00:00,10,2,0,0,27.834868744698323,1.1584701904325174,0.0,zonia,0,False
2025-06-17 16:34:16.782735263+00:00,10,2,0,0,27.65529911692273,1.1555802181569677,0.0,zonia,0,False
2025-06-17 16:43:11.373406263+00:00,10,2,0,0,26.898739990989228,1.1533642510889675,0.0,zonia,0,False
2025-06-17 17:14:11.303240263+00:00,10,2,0,0,25.893996566383148,1.165645462850644,0.0,zonia,0,False
2025-06-17 17:16:08.775675263+00:00,10,2,0,0,26.47041108581875,1.1664967663114993,0.0,zonia,0,False
2025-06-17 17:19:30.328160263+00:00,10,2,0,0,25.86145900698608,1.172444226573347,0.0,zonia,0,False
2025-06-17 17:22:36.234164263+00:00,10,2,0,0,25.875450389904074,1.1720030358982771,0.0,zonia,0,False
2025-06-17 18:08:22.002219263+00:00,10,2,0,0,23.45379301634585,1.1813540391997004,0.0,zonia,0,False
2025-06-17 18:27:05.002424263+00:00,10,2,0,0,21.878919229159756,1.1794905993257299,0.0,zonia,0,False
2025-06-17 18:38:45.587439263+00:00,10,2,0,0,21.364616990962983,1.180788504982107,0.0,zonia,0,False
2025-06-17 18:50:36.116224263+00:00,10,2,0,0,21.248586691056364,1.1916109908379344,0.0,zonia,0,False
2025-06-17 19:09:47.977335263+00:00,10,2,0,0,20.573460006424522,1.1987237176168175,0.0,zonia,0,False
2025-06-17 19:30:22.792324263+00:00,10,2,0,0,20.00547355203976,1.1953998135929755,0.0,zonia,0,False
2025-06-17 19:42:00.914600263+00:00,10,2,0,0,19.07178427841239,1.1946638784085026,0.0,zonia,0,False
2025-06-17 19:57:49.028056263+00:00,10,2,0,0,19.563985675482716,1.1770318219405707,0.0,zonia,0,False
2025-06-17 20:20:10.908950263+00:00,10,2,0,0,18.81979000395327,1.1895565618488115,0.0,zonia,0,False
2025-06-17 20:28:08.152041263+00:00,10,2,0,0,18.864423749602683,1.1905400200645162,0.0,zonia,0,False
2025-06-17 20:42:01.930974263+00:00,10,2,0,0,18.532198730171586,1.1844545862531215,0.0,zonia,0,False
2025-06-17 20:47:07.633637263+00:00,10,2,0,0,18.315141956958247,1.1897251406273313,0.0,zonia,0,False
2025-06-17 20:49:33.489453263+00:00,10,2,0,0,18.31718003174756,1.188300327828036,0.0,zonia,0,False
2025-06-17 22:01:46.183374263+00:00,10,2,0,0,16.98907070366821,1.1983192778933818,0.0,zonia,0,False
2025-06-17 22:10:04.618240263+00:00,10,2,0,0,16.857436277218618,1.2053541868240443,0.0,zonia,0,False
2025-06-17 22:23:34.868325263+00:00,10,2,0,0,16.742313627588942,1.2093462509532644,0.0,zonia,0,False
2025-06-17 22:29:02.996477263+00:00,10,2,0,0,16.66003382988064,1.2136825980900496,0.0,zonia,0,False
2025-06-17 22:33:04.051853263+00:00,10,2,0,0,16.61451459796074,1.217590477273165,0.0,zonia,0,False
2025-06-17 22:44:03.446959263+00:00,10,2,0,0,16.70535545304603,1.2170434108659727,0.0,zonia,0,False
2025-06-17 22:58:32.450688263+00:00,10,2,0,0,16.445133349588495,1.2216508514162652,0.0,zonia,0,False
2025-06-17 23:02:38.903525263+00:00,10,2,0,0,16.564965202455802,1.2223335691326638,0.0,zonia,0,False
2025-06-17 23:05:25.612663263+00:00,10,2,0,0,16.442996226087732,1.2235814221027057,0.0,zonia,0,False
2025-06-17 23:22:30.576873263+00:00,10,2,0,0,16.477257402652942,1.2269420645246802,0.0,zonia,0,False
2025-06-18 00:01:33.809198263+00:00,10,2,0,0,16.121144279003556,1.228274632344319,0.0,zonia,0,False
2025-06-18 00:08:05.681698263+00:00,10,2,0,0,15.87652939014093,1.2303289065490581,0.0,zonia,0,False
2025-06-18 00:34:56.923077263+00:00,10,2,0,0,15.766753046329018,1.2334574746012952,0.0,zonia,0,False
2025-06-18 01:12:27.184935263+00:00,10,2,0,0,15.362711167468188,1.2348202312211511,0.0,zonia,0,False
2025-06-18 01:25:42.123153263+00:00,10,2,0,0,15.293395409304159,1.2372774944033493,0.0,zonia,0,False
2025-06-18 01:26:10.099662263+00:00,10,2,0,0,15.399363969566714,1.239669109414605,0.0,zonia,0,False
2025-06-18 01:57:51.914385263+00:00,10,2,0,0,15.184185067834886,1.2403095550031693,0.0,zonia,0,False
2025-06-18 02:38:59.234928263+00:00,10,2,0,0,14.711945085626876,1.240605408711354,0.0,zonia,0,False
2025-06-18 03:48:32.614584263+00:00,10,2,0,0,14.570986452624954,1.242641032530757,0.0,zonia,0,False
2025-06-18 03:48:56.713601263+00:00,10,2,0,0,14.518070957715329,1.2442563743286439,0.0,zonia,0,False
2025-06-18 04:42:38.192579263+00:00,10,2,0,0,16.273409229121,1.2267586985198577,0.0,zonia,0,False
2025-06-18 04:50:55.879619263+00:00,10,2,0,0,16.99533640022722,1.2167882750603867,0.0,zonia,0,False
2025-06-18 04:57:25.769772263+00:00,10,2,0,0,16.964175613443395,1.205487210792656,0.0,zonia,0,False
2025-06-18 04:58:03.927464263+00:00,10,2,0,0,17.25957203867631,1.2012881916474876,0.0,zonia,0,False
2025-06-18 04:58:40.357774263+00:00,10,2,0,0,16.974797863476343,1.1969056933658295,0.0,zonia,0,False
2025-06-18 05:17:27.069999263+00:00,10,2,0,0,18.145622233393457,1.1988114669483785,0.0,zonia,0,False
2025-06-18 05:33:10.232615263+00:00,10,2,0,0,19.018898613776145,1.1946522000179534,0.0,zonia,0,False
2025-06-18 05:55:05.022687263+00:00,10,2,0,0,19.894424455590098,1.195150142921033,0.0,zonia,0,False
2025-06-18 05:55:29.392155263+00:00,10,2,0,0,19.96232040420741,1.1939780882508115,0.0,zonia,0,False
2025-06-18 05:59:43.268445263+00:00,10,2,0,0,19.939056338498194,1.1967909622710386,0.0,zonia,0,False
2025-06-18 06:14:25.512520263+00:00,10,2,0,0,20.607622285626913,1.1975364079664643,0.0,zonia,0,False
2025-06-18 06:20:34.707081263+00:00,10,2,0,0,20.762126803630775,1.2002967169246352,0.0,zonia,0,False
2025-06-18 06:21:24.070357263+00:00,10,2,0,0,21.09126776175727,1.2007382084499554,0.0,zonia,0,False
2025-06-18 06:37:58.903940263+00:00,10,2,0,0,21.884351966908948,1.202763665507263,0.0,zonia,0,False
2025-06-18 07:01:25.672709263+00:00,10,2,0,0,22.40052269767456,1.1633416488627317,0.0,zonia,0,False
2025-06-18 07:26:30.057761263+00:00,10,2,0,0,23.337490837931973,1.1646850664386272,0.0,zonia,0,False
2025-06-18 07:33:27.366584263+00:00,10,2,0,0,23.689861274480744,1.1562266161464176,0.0,zonia,0,False
2025-06-18 08:05:54.228787263+00:00,10,2,0,0,24.605223820332277,1.1567822093697424,0.0,zonia,0,False
2025-06-18 08:17:35.403985263+00:00,10,2,0,0,24.91178758109778,1.1509738281911266,0.0,zonia,0,False
2025-06-18 08:25:41.238382263+00:00,10,2,0,0,25.39834445196598,1.1539800956916137,0.0,zonia,0,False
2025-06-18 08:33:55.536152263+00:00,10,2,0,0,25.315935423325296,1.152639649269753,0.0,zonia,0,False
2025-06-18 08:40:50.272614263+00:00,10,2,0,0,25.465095615454842,1.153211867171751,0.0,zonia,0,False
2025-06-18 08:54:27.969129263+00:00,10,2,0,0,25.999141450360007,1.1537047531806308,0.0,zonia,0,False
2025-06-18 08:56:41.934981263+00:00,10,2,0,0,26.198537818122208,1.1609759800663346,0.0,zonia,0,False
2025-06-18 09:05:07.952858263+00:00,10,2,0,0,26.334068411094357,1.1809238902689285,0.0,zonia,0,False
2025-06-18 09:27:44.529727263+00:00,10,2,0,0,26.978827975357202,1.197553051014141,0.0,zonia,0,False
2025-06-18 09:46:14.428100263+00:00,10,2,0,0,27.415816994213962,1.1859737838046367,0.0,zonia,0,False
2025-06-18 10:36:25.479506263+00:00,10,2,0,0,28.314352307861697,1.2049263988556977,0.0,zonia,0,False
2025-06-18 10:42:31.298281263+00:00,10,2,0,0,28.78638736523283,1.21978475009189,0.0,zonia,0,False
2025-06-18 10:58:56.848325263+00:00,10,2,0,0,28.64694567695025,1.2282116229084352,0.0,zonia,0,False
2025-06-18 11:13:07.780865263+00:00,10,2,0,0,28.955942498005736,1.2231781758417448,0.0,zonia,0,False
2025-06-18 11:31:51.563088263+00:00,10,2,0,0,28.917621383022674,1.2231142057569842,0.0,zonia,0,False
2025-06-18 11:40:16.095786263+00:00,10,2,0,0,28.64964689371901,1.2121765844260488,0.0,zonia,0,False
2025-06-18 12:02:44.850030263+00:00,10,2,0,0,29.868969494642123,1.2173297574031359,0.0,zonia,0,False
2025-06-18 12:17:21.218853263+00:00,10,2,0,0,29.808512486147997,1.2156768999313547,0.0,zonia,0,False
2025-06-18 12:29:57.223602263+00:00,10,2,0,0,29.246842700181457,1.2196866999502334,0.0,zonia,0,False
2025-06-18 12:35:15.677309263+00:00,10,2,0,0,29.652345534327743,1.2223093954150244,0.0,zonia,0,False
2025-06-18 12:39:00.968281263+00:00,10,2,0,0,29.98689465732845,1.2245447936094545,0.0,zonia,0,False
2025-06-18 12:44:54.693720263+00:00,10,2,0,0,30.12963465409805,1.2272580768175767,0.0,zonia,0,False
2025-06-18 12:57:52.057952263+00:00,10,2,0,0,29.734019634798283,1.2294754861338724,0.0,zonia,0,False
2025-06-18 12:59:47.040710263+00:00,10,2,0,0,29.785669174942385,1.2298586398077038,0.0,zonia,0,False
2025-06-18 13:01:15.274229263+00:00,10,2,0,0,30.04239492427381,1.2326811455690125,0.0,zonia,0,False
2025-06-18 13:05:21.038972263+00:00,10,2,0,0,30.268010284643307,1.2303936003703801,0.0,zonia,0,False
2025-06-18 13:25:36.005128263+00:00,10,2,0,0,29.693195959447962,1.2048957611748878,0.0,zonia,0,False
2025-06-18 13:28:08.378952263+00:00,10,2,0,0,30.169124718522067,1.1520348588203448,0.0,zonia,0,False
2025-06-18 13:30:39.730911263+00:00,10,2,0,0,30.511327952841853,1.1557963305619776,0.0,zonia,0,False
2025-06-18 14:07:47.667253263+00:00,10,2,0,0,30.784674990225177,1.1193786217272421,0.0,zonia,0,False
2025-06-18 14:29:38.607440263+00:00,10,2,0,0,31.006821167904597,1.1023331104484553,0.0,zonia,0,False
2025-06-18 14:30:16.849567263+00:00,10,2,0,0,30.885188612397606,1.0935912804338361,0.0,zonia,0,False
2025-06-18 14:36:00.467749263+00:00,10,2,0,0,31.174911752045148,1.0884535711716148,0.0,zonia,0,False
2025-06-18 14:38:00.517767263+00:00,10,2,0,0,31.046391703902383,1.0877039076634951,0.0,zonia,0,False
2025-06-18 15:36:01.589136263+00:00,10,2,0,0,31.248624222862492,1.0816251008458464,0.0,zonia,0,False
2025-06-18 16:01:07.288261263+00:00,10,2,0,0,30.0479815306182,1.0859504626534013,0.0,zonia,0,False
2025-06-18 16:42:05.903389263+00:00,10,2,0,0,29.944249365030192,1.0671973822863374,0.0,zonia,0,False
2025-06-18 16:55:41.136294263+00:00,10,2,0,0,30.01263841893754,1.0612676963603889,0.0,zonia,0,False
2025-06-18 17:52:54.462206263+00:00,10,2,0,0,29.44173913209115,1.0501920046302506,0.0,zonia,0,False
2025-06-18 17:55:39.945361263+00:00,10,2,0,0,29.534016804484043,1.0394411603291176,0.0,zonia,0,False
2025-06-18 18:06:41.841071263+00:00,10,2,0,0,28.841846955560115,1.040429173322706,0.0,zonia,0,False
2025-06-18 18:20:22.563456263+00:00,10,2,0,0,28.436854474856645,1.0424886788383887,0.0,zonia,0,False
2025-06-18 18:30:40.250335263+00:00,10,2,0,0,27.460886682290845,1.0386076338769412,0.0,zonia,0,False
2025-06-18 19:05:01.192369263+00:00,10,2,0,0,25.022835332970796,1.0417559172333009,0.0,zonia,0,False
2025-06-18 19:08:41.299293263+00:00,10,2,0,0,24.602825315756363,1.0677580953245174,0.0,zonia,0,False
2025-06-18 19:10:08.079465263+00:00,10,2,0,0,24.601472934076998,1.1367423453724836,0.0,zonia,0,False
2025-06-18 19:10:53.081444263+00:00,10,2,0,0,24.69416429088704,1.1416022483336825,0.0,zonia,0,False
2025-06-18 19:43:51.456622263+00:00,10,2,0,0,23.01720521859568,1.1429945868883111,0.0,zonia,0,False
2025-06-18 19:55:01.001438263+00:00,10,2,0,0,22.475924715502767,1.1490492535002885,0.0,zonia,0,False
2025-06-18 20:00:44.375595263+00:00,10,2,0,0,22.507959740065257,1.1509144222274872,0.0,zonia,0,False
2025-06-18 20:07:46.996080263+00:00,10,2,0,0,22.205995298575452,1.1535916121921366,0.0,zonia,0,False
2025-06-18 20:12:46.368885263+00:00,10,2,0,0,22.286680307923326,1.1513070266126482,0.0,zonia,0,False
2025-06-18 21:28:31.177816263+00:00,10,2,0,0,20.27054651323732,1.1401987515091807,0.0,zonia,0,False
2025-06-18 21:50:17.445893263+00:00,10,2,0,0,20.1133051139301,1.1739119985352295,0.0,zonia,0,False
2025-06-18 22:32:19.930463263+00:00,10,2,0,0,18.861736145497737,1.172701930929421,0.0,zonia,0,False
2025-06-18 22:50:29.072524263+00:00,10,2,0,0,18.695806257667908,1.1768358633625884,0.0,zonia,0,False
2025-06-18 22:53:23.766233263+00:00,10,2,0,0,18.494625168959015,1.1772536938865028,0.0,zonia,0,False
2025-06-18 23:34:27.143798263+00:00,10,2,0,0,18.396116124144793,1.2037674104445286,0.0,zonia,0,False
2025-06-18 23:50:53.846134263+00:00,10,2,0,0,18.1712964320229,1.2048015876266516,0.0,zonia,0,False
2025-06-19 00:02:39.537103263+00:00,10,2,0,0,18.20555805863315,1.206828469796089,0.0,zonia,0,False
2025-06-19 01:23:16.518342263+00:00,10,2,0,0,17.558542147501445,1.2102396934525574,0.0,zonia,0,False
2025-06-19 01:50:43.431353263+00:00,10,2,0,0,17.358081242495654,1.2177226513872652,0.0,zonia,0,False
2025-06-19 02:14:59.196435263+00:00,10,2,0,0,17.048942403097392,1.221886249986943,0.0,zonia,0,False
2025-06-19 02:15:30.980313263+00:00,10,2,0,0,17.334945655466516,1.2226609224389684,0.0,zonia,0,False
2025-06-19 02:15:56.884783263+00:00,10,2,0,0,17.200964643988627,1.2246735214459576,0.0,zonia,0,False
2025-06-19 02:24:16.302445263+00:00,10,2,0,0,17.144691197714483,1.227755296063402,0.0,zonia,0,False
2025-06-19 02:38:51.809899263+00:00,10,2,0,0,16.735200893513444,1.2293421934506397,0.0,zonia,0,False
2025-06-19 02:40:10.918505263+00:00,10,2,0,0,16.7306000842333,1.2284081888569203,0.0,zonia,0,False
2025-06-19 02:44:24.852622263+00:00,10,2,0,0,16.75961555622021,1.2273791185204095,0.0,zonia,0,False
2025-06-19 02:47:48.557611263+00:00,10,2,0,0,16.689594738744063,1.2294441824301328,0.0,zonia,0,False
2025-06-19 02:55:11.609506263+00:00,10,2,0,0,16.454495804625157,1.2294110795109616,0.0,zonia,0,False
2025-06-19 03:06:41.831041263+00:00,10,2,0,0,16.631462004130885,1.2318731645539074,0.0,zonia,0,False
2025-06-19 03:19:23.617392263+00:00,10,2,0,0,16.79711569818475,1.2356134501833607,0.0,zonia,0,False
2025-06-19 03:33:20.817664263+00:00,10,2,0,0,16.427050299001632,1.2363531318156082,0.0,zonia,0,False
2025-06-19 04:08:43.931821263+00:00,10,2,0,0,16.97973174564323,1.2373567144857145,0.0,zonia,0,False
2025-06-19 04:16:27.383128263+00:00,10,2,0,0,17.64372780177191,1.2389272804287368,0.0,zonia,0,False
2025-06-19 04:17:04.897179263+00:00,10,2,0,0,17.374588394199822,1.2380988353660978,0.0,zonia,0,False
2025-06-19 04:22:41.216265263+00:00,10,2,0,0,17.482371077499387,1.2349939837533437,0.0,zonia,0,False
2025-06-19 04:40:50.682554263+00:00,10,2,0,0,18.637699771263975,1.2370656458446128,0.0,zonia,0,False
2025-06-19 04:45:14.946442263+00:00,10,2,0,0,18.959646038655805,1.2338088749684208,0.0,zonia,0,False
2025-06-19 05:26:09.929386263+00:00,10,2,0,0,20.81899720927406,1.189964987958666,0.0,zonia,0,False
2025-06-19 05:46:34.985325263+00:00,10,2,0,0,22.569677012594717,1.178514254760684,0.0,zonia,0,False
2025-06-19 06:06:59.920109263+00:00,10,2,0,0,23.491429532239213,1.169682720290524,0.0,zonia,0,False
2025-06-19 06:28:17.942709263+00:00,10,2,0,0,24.59091120649681,1.1508352625947083,0.0,zonia,0,False
2025-06-19 06:46:04.939789263+00:00,10,2,0,0,25.2389936082468,1.1511874900894397,0.0,zonia,0,False
2025-06-19 07:20:22.959131263+00:00,10,2,0,0,26.74963670329885,1.1542402998542811,0.0,zonia,0,False
2025-06-19 07:38:20.280140263+00:00,10,2,0,0,27.590897291198328,1.1559798129845802,0.0,zonia,0,False
2025-06-19 07:40:03.030520263+00:00,10,2,0,0,27.44336864703076,1.1663497424986984,0.0,zonia,0,False
2025-06-19 07:47:10.314708263+00:00,10,2,0,0,27.677614293810986,1.1648644927310918,0.0,zonia,0,False
2025-06-19 07:56:54.673378263+00:00,10,2,0,0,28.206987126694518,1.1663264409044527,0.0,zonia,0,False
2025-06-19 08:14:21.956150263+00:00,10,2,0,0,28.66684634247924,1.1634111170570391,0.0,zonia,0,False
