current_time,indexers_created,indexers_malign,indexers_banned,indexers_banned_malign,inferred_truth,avg_rep_benign,avg_rep_malign,mode,fail_counter,consolidated_result
2025-06-08 18:26:32.731500898+00:00,14,0,0,0,25.551656676972648,0.17741296864189773,0.0,zonia,0,False
2025-06-08 18:33:03.375969898+00:00,14,0,0,0,25.612784073455487,0.31890771771274445,0.0,zonia,0,False
2025-06-08 18:37:20.012698898+00:00,14,0,0,0,25.482432129995388,0.44322725794916223,0.0,zonia,0,False
2025-06-08 18:42:41.748579898+00:00,14,0,0,0,25.2696113896392,0.523508041547604,0.0,zonia,0,False
2025-06-08 18:57:32.896816898+00:00,14,0,0,0,24.551727115405246,0.6023666929841137,0.0,zonia,0,False
2025-06-08 19:15:03.899771898+00:00,14,0,0,0,23.924363701153972,0.6495608618732508,0.0,zonia,0,False
2025-06-08 19:15:58.353183898+00:00,14,0,0,0,24.087949036226743,0.7080921364027072,0.0,zonia,0,False
2025-06-08 20:07:56.321393898+00:00,14,0,0,0,22.87584038301784,0.7506159508260554,0.0,zonia,0,False
2025-06-08 20:10:15.722889898+00:00,14,0,0,0,23.082838895026,0.7824022855214493,0.0,zonia,0,False
2025-06-08 20:25:51.962460898+00:00,14,0,0,0,22.47296930490877,0.8329369965002178,0.0,zonia,0,False
2025-06-08 21:24:41.616913898+00:00,14,0,0,0,20.545411846078668,0.8549949349931424,0.0,zonia,0,False
2025-06-08 21:35:09.380873898+00:00,14,0,0,0,20.580119592800138,0.8657521602982634,0.0,zonia,0,False
2025-06-08 22:04:59.086035898+00:00,14,0,0,0,19.895275342594747,0.8362717142301197,0.0,zonia,0,False
2025-06-08 22:05:30.447437898+00:00,14,0,0,0,19.94392473585002,0.8289727457215267,0.0,zonia,0,False
2025-06-08 22:41:19.343311898+00:00,14,0,0,0,19.224290754870143,0.8318025229299106,0.0,zonia,0,False
2025-06-08 22:59:03.207097898+00:00,14,0,0,0,18.63181148938059,0.8515532942930479,0.0,zonia,0,False
2025-06-08 23:11:47.539639898+00:00,14,0,0,0,18.311591392456414,0.8778185207704424,0.0,zonia,0,False
2025-06-08 23:18:29.273720898+00:00,14,0,0,0,18.448333867681797,0.8982960608338943,0.0,zonia,0,False
2025-06-08 23:21:50.819035898+00:00,14,0,0,0,18.325182959319275,0.9018065995962029,0.0,zonia,0,False
2025-06-08 23:59:22.772268898+00:00,14,0,0,0,17.741912815740026,0.9049277283232061,0.0,zonia,0,False
2025-06-09 00:09:18.652457898+00:00,14,0,0,0,17.273201484835695,0.9103436086549334,0.0,zonia,0,False
2025-06-09 00:12:20.135256898+00:00,14,0,0,0,17.329854144698565,0.9200476353243845,0.0,zonia,0,False
2025-06-09 00:13:43.429775898+00:00,14,0,0,0,18.119958090688243,0.9248266329443018,0.0,zonia,0,False
2025-06-09 00:17:19.516804898+00:00,14,0,0,0,18.051945926481235,0.9350865093441664,0.0,zonia,0,False
2025-06-09 00:51:48.479087898+00:00,14,0,0,0,17.68870623247886,0.9299052985094988,0.0,zonia,0,False
2025-06-09 01:22:11.545672898+00:00,14,0,0,0,17.41803820452603,0.9287452758585062,0.0,zonia,0,False
2025-06-09 02:11:07.974069898+00:00,14,0,0,0,17.360141536540937,0.9322406886462299,0.0,zonia,0,False
2025-06-09 02:23:33.309475898+00:00,14,0,0,0,17.070148600777106,0.934947616368734,0.0,zonia,0,False
2025-06-09 02:28:22.548356898+00:00,14,0,0,0,17.114372141057654,0.9374489418753018,0.0,zonia,0,False
2025-06-09 02:51:41.262873898+00:00,14,0,0,0,16.991268072565205,0.9389205011604274,0.0,zonia,0,False
2025-06-09 03:05:53.545213898+00:00,14,0,0,0,16.59949174883747,0.9414740694707058,0.0,zonia,0,False
2025-06-09 03:23:20.193140898+00:00,14,0,0,0,16.51323925091382,0.942533056646346,0.0,zonia,0,False
2025-06-09 04:31:59.362164898+00:00,14,0,0,0,17.419068214698463,0.9412846782747992,0.0,zonia,0,False
2025-06-09 04:37:50.053741898+00:00,14,0,0,0,17.76608689858414,0.9413011338166106,0.0,zonia,0,False
2025-06-09 04:50:38.275273898+00:00,14,0,0,0,18.676749367575262,0.9555278917644839,0.0,zonia,0,False
2025-06-09 04:52:11.877837898+00:00,14,0,0,0,18.072446880385808,0.9621232874973573,0.0,zonia,0,False
2025-06-09 05:03:13.889780898+00:00,14,0,0,0,19.165334596706803,0.9555204207661517,0.0,zonia,0,False
2025-06-09 05:19:47.122718898+00:00,14,0,0,0,20.17026247246124,0.9523597527536151,0.0,zonia,0,False
2025-06-09 05:28:31.566834898+00:00,14,0,0,0,20.67692885198998,0.9583008392621785,0.0,zonia,0,False
2025-06-09 05:33:34.159341898+00:00,14,0,0,0,21.243053622020984,0.9599955055063155,0.0,zonia,0,False
2025-06-09 05:41:21.538466898+00:00,14,0,0,0,21.48599523367026,0.9637196014166813,0.0,zonia,0,False
2025-06-09 05:51:26.224141898+00:00,14,0,0,0,22.409963459535316,0.9505570773957899,0.0,zonia,0,False
2025-06-09 06:18:26.320219898+00:00,14,0,0,0,22.814837120393648,0.9541903569644801,0.0,zonia,0,False
2025-06-09 06:35:47.531925898+00:00,14,0,0,0,23.8046774984502,0.9376077621955018,0.0,zonia,0,False
2025-06-09 06:57:48.975396898+00:00,14,0,0,0,24.029575596248016,0.9377616938604384,0.0,zonia,0,False
2025-06-09 06:59:23.779847898+00:00,14,0,0,0,23.936148828156117,0.9391215164245186,0.0,zonia,0,False
2025-06-09 07:10:30.583911898+00:00,14,0,0,0,24.377637330717057,0.9296676257889634,0.0,zonia,0,False
2025-06-09 07:26:27.993601898+00:00,14,0,0,0,24.5104097929443,0.9274628490640832,0.0,zonia,0,False
2025-06-09 07:35:33.894645898+00:00,14,0,0,0,24.583221422694507,0.9232533567165432,0.0,zonia,0,False
2025-06-09 08:26:02.435157898+00:00,14,0,0,0,26.35971047444612,0.924578720298722,0.0,zonia,0,False
2025-06-09 08:27:44.782757898+00:00,14,0,0,0,26.2222723243618,0.9222202652259242,0.0,zonia,0,False
2025-06-09 08:29:33.939346898+00:00,14,0,0,0,26.406541125143075,0.9236940624659502,0.0,zonia,0,False
2025-06-09 08:38:05.478471898+00:00,14,0,0,0,26.45711946088129,0.923838240173816,0.0,zonia,0,False
2025-06-09 08:38:20.910284898+00:00,14,0,0,0,26.55846095060247,0.924782932308526,0.0,zonia,0,False
2025-06-09 08:43:21.148331898+00:00,14,0,0,0,26.583617728921915,0.9246676251356912,0.0,zonia,0,False
2025-06-09 09:29:33.928920898+00:00,14,0,0,0,27.314699820100973,0.9221587669849594,0.0,zonia,0,False
2025-06-09 09:34:54.314972898+00:00,14,0,0,0,27.26252027353218,0.912051022136313,0.0,zonia,0,False
2025-06-09 09:38:23.159628898+00:00,14,0,0,0,27.43415328554362,0.9407968561907155,0.0,zonia,0,False
2025-06-09 09:46:33.297512898+00:00,14,0,0,0,27.872317708461537,0.9537482616066686,0.0,zonia,0,False
2025-06-09 10:00:21.924272898+00:00,14,0,0,0,27.460090972423462,0.9620187530824446,0.0,zonia,0,False
2025-06-09 10:13:13.153896898+00:00,14,0,0,0,27.475971715123467,0.9690198552073557,0.0,zonia,0,False
2025-06-09 10:20:15.132270898+00:00,14,0,0,0,27.64304054840646,0.9730493896309939,0.0,zonia,0,False
2025-06-09 10:24:17.833464898+00:00,14,0,0,0,27.416737355128575,0.9753782525684855,0.0,zonia,0,False
2025-06-09 10:55:33.490037898+00:00,14,0,0,0,27.178150418359767,0.9754882557038922,0.0,zonia,0,False
2025-06-09 11:05:05.654653898+00:00,14,0,0,0,27.3974547025039,0.9752881816274515,0.0,zonia,0,False
2025-06-09 11:25:46.259299898+00:00,14,0,0,0,27.362973680550198,0.9773033593046346,0.0,zonia,0,False
2025-06-09 11:53:44.745930898+00:00,14,0,0,0,27.244113928190888,0.9772102877287495,0.0,zonia,0,False
2025-06-09 12:01:38.455943898+00:00,14,0,0,0,27.293751832165977,0.9758571812894097,0.0,zonia,0,False
2025-06-09 12:03:47.707205898+00:00,14,0,0,0,27.291026507701655,0.9718669373053707,0.0,zonia,0,False
2025-06-09 12:08:47.596175898+00:00,14,0,0,0,27.297520227170637,0.9724748018255817,0.0,zonia,0,False
2025-06-09 12:18:19.488482898+00:00,14,0,0,0,27.221867068863666,0.9660435246554987,0.0,zonia,0,False
2025-06-09 12:25:45.992870898+00:00,14,0,0,0,27.185496585354276,0.9662640436503277,0.0,zonia,0,False
2025-06-09 12:41:36.871847898+00:00,14,0,0,0,27.503410168508214,0.9619462260004522,0.0,zonia,0,False
2025-06-09 13:21:13.664216898+00:00,14,0,0,0,27.402686199294493,0.961541567756191,0.0,zonia,0,False
2025-06-09 13:31:21.057487898+00:00,14,0,0,0,27.381261295202734,0.9573869722813438,0.0,zonia,0,False
2025-06-09 13:47:15.245442898+00:00,14,0,0,0,27.611372762094724,0.9558959381010502,0.0,zonia,0,False
2025-06-09 13:52:38.113529898+00:00,14,0,0,0,27.57616360351706,0.9583149392564625,0.0,zonia,0,False
2025-06-09 14:04:56.596651898+00:00,14,0,0,0,27.685260255901728,0.9558789827626185,0.0,zonia,0,False
2025-06-09 14:07:26.410102898+00:00,14,0,0,0,27.933991435958774,0.9595903814860731,0.0,zonia,0,False
2025-06-09 14:12:27.107227898+00:00,14,0,0,0,27.7466871345305,0.9571827772101003,0.0,zonia,0,False
2025-06-09 14:53:47.865366898+00:00,14,0,0,0,28.228119597714826,0.9617385436378577,0.0,zonia,0,False
2025-06-09 15:14:58.200441898+00:00,14,0,0,0,28.209026537504112,0.9599159930575186,0.0,zonia,0,False
2025-06-09 15:38:09.432647898+00:00,14,0,0,0,27.37737574515173,0.9600421446984323,0.0,zonia,0,False
2025-06-09 15:42:02.090148898+00:00,14,0,0,0,27.1343575022211,0.9619881748887247,0.0,zonia,0,False
2025-06-09 15:45:55.294110898+00:00,14,0,0,0,27.407170934925844,0.9648055097789953,0.0,zonia,0,False
2025-06-09 15:48:07.744590898+00:00,14,0,0,0,26.988402281121058,0.9665854958662058,0.0,zonia,0,False
2025-06-09 16:27:47.088551898+00:00,14,0,0,0,26.95510288118113,0.9636230815661582,0.0,zonia,0,False
2025-06-09 16:51:33.981840898+00:00,14,0,0,0,26.428829611463875,0.9661697818864287,0.0,zonia,0,False
2025-06-09 18:14:58.830792898+00:00,14,0,0,0,23.768532554984453,0.9700641702996664,0.0,zonia,0,False
2025-06-09 18:34:10.181570898+00:00,14,0,0,0,23.137092232003543,0.9726580374257962,0.0,zonia,0,False
2025-06-09 18:44:53.908266898+00:00,14,0,0,0,22.28054645721175,0.9759219971909212,0.0,zonia,0,False
2025-06-09 19:31:05.758394898+00:00,14,0,0,0,20.38382645148794,0.9764799494546784,0.0,zonia,0,False
2025-06-09 19:41:49.345065898+00:00,14,0,0,0,20.26255540194199,0.976255714404296,0.0,zonia,0,False
2025-06-09 20:21:55.933103898+00:00,14,0,0,0,19.17233662643724,0.9777932748002248,0.0,zonia,0,False
2025-06-09 20:42:14.361371898+00:00,14,0,0,0,18.783947015448703,0.9798376466082637,0.0,zonia,0,False
2025-06-09 21:14:35.627068898+00:00,14,0,0,0,18.67332132835186,0.9811192713643327,0.0,zonia,0,False
2025-06-09 21:19:45.207191898+00:00,14,0,0,0,18.532169911194718,0.9829325281929485,0.0,zonia,0,False
2025-06-09 21:29:01.640852898+00:00,14,0,0,0,18.28088780932698,0.983062962026662,0.0,zonia,0,False
2025-06-09 21:32:56.156417898+00:00,14,0,0,0,18.275900531132383,0.9752430838660395,0.0,zonia,0,False
2025-06-09 21:44:05.721311898+00:00,14,0,0,0,18.3694405371862,0.9745191634089931,0.0,zonia,0,False
2025-06-09 21:52:19.763631898+00:00,14,0,0,0,17.789274905743266,0.9706758089535877,0.0,zonia,0,False
2025-06-09 22:39:06.013748898+00:00,14,0,0,0,16.670383740338583,0.9644697521418953,0.0,zonia,0,False
2025-06-09 22:49:20.382855898+00:00,14,0,0,0,16.577072023319,0.9634222867628833,0.0,zonia,0,False
2025-06-09 22:52:33.112476898+00:00,14,0,0,0,16.73278138317385,0.9629227206391074,0.0,zonia,0,False
2025-06-09 22:59:58.412424898+00:00,14,0,0,0,16.46773514808081,0.9631839343174862,0.0,zonia,0,False
2025-06-09 23:34:49.377827898+00:00,14,0,0,0,15.939874723346833,0.9658125662125858,0.0,zonia,0,False
2025-06-09 23:36:54.723080898+00:00,14,0,0,0,16.305010618163085,0.9679728471875025,0.0,zonia,0,False
2025-06-09 23:44:25.427276898+00:00,14,0,0,0,15.84949514114284,0.9678972020855421,0.0,zonia,0,False
2025-06-10 00:05:55.346243898+00:00,14,0,0,0,15.642545359677744,0.9707803111269012,0.0,zonia,0,False
2025-06-10 00:09:06.689283898+00:00,14,0,0,0,15.690598898279717,0.9707112259385362,0.0,zonia,0,False
2025-06-10 00:13:26.061244898+00:00,14,0,0,0,15.85456250349263,0.9701495944616747,0.0,zonia,0,False
2025-06-10 00:19:17.944387898+00:00,14,0,0,0,15.53928346413818,0.9718067007674615,0.0,zonia,0,False
2025-06-10 00:20:30.944496898+00:00,14,0,0,0,15.801538998172658,0.9729250000127198,0.0,zonia,0,False
2025-06-10 00:21:25.546239898+00:00,14,0,0,0,15.734399499228184,0.972933743207655,0.0,zonia,0,False
2025-06-10 00:29:22.256758898+00:00,14,0,0,0,15.851880448026186,0.970619028644222,0.0,zonia,0,False
2025-06-10 00:49:26.700683898+00:00,14,0,0,0,15.052733537858746,0.9699976398762773,0.0,zonia,0,False
2025-06-10 01:07:49.018973898+00:00,14,0,0,0,15.241550556301691,0.9696867724264989,0.0,zonia,0,False
2025-06-10 01:53:12.373141898+00:00,14,0,0,0,14.977061867471189,0.972365488448642,0.0,zonia,0,False
2025-06-10 01:56:43.352941898+00:00,14,0,0,0,14.798822264146677,0.9733045657032051,0.0,zonia,0,False
2025-06-10 02:01:23.034699898+00:00,14,0,0,0,14.926008359346602,0.9741960046511137,0.0,zonia,0,False
2025-06-10 02:05:39.366943898+00:00,14,0,0,0,14.921669944454361,0.9800077972454176,0.0,zonia,0,False
2025-06-10 02:07:10.816189898+00:00,14,0,0,0,14.540947180378938,0.9818090715767969,0.0,zonia,0,False
2025-06-10 02:10:27.674139898+00:00,14,0,0,0,15.003628659807589,0.9806893943632895,0.0,zonia,0,False
2025-06-10 02:10:56.068111898+00:00,14,0,0,0,14.8973364996551,0.9638266602971167,0.0,zonia,0,False
2025-06-10 02:11:05.196860898+00:00,14,0,0,0,14.81664703655876,0.9662652130060583,0.0,zonia,0,False
2025-06-10 02:31:54.354590898+00:00,14,0,0,0,14.483835315044134,0.9778936587990915,0.0,zonia,0,False
2025-06-10 03:31:49.340050898+00:00,14,0,0,0,14.811290776019305,0.9782192754838187,0.0,zonia,0,False
2025-06-10 03:45:20.273043898+00:00,14,0,0,0,14.4621326840789,0.979399687905463,0.0,zonia,0,False
2025-06-10 03:54:34.789775898+00:00,14,0,0,0,14.734920951960902,0.9806289262210777,0.0,zonia,0,False
2025-06-10 04:07:37.351363898+00:00,14,0,0,0,15.004643351362759,0.9817460309325586,0.0,zonia,0,False
2025-06-10 04:14:22.829518898+00:00,14,0,0,0,15.23284933750893,0.9788233722413405,0.0,zonia,0,False
2025-06-10 04:17:31.052035898+00:00,14,0,0,0,15.440518354875547,0.9832680067351173,0.0,zonia,0,False
2025-06-10 04:25:53.785004898+00:00,14,0,0,0,15.471590518760927,0.9842303787072575,0.0,zonia,0,False
2025-06-10 04:32:50.727964898+00:00,14,0,0,0,15.541167085397944,0.9864196113709494,0.0,zonia,0,False
2025-06-10 04:39:45.718511898+00:00,14,0,0,0,16.068955404578617,0.9834500518449177,0.0,zonia,0,False
2025-06-10 05:02:48.095513898+00:00,14,0,0,0,17.25128224547793,0.9858710927877793,0.0,zonia,0,False
2025-06-10 05:25:35.476391898+00:00,14,0,0,0,18.468848886192152,0.9839494638719158,0.0,zonia,0,False
2025-06-10 05:28:25.832122898+00:00,14,0,0,0,18.553257064703775,0.9866876285690459,0.0,zonia,0,False
2025-06-10 05:30:15.746390898+00:00,14,0,0,0,18.78135352036241,0.9861248845117664,0.0,zonia,0,False
2025-06-10 06:13:30.359255898+00:00,14,0,0,0,20.06069280773201,0.9882359231606069,0.0,zonia,0,False
2025-06-10 06:39:35.954511898+00:00,14,0,0,0,21.147288003368732,0.9610378326248714,0.0,zonia,0,False
2025-06-10 06:51:07.915632898+00:00,14,0,0,0,21.84061411858656,0.9616700437873422,0.0,zonia,0,False
2025-06-10 07:00:33.057031898+00:00,14,0,0,0,22.161341404363963,0.962907798026038,0.0,zonia,0,False
2025-06-10 07:06:20.194716898+00:00,14,0,0,0,22.520399842762806,0.9602808515630271,0.0,zonia,0,False
2025-06-10 07:08:45.139967898+00:00,14,0,0,0,22.565706259711103,0.9610791527328192,0.0,zonia,0,False
2025-06-10 07:45:58.380342898+00:00,14,0,0,0,23.943566558111787,0.9614757470561252,0.0,zonia,0,False
2025-06-10 07:48:06.733374898+00:00,14,0,0,0,23.960551004238145,0.9597741253565146,0.0,zonia,0,False
2025-06-10 08:00:59.043641898+00:00,14,0,0,0,24.595286441318365,0.96416845189207,0.0,zonia,0,False
2025-06-10 08:11:26.143079898+00:00,14,0,0,0,24.7321328865953,0.9668908545341548,0.0,zonia,0,False
2025-06-10 08:16:07.081820898+00:00,14,0,0,0,24.73086886055982,0.9630314784764538,0.0,zonia,0,False
2025-06-10 08:33:25.545889898+00:00,14,0,0,0,25.954497629558535,0.9565610395876255,0.0,zonia,0,False
2025-06-10 08:35:25.875132898+00:00,14,0,0,0,25.657307991073576,0.9596835627916167,0.0,zonia,0,False
2025-06-10 09:09:59.955122898+00:00,14,0,0,0,26.31288655866817,0.9599350816307818,0.0,zonia,0,False
2025-06-10 10:03:45.866591898+00:00,14,0,0,0,27.16630807768768,0.9658193535458663,0.0,zonia,0,False
2025-06-10 10:14:59.288517898+00:00,14,0,0,0,27.451469965783776,0.9666742450631853,0.0,zonia,0,False
2025-06-10 10:19:54.844063898+00:00,14,0,0,0,27.475183928197144,0.9663744440424205,0.0,zonia,0,False
2025-06-10 10:24:53.150699898+00:00,14,0,0,0,27.58641115763762,0.9670064580191929,0.0,zonia,0,False
2025-06-10 10:35:25.086052898+00:00,14,0,0,0,27.486082920581204,0.9670460319176003,0.0,zonia,0,False
2025-06-10 10:35:40.587786898+00:00,14,0,0,0,27.904087454162205,0.9764217242955405,0.0,zonia,0,False
2025-06-10 11:20:21.714834898+00:00,14,0,0,0,28.4784852259192,0.9761135456149519,0.0,zonia,0,False
2025-06-10 11:20:57.857473898+00:00,14,0,0,0,28.577482110084983,0.9762343958430897,0.0,zonia,0,False
2025-06-10 11:23:44.823843898+00:00,14,0,0,0,28.710620199102042,0.9766359280315481,0.0,zonia,0,False
2025-06-10 11:46:47.838948898+00:00,14,0,0,0,29.189837755238873,0.9699192662401573,0.0,zonia,0,False
2025-06-10 12:00:21.868682898+00:00,14,0,0,0,28.86503599674803,0.9699148402832208,0.0,zonia,0,False
2025-06-10 12:00:43.995412898+00:00,14,0,0,0,28.752360762492103,0.9583324763809059,0.0,zonia,0,False
2025-06-10 12:18:21.117578898+00:00,14,0,0,0,29.281342231020975,0.9665034973883996,0.0,zonia,0,False
2025-06-10 12:31:19.066932898+00:00,14,0,0,0,29.5766446920619,0.9680332962222767,0.0,zonia,0,False
2025-06-10 12:45:57.737282898+00:00,14,0,0,0,29.73602336505057,0.9753218603034197,0.0,zonia,0,False
2025-06-10 13:14:22.712393898+00:00,14,0,0,0,30.0340474676091,0.9749095254910601,0.0,zonia,0,False
2025-06-10 13:28:42.339141898+00:00,14,0,0,0,30.584167042220997,0.970897986239702,0.0,zonia,0,False
2025-06-10 13:39:13.097605898+00:00,14,0,0,0,30.254810159950416,0.9767614434477743,0.0,zonia,0,False
2025-06-10 13:48:30.160754898+00:00,14,0,0,0,30.42377200826283,0.9784896842114199,0.0,zonia,0,False
2025-06-10 13:54:17.185613898+00:00,14,0,0,0,30.564806996125917,0.978044510904309,0.0,zonia,0,False
2025-06-10 14:06:03.291591898+00:00,14,0,0,0,30.764219204590013,0.9754933911123587,0.0,zonia,0,False
2025-06-10 14:08:05.132551898+00:00,14,0,0,0,30.5566289491459,0.9774823145315323,0.0,zonia,0,False
2025-06-10 14:10:44.119093898+00:00,14,0,0,0,30.76762890529354,0.9768390957463314,0.0,zonia,0,False
2025-06-10 14:18:42.660347898+00:00,14,0,0,0,30.84798094812486,0.9769204840024404,0.0,zonia,0,False
2025-06-10 14:29:17.696559898+00:00,14,0,0,0,30.596090687231417,0.9802272075993252,0.0,zonia,0,False
2025-06-10 14:45:31.059103898+00:00,14,0,0,0,30.814315316171037,0.9768295452004809,0.0,zonia,0,False
2025-06-10 14:51:22.383578898+00:00,14,0,0,0,30.95220868533096,0.9798783020742319,0.0,zonia,0,False
2025-06-10 14:55:11.424489898+00:00,14,0,0,0,30.91166793776814,0.9804452468078776,0.0,zonia,0,False
2025-06-10 15:10:27.429865898+00:00,14,0,0,0,31.064650035305792,0.9811103434877114,0.0,zonia,0,False
2025-06-10 15:28:37.839650898+00:00,14,0,0,0,30.782858452249506,0.9813401045412254,0.0,zonia,0,False
2025-06-10 15:29:45.938666898+00:00,14,0,0,0,30.744118351837297,0.9817523868265224,0.0,zonia,0,False
2025-06-10 16:27:19.398721898+00:00,14,0,0,0,30.109924818797193,0.9447549413960334,0.0,zonia,0,False
2025-06-10 17:08:56.495691898+00:00,14,0,0,0,29.638435600113347,0.9430984258003133,0.0,zonia,0,False
2025-06-10 17:25:41.526571898+00:00,14,0,0,0,29.484259427508107,0.9434741891980256,0.0,zonia,0,False
2025-06-10 17:36:57.271396898+00:00,14,0,0,0,28.67702231130694,0.9442120456202272,0.0,zonia,0,False
2025-06-10 17:48:43.680853898+00:00,14,0,0,0,28.051552766372453,0.943270380369771,0.0,zonia,0,False
2025-06-10 18:06:11.680225898+00:00,14,0,0,0,26.690477034774137,0.9426783624670805,0.0,zonia,0,False
2025-06-10 18:11:18.005162898+00:00,14,0,0,0,26.457686727032957,0.939558941496981,0.0,zonia,0,False
2025-06-10 18:45:04.917145898+00:00,14,0,0,0,24.59464296687665,0.9378663946654248,0.0,zonia,0,False
2025-06-10 18:54:58.842369898+00:00,14,0,0,0,24.475141066077036,0.9402800859111753,0.0,zonia,0,False
2025-06-10 19:02:10.943717898+00:00,14,0,0,0,23.981479607520814,0.9351159812248714,0.0,zonia,0,False
2025-06-10 19:06:35.065957898+00:00,14,0,0,0,24.042291822961964,0.9541837451445817,0.0,zonia,0,False
2025-06-10 19:13:56.687531898+00:00,14,0,0,0,23.68375753213159,0.955596059882794,0.0,zonia,0,False
2025-06-10 19:45:24.307537898+00:00,14,0,0,0,22.94585480598886,0.9603069254266775,0.0,zonia,0,False
2025-06-10 19:56:58.976789898+00:00,14,0,0,0,22.722982638336337,0.9587377216407047,0.0,zonia,0,False
2025-06-10 20:05:18.169627898+00:00,14,0,0,0,22.058837262363458,0.9609013189450696,0.0,zonia,0,False
2025-06-10 20:29:52.506486898+00:00,14,0,0,0,21.477905392430568,0.9631556192819813,0.0,zonia,0,False
2025-06-10 20:33:03.956296898+00:00,14,0,0,0,21.17119421236306,0.9647722888202817,0.0,zonia,0,False
2025-06-10 20:53:56.046071898+00:00,14,0,0,0,21.230360502356856,0.9652993639533386,0.0,zonia,0,False
2025-06-10 21:11:18.609387898+00:00,14,0,0,0,20.69775729586457,0.9684325429458854,0.0,zonia,0,False
2025-06-10 21:20:46.472549898+00:00,14,0,0,0,19.796407046439423,0.9624042247767931,0.0,zonia,0,False
2025-06-10 21:37:36.514810898+00:00,14,0,0,0,20.327177832293195,0.9606156118620669,0.0,zonia,0,False
2025-06-10 22:07:00.358145898+00:00,14,0,0,0,19.76084067052582,0.9616551466301775,0.0,zonia,0,False
2025-06-10 22:27:52.309320898+00:00,14,0,0,0,19.482391729416666,0.9591347197347307,0.0,zonia,0,False
2025-06-10 22:32:36.421464898+00:00,14,0,0,0,19.218541863162113,0.9630237359811025,0.0,zonia,0,False
2025-06-10 22:50:46.692340898+00:00,14,0,0,0,19.204624641897393,0.9641447582242924,0.0,zonia,0,False
2025-06-10 23:09:14.017955898+00:00,14,0,0,0,18.79056090762834,0.9675988308736224,0.0,zonia,0,False
2025-06-10 23:11:57.530532898+00:00,14,0,0,0,18.7984872055034,0.9683707642417595,0.0,zonia,0,False
2025-06-10 23:27:47.566736898+00:00,14,0,0,0,18.68198754330832,0.974184683058078,0.0,zonia,0,False
2025-06-10 23:31:27.384513898+00:00,14,0,0,0,18.4307399301601,0.9781595361190448,0.0,zonia,0,False
2025-06-10 23:38:30.479729898+00:00,14,0,0,0,18.891761724867077,0.9811161800790579,0.0,zonia,0,False
2025-06-10 23:41:38.473175898+00:00,14,0,0,0,18.442352491029542,0.9835111453310514,0.0,zonia,0,False
2025-06-10 23:59:29.729628898+00:00,14,0,0,0,18.45826460934321,0.9857077906249234,0.0,zonia,0,False
2025-06-11 00:35:06.768005898+00:00,14,0,0,0,18.320183756507127,0.9853561891837738,0.0,zonia,0,False
2025-06-11 00:40:31.415445898+00:00,14,0,0,0,18.18601240416004,0.9879095636571354,0.0,zonia,0,False
2025-06-11 01:00:41.561447898+00:00,14,0,0,0,18.015099683445833,0.9883949280581394,0.0,zonia,0,False
2025-06-11 01:02:52.844276898+00:00,14,0,0,0,17.99573515073592,0.9892049385162492,0.0,zonia,0,False
2025-06-11 01:47:11.514327898+00:00,14,0,0,0,18.241957491082402,0.9864088959785671,0.0,zonia,0,False
2025-06-11 02:04:09.795319898+00:00,14,0,0,0,17.775249102224578,0.9835279276327574,0.0,zonia,0,False
2025-06-11 02:13:22.429444898+00:00,14,0,0,0,17.491340182105713,0.9829140726446245,0.0,zonia,0,False
2025-06-11 02:36:05.065105898+00:00,14,0,0,0,16.848076010031008,0.9763418382379486,0.0,zonia,0,False
2025-06-11 03:14:50.370747898+00:00,14,0,0,0,17.101703807335163,0.9797525480337426,0.0,zonia,0,False
2025-06-11 03:17:00.044531898+00:00,14,0,0,0,16.87302944691328,0.9809331458635416,0.0,zonia,0,False
2025-06-11 03:38:24.201014898+00:00,14,0,0,0,16.656389420834568,0.9813866116747905,0.0,zonia,0,False
2025-06-11 04:08:35.034337898+00:00,14,0,0,0,17.49752943766561,0.9838509430746148,0.0,zonia,0,False
2025-06-11 04:09:07.767456898+00:00,14,0,0,0,17.35865401000875,0.9831032716975769,0.0,zonia,0,False
2025-06-11 04:42:50.932842898+00:00,14,0,0,0,19.20103798256222,0.9837744562495729,0.0,zonia,0,False
2025-06-11 05:03:12.697521898+00:00,14,0,0,0,20.245839782213388,0.9227858710551814,0.0,zonia,0,False
2025-06-11 05:20:28.110392898+00:00,14,0,0,0,21.19568197862237,0.9199408400742186,0.0,zonia,0,False
2025-06-11 06:19:53.670476898+00:00,14,0,0,0,24.724801947212836,0.9215791778943573,0.0,zonia,0,False
2025-06-11 06:39:46.134314898+00:00,14,0,0,0,25.85878397272191,0.9082414904165832,0.0,zonia,0,False
2025-06-11 06:41:11.558700898+00:00,14,0,0,0,26.81571220837733,0.9285498878980415,0.0,zonia,0,False
2025-06-11 06:55:51.151778898+00:00,14,0,0,0,27.435500496739795,0.9288477450803798,0.0,zonia,0,False
2025-06-11 07:04:03.908438898+00:00,14,0,0,0,27.836297017897742,0.9331419379850755,0.0,zonia,0,False
2025-06-11 07:15:22.242514898+00:00,14,0,0,0,27.915997159869413,0.9416338794483099,0.0,zonia,0,False
2025-06-11 07:21:12.167738898+00:00,14,0,0,0,28.32346057389675,0.9479913435996817,0.0,zonia,0,False
2025-06-11 07:23:58.874314898+00:00,14,0,0,0,28.166422332716422,0.9514398160462832,0.0,zonia,0,False
2025-06-11 08:04:39.270242898+00:00,14,0,0,0,29.211133026635185,0.9501534485758498,0.0,zonia,0,False
2025-06-11 08:08:17.183891898+00:00,14,0,0,0,29.35717292457857,0.9486515721075927,0.0,zonia,0,False
2025-06-11 08:43:47.915606898+00:00,14,0,0,0,30.018642017638946,0.9525240373600177,0.0,zonia,0,False
2025-06-11 08:51:23.254050898+00:00,14,0,0,0,29.977795701111983,0.9560513862041118,0.0,zonia,0,False
2025-06-11 08:51:23.925838898+00:00,14,0,0,0,30.134167461861814,0.9588796408771251,0.0,zonia,0,False
2025-06-11 08:55:42.137383898+00:00,14,0,0,0,30.1269903911493,0.9581026870868067,0.0,zonia,0,False
2025-06-11 08:59:17.111138898+00:00,14,0,0,0,30.162805226785057,0.955880896178516,0.0,zonia,0,False
2025-06-11 09:06:04.932519898+00:00,14,0,0,0,30.574546329637084,0.9591593994022466,0.0,zonia,0,False
2025-06-11 09:13:04.997291898+00:00,14,0,0,0,30.62843185315177,0.9710806257826364,0.0,zonia,0,False
2025-06-11 09:29:55.696863898+00:00,14,0,0,0,30.93523351601105,0.974954320549349,0.0,zonia,0,False
2025-06-11 09:40:29.538282898+00:00,14,0,0,0,31.014908292559628,0.9136912625560996,0.0,zonia,0,False
2025-06-11 09:41:29.382883898+00:00,14,0,0,0,30.80399954460128,0.9180047299158967,0.0,zonia,0,False
2025-06-11 09:43:39.681966898+00:00,14,0,0,0,30.645304890164397,0.8794976601293706,0.0,zonia,0,False
2025-06-11 09:50:14.405722898+00:00,14,0,0,0,30.89530637040958,0.8796341139532433,0.0,zonia,0,False
2025-06-11 10:04:29.391832898+00:00,14,0,0,0,31.01639699833716,0.9107915083528683,0.0,zonia,0,False
2025-06-11 10:14:28.974906898+00:00,14,0,0,0,31.148691407193258,0.9308794774003835,0.0,zonia,0,False
2025-06-11 10:37:47.870274898+00:00,14,0,0,0,31.487646178352804,0.9436956939217938,0.0,zonia,0,False
2025-06-11 10:41:28.611391898+00:00,14,0,0,0,31.6237153590411,0.9585439565322017,0.0,zonia,0,False
2025-06-11 10:43:25.471006898+00:00,14,0,0,0,31.46723814729165,0.9641432240119173,0.0,zonia,0,False
2025-06-11 10:46:21.699762898+00:00,14,0,0,0,31.83762009814599,0.9694017774763221,0.0,zonia,0,False
2025-06-11 10:49:58.021889898+00:00,14,0,0,0,31.623240832497622,0.9712417778205662,0.0,zonia,0,False
2025-06-11 11:02:22.981516898+00:00,14,0,0,0,31.82832805464975,0.978964637789449,0.0,zonia,0,False
2025-06-11 11:17:02.952565898+00:00,14,0,0,0,31.612443887111297,0.9767415885945925,0.0,zonia,0,False
2025-06-11 11:17:10.917434898+00:00,14,0,0,0,31.886133909854454,0.9773985851098025,0.0,zonia,0,False
2025-06-11 11:27:58.754536898+00:00,14,0,0,0,32.313083683505496,0.9772990045884854,0.0,zonia,0,False
2025-06-11 11:31:46.521008898+00:00,14,0,0,0,31.925159747772415,0.9791597362979436,0.0,zonia,0,False
2025-06-11 11:42:07.923071898+00:00,14,0,0,0,32.05030505902129,0.9828985664843061,0.0,zonia,0,False
2025-06-11 12:14:59.680385898+00:00,14,0,0,0,32.123685641713,0.9844528132671965,0.0,zonia,0,False
2025-06-11 12:28:44.294762898+00:00,14,0,0,0,32.41643005255886,0.984856241432514,0.0,zonia,0,False
2025-06-11 13:33:30.194863898+00:00,14,0,0,0,32.739628214252896,0.9332597393282409,0.0,zonia,0,False
2025-06-11 13:37:38.464238898+00:00,14,0,0,0,33.06548060228745,0.9244208892917046,0.0,zonia,0,False
2025-06-11 13:47:21.907777898+00:00,14,0,0,0,33.15437233881142,0.9239943609409418,0.0,zonia,0,False
2025-06-11 14:00:22.032159898+00:00,14,0,0,0,32.924676936697395,0.9492590980877724,0.0,zonia,0,False
2025-06-11 14:05:12.830305898+00:00,14,0,0,0,32.82391571631128,0.9625724341770315,0.0,zonia,0,False
2025-06-11 14:10:31.556350898+00:00,14,0,0,0,32.592395390905395,0.8539962486548839,0.0,zonia,0,False
2025-06-11 14:15:56.456185898+00:00,14,0,0,0,33.392901482096796,0.8544445336253605,0.0,zonia,0,False
2025-06-11 14:46:19.597258898+00:00,14,0,0,0,32.96711287046014,0.8782784209491089,0.0,zonia,0,False
2025-06-11 15:00:42.851246898+00:00,14,0,0,0,32.760117373664926,0.8995595531790432,0.0,zonia,0,False
2025-06-11 15:10:40.068644898+00:00,14,0,0,0,32.896067434782786,0.895898243851047,0.0,zonia,0,False
2025-06-11 15:23:36.338139898+00:00,14,0,0,0,32.88218154922236,0.9209656468554461,0.0,zonia,0,False
2025-06-11 15:48:47.795682898+00:00,14,0,0,0,32.632308399125584,0.9063609894470935,0.0,zonia,0,False
2025-06-11 15:58:30.844999898+00:00,14,0,0,0,31.639857679056934,0.9018788469705894,0.0,zonia,0,False
2025-06-11 16:13:29.139258898+00:00,14,0,0,0,30.71010002997481,0.8972723777788837,0.0,zonia,0,False
2025-06-11 17:14:30.492465898+00:00,14,0,0,0,29.286003610943812,0.9035553759338033,0.0,zonia,0,False
2025-06-11 17:22:32.259205898+00:00,14,0,0,0,29.23850004901415,0.9072469356087501,0.0,zonia,0,False
2025-06-11 17:28:36.644679898+00:00,14,0,0,0,29.239802422421427,0.9270646473652854,0.0,zonia,0,False
2025-06-11 17:30:40.887634898+00:00,14,0,0,0,28.894581940944583,0.9338425482059096,0.0,zonia,0,False
2025-06-11 17:37:27.333505898+00:00,14,0,0,0,28.56657955139719,0.9396629676513568,0.0,zonia,0,False
2025-06-11 17:46:12.475246898+00:00,14,0,0,0,28.57725361922621,0.9493493866079279,0.0,zonia,0,False
2025-06-11 17:47:38.931423898+00:00,14,0,0,0,28.50656191782246,0.9623053806785767,0.0,zonia,0,False
2025-06-11 17:51:13.390428898+00:00,14,0,0,0,28.306501880324884,0.9620439995743075,0.0,zonia,0,False
2025-06-11 18:39:40.695488898+00:00,14,0,0,0,26.396916631362668,0.967808393024679,0.0,zonia,0,False
2025-06-11 18:44:40.498387898+00:00,14,0,0,0,25.933988199947272,0.9718376179618033,0.0,zonia,0,False
2025-06-11 19:21:17.741225898+00:00,14,0,0,0,23.817494271376873,0.972588726812176,0.0,zonia,0,False
2025-06-11 19:25:59.407035898+00:00,14,0,0,0,24.12594881222846,0.9748925379000283,0.0,zonia,0,False
2025-06-11 19:41:14.553925898+00:00,14,0,0,0,23.691046090556277,0.9748915545062499,0.0,zonia,0,False
2025-06-11 19:48:23.659244898+00:00,14,0,0,0,23.291673460766816,0.9804766296433766,0.0,zonia,0,False
2025-06-11 19:53:45.536928898+00:00,14,0,0,0,23.177336811227025,0.9816215769150215,0.0,zonia,0,False
2025-06-11 19:56:06.172366898+00:00,14,0,0,0,23.054925855575448,0.9845031488908178,0.0,zonia,0,False
2025-06-11 20:04:03.945822898+00:00,14,0,0,0,22.946163329909954,0.986010421398541,0.0,zonia,0,False
2025-06-11 20:16:20.372442898+00:00,14,0,0,0,22.42917254236921,0.9872043421706034,0.0,zonia,0,False
2025-06-11 20:27:03.541448898+00:00,14,0,0,0,22.513908439836896,0.984955567991732,0.0,zonia,0,False
2025-06-11 20:45:56.602263898+00:00,14,0,0,0,22.1194543275369,0.9851454098234875,0.0,zonia,0,False
2025-06-11 20:51:54.426283898+00:00,14,0,0,0,22.008635138290472,0.9831703126363954,0.0,zonia,0,False
2025-06-11 20:55:39.571031898+00:00,14,0,0,0,22.10799834700287,0.9817088183832625,0.0,zonia,0,False
2025-06-11 21:14:21.878402898+00:00,14,0,0,0,21.68976098561853,0.9814076177115856,0.0,zonia,0,False
2025-06-11 21:26:56.101934898+00:00,14,0,0,0,21.123246150929543,0.9839243396434589,0.0,zonia,0,False
2025-06-11 21:42:04.586859898+00:00,14,0,0,0,20.54135568885641,0.9377448596367511,0.0,zonia,0,False
2025-06-11 21:49:13.601413898+00:00,14,0,0,0,20.727994634370326,0.9618467541942273,0.0,zonia,0,False
2025-06-11 22:03:32.642607898+00:00,14,0,0,0,20.865452980821253,0.9600482800354306,0.0,zonia,0,False
2025-06-11 22:54:45.855140898+00:00,14,0,0,0,19.75731166692758,0.9664882874957355,0.0,zonia,0,False
2025-06-11 23:23:58.680750898+00:00,14,0,0,0,19.77313381208108,0.9724030544449204,0.0,zonia,0,False
2025-06-11 23:28:29.686315898+00:00,14,0,0,0,19.786024759283233,0.976610458728052,0.0,zonia,0,False
2025-06-12 00:24:17.364935898+00:00,14,0,0,0,19.086039287935375,0.9728462509184758,0.0,zonia,0,False
2025-06-12 00:56:07.884426898+00:00,14,0,0,0,18.69379370429801,0.9729895344904902,0.0,zonia,0,False
2025-06-12 00:58:24.351063898+00:00,14,0,0,0,18.41700117197774,0.973614699005957,0.0,zonia,0,False
2025-06-12 01:04:09.049705898+00:00,14,0,0,0,18.362534397066895,0.9760726245008458,0.0,zonia,0,False
2025-06-12 01:05:36.060200898+00:00,14,0,0,0,18.77960326647929,0.9789501459481194,0.0,zonia,0,False
2025-06-12 01:18:22.755671898+00:00,14,0,0,0,18.27056066368288,0.9185585471100197,0.0,zonia,0,False
2025-06-12 01:36:21.396984898+00:00,14,0,0,0,18.024080125635706,0.9212845395146413,0.0,zonia,0,False
2025-06-12 01:44:41.186473898+00:00,14,0,0,0,18.37602202065692,0.9232338006731045,0.0,zonia,0,False
2025-06-12 02:03:20.714398898+00:00,14,0,0,0,17.656319796617883,0.8930305510112925,0.0,zonia,0,False
2025-06-12 02:05:28.905549898+00:00,14,0,0,0,18.089387270890708,0.9034602446785461,0.0,zonia,0,False
2025-06-12 02:33:09.482314898+00:00,14,0,0,0,17.466749621295033,0.9005685911641785,0.0,zonia,0,False
2025-06-12 02:51:43.258138898+00:00,14,0,0,0,17.488396760351534,0.9119838230229579,0.0,zonia,0,False
2025-06-12 03:04:54.960748898+00:00,14,0,0,0,17.11030941805302,0.9331920881560293,0.0,zonia,0,False
2025-06-12 03:32:49.908393898+00:00,14,0,0,0,16.96457915441582,0.9423598698606268,0.0,zonia,0,False
2025-06-12 04:00:09.721595898+00:00,14,0,0,0,16.585776197549293,0.953541760498109,0.0,zonia,0,False
2025-06-12 05:34:48.424070898+00:00,14,0,0,0,21.776385989297818,0.9616022642231552,0.0,zonia,0,False
2025-06-12 05:44:14.953524898+00:00,14,0,0,0,22.190332937659008,0.965760501979602,0.0,zonia,0,False
2025-06-12 05:55:28.376255898+00:00,14,0,0,0,22.91542258459867,0.958474403233754,0.0,zonia,0,False
2025-06-12 06:13:28.997261898+00:00,14,0,0,0,23.601119684679286,0.962072237129958,0.0,zonia,0,False
2025-06-12 06:25:35.016959898+00:00,14,0,0,0,24.139268307070434,0.9706989040813901,0.0,zonia,0,False
2025-06-12 06:29:52.501436898+00:00,14,0,0,0,24.10392965842387,0.9784140228900815,0.0,zonia,0,False
2025-06-12 06:46:52.677759898+00:00,14,0,0,0,25.25581242708066,0.9772399805777097,0.0,zonia,0,False
2025-06-12 06:49:13.737052898+00:00,14,0,0,0,25.35516558970524,0.9747333432521421,0.0,zonia,0,False
2025-06-12 07:39:58.545230898+00:00,14,0,0,0,27.611007462559495,0.9779025853044215,0.0,zonia,0,False
2025-06-12 07:51:41.375350898+00:00,14,0,0,0,28.431919676017145,0.9829246101018401,0.0,zonia,0,False
2025-06-12 08:11:04.546852898+00:00,14,0,0,0,28.588681933800153,0.9816411507856325,0.0,zonia,0,False
2025-06-12 08:12:12.266729898+00:00,14,0,0,0,28.784040348661712,0.981865623451708,0.0,zonia,0,False
2025-06-12 08:34:11.251721898+00:00,14,0,0,0,28.98507515025112,0.9844804970290019,0.0,zonia,0,False
2025-06-12 08:57:48.685285898+00:00,14,0,0,0,29.529622630149323,0.9853959752451095,0.0,zonia,0,False
2025-06-12 09:03:40.969716898+00:00,14,0,0,0,29.532439543720557,0.9795808969586667,0.0,zonia,0,False
2025-06-12 09:27:25.625090898+00:00,14,0,0,0,30.144310242524742,0.9790200965588259,0.0,zonia,0,False
2025-06-12 09:36:59.935257898+00:00,14,0,0,0,29.888076733785866,0.9790369093988828,0.0,zonia,0,False
2025-06-12 10:04:20.848737898+00:00,14,0,0,0,30.65486439298605,0.9801449419655135,0.0,zonia,0,False
2025-06-12 10:24:43.499158898+00:00,14,0,0,0,31.43909043649453,0.9771504199760946,0.0,zonia,0,False
2025-06-12 10:37:31.830543898+00:00,14,0,0,0,31.1496937533205,0.9686071632195333,0.0,zonia,0,False
2025-06-12 11:59:32.843058898+00:00,14,0,0,0,31.86051775979549,0.9665238921271202,0.0,zonia,0,False
2025-06-12 12:20:03.362033898+00:00,14,0,0,0,32.9304467709577,0.9624689044327256,0.0,zonia,0,False
2025-06-12 12:24:23.940201898+00:00,14,0,0,0,32.5818150566062,0.9630839763445859,0.0,zonia,0,False
2025-06-12 12:29:38.786770898+00:00,14,0,0,0,32.46925439731966,0.9640767361005675,0.0,zonia,0,False
2025-06-12 13:54:47.402669898+00:00,14,0,0,0,33.0855741590353,0.9712261077965397,0.0,zonia,0,False
2025-06-12 14:02:58.000948898+00:00,14,0,0,0,33.019787027260925,0.9724429478074702,0.0,zonia,0,False
2025-06-12 14:03:48.790124898+00:00,14,0,0,0,33.20275873679821,0.9726917636740856,0.0,zonia,0,False
2025-06-12 14:09:37.775592898+00:00,14,0,0,0,33.342877747535,0.9711961870380019,0.0,zonia,0,False
2025-06-12 14:30:32.538604898+00:00,14,0,0,0,34.07736152456901,0.9621425546277186,0.0,zonia,0,False
2025-06-12 14:40:12.881194898+00:00,14,0,0,0,33.4200804526294,0.9528972907819974,0.0,zonia,0,False
2025-06-12 14:52:14.166459898+00:00,14,0,0,0,32.8952400953823,0.9533792367535006,0.0,zonia,0,False
2025-06-12 14:59:49.705356898+00:00,14,0,0,0,33.07848124477286,0.95222469688392,0.0,zonia,0,False
2025-06-12 15:01:36.839984898+00:00,14,0,0,0,32.69543210176783,0.9475037640517152,0.0,zonia,0,False
2025-06-12 15:41:18.647692898+00:00,14,0,0,0,32.213476749054486,0.945680227951828,0.0,zonia,0,False
2025-06-12 15:50:21.573553898+00:00,14,0,0,0,32.101372768041216,0.9416519888975076,0.0,zonia,0,False
2025-06-12 16:12:31.488275898+00:00,14,0,0,0,31.57716485119913,0.939963341481625,0.0,zonia,0,False
2025-06-12 16:13:55.801027898+00:00,14,0,0,0,31.656836956662726,0.9419531248623353,0.0,zonia,0,False
2025-06-12 16:17:16.830240898+00:00,14,0,0,0,31.961593295678437,0.9473221105431782,0.0,zonia,0,False
2025-06-12 16:30:32.893546898+00:00,14,0,0,0,31.37500466453005,0.9491854940490916,0.0,zonia,0,False
2025-06-12 16:54:13.625925898+00:00,14,0,0,0,30.80706394667902,0.9502012738768003,0.0,zonia,0,False
2025-06-12 16:57:40.348446898+00:00,14,0,0,0,30.61436536493628,0.954308147476446,0.0,zonia,0,False
2025-06-12 17:06:50.489118898+00:00,14,0,0,0,30.116891144837833,0.9512140226709799,0.0,zonia,0,False
2025-06-12 17:08:24.661683898+00:00,14,0,0,0,30.580026507194248,0.9571596868245839,0.0,zonia,0,False
2025-06-12 17:14:52.028108898+00:00,14,0,0,0,30.575847123117,0.9632341293580478,0.0,zonia,0,False
2025-06-12 18:34:08.943039898+00:00,14,0,0,0,27.0826105840754,0.9640136484403933,0.0,zonia,0,False
2025-06-12 18:46:25.101891898+00:00,14,0,0,0,26.29859952929466,0.967940958239174,0.0,zonia,0,False
2025-06-12 18:57:54.246435898+00:00,14,0,0,0,25.67457114587607,0.9687054917812352,0.0,zonia,0,False
2025-06-12 19:18:14.283574898+00:00,14,0,0,0,24.121429352834173,0.9622931660345493,0.0,zonia,0,False
2025-06-12 19:24:17.641534898+00:00,14,0,0,0,24.615574308428577,0.950759071810048,0.0,zonia,0,False
2025-06-12 19:36:00.891832898+00:00,14,0,0,0,24.05520043495207,0.9542265548717552,0.0,zonia,0,False
2025-06-12 19:42:06.630642898+00:00,14,0,0,0,23.53970076222345,0.9565983559720646,0.0,zonia,0,False
2025-06-12 19:56:18.767162898+00:00,14,0,0,0,23.333653823548623,0.9578823951153849,0.0,zonia,0,False
2025-06-12 19:57:33.323046898+00:00,14,0,0,0,23.476329577476797,0.9649288774298003,0.0,zonia,0,False
2025-06-12 20:19:13.780420898+00:00,14,0,0,0,22.579166977098446,0.9679152054275086,0.0,zonia,0,False
2025-06-12 20:24:42.644727898+00:00,14,0,0,0,22.35237003896991,0.9706711255280782,0.0,zonia,0,False
2025-06-12 20:32:06.790441898+00:00,14,0,0,0,22.45521656622921,0.9717341379272063,0.0,zonia,0,False
2025-06-12 20:39:39.680925898+00:00,14,0,0,0,22.397238596440143,0.9721703419388931,0.0,zonia,0,False
2025-06-12 20:53:12.066346898+00:00,14,0,0,0,22.103313218518615,0.9748026627474774,0.0,zonia,0,False
2025-06-12 21:00:55.413121898+00:00,14,0,0,0,21.855398539177152,0.9762286787478013,0.0,zonia,0,False
2025-06-12 21:15:24.588059898+00:00,14,0,0,0,21.676580836714752,0.9780031152243331,0.0,zonia,0,False
2025-06-12 21:18:51.254959898+00:00,14,0,0,0,21.477674178075077,0.9774180293143218,0.0,zonia,0,False
2025-06-12 21:35:14.697525898+00:00,14,0,0,0,21.127487333930503,0.9778803170976935,0.0,zonia,0,False
2025-06-12 22:09:17.048845898+00:00,14,0,0,0,20.71539693072744,0.9697051402176992,0.0,zonia,0,False
2025-06-12 22:20:48.698248898+00:00,14,0,0,0,21.48965851712932,0.9667464685606229,0.0,zonia,0,False
2025-06-12 22:21:21.549205898+00:00,14,0,0,0,21.41995048582519,0.9689934592609342,0.0,zonia,0,False
2025-06-12 22:31:18.946426898+00:00,14,0,0,0,21.407026893165444,0.9697114901086884,0.0,zonia,0,False
2025-06-12 22:46:23.262072898+00:00,14,0,0,0,21.364695673357634,0.965536463189788,0.0,zonia,0,False
2025-06-12 22:50:24.438358898+00:00,14,0,0,0,21.41659054625882,0.9629298383656854,0.0,zonia,0,False
2025-06-12 22:55:13.327259898+00:00,14,0,0,0,20.67037629344132,0.9590427904859065,0.0,zonia,0,False
2025-06-12 23:01:06.085355898+00:00,14,0,0,0,20.708998132027695,0.9552555616599252,0.0,zonia,0,False
2025-06-12 23:12:07.510109898+00:00,14,0,0,0,19.999917927704974,0.9550615964709943,0.0,zonia,0,False
2025-06-12 23:26:33.033090898+00:00,14,0,0,0,20.533250306615614,0.9567421888108908,0.0,zonia,0,False
2025-06-12 23:31:24.025129898+00:00,14,0,0,0,20.497950024604858,0.9575160253815936,0.0,zonia,0,False
2025-06-13 00:03:38.929205898+00:00,14,0,0,0,19.528682773694186,0.9587555953497506,0.0,zonia,0,False
2025-06-13 00:13:14.157656898+00:00,14,0,0,0,19.655413989108524,0.9569292116867867,0.0,zonia,0,False
2025-06-13 00:19:47.765699898+00:00,14,0,0,0,19.768738368162325,0.9568231561255571,0.0,zonia,0,False
2025-06-13 00:52:49.570235898+00:00,14,0,0,0,19.349246273034563,0.9614956740673488,0.0,zonia,0,False
2025-06-13 00:57:49.663251898+00:00,14,0,0,0,19.378371062299557,0.9643863289336144,0.0,zonia,0,False
2025-06-13 01:39:01.073514898+00:00,14,0,0,0,18.214401518611677,0.9700855247450045,0.0,zonia,0,False
2025-06-13 01:39:11.960885898+00:00,14,0,0,0,18.361713476392868,0.9727923363629911,0.0,zonia,0,False
2025-06-13 01:39:21.042574898+00:00,14,0,0,0,18.15073340362953,0.9778395786751063,0.0,zonia,0,False
2025-06-13 01:40:35.384833898+00:00,14,0,0,0,18.75772571606571,0.974129996649228,0.0,zonia,0,False
2025-06-13 02:08:23.853030898+00:00,14,0,0,0,18.42193938036886,0.973671204398216,0.0,zonia,0,False
2025-06-13 02:26:28.013848898+00:00,14,0,0,0,18.3739566117683,0.9475499581700547,0.0,zonia,0,False
2025-06-13 02:33:12.514155898+00:00,14,0,0,0,18.228557404978986,0.9307788516937341,0.0,zonia,0,False
2025-06-13 02:33:38.522819898+00:00,14,0,0,0,18.292309023902394,0.9338865987838059,0.0,zonia,0,False
2025-06-13 02:52:26.712992898+00:00,14,0,0,0,18.16966578572366,0.9365086934167888,0.0,zonia,0,False
2025-06-13 02:53:22.896749898+00:00,14,0,0,0,18.236291392626665,0.9382753624900658,0.0,zonia,0,False
2025-06-13 02:53:47.826503898+00:00,14,0,0,0,18.286209632046006,0.9395800986332795,0.0,zonia,0,False
2025-06-13 02:54:45.774438898+00:00,14,0,0,0,18.14202282779963,0.9504421281961689,0.0,zonia,0,False
2025-06-13 03:04:28.882718898+00:00,14,0,0,0,18.227458008855823,0.964455050345272,0.0,zonia,0,False
2025-06-13 03:16:38.810407898+00:00,14,0,0,0,17.87148713225706,0.9735470700375946,0.0,zonia,0,False
2025-06-13 03:21:37.014612898+00:00,14,0,0,0,17.97743585902726,0.9785894292215281,0.0,zonia,0,False
2025-06-13 03:51:20.952285898+00:00,14,0,0,0,17.673390100909508,0.9771749914381653,0.0,zonia,0,False
2025-06-13 03:54:19.053080898+00:00,14,0,0,0,17.69272162053246,0.976435341252804,0.0,zonia,0,False
2025-06-13 04:59:11.127112898+00:00,14,0,0,0,20.467402723149373,0.9756783867682722,0.0,zonia,0,False
2025-06-13 05:19:57.921944898+00:00,14,0,0,0,21.369474971409055,0.9810613653008942,0.0,zonia,0,False
2025-06-13 05:20:46.101335898+00:00,14,0,0,0,21.27346629108723,0.9691642492073961,0.0,zonia,0,False
2025-06-13 05:28:18.817966898+00:00,14,0,0,0,22.17013502521682,0.9698496239862038,0.0,zonia,0,False
2025-06-13 05:33:22.071046898+00:00,14,0,0,0,22.45713319254734,0.9698393193961158,0.0,zonia,0,False
2025-06-13 05:42:16.973777898+00:00,14,0,0,0,22.726730852765662,0.9692960105467374,0.0,zonia,0,False
2025-06-13 05:43:52.326955898+00:00,14,0,0,0,22.880935260576663,0.9380975975648242,0.0,zonia,0,False
2025-06-13 06:03:32.241195898+00:00,14,0,0,0,23.961266755585235,0.9526734512749345,0.0,zonia,0,False
2025-06-13 06:37:07.392831898+00:00,14,0,0,0,26.164366605862355,0.9524657294656013,0.0,zonia,0,False
2025-06-13 06:45:50.256759898+00:00,14,0,0,0,26.967892039876876,0.9539310932533819,0.0,zonia,0,False
2025-06-13 06:51:37.797576898+00:00,14,0,0,0,26.85397655422662,0.9533632392405346,0.0,zonia,0,False
2025-06-13 07:20:22.794454898+00:00,14,0,0,0,27.844618289525677,0.9580158855344472,0.0,zonia,0,False
2025-06-13 07:34:11.294889898+00:00,14,0,0,0,28.709271301444158,0.9634024248022006,0.0,zonia,0,False
2025-06-13 07:34:24.311105898+00:00,14,0,0,0,28.972368877736947,0.9542642248799318,0.0,zonia,0,False
2025-06-13 07:44:17.387864898+00:00,14,0,0,0,29.14260450787642,0.9590373375455872,0.0,zonia,0,False
2025-06-13 07:55:23.670837898+00:00,14,0,0,0,29.44916258551425,0.9647474319655883,0.0,zonia,0,False
2025-06-13 08:20:08.309715898+00:00,14,0,0,0,30.045044248974257,0.9726967061916703,0.0,zonia,0,False
2025-06-13 08:23:06.969121898+00:00,14,0,0,0,29.996340557735053,0.9770429432560542,0.0,zonia,0,False
2025-06-13 08:41:58.563205898+00:00,14,0,0,0,30.298252103786943,0.9808712759145323,0.0,zonia,0,False
2025-06-13 08:55:11.011529898+00:00,14,0,0,0,30.890223302137077,0.9793849229563857,0.0,zonia,0,False
2025-06-13 08:59:21.072656898+00:00,14,0,0,0,30.743337514428593,0.9800765155955675,0.0,zonia,0,False
2025-06-13 09:20:13.186904898+00:00,14,0,0,0,31.049787497891316,0.9820710240716439,0.0,zonia,0,False
2025-06-13 09:22:04.849419898+00:00,14,0,0,0,31.211977554520633,0.980636091178525,0.0,zonia,0,False
2025-06-13 09:23:57.318711898+00:00,14,0,0,0,30.98588288817702,0.9838747008538672,0.0,zonia,0,False
2025-06-13 09:44:22.137117898+00:00,14,0,0,0,31.488518219099202,0.9793692358889661,0.0,zonia,0,False
2025-06-13 09:58:17.151584898+00:00,14,0,0,0,32.20080703111214,0.9822586567223311,0.0,zonia,0,False
2025-06-13 10:10:07.709304898+00:00,14,0,0,0,32.0459495312057,0.9770586927380728,0.0,zonia,0,False
2025-06-13 10:10:09.285621898+00:00,14,0,0,0,32.27849317201247,0.977379425119133,0.0,zonia,0,False
2025-06-13 10:20:37.433005898+00:00,14,0,0,0,32.35524124730756,0.9779758606204257,0.0,zonia,0,False
2025-06-13 10:22:37.847057898+00:00,14,0,0,0,32.33873123747973,0.9760981541163786,0.0,zonia,0,False
2025-06-13 10:34:47.437689898+00:00,14,0,0,0,32.47943122689019,0.9749923724135297,0.0,zonia,0,False
2025-06-13 10:41:13.095570898+00:00,14,0,0,0,32.63596819792059,0.9730175648757434,0.0,zonia,0,False
2025-06-13 11:01:44.199853898+00:00,14,0,0,0,32.51082100082783,0.9723359360269027,0.0,zonia,0,False
2025-06-13 11:03:31.403404898+00:00,14,0,0,0,32.81053482338493,0.9714939708863525,0.0,zonia,0,False
2025-06-13 11:12:18.836602898+00:00,14,0,0,0,32.767670784810626,0.9751649193026678,0.0,zonia,0,False
2025-06-13 11:22:35.926069898+00:00,14,0,0,0,32.694539643621404,0.9729173275333917,0.0,zonia,0,False
2025-06-13 11:23:01.236481898+00:00,14,0,0,0,32.881283345940716,0.9693351550773555,0.0,zonia,0,False
2025-06-13 12:02:30.307174898+00:00,14,6,0,0,58.99097234138131,0.8734406351333546,0.8421817339841079,zonia,1,False
2025-06-13 12:19:12.043403898+00:00,14,6,0,0,56.441637124803,0.7110317550983073,0.6946340661195559,zonia,2,False
2025-06-13 12:32:56.024374898+00:00,14,6,0,0,33.77012503018774,0.7064459298085196,0.5692515023492116,zonia,2,False
2025-06-13 12:34:38.412724898+00:00,14,6,0,0,56.38715963175703,0.4896774875933282,0.5237066888535689,zonia,3,False
2025-06-13 12:42:57.299290898+00:00,14,6,0,0,34.68999410005776,0.5464422146127952,0.33626359949985773,zonia,3,False
2025-06-13 13:16:43.515061898+00:00,14,6,0,0,34.71110679422904,0.5350454040331808,0.11343203749197665,zonia,3,False
2025-06-13 13:32:12.556289898+00:00,14,6,0,0,34.27167400446258,0.5943980276187921,0.051089649951745586,zonia,3,False
2025-06-13 14:01:10.123004898+00:00,14,6,0,0,34.82099165979362,0.6090669886178539,-0.06769929991645428,zonia,3,False
2025-06-13 14:23:38.988215898+00:00,14,6,0,0,34.32233007613082,0.6220616427428445,-0.17652889643062017,zonia,3,False
2025-06-13 15:10:56.043233898+00:00,14,6,0,0,34.22542304029957,0.7232880401098227,-0.17652889643062017,zonia,3,False
2025-06-13 15:11:04.334202898+00:00,14,6,0,0,32.92011368814678,0.7559297468848671,-0.272292473721327,zonia,3,False
2025-06-13 15:19:20.339954898+00:00,14,6,0,0,33.52247691588078,0.8002215063077158,-0.43693999045796356,zonia,3,False
2025-06-13 15:22:57.545935898+00:00,14,6,0,0,33.38221769023317,0.861026317859595,-0.5278717493627826,zonia,3,False
2025-06-13 15:28:35.456971898+00:00,14,6,0,0,32.94688361756318,0.867372154196766,-0.5568802289154675,zonia,3,False
2025-06-13 15:34:19.652183898+00:00,14,6,0,0,32.91570734135762,0.5489014842158428,0.0,zonia,3,False
2025-06-13 16:01:19.703582898+00:00,14,6,0,0,32.18635517028389,0.6396100015430188,0.0,zonia,3,False
2025-06-13 16:06:03.212106898+00:00,14,6,0,0,32.80282034038619,0.7810477627826136,0.0,zonia,3,False
2025-06-13 16:15:03.263737898+00:00,14,6,0,0,32.06735233096323,0.8264712733483547,0.0,zonia,3,False
2025-06-13 16:17:12.558298898+00:00,14,6,0,0,32.11495134023131,0.854473197513012,0.0,zonia,3,False
2025-06-13 16:30:57.109840898+00:00,14,6,0,0,31.83363548884945,0.9448943459684269,0.0,zonia,3,False
2025-06-13 16:54:07.939881898+00:00,14,6,0,0,32.17115994326415,0.9612249047389938,0.0,zonia,3,False
2025-06-13 16:57:33.755198898+00:00,14,6,0,0,31.135409609906123,1.015409407731162,0.0,zonia,3,False
2025-06-13 17:01:54.083895898+00:00,14,6,0,0,30.57645351792964,0.9529122343865507,0.0,zonia,3,False
2025-06-13 17:09:16.759959898+00:00,14,6,0,0,31.21471961646477,1.0432440294017997,0.0,zonia,3,False
2025-06-13 17:13:20.336514898+00:00,14,6,0,0,31.136671320065847,1.1299433895125366,0.0,zonia,3,False
2025-06-13 17:35:36.454681898+00:00,14,6,0,0,30.26368276548968,1.1803578094991827,0.0,zonia,3,False
2025-06-13 18:03:51.085989898+00:00,14,6,0,0,29.355778642882466,1.2305683734584054,0.0,zonia,3,False
2025-06-13 18:18:49.823365898+00:00,14,6,0,0,28.31038783441354,1.244868418367051,0.0,zonia,3,False
2025-06-13 18:34:51.054135898+00:00,14,6,0,0,27.438637967386658,1.2517136249940597,0.0,zonia,3,False
2025-06-13 18:41:46.357544898+00:00,14,6,0,0,26.921386649194584,1.2505084014558634,0.0,zonia,3,False
2025-06-13 18:56:15.048226898+00:00,14,6,0,0,26.27067013812209,1.2605976602006166,0.0,zonia,3,False
2025-06-13 19:23:22.094150898+00:00,14,6,0,0,25.062682097476078,1.2746295459385935,0.0,zonia,3,False
2025-06-13 19:33:25.246756898+00:00,14,6,0,0,24.490847059433246,1.2838383437947,0.0,zonia,3,False
2025-06-13 19:37:31.277414898+00:00,14,6,0,0,24.47717372185986,1.2924975332509825,0.0,zonia,3,False
2025-06-13 20:07:16.329497898+00:00,14,6,0,0,23.65768148204521,1.3976242161050387,0.0,zonia,3,False
2025-06-13 20:11:22.764276898+00:00,14,6,0,0,23.59465791807997,1.3927745531187483,0.0,zonia,3,False
2025-06-13 20:16:14.491741898+00:00,14,6,0,0,23.440753099003626,1.4487736047943482,0.0,zonia,3,False
2025-06-13 20:16:30.149281898+00:00,14,6,0,0,23.387106723422534,1.4469175760773962,0.0,zonia,3,False
2025-06-13 20:52:21.094140898+00:00,14,6,0,0,23.032971286357913,1.4712728217121338,0.0,zonia,3,False
2025-06-13 21:06:52.555107898+00:00,14,6,0,0,22.121567758207913,1.576267142059292,0.0,zonia,3,False
2025-06-13 21:16:46.577038898+00:00,14,6,0,0,22.57178827694515,1.6259483175900995,0.0,zonia,3,False
2025-06-13 21:40:01.773027898+00:00,14,6,0,0,21.79481142445093,1.6694570810826834,0.0,zonia,3,False
2025-06-13 21:43:40.380808898+00:00,14,6,0,0,21.657731439428563,1.6684737994459367,0.0,zonia,3,False
2025-06-13 21:52:52.900458898+00:00,14,6,0,0,21.77089439771489,1.6648331606069868,0.0,zonia,3,False
2025-06-13 22:15:31.408790898+00:00,14,6,0,0,21.68282149285155,1.6722204525635291,0.0,zonia,3,False
2025-06-13 22:51:34.356042898+00:00,14,6,0,0,21.161090688222686,1.6702288983383642,0.0,zonia,3,False
2025-06-13 23:18:29.222555898+00:00,14,6,0,0,19.636922987892543,1.661661356968866,0.0,zonia,3,False
2025-06-13 23:27:13.180603898+00:00,14,6,0,0,20.36777128302534,1.6709929339850664,0.0,zonia,3,False
2025-06-13 23:32:03.592384898+00:00,14,6,0,0,20.141740668521194,1.6806161208469879,0.0,zonia,3,False
2025-06-13 23:51:19.680614898+00:00,14,6,0,0,19.821104453949683,1.6835423274692796,0.0,zonia,3,False
2025-06-13 23:58:24.039216898+00:00,14,6,0,0,19.68250196999416,1.6818090973308877,0.0,zonia,3,False
2025-06-14 00:06:30.970027898+00:00,14,6,0,0,19.55056765185487,1.68267157718196,0.0,zonia,3,False
2025-06-14 00:18:35.580709898+00:00,14,6,0,0,19.292960940874725,1.684357213441354,0.0,zonia,3,False
2025-06-14 00:28:15.734503898+00:00,14,6,0,0,19.31902677218073,1.6844668825742155,0.0,zonia,3,False
2025-06-14 00:55:37.731683898+00:00,14,6,0,0,18.752389749083296,1.6907722509920253,0.0,zonia,3,False
2025-06-14 00:58:04.634935898+00:00,14,6,0,0,19.200438031002435,1.6831176269345534,0.0,zonia,3,False
2025-06-14 01:23:44.451310898+00:00,14,6,0,0,18.780275802190758,1.6815690899996922,0.0,zonia,3,False
2025-06-14 01:26:14.399403898+00:00,14,6,0,0,18.269491966443123,1.6911756574912682,0.0,zonia,3,False
2025-06-14 01:45:12.238896898+00:00,14,6,0,0,18.07921035372576,1.6958998691370841,0.0,zonia,3,False
2025-06-14 02:00:40.792961898+00:00,14,6,0,0,17.751027386120217,1.7025911900261663,0.0,zonia,3,False
2025-06-14 02:30:13.754577898+00:00,14,6,0,0,17.523724073341075,1.7050909943994101,0.0,zonia,3,False
2025-06-14 03:07:39.404198898+00:00,14,6,0,0,17.478369859731323,1.7053348504739438,0.0,zonia,3,False
2025-06-14 04:01:02.298418898+00:00,14,6,0,0,16.988661174674046,1.7117096337022266,0.0,zonia,3,False
2025-06-14 04:55:14.265334898+00:00,14,6,0,0,19.6854036840825,1.7037138004925598,0.0,zonia,3,False
2025-06-14 05:19:59.112005898+00:00,14,6,0,0,21.648234149204768,1.705321917438731,0.0,zonia,3,False
2025-06-14 06:04:41.163871898+00:00,14,6,0,0,24.572131361317847,1.6857623016895065,0.0,zonia,3,False
2025-06-14 06:58:33.030836898+00:00,14,6,0,0,27.915404629609874,1.6774111005774273,0.0,zonia,3,False
2025-06-14 07:11:54.376240898+00:00,14,6,0,0,27.639224900963196,1.6801447077146743,0.0,zonia,3,False
2025-06-14 07:17:53.817921898+00:00,14,6,0,0,27.976160705279444,1.6849072049060847,0.0,zonia,3,False
2025-06-14 07:22:00.965993898+00:00,14,6,0,0,27.72893612972235,1.6895642505194313,0.0,zonia,3,False
2025-06-14 07:39:32.251342898+00:00,14,6,0,0,29.045287644039107,1.69380702935939,0.0,zonia,3,False
2025-06-14 08:08:06.286136898+00:00,14,6,0,0,30.14330280647829,1.695274057879796,0.0,zonia,3,False
2025-06-14 08:21:27.710265898+00:00,14,6,0,0,30.326749531098308,1.7078326618177797,0.0,zonia,3,False
2025-06-14 08:56:18.472673898+00:00,14,6,0,0,31.20834900865352,1.7051370179383591,0.0,zonia,3,False
2025-06-14 09:02:04.715919898+00:00,14,6,0,0,31.25809088414772,1.7062806451518702,0.0,zonia,3,False
2025-06-14 09:24:08.629318898+00:00,14,6,0,0,31.96639614053288,1.7110923588658324,0.0,zonia,3,False
2025-06-14 10:08:47.574118898+00:00,14,6,0,0,33.40852882064774,1.713359117481834,0.0,zonia,3,False
2025-06-14 10:26:55.727609898+00:00,14,6,0,0,33.56980126378536,1.712110683620369,0.0,zonia,3,False
2025-06-14 10:49:04.354649898+00:00,14,6,0,0,34.052518331849974,1.6997593591558353,0.0,zonia,3,False
2025-06-14 10:55:46.936503898+00:00,14,6,0,0,33.80616432064853,1.6821147813154986,0.0,zonia,3,False
2025-06-14 11:00:04.811206898+00:00,14,6,0,0,34.251881439962986,1.6754791759674543,0.0,zonia,3,False
2025-06-14 11:51:35.019794898+00:00,14,6,0,0,34.17476821364043,1.6793240044376065,0.0,zonia,3,False
2025-06-14 12:04:58.985460898+00:00,14,6,0,0,35.11887574735656,1.6928793396317139,0.0,zonia,3,False
2025-06-14 12:25:58.616954898+00:00,14,6,0,0,35.45865176006644,1.6864826349553776,0.0,zonia,3,False
2025-06-14 12:32:34.969641898+00:00,14,6,0,0,35.259813555157415,1.692963923648726,0.0,zonia,3,False
2025-06-14 13:17:50.791469898+00:00,14,6,0,0,35.454690403908735,1.6934172024499266,0.0,zonia,3,False
2025-06-14 13:18:39.998172898+00:00,14,6,0,0,35.52733713425574,1.6933102235725146,0.0,zonia,3,False
2025-06-14 13:19:55.505315898+00:00,14,6,0,0,35.18761172984132,1.69908803996185,0.0,zonia,3,False
2025-06-14 13:39:08.151308898+00:00,14,6,0,0,35.78926555654602,1.6989297059351711,0.0,zonia,3,False
2025-06-14 14:28:26.061054898+00:00,14,6,0,0,36.411811234421,1.7063749158609378,0.0,zonia,3,False
2025-06-14 14:54:33.783374898+00:00,14,6,0,0,36.63232096509626,1.7043790266921892,0.0,zonia,3,False
2025-06-14 15:03:41.657543898+00:00,14,6,0,0,36.71948849076467,1.7002693793012322,0.0,zonia,3,False
2025-06-14 15:05:05.712390898+00:00,14,6,0,0,36.665125788644175,1.6903635180580865,0.0,zonia,3,False
2025-06-14 15:32:09.606948898+00:00,14,6,0,0,36.57853030916935,1.6918730437219323,0.0,zonia,3,False
2025-06-14 15:43:00.121303898+00:00,14,6,0,0,36.47392064993634,1.6915451451742627,0.0,zonia,3,False
2025-06-14 15:47:24.614331898+00:00,14,6,0,0,36.03865121967414,1.6948231839883114,0.0,zonia,3,False
2025-06-14 16:17:01.853635898+00:00,14,6,0,0,34.814675173443725,1.6785521786546065,0.0,zonia,3,False
2025-06-14 16:41:55.264382898+00:00,14,6,0,0,32.86331002741329,1.6680960900538504,0.0,zonia,3,False
2025-06-14 16:47:33.863673898+00:00,14,6,0,0,32.36144997527258,1.6620860859874378,0.0,zonia,3,False
2025-06-14 16:52:48.900156898+00:00,14,6,0,0,32.2477274874909,1.6595387175575778,0.0,zonia,3,False
2025-06-14 16:55:14.470217898+00:00,14,6,0,0,32.59668935613426,1.6613703664730877,0.0,zonia,3,False
2025-06-14 17:36:40.763702898+00:00,14,6,0,0,30.378030035689772,1.662759155879651,0.0,zonia,3,False
2025-06-14 17:54:50.963776898+00:00,14,6,0,0,29.507056166923466,1.6739484586764377,0.0,zonia,3,False
2025-06-14 17:55:26.588273898+00:00,14,6,0,0,29.61156044547799,1.6793544191917478,0.0,zonia,3,False
2025-06-14 18:03:51.962359898+00:00,14,6,0,0,29.759731004805168,1.6887359835715772,0.0,zonia,3,False
2025-06-14 18:21:37.817795898+00:00,14,6,0,0,27.50495813248191,1.5270158453366143,0.0,zonia,3,False
2025-06-14 18:22:34.526032898+00:00,14,6,0,0,28.314660242022466,1.5368369602862924,0.0,zonia,3,False
2025-06-14 18:25:46.067764898+00:00,14,6,0,0,28.03414227776211,1.4669769779872193,0.0,zonia,3,False
2025-06-14 18:28:40.624316898+00:00,14,6,0,0,28.09443033098797,1.4728572698207543,0.0,zonia,3,False
2025-06-14 19:01:29.576928898+00:00,14,6,0,0,26.647412109056496,1.529168075815391,0.0,zonia,3,False
2025-06-14 19:14:18.841661898+00:00,14,6,0,0,26.121905985114918,1.5609434129667408,0.0,zonia,3,False
2025-06-14 19:16:57.502755898+00:00,14,6,0,0,26.033593806837704,1.5775780805727748,0.0,zonia,3,False
2025-06-14 19:22:22.077355898+00:00,14,6,0,0,26.0708646857481,1.5999712930350176,0.0,zonia,3,False
2025-06-14 19:30:05.973129898+00:00,14,6,0,0,25.833468626442464,1.601237820789648,0.0,zonia,3,False
2025-06-14 19:46:59.714527898+00:00,14,6,0,0,25.694332886132226,1.6379759035093402,0.0,zonia,3,False
2025-06-14 20:01:55.478802898+00:00,14,6,0,0,25.33961887089738,1.641587829595231,0.0,zonia,3,False
2025-06-14 20:09:54.229842898+00:00,14,6,0,0,25.141112050404555,1.6554605190967042,0.0,zonia,3,False
2025-06-14 20:37:38.175514898+00:00,14,6,0,0,24.437158053001763,1.6617689762042755,0.0,zonia,3,False
2025-06-14 20:39:03.283884898+00:00,14,6,0,0,24.647925576821248,1.689454725159012,0.0,zonia,3,False
2025-06-14 20:39:24.748032898+00:00,14,6,0,0,24.490168736743883,1.69191213562015,0.0,zonia,3,False
2025-06-14 21:12:20.882932898+00:00,14,6,0,0,24.134725790798434,1.6928608824361953,0.0,zonia,3,False
2025-06-14 21:29:37.523321898+00:00,14,6,0,0,25.050196699861086,1.6945642853662428,0.0,zonia,3,False
2025-06-14 21:34:32.852382898+00:00,14,6,0,0,25.33351247482234,1.7046485428801283,0.0,zonia,3,False
2025-06-14 21:36:37.235052898+00:00,14,6,0,0,24.96936752161748,1.7095824125938937,0.0,zonia,3,False
2025-06-14 22:29:02.980546898+00:00,14,6,0,0,23.997915804300185,1.7142406859281054,0.0,zonia,3,False
2025-06-14 22:31:09.121809898+00:00,14,6,0,0,23.753378639093317,1.7122950657812297,0.0,zonia,3,False
2025-06-14 22:36:46.408485898+00:00,14,6,0,0,23.672108295346952,1.7152289403269554,0.0,zonia,3,False
2025-06-14 22:40:23.067638898+00:00,14,6,0,0,23.501728775008278,1.7157742652338666,0.0,zonia,3,False
2025-06-14 23:12:56.709768898+00:00,14,6,0,0,23.304869451812646,1.7192500300044007,0.0,zonia,3,False
2025-06-14 23:26:23.055780898+00:00,14,6,0,0,23.113946779130195,1.7213343122934097,0.0,zonia,3,False
2025-06-15 00:02:55.616701898+00:00,14,6,0,0,22.90712491764126,1.717353512815515,0.0,zonia,3,False
2025-06-15 00:58:53.799476898+00:00,14,6,0,0,22.83330912222003,1.7167481053678897,0.0,zonia,3,False
2025-06-15 01:20:37.365748898+00:00,14,6,0,0,23.06240311434163,1.716847480922761,0.0,zonia,3,False
2025-06-15 01:21:53.811926898+00:00,14,6,0,0,22.855147271787857,1.719461128578452,0.0,zonia,3,False
2025-06-15 01:28:36.215740898+00:00,14,6,0,0,23.170409274360935,1.720903131174265,0.0,zonia,3,False
2025-06-15 01:58:13.501537898+00:00,14,6,0,0,22.163757347227964,1.718929211392613,0.0,zonia,3,False
2025-06-15 02:05:16.250556898+00:00,14,6,0,0,21.963543455741444,1.7198501624129725,0.0,zonia,3,False
2025-06-15 02:08:43.483480898+00:00,14,6,0,0,21.904688281183223,1.7186955917694895,0.0,zonia,3,False
2025-06-15 02:09:56.861146898+00:00,14,6,0,0,21.77554602738839,1.7181251798615869,0.0,zonia,3,False
2025-06-15 02:19:03.346705898+00:00,14,6,0,0,21.51094568169089,1.716804659986091,0.0,zonia,3,False
2025-06-15 02:32:44.042097898+00:00,14,6,0,0,21.72490192135902,1.7161196664419014,0.0,zonia,3,False
2025-06-15 03:19:49.533526898+00:00,14,6,0,0,21.321212682142892,1.7209603106698481,0.0,zonia,3,False
2025-06-15 03:26:21.819790898+00:00,14,6,0,0,21.124504782039793,1.7140019530122754,0.0,zonia,3,False
2025-06-15 03:30:12.415695898+00:00,14,6,0,0,21.29368579845355,1.71060396649036,0.0,zonia,3,False
2025-06-15 03:39:49.829543898+00:00,14,6,0,0,20.892875105964677,1.7138608277441358,0.0,zonia,3,False
2025-06-15 03:46:48.675176898+00:00,14,6,0,0,20.82469908406331,1.7151812417019632,0.0,zonia,3,False
2025-06-15 04:07:14.549493898+00:00,14,6,0,0,20.942996235698978,1.7147541604851626,0.0,zonia,3,False
2025-06-15 04:17:06.836534898+00:00,14,6,0,0,21.21589907167455,1.7191811349079409,0.0,zonia,3,False
2025-06-15 04:23:35.005361898+00:00,14,6,0,0,21.349222514435674,1.7185914704598315,0.0,zonia,3,False
2025-06-15 04:24:59.079366898+00:00,14,6,0,0,21.41643276966784,1.7215726135180272,0.0,zonia,3,False
2025-06-15 04:30:01.861634898+00:00,14,6,0,0,21.660947251117037,1.7203501671226336,0.0,zonia,3,False
2025-06-15 04:30:32.234654898+00:00,14,6,0,0,21.857705692054072,1.724619988846939,0.0,zonia,3,False
2025-06-15 04:49:17.316307898+00:00,14,6,0,0,22.961661618228828,1.709852825090238,0.0,zonia,3,False
2025-06-15 04:52:23.540150898+00:00,14,6,0,0,23.1856479933994,1.7071192218903986,0.0,zonia,3,False
2025-06-15 05:29:44.903609898+00:00,14,6,0,0,24.83781737841095,1.688022105081301,0.0,zonia,3,False
2025-06-15 05:50:40.098465898+00:00,14,6,0,0,24.360898907736747,1.690076838456361,0.0,zonia,3,False
2025-06-15 06:06:26.862005898+00:00,14,6,0,0,24.391220491620224,1.689769325135567,0.0,zonia,3,False
2025-06-15 06:15:30.386693898+00:00,14,6,0,0,25.130689871966116,1.6919907501701004,0.0,zonia,3,False
2025-06-15 06:43:38.136493898+00:00,14,6,0,0,28.032823919239696,1.6897982354036485,0.0,zonia,3,False
2025-06-15 06:44:58.677072898+00:00,14,6,0,0,28.207185524165755,1.685775340507253,0.0,zonia,3,False
2025-06-15 07:28:11.503232898+00:00,14,6,0,0,30.000534238891987,1.703165601791632,0.0,zonia,3,False
2025-06-15 07:36:52.707200898+00:00,14,6,0,0,30.774642344046228,1.7085861214906233,0.0,zonia,3,False
2025-06-15 07:39:00.622977898+00:00,14,6,0,0,30.591345900244466,1.7130010521043868,0.0,zonia,3,False
2025-06-15 08:39:19.908957898+00:00,14,6,0,0,32.55986922919259,1.701092609206813,0.0,zonia,3,False
2025-06-15 08:39:42.400240898+00:00,14,6,0,0,32.58994308413566,1.703947255785056,0.0,zonia,3,False
2025-06-15 08:43:43.736815898+00:00,14,6,0,0,32.38483466888922,1.6968910170500837,0.0,zonia,3,False
2025-06-15 08:51:05.997061898+00:00,14,6,0,0,32.59830163463585,1.6929346518201858,0.0,zonia,3,False
2025-06-15 09:36:12.090287898+00:00,14,6,0,0,33.55795375025386,1.6911263616066796,0.0,zonia,3,False
2025-06-15 09:39:54.862245898+00:00,14,6,0,0,32.967158932920356,1.684004956231362,0.0,zonia,3,False
2025-06-15 10:44:02.769844898+00:00,14,6,0,0,33.97958859618967,1.685035821506976,0.0,zonia,3,False
2025-06-15 10:46:54.501273898+00:00,14,6,0,0,34.154375060789675,1.6883540806711486,0.0,zonia,3,False
2025-06-15 10:56:56.597792898+00:00,14,6,0,0,34.692896721357165,1.6928289922660464,0.0,zonia,3,False
2025-06-15 11:33:29.036946898+00:00,14,6,0,0,35.19524016138278,1.6993966348387688,0.0,zonia,3,False
2025-06-15 11:46:09.645310898+00:00,14,6,0,0,35.30271543290644,1.7010568286582224,0.0,zonia,3,False
2025-06-15 11:46:15.824681898+00:00,14,6,0,0,35.58622569386172,1.7033094450592414,0.0,zonia,3,False
2025-06-15 12:26:35.627013898+00:00,14,6,0,0,35.71228641166712,1.690489135481832,0.0,zonia,3,False
2025-06-15 12:32:22.370929898+00:00,14,6,0,0,35.62592658711461,1.6959371600854625,0.0,zonia,3,False
2025-06-15 12:42:16.569660898+00:00,14,6,0,0,35.59397375509819,1.7018083586004276,0.0,zonia,3,False
2025-06-15 12:50:34.432090898+00:00,14,6,0,0,35.4426152544324,1.6830387300991545,0.0,zonia,3,False
2025-06-15 12:56:27.029184898+00:00,14,6,0,0,36.328541087795855,1.686802501250683,0.0,zonia,3,False
2025-06-15 13:02:53.151102898+00:00,14,6,0,0,36.163288716329745,1.6851021435543507,0.0,zonia,3,False
2025-06-15 13:05:05.673810898+00:00,14,6,0,0,36.28044933100586,1.6889462390526584,0.0,zonia,3,False
2025-06-15 13:13:33.315236898+00:00,14,6,0,0,35.95639493142548,1.6889667838803926,0.0,zonia,3,False
2025-06-15 13:15:48.331391898+00:00,14,6,0,0,36.055474249347064,1.6734100273929158,0.0,zonia,3,False
2025-06-15 13:23:11.620891898+00:00,14,6,0,0,36.48920814193008,1.6858866149318719,0.0,zonia,3,False
2025-06-15 13:48:32.375382898+00:00,14,6,0,0,36.428927424196985,1.6796939436705824,0.0,zonia,3,False
2025-06-15 13:59:35.756809898+00:00,14,6,0,0,36.576765652397754,1.6693881699118278,0.0,zonia,3,False
2025-06-15 14:00:34.570083898+00:00,14,6,0,0,36.22442808608095,1.655500580863576,0.0,zonia,3,False
2025-06-15 14:04:14.156028898+00:00,14,6,0,0,36.46222886564681,1.6543860883323576,0.0,zonia,3,False
2025-06-15 14:26:29.324407898+00:00,14,6,0,0,36.37116999245144,1.6592647674387726,0.0,zonia,3,False
2025-06-15 14:28:05.829683898+00:00,14,6,0,0,36.17250336449384,1.6573136758586942,0.0,zonia,3,False
2025-06-15 14:33:09.411877898+00:00,14,6,0,0,36.42873857887522,1.6570663903438905,0.0,zonia,3,False
2025-06-15 14:49:54.442771898+00:00,14,6,0,0,36.47414762479175,1.6501738996454796,0.0,zonia,3,False
2025-06-15 14:53:15.349122898+00:00,14,6,0,0,35.5224851388809,1.6472628185869986,0.0,zonia,3,False
2025-06-15 15:05:16.341441898+00:00,14,6,0,0,35.43339497863038,1.652117551385885,0.0,zonia,3,False
2025-06-15 15:34:40.450307898+00:00,14,6,0,0,35.29567558045038,1.62165330855131,0.0,zonia,3,False
2025-06-15 15:35:47.133660898+00:00,14,6,0,0,35.15224475560131,1.6118354382355693,0.0,zonia,3,False
2025-06-15 15:53:38.024717898+00:00,14,6,0,0,33.995055283725236,1.6155503126490656,0.0,zonia,3,False
2025-06-15 16:12:22.283729898+00:00,14,6,0,0,33.023778522833226,1.6429712435153077,0.0,zonia,3,False
2025-06-15 16:26:34.944542898+00:00,14,6,0,0,31.74894541235871,1.6515434777273748,0.0,zonia,3,False
2025-06-15 16:47:24.077282898+00:00,14,6,0,0,31.66532635370805,1.6582882558554588,0.0,zonia,3,False
2025-06-15 17:36:19.860813898+00:00,14,6,0,0,30.19897104538968,1.6718016425307658,0.0,zonia,3,False
2025-06-15 17:49:47.571163898+00:00,14,6,0,0,29.782443825245064,1.6862407213388773,0.0,zonia,3,False
2025-06-15 18:08:58.397956898+00:00,14,6,0,0,29.338647998764007,1.687248274387114,0.0,zonia,3,False
2025-06-15 18:45:37.633030898+00:00,14,6,0,0,28.110693486643726,1.6355605378421085,0.0,zonia,3,False
2025-06-15 20:02:10.568201898+00:00,14,6,0,0,26.902544687505152,1.6406615074621194,0.0,zonia,3,False
2025-06-15 20:08:23.699495898+00:00,14,6,0,0,26.950475373767617,1.6454284057015764,0.0,zonia,3,False
2025-06-15 20:21:05.962729898+00:00,14,6,0,0,26.296909941676432,1.6508595743527952,0.0,zonia,3,False
2025-06-15 20:25:48.596152898+00:00,14,6,0,0,26.30937095988988,1.6832295209998471,0.0,zonia,3,False
2025-06-15 20:32:28.058100898+00:00,14,6,0,0,26.414330286972532,1.6910491406365527,0.0,zonia,3,False
2025-06-15 21:17:24.661788898+00:00,14,6,0,0,25.5661477665636,1.6926886751699715,0.0,zonia,3,False
2025-06-15 21:30:53.580392898+00:00,14,6,0,0,25.512434437026055,1.7053445270710577,0.0,zonia,3,False
2025-06-15 21:49:12.779779898+00:00,14,6,0,0,24.840174718322572,1.7071763205156671,0.0,zonia,3,False
2025-06-15 22:09:10.923527898+00:00,14,6,0,0,24.19939194494815,1.7108504732978504,0.0,zonia,3,False
2025-06-15 22:14:12.139589898+00:00,14,6,0,0,24.068826225830822,1.711838267966261,0.0,zonia,3,False
2025-06-15 22:18:50.041225898+00:00,14,6,0,0,23.937594688687795,1.711283214867502,0.0,zonia,3,False
2025-06-15 22:27:43.961152898+00:00,14,6,0,0,23.9941094147934,1.7214767042328527,0.0,zonia,3,False
2025-06-15 22:28:17.393043898+00:00,14,6,0,0,23.929216050634526,1.7249770278548429,0.0,zonia,3,False
2025-06-15 22:56:26.205829898+00:00,14,6,0,0,23.566943325491323,1.7251056503682696,0.0,zonia,3,False
2025-06-15 23:16:18.670601898+00:00,14,6,0,0,23.18026808109428,1.7301510987761746,0.0,zonia,3,False
2025-06-15 23:47:49.364952898+00:00,14,6,0,0,23.371471537498483,1.7307910451765738,0.0,zonia,3,False
2025-06-15 23:50:43.913600898+00:00,14,6,0,0,23.302936387367232,1.7257213898408335,0.0,zonia,3,False
2025-06-15 23:52:30.474949898+00:00,14,6,0,0,23.208799581343147,1.726032949096328,0.0,zonia,3,False
2025-06-16 00:12:56.278344898+00:00,14,6,0,0,23.405540368156426,1.7259808237981755,0.0,zonia,3,False
2025-06-16 00:54:10.393156898+00:00,14,6,0,0,23.213149542524434,1.720971791515924,0.0,zonia,3,False
2025-06-16 01:08:04.448198898+00:00,14,6,0,0,22.92158128821533,1.7197897237522737,0.0,zonia,3,False
2025-06-16 01:29:48.891612898+00:00,14,6,0,0,22.726457765129616,1.7192100316006482,0.0,zonia,3,False
2025-06-16 01:41:31.306803898+00:00,14,6,0,0,22.362740032101446,1.7170425705946664,0.0,zonia,3,False
2025-06-16 02:43:15.050066898+00:00,14,6,0,0,22.720097622760026,1.7151866571150074,0.0,zonia,3,False
2025-06-16 03:11:03.976918898+00:00,14,6,0,0,22.27524251154813,1.7164711252458964,0.0,zonia,3,False
2025-06-16 03:14:05.392001898+00:00,14,6,0,0,22.193976423321352,1.7132880248539935,0.0,zonia,3,False
2025-06-16 03:20:24.158448898+00:00,14,6,0,0,21.89404054483748,1.7069234457745996,0.0,zonia,3,False
2025-06-16 03:22:51.609537898+00:00,14,6,0,0,22.014512332674578,1.7102787911480186,0.0,zonia,3,False
2025-06-16 03:27:10.775154898+00:00,14,6,0,0,21.941429600783525,1.7087439878455903,0.0,zonia,3,False
2025-06-16 03:27:32.221103898+00:00,14,6,0,0,22.09883248834099,1.709925728424058,0.0,zonia,3,False
2025-06-16 03:39:11.265860898+00:00,14,6,0,0,22.04758249607226,1.7146717542679533,0.0,zonia,3,False
2025-06-16 04:07:07.171736898+00:00,14,6,0,0,21.705831290986144,1.717292431740432,0.0,zonia,3,False
2025-06-16 04:31:07.723168898+00:00,14,6,0,0,22.224632185432654,1.7143036438941728,0.0,zonia,3,False
2025-06-16 04:31:52.174043898+00:00,14,6,0,0,22.128232924353206,1.7178413411372533,0.0,zonia,3,False
2025-06-16 05:08:59.327162898+00:00,14,6,0,0,24.596572987391458,1.7205673270056365,0.0,zonia,3,False
2025-06-16 05:20:54.687533898+00:00,14,6,0,0,25.24182822060692,1.7139946825910983,0.0,zonia,3,False
2025-06-16 05:30:23.771034898+00:00,14,6,0,0,25.722189400411843,1.7175805085026044,0.0,zonia,3,False
2025-06-16 05:31:18.574398898+00:00,14,6,0,0,25.901958975394198,1.7184096543074057,0.0,zonia,3,False
2025-06-16 05:56:33.536865898+00:00,14,6,0,0,26.844990857693823,1.7157836363398176,0.0,zonia,3,False
2025-06-16 06:16:28.477034898+00:00,14,6,0,0,27.381427042959746,1.7180722897529135,0.0,zonia,3,False
2025-06-16 06:38:19.219821898+00:00,14,6,0,0,28.096132874013932,1.717936229260936,0.0,zonia,3,False
2025-06-16 06:42:47.519456898+00:00,14,6,0,0,28.073228137877287,1.719089078945093,0.0,zonia,3,False
2025-06-16 06:47:14.027532898+00:00,14,6,0,0,28.094243812644176,1.7199139033987558,0.0,zonia,3,False
2025-06-16 06:51:55.348094898+00:00,14,6,0,0,28.330087467464274,1.7226167948557922,0.0,zonia,3,False
2025-06-16 07:10:14.396791898+00:00,14,6,0,0,28.441731614113763,1.7221125345856771,0.0,zonia,3,False
2025-06-16 07:18:08.302355898+00:00,14,6,0,0,28.852612489587486,1.7283482613510537,0.0,zonia,3,False
2025-06-16 07:27:02.047936898+00:00,14,6,0,0,28.910568598880243,1.7282744023119443,0.0,zonia,3,False
2025-06-16 07:46:58.692259898+00:00,14,6,0,0,29.857184067402912,1.7299583923724904,0.0,zonia,3,False
2025-06-16 08:00:53.479588898+00:00,14,6,0,0,30.042509027777598,1.7261580495642044,0.0,zonia,3,False
2025-06-16 08:21:45.666645898+00:00,14,6,0,0,30.02021929212444,1.7183709860796863,0.0,zonia,3,False
2025-06-16 08:42:54.543099898+00:00,14,6,0,0,30.40625520759458,1.7119348388995301,0.0,zonia,3,False
2025-06-16 08:45:02.135001898+00:00,14,6,0,0,30.464234014430914,1.702443820781745,0.0,zonia,3,False
2025-06-16 09:16:57.932224898+00:00,14,6,0,0,30.48357445536485,1.69370850645898,0.0,zonia,3,False
2025-06-16 09:21:59.746752898+00:00,14,6,0,0,31.00292822899164,1.6989394105712523,0.0,zonia,3,False
2025-06-16 09:22:00.341396898+00:00,14,6,0,0,30.85232286257177,1.7008230052364048,0.0,zonia,3,False
2025-06-16 09:28:18.157950898+00:00,14,6,0,0,31.385079550472923,1.7048487897618643,0.0,zonia,3,False
2025-06-16 09:41:30.541229898+00:00,14,6,0,0,31.35970613536849,1.7004518736048724,0.0,zonia,3,False
2025-06-16 09:43:21.155901898+00:00,14,6,0,0,31.309576945605748,1.6968023358104813,0.0,zonia,3,False
2025-06-16 10:08:31.136686898+00:00,14,6,0,0,31.12794821003288,1.7084315493240305,0.0,zonia,3,False
2025-06-16 10:26:05.335232898+00:00,14,6,0,0,31.147597737936177,1.7098332368313158,0.0,zonia,3,False
2025-06-16 10:26:26.657818898+00:00,14,6,0,0,31.130648517624675,1.644605977934443,0.0,zonia,3,False
2025-06-16 10:29:43.186921898+00:00,14,6,0,0,31.23424693619821,1.578955340429721,0.0,zonia,3,False
2025-06-16 10:40:56.772742898+00:00,14,6,0,0,31.229543523759297,1.6133176233209183,0.0,zonia,3,False
2025-06-16 10:41:16.101468898+00:00,14,6,0,0,31.30323397976442,1.614105061022908,0.0,zonia,3,False
2025-06-16 10:42:19.487747898+00:00,14,6,0,0,31.093131317682676,1.5362929437089359,0.0,zonia,3,False
2025-06-16 10:44:51.923734898+00:00,14,6,0,0,31.113144983803988,1.553063299931194,0.0,zonia,3,False
2025-06-16 10:47:13.554032898+00:00,14,6,0,0,31.009721220433097,1.5547218452163767,0.0,zonia,3,False
2025-06-16 10:53:02.463086898+00:00,14,6,0,0,31.665695227525916,1.5693368718656935,0.0,zonia,3,False
2025-06-16 11:21:56.425764898+00:00,14,6,0,0,31.79682969212137,1.60160479616127,0.0,zonia,3,False
2025-06-16 11:21:59.259198898+00:00,14,6,0,0,31.675338567963724,1.5893290048460396,0.0,zonia,3,False
2025-06-16 11:23:27.662739898+00:00,14,6,0,0,31.470018766938267,1.5888641335870397,0.0,zonia,3,False
2025-06-16 11:30:05.776321898+00:00,14,6,0,0,30.9203461855915,1.602721905757969,0.0,zonia,3,False
2025-06-16 11:37:38.594430898+00:00,14,6,0,0,31.632439922250114,1.628260302577377,0.0,zonia,3,False
2025-06-16 11:39:15.583576898+00:00,14,6,0,0,31.467447572883287,1.642182683739672,0.0,zonia,3,False
2025-06-16 11:56:19.358937898+00:00,14,6,0,0,31.69778894378753,1.637538448684562,0.0,zonia,3,False
2025-06-16 12:02:01.484654898+00:00,14,6,0,0,30.475920430317327,1.6391041136117477,0.0,zonia,3,False
2025-06-16 12:05:27.755999898+00:00,14,6,0,0,31.450318886900817,1.6234191050865494,0.0,zonia,3,False
2025-06-16 12:16:10.815961898+00:00,14,6,0,0,29.7273586160901,1.6383971584586738,0.0,zonia,3,False
2025-06-16 13:01:17.586808898+00:00,14,6,0,0,28.190648923202843,1.658480295433738,0.0,zonia,3,False
2025-06-16 13:18:33.854082898+00:00,14,6,0,0,27.55385845568175,1.666229837932941,0.0,zonia,3,False
2025-06-16 13:26:07.235477898+00:00,14,6,0,0,27.215730329899017,1.6666884156556778,0.0,zonia,3,False
2025-06-16 13:44:24.456738898+00:00,14,6,0,0,27.25183380347409,1.6759211879727853,0.0,zonia,3,False
2025-06-16 14:01:31.372232898+00:00,14,6,0,0,26.666919440350835,1.679646025519879,0.0,zonia,3,False
2025-06-16 14:16:56.053756898+00:00,14,6,0,0,20.427455500676196,1.600284806594565,0.0,zonia,3,False
2025-06-16 14:17:19.942025898+00:00,14,6,0,0,20.586338100253588,1.6031133450151922,0.0,zonia,3,False
2025-06-16 14:23:39.664724898+00:00,14,6,0,0,20.381689950517366,1.6017717078684708,0.0,zonia,3,False
2025-06-16 14:25:22.478305898+00:00,14,6,0,0,19.305774657430824,1.6259682080324735,0.0,zonia,3,False
2025-06-16 14:27:47.632345898+00:00,14,6,0,0,19.102469336679018,1.6458204027898262,0.0,zonia,3,False
2025-06-16 14:28:16.433175898+00:00,14,6,0,0,19.04867492294018,1.6619358408416656,0.0,zonia,3,False
2025-06-16 14:46:59.227169898+00:00,14,6,0,0,18.25952876549146,1.6733971812480848,0.0,zonia,3,False
2025-06-16 14:57:09.704021898+00:00,14,6,0,0,18.33335927137817,1.6917943501472787,0.0,zonia,3,False
2025-06-16 15:02:58.124003898+00:00,14,6,0,0,18.428005486706144,1.7020518590073828,0.0,zonia,3,False
2025-06-16 15:10:37.115006898+00:00,14,6,0,0,18.363677432138676,1.7107427828067048,0.0,zonia,3,False
2025-06-16 15:25:20.789206898+00:00,14,6,0,0,18.458913825813486,1.7197338493684857,0.0,zonia,3,False
2025-06-16 15:27:21.123598898+00:00,14,6,0,0,18.47625654694777,1.7255956591076131,0.0,zonia,3,False
2025-06-16 15:39:58.781864898+00:00,14,6,0,0,18.404532436880878,1.7265627334851104,0.0,zonia,3,False
2025-06-16 15:50:51.413297898+00:00,14,6,0,0,18.401413634939015,1.7305470005743782,0.0,zonia,3,False
2025-06-16 15:52:14.964572898+00:00,14,6,0,0,18.37289190211815,1.7354854006225975,0.0,zonia,3,False
2025-06-16 15:53:49.975207898+00:00,14,6,0,0,18.361319757121116,1.736473097798001,0.0,zonia,3,False
2025-06-16 16:26:04.923272898+00:00,14,6,0,0,18.387375274955055,1.7371726907526397,0.0,zonia,3,False
2025-06-16 16:28:07.548211898+00:00,14,6,0,0,18.324772968122637,1.7375839006619944,0.0,zonia,3,False
2025-06-16 16:32:08.165718898+00:00,14,6,0,0,18.452309765633625,1.7380335734945982,0.0,zonia,3,False
2025-06-16 16:36:51.197013898+00:00,14,6,0,0,18.31491903509522,1.7404029721030625,0.0,zonia,3,False
2025-06-16 17:09:50.403781898+00:00,14,6,0,0,18.766862500907198,1.7408487579753813,0.0,zonia,3,False
2025-06-16 17:19:01.510769898+00:00,14,6,0,0,18.888364303846533,1.740783691416637,0.0,zonia,3,False
2025-06-16 17:42:52.358692898+00:00,14,6,0,0,19.833191748715617,1.7404482192458441,0.0,zonia,3,False
2025-06-16 17:44:22.278069898+00:00,14,6,0,0,19.890891876651857,1.7401853754342895,0.0,zonia,3,False
2025-06-16 18:03:06.818376898+00:00,14,6,0,0,20.264753386333137,1.740342067032675,0.0,zonia,3,False
2025-06-16 18:45:08.313310898+00:00,14,6,0,0,19.509552867116373,1.7405471308368,0.0,zonia,3,False
2025-06-16 19:10:05.081989898+00:00,14,6,0,0,19.36567183328594,1.7398201274094602,0.0,zonia,3,False
2025-06-16 19:14:31.454377898+00:00,14,6,0,0,19.249701672221686,1.7403651492287429,0.0,zonia,3,False
2025-06-16 19:31:14.498940898+00:00,14,6,0,0,18.918164551065836,1.742167803721342,0.0,zonia,3,False
2025-06-16 19:52:59.986615898+00:00,14,6,0,0,18.519280635936184,1.7424886736133791,0.0,zonia,3,False
2025-06-16 20:05:00.952916898+00:00,14,6,0,0,18.216391420704003,1.743396185260325,0.0,zonia,3,False
2025-06-16 20:35:50.290322898+00:00,14,6,0,0,17.71100536249679,1.742318284481748,0.0,zonia,3,False
2025-06-16 21:07:30.193626898+00:00,14,6,0,0,18.0310340451007,1.7356182202270465,0.0,zonia,3,False
2025-06-16 21:27:01.650729898+00:00,14,6,0,0,18.32046707490554,1.7327359575606596,0.0,zonia,3,False
2025-06-16 21:46:01.769666898+00:00,14,6,0,0,18.285794440122107,1.731824490963091,0.0,zonia,3,False
2025-06-16 21:46:03.653111898+00:00,14,6,0,0,18.1897977947177,1.7328072236363048,0.0,zonia,3,False
2025-06-16 21:53:46.978732898+00:00,14,6,0,0,18.31774400380874,1.73312422964838,0.0,zonia,3,False
2025-06-16 21:57:27.876393898+00:00,14,6,0,0,18.29501781210565,1.734573992950935,0.0,zonia,3,False
2025-06-16 22:02:01.031436898+00:00,14,6,0,0,18.353465162658136,1.734400668490646,0.0,zonia,3,False
2025-06-16 22:07:45.410955898+00:00,14,6,0,0,18.371172515160744,1.7328218424271327,0.0,zonia,3,False
2025-06-16 22:15:29.225699898+00:00,14,6,0,0,18.384116969687657,1.734291312168506,0.0,zonia,3,False
2025-06-16 22:36:30.736096898+00:00,14,6,0,0,18.456811002921793,1.7342501540767863,0.0,zonia,3,False
2025-06-16 22:37:06.484482898+00:00,14,6,0,0,18.317292650118027,1.7358239452283373,0.0,zonia,3,False
2025-06-16 22:43:07.990033898+00:00,14,6,0,0,18.399201920086515,1.7355518364513927,0.0,zonia,3,False
2025-06-16 23:17:39.186169898+00:00,14,6,0,0,18.31766624846358,1.735685652758057,0.0,zonia,3,False
2025-06-17 00:05:26.486449898+00:00,14,6,0,0,18.185629878756206,1.735741948812176,0.0,zonia,3,False
2025-06-17 00:37:03.744864898+00:00,14,6,0,0,18.157225785355152,1.7374073942539496,0.0,zonia,3,False
2025-06-17 00:50:34.302405898+00:00,14,6,0,0,18.170996739928743,1.7385233381006904,0.0,zonia,3,False
2025-06-17 01:22:00.294408898+00:00,14,6,0,0,18.296642046899034,1.740178236068861,0.0,zonia,3,False
2025-06-17 01:46:28.826298898+00:00,14,6,0,0,18.059914411240285,1.7398468033525254,0.0,zonia,3,False
2025-06-17 01:47:21.617090898+00:00,14,6,0,0,18.21645459040169,1.7403201221497389,0.0,zonia,3,False
2025-06-17 01:56:37.756596898+00:00,14,6,0,0,17.98244248828204,1.740312519478343,0.0,zonia,3,False
2025-06-17 02:15:01.635685898+00:00,14,6,0,0,17.889072891171107,1.7413630326353262,0.0,zonia,3,False
2025-06-17 02:18:10.479948898+00:00,14,6,0,0,17.71786865031265,1.7416874700906078,0.0,zonia,3,False
2025-06-17 02:37:10.992811898+00:00,14,6,0,0,17.660673702322278,1.7430539330910846,0.0,zonia,3,False
2025-06-17 02:37:16.630565898+00:00,14,6,0,0,17.610148057715772,1.7435113259593709,0.0,zonia,3,False
2025-06-17 02:48:49.641666898+00:00,14,6,0,0,17.5189956858499,1.7436271465429458,0.0,zonia,3,False
2025-06-17 02:53:28.392442898+00:00,14,6,0,0,17.509616394575218,1.7437564224858,0.0,zonia,3,False
2025-06-17 02:54:18.014121898+00:00,14,6,0,0,17.581761102221336,1.7440379825243912,0.0,zonia,3,False
2025-06-17 03:02:26.945150898+00:00,14,6,0,0,17.506240920747526,1.7441727506657874,0.0,zonia,3,False
2025-06-17 03:23:08.796367898+00:00,14,6,0,0,17.53051109218184,1.7444827481529488,0.0,zonia,3,False
2025-06-17 04:05:35.998332898+00:00,14,6,0,0,17.667785022785484,1.744885086905433,0.0,zonia,3,False
2025-06-17 04:14:18.662371898+00:00,14,6,0,0,17.676840148376947,1.745105896966576,0.0,zonia,3,False
2025-06-17 04:21:46.396865898+00:00,14,6,0,0,17.681077299523512,1.745595311739406,0.0,zonia,3,False
2025-06-17 04:28:06.136136898+00:00,14,6,0,0,17.677432605792667,1.7456702153781056,0.0,zonia,3,False
2025-06-17 04:28:29.893439898+00:00,14,6,0,0,17.69392423206548,1.7450896993730198,0.0,zonia,3,False
2025-06-17 04:45:38.334286898+00:00,14,6,0,0,17.688596970501088,1.7452866879199342,0.0,zonia,3,False
2025-06-17 04:50:42.099639898+00:00,14,6,0,0,17.891954839198164,1.7458198657708266,0.0,zonia,3,False
2025-06-17 05:20:39.679607898+00:00,14,6,0,0,17.84090111699575,1.7458373995185488,0.0,zonia,3,False
2025-06-17 06:05:07.827324898+00:00,14,6,0,0,18.104294091447233,1.7459162883913362,0.0,zonia,3,False
2025-06-17 06:38:20.728536898+00:00,14,6,0,0,18.26756858073087,1.744253249453841,0.0,zonia,3,False
2025-06-17 06:43:54.897003898+00:00,14,6,0,0,18.21485017077463,1.7432422198743398,0.0,zonia,3,False
2025-06-17 06:49:56.009914898+00:00,14,6,0,0,18.41788985710607,1.7431936561119867,0.0,zonia,3,False
2025-06-17 07:02:56.810607898+00:00,14,6,0,0,18.489329970247553,1.7417501227474572,0.0,zonia,3,False
2025-06-17 07:03:43.056022898+00:00,14,6,0,0,18.615156698530008,1.7418989331274668,0.0,zonia,3,False
2025-06-17 07:08:17.505535898+00:00,14,6,0,0,18.716882700947405,1.7417509545254333,0.0,zonia,3,False
2025-06-17 07:13:22.232539898+00:00,14,6,0,0,18.70337789435471,1.7412144348577274,0.0,zonia,3,False
2025-06-17 07:24:45.552682898+00:00,14,6,0,0,18.99755217331682,1.7410790400638396,0.0,zonia,3,False
2025-06-17 07:26:32.044809898+00:00,14,6,0,0,18.99727110474398,1.742585011723675,0.0,zonia,3,False
2025-06-17 07:43:04.182755898+00:00,14,6,0,0,19.15375882582565,1.7419491050413223,0.0,zonia,3,False
2025-06-17 07:48:30.274139898+00:00,14,6,0,0,19.175769557644347,1.7418968212616563,0.0,zonia,3,False
2025-06-17 08:40:34.627849898+00:00,14,6,0,0,19.655226856256775,1.7407687866238861,0.0,zonia,3,False
2025-06-17 08:57:53.031436898+00:00,14,6,0,0,20.37984907215598,1.7297430967855123,0.0,zonia,3,False
2025-06-17 09:07:34.936652898+00:00,14,6,0,0,20.783471082352058,1.7156255861825445,0.0,zonia,3,False
2025-06-17 09:15:32.285188898+00:00,14,6,0,0,21.070522157592183,1.7143851028515569,0.0,zonia,3,False
2025-06-17 09:15:36.237514898+00:00,14,6,0,0,20.93847981975657,1.7129106742437132,0.0,zonia,3,False
2025-06-17 09:27:44.732149898+00:00,14,6,0,0,21.225973093531458,1.7131613282653508,0.0,zonia,3,False
2025-06-17 09:55:01.343676898+00:00,14,6,0,0,21.638893672098142,1.7106285250439914,0.0,zonia,3,False
2025-06-17 09:56:25.201246898+00:00,14,6,0,0,21.70039931375598,1.7116623513782434,0.0,zonia,3,False
2025-06-17 10:00:32.728487898+00:00,14,6,0,0,21.51933048185791,1.7098292726732316,0.0,zonia,3,False
2025-06-17 10:02:53.978795898+00:00,14,6,0,0,21.642829700363006,1.7057707264928574,0.0,zonia,3,False
2025-06-17 10:24:22.117773898+00:00,14,6,0,0,22.255536653034124,1.7046511968465181,0.0,zonia,3,False
2025-06-17 10:34:52.255704898+00:00,14,6,0,0,22.478032302531318,1.7161558548115978,0.0,zonia,3,False
2025-06-17 10:39:26.005510898+00:00,14,6,0,0,22.553118916451343,1.7113281051746791,0.0,zonia,3,False
2025-06-17 11:26:40.999214898+00:00,14,6,0,0,23.655577630203545,1.7150329977236036,0.0,zonia,3,False
2025-06-17 11:40:16.495348898+00:00,14,6,0,0,23.598138577825033,1.720936228411872,0.0,zonia,3,False
2025-06-17 11:49:39.013506898+00:00,14,6,0,0,24.102620934100695,1.7186292361283293,0.0,zonia,3,False
2025-06-17 12:20:21.749700898+00:00,14,6,0,0,25.134238410964745,1.7190331709535556,0.0,zonia,3,False
2025-06-17 12:41:00.266554898+00:00,14,6,0,0,25.319976542358244,1.7180243654791185,0.0,zonia,3,False
2025-06-17 13:05:06.183803898+00:00,14,6,0,0,26.176695333465396,1.704839442306713,0.0,zonia,3,False
2025-06-17 14:00:16.828911898+00:00,14,6,0,0,26.611954639228735,1.6951201154626505,0.0,zonia,3,False
2025-06-17 14:45:04.531920898+00:00,14,6,0,0,26.694087494926972,1.6888412193469176,0.0,zonia,3,False
2025-06-17 15:31:11.648319898+00:00,14,6,0,0,27.657133275311587,1.6886514539447721,0.0,zonia,3,False
2025-06-17 15:46:31.770016898+00:00,14,6,0,0,27.8353052669526,1.6858174886852475,0.0,zonia,3,False
2025-06-17 15:47:50.576101898+00:00,14,6,0,0,27.375404352937394,1.6810455867855985,0.0,zonia,3,False
2025-06-17 16:01:22.219127898+00:00,14,6,0,0,27.14036905985846,1.6767221259989382,0.0,zonia,3,False
2025-06-17 16:10:32.320670898+00:00,14,6,0,0,26.966818120941657,1.6700387274348616,0.0,zonia,3,False
2025-06-17 16:24:53.739048898+00:00,14,6,0,0,27.112038688434744,1.663316964296737,0.0,zonia,3,False
2025-06-17 17:03:59.041102898+00:00,14,6,0,0,26.342853055707373,1.6700883715530463,0.0,zonia,3,False
2025-06-17 17:11:05.432952898+00:00,14,6,0,0,26.170973126386,1.6664281878956304,0.0,zonia,3,False
2025-06-17 17:12:11.397287898+00:00,14,6,0,0,26.202173717137548,1.6654198406053635,0.0,zonia,3,False
2025-06-17 17:24:51.804537898+00:00,14,6,0,0,25.75394161404591,1.6674894122084403,0.0,zonia,3,False
2025-06-17 17:38:41.424643898+00:00,14,6,0,0,25.19506802348515,1.682156383613137,0.0,zonia,3,False
2025-06-17 17:40:52.128207898+00:00,14,6,0,0,25.239417439250023,1.6850624899404791,0.0,zonia,3,False
2025-06-17 18:00:26.552356898+00:00,14,6,0,0,23.420078244255492,1.681865629157771,0.0,zonia,3,False
2025-06-17 18:01:52.561425898+00:00,14,6,0,0,23.905970023632282,1.6895255385596555,0.0,zonia,3,False
2025-06-17 18:03:53.322069898+00:00,14,6,0,0,23.432045102296893,1.694519341487748,0.0,zonia,3,False
2025-06-17 18:06:16.185459898+00:00,14,6,0,0,23.382744686023795,1.7046053860007455,0.0,zonia,3,False
2025-06-17 18:09:21.334796898+00:00,14,6,0,0,23.07387673497473,1.7043266194820843,0.0,zonia,3,False
2025-06-17 18:13:21.727503898+00:00,14,6,0,0,22.98162379165799,1.7108086625979488,0.0,zonia,3,False
2025-06-17 18:33:25.764185898+00:00,14,6,0,0,22.291191763144067,1.7007972043960062,0.0,zonia,3,False
2025-06-17 19:10:54.144297898+00:00,14,6,0,0,20.68225330522545,1.7033204683812644,0.0,zonia,3,False
2025-06-17 19:59:43.315015898+00:00,14,6,0,0,18.60369642683772,1.6816482782298952,0.0,zonia,3,False
2025-06-17 20:14:25.713171898+00:00,14,6,0,0,18.247650395144543,1.6769645146963998,0.0,zonia,3,False
2025-06-17 20:15:19.078229898+00:00,14,6,0,0,18.249383549760513,1.6698512703899517,0.0,zonia,3,False
2025-06-17 20:25:14.060549898+00:00,14,6,0,0,19.077594661902474,1.686193166695705,0.0,zonia,3,False
2025-06-17 20:52:35.366956898+00:00,14,6,0,0,18.214208537863176,1.67774915825326,0.0,zonia,3,False
2025-06-17 21:02:05.904136898+00:00,14,6,0,0,18.12898494316382,1.6677976955733584,0.0,zonia,3,False
2025-06-17 21:09:01.604495898+00:00,14,6,0,0,17.30454964928916,1.6573385974991177,0.0,zonia,3,False
2025-06-17 21:36:40.743319898+00:00,14,6,0,0,17.171057544331404,1.6620238757180115,0.0,zonia,3,False
2025-06-17 21:53:22.520653898+00:00,14,6,0,0,16.99716177606855,1.6567863037790702,0.0,zonia,3,False
2025-06-17 22:08:44.886566898+00:00,14,6,0,0,17.055126314585046,1.673250472383351,0.0,zonia,3,False
2025-06-17 22:11:19.077877898+00:00,14,6,0,0,16.908976436518817,1.683345305941609,0.0,zonia,3,False
2025-06-17 22:24:49.298675898+00:00,14,6,0,0,16.810498485338414,1.689171553309941,0.0,zonia,3,False
2025-06-17 22:25:01.382248898+00:00,14,6,0,0,16.75874263090998,1.6928308797480287,0.0,zonia,3,False
2025-06-17 22:26:58.325196898+00:00,14,6,0,0,16.763526796227897,1.70710158535468,0.0,zonia,3,False
2025-06-17 22:38:05.890667898+00:00,14,6,0,0,16.632507269191954,1.7146555217769417,0.0,zonia,3,False
2025-06-17 22:54:10.378049898+00:00,14,6,0,0,16.64637913424271,1.7161354762768855,0.0,zonia,3,False
2025-06-17 22:57:40.770670898+00:00,14,6,0,0,16.633757052819583,1.6865073623774474,0.0,zonia,3,False
2025-06-17 23:06:07.199198898+00:00,14,6,0,0,16.505789549306485,1.6854536515321823,0.0,zonia,3,False
2025-06-17 23:08:24.562474898+00:00,14,6,0,0,16.342935832736696,1.6852800026248191,0.0,zonia,3,False
2025-06-17 23:19:18.998469898+00:00,14,6,0,0,16.39125552571362,1.6879556150471895,0.0,zonia,3,False
2025-06-17 23:54:25.080746898+00:00,14,6,0,0,15.933061661684171,1.7054884401963724,0.0,zonia,3,False
2025-06-18 00:23:26.551747898+00:00,14,6,0,0,15.892133536579621,1.707493873154663,0.0,zonia,3,False
2025-06-18 00:41:35.733938898+00:00,14,6,0,0,15.622760557301387,1.7090792508881187,0.0,zonia,3,False
2025-06-18 00:46:55.656677898+00:00,14,6,0,0,15.510253753687833,1.710961698677452,0.0,zonia,3,False
2025-06-18 01:07:38.655025898+00:00,14,6,0,0,15.418928089507698,1.7146270779160806,0.0,zonia,3,False
2025-06-18 01:19:50.106209898+00:00,14,6,0,0,15.486982587517836,1.7181041360832463,0.0,zonia,3,False
2025-06-18 01:21:54.786364898+00:00,14,6,0,0,15.506265747060372,1.7178969228700942,0.0,zonia,3,False
2025-06-18 01:34:41.598855898+00:00,14,6,0,0,15.25461180272187,1.7210285368977767,0.0,zonia,3,False
2025-06-18 01:38:58.505774898+00:00,14,6,0,0,15.167743863556373,1.7302694672085406,0.0,zonia,3,False
2025-06-18 02:09:59.682287898+00:00,14,6,0,0,15.00528486431157,1.7015454502597658,0.0,zonia,3,False
2025-06-18 02:15:02.803842898+00:00,14,6,0,0,14.946878222426674,1.7159477715821307,0.0,zonia,3,False
2025-06-18 02:34:18.164536898+00:00,14,6,0,0,14.86649724343146,1.7148426544897089,0.0,zonia,3,False
2025-06-18 02:42:02.585744898+00:00,14,6,0,0,14.91490538311627,1.7232108837216682,0.0,zonia,3,False
2025-06-18 02:42:32.177817898+00:00,14,6,0,0,14.857607170241968,1.731476173120143,0.0,zonia,3,False
2025-06-18 02:45:52.128890898+00:00,14,6,0,0,14.684869131739076,1.73403154776642,0.0,zonia,3,False
2025-06-18 03:06:47.626770898+00:00,14,6,0,0,14.735370849492554,1.7353030164269347,0.0,zonia,3,False
2025-06-18 03:19:45.201057898+00:00,14,6,0,0,14.748644963613458,1.7360698235269634,0.0,zonia,3,False
2025-06-18 03:34:49.708986898+00:00,14,6,0,0,14.621842803064018,1.7374636845065072,0.0,zonia,3,False
2025-06-18 04:12:55.206727898+00:00,14,6,0,0,14.861978762325489,1.7362680783111153,0.0,zonia,3,False
2025-06-18 04:34:10.393238898+00:00,14,6,0,0,15.976216331924045,1.7351750779565582,0.0,zonia,3,False
2025-06-18 04:50:34.667426898+00:00,14,6,0,0,16.911927387951778,1.7349970070757885,0.0,zonia,3,False
2025-06-18 04:54:40.833167898+00:00,14,6,0,0,16.628945829685527,1.7285638748145704,0.0,zonia,3,False
2025-06-18 05:13:36.087895898+00:00,14,6,0,0,18.023763171621813,1.6819998146848594,0.0,zonia,3,False
2025-06-18 05:25:03.038708898+00:00,14,6,0,0,18.71877056375814,1.665618073819755,0.0,zonia,3,False
2025-06-18 05:27:33.848467898+00:00,14,6,0,0,18.638764537877652,1.667104092492574,0.0,zonia,3,False
2025-06-18 05:38:03.953956898+00:00,14,6,0,0,19.206129020609897,1.6712592182774388,0.0,zonia,3,False
2025-06-18 05:38:31.545047898+00:00,14,6,0,0,19.43307571470531,1.654321779120299,0.0,zonia,3,False
2025-06-18 05:47:14.138817898+00:00,14,6,0,0,19.756986483329538,1.6558753011544214,0.0,zonia,3,False
2025-06-18 05:53:07.813850898+00:00,14,6,0,0,20.383963607343368,1.6446360822064765,0.0,zonia,3,False
2025-06-18 05:56:30.270926898+00:00,14,6,0,0,19.826625232782266,1.6487139583867856,0.0,zonia,3,False
2025-06-18 06:10:25.048427898+00:00,14,6,0,0,20.578670569513946,1.6246368947285197,0.0,zonia,3,False
2025-06-18 06:18:31.175787898+00:00,14,6,0,0,21.08405444790761,1.6212326521370422,0.0,zonia,3,False
2025-06-18 06:20:08.680777898+00:00,14,6,0,0,20.863755037966786,1.615312581524984,0.0,zonia,3,False
2025-06-18 06:49:01.493833898+00:00,14,6,0,0,22.2179077734119,1.6187740350857847,0.0,zonia,3,False
2025-06-18 06:49:10.228493898+00:00,14,6,0,0,22.57543031984827,1.6203546649395766,0.0,zonia,3,False
2025-06-18 06:49:57.212886898+00:00,14,6,0,0,22.884641100584815,1.618794988614051,0.0,zonia,3,False
2025-06-18 06:55:45.647928898+00:00,14,6,0,0,22.328823195849257,1.6233044903204479,0.0,zonia,3,False
2025-06-18 07:01:34.321645898+00:00,14,6,0,0,23.204761573368035,1.6250650879822248,0.0,zonia,3,False
2025-06-18 07:20:58.899518898+00:00,14,6,0,0,23.333745369140154,1.6251969315910435,0.0,zonia,3,False
2025-06-18 07:21:42.708618898+00:00,14,6,0,0,23.183660133405873,1.6175012964636346,0.0,zonia,3,False
2025-06-18 07:26:38.307848898+00:00,14,6,0,0,23.67446593190035,1.612480451968814,0.0,zonia,3,False
2025-06-18 08:04:23.868524898+00:00,14,6,0,0,24.833270132565886,1.6119895384355816,0.0,zonia,3,False
2025-06-18 08:12:29.713686898+00:00,14,6,0,0,24.927298609018123,1.6077490402016896,0.0,zonia,3,False
2025-06-18 08:15:28.207934898+00:00,14,6,0,0,24.73585543636208,1.6098784630723346,0.0,zonia,3,False
2025-06-18 08:27:16.515364898+00:00,14,6,0,0,25.164301847659125,1.6114939018796595,0.0,zonia,3,False
2025-06-18 08:58:12.733914898+00:00,14,6,0,0,26.303274441772682,1.6259404455523376,0.0,zonia,3,False
2025-06-18 09:02:58.278938898+00:00,14,6,0,0,26.186093466095606,1.6273819315923184,0.0,zonia,3,False
2025-06-18 09:06:35.475893898+00:00,14,6,0,0,26.40421397593227,1.6314892902702254,0.0,zonia,3,False
2025-06-18 09:23:51.259059898+00:00,14,6,0,0,26.937655598392617,1.6398411720815897,0.0,zonia,3,False
2025-06-18 09:28:16.901333898+00:00,14,6,0,0,26.898330631440107,1.6389127037775284,0.0,zonia,3,False
2025-06-18 09:30:22.992406898+00:00,14,6,0,0,26.8481304847394,1.642082089870028,0.0,zonia,3,False
2025-06-18 09:35:55.667274898+00:00,14,6,0,0,27.319758211958188,1.6612726256265193,0.0,zonia,3,False
2025-06-18 10:05:35.306110898+00:00,14,6,0,0,27.80742188804428,1.6857132981398266,0.0,zonia,3,False
2025-06-18 10:27:25.756653898+00:00,14,6,0,0,28.15894565178565,1.70437663720012,0.0,zonia,3,False
2025-06-18 10:29:14.355603898+00:00,14,6,0,0,28.07398136959953,1.7054944038963018,0.0,zonia,3,False
2025-06-18 10:43:29.230667898+00:00,14,6,0,0,28.461556521152374,1.6377289761690745,0.0,zonia,3,False
2025-06-18 10:50:32.589075898+00:00,14,6,0,0,28.67375684554323,1.6490364316134978,0.0,zonia,3,False
2025-06-18 10:54:29.756012898+00:00,14,6,0,0,28.638294418777026,1.6496969591425665,0.0,zonia,3,False
2025-06-18 10:59:00.055747898+00:00,14,6,0,0,28.54754104604895,1.6497095175112795,0.0,zonia,3,False
2025-06-18 11:31:09.292474898+00:00,14,6,0,0,28.811144184981902,1.6519559877262906,0.0,zonia,3,False
2025-06-18 11:42:53.380546898+00:00,14,6,0,0,29.090626805565492,1.6839287168862906,0.0,zonia,3,False
2025-06-18 12:47:38.609841898+00:00,14,6,0,0,29.927400406844992,1.6867368029492857,0.0,zonia,3,False
2025-06-18 12:58:55.060264898+00:00,14,6,0,0,29.66669453647411,1.6873180665534253,0.0,zonia,3,False
2025-06-18 13:05:47.252294898+00:00,14,6,0,0,29.900059300040606,1.6802182348263872,0.0,zonia,3,False
2025-06-18 13:08:44.627847898+00:00,14,6,0,0,30.039056147599567,1.6887846909961988,0.0,zonia,3,False
2025-06-18 13:09:52.538379898+00:00,14,6,0,0,29.913213609741042,1.6917954394526984,0.0,zonia,3,False
2025-06-18 13:24:58.776113898+00:00,14,6,0,0,30.36229329043458,1.6824494510455301,0.0,zonia,3,False
2025-06-18 13:30:26.418429898+00:00,14,6,0,0,30.17848252076896,1.6319334058020336,0.0,zonia,3,False
2025-06-18 13:31:44.086936898+00:00,14,6,0,0,30.240651544560905,1.6375959478465818,0.0,zonia,3,False
2025-06-18 13:56:17.816735898+00:00,14,6,0,0,30.29975585423869,1.6331053383350738,0.0,zonia,3,False
2025-06-18 14:12:32.180908898+00:00,14,6,0,0,30.950220726255107,1.6316209607494798,0.0,zonia,3,False
2025-06-18 14:14:50.713000898+00:00,14,6,0,0,30.67113700102465,1.6197383388455648,0.0,zonia,3,False
2025-06-18 14:35:08.429958898+00:00,14,6,0,0,30.748092541313394,1.61867660360463,0.0,zonia,3,False
2025-06-18 14:49:50.156776898+00:00,14,6,0,0,31.38760417687163,1.616372436812977,0.0,zonia,3,False
2025-06-18 15:04:41.145674898+00:00,14,6,0,0,31.246714311680506,1.6243726454200664,0.0,zonia,3,False
2025-06-18 15:12:34.142757898+00:00,14,6,0,0,31.16211390160371,1.6262420731987044,0.0,zonia,3,False
2025-06-18 15:17:31.014088898+00:00,14,6,0,0,31.03177130455198,1.6239186705824966,0.0,zonia,3,False
2025-06-18 15:19:40.152461898+00:00,14,6,0,0,30.521367917423404,1.60120974216092,0.0,zonia,3,False
2025-06-18 15:37:14.439236898+00:00,14,6,0,0,30.340800989661417,1.6040509006841612,0.0,zonia,3,False
2025-06-18 15:42:19.823264898+00:00,14,6,0,0,30.775424865912495,1.574504652064619,0.0,zonia,3,False
2025-06-18 15:48:32.275448898+00:00,14,6,0,0,30.694929672634192,1.5525899888816768,0.0,zonia,3,False
2025-06-18 15:52:12.900383898+00:00,14,6,0,0,29.98061298541458,1.5544078693573842,0.0,zonia,3,False
2025-06-18 16:17:43.706884898+00:00,14,6,0,0,30.30439545022556,1.5601259215159051,0.0,zonia,3,False
2025-06-18 16:54:26.829373898+00:00,14,6,0,0,29.76905285748177,1.5428327487590037,0.0,zonia,3,False
2025-06-18 17:03:09.903323898+00:00,14,6,0,0,30.388505640630683,1.5635762469758407,0.0,zonia,3,False
2025-06-18 17:18:09.483070898+00:00,14,6,0,0,29.645948377482753,1.6182988046701952,0.0,zonia,3,False
2025-06-18 17:34:08.903814898+00:00,14,6,0,0,29.495318485222406,1.6234885459628525,0.0,zonia,3,False
2025-06-18 17:44:46.437873898+00:00,14,6,0,0,28.995360229283207,1.608734059466499,0.0,zonia,3,False
2025-06-18 17:45:10.709409898+00:00,14,6,0,0,29.73041793950446,1.6439084179768717,0.0,zonia,3,False
2025-06-18 17:47:21.212578898+00:00,14,6,0,0,29.178732771110774,1.6593602816527588,0.0,zonia,3,False
2025-06-18 17:54:57.638311898+00:00,14,6,0,0,28.94985384064709,1.6679224774402486,0.0,zonia,3,False
2025-06-18 18:33:56.940214898+00:00,14,6,0,0,27.44838863441235,1.6613929467431972,0.0,zonia,3,False
2025-06-18 18:34:55.248635898+00:00,14,6,0,0,26.82460631217395,1.6574061331950243,0.0,zonia,3,False
2025-06-18 19:39:14.413707898+00:00,14,6,0,0,22.922741714857725,1.6633352976333442,0.0,zonia,3,False
2025-06-18 19:56:26.881317898+00:00,14,6,0,0,22.308041361244637,1.6626904420465274,0.0,zonia,3,False
2025-06-18 20:00:56.994225898+00:00,14,6,0,0,22.566788027141893,1.6756602330527148,0.0,zonia,3,False
2025-06-18 20:10:23.318648898+00:00,14,6,0,0,22.27862503945542,1.6760637146341961,0.0,zonia,3,False
2025-06-18 20:13:35.364984898+00:00,14,6,0,0,22.250826840061613,1.6676585855025203,0.0,zonia,3,False
2025-06-18 20:15:52.086508898+00:00,14,6,0,0,22.05943841366747,1.6740101981735276,0.0,zonia,3,False
2025-06-18 20:33:07.097892898+00:00,14,6,0,0,21.242504140447007,1.6732680907782658,0.0,zonia,3,False
2025-06-18 21:02:08.922135898+00:00,14,6,0,0,20.717765600454165,1.6687701045322247,0.0,zonia,3,False
2025-06-18 21:12:07.572313898+00:00,14,6,0,0,20.969726495951623,1.68490638072144,0.0,zonia,3,False
2025-06-18 21:14:12.161453898+00:00,14,6,0,0,20.586661003612914,1.6643599927836314,0.0,zonia,3,False
2025-06-18 21:22:40.280052898+00:00,14,6,0,0,20.60038340967439,1.664144204052509,0.0,zonia,3,False
2025-06-18 21:34:53.679507898+00:00,14,6,0,0,20.15409931413149,1.6695313024817968,0.0,zonia,3,False
2025-06-18 21:42:14.829827898+00:00,14,6,0,0,19.631903599745097,1.6729922495220395,0.0,zonia,3,False
2025-06-18 21:46:27.928610898+00:00,14,6,0,0,19.78078162363391,1.6613727861416343,0.0,zonia,3,False
2025-06-18 21:48:03.279169898+00:00,14,6,0,0,20.059487109053276,1.6670793439323586,0.0,zonia,3,False
2025-06-18 21:52:53.567495898+00:00,14,6,0,0,20.11784762940122,1.6758270069661714,0.0,zonia,3,False
2025-06-18 22:11:13.402568898+00:00,14,6,0,0,19.502794291474242,1.677406540437479,0.0,zonia,3,False
2025-06-18 22:27:26.846884898+00:00,14,6,0,0,19.226613919893975,1.679998754178795,0.0,zonia,3,False
2025-06-18 22:28:04.312917898+00:00,14,6,0,0,19.33772244578807,1.6812129042234996,0.0,zonia,3,False
2025-06-18 22:31:04.732563898+00:00,14,6,0,0,18.920395504055353,1.684212500214532,0.0,zonia,3,False
2025-06-18 22:58:43.739854898+00:00,14,6,0,0,18.370591768996217,1.6979300655076035,0.0,zonia,3,False
2025-06-18 23:15:29.890990898+00:00,14,6,0,0,18.600155251393723,1.7023874313853122,0.0,zonia,3,False
2025-06-18 23:20:18.098944898+00:00,14,6,0,0,18.692253235467028,1.7055942103676358,0.0,zonia,3,False
2025-06-18 23:56:37.394287898+00:00,14,6,0,0,18.266449101523584,1.7110473302883062,0.0,zonia,3,False
2025-06-19 00:06:02.678452898+00:00,14,6,0,0,18.071430929060718,1.7151784381627482,0.0,zonia,3,False
2025-06-19 00:34:08.882390898+00:00,14,6,0,0,17.887243462655018,1.718540416233544,0.0,zonia,3,False
2025-06-19 00:42:45.152624898+00:00,14,6,0,0,17.557542081526833,1.7185134973025864,0.0,zonia,3,False
2025-06-19 00:55:35.258299898+00:00,14,6,0,0,17.702040991198036,1.722181334405047,0.0,zonia,3,False
2025-06-19 01:05:48.801206898+00:00,14,6,0,0,17.410097703591934,1.723207674702862,0.0,zonia,3,False
2025-06-19 01:12:23.906686898+00:00,14,6,0,0,17.437307749723438,1.7230808563222646,0.0,zonia,3,False
2025-06-19 01:19:17.289972898+00:00,14,6,0,0,17.354482235425742,1.725677911982447,0.0,zonia,3,False
2025-06-19 01:35:48.128820898+00:00,14,6,0,0,17.31661118515884,1.7262489859641565,0.0,zonia,3,False
2025-06-19 01:44:06.394879898+00:00,14,6,0,0,16.927325928807797,1.7275633775220949,0.0,zonia,3,False
2025-06-19 01:47:29.072693898+00:00,14,6,0,0,17.208672224469534,1.7243158821509879,0.0,zonia,3,False
2025-06-19 01:50:55.230786898+00:00,14,6,0,0,17.248871964098573,1.7240102130039607,0.0,zonia,3,False
2025-06-19 02:07:24.022247898+00:00,14,6,0,0,17.229946225941372,1.7245243907296777,0.0,zonia,3,False
2025-06-19 02:09:50.283953898+00:00,14,6,0,0,16.946079905440627,1.7226022952054658,0.0,zonia,3,False
2025-06-19 02:14:02.871444898+00:00,14,6,0,0,17.143691497986566,1.7215208634426722,0.0,zonia,3,False
2025-06-19 02:18:30.429652898+00:00,14,6,0,0,16.896420850152097,1.7210576186959858,0.0,zonia,3,False
2025-06-19 03:11:20.210903898+00:00,14,6,0,0,16.7698590046015,1.7230687138525393,0.0,zonia,3,False
2025-06-19 03:17:34.151293898+00:00,14,6,0,0,16.56061125756513,1.7261087456275424,0.0,zonia,3,False
2025-06-19 03:24:00.181565898+00:00,14,6,0,0,16.673446441196667,1.7267303163304346,0.0,zonia,3,False
2025-06-19 03:59:32.685617898+00:00,14,6,0,0,17.137338307088886,1.7257759928358203,0.0,zonia,3,False
2025-06-19 04:04:18.327192898+00:00,14,6,0,0,17.244063649705748,1.7272343722167744,0.0,zonia,3,False
2025-06-19 04:28:16.423558898+00:00,14,6,0,0,18.14059063788445,1.7264035863780052,0.0,zonia,3,False
2025-06-19 04:52:49.283562898+00:00,14,6,0,0,19.382070049023557,1.6993685100073268,0.0,zonia,3,False
2025-06-19 05:30:35.592947898+00:00,14,6,0,0,21.047847923898498,1.6646044456985143,0.0,zonia,3,False
2025-06-19 05:36:00.894837898+00:00,14,6,0,0,21.803209102998213,1.6608204393423862,0.0,zonia,3,False
2025-06-19 05:44:08.545049898+00:00,14,6,0,0,22.348694612254725,1.6565884290304305,0.0,zonia,3,False
2025-06-19 05:46:04.196526898+00:00,14,6,0,0,22.46374701266569,1.6558346919809583,0.0,zonia,3,False
2025-06-19 05:48:39.142538898+00:00,14,6,0,0,22.926892444462524,1.663882402520567,0.0,zonia,3,False
2025-06-19 05:50:21.445930898+00:00,14,6,0,0,22.748322701597477,1.6606973232314033,0.0,zonia,3,False
2025-06-19 05:54:09.018081898+00:00,14,6,0,0,23.15752857932514,1.6516803946175735,0.0,zonia,3,False
2025-06-19 06:10:26.772161898+00:00,14,6,0,0,23.47259873813369,1.6017322511408816,0.0,zonia,3,False
2025-06-19 06:27:43.636704898+00:00,14,6,0,0,24.543012519369597,1.6059518596161069,0.0,zonia,3,False
2025-06-19 06:50:15.480949898+00:00,14,6,0,0,25.615761142225534,1.6050162028238595,0.0,zonia,3,False
2025-06-19 07:03:17.082711898+00:00,14,6,0,0,26.36312462529935,1.6130226755083545,0.0,zonia,3,False
2025-06-19 07:11:53.851172898+00:00,14,6,0,0,26.638605396642628,1.591003426329319,0.0,zonia,3,False
2025-06-19 07:15:21.811989898+00:00,14,6,0,0,26.50033716477059,1.591810116042957,0.0,zonia,3,False
2025-06-19 07:22:30.715975898+00:00,14,6,0,0,26.743349643080187,1.5949059786717177,0.0,zonia,3,False
2025-06-19 07:36:19.577692898+00:00,14,6,0,0,27.456408163768295,1.6182323787245534,0.0,zonia,3,False
2025-06-19 07:53:11.284325898+00:00,14,6,0,0,28.424426067603296,1.6322773335208887,0.0,zonia,3,False
2025-06-19 08:10:03.665027898+00:00,14,6,0,0,28.530430662453842,1.6135809951575144,0.0,zonia,3,False
2025-06-19 08:17:35.690539898+00:00,14,6,0,0,28.980201867260256,1.6222159557973794,0.0,zonia,3,False
2025-06-19 08:19:11.158940898+00:00,14,6,0,0,29.341759663608716,1.6262103860126758,0.0,zonia,3,False
2025-06-19 08:19:25.771883898+00:00,14,6,0,0,29.32852777396156,1.6262745699859837,0.0,zonia,3,False
2025-06-19 08:25:16.094452898+00:00,14,6,0,0,29.225261804549834,1.6223684721596154,0.0,zonia,3,False
2025-06-19 08:37:41.232710898+00:00,14,6,0,0,29.554765613857853,1.6216159008038704,0.0,zonia,3,False
2025-06-19 08:39:01.610808898+00:00,14,6,0,0,29.330628583744595,1.6213957737453353,0.0,zonia,3,False
2025-06-19 08:39:29.673098898+00:00,14,6,0,0,29.573482116508735,1.6199406033412223,0.0,zonia,3,False
2025-06-19 08:49:15.373122898+00:00,14,6,0,0,29.569327382358477,1.6209958293933713,0.0,zonia,3,False
2025-06-19 08:49:18.958453898+00:00,14,6,0,0,29.84038644589453,1.6235397101409414,0.0,zonia,3,False
