current_time,indexers_created,indexers_malign,indexers_banned,indexers_banned_malign,inferred_truth,avg_rep_benign,avg_rep_malign,mode,fail_counter,consolidated_result
2025-06-06 01:51:46.822070858+00:00,10,0,0,0,15.981662982008926,0.24749094185939263,0.0,zonia,0,False
2025-06-06 02:05:02.910642858+00:00,10,0,0,0,15.55817040684663,0.3767984557896463,0.0,zonia,0,False
2025-06-06 02:10:43.705364858+00:00,10,0,0,0,15.64391665336012,0.4875361701842974,0.0,zonia,0,False
2025-06-06 02:47:04.385322858+00:00,10,0,0,0,15.246267667688063,0.5674544399303494,0.0,zonia,0,False
2025-06-06 03:00:21.527551858+00:00,10,0,0,0,15.486004164184216,0.6316981488211755,0.0,zonia,0,False
2025-06-06 03:22:43.003339858+00:00,10,0,0,0,15.100665352846773,0.6929661889284641,0.0,zonia,0,False
2025-06-06 03:32:36.996784858+00:00,10,0,0,0,15.187165426515328,0.7322079885590159,0.0,zonia,0,False
2025-06-06 03:39:56.155583858+00:00,10,0,0,0,14.859745084380119,0.7670847159441642,0.0,zonia,0,False
2025-06-06 03:40:37.763031858+00:00,10,0,0,0,14.841207364315729,0.7837984146098266,0.0,zonia,0,False
2025-06-06 03:44:47.263709858+00:00,10,0,0,0,14.892312978224373,0.7887973148741972,0.0,zonia,0,False
2025-06-06 03:53:51.376754858+00:00,10,0,0,0,15.213662408762243,0.7948243577026184,0.0,zonia,0,False
2025-06-06 04:50:15.883520858+00:00,10,0,0,0,18.476760907479747,0.8071934410621922,0.0,zonia,0,False
2025-06-06 04:53:35.739286858+00:00,10,0,0,0,18.46272597642376,0.8196114556112336,0.0,zonia,0,False
2025-06-06 04:54:14.796227858+00:00,10,0,0,0,18.55786687434009,0.8402832679382884,0.0,zonia,0,False
2025-06-06 05:09:51.665921858+00:00,10,0,0,0,19.70719899220155,0.8383888930020043,0.0,zonia,0,False
2025-06-06 05:24:51.590616858+00:00,10,0,0,0,20.784624253223736,0.8422667949787328,0.0,zonia,0,False
2025-06-06 05:27:47.727682858+00:00,10,0,0,0,20.629168496166624,0.8557247501491485,0.0,zonia,0,False
2025-06-06 05:59:52.029608858+00:00,10,0,0,0,22.89692754199239,0.8397768776982073,0.0,zonia,0,False
2025-06-06 06:26:04.219635858+00:00,10,0,0,0,24.246851626211516,0.8280507966197714,0.0,zonia,0,False
2025-06-06 06:26:37.198885858+00:00,10,0,0,0,24.263073705582098,0.8220514123038916,0.0,zonia,0,False
2025-06-06 06:51:57.421987858+00:00,10,0,0,0,24.953165980548036,0.8275338036099074,0.0,zonia,0,False
2025-06-06 07:17:00.241889858+00:00,10,0,0,0,25.57735292071601,0.8082000861673434,0.0,zonia,0,False
2025-06-06 07:18:48.447868858+00:00,10,0,0,0,25.659709504839427,0.8599172024415708,0.0,zonia,0,False
2025-06-06 07:19:18.070229858+00:00,10,0,0,0,25.56990909242234,0.8863505931842137,0.0,zonia,0,False
2025-06-06 07:38:16.524697858+00:00,10,0,0,0,26.127255414948237,0.8980145827642024,0.0,zonia,0,False
2025-06-06 07:43:44.488906858+00:00,10,0,0,0,26.30102328691334,0.8957166175342177,0.0,zonia,0,False
2025-06-06 07:58:00.672827858+00:00,10,0,0,0,26.42564433789666,0.8981800864217384,0.0,zonia,0,False
2025-06-06 08:05:09.534961858+00:00,10,0,0,0,26.542949399590224,0.8989292213223605,0.0,zonia,0,False
2025-06-06 08:06:15.354719858+00:00,10,0,0,0,26.622065381774494,0.8995992372624084,0.0,zonia,0,False
2025-06-06 08:41:56.885542858+00:00,10,0,0,0,27.22935805277089,0.8996063923260949,0.0,zonia,0,False
2025-06-06 08:44:33.510732858+00:00,10,0,0,0,27.445140844535462,0.8885323824848618,0.0,zonia,0,False
2025-06-06 09:02:28.538971858+00:00,10,0,0,0,27.910603207410265,0.8869883207008462,0.0,zonia,0,False
2025-06-06 09:19:32.876622858+00:00,10,0,0,0,27.796707268711707,0.8938257963789956,0.0,zonia,0,False
2025-06-06 09:26:21.522781858+00:00,10,0,0,0,27.8122059327775,0.8975309247169451,0.0,zonia,0,False
2025-06-06 09:33:38.865901858+00:00,10,0,0,0,28.112561424043676,0.8930823537488577,0.0,zonia,0,False
2025-06-06 09:40:48.482741858+00:00,10,0,0,0,28.24726229359545,0.8900087739395875,0.0,zonia,0,False
2025-06-06 09:52:44.234079858+00:00,10,0,0,0,28.677826804527623,0.925668792721063,0.0,zonia,0,False
2025-06-06 10:52:27.778205858+00:00,10,0,0,0,28.462804766162893,0.9475752682765306,0.0,zonia,0,False
2025-06-06 11:48:07.075779858+00:00,10,0,0,0,29.568156543516864,0.9467298789611002,0.0,zonia,0,False
2025-06-06 11:49:06.796204858+00:00,10,0,0,0,29.685288853314848,0.9457579469835439,0.0,zonia,0,False
2025-06-06 11:52:40.523593858+00:00,10,0,0,0,30.072146637102385,0.958995100596171,0.0,zonia,0,False
2025-06-06 11:54:20.749184858+00:00,10,0,0,0,29.798211329909133,0.9555324519510389,0.0,zonia,0,False
2025-06-06 12:32:06.251102858+00:00,10,0,0,0,30.03888401135276,0.9449818521506781,0.0,zonia,0,False
2025-06-06 12:47:40.559204858+00:00,10,0,0,0,30.632509615545032,0.9535177747981776,0.0,zonia,0,False
2025-06-06 13:05:09.362964858+00:00,10,0,0,0,31.028728077692755,0.9377809337048223,0.0,zonia,0,False
2025-06-06 13:39:20.602839858+00:00,10,0,0,0,29.409939696484763,0.9307148769436605,0.0,zonia,0,False
2025-06-06 13:39:41.649147858+00:00,10,0,0,0,30.047667584105785,0.9390075969084423,0.0,zonia,0,False
2025-06-06 13:54:59.139841858+00:00,10,0,0,0,29.959875971093044,0.9488945787518034,0.0,zonia,0,False
2025-06-06 14:10:35.661840858+00:00,10,0,0,0,30.838183653860174,0.9346651047565364,0.0,zonia,0,False
2025-06-06 14:15:48.853443858+00:00,10,0,0,0,30.72100334062441,0.929838715980529,0.0,zonia,0,False
2025-06-06 14:50:31.174754858+00:00,10,0,0,0,29.987070824366956,0.9342134080701922,0.0,zonia,0,False
2025-06-06 14:58:07.490762858+00:00,10,0,0,0,30.19172259864696,0.9414721838312495,0.0,zonia,0,False
2025-06-06 14:58:29.014558858+00:00,10,0,0,0,29.851547750095516,0.951012375727603,0.0,zonia,0,False
2025-06-06 14:58:50.190110858+00:00,10,0,0,0,30.36541586074454,0.9507356544555915,0.0,zonia,0,False
2025-06-06 15:13:58.955815858+00:00,10,0,0,0,30.453608203182718,0.9481117429894159,0.0,zonia,0,False
2025-06-06 15:32:58.856380858+00:00,10,0,0,0,31.01662422277746,0.942742161916309,0.0,zonia,0,False
2025-06-06 16:00:42.374494858+00:00,10,0,0,0,30.501736955560606,0.9437598323461909,0.0,zonia,0,False
2025-06-06 16:08:56.440834858+00:00,10,0,0,0,29.661496229656734,0.9460310978963898,0.0,zonia,0,False
2025-06-06 16:50:25.456953858+00:00,10,0,0,0,29.020528856438467,0.9657498195529722,0.0,zonia,0,False
2025-06-06 17:02:53.610828858+00:00,10,0,0,0,28.98376697795787,0.9644454187046196,0.0,zonia,0,False
2025-06-06 17:08:59.629580858+00:00,10,0,0,0,28.57209940730767,0.9616951073559864,0.0,zonia,0,False
2025-06-06 17:20:46.690990858+00:00,10,0,0,0,28.072339016427357,0.9595934737321621,0.0,zonia,0,False
2025-06-06 17:23:30.703788858+00:00,10,0,0,0,28.46678081552586,0.954903623444968,0.0,zonia,0,False
2025-06-06 17:41:01.005645858+00:00,10,0,0,0,28.215808126919896,0.9556192599149899,0.0,zonia,0,False
2025-06-06 17:46:19.087216858+00:00,10,0,0,0,27.927153991746582,0.9304684278278048,0.0,zonia,0,False
2025-06-06 17:57:42.770961858+00:00,10,0,0,0,27.521132750535273,0.9264879883609641,0.0,zonia,0,False
2025-06-06 17:59:00.974009858+00:00,10,0,0,0,27.541351793577444,0.9272432861985301,0.0,zonia,0,False
2025-06-06 18:07:11.702482858+00:00,10,0,0,0,26.89717167090104,0.9412767894340357,0.0,zonia,0,False
2025-06-06 18:25:11.656045858+00:00,10,0,0,0,25.832370621678294,0.953226770283775,0.0,zonia,0,False
2025-06-06 18:35:18.504348858+00:00,10,0,0,0,25.91844122645029,0.9574896628053875,0.0,zonia,0,False
2025-06-06 18:38:47.660594858+00:00,10,0,0,0,25.378079026317373,0.9573082742108132,0.0,zonia,0,False
2025-06-06 18:46:04.016575858+00:00,10,0,0,0,25.114135763760547,0.9630307325905754,0.0,zonia,0,False
2025-06-06 18:55:05.393997858+00:00,10,0,0,0,24.43403334279918,0.9609053426864156,0.0,zonia,0,False
2025-06-06 18:55:40.451141858+00:00,10,0,0,0,23.941233561221708,0.9595025758440621,0.0,zonia,0,False
2025-06-06 19:01:23.151052858+00:00,10,0,0,0,24.76959672269181,0.9609578886803382,0.0,zonia,0,False
2025-06-06 19:04:11.138564858+00:00,10,0,0,0,23.664790049717112,0.9471796428843475,0.0,zonia,0,False
2025-06-06 19:38:10.506521858+00:00,10,0,0,0,23.349647374276884,0.9571884120195613,0.0,zonia,0,False
2025-06-06 19:40:18.857082858+00:00,10,0,0,0,23.030505413667726,0.9494199959777114,0.0,zonia,0,False
2025-06-06 19:53:38.830001858+00:00,10,0,0,0,22.861193410266065,0.9572206000293061,0.0,zonia,0,False
2025-06-06 19:55:43.170843858+00:00,10,0,0,0,22.839093753936147,0.9613819916648051,0.0,zonia,0,False
2025-06-06 20:13:10.343148858+00:00,10,0,0,0,22.41084653020181,0.9607004215046089,0.0,zonia,0,False
2025-06-06 20:20:31.483121858+00:00,10,0,0,0,22.1012697524484,0.9616668639534816,0.0,zonia,0,False
2025-06-06 20:31:10.616435858+00:00,10,0,0,0,22.13084004551263,0.9611641559923856,0.0,zonia,0,False
2025-06-06 20:52:02.443033858+00:00,10,0,0,0,21.266105065829585,0.9601880113785113,0.0,zonia,0,False
2025-06-06 21:07:24.048145858+00:00,10,0,0,0,21.06314149657418,0.9474907153077081,0.0,zonia,0,False
2025-06-06 21:11:50.165547858+00:00,10,0,0,0,21.280786088213972,0.9432031613003973,0.0,zonia,0,False
2025-06-06 21:32:48.821351858+00:00,10,0,0,0,20.189446142838683,0.9549064155073695,0.0,zonia,0,False
2025-06-06 21:49:39.452601858+00:00,10,0,0,0,19.7610419288296,0.941962242862399,0.0,zonia,0,False
2025-06-06 22:16:15.546819858+00:00,10,0,0,0,19.55497003894592,0.9346041339256062,0.0,zonia,0,False
2025-06-06 22:18:39.893156858+00:00,10,0,0,0,19.52628254730666,0.9333104937098348,0.0,zonia,0,False
2025-06-06 22:24:44.079121858+00:00,10,0,0,0,19.409098079699906,0.9301104486900904,0.0,zonia,0,False
2025-06-06 22:49:29.306689858+00:00,10,0,0,0,19.222123905701654,0.9457674354499165,0.0,zonia,0,False
2025-06-06 22:52:54.400320858+00:00,10,0,0,0,18.80285821449435,0.943248464785791,0.0,zonia,0,False
2025-06-06 22:58:11.879599858+00:00,10,0,0,0,18.926743874791054,0.9580882732251805,0.0,zonia,0,False
2025-06-06 23:03:03.322149858+00:00,10,0,0,0,18.51097882059,0.8774372350999912,0.0,zonia,0,False
2025-06-06 23:34:34.422549858+00:00,10,0,0,0,18.471247970206193,0.8701676545454194,0.0,zonia,0,False
2025-06-06 23:39:29.152293858+00:00,10,0,0,0,18.173494645915014,0.8736578225296749,0.0,zonia,0,False
2025-06-06 23:57:04.217980858+00:00,10,0,0,0,18.02432138232798,0.8719821081715953,0.0,zonia,0,False
2025-06-07 00:00:05.613104858+00:00,10,0,0,0,17.329557290752305,0.8750632003411717,0.0,zonia,0,False
2025-06-07 00:19:18.083628858+00:00,10,0,0,0,18.293309898032675,0.8654739690248979,0.0,zonia,0,False
2025-06-07 00:38:10.457390858+00:00,10,0,0,0,17.564319308409257,0.8527372223119917,0.0,zonia,0,False
2025-06-07 00:41:23.289413858+00:00,10,0,0,0,17.79978999836106,0.8485473060535531,0.0,zonia,0,False
2025-06-07 00:42:42.895151858+00:00,10,0,0,0,18.056027597073445,0.878050061143845,0.0,zonia,0,False
2025-06-07 00:58:40.652650858+00:00,10,0,0,0,16.665333756902726,0.8879001915653781,0.0,zonia,0,False
2025-06-07 01:43:17.004507858+00:00,10,0,0,0,16.610099536817163,0.885908168407742,0.0,zonia,0,False
2025-06-07 01:44:08.181992858+00:00,10,0,0,0,16.949809017596763,0.8886634921451156,0.0,zonia,0,False
2025-06-07 02:07:31.285779858+00:00,10,0,0,0,15.520016334954622,0.8829530844050902,0.0,zonia,0,False
2025-06-07 02:17:31.769150858+00:00,10,0,0,0,16.468702195565108,0.8928987233809368,0.0,zonia,0,False
2025-06-07 02:40:44.832134858+00:00,10,0,0,0,15.478247532253315,0.9176417063973918,0.0,zonia,0,False
2025-06-07 02:45:23.700332858+00:00,10,0,0,0,15.656958979071556,0.9239677277329145,0.0,zonia,0,False
2025-06-07 02:48:15.487869858+00:00,10,0,0,0,15.510928519063599,0.9399835139872721,0.0,zonia,0,False
2025-06-07 03:18:40.715674858+00:00,10,0,0,0,14.836928249560048,0.9365962951629723,0.0,zonia,0,False
2025-06-07 03:30:28.727701858+00:00,10,0,0,0,15.111146578870558,0.9466135900806784,0.0,zonia,0,False
2025-06-07 04:05:10.622460858+00:00,10,0,0,0,15.70526463403001,0.9529395629539745,0.0,zonia,0,False
2025-06-07 04:23:10.370954858+00:00,10,0,0,0,16.152131406772206,0.9562386190565265,0.0,zonia,0,False
2025-06-07 04:30:08.724022858+00:00,10,0,0,0,16.808641022690452,0.9516035784867624,0.0,zonia,0,False
2025-06-07 04:39:49.663365858+00:00,10,0,0,0,17.54918562123359,0.9635006361031253,0.0,zonia,0,False
2025-06-07 04:42:21.893897858+00:00,10,0,0,0,17.645522519496275,0.9640468117581973,0.0,zonia,0,False
2025-06-07 04:45:53.508959858+00:00,10,0,0,0,17.971658544650687,0.9564833774740105,0.0,zonia,0,False
2025-06-07 05:15:01.586067858+00:00,10,0,0,0,20.369747671433192,0.9574862448968959,0.0,zonia,0,False
2025-06-07 05:16:14.647663858+00:00,10,0,0,0,20.334489074130275,0.9604722971586798,0.0,zonia,0,False
2025-06-07 05:26:00.049003858+00:00,10,0,0,0,21.611445544076506,0.956429087301488,0.0,zonia,0,False
2025-06-07 05:43:03.894095858+00:00,10,0,0,0,22.88182034338695,0.9582243053827828,0.0,zonia,0,False
2025-06-07 06:46:53.972034858+00:00,10,0,0,0,25.261094804985362,0.9625458073853889,0.0,zonia,0,False
2025-06-07 06:51:47.020391858+00:00,10,0,0,0,25.444457923285245,0.9221698032447228,0.0,zonia,0,False
2025-06-07 07:02:14.131908858+00:00,10,0,0,0,26.00452569218774,0.9003763853526385,0.0,zonia,0,False
2025-06-07 07:29:26.181513858+00:00,10,0,0,0,27.008222198867678,0.903076339659745,0.0,zonia,0,False
2025-06-07 07:34:22.723420858+00:00,10,0,0,0,27.495498777863514,0.9024823354774665,0.0,zonia,0,False
2025-06-07 07:36:10.106639858+00:00,10,0,0,0,27.07068173980083,0.9016015547683457,0.0,zonia,0,False
2025-06-07 07:52:33.618301858+00:00,10,0,0,0,27.64684253481642,0.9045873974720525,0.0,zonia,0,False
2025-06-07 07:52:39.353177858+00:00,10,0,0,0,27.588880193390445,0.9076949983578695,0.0,zonia,0,False
2025-06-07 08:34:58.700718858+00:00,10,0,0,0,28.906575364822046,0.9046250264764076,0.0,zonia,0,False
2025-06-07 08:37:51.118223858+00:00,10,0,0,0,29.13115313909191,0.9021057551042236,0.0,zonia,0,False
2025-06-07 08:47:09.379401858+00:00,10,0,0,0,29.22971096810715,0.8975021033781845,0.0,zonia,0,False
2025-06-07 08:56:40.720634858+00:00,10,0,0,0,29.591382291929094,0.8906538644161255,0.0,zonia,0,False
2025-06-07 09:21:39.592687858+00:00,10,0,0,0,29.839612985781102,0.9185376508696287,0.0,zonia,0,False
2025-06-07 09:59:22.439882858+00:00,10,0,0,0,30.35191083277219,0.9171671131853143,0.0,zonia,0,False
2025-06-07 10:06:20.691712858+00:00,10,0,0,0,30.936901210583972,0.930071864470996,0.0,zonia,0,False
2025-06-07 10:11:08.052916858+00:00,10,0,0,0,30.531835893121713,0.9370633788446959,0.0,zonia,0,False
2025-06-07 10:49:42.904998858+00:00,10,0,0,0,31.44814204428995,0.9360981786911811,0.0,zonia,0,False
2025-06-07 11:02:54.253623858+00:00,10,0,0,0,31.54046245798871,0.9422451807039879,0.0,zonia,0,False
2025-06-07 11:03:22.052664858+00:00,10,0,0,0,31.64887994458408,0.9462928044497788,0.0,zonia,0,False
2025-06-07 11:05:31.709351858+00:00,10,0,0,0,31.487745296770868,0.9537520073317849,0.0,zonia,0,False
2025-06-07 11:12:37.471115858+00:00,10,0,0,0,31.504673778661786,0.9534015326998002,0.0,zonia,0,False
2025-06-07 11:16:18.465167858+00:00,10,0,0,0,32.12079288012843,0.9431397147833517,0.0,zonia,0,False
2025-06-07 11:20:34.256807858+00:00,10,0,0,0,32.187387243519794,0.9542074217208245,0.0,zonia,0,False
2025-06-07 11:27:48.564555858+00:00,10,0,0,0,31.346681433798256,0.9466532687064632,0.0,zonia,0,False
2025-06-07 11:41:57.892433858+00:00,10,0,0,0,32.058738885421896,0.9434251822751121,0.0,zonia,0,False
2025-06-07 11:51:15.885601858+00:00,10,0,0,0,32.183052880913316,0.9475603994506916,0.0,zonia,0,False
2025-06-07 12:17:44.692850858+00:00,10,0,0,0,32.39291665146235,0.9472837258165365,0.0,zonia,0,False
2025-06-07 12:26:24.264868858+00:00,10,0,0,0,32.85221637584827,0.9478980010073027,0.0,zonia,0,False
2025-06-07 12:29:36.504241858+00:00,10,0,0,0,32.24948549614233,0.9448362332461651,0.0,zonia,0,False
2025-06-07 12:29:43.519007858+00:00,10,0,0,0,32.50317696349405,0.9417376401754318,0.0,zonia,0,False
2025-06-07 12:43:36.212113858+00:00,10,0,0,0,32.58014357363277,0.9257227599812475,0.0,zonia,0,False
2025-06-07 13:17:48.899933858+00:00,10,0,0,0,32.65746578371861,0.9142823252028471,0.0,zonia,0,False
2025-06-07 13:36:38.642784858+00:00,10,0,0,0,33.11465265710961,0.9049486056732547,0.0,zonia,0,False
2025-06-07 13:53:51.886101858+00:00,10,0,0,0,32.819466646407996,0.9119957335354885,0.0,zonia,0,False
2025-06-07 14:09:10.350713858+00:00,10,0,0,0,32.92937163689821,0.9244933998964205,0.0,zonia,0,False
2025-06-07 14:17:46.739502858+00:00,10,0,0,0,32.58990476249012,0.9249387269924462,0.0,zonia,0,False
2025-06-07 14:30:21.662822858+00:00,10,0,0,0,32.70563945370884,0.9320012392001154,0.0,zonia,0,False
2025-06-07 14:47:33.088927858+00:00,10,0,0,0,32.62877332488857,0.9257452735448262,0.0,zonia,0,False
2025-06-07 14:51:50.745545858+00:00,10,0,0,0,32.47297234438002,0.8648222054644619,0.0,zonia,0,False
2025-06-07 15:11:49.107065858+00:00,10,0,0,0,32.18013915159085,0.8706877997262563,0.0,zonia,0,False
2025-06-07 16:09:31.448223858+00:00,10,0,0,0,31.268607273082022,0.8752558204241477,0.0,zonia,0,False
2025-06-07 16:18:10.689958858+00:00,10,0,0,0,31.3758278124652,0.9052106102795289,0.0,zonia,0,False
2025-06-07 16:25:29.907060858+00:00,10,0,0,0,31.239523849294844,0.9194119606395693,0.0,zonia,0,False
2025-06-07 16:54:43.747645858+00:00,10,0,0,0,30.528369207080832,0.9309406383805653,0.0,zonia,0,False
2025-06-07 17:09:35.583855858+00:00,10,0,0,0,30.224772495311623,0.9479821245346309,0.0,zonia,0,False
2025-06-07 17:16:48.753825858+00:00,10,0,0,0,30.212345628603188,0.9498394950461035,0.0,zonia,0,False
2025-06-07 17:47:54.079712858+00:00,10,0,0,0,28.958408272498016,0.9622964018447874,0.0,zonia,0,False
2025-06-07 18:26:14.080156858+00:00,10,0,0,0,27.611739158211144,0.970342533989444,0.0,zonia,0,False
2025-06-07 18:43:27.066164858+00:00,10,0,0,0,26.976982288589163,0.9716984931020274,0.0,zonia,0,False
2025-06-07 18:56:18.059315858+00:00,10,0,0,0,26.608405288402434,0.9751937062312243,0.0,zonia,0,False
2025-06-07 19:03:33.686403858+00:00,10,0,0,0,26.271760020577446,0.9734388066966897,0.0,zonia,0,False
2025-06-07 19:03:38.071955858+00:00,10,0,0,0,26.142138795766996,0.8837892943427811,0.0,zonia,0,False
2025-06-07 19:05:07.098132858+00:00,10,0,0,0,26.282133597408112,0.8837867569426253,0.0,zonia,0,False
2025-06-07 19:09:15.430010858+00:00,10,0,0,0,26.116239523215956,0.8844520537315917,0.0,zonia,0,False
2025-06-07 19:34:06.998196858+00:00,10,0,0,0,25.25260400983364,0.8816912840442992,0.0,zonia,0,False
2025-06-07 19:38:21.294880858+00:00,10,0,0,0,25.532632791213096,0.9223789100318693,0.0,zonia,0,False
2025-06-07 19:50:41.899325858+00:00,10,0,0,0,25.392836423376387,0.9179538207319224,0.0,zonia,0,False
2025-06-07 19:51:26.532752858+00:00,10,0,0,0,25.433302104444557,0.915350437746047,0.0,zonia,0,False
2025-06-07 19:51:56.895708858+00:00,10,0,0,0,25.351014104445984,0.9135669484186634,0.0,zonia,0,False
2025-06-07 20:07:29.467672858+00:00,10,0,0,0,25.258438866585706,0.9159545517411573,0.0,zonia,0,False
2025-06-07 20:10:53.430428858+00:00,10,0,0,0,25.30666047600967,0.9151822755419886,0.0,zonia,0,False
2025-06-07 20:11:28.420560858+00:00,10,0,0,0,24.882947529364202,0.8981879468218951,0.0,zonia,0,False
2025-06-07 20:22:08.945321858+00:00,10,0,0,0,24.66635361937887,0.8773416130571962,0.0,zonia,0,False
2025-06-07 20:32:45.070081858+00:00,10,0,0,0,24.263601623743746,0.890710095545101,0.0,zonia,0,False
2025-06-07 20:43:04.842052858+00:00,10,0,0,0,22.7137671026278,0.8718817146740507,0.0,zonia,0,False
2025-06-07 20:48:31.488758858+00:00,10,0,0,0,22.79161225789775,0.8649424830059746,0.0,zonia,0,False
2025-06-07 21:36:13.056696858+00:00,10,0,0,0,22.052094378725617,0.8813403133758936,0.0,zonia,0,False
2025-06-07 21:44:29.570419858+00:00,10,0,0,0,21.67937542801815,0.8975164483108641,0.0,zonia,0,False
2025-06-07 21:52:08.441422858+00:00,10,0,0,0,21.265152608476413,0.9180362681193387,0.0,zonia,0,False
2025-06-07 21:58:15.296973858+00:00,10,0,0,0,21.278707861708703,0.9241286136547415,0.0,zonia,0,False
2025-06-07 22:23:41.139767858+00:00,10,0,0,0,20.530473565916697,0.9256336643499742,0.0,zonia,0,False
2025-06-07 22:32:17.179758858+00:00,10,0,0,0,20.813637522530538,0.907700795398194,0.0,zonia,0,False
2025-06-07 22:54:08.419346858+00:00,10,0,0,0,20.624634278081256,0.8751240884386122,0.0,zonia,0,False
2025-06-07 22:54:10.029102858+00:00,10,0,0,0,20.086507355668868,0.8659521833191821,0.0,zonia,0,False
2025-06-07 23:09:08.579220858+00:00,10,0,0,0,20.249061861078268,0.8754830661031289,0.0,zonia,0,False
2025-06-07 23:25:03.974795858+00:00,10,0,0,0,19.949865347727172,0.8778166179859517,0.0,zonia,0,False
2025-06-07 23:30:17.739113858+00:00,10,0,0,0,19.629503948291468,0.8864272289008447,0.0,zonia,0,False
2025-06-07 23:30:54.516057858+00:00,10,0,0,0,20.22484438321562,0.8901380000680487,0.0,zonia,0,False
2025-06-07 23:48:29.032778858+00:00,10,0,0,0,19.81330676956735,0.8918039812013507,0.0,zonia,0,False
2025-06-07 23:51:22.608064858+00:00,10,0,0,0,19.836954157237205,0.8922430685172611,0.0,zonia,0,False
2025-06-07 23:58:16.102861858+00:00,10,0,0,0,19.603376683464056,0.9069619659962941,0.0,zonia,0,False
2025-06-08 00:07:54.248131858+00:00,10,0,0,0,19.702191095395364,0.9077603602130655,0.0,zonia,0,False
2025-06-08 00:32:21.268497858+00:00,10,0,0,0,20.006069305104198,0.8943926489054442,0.0,zonia,0,False
2025-06-08 00:49:08.369437858+00:00,10,0,0,0,19.21027318726174,0.9055709282625349,0.0,zonia,0,False
2025-06-08 01:03:19.218030858+00:00,10,0,0,0,19.05382206712802,0.9043362158133121,0.0,zonia,0,False
2025-06-08 02:04:59.548072858+00:00,10,0,0,0,18.339848264598274,0.9234953698737574,0.0,zonia,0,False
2025-06-08 02:06:19.880030858+00:00,10,0,0,0,18.310259546919397,0.8943830735152097,0.0,zonia,0,False
2025-06-08 02:06:39.567090858+00:00,10,0,0,0,18.31992786542167,0.8832972830002344,0.0,zonia,0,False
2025-06-08 02:15:11.640152858+00:00,10,0,0,0,18.384493696282586,0.8935509657527035,0.0,zonia,0,False
2025-06-08 02:58:28.574364858+00:00,10,0,0,0,18.756511942703106,0.8839585416648414,0.0,zonia,0,False
2025-06-08 02:59:49.006328858+00:00,10,0,0,0,18.950552451134484,0.8910583130267936,0.0,zonia,0,False
2025-06-08 03:27:07.229185858+00:00,10,0,0,0,17.580353984456455,0.8699038683126099,0.0,zonia,0,False
2025-06-08 03:39:34.362656858+00:00,10,0,0,0,18.02273796559165,0.8380686357396746,0.0,zonia,0,False
2025-06-08 03:50:03.637581858+00:00,10,0,0,0,19.533314014801253,0.8455763368489173,0.0,zonia,0,False
2025-06-08 03:53:05.794052858+00:00,10,0,0,0,17.49121103075045,0.8394735189053796,0.0,zonia,0,False
2025-06-08 04:13:06.386667858+00:00,10,0,0,0,18.822773609771907,0.8080245684605313,0.0,zonia,0,False
2025-06-08 04:30:52.459449858+00:00,10,0,0,0,20.771121774973956,0.8131471837535752,0.0,zonia,0,False
2025-06-08 04:42:52.174739858+00:00,10,0,0,0,20.094865070360804,0.8275293016950871,0.0,zonia,0,False
2025-06-08 05:45:56.620876858+00:00,10,0,0,0,24.473666862167235,0.8658993385136282,0.0,zonia,0,False
2025-06-08 06:11:36.967325858+00:00,10,0,0,0,25.783823958078337,0.8534992146347905,0.0,zonia,0,False
2025-06-08 06:19:03.930734858+00:00,10,0,0,0,25.7326868526152,0.8470501634095529,0.0,zonia,0,False
2025-06-08 06:33:26.831190858+00:00,10,0,0,0,26.212971556512603,0.8738078869637749,0.0,zonia,0,False
2025-06-08 06:43:36.626887858+00:00,10,0,0,0,26.082625496519892,0.8754713856333073,0.0,zonia,0,False
2025-06-08 06:59:59.947220858+00:00,10,0,0,0,26.906852034807873,0.8888054962901137,0.0,zonia,0,False
2025-06-08 07:02:10.536550858+00:00,10,0,0,0,26.867146956223415,0.8955001687931009,0.0,zonia,0,False
2025-06-08 07:11:00.649739858+00:00,10,0,0,0,27.081808156458468,0.8952869898646831,0.0,zonia,0,False
2025-06-08 07:25:49.758238858+00:00,10,0,0,0,27.402782974704774,0.9006659260993555,0.0,zonia,0,False
2025-06-08 07:26:36.307099858+00:00,10,0,0,0,27.449331900230554,0.9022564323204867,0.0,zonia,0,False
2025-06-08 07:42:39.644258858+00:00,10,0,0,0,27.875438636514648,0.9051502000613059,0.0,zonia,0,False
2025-06-08 07:43:01.327379858+00:00,10,0,0,0,27.975944226415915,0.9073276298950503,0.0,zonia,0,False
2025-06-08 07:51:49.724192858+00:00,10,0,0,0,27.984050178352902,0.8973986379585565,0.0,zonia,0,False
2025-06-08 07:52:47.630486858+00:00,10,0,0,0,28.06668249398101,0.8978343217879242,0.0,zonia,0,False
2025-06-08 07:55:40.754867858+00:00,10,0,0,0,27.8714014501006,0.9000221039369356,0.0,zonia,0,False
2025-06-08 08:04:00.819372858+00:00,10,0,0,0,28.29988579056247,0.892492100928402,0.0,zonia,0,False
2025-06-08 08:51:48.853665858+00:00,10,0,0,0,29.2238183018884,0.8904388084669362,0.0,zonia,0,False
2025-06-08 09:09:09.672828858+00:00,10,0,0,0,29.013132374952125,0.8883184825609804,0.0,zonia,0,False
2025-06-08 09:27:39.949210858+00:00,10,0,0,0,29.210526850640242,0.8828886332884729,0.0,zonia,0,False
2025-06-08 09:39:58.088959858+00:00,10,0,0,0,29.541340509190366,0.8851288102488499,0.0,zonia,0,False
2025-06-08 10:02:34.855824858+00:00,10,0,0,0,29.647104177928057,0.885832211143619,0.0,zonia,0,False
2025-06-08 10:04:51.478252858+00:00,10,0,0,0,29.573021621301955,0.8859629424214586,0.0,zonia,0,False
2025-06-08 10:13:31.414472858+00:00,10,0,0,0,29.565545889115526,0.8831287676546126,0.0,zonia,0,False
2025-06-08 10:17:10.838575858+00:00,10,0,0,0,29.770100524185775,0.8848787968643205,0.0,zonia,0,False
2025-06-08 10:23:40.814275858+00:00,10,0,0,0,30.29716332320173,0.8741750774999648,0.0,zonia,0,False
2025-06-08 12:08:44.108809858+00:00,10,0,0,0,30.837700086019066,0.875277305923612,0.0,zonia,0,False
2025-06-08 12:32:13.503889858+00:00,10,0,0,0,30.801998620874176,0.8714506500139875,0.0,zonia,0,False
2025-06-08 12:42:13.813093858+00:00,10,0,0,0,30.335436865519913,0.8714569747322362,0.0,zonia,0,False
2025-06-08 12:50:13.917786858+00:00,10,0,0,0,30.378393844170617,0.8710362659872455,0.0,zonia,0,False
2025-06-08 12:57:40.340558858+00:00,10,0,0,0,30.83823151905393,0.892823700637664,0.0,zonia,0,False
2025-06-08 13:05:12.339306858+00:00,10,0,0,0,30.805134775089673,0.889458305443674,0.0,zonia,0,False
2025-06-08 13:24:38.771259858+00:00,10,0,0,0,31.07619275674794,0.8865711301169885,0.0,zonia,0,False
2025-06-08 13:56:32.400145858+00:00,10,0,0,0,31.211652355225716,0.9069788884818125,0.0,zonia,0,False
2025-06-08 13:59:39.585385858+00:00,10,0,0,0,31.009145998461754,0.9246325352612865,0.0,zonia,0,False
2025-06-08 14:19:03.602095858+00:00,10,0,0,0,31.35251590633175,0.933971898157018,0.0,zonia,0,False
2025-06-08 14:23:03.757898858+00:00,10,0,0,0,30.890871138242705,0.9375959485525442,0.0,zonia,0,False
2025-06-08 14:32:50.305152858+00:00,10,0,0,0,31.17277005764163,0.9429544524303086,0.0,zonia,0,False
2025-06-08 14:44:25.553969858+00:00,10,0,0,0,30.995867144340284,0.944162708893945,0.0,zonia,0,False
2025-06-08 14:45:57.580835858+00:00,10,0,0,0,31.037618434906367,0.9440222777447534,0.0,zonia,0,False
2025-06-08 14:49:32.668880858+00:00,10,0,0,0,30.911488735614707,0.9435869072434084,0.0,zonia,0,False
2025-06-08 14:50:09.950952858+00:00,10,0,0,0,31.07294728092935,0.9455455672677455,0.0,zonia,0,False
2025-06-08 14:59:04.238995858+00:00,10,0,0,0,30.760738672009865,0.9488669505442976,0.0,zonia,0,False
2025-06-08 15:04:29.505020858+00:00,10,0,0,0,30.827258658709034,0.947698783205051,0.0,zonia,0,False
2025-06-08 15:14:07.631494858+00:00,10,0,0,0,30.598818445693443,0.9384941302738028,0.0,zonia,0,False
2025-06-08 15:30:00.523955858+00:00,10,0,0,0,30.89183205482588,0.9448267530463907,0.0,zonia,0,False
2025-06-08 15:33:01.647701858+00:00,10,0,0,0,30.675314243224758,0.947367047532769,0.0,zonia,0,False
2025-06-08 15:33:29.660296858+00:00,10,0,0,0,30.59619804406514,0.9478075245204719,0.0,zonia,0,False
2025-06-08 15:36:41.516705858+00:00,10,0,0,0,30.327798506080075,0.9505961602671824,0.0,zonia,0,False
2025-06-08 15:38:08.208328858+00:00,10,0,0,0,30.650564062480765,0.9530711162426817,0.0,zonia,0,False
2025-06-08 15:43:08.120844858+00:00,10,0,0,0,30.500699426715165,0.9558814821200414,0.0,zonia,0,False
2025-06-08 15:45:53.669648858+00:00,10,0,0,0,30.386149640183906,0.9586473348546513,0.0,zonia,0,False
2025-06-08 15:48:04.002812858+00:00,10,0,0,0,30.494603705062406,0.9571512637410138,0.0,zonia,0,False
2025-06-08 15:55:13.028783858+00:00,10,0,0,0,29.855169335766924,0.9633636645066875,0.0,zonia,0,False
2025-06-08 16:01:08.559124858+00:00,10,0,0,0,29.972683476637087,0.9662175611874627,0.0,zonia,0,False
2025-06-08 16:02:53.299218858+00:00,10,0,0,0,29.9482969163172,0.9644467063793971,0.0,zonia,0,False
2025-06-08 16:04:46.915623858+00:00,10,0,0,0,29.92810538773905,0.9643001905317036,0.0,zonia,0,False
2025-06-08 16:18:30.407863858+00:00,10,0,0,0,30.19054614838822,0.9660234799154758,0.0,zonia,0,False
2025-06-08 17:25:28.155222858+00:00,10,0,0,0,28.127346072690266,0.966049247306288,0.0,zonia,0,False
2025-06-08 17:57:48.521096858+00:00,10,0,0,0,26.883800793461315,0.9679357582363283,0.0,zonia,0,False
2025-06-08 18:01:21.779189858+00:00,10,0,0,0,26.597375037038397,0.9757963138199497,0.0,zonia,0,False
2025-06-08 18:11:09.260910858+00:00,10,0,0,0,26.37702742411449,0.980718361857674,0.0,zonia,0,False
2025-06-08 19:07:42.729859858+00:00,10,0,0,0,24.297332548985153,0.9777355689944471,0.0,zonia,0,False
2025-06-08 19:40:41.144237858+00:00,10,0,0,0,23.468461829730977,0.969300889215176,0.0,zonia,0,False
2025-06-08 19:50:27.581032858+00:00,10,0,0,0,23.221850167598557,0.9686934699008084,0.0,zonia,0,False
2025-06-08 20:06:56.552579858+00:00,10,0,0,0,22.89315891782902,0.9678819681625861,0.0,zonia,0,False
2025-06-08 20:09:14.756610858+00:00,10,0,0,0,23.364970653141853,0.9621194382589409,0.0,zonia,0,False
2025-06-08 20:20:51.547333858+00:00,10,0,0,0,22.876644241565206,0.9608661924238259,0.0,zonia,0,False
2025-06-08 20:25:32.698458858+00:00,10,0,0,0,22.71073340234341,0.9622801422320719,0.0,zonia,0,False
2025-06-08 20:43:39.840186858+00:00,10,0,0,0,22.887487149950047,0.9551732927629484,0.0,zonia,0,False
2025-06-08 20:51:03.301223858+00:00,10,0,0,0,21.933576727074232,0.9468520877784943,0.0,zonia,0,False
2025-06-08 21:04:33.895947858+00:00,10,0,0,0,21.54515571825085,0.9429337604603536,0.0,zonia,0,False
2025-06-08 21:12:37.209572858+00:00,10,0,0,0,21.061753218533646,0.9308086630864854,0.0,zonia,0,False
2025-06-08 21:28:00.640596858+00:00,10,0,0,0,20.660707573192067,0.9218598764860847,0.0,zonia,0,False
2025-06-08 22:06:40.899201858+00:00,10,0,0,0,19.94004469110943,0.8306290002195352,0.0,zonia,0,False
2025-06-08 22:16:34.306180858+00:00,10,0,0,0,19.45702728870678,0.8829785140761308,0.0,zonia,0,False
2025-06-08 22:34:10.233317858+00:00,10,0,0,0,19.018232700389813,0.887260310705569,0.0,zonia,0,False
2025-06-08 22:34:56.305763858+00:00,10,0,0,0,19.121924469729294,0.9014520785240085,0.0,zonia,0,False
2025-06-08 22:47:07.431138858+00:00,10,0,0,0,19.39062003792348,0.9052871385267105,0.0,zonia,0,False
2025-06-08 22:59:56.820468858+00:00,10,0,0,0,19.158447484227512,0.9082107200032358,0.0,zonia,0,False
2025-06-08 23:24:30.383962858+00:00,10,0,0,0,18.537810258425996,0.9083317410093489,0.0,zonia,0,False
2025-06-08 23:25:17.145550858+00:00,10,0,0,0,18.437476609102077,0.8985961542280723,0.0,zonia,0,False
2025-06-08 23:26:29.647643858+00:00,10,0,0,0,17.564174279753153,0.8903312958211528,0.0,zonia,0,False
2025-06-08 23:49:20.487921858+00:00,10,0,0,0,17.49882471812288,0.885867491643747,0.0,zonia,0,False
2025-06-09 00:09:21.677340858+00:00,10,0,0,0,17.332268213914315,0.8847879480251006,0.0,zonia,0,False
2025-06-09 00:32:10.682379858+00:00,10,0,0,0,17.92950500056523,0.9131514645017547,0.0,zonia,0,False
2025-06-09 00:33:55.494701858+00:00,10,0,0,0,17.728789868074102,0.9096129912464044,0.0,zonia,0,False
2025-06-09 00:44:56.221871858+00:00,10,0,0,0,17.291945662442483,0.9102608663148102,0.0,zonia,0,False
2025-06-09 01:08:46.893873858+00:00,10,0,0,0,17.868837801134077,0.9122094461479348,0.0,zonia,0,False
2025-06-09 01:28:49.481085858+00:00,10,0,0,0,17.296938957615172,0.9069353806138342,0.0,zonia,0,False
2025-06-09 01:33:43.446972858+00:00,10,0,0,0,16.756142644235386,0.9137726324990044,0.0,zonia,0,False
2025-06-09 01:51:19.133245858+00:00,10,0,0,0,17.308699755385256,0.9134029666491456,0.0,zonia,0,False
2025-06-09 02:08:52.570243858+00:00,10,0,0,0,17.3307065795159,0.9197236979012915,0.0,zonia,0,False
2025-06-09 02:12:10.419781858+00:00,10,0,0,0,17.332723953006436,0.9224685547496476,0.0,zonia,0,False
2025-06-09 02:19:51.767109858+00:00,10,0,0,0,17.08829006655647,0.9272077531617985,0.0,zonia,0,False
2025-06-09 03:02:29.086382858+00:00,10,0,0,0,16.573860339315367,0.935113393483169,0.0,zonia,0,False
2025-06-09 03:19:03.139827858+00:00,10,0,0,0,16.1547173647464,0.9451268127964705,0.0,zonia,0,False
2025-06-09 03:25:16.748100858+00:00,10,0,0,0,16.425672238154274,0.9475684248092737,0.0,zonia,0,False
2025-06-09 03:42:35.485928858+00:00,10,0,0,0,16.60681720750634,0.9573286858615452,0.0,zonia,0,False
2025-06-09 04:12:53.335930858+00:00,10,0,0,0,16.896128579095592,0.9703768534976744,0.0,zonia,0,False
2025-06-09 04:15:30.453891858+00:00,10,0,0,0,17.980093623441306,0.9710467315601632,0.0,zonia,0,False
2025-06-09 05:30:15.877730858+00:00,10,0,0,0,20.559148965614476,0.9705432551020999,0.0,zonia,0,False
2025-06-09 05:38:35.775164858+00:00,10,0,0,0,21.498927082634683,0.950697512541877,0.0,zonia,0,False
2025-06-09 06:29:02.354012858+00:00,10,0,0,0,23.044025263736454,0.955344346003008,0.0,zonia,0,False
2025-06-09 06:33:55.694190858+00:00,10,0,0,0,23.5318926290638,0.9335654739639005,0.0,zonia,0,False
2025-06-09 06:40:01.747837858+00:00,10,0,0,0,23.47521142925357,0.93449617683537,0.0,zonia,0,False
2025-06-09 06:47:28.747117858+00:00,10,0,0,0,23.666861875974618,0.9366147906603292,0.0,zonia,0,False
2025-06-09 06:58:58.896363858+00:00,10,0,0,0,23.719058537508072,0.915933287087556,0.0,zonia,0,False
2025-06-09 07:02:26.396722858+00:00,10,0,0,0,23.94045053688417,0.918822124451531,0.0,zonia,0,False
2025-06-09 07:10:03.451872858+00:00,10,0,0,0,24.12842235270119,0.9193633493085779,0.0,zonia,0,False
2025-06-09 07:22:08.308304858+00:00,10,0,0,0,24.265765481379738,0.9150043321800407,0.0,zonia,0,False
2025-06-09 07:22:14.553971858+00:00,10,0,0,0,24.215908529812868,0.9105726892546325,0.0,zonia,0,False
2025-06-09 07:25:42.050647858+00:00,10,0,0,0,24.270654540045623,0.9113656363194998,0.0,zonia,0,False
2025-06-09 07:32:35.209423858+00:00,10,0,0,0,24.56346845591656,0.9112649546780641,0.0,zonia,0,False
2025-06-09 07:33:30.866187858+00:00,10,0,0,0,24.51697351594146,0.9113589627717358,0.0,zonia,0,False
2025-06-09 07:46:47.023330858+00:00,10,0,0,0,24.929927837905048,0.9095478984834408,0.0,zonia,0,False
2025-06-09 07:51:10.917335858+00:00,10,0,0,0,24.899992089876775,0.906668228870722,0.0,zonia,0,False
2025-06-09 07:54:25.949919858+00:00,10,0,0,0,25.057172959281893,0.9062334111704997,0.0,zonia,0,False
2025-06-09 08:01:55.543019858+00:00,10,0,0,0,25.42429656353315,0.9193752128180632,0.0,zonia,0,False
2025-06-09 08:17:23.252437858+00:00,10,0,0,0,25.78441512934662,0.9134422331768143,0.0,zonia,0,False
2025-06-09 08:20:20.429217858+00:00,10,0,0,0,25.894201387623905,0.9131898104580671,0.0,zonia,0,False
2025-06-09 08:33:42.461882858+00:00,10,0,0,0,25.888607396414336,0.9053252361208536,0.0,zonia,0,False
2025-06-09 08:39:27.709309858+00:00,10,0,0,0,26.212270210195815,0.9053694742063995,0.0,zonia,0,False
2025-06-09 08:44:50.437085858+00:00,10,0,0,0,26.398431470362492,0.9032446819815874,0.0,zonia,0,False
2025-06-09 08:48:06.086276858+00:00,10,0,0,0,26.645401768875043,0.903523213776035,0.0,zonia,0,False
2025-06-09 08:58:51.481025858+00:00,10,0,0,0,26.96184203967132,0.9144315805646182,0.0,zonia,0,False
2025-06-09 09:38:09.328002858+00:00,10,0,0,0,27.41222976340358,0.9097864436398577,0.0,zonia,0,False
2025-06-09 10:12:51.018124858+00:00,10,0,0,0,27.530372716030055,0.9113594981876041,0.0,zonia,0,False
2025-06-09 11:01:03.691235858+00:00,10,0,0,0,27.10862605815451,0.9040694752858462,0.0,zonia,0,False
2025-06-09 11:01:46.784629858+00:00,10,0,0,0,27.477599717455362,0.9034181866918095,0.0,zonia,0,False
2025-06-09 11:19:45.063642858+00:00,10,0,0,0,27.34339819040976,0.9403564764730863,0.0,zonia,0,False
2025-06-09 11:23:08.147908858+00:00,10,0,0,0,27.485174310446222,0.936414039668195,0.0,zonia,0,False
2025-06-09 11:35:36.795931858+00:00,10,0,0,0,27.025684054732857,0.9557318896147409,0.0,zonia,0,False
2025-06-09 11:38:23.558906858+00:00,10,0,0,0,27.248882012007343,0.9654004893483489,0.0,zonia,0,False
2025-06-09 11:58:55.873715858+00:00,10,0,0,0,27.449944707154863,0.9554628525582969,0.0,zonia,0,False
2025-06-09 12:17:33.701932858+00:00,10,0,0,0,27.980643382560046,0.9587077473383815,0.0,zonia,0,False
2025-06-09 12:20:52.412724858+00:00,10,0,0,0,27.085795614804137,0.9489544462433368,0.0,zonia,0,False
2025-06-09 12:27:15.201970858+00:00,10,0,0,0,27.575805494740404,0.9481498790097096,0.0,zonia,0,False
2025-06-09 12:29:06.604808858+00:00,10,0,0,0,27.13024078456225,0.9502307581592973,0.0,zonia,0,False
2025-06-09 12:42:47.016966858+00:00,10,0,0,0,27.550271301895787,0.9537075132568983,0.0,zonia,0,False
2025-06-09 12:58:32.004638858+00:00,10,0,0,0,27.619326499900964,0.9466777309910445,0.0,zonia,0,False
2025-06-09 13:55:48.505021858+00:00,10,0,0,0,28.008718926056588,0.9443021402391414,0.0,zonia,0,False
2025-06-09 14:29:51.300326858+00:00,10,0,0,0,27.938072923746887,0.9435535111761759,0.0,zonia,0,False
2025-06-09 14:37:50.705853858+00:00,10,0,0,0,28.05454156743855,0.9388490417948869,0.0,zonia,0,False
2025-06-09 15:11:35.993370858+00:00,10,0,0,0,27.24259904849982,0.9380829299145184,0.0,zonia,0,False
2025-06-09 15:35:10.616447858+00:00,10,0,0,0,27.18855109276985,0.8890417449646677,0.0,zonia,0,False
2025-06-09 15:38:25.096863858+00:00,10,0,0,0,27.026779791006962,0.9136623819218646,0.0,zonia,0,False
2025-06-09 15:50:11.304442858+00:00,10,0,0,0,26.861662677578902,0.913917467448696,0.0,zonia,0,False
2025-06-09 16:04:19.199068858+00:00,10,0,0,0,26.787091833686596,0.9298336141744995,0.0,zonia,0,False
2025-06-09 16:05:00.679409858+00:00,10,0,0,0,26.667082282689496,0.9352860221248909,0.0,zonia,0,False
2025-06-09 16:27:02.090074858+00:00,10,0,0,0,26.524648337243057,0.9400863812668186,0.0,zonia,0,False
2025-06-09 16:28:07.369369858+00:00,10,0,0,0,26.456353140581562,0.943107930010993,0.0,zonia,0,False
2025-06-09 16:37:36.917261858+00:00,10,0,0,0,26.22196798882931,0.944111908423988,0.0,zonia,0,False
2025-06-09 16:47:50.955950858+00:00,10,0,0,0,26.134259904852875,0.9484059320660247,0.0,zonia,0,False
2025-06-09 16:54:19.997153858+00:00,10,0,0,0,26.048823630702035,0.9487809692644111,0.0,zonia,0,False
2025-06-09 17:38:48.649311858+00:00,10,0,0,0,24.97511992382686,0.9490253255592789,0.0,zonia,0,False
2025-06-09 17:47:35.921833858+00:00,10,0,0,0,24.686873101019433,0.9486249353576574,0.0,zonia,0,False
2025-06-09 17:48:48.671161858+00:00,10,0,0,0,24.791477355716772,0.957313826517551,0.0,zonia,0,False
2025-06-09 18:10:03.273640858+00:00,10,0,0,0,23.883810977985384,0.9629907531048811,0.0,zonia,0,False
2025-06-09 18:12:46.526802858+00:00,10,0,0,0,24.062162608380746,0.9752780667936563,0.0,zonia,0,False
2025-06-09 18:13:57.904169858+00:00,10,0,0,0,23.873817535904156,0.9785559415708283,0.0,zonia,0,False
2025-06-09 18:18:08.963125858+00:00,10,0,0,0,23.786572389880796,0.9793662926030196,0.0,zonia,0,False
2025-06-09 18:39:12.951195858+00:00,10,0,0,0,22.624720979068325,0.9836272805508408,0.0,zonia,0,False
2025-06-09 18:42:03.141524858+00:00,10,0,0,0,22.64244353792098,0.9856949895689929,0.0,zonia,0,False
2025-06-09 18:48:35.901074858+00:00,10,0,0,0,22.046505644528484,0.9874987277630984,0.0,zonia,0,False
2025-06-09 18:49:57.297552858+00:00,10,0,0,0,21.98944839204696,0.9883994115877297,0.0,zonia,0,False
2025-06-09 19:06:04.027996858+00:00,10,0,0,0,21.391287041037625,0.9896012929922151,0.0,zonia,0,False
2025-06-09 19:09:04.983828858+00:00,10,0,0,0,21.28915584377556,0.9918923975471523,0.0,zonia,0,False
2025-06-09 19:34:56.863061858+00:00,10,0,0,0,20.257345899942766,0.9868755668256117,0.0,zonia,0,False
2025-06-09 19:54:30.537748858+00:00,10,0,0,0,19.701410739895817,0.9872526274475486,0.0,zonia,0,False
2025-06-09 19:58:04.982055858+00:00,10,0,0,0,19.777399609079314,0.9890689103119547,0.0,zonia,0,False
2025-06-09 20:13:40.881249858+00:00,10,0,0,0,19.015060456689255,0.9889588261987656,0.0,zonia,0,False
2025-06-09 20:24:14.511422858+00:00,10,0,0,0,18.72126007841563,0.9848802623067765,0.0,zonia,0,False
2025-06-09 20:36:58.025726858+00:00,10,0,0,0,18.87853278918855,0.9810314197135005,0.0,zonia,0,False
2025-06-09 20:50:39.003435858+00:00,10,0,0,0,18.896258198520933,0.9816138898817549,0.0,zonia,0,False
2025-06-09 20:51:34.384040858+00:00,10,0,0,0,18.57854725142527,0.9791680242473152,0.0,zonia,0,False
2025-06-09 21:03:32.686514858+00:00,10,0,0,0,18.835900079246848,0.9773716125747397,0.0,zonia,0,False
2025-06-09 21:41:39.062184858+00:00,10,0,0,0,18.018276766742147,0.968048742106264,0.0,zonia,0,False
2025-06-09 21:44:49.423029858+00:00,10,0,0,0,16.890883302951284,0.9676185967722473,0.0,zonia,0,False
2025-06-09 21:58:25.371607858+00:00,10,0,0,0,17.693986747915147,0.9537269581967914,0.0,zonia,0,False
2025-06-09 22:01:03.467593858+00:00,10,0,0,0,17.84722113106802,0.9554712555796876,0.0,zonia,0,False
2025-06-09 22:06:47.861731858+00:00,10,0,0,0,17.351076096424645,0.9545941552914317,0.0,zonia,0,False
2025-06-09 22:44:11.861224858+00:00,10,0,0,0,16.640401187142146,0.9568437511741911,0.0,zonia,0,False
2025-06-09 23:13:37.203211858+00:00,10,0,0,0,15.782328163201965,0.9543063690331186,0.0,zonia,0,False
2025-06-09 23:19:21.775747858+00:00,10,0,0,0,16.40099796627844,0.9562288806597994,0.0,zonia,0,False
2025-06-09 23:26:48.202157858+00:00,10,0,0,0,15.925399616445329,0.9626723459732297,0.0,zonia,0,False
2025-06-09 23:29:50.203522858+00:00,10,0,0,0,15.77294567839052,0.9648671106827968,0.0,zonia,0,False
2025-06-09 23:33:33.537199858+00:00,10,0,0,0,16.319740038490686,0.9736994582831638,0.0,zonia,0,False
2025-06-09 23:35:36.134494858+00:00,10,0,0,0,15.627210475258055,0.9728659227625045,0.0,zonia,0,False
2025-06-10 00:05:53.695461858+00:00,10,0,0,0,15.813362416458498,0.9758229860275509,0.0,zonia,0,False
2025-06-10 00:10:31.174737858+00:00,10,0,0,0,15.357577694186828,0.9711525224134532,0.0,zonia,0,False
2025-06-10 00:17:08.114713858+00:00,10,0,0,0,15.72115107861714,0.9699762473496525,0.0,zonia,0,False
2025-06-10 00:40:31.560126858+00:00,10,0,0,0,15.038096732053328,0.9674176104634438,0.0,zonia,0,False
2025-06-10 00:43:41.111059858+00:00,10,0,0,0,15.572289800389923,0.9678530936179353,0.0,zonia,0,False
2025-06-10 00:56:37.923819858+00:00,10,0,0,0,15.19530868468561,0.9719891483489317,0.0,zonia,0,False
2025-06-10 00:59:08.179170858+00:00,10,0,0,0,15.514799340976454,0.9691105685290158,0.0,zonia,0,False
2025-06-10 01:25:24.331988858+00:00,10,0,0,0,14.878360716200005,0.9696036558203789,0.0,zonia,0,False
2025-06-10 01:35:42.164331858+00:00,10,0,0,0,15.349968628375835,0.9732195349738382,0.0,zonia,0,False
2025-06-10 01:41:30.599608858+00:00,10,0,0,0,14.931097511212945,0.9738199908307216,0.0,zonia,0,False
2025-06-10 01:48:44.934136858+00:00,10,0,0,0,14.571846719752827,0.9790078563310652,0.0,zonia,0,False
2025-06-10 01:49:54.218213858+00:00,10,0,0,0,14.65106722513335,0.9803097610982638,0.0,zonia,0,False
2025-06-10 02:08:15.684899858+00:00,10,0,0,0,14.522439729682677,0.9611578483608538,0.0,zonia,0,False
2025-06-10 02:22:23.623987858+00:00,10,0,0,0,14.47838947365881,0.9701624814596919,0.0,zonia,0,False
2025-06-10 02:36:16.554624858+00:00,10,0,0,0,14.757110604697097,0.9745575962501085,0.0,zonia,0,False
2025-06-10 02:40:52.146063858+00:00,10,0,0,0,14.5549784805186,0.9769159196487474,0.0,zonia,0,False
2025-06-10 02:46:24.431532858+00:00,10,0,0,0,14.392456826073317,0.9813315361751391,0.0,zonia,0,False
2025-06-10 03:09:47.435225858+00:00,10,0,0,0,14.72416953539137,0.9816444556432407,0.0,zonia,0,False
2025-06-10 03:24:38.961310858+00:00,10,0,0,0,14.71293851071778,0.9820984330093374,0.0,zonia,0,False
2025-06-10 03:48:36.809369858+00:00,10,0,0,0,14.223709182385699,0.9841108880195687,0.0,zonia,0,False
2025-06-10 04:03:39.957124858+00:00,10,0,0,0,15.01934522456601,0.9854213798749216,0.0,zonia,0,False
2025-06-10 04:15:45.212352858+00:00,10,0,0,0,14.826734089756998,0.9855418208809649,0.0,zonia,0,False
2025-06-10 04:19:56.914164858+00:00,10,0,0,0,15.445026623821605,0.9842698340748948,0.0,zonia,0,False
2025-06-10 04:21:50.560620858+00:00,10,0,0,0,15.56623950602624,0.9801998168219537,0.0,zonia,0,False
2025-06-10 04:39:32.366814858+00:00,10,0,0,0,16.001942986537433,0.9761565253627227,0.0,zonia,0,False
2025-06-10 04:46:10.858322858+00:00,10,0,0,0,16.196939987183598,0.9708609606819338,0.0,zonia,0,False
2025-06-10 05:15:57.053780858+00:00,10,0,0,0,17.776301807643577,0.9729677400772557,0.0,zonia,0,False
2025-06-10 05:27:18.268141858+00:00,10,0,0,0,18.633594127385365,0.9640060139013313,0.0,zonia,0,False
2025-06-10 05:28:51.375579858+00:00,10,0,0,0,18.622217488566978,0.959283946178197,0.0,zonia,0,False
2025-06-10 05:52:10.535030858+00:00,10,0,0,0,19.319579970037402,0.9594931214186646,0.0,zonia,0,False
2025-06-10 05:53:12.301831858+00:00,10,0,0,0,19.711786121245208,0.9587861792681538,0.0,zonia,0,False
2025-06-10 06:00:30.947824858+00:00,10,0,0,0,19.821318971801247,0.9594403245248084,0.0,zonia,0,False
2025-06-10 06:00:43.259921858+00:00,10,0,0,0,19.73306166982052,0.9603722915193501,0.0,zonia,0,False
2025-06-10 06:34:44.645395858+00:00,10,0,0,0,20.809512096939596,0.9580300384660159,0.0,zonia,0,False
2025-06-10 06:38:19.961899858+00:00,10,0,0,0,21.186351601622533,0.9549691597091465,0.0,zonia,0,False
2025-06-10 06:39:27.938479858+00:00,10,0,0,0,21.10253206861141,0.953540919986015,0.0,zonia,0,False
2025-06-10 06:51:37.015250858+00:00,10,0,0,0,21.985954561264887,0.9445992468025741,0.0,zonia,0,False
2025-06-10 07:02:29.127398858+00:00,10,0,0,0,22.00027956640305,0.948807517958943,0.0,zonia,0,False
2025-06-10 07:03:04.359906858+00:00,10,0,0,0,22.295693638192184,0.9423632013809303,0.0,zonia,0,False
2025-06-10 07:19:15.146521858+00:00,10,0,0,0,22.855884361288084,0.9436788647715074,0.0,zonia,0,False
2025-06-10 07:48:25.185500858+00:00,10,0,0,0,23.9247874481241,0.9426997723707574,0.0,zonia,0,False
2025-06-10 07:50:24.060927858+00:00,10,0,0,0,24.133568997463296,0.9439568462344001,0.0,zonia,0,False
2025-06-10 08:24:19.919356858+00:00,10,0,0,0,25.157894766041018,0.9427534263771686,0.0,zonia,0,False
2025-06-10 08:27:34.786598858+00:00,10,0,0,0,25.279817443727044,0.9398610636728595,0.0,zonia,0,False
2025-06-10 08:50:40.625269858+00:00,10,0,0,0,25.736420536084093,0.9405614409007936,0.0,zonia,0,False
2025-06-10 09:00:55.556778858+00:00,10,0,0,0,25.971271989004165,0.9480668032337137,0.0,zonia,0,False
2025-06-10 09:14:32.581384858+00:00,10,0,0,0,26.286962712099175,0.9496977436628748,0.0,zonia,0,False
2025-06-10 10:12:17.618098858+00:00,10,0,0,0,27.362381919659434,0.9507020798465311,0.0,zonia,0,False
2025-06-10 10:34:27.099309858+00:00,10,0,0,0,27.52774351725672,0.9695415727579431,0.0,zonia,0,False
2025-06-10 10:54:43.373348858+00:00,10,0,0,0,27.70070323465542,0.9699243248803281,0.0,zonia,0,False
2025-06-10 11:01:33.185173858+00:00,10,0,0,0,27.83505266590826,0.9192199034583313,0.0,zonia,0,False
2025-06-10 11:14:59.002206858+00:00,10,0,0,0,28.613059077980186,0.920332682395394,0.0,zonia,0,False
2025-06-10 11:15:27.747105858+00:00,10,0,0,0,28.601660725655297,0.9210703626454538,0.0,zonia,0,False
2025-06-10 12:04:39.926645858+00:00,10,0,0,0,29.08492970268639,0.9462464508083765,0.0,zonia,0,False
2025-06-10 12:09:03.445693858+00:00,10,0,0,0,29.0767940671595,0.9578029408789502,0.0,zonia,0,False
2025-06-10 12:27:29.648576858+00:00,10,0,0,0,29.116240812570442,0.9604190947252522,0.0,zonia,0,False
2025-06-10 12:31:08.501193858+00:00,10,0,0,0,29.476594299157117,0.966039267536987,0.0,zonia,0,False
2025-06-10 12:33:33.937225858+00:00,10,0,0,0,29.71738167134609,0.9719741566982456,0.0,zonia,0,False
2025-06-10 12:39:13.409575858+00:00,10,0,0,0,29.858851411756213,0.973431425777758,0.0,zonia,0,False
2025-06-10 12:42:26.814030858+00:00,10,0,0,0,30.059369833900142,0.9616802233396055,0.0,zonia,0,False
2025-06-10 12:47:04.131237858+00:00,10,0,0,0,29.811709812881933,0.9592977092776322,0.0,zonia,0,False
2025-06-10 13:10:17.145147858+00:00,10,0,0,0,30.15492274334381,0.954079534537998,0.0,zonia,0,False
2025-06-10 13:24:18.062352858+00:00,10,0,0,0,30.069509879269194,0.9579335131393358,0.0,zonia,0,False
2025-06-10 13:25:26.074879858+00:00,10,0,0,0,30.94623808847236,0.9608609903421831,0.0,zonia,0,False
2025-06-10 13:46:19.729465858+00:00,10,0,0,0,30.36815310551827,0.9692357153752607,0.0,zonia,0,False
2025-06-10 14:03:40.409715858+00:00,10,0,0,0,30.667230053545715,0.968426732792308,0.0,zonia,0,False
2025-06-10 14:24:25.627392858+00:00,10,0,0,0,30.58744195756172,0.972896431864131,0.0,zonia,0,False
2025-06-10 14:26:24.849814858+00:00,10,0,0,0,30.53530770623983,0.9763626175841391,0.0,zonia,0,False
2025-06-10 14:33:40.672667858+00:00,10,0,0,0,30.815403991796174,0.9790457736309746,0.0,zonia,0,False
2025-06-10 14:37:36.171056858+00:00,10,0,0,0,30.99863931399714,0.9795148077325069,0.0,zonia,0,False
2025-06-10 14:41:24.597111858+00:00,10,0,0,0,30.739352669395327,0.9814665714593798,0.0,zonia,0,False
2025-06-10 14:47:52.704875858+00:00,10,0,0,0,30.868865724049844,0.978510090927664,0.0,zonia,0,False
2025-06-10 14:49:37.110596858+00:00,10,0,0,0,30.709176986822335,0.9793950784671548,0.0,zonia,0,False
2025-06-10 14:54:10.064591858+00:00,10,0,0,0,30.760903082010138,0.9806132499468531,0.0,zonia,0,False
2025-06-10 14:54:27.813935858+00:00,10,0,0,0,31.000388501175575,0.981341658953087,0.0,zonia,0,False
2025-06-10 15:20:56.844318858+00:00,10,0,0,0,30.719321575586257,0.9820718651281259,0.0,zonia,0,False
2025-06-10 15:26:07.615127858+00:00,10,0,0,0,31.066281596359758,0.9793866578962881,0.0,zonia,0,False
2025-06-10 15:28:09.268678858+00:00,10,0,0,0,30.733603666588195,0.9831044169139872,0.0,zonia,0,False
2025-06-10 15:35:51.723918858+00:00,10,0,0,0,30.906412901846142,0.9851806497282544,0.0,zonia,0,False
2025-06-10 16:13:07.303322858+00:00,10,0,0,0,31.077281857360504,0.9739261631274942,0.0,zonia,0,False
2025-06-10 16:25:25.533891858+00:00,10,0,0,0,30.304883547356102,0.9773927060422327,0.0,zonia,0,False
2025-06-10 16:26:24.263140858+00:00,10,0,0,0,30.200392756125616,0.93617460233376,0.0,zonia,0,False
2025-06-10 16:27:19.850893858+00:00,10,0,0,0,30.548677762940706,0.9109839056158411,0.0,zonia,0,False
2025-06-10 16:38:34.593945858+00:00,10,0,0,0,30.23410565284269,0.9427573190804484,0.0,zonia,0,False
2025-06-10 16:40:00.596843858+00:00,10,0,0,0,30.04985033458803,0.9409709980370836,0.0,zonia,0,False
2025-06-10 16:51:51.701715858+00:00,10,0,0,0,30.165029859711588,0.9442188321629388,0.0,zonia,0,False
2025-06-10 16:56:39.267057858+00:00,10,0,0,0,29.798314463305832,0.9572405725113462,0.0,zonia,0,False
2025-06-10 17:02:21.736603858+00:00,10,0,0,0,29.812602365191495,0.9465006653215011,0.0,zonia,0,False
2025-06-10 17:09:17.050259858+00:00,10,0,0,0,29.929703524055736,0.9542524488136575,0.0,zonia,0,False
2025-06-10 17:11:57.934095858+00:00,10,0,0,0,29.861965454458304,0.959193778629151,0.0,zonia,0,False
2025-06-10 17:18:39.635081858+00:00,10,0,0,0,29.47232955698373,0.9564841969860847,0.0,zonia,0,False
2025-06-10 18:30:10.620281858+00:00,10,0,0,0,25.197474480753414,0.950144022587269,0.0,zonia,0,False
2025-06-10 18:35:37.126207858+00:00,10,0,0,0,25.19405420871818,0.9617419975614003,0.0,zonia,0,False
2025-06-10 18:43:33.952690858+00:00,10,0,0,0,24.90405155285928,0.9721420521220085,0.0,zonia,0,False
2025-06-10 19:43:36.697288858+00:00,10,0,0,0,22.51165124699801,0.9738799288332165,0.0,zonia,0,False
2025-06-10 19:47:17.794864858+00:00,10,0,0,0,22.533518519303918,0.9659943656050183,0.0,zonia,0,False
2025-06-10 20:06:25.993250858+00:00,10,0,0,0,22.165541307483394,0.966641363118676,0.0,zonia,0,False
2025-06-10 20:19:10.876867858+00:00,10,0,0,0,21.769716227932552,0.9664257746822479,0.0,zonia,0,False
2025-06-10 21:04:54.293848858+00:00,10,0,0,0,20.396289340186225,0.9579075587913743,0.0,zonia,0,False
2025-06-10 21:11:17.735200858+00:00,10,0,0,0,20.5259877797902,0.9593677269488072,0.0,zonia,0,False
2025-06-10 21:45:35.210856858+00:00,10,0,0,0,19.897285620383645,0.9586677598742455,0.0,zonia,0,False
2025-06-10 21:52:36.448825858+00:00,10,0,0,0,20.20107734170875,0.9642799667023292,0.0,zonia,0,False
2025-06-10 22:03:18.046948858+00:00,10,0,0,0,20.086172139473206,0.971563791808439,0.0,zonia,0,False
2025-06-10 22:08:01.435796858+00:00,10,0,0,0,19.258894256320946,0.9705692444809688,0.0,zonia,0,False
2025-06-10 22:19:38.145090858+00:00,10,0,0,0,19.581350554538066,0.9753999319854636,0.0,zonia,0,False
2025-06-10 22:48:35.070079858+00:00,10,0,0,0,19.069216312332347,0.9767299912090384,0.0,zonia,0,False
2025-06-10 22:53:47.389110858+00:00,10,0,0,0,19.074864651306108,0.9816091545402112,0.0,zonia,0,False
2025-06-10 23:08:03.696135858+00:00,10,0,0,0,18.823072058330197,0.9834460878524147,0.0,zonia,0,False
2025-06-10 23:14:23.075984858+00:00,10,0,0,0,18.640025950398382,0.982104439852922,0.0,zonia,0,False
2025-06-10 23:22:41.711222858+00:00,10,0,0,0,18.632681379247703,0.9847292075093133,0.0,zonia,0,False
2025-06-10 23:28:01.007949858+00:00,10,0,0,0,18.559728365218447,0.9845349781287321,0.0,zonia,0,False
2025-06-10 23:48:23.352916858+00:00,10,0,0,0,18.556450155532698,0.9814979549395926,0.0,zonia,0,False
2025-06-10 23:56:56.592748858+00:00,10,0,0,0,18.737019917152605,0.980775882832028,0.0,zonia,0,False
2025-06-11 00:36:51.822184858+00:00,10,0,0,0,18.457180688668796,0.9834597311342934,0.0,zonia,0,False
2025-06-11 00:53:50.462190858+00:00,10,0,0,0,18.155682167583194,0.9865702914962219,0.0,zonia,0,False
2025-06-11 00:55:45.040771858+00:00,10,0,0,0,18.250213453750902,0.9880828251861778,0.0,zonia,0,False
2025-06-11 01:20:05.518852858+00:00,10,0,0,0,17.627698683619798,0.9903105918384029,0.0,zonia,0,False
2025-06-11 02:12:18.090622858+00:00,10,3,0,0,17.29900687203085,0.9891879614637774,0.9904335533507616,zonia,0,False
2025-06-11 02:15:18.531260858+00:00,10,3,0,0,17.755540271657704,0.9837823721656348,0.3896700521191789,zonia,0,False
2025-06-11 02:33:13.103628858+00:00,10,3,0,0,16.774153822153693,0.9884472707117642,0.08817633138969987,zonia,0,False
2025-06-11 03:08:25.454206858+00:00,10,3,0,0,17.27785588852265,0.9883776487232311,-0.21645580831364483,zonia,0,False
2025-06-11 03:20:42.676594858+00:00,10,3,0,0,17.017472977839006,0.9847121818077856,-0.21645580831364483,zonia,0,False
2025-06-11 03:37:09.305179858+00:00,10,3,0,0,16.860738064570683,0.9812523310478193,-0.2946300664487966,zonia,0,False
2025-06-11 04:00:23.162130858+00:00,10,3,0,0,17.037037362280405,0.9786213424237211,-0.3354804019518098,zonia,0,False
2025-06-11 04:43:54.296697858+00:00,10,3,0,0,19.22558109157835,0.9839476731493989,-0.5596245665507962,zonia,0,False
2025-06-11 04:45:33.078761858+00:00,10,3,0,0,19.3530742234749,0.9869044903756511,-0.6378849798113722,zonia,0,False
2025-06-11 05:03:13.159833858+00:00,10,3,0,0,20.096334067274803,0.9785633232989366,-0.6378849798113722,zonia,0,False
2025-06-11 05:05:37.453630858+00:00,10,3,0,0,20.6215349463255,0.9711368680949991,-0.6378849798113722,zonia,0,False
2025-06-11 05:38:28.199398858+00:00,10,3,0,0,22.505948579152736,0.7008191709284505,0.0,zonia,0,False
2025-06-11 05:40:30.321960858+00:00,10,3,0,0,22.406922927664922,0.7940137200369447,0.0,zonia,0,False
2025-06-11 05:53:29.801314858+00:00,10,3,0,0,23.21143080423787,0.7921247634591497,0.0,zonia,0,False
2025-06-11 07:00:09.368235858+00:00,10,3,0,0,27.062919174514718,0.830519756516811,0.0,zonia,0,False
2025-06-11 07:02:06.612147858+00:00,10,3,0,0,27.071863688622813,0.9555874915512137,0.0,zonia,0,False
2025-06-11 07:24:21.827579858+00:00,10,3,0,0,27.555977579376787,1.0181025207658598,0.0,zonia,0,False
2025-06-11 07:51:53.245403858+00:00,10,3,0,0,28.498179604725543,1.0178159491872203,0.0,zonia,0,False
2025-06-11 08:53:15.277181858+00:00,10,3,0,0,30.172418574007196,1.0701945925119885,0.0,zonia,0,False
2025-06-11 09:22:19.926517858+00:00,10,3,0,0,30.721659276722832,1.1793223067932677,0.0,zonia,0,False
2025-06-11 09:41:07.937939858+00:00,10,3,0,0,30.66712276945443,1.1328367564861037,0.0,zonia,0,False
2025-06-11 10:05:42.301201858+00:00,10,3,0,0,31.39500260735365,1.1623866953077937,0.0,zonia,0,False
2025-06-11 10:09:33.199169858+00:00,10,3,0,0,30.956250767222425,1.235376332939562,0.0,zonia,0,False
2025-06-11 11:21:55.483270858+00:00,10,3,0,0,31.75199407771536,1.307519782273181,0.0,zonia,0,False
2025-06-11 11:34:50.353872858+00:00,10,3,0,0,32.02525279900712,1.3220155693705102,0.0,zonia,0,False
2025-06-11 12:22:02.130961858+00:00,10,3,0,0,32.18289088326617,1.3505188083500272,0.0,zonia,0,False
2025-06-11 12:44:06.174558858+00:00,10,3,0,0,32.63532014473454,1.3543890055976102,0.0,zonia,0,False
2025-06-11 12:47:34.959850858+00:00,10,3,0,0,32.8650005292224,1.349106577460869,0.0,zonia,0,False
2025-06-11 12:53:48.802021858+00:00,10,3,0,0,32.70339416089642,1.3559782279341082,0.0,zonia,0,False
2025-06-11 13:11:03.220186858+00:00,10,3,0,0,32.601548030646704,1.356330412566663,0.0,zonia,0,False
2025-06-11 13:33:55.687678858+00:00,10,3,0,0,33.35824846767215,1.3639596609941778,0.0,zonia,0,False
2025-06-11 14:22:00.048838858+00:00,10,3,0,0,33.265238854045315,1.3484608018593178,0.0,zonia,0,False
2025-06-11 14:35:07.532273858+00:00,10,3,0,0,32.99471765435107,1.348655003964091,0.0,zonia,0,False
2025-06-11 14:43:36.137273858+00:00,10,3,0,0,32.81097353639009,1.345924057704898,0.0,zonia,0,False
2025-06-11 15:11:13.761584858+00:00,10,3,0,0,32.59063673586492,1.3480983050777178,0.0,zonia,0,False
2025-06-11 15:19:04.817253858+00:00,10,3,0,0,32.90752093463142,1.328344380974953,0.0,zonia,0,False
2025-06-11 15:21:57.038586858+00:00,10,3,0,0,32.774086899730136,1.3259308066186661,0.0,zonia,0,False
2025-06-11 15:46:13.954508858+00:00,10,3,0,0,32.33510158295211,1.3272775785337008,0.0,zonia,0,False
2025-06-11 16:33:37.942458858+00:00,10,3,0,0,30.498457592628004,1.3412021238661123,0.0,zonia,0,False
2025-06-11 16:47:55.462801858+00:00,10,3,0,0,30.63149750709955,1.3494485653361241,0.0,zonia,0,False
2025-06-11 16:52:29.035538858+00:00,10,3,0,0,29.97091569093654,1.355868243997757,0.0,zonia,0,False
2025-06-11 17:18:25.536720858+00:00,10,3,0,0,30.001935121403445,1.362185652265824,0.0,zonia,0,False
2025-06-11 17:19:40.176356858+00:00,10,3,0,0,29.003323717127056,1.36715832744821,0.0,zonia,0,False
2025-06-11 17:28:30.431521858+00:00,10,3,0,0,28.99903157837728,1.3678707014103009,0.0,zonia,0,False
2025-06-11 17:39:30.878730858+00:00,10,3,0,0,28.61421717311991,1.3733428961221281,0.0,zonia,0,False
2025-06-11 17:50:20.971897858+00:00,10,3,0,0,28.025743693725033,1.3802198309063118,0.0,zonia,0,False
2025-06-11 18:19:00.140396858+00:00,10,3,0,0,26.88989332828666,1.3834856046609918,0.0,zonia,0,False
2025-06-11 18:21:46.636691858+00:00,10,3,0,0,26.75242369546323,1.3851309505325837,0.0,zonia,0,False
2025-06-11 18:39:27.001638858+00:00,10,3,0,0,26.08417060877015,1.3880726751530401,0.0,zonia,0,False
2025-06-11 19:23:28.774145858+00:00,10,3,0,0,23.940597605993453,1.3944299472068729,0.0,zonia,0,False
2025-06-11 19:55:00.502925858+00:00,10,3,0,0,23.010260492209802,1.3990514682485335,0.0,zonia,0,False
2025-06-11 20:06:10.021747858+00:00,10,3,0,0,22.8805601495727,1.3988067385692822,0.0,zonia,0,False
2025-06-11 20:10:23.771352858+00:00,10,3,0,0,22.589407965100637,1.3988751662315868,0.0,zonia,0,False
2025-06-11 20:33:57.888640858+00:00,10,3,0,0,22.27668209820401,1.4005785928613554,0.0,zonia,0,False
2025-06-11 20:45:06.094003858+00:00,10,3,0,0,22.129681278682465,1.3994898289489162,0.0,zonia,0,False
2025-06-11 20:49:12.377353858+00:00,10,3,0,0,21.79085111863881,1.3946144624493626,0.0,zonia,0,False
2025-06-11 20:53:18.941510858+00:00,10,3,0,0,21.82988781327456,1.3938619601274236,0.0,zonia,0,False
2025-06-11 20:59:33.177856858+00:00,10,3,0,0,21.55246851277177,1.390295621329004,0.0,zonia,0,False
2025-06-11 21:08:39.863086858+00:00,10,3,0,0,22.03344893576943,1.393332655832781,0.0,zonia,0,False
2025-06-11 21:14:12.548636858+00:00,10,3,0,0,21.674241155385097,1.3922484328346412,0.0,zonia,0,False
2025-06-11 22:18:17.038574858+00:00,10,3,0,0,20.32202964513187,1.389944529089106,0.0,zonia,0,False
2025-06-11 22:19:08.497860858+00:00,10,3,0,0,20.344926850815344,1.3920071994697218,0.0,zonia,0,False
2025-06-11 22:28:47.106667858+00:00,10,3,0,0,20.227300806660523,1.3953950167896692,0.0,zonia,0,False
2025-06-11 22:41:56.062003858+00:00,10,3,0,0,20.108368012816737,1.3986527151846975,0.0,zonia,0,False
2025-06-11 22:48:36.996844858+00:00,10,3,0,0,20.104481759332703,1.4014907907106142,0.0,zonia,0,False
2025-06-11 22:51:35.655911858+00:00,10,3,0,0,19.935936400422474,1.3992377691657705,0.0,zonia,0,False
2025-06-11 22:54:30.096872858+00:00,10,3,0,0,19.55964130024704,1.4061831937826288,0.0,zonia,0,False
2025-06-11 23:06:53.452519858+00:00,10,3,0,0,19.739233424957366,1.4047823331183966,0.0,zonia,0,False
2025-06-11 23:08:02.918101858+00:00,10,3,0,0,19.94975408740257,1.4075818566169709,0.0,zonia,0,False
2025-06-11 23:14:48.568104858+00:00,10,3,0,0,19.83828331852853,1.4010304303711127,0.0,zonia,0,False
2025-06-11 23:19:55.956486858+00:00,10,3,0,0,19.403985637184014,1.3994464360435515,0.0,zonia,0,False
2025-06-11 23:40:15.946597858+00:00,10,3,0,0,19.575313389853346,1.3957260608292912,0.0,zonia,0,False
2025-06-12 00:07:41.538603858+00:00,10,3,0,0,18.80943240748129,1.3883921841253202,0.0,zonia,0,False
2025-06-12 00:47:33.805199858+00:00,10,3,0,0,18.736258202643747,1.3944629865139098,0.0,zonia,0,False
2025-06-12 01:11:17.955143858+00:00,10,3,0,0,18.290365237500993,1.3994387278505094,0.0,zonia,0,False
2025-06-12 01:15:24.579349858+00:00,10,3,0,0,18.528109786973314,1.4004368043518463,0.0,zonia,0,False
2025-06-12 01:42:54.017024858+00:00,10,3,0,0,18.0385801864035,1.3987952142867077,0.0,zonia,0,False
2025-06-12 02:26:10.218210858+00:00,10,3,0,0,17.808411102251434,1.3997655003048322,0.0,zonia,0,False
2025-06-12 02:27:49.290440858+00:00,10,3,0,0,17.533650456303683,1.4028017691675616,0.0,zonia,0,False
2025-06-12 03:15:18.450871858+00:00,10,3,0,0,17.138288169786257,1.406809742873536,0.0,zonia,0,False
2025-06-12 03:45:35.668900858+00:00,10,3,0,0,16.425861480334643,1.404667584987471,0.0,zonia,0,False
2025-06-12 03:49:29.244325858+00:00,10,3,0,0,16.691672744276744,1.4083715447535943,0.0,zonia,0,False
2025-06-12 04:12:01.510626858+00:00,10,3,0,0,16.822804930123457,1.4102425206500016,0.0,zonia,0,False
2025-06-12 04:12:45.675659858+00:00,10,3,0,0,16.722202090094836,1.4107148078559715,0.0,zonia,0,False
2025-06-12 04:43:51.304753858+00:00,10,3,0,0,18.708520990478142,1.4099616198823959,0.0,zonia,0,False
2025-06-12 04:47:08.619089858+00:00,10,3,0,0,18.649584491504427,1.4025509908076663,0.0,zonia,0,False
2025-06-12 04:50:08.901869858+00:00,10,3,0,0,19.01145235598398,1.3932046795860753,0.0,zonia,0,False
2025-06-12 05:08:32.714155858+00:00,10,3,0,0,20.07617003320438,1.3889165714623746,0.0,zonia,0,False
2025-06-12 05:12:47.716347858+00:00,10,3,0,0,20.456097345026304,1.3899521028881918,0.0,zonia,0,False
2025-06-12 05:31:12.837921858+00:00,10,3,0,0,21.678614988913786,1.380586212746916,0.0,zonia,0,False
2025-06-12 06:29:05.363654858+00:00,10,3,0,0,24.28203170611958,1.3979853427189644,0.0,zonia,0,False
2025-06-12 06:33:57.898404858+00:00,10,3,0,0,24.2299222942632,1.4047812563728248,0.0,zonia,0,False
2025-06-12 06:49:29.982270858+00:00,10,3,0,0,25.080387488667764,1.4028827460414832,0.0,zonia,0,False
2025-06-12 07:19:10.263104858+00:00,10,3,0,0,27.091361184268557,1.4016983648932193,0.0,zonia,0,False
2025-06-12 07:36:45.525446858+00:00,10,3,0,0,27.53519595321434,1.400471221784463,0.0,zonia,0,False
2025-06-12 07:40:25.161479858+00:00,10,3,0,0,27.774040474417564,1.3992441325212261,0.0,zonia,0,False
2025-06-12 07:42:40.888285858+00:00,10,3,0,0,28.241974927237067,1.4054826250235741,0.0,zonia,0,False
2025-06-12 07:57:58.155402858+00:00,10,3,0,0,28.67374034296451,1.409635268017541,0.0,zonia,0,False
2025-06-12 08:42:38.399627858+00:00,10,3,0,0,29.300787297844437,1.4093386576158047,0.0,zonia,0,False
2025-06-12 09:46:56.501721858+00:00,10,3,0,0,30.062404897014005,1.4099483837082478,0.0,zonia,0,False
2025-06-12 09:51:41.582259858+00:00,10,3,0,0,30.012771784844713,1.4119394837571304,0.0,zonia,0,False
2025-06-12 10:22:43.050593858+00:00,10,3,0,0,30.77757025974823,1.407229298088359,0.0,zonia,0,False
2025-06-12 10:28:21.495125858+00:00,10,3,0,0,30.845153529318253,1.401885295421018,0.0,zonia,0,False
2025-06-12 10:35:59.265002858+00:00,10,3,0,0,30.74865180171371,1.3992735071704583,0.0,zonia,0,False
2025-06-12 10:48:15.974964858+00:00,10,3,0,0,31.363395639791182,1.3965459568134577,0.0,zonia,0,False
2025-06-12 10:51:18.075336858+00:00,10,3,0,0,31.47079030599812,1.3865697556619014,0.0,zonia,0,False
2025-06-12 10:59:47.927044858+00:00,10,3,0,0,31.52665432388386,1.3780092180413506,0.0,zonia,0,False
2025-06-12 11:13:49.497381858+00:00,10,3,0,0,31.636230540631857,1.3755190263034789,0.0,zonia,0,False
2025-06-12 11:17:51.685929858+00:00,10,3,0,0,31.782885935978683,1.3743493819031527,0.0,zonia,0,False
2025-06-12 11:18:58.507812858+00:00,10,3,0,0,31.94002222954648,1.3782549464678138,0.0,zonia,0,False
2025-06-12 11:36:42.601053858+00:00,10,3,0,0,31.777514557289003,1.3760745548976459,0.0,zonia,0,False
2025-06-12 11:40:49.338170858+00:00,10,3,0,0,31.860780227413862,1.3696629916118879,0.0,zonia,0,False
2025-06-12 11:43:18.406979858+00:00,10,3,0,0,32.20715895379206,1.3670842293688332,0.0,zonia,0,False
2025-06-12 12:01:20.244690858+00:00,10,3,0,0,32.42415425828706,1.3742525954392508,0.0,zonia,0,False
2025-06-12 12:09:38.616293858+00:00,10,3,0,0,32.81948657118814,1.3829809243956237,0.0,zonia,0,False
2025-06-12 12:20:29.142315858+00:00,10,3,0,0,32.78994738797682,1.3824360410887555,0.0,zonia,0,False
2025-06-12 12:52:40.187461858+00:00,10,3,0,0,32.702213086463644,1.3776596344607015,0.0,zonia,0,False
2025-06-12 13:00:16.194035858+00:00,10,3,0,0,33.088629825180334,1.3787587802302284,0.0,zonia,0,False
2025-06-12 14:39:14.431456858+00:00,10,3,0,0,32.915813998313155,1.3745400975925404,0.0,zonia,0,False
2025-06-12 14:44:45.470160858+00:00,10,3,0,0,33.052890581337934,1.3493270698860138,0.0,zonia,0,False
2025-06-12 15:09:20.101124858+00:00,10,3,0,0,32.63605115135536,1.3515471286106198,0.0,zonia,0,False
2025-06-12 15:26:00.172602858+00:00,10,3,0,0,32.29040877945734,1.3344590374650225,0.0,zonia,0,False
2025-06-12 15:37:47.507358858+00:00,10,3,0,0,32.25749410622955,1.3436669972688173,0.0,zonia,0,False
2025-06-12 15:43:40.790105858+00:00,10,3,0,0,32.451499334530496,1.343228453071416,0.0,zonia,0,False
2025-06-12 16:07:01.741310858+00:00,10,3,0,0,32.02413663650593,1.3396907262265667,0.0,zonia,0,False
2025-06-12 16:23:22.359762858+00:00,10,3,0,0,31.284179695421987,1.3409655574070973,0.0,zonia,0,False
2025-06-12 16:32:12.717563858+00:00,10,3,0,0,31.06151180871958,1.3390723958717012,0.0,zonia,0,False
2025-06-12 16:32:26.532816858+00:00,10,3,0,0,31.115572507541827,1.338359478255605,0.0,zonia,0,False
2025-06-12 16:32:55.307379858+00:00,10,3,0,0,31.219497593238913,1.3402567388505005,0.0,zonia,0,False
2025-06-12 16:35:46.240604858+00:00,10,3,0,0,31.208451759541393,1.339943576768807,0.0,zonia,0,False
2025-06-12 17:02:47.623322858+00:00,10,3,0,0,30.639962673591715,1.3454510273392584,0.0,zonia,0,False
2025-06-12 17:09:06.185932858+00:00,10,3,0,0,30.366537854139736,1.3501468526547338,0.0,zonia,0,False
2025-06-12 17:17:18.541304858+00:00,10,3,0,0,30.18264424267134,1.35766573585181,0.0,zonia,0,False
2025-06-12 17:34:05.481579858+00:00,10,3,0,0,29.381480790141296,1.3582750705602855,0.0,zonia,0,False
2025-06-12 17:47:42.162797858+00:00,10,3,0,0,28.670248252592263,1.3607043319661385,0.0,zonia,0,False
2025-06-12 17:48:03.337007858+00:00,10,3,0,0,28.331360831031812,1.3568799312742128,0.0,zonia,0,False
2025-06-12 18:01:05.059128858+00:00,10,3,0,0,28.334207545258256,1.367416838198324,0.0,zonia,0,False
2025-06-12 18:13:49.732130858+00:00,10,3,0,0,27.48206743978917,1.3673992715455137,0.0,zonia,0,False
2025-06-12 18:16:10.639728858+00:00,10,3,0,0,27.66414016590685,1.3736971640298528,0.0,zonia,0,False
2025-06-12 18:33:37.486371858+00:00,10,3,0,0,27.19549966491575,1.3845521539442125,0.0,zonia,0,False
2025-06-12 18:41:48.973660858+00:00,10,3,0,0,26.71839024252145,1.3687190135342584,0.0,zonia,0,False
2025-06-12 18:45:25.874158858+00:00,10,3,0,0,26.41608630646424,1.3747689310428277,0.0,zonia,0,False
2025-06-12 19:02:30.627984858+00:00,10,3,0,0,25.352830290276607,1.3706371750774444,0.0,zonia,0,False
2025-06-12 20:01:15.940316858+00:00,10,3,0,0,23.002652065317516,1.3769569645172282,0.0,zonia,0,False
2025-06-12 20:05:22.406303858+00:00,10,3,0,0,22.917553526280876,1.3798391594498831,0.0,zonia,0,False
2025-06-12 20:54:01.626797858+00:00,10,3,0,0,21.91701272478329,1.3855318287962164,0.0,zonia,0,False
2025-06-12 21:44:43.113808858+00:00,10,3,0,0,21.173728853601634,1.3901675783661518,0.0,zonia,0,False
2025-06-12 21:53:07.635961858+00:00,10,3,0,0,21.22739422108275,1.3913527421356793,0.0,zonia,0,False
2025-06-12 22:12:37.923903858+00:00,10,3,0,0,21.235988283658557,1.377928913368396,0.0,zonia,0,False
2025-06-12 22:13:29.248108858+00:00,10,3,0,0,20.8497138789854,1.3695281342118175,0.0,zonia,0,False
2025-06-12 22:21:19.500781858+00:00,10,3,0,0,21.411608422855142,1.364199231950313,0.0,zonia,0,False
2025-06-12 22:22:54.009946858+00:00,10,3,0,0,21.510527816521694,1.3626127038162024,0.0,zonia,0,False
2025-06-12 22:28:37.095057858+00:00,10,3,0,0,21.170172962304257,1.3622214959722303,0.0,zonia,0,False
2025-06-12 22:33:47.026057858+00:00,10,3,0,0,21.336547528257736,1.3646212842824743,0.0,zonia,0,False
2025-06-12 22:37:53.980293858+00:00,10,3,0,0,20.97558691272768,1.3648719143297536,0.0,zonia,0,False
2025-06-12 22:53:58.342855858+00:00,10,3,0,0,20.27604185782439,1.3582312570170565,0.0,zonia,0,False
2025-06-12 22:54:58.140300858+00:00,10,3,0,0,20.433848038848115,1.356425439726482,0.0,zonia,0,False
2025-06-12 23:03:46.264211858+00:00,10,3,0,0,20.835438912195084,1.3572781761349668,0.0,zonia,0,False
2025-06-12 23:25:00.733442858+00:00,10,3,0,0,20.125389884944585,1.3526887817066284,0.0,zonia,0,False
2025-06-12 23:28:05.229063858+00:00,10,3,0,0,20.04378177755234,1.3459890915941524,0.0,zonia,0,False
2025-06-12 23:36:07.537247858+00:00,10,3,0,0,19.715593676962225,1.3432164886932143,0.0,zonia,0,False
2025-06-12 23:47:47.462027858+00:00,10,3,0,0,19.843063160113587,1.3475668057087198,0.0,zonia,0,False
2025-06-13 00:13:36.502207858+00:00,10,3,0,0,19.868346067142713,1.3569222670390342,0.0,zonia,0,False
2025-06-13 00:30:39.636891858+00:00,10,3,0,0,19.36204253352554,1.3517031535598807,0.0,zonia,0,False
2025-06-13 00:31:51.750717858+00:00,10,3,0,0,19.370543594628465,1.348617245307062,0.0,zonia,0,False
2025-06-13 00:36:34.782021858+00:00,10,3,0,0,18.88557795603321,1.3563865679074645,0.0,zonia,0,False
2025-06-13 00:46:05.596864858+00:00,10,3,0,0,19.561282995494885,1.363071759262769,0.0,zonia,0,False
2025-06-13 00:50:34.148432858+00:00,10,3,0,0,18.677605764390034,1.3760629775595234,0.0,zonia,0,False
2025-06-13 00:53:59.112329858+00:00,10,3,0,0,18.861408450568927,1.3796566317139107,0.0,zonia,0,False
2025-06-13 01:18:24.029867858+00:00,10,3,0,0,18.56838717347507,1.3818661492094737,0.0,zonia,0,False
2025-06-13 01:26:39.245205858+00:00,10,3,0,0,18.374678258567922,1.374202539049604,0.0,zonia,0,False
2025-06-13 01:31:23.136892858+00:00,10,3,0,0,18.21414224535356,1.3759057088307585,0.0,zonia,0,False
2025-06-13 01:32:42.520381858+00:00,10,3,0,0,18.680073937124188,1.3771696891068896,0.0,zonia,0,False
2025-06-13 01:33:36.893863858+00:00,10,3,0,0,18.29304931093093,1.3738544441145704,0.0,zonia,0,False
2025-06-13 01:35:57.172158858+00:00,10,3,0,0,18.341842373876492,1.3637433663339313,0.0,zonia,0,False
2025-06-13 01:57:57.757399858+00:00,10,3,0,0,18.3330389726579,1.3686249096286949,0.0,zonia,0,False
2025-06-13 02:04:17.569996858+00:00,10,3,0,0,18.102241347263007,1.3703693528601444,0.0,zonia,0,False
2025-06-13 02:08:07.937844858+00:00,10,3,0,0,18.457578712904656,1.3812140968613826,0.0,zonia,0,False
2025-06-13 02:11:22.452744858+00:00,10,3,0,0,17.89446600244229,1.385610555304255,0.0,zonia,0,False
2025-06-13 02:27:11.022615858+00:00,10,3,0,0,18.27870512352071,1.3901706135068017,0.0,zonia,0,False
2025-06-13 02:46:42.248403858+00:00,10,3,0,0,18.032340087625865,1.3894536955503967,0.0,zonia,0,False
2025-06-13 02:58:09.442829858+00:00,10,3,0,0,18.177237942954278,1.3963744406512117,0.0,zonia,0,False
2025-06-13 03:01:23.107542858+00:00,10,3,0,0,18.136502635118195,1.3976154939772236,0.0,zonia,0,False
2025-06-13 03:46:09.140618858+00:00,10,3,0,0,17.83522158615175,1.3991137650610608,0.0,zonia,0,False
2025-06-13 03:56:36.193867858+00:00,10,3,0,0,17.708112477095042,1.4014050669801184,0.0,zonia,0,False
2025-06-13 03:58:44.592472858+00:00,10,3,0,0,17.732820383871744,1.3997215495666038,0.0,zonia,0,False
2025-06-13 04:08:08.610551858+00:00,10,3,0,0,17.93288721454164,1.407537071426447,0.0,zonia,0,False
2025-06-13 04:12:21.078291858+00:00,10,3,0,0,17.89566292913575,1.4075287874350728,0.0,zonia,0,False
2025-06-13 04:14:51.634758858+00:00,10,3,0,0,18.04070659161175,1.4081493900629256,0.0,zonia,0,False
2025-06-13 04:15:54.312305858+00:00,10,3,0,0,17.877629252617574,1.4085668639051705,0.0,zonia,0,False
2025-06-13 04:16:50.283844858+00:00,10,3,0,0,17.995725604609717,1.4048405706059666,0.0,zonia,0,False
2025-06-13 04:23:44.913091858+00:00,10,3,0,0,18.21543827012726,1.4064440076464848,0.0,zonia,0,False
2025-06-13 04:30:30.257335858+00:00,10,3,0,0,18.443358379809123,1.4092214171657684,0.0,zonia,0,False
2025-06-13 04:32:01.901586858+00:00,10,3,0,0,18.822553007952227,1.4102802930834497,0.0,zonia,0,False
2025-06-13 04:50:35.955189858+00:00,10,3,0,0,19.570483465217105,1.409207490763146,0.0,zonia,0,False
2025-06-13 05:30:48.757877858+00:00,10,3,0,0,22.34109414429345,1.387870095682091,0.0,zonia,0,False
2025-06-13 05:35:58.909354858+00:00,10,3,0,0,22.123807680543706,1.3847942844843923,0.0,zonia,0,False
2025-06-13 05:49:50.355277858+00:00,10,3,0,0,23.714597898559926,1.3833587920038837,0.0,zonia,0,False
2025-06-13 05:53:09.447993858+00:00,10,3,0,0,23.814156733694425,1.3668282390164992,0.0,zonia,0,False
2025-06-13 06:16:45.471240858+00:00,10,3,0,0,25.011387018783005,1.2349672102275133,0.0,zonia,0,False
2025-06-13 06:48:35.526390858+00:00,10,3,0,0,26.608216688957427,1.2966176738126873,0.0,zonia,0,False
2025-06-13 07:46:24.041142858+00:00,10,3,0,0,29.10794728279832,1.3002167103057123,0.0,zonia,0,False
2025-06-13 07:48:48.885919858+00:00,10,3,0,0,29.28970829946121,1.3077397104242092,0.0,zonia,0,False
2025-06-13 08:22:29.780019858+00:00,10,3,0,0,30.156456255055282,1.3264175407526635,0.0,zonia,0,False
2025-06-13 08:39:28.411971858+00:00,10,3,0,0,30.51314409528927,1.3394782592886951,0.0,zonia,0,False
2025-06-13 09:47:05.120583858+00:00,10,3,0,0,31.49325344636968,1.3511551074288206,0.0,zonia,0,False
2025-06-13 09:48:40.583490858+00:00,10,3,0,0,31.866884252339567,1.355524388972442,0.0,zonia,0,False
2025-06-13 10:00:57.631176858+00:00,10,3,0,0,31.95191717498352,1.3771469279846962,0.0,zonia,0,False
2025-06-13 10:02:30.701917858+00:00,10,3,0,0,31.90426210621409,1.3684626128265376,0.0,zonia,0,False
2025-06-13 10:11:33.098891858+00:00,10,3,0,0,32.47374466704731,1.378613493611404,0.0,zonia,0,False
2025-06-13 10:35:52.558334858+00:00,10,3,0,0,32.48183413635997,1.3838204821631404,0.0,zonia,0,False
2025-06-13 11:05:43.855354858+00:00,10,3,0,0,33.01726145848525,1.3782110198361994,0.0,zonia,0,False
2025-06-13 11:53:08.869829858+00:00,10,3,0,0,33.09315420858744,1.3756021135400538,0.0,zonia,0,False
2025-06-13 11:57:16.423096858+00:00,10,3,0,0,33.11938212537852,1.373606982452696,0.0,zonia,0,False
2025-06-13 12:16:40.477746858+00:00,10,3,0,0,33.56610276599964,1.3714251817989975,0.0,zonia,0,False
2025-06-13 12:42:43.345160858+00:00,10,3,0,0,33.886205053186394,1.3567775194958196,0.0,zonia,0,False
2025-06-13 12:48:19.688522858+00:00,10,3,0,0,34.08226175282109,1.362126651612155,0.0,zonia,0,False
2025-06-13 13:09:45.514730858+00:00,10,3,0,0,34.042676149653545,1.359602201215599,0.0,zonia,0,False
2025-06-13 13:14:39.487588858+00:00,10,3,0,0,34.45746536310321,1.3508173686726388,0.0,zonia,0,False
2025-06-13 13:35:05.690358858+00:00,10,3,0,0,33.75611056727331,1.3425864052715084,0.0,zonia,0,False
2025-06-13 13:41:24.066375858+00:00,10,3,0,0,34.66806439191936,1.346711174941618,0.0,zonia,0,False
2025-06-13 13:45:13.665296858+00:00,10,3,0,0,34.56838448373124,1.34913774419569,0.0,zonia,0,False
2025-06-13 14:12:43.198746858+00:00,10,3,0,0,34.1932557037964,1.3441368561967582,0.0,zonia,0,False
2025-06-13 14:37:30.821427858+00:00,10,3,0,0,34.33553146927076,1.332059327782112,0.0,zonia,0,False
2025-06-13 15:08:40.485283858+00:00,10,3,0,0,33.39040403750102,1.3294408328343337,0.0,zonia,0,False
2025-06-13 15:30:09.591130858+00:00,10,3,0,0,32.618170954842874,1.3270519561517464,0.0,zonia,0,False
2025-06-13 15:30:11.655369858+00:00,10,3,0,0,32.51695599431102,1.333343446422239,0.0,zonia,0,False
2025-06-13 16:16:52.325890858+00:00,10,3,0,0,32.07624531907148,1.3448548185482363,0.0,zonia,0,False
2025-06-13 16:22:50.490487858+00:00,10,3,0,0,31.84821889001971,1.3408582674503404,0.0,zonia,0,False
2025-06-13 16:26:02.134532858+00:00,10,3,0,0,31.966053517709593,1.3370228346366682,0.0,zonia,0,False
2025-06-13 16:36:17.857109858+00:00,10,3,0,0,31.952168990989104,1.3370010004004782,0.0,zonia,0,False
2025-06-13 16:37:22.539011858+00:00,10,3,0,0,31.70902429959755,1.3391424318163059,0.0,zonia,0,False
2025-06-13 16:42:22.509100858+00:00,10,3,0,0,31.490145293336216,1.3451869370861211,0.0,zonia,0,False
2025-06-13 17:06:31.751692858+00:00,10,3,0,0,30.95765184239175,1.3447042680743555,0.0,zonia,0,False
2025-06-13 17:31:50.806746858+00:00,10,3,0,0,30.23958719165666,1.3519962338499867,0.0,zonia,0,False
2025-06-13 18:03:15.852979858+00:00,10,3,0,0,28.95658598491114,1.3540937848345151,0.0,zonia,0,False
2025-06-13 18:08:15.177900858+00:00,10,3,0,0,28.70225385454105,1.3513013057817556,0.0,zonia,0,False
2025-06-13 18:11:28.004011858+00:00,10,3,0,0,28.346343405818512,1.3496806163211659,0.0,zonia,0,False
2025-06-13 18:33:10.087557858+00:00,10,3,0,0,27.470350052137924,1.361724302110155,0.0,zonia,0,False
2025-06-13 18:33:16.900139858+00:00,10,3,0,0,27.321442165346117,1.368866986909841,0.0,zonia,0,False
2025-06-13 18:44:26.047274858+00:00,10,3,0,0,26.956419261126445,1.3718974501401269,0.0,zonia,0,False
2025-06-13 20:34:38.472826858+00:00,10,3,0,0,23.365601370769628,1.3710233767786109,0.0,zonia,0,False
2025-06-13 20:35:37.670030858+00:00,10,3,0,0,23.438081530482847,1.3781305237559767,0.0,zonia,0,False
2025-06-13 20:38:00.665711858+00:00,10,3,0,0,22.94578559368292,1.3760309534991977,0.0,zonia,0,False
2025-06-13 20:42:22.742677858+00:00,10,3,0,0,22.747000643467747,1.3770833197071959,0.0,zonia,0,False
2025-06-13 20:42:23.032229858+00:00,10,3,0,0,23.10147044964309,1.3772855302672087,0.0,zonia,0,False
2025-06-13 20:55:08.151672858+00:00,10,3,0,0,22.78315429579317,1.37907221902952,0.0,zonia,0,False
2025-06-13 21:49:49.111064858+00:00,10,3,0,0,21.463858977248186,1.3755275440408723,0.0,zonia,0,False
2025-06-13 22:10:31.298751858+00:00,10,3,0,0,20.53822639287737,1.357658575673664,0.0,zonia,0,False
2025-06-13 22:18:27.066604858+00:00,10,3,0,0,21.970496832199508,1.3503531247484237,0.0,zonia,0,False
2025-06-13 22:26:21.476655858+00:00,10,3,0,0,20.910284411372665,1.3563160138587194,0.0,zonia,0,False
2025-06-13 22:33:36.448207858+00:00,10,3,0,0,21.273211291486966,1.3594340792448278,0.0,zonia,0,False
2025-06-13 23:01:19.676627858+00:00,10,3,0,0,19.818996072028867,1.3498674765653484,0.0,zonia,0,False
2025-06-13 23:12:45.738609858+00:00,10,3,0,0,20.019937435889624,1.3548708577816122,0.0,zonia,0,False
2025-06-13 23:47:26.671451858+00:00,10,3,0,0,19.491405411468193,1.3571570734179732,0.0,zonia,0,False
2025-06-14 00:07:06.169350858+00:00,10,3,0,0,18.5767434056083,1.3525835858244062,0.0,zonia,0,False
2025-06-14 00:16:51.858847858+00:00,10,3,0,0,18.823723297763344,1.3493729818426279,0.0,zonia,0,False
2025-06-14 00:32:49.277222858+00:00,10,3,0,0,19.240271399109556,1.3537481614101932,0.0,zonia,0,False
2025-06-14 00:43:01.875530858+00:00,10,3,0,0,19.142662428808887,1.357984641950718,0.0,zonia,0,False
2025-06-14 00:43:14.730877858+00:00,10,3,0,0,18.691522722280695,1.364091401566146,0.0,zonia,0,False
2025-06-14 00:45:16.864817858+00:00,10,3,0,0,19.385374777262005,1.3678578309888498,0.0,zonia,0,False
2025-06-14 00:47:56.018637858+00:00,10,3,0,0,19.3903922688832,1.370252767100085,0.0,zonia,0,False
2025-06-14 00:50:55.618794858+00:00,10,3,0,0,18.922140135634532,1.3663417517949112,0.0,zonia,0,False
2025-06-14 00:57:00.748929858+00:00,10,3,0,0,18.839290790046576,1.3626635060786303,0.0,zonia,0,False
2025-06-14 01:24:47.557003858+00:00,10,3,0,0,18.699132490073406,1.3645431229776135,0.0,zonia,0,False
2025-06-14 01:40:31.562818858+00:00,10,3,0,0,18.396512127021282,1.3690663175229385,0.0,zonia,0,False
2025-06-14 01:41:33.966365858+00:00,10,3,0,0,18.41615378371089,1.3663682338802936,0.0,zonia,0,False
2025-06-14 01:46:51.256224858+00:00,10,3,0,0,18.199324160150823,1.3731769193456433,0.0,zonia,0,False
2025-06-14 01:56:11.177965858+00:00,10,3,0,0,17.865420220517095,1.3827173956933794,0.0,zonia,0,False
2025-06-14 02:26:24.558870858+00:00,10,3,0,0,17.268887654060812,1.3871250547081726,0.0,zonia,0,False
2025-06-14 02:33:10.146668858+00:00,10,3,0,0,17.1951305518885,1.3885764445008317,0.0,zonia,0,False
2025-06-14 02:43:22.265636858+00:00,10,3,0,0,17.67179843834553,1.380325524118989,0.0,zonia,0,False
2025-06-14 03:05:13.134788858+00:00,10,3,0,0,17.520202087954246,1.388184132180849,0.0,zonia,0,False
2025-06-14 03:30:53.454552858+00:00,10,3,0,0,16.847425237089777,1.3921687531327354,0.0,zonia,0,False
2025-06-14 03:34:42.718541858+00:00,10,3,0,0,16.865101892795117,1.3964469187414075,0.0,zonia,0,False
2025-06-14 04:09:30.030800858+00:00,10,3,0,0,17.086179826411733,1.3903842226117,0.0,zonia,0,False
2025-06-14 04:10:40.817495858+00:00,10,3,0,0,17.447079165502306,1.3910218965199792,0.0,zonia,0,False
2025-06-14 04:12:54.969960858+00:00,10,3,0,0,17.28465345055473,1.3919146765991375,0.0,zonia,0,False
2025-06-14 04:25:08.530789858+00:00,10,3,0,0,17.87108855081295,1.3849242213573978,0.0,zonia,0,False
2025-06-14 04:36:24.199367858+00:00,10,3,0,0,18.758090846540533,1.384457752390672,0.0,zonia,0,False
2025-06-14 04:43:17.113877858+00:00,10,3,0,0,19.140754081190995,1.3747429521540906,0.0,zonia,0,False
2025-06-14 04:56:33.270645858+00:00,10,3,0,0,19.062950328347757,1.375628899404001,0.0,zonia,0,False
2025-06-14 05:15:43.733017858+00:00,10,3,0,0,21.17466611275189,1.3607891630063118,0.0,zonia,0,False
2025-06-14 06:08:03.284508858+00:00,10,3,0,0,24.349043441980648,1.3581771954976283,0.0,zonia,0,False
2025-06-14 06:54:34.579622858+00:00,10,3,0,0,26.571464303295972,1.3501504861651958,0.0,zonia,0,False
2025-06-14 06:55:41.836138858+00:00,10,3,0,0,27.28006875260888,1.3545871833841832,0.0,zonia,0,False
2025-06-14 06:56:31.346675858+00:00,10,3,0,0,27.063709552262956,1.3500435470640917,0.0,zonia,0,False
2025-06-14 07:04:51.655933858+00:00,10,3,0,0,26.94809286215958,1.3472759550905062,0.0,zonia,0,False
2025-06-14 07:36:13.492561858+00:00,10,3,0,0,28.726985660486328,1.3679071782923287,0.0,zonia,0,False
2025-06-14 07:46:47.916608858+00:00,10,3,0,0,29.130056548580658,1.3648570080656892,0.0,zonia,0,False
2025-06-14 08:26:00.353173858+00:00,10,3,0,0,30.648346819992913,1.3795625771725588,0.0,zonia,0,False
2025-06-14 08:28:59.029201858+00:00,10,3,0,0,30.44978614910812,1.388434916274573,0.0,zonia,0,False
2025-06-14 09:13:43.301024858+00:00,10,3,0,0,31.62753805764401,1.3916360283776388,0.0,zonia,0,False
2025-06-14 09:46:56.310182858+00:00,10,3,0,0,32.658619341974614,1.3866567033276798,0.0,zonia,0,False
2025-06-14 10:37:19.969156858+00:00,10,3,0,0,33.64226792057967,1.3905665330764485,0.0,zonia,0,False
2025-06-14 10:40:35.867291858+00:00,10,3,0,0,33.5941911218,1.3827933542801951,0.0,zonia,0,False
2025-06-14 11:14:40.832213858+00:00,10,3,0,0,33.815301801648914,1.3819635818951164,0.0,zonia,0,False
2025-06-14 11:48:57.195505858+00:00,10,3,0,0,34.30098956618156,1.3796124346002985,0.0,zonia,0,False
2025-06-14 12:23:45.475234858+00:00,10,3,0,0,35.19902226370083,1.3828260392436713,0.0,zonia,0,False
2025-06-14 12:32:48.791283858+00:00,10,3,0,0,35.29879073817203,1.391093713481948,0.0,zonia,0,False
2025-06-14 12:52:12.027740858+00:00,10,3,0,0,35.69178081813657,1.3931891783206543,0.0,zonia,0,False
2025-06-14 13:11:54.988902858+00:00,10,3,0,0,35.601046957543495,1.3950302899623916,0.0,zonia,0,False
2025-06-14 13:12:23.094988858+00:00,10,3,0,0,35.659203304107876,1.4016536296947972,0.0,zonia,0,False
2025-06-14 13:15:21.149949858+00:00,10,3,0,0,35.44036177772117,1.4053254051777422,0.0,zonia,0,False
2025-06-14 13:22:21.212458858+00:00,10,3,0,0,35.36826233449742,1.393842000805066,0.0,zonia,0,False
2025-06-14 13:31:40.819184858+00:00,10,3,0,0,35.67891549457624,1.3949747701132726,0.0,zonia,0,False
2025-06-14 13:47:18.721103858+00:00,10,3,0,0,36.13655535152102,1.3867059541068871,0.0,zonia,0,False
2025-06-14 13:59:12.188925858+00:00,10,3,0,0,36.15416500018205,1.3939001133424658,0.0,zonia,0,False
2025-06-14 14:01:33.791558858+00:00,10,3,0,0,36.40125607459669,1.389875993197468,0.0,zonia,0,False
2025-06-14 14:03:23.721527858+00:00,10,3,0,0,36.35997069800699,1.3903793880426296,0.0,zonia,0,False
2025-06-14 14:20:05.284751858+00:00,10,3,0,0,35.87962055097599,1.3898862510714909,0.0,zonia,0,False
2025-06-14 14:45:41.961696858+00:00,10,3,0,0,36.51869195572857,1.393707788298152,0.0,zonia,0,False
2025-06-14 15:04:07.944413858+00:00,10,3,0,0,36.36846971208376,1.3934406752075232,0.0,zonia,0,False
2025-06-14 15:08:53.530597858+00:00,10,3,0,0,36.57210307560516,1.396068241783585,0.0,zonia,0,False
2025-06-14 15:37:36.490075858+00:00,10,3,0,0,36.49748129005437,1.3893586797240471,0.0,zonia,0,False
2025-06-14 15:42:15.455315858+00:00,10,3,0,0,36.946610500351795,1.3735243104208734,0.0,zonia,0,False
2025-06-14 16:00:18.321181858+00:00,10,3,0,0,35.597344347917335,1.3846468672345205,0.0,zonia,0,False
2025-06-14 16:17:16.544410858+00:00,10,3,0,0,34.01341694808433,1.3645444450503936,0.0,zonia,0,False
2025-06-14 16:17:44.664983858+00:00,10,3,0,0,33.55102007343038,1.330256895640503,0.0,zonia,0,False
2025-06-14 16:19:36.066502858+00:00,10,3,0,0,34.67609167709865,1.2914134646016897,0.0,zonia,0,False
2025-06-14 16:28:42.783651858+00:00,10,3,0,0,33.25165322084857,1.2796488882667731,0.0,zonia,0,False
2025-06-14 16:32:35.964565858+00:00,10,3,0,0,34.10760330707668,1.2700120332718396,0.0,zonia,0,False
2025-06-14 16:50:19.929848858+00:00,10,3,0,0,32.20578634115015,1.2967374796688838,0.0,zonia,0,False
2025-06-14 16:57:43.543065858+00:00,10,3,0,0,32.975248208133664,1.3109289449595598,0.0,zonia,0,False
2025-06-14 17:25:06.814290858+00:00,10,3,0,0,31.763278811864662,1.3136236118724824,0.0,zonia,0,False
2025-06-14 17:40:14.531960858+00:00,10,3,0,0,30.434302439927976,1.3199815813586617,0.0,zonia,0,False
2025-06-14 17:57:44.936339858+00:00,10,3,0,0,29.215208126381494,1.3490489979310287,0.0,zonia,0,False
2025-06-14 19:08:30.421321858+00:00,10,3,0,0,26.498057185359738,1.3593271111433496,0.0,zonia,0,False
2025-06-14 19:10:04.640387858+00:00,10,3,0,0,26.330835490372294,1.3670917340519029,0.0,zonia,0,False
2025-06-14 19:12:23.260368858+00:00,10,3,0,0,26.447356802664192,1.3749082256318952,0.0,zonia,0,False
2025-06-14 19:22:32.646314858+00:00,10,3,0,0,25.980521651481137,1.3726311425494517,0.0,zonia,0,False
2025-06-14 20:04:28.003510858+00:00,10,3,0,0,25.248637658495575,1.3850314458832274,0.0,zonia,0,False
2025-06-14 20:35:39.190893858+00:00,10,3,0,0,24.47815389930826,1.3868743743932554,0.0,zonia,0,False
2025-06-14 20:55:41.605869858+00:00,10,3,0,0,24.092050142865215,1.3849209699558185,0.0,zonia,0,False
2025-06-14 21:02:34.724415858+00:00,10,3,0,0,24.38430720896283,1.385958652202458,0.0,zonia,0,False
2025-06-14 21:07:13.766140858+00:00,10,3,0,0,24.06278149978304,1.3908835155631916,0.0,zonia,0,False
2025-06-14 21:33:01.606892858+00:00,10,3,0,0,25.203896434604964,1.393782862815793,0.0,zonia,0,False
2025-06-14 21:36:00.370534858+00:00,10,3,0,0,25.42779386525932,1.400561941588705,0.0,zonia,0,False
2025-06-14 22:10:22.225056858+00:00,10,3,0,0,24.17770810438417,1.3926324738896194,0.0,zonia,0,False
2025-06-14 22:31:21.911267858+00:00,10,3,0,0,24.21251233419043,1.388561253867096,0.0,zonia,0,False
2025-06-14 23:00:57.888775858+00:00,10,3,0,0,23.37814399198236,1.38333638507546,0.0,zonia,0,False
2025-06-14 23:40:51.569171858+00:00,10,3,0,0,22.847751798664866,1.3921502575089868,0.0,zonia,0,False
2025-06-14 23:56:57.384857858+00:00,10,3,0,0,23.00387992473263,1.3981201558271563,0.0,zonia,0,False
2025-06-15 00:12:46.081659858+00:00,10,3,0,0,22.945174976649575,1.3896957156905967,0.0,zonia,0,False
2025-06-15 00:40:27.767052858+00:00,10,3,0,0,23.169407817330352,1.3914157289931726,0.0,zonia,0,False
2025-06-15 00:45:45.912067858+00:00,10,3,0,0,23.39215865287963,1.3998623832545622,0.0,zonia,0,False
2025-06-15 00:46:25.880953858+00:00,10,3,0,0,23.117509497287493,1.4019492128559405,0.0,zonia,0,False
2025-06-15 00:51:55.109116858+00:00,10,3,0,0,23.01165247480295,1.4005457651269875,0.0,zonia,0,False
2025-06-15 01:05:35.539537858+00:00,10,3,0,0,23.106689311431126,1.3998499318624347,0.0,zonia,0,False
2025-06-15 01:17:08.597508858+00:00,10,3,0,0,23.115685549545162,1.404178603423203,0.0,zonia,0,False
2025-06-15 01:23:33.264410858+00:00,10,3,0,0,23.045600024693304,1.4061014811133,0.0,zonia,0,False
2025-06-15 01:29:40.123823858+00:00,10,3,0,0,22.86712570115148,1.4063045832692158,0.0,zonia,0,False
2025-06-15 01:44:59.007547858+00:00,10,3,0,0,22.677012626813042,1.4064966571487487,0.0,zonia,0,False
2025-06-15 02:00:50.483105858+00:00,10,3,0,0,22.020011712084074,1.405880793243579,0.0,zonia,0,False
2025-06-15 02:04:26.723801858+00:00,10,3,0,0,21.87672834633889,1.4008501798493553,0.0,zonia,0,False
2025-06-15 02:05:28.289834858+00:00,10,3,0,0,21.829516464792157,1.400927967103849,0.0,zonia,0,False
2025-06-15 02:34:32.016351858+00:00,10,3,0,0,21.65586588334896,1.3934965832092867,0.0,zonia,0,False
2025-06-15 02:45:07.819011858+00:00,10,3,0,0,22.11568332701936,1.4015771057837425,0.0,zonia,0,False
2025-06-15 03:01:19.521778858+00:00,10,3,0,0,21.79762989854208,1.3938970534744217,0.0,zonia,0,False
2025-06-15 03:31:07.689096858+00:00,10,3,0,0,21.206887427777158,1.3877620560001278,0.0,zonia,0,False
2025-06-15 03:59:25.043306858+00:00,10,3,0,0,20.77405831625386,1.3921175814893056,0.0,zonia,0,False
2025-06-15 04:27:54.912490858+00:00,10,3,0,0,21.747969372263455,1.3994903797624956,0.0,zonia,0,False
2025-06-15 04:30:06.386151858+00:00,10,3,0,0,21.63096955176407,1.397806555734512,0.0,zonia,0,False
2025-06-15 05:00:45.119980858+00:00,10,3,0,0,23.829985411062268,1.3826473511705293,0.0,zonia,0,False
2025-06-15 05:17:28.972710858+00:00,10,3,0,0,24.505591098351037,1.3778708950591008,0.0,zonia,0,False
2025-06-15 06:07:27.047369858+00:00,10,3,0,0,24.593533245386347,1.381356430721759,0.0,zonia,0,False
2025-06-15 06:10:51.818208858+00:00,10,3,0,0,24.519569988053984,1.376160274766755,0.0,zonia,0,False
2025-06-15 06:14:31.590788858+00:00,10,3,0,0,24.76816724716824,1.3763858767554464,0.0,zonia,0,False
2025-06-15 06:46:32.826875858+00:00,10,3,0,0,28.264924143547184,1.3838410694897447,0.0,zonia,0,False
2025-06-15 06:55:33.552455858+00:00,10,3,0,0,28.172678242895927,1.3899581651964772,0.0,zonia,0,False
2025-06-15 06:57:59.857584858+00:00,10,3,0,0,28.790500719612883,1.3913384732465133,0.0,zonia,0,False
2025-06-15 07:09:35.378475858+00:00,10,3,0,0,29.675634306151,1.383929649724427,0.0,zonia,0,False
2025-06-15 07:55:17.960371858+00:00,10,3,0,0,31.249559062328043,1.38685597685438,0.0,zonia,0,False
2025-06-15 07:58:40.041652858+00:00,10,3,0,0,31.413592977605568,1.384401084126401,0.0,zonia,0,False
2025-06-15 08:07:56.873744858+00:00,10,3,0,0,31.415382178883075,1.3860664575758144,0.0,zonia,0,False
2025-06-15 09:01:13.338462858+00:00,10,3,0,0,32.50900931527616,1.3827244364666338,0.0,zonia,0,False
2025-06-15 09:11:18.293940858+00:00,10,3,0,0,32.45603028394647,1.376423356510567,0.0,zonia,0,False
2025-06-15 09:23:04.319326858+00:00,10,3,0,0,32.69738623577233,1.377727045602743,0.0,zonia,0,False
2025-06-15 09:41:58.909340858+00:00,10,3,0,0,33.19450714368392,1.3783746102652012,0.0,zonia,0,False
2025-06-15 10:14:06.026784858+00:00,10,3,0,0,33.73775239401214,1.3921441886370318,0.0,zonia,0,False
2025-06-15 11:07:50.794299858+00:00,10,3,0,0,34.277184956296345,1.3903778664643907,0.0,zonia,0,False
2025-06-15 11:08:08.670749858+00:00,10,3,0,0,34.08942986117438,1.38687488223761,0.0,zonia,0,False
2025-06-15 11:11:02.503693858+00:00,10,3,0,0,34.3723878881238,1.3855583271696414,0.0,zonia,0,False
2025-06-15 11:18:59.288046858+00:00,10,3,0,0,34.726770710689784,1.3903081300086548,0.0,zonia,0,False
2025-06-15 11:27:02.300210858+00:00,10,3,0,0,35.26519570872453,1.3839083703773327,0.0,zonia,0,False
2025-06-15 11:28:45.106534858+00:00,10,3,0,0,35.134891520083734,1.3833132259165524,0.0,zonia,0,False
2025-06-15 11:36:38.706501858+00:00,10,3,0,0,35.05608817051477,1.3892664502525844,0.0,zonia,0,False
2025-06-15 11:38:33.904602858+00:00,10,3,0,0,34.94695981408811,1.3898771935789382,0.0,zonia,0,False
2025-06-15 12:18:15.003660858+00:00,10,3,0,0,35.43586167161154,1.3771218396110427,0.0,zonia,0,False
2025-06-15 12:31:55.353898858+00:00,10,3,0,0,35.85693817375835,1.3772477087644208,0.0,zonia,0,False
2025-06-15 12:39:27.247430858+00:00,10,3,0,0,36.30261190725523,1.3818542388853174,0.0,zonia,0,False
2025-06-15 13:10:10.994265858+00:00,10,3,0,0,36.687396211609,1.3694852302919571,0.0,zonia,0,False
2025-06-15 13:13:05.421836858+00:00,10,3,0,0,36.35113569715676,1.3669776823191833,0.0,zonia,0,False
2025-06-15 13:30:42.812219858+00:00,10,3,0,0,35.84915502786161,1.3755477004158636,0.0,zonia,0,False
2025-06-15 13:37:32.562039858+00:00,10,3,0,0,35.86093687845002,1.3708984560432267,0.0,zonia,0,False
2025-06-15 13:44:54.660331858+00:00,10,3,0,0,35.974959065195215,1.36466247577818,0.0,zonia,0,False
2025-06-15 13:47:13.198752858+00:00,10,3,0,0,36.05028959926825,1.3625998455330048,0.0,zonia,0,False
2025-06-15 14:41:26.329529858+00:00,10,3,0,0,35.84935474150217,1.3260086489517737,0.0,zonia,0,False
2025-06-15 14:42:52.000213858+00:00,10,3,0,0,36.42575957784984,1.3296973271355461,0.0,zonia,0,False
2025-06-15 15:11:20.777638858+00:00,10,3,0,0,35.54928856718957,1.3175247225693094,0.0,zonia,0,False
2025-06-15 15:26:32.186455858+00:00,10,3,0,0,35.84430460465358,1.3348398228720186,0.0,zonia,0,False
2025-06-15 15:46:12.306495858+00:00,10,3,0,0,34.83272958318848,1.347073130651596,0.0,zonia,0,False
2025-06-15 15:54:17.954714858+00:00,10,3,0,0,34.83667934616683,1.3471265712495308,0.0,zonia,0,False
2025-06-15 16:52:30.643154858+00:00,10,3,0,0,31.51808261209936,1.3624471381920473,0.0,zonia,0,False
2025-06-15 17:00:37.104263858+00:00,10,3,0,0,31.07500884588317,1.3743618477393091,0.0,zonia,0,False
2025-06-15 17:03:24.549135858+00:00,10,3,0,0,30.96218603044856,1.3765388005417836,0.0,zonia,0,False
2025-06-15 18:03:52.987899858+00:00,10,3,0,0,29.51966382310502,1.3882364877969102,0.0,zonia,0,False
2025-06-15 18:09:34.556271858+00:00,10,3,0,0,29.294024777256144,1.3980964980473591,0.0,zonia,0,False
2025-06-15 18:15:21.749386858+00:00,10,3,0,0,29.053477984411984,1.399344950345691,0.0,zonia,0,False
2025-06-15 18:23:02.940123858+00:00,10,3,0,0,28.751893023105666,1.4019623041625147,0.0,zonia,0,False
2025-06-15 18:26:47.045525858+00:00,10,3,0,0,28.887839310156814,1.407178259216044,0.0,zonia,0,False
2025-06-15 18:27:28.574529858+00:00,10,3,0,0,28.580442647542434,1.407786935284094,0.0,zonia,0,False
2025-06-15 18:37:42.612713858+00:00,10,3,0,0,28.443896295850116,1.4076809117418123,0.0,zonia,0,False
2025-06-15 18:56:34.905757858+00:00,10,3,0,0,27.903326805308648,1.4064679424624449,0.0,zonia,0,False
2025-06-15 18:57:02.740765858+00:00,10,3,0,0,27.83284525029882,1.4056387521983107,0.0,zonia,0,False
2025-06-15 19:27:04.579187858+00:00,10,3,0,0,27.203295076016364,1.4091063062927593,0.0,zonia,0,False
2025-06-15 19:53:26.385009858+00:00,10,3,0,0,26.782909245883673,1.4068017557742178,0.0,zonia,0,False
2025-06-15 20:43:24.653404858+00:00,10,3,0,0,26.06271906498555,1.40497856452461,0.0,zonia,0,False
2025-06-15 20:47:34.781085858+00:00,10,3,0,0,26.060197436043115,1.4045855283061928,0.0,zonia,0,False
2025-06-15 20:59:45.860776858+00:00,10,3,0,0,25.70063785017685,1.4049917528264895,0.0,zonia,0,False
2025-06-15 21:01:53.090097858+00:00,10,3,0,0,25.788962224342473,1.4051967917878212,0.0,zonia,0,False
2025-06-15 21:11:59.705845858+00:00,10,3,0,0,25.83900199426093,1.4010370110065924,0.0,zonia,0,False
2025-06-15 21:31:34.717646858+00:00,10,3,0,0,25.028427249366317,1.3946000640432337,0.0,zonia,0,False
2025-06-15 22:13:23.774650858+00:00,10,3,0,0,23.92303509649074,1.3979215677456696,0.0,zonia,0,False
2025-06-15 22:41:14.252898858+00:00,10,3,0,0,23.61444359497695,1.4023531258408883,0.0,zonia,0,False
2025-06-15 23:05:51.089313858+00:00,10,3,0,0,23.53673725722552,1.404062778247731,0.0,zonia,0,False
2025-06-16 00:30:21.437148858+00:00,10,3,0,0,23.31362700738196,1.4069627358416863,0.0,zonia,0,False
2025-06-16 00:37:51.445295858+00:00,10,3,0,0,23.40910856883098,1.4053282170547803,0.0,zonia,0,False
2025-06-16 01:02:02.069930858+00:00,10,3,0,0,22.868771224710404,1.3997766242509537,0.0,zonia,0,False
2025-06-16 01:12:11.803017858+00:00,10,3,0,0,22.773553790106476,1.3984115310655203,0.0,zonia,0,False
2025-06-16 01:16:01.801594858+00:00,10,3,0,0,22.581172824001936,1.3935696553005326,0.0,zonia,0,False
2025-06-16 01:16:16.971972858+00:00,10,3,0,0,22.906981075509638,1.390851001534591,0.0,zonia,0,False
2025-06-16 01:18:30.574298858+00:00,10,3,0,0,22.98947613510166,1.392797737241042,0.0,zonia,0,False
2025-06-16 01:30:34.975415858+00:00,10,3,0,0,22.803027056895438,1.397108656782256,0.0,zonia,0,False
2025-06-16 02:39:05.975520858+00:00,10,3,0,0,22.62902920614121,1.3953830997315724,0.0,zonia,0,False
2025-06-16 02:58:48.430202858+00:00,10,3,0,0,22.283233999133166,1.4056407761979315,0.0,zonia,0,False
2025-06-16 03:01:53.686792858+00:00,10,3,0,0,22.24479972889686,1.408010292613705,0.0,zonia,0,False
2025-06-16 03:04:04.707231858+00:00,10,3,0,0,22.1925959032743,1.4036857130278015,0.0,zonia,0,False
2025-06-16 03:09:26.218240858+00:00,10,3,0,0,21.823834058784506,1.396519544262436,0.0,zonia,0,False
2025-06-16 03:18:58.057427858+00:00,10,3,0,0,21.608783176390258,1.3926643422502425,0.0,zonia,0,False
2025-06-16 03:30:06.820500858+00:00,10,3,0,0,21.740374664446577,1.3908961129971462,0.0,zonia,0,False
2025-06-16 03:54:55.895955858+00:00,10,3,0,0,21.6858594143476,1.3982772993839425,0.0,zonia,0,False
2025-06-16 04:41:59.679089858+00:00,10,3,0,0,22.928857631832802,1.404468497140133,0.0,zonia,0,False
2025-06-16 04:44:02.039495858+00:00,10,3,0,0,23.043735437077014,1.4092203568265218,0.0,zonia,0,False
2025-06-16 04:45:35.677556858+00:00,10,3,0,0,23.006954151920915,1.400588245961329,0.0,zonia,0,False
2025-06-16 04:50:33.976151858+00:00,10,3,0,0,23.70628791080914,1.4018342931525305,0.0,zonia,0,False
2025-06-16 04:58:52.268429858+00:00,10,3,0,0,24.232169706300056,1.4008695938260818,0.0,zonia,0,False
2025-06-16 05:13:50.866553858+00:00,10,3,0,0,24.88424758415047,1.3820960107470597,0.0,zonia,0,False
2025-06-16 05:25:11.042285858+00:00,10,3,0,0,25.06934529958722,1.3857874675353976,0.0,zonia,0,False
2025-06-16 05:31:40.528770858+00:00,10,3,0,0,25.958961321175543,1.3767475877346536,0.0,zonia,0,False
2025-06-16 06:06:35.319886858+00:00,10,3,0,0,27.28932187930963,1.3764093195146199,0.0,zonia,0,False
2025-06-16 06:40:37.815908858+00:00,10,3,0,0,28.080416878463062,1.3922410992602707,0.0,zonia,0,False
2025-06-16 06:43:20.462666858+00:00,10,3,0,0,27.85203788346591,1.3950550230369712,0.0,zonia,0,False
2025-06-16 06:56:57.483192858+00:00,10,3,0,0,28.792817373733705,1.3937662404614617,0.0,zonia,0,False
2025-06-16 07:46:09.683877858+00:00,10,3,0,0,29.67759554991739,1.3984181886284037,0.0,zonia,0,False
2025-06-16 08:31:30.904812858+00:00,10,3,0,0,29.942492890454474,1.4020484537798623,0.0,zonia,0,False
2025-06-16 08:40:42.105213858+00:00,10,3,0,0,30.33644828264315,1.3898542243234377,0.0,zonia,0,False
2025-06-16 09:14:21.547828858+00:00,10,3,0,0,30.963736697806112,1.3905647517582544,0.0,zonia,0,False
2025-06-16 09:33:10.605620858+00:00,10,3,0,0,31.149927131536053,1.3849308297987135,0.0,zonia,0,False
2025-06-16 09:48:37.010942858+00:00,10,3,0,0,31.15438776292941,1.3722133608256244,0.0,zonia,0,False
2025-06-16 10:21:50.388827858+00:00,10,3,0,0,31.3920427298627,1.288781635788449,0.0,zonia,0,False
2025-06-16 10:25:15.671821858+00:00,10,3,0,0,30.88990765842113,1.1448426858206189,0.0,zonia,0,False
2025-06-16 10:50:17.215273858+00:00,10,3,0,0,31.13781725383267,1.2019931739060143,0.0,zonia,0,False
2025-06-16 10:57:01.665472858+00:00,10,3,0,0,31.50554824898688,1.2343059522852846,0.0,zonia,0,False
2025-06-16 11:20:07.610105858+00:00,10,3,0,0,31.79440934971221,1.2346451600035964,0.0,zonia,0,False
2025-06-16 11:26:09.496737858+00:00,10,3,0,0,31.022821900213486,1.244043175027439,0.0,zonia,0,False
2025-06-16 11:58:36.732405858+00:00,10,3,0,0,31.435150359873035,1.28245803796451,0.0,zonia,0,False
2025-06-16 12:00:20.616465858+00:00,10,3,0,0,30.482874098130385,1.2818583685300353,0.0,zonia,0,False
2025-06-16 12:22:20.260923858+00:00,10,3,0,0,29.54712905389242,1.3196576137857214,0.0,zonia,0,False
2025-06-16 12:26:50.080846858+00:00,10,3,0,0,29.57106058486846,1.3533006772834486,0.0,zonia,0,False
2025-06-16 12:29:44.815610858+00:00,10,3,0,0,29.45806545109882,1.366118126151845,0.0,zonia,0,False
2025-06-16 12:54:32.118533858+00:00,10,3,0,0,28.68518889345112,1.3654396013960854,0.0,zonia,0,False
2025-06-16 13:21:09.146025858+00:00,10,3,0,0,27.676107873785128,1.351899473478767,0.0,zonia,0,False
2025-06-16 13:34:43.621135858+00:00,10,3,0,0,27.690339249793805,1.3519652717180364,0.0,zonia,0,False
2025-06-16 13:55:20.189477858+00:00,10,3,0,0,26.165481882717234,1.3473745630380913,0.0,zonia,0,False
2025-06-16 14:43:20.103873858+00:00,10,3,0,0,18.314198211315013,1.3628678709809703,0.0,zonia,0,False
2025-06-16 15:40:48.517557858+00:00,10,3,0,0,18.322822760469514,1.3711714024880963,0.0,zonia,0,False
2025-06-16 15:57:07.139907858+00:00,10,3,0,0,18.35174683182602,1.3744797272527793,0.0,zonia,0,False
2025-06-16 16:04:05.364830858+00:00,10,3,0,0,18.34373707983084,1.3778169492843149,0.0,zonia,0,False
2025-06-16 16:14:14.437191858+00:00,10,3,0,0,18.25890375458673,1.3803222715449512,0.0,zonia,0,False
2025-06-16 16:14:39.658476858+00:00,10,3,0,0,18.372876790064424,1.4007732810549876,0.0,zonia,0,False
2025-06-16 16:30:13.343877858+00:00,10,3,0,0,18.249911786973186,1.4019825978909994,0.0,zonia,0,False
2025-06-16 16:34:42.157243858+00:00,10,3,0,0,18.315225736852753,1.401503564394245,0.0,zonia,0,False
2025-06-16 16:35:07.197128858+00:00,10,3,0,0,18.29549957690375,1.4117257082044878,0.0,zonia,0,False
2025-06-16 16:39:09.977877858+00:00,10,3,0,0,18.334853006620563,1.4161179579409706,0.0,zonia,0,False
2025-06-16 17:00:21.791873858+00:00,10,3,0,0,18.55820410454229,1.4170773134518735,0.0,zonia,0,False
2025-06-16 17:17:44.144166858+00:00,10,3,0,0,18.775795506081497,1.4187852375419703,0.0,zonia,0,False
2025-06-16 17:28:35.271665858+00:00,10,3,0,0,19.310119325706896,1.4188384405833145,0.0,zonia,0,False
2025-06-16 17:52:07.860722858+00:00,10,3,0,0,20.154241135447744,1.4157896856968208,0.0,zonia,0,False
2025-06-16 17:56:10.881243858+00:00,10,3,0,0,20.21816575658273,1.4123366624128448,0.0,zonia,0,False
2025-06-16 18:29:43.436386858+00:00,10,3,0,0,19.661804069864278,1.4118851603471874,0.0,zonia,0,False
2025-06-16 18:29:52.695954858+00:00,10,3,0,0,20.148459283765103,1.4129425013070853,0.0,zonia,0,False
2025-06-16 18:59:24.178662858+00:00,10,3,0,0,19.40141331367474,1.411702430545158,0.0,zonia,0,False
2025-06-16 19:41:42.107964858+00:00,10,3,0,0,18.597121621850768,1.4140980930493388,0.0,zonia,0,False
2025-06-16 19:51:07.296818858+00:00,10,3,0,0,18.470128363155798,1.415226017943553,0.0,zonia,0,False
2025-06-16 20:04:05.730707858+00:00,10,3,0,0,18.20732388366589,1.4142657664807536,0.0,zonia,0,False
2025-06-16 20:20:29.139398858+00:00,10,3,0,0,17.748136122996634,1.4149743091138771,0.0,zonia,0,False
2025-06-16 20:26:50.917728858+00:00,10,3,0,0,17.87989893017208,1.4124881880902382,0.0,zonia,0,False
2025-06-16 20:36:12.446752858+00:00,10,3,0,0,17.87163156077493,1.4127732802458526,0.0,zonia,0,False
2025-06-16 20:41:05.887586858+00:00,10,3,0,0,17.83762949383521,1.4072743451072949,0.0,zonia,0,False
2025-06-16 20:42:14.024155858+00:00,10,3,0,0,17.959438550128674,1.4042698461389373,0.0,zonia,0,False
2025-06-16 20:51:44.854203858+00:00,10,3,0,0,17.653530621152346,1.3976897011507756,0.0,zonia,0,False
2025-06-16 21:22:22.647870858+00:00,10,3,0,0,18.406115411243835,1.3955257400493903,0.0,zonia,0,False
2025-06-16 21:43:16.432298858+00:00,10,3,0,0,18.01679392725723,1.4028101640378026,0.0,zonia,0,False
2025-06-16 21:51:57.852435858+00:00,10,3,0,0,18.070379823160945,1.4096713482588952,0.0,zonia,0,False
2025-06-16 22:19:15.966632858+00:00,10,3,0,0,18.355506656783376,1.4116493242070531,0.0,zonia,0,False
2025-06-16 22:31:57.113208858+00:00,10,3,0,0,18.40013435555921,1.413150724311474,0.0,zonia,0,False
2025-06-16 22:34:22.249056858+00:00,10,3,0,0,18.38692667605883,1.4133850051965855,0.0,zonia,0,False
2025-06-16 22:43:49.277115858+00:00,10,3,0,0,18.333054995407526,1.4113977603824008,0.0,zonia,0,False
2025-06-16 22:53:48.056902858+00:00,10,3,0,0,18.34248328190385,1.4117132056617312,0.0,zonia,0,False
2025-06-16 23:07:47.371725858+00:00,10,3,0,0,18.42717358146552,1.412632859609855,0.0,zonia,0,False
2025-06-16 23:19:48.543019858+00:00,10,3,0,0,18.351074508648637,1.4143685895970677,0.0,zonia,0,False
2025-06-16 23:40:46.360141858+00:00,10,3,0,0,18.455782550517718,1.416065421713933,0.0,zonia,0,False
2025-06-16 23:54:27.166300858+00:00,10,3,0,0,18.26274486252701,1.4153503016818227,0.0,zonia,0,False
2025-06-17 00:08:10.055965858+00:00,10,3,0,0,18.228745046197588,1.4163067344790363,0.0,zonia,0,False
2025-06-17 00:26:38.148967858+00:00,10,3,0,0,18.21267639734182,1.416666375610087,0.0,zonia,0,False
2025-06-17 01:13:44.866752858+00:00,10,3,0,0,18.20906280939514,1.4156335798786501,0.0,zonia,0,False
2025-06-17 02:10:12.168093858+00:00,10,3,0,0,17.96661484702705,1.4169696685929396,0.0,zonia,0,False
2025-06-17 02:24:53.194542858+00:00,10,3,0,0,17.681095121591824,1.4203491445451386,0.0,zonia,0,False
2025-06-17 02:43:15.191491858+00:00,10,3,0,0,17.549030235628017,1.4222172656327885,0.0,zonia,0,False
2025-06-17 02:57:43.667200858+00:00,10,3,0,0,17.49138272684003,1.4231666710089097,0.0,zonia,0,False
2025-06-17 03:23:31.323467858+00:00,10,3,0,0,17.440139398401,1.4237167686434853,0.0,zonia,0,False
2025-06-17 03:28:18.596814858+00:00,10,3,0,0,17.544770561348624,1.424018767571461,0.0,zonia,0,False
2025-06-17 03:32:41.444491858+00:00,10,3,0,0,17.55598103666293,1.4243669185795864,0.0,zonia,0,False
2025-06-17 04:29:00.697056858+00:00,10,3,0,0,17.701216007743426,1.4242446650880332,0.0,zonia,0,False
2025-06-17 05:01:53.585074858+00:00,10,3,0,0,17.781382754501347,1.42464012515069,0.0,zonia,0,False
2025-06-17 05:19:52.813252858+00:00,10,3,0,0,17.83026769132957,1.425216713444539,0.0,zonia,0,False
2025-06-17 05:34:01.968161858+00:00,10,3,0,0,17.799090079965808,1.4249327450841407,0.0,zonia,0,False
2025-06-17 05:58:43.609830858+00:00,10,3,0,0,17.751314227885135,1.4216008574243573,0.0,zonia,0,False
2025-06-17 06:42:15.775999858+00:00,10,3,0,0,18.364234925338607,1.422349972918944,0.0,zonia,0,False
2025-06-17 07:11:55.392428858+00:00,10,3,0,0,18.5578559997245,1.4199918937031601,0.0,zonia,0,False
2025-06-17 07:12:46.905683858+00:00,10,3,0,0,18.888569728330282,1.4201332149196673,0.0,zonia,0,False
2025-06-17 07:18:05.769500858+00:00,10,3,0,0,18.279202736140885,1.262178339443351,0.0,zonia,0,False
2025-06-17 07:36:26.644382858+00:00,10,3,0,0,19.01291943396993,1.3384401804990602,0.0,zonia,0,False
2025-06-17 07:56:02.129669858+00:00,10,3,0,0,19.424183117189937,1.369099304412092,0.0,zonia,0,False
2025-06-17 08:01:31.922637858+00:00,10,3,0,0,19.23628015761325,1.3938916401342056,0.0,zonia,0,False
2025-06-17 08:12:36.798843858+00:00,10,3,0,0,19.516014848867968,1.390639533638645,0.0,zonia,0,False
2025-06-17 08:46:35.789482858+00:00,10,3,0,0,19.998486169587988,1.3930455439706282,0.0,zonia,0,False
2025-06-17 09:17:10.729545858+00:00,10,3,0,0,20.830153021686467,1.3767615949380239,0.0,zonia,0,False
2025-06-17 09:24:13.804146858+00:00,10,3,0,0,21.159513276458497,1.3790058609414324,0.0,zonia,0,False
2025-06-17 09:30:19.487334858+00:00,10,3,0,0,21.157540367037466,1.3793525309157528,0.0,zonia,0,False
2025-06-17 10:02:46.800397858+00:00,10,3,0,0,21.58374677399024,1.3850165922398083,0.0,zonia,0,False
2025-06-17 10:04:07.057826858+00:00,10,3,0,0,21.753419651906373,1.3856641812603387,0.0,zonia,0,False
2025-06-17 10:14:11.769597858+00:00,10,3,0,0,22.236230050970086,1.3806849066948728,0.0,zonia,0,False
2025-06-17 10:29:37.901905858+00:00,10,3,0,0,22.265254485633008,1.3874152430634348,0.0,zonia,0,False
2025-06-17 10:43:25.962434858+00:00,10,3,0,0,22.80056903140901,1.3896419854849367,0.0,zonia,0,False
2025-06-17 11:10:17.575700858+00:00,10,3,0,0,23.41626001912881,1.395257550306204,0.0,zonia,0,False
2025-06-17 11:32:43.769635858+00:00,10,3,0,0,23.75164943914578,1.3902023815085784,0.0,zonia,0,False
2025-06-17 11:33:09.413366858+00:00,10,3,0,0,23.58882719745065,1.3938288838198964,0.0,zonia,0,False
2025-06-17 11:50:44.338831858+00:00,10,3,0,0,24.426329273847568,1.3788792520946345,0.0,zonia,0,False
2025-06-17 11:58:18.082399858+00:00,10,3,0,0,24.20267013339829,1.3657700224920777,0.0,zonia,0,False
2025-06-17 12:15:26.577857858+00:00,10,3,0,0,25.194875285107805,1.3651163007562201,0.0,zonia,0,False
2025-06-17 12:27:03.337146858+00:00,10,3,0,0,26.282527914336846,1.349697990039023,0.0,zonia,0,False
2025-06-17 12:45:21.823586858+00:00,10,3,0,0,25.54170133389768,1.3579368766667734,0.0,zonia,0,False
2025-06-17 12:49:59.659418858+00:00,10,3,0,0,25.44359324933276,1.3687215080058093,0.0,zonia,0,False
2025-06-17 13:20:57.262075858+00:00,10,3,0,0,26.22372950416204,1.368754787392875,0.0,zonia,0,False
2025-06-17 13:31:07.574435858+00:00,10,3,0,0,26.26366646392567,1.3628498923501573,0.0,zonia,0,False
2025-06-17 13:32:05.685221858+00:00,10,3,0,0,26.11044551093557,1.3767367551010679,0.0,zonia,0,False
2025-06-17 13:57:22.349031858+00:00,10,3,0,0,26.31700438039212,1.368105816192464,0.0,zonia,0,False
2025-06-17 14:18:02.907329858+00:00,10,3,0,0,26.94550685450742,1.3727037877446544,0.0,zonia,0,False
2025-06-17 14:55:49.890914858+00:00,10,3,0,0,27.232335720779453,1.3616247507108414,0.0,zonia,0,False
2025-06-17 14:56:31.619295858+00:00,10,3,0,0,26.976901986064767,1.3514137781047746,0.0,zonia,0,False
2025-06-17 15:27:23.197702858+00:00,10,3,0,0,27.489205012288203,1.349236381246368,0.0,zonia,0,False
2025-06-17 16:02:40.110150858+00:00,10,3,0,0,26.915539493796285,1.3474342687883991,0.0,zonia,0,False
2025-06-17 16:10:54.858369858+00:00,10,3,0,0,27.298216986490676,1.3437275489292482,0.0,zonia,0,False
2025-06-17 16:15:26.128624858+00:00,10,3,0,0,27.13895624289709,1.3279488083999564,0.0,zonia,0,False
2025-06-17 16:32:17.156212858+00:00,10,3,0,0,27.233707735588805,1.3367942866155627,0.0,zonia,0,False
2025-06-17 17:02:37.052880858+00:00,10,3,0,0,26.466822527897627,1.3339882079551442,0.0,zonia,0,False
2025-06-17 18:10:17.493638858+00:00,10,3,0,0,23.49451596411426,1.3527201661967325,0.0,zonia,0,False
2025-06-17 18:20:16.648822858+00:00,10,3,0,0,22.83774597827635,1.3762902274241249,0.0,zonia,0,False
2025-06-17 18:28:18.764383858+00:00,10,3,0,0,22.110699992353478,1.3735222610959354,0.0,zonia,0,False
2025-06-17 18:31:42.572633858+00:00,10,3,0,0,21.553213797095488,1.3686278290641667,0.0,zonia,0,False
2025-06-17 18:57:34.943850858+00:00,10,3,0,0,21.210550469505947,1.36975751472707,0.0,zonia,0,False
2025-06-17 19:20:35.124691858+00:00,10,3,0,0,20.262779552724396,1.3630887538151903,0.0,zonia,0,False
2025-06-17 19:24:42.862967858+00:00,10,3,0,0,20.49505225013516,1.3684299322097717,0.0,zonia,0,False
2025-06-17 19:35:24.792526858+00:00,10,3,0,0,19.575785765089503,1.3508283686946423,0.0,zonia,0,False
2025-06-17 20:06:03.976483858+00:00,10,3,0,0,18.88310503754119,1.3515431234552742,0.0,zonia,0,False
2025-06-17 21:29:52.073823858+00:00,10,3,0,0,17.223551750754922,1.354677483296101,0.0,zonia,0,False
2025-06-17 21:30:27.738289858+00:00,10,3,0,0,17.20317922309182,1.3638761723973964,0.0,zonia,0,False
2025-06-17 21:49:24.536457858+00:00,10,3,0,0,17.117675918104386,1.371440595386418,0.0,zonia,0,False
2025-06-17 22:02:37.126749858+00:00,10,3,0,0,16.763522120253818,1.3722888350367852,0.0,zonia,0,False
2025-06-17 22:22:50.441136858+00:00,10,3,0,0,16.78528561240616,1.3898481029662462,0.0,zonia,0,False
2025-06-17 22:31:37.182553858+00:00,10,3,0,0,16.841916629774047,1.3985455764708719,0.0,zonia,0,False
2025-06-17 22:40:40.933291858+00:00,10,3,0,0,16.655043394364828,1.4000083309328846,0.0,zonia,0,False
2025-06-17 22:45:52.097146858+00:00,10,3,0,0,16.589824026307074,1.4046551401134975,0.0,zonia,0,False
2025-06-17 22:56:14.506117858+00:00,10,3,0,0,16.62577309327892,1.2844864238303129,0.0,zonia,0,False
2025-06-17 23:13:14.768284858+00:00,10,3,0,0,16.44853685811346,1.2861874374438453,0.0,zonia,0,False
2025-06-17 23:28:26.246340858+00:00,10,3,0,0,16.337106514974664,1.2853291737350558,0.0,zonia,0,False
2025-06-17 23:28:49.755850858+00:00,10,3,0,0,16.272471942347504,1.284416584667397,0.0,zonia,0,False
2025-06-18 01:25:36.201480858+00:00,10,3,0,0,15.255401587149063,1.2855620377974653,0.0,zonia,0,False
2025-06-18 01:57:16.398086858+00:00,10,3,0,0,15.094676418871291,1.2490453715856515,0.0,zonia,0,False
2025-06-18 02:30:41.961376858+00:00,10,3,0,0,14.952944570955735,1.3100458527839014,0.0,zonia,0,False
2025-06-18 02:50:58.691976858+00:00,10,3,0,0,14.634747724195918,1.313702380320823,0.0,zonia,0,False
2025-06-18 03:10:39.660723858+00:00,10,3,0,0,14.768527174268163,1.3647722764506067,0.0,zonia,0,False
2025-06-18 03:30:38.876729858+00:00,10,3,0,0,14.632252527064729,1.3758397824968258,0.0,zonia,0,False
2025-06-18 03:33:38.951930858+00:00,10,3,0,0,14.556723463471583,1.3779401649928078,0.0,zonia,0,False
2025-06-18 03:49:33.603337858+00:00,10,3,0,0,14.530890753304117,1.400570576995507,0.0,zonia,0,False
2025-06-18 03:53:56.711531858+00:00,10,3,0,0,14.622265613233166,1.4087617059323438,0.0,zonia,0,False
2025-06-18 04:31:23.966665858+00:00,10,3,0,0,16.185453462019318,1.3953566137383417,0.0,zonia,0,False
2025-06-18 04:55:21.052915858+00:00,10,3,0,0,16.626156526439296,1.3653743243338703,0.0,zonia,0,False
2025-06-18 05:02:17.686866858+00:00,10,3,0,0,17.46232369494345,1.3474546100968705,0.0,zonia,0,False
2025-06-18 05:44:52.525364858+00:00,10,3,0,0,19.629503671194602,1.3498750922633271,0.0,zonia,0,False
2025-06-18 06:06:01.775906858+00:00,10,3,0,0,20.48494866172361,1.319510855924112,0.0,zonia,0,False
2025-06-18 06:22:56.192817858+00:00,10,3,0,0,21.085796918648892,1.322848670205688,0.0,zonia,0,False
2025-06-18 06:24:25.120000858+00:00,10,3,0,0,21.031919884528236,1.3267870723502573,0.0,zonia,0,False
2025-06-18 06:50:35.125065858+00:00,10,3,0,0,22.18945056796127,1.3106759009545748,0.0,zonia,0,False
2025-06-18 06:51:09.013223858+00:00,10,3,0,0,22.378544785614157,1.314898588095048,0.0,zonia,0,False
2025-06-18 06:58:43.951117858+00:00,10,3,0,0,22.605590115425617,1.3153725461987107,0.0,zonia,0,False
2025-06-18 07:02:40.443580858+00:00,10,3,0,0,22.927990053346175,1.3059463177142523,0.0,zonia,0,False
2025-06-18 07:03:22.993341858+00:00,10,3,0,0,22.589908695149123,1.3032433611158034,0.0,zonia,0,False
2025-06-18 07:26:12.541182858+00:00,10,3,0,0,23.545397188901497,1.2996044854482844,0.0,zonia,0,False
2025-06-18 07:50:40.106143858+00:00,10,3,0,0,24.002680883632408,1.3038036531080448,0.0,zonia,0,False
2025-06-18 08:05:23.059331858+00:00,10,3,0,0,24.713369353952906,1.3042185888040296,0.0,zonia,0,False
2025-06-18 08:08:20.763640858+00:00,10,3,0,0,24.733896779786445,1.3050642399049652,0.0,zonia,0,False
2025-06-18 08:52:32.996381858+00:00,10,3,0,0,26.122638453991296,1.3060883506612095,0.0,zonia,0,False
2025-06-18 08:57:55.780101858+00:00,10,3,0,0,26.281350135544173,1.3274459558809113,0.0,zonia,0,False
2025-06-18 09:19:32.680966858+00:00,10,3,0,0,26.658638092306802,1.326346315839316,0.0,zonia,0,False
2025-06-18 09:26:58.353242858+00:00,10,3,0,0,26.81735596271544,1.3548931465362892,0.0,zonia,0,False
2025-06-18 10:10:02.660590858+00:00,10,3,0,0,27.833662916778476,1.3562645550470411,0.0,zonia,0,False
2025-06-18 10:20:24.336357858+00:00,10,3,0,0,27.935161483898803,1.3574365948872102,0.0,zonia,0,False
2025-06-18 10:32:50.200469858+00:00,10,3,0,0,28.013651563700922,1.2319182854558959,0.0,zonia,0,False
2025-06-18 10:54:53.258667858+00:00,10,3,0,0,28.50897644058448,1.2337489354830613,0.0,zonia,0,False
2025-06-18 11:11:23.349186858+00:00,10,3,0,0,28.779914704017468,1.2281572359433486,0.0,zonia,0,False
2025-06-18 11:20:43.616963858+00:00,10,3,0,0,28.924503228583838,1.2570180387286851,0.0,zonia,0,False
2025-06-18 12:27:01.352580858+00:00,10,3,0,0,29.68528340037827,1.2565740637286213,0.0,zonia,0,False
2025-06-18 12:39:10.798911858+00:00,10,3,0,0,29.9657099226654,1.2562239077574902,0.0,zonia,0,False
2025-06-18 12:48:16.030900858+00:00,10,3,0,0,30.068501779470793,1.2490339513882607,0.0,zonia,0,False
2025-06-18 12:52:52.740262858+00:00,10,3,0,0,29.80797505908875,1.3124900634584162,0.0,zonia,0,False
2025-06-18 12:53:12.117036858+00:00,10,3,0,0,30.04625534834132,1.3094313631024657,0.0,zonia,0,False
2025-06-18 12:55:16.697593858+00:00,10,3,0,0,29.828554522890133,1.3219296340888669,0.0,zonia,0,False
2025-06-18 13:02:37.509321858+00:00,10,3,0,0,30.027078781513357,1.3142716213365582,0.0,zonia,0,False
2025-06-18 13:05:19.748464858+00:00,10,3,0,0,30.174542040843594,1.3474761343721546,0.0,zonia,0,False
2025-06-18 13:32:34.418983858+00:00,10,3,0,0,30.436253049560626,1.3684859657708388,0.0,zonia,0,False
2025-06-18 13:38:36.473492858+00:00,10,3,0,0,30.545207731927565,1.3854619426966681,0.0,zonia,0,False
2025-06-18 13:47:54.602555858+00:00,10,3,0,0,30.68032959285835,1.37648107456038,0.0,zonia,0,False
2025-06-18 14:20:07.249828858+00:00,10,3,0,0,30.98013223284828,1.300712758731761,0.0,zonia,0,False
2025-06-18 14:24:20.361971858+00:00,10,3,0,0,31.172235046517955,1.2952312434996611,0.0,zonia,0,False
2025-06-18 15:25:31.121877858+00:00,10,3,0,0,30.87945913241854,1.2963869133743662,0.0,zonia,0,False
2025-06-18 15:30:34.783291858+00:00,10,3,0,0,30.92357489872363,1.2501018444144325,0.0,zonia,0,False
2025-06-18 15:34:29.135380858+00:00,10,3,0,0,31.039922343473417,1.2578766060738875,0.0,zonia,0,False
2025-06-18 15:47:04.099885858+00:00,10,3,0,0,30.469973584949766,1.2578243786135646,0.0,zonia,0,False
2025-06-18 16:25:37.324031858+00:00,10,3,0,0,29.81191672721251,1.3027827648319885,0.0,zonia,0,False
2025-06-18 16:48:38.560394858+00:00,10,3,0,0,30.296147401696057,1.2872732769778332,0.0,zonia,0,False
2025-06-18 16:51:16.113929858+00:00,10,3,0,0,30.31839168806972,1.3095108215480649,0.0,zonia,0,False
2025-06-18 16:55:14.844263858+00:00,10,3,0,0,30.048813922455953,1.3352318474703098,0.0,zonia,0,False
2025-06-18 16:58:05.179117858+00:00,10,3,0,0,29.613566486879726,1.342960324831127,0.0,zonia,0,False
2025-06-18 16:58:14.747397858+00:00,10,3,0,0,29.806549580458057,1.3217921669563248,0.0,zonia,0,False
2025-06-18 17:17:21.205363858+00:00,10,3,0,0,29.8316176639619,1.3265972756463371,0.0,zonia,0,False
2025-06-18 17:21:34.051714858+00:00,10,3,0,0,29.884914003280947,1.3515671365761615,0.0,zonia,0,False
2025-06-18 17:48:02.385502858+00:00,10,3,0,0,29.337213612070784,1.3538488240914435,0.0,zonia,0,False
2025-06-18 17:54:08.624329858+00:00,10,3,0,0,29.097312735541625,1.3338673603299411,0.0,zonia,0,False
2025-06-18 18:06:24.498898858+00:00,10,3,0,0,28.674352051537326,1.3416387228526279,0.0,zonia,0,False
2025-06-18 18:28:48.050381858+00:00,10,3,0,0,27.51617106644307,1.3478757822416196,0.0,zonia,0,False
2025-06-18 18:29:41.757297858+00:00,10,3,0,0,27.215736940919484,1.350114657830557,0.0,zonia,0,False
2025-06-18 19:06:21.027941858+00:00,10,3,0,0,24.457320587120527,1.3555321746699598,0.0,zonia,0,False
2025-06-18 19:25:28.078571858+00:00,10,3,0,0,23.596213868074994,1.3751327782253655,0.0,zonia,0,False
2025-06-18 19:27:31.341504858+00:00,10,3,0,0,23.63701007690598,1.3779550149804418,0.0,zonia,0,False
2025-06-18 19:56:54.452883858+00:00,10,3,0,0,22.641184328045533,1.3798394877050093,0.0,zonia,0,False
2025-06-18 20:05:19.604659858+00:00,10,3,0,0,22.398298855744375,1.3835276160704157,0.0,zonia,0,False
2025-06-18 20:09:51.507427858+00:00,10,3,0,0,22.341202539027606,1.3859924666362633,0.0,zonia,0,False
2025-06-18 20:11:00.809719858+00:00,10,3,0,0,22.261525432611894,1.381612715436021,0.0,zonia,0,False
2025-06-18 20:43:12.363680858+00:00,10,3,0,0,21.13610291378265,1.3754745411680027,0.0,zonia,0,False
2025-06-18 21:00:15.040693858+00:00,10,3,0,0,20.408190744860047,1.3724125937544152,0.0,zonia,0,False
2025-06-18 21:08:16.258449858+00:00,10,3,0,0,20.42191638927331,1.362660918514338,0.0,zonia,0,False
2025-06-18 21:15:27.040398858+00:00,10,3,0,0,20.366618315366978,1.3453670258296202,0.0,zonia,0,False
2025-06-18 21:37:49.762623858+00:00,10,3,0,0,20.14015870241301,1.350343060856677,0.0,zonia,0,False
2025-06-18 22:11:16.303005858+00:00,10,3,0,0,19.225956155450227,1.3615818314009194,0.0,zonia,0,False
2025-06-18 22:19:43.722116858+00:00,10,3,0,0,19.353418833858402,1.3605503551895468,0.0,zonia,0,False
2025-06-18 22:40:18.316174858+00:00,10,3,0,0,19.090195954724617,1.3614265109331762,0.0,zonia,0,False
2025-06-18 22:43:46.260213858+00:00,10,3,0,0,18.749491496900216,1.3633808768394247,0.0,zonia,0,False
2025-06-18 22:53:46.902213858+00:00,10,3,0,0,18.77433828113073,1.3767032612640844,0.0,zonia,0,False
2025-06-18 23:09:17.444123858+00:00,10,3,0,0,18.629904190754853,1.3804166643591245,0.0,zonia,0,False
2025-06-18 23:10:36.188462858+00:00,10,3,0,0,18.584323474427908,1.38264297409679,0.0,zonia,0,False
2025-06-18 23:14:21.299654858+00:00,10,3,0,0,18.480905916204968,1.383834810731828,0.0,zonia,0,False
2025-06-19 00:12:51.074435858+00:00,10,3,0,0,17.869363277941268,1.3859819339094746,0.0,zonia,0,False
2025-06-19 00:54:12.466531858+00:00,10,3,0,0,17.496332387085033,1.388756368225303,0.0,zonia,0,False
2025-06-19 01:05:38.316850858+00:00,10,3,0,0,17.533329847581673,1.3872689550531323,0.0,zonia,0,False
2025-06-19 01:05:50.178193858+00:00,10,3,0,0,17.449804964387088,1.3898128209037233,0.0,zonia,0,False
2025-06-19 01:08:49.113071858+00:00,10,3,0,0,17.739977293117416,1.400080077168212,0.0,zonia,0,False
2025-06-19 01:14:28.014538858+00:00,10,3,0,0,17.585017526853164,1.3998350786038947,0.0,zonia,0,False
2025-06-19 01:16:14.026610858+00:00,10,3,0,0,17.34478865373737,1.401803228592446,0.0,zonia,0,False
2025-06-19 01:16:39.184262858+00:00,10,3,0,0,17.477837102972146,1.4024831605035426,0.0,zonia,0,False
2025-06-19 02:33:56.970959858+00:00,10,3,0,0,17.01403633168669,1.4023746491867384,0.0,zonia,0,False
2025-06-19 02:54:48.422639858+00:00,10,3,0,0,16.841465546696806,1.408865826972127,0.0,zonia,0,False
2025-06-19 03:09:36.472381858+00:00,10,3,0,0,16.368366100834624,1.4127368636218216,0.0,zonia,0,False
2025-06-19 03:11:29.330526858+00:00,10,3,0,0,16.855652256463383,1.4120622919504413,0.0,zonia,0,False
2025-06-19 03:11:56.309878858+00:00,10,3,0,0,16.71797057063218,1.412189357730943,0.0,zonia,0,False
2025-06-19 03:23:49.099524858+00:00,10,3,0,0,16.42531038451714,1.414091220522918,0.0,zonia,0,False
2025-06-19 03:28:37.409252858+00:00,10,3,0,0,16.700568620439732,1.4136077387408044,0.0,zonia,0,False
2025-06-19 03:37:36.520450858+00:00,10,3,0,0,16.207598298321628,1.4076175490706966,0.0,zonia,0,False
2025-06-19 03:42:18.213124858+00:00,10,3,0,0,16.509286827008886,1.4075720361443647,0.0,zonia,0,False
2025-06-19 03:43:44.943077858+00:00,10,3,0,0,16.44018674401741,1.4062397525750103,0.0,zonia,0,False
2025-06-19 03:44:27.860992858+00:00,10,3,0,0,16.44815565833032,1.405085836271984,0.0,zonia,0,False
2025-06-19 03:52:25.386300858+00:00,10,3,0,0,16.69673000243641,1.4049448858387394,0.0,zonia,0,False
2025-06-19 04:01:41.590416858+00:00,10,3,0,0,16.973980730000864,1.4094658165201257,0.0,zonia,0,False
2025-06-19 04:06:25.081806858+00:00,10,3,0,0,16.86107384930371,1.4092458830382044,0.0,zonia,0,False
2025-06-19 04:26:59.808467858+00:00,10,3,0,0,17.61033943116227,1.410263155939873,0.0,zonia,0,False
2025-06-19 04:31:47.970499858+00:00,10,3,0,0,17.770506782915042,1.3968073584497966,0.0,zonia,0,False
2025-06-19 04:34:03.438948858+00:00,10,3,0,0,18.351318550631074,1.39076570027357,0.0,zonia,0,False
2025-06-19 04:40:02.005771858+00:00,10,3,0,0,18.593913514689866,1.3856100574605918,0.0,zonia,0,False
2025-06-19 04:49:15.108797858+00:00,10,3,0,0,19.372379957580403,1.3850174041143286,0.0,zonia,0,False
2025-06-19 04:52:52.055430858+00:00,10,3,0,0,19.381211984967152,1.3631762475618197,0.0,zonia,0,False
2025-06-19 04:53:27.527093858+00:00,10,3,0,0,19.80056326101755,1.3523858469032317,0.0,zonia,0,False
2025-06-19 05:19:07.975491858+00:00,10,3,0,0,20.555730784716072,1.348544471997712,0.0,zonia,0,False
2025-06-19 05:27:46.788377858+00:00,10,3,0,0,21.35823730119714,1.3238449495656537,0.0,zonia,0,False
2025-06-19 05:34:10.195602858+00:00,10,3,0,0,21.606599868400536,1.328127088349117,0.0,zonia,0,False
2025-06-19 05:53:07.126134858+00:00,10,3,0,0,22.516878138240877,1.3226691772231371,0.0,zonia,0,False
2025-06-19 06:00:42.769560858+00:00,10,3,0,0,23.15198438146374,1.186007490349471,0.0,zonia,0,False
2025-06-19 06:04:56.903566858+00:00,10,3,0,0,23.367624168847524,1.1139835385030883,0.0,zonia,0,False
2025-06-19 06:49:59.813858858+00:00,10,3,0,0,25.59850445821996,1.1380009090212682,0.0,zonia,0,False
2025-06-19 06:53:37.890025858+00:00,10,3,0,0,25.782118040731362,1.143789082780197,0.0,zonia,0,False
2025-06-19 06:56:17.171260858+00:00,10,3,0,0,25.94814399508538,1.1435808406562302,0.0,zonia,0,False
2025-06-19 06:59:05.214538858+00:00,10,3,0,0,26.328850554456942,1.1557479265304027,0.0,zonia,0,False
2025-06-19 07:04:35.132667858+00:00,10,3,0,0,26.2207235646971,1.1588285236855984,0.0,zonia,0,False
2025-06-19 07:05:30.830120858+00:00,10,3,0,0,26.241439679144772,1.2471672181261575,0.0,zonia,0,False
2025-06-19 07:16:39.452078858+00:00,10,3,0,0,26.722339940842556,1.2291174554510627,0.0,zonia,0,False
2025-06-19 07:25:15.526021858+00:00,10,3,0,0,26.888058303525955,1.2345600096042817,0.0,zonia,0,False
2025-06-19 08:03:48.490122858+00:00,10,3,0,0,28.49519415433726,1.2334197768001276,0.0,zonia,0,False
2025-06-19 08:28:21.144772858+00:00,10,3,0,0,29.324182699487146,1.27746678449021,0.0,zonia,0,False
2025-06-19 08:29:07.514899858+00:00,10,3,0,0,29.13639230307812,1.3027649535090569,0.0,zonia,0,False
2025-06-19 08:41:07.997477858+00:00,10,3,0,0,29.88276976021217,1.3296174995371157,0.0,zonia,0,False
2025-06-19 08:49:53.824806858+00:00,10,3,0,0,30.045339609767577,1.332329107989546,0.0,zonia,0,False
