current_time,indexers_created,indexers_malign,indexers_banned,indexers_banned_malign,inferred_truth,avg_rep_benign,avg_rep_malign,mode,fail_counter,consolidated_result
2025-06-07 21:26:13.934564089+00:00,12,0,0,0,22.55526958462953,0.18604158049005418,0.0,zonia,0,False
2025-06-07 21:44:53.220547089+00:00,12,0,0,0,21.729169687181383,0.3101271344211352,0.0,zonia,0,False
2025-06-07 21:53:29.006534089+00:00,12,0,0,0,21.69164483401983,0.43468807413961125,0.0,zonia,0,False
2025-06-07 22:03:47.856501089+00:00,12,0,0,0,20.827014313444444,0.5319884407562508,0.0,zonia,0,False
2025-06-07 22:12:38.077762089+00:00,12,0,0,0,21.738840079835708,0.6456897507585168,0.0,zonia,0,False
2025-06-07 23:11:10.826948089+00:00,12,0,0,0,19.91584290870026,0.7135616284190828,0.0,zonia,0,False
2025-06-07 23:16:32.502349089+00:00,12,0,0,0,19.764529526988646,0.7612668021723131,0.0,zonia,0,False
2025-06-07 23:48:42.858175089+00:00,12,0,0,0,19.11188860065443,0.8097599079008212,0.0,zonia,0,False
2025-06-08 00:07:24.592689089+00:00,12,0,0,0,19.174475354018426,0.8526511726181898,0.0,zonia,0,False
2025-06-08 00:35:41.461722089+00:00,12,0,0,0,19.82273572108624,0.8478266210568225,0.0,zonia,0,False
2025-06-08 00:54:52.150653089+00:00,12,0,0,0,19.222991771094264,0.8681461926327239,0.0,zonia,0,False
2025-06-08 01:05:45.127461089+00:00,12,0,0,0,18.108450078826756,0.8814240768016717,0.0,zonia,0,False
2025-06-08 01:22:08.667472089+00:00,12,0,0,0,18.728052344786683,0.8703887690690902,0.0,zonia,0,False
2025-06-08 01:25:33.814283089+00:00,12,0,0,0,18.139144185898452,0.86869496687924,0.0,zonia,0,False
2025-06-08 02:03:23.548205089+00:00,12,0,0,0,18.247622276585986,0.8707439956693671,0.0,zonia,0,False
2025-06-08 02:23:55.681143089+00:00,12,0,0,0,18.25239131893546,0.8831076563821805,0.0,zonia,0,False
2025-06-08 02:47:33.627132089+00:00,12,0,0,0,18.154261951659706,0.8877075337344632,0.0,zonia,0,False
2025-06-08 02:49:21.960412089+00:00,12,0,0,0,17.71329198078544,0.9107208804603268,0.0,zonia,0,False
2025-06-08 02:55:59.008698089+00:00,12,0,0,0,18.619253045802513,0.9048902728440713,0.0,zonia,0,False
2025-06-08 02:57:28.929726089+00:00,12,0,0,0,18.06791098282702,0.9046872276199182,0.0,zonia,0,False
2025-06-08 03:12:21.959294089+00:00,12,0,0,0,18.553018296332823,0.8947751848603293,0.0,zonia,0,False
2025-06-08 03:14:58.168404089+00:00,12,0,0,0,18.538004473833325,0.8924379710405722,0.0,zonia,0,False
2025-06-08 03:27:44.889481089+00:00,12,0,0,0,18.761028015705374,0.8568497657989962,0.0,zonia,0,False
2025-06-08 03:42:29.810937089+00:00,12,0,0,0,18.853537074480965,0.8557805185199124,0.0,zonia,0,False
2025-06-08 03:59:51.362379089+00:00,12,0,0,0,19.801538163065437,0.8489466911656045,0.0,zonia,0,False
2025-06-08 04:37:54.280556089+00:00,12,0,0,0,19.72847418318183,0.8739267574534418,0.0,zonia,0,False
2025-06-08 05:02:20.828371089+00:00,12,0,0,0,21.93331806811642,0.8804860515462692,0.0,zonia,0,False
2025-06-08 05:03:22.793517089+00:00,12,0,0,0,22.255948763371006,0.9057938841873893,0.0,zonia,0,False
2025-06-08 05:03:33.561584089+00:00,12,0,0,0,22.09474808154071,0.9332543845041813,0.0,zonia,0,False
2025-06-08 05:29:11.364581089+00:00,12,0,0,0,23.8244556589559,0.9378175887651854,0.0,zonia,0,False
2025-06-08 05:30:26.855632089+00:00,12,0,0,0,23.974497172046938,0.9406327290433766,0.0,zonia,0,False
2025-06-08 05:47:30.082023089+00:00,12,0,0,0,24.699703154295793,0.9449685155489783,0.0,zonia,0,False
2025-06-08 05:53:28.099047089+00:00,12,0,0,0,24.99473482745108,0.9489180283425518,0.0,zonia,0,False
2025-06-08 05:57:57.248225089+00:00,12,0,0,0,25.20579627797576,0.9294193911153755,0.0,zonia,0,False
2025-06-08 06:07:50.188113089+00:00,12,0,0,0,25.407564166284182,0.9334920192860082,0.0,zonia,0,False
2025-06-08 06:11:26.802856089+00:00,12,0,0,0,25.440970642570484,0.9431272640299388,0.0,zonia,0,False
2025-06-08 06:15:47.679996089+00:00,12,0,0,0,25.754146779845744,0.9423820436511932,0.0,zonia,0,False
2025-06-08 06:50:20.212425089+00:00,12,0,0,0,26.777558892038066,0.9421349575296091,0.0,zonia,0,False
2025-06-08 07:03:58.433989089+00:00,12,0,0,0,27.312736543630116,0.9231289445493429,0.0,zonia,0,False
2025-06-08 07:16:21.835115089+00:00,12,0,0,0,27.312135399653855,0.9138457648011887,0.0,zonia,0,False
2025-06-08 07:20:46.068802089+00:00,12,0,0,0,27.2184374313565,0.922896409644312,0.0,zonia,0,False
2025-06-08 07:38:48.597760089+00:00,12,0,0,0,27.747347083506895,0.92478758293965,0.0,zonia,0,False
2025-06-08 07:40:03.832862089+00:00,12,0,0,0,27.82962261172326,0.9273596986276366,0.0,zonia,0,False
2025-06-08 07:49:01.418501089+00:00,12,0,0,0,28.095248591550842,0.9255300074408622,0.0,zonia,0,False
2025-06-08 07:54:18.291121089+00:00,12,0,0,0,28.059628840292877,0.9258793374749814,0.0,zonia,0,False
2025-06-08 08:14:05.469589089+00:00,12,0,0,0,26.968095952903806,0.8588437952740998,0.0,zonia,0,False
2025-06-08 08:15:57.422422089+00:00,12,0,0,0,28.318414540052668,0.8699609643898483,0.0,zonia,0,False
2025-06-08 08:18:55.764642089+00:00,12,0,0,0,28.290883531137574,0.8297704573199347,0.0,zonia,0,False
2025-06-08 08:20:41.718333089+00:00,12,0,0,0,28.132216547605474,0.8118517765859513,0.0,zonia,0,False
2025-06-08 09:03:36.225666089+00:00,12,0,0,0,29.135726210945272,0.8050700194249366,0.0,zonia,0,False
2025-06-08 09:08:43.149036089+00:00,12,0,0,0,29.480704781268756,0.8180199793519138,0.0,zonia,0,False
2025-06-08 09:10:32.663965089+00:00,12,0,0,0,29.063246918789854,0.8229257736863133,0.0,zonia,0,False
2025-06-08 09:20:31.550373089+00:00,12,0,0,0,29.548991994189738,0.8513380760137489,0.0,zonia,0,False
2025-06-08 09:22:01.912198089+00:00,12,0,0,0,29.565114072496403,0.8650229353877444,0.0,zonia,0,False
2025-06-08 09:42:12.238981089+00:00,12,0,0,0,29.547605230246027,0.8711025087678662,0.0,zonia,0,False
2025-06-08 10:14:48.346218089+00:00,12,0,0,0,29.42340202345586,0.8748862892842523,0.0,zonia,0,False
2025-06-08 10:41:21.621613089+00:00,12,0,0,0,30.114269860291817,0.8858994619909087,0.0,zonia,0,False
2025-06-08 10:44:51.112091089+00:00,12,0,0,0,30.290349113419968,0.8807111362379527,0.0,zonia,0,False
2025-06-08 10:51:27.050592089+00:00,12,0,0,0,30.068339231509682,0.875368341963053,0.0,zonia,0,False
2025-06-08 10:52:47.537955089+00:00,12,0,0,0,30.175281655008945,0.8749131890627635,0.0,zonia,0,False
2025-06-08 11:09:48.629478089+00:00,12,0,0,0,30.579992677120334,0.878077632347075,0.0,zonia,0,False
2025-06-08 11:29:20.272053089+00:00,12,0,0,0,30.793501474867536,0.8763884527122289,0.0,zonia,0,False
2025-06-08 11:46:43.458668089+00:00,12,0,0,0,30.003978965074733,0.8780323845470926,0.0,zonia,0,False
2025-06-08 11:51:31.000799089+00:00,12,0,0,0,30.647427419648196,0.8739737099523012,0.0,zonia,0,False
2025-06-08 12:51:27.459621089+00:00,12,0,0,0,30.696743582768452,0.870980089873208,0.0,zonia,0,False
2025-06-08 12:51:44.881992089+00:00,12,0,0,0,30.66847037578487,0.8726368105537882,0.0,zonia,0,False
2025-06-08 13:15:36.682157089+00:00,12,0,0,0,30.99173368034164,0.8753322550191215,0.0,zonia,0,False
2025-06-08 13:38:41.070539089+00:00,12,0,0,0,30.82977908533041,0.8759318427121298,0.0,zonia,0,False
2025-06-08 14:03:33.551817089+00:00,12,0,0,0,31.28834612449603,0.8817851669694411,0.0,zonia,0,False
2025-06-08 14:13:37.430553089+00:00,12,0,0,0,31.33775417963394,0.9096502220862872,0.0,zonia,0,False
2025-06-08 14:16:49.533668089+00:00,12,0,0,0,31.23821832543368,0.9240717645948955,0.0,zonia,0,False
2025-06-08 14:29:54.931196089+00:00,12,0,0,0,31.26307286467029,0.9292663963364705,0.0,zonia,0,False
2025-06-08 14:32:52.395827089+00:00,12,0,0,0,31.235987114333543,0.9381167147910717,0.0,zonia,0,False
2025-06-08 15:13:37.420654089+00:00,12,0,0,0,31.09291760428405,0.9402502567119995,0.0,zonia,0,False
2025-06-08 15:30:01.064458089+00:00,12,0,0,0,30.85072226555167,0.9439320374863204,0.0,zonia,0,False
2025-06-08 15:42:35.539343089+00:00,12,0,0,0,30.274955608313743,0.952479526746583,0.0,zonia,0,False
2025-06-08 15:49:34.458636089+00:00,12,0,0,0,30.16995205099112,0.9520067898231536,0.0,zonia,0,False
2025-06-08 16:07:43.177228089+00:00,12,0,0,0,29.84622125511134,0.9561052748238416,0.0,zonia,0,False
2025-06-08 16:08:22.170060089+00:00,12,0,0,0,29.987575272386,0.9571253188532971,0.0,zonia,0,False
2025-06-08 16:50:20.153821089+00:00,12,0,0,0,29.20942287089788,0.9630479950482851,0.0,zonia,0,False
2025-06-08 17:10:38.881776089+00:00,12,0,0,0,28.726543294336118,0.9636733531852593,0.0,zonia,0,False
2025-06-08 18:00:02.007041089+00:00,12,0,0,0,26.787447828553024,0.9702650760712223,0.0,zonia,0,False
2025-06-08 18:16:15.085371089+00:00,12,0,0,0,26.027099313544944,0.974028817188319,0.0,zonia,0,False
2025-06-08 19:08:48.647362089+00:00,12,0,0,0,24.162701264276805,0.9720558721514171,0.0,zonia,0,False
2025-06-08 19:16:39.995534089+00:00,12,0,0,0,24.256158542791745,0.9660386796110539,0.0,zonia,0,False
2025-06-08 19:18:45.560878089+00:00,12,0,0,0,24.206906753977076,0.9644489917953093,0.0,zonia,0,False
2025-06-08 19:53:52.533588089+00:00,12,0,0,0,23.267969973115342,0.9649169837580024,0.0,zonia,0,False
2025-06-08 19:55:48.028638089+00:00,12,0,0,0,23.316973039289504,0.9678240751237704,0.0,zonia,0,False
2025-06-08 19:58:38.890078089+00:00,12,0,0,0,23.38389689498863,0.96966885258434,0.0,zonia,0,False
2025-06-08 20:06:20.625516089+00:00,12,0,0,0,22.859597398467297,0.9674106659506386,0.0,zonia,0,False
2025-06-08 20:09:14.711477089+00:00,12,0,0,0,23.57834465124732,0.9707020482695016,0.0,zonia,0,False
2025-06-08 20:30:26.191536089+00:00,12,0,0,0,22.392900961419965,0.9704708727164117,0.0,zonia,0,False
2025-06-08 20:35:59.983685089+00:00,12,0,0,0,22.259012544521614,0.9647490371745007,0.0,zonia,0,False
2025-06-08 20:52:32.595627089+00:00,12,0,0,0,21.89940522035145,0.9609015247160838,0.0,zonia,0,False
2025-06-08 21:05:36.050104089+00:00,12,0,0,0,21.316585491688816,0.9611192681123536,0.0,zonia,0,False
2025-06-08 21:13:04.759924089+00:00,12,0,0,0,21.232438456588305,0.9600923102230988,0.0,zonia,0,False
2025-06-08 22:00:04.468066089+00:00,12,0,0,0,20.056070585638558,0.9184490980686962,0.0,zonia,0,False
2025-06-08 22:04:08.670078089+00:00,12,0,0,0,19.85762508424807,0.9156087387927943,0.0,zonia,0,False
2025-06-08 22:11:45.681930089+00:00,12,0,0,0,19.671576714338467,0.9086562350773714,0.0,zonia,0,False
2025-06-08 22:13:02.180696089+00:00,12,0,0,0,19.716440841928808,0.892480214315024,0.0,zonia,0,False
2025-06-08 22:16:02.390815089+00:00,12,0,0,0,19.66837308766937,0.8942909973768355,0.0,zonia,0,False
2025-06-08 22:31:11.684045089+00:00,12,0,0,0,18.978256673499164,0.9017946005630287,0.0,zonia,0,False
2025-06-08 22:42:50.309259089+00:00,12,0,0,0,18.999989403908398,0.9050992419344613,0.0,zonia,0,False
2025-06-08 22:55:07.033558089+00:00,12,0,0,0,18.53622535074447,0.9056078584050445,0.0,zonia,0,False
2025-06-08 22:56:45.086731089+00:00,12,0,0,0,18.949360321678913,0.904254177697235,0.0,zonia,0,False
2025-06-08 23:09:57.424748089+00:00,12,0,0,0,18.629186314197305,0.902870103112212,0.0,zonia,0,False
2025-06-08 23:32:01.223005089+00:00,12,0,0,0,18.39370803039505,0.9139593426474989,0.0,zonia,0,False
2025-06-08 23:48:43.316434089+00:00,12,0,0,0,17.616756936586864,0.9141894964480181,0.0,zonia,0,False
2025-06-09 00:04:33.455333089+00:00,12,0,0,0,17.34225988158404,0.9078309191563717,0.0,zonia,0,False
2025-06-09 01:05:21.021500089+00:00,12,0,0,0,17.941066335013254,0.9057716888306655,0.0,zonia,0,False
2025-06-09 01:46:57.318451089+00:00,12,0,0,0,16.682343864876227,0.9037271600401985,0.0,zonia,0,False
2025-06-09 02:25:37.948027089+00:00,12,0,0,0,17.028509816382662,0.8995765824897101,0.0,zonia,0,False
2025-06-09 02:39:11.653479089+00:00,12,0,0,0,17.07153869919818,0.9121514725216212,0.0,zonia,0,False
2025-06-09 03:07:23.657946089+00:00,12,0,0,0,16.171219964348616,0.924866406339353,0.0,zonia,0,False
2025-06-09 03:34:28.147570089+00:00,12,0,0,0,16.432208578858233,0.9408508673821698,0.0,zonia,0,False
2025-06-09 03:37:49.400848089+00:00,12,0,0,0,16.313031735517885,0.9460041666618837,0.0,zonia,0,False
2025-06-09 03:38:56.157485089+00:00,12,0,0,0,16.937109156553092,0.9447990491244268,0.0,zonia,0,False
2025-06-09 03:58:13.929670089+00:00,12,0,0,0,17.092929454136733,0.9425823287389111,0.0,zonia,0,False
2025-06-09 04:20:22.410116089+00:00,12,0,0,0,17.20489527294195,0.9477938422641091,0.0,zonia,0,False
2025-06-09 04:27:59.112151089+00:00,12,0,0,0,17.966405920880774,0.9496702161431694,0.0,zonia,0,False
2025-06-09 04:28:01.856769089+00:00,12,0,0,0,17.648117641828076,0.9442848241228218,0.0,zonia,0,False
2025-06-09 05:14:56.095269089+00:00,12,0,0,0,19.98988697545532,0.9443163396352108,0.0,zonia,0,False
2025-06-09 05:29:15.128998089+00:00,12,0,0,0,20.627837549414238,0.9487615558726215,0.0,zonia,0,False
2025-06-09 05:43:43.689511089+00:00,12,0,0,0,21.72015753580834,0.9364827161037601,0.0,zonia,0,False
2025-06-09 05:44:41.069609089+00:00,12,0,0,0,21.73882884751235,0.941017804085236,0.0,zonia,0,False
2025-06-09 05:49:08.209828089+00:00,12,0,0,0,21.900998231969194,0.9474707420688543,0.0,zonia,0,False
2025-06-09 05:57:02.766343089+00:00,12,0,0,0,22.45874812011056,0.9482844665063762,0.0,zonia,0,False
2025-06-09 06:14:50.612928089+00:00,12,0,0,0,22.765893308931705,0.9310816119838243,0.0,zonia,0,False
2025-06-09 06:31:42.550944089+00:00,12,0,0,0,23.41150061165747,0.9308394394544893,0.0,zonia,0,False
2025-06-09 07:14:10.318284089+00:00,12,0,0,0,24.25837909137348,0.9226579186095002,0.0,zonia,0,False
2025-06-09 08:02:22.626816089+00:00,12,0,0,0,25.54922045032169,0.925938019530154,0.0,zonia,0,False
2025-06-09 08:09:49.848619089+00:00,12,0,0,0,25.454614824285777,0.9235409556022831,0.0,zonia,0,False
2025-06-09 08:11:45.371223089+00:00,12,0,0,0,25.37193000057353,0.9212092839931031,0.0,zonia,0,False
2025-06-09 08:26:39.348343089+00:00,12,0,0,0,25.993235961152077,0.9197604644753036,0.0,zonia,0,False
2025-06-09 08:31:02.867228089+00:00,12,0,0,0,26.22908315402178,0.9209258569127902,0.0,zonia,0,False
2025-06-09 08:53:29.029599089+00:00,12,0,0,0,26.993449625939334,0.9260185238785471,0.0,zonia,0,False
2025-06-09 08:58:32.769537089+00:00,12,0,0,0,26.920649164087806,0.925450259119355,0.0,zonia,0,False
2025-06-09 09:10:53.067579089+00:00,12,0,0,0,26.7594183525341,0.9263719435656176,0.0,zonia,0,False
2025-06-09 09:15:42.067551089+00:00,12,0,0,0,26.78856599857603,0.923950203098994,0.0,zonia,0,False
2025-06-09 09:23:17.252007089+00:00,12,0,0,0,27.03365828558048,0.9237572117458254,0.0,zonia,0,False
2025-06-09 09:54:33.335073089+00:00,12,0,0,0,27.78353965619951,0.9224842997937691,0.0,zonia,0,False
2025-06-09 10:01:54.778010089+00:00,12,0,0,0,27.835364617885567,0.9243865186626762,0.0,zonia,0,False
2025-06-09 10:16:58.664282089+00:00,12,0,0,0,27.480659407764918,0.9282582268118077,0.0,zonia,0,False
2025-06-09 11:03:11.178181089+00:00,12,0,0,0,27.220178524315177,0.9517454742885967,0.0,zonia,0,False
2025-06-09 11:51:33.563657089+00:00,12,0,0,0,27.697348600210855,0.9389665915237154,0.0,zonia,0,False
2025-06-09 12:06:42.663318089+00:00,12,0,0,0,27.350605550207728,0.9421099858495582,0.0,zonia,0,False
2025-06-09 12:12:00.126742089+00:00,12,0,0,0,27.183461914821876,0.9416624807415791,0.0,zonia,0,False
2025-06-09 12:20:25.671345089+00:00,12,0,0,0,27.483031004718683,0.9393914403140694,0.0,zonia,0,False
2025-06-09 12:26:27.781828089+00:00,12,0,0,0,27.488285589837034,0.9405531088867756,0.0,zonia,0,False
2025-06-09 12:32:25.769777089+00:00,12,0,0,0,27.703507213606233,0.9425210780554241,0.0,zonia,0,False
2025-06-09 12:35:19.037854089+00:00,12,0,0,0,27.354561526223012,0.9573349629590492,0.0,zonia,0,False
2025-06-09 12:35:32.890511089+00:00,12,0,0,0,27.581671177997382,0.9517475490690984,0.0,zonia,0,False
2025-06-09 12:54:23.543808089+00:00,12,0,0,0,27.368350635558464,0.9602780560429481,0.0,zonia,0,False
2025-06-09 13:03:00.439305089+00:00,12,0,0,0,27.524605563840556,0.9577061672036011,0.0,zonia,0,False
2025-06-09 13:12:43.157104089+00:00,12,0,0,0,27.219964354264643,0.9519290750477772,0.0,zonia,0,False
2025-06-09 13:23:24.836818089+00:00,12,0,0,0,27.43738158095122,0.9478038929275078,0.0,zonia,0,False
2025-06-09 13:54:09.355893089+00:00,12,0,0,0,28.04270778857283,0.9469929989878731,0.0,zonia,0,False
2025-06-09 14:25:32.458776089+00:00,12,0,0,0,28.098670424771235,0.9556336765851262,0.0,zonia,0,False
2025-06-09 14:38:18.414944089+00:00,12,0,0,0,27.593432027547067,0.945398747635288,0.0,zonia,0,False
2025-06-09 14:41:31.053429089+00:00,12,0,0,0,27.91283798921376,0.9466573276926863,0.0,zonia,0,False
2025-06-09 14:43:03.068965089+00:00,12,0,0,0,27.76186736227392,0.9428311915703569,0.0,zonia,0,False
2025-06-09 14:43:04.089912089+00:00,12,0,0,0,27.444104831092094,0.9347501455847116,0.0,zonia,0,False
2025-06-09 14:49:40.552029089+00:00,12,0,0,0,27.501474359015617,0.9349345050588461,0.0,zonia,0,False
2025-06-09 15:08:13.094130089+00:00,12,0,0,0,27.470075926828002,0.9315678562584909,0.0,zonia,0,False
2025-06-09 15:50:24.050901089+00:00,12,0,0,0,27.79191352481041,0.9482321639449068,0.0,zonia,0,False
2025-06-09 15:50:38.796375089+00:00,12,0,0,0,26.844586240158076,0.9478987181560559,0.0,zonia,0,False
2025-06-09 16:05:57.135293089+00:00,12,0,0,0,26.957403392352433,0.9475139621213016,0.0,zonia,0,False
2025-06-09 16:15:12.005466089+00:00,12,0,0,0,26.819916035919015,0.9512956307146737,0.0,zonia,0,False
2025-06-09 16:25:18.599213089+00:00,12,0,0,0,27.084947867936968,0.9603341187206441,0.0,zonia,0,False
2025-06-09 16:29:12.914882089+00:00,12,0,0,0,26.55903044878437,0.9589195073807965,0.0,zonia,0,False
2025-06-09 16:57:31.875175089+00:00,12,0,0,0,25.882066278834234,0.9580444745031795,0.0,zonia,0,False
2025-06-09 17:00:13.167957089+00:00,12,0,0,0,26.156289565990363,0.9614415699790922,0.0,zonia,0,False
2025-06-09 17:48:40.153768089+00:00,12,0,0,0,25.120638214060683,0.9637050911769753,0.0,zonia,0,False
2025-06-09 17:54:33.349299089+00:00,12,0,0,0,24.873319722004954,0.9699483401586596,0.0,zonia,0,False
2025-06-09 17:55:42.268907089+00:00,12,0,0,0,24.726639009827416,0.9717914553351755,0.0,zonia,0,False
2025-06-09 18:18:23.213384089+00:00,12,0,0,0,23.98199005765258,0.9794361120145343,0.0,zonia,0,False
2025-06-09 18:23:33.602534089+00:00,12,0,0,0,23.470797596350973,0.9816517053292294,0.0,zonia,0,False
2025-06-09 18:29:47.462858089+00:00,12,0,0,0,23.34643337221617,0.9856740021120505,0.0,zonia,0,False
2025-06-09 19:29:44.390526089+00:00,12,0,0,0,20.39942140910074,0.9868401975279082,0.0,zonia,0,False
2025-06-09 19:33:27.209264089+00:00,12,0,0,0,20.4793519247841,0.988258661319585,0.0,zonia,0,False
2025-06-09 19:58:42.472234089+00:00,12,0,0,0,19.80627695205891,0.9895281101084107,0.0,zonia,0,False
2025-06-09 20:08:26.762416089+00:00,12,0,0,0,19.518148616876314,0.9866365186312512,0.0,zonia,0,False
2025-06-09 20:32:06.268686089+00:00,12,0,0,0,18.930837153809957,0.9513377611051294,0.0,zonia,0,False
2025-06-09 20:59:53.086922089+00:00,12,0,0,0,18.451188099247474,0.9295534236079863,0.0,zonia,0,False
2025-06-09 21:02:57.741073089+00:00,12,0,0,0,18.453713945406104,0.918392414504604,0.0,zonia,0,False
2025-06-09 21:06:34.658700089+00:00,12,0,0,0,18.522973967588214,0.9501846087877585,0.0,zonia,0,False
2025-06-09 21:20:33.003846089+00:00,12,0,0,0,18.266230552959904,0.9524818013077709,0.0,zonia,0,False
2025-06-09 22:01:44.300659089+00:00,12,0,0,0,17.784654487574603,0.9579189855791999,0.0,zonia,0,False
2025-06-09 22:10:41.206228089+00:00,12,0,0,0,17.456157204448594,0.9558940000168129,0.0,zonia,0,False
2025-06-09 22:22:31.134587089+00:00,12,0,0,0,16.316110777142057,0.963979179115095,0.0,zonia,0,False
2025-06-09 22:47:02.567085089+00:00,12,0,0,0,16.868668209079917,0.9603723710581743,0.0,zonia,0,False
2025-06-09 22:51:00.215350089+00:00,12,0,0,0,16.546351058479193,0.9616689689296652,0.0,zonia,0,False
2025-06-09 23:00:40.536280089+00:00,12,0,0,0,16.581167055363714,0.9569604042685861,0.0,zonia,0,False
2025-06-09 23:41:29.247021089+00:00,12,0,0,0,15.932782055189056,0.9649165703911731,0.0,zonia,0,False
2025-06-09 23:49:01.220260089+00:00,12,0,0,0,15.861370674483368,0.964539912442315,0.0,zonia,0,False
2025-06-09 23:53:49.006753089+00:00,12,0,0,0,15.817791430507578,0.9669715923145062,0.0,zonia,0,False
2025-06-10 00:05:24.616467089+00:00,12,0,0,0,15.457944562523188,0.9698521644394464,0.0,zonia,0,False
2025-06-10 00:22:34.151526089+00:00,12,0,0,0,15.42987605862903,0.9703963082966718,0.0,zonia,0,False
2025-06-10 00:23:07.789986089+00:00,12,0,0,0,15.365924989748235,0.9703817718388,0.0,zonia,0,False
2025-06-10 00:34:32.956275089+00:00,12,0,0,0,15.947528379424403,0.978428573793015,0.0,zonia,0,False
2025-06-10 00:38:09.785288089+00:00,12,0,0,0,15.720750553202537,0.9762960892717215,0.0,zonia,0,False
2025-06-10 00:59:19.376903089+00:00,12,0,0,0,14.659748983813707,0.975896255716617,0.0,zonia,0,False
2025-06-10 02:09:30.174664089+00:00,12,0,0,0,14.723397696484387,0.9624150764399574,0.0,zonia,0,False
2025-06-10 02:19:23.369894089+00:00,12,0,0,0,14.711980923126852,0.9728088750081546,0.0,zonia,0,False
2025-06-10 02:55:01.136898089+00:00,12,0,0,0,14.751595387049216,0.9754210783040035,0.0,zonia,0,False
2025-06-10 02:56:30.513470089+00:00,12,0,0,0,14.519889122278025,0.980565297743718,0.0,zonia,0,False
2025-06-10 03:04:21.799664089+00:00,12,0,0,0,14.777242887047624,0.9808964370120309,0.0,zonia,0,False
2025-06-10 03:10:08.240445089+00:00,12,0,0,0,14.776000402598255,0.9842851892003183,0.0,zonia,0,False
2025-06-10 03:20:29.433950089+00:00,12,0,0,0,14.838249810788273,0.9853754372666906,0.0,zonia,0,False
2025-06-10 03:22:20.853400089+00:00,12,0,0,0,14.769743109468068,0.9866000622999599,0.0,zonia,0,False
2025-06-10 04:04:32.403101089+00:00,12,0,0,0,15.072745159482404,0.9863237518959109,0.0,zonia,0,False
2025-06-10 04:34:17.651114089+00:00,12,0,0,0,15.650898987469711,0.9881279488748501,0.0,zonia,0,False
2025-06-10 04:45:42.868125089+00:00,12,0,0,0,16.33302589081147,0.989030709552489,0.0,zonia,0,False
2025-06-10 05:01:26.712717089+00:00,12,0,0,0,17.147819037118108,0.9907861470447545,0.0,zonia,0,False
2025-06-10 05:07:01.639199089+00:00,12,0,0,0,17.50242398298602,0.9800274010543942,0.0,zonia,0,False
2025-06-10 05:17:13.961169089+00:00,12,0,0,0,17.890905497206806,0.9817501182147326,0.0,zonia,0,False
2025-06-10 05:17:21.508904089+00:00,12,0,0,0,17.978091627068437,0.9718412783568722,0.0,zonia,0,False
2025-06-10 05:17:34.655087089+00:00,12,0,0,0,18.074046103208733,0.9724202266793806,0.0,zonia,0,False
2025-06-10 05:28:04.952424089+00:00,12,0,0,0,18.505400075971043,0.9712993664269796,0.0,zonia,0,False
2025-06-10 05:29:04.922431089+00:00,12,0,0,0,18.581169567357655,0.9648855001514894,0.0,zonia,0,False
2025-06-10 05:34:20.411345089+00:00,12,0,0,0,19.095759419231165,0.8949791693610823,0.0,zonia,0,False
2025-06-10 05:52:10.458687089+00:00,12,0,0,0,19.486641354475392,0.8942620552875568,0.0,zonia,0,False
2025-06-10 05:52:24.890883089+00:00,12,0,0,0,19.51799360997804,0.8942048133290553,0.0,zonia,0,False
2025-06-10 06:11:15.716955089+00:00,12,0,0,0,20.07333587331548,0.8914261867534763,0.0,zonia,0,False
2025-06-10 06:11:49.215851089+00:00,12,0,0,0,19.979412278442222,0.8920727611324626,0.0,zonia,0,False
2025-06-10 06:17:25.747234089+00:00,12,0,0,0,20.4143419568261,0.892427498945462,0.0,zonia,0,False
2025-06-10 06:28:05.652514089+00:00,12,0,0,0,20.793019735300422,0.9264785845781464,0.0,zonia,0,False
2025-06-10 07:10:38.718267089+00:00,12,0,0,0,22.509286411516324,0.9255600285197593,0.0,zonia,0,False
2025-06-10 07:28:32.751668089+00:00,12,0,0,0,23.340401654686453,0.9258241402230043,0.0,zonia,0,False
2025-06-10 07:33:08.729396089+00:00,12,0,0,0,23.520643218639243,0.9254421425524545,0.0,zonia,0,False
2025-06-10 07:54:02.387411089+00:00,12,0,0,0,24.418115180228376,0.9280220854434216,0.0,zonia,0,False
2025-06-10 07:55:51.641407089+00:00,12,0,0,0,24.31530153129546,0.9281896450433851,0.0,zonia,0,False
2025-06-10 08:06:49.827462089+00:00,12,0,0,0,24.71587065347654,0.9280932304170073,0.0,zonia,0,False
2025-06-10 08:55:22.929919089+00:00,12,0,0,0,26.11947004925446,0.9459330688171828,0.0,zonia,0,False
2025-06-10 09:08:41.136376089+00:00,12,0,0,0,26.226766708348954,0.9568368816903198,0.0,zonia,0,False
2025-06-10 09:25:27.854093089+00:00,12,0,0,0,26.437924843702607,0.9548645163927313,0.0,zonia,0,False
2025-06-10 09:31:06.111530089+00:00,12,0,0,0,26.64759717659226,0.9596140082943739,0.0,zonia,0,False
2025-06-10 09:39:31.424533089+00:00,12,0,0,0,26.739333998840994,0.9611775846216273,0.0,zonia,0,False
2025-06-10 10:17:51.239926089+00:00,12,0,0,0,27.562983323077585,0.9632018934116272,0.0,zonia,0,False
2025-06-10 10:26:37.286700089+00:00,12,0,0,0,27.457418096198644,0.9633912506112257,0.0,zonia,0,False
2025-06-10 10:36:29.681014089+00:00,12,0,0,0,27.59814333345616,0.9657258279838729,0.0,zonia,0,False
2025-06-10 10:37:09.312793089+00:00,12,0,0,0,27.652592796781974,0.9666788900898458,0.0,zonia,0,False
2025-06-10 11:09:21.314674089+00:00,12,0,0,0,28.487179155438263,0.9676703327455538,0.0,zonia,0,False
2025-06-10 11:21:05.835933089+00:00,12,0,0,0,28.5497534574119,0.9662446097281295,0.0,zonia,0,False
2025-06-10 11:28:15.296146089+00:00,12,0,0,0,28.419409911373258,0.9635480337393719,0.0,zonia,0,False
2025-06-10 11:31:59.606216089+00:00,12,0,0,0,28.66008844162105,0.9638384563256972,0.0,zonia,0,False
2025-06-10 11:44:29.071025089+00:00,12,0,0,0,28.987230530451946,0.9582483358547785,0.0,zonia,0,False
2025-06-10 11:49:38.208171089+00:00,12,0,0,0,28.69042876966915,0.9482930115529294,0.0,zonia,0,False
2025-06-10 11:50:31.772124089+00:00,12,0,0,0,28.813670373881994,0.9453428894228595,0.0,zonia,0,False
2025-06-10 12:02:08.208876089+00:00,12,0,0,0,28.84957222649249,0.9448398628725002,0.0,zonia,0,False
2025-06-10 12:15:33.299837089+00:00,12,0,0,0,29.160672968328438,0.938984018906177,0.0,zonia,0,False
2025-06-10 12:22:11.143904089+00:00,12,0,0,0,29.078183848490823,0.9367225900112478,0.0,zonia,0,False
2025-06-10 12:25:23.023998089+00:00,12,0,0,0,29.264684076288464,0.9462284774700459,0.0,zonia,0,False
2025-06-10 12:35:58.261122089+00:00,12,0,0,0,29.556225529660445,0.9549051922763577,0.0,zonia,0,False
2025-06-10 12:49:20.010847089+00:00,12,0,0,0,29.945078159892144,0.9623576702160594,0.0,zonia,0,False
2025-06-10 13:01:18.447928089+00:00,12,0,0,0,30.305649989785874,0.9735994311991085,0.0,zonia,0,False
2025-06-10 13:07:36.947827089+00:00,12,0,0,0,29.907082010064336,0.9687863354787677,0.0,zonia,0,False
2025-06-10 13:12:50.560100089+00:00,12,0,0,0,30.038263892133493,0.9686908989518829,0.0,zonia,0,False
2025-06-10 13:20:06.200117089+00:00,12,0,0,0,30.344298724692408,0.9703201663823445,0.0,zonia,0,False
2025-06-10 13:28:50.415606089+00:00,12,0,0,0,30.07127255633963,0.9664567320787558,0.0,zonia,0,False
2025-06-10 13:36:56.311390089+00:00,12,0,0,0,30.180509598368054,0.9745429827807057,0.0,zonia,0,False
2025-06-10 13:47:57.922659089+00:00,12,0,0,0,30.372962941497153,0.977891088326596,0.0,zonia,0,False
2025-06-10 13:48:23.836796089+00:00,12,0,0,0,30.483335097178323,0.9781938048538584,0.0,zonia,0,False
2025-06-10 14:03:49.886412089+00:00,12,0,0,0,30.7932999173839,0.9790367274129959,0.0,zonia,0,False
2025-06-10 14:22:34.330347089+00:00,12,0,0,0,30.519356408216225,0.9805199983491,0.0,zonia,0,False
2025-06-10 14:46:25.896902089+00:00,12,0,0,0,30.73535289229012,0.9800395512908437,0.0,zonia,0,False
2025-06-10 14:55:37.802143089+00:00,12,0,0,0,31.108201086365288,0.9812149425107498,0.0,zonia,0,False
2025-06-10 15:33:22.668728089+00:00,12,0,0,0,30.866503957704825,0.9827681328988326,0.0,zonia,0,False
2025-06-10 16:05:26.157823089+00:00,12,0,0,0,30.83491797859728,0.9846089917105227,0.0,zonia,0,False
2025-06-10 16:18:08.160895089+00:00,12,0,0,0,30.31478220434934,0.9847059834670046,0.0,zonia,0,False
2025-06-10 16:32:22.548341089+00:00,12,0,0,0,29.15337128095141,0.9154702478309765,0.0,zonia,0,False
2025-06-10 16:33:10.628801089+00:00,12,0,0,0,30.37576396706189,0.8910145917614952,0.0,zonia,0,False
2025-06-10 16:34:09.928025089+00:00,12,0,0,0,30.358742388641435,0.8758921792396239,0.0,zonia,0,False
2025-06-10 17:13:08.328882089+00:00,12,0,0,0,29.417347962916317,0.8746460781822858,0.0,zonia,0,False
2025-06-10 17:22:00.392952089+00:00,12,0,0,0,29.419772245635215,0.9262820443453824,0.0,zonia,0,False
2025-06-10 17:46:18.920671089+00:00,12,0,0,0,28.548013203305068,0.9323645102339876,0.0,zonia,0,False
2025-06-10 17:52:05.911997089+00:00,12,0,0,0,28.54794670625014,0.9355190531515091,0.0,zonia,0,False
2025-06-10 18:22:12.455864089+00:00,12,0,0,0,26.071158931430677,0.9295142766302948,0.0,zonia,0,False
2025-06-10 18:28:54.161329089+00:00,12,0,0,0,25.509143348030673,0.948973189066353,0.0,zonia,0,False
2025-06-10 18:47:08.540600089+00:00,12,0,0,0,24.401657179868874,0.8642450241236671,0.0,zonia,0,False
2025-06-10 18:52:04.451853089+00:00,12,0,0,0,24.49613502383692,0.9102265447985999,0.0,zonia,0,False
2025-06-10 19:03:21.114234089+00:00,12,0,0,0,24.080028837930797,0.9117363552824512,0.0,zonia,0,False
2025-06-10 19:57:27.738508089+00:00,12,0,0,0,22.289051165749814,0.9069849148398762,0.0,zonia,0,False
2025-06-10 20:00:50.242943089+00:00,12,0,0,0,22.034584822335546,0.9268273477059595,0.0,zonia,0,False
2025-06-10 20:19:27.605444089+00:00,12,0,0,0,21.703822159087004,0.9397753662432575,0.0,zonia,0,False
2025-06-10 20:37:01.037621089+00:00,12,0,0,0,21.833753686552143,0.9537683949418782,0.0,zonia,0,False
2025-06-10 21:01:44.478020089+00:00,12,0,0,0,21.292168212100286,0.9551008317440172,0.0,zonia,0,False
2025-06-10 21:35:42.902078089+00:00,12,0,0,0,20.33073786366335,0.9559128300478797,0.0,zonia,0,False
2025-06-10 21:36:21.276047089+00:00,12,0,0,0,20.573952740844007,0.9592088774652371,0.0,zonia,0,False
2025-06-10 21:52:25.852095089+00:00,12,0,0,0,20.18659344899416,0.963954931711454,0.0,zonia,0,False
2025-06-10 21:52:41.720322089+00:00,12,0,0,0,20.086540879093562,0.9617747035364562,0.0,zonia,0,False
2025-06-10 21:54:01.523537089+00:00,12,0,0,0,20.335322726756033,0.9604236796385442,0.0,zonia,0,False
2025-06-10 21:57:34.000510089+00:00,12,0,0,0,19.15222398928409,0.9649394649458776,0.0,zonia,0,False
2025-06-10 22:01:34.386985089+00:00,12,0,0,0,19.084420862886535,0.9678678348304738,0.0,zonia,0,False
2025-06-10 22:20:53.901793089+00:00,12,0,0,0,19.45551641490724,0.9683063307797872,0.0,zonia,0,False
2025-06-10 22:28:29.210047089+00:00,12,0,0,0,19.344548370808106,0.9692513053673535,0.0,zonia,0,False
2025-06-10 22:32:26.672947089+00:00,12,0,0,0,19.181582475424857,0.969653141161976,0.0,zonia,0,False
2025-06-10 22:55:55.674263089+00:00,12,0,0,0,19.116476960913893,0.9744753448197105,0.0,zonia,0,False
2025-06-10 23:25:39.360309089+00:00,12,0,0,0,18.532393041362663,0.9774656776517503,0.0,zonia,0,False
2025-06-10 23:32:05.734403089+00:00,12,0,0,0,18.574770862501513,0.979392565059,0.0,zonia,0,False
2025-06-10 23:38:04.154329089+00:00,12,0,0,0,18.259744908060128,0.9801334877766518,0.0,zonia,0,False
2025-06-10 23:48:56.532883089+00:00,12,0,0,0,18.317850218429555,0.9813806803418803,0.0,zonia,0,False
2025-06-10 23:50:32.601551089+00:00,12,0,0,0,18.59808382703646,0.9812202793245302,0.0,zonia,0,False
2025-06-11 00:35:08.926264089+00:00,12,0,0,0,18.449218821526504,0.9829076893556948,0.0,zonia,0,False
2025-06-11 00:40:58.447195089+00:00,12,0,0,0,18.303949751567615,0.9840988812861253,0.0,zonia,0,False
2025-06-11 00:49:30.419941089+00:00,12,0,0,0,18.16153161396955,0.985947817409819,0.0,zonia,0,False
2025-06-11 00:52:42.154790089+00:00,12,0,0,0,18.092532909859216,0.986978954861382,0.0,zonia,0,False
2025-06-11 01:35:16.656199089+00:00,12,0,0,0,18.055720485695858,0.9866485882169705,0.0,zonia,0,False
2025-06-11 01:42:28.929542089+00:00,12,0,0,0,18.128945335521127,0.9799649321202892,0.0,zonia,0,False
2025-06-11 02:26:30.072326089+00:00,12,0,0,0,17.058825052675598,0.9763042470712685,0.0,zonia,0,False
2025-06-11 02:29:25.836275089+00:00,12,0,0,0,17.632705407581152,0.975155943300008,0.0,zonia,0,False
2025-06-11 02:42:37.125771089+00:00,12,0,0,0,16.731054976839374,0.9497244807277032,0.0,zonia,0,False
2025-06-11 02:47:35.002907089+00:00,12,0,0,0,17.21506929186065,0.9343417376881579,0.0,zonia,0,False
2025-06-11 02:49:13.700003089+00:00,12,0,0,0,17.071809811299904,0.9298673971905173,0.0,zonia,0,False
2025-06-11 03:14:31.305076089+00:00,12,0,0,0,16.818029432105316,0.9287032211267231,0.0,zonia,0,False
2025-06-11 03:17:34.999947089+00:00,12,0,0,0,16.624466288423815,0.9327806896829118,0.0,zonia,0,False
2025-06-11 03:34:34.664092089+00:00,12,0,0,0,16.63677154760806,0.9341304306966814,0.0,zonia,0,False
2025-06-11 04:06:48.408095089+00:00,12,0,0,0,17.265908986213326,0.9361452993693771,0.0,zonia,0,False
2025-06-11 04:26:47.677775089+00:00,12,0,0,0,17.924245975112353,0.9370341882155895,0.0,zonia,0,False
2025-06-11 04:27:02.137597089+00:00,12,0,0,0,18.03666233690128,0.9589203618619441,0.0,zonia,0,False
2025-06-11 04:40:46.621623089+00:00,12,0,0,0,18.97536640296778,0.9606058160832922,0.0,zonia,0,False
2025-06-11 04:46:28.694844089+00:00,12,0,0,0,19.54950997718889,0.9602763096942993,0.0,zonia,0,False
2025-06-11 04:49:16.964405089+00:00,12,0,0,0,19.510627620690958,0.9610445298469749,0.0,zonia,0,False
2025-06-11 04:57:52.975777089+00:00,12,0,0,0,20.066337256883397,0.8926237836213847,0.0,zonia,0,False
2025-06-11 05:02:00.718069089+00:00,12,0,0,0,20.484490594601077,0.9309945875909819,0.0,zonia,0,False
2025-06-11 05:15:48.285026089+00:00,12,0,0,0,20.973855740959948,0.9212768602010781,0.0,zonia,0,False
2025-06-11 05:52:51.579445089+00:00,12,0,0,0,23.536079729959752,0.9203448537592579,0.0,zonia,0,False
2025-06-11 05:57:34.438839089+00:00,12,0,0,0,23.97120313108107,0.9304238740763126,0.0,zonia,0,False
2025-06-11 06:10:50.640094089+00:00,12,0,0,0,24.36855761991936,0.9230875492033541,0.0,zonia,0,False
2025-06-11 06:51:52.625145089+00:00,12,0,0,0,27.055192626843706,0.9253029076852034,0.0,zonia,0,False
2025-06-11 06:56:49.131327089+00:00,12,0,0,0,27.308944679992326,0.9280056640010743,0.0,zonia,0,False
2025-06-11 06:59:10.458369089+00:00,12,0,0,0,27.04812126312859,0.9336364461086882,0.0,zonia,0,False
2025-06-11 07:20:03.265447089+00:00,12,0,0,0,28.10474343311645,0.9386409201404535,0.0,zonia,0,False
2025-06-11 07:33:21.718338089+00:00,12,0,0,0,28.120503152389055,0.9428499754735141,0.0,zonia,0,False
2025-06-11 07:56:48.627870089+00:00,12,0,0,0,28.89078397473423,0.9485392186741536,0.0,zonia,0,False
2025-06-11 08:19:19.147861089+00:00,12,0,0,0,29.45684051806774,0.9504533589595993,0.0,zonia,0,False
2025-06-11 08:24:23.181405089+00:00,12,0,0,0,29.267078665117456,0.9464183490637926,0.0,zonia,0,False
2025-06-11 08:32:32.134801089+00:00,12,0,0,0,29.49076538649346,0.9441908776306763,0.0,zonia,0,False
2025-06-11 08:50:13.290259089+00:00,12,0,0,0,29.954696321819316,0.9618228367218923,0.0,zonia,0,False
2025-06-11 09:04:49.697318089+00:00,12,0,0,0,30.40285632386576,0.9582613654394962,0.0,zonia,0,False
2025-06-11 09:10:02.754749089+00:00,12,0,0,0,30.559153812044833,0.9670441280108327,0.0,zonia,0,False
2025-06-11 09:25:06.527103089+00:00,12,0,0,0,30.920219972894195,0.9738541214103131,0.0,zonia,0,False
2025-06-11 09:26:43.037645089+00:00,12,0,0,0,30.727772228151334,0.9708489126605441,0.0,zonia,0,False
2025-06-11 09:36:33.451698089+00:00,12,0,0,0,30.803810382573452,0.9766677672347783,0.0,zonia,0,False
2025-06-11 09:49:52.208570089+00:00,12,0,0,0,30.58625993774208,0.929261425246208,0.0,zonia,0,False
2025-06-11 10:02:28.674831089+00:00,12,0,0,0,31.250115292237556,0.9509913816286867,0.0,zonia,0,False
2025-06-11 10:18:45.432229089+00:00,12,0,0,0,31.129061390636572,0.9640773444641882,0.0,zonia,0,False
2025-06-11 10:30:20.252137089+00:00,12,0,0,0,31.577000776101265,0.962532990037448,0.0,zonia,0,False
2025-06-11 10:40:52.183016089+00:00,12,0,0,0,31.49955534703935,0.9643673974189407,0.0,zonia,0,False
2025-06-11 10:41:25.790068089+00:00,12,0,0,0,31.448351429968106,0.9707270128672808,0.0,zonia,0,False
2025-06-11 10:52:51.854335089+00:00,12,0,0,0,31.67486262343451,0.9777416454300051,0.0,zonia,0,False
2025-06-11 11:01:16.642989089+00:00,12,0,0,0,31.65663115252841,0.9786100658871973,0.0,zonia,0,False
2025-06-11 11:44:48.250147089+00:00,12,0,0,0,31.913928763103513,0.9789352480435624,0.0,zonia,0,False
2025-06-11 11:52:04.467355089+00:00,12,0,0,0,32.10912395062136,0.9684657299468049,0.0,zonia,0,False
2025-06-11 12:12:13.708634089+00:00,12,0,0,0,32.39830515151907,0.9637163658218381,0.0,zonia,0,False
2025-06-11 12:13:26.904959089+00:00,12,0,0,0,32.36608650103846,0.959467091654036,0.0,zonia,0,False
2025-06-11 12:36:33.852602089+00:00,12,0,0,0,32.103420604661416,0.9615445203289953,0.0,zonia,0,False
2025-06-11 13:17:08.403576089+00:00,12,0,0,0,32.52359772263947,0.9185008562346009,0.0,zonia,0,False
2025-06-11 13:21:45.408541089+00:00,12,0,0,0,32.44685920470095,0.8390342318706735,0.0,zonia,0,False
2025-06-11 13:44:33.013263089+00:00,12,0,0,0,33.01464639043238,0.8382539104496739,0.0,zonia,0,False
2025-06-11 14:16:40.790965089+00:00,12,0,0,0,32.77298839980391,0.8540094941885629,0.0,zonia,0,False
2025-06-11 14:22:39.788547089+00:00,12,0,0,0,33.238202959850696,0.8826028323561848,0.0,zonia,0,False
2025-06-11 15:17:15.684102089+00:00,12,0,0,0,32.3923525414902,0.9128193626494068,0.0,zonia,0,False
2025-06-11 16:03:40.236965089+00:00,12,0,0,0,31.200515319475524,0.9122144138808704,0.0,zonia,0,False
2025-06-11 16:04:23.401636089+00:00,12,0,0,0,31.171036637537423,0.8989007173939395,0.0,zonia,0,False
2025-06-11 16:17:00.636681089+00:00,12,0,0,0,31.29484340088996,0.9136541350783586,0.0,zonia,0,False
2025-06-11 16:17:01.650476089+00:00,12,0,0,0,31.01389190551965,0.9243800318847456,0.0,zonia,0,False
2025-06-11 16:23:11.126830089+00:00,12,0,0,0,31.0327641019494,0.9333109227838218,0.0,zonia,0,False
2025-06-11 16:38:53.948550089+00:00,12,0,0,0,30.698131310798388,0.9388680939125339,0.0,zonia,0,False
2025-06-11 17:12:07.109953089+00:00,12,0,0,0,30.211248646887977,0.9463898248192372,0.0,zonia,0,False
2025-06-11 17:23:10.780083089+00:00,12,0,0,0,29.68540143671194,0.9554859156025431,0.0,zonia,0,False
2025-06-11 17:24:42.175027089+00:00,12,0,0,0,29.76836228521396,0.955210921093325,0.0,zonia,0,False
2025-06-11 17:34:37.128142089+00:00,12,0,0,0,28.445138138444616,0.9627621065019051,0.0,zonia,0,False
2025-06-11 17:42:59.571155089+00:00,12,0,0,0,28.307453292659265,0.9661879536828829,0.0,zonia,0,False
2025-06-11 17:45:48.588963089+00:00,12,0,0,0,28.173373105994322,0.972339157788058,0.0,zonia,0,False
2025-06-11 17:59:14.577896089+00:00,12,0,0,0,27.762765836879392,0.9700725641818773,0.0,zonia,0,False
2025-06-11 18:07:53.294885089+00:00,12,0,0,0,27.76627271141959,0.9714125838881453,0.0,zonia,0,False
2025-06-11 18:17:28.623139089+00:00,12,0,0,0,27.42428872402257,0.9739074631053434,0.0,zonia,0,False
2025-06-11 18:20:46.327614089+00:00,12,0,0,0,27.387692658259997,0.9724942183626369,0.0,zonia,0,False
2025-06-11 18:27:06.132410089+00:00,12,0,0,0,26.65529113191966,0.9752452275884815,0.0,zonia,0,False
2025-06-11 18:50:14.703067089+00:00,12,0,0,0,25.718204742271677,0.9765077847603917,0.0,zonia,0,False
2025-06-11 19:05:19.989319089+00:00,12,0,0,0,24.8715042868299,0.9766991584032915,0.0,zonia,0,False
2025-06-11 19:50:57.201742089+00:00,12,0,0,0,23.052136790529755,0.9777382903046616,0.0,zonia,0,False
2025-06-11 19:51:07.402897089+00:00,12,0,0,0,23.31158327134328,0.981744196921461,0.0,zonia,0,False
2025-06-11 20:20:51.109320089+00:00,12,0,0,0,22.644179270785646,0.9835667174986886,0.0,zonia,0,False
2025-06-11 20:32:27.691701089+00:00,12,0,0,0,22.176322290522638,0.9848409717507244,0.0,zonia,0,False
2025-06-11 20:49:08.405898089+00:00,12,0,0,0,22.39757634482486,0.9834517115997978,0.0,zonia,0,False
2025-06-11 20:50:35.979603089+00:00,12,0,0,0,21.89587739315458,0.9825145820840374,0.0,zonia,0,False
2025-06-11 21:03:33.472042089+00:00,12,0,0,0,21.712871387177767,0.9800935104640646,0.0,zonia,0,False
2025-06-11 21:05:56.225043089+00:00,12,0,0,0,21.74711479218946,0.9800944823549358,0.0,zonia,0,False
2025-06-11 21:47:13.595586089+00:00,12,0,0,0,20.841332542898556,0.9796867327711092,0.0,zonia,0,False
2025-06-11 21:50:59.060121089+00:00,12,0,0,0,20.709344990910964,0.9775054839397161,0.0,zonia,0,False
2025-06-11 22:24:29.368691089+00:00,12,0,0,0,20.32407951238319,0.9779324357343695,0.0,zonia,0,False
2025-06-11 22:34:31.628496089+00:00,12,0,0,0,20.20865906639422,0.9803927136771193,0.0,zonia,0,False
2025-06-11 22:46:34.237285089+00:00,12,0,0,0,19.965704761735854,0.9782350299618572,0.0,zonia,0,False
2025-06-11 22:50:27.473633089+00:00,12,0,0,0,19.73813866621816,0.9825997972882244,0.0,zonia,0,False
2025-06-11 23:33:56.123321089+00:00,12,0,0,0,19.206075675994885,0.9807181015405525,0.0,zonia,0,False
2025-06-11 23:35:23.542881089+00:00,12,0,0,0,19.455809161108544,0.9744898541748781,0.0,zonia,0,False
2025-06-11 23:39:16.226212089+00:00,12,0,0,0,18.789923598928475,0.9719544467459921,0.0,zonia,0,False
2025-06-11 23:42:18.139339089+00:00,12,0,0,0,19.076129233265146,0.9713432217167366,0.0,zonia,0,False
2025-06-11 23:49:15.774615089+00:00,12,0,0,0,19.044679401075385,0.9730442019024964,0.0,zonia,0,False
2025-06-12 00:15:07.537424089+00:00,12,0,0,0,19.315110557374467,0.9736780756336469,0.0,zonia,0,False
2025-06-12 00:17:58.197483089+00:00,12,0,0,0,19.503375499276885,0.9769491533468853,0.0,zonia,0,False
2025-06-12 00:27:00.687602089+00:00,12,0,0,0,19.1145020743126,0.9815441793983042,0.0,zonia,0,False
2025-06-12 01:01:09.964258089+00:00,12,0,0,0,18.31531050653588,0.9854533285445758,0.0,zonia,0,False
2025-06-12 01:07:50.132477089+00:00,12,0,0,0,18.511333701132408,0.9834788612284777,0.0,zonia,0,False
2025-06-12 01:08:57.272636089+00:00,12,0,0,0,18.479044777587642,0.9832340480085291,0.0,zonia,0,False
2025-06-12 01:22:50.863332089+00:00,12,0,0,0,18.574973524246474,0.98472458119963,0.0,zonia,0,False
2025-06-12 01:37:28.313944089+00:00,12,0,0,0,17.928274721607067,0.986369897170471,0.0,zonia,0,False
2025-06-12 01:37:52.865088089+00:00,12,0,0,0,18.01916887137906,0.9859842990858546,0.0,zonia,0,False
2025-06-12 01:43:41.924857089+00:00,12,0,0,0,18.380329850941667,0.9883115987675152,0.0,zonia,0,False
2025-06-12 02:13:58.307517089+00:00,12,0,0,0,17.788115182569662,0.9814108790411086,0.0,zonia,0,False
2025-06-12 02:13:58.530987089+00:00,12,0,0,0,18.253076474396185,0.9787326812012062,0.0,zonia,0,False
2025-06-12 02:39:55.947653089+00:00,12,0,0,0,17.471246305701705,0.976194046735048,0.0,zonia,0,False
2025-06-12 02:52:04.182187089+00:00,12,0,0,0,17.707392027087735,0.977400105482737,0.0,zonia,0,False
2025-06-12 02:56:21.043616089+00:00,12,0,0,0,17.424892761644006,0.977196538593892,0.0,zonia,0,False
2025-06-12 03:23:56.915825089+00:00,12,0,0,0,16.97667333167564,0.9804721944243836,0.0,zonia,0,False
2025-06-12 03:39:32.829405089+00:00,12,0,0,0,16.775265614007502,0.9839735195577187,0.0,zonia,0,False
2025-06-12 03:48:15.128747089+00:00,12,0,0,0,16.344370558413225,0.987399289744955,0.0,zonia,0,False
2025-06-12 03:56:51.419223089+00:00,12,0,0,0,16.72211730528982,0.9884356592118814,0.0,zonia,0,False
2025-06-12 04:02:25.302671089+00:00,12,0,0,0,16.63143386311379,0.9895241323585552,0.0,zonia,0,False
2025-06-12 04:02:52.293212089+00:00,12,0,0,0,16.954591602004367,0.9895414322709919,0.0,zonia,0,False
2025-06-12 04:19:31.350479089+00:00,12,0,0,0,17.086079812435926,0.9903669332869632,0.0,zonia,0,False
2025-06-12 04:25:27.184556089+00:00,12,0,0,0,17.08884900560788,0.9814602349252975,0.0,zonia,0,False
2025-06-12 04:28:15.159544089+00:00,12,0,0,0,17.36152937997353,0.9804942506813229,0.0,zonia,0,False
2025-06-12 04:31:48.019947089+00:00,12,0,0,0,17.39702443737458,0.9785012040858417,0.0,zonia,0,False
2025-06-12 04:47:10.389014089+00:00,12,0,0,0,18.47055107912464,0.9751490830786443,0.0,zonia,0,False
2025-06-12 05:00:45.760135089+00:00,12,0,0,0,19.810847223514994,0.9600170844564063,0.0,zonia,0,False
2025-06-12 05:04:52.245901089+00:00,12,0,0,0,19.778165903306856,0.9587206875361566,0.0,zonia,0,False
2025-06-12 05:31:16.571843089+00:00,12,0,0,0,21.41903996382502,0.9593436611058124,0.0,zonia,0,False
2025-06-12 05:39:15.917065089+00:00,12,0,0,0,21.902071850275725,0.958832331169658,0.0,zonia,0,False
2025-06-12 05:45:31.550971089+00:00,12,0,0,0,22.09984387912838,0.9620300635806226,0.0,zonia,0,False
2025-06-12 06:18:06.098337089+00:00,12,0,0,0,23.425673679906943,0.9601445293179118,0.0,zonia,0,False
2025-06-12 06:21:57.048435089+00:00,12,0,0,0,23.85604694407766,0.9637361150014927,0.0,zonia,0,False
2025-06-12 06:33:22.917433089+00:00,12,0,0,0,24.24822390121556,0.9634578904056518,0.0,zonia,0,False
2025-06-12 06:41:16.385655089+00:00,12,0,0,0,24.701499949714975,0.9629274351287584,0.0,zonia,0,False
2025-06-12 06:50:08.400259089+00:00,12,0,0,0,25.527318669580804,0.9630437522763908,0.0,zonia,0,False
2025-06-12 06:58:55.645894089+00:00,12,0,0,0,25.70307363091964,0.9659602996248644,0.0,zonia,0,False
2025-06-12 07:13:05.911673089+00:00,12,0,0,0,26.586053701930272,0.9666380057461151,0.0,zonia,0,False
2025-06-12 07:41:35.320413089+00:00,12,0,0,0,27.7163681923393,0.971191734447837,0.0,zonia,0,False
2025-06-12 08:27:49.075742089+00:00,12,0,0,0,29.085522089676356,0.979259022749056,0.0,zonia,0,False
2025-06-12 08:43:08.038145089+00:00,12,0,0,0,29.54619676417557,0.9804209884108904,0.0,zonia,0,False
2025-06-12 08:43:46.823158089+00:00,12,0,0,0,29.361595132708022,0.9814140167856503,0.0,zonia,0,False
2025-06-12 08:48:34.344176089+00:00,12,0,0,0,29.48926940738191,0.983806281535772,0.0,zonia,0,False
2025-06-12 09:12:26.385181089+00:00,12,0,0,0,29.77805801054139,0.9841717843741288,0.0,zonia,0,False
2025-06-12 09:12:37.423361089+00:00,12,0,0,0,29.84569678569187,0.9847671473090237,0.0,zonia,0,False
2025-06-12 09:18:53.770380089+00:00,12,0,0,0,29.922648861996436,0.9842271388097074,0.0,zonia,0,False
2025-06-12 09:27:59.639488089+00:00,12,0,0,0,30.115213412878767,0.980005011431529,0.0,zonia,0,False
2025-06-12 09:41:17.845084089+00:00,12,0,0,0,29.992230449016105,0.9810098326289823,0.0,zonia,0,False
2025-06-12 09:45:38.454293089+00:00,12,0,0,0,30.359626543732812,0.9809669610685964,0.0,zonia,0,False
2025-06-12 09:48:23.891781089+00:00,12,0,0,0,30.366954343004245,0.979488170060585,0.0,zonia,0,False
2025-06-12 09:55:26.442226089+00:00,12,0,0,0,30.3695729586133,0.9798687654075526,0.0,zonia,0,False
2025-06-12 09:59:44.713028089+00:00,12,0,0,0,30.382385632657133,0.9750275524117266,0.0,zonia,0,False
2025-06-12 10:05:59.645152089+00:00,12,0,0,0,30.740219807510073,0.9751526885354337,0.0,zonia,0,False
2025-06-12 10:07:12.999511089+00:00,12,0,0,0,30.465771999806652,0.9745475574842287,0.0,zonia,0,False
2025-06-12 10:20:01.811164089+00:00,12,0,0,0,30.559288380358307,0.9752245575158899,0.0,zonia,0,False
2025-06-12 10:20:52.520431089+00:00,12,0,0,0,30.931298389635533,0.9735133171922862,0.0,zonia,0,False
2025-06-12 10:22:22.653817089+00:00,12,0,0,0,30.66551750287527,0.9703822806951364,0.0,zonia,0,False
2025-06-12 10:28:04.446740089+00:00,12,0,0,0,31.480727508713418,0.9674410873183414,0.0,zonia,0,False
2025-06-12 10:38:12.407906089+00:00,12,0,0,0,31.71429022810871,0.965711358767142,0.0,zonia,0,False
2025-06-12 10:47:39.938595089+00:00,12,0,0,0,31.01578024532737,0.9655871442130569,0.0,zonia,0,False
2025-06-12 10:56:49.860869089+00:00,12,0,0,0,31.351912594320922,0.967026583411357,0.0,zonia,0,False
2025-06-12 11:02:51.942985089+00:00,12,0,0,0,31.358845037472115,0.9707587217191017,0.0,zonia,0,False
2025-06-12 11:03:42.801651089+00:00,12,0,0,0,31.389565520751137,0.967305110640503,0.0,zonia,0,False
2025-06-12 11:09:03.952985089+00:00,12,0,0,0,31.526768963840826,0.9694370306843746,0.0,zonia,0,False
2025-06-12 11:12:51.123459089+00:00,12,0,0,0,31.503357390280268,0.9686355361178777,0.0,zonia,0,False
2025-06-12 11:15:24.127745089+00:00,12,0,0,0,31.584213096040145,0.9699140753696757,0.0,zonia,0,False
2025-06-12 11:16:23.126942089+00:00,12,0,0,0,31.56672169037427,0.9680332716121692,0.0,zonia,0,False
2025-06-12 11:34:49.878885089+00:00,12,0,0,0,32.51876791692715,0.9723240759986868,0.0,zonia,0,False
2025-06-12 12:21:05.191175089+00:00,12,0,0,0,32.21850400162112,0.9714965599851132,0.0,zonia,0,False
2025-06-12 12:25:36.054243089+00:00,12,0,0,0,32.57568328760073,0.9641742141570679,0.0,zonia,0,False
2025-06-12 12:49:34.728804089+00:00,12,0,0,0,32.31847639062415,0.9640198211807066,0.0,zonia,0,False
2025-06-12 12:58:44.421167089+00:00,12,0,0,0,32.91596252522688,0.9594597028867025,0.0,zonia,0,False
2025-06-12 12:59:26.903110089+00:00,12,0,0,0,33.041343292379544,0.960078785280435,0.0,zonia,0,False
2025-06-12 13:06:30.523912089+00:00,12,0,0,0,32.786173951180665,0.9577465960920305,0.0,zonia,0,False
2025-06-12 13:25:44.199031089+00:00,12,0,0,0,33.0504690028208,0.959804670682766,0.0,zonia,0,False
2025-06-12 13:51:27.738922089+00:00,12,0,0,0,33.375296319480235,0.9591277489013548,0.0,zonia,0,False
2025-06-12 14:01:27.019864089+00:00,12,0,0,0,32.93628056989249,0.962082480124898,0.0,zonia,0,False
2025-06-12 14:01:49.152096089+00:00,12,0,0,0,33.13115703358589,0.9606177127331929,0.0,zonia,0,False
2025-06-12 14:14:42.937534089+00:00,12,0,0,0,33.017135131545416,0.9614241376604663,0.0,zonia,0,False
2025-06-12 14:20:52.878357089+00:00,12,0,0,0,33.401517233162075,0.9565001899798319,0.0,zonia,0,False
2025-06-12 14:50:05.954842089+00:00,12,0,0,0,33.20457300992669,0.9472161739631288,0.0,zonia,0,False
2025-06-12 14:50:07.779041089+00:00,12,0,0,0,32.75973547653466,0.9407338730808751,0.0,zonia,0,False
2025-06-12 15:02:57.585546089+00:00,12,0,0,0,32.58062339239403,0.9414873456522493,0.0,zonia,0,False
2025-06-12 15:42:34.148397089+00:00,12,0,0,0,32.20638118435159,0.9427826310785418,0.0,zonia,0,False
2025-06-12 15:50:30.693003089+00:00,12,0,0,0,32.67952817718514,0.9477311716932482,0.0,zonia,0,False
2025-06-12 15:53:32.331782089+00:00,12,0,0,0,33.31902120290195,0.9470199162498191,0.0,zonia,0,False
2025-06-12 15:53:38.811888089+00:00,12,0,0,0,33.22281776241171,0.9442724406158843,0.0,zonia,0,False
2025-06-12 16:05:31.331467089+00:00,12,0,0,0,31.511054012802386,0.9429978033321692,0.0,zonia,0,False
2025-06-12 16:17:13.358238089+00:00,12,0,0,0,32.50083520191756,0.9421349759808558,0.0,zonia,0,False
2025-06-12 16:23:50.280331089+00:00,12,0,0,0,31.464658914365266,0.9435646983653454,0.0,zonia,0,False
2025-06-12 16:55:04.813439089+00:00,12,0,0,0,30.463323854995572,0.9445735589108684,0.0,zonia,0,False
2025-06-12 17:07:28.730591089+00:00,12,0,0,0,29.875832804689065,0.9508706035389047,0.0,zonia,0,False
2025-06-12 17:08:40.338725089+00:00,12,0,0,0,30.31982185498499,0.9507942141308053,0.0,zonia,0,False
2025-06-12 17:11:57.112692089+00:00,12,0,0,0,30.17589451435134,0.9562507339286751,0.0,zonia,0,False
2025-06-12 17:12:06.945506089+00:00,12,0,0,0,29.98978613176451,0.9584029627250433,0.0,zonia,0,False
2025-06-12 17:24:28.472510089+00:00,12,0,0,0,29.66691646331867,0.9565795276650038,0.0,zonia,0,False
2025-06-12 17:42:58.680628089+00:00,12,0,0,0,28.882614211818723,0.9534545627768446,0.0,zonia,0,False
2025-06-12 17:46:03.297254089+00:00,12,0,0,0,28.91751408505191,0.9547324608989601,0.0,zonia,0,False
2025-06-12 17:52:07.058413089+00:00,12,0,0,0,29.046339097692375,0.9574850508831515,0.0,zonia,0,False
2025-06-12 18:20:28.908252089+00:00,12,0,0,0,27.31984775431492,0.9593690623788845,0.0,zonia,0,False
2025-06-12 18:35:19.883902089+00:00,12,0,0,0,26.76515223061815,0.9601046479407428,0.0,zonia,0,False
2025-06-12 18:35:23.035873089+00:00,12,0,0,0,26.92240301532781,0.9639683332508496,0.0,zonia,0,False
2025-06-12 18:36:45.049090089+00:00,12,0,0,0,26.519247128562125,0.96596168073924,0.0,zonia,0,False
2025-06-12 18:41:27.818455089+00:00,12,0,0,0,26.533993967415824,0.9667763344338248,0.0,zonia,0,False
2025-06-12 18:57:17.306408089+00:00,12,0,0,0,25.622544197695355,0.9673449807381376,0.0,zonia,0,False
2025-06-12 18:59:24.145120089+00:00,12,0,0,0,25.841654011811322,0.9620204207434163,0.0,zonia,0,False
2025-06-12 19:26:21.892083089+00:00,12,0,0,0,23.97734036529272,0.9578406645072423,0.0,zonia,0,False
2025-06-12 19:34:42.881231089+00:00,12,0,0,0,24.246463710750092,0.9560958914940457,0.0,zonia,0,False
2025-06-12 20:15:47.338766089+00:00,12,0,0,0,22.600545822208584,0.9599925939109761,0.0,zonia,0,False
2025-06-12 20:15:58.297597089+00:00,12,0,0,0,22.59936571041693,0.9632339769979459,0.0,zonia,0,False
2025-06-12 20:26:41.717222089+00:00,12,0,0,0,22.447769572543585,0.9667677875013045,0.0,zonia,0,False
2025-06-12 20:29:06.255578089+00:00,12,0,0,0,22.33933967792991,0.9695806336704081,0.0,zonia,0,False
2025-06-12 20:42:11.939643089+00:00,12,0,0,0,22.157749785551648,0.97327327268431,0.0,zonia,0,False
2025-06-12 20:43:48.387037089+00:00,12,0,0,0,22.209066037462495,0.9739550987840877,0.0,zonia,0,False
2025-06-12 21:03:38.287533089+00:00,12,0,0,0,21.74867380628962,0.975176628936154,0.0,zonia,0,False
2025-06-12 21:11:37.863898089+00:00,12,0,0,0,21.633365554856223,0.9741064593743188,0.0,zonia,0,False
2025-06-12 21:13:08.398192089+00:00,12,0,0,0,21.454072594555797,0.9756078607093754,0.0,zonia,0,False
2025-06-12 21:45:59.608764089+00:00,12,0,0,0,21.51909059533587,0.9766159826488714,0.0,zonia,0,False
2025-06-12 22:00:07.324060089+00:00,12,0,0,0,20.935766831805747,0.9764725635371448,0.0,zonia,0,False
2025-06-12 22:08:29.860405089+00:00,12,0,0,0,21.28217047252876,0.9755079944252435,0.0,zonia,0,False
2025-06-12 23:16:28.719072089+00:00,12,0,0,0,19.973972487876352,0.9672871489132712,0.0,zonia,0,False
2025-06-12 23:22:27.835814089+00:00,12,0,0,0,20.824154735128182,0.9527772575794492,0.0,zonia,0,False
2025-06-13 00:16:39.510936089+00:00,12,0,0,0,19.086069048410327,0.9624917676109565,0.0,zonia,0,False
2025-06-13 00:34:01.237842089+00:00,12,0,0,0,19.14463406579093,0.958097359592327,0.0,zonia,0,False
2025-06-13 01:03:45.470711089+00:00,12,0,0,0,19.0859817083329,0.9643152114559866,0.0,zonia,0,False
2025-06-13 01:05:56.525639089+00:00,12,0,0,0,19.121051105440216,0.9706470303072173,0.0,zonia,0,False
2025-06-13 01:33:49.747991089+00:00,12,0,0,0,18.21994294619501,0.9706286125960638,0.0,zonia,0,False
2025-06-13 01:38:06.344323089+00:00,12,0,0,0,18.299308293020474,0.9709512468469398,0.0,zonia,0,False
2025-06-13 01:45:58.863861089+00:00,12,0,0,0,18.099655758564566,0.9662101492444611,0.0,zonia,0,False
2025-06-13 01:52:35.989308089+00:00,12,0,0,0,18.894922573654718,0.9646694569205568,0.0,zonia,0,False
2025-06-13 02:00:57.177529089+00:00,12,0,0,0,18.46243776148036,0.9658755605768884,0.0,zonia,0,False
2025-06-13 02:05:28.047687089+00:00,12,0,0,0,18.940702794124697,0.9678837023872678,0.0,zonia,0,False
2025-06-13 02:09:11.120615089+00:00,12,0,0,0,18.678829663418046,0.970545752985558,0.0,zonia,0,False
2025-06-13 02:12:23.956070089+00:00,12,0,0,0,18.77794582479742,0.9719754596207538,0.0,zonia,0,False
2025-06-13 02:16:58.435935089+00:00,12,0,0,0,18.456926804786068,0.9745823068297025,0.0,zonia,0,False
2025-06-13 02:33:17.044067089+00:00,12,0,0,0,18.51408661118813,0.976997921458453,0.0,zonia,0,False
2025-06-13 02:36:56.689021089+00:00,12,0,0,0,17.899366167490392,0.9569850521440716,0.0,zonia,0,False
2025-06-13 03:00:30.526689089+00:00,12,0,0,0,18.22293955504698,0.967455612525861,0.0,zonia,0,False
2025-06-13 03:23:23.613379089+00:00,12,0,0,0,17.90101884369746,0.9687024217104009,0.0,zonia,0,False
2025-06-13 03:28:28.827561089+00:00,12,0,0,0,18.03824975080678,0.9746384438093165,0.0,zonia,0,False
2025-06-13 03:48:52.330021089+00:00,12,0,0,0,17.71051137554528,0.9756462234679804,0.0,zonia,0,False
2025-06-13 03:53:30.356243089+00:00,12,0,0,0,17.639182451376232,0.9832158778894183,0.0,zonia,0,False
2025-06-13 03:54:49.378120089+00:00,12,0,0,0,17.686096071836857,0.9876854722663085,0.0,zonia,0,False
2025-06-13 04:21:14.963846089+00:00,12,0,0,0,18.097557052345675,0.9882482345433631,0.0,zonia,0,False
2025-06-13 04:40:00.214772089+00:00,12,0,0,0,19.223877055024428,0.9861678972962263,0.0,zonia,0,False
2025-06-13 05:30:29.958587089+00:00,12,0,0,0,22.255733532516253,0.9733466865525823,0.0,zonia,0,False
2025-06-13 05:38:56.998395089+00:00,12,0,0,0,22.6436416052382,0.9736309696091912,0.0,zonia,0,False
2025-06-13 05:48:52.896667089+00:00,12,0,0,0,23.616380973188946,0.9754460705452669,0.0,zonia,0,False
2025-06-13 06:34:20.539726089+00:00,12,0,0,0,26.40267633986551,0.9640570760197434,0.0,zonia,0,False
2025-06-13 06:41:35.447645089+00:00,12,0,0,0,26.388130025149618,0.9562739311448422,0.0,zonia,0,False
2025-06-13 06:49:42.996656089+00:00,12,0,0,0,26.775977016656242,0.9560570856714145,0.0,zonia,0,False
2025-06-13 06:58:27.980041089+00:00,12,0,0,0,27.1208967365016,0.956391111424442,0.0,zonia,0,False
2025-06-13 07:37:44.378227089+00:00,12,0,0,0,28.68234436640882,0.95110715342474,0.0,zonia,0,False
2025-06-13 07:49:03.542948089+00:00,12,0,0,0,29.23814014170034,0.9584022205617239,0.0,zonia,0,False
2025-06-13 08:03:49.469224089+00:00,12,0,0,0,29.94416067905246,0.9667808493628381,0.0,zonia,0,False
2025-06-13 08:11:57.030771089+00:00,12,0,0,0,29.943624798112435,0.9686995737475308,0.0,zonia,0,False
2025-06-13 08:14:51.906707089+00:00,12,0,0,0,29.869705063465315,0.9717473105657705,0.0,zonia,0,False
2025-06-13 08:22:12.641268089+00:00,12,0,0,0,30.036025565174214,0.9788310052281225,0.0,zonia,0,False
2025-06-13 08:30:24.791446089+00:00,12,0,0,0,30.063624442179666,0.9796440171352024,0.0,zonia,0,False
2025-06-13 08:31:13.096348089+00:00,12,0,0,0,30.213856866938954,0.9807378654483315,0.0,zonia,0,False
2025-06-13 08:48:14.911640089+00:00,12,0,0,0,30.434804347650413,0.9839526602042065,0.0,zonia,0,False
2025-06-13 08:53:09.029134089+00:00,12,0,0,0,30.749559149568057,0.9841676685655346,0.0,zonia,0,False
2025-06-13 09:13:03.197257089+00:00,12,0,0,0,30.781731064270467,0.9861793116285837,0.0,zonia,0,False
2025-06-13 09:34:54.000642089+00:00,12,0,0,0,31.906417460555158,0.9855293865223042,0.0,zonia,0,False
2025-06-13 09:40:18.830957089+00:00,12,0,0,0,31.592183382913277,0.9824357783674462,0.0,zonia,0,False
2025-06-13 09:43:15.126661089+00:00,12,0,0,0,31.770539054795886,0.9781433231994326,0.0,zonia,0,False
2025-06-13 09:55:31.210012089+00:00,12,0,0,0,31.773772093929686,0.98168493329262,0.0,zonia,0,False
2025-06-13 10:02:16.359539089+00:00,12,0,0,0,32.275180660902116,0.9792785328751882,0.0,zonia,0,False
2025-06-13 10:03:37.985282089+00:00,12,0,0,0,32.1246911401822,0.9764386925703986,0.0,zonia,0,False
2025-06-13 10:17:25.690960089+00:00,12,0,0,0,32.39754475967985,0.9748643792057582,0.0,zonia,0,False
2025-06-13 10:23:17.961544089+00:00,12,0,0,0,32.513959826097505,0.971445919997524,0.0,zonia,0,False
2025-06-13 10:54:59.300771089+00:00,12,0,0,0,32.547112369009945,0.9718034255002895,0.0,zonia,0,False
2025-06-13 10:56:45.207704089+00:00,12,0,0,0,32.87208750276536,0.9731100421782387,0.0,zonia,0,False
2025-06-13 11:22:53.559952089+00:00,12,0,0,0,32.59756778735575,0.9619767737520365,0.0,zonia,0,False
2025-06-13 11:35:25.724287089+00:00,12,0,0,0,33.02755053842855,0.9653008206601493,0.0,zonia,0,False
2025-06-13 11:56:44.929469089+00:00,12,0,0,0,33.400828414992496,0.9637647766124239,0.0,zonia,0,False
2025-06-13 12:02:48.766710089+00:00,12,0,0,0,33.3975684288172,0.9638426727622965,0.0,zonia,0,False
2025-06-13 12:12:23.742342089+00:00,12,0,0,0,33.44464412041816,0.9632676815726834,0.0,zonia,0,False
2025-06-13 12:28:40.769808089+00:00,12,0,0,0,33.91068588556103,0.9644108122946554,0.0,zonia,0,False
2025-06-13 12:56:25.385218089+00:00,12,0,0,0,33.7087028160094,0.9572758919348772,0.0,zonia,0,False
2025-06-13 12:59:01.717406089+00:00,12,0,0,0,33.840718867133596,0.9590898954392588,0.0,zonia,0,False
2025-06-13 13:10:58.757323089+00:00,12,0,0,0,34.236296532760996,0.9594748877256767,0.0,zonia,0,False
2025-06-13 13:20:47.725670089+00:00,12,0,0,0,34.32978687313889,0.9595392863559843,0.0,zonia,0,False
2025-06-13 14:43:17.314966089+00:00,12,0,0,0,33.39872744686574,0.9481952486164338,0.0,zonia,0,False
2025-06-13 15:00:46.684178089+00:00,12,5,0,0,33.01761053023972,0.9185128671211288,0.9801591586617999,zonia,0,False
2025-06-13 15:02:17.649507089+00:00,12,5,0,0,35.235882222796754,0.9074917103260668,0.6182296347685635,zonia,0,False
2025-06-13 15:10:14.161577089+00:00,12,5,0,0,34.185470556699414,0.9246210284130266,0.43736614081176217,zonia,0,False
2025-06-13 15:12:27.489077089+00:00,12,5,0,0,34.27633084193231,0.9107900682568403,0.2620151459182929,zonia,0,False
2025-06-13 15:14:03.900948089+00:00,12,5,0,0,34.40177549097652,0.8906830708430326,0.08440763960645939,zonia,0,False
2025-06-13 15:16:54.469693089+00:00,12,5,0,0,35.12820148684858,0.8726634958134757,-0.17847264777468297,zonia,0,False
2025-06-13 15:43:49.326402089+00:00,12,5,0,0,33.682121263553185,0.8793178923428489,-0.22423242455252201,zonia,0,False
2025-06-13 16:05:35.059232089+00:00,12,5,0,0,33.520799516679254,0.8750710841546676,-0.4017451720720634,zonia,0,False
2025-06-13 16:14:30.628713089+00:00,12,5,0,0,33.27567648514017,0.8748937442850206,-0.4017451720720634,zonia,0,False
2025-06-13 16:32:54.426181089+00:00,12,5,0,0,33.369910278362106,0.8718393897586142,-0.4953512467142013,zonia,0,False
2025-06-13 16:39:22.491817089+00:00,12,5,0,0,32.692215480204844,0.8814110203981134,-0.5622936819661964,zonia,0,False
2025-06-13 17:01:11.792210089+00:00,12,5,0,0,31.115508247502028,0.8288922210433911,-0.6391123350002637,zonia,0,False
2025-06-13 17:03:43.413634089+00:00,12,5,0,0,30.812917437370483,0.7547553204189611,-0.6391123350002637,zonia,0,False
2025-06-13 17:17:58.478511089+00:00,12,5,0,0,31.126323511032826,0.8031769483824208,-0.6391123350002637,zonia,0,False
2025-06-13 17:21:46.699634089+00:00,12,5,0,0,31.12358502374645,0.8305130080047591,-0.6679088073853926,zonia,0,False
2025-06-13 17:27:53.666915089+00:00,12,5,0,0,31.19365235081143,0.8842351799945819,-0.6923371298199232,zonia,0,False
2025-06-13 17:28:48.254985089+00:00,12,5,0,0,30.500653665960666,0.8990125801290827,-0.69696664802327,zonia,0,False
2025-06-13 17:32:39.355892089+00:00,12,5,0,0,30.179076720251835,0.9072181736584141,-0.69696664802327,zonia,0,False
2025-06-13 17:43:49.082432089+00:00,12,5,0,0,29.716732720648842,0.910322431323813,-0.705487238298144,zonia,0,False
2025-06-13 17:55:56.271552089+00:00,12,5,0,0,29.505932144882298,0.9382968799053627,-0.7172264086915854,zonia,0,False
2025-06-13 18:12:12.663288089+00:00,12,5,0,0,29.20891953243798,0.9508647812027254,-0.7172264086915854,zonia,0,False
2025-06-13 18:24:16.740097089+00:00,12,5,0,0,28.507253385591493,0.9502605918524409,-0.7213608050707254,zonia,0,False
2025-06-13 18:35:32.068347089+00:00,12,5,0,0,27.496367240928226,0.9595899111728933,-0.7213608050707254,zonia,0,False
2025-06-13 18:35:33.318028089+00:00,12,5,0,0,27.96319176230325,0.9637593851413392,-0.7213608050707254,zonia,0,False
2025-06-13 18:46:07.634469089+00:00,12,5,0,0,26.773770794871695,0.9693084724320583,-0.7467803433063036,zonia,0,False
2025-06-13 18:48:24.780849089+00:00,12,5,0,0,26.936819020701595,0.9717976141925698,-0.7467803433063036,zonia,0,False
2025-06-13 18:56:00.463283089+00:00,12,5,0,0,26.788198973571202,0.4342107960085006,0.0,zonia,0,False
2025-06-13 18:56:35.015012089+00:00,12,5,0,0,26.552074912419492,0.4355652705730185,0.0,zonia,0,False
2025-06-13 18:58:51.587575089+00:00,12,5,0,0,26.236224519218066,0.5585599379012363,0.0,zonia,0,False
2025-06-13 19:24:36.956076089+00:00,12,5,0,0,25.126726822702715,0.5597790419195129,0.0,zonia,0,False
2025-06-13 19:27:36.637046089+00:00,12,5,0,0,25.00787963434249,0.627682014168541,0.0,zonia,0,False
2025-06-13 19:37:53.689187089+00:00,12,5,0,0,24.36549259744611,0.6309116129044705,0.0,zonia,0,False
2025-06-13 19:54:08.285576089+00:00,12,5,0,0,23.978625750421667,0.6269743580024161,0.0,zonia,0,False
2025-06-13 20:00:05.607813089+00:00,12,5,0,0,23.792350869413827,0.7439781755536335,0.0,zonia,0,False
2025-06-13 20:00:18.567521089+00:00,12,5,0,0,23.813113104661674,0.806062763668985,0.0,zonia,0,False
2025-06-13 21:13:15.994032089+00:00,12,5,0,0,22.31267115307494,0.8321488076845208,0.0,zonia,0,False
2025-06-13 21:29:28.984372089+00:00,12,5,0,0,21.89915941414219,0.8401247997828235,0.0,zonia,0,False
2025-06-13 21:57:58.960644089+00:00,12,5,0,0,21.988124747503313,0.8841329147984939,0.0,zonia,0,False
2025-06-13 22:01:22.845817089+00:00,12,5,0,0,21.75770294175322,0.8924560868909823,0.0,zonia,0,False
2025-06-13 22:17:25.579741089+00:00,12,5,0,0,21.824418844519567,0.897005379932078,0.0,zonia,0,False
2025-06-13 22:27:37.172267089+00:00,12,5,0,0,20.94022779999812,0.8835902155846628,0.0,zonia,0,False
2025-06-13 22:32:28.815541089+00:00,12,5,0,0,22.086779328944598,0.8680869185324045,0.0,zonia,0,False
2025-06-13 23:48:37.491562089+00:00,12,5,0,0,19.975637555079043,0.8847558320991309,0.0,zonia,0,False
2025-06-13 23:54:17.925515089+00:00,12,5,0,0,19.98074869444765,0.8862904514254473,0.0,zonia,0,False
2025-06-14 00:14:04.876323089+00:00,12,5,0,0,18.594841954721534,1.0296236156966034,0.0,zonia,0,False
2025-06-14 00:33:16.041523089+00:00,12,5,0,0,19.274879755725703,1.0363481762699107,0.0,zonia,0,False
2025-06-14 00:52:41.971521089+00:00,12,5,0,0,19.526414095859916,1.0369569322621395,0.0,zonia,0,False
2025-06-14 00:59:28.031564089+00:00,12,5,0,0,18.791550864286066,1.0360346684061164,0.0,zonia,0,False
2025-06-14 00:59:36.426119089+00:00,12,5,0,0,19.307626814404948,1.15069764264528,0.0,zonia,0,False
2025-06-14 01:12:01.000325089+00:00,12,5,0,0,18.801159724574376,1.2004128928602285,0.0,zonia,0,False
2025-06-14 01:28:08.920653089+00:00,12,5,0,0,18.256612152416007,1.2051859632230604,0.0,zonia,0,False
2025-06-14 01:31:04.642156089+00:00,12,5,0,0,18.242525925066502,1.2450333268813754,0.0,zonia,0,False
2025-06-14 01:31:30.756343089+00:00,12,5,0,0,18.629070254601714,1.2591404055003796,0.0,zonia,0,False
2025-06-14 01:39:40.905258089+00:00,12,5,0,0,18.208494323602146,1.256495548981513,0.0,zonia,0,False
2025-06-14 01:49:25.339166089+00:00,12,5,0,0,18.261168198021704,1.2550828324495793,0.0,zonia,0,False
2025-06-14 01:55:46.156436089+00:00,12,5,0,0,18.200079441919854,1.2588676984749927,0.0,zonia,0,False
2025-06-14 02:05:07.624005089+00:00,12,5,0,0,18.05197829019322,1.2679329418317276,0.0,zonia,0,False
2025-06-14 02:07:59.097635089+00:00,12,5,0,0,18.17881978004801,1.2681843735294005,0.0,zonia,0,False
2025-06-14 02:08:41.936789089+00:00,12,5,0,0,17.999531245578705,1.283563296306754,0.0,zonia,0,False
2025-06-14 02:47:36.081446089+00:00,12,5,0,0,17.834134835124786,1.3382249259705543,0.0,zonia,0,False
2025-06-14 03:04:15.888210089+00:00,12,5,0,0,17.312976000960454,1.3380287760175023,0.0,zonia,0,False
2025-06-14 03:14:16.186570089+00:00,12,5,0,0,17.19092537762373,1.3708339332020796,0.0,zonia,0,False
2025-06-14 03:14:53.706758089+00:00,12,5,0,0,17.1653524328549,1.3861429336637292,0.0,zonia,0,False
2025-06-14 03:25:14.612912089+00:00,12,5,0,0,16.88613181127699,1.3943190001475618,0.0,zonia,0,False
2025-06-14 03:42:17.084633089+00:00,12,5,0,0,16.99839092207053,1.5231120401925868,0.0,zonia,0,False
2025-06-14 03:43:49.125384089+00:00,12,5,0,0,16.843339360790463,1.5432017600664085,0.0,zonia,0,False
2025-06-14 03:50:04.772790089+00:00,12,5,0,0,16.891415110150685,1.5506960733298538,0.0,zonia,0,False
2025-06-14 03:53:43.145108089+00:00,12,5,0,0,16.681623235748496,1.5548263977497652,0.0,zonia,0,False
2025-06-14 03:58:20.064665089+00:00,12,5,0,0,17.152509683485484,1.6161880322012645,0.0,zonia,0,False
2025-06-14 04:17:23.448925089+00:00,12,5,0,0,17.534905454794266,1.6484091956779736,0.0,zonia,0,False
2025-06-14 04:19:40.732517089+00:00,12,5,0,0,17.50664936329221,1.6539726959828098,0.0,zonia,0,False
2025-06-14 04:21:45.699357089+00:00,12,5,0,0,17.62749233118581,1.653410242331716,0.0,zonia,0,False
2025-06-14 04:56:51.693911089+00:00,12,5,0,0,19.798991496810064,1.6466812893608729,0.0,zonia,0,False
2025-06-14 05:04:25.296039089+00:00,12,5,0,0,19.87717949794577,1.6080402069773905,0.0,zonia,0,False
2025-06-14 05:30:52.045376089+00:00,12,5,0,0,21.86218365989327,1.6022818960877954,0.0,zonia,0,False
2025-06-14 05:56:04.350570089+00:00,12,5,0,0,23.84232017601712,1.6152363120665902,0.0,zonia,0,False
2025-06-14 06:21:38.066633089+00:00,12,5,0,0,25.433649131587167,1.6242676222579526,0.0,zonia,0,False
2025-06-14 06:37:38.356631089+00:00,12,5,0,0,26.05112248155572,1.63375867366515,0.0,zonia,0,False
2025-06-14 06:40:12.354990089+00:00,12,5,0,0,25.803909299000516,1.626863802987865,0.0,zonia,0,False
2025-06-14 06:55:40.739991089+00:00,12,5,0,0,26.703712381365683,1.6249245675198243,0.0,zonia,0,False
2025-06-14 06:56:54.900597089+00:00,12,5,0,0,26.8992786727266,1.626496354750344,0.0,zonia,0,False
2025-06-14 07:17:22.623575089+00:00,12,5,0,0,27.901223488210594,1.6409409295266975,0.0,zonia,0,False
2025-06-14 07:27:11.299664089+00:00,12,5,0,0,28.168685978735265,1.645161538909894,0.0,zonia,0,False
2025-06-14 08:30:22.674404089+00:00,12,5,0,0,30.744056619139737,1.6575807085951584,0.0,zonia,0,False
2025-06-14 08:45:03.302371089+00:00,12,5,0,0,31.35077540898351,1.6603672618122365,0.0,zonia,0,False
2025-06-14 08:57:35.546452089+00:00,12,5,0,0,31.464596046997617,1.6654800613012237,0.0,zonia,0,False
2025-06-14 09:07:03.594046089+00:00,12,5,0,0,31.476073196113646,1.6719155570267181,0.0,zonia,0,False
2025-06-14 10:25:57.079449089+00:00,12,5,0,0,33.63885091464435,1.6755223677106532,0.0,zonia,0,False
2025-06-14 10:44:23.903365089+00:00,12,5,0,0,33.6638398292889,1.6635338652681557,0.0,zonia,0,False
2025-06-14 11:07:57.114683089+00:00,12,5,0,0,33.99921845476056,1.6654249764993565,0.0,zonia,0,False
2025-06-14 11:09:23.004969089+00:00,12,5,0,0,33.90252245169923,1.674411973540726,0.0,zonia,0,False
2025-06-14 11:12:02.194755089+00:00,12,5,0,0,34.02033829488622,1.6771699525306831,0.0,zonia,0,False
2025-06-14 11:40:23.136956089+00:00,12,5,0,0,34.22529224630743,1.668049153049146,0.0,zonia,0,False
2025-06-14 11:41:00.110283089+00:00,12,5,0,0,34.10820199303392,1.6647258299633256,0.0,zonia,0,False
2025-06-14 12:00:26.556879089+00:00,12,5,0,0,34.824002373692004,1.6724119933223747,0.0,zonia,0,False
2025-06-14 12:03:10.478888089+00:00,12,5,0,0,34.79861034303596,1.6728816665862296,0.0,zonia,0,False
2025-06-14 12:04:21.436396089+00:00,12,5,0,0,34.99648035698258,1.6701806744928065,0.0,zonia,0,False
2025-06-14 12:21:51.806426089+00:00,12,5,0,0,35.86080782532062,1.6800290528369655,0.0,zonia,0,False
2025-06-14 12:26:31.874874089+00:00,12,5,0,0,35.07595816860565,1.679652566386167,0.0,zonia,0,False
2025-06-14 12:55:55.847610089+00:00,12,5,0,0,35.34536704900647,1.6730993241294176,0.0,zonia,0,False
2025-06-14 13:03:26.731469089+00:00,12,5,0,0,35.66549774815871,1.6755741190347968,0.0,zonia,0,False
2025-06-14 13:27:12.912479089+00:00,12,5,0,0,35.61813839073646,1.677665305404816,0.0,zonia,0,False
2025-06-14 13:33:55.720626089+00:00,12,5,0,0,35.90225803005615,1.6750273869820762,0.0,zonia,0,False
2025-06-14 13:39:34.286535089+00:00,12,5,0,0,35.964186059731055,1.6754333154630843,0.0,zonia,0,False
2025-06-14 13:45:40.847073089+00:00,12,5,0,0,36.33906083897486,1.673589903013942,0.0,zonia,0,False
2025-06-14 13:47:56.297850089+00:00,12,5,0,0,36.106194213212255,1.67073818693374,0.0,zonia,0,False
2025-06-14 13:52:12.700356089+00:00,12,5,0,0,36.104127341485736,1.6735351167452823,0.0,zonia,0,False
2025-06-14 14:26:26.009790089+00:00,12,5,0,0,36.152402129870914,1.6778931282724987,0.0,zonia,0,False
2025-06-14 14:40:03.774137089+00:00,12,5,0,0,36.407853652858236,1.6783413110456518,0.0,zonia,0,False
2025-06-14 14:54:11.400003089+00:00,12,5,0,0,36.9543862619912,1.672023358326064,0.0,zonia,0,False
2025-06-14 15:04:05.538900089+00:00,12,5,0,0,36.558763808753255,1.6670632184472491,0.0,zonia,0,False
2025-06-14 15:22:49.262007089+00:00,12,5,0,0,36.4598395138718,1.6594002620600639,0.0,zonia,0,False
2025-06-14 15:31:15.770318089+00:00,12,5,0,0,35.97543361034789,1.658926781555077,0.0,zonia,0,False
2025-06-14 15:43:11.600281089+00:00,12,5,0,0,36.69091155037037,1.6545651626871039,0.0,zonia,0,False
2025-06-14 15:58:45.928297089+00:00,12,5,0,0,35.95297919110718,1.6528770523344574,0.0,zonia,0,False
2025-06-14 16:24:10.220828089+00:00,12,5,0,0,34.920942190245256,1.6390450497978846,0.0,zonia,0,False
2025-06-14 16:28:47.939094089+00:00,12,5,0,0,33.163253187364646,1.6475141510048172,0.0,zonia,0,False
2025-06-14 16:32:13.130920089+00:00,12,5,0,0,34.34984903448457,1.637175215367361,0.0,zonia,0,False
2025-06-14 17:24:51.341858089+00:00,12,5,0,0,31.621713796884773,1.6210508622320103,0.0,zonia,0,False
2025-06-14 17:25:14.649198089+00:00,12,5,0,0,31.106102754219705,1.6150264782813117,0.0,zonia,0,False
2025-06-14 17:43:27.080295089+00:00,12,5,0,0,30.24422318028805,1.6190998197492175,0.0,zonia,0,False
2025-06-14 17:56:27.815655089+00:00,12,5,0,0,29.37001467408322,1.640878154673947,0.0,zonia,0,False
2025-06-14 18:22:48.036227089+00:00,12,5,0,0,28.17498229836151,1.5772046004009004,0.0,zonia,0,False
2025-06-14 18:27:07.172199089+00:00,12,5,0,0,28.142216793505135,1.6176636842765357,0.0,zonia,0,False
2025-06-14 18:33:20.864504089+00:00,12,5,0,0,28.187659493674854,1.6192438337503046,0.0,zonia,0,False
2025-06-14 19:05:04.130386089+00:00,12,5,0,0,26.765349204516422,1.641742048627045,0.0,zonia,0,False
2025-06-14 19:21:55.043303089+00:00,12,5,0,0,26.073658002636737,1.649760415607534,0.0,zonia,0,False
2025-06-14 19:34:04.652751089+00:00,12,5,0,0,25.83071564362572,1.656113509656766,0.0,zonia,0,False
2025-06-14 20:09:58.542524089+00:00,12,5,0,0,25.163667220508962,1.6578624413015317,0.0,zonia,0,False
2025-06-14 20:34:34.039615089+00:00,12,5,0,0,24.818850215994594,1.6635536318321782,0.0,zonia,0,False
2025-06-14 20:40:44.118713089+00:00,12,5,0,0,24.391660310269057,1.6732037673615856,0.0,zonia,0,False
2025-06-14 20:44:29.960793089+00:00,12,5,0,0,24.525642830730124,1.6787959968102173,0.0,zonia,0,False
2025-06-14 21:15:37.088929089+00:00,12,5,0,0,24.520318925131896,1.6754090719279071,0.0,zonia,0,False
2025-06-14 22:07:23.064030089+00:00,12,5,0,0,24.3022895599018,1.6754960006979804,0.0,zonia,0,False
2025-06-14 22:09:14.853476089+00:00,12,5,0,0,24.641303254973458,1.6765918327296936,0.0,zonia,0,False
2025-06-14 22:14:24.307713089+00:00,12,5,0,0,24.02406608822463,1.672085276125338,0.0,zonia,0,False
2025-06-14 22:38:33.348250089+00:00,12,5,0,0,23.749414355680962,1.6744549010048408,0.0,zonia,0,False
2025-06-14 22:55:52.204004089+00:00,12,5,0,0,23.42861432647165,1.671503220140351,0.0,zonia,0,False
2025-06-14 23:00:41.195172089+00:00,12,5,0,0,23.58279786736297,1.6693178757326543,0.0,zonia,0,False
2025-06-14 23:23:06.179385089+00:00,12,5,0,0,22.929330873072075,1.6707489192562233,0.0,zonia,0,False
2025-06-14 23:42:46.354562089+00:00,12,5,0,0,22.82402348466751,1.673227512132193,0.0,zonia,0,False
2025-06-15 00:04:49.635452089+00:00,12,5,0,0,23.59143231079561,1.6821494668664603,0.0,zonia,0,False
2025-06-15 00:19:44.223407089+00:00,12,5,0,0,22.97236404866722,1.6764460844917277,0.0,zonia,0,False
2025-06-15 00:22:12.098039089+00:00,12,5,0,0,23.207031781516044,1.6723481509430975,0.0,zonia,0,False
2025-06-15 00:34:17.516542089+00:00,12,5,0,0,23.286514040818908,1.6752394710244587,0.0,zonia,0,False
2025-06-15 00:45:25.079873089+00:00,12,5,0,0,23.080535660479676,1.6820430425940318,0.0,zonia,0,False
2025-06-15 00:46:54.806462089+00:00,12,5,0,0,23.148528970029986,1.684849269785762,0.0,zonia,0,False
2025-06-15 00:55:02.947386089+00:00,12,5,0,0,23.02956891653704,1.6867910874423393,0.0,zonia,0,False
2025-06-15 00:59:20.356347089+00:00,12,5,0,0,23.241788178982986,1.6901940113567355,0.0,zonia,0,False
2025-06-15 01:23:16.887563089+00:00,12,5,0,0,23.043297032018785,1.6897222801504932,0.0,zonia,0,False
2025-06-15 01:38:01.132465089+00:00,12,5,0,0,22.668550230921138,1.6926387137565564,0.0,zonia,0,False
2025-06-15 01:42:20.992260089+00:00,12,5,0,0,22.633531123853412,1.6933791756157508,0.0,zonia,0,False
2025-06-15 01:44:47.418497089+00:00,12,5,0,0,22.679685493171558,1.6901464215272308,0.0,zonia,0,False
2025-06-15 01:45:16.529235089+00:00,12,5,0,0,22.571264216533454,1.6907745515190205,0.0,zonia,0,False
2025-06-15 01:46:38.710646089+00:00,12,5,0,0,22.150731298709204,1.691730321193649,0.0,zonia,0,False
2025-06-15 02:04:23.220677089+00:00,12,5,0,0,22.19251979757747,1.6907401892450873,0.0,zonia,0,False
2025-06-15 02:21:07.303910089+00:00,12,5,0,0,21.709988279011448,1.6917497924913258,0.0,zonia,0,False
2025-06-15 02:34:27.524240089+00:00,12,5,0,0,21.943722252098407,1.6904182245295698,0.0,zonia,0,False
2025-06-15 02:59:48.112401089+00:00,12,5,0,0,21.38203724412551,1.672393901605298,0.0,zonia,0,False
2025-06-15 03:39:05.939550089+00:00,12,5,0,0,20.864141966376266,1.6775019663532853,0.0,zonia,0,False
2025-06-15 03:43:55.413628089+00:00,12,5,0,0,21.013630106749687,1.675708412554748,0.0,zonia,0,False
2025-06-15 03:44:42.040496089+00:00,12,5,0,0,20.868455208546035,1.6765420895949859,0.0,zonia,0,False
2025-06-15 03:48:33.142123089+00:00,12,5,0,0,20.952073428003118,1.676688487623451,0.0,zonia,0,False
2025-06-15 04:09:14.951610089+00:00,12,5,0,0,21.153397260544423,1.6808656967413254,0.0,zonia,0,False
2025-06-15 04:18:45.915487089+00:00,12,5,0,0,21.45531785139469,1.6853068577755743,0.0,zonia,0,False
2025-06-15 04:39:13.184223089+00:00,12,5,0,0,22.340133764599134,1.6866787745249379,0.0,zonia,0,False
2025-06-15 06:00:03.729792089+00:00,12,5,0,0,24.393753697081763,1.6812673866596584,0.0,zonia,0,False
2025-06-15 06:04:44.041510089+00:00,12,5,0,0,24.338577970892707,1.6796665937869004,0.0,zonia,0,False
2025-06-15 06:12:16.008124089+00:00,12,5,0,0,24.82360460240744,1.680240861666919,0.0,zonia,0,False
2025-06-15 06:15:36.373290089+00:00,12,5,0,0,25.2311670320375,1.6683476896761464,0.0,zonia,0,False
2025-06-15 06:28:25.772162089+00:00,12,5,0,0,26.875402516338255,1.6730997463491133,0.0,zonia,0,False
2025-06-15 06:28:32.433853089+00:00,12,5,0,0,26.608423181819603,1.672902826563848,0.0,zonia,0,False
2025-06-15 06:53:12.320843089+00:00,12,5,0,0,28.300799192883872,1.6691959058388228,0.0,zonia,0,False
2025-06-15 06:58:32.690914089+00:00,12,5,0,0,28.51752396748413,1.672343911681311,0.0,zonia,0,False
2025-06-15 07:31:08.601669089+00:00,12,5,0,0,30.503904145205375,1.6799811050819922,0.0,zonia,0,False
2025-06-15 07:39:24.713476089+00:00,12,5,0,0,30.615809662667797,1.6763609421978318,0.0,zonia,0,False
2025-06-15 07:44:06.776676089+00:00,12,5,0,0,31.02642747258707,1.6774561669986459,0.0,zonia,0,False
2025-06-15 07:51:08.282093089+00:00,12,5,0,0,30.747288299922914,1.6795347176741129,0.0,zonia,0,False
2025-06-15 08:02:20.726328089+00:00,12,5,0,0,31.546900289916927,1.6719343313749928,0.0,zonia,0,False
2025-06-15 08:30:24.159740089+00:00,12,5,0,0,31.984735089880918,1.6615511301527273,0.0,zonia,0,False
2025-06-15 08:38:44.511877089+00:00,12,5,0,0,32.1288349193601,1.6622268304123633,0.0,zonia,0,False
2025-06-15 08:46:45.831434089+00:00,12,5,0,0,32.810868804315604,1.6640105967413625,0.0,zonia,0,False
2025-06-15 08:55:39.460062089+00:00,12,5,0,0,32.43823975895625,1.665023430440753,0.0,zonia,0,False
2025-06-15 08:55:42.316107089+00:00,12,5,0,0,32.783910123320084,1.663125302417424,0.0,zonia,0,False
2025-06-15 09:12:41.532035089+00:00,12,5,0,0,32.567931884402505,1.6624015199578677,0.0,zonia,0,False
2025-06-15 09:39:19.649317089+00:00,12,5,0,0,32.97488065592888,1.6628890497595221,0.0,zonia,0,False
2025-06-15 09:55:50.964408089+00:00,12,5,0,0,33.05323859355215,1.6670962971599654,0.0,zonia,0,False
2025-06-15 10:24:07.740418089+00:00,12,5,0,0,33.82535020776496,1.6684718821849043,0.0,zonia,0,False
2025-06-15 10:32:59.456374089+00:00,12,5,0,0,34.144827060053814,1.6793716348020926,0.0,zonia,0,False
2025-06-15 10:52:25.639183089+00:00,12,5,0,0,34.52362387770766,1.684232696984927,0.0,zonia,0,False
2025-06-15 11:00:24.033008089+00:00,12,5,0,0,34.25483486116124,1.6816144179637236,0.0,zonia,0,False
2025-06-15 11:18:47.987615089+00:00,12,5,0,0,35.016688889418525,1.6742030855060206,0.0,zonia,0,False
2025-06-15 11:26:19.361507089+00:00,12,5,0,0,34.64190616373516,1.6698611877027258,0.0,zonia,0,False
2025-06-15 11:29:00.087112089+00:00,12,5,0,0,35.34505912247606,1.6650168857181469,0.0,zonia,0,False
2025-06-15 11:33:16.635070089+00:00,12,5,0,0,35.17895456045191,1.665145682216197,0.0,zonia,0,False
2025-06-15 11:37:12.154857089+00:00,12,5,0,0,35.23733041188382,1.6712584760087348,0.0,zonia,0,False
2025-06-15 11:58:29.460342089+00:00,12,5,0,0,35.877016433773974,1.6660924370412267,0.0,zonia,0,False
2025-06-15 12:10:17.838370089+00:00,12,5,0,0,34.87852983457435,1.6740694512284222,0.0,zonia,0,False
2025-06-15 12:11:55.452603089+00:00,12,5,0,0,35.91841815258218,1.6676392372222641,0.0,zonia,0,False
2025-06-15 12:12:45.974765089+00:00,12,5,0,0,35.600968386803515,1.6662446881456783,0.0,zonia,0,False
2025-06-15 12:19:25.679836089+00:00,12,5,0,0,35.956407909138,1.6567616940361076,0.0,zonia,0,False
2025-06-15 12:20:22.862305089+00:00,12,5,0,0,35.84495531590846,1.6527320574477387,0.0,zonia,0,False
2025-06-15 12:22:56.766443089+00:00,12,5,0,0,35.73462800104403,1.6429351754554706,0.0,zonia,0,False
2025-06-15 12:29:02.524927089+00:00,12,5,0,0,35.64387549642607,1.6396848524469279,0.0,zonia,0,False
2025-06-15 12:43:18.935083089+00:00,12,5,0,0,36.125844704973886,1.6502823059492735,0.0,zonia,0,False
2025-06-15 12:48:00.879129089+00:00,12,5,0,0,35.697301910927585,1.643426439310741,0.0,zonia,0,False
2025-06-15 13:22:44.996095089+00:00,12,5,0,0,36.46838922252966,1.6440157887618787,0.0,zonia,0,False
2025-06-15 14:33:49.315310089+00:00,12,5,0,0,36.31000014606645,1.6339825456795196,0.0,zonia,0,False
2025-06-15 14:44:48.884867089+00:00,12,5,0,0,36.20998372536652,1.616585783694929,0.0,zonia,0,False
2025-06-15 14:54:22.035698089+00:00,12,5,0,0,35.62148987984211,1.59341868313335,0.0,zonia,0,False
2025-06-15 15:02:11.269801089+00:00,12,5,0,0,36.05351729260802,1.5767748209391879,0.0,zonia,0,False
2025-06-15 15:03:11.626223089+00:00,12,5,0,0,36.37382626907367,1.5604042665390938,0.0,zonia,0,False
2025-06-15 15:08:56.333893089+00:00,12,5,0,0,36.05529512481509,1.5547448607653962,0.0,zonia,0,False
2025-06-15 15:17:28.963267089+00:00,12,5,0,0,35.54088910253339,1.5558817645827776,0.0,zonia,0,False
2025-06-15 15:49:29.908702089+00:00,12,5,0,0,34.42343378642629,1.569480775094551,0.0,zonia,0,False
2025-06-15 16:35:34.581113089+00:00,12,5,0,0,31.696152919491777,1.5900296063200652,0.0,zonia,0,False
2025-06-15 16:53:31.838139089+00:00,12,5,0,0,31.25303671991115,1.6112576198425266,0.0,zonia,0,False
2025-06-15 16:59:41.230241089+00:00,12,5,0,0,31.307873759278383,1.628820590699101,0.0,zonia,0,False
2025-06-15 16:59:59.250947089+00:00,12,5,0,0,31.18568492794358,1.631876247493172,0.0,zonia,0,False
2025-06-15 17:21:09.355622089+00:00,12,5,0,0,30.29404042912902,1.641917891658976,0.0,zonia,0,False
2025-06-15 17:23:31.572265089+00:00,12,5,0,0,30.409645172302845,1.655163760166193,0.0,zonia,0,False
2025-06-15 17:47:38.631157089+00:00,12,5,0,0,29.796355441550716,1.6668496383555926,0.0,zonia,0,False
2025-06-15 18:06:00.566298089+00:00,12,5,0,0,29.528006925078344,1.6727910835160256,0.0,zonia,0,False
2025-06-15 18:13:18.397498089+00:00,12,5,0,0,29.145974520359797,1.6755828465808293,0.0,zonia,0,False
2025-06-15 18:24:01.128015089+00:00,12,5,0,0,29.144398016803304,1.6845428621430596,0.0,zonia,0,False
2025-06-15 18:47:10.302975089+00:00,12,5,0,0,28.151128582950523,1.6166162850449883,0.0,zonia,0,False
2025-06-15 19:22:03.823259089+00:00,12,5,0,0,27.334532966051526,1.6202787100761642,0.0,zonia,0,False
2025-06-15 19:30:59.809866089+00:00,12,5,0,0,27.10121967310233,1.6579658549926566,0.0,zonia,0,False
2025-06-15 19:39:39.860564089+00:00,12,5,0,0,27.087503089219304,1.6746993341831167,0.0,zonia,0,False
2025-06-15 19:40:40.163072089+00:00,12,5,0,0,27.111016896587742,1.6853834461643165,0.0,zonia,0,False
2025-06-15 19:47:29.210729089+00:00,12,5,0,0,27.062418012701126,1.689505265778932,0.0,zonia,0,False
2025-06-15 20:00:10.800167089+00:00,12,5,0,0,26.76753752782578,1.6870397910464294,0.0,zonia,0,False
2025-06-15 20:27:22.346731089+00:00,12,5,0,0,26.420329157418738,1.690649803784243,0.0,zonia,0,False
2025-06-15 20:52:20.476985089+00:00,12,5,0,0,26.008717203249482,1.690029641577582,0.0,zonia,0,False
2025-06-15 21:30:33.762891089+00:00,12,5,0,0,25.34366989457796,1.6872341002181834,0.0,zonia,0,False
2025-06-15 21:31:29.762035089+00:00,12,5,0,0,25.270500038425613,1.6886868162630875,0.0,zonia,0,False
2025-06-15 21:32:35.404811089+00:00,12,5,0,0,25.39087796492945,1.6880630150040168,0.0,zonia,0,False
2025-06-15 22:28:52.790323089+00:00,12,5,0,0,23.734463756342265,1.6857611529032586,0.0,zonia,0,False
2025-06-15 22:39:47.106289089+00:00,12,5,0,0,23.614604478946355,1.6880760854241073,0.0,zonia,0,False
2025-06-15 22:39:50.010122089+00:00,12,5,0,0,23.6706401130703,1.688699449078746,0.0,zonia,0,False
2025-06-15 23:00:08.037819089+00:00,12,5,0,0,23.544742415780934,1.6884381345803348,0.0,zonia,0,False
2025-06-15 23:05:01.309343089+00:00,12,5,0,0,23.31960695565567,1.6897589448035994,0.0,zonia,0,False
2025-06-15 23:45:15.890404089+00:00,12,5,0,0,23.290856580205602,1.68445668553569,0.0,zonia,0,False
2025-06-15 23:47:30.736290089+00:00,12,5,0,0,23.099829148856415,1.6839123095670916,0.0,zonia,0,False
2025-06-16 00:13:02.145779089+00:00,12,5,0,0,23.221869872491457,1.6897264622612684,0.0,zonia,0,False
2025-06-16 00:19:28.245101089+00:00,12,5,0,0,23.369166631920542,1.6904615914298253,0.0,zonia,0,False
2025-06-16 00:21:24.909741089+00:00,12,5,0,0,23.200764779869278,1.6890457758544424,0.0,zonia,0,False
2025-06-16 00:31:36.557529089+00:00,12,5,0,0,23.369306889374375,1.688886758729218,0.0,zonia,0,False
2025-06-16 00:43:50.373224089+00:00,12,5,0,0,23.12340785383384,1.689779474627332,0.0,zonia,0,False
2025-06-16 00:49:33.959823089+00:00,12,5,0,0,23.172004352407818,1.689021644402718,0.0,zonia,0,False
2025-06-16 01:14:44.064381089+00:00,12,5,0,0,23.173647108674672,1.6885822521945724,0.0,zonia,0,False
2025-06-16 01:16:23.671240089+00:00,12,5,0,0,23.069012389826263,1.6816110063000231,0.0,zonia,0,False
2025-06-16 01:50:24.180071089+00:00,12,5,0,0,22.275607210693664,1.679750276092412,0.0,zonia,0,False
2025-06-16 01:53:17.590051089+00:00,12,5,0,0,22.492278073684762,1.6746743521648082,0.0,zonia,0,False
2025-06-16 02:49:22.728228089+00:00,12,5,0,0,22.54504157156631,1.6849536315124,0.0,zonia,0,False
2025-06-16 02:58:53.106239089+00:00,12,5,0,0,22.535134026111475,1.6857200731762934,0.0,zonia,0,False
2025-06-16 03:58:04.118170089+00:00,12,5,0,0,21.70763375793077,1.6894674038308308,0.0,zonia,0,False
2025-06-16 04:06:13.618387089+00:00,12,5,0,0,21.654833244011616,1.6912582790851876,0.0,zonia,0,False
2025-06-16 04:19:30.712242089+00:00,12,5,0,0,21.70933119568497,1.6929197696459524,0.0,zonia,0,False
2025-06-16 04:31:15.705370089+00:00,12,5,0,0,22.270708900563406,1.6931899915022677,0.0,zonia,0,False
2025-06-16 04:40:19.972840089+00:00,12,5,0,0,22.707008192923833,1.6944368365430453,0.0,zonia,0,False
2025-06-16 05:04:08.468761089+00:00,12,5,0,0,24.723370823568665,1.6856411232197288,0.0,zonia,0,False
2025-06-16 05:15:12.188578089+00:00,12,5,0,0,24.89213978258163,1.6766144230865232,0.0,zonia,0,False
2025-06-16 05:27:53.925028089+00:00,12,5,0,0,25.72925639815062,1.6770718956220299,0.0,zonia,0,False
2025-06-16 05:45:46.611138089+00:00,12,5,0,0,26.57509470208585,1.6749088534847765,0.0,zonia,0,False
2025-06-16 05:56:08.412663089+00:00,12,5,0,0,26.767551616859038,1.677598594052449,0.0,zonia,0,False
2025-06-16 06:05:04.873969089+00:00,12,5,0,0,27.3084877372904,1.6789302888327788,0.0,zonia,0,False
2025-06-16 06:08:33.496552089+00:00,12,5,0,0,27.457901833890766,1.680643856042298,0.0,zonia,0,False
2025-06-16 06:32:43.666102089+00:00,12,5,0,0,27.819735641028338,1.6779892412975808,0.0,zonia,0,False
2025-06-16 06:55:47.384608089+00:00,12,5,0,0,28.375985281869774,1.682277453400577,0.0,zonia,0,False
2025-06-16 07:48:07.783822089+00:00,12,5,0,0,29.86686748189656,1.6869435172761003,0.0,zonia,0,False
2025-06-16 08:25:47.983104089+00:00,12,5,0,0,30.063218165053616,1.6918790991366757,0.0,zonia,0,False
2025-06-16 08:33:53.961183089+00:00,12,5,0,0,30.154398728608804,1.675020028730906,0.0,zonia,0,False
2025-06-16 08:42:24.448206089+00:00,12,5,0,0,30.228410297931504,1.661945470803063,0.0,zonia,0,False
2025-06-16 08:58:13.995747089+00:00,12,5,0,0,30.413105425456425,1.6646755479056787,0.0,zonia,0,False
2025-06-16 10:06:01.614236089+00:00,12,5,0,0,31.673291456561184,1.6567108910778303,0.0,zonia,0,False
2025-06-16 10:21:10.664862089+00:00,12,5,0,0,30.728087285693743,1.4789058091097935,0.0,zonia,0,False
2025-06-16 10:48:12.574874089+00:00,12,5,0,0,31.148489550544685,1.476818218647607,0.0,zonia,0,False
2025-06-16 10:53:21.329922089+00:00,12,5,0,0,31.461906725424043,1.516247977062663,0.0,zonia,0,False
2025-06-16 10:59:47.069237089+00:00,12,5,0,0,31.488260651048513,1.5371400281920278,0.0,zonia,0,False
2025-06-16 11:05:56.880052089+00:00,12,5,0,0,31.411216699576958,1.6041454927580574,0.0,zonia,0,False
2025-06-16 11:09:11.884655089+00:00,12,5,0,0,31.74167921082893,1.636354753333605,0.0,zonia,0,False
2025-06-16 12:02:42.877777089+00:00,12,5,0,0,31.587665609345805,1.6095071359626474,0.0,zonia,0,False
2025-06-16 12:09:51.324162089+00:00,12,5,0,0,30.669929604112042,1.6032815128283944,0.0,zonia,0,False
2025-06-16 12:26:05.341526089+00:00,12,5,0,0,29.77203345952462,1.6240562887490582,0.0,zonia,0,False
2025-06-16 12:40:21.315039089+00:00,12,5,0,0,29.03684634470555,1.6308057411354133,0.0,zonia,0,False
2025-06-16 12:50:49.840573089+00:00,12,5,0,0,28.7133810862694,1.6366712046291199,0.0,zonia,0,False
2025-06-16 13:16:21.266299089+00:00,12,5,0,0,27.463062040134094,1.6466321894737277,0.0,zonia,0,False
2025-06-16 13:31:23.788387089+00:00,12,5,0,0,27.09479554029349,1.6444690919731646,0.0,zonia,0,False
2025-06-16 13:42:46.877346089+00:00,12,5,0,0,26.475060961407266,1.6335078813963346,0.0,zonia,0,False
2025-06-16 13:44:39.063485089+00:00,12,5,0,0,26.860293778106982,1.6075485517065826,0.0,zonia,0,False
2025-06-16 14:10:32.197196089+00:00,12,5,0,0,24.72186721054613,1.5492645867734696,0.0,zonia,0,False
2025-06-16 14:38:43.033379089+00:00,12,5,0,0,18.41444959787226,1.5618914091600442,0.0,zonia,0,False
2025-06-16 15:20:55.507824089+00:00,12,5,0,0,18.40431206519349,1.5966669135381222,0.0,zonia,0,False
2025-06-16 15:31:21.309151089+00:00,12,5,0,0,18.39726932825364,1.6144716658692477,0.0,zonia,0,False
2025-06-16 15:40:03.182005089+00:00,12,5,0,0,18.383782829905307,1.6247691951300918,0.0,zonia,0,False
2025-06-16 15:56:02.020996089+00:00,12,5,0,0,18.39670460964926,1.6439888989390938,0.0,zonia,0,False
2025-06-16 15:59:38.969126089+00:00,12,5,0,0,18.34603775275758,1.6524035714560663,0.0,zonia,0,False
2025-06-16 16:16:21.292975089+00:00,12,5,0,0,18.34229823970933,1.6561625485885583,0.0,zonia,0,False
2025-06-16 16:17:39.118250089+00:00,12,5,0,0,18.38103430668969,1.6623583084732476,0.0,zonia,0,False
2025-06-16 16:43:13.768680089+00:00,12,5,0,0,18.248979876533465,1.6623529787317517,0.0,zonia,0,False
2025-06-16 16:57:21.014951089+00:00,12,5,0,0,18.494405475780162,1.6817924732110587,0.0,zonia,0,False
2025-06-16 17:05:22.960289089+00:00,12,5,0,0,18.616824043081948,1.6822031003990834,0.0,zonia,0,False
2025-06-16 17:06:19.341005089+00:00,12,5,0,0,18.5281230715927,1.6912822166035737,0.0,zonia,0,False
2025-06-16 17:17:34.189963089+00:00,12,5,0,0,19.01603225173466,1.6916293674289395,0.0,zonia,0,False
2025-06-16 17:24:39.138244089+00:00,12,5,0,0,19.092954958295415,1.696483042414885,0.0,zonia,0,False
2025-06-16 18:18:38.445397089+00:00,12,5,0,0,20.166027296943255,1.6947633711125376,0.0,zonia,0,False
2025-06-16 18:18:45.652499089+00:00,12,5,0,0,20.213748128827845,1.693114034793832,0.0,zonia,0,False
2025-06-16 19:00:25.661059089+00:00,12,5,0,0,19.47906794347014,1.6940761657301526,0.0,zonia,0,False
2025-06-16 19:36:56.460514089+00:00,12,5,0,0,18.89689201628156,1.6952703435921423,0.0,zonia,0,False
2025-06-16 19:48:56.692518089+00:00,12,5,0,0,18.47312917937619,1.6990153203965608,0.0,zonia,0,False
2025-06-16 20:10:07.746172089+00:00,12,5,0,0,18.143907323623495,1.697116810412655,0.0,zonia,0,False
2025-06-16 20:15:51.463842089+00:00,12,5,0,0,17.775727469775507,1.6996172771099871,0.0,zonia,0,False
2025-06-16 20:49:28.140433089+00:00,12,5,0,0,17.768138568134695,1.6956977448091997,0.0,zonia,0,False
2025-06-16 20:50:17.794358089+00:00,12,5,0,0,17.81580249744135,1.6952529133381427,0.0,zonia,0,False
2025-06-16 20:51:13.704370089+00:00,12,5,0,0,17.76190882715218,1.6907385896259328,0.0,zonia,0,False
2025-06-16 21:04:14.196791089+00:00,12,5,0,0,17.90002360171439,1.6886618210908158,0.0,zonia,0,False
2025-06-16 21:25:34.651051089+00:00,12,5,0,0,18.40455276196813,1.6880538847404833,0.0,zonia,0,False
2025-06-16 21:33:56.138583089+00:00,12,5,0,0,18.428362904720622,1.689558176282765,0.0,zonia,0,False
2025-06-16 21:41:59.299143089+00:00,12,5,0,0,18.370856983097752,1.6899823684683082,0.0,zonia,0,False
2025-06-16 21:44:37.631956089+00:00,12,5,0,0,18.120486782527045,1.695428438060794,0.0,zonia,0,False
2025-06-16 22:12:18.986748089+00:00,12,5,0,0,18.274974026582424,1.693814481476574,0.0,zonia,0,False
2025-06-16 22:29:22.486562089+00:00,12,5,0,0,18.17181854564424,1.6959661469756202,0.0,zonia,0,False
2025-06-16 22:32:24.234439089+00:00,12,5,0,0,18.330516782675428,1.6975897640863435,0.0,zonia,0,False
2025-06-16 22:39:13.491529089+00:00,12,5,0,0,18.39613126262968,1.698507055700883,0.0,zonia,0,False
2025-06-16 22:42:08.109173089+00:00,12,5,0,0,18.443408129745922,1.6978410233866807,0.0,zonia,0,False
2025-06-16 23:08:49.509057089+00:00,12,5,0,0,18.185268027969276,1.700832619603377,0.0,zonia,0,False
2025-06-16 23:10:46.464208089+00:00,12,5,0,0,18.331302248658833,1.702213069492848,0.0,zonia,0,False
2025-06-16 23:25:05.620168089+00:00,12,5,0,0,18.418854849181734,1.7030132407891283,0.0,zonia,0,False
2025-06-16 23:39:38.692716089+00:00,12,5,0,0,18.509250454128413,1.7054084940371659,0.0,zonia,0,False
2025-06-16 23:59:44.309458089+00:00,12,5,0,0,18.33075867512788,1.7009655283633243,0.0,zonia,0,False
2025-06-17 00:10:19.035712089+00:00,12,5,0,0,18.11752268351592,1.7018773037021833,0.0,zonia,0,False
2025-06-17 00:32:41.777553089+00:00,12,5,0,0,17.914554870808892,1.703299783530055,0.0,zonia,0,False
2025-06-17 00:33:41.444086089+00:00,12,5,0,0,18.141694071023977,1.7031551369148408,0.0,zonia,0,False
2025-06-17 00:42:45.388448089+00:00,12,5,0,0,18.17187587039447,1.7034246789036982,0.0,zonia,0,False
2025-06-17 01:04:42.185637089+00:00,12,5,0,0,18.212295181132475,1.7043654659146092,0.0,zonia,0,False
2025-06-17 01:06:54.168355089+00:00,12,5,0,0,18.210493142065626,1.7020939407951878,0.0,zonia,0,False
2025-06-17 01:08:29.574599089+00:00,12,5,0,0,18.12529891047258,1.7023919014170315,0.0,zonia,0,False
2025-06-17 01:40:05.936016089+00:00,12,5,0,0,18.222260028302202,1.701949039905892,0.0,zonia,0,False
2025-06-17 01:52:02.453928089+00:00,12,5,0,0,18.145872964418427,1.7027021548586319,0.0,zonia,0,False
2025-06-17 01:52:28.377718089+00:00,12,5,0,0,18.081866095852547,1.7034158122080263,0.0,zonia,0,False
2025-06-17 02:34:40.390057089+00:00,12,5,0,0,17.767530461880305,1.7044563641610608,0.0,zonia,0,False
2025-06-17 02:53:26.084195089+00:00,12,5,0,0,17.641486836599512,1.7055052001660864,0.0,zonia,0,False
2025-06-17 03:12:04.694428089+00:00,12,5,0,0,17.487552434941797,1.7056335166077534,0.0,zonia,0,False
2025-06-17 03:50:06.232498089+00:00,12,5,0,0,17.508227196730278,1.7069401532878001,0.0,zonia,0,False
2025-06-17 04:00:23.964045089+00:00,12,5,0,0,17.55493430188355,1.7079186679519531,0.0,zonia,0,False
2025-06-17 04:04:02.192766089+00:00,12,5,0,0,17.53569847882507,1.7084687468934632,0.0,zonia,0,False
2025-06-17 04:09:48.199499089+00:00,12,5,0,0,17.715728477576736,1.7092234497116152,0.0,zonia,0,False
2025-06-17 04:14:24.128838089+00:00,12,5,0,0,17.65063933843175,1.709560424767515,0.0,zonia,0,False
2025-06-17 04:45:08.373267089+00:00,12,5,0,0,17.76275957619626,1.7094871338455597,0.0,zonia,0,False
2025-06-17 04:59:20.557462089+00:00,12,5,0,0,17.762159423130502,1.7097093912743584,0.0,zonia,0,False
2025-06-17 05:02:59.684146089+00:00,12,5,0,0,17.8044418415394,1.7100351261668219,0.0,zonia,0,False
2025-06-17 05:45:24.963464089+00:00,12,5,0,0,17.844760962887026,1.708935829922628,0.0,zonia,0,False
2025-06-17 05:46:45.690578089+00:00,12,5,0,0,17.858065500836165,1.7092739850354142,0.0,zonia,0,False
2025-06-17 06:00:31.976982089+00:00,12,5,0,0,17.956655916992528,1.7057068242584408,0.0,zonia,0,False
2025-06-17 06:00:43.153769089+00:00,12,5,0,0,17.732243226832,1.7062234556753637,0.0,zonia,0,False
2025-06-17 06:46:17.498538089+00:00,12,5,0,0,18.33035284749854,1.7062125172420064,0.0,zonia,0,False
2025-06-17 06:58:25.088011089+00:00,12,5,0,0,18.60542083697306,1.7052921924632316,0.0,zonia,0,False
2025-06-17 06:59:37.220127089+00:00,12,5,0,0,18.573905630950126,1.7055696609392936,0.0,zonia,0,False
2025-06-17 07:01:21.616018089+00:00,12,5,0,0,18.481150996626393,1.7049231400033515,0.0,zonia,0,False
2025-06-17 07:41:14.080830089+00:00,12,5,0,0,19.11242712263197,1.703933571927076,0.0,zonia,0,False
2025-06-17 07:47:11.492325089+00:00,12,5,0,0,19.181081110704575,1.7030409881620465,0.0,zonia,0,False
2025-06-17 08:00:16.012277089+00:00,12,5,0,0,19.47591100201828,1.7026646610807856,0.0,zonia,0,False
2025-06-17 08:09:03.710277089+00:00,12,5,0,0,19.730712928826044,1.6997957009543665,0.0,zonia,0,False
2025-06-17 08:12:06.621477089+00:00,12,5,0,0,19.560482866462593,1.7003690026732,0.0,zonia,0,False
2025-06-17 08:28:02.381320089+00:00,12,5,0,0,19.394607731744767,1.7027881875463746,0.0,zonia,0,False
2025-06-17 08:28:18.030240089+00:00,12,5,0,0,19.477564556832586,1.70286239804749,0.0,zonia,0,False
2025-06-17 08:32:52.017890089+00:00,12,5,0,0,19.493420960838375,1.7027463862601666,0.0,zonia,0,False
2025-06-17 09:28:32.388853089+00:00,12,5,0,0,21.05360364472724,1.6894025252514069,0.0,zonia,0,False
2025-06-17 09:35:37.684478089+00:00,12,5,0,0,21.12659727519282,1.6808507754115476,0.0,zonia,0,False
2025-06-17 09:39:00.332544089+00:00,12,5,0,0,21.230652691226357,1.6782373476203343,0.0,zonia,0,False
2025-06-17 09:42:22.467678089+00:00,12,5,0,0,21.096200399643784,1.6781267633743524,0.0,zonia,0,False
2025-06-17 09:53:13.961722089+00:00,12,5,0,0,21.362423361004975,1.677219972273983,0.0,zonia,0,False
2025-06-17 10:05:33.099431089+00:00,12,5,0,0,21.76289573199238,1.6789284770320456,0.0,zonia,0,False
2025-06-17 10:32:47.015586089+00:00,12,5,0,0,22.69810395015624,1.6815683022660586,0.0,zonia,0,False
2025-06-17 10:34:40.912674089+00:00,12,5,0,0,22.362904934955868,1.6793447048272474,0.0,zonia,0,False
2025-06-17 10:38:01.243889089+00:00,12,5,0,0,22.63102955230965,1.680671205952578,0.0,zonia,0,False
2025-06-17 11:06:21.453463089+00:00,12,5,0,0,23.52651963252362,1.6722422874092842,0.0,zonia,0,False
2025-06-17 11:27:28.274063089+00:00,12,5,0,0,23.7870736616135,1.6728303348727411,0.0,zonia,0,False
2025-06-17 11:29:33.399273089+00:00,12,5,0,0,23.623579533436175,1.6711522108680386,0.0,zonia,0,False
2025-06-17 11:52:21.243065089+00:00,12,5,0,0,24.443960706477228,1.6739104832081313,0.0,zonia,0,False
2025-06-17 12:05:30.346934089+00:00,12,5,0,0,24.925344564019422,1.6859739286173376,0.0,zonia,0,False
2025-06-17 12:05:43.824644089+00:00,12,5,0,0,25.137118865930145,1.647691417769357,0.0,zonia,0,False
2025-06-17 12:14:48.405876089+00:00,12,5,0,0,24.99731300137812,1.640811795208799,0.0,zonia,0,False
2025-06-17 12:22:29.237289089+00:00,12,5,0,0,24.760137079505736,1.6408026066592558,0.0,zonia,0,False
2025-06-17 12:26:52.555947089+00:00,12,5,0,0,25.981297308760748,1.6427811456678982,0.0,zonia,0,False
2025-06-17 12:27:26.774486089+00:00,12,5,0,0,25.465465714871762,1.6440519402465203,0.0,zonia,0,False
2025-06-17 12:27:43.177052089+00:00,12,5,0,0,25.983445798957348,1.6375461063002876,0.0,zonia,0,False
2025-06-17 12:43:09.572955089+00:00,12,5,0,0,25.38426947902802,1.6403451751790794,0.0,zonia,0,False
2025-06-17 13:02:17.052544089+00:00,12,5,0,0,25.834546661083994,1.6447153851526262,0.0,zonia,0,False
2025-06-17 13:10:06.772489089+00:00,12,5,0,0,25.72646444295511,1.642974389260914,0.0,zonia,0,False
2025-06-17 13:42:32.100688089+00:00,12,5,0,0,26.42264427638247,1.6493139604228464,0.0,zonia,0,False
2025-06-17 13:46:25.858703089+00:00,12,5,0,0,27.19056957001802,1.6326007977088324,0.0,zonia,0,False
2025-06-17 14:05:19.423446089+00:00,12,5,0,0,26.999220621963733,1.645966734071457,0.0,zonia,0,False
2025-06-17 14:38:59.080937089+00:00,12,5,0,0,26.856369368004017,1.6452627741208743,0.0,zonia,0,False
2025-06-17 14:49:16.266073089+00:00,12,5,0,0,27.222230081752702,1.6534255206348991,0.0,zonia,0,False
2025-06-17 14:56:40.469976089+00:00,12,5,0,0,27.13226609394001,1.651941434827074,0.0,zonia,0,False
2025-06-17 15:01:28.826233089+00:00,12,5,0,0,26.924578483658966,1.6579879149790515,0.0,zonia,0,False
2025-06-17 15:22:02.834424089+00:00,12,5,0,0,27.17696915865293,1.6615087585204151,0.0,zonia,0,False
2025-06-17 15:22:52.810241089+00:00,12,5,0,0,27.16662765976108,1.6547292512838567,0.0,zonia,0,False
2025-06-17 15:38:28.859628089+00:00,12,5,0,0,26.92488661083513,1.6313148724019921,0.0,zonia,0,False
2025-06-17 15:48:55.530565089+00:00,12,5,0,0,27.69670148579749,1.6343773616687114,0.0,zonia,0,False
2025-06-17 16:11:59.309229089+00:00,12,5,0,0,26.59324766992488,1.6371078066636955,0.0,zonia,0,False
2025-06-17 16:26:31.757706089+00:00,12,5,0,0,26.78721995870845,1.6195424915384466,0.0,zonia,0,False
2025-06-17 16:40:58.905641089+00:00,12,5,0,0,27.256438972438165,1.623350439704322,0.0,zonia,0,False
2025-06-17 16:46:46.518326089+00:00,12,5,0,0,26.836552645941023,1.6229645906728025,0.0,zonia,0,False
2025-06-17 16:48:37.917349089+00:00,12,5,0,0,26.95206354349798,1.614043720373741,0.0,zonia,0,False
2025-06-17 16:57:08.463313089+00:00,12,5,0,0,26.976728827455972,1.615148684656752,0.0,zonia,0,False
2025-06-17 17:02:09.430543089+00:00,12,5,0,0,26.7859327202501,1.6245000676967618,0.0,zonia,0,False
2025-06-17 17:41:38.531469089+00:00,12,5,0,0,24.82041376952917,1.630143123164009,0.0,zonia,0,False
2025-06-17 18:39:07.387647089+00:00,12,5,0,0,21.786924598835842,1.6250109252748353,0.0,zonia,0,False
2025-06-17 18:48:48.752556089+00:00,12,5,0,0,20.880669820196637,1.6268731940186447,0.0,zonia,0,False
2025-06-17 19:09:02.134095089+00:00,12,5,0,0,20.628138066869965,1.6389535923481078,0.0,zonia,0,False
2025-06-17 19:32:54.970409089+00:00,12,5,0,0,19.535743306704244,1.640302473647614,0.0,zonia,0,False
2025-06-17 19:42:43.000287089+00:00,12,5,0,0,20.16174439258161,1.6162857836105213,0.0,zonia,0,False
2025-06-17 19:46:00.746881089+00:00,12,5,0,0,19.495008990263322,1.6107311628809875,0.0,zonia,0,False
2025-06-17 19:47:56.153392089+00:00,12,5,0,0,19.973503979846203,1.6086202226818744,0.0,zonia,0,False
2025-06-17 19:52:35.930901089+00:00,12,5,0,0,19.86964153501436,1.6053324704798422,0.0,zonia,0,False
2025-06-17 20:00:10.027901089+00:00,12,5,0,0,19.620461981365313,1.6086955543167851,0.0,zonia,0,False
2025-06-17 20:04:21.017783089+00:00,12,5,0,0,18.978622466210247,1.6051926710584612,0.0,zonia,0,False
2025-06-17 20:44:27.136232089+00:00,12,5,0,0,17.927532598173027,1.618031521193202,0.0,zonia,0,False
2025-06-17 21:34:06.739000089+00:00,12,5,0,0,17.497349860062506,1.6189202118365942,0.0,zonia,0,False
2025-06-17 21:55:01.760435089+00:00,12,5,0,0,16.97405384503453,1.6314779123387724,0.0,zonia,0,False
2025-06-17 22:02:02.719661089+00:00,12,5,0,0,17.002092977857654,1.6478196366392843,0.0,zonia,0,False
2025-06-17 22:02:50.527036089+00:00,12,5,0,0,16.820060747835,1.6596515566757912,0.0,zonia,0,False
2025-06-17 22:05:19.661569089+00:00,12,5,0,0,16.85110680790895,1.6683082535429663,0.0,zonia,0,False
2025-06-17 22:12:48.232572089+00:00,12,5,0,0,17.09076435226207,1.6739788055874063,0.0,zonia,0,False
2025-06-17 22:23:02.138297089+00:00,12,5,0,0,16.829263600188696,1.6769433811329801,0.0,zonia,0,False
2025-06-17 22:24:54.025133089+00:00,12,5,0,0,16.734623933172998,1.6804447728134113,0.0,zonia,0,False
2025-06-17 22:35:59.109653089+00:00,12,5,0,0,16.79150956906975,1.6819139060477801,0.0,zonia,0,False
2025-06-17 22:49:41.410580089+00:00,12,5,0,0,16.50097350938244,1.6825381897005849,0.0,zonia,0,False
2025-06-17 22:54:37.999293089+00:00,12,5,0,0,16.55433659570147,1.6428088682540116,0.0,zonia,0,False
2025-06-17 22:55:27.116742089+00:00,12,5,0,0,16.221665146998443,1.5096510562511407,0.0,zonia,0,False
2025-06-17 23:23:22.330636089+00:00,12,5,0,0,16.59663104006357,1.599291458769857,0.0,zonia,0,False
2025-06-17 23:54:37.406095089+00:00,12,5,0,0,15.841961083001594,1.6117167188324362,0.0,zonia,0,False
2025-06-17 23:54:45.990633089+00:00,12,5,0,0,15.944943984459673,1.6496476170316239,0.0,zonia,0,False
2025-06-18 00:03:08.329855089+00:00,12,5,0,0,16.186261539495796,1.6544434349316692,0.0,zonia,0,False
2025-06-18 00:20:23.159610089+00:00,12,5,0,0,15.927235090070498,1.6532667949634645,0.0,zonia,0,False
2025-06-18 00:23:16.965244089+00:00,12,5,0,0,15.98118432456535,1.6546942723108624,0.0,zonia,0,False
2025-06-18 00:56:12.412625089+00:00,12,5,0,0,15.306192485923846,1.675668601392692,0.0,zonia,0,False
2025-06-18 01:14:31.408977089+00:00,12,5,0,0,15.300920606069848,1.6826602740257777,0.0,zonia,0,False
2025-06-18 01:16:24.842799089+00:00,12,5,0,0,15.067330080559937,1.6849092951479119,0.0,zonia,0,False
2025-06-18 01:18:55.918788089+00:00,12,5,0,0,15.177916939459694,1.6869834416757352,0.0,zonia,0,False
2025-06-18 01:47:58.690145089+00:00,12,5,0,0,15.127259929701257,1.6892719445581565,0.0,zonia,0,False
2025-06-18 01:49:07.867556089+00:00,12,5,0,0,15.135896378152973,1.691666021327229,0.0,zonia,0,False
2025-06-18 01:49:32.299259089+00:00,12,5,0,0,14.966709462679956,1.6977104886430467,0.0,zonia,0,False
2025-06-18 01:56:34.539417089+00:00,12,5,0,0,15.071862433497406,1.6975225336269364,0.0,zonia,0,False
2025-06-18 02:04:43.804845089+00:00,12,5,0,0,14.916444148116991,1.5800196083714753,0.0,zonia,0,False
2025-06-18 02:37:13.441635089+00:00,12,5,0,0,14.632162049926876,1.5795504763400616,0.0,zonia,0,False
2025-06-18 02:49:00.516621089+00:00,12,5,0,0,14.562535141605636,1.5783108708318072,0.0,zonia,0,False
2025-06-18 03:48:03.390841089+00:00,12,5,0,0,14.597410350060136,1.579630853109127,0.0,zonia,0,False
2025-06-18 03:52:42.858739089+00:00,12,5,0,0,14.664339562821484,1.5826632825349307,0.0,zonia,0,False
2025-06-18 04:21:52.619895089+00:00,12,5,0,0,15.10011194182214,1.5787744598189308,0.0,zonia,0,False
2025-06-18 04:23:06.970448089+00:00,12,5,0,0,15.50505094006625,1.5808346512859284,0.0,zonia,0,False
2025-06-18 04:37:45.904160089+00:00,12,5,0,0,16.72029475582483,1.5743009142078044,0.0,zonia,0,False
2025-06-18 04:47:44.848816089+00:00,12,5,0,0,16.648760239300405,1.567865805476485,0.0,zonia,0,False
2025-06-18 04:51:36.490969089+00:00,12,5,0,0,16.947409018411694,1.6118313338575858,0.0,zonia,0,False
2025-06-18 06:03:27.379062089+00:00,12,5,0,0,20.202745361773058,1.5709152454058246,0.0,zonia,0,False
2025-06-18 06:10:19.190549089+00:00,12,5,0,0,20.5975167048145,1.562345531317328,0.0,zonia,0,False
2025-06-18 06:15:23.729494089+00:00,12,5,0,0,20.59022279182536,1.5539883527602087,0.0,zonia,0,False
2025-06-18 06:21:47.932608089+00:00,12,5,0,0,21.200601188887052,1.5745409650793938,0.0,zonia,0,False
2025-06-18 06:24:28.321157089+00:00,12,5,0,0,21.33318626004071,1.575991605204214,0.0,zonia,0,False
2025-06-18 06:32:30.174713089+00:00,12,5,0,0,21.920708947238147,1.564434244816013,0.0,zonia,0,False
2025-06-18 06:33:38.237194089+00:00,12,5,0,0,21.72209083278915,1.563683055108142,0.0,zonia,0,False
2025-06-18 07:12:33.528537089+00:00,12,5,0,0,22.97150845470074,1.579702387540367,0.0,zonia,0,False
2025-06-18 07:29:03.833599089+00:00,12,5,0,0,23.50346249303302,1.57854273746995,0.0,zonia,0,False
2025-06-18 08:01:11.027467089+00:00,12,5,0,0,24.270777665843745,1.5900625620941025,0.0,zonia,0,False
2025-06-18 08:09:40.127601089+00:00,12,5,0,0,24.690481426437586,1.5834005212700142,0.0,zonia,0,False
2025-06-18 08:20:55.909706089+00:00,12,5,0,0,25.00241678851372,1.583180501182365,0.0,zonia,0,False
2025-06-18 08:28:34.181056089+00:00,12,5,0,0,25.302297272197308,1.5852077597066387,0.0,zonia,0,False
2025-06-18 09:02:57.961371089+00:00,12,5,0,0,26.29039275302963,1.5857315158371696,0.0,zonia,0,False
2025-06-18 09:05:14.774373089+00:00,12,5,0,0,26.079417800073152,1.5867227919794284,0.0,zonia,0,False
2025-06-18 09:09:07.236893089+00:00,12,5,0,0,26.321100643415047,1.5865510764230193,0.0,zonia,0,False
2025-06-18 09:19:04.673561089+00:00,12,5,0,0,26.605719936072465,1.5905365595237968,0.0,zonia,0,False
2025-06-18 09:55:44.742929089+00:00,12,5,0,0,27.86825408219887,1.5947671002323467,0.0,zonia,0,False
2025-06-18 09:58:23.662554089+00:00,12,5,0,0,27.926675260578207,1.5982423770272665,0.0,zonia,0,False
2025-06-18 10:01:52.497506089+00:00,12,5,0,0,27.67931511360085,1.600073603637149,0.0,zonia,0,False
2025-06-18 10:02:43.952411089+00:00,12,5,0,0,27.555740185489995,1.6422897195463,0.0,zonia,0,False
2025-06-18 10:15:52.474730089+00:00,12,5,0,0,27.765261508044325,1.6416998334736042,0.0,zonia,0,False
2025-06-18 10:17:24.823035089+00:00,12,5,0,0,27.655268914163283,1.640526917637272,0.0,zonia,0,False
2025-06-18 10:17:36.247804089+00:00,12,5,0,0,27.832820994292334,1.6385816594108003,0.0,zonia,0,False
2025-06-18 10:17:54.836154089+00:00,12,5,0,0,27.810415117225265,1.6392049477146167,0.0,zonia,0,False
2025-06-18 11:33:03.538201089+00:00,12,5,0,0,28.755097540692628,1.6394706078916603,0.0,zonia,0,False
2025-06-18 11:34:17.688556089+00:00,12,5,0,0,28.824876750642836,1.6318130304129743,0.0,zonia,0,False
2025-06-18 11:41:45.062111089+00:00,12,5,0,0,29.136726814835104,1.626085980411729,0.0,zonia,0,False
2025-06-18 11:48:46.749102089+00:00,12,5,0,0,29.083281724026676,1.6290431154537899,0.0,zonia,0,False
2025-06-18 12:08:41.069177089+00:00,12,5,0,0,29.683505199209623,1.6316952344640963,0.0,zonia,0,False
2025-06-18 12:45:48.659608089+00:00,12,5,0,0,30.00788357703655,1.646807992183552,0.0,zonia,0,False
2025-06-18 12:55:32.087820089+00:00,12,5,0,0,29.93446065746936,1.6477237458246417,0.0,zonia,0,False
2025-06-18 12:57:51.384056089+00:00,12,5,0,0,30.114778188641903,1.664465484742566,0.0,zonia,0,False
2025-06-18 13:09:27.905284089+00:00,12,5,0,0,29.614292786256467,1.6581565963712446,0.0,zonia,0,False
2025-06-18 13:14:53.567116089+00:00,12,5,0,0,30.298249030262244,1.6609632959377088,0.0,zonia,0,False
2025-06-18 13:24:40.228027089+00:00,12,5,0,0,30.227786389342274,1.6458678596383365,0.0,zonia,0,False
2025-06-18 13:32:11.295727089+00:00,12,5,0,0,30.407120085665046,1.5872735878444562,0.0,zonia,0,False
2025-06-18 14:09:54.717017089+00:00,12,5,0,0,30.849292970074508,1.524543105450023,0.0,zonia,0,False
2025-06-18 14:15:29.286147089+00:00,12,5,0,0,31.01057342804723,1.505957321086147,0.0,zonia,0,False
2025-06-18 14:47:13.508303089+00:00,12,5,0,0,31.13836299691288,1.502555217215532,0.0,zonia,0,False
2025-06-18 15:02:19.477759089+00:00,12,5,0,0,30.760844149620553,1.5075578255483155,0.0,zonia,0,False
2025-06-18 15:09:32.667617089+00:00,12,5,0,0,30.807089557594782,1.512568810432185,0.0,zonia,0,False
2025-06-18 15:11:26.626717089+00:00,12,5,0,0,30.866797721541257,1.5171741620057912,0.0,zonia,0,False
2025-06-18 15:28:09.494098089+00:00,12,5,0,0,31.184117499230624,1.5049995438802368,0.0,zonia,0,False
2025-06-18 15:29:09.259848089+00:00,12,5,0,0,30.76937692704659,1.5060541276182666,0.0,zonia,0,False
2025-06-18 15:48:41.945706089+00:00,12,5,0,0,30.697163419532313,1.5006137813208495,0.0,zonia,0,False
2025-06-18 15:53:42.590329089+00:00,12,5,0,0,30.514316077892783,1.4908559182260608,0.0,zonia,0,False
2025-06-18 16:02:08.652039089+00:00,12,5,0,0,30.282305887095518,1.4951899587606718,0.0,zonia,0,False
2025-06-18 16:07:58.582782089+00:00,12,5,0,0,30.498251978245094,1.4979848628810692,0.0,zonia,0,False
2025-06-18 16:18:43.903642089+00:00,12,5,0,0,30.201322995358286,1.498066859154052,0.0,zonia,0,False
2025-06-18 16:31:51.480305089+00:00,12,5,0,0,29.810631002944273,1.5167159303435411,0.0,zonia,0,False
2025-06-18 16:45:42.842748089+00:00,12,5,0,0,29.32623362521334,1.5090455935601137,0.0,zonia,0,False
2025-06-18 16:51:36.388601089+00:00,12,5,0,0,30.221208602239887,1.4853480636874064,0.0,zonia,0,False
2025-06-18 17:22:09.579082089+00:00,12,5,0,0,29.86842705412242,1.5121150154535297,0.0,zonia,0,False
2025-06-18 17:29:09.035393089+00:00,12,5,0,0,29.315092322883476,1.585663786024478,0.0,zonia,0,False
2025-06-18 17:34:28.278750089+00:00,12,5,0,0,29.402640901492465,1.627884128261697,0.0,zonia,0,False
2025-06-18 17:35:37.592998089+00:00,12,5,0,0,29.41769566949762,1.6410301555781415,0.0,zonia,0,False
2025-06-18 17:37:27.441756089+00:00,12,5,0,0,29.44424015308364,1.6241012303611553,0.0,zonia,0,False
2025-06-18 17:37:33.028112089+00:00,12,5,0,0,29.44180390035836,1.6256107628493681,0.0,zonia,0,False
2025-06-18 17:38:06.320237089+00:00,12,5,0,0,29.41339450134978,1.6212632828300915,0.0,zonia,0,False
2025-06-18 17:48:15.298023089+00:00,12,5,0,0,29.026752643437398,1.6229744857457213,0.0,zonia,0,False
2025-06-18 18:00:51.679972089+00:00,12,5,0,0,28.98118383326873,1.6368213708631212,0.0,zonia,0,False
2025-06-18 18:32:56.848625089+00:00,12,5,0,0,27.41504130131803,1.6358648857715394,0.0,zonia,0,False
2025-06-18 19:12:57.027194089+00:00,12,5,0,0,23.857917015492287,1.6574376653196539,0.0,zonia,0,False
2025-06-18 20:30:49.619126089+00:00,12,5,0,0,21.55296215231083,1.6550546266766646,0.0,zonia,0,False
2025-06-18 20:41:39.059014089+00:00,12,5,0,0,21.42537772609336,1.6520996274294217,0.0,zonia,0,False
2025-06-18 20:46:09.471055089+00:00,12,5,0,0,21.06945898483733,1.6486212387888677,0.0,zonia,0,False
2025-06-18 20:48:04.325530089+00:00,12,5,0,0,20.571869369160936,1.6337587128808402,0.0,zonia,0,False
2025-06-18 20:59:52.387292089+00:00,12,5,0,0,20.296668615687047,1.628970660208703,0.0,zonia,0,False
2025-06-18 21:38:05.706641089+00:00,12,5,0,0,19.51686626806315,1.620825837810303,0.0,zonia,0,False
2025-06-18 21:52:54.673986089+00:00,12,5,0,0,19.90016142110416,1.6400312502419656,0.0,zonia,0,False
2025-06-18 22:01:27.723485089+00:00,12,5,0,0,19.41703858954018,1.6423819042987264,0.0,zonia,0,False
2025-06-18 22:02:34.873570089+00:00,12,5,0,0,19.45765604942708,1.6511269838690517,0.0,zonia,0,False
2025-06-18 22:13:20.331257089+00:00,12,5,0,0,19.22849451852326,1.6554583055483618,0.0,zonia,0,False
2025-06-18 22:42:05.153152089+00:00,12,5,0,0,18.718697851819005,1.659684801916183,0.0,zonia,0,False
2025-06-18 22:42:48.169057089+00:00,12,5,0,0,19.000451902959256,1.659440897124943,0.0,zonia,0,False
2025-06-18 22:59:05.047338089+00:00,12,5,0,0,18.74267807490059,1.6607367350280942,0.0,zonia,0,False
2025-06-18 23:18:16.998849089+00:00,12,5,0,0,18.57675232116768,1.6628892134150763,0.0,zonia,0,False
2025-06-18 23:38:55.668396089+00:00,12,5,0,0,18.325355281628887,1.671071768905208,0.0,zonia,0,False
2025-06-18 23:46:15.552403089+00:00,12,5,0,0,18.232082258182505,1.6760481514202006,0.0,zonia,0,False
2025-06-18 23:59:56.361147089+00:00,12,5,0,0,18.036672927705503,1.677973514136188,0.0,zonia,0,False
2025-06-19 00:38:08.569487089+00:00,12,5,0,0,17.701840048720484,1.6851768578593023,0.0,zonia,0,False
2025-06-19 00:42:42.609446089+00:00,12,5,0,0,17.789550185580005,1.6892264981093388,0.0,zonia,0,False
2025-06-19 00:49:06.126492089+00:00,12,5,0,0,17.698935172089328,1.6905916733384385,0.0,zonia,0,False
2025-06-19 00:56:41.583493089+00:00,12,5,0,0,17.865732322224364,1.6932516276711544,0.0,zonia,0,False
2025-06-19 01:16:49.557073089+00:00,12,5,0,0,17.400206339112113,1.696782641538938,0.0,zonia,0,False
2025-06-19 01:40:13.139434089+00:00,12,5,0,0,17.333220340508873,1.6951693789191147,0.0,zonia,0,False
2025-06-19 03:09:53.044265089+00:00,12,5,0,0,16.644995296310196,1.6958802842199734,0.0,zonia,0,False
2025-06-19 03:51:16.458133089+00:00,12,5,0,0,16.525163302337475,1.6951205624777927,0.0,zonia,0,False
2025-06-19 03:52:29.802166089+00:00,12,5,0,0,16.89906364187791,1.691805078531324,0.0,zonia,0,False
2025-06-19 04:00:38.783806089+00:00,12,5,0,0,16.67278324124703,1.6922796182068502,0.0,zonia,0,False
2025-06-19 04:21:41.435969089+00:00,12,5,0,0,17.35788415218879,1.6936146365530076,0.0,zonia,0,False
2025-06-19 05:08:44.528877089+00:00,12,5,0,0,20.20103016020478,1.656937815391107,0.0,zonia,0,False
2025-06-19 05:27:09.066732089+00:00,12,5,0,0,21.130394847235625,1.6149731035232613,0.0,zonia,0,False
2025-06-19 05:45:37.493067089+00:00,12,5,0,0,22.35478933079716,1.605774965248676,0.0,zonia,0,False
2025-06-19 05:47:46.820363089+00:00,12,5,0,0,22.459086613299487,1.6086378325303694,0.0,zonia,0,False
2025-06-19 05:56:16.331871089+00:00,12,5,0,0,22.94364838806496,1.6067461341766638,0.0,zonia,0,False
2025-06-19 06:10:18.334359089+00:00,12,5,0,0,23.50229963380003,1.576631482003158,0.0,zonia,0,False
2025-06-19 06:12:02.105043089+00:00,12,5,0,0,23.9666359809661,1.5104629819253101,0.0,zonia,0,False
2025-06-19 06:19:59.029376089+00:00,12,5,0,0,24.287495972791753,1.5372460011833542,0.0,zonia,0,False
2025-06-19 06:32:48.268853089+00:00,12,5,0,0,24.7567700310916,1.5377670558632002,0.0,zonia,0,False
2025-06-19 06:43:57.001841089+00:00,12,5,0,0,25.37230175244734,1.5459760457079266,0.0,zonia,0,False
2025-06-19 06:58:04.115022089+00:00,12,5,0,0,26.004910887726517,1.5636936498192655,0.0,zonia,0,False
2025-06-19 07:05:04.142010089+00:00,12,5,0,0,26.11335540292511,1.5638340310506735,0.0,zonia,0,False
2025-06-19 07:10:11.269990089+00:00,12,5,0,0,26.611634020306365,1.5654983350622602,0.0,zonia,0,False
2025-06-19 07:13:08.949554089+00:00,12,5,0,0,26.349856728813826,1.5732623814190032,0.0,zonia,0,False
2025-06-19 07:26:12.476230089+00:00,12,5,0,0,27.014385297969103,1.5741059245790205,0.0,zonia,0,False
2025-06-19 07:32:35.873468089+00:00,12,5,0,0,26.973981803254816,1.5663709152586485,0.0,zonia,0,False
2025-06-19 07:52:41.056009089+00:00,12,5,0,0,28.238825050234837,1.5896335186048487,0.0,zonia,0,False
2025-06-19 08:22:40.124405089+00:00,12,5,0,0,29.08392258559458,1.589720340990159,0.0,zonia,0,False
2025-06-19 08:30:14.371795089+00:00,12,5,0,0,29.31858385193548,1.5935995945903583,0.0,zonia,0,False
2025-06-19 08:34:20.599839089+00:00,12,5,0,0,29.234607347513695,1.5936746982771568,0.0,zonia,0,False
2025-06-19 08:37:56.753839089+00:00,12,5,0,0,29.27300680248356,1.6037055222832766,0.0,zonia,0,False
