current_time,indexers_created,indexers_malign,indexers_banned,indexers_banned_malign,inferred_truth,avg_rep_benign,avg_rep_malign,mode,fail_counter,consolidated_result
2025-06-05 04:32:17.741888406+00:00,8,0,0,0,17.055816636463607,0.30402793916878323,0.0,zonia,0,False
2025-06-05 04:33:59.203526406+00:00,8,0,0,0,16.93136876368156,0.4885908999662676,0.0,zonia,0,False
2025-06-05 04:38:50.243629406+00:00,8,0,0,0,16.96338585794991,0.6200873172933381,0.0,zonia,0,False
2025-06-05 04:44:58.590165406+00:00,8,0,0,0,17.342993145757614,0.6911122625737061,0.0,zonia,0,False
2025-06-05 04:51:33.040438406+00:00,8,0,0,0,18.285605161164828,0.7391090845471174,0.0,zonia,0,False
2025-06-05 04:58:11.757461406+00:00,8,0,0,0,18.069039720957743,0.7602115312829718,0.0,zonia,0,False
2025-06-05 05:34:29.541333406+00:00,8,0,0,0,20.203769520598275,0.8615169450471148,0.0,zonia,0,False
2025-06-05 05:40:11.414549406+00:00,8,0,0,0,20.20324922365548,0.9059506814759715,0.0,zonia,0,False
2025-06-05 05:43:34.393544406+00:00,8,0,0,0,20.237988735385002,0.9224713939983333,0.0,zonia,0,False
2025-06-05 05:45:42.205259406+00:00,8,0,0,0,20.937088165767598,0.9400883064697998,0.0,zonia,0,False
2025-06-05 06:06:09.289903406+00:00,8,0,0,0,21.39556374622882,0.9516945894358457,0.0,zonia,0,False
2025-06-05 06:17:40.413858406+00:00,8,0,0,0,21.96783724829765,0.9326007450461662,0.0,zonia,0,False
2025-06-05 06:21:37.816891406+00:00,8,0,0,0,21.717957762823485,0.9354995050581021,0.0,zonia,0,False
2025-06-05 06:50:18.561000406+00:00,8,0,0,0,23.263229426062047,0.9215545885966057,0.0,zonia,0,False
2025-06-05 06:51:56.070282406+00:00,8,0,0,0,23.20443354434628,0.925659479434845,0.0,zonia,0,False
2025-06-05 07:07:05.420315406+00:00,8,0,0,0,24.725702172462356,0.929218495206787,0.0,zonia,0,False
2025-06-05 07:23:05.396114406+00:00,8,0,0,0,25.351946054167453,0.9346958613782634,0.0,zonia,0,False
2025-06-05 07:29:14.336918406+00:00,8,0,0,0,25.470991122220674,0.9477173038882967,0.0,zonia,0,False
2025-06-05 08:03:32.854623406+00:00,8,0,0,0,26.064463933077334,0.9513350473362969,0.0,zonia,0,False
2025-06-05 08:26:40.167934406+00:00,8,0,0,0,25.60339474782271,0.9632681245849932,0.0,zonia,0,False
2025-06-05 08:39:15.298717406+00:00,8,0,0,0,25.720758010036032,0.9633529247378655,0.0,zonia,0,False
2025-06-05 08:43:44.554040406+00:00,8,0,0,0,25.789867341041237,0.9606566669314067,0.0,zonia,0,False
2025-06-05 08:46:38.911369406+00:00,8,0,0,0,25.332804629694266,0.9613073658650501,0.0,zonia,0,False
2025-06-05 08:51:54.561567406+00:00,8,0,0,0,25.15374420489105,0.9660071408223486,0.0,zonia,0,False
2025-06-05 09:12:01.797637406+00:00,8,0,0,0,25.915789794140935,0.9646689670051894,0.0,zonia,0,False
2025-06-05 09:16:21.805792406+00:00,8,0,0,0,25.15892278265341,0.859042113544242,0.0,zonia,0,False
2025-06-05 09:21:14.004705406+00:00,8,0,0,0,25.715997628806576,0.9129473071530181,0.0,zonia,0,False
2025-06-05 09:28:16.689402406+00:00,8,0,0,0,26.28722728232521,0.9444028188814988,0.0,zonia,0,False
2025-06-05 09:35:57.070874406+00:00,8,0,0,0,26.11979273328379,0.9592292171892766,0.0,zonia,0,False
2025-06-05 09:51:36.773670406+00:00,8,0,0,0,26.538054750163447,0.9520781059499146,0.0,zonia,0,False
2025-06-05 10:03:37.283864406+00:00,8,0,0,0,27.42370335800306,0.9652970739032377,0.0,zonia,0,False
2025-06-05 10:10:50.350782406+00:00,8,0,0,0,27.66549177992395,0.9657225216823458,0.0,zonia,0,False
2025-06-05 10:11:56.242329406+00:00,8,0,0,0,27.742920839621757,0.9649283479521769,0.0,zonia,0,False
2025-06-05 10:12:44.537658406+00:00,8,0,0,0,27.980874747803767,0.9672508551327577,0.0,zonia,0,False
2025-06-05 10:17:33.682804406+00:00,8,0,0,0,28.169016900853645,0.8649794766146153,0.0,zonia,0,False
2025-06-05 10:26:31.000455406+00:00,8,0,0,0,28.59700181459461,0.9139575119458668,0.0,zonia,0,False
2025-06-05 10:39:06.120570406+00:00,8,0,0,0,28.732635669120032,0.9253799169673885,0.0,zonia,0,False
2025-06-05 11:21:05.285499406+00:00,8,0,0,0,29.163307101422955,0.9272290871491623,0.0,zonia,0,False
2025-06-05 11:23:18.612546406+00:00,8,0,0,0,29.20193274710528,0.9266610719056021,0.0,zonia,0,False
2025-06-05 11:37:30.229001406+00:00,8,0,0,0,29.568858480643385,0.9304073615980979,0.0,zonia,0,False
2025-06-05 11:46:08.552468406+00:00,8,0,0,0,29.226304465455144,0.9373792125578859,0.0,zonia,0,False
2025-06-05 11:55:41.037607406+00:00,8,0,0,0,29.247157189140914,0.9555723706155341,0.0,zonia,0,False
2025-06-05 12:04:48.670781406+00:00,8,0,0,0,30.124094581076914,0.9485691155838647,0.0,zonia,0,False
2025-06-05 12:13:43.420251406+00:00,8,0,0,0,29.82399555393684,0.9511233152657801,0.0,zonia,0,False
2025-06-05 12:18:57.704408406+00:00,8,0,0,0,29.39213974554863,0.9560217529006975,0.0,zonia,0,False
2025-06-05 12:20:52.477661406+00:00,8,0,0,0,29.360093328914903,0.9650309712446274,0.0,zonia,0,False
2025-06-05 12:36:01.704246406+00:00,8,0,0,0,29.795514732011213,0.9629632704343474,0.0,zonia,0,False
2025-06-05 12:38:30.218215406+00:00,8,0,0,0,29.99355331205344,0.9477136747369014,0.0,zonia,0,False
2025-06-05 12:45:45.863354406+00:00,8,0,0,0,30.201798635726256,0.9569291950500547,0.0,zonia,0,False
2025-06-05 13:01:51.196372406+00:00,8,0,0,0,29.872511734102208,0.9643377317272251,0.0,zonia,0,False
2025-06-05 13:03:23.606886406+00:00,8,0,0,0,30.08264221379022,0.9661893410032001,0.0,zonia,0,False
2025-06-05 13:18:42.033387406+00:00,8,0,0,0,29.11354909100698,0.9706889742172427,0.0,zonia,0,False
2025-06-05 13:41:28.849574406+00:00,8,0,0,0,28.601964702939018,0.9710506012814687,0.0,zonia,0,False
2025-06-05 13:49:11.769792406+00:00,8,0,0,0,28.41003817114616,0.9555959198253576,0.0,zonia,0,False
2025-06-05 14:22:17.780796406+00:00,8,0,0,0,29.76609221700344,0.9612964080638677,0.0,zonia,0,False
2025-06-05 14:28:22.717382406+00:00,8,0,0,0,29.645556699998757,0.9657475185384731,0.0,zonia,0,False
2025-06-05 15:10:18.550259406+00:00,8,0,0,0,29.654051801639085,0.9583618448763198,0.0,zonia,0,False
2025-06-05 15:31:27.255276406+00:00,8,0,0,0,29.50363473052628,0.9565110720875513,0.0,zonia,0,False
2025-06-05 15:33:25.212686406+00:00,8,0,0,0,29.413154677551823,0.9584294812737193,0.0,zonia,0,False
2025-06-05 15:36:47.820913406+00:00,8,0,0,0,29.4749727120125,0.9566858208106608,0.0,zonia,0,False
2025-06-05 15:42:41.212165406+00:00,8,0,0,0,29.67549750783708,0.9541665725647958,0.0,zonia,0,False
2025-06-05 15:45:35.068247406+00:00,8,0,0,0,29.64853000452334,0.9572888639128659,0.0,zonia,0,False
2025-06-05 15:55:46.258332406+00:00,8,0,0,0,29.12866861405601,0.963336018190917,0.0,zonia,0,False
2025-06-05 16:02:10.041660406+00:00,8,0,0,0,29.410428240029844,0.9600912644148232,0.0,zonia,0,False
2025-06-05 17:15:19.046933406+00:00,8,0,0,0,27.191482224910647,0.9719338473780279,0.0,zonia,0,False
2025-06-05 17:23:01.776729406+00:00,8,0,0,0,27.06964052734269,0.9733582782952377,0.0,zonia,0,False
2025-06-05 17:28:45.285255406+00:00,8,0,0,0,26.892195148140747,0.9796257397533623,0.0,zonia,0,False
2025-06-05 18:00:52.094984406+00:00,8,0,0,0,26.002626147304987,0.9822908512273035,0.0,zonia,0,False
2025-06-05 18:52:28.384602406+00:00,8,0,0,0,23.9548533472649,0.9744933763251099,0.0,zonia,0,False
2025-06-05 19:10:06.397974406+00:00,8,0,0,0,23.111968933137863,0.9713113790852455,0.0,zonia,0,False
2025-06-05 19:29:53.906874406+00:00,8,0,0,0,23.007597046912064,0.9550464582714859,0.0,zonia,0,False
2025-06-05 19:50:49.162481406+00:00,8,0,0,0,23.003513397932412,0.9572607550101854,0.0,zonia,0,False
2025-06-05 20:02:48.631605406+00:00,8,0,0,0,22.806431931945713,0.9510826846666862,0.0,zonia,0,False
2025-06-05 21:09:17.546270406+00:00,8,0,0,0,21.271041539636382,0.9361736714197645,0.0,zonia,0,False
2025-06-05 21:12:12.550445406+00:00,8,0,0,0,20.576531879696546,0.9263826845441657,0.0,zonia,0,False
2025-06-05 21:38:56.229489406+00:00,8,0,0,0,20.95828651865536,0.9202044329606873,0.0,zonia,0,False
2025-06-05 21:45:49.729762406+00:00,8,0,0,0,19.828782246598458,0.9326299313980249,0.0,zonia,0,False
2025-06-05 21:48:16.990061406+00:00,8,0,0,0,20.035405878010266,0.9185915294306239,0.0,zonia,0,False
2025-06-05 22:00:52.686437406+00:00,8,0,0,0,20.02775764246928,0.916711285597773,0.0,zonia,0,False
2025-06-05 22:10:44.629120406+00:00,8,0,0,0,18.63986962649183,0.9327484898158505,0.0,zonia,0,False
2025-06-05 22:22:05.681728406+00:00,8,0,0,0,19.491236384602797,0.9313220456111668,0.0,zonia,0,False
2025-06-05 22:28:59.721797406+00:00,8,0,0,0,19.59355643173027,0.9391113756519105,0.0,zonia,0,False
2025-06-05 22:37:12.545225406+00:00,8,0,0,0,19.386155340739382,0.9192902212819659,0.0,zonia,0,False
2025-06-05 22:44:51.076969406+00:00,8,0,0,0,18.95984959947442,0.9114879162599778,0.0,zonia,0,False
2025-06-05 22:51:42.822775406+00:00,8,0,0,0,17.829624678628356,0.9186935545314092,0.0,zonia,0,False
2025-06-05 23:07:26.213754406+00:00,8,0,0,0,17.879938069293473,0.9292021961920189,0.0,zonia,0,False
2025-06-05 23:18:42.798687406+00:00,8,0,0,0,17.865048728755234,0.9448186332044336,0.0,zonia,0,False
2025-06-05 23:22:04.401402406+00:00,8,0,0,0,17.94789367390969,0.9492434954347377,0.0,zonia,0,False
2025-06-05 23:47:03.060410406+00:00,8,0,0,0,17.247905716360634,0.937888314180415,0.0,zonia,0,False
2025-06-05 23:52:27.639654406+00:00,8,0,0,0,17.42069444762941,0.9294216911846437,0.0,zonia,0,False
2025-06-06 00:18:31.413651406+00:00,8,0,0,0,16.7966148510484,0.9434088727745276,0.0,zonia,0,False
2025-06-06 00:24:27.765258406+00:00,8,0,0,0,17.321907323881174,0.9437089050004126,0.0,zonia,0,False
2025-06-06 00:24:43.307028406+00:00,8,0,0,0,17.26817494685241,0.9427958764051316,0.0,zonia,0,False
2025-06-06 00:46:06.927210406+00:00,8,0,0,0,17.131389720534905,0.9463700028524995,0.0,zonia,0,False
2025-06-06 00:57:42.450992406+00:00,8,0,0,0,16.78627590337225,0.951928671222502,0.0,zonia,0,False
2025-06-06 01:38:46.476459406+00:00,8,0,0,0,16.428259055972187,0.9388085330696193,0.0,zonia,0,False
2025-06-06 02:36:29.196654406+00:00,8,0,0,0,15.841035351742795,0.9292293340678272,0.0,zonia,0,False
2025-06-06 02:42:45.950309406+00:00,8,0,0,0,15.367443113361567,0.9365366150466172,0.0,zonia,0,False
2025-06-06 02:56:20.422391406+00:00,8,0,0,0,15.839555921729422,0.9441520983097471,0.0,zonia,0,False
2025-06-06 03:04:24.804596406+00:00,8,0,0,0,15.426181514889143,0.9529929230615746,0.0,zonia,0,False
2025-06-06 03:10:25.189898406+00:00,8,0,0,0,15.037658269780493,0.9583973153749417,0.0,zonia,0,False
2025-06-06 03:11:37.847357406+00:00,8,0,0,0,15.037410327498918,0.9539993018135664,0.0,zonia,0,False
2025-06-06 03:37:34.290518406+00:00,8,0,0,0,15.081500605492645,0.9433877775037032,0.0,zonia,0,False
2025-06-06 04:09:06.399694406+00:00,8,0,0,0,16.25664642936053,0.9614119182980434,0.0,zonia,0,False
2025-06-06 04:11:46.783580406+00:00,8,0,0,0,16.249036783179456,0.9686356428717595,0.0,zonia,0,False
2025-06-06 04:44:24.886993406+00:00,8,0,0,0,17.867687592152436,0.975673915525445,0.0,zonia,0,False
2025-06-06 05:04:21.047348406+00:00,8,0,0,0,19.115692917423083,0.9738178093352179,0.0,zonia,0,False
2025-06-06 05:14:52.831613406+00:00,8,0,0,0,20.45699484232356,0.9686972989711514,0.0,zonia,0,False
2025-06-06 05:22:13.449241406+00:00,8,0,0,0,20.945172176069967,0.9637184427465592,0.0,zonia,0,False
2025-06-06 06:24:27.411302406+00:00,8,0,0,0,23.68332425457669,0.926745311614819,0.0,zonia,0,False
2025-06-06 06:24:53.159941406+00:00,8,0,0,0,24.09487189716891,0.9279667202893891,0.0,zonia,0,False
2025-06-06 06:51:24.236005406+00:00,8,0,0,0,25.003383957980827,0.9316958458339158,0.0,zonia,0,False
2025-06-06 06:54:21.676323406+00:00,8,0,0,0,25.003631620488118,0.8960884884363394,0.0,zonia,0,False
2025-06-06 07:17:08.694665406+00:00,8,0,0,0,25.58361560706434,0.9018152023230467,0.0,zonia,0,False
2025-06-06 07:44:38.553371406+00:00,8,0,0,0,26.173216703953045,0.8844037093228132,0.0,zonia,0,False
2025-06-06 07:57:46.670411406+00:00,8,0,0,0,26.34367965490384,0.873914444771688,0.0,zonia,0,False
2025-06-06 08:09:04.371971406+00:00,8,0,0,0,26.64155103637164,0.869592339844408,0.0,zonia,0,False
2025-06-06 08:12:42.547988406+00:00,8,0,0,0,26.81388497738631,0.8682469279020417,0.0,zonia,0,False
2025-06-06 08:36:50.144412406+00:00,8,0,0,0,27.209010671964464,0.8693912826166259,0.0,zonia,0,False
2025-06-06 08:50:01.104029406+00:00,8,0,0,0,27.31011069276318,0.8637539716105288,0.0,zonia,0,False
2025-06-06 09:26:24.443483406+00:00,8,0,0,0,27.947323586980794,0.8830333588442678,0.0,zonia,0,False
2025-06-06 10:02:38.063684406+00:00,8,0,0,0,28.9416065932357,0.8817483835669722,0.0,zonia,0,False
2025-06-06 10:11:20.309812406+00:00,8,0,0,0,28.828961138923855,0.9190484185704078,0.0,zonia,0,False
2025-06-06 10:44:09.008404406+00:00,8,0,0,0,28.072478189799725,0.9427399839752657,0.0,zonia,0,False
2025-06-06 10:51:39.931095406+00:00,8,0,0,0,28.455963275835348,0.9424164045967566,0.0,zonia,0,False
2025-06-06 11:34:20.054600406+00:00,8,0,0,0,29.414348829729285,0.9302379342923448,0.0,zonia,0,False
2025-06-06 11:36:09.417969406+00:00,8,0,0,0,28.587366262892864,0.9220138125700543,0.0,zonia,0,False
2025-06-06 12:25:17.992437406+00:00,8,0,0,0,30.390875889502155,0.915056244032379,0.0,zonia,0,False
2025-06-06 12:25:34.481034406+00:00,8,0,0,0,30.41182905507867,0.9076319543945174,0.0,zonia,0,False
2025-06-06 12:52:17.938299406+00:00,8,0,0,0,30.467522632675877,0.8919274985474609,0.0,zonia,0,False
2025-06-06 12:54:47.665241406+00:00,8,0,0,0,30.57227246890619,0.8983817709953482,0.0,zonia,0,False
2025-06-06 13:03:40.294258406+00:00,8,0,0,0,30.8704747250539,0.8890776802739847,0.0,zonia,0,False
2025-06-06 13:11:09.819337406+00:00,8,0,0,0,30.956902634399295,0.8971898828965247,0.0,zonia,0,False
2025-06-06 13:20:42.854726406+00:00,8,0,0,0,30.37449871753979,0.9093269285491683,0.0,zonia,0,False
2025-06-06 13:36:35.200679406+00:00,8,0,0,0,29.988076626811246,0.9402294323719408,0.0,zonia,0,False
2025-06-06 13:38:10.609275406+00:00,8,0,0,0,29.66246470989007,0.9263981907962485,0.0,zonia,0,False
2025-06-06 13:42:01.479973406+00:00,8,0,0,0,29.34100899244033,0.9254331125593508,0.0,zonia,0,False
2025-06-06 13:50:25.355198406+00:00,8,0,0,0,29.52157082443722,0.9337137417427589,0.0,zonia,0,False
2025-06-06 14:11:55.381592406+00:00,8,0,0,0,30.13154934546467,0.9222199018916075,0.0,zonia,0,False
2025-06-06 14:28:51.740135406+00:00,8,0,0,0,30.898539747826547,0.9320412812598935,0.0,zonia,0,False
2025-06-06 14:32:36.027974406+00:00,8,0,0,0,30.080762082871757,0.9140382908852567,0.0,zonia,0,False
2025-06-06 14:51:44.563474406+00:00,8,0,0,0,29.7992549637992,0.939753757169399,0.0,zonia,0,False
2025-06-06 15:04:07.847380406+00:00,8,0,0,0,30.216062978159872,0.9502692338586118,0.0,zonia,0,False
2025-06-06 15:16:02.654951406+00:00,8,0,0,0,30.446875089020075,0.9545000805976722,0.0,zonia,0,False
2025-06-06 15:17:16.407284406+00:00,8,0,0,0,30.545235900776632,0.9627965209247805,0.0,zonia,0,False
2025-06-06 15:19:30.894592406+00:00,8,0,0,0,30.80442329951988,0.9641702852441838,0.0,zonia,0,False
2025-06-06 15:51:38.833753406+00:00,8,0,0,0,30.340252629418394,0.962911293588057,0.0,zonia,0,False
2025-06-06 16:03:27.057766406+00:00,8,0,0,0,29.477578725249877,0.9592015616332229,0.0,zonia,0,False
2025-06-06 16:07:55.920318406+00:00,8,0,0,0,29.473145193092304,0.9538323021344653,0.0,zonia,0,False
2025-06-06 16:47:30.083694406+00:00,8,0,0,0,29.15310538919323,0.9581399848866239,0.0,zonia,0,False
2025-06-06 16:51:45.984951406+00:00,8,0,0,0,28.7778374987292,0.9618016057900395,0.0,zonia,0,False
2025-06-06 17:03:10.910883406+00:00,8,0,0,0,28.939905433573337,0.9605556679291892,0.0,zonia,0,False
2025-06-06 17:24:27.945870406+00:00,8,0,0,0,27.98006623350701,0.9669659009057973,0.0,zonia,0,False
2025-06-06 17:38:12.412114406+00:00,8,0,0,0,27.232967600167925,0.9605013880346651,0.0,zonia,0,False
2025-06-06 17:41:28.810876406+00:00,8,0,0,0,27.547853909927873,0.9449221463438191,0.0,zonia,0,False
2025-06-06 18:05:20.287416406+00:00,8,0,0,0,26.68225337606944,0.9531306431951823,0.0,zonia,0,False
2025-06-06 18:26:43.726723406+00:00,8,0,0,0,25.59520264891315,0.9627573466157253,0.0,zonia,0,False
2025-06-06 18:35:14.504246406+00:00,8,0,0,0,25.42294123485158,0.9636162600173954,0.0,zonia,0,False
2025-06-06 18:52:01.395019406+00:00,8,0,0,0,24.39375855993019,0.9636128294800084,0.0,zonia,0,False
2025-06-06 19:59:04.191067406+00:00,8,0,0,0,23.08742650265391,0.960853054491778,0.0,zonia,0,False
2025-06-06 20:01:40.583789406+00:00,8,0,0,0,23.177635925521074,0.9560969359633247,0.0,zonia,0,False
2025-06-06 20:11:45.748779406+00:00,8,0,0,0,22.301111682439398,0.9629546704341718,0.0,zonia,0,False
2025-06-06 20:30:39.636325406+00:00,8,0,0,0,22.00688835605354,0.9473253641888251,0.0,zonia,0,False
2025-06-06 20:41:07.358928406+00:00,8,0,0,0,21.990654809793398,0.9518073892714382,0.0,zonia,0,False
2025-06-06 20:43:48.120878406+00:00,8,0,0,0,21.583215285645743,0.9562186953129209,0.0,zonia,0,False
2025-06-06 20:47:50.446427406+00:00,8,0,0,0,21.32600584887017,0.9547675090811824,0.0,zonia,0,False
2025-06-06 20:53:00.953338406+00:00,8,0,0,0,21.504864439709134,0.9479034270502552,0.0,zonia,0,False
2025-06-06 20:57:54.278528406+00:00,8,0,0,0,21.21831076839892,0.9385085372074319,0.0,zonia,0,False
2025-06-06 21:02:19.325740406+00:00,8,0,0,0,20.613268029464766,0.9357876458477319,0.0,zonia,0,False
2025-06-06 21:02:45.103220406+00:00,8,0,0,0,22.04218960158628,0.9321256927231976,0.0,zonia,0,False
2025-06-06 21:42:19.757221406+00:00,8,0,0,0,20.117091769565388,0.9276915295346979,0.0,zonia,0,False
2025-06-06 22:09:29.317908406+00:00,8,0,0,0,20.23027622514655,0.931809164657333,0.0,zonia,0,False
2025-06-06 22:16:16.828187406+00:00,8,0,0,0,19.407128463557505,0.9304862295664149,0.0,zonia,0,False
2025-06-06 23:37:26.018632406+00:00,8,0,0,0,18.203639299525246,0.9291588675649616,0.0,zonia,0,False
2025-06-06 23:41:34.153129406+00:00,8,0,0,0,18.029100838913802,0.9357182548772953,0.0,zonia,0,False
2025-06-06 23:47:45.001389406+00:00,8,0,0,0,18.145396096120738,0.9329790372347214,0.0,zonia,0,False
2025-06-06 23:52:10.512116406+00:00,8,0,0,0,17.514307373290055,0.9370950198836322,0.0,zonia,0,False
2025-06-07 00:06:15.475308406+00:00,8,0,0,0,18.055700500219217,0.932344078726098,0.0,zonia,0,False
2025-06-07 00:11:29.883829406+00:00,8,0,0,0,17.77138622414361,0.9154741672918948,0.0,zonia,0,False
2025-06-07 00:16:05.913405406+00:00,8,0,0,0,17.774553802222,0.9150947074766685,0.0,zonia,0,False
2025-06-07 00:37:22.990054406+00:00,8,0,0,0,17.723802153297942,0.9236614358719222,0.0,zonia,0,False
2025-06-07 00:45:24.611419406+00:00,8,0,0,0,17.065987241718645,0.9171993233517539,0.0,zonia,0,False
2025-06-07 00:48:24.071015406+00:00,8,0,0,0,17.855731653975422,0.9182677273713131,0.0,zonia,0,False
2025-06-07 00:51:47.318058406+00:00,8,0,0,0,16.95867283525615,0.9197809673230561,0.0,zonia,0,False
2025-06-07 01:01:50.118727406+00:00,8,0,0,0,17.366515706426416,0.9209083649623626,0.0,zonia,0,False
2025-06-07 02:24:15.610983406+00:00,8,0,0,0,16.255435726001856,0.9353409094484244,0.0,zonia,0,False
2025-06-07 02:33:07.294869406+00:00,8,0,0,0,15.671662380660264,0.9398005283717776,0.0,zonia,0,False
2025-06-07 02:50:11.182863406+00:00,8,0,0,0,15.469021807214583,0.9231747637222056,0.0,zonia,0,False
2025-06-07 02:52:09.324895406+00:00,8,0,0,0,15.319278227281918,0.927838076990982,0.0,zonia,0,False
2025-06-07 03:06:12.777250406+00:00,8,0,0,0,14.967997632379896,0.9207909308868077,0.0,zonia,0,False
2025-06-07 03:15:24.754449406+00:00,8,0,0,0,14.86794659734441,0.9202830147690071,0.0,zonia,0,False
2025-06-07 03:21:16.486340406+00:00,8,0,0,0,14.82924958253656,0.9166760370401849,0.0,zonia,0,False
2025-06-07 03:36:07.280133406+00:00,8,0,0,0,15.012836993278619,0.9230625530762233,0.0,zonia,0,False
2025-06-07 04:07:04.775672406+00:00,8,0,0,0,15.49275734820659,0.9251438283542986,0.0,zonia,0,False
2025-06-07 04:21:50.140407406+00:00,8,0,0,0,16.79244413891237,0.9434127517636259,0.0,zonia,0,False
2025-06-07 04:35:22.043103406+00:00,8,0,0,0,17.01718616307205,0.907355063165591,0.0,zonia,0,False
2025-06-07 05:04:13.554568406+00:00,8,0,0,0,20.005526891115096,0.9221310666511163,0.0,zonia,0,False
2025-06-07 05:04:36.727007406+00:00,8,0,0,0,20.145848260119518,0.9275618860690092,0.0,zonia,0,False
2025-06-07 05:29:02.767294406+00:00,8,0,0,0,22.22970547102039,0.9294003739685119,0.0,zonia,0,False
2025-06-07 05:31:13.892148406+00:00,8,0,0,0,22.1702847105573,0.9349876019818583,0.0,zonia,0,False
2025-06-07 05:39:34.198850406+00:00,8,0,0,0,22.70611486142175,0.9431713237401489,0.0,zonia,0,False
2025-06-07 06:11:23.080421406+00:00,8,0,0,0,24.34532818608745,0.9256918232375262,0.0,zonia,0,False
2025-06-07 06:20:07.390501406+00:00,8,0,0,0,24.39490372826055,0.9055153513495872,0.0,zonia,0,False
2025-06-07 06:29:22.469680406+00:00,8,0,0,0,24.5788108298959,0.9050177416557296,0.0,zonia,0,False
2025-06-07 06:33:46.607557406+00:00,8,0,0,0,24.84352263974367,0.8844749165015341,0.0,zonia,0,False
2025-06-07 06:41:08.374358406+00:00,8,0,0,0,24.686336700890052,0.8828061400162024,0.0,zonia,0,False
2025-06-07 07:13:00.367673406+00:00,8,0,0,0,26.083351157270442,0.8876798756578311,0.0,zonia,0,False
2025-06-07 07:24:10.176353406+00:00,8,0,0,0,26.910447263685626,0.8769518407190636,0.0,zonia,0,False
2025-06-07 07:24:47.137625406+00:00,8,0,0,0,26.715051453333064,0.8835740154318862,0.0,zonia,0,False
2025-06-07 07:29:51.459968406+00:00,8,0,0,0,27.124920783320164,0.8807904860396532,0.0,zonia,0,False
2025-06-07 08:39:03.108630406+00:00,8,0,0,0,29.16033595857627,0.874477803856285,0.0,zonia,0,False
2025-06-07 08:41:26.557597406+00:00,8,0,0,0,29.24556606870518,0.864299376789268,0.0,zonia,0,False
2025-06-07 08:43:29.656069406+00:00,8,0,0,0,29.329454512140206,0.915072819395226,0.0,zonia,0,False
2025-06-07 09:23:34.776994406+00:00,8,0,0,0,30.19305351176286,0.9231632160361747,0.0,zonia,0,False
2025-06-07 09:29:19.531189406+00:00,8,0,0,0,29.73425172609397,0.9313854107034915,0.0,zonia,0,False
2025-06-07 10:07:15.005274406+00:00,8,0,0,0,30.39021709321108,0.9283188912470635,0.0,zonia,0,False
2025-06-07 10:08:00.271531406+00:00,8,0,0,0,30.662520596826873,0.9327918366578132,0.0,zonia,0,False
2025-06-07 10:48:15.834694406+00:00,8,0,0,0,30.999146933021805,0.9312123543231283,0.0,zonia,0,False
2025-06-07 11:06:49.569004406+00:00,8,0,0,0,31.27935434383884,0.944168991885236,0.0,zonia,0,False
2025-06-07 11:21:38.286510406+00:00,8,0,0,0,31.788056745989525,0.9297104029377782,0.0,zonia,0,False
2025-06-07 11:22:59.272597406+00:00,8,0,0,0,31.397219972734128,0.9253391277859033,0.0,zonia,0,False
2025-06-07 11:45:53.112553406+00:00,8,0,0,0,31.98062931985222,0.9146712404674976,0.0,zonia,0,False
2025-06-07 12:34:01.654640406+00:00,8,0,0,0,32.509942975888954,0.925877914137347,0.0,zonia,0,False
2025-06-07 12:58:56.997197406+00:00,8,0,0,0,31.932192178874416,0.9251491349691012,0.0,zonia,0,False
2025-06-07 13:01:30.132939406+00:00,8,0,0,0,32.5709261740041,0.8978534389301988,0.0,zonia,0,False
2025-06-07 13:07:59.372571406+00:00,8,0,0,0,33.056820223825525,0.8926673666568116,0.0,zonia,0,False
2025-06-07 13:14:49.571810406+00:00,8,0,0,0,32.597390697020266,0.8884146540299591,0.0,zonia,0,False
2025-06-07 13:22:14.111269406+00:00,8,0,0,0,32.97111316837003,0.8778413360430889,0.0,zonia,0,False
2025-06-07 14:15:42.501295406+00:00,8,0,0,0,32.562106614731974,0.8852313134651152,0.0,zonia,0,False
2025-06-07 14:31:45.455334406+00:00,8,0,0,0,32.6007260028763,0.8905632917500332,0.0,zonia,0,False
2025-06-07 15:08:27.384274406+00:00,8,0,0,0,32.298990990712376,0.9106331413029294,0.0,zonia,0,False
2025-06-07 15:24:10.954116406+00:00,8,0,0,0,32.125888476689504,0.9234880671777392,0.0,zonia,0,False
2025-06-07 16:13:17.293066406+00:00,8,0,0,0,31.682089771848602,0.9410326426392267,0.0,zonia,0,False
2025-06-07 16:29:38.467235406+00:00,8,0,0,0,30.890837585839666,0.9485778160991039,0.0,zonia,0,False
2025-06-07 17:01:19.379109406+00:00,8,0,0,0,30.369311171082774,0.9608676094406268,0.0,zonia,0,False
2025-06-07 17:07:03.548918406+00:00,8,0,0,0,30.40516687177438,0.9653401583965071,0.0,zonia,0,False
2025-06-07 17:08:10.084094406+00:00,8,0,0,0,30.054131316045737,0.9719742272354465,0.0,zonia,0,False
2025-06-07 17:13:58.249560406+00:00,8,0,0,0,30.031665045391424,0.9765441406170796,0.0,zonia,0,False
2025-06-07 17:14:25.797388406+00:00,8,0,0,0,30.245616034802502,0.9760781634631729,0.0,zonia,0,False
2025-06-07 17:44:39.012023406+00:00,8,0,0,0,29.259182212585387,0.9743602156616682,0.0,zonia,0,False
2025-06-07 17:52:26.415137406+00:00,8,0,0,0,28.736588444624374,0.9798862958364806,0.0,zonia,0,False
2025-06-07 18:23:27.134612406+00:00,8,0,0,0,28.058350346730403,0.9774570537943031,0.0,zonia,0,False
2025-06-07 18:26:12.146217406+00:00,8,0,0,0,27.703185397044624,0.9768922139716253,0.0,zonia,0,False
2025-06-07 18:40:34.749585406+00:00,8,0,0,0,27.189928551460632,0.9787157339079653,0.0,zonia,0,False
2025-06-07 19:12:17.369322406+00:00,8,0,0,0,26.346868159490267,0.9659456470055717,0.0,zonia,0,False
2025-06-07 19:42:17.104657406+00:00,8,0,0,0,25.181324366190402,0.9605750674041609,0.0,zonia,0,False
2025-06-07 19:56:36.917311406+00:00,8,0,0,0,25.054772680725936,0.9545030423818863,0.0,zonia,0,False
2025-06-07 20:05:53.384521406+00:00,8,0,0,0,24.58373849211819,0.945257377438862,0.0,zonia,0,False
2025-06-07 20:15:38.211758406+00:00,8,0,0,0,23.88530495502702,0.9265592925643283,0.0,zonia,0,False
2025-06-07 20:24:17.176254406+00:00,8,0,0,0,24.256202614205286,0.9257013612676244,0.0,zonia,0,False
2025-06-07 20:33:19.397671406+00:00,8,0,0,0,23.29578549678273,0.9225794940094365,0.0,zonia,0,False
2025-06-07 20:47:22.370474406+00:00,8,0,0,0,22.877497749533656,0.8768341324647455,0.0,zonia,0,False
2025-06-07 21:04:40.237135406+00:00,8,0,0,0,22.50344546303183,0.8558575244453133,0.0,zonia,0,False
2025-06-07 21:28:37.675620406+00:00,8,0,0,0,22.11224455759377,0.8694985965047818,0.0,zonia,0,False
2025-06-07 21:39:21.923437406+00:00,8,0,0,0,21.485787574869555,0.8757189037819746,0.0,zonia,0,False
2025-06-07 21:40:45.432180406+00:00,8,0,0,0,21.963573583660658,0.8862236824757853,0.0,zonia,0,False
2025-06-07 21:46:19.234046406+00:00,8,0,0,0,21.181126735291286,0.8954484169667125,0.0,zonia,0,False
2025-06-07 21:53:57.308543406+00:00,8,0,0,0,21.753508525286772,0.8831893510228238,0.0,zonia,0,False
2025-06-07 22:02:01.354354406+00:00,8,0,0,0,21.39447281021418,0.9164625532056686,0.0,zonia,0,False
2025-06-07 22:32:20.986913406+00:00,8,0,0,0,21.164144305823942,0.9055432528441084,0.0,zonia,0,False
2025-06-07 23:01:15.886363406+00:00,8,0,0,0,19.798750169945777,0.9148042232475451,0.0,zonia,0,False
2025-06-07 23:23:19.374372406+00:00,8,0,0,0,19.471218842365268,0.8948231084480136,0.0,zonia,0,False
2025-06-07 23:25:02.205865406+00:00,8,0,0,0,19.995584077458133,0.9016056819737,0.0,zonia,0,False
2025-06-07 23:26:40.864216406+00:00,8,0,0,0,19.668397304950112,0.8893876485495393,0.0,zonia,0,False
2025-06-07 23:37:31.989384406+00:00,8,0,0,0,19.731441241795505,0.885113268320681,0.0,zonia,0,False
2025-06-07 23:55:04.740588406+00:00,8,0,0,0,19.083016341115943,0.8676744930291187,0.0,zonia,0,False
2025-06-08 00:02:05.391100406+00:00,8,0,0,0,19.212374086998015,0.8732048703677467,0.0,zonia,0,False
2025-06-08 00:08:24.752158406+00:00,8,0,0,0,18.886299267479988,0.880036336537545,0.0,zonia,0,False
2025-06-08 00:24:33.070933406+00:00,8,0,0,0,19.69160202131946,0.890751951472241,0.0,zonia,0,False
2025-06-08 01:06:32.249813406+00:00,8,0,0,0,18.562884058500924,0.9057770298703894,0.0,zonia,0,False
2025-06-08 02:13:39.320461406+00:00,8,0,0,0,18.150802517330305,0.8811976695483078,0.0,zonia,0,False
2025-06-08 02:27:18.281568406+00:00,8,0,0,0,18.135797233595518,0.8907333776277183,0.0,zonia,0,False
2025-06-08 02:29:57.276959406+00:00,8,0,0,0,17.89291421192666,0.8998871662383823,0.0,zonia,0,False
2025-06-08 02:53:54.123557406+00:00,8,0,0,0,18.179440892740065,0.8814689301353378,0.0,zonia,0,False
2025-06-08 03:05:05.788210406+00:00,8,0,0,0,18.337220203884744,0.8831071065271389,0.0,zonia,0,False
2025-06-08 03:05:06.936607406+00:00,8,0,0,0,18.214202909504557,0.8792794284857273,0.0,zonia,0,False
2025-06-08 03:23:24.619270406+00:00,8,0,0,0,17.626357206636442,0.8499702828126563,0.0,zonia,0,False
2025-06-08 03:29:03.768526406+00:00,8,0,0,0,17.295010584213117,0.8132338964542534,0.0,zonia,0,False
2025-06-08 03:35:14.537288406+00:00,8,0,0,0,17.953107798449224,0.778962329330172,0.0,zonia,0,False
2025-06-08 03:48:43.534442406+00:00,8,0,0,0,17.937146527153622,0.7552411765786166,0.0,zonia,0,False
2025-06-08 04:20:48.202084406+00:00,8,0,0,0,20.560361875508317,0.7728669855959622,0.0,zonia,0,False
2025-06-08 05:02:46.352694406+00:00,8,0,0,0,22.22548642953895,0.8409586045985866,0.0,zonia,0,False
2025-06-08 05:06:11.083905406+00:00,8,0,0,0,22.133557906390475,0.8596524216884368,0.0,zonia,0,False
2025-06-08 06:12:59.659403406+00:00,8,0,0,0,25.409484789281056,0.9024808085829069,0.0,zonia,0,False
2025-06-08 06:22:08.247460406+00:00,8,0,0,0,25.879896192825413,0.8808633047868089,0.0,zonia,0,False
2025-06-08 06:57:43.310868406+00:00,8,0,0,0,26.73931652283663,0.8683204105807389,0.0,zonia,0,False
2025-06-08 07:01:56.506140406+00:00,8,0,0,0,26.620193380399588,0.8882085315405794,0.0,zonia,0,False
2025-06-08 07:09:43.245431406+00:00,8,0,0,0,27.002091872944433,0.8979856397931688,0.0,zonia,0,False
2025-06-08 07:17:24.836206406+00:00,8,0,0,0,27.273404113371434,0.9040992533001408,0.0,zonia,0,False
2025-06-08 07:34:24.460971406+00:00,8,0,0,0,27.733474006704913,0.9068129668017348,0.0,zonia,0,False
2025-06-08 07:40:26.736040406+00:00,8,0,0,0,27.88221553916705,0.9095524968785312,0.0,zonia,0,False
2025-06-08 08:19:09.948527406+00:00,8,0,0,0,28.422597497754445,0.8999339619038842,0.0,zonia,0,False
2025-06-08 08:27:23.054680406+00:00,8,0,0,0,28.749424062793196,0.8767418077599194,0.0,zonia,0,False
2025-06-08 08:44:14.702196406+00:00,8,0,0,0,28.898562012089354,0.8625565037389809,0.0,zonia,0,False
2025-06-08 08:51:38.772166406+00:00,8,0,0,0,29.607814962148375,0.8652280990129636,0.0,zonia,0,False
2025-06-08 08:52:30.438079406+00:00,8,0,0,0,29.514010392697482,0.8617728591572779,0.0,zonia,0,False
2025-06-08 09:39:43.610090406+00:00,8,0,0,0,29.79298159950417,0.8716931678549188,0.0,zonia,0,False
2025-06-08 09:57:28.455695406+00:00,8,0,0,0,29.60473452839612,0.8657679355531614,0.0,zonia,0,False
2025-06-08 10:08:52.314262406+00:00,8,0,0,0,29.489637371588014,0.8545514918873953,0.0,zonia,0,False
2025-06-08 10:28:05.197342406+00:00,8,0,0,0,29.98754927366869,0.8524506055986323,0.0,zonia,0,False
2025-06-08 10:35:41.713491406+00:00,8,0,0,0,30.19465492371477,0.8542649257850696,0.0,zonia,0,False
2025-06-08 10:39:15.377406406+00:00,8,0,0,0,30.20532064851728,0.8542508013927596,0.0,zonia,0,False
2025-06-08 10:44:38.078049406+00:00,8,0,0,0,30.36529769641139,0.8546684527257529,0.0,zonia,0,False
2025-06-08 11:07:27.810027406+00:00,8,0,0,0,30.353841689643836,0.846726248312161,0.0,zonia,0,False
2025-06-08 11:12:05.843215406+00:00,8,0,0,0,30.63652427570615,0.8471964376745968,0.0,zonia,0,False
2025-06-08 11:17:16.590104406+00:00,8,0,0,0,30.24865662417665,0.8413486526419659,0.0,zonia,0,False
2025-06-08 11:51:40.290210406+00:00,8,0,0,0,31.120040692617955,0.8507948369703223,0.0,zonia,0,False
2025-06-08 12:58:03.512524406+00:00,8,0,0,0,30.566962192953635,0.8771631042392127,0.0,zonia,0,False
2025-06-08 13:24:32.408877406+00:00,8,0,0,0,31.190070463144785,0.8721339632079876,0.0,zonia,0,False
2025-06-08 13:26:55.662769406+00:00,8,0,0,0,31.187359291300847,0.8854029064941653,0.0,zonia,0,False
2025-06-08 13:30:32.830617406+00:00,8,0,0,0,30.948801592135744,0.8966994652914081,0.0,zonia,0,False
2025-06-08 13:40:49.202526406+00:00,8,0,0,0,31.580050038054946,0.8992976598029009,0.0,zonia,0,False
2025-06-08 13:57:49.233908406+00:00,8,0,0,0,31.044089424546794,0.9081095542598073,0.0,zonia,0,False
2025-06-08 14:04:34.829582406+00:00,8,0,0,0,31.203471504187004,0.9179980904020624,0.0,zonia,0,False
2025-06-08 14:38:12.852584406+00:00,8,0,0,0,31.169528942343035,0.9202991739851248,0.0,zonia,0,False
2025-06-08 14:41:15.003926406+00:00,8,0,0,0,30.926896130798966,0.9246986350179038,0.0,zonia,0,False
2025-06-08 14:43:25.213169406+00:00,8,0,0,0,31.60327103700397,0.9259182674533375,0.0,zonia,0,False
2025-06-08 14:53:28.771635406+00:00,8,0,0,0,31.079615893576495,0.9215940507649343,0.0,zonia,0,False
2025-06-08 15:02:01.407193406+00:00,8,0,0,0,31.06282684416161,0.9219746829398511,0.0,zonia,0,False
2025-06-08 15:45:11.616390406+00:00,8,0,0,0,30.229309958806446,0.9346901779549703,0.0,zonia,0,False
2025-06-08 15:59:05.367171406+00:00,8,0,0,0,30.228172040776546,0.9460444668559612,0.0,zonia,0,False
2025-06-08 16:10:14.938381406+00:00,8,0,0,0,29.787890027187203,0.9487601013515642,0.0,zonia,0,False
2025-06-08 16:13:45.873094406+00:00,8,0,0,0,30.315698551931487,0.9470843462974174,0.0,zonia,0,False
2025-06-08 16:29:27.897758406+00:00,8,0,0,0,29.659001921699872,0.9430161925631217,0.0,zonia,0,False
2025-06-08 16:37:48.669381406+00:00,8,0,0,0,29.511792771736125,0.9465136016171252,0.0,zonia,0,False
2025-06-08 16:39:30.683504406+00:00,8,0,0,0,28.981287328254997,0.9606805629156634,0.0,zonia,0,False
2025-06-08 16:44:28.124373406+00:00,8,0,0,0,29.384241433200987,0.959725393517938,0.0,zonia,0,False
2025-06-08 16:45:28.153960406+00:00,8,0,0,0,29.509137385684856,0.9580435898867159,0.0,zonia,0,False
2025-06-08 16:46:33.897100406+00:00,8,0,0,0,29.110830465936925,0.9586572567876286,0.0,zonia,0,False
2025-06-08 16:50:21.051366406+00:00,8,0,0,0,29.34755566522069,0.9572863883579642,0.0,zonia,0,False
2025-06-08 17:00:02.777512406+00:00,8,0,0,0,28.777456836346293,0.9587374000605785,0.0,zonia,0,False
2025-06-08 17:20:17.379881406+00:00,8,0,0,0,28.23300022082865,0.958542303317458,0.0,zonia,0,False
2025-06-08 17:45:43.411666406+00:00,8,0,0,0,27.220475234539872,0.9586628435686531,0.0,zonia,0,False
2025-06-08 18:01:07.381402406+00:00,8,0,0,0,26.852402628417277,0.9696395268651838,0.0,zonia,0,False
2025-06-08 18:07:29.461116406+00:00,8,0,0,0,26.259079264611437,0.9790347711438221,0.0,zonia,0,False
2025-06-08 18:08:24.575632406+00:00,8,0,0,0,26.201004117661977,0.9818624971143766,0.0,zonia,0,False
2025-06-08 18:17:34.854675406+00:00,8,0,0,0,25.794649900756877,0.9848227270844888,0.0,zonia,0,False
2025-06-08 18:17:44.843320406+00:00,8,0,0,0,26.06868586957409,0.9854997295353122,0.0,zonia,0,False
2025-06-08 18:23:26.638269406+00:00,8,0,0,0,25.723964510286645,0.9819363393807986,0.0,zonia,0,False
2025-06-08 18:34:45.196902406+00:00,8,0,0,0,25.583358483250734,0.976826987426365,0.0,zonia,0,False
2025-06-08 18:39:35.379450406+00:00,8,0,0,0,25.29985970079765,0.9794578813000728,0.0,zonia,0,False
2025-06-08 19:49:51.045458406+00:00,8,0,0,0,23.494895807507287,0.9767526574059286,0.0,zonia,0,False
2025-06-08 20:16:04.894480406+00:00,8,0,0,0,23.364281587842505,0.9571501641912662,0.0,zonia,0,False
2025-06-08 20:29:42.095806406+00:00,8,0,0,0,22.478045871170437,0.9543974746958458,0.0,zonia,0,False
2025-06-08 20:39:22.161212406+00:00,8,0,0,0,22.086382144509646,0.9511212713897642,0.0,zonia,0,False
2025-06-08 20:48:03.109480406+00:00,8,0,0,0,21.90826261264124,0.9391023427758772,0.0,zonia,0,False
2025-06-08 21:01:22.145872406+00:00,8,0,0,0,21.8346639418458,0.9321132313965717,0.0,zonia,0,False
2025-06-08 21:42:47.881589406+00:00,8,0,0,0,20.668137282006104,0.9427573492079742,0.0,zonia,0,False
2025-06-08 21:47:09.273804406+00:00,8,0,0,0,20.39779316614638,0.9502345938919536,0.0,zonia,0,False
2025-06-08 22:18:42.935884406+00:00,8,0,0,0,19.480362192394537,0.9545369937895923,0.0,zonia,0,False
2025-06-08 22:30:40.532644406+00:00,8,0,0,0,19.72219749194249,0.9373077568155032,0.0,zonia,0,False
2025-06-08 22:40:37.313606406+00:00,8,0,0,0,18.920477568213084,0.9367752830818306,0.0,zonia,0,False
2025-06-08 22:43:19.929018406+00:00,8,0,0,0,18.973595007541167,0.9165010269451,0.0,zonia,0,False
2025-06-08 22:50:49.382537406+00:00,8,0,0,0,19.304422391144236,0.9153276102783978,0.0,zonia,0,False
2025-06-08 23:10:42.582784406+00:00,8,0,0,0,18.763762905528015,0.9160991041818178,0.0,zonia,0,False
2025-06-08 23:21:39.200311406+00:00,8,0,0,0,17.643894266827747,0.9041056665041962,0.0,zonia,0,False
2025-06-08 23:29:10.179104406+00:00,8,0,0,0,17.391884389053438,0.8808882629566877,0.0,zonia,0,False
2025-06-08 23:40:43.223534406+00:00,8,0,0,0,18.835792784718507,0.891261543336228,0.0,zonia,0,False
2025-06-09 00:16:24.703813406+00:00,8,0,0,0,18.145435056483254,0.9019646190638134,0.0,zonia,0,False
2025-06-09 00:21:36.416604406+00:00,8,0,0,0,17.470484513479658,0.918154983684685,0.0,zonia,0,False
2025-06-09 00:22:15.368524406+00:00,8,0,0,0,17.979608069766794,0.9155155888832582,0.0,zonia,0,False
2025-06-09 00:43:25.918839406+00:00,8,0,0,0,18.00130115402699,0.9099291406578072,0.0,zonia,0,False
2025-06-09 00:46:43.996444406+00:00,8,0,0,0,17.23252476541198,0.9025897355908092,0.0,zonia,0,False
2025-06-09 01:15:02.478938406+00:00,8,0,0,0,18.21526822992203,0.9221899095081645,0.0,zonia,0,False
2025-06-09 01:37:52.430616406+00:00,8,0,0,0,16.61838325951024,0.9121812155475606,0.0,zonia,0,False
2025-06-09 01:41:04.551973406+00:00,8,0,0,0,17.549959682848804,0.8976557080401011,0.0,zonia,0,False
2025-06-09 01:52:41.841786406+00:00,8,0,0,0,17.470803361365935,0.8875236560442785,0.0,zonia,0,False
2025-06-09 02:02:11.496452406+00:00,8,0,0,0,17.18461901494988,0.8936529013207463,0.0,zonia,0,False
2025-06-09 02:11:52.435042406+00:00,8,0,0,0,17.55204787339478,0.9057555901886215,0.0,zonia,0,False
2025-06-09 02:51:02.466135406+00:00,8,0,0,0,16.17083444917366,0.9239553584946982,0.0,zonia,0,False
2025-06-09 02:59:44.288673406+00:00,8,0,0,0,16.546693062241257,0.9261539115358278,0.0,zonia,0,False
2025-06-09 03:28:58.371706406+00:00,8,0,0,0,16.737965034161515,0.9419951207627343,0.0,zonia,0,False
2025-06-09 04:21:38.263477406+00:00,8,0,0,0,16.917602231908383,0.9426644455557488,0.0,zonia,0,False
2025-06-09 04:50:07.229494406+00:00,8,0,0,0,18.44511043261262,0.9442171778653965,0.0,zonia,0,False
2025-06-09 04:54:44.013005406+00:00,8,0,0,0,18.21713530817184,0.9538433996365333,0.0,zonia,0,False
2025-06-09 04:58:11.340658406+00:00,8,0,0,0,19.343863800182028,0.9517978205545621,0.0,zonia,0,False
2025-06-09 05:43:00.870771406+00:00,8,0,0,0,21.68466827660145,0.9320153963518452,0.0,zonia,0,False
2025-06-09 05:47:55.776879406+00:00,8,0,0,0,21.988704729253097,0.9264120945442411,0.0,zonia,0,False
2025-06-09 06:09:59.751744406+00:00,8,0,0,0,22.567321172578183,0.9340763209613625,0.0,zonia,0,False
2025-06-09 06:16:24.903170406+00:00,8,0,0,0,22.82437487362907,0.9110080284735111,0.0,zonia,0,False
2025-06-09 06:35:34.850815406+00:00,8,0,0,0,23.345086260784665,0.9132975761348892,0.0,zonia,0,False
2025-06-09 06:40:40.207056406+00:00,8,0,0,0,23.420801182962066,0.916034948624434,0.0,zonia,0,False
2025-06-09 07:02:42.895075406+00:00,8,0,0,0,24.025656804703264,0.9041300456343612,0.0,zonia,0,False
2025-06-09 07:32:10.788638406+00:00,8,0,0,0,24.689945401505206,0.8946211053972375,0.0,zonia,0,False
2025-06-09 07:34:25.962829406+00:00,8,0,0,0,24.694256005448985,0.8956231346859387,0.0,zonia,0,False
2025-06-09 07:47:06.219246406+00:00,8,0,0,0,24.98553952299203,0.8903474217846404,0.0,zonia,0,False
2025-06-09 07:51:40.265198406+00:00,8,0,0,0,25.030332754973678,0.8933332605272378,0.0,zonia,0,False
2025-06-09 08:12:24.137485406+00:00,8,0,0,0,25.516290103672144,0.8990432677858834,0.0,zonia,0,False
2025-06-09 08:13:31.311580406+00:00,8,0,0,0,25.46302619644349,0.8942878454721195,0.0,zonia,0,False
2025-06-09 08:21:38.850653406+00:00,8,0,0,0,25.763319139152784,0.8927959187085595,0.0,zonia,0,False
2025-06-09 08:24:23.468357406+00:00,8,0,0,0,26.176770121391975,0.8984696859811003,0.0,zonia,0,False
2025-06-09 08:45:20.166159406+00:00,8,0,0,0,26.64915374810833,0.9041004948515065,0.0,zonia,0,False
2025-06-09 09:36:11.016748406+00:00,8,0,0,0,27.06874403774483,0.8810812362385433,0.0,zonia,0,False
2025-06-09 09:52:47.593070406+00:00,8,0,0,0,27.688549546927856,0.9120650216222511,0.0,zonia,0,False
2025-06-09 10:02:35.941404406+00:00,8,0,0,0,27.43952722895933,0.9201985271391171,0.0,zonia,0,False
2025-06-09 10:15:52.742735406+00:00,8,0,0,0,27.571433967084655,0.9287372008866563,0.0,zonia,0,False
2025-06-09 10:49:45.908855406+00:00,8,0,0,0,27.18134280426297,0.9349004492838251,0.0,zonia,0,False
2025-06-09 11:02:32.766411406+00:00,8,0,0,0,27.110517643866636,0.9515679493065436,0.0,zonia,0,False
2025-06-09 11:07:55.274620406+00:00,8,0,0,0,27.339212242961775,0.9514912486794143,0.0,zonia,0,False
2025-06-09 11:09:30.664219406+00:00,8,0,0,0,26.923237138888027,0.945995054277184,0.0,zonia,0,False
2025-06-09 11:27:02.915095406+00:00,8,0,0,0,27.214702069084712,0.9567665995497605,0.0,zonia,0,False
2025-06-09 11:40:33.388380406+00:00,8,0,0,0,27.524975895471908,0.962071143515538,0.0,zonia,0,False
2025-06-09 12:03:33.384168406+00:00,8,0,0,0,27.200477127196915,0.9584902812598849,0.0,zonia,0,False
2025-06-09 12:15:55.931241406+00:00,8,0,0,0,27.117283203249265,0.9637030169598763,0.0,zonia,0,False
2025-06-09 12:16:06.305365406+00:00,8,0,0,0,27.177727251799,0.9451104983330928,0.0,zonia,0,False
2025-06-09 12:36:12.377323406+00:00,8,0,0,0,27.24567911042687,0.9424308396011745,0.0,zonia,0,False
2025-06-09 12:50:27.944018406+00:00,8,0,0,0,27.695786765123717,0.9479141874978894,0.0,zonia,0,False
2025-06-09 12:54:08.400061406+00:00,8,0,0,0,27.644793689363755,0.9466090013930502,0.0,zonia,0,False
2025-06-09 13:17:40.636744406+00:00,8,0,0,0,27.309273063843296,0.9483276197186626,0.0,zonia,0,False
2025-06-09 13:39:08.911298406+00:00,8,0,0,0,27.686029945015438,0.9516105480328485,0.0,zonia,0,False
2025-06-09 13:42:02.553732406+00:00,8,0,0,0,27.384789046046016,0.9485850350902679,0.0,zonia,0,False
2025-06-09 13:51:33.121014406+00:00,8,0,0,0,27.54777140100349,0.9409468199172197,0.0,zonia,0,False
2025-06-09 14:21:53.497737406+00:00,8,0,0,0,27.634482492197293,0.9402545160471132,0.0,zonia,0,False
2025-06-09 14:25:56.388668406+00:00,8,0,0,0,27.75412123639282,0.9436115782862329,0.0,zonia,0,False
2025-06-09 14:48:24.122318406+00:00,8,0,0,0,27.31704127045706,0.9421930590163045,0.0,zonia,0,False
2025-06-09 15:01:51.760152406+00:00,8,0,0,0,27.419744032741765,0.9425994313707443,0.0,zonia,0,False
2025-06-09 15:31:12.338746406+00:00,8,0,0,0,27.10423997906279,0.9390327852129741,0.0,zonia,0,False
2025-06-09 15:37:34.850909406+00:00,8,0,0,0,27.296797482856604,0.9486606183045412,0.0,zonia,0,False
2025-06-09 15:50:14.888003406+00:00,8,0,0,0,26.896633166290933,0.9507658076077719,0.0,zonia,0,False
2025-06-09 15:58:29.345214406+00:00,8,0,0,0,26.693501669902346,0.9482643211676963,0.0,zonia,0,False
2025-06-09 16:26:06.840076406+00:00,8,0,0,0,26.440653256362488,0.9485160710395357,0.0,zonia,0,False
2025-06-09 16:51:40.377798406+00:00,8,0,0,0,25.85821906842986,0.950842814696274,0.0,zonia,0,False
2025-06-09 17:03:10.883400406+00:00,8,0,0,0,25.739307048222066,0.9500751303229478,0.0,zonia,0,False
2025-06-09 18:01:42.535676406+00:00,8,0,0,0,24.31921757918659,0.968294442370762,0.0,zonia,0,False
2025-06-09 18:20:40.311514406+00:00,8,0,0,0,23.55360076997846,0.9745801636688862,0.0,zonia,0,False
2025-06-09 18:26:17.059938406+00:00,8,0,0,0,23.414196408248674,0.9800796292348631,0.0,zonia,0,False
2025-06-09 18:43:55.062368406+00:00,8,0,0,0,22.455868614282203,0.9845253185640441,0.0,zonia,0,False
2025-06-09 19:28:43.710817406+00:00,8,0,0,0,20.404783307246984,0.985575611624599,0.0,zonia,0,False
2025-06-09 19:36:12.119599406+00:00,8,0,0,0,20.32530994838307,0.9853498191272904,0.0,zonia,0,False
2025-06-09 19:45:16.566981406+00:00,8,0,0,0,19.915494958011017,0.9819559295981614,0.0,zonia,0,False
2025-06-09 20:38:24.533284406+00:00,8,0,0,0,18.52940953180935,0.984264010812209,0.0,zonia,0,False
2025-06-09 20:41:19.331568406+00:00,8,0,0,0,18.713774091218767,0.980767046384168,0.0,zonia,0,False
2025-06-09 20:41:47.039587406+00:00,8,0,0,0,18.758024715237973,0.9818784650862749,0.0,zonia,0,False
2025-06-09 21:20:41.980113406+00:00,8,0,0,0,18.259055633629774,0.9720713677710582,0.0,zonia,0,False
2025-06-09 22:12:11.058632406+00:00,8,0,0,0,16.1892311173882,0.9579166700402251,0.0,zonia,0,False
2025-06-09 22:17:08.708902406+00:00,8,0,0,0,16.186325221180425,0.950667410872464,0.0,zonia,0,False
2025-06-09 22:17:11.652669406+00:00,8,0,0,0,17.103942809969332,0.9497251195974741,0.0,zonia,0,False
2025-06-09 22:22:44.444254406+00:00,8,0,0,0,16.95562164272424,0.9589685844797191,0.0,zonia,0,False
2025-06-09 22:26:33.748425406+00:00,8,0,0,0,16.98106547378663,0.9563057757397113,0.0,zonia,0,False
2025-06-09 22:51:24.197519406+00:00,8,0,0,0,16.675752114435557,0.9494132681549748,0.0,zonia,0,False
2025-06-09 23:06:38.122200406+00:00,8,0,0,0,16.62189420435352,0.9384241989296013,0.0,zonia,0,False
2025-06-09 23:14:47.979415406+00:00,8,0,0,0,16.55551530650825,0.9398897863601889,0.0,zonia,0,False
2025-06-09 23:15:55.063918406+00:00,8,0,0,0,16.84228205242137,0.9365387698420944,0.0,zonia,0,False
2025-06-09 23:21:59.795958406+00:00,8,0,0,0,15.76095381336029,0.9420736640089311,0.0,zonia,0,False
2025-06-09 23:36:02.995653406+00:00,8,0,0,0,16.335546418300073,0.9480270379126579,0.0,zonia,0,False
2025-06-10 00:08:47.227530406+00:00,8,0,0,0,15.732834650700271,0.9507568433450602,0.0,zonia,0,False
2025-06-10 00:08:59.028516406+00:00,8,0,0,0,15.716407939688034,0.951943064356602,0.0,zonia,0,False
2025-06-10 00:11:55.302067406+00:00,8,0,0,0,15.882230211653189,0.9554109662070067,0.0,zonia,0,False
2025-06-10 00:12:14.899782406+00:00,8,0,0,0,15.71765852413494,0.9565246917132411,0.0,zonia,0,False
2025-06-10 00:24:28.900380406+00:00,8,0,0,0,15.192565431880695,0.9570323432707973,0.0,zonia,0,False
2025-06-10 00:28:14.700041406+00:00,8,0,0,0,15.877483703912269,0.9549943351860164,0.0,zonia,0,False
2025-06-10 00:37:11.368880406+00:00,8,0,0,0,15.63237859088496,0.9489977896436906,0.0,zonia,0,False
2025-06-10 00:52:23.836840406+00:00,8,0,0,0,15.527821060911892,0.9477239019555148,0.0,zonia,0,False
2025-06-10 00:55:26.080144406+00:00,8,0,0,0,15.204243119712444,0.9579670199452892,0.0,zonia,0,False
2025-06-10 01:08:10.456279406+00:00,8,0,0,0,15.226904339236523,0.9624076063922569,0.0,zonia,0,False
2025-06-10 01:16:21.766636406+00:00,8,0,0,0,14.955537820832259,0.9681726930029928,0.0,zonia,0,False
2025-06-10 01:24:54.923188406+00:00,8,0,0,0,14.926603737406573,0.9761020497086308,0.0,zonia,0,False
2025-06-10 01:27:38.747113406+00:00,8,0,0,0,14.931408264541181,0.9791580696059218,0.0,zonia,0,False
2025-06-10 01:41:21.945626406+00:00,8,0,0,0,15.181922447300654,0.9807827899954873,0.0,zonia,0,False
2025-06-10 02:20:48.685467406+00:00,8,0,0,0,14.778138110996597,0.9800671941679446,0.0,zonia,0,False
2025-06-10 03:48:55.350597406+00:00,8,0,0,0,14.432589549418703,0.9854250897449547,0.0,zonia,0,False
2025-06-10 04:01:41.205660406+00:00,8,0,0,0,14.956336338836746,0.9818869629422919,0.0,zonia,0,False
2025-06-10 04:10:51.745829406+00:00,8,0,0,0,15.213713552836861,0.9792875642643417,0.0,zonia,0,False
2025-06-10 04:40:36.259035406+00:00,8,0,0,0,16.052514146300812,0.9772204260416616,0.0,zonia,0,False
2025-06-10 04:50:48.427104406+00:00,8,0,0,0,16.418225377617947,0.9786076791392239,0.0,zonia,0,False
2025-06-10 05:39:59.737924406+00:00,8,0,0,0,19.449018883827133,0.955379782503301,0.0,zonia,0,False
2025-06-10 05:56:19.898711406+00:00,8,0,0,0,19.82998154179518,0.9453108427911998,0.0,zonia,0,False
2025-06-10 05:58:06.116418406+00:00,8,0,0,0,19.7986902818452,0.9468388997418115,0.0,zonia,0,False
2025-06-10 06:02:15.058920406+00:00,8,0,0,0,20.00777552384197,0.9354122616892608,0.0,zonia,0,False
2025-06-10 06:03:22.867400406+00:00,8,0,0,0,19.95724069301476,0.9281123462272556,0.0,zonia,0,False
2025-06-10 06:08:13.464482406+00:00,8,0,0,0,20.087349907031133,0.928559656776999,0.0,zonia,0,False
2025-06-10 06:20:38.395222406+00:00,8,0,0,0,20.47350408708982,0.9223098073558701,0.0,zonia,0,False
2025-06-10 06:34:53.860381406+00:00,8,0,0,0,21.046191273989503,0.9206960218285507,0.0,zonia,0,False
2025-06-10 06:45:00.145535406+00:00,8,0,0,0,21.427235883151063,0.9176534834680028,0.0,zonia,0,False
2025-06-10 07:05:13.621660406+00:00,8,0,0,0,22.26549412508244,0.9167499010268038,0.0,zonia,0,False
2025-06-10 07:28:27.471965406+00:00,8,0,0,0,23.151673690548442,0.93841760149045,0.0,zonia,0,False
2025-06-10 07:31:03.437995406+00:00,8,0,0,0,23.38069075772991,0.952103954598674,0.0,zonia,0,False
2025-06-10 07:35:03.651890406+00:00,8,0,0,0,23.626664749126046,0.9594395900722689,0.0,zonia,0,False
2025-06-10 07:37:10.343423406+00:00,8,0,0,0,23.9166926505026,0.9591316880964159,0.0,zonia,0,False
2025-06-10 07:57:51.083994406+00:00,8,0,0,0,24.534855281525857,0.9670533303039975,0.0,zonia,0,False
2025-06-10 08:27:08.214927406+00:00,8,0,0,0,25.369430210688417,0.9498738182479898,0.0,zonia,0,False
2025-06-10 08:31:41.993007406+00:00,8,0,0,0,25.220443067170578,0.9300469756635821,0.0,zonia,0,False
2025-06-10 08:34:57.929131406+00:00,8,0,0,0,25.419927005660853,0.9296594036569575,0.0,zonia,0,False
2025-06-10 08:35:47.946850406+00:00,8,0,0,0,25.36376898330686,0.9302414869921377,0.0,zonia,0,False
2025-06-10 08:38:48.842124406+00:00,8,0,0,0,25.311713235314798,0.9269389513498162,0.0,zonia,0,False
2025-06-10 09:05:58.338777406+00:00,8,0,0,0,26.20666775173025,0.9408345987510979,0.0,zonia,0,False
2025-06-10 09:12:52.551173406+00:00,8,0,0,0,26.240093138029607,0.9449955876803073,0.0,zonia,0,False
2025-06-10 09:31:06.543945406+00:00,8,0,0,0,26.22550712769302,0.9525396713839264,0.0,zonia,0,False
2025-06-10 09:50:19.888022406+00:00,8,0,0,0,26.89116407731232,0.9668658620047116,0.0,zonia,0,False
2025-06-10 10:09:34.849006406+00:00,8,0,0,0,27.147126314985393,0.9671019658947858,0.0,zonia,0,False
2025-06-10 10:18:23.819336406+00:00,8,0,0,0,27.304481448978475,0.9669992967177821,0.0,zonia,0,False
2025-06-10 10:26:12.567888406+00:00,8,0,0,0,27.498891956203053,0.9719847854559981,0.0,zonia,0,False
2025-06-10 10:42:30.119544406+00:00,8,0,0,0,27.948421922543098,0.9766861041586463,0.0,zonia,0,False
2025-06-10 10:54:46.979722406+00:00,8,0,0,0,27.512822003455742,0.9812462656124411,0.0,zonia,0,False
2025-06-10 11:20:34.906670406+00:00,8,0,0,0,28.51333403435342,0.9782583183690121,0.0,zonia,0,False
2025-06-10 11:20:55.828915406+00:00,8,0,0,0,28.491713872102586,0.9785455460217418,0.0,zonia,0,False
2025-06-10 11:28:31.920145406+00:00,8,0,0,0,28.610825783106456,0.9659797516055084,0.0,zonia,0,False
2025-06-10 11:47:52.379062406+00:00,8,0,0,0,28.71993822615485,0.9491406532055584,0.0,zonia,0,False
2025-06-10 12:03:47.772141406+00:00,8,0,0,0,29.216736431896802,0.9335306240861869,0.0,zonia,0,False
2025-06-10 12:24:04.535984406+00:00,8,0,0,0,29.429285889912506,0.9356305581655855,0.0,zonia,0,False
2025-06-10 12:47:01.445923406+00:00,8,0,0,0,29.817900441788616,0.9555706667806027,0.0,zonia,0,False
2025-06-10 12:47:27.372123406+00:00,8,0,0,0,29.71645005360422,0.9660881755209142,0.0,zonia,0,False
2025-06-10 12:55:42.283131406+00:00,8,0,0,0,29.62690876105251,0.9719695111392918,0.0,zonia,0,False
2025-06-10 13:02:36.932875406+00:00,8,0,0,0,29.780483891502058,0.9653290819640203,0.0,zonia,0,False
2025-06-10 13:15:34.439861406+00:00,8,0,0,0,30.009569136073537,0.9551725595859724,0.0,zonia,0,False
2025-06-10 13:24:19.226995406+00:00,8,0,0,0,29.635170478896136,0.9557520971847682,0.0,zonia,0,False
2025-06-10 13:25:03.045124406+00:00,8,0,0,0,30.009239182133992,0.9536150087249189,0.0,zonia,0,False
2025-06-10 13:26:37.365195406+00:00,8,0,0,0,29.93920648036091,0.9585259357403526,0.0,zonia,0,False
2025-06-10 13:31:01.552495406+00:00,8,0,0,0,30.284985743174218,0.9577063333322284,0.0,zonia,0,False
2025-06-10 14:11:05.238358406+00:00,8,0,0,0,30.30407861048561,0.9578439565819767,0.0,zonia,0,False
2025-06-10 14:38:18.115628406+00:00,8,0,0,0,30.47646482488507,0.9567939629553581,0.0,zonia,0,False
2025-06-10 14:40:42.315184406+00:00,8,0,0,0,31.293008489760282,0.9542835261849032,0.0,zonia,0,False
2025-06-10 15:28:54.948100406+00:00,8,0,0,0,30.875329401163675,0.9574669133211605,0.0,zonia,0,False
2025-06-10 15:48:25.344391406+00:00,8,0,0,0,30.837067310157718,0.9670431864713912,0.0,zonia,0,False
2025-06-10 15:49:57.531351406+00:00,8,0,0,0,30.621956934356138,0.9684317913944527,0.0,zonia,0,False
2025-06-10 16:03:26.446622406+00:00,8,0,0,0,30.679094469492885,0.9641024289143978,0.0,zonia,0,False
2025-06-10 16:06:07.658162406+00:00,8,0,0,0,30.811946663240665,0.9627562413832248,0.0,zonia,0,False
2025-06-10 16:20:20.627159406+00:00,8,0,0,0,30.459985711996612,0.9622380650710802,0.0,zonia,0,False
2025-06-10 16:37:48.971510406+00:00,8,0,0,0,30.261997959228193,0.9601093673029484,0.0,zonia,0,False
2025-06-10 16:40:32.255368406+00:00,8,0,0,0,30.244936681342942,0.9588749383554103,0.0,zonia,0,False
2025-06-10 16:54:07.823573406+00:00,8,0,0,0,29.81356046368425,0.963935991303154,0.0,zonia,0,False
2025-06-10 17:15:22.954258406+00:00,8,0,0,0,29.784948955486716,0.9638424317476482,0.0,zonia,0,False
2025-06-10 17:16:27.928006406+00:00,8,0,0,0,29.6720628219844,0.9554843628139432,0.0,zonia,0,False
2025-06-10 17:28:02.176286406+00:00,8,0,0,0,28.900012579955867,0.952911231233786,0.0,zonia,0,False
2025-06-10 17:52:56.563311406+00:00,8,0,0,0,27.863542806424416,0.9507243547736828,0.0,zonia,0,False
2025-06-10 17:54:09.726718406+00:00,8,0,0,0,27.821248727505886,0.9564149917179745,0.0,zonia,0,False
2025-06-10 18:32:18.829158406+00:00,8,0,0,0,24.993443447874277,0.9574211772574582,0.0,zonia,0,False
2025-06-10 18:39:01.897940406+00:00,8,0,0,0,24.910340416699185,0.9661692055937854,0.0,zonia,0,False
2025-06-10 18:42:08.477256406+00:00,8,0,0,0,24.54148933308815,0.9679951915546391,0.0,zonia,0,False
2025-06-10 18:48:00.065194406+00:00,8,0,0,0,24.379696714024163,0.9689042384546638,0.0,zonia,0,False
2025-06-10 18:55:10.817000406+00:00,8,0,0,0,24.03047624057834,0.9699257546113733,0.0,zonia,0,False
2025-06-10 19:42:09.933637406+00:00,8,0,0,0,22.642447051285625,0.9721404538252945,0.0,zonia,0,False
2025-06-10 20:03:37.101310406+00:00,8,0,0,0,21.523454287457405,0.9591548237462262,0.0,zonia,0,False
2025-06-10 20:20:38.850240406+00:00,8,0,0,0,21.56436639916886,0.9535505563089093,0.0,zonia,0,False
2025-06-10 20:29:07.987687406+00:00,8,0,0,0,21.471812147755692,0.9521814778603791,0.0,zonia,0,False
2025-06-10 20:35:48.357209406+00:00,8,0,0,0,21.384792002113368,0.9502618069641934,0.0,zonia,0,False
2025-06-10 20:51:46.093694406+00:00,8,0,0,0,20.871213948031848,0.9524049368034764,0.0,zonia,0,False
2025-06-10 21:11:19.785322406+00:00,8,0,0,0,20.309383080482288,0.9595615063493756,0.0,zonia,0,False
2025-06-10 21:33:40.741351406+00:00,8,0,0,0,20.43553562861425,0.9639457558214697,0.0,zonia,0,False
2025-06-10 21:41:17.747365406+00:00,8,0,0,0,19.786224683434614,0.9629322491546561,0.0,zonia,0,False
2025-06-10 21:52:57.354702406+00:00,8,0,0,0,20.346130907911117,0.9646487292015966,0.0,zonia,0,False
2025-06-10 22:07:30.012617406+00:00,8,0,0,0,19.113515257083662,0.9633002270792613,0.0,zonia,0,False
2025-06-10 22:43:59.250150406+00:00,8,0,0,0,18.78121287037284,0.9678639637892908,0.0,zonia,0,False
2025-06-10 22:47:18.231005406+00:00,8,0,0,0,18.74774765981036,0.9647133740346366,0.0,zonia,0,False
2025-06-10 22:55:56.756995406+00:00,8,0,0,0,19.05581135575885,0.971368434441662,0.0,zonia,0,False
2025-06-10 23:05:55.033263406+00:00,8,0,0,0,18.95838512675821,0.9786486138059481,0.0,zonia,0,False
2025-06-10 23:33:07.211071406+00:00,8,0,0,0,18.495663305604722,0.9801512542363278,0.0,zonia,0,False
2025-06-10 23:47:13.743890406+00:00,8,0,0,0,18.391096698306193,0.9778124504385166,0.0,zonia,0,False
2025-06-10 23:47:22.825698406+00:00,8,0,0,0,18.627265227322567,0.9781323995088436,0.0,zonia,0,False
2025-06-10 23:58:22.239225406+00:00,8,0,0,0,18.228048169078388,0.9734960883983795,0.0,zonia,0,False
2025-06-11 00:12:42.114942406+00:00,8,0,0,0,18.63052140160747,0.9753029637354342,0.0,zonia,0,False
2025-06-11 00:15:26.000625406+00:00,8,0,0,0,18.56739919355949,0.9762328864400162,0.0,zonia,0,False
2025-06-11 00:40:45.235242406+00:00,8,0,0,0,18.31134880066515,0.9769523936444144,0.0,zonia,0,False
2025-06-11 01:00:45.087815406+00:00,8,0,0,0,17.95459493732735,0.9757029147328792,0.0,zonia,0,False
2025-06-11 01:33:43.392575406+00:00,8,0,0,0,18.226110632639084,0.9785902737386641,0.0,zonia,0,False
2025-06-11 01:55:00.493640406+00:00,8,0,0,0,17.678830910517803,0.9724210398524477,0.0,zonia,0,False
2025-06-11 01:56:46.254300406+00:00,8,0,0,0,17.777948262858533,0.9700432984845645,0.0,zonia,0,False
2025-06-11 02:02:31.635997406+00:00,8,0,0,0,17.92154138629296,0.9727704351787647,0.0,zonia,0,False
2025-06-11 02:05:14.160004406+00:00,8,0,0,0,17.598198965820895,0.9681654682435593,0.0,zonia,0,False
2025-06-11 02:12:24.033034406+00:00,8,0,0,0,17.7521790291523,0.9675170066872744,0.0,zonia,0,False
2025-06-11 03:21:07.423292406+00:00,8,0,0,0,16.58992226646455,0.9724348831749152,0.0,zonia,0,False
2025-06-11 03:25:02.321563406+00:00,8,0,0,0,16.65349404489543,0.9746368005137218,0.0,zonia,0,False
2025-06-11 03:45:36.089460406+00:00,8,0,0,0,16.823861579980022,0.9743343452942872,0.0,zonia,0,False
2025-06-11 04:20:52.772429406+00:00,8,0,0,0,17.33666852295979,0.9748265503427563,0.0,zonia,0,False
2025-06-11 04:36:04.487528406+00:00,8,0,0,0,18.40952044444153,0.9767242102706419,0.0,zonia,0,False
2025-06-11 04:58:10.121471406+00:00,8,0,0,0,20.180771529751066,0.8710928506197673,0.0,zonia,0,False
2025-06-11 05:05:55.154369406+00:00,8,0,0,0,20.431114623087698,0.8672839267996191,0.0,zonia,0,False
2025-06-11 05:05:57.793779406+00:00,8,0,0,0,20.48278662251373,0.8627717257020496,0.0,zonia,0,False
2025-06-11 05:07:53.469485406+00:00,8,0,0,0,20.89563701621985,0.8566036360821057,0.0,zonia,0,False
2025-06-11 05:08:12.564049406+00:00,8,0,0,0,20.81240423680781,0.9141931034698565,0.0,zonia,0,False
2025-06-11 05:22:19.831317406+00:00,8,0,0,0,21.470956453861387,0.9140545866852381,0.0,zonia,0,False
2025-06-11 05:28:45.006355406+00:00,8,0,0,0,21.782628454431656,0.9170348030399725,0.0,zonia,0,False
2025-06-11 05:39:01.788190406+00:00,8,0,0,0,22.62402324429052,0.909752245899359,0.0,zonia,0,False
2025-06-11 05:47:01.793814406+00:00,8,0,0,0,23.019784699203317,0.9199114704961971,0.0,zonia,0,False
2025-06-11 05:49:26.453055406+00:00,8,0,0,0,22.956598547714638,0.9093609390102932,0.0,zonia,0,False
2025-06-11 05:59:43.630487406+00:00,8,0,0,0,23.849408194614156,0.9143448115288417,0.0,zonia,0,False
2025-06-11 06:06:47.360083406+00:00,8,0,0,0,23.905709126517806,0.9042308898148428,0.0,zonia,0,False
2025-06-11 06:16:28.243767406+00:00,8,0,0,0,24.767010839729785,0.9059250097642947,0.0,zonia,0,False
2025-06-11 06:39:42.448727406+00:00,8,0,0,0,26.044323076691185,0.9045840269498501,0.0,zonia,0,False
2025-06-11 07:05:57.738610406+00:00,8,0,0,0,27.51167129603614,0.9057179030129626,0.0,zonia,0,False
2025-06-11 07:18:17.328709406+00:00,8,0,0,0,28.22764339524992,0.9075939638967857,0.0,zonia,0,False
2025-06-11 07:45:57.314630406+00:00,8,0,0,0,28.826706724878676,0.9046133472932212,0.0,zonia,0,False
2025-06-11 07:46:45.538954406+00:00,8,0,0,0,28.523893154175155,0.915275671231791,0.0,zonia,0,False
2025-06-11 07:53:03.781851406+00:00,8,0,0,0,28.639525367245383,0.9342381713437292,0.0,zonia,0,False
2025-06-11 07:55:41.281036406+00:00,8,0,0,0,28.462098194386257,0.9360051678694457,0.0,zonia,0,False
2025-06-11 08:28:12.091023406+00:00,8,0,0,0,29.630400945848102,0.9335061517116058,0.0,zonia,0,False
2025-06-11 08:32:15.434263406+00:00,8,0,0,0,29.85965580731326,0.9549424256368052,0.0,zonia,0,False
2025-06-11 08:49:46.285400406+00:00,8,0,0,0,29.740628376563812,0.9678262642497539,0.0,zonia,0,False
2025-06-11 09:04:54.432453406+00:00,8,0,0,0,30.317144471525832,0.9660088831515481,0.0,zonia,0,False
2025-06-11 09:21:16.266596406+00:00,8,0,0,0,30.647810398784166,0.9747785423085854,0.0,zonia,0,False
2025-06-11 09:36:23.005143406+00:00,8,0,0,0,30.81154498211109,0.9740888541690284,0.0,zonia,0,False
2025-06-11 09:52:00.609656406+00:00,8,0,0,0,30.983726233364294,0.9728584229672987,0.0,zonia,0,False
2025-06-11 09:57:38.401051406+00:00,8,0,0,0,30.932537593517043,0.9767191975768559,0.0,zonia,0,False
2025-06-11 10:25:42.745475406+00:00,8,0,0,0,31.47017831626268,0.968707932726023,0.0,zonia,0,False
2025-06-11 10:37:46.959843406+00:00,8,0,0,0,31.55578507306814,0.9758888683971151,0.0,zonia,0,False
2025-06-11 11:00:08.931796406+00:00,8,0,0,0,31.899412985553578,0.9747222131885855,0.0,zonia,0,False
2025-06-11 11:01:34.181889406+00:00,8,0,0,0,31.974410986017205,0.9732625211294815,0.0,zonia,0,False
2025-06-11 11:02:23.330530406+00:00,8,0,0,0,31.490857633712263,0.9803428622836969,0.0,zonia,0,False
2025-06-11 11:20:09.500245406+00:00,8,0,0,0,31.91346847418017,0.9819938550677811,0.0,zonia,0,False
2025-06-11 11:38:33.925287406+00:00,8,0,0,0,31.976122506897088,0.9797183573794553,0.0,zonia,0,False
2025-06-11 11:40:17.573547406+00:00,8,0,0,0,31.81305240779161,0.9787582117007269,0.0,zonia,0,False
2025-06-11 11:48:32.920353406+00:00,8,0,0,0,31.76471357597651,0.9798730844407276,0.0,zonia,0,False
2025-06-11 11:55:31.572622406+00:00,8,0,0,0,32.17797097987008,0.9629036782376743,0.0,zonia,0,False
2025-06-11 12:12:36.133435406+00:00,8,0,0,0,32.17122099361551,0.9715003816405463,0.0,zonia,0,False
2025-06-11 12:23:55.273961406+00:00,8,0,0,0,32.2217764152106,0.969107968137499,0.0,zonia,0,False
2025-06-11 12:31:30.585323406+00:00,8,0,0,0,32.04265269032788,0.9675935659744022,0.0,zonia,0,False
2025-06-11 13:07:01.436659406+00:00,8,0,0,0,32.79698290415411,0.9483259648731073,0.0,zonia,0,False
2025-06-11 13:31:16.352538406+00:00,8,0,0,0,33.47976508753438,0.9571807376526872,0.0,zonia,0,False
2025-06-11 13:52:35.759939406+00:00,8,0,0,0,32.96440702699173,0.9638370159379888,0.0,zonia,0,False
2025-06-11 13:59:15.256276406+00:00,8,0,0,0,32.823361525283225,0.9646444801084398,0.0,zonia,0,False
2025-06-11 14:04:00.350755406+00:00,8,0,0,0,32.57724421688494,0.8593136389138859,0.0,zonia,0,False
2025-06-11 14:06:15.733067406+00:00,8,0,0,0,32.6513663197951,0.8058795126726351,0.0,zonia,0,False
2025-06-11 14:31:46.516289406+00:00,8,0,0,0,32.88433813773185,0.8664277990975265,0.0,zonia,0,False
2025-06-11 14:58:14.962452406+00:00,8,0,0,0,32.55623270291983,0.8685758146175757,0.0,zonia,0,False
2025-06-11 14:58:27.886039406+00:00,8,0,0,0,32.32616239552987,0.8702171717902755,0.0,zonia,0,False
2025-06-11 15:33:40.375863406+00:00,8,0,0,0,32.393085388477,0.8927160373192988,0.0,zonia,0,False
2025-06-11 15:42:53.253618406+00:00,8,0,0,0,31.980237143485773,0.8948533661128312,0.0,zonia,0,False
2025-06-11 15:47:50.826995406+00:00,8,0,0,0,31.933365418580504,0.9099479676689984,0.0,zonia,0,False
2025-06-11 16:09:40.290358406+00:00,8,0,0,0,31.24871146848502,0.910875864581327,0.0,zonia,0,False
2025-06-11 16:13:12.017794406+00:00,8,0,0,0,30.99947674626883,0.9134643671957732,0.0,zonia,0,False
2025-06-11 16:53:39.010808406+00:00,8,0,0,0,30.275660512573182,0.9347241973816356,0.0,zonia,0,False
2025-06-11 17:35:32.354307406+00:00,8,0,0,0,28.642711170859975,0.9411219635063082,0.0,zonia,0,False
2025-06-11 17:57:58.260690406+00:00,8,0,0,0,27.805346049540237,0.9449284167570422,0.0,zonia,0,False
2025-06-11 18:15:09.055892406+00:00,8,0,0,0,27.302163239278766,0.955936982438076,0.0,zonia,0,False
2025-06-11 18:26:03.969073406+00:00,8,0,0,0,26.72057679728464,0.9612546290742287,0.0,zonia,0,False
2025-06-11 18:40:52.313636406+00:00,8,0,0,0,25.95137092380995,0.9660738322423491,0.0,zonia,0,False
2025-06-11 19:17:46.902124406+00:00,8,0,0,0,23.880085788014423,0.9713774916608396,0.0,zonia,0,False
2025-06-11 19:20:36.854450406+00:00,8,0,0,0,24.040478044200672,0.979880844541781,0.0,zonia,0,False
2025-06-11 19:30:13.179476406+00:00,8,0,0,0,23.768304580823408,0.9801224195757234,0.0,zonia,0,False
2025-06-11 19:47:22.372261406+00:00,8,0,0,0,23.214920190070586,0.9849414425387439,0.0,zonia,0,False
2025-06-11 20:01:56.917974406+00:00,8,0,0,0,23.00424248658929,0.9827437678134113,0.0,zonia,0,False
2025-06-11 20:03:36.319103406+00:00,8,0,0,0,22.561759757534634,0.985713193667657,0.0,zonia,0,False
2025-06-11 20:13:22.703498406+00:00,8,0,0,0,22.329881748985954,0.9845216421820995,0.0,zonia,0,False
2025-06-11 20:32:27.871876406+00:00,8,0,0,0,22.456220951181567,0.9874030513472365,0.0,zonia,0,False
2025-06-11 20:51:39.528140406+00:00,8,0,0,0,21.918030923626873,0.9814515625244065,0.0,zonia,0,False
2025-06-11 20:53:31.175829406+00:00,8,0,0,0,21.779306491301003,0.9753736237210981,0.0,zonia,0,False
2025-06-11 21:08:01.376365406+00:00,8,0,0,0,21.658951650838404,0.9764493894132842,0.0,zonia,0,False
2025-06-11 21:14:25.641572406+00:00,8,0,0,0,21.803831901522443,0.9784582484330138,0.0,zonia,0,False
2025-06-11 21:25:28.532610406+00:00,8,0,0,0,21.366018141040936,0.9757534857296636,0.0,zonia,0,False
2025-06-11 22:02:03.566486406+00:00,8,0,0,0,20.77811629777297,0.9746986799734433,0.0,zonia,0,False
2025-06-11 22:13:37.121548406+00:00,8,0,0,0,20.908307753481903,0.9696642780867617,0.0,zonia,0,False
2025-06-11 22:25:34.777204406+00:00,8,0,0,0,20.11971658038903,0.9763623694444656,0.0,zonia,0,False
2025-06-11 22:27:22.727519406+00:00,8,0,0,0,20.233157861177368,0.9806201586203378,0.0,zonia,0,False
2025-06-11 22:27:36.904157406+00:00,8,0,0,0,20.348162345064914,0.9818765089405086,0.0,zonia,0,False
2025-06-11 22:31:58.353318406+00:00,8,0,0,0,20.20135187366411,0.9776612492150268,0.0,zonia,0,False
2025-06-11 22:37:18.802023406+00:00,8,0,0,0,19.84893628443076,0.9785760530555958,0.0,zonia,0,False
2025-06-11 22:44:39.586367406+00:00,8,0,0,0,19.62522244096441,0.9801225422672637,0.0,zonia,0,False
2025-06-11 22:57:43.399912406+00:00,8,0,0,0,19.758288119250253,0.9796851681173115,0.0,zonia,0,False
2025-06-11 23:34:56.665119406+00:00,8,0,0,0,19.493993517187683,0.9716768748649716,0.0,zonia,0,False
2025-06-11 23:37:38.177532406+00:00,8,0,0,0,19.53280521403613,0.9636303133963275,0.0,zonia,0,False
2025-06-11 23:39:21.176334406+00:00,8,0,0,0,19.44334192438951,0.9637335943152471,0.0,zonia,0,False
2025-06-11 23:42:34.643150406+00:00,8,0,0,0,19.304730513212828,0.961318274722618,0.0,zonia,0,False
2025-06-11 23:44:29.943608406+00:00,8,0,0,0,19.117753046791332,0.9607502216349195,0.0,zonia,0,False
2025-06-11 23:47:52.797933406+00:00,8,0,0,0,19.041942113449394,0.9598348998370397,0.0,zonia,0,False
2025-06-12 00:01:04.001831406+00:00,8,0,0,0,18.439549596403978,0.9643639343187649,0.0,zonia,0,False
2025-06-12 00:16:03.686563406+00:00,8,0,0,0,19.07780561470009,0.9683268555091831,0.0,zonia,0,False
2025-06-12 00:31:28.101468406+00:00,8,0,0,0,19.03438422618969,0.9665517093567018,0.0,zonia,0,False
2025-06-12 00:44:26.545599406+00:00,8,0,0,0,18.589984680280242,0.9720647867767316,0.0,zonia,0,False
2025-06-12 00:51:01.471869406+00:00,8,0,0,0,18.39536056155124,0.9748480574048348,0.0,zonia,0,False
2025-06-12 01:09:04.399998406+00:00,8,0,0,0,18.471658032047863,0.9754883219239618,0.0,zonia,0,False
2025-06-12 01:16:48.182904406+00:00,8,0,0,0,18.43723555721268,0.9798933782247481,0.0,zonia,0,False
2025-06-12 01:20:32.595616406+00:00,8,0,0,0,18.069788249122908,0.8741823346971652,0.0,zonia,0,False
2025-06-12 01:21:58.121690406+00:00,8,0,0,0,18.15872846574858,0.8728568654075152,0.0,zonia,0,False
2025-06-12 01:28:38.628421406+00:00,8,0,0,0,18.23044304606231,0.8736107920173201,0.0,zonia,0,False
2025-06-12 01:42:52.344644406+00:00,8,0,0,0,18.13125553975415,0.8710035792330173,0.0,zonia,0,False
2025-06-12 02:01:03.226525406+00:00,8,0,0,0,17.861249741884702,0.7659982293645842,0.0,zonia,0,False
2025-06-12 02:06:25.391265406+00:00,8,0,0,0,17.93503998443727,0.8707891344643033,0.0,zonia,0,False
2025-06-12 02:08:43.128689406+00:00,8,0,0,0,17.978210698347446,0.9163141519065733,0.0,zonia,0,False
2025-06-12 02:17:19.369844406+00:00,8,0,0,0,18.118303458247457,0.9285096526790826,0.0,zonia,0,False
2025-06-12 02:26:03.893394406+00:00,8,0,0,0,17.54344766873624,0.9472972403986533,0.0,zonia,0,False
2025-06-12 02:29:54.463858406+00:00,8,0,0,0,17.548270549749905,0.9562948535174499,0.0,zonia,0,False
2025-06-12 02:38:16.864850406+00:00,8,0,0,0,17.534480984170205,0.9592359252294527,0.0,zonia,0,False
2025-06-12 03:11:46.726536406+00:00,8,0,0,0,17.068733029892826,0.9682044525074399,0.0,zonia,0,False
2025-06-12 03:15:09.096299406+00:00,8,0,0,0,16.957343117418997,0.9804069364020207,0.0,zonia,0,False
2025-06-12 03:18:57.097697406+00:00,8,0,0,0,16.874817138226668,0.9834795127422753,0.0,zonia,0,False
2025-06-12 03:20:35.485450406+00:00,8,0,0,0,16.77153263646474,0.9861423560357077,0.0,zonia,0,False
2025-06-12 03:30:19.702579406+00:00,8,0,0,0,16.798643528589707,0.9867202600764143,0.0,zonia,0,False
2025-06-12 03:39:38.196785406+00:00,8,0,0,0,16.858846946918682,0.9844114311335362,0.0,zonia,0,False
2025-06-12 03:48:38.243108406+00:00,8,0,0,0,16.588138013833614,0.9851116730023636,0.0,zonia,0,False
2025-06-12 04:16:07.833923406+00:00,8,0,0,0,16.992545597063604,0.9861310110259912,0.0,zonia,0,False
2025-06-12 04:21:34.752729406+00:00,8,0,0,0,17.28298620233033,0.9844562798722247,0.0,zonia,0,False
2025-06-12 04:25:50.432646406+00:00,8,0,0,0,17.300483719745188,0.980770491331763,0.0,zonia,0,False
2025-06-12 04:26:44.925700406+00:00,8,0,0,0,17.2678245839803,0.9783583452998005,0.0,zonia,0,False
2025-06-12 04:42:57.280792406+00:00,8,0,0,0,18.664282439569956,0.9817138830914014,0.0,zonia,0,False
2025-06-12 04:59:18.822656406+00:00,8,0,0,0,19.53876940177099,0.9551895071294627,0.0,zonia,0,False
2025-06-12 05:12:30.831173406+00:00,8,0,0,0,20.78470394022499,0.9618604759535259,0.0,zonia,0,False
2025-06-12 05:17:14.275811406+00:00,8,0,0,0,20.778349227740154,0.9638048713420561,0.0,zonia,0,False
2025-06-12 05:21:00.741482406+00:00,8,0,0,0,20.97915079427591,0.9539567890728446,0.0,zonia,0,False
2025-06-12 05:25:03.842562406+00:00,8,0,0,0,21.174524027617437,0.9543394684313693,0.0,zonia,0,False
2025-06-12 05:27:19.683415406+00:00,8,0,0,0,21.366128631564315,0.954746996686171,0.0,zonia,0,False
2025-06-12 05:44:25.489951406+00:00,8,0,0,0,22.225327649723774,0.9511270827871614,0.0,zonia,0,False
2025-06-12 05:45:04.632227406+00:00,8,0,0,0,22.265220938002518,0.950363268118035,0.0,zonia,0,False
2025-06-12 05:47:04.332728406+00:00,8,0,0,0,22.421547236614614,0.9510884018431098,0.0,zonia,0,False
2025-06-12 06:09:32.490062406+00:00,8,0,0,0,23.755860777716222,0.9637899769617351,0.0,zonia,0,False
2025-06-12 06:10:26.735383406+00:00,8,0,0,0,23.183843431105846,0.9625603352536454,0.0,zonia,0,False
2025-06-12 06:11:18.690028406+00:00,8,0,0,0,23.283510873364026,0.9717751584442923,0.0,zonia,0,False
2025-06-12 06:19:21.718874406+00:00,8,0,0,0,23.557144760995687,0.9626604117112622,0.0,zonia,0,False
2025-06-12 06:25:05.314453406+00:00,8,0,0,0,23.73947395731486,0.9670332194341109,0.0,zonia,0,False
2025-06-12 07:14:48.447809406+00:00,8,0,0,0,26.68398216897777,0.9772687374501572,0.0,zonia,0,False
2025-06-12 07:35:09.952114406+00:00,8,0,0,0,27.542660528726927,0.9735254756891656,0.0,zonia,0,False
2025-06-12 08:40:44.547429406+00:00,8,0,0,0,29.328988160450685,0.9788296671771132,0.0,zonia,0,False
2025-06-12 08:51:31.903156406+00:00,8,0,0,0,29.405929634711075,0.9714021389917851,0.0,zonia,0,False
2025-06-12 08:51:46.895507406+00:00,8,0,0,0,29.237343153216926,0.9739743209501819,0.0,zonia,0,False
2025-06-12 09:17:59.122044406+00:00,8,0,0,0,29.796770677543407,0.9767981088243218,0.0,zonia,0,False
2025-06-12 09:44:51.843026406+00:00,8,0,0,0,30.309635934785337,0.97739054989937,0.0,zonia,0,False
2025-06-12 10:18:43.859033406+00:00,8,0,0,0,30.42652146504893,0.977489742514749,0.0,zonia,0,False
2025-06-12 10:33:51.850559406+00:00,8,0,0,0,30.625121597179128,0.9711032197938437,0.0,zonia,0,False
2025-06-12 10:39:52.638366406+00:00,8,0,0,0,31.16279456835764,0.9589025084556931,0.0,zonia,0,False
2025-06-12 11:03:17.064402406+00:00,8,3,0,0,31.577294175112534,0.9768300480879917,0.6284065322814989,zonia,0,False
2025-06-12 11:06:20.063613406+00:00,8,3,0,0,31.433446419959495,0.9746409214282716,0.6284065322814989,zonia,0,False
2025-06-12 11:07:52.595202406+00:00,8,3,0,0,32.07014754352959,0.9670245282614156,0.1886764427349751,zonia,0,False
2025-06-12 11:30:35.430536406+00:00,8,3,0,0,31.786737952596063,0.9750237229825537,-0.08480267277433477,zonia,0,False
2025-06-12 11:31:23.191382406+00:00,8,3,0,0,31.834497279101903,0.9687563294835713,-0.23135407699121735,zonia,0,False
2025-06-12 11:32:16.124389406+00:00,8,3,0,0,31.60103862341906,0.97253118752384,-0.30930418616108885,zonia,0,False
2025-06-12 11:44:23.527557406+00:00,8,3,0,0,31.795734206401274,0.9540906904716691,-0.48544782323395075,zonia,0,False
2025-06-12 12:23:08.286228406+00:00,8,3,0,0,32.365231677195666,0.9524777150282404,-0.5613826331142052,zonia,0,False
2025-06-12 12:41:50.688626406+00:00,8,3,0,0,33.02137123093315,0.9530413144286497,-0.6777576367000249,zonia,0,False
2025-06-12 12:49:03.248540406+00:00,8,3,0,0,32.95804520223007,0.962052188922371,-0.6930076350870448,zonia,0,False
2025-06-12 13:28:57.814724406+00:00,8,3,0,0,33.18864940509513,0.9681678215974762,-0.6930076350870448,zonia,0,False
2025-06-12 13:54:24.410398406+00:00,8,3,0,0,33.354403762016815,0.9751871069208823,-0.730232133582712,zonia,0,False
2025-06-12 14:16:11.096061406+00:00,8,3,0,0,32.98711698401661,0.9794102067048845,-0.7463612276687507,zonia,0,False
2025-06-12 14:42:26.919808406+00:00,8,3,0,0,33.20016723451613,0.9637428231955137,-0.7463612276687507,zonia,0,False
2025-06-12 14:55:31.255617406+00:00,8,3,0,0,33.167413268649845,0.6641742850832888,0.0,zonia,0,False
2025-06-12 15:02:48.575118406+00:00,8,3,0,0,32.813876067398034,0.8922346572235925,0.0,zonia,0,False
2025-06-12 15:07:50.709867406+00:00,8,3,0,0,32.56541185977866,0.8885860808608165,0.0,zonia,0,False
2025-06-12 15:31:59.771015406+00:00,8,3,0,0,32.42009585830089,0.9756003013524543,0.0,zonia,0,False
2025-06-12 15:46:23.996408406+00:00,8,3,0,0,32.112936602042886,1.0605385189161567,0.0,zonia,0,False
2025-06-12 16:52:31.816756406+00:00,8,3,0,0,30.627344295271307,1.0749019518759162,0.0,zonia,0,False
2025-06-12 17:22:28.426935406+00:00,8,3,0,0,29.44450167663269,1.0956379203874245,0.0,zonia,0,False
2025-06-12 17:58:44.886884406+00:00,8,3,0,0,28.397648841767495,1.1399886866719873,0.0,zonia,0,False
2025-06-12 18:12:53.579940406+00:00,8,3,0,0,27.501942688353648,1.1505055202129777,0.0,zonia,0,False
2025-06-12 18:20:41.754423406+00:00,8,3,0,0,27.40637816660642,1.1568157281455225,0.0,zonia,0,False
2025-06-12 18:42:45.272546406+00:00,8,3,0,0,26.07089264791612,1.3492164174449008,0.0,zonia,0,False
2025-06-12 18:54:14.064097406+00:00,8,3,0,0,25.772522360531894,1.3561291311580486,0.0,zonia,0,False
2025-06-12 19:31:47.787611406+00:00,8,3,0,0,23.928660827415495,1.4353854459039799,0.0,zonia,0,False
2025-06-12 19:34:34.661763406+00:00,8,3,0,0,23.616857775729045,1.4365391958839893,0.0,zonia,0,False
2025-06-12 19:49:59.957455406+00:00,8,3,0,0,23.269982400034667,1.4474450065395161,0.0,zonia,0,False
2025-06-12 20:03:37.560732406+00:00,8,3,0,0,23.017774368587013,1.4641252003271656,0.0,zonia,0,False
2025-06-12 20:09:57.326357406+00:00,8,3,0,0,22.631891558187114,1.4655761160552485,0.0,zonia,0,False
2025-06-12 20:18:53.554083406+00:00,8,3,0,0,22.524155738353002,1.5158940973109858,0.0,zonia,0,False
2025-06-12 20:56:29.244001406+00:00,8,3,0,0,21.821483338908276,1.5136343484124994,0.0,zonia,0,False
2025-06-12 21:34:08.333201406+00:00,8,3,0,0,21.532463537599725,1.5412717911947846,0.0,zonia,0,False
2025-06-12 22:01:39.168210406+00:00,8,3,0,0,21.224449934608764,1.5524882545130312,0.0,zonia,0,False
2025-06-12 22:13:21.880863406+00:00,8,3,0,0,20.89039678752043,1.5474670869280867,0.0,zonia,0,False
2025-06-12 22:54:11.621295406+00:00,8,3,0,0,20.24503553500043,1.5426881554118839,0.0,zonia,0,False
2025-06-12 23:20:24.004215406+00:00,8,3,0,0,20.171270513312788,1.518269611878679,0.0,zonia,0,False
2025-06-12 23:46:19.694251406+00:00,8,3,0,0,19.89995892919698,1.5165104305251824,0.0,zonia,0,False
2025-06-12 23:53:44.504812406+00:00,8,3,0,0,20.37240584770286,1.519026850956886,0.0,zonia,0,False
2025-06-13 00:29:27.056146406+00:00,8,3,0,0,19.458879021470775,1.5223190727495977,0.0,zonia,0,False
2025-06-13 00:30:33.078111406+00:00,8,3,0,0,18.92050331176206,1.5444955164057217,0.0,zonia,0,False
2025-06-13 01:07:55.309832406+00:00,8,3,0,0,18.92762879053426,1.55911066565234,0.0,zonia,0,False
2025-06-13 01:47:10.965546406+00:00,8,3,0,0,18.3606414691341,1.5364148098902468,0.0,zonia,0,False
2025-06-13 01:51:43.848179406+00:00,8,3,0,0,18.606685684136604,1.5374847607234676,0.0,zonia,0,False
2025-06-13 01:54:35.797355406+00:00,8,3,0,0,18.292393880321594,1.5350842695682014,0.0,zonia,0,False
2025-06-13 02:08:11.365448406+00:00,8,3,0,0,18.40649067254064,1.5372485158244646,0.0,zonia,0,False
2025-06-13 02:25:14.846276406+00:00,8,3,0,0,18.291091635456592,1.5483092505809333,0.0,zonia,0,False
2025-06-13 02:42:48.486479406+00:00,8,3,0,0,18.162174814304368,1.548236784808034,0.0,zonia,0,False
2025-06-13 02:56:04.575494406+00:00,8,3,0,0,18.261925106695134,1.5595779423621416,0.0,zonia,0,False
2025-06-13 03:01:43.131904406+00:00,8,3,0,0,18.062928204219105,1.5607092593306295,0.0,zonia,0,False
2025-06-13 03:13:48.402069406+00:00,8,3,0,0,18.020501446267005,1.5701896136483589,0.0,zonia,0,False
2025-06-13 03:25:17.555593406+00:00,8,3,0,0,18.070203297711274,1.5806098888216324,0.0,zonia,0,False
2025-06-13 03:31:01.306342406+00:00,8,3,0,0,18.006056856746593,1.5842978957899596,0.0,zonia,0,False
2025-06-13 03:45:11.166056406+00:00,8,3,0,0,17.682212224599866,1.5869841624433234,0.0,zonia,0,False
2025-06-13 03:45:12.969732406+00:00,8,3,0,0,17.72568949980042,1.584784620527886,0.0,zonia,0,False
2025-06-13 03:47:40.484513406+00:00,8,3,0,0,17.65704948367851,1.584398090940923,0.0,zonia,0,False
2025-06-13 03:49:24.892331406+00:00,8,3,0,0,17.665388904729575,1.5869161646421737,0.0,zonia,0,False
2025-06-13 04:03:34.595559406+00:00,8,3,0,0,17.657316631637762,1.5811752299866262,0.0,zonia,0,False
2025-06-13 04:10:45.667212406+00:00,8,3,0,0,17.775277018575018,1.5803691282902794,0.0,zonia,0,False
2025-06-13 04:25:10.742148406+00:00,8,3,0,0,18.38812902539224,1.5793134177971144,0.0,zonia,0,False
2025-06-13 04:32:43.235613406+00:00,8,3,0,0,18.934257036068125,1.5815434048222285,0.0,zonia,0,False
2025-06-13 04:33:29.329756406+00:00,8,3,0,0,18.80493301290281,1.5786803090530794,0.0,zonia,0,False
2025-06-13 04:39:22.562026406+00:00,8,3,0,0,19.407745508436236,1.5681145502092046,0.0,zonia,0,False
2025-06-13 04:58:45.158256406+00:00,8,3,0,0,20.371403974456996,1.5659354351532833,0.0,zonia,0,False
2025-06-13 05:08:05.298073406+00:00,8,3,0,0,20.81325853833244,1.5653914921812677,0.0,zonia,0,False
2025-06-13 06:01:49.065707406+00:00,8,3,0,0,24.34508906755434,1.5240355895258015,0.0,zonia,0,False
2025-06-13 06:09:30.580777406+00:00,8,3,0,0,24.895350273830697,1.5042756644335278,0.0,zonia,0,False
2025-06-13 06:14:28.828318406+00:00,8,3,0,0,24.71204779598917,1.5135276038435062,0.0,zonia,0,False
2025-06-13 06:26:55.713114406+00:00,8,3,0,0,25.897437939167478,1.501924542550259,0.0,zonia,0,False
2025-06-13 07:06:07.328191406+00:00,8,3,0,0,27.363360261092858,1.5149103244856523,0.0,zonia,0,False
2025-06-13 07:10:47.523414406+00:00,8,3,0,0,27.73272804726881,1.525415731362339,0.0,zonia,0,False
2025-06-13 08:23:50.724196406+00:00,8,3,0,0,30.106332806664504,1.5494872787484293,0.0,zonia,0,False
2025-06-13 08:39:13.637085406+00:00,8,3,0,0,30.482713256364956,1.5673393556810653,0.0,zonia,0,False
2025-06-13 08:48:43.516881406+00:00,8,3,0,0,30.299180567679702,1.5705092943234482,0.0,zonia,0,False
2025-06-13 08:58:53.081742406+00:00,8,3,0,0,30.726630796298995,1.5716839982203359,0.0,zonia,0,False
2025-06-13 09:33:41.170944406+00:00,8,3,0,0,31.010542323029686,1.573772496440123,0.0,zonia,0,False
2025-06-13 09:43:10.777829406+00:00,8,3,0,0,31.500392389303723,1.5743597402289402,0.0,zonia,0,False
2025-06-13 09:50:56.959882406+00:00,8,3,0,0,31.485658465788678,1.5593152100438097,0.0,zonia,0,False
2025-06-13 09:52:41.060654406+00:00,8,3,0,0,31.773919619399383,1.5615222563781315,0.0,zonia,0,False
2025-06-13 10:11:37.504133406+00:00,8,3,0,0,32.3436471173243,1.5546334734782494,0.0,zonia,0,False
2025-06-13 10:26:46.298454406+00:00,8,3,0,0,32.51970067449164,1.5472583028281892,0.0,zonia,0,False
2025-06-13 10:28:25.993948406+00:00,8,3,0,0,32.53847359440358,1.5469877312275553,0.0,zonia,0,False
2025-06-13 10:35:36.036495406+00:00,8,3,0,0,32.463216133051716,1.5504385737328854,0.0,zonia,0,False
2025-06-13 10:37:17.191656406+00:00,8,3,0,0,32.4327179830106,1.557447928765338,0.0,zonia,0,False
2025-06-13 10:39:42.693288406+00:00,8,3,0,0,32.5942975920192,1.561094499561944,0.0,zonia,0,False
2025-06-13 10:42:14.277432406+00:00,8,3,0,0,32.856090108926225,1.5540687491834249,0.0,zonia,0,False
2025-06-13 10:53:54.955327406+00:00,8,3,0,0,32.590820375083055,1.5456195641122188,0.0,zonia,0,False
2025-06-13 11:11:56.176169406+00:00,8,3,0,0,32.92504084858866,1.547880998184726,0.0,zonia,0,False
2025-06-13 11:14:52.340789406+00:00,8,3,0,0,32.83993740967344,1.551462909207854,0.0,zonia,0,False
2025-06-13 11:16:11.871141406+00:00,8,3,0,0,32.66811996752369,1.5506092751272282,0.0,zonia,0,False
2025-06-13 11:29:26.336594406+00:00,8,3,0,0,32.819887017061795,1.552342129162498,0.0,zonia,0,False
2025-06-13 11:34:17.258777406+00:00,8,3,0,0,32.93867360731774,1.5389226377782215,0.0,zonia,0,False
2025-06-13 11:36:52.197271406+00:00,8,3,0,0,33.023025396493644,1.5416470382793173,0.0,zonia,0,False
2025-06-13 11:45:31.958375406+00:00,8,3,0,0,33.085726603556566,1.5417196591291524,0.0,zonia,0,False
2025-06-13 11:49:40.697580406+00:00,8,3,0,0,33.629082456274844,1.5505883323556753,0.0,zonia,0,False
2025-06-13 12:01:18.074107406+00:00,8,3,0,0,33.21299676910378,1.5338575096259202,0.0,zonia,0,False
2025-06-13 12:02:11.951242406+00:00,8,3,0,0,33.492224332594894,1.522622531621677,0.0,zonia,0,False
2025-06-13 12:04:07.492431406+00:00,8,3,0,0,33.442449881726326,1.520251913806326,0.0,zonia,0,False
2025-06-13 12:09:37.124134406+00:00,8,3,0,0,33.41045072881499,1.508343153164712,0.0,zonia,0,False
2025-06-13 12:24:52.112399406+00:00,8,3,0,0,33.380256876715535,1.517058809803175,0.0,zonia,0,False
2025-06-13 12:47:10.568674406+00:00,8,3,0,0,33.90938022651831,1.5234115375498642,0.0,zonia,0,False
2025-06-13 12:56:08.520887406+00:00,8,3,0,0,33.67143619499025,1.51360374681473,0.0,zonia,0,False
2025-06-13 13:14:02.548788406+00:00,8,3,0,0,34.232862632672344,1.5085855335246112,0.0,zonia,0,False
2025-06-13 14:03:15.143792406+00:00,8,3,0,0,33.99258861443472,1.4993921146676736,0.0,zonia,0,False
2025-06-13 14:12:40.714207406+00:00,8,3,0,0,33.6450005372039,1.476346736644017,0.0,zonia,0,False
2025-06-13 14:16:39.301561406+00:00,8,3,0,0,33.90270555645618,1.4822012970050735,0.0,zonia,0,False
2025-06-13 14:22:06.769625406+00:00,8,3,0,0,33.60804619586684,1.4837724037523383,0.0,zonia,0,False
2025-06-13 15:17:17.155179406+00:00,8,3,0,0,32.746904879583816,1.4895882380530856,0.0,zonia,0,False
2025-06-13 15:17:53.870628406+00:00,8,3,0,0,32.56521664494863,1.4924137383305809,0.0,zonia,0,False
2025-06-13 15:20:58.949504406+00:00,8,3,0,0,32.773287096988945,1.4721233051326728,0.0,zonia,0,False
2025-06-13 15:41:44.993939406+00:00,8,3,0,0,32.39413339251608,1.4768615176930737,0.0,zonia,0,False
2025-06-13 16:28:34.725656406+00:00,8,3,0,0,31.69550063561953,1.479354294898199,0.0,zonia,0,False
2025-06-13 17:07:49.643985406+00:00,8,3,0,0,30.85296879938739,1.4797537488752739,0.0,zonia,0,False
2025-06-13 17:40:50.925262406+00:00,8,3,0,0,30.027582515187476,1.5159776552908355,0.0,zonia,0,False
2025-06-13 17:54:15.253655406+00:00,8,3,0,0,29.325730098580753,1.5168486619241472,0.0,zonia,0,False
2025-06-13 18:10:59.637844406+00:00,8,3,0,0,28.55179570492379,1.5165520692283025,0.0,zonia,0,False
2025-06-13 18:12:09.022457406+00:00,8,3,0,0,28.657039345162275,1.5351602237275483,0.0,zonia,0,False
2025-06-13 18:34:59.006012406+00:00,8,3,0,0,27.610902912577608,1.5480186553816966,0.0,zonia,0,False
2025-06-13 18:45:42.229274406+00:00,8,3,0,0,26.51346757228578,1.5498630064226577,0.0,zonia,0,False
2025-06-13 18:51:07.353934406+00:00,8,3,0,0,26.26381744148538,1.5434115558268482,0.0,zonia,0,False
2025-06-13 19:05:51.562860406+00:00,8,3,0,0,25.777833977960682,1.5407544799753157,0.0,zonia,0,False
2025-06-13 19:15:52.618409406+00:00,8,3,0,0,25.433086910240924,1.530498493136514,0.0,zonia,0,False
2025-06-13 19:27:48.573310406+00:00,8,3,0,0,24.387380081022048,1.52653529936691,0.0,zonia,0,False
2025-06-13 19:28:31.953384406+00:00,8,3,0,0,24.945620777781986,1.5146590075209587,0.0,zonia,0,False
2025-06-13 19:44:48.180370406+00:00,8,3,0,0,24.043082644331648,1.512637287201632,0.0,zonia,0,False
2025-06-13 19:45:00.745071406+00:00,8,3,0,0,24.1037673055738,1.5308299519503932,0.0,zonia,0,False
2025-06-13 19:47:13.868321406+00:00,8,3,0,0,24.050041827794626,1.5383436362122442,0.0,zonia,0,False
2025-06-13 20:05:08.316286406+00:00,8,3,0,0,23.26553584180733,1.5444533344365479,0.0,zonia,0,False
2025-06-13 20:12:14.714323406+00:00,8,3,0,0,23.321029177884878,1.5422899225050248,0.0,zonia,0,False
2025-06-13 20:24:14.214430406+00:00,8,3,0,0,23.02819728022595,1.5417601912304275,0.0,zonia,0,False
2025-06-13 21:12:05.243996406+00:00,8,3,0,0,22.29471180217418,1.548314658138039,0.0,zonia,0,False
2025-06-13 21:29:03.631116406+00:00,8,3,0,0,21.929152146899433,1.5408281488350215,0.0,zonia,0,False
2025-06-13 21:45:23.634081406+00:00,8,3,0,0,21.551081037665398,1.547132220051989,0.0,zonia,0,False
2025-06-13 22:01:06.014806406+00:00,8,3,0,0,21.012649307436,1.555282650372583,0.0,zonia,0,False
2025-06-13 22:02:12.559471406+00:00,8,3,0,0,21.20133091949823,1.5491745892619029,0.0,zonia,0,False
2025-06-13 22:04:56.062385406+00:00,8,3,0,0,21.507235769840495,1.5387130190033163,0.0,zonia,0,False
2025-06-13 22:11:44.130893406+00:00,8,3,0,0,20.800581086455637,1.5210537519359009,0.0,zonia,0,False
2025-06-13 22:12:01.371932406+00:00,8,3,0,0,20.677730030242312,1.4964313604869377,0.0,zonia,0,False
2025-06-13 22:15:28.000556406+00:00,8,3,0,0,21.055878605469136,1.478441053513745,0.0,zonia,0,False
2025-06-13 22:27:19.546749406+00:00,8,3,0,0,20.651931392585396,1.4593899895287428,0.0,zonia,0,False
2025-06-13 22:31:48.599223406+00:00,8,3,0,0,21.015964713921402,1.4560566296990953,0.0,zonia,0,False
2025-06-13 23:09:14.163120406+00:00,8,3,0,0,20.3893457167075,1.472988933714373,0.0,zonia,0,False
2025-06-13 23:33:56.365864406+00:00,8,3,0,0,20.265829875663893,1.5198566815515089,0.0,zonia,0,False
2025-06-13 23:57:58.883188406+00:00,8,3,0,0,19.229620865470967,1.5166588432822763,0.0,zonia,0,False
2025-06-13 23:58:14.668158406+00:00,8,3,0,0,18.573881539048337,1.5147605612674981,0.0,zonia,0,False
2025-06-13 23:59:57.002375406+00:00,8,3,0,0,19.211017336246087,1.5181625207562157,0.0,zonia,0,False
2025-06-14 00:05:18.625939406+00:00,8,3,0,0,19.63218013064197,1.5253787428125336,0.0,zonia,0,False
2025-06-14 00:23:45.303915406+00:00,8,3,0,0,18.425653993394434,1.5395906064785376,0.0,zonia,0,False
2025-06-14 00:47:31.739212406+00:00,8,3,0,0,18.978511627512265,1.5374258435407007,0.0,zonia,0,False
2025-06-14 00:53:05.558878406+00:00,8,3,0,0,19.244859570343067,1.5412823238860345,0.0,zonia,0,False
2025-06-14 01:26:26.889315406+00:00,8,3,0,0,18.06161769928514,1.5403965450931856,0.0,zonia,0,False
2025-06-14 01:36:19.569656406+00:00,8,3,0,0,18.52911916333331,1.5442951185562286,0.0,zonia,0,False
2025-06-14 01:43:13.406992406+00:00,8,3,0,0,18.28635730734384,1.5412230379822727,0.0,zonia,0,False
2025-06-14 01:54:23.238243406+00:00,8,3,0,0,18.29331279109906,1.5435788439822153,0.0,zonia,0,False
2025-06-14 02:02:58.276776406+00:00,8,3,0,0,18.061484069279764,1.5418575095763607,0.0,zonia,0,False
2025-06-14 02:36:23.802979406+00:00,8,3,0,0,17.16402484519561,1.543998282585783,0.0,zonia,0,False
2025-06-14 02:42:40.701718406+00:00,8,3,0,0,17.83193512821135,1.5346634170673685,0.0,zonia,0,False
2025-06-14 02:44:16.093217406+00:00,8,3,0,0,17.494138522985562,1.5339598005520185,0.0,zonia,0,False
2025-06-14 02:45:14.697192406+00:00,8,3,0,0,17.108544605335833,1.5433209538249661,0.0,zonia,0,False
2025-06-14 02:51:11.494134406+00:00,8,3,0,0,17.54571270956202,1.5481716281092652,0.0,zonia,0,False
2025-06-14 02:52:53.967088406+00:00,8,3,0,0,17.02623589987403,1.5467144259062735,0.0,zonia,0,False
2025-06-14 03:03:45.769269406+00:00,8,3,0,0,17.634675868902455,1.5547151781230795,0.0,zonia,0,False
2025-06-14 03:12:18.531292406+00:00,8,3,0,0,16.890570124544265,1.558851182141348,0.0,zonia,0,False
2025-06-14 03:25:35.146008406+00:00,8,3,0,0,16.86807180643862,1.5582612525378796,0.0,zonia,0,False
2025-06-14 03:36:48.284478406+00:00,8,3,0,0,16.816920860954998,1.5622279791227114,0.0,zonia,0,False
2025-06-14 03:39:56.153955406+00:00,8,3,0,0,16.963373011686055,1.5631694056076708,0.0,zonia,0,False
2025-06-14 04:09:59.767947406+00:00,8,3,0,0,17.45371361757415,1.5553294473828845,0.0,zonia,0,False
2025-06-14 04:19:47.121419406+00:00,8,3,0,0,17.432980130614872,1.5515503909588015,0.0,zonia,0,False
2025-06-14 04:42:54.773411406+00:00,8,3,0,0,19.087061141228066,1.540033849331511,0.0,zonia,0,False
2025-06-14 05:29:20.806322406+00:00,8,3,0,0,22.107512433183246,1.5301969012705507,0.0,zonia,0,False
2025-06-14 05:50:55.757267406+00:00,8,3,0,0,23.148111755324766,1.4998474211842439,0.0,zonia,0,False
2025-06-14 05:51:30.737498406+00:00,8,3,0,0,23.510918166600888,1.4957370688254588,0.0,zonia,0,False
2025-06-14 05:55:16.688915406+00:00,8,3,0,0,23.32778848663011,1.4862750908814901,0.0,zonia,0,False
2025-06-14 05:58:09.112528406+00:00,8,3,0,0,23.843298258496716,1.486041230984673,0.0,zonia,0,False
2025-06-14 06:20:48.046776406+00:00,8,3,0,0,25.138107913686405,1.4910314934081257,0.0,zonia,0,False
2025-06-14 06:25:43.012248406+00:00,8,3,0,0,25.319316134295164,1.3450763887428423,0.0,zonia,0,False
2025-06-14 06:53:44.438340406+00:00,8,3,0,0,26.75952812359278,1.3412435977148274,0.0,zonia,0,False
2025-06-14 07:05:49.391332406+00:00,8,3,0,0,27.307812000265628,1.3373128330798731,0.0,zonia,0,False
2025-06-14 07:11:22.284989406+00:00,8,3,0,0,27.392384377248682,1.3297456336171933,0.0,zonia,0,False
2025-06-14 07:22:01.221887406+00:00,8,3,0,0,28.296955015150242,1.3421939944857961,0.0,zonia,0,False
2025-06-14 07:55:11.345521406+00:00,8,3,0,0,29.37140652655369,1.3528048444232654,0.0,zonia,0,False
2025-06-14 07:55:20.934388406+00:00,8,3,0,0,29.48407907602371,1.3529889920341838,0.0,zonia,0,False
2025-06-14 07:58:57.572171406+00:00,8,3,0,0,29.57010063298952,1.3606448750283675,0.0,zonia,0,False
2025-06-14 08:33:50.020163406+00:00,8,3,0,0,30.778778148228735,1.4622482757734272,0.0,zonia,0,False
2025-06-14 09:39:52.663618406+00:00,8,3,0,0,32.15099891821095,1.4718807063545958,0.0,zonia,0,False
2025-06-14 09:51:10.471839406+00:00,8,3,0,0,32.802520788430655,1.5104683314719682,0.0,zonia,0,False
2025-06-14 10:16:04.278850406+00:00,8,3,0,0,33.548986670658465,1.5282511901778306,0.0,zonia,0,False
2025-06-14 10:50:14.134650406+00:00,8,3,0,0,33.86942387548222,1.5124409717271523,0.0,zonia,0,False
2025-06-14 11:06:41.882477406+00:00,8,3,0,0,33.69651546837135,1.5291620651659927,0.0,zonia,0,False
2025-06-14 11:28:59.815803406+00:00,8,3,0,0,34.26565222631303,1.521052781895789,0.0,zonia,0,False
2025-06-14 11:31:21.786632406+00:00,8,3,0,0,33.99287611131364,1.5283711099432205,0.0,zonia,0,False
2025-06-14 11:55:50.749408406+00:00,8,3,0,0,34.524368216206014,1.5385761324329166,0.0,zonia,0,False
2025-06-14 12:22:27.879579406+00:00,8,3,0,0,35.06519452881943,1.5337772658251603,0.0,zonia,0,False
2025-06-14 12:24:57.787179406+00:00,8,3,0,0,35.636250893474404,1.5394128275303518,0.0,zonia,0,False
2025-06-14 13:06:56.382599406+00:00,8,3,0,0,35.69190323738072,1.5464958822367807,0.0,zonia,0,False
2025-06-14 13:09:45.446592406+00:00,8,3,0,0,35.54692450086106,1.5438596586096387,0.0,zonia,0,False
2025-06-14 14:06:07.598319406+00:00,8,3,0,0,36.25817383595916,1.5488855753898239,0.0,zonia,0,False
2025-06-14 14:09:50.934016406+00:00,8,3,0,0,36.15384230032614,1.5554948296136315,0.0,zonia,0,False
2025-06-14 14:38:46.426270406+00:00,8,3,0,0,36.28591676579151,1.5618224411925723,0.0,zonia,0,False
2025-06-14 15:02:17.739560406+00:00,8,3,0,0,36.84465259586312,1.5590111584823532,0.0,zonia,0,False
2025-06-14 15:10:57.274446406+00:00,8,3,0,0,36.61338909571062,1.5511751865639944,0.0,zonia,0,False
2025-06-14 15:55:07.716568406+00:00,8,3,0,0,35.29040813627684,1.5523570503339434,0.0,zonia,0,False
2025-06-14 16:02:46.735603406+00:00,8,3,0,0,35.53222047391019,1.4906350638275685,0.0,zonia,0,False
2025-06-14 16:05:15.706870406+00:00,8,3,0,0,35.421315489633116,1.4878873719410277,0.0,zonia,0,False
2025-06-14 16:06:45.705536406+00:00,8,3,0,0,35.654291358994364,1.4986254834553354,0.0,zonia,0,False
2025-06-14 16:18:49.407048406+00:00,8,3,0,0,34.898080732652744,1.4490485475277817,0.0,zonia,0,False
2025-06-14 16:37:04.239877406+00:00,8,3,0,0,33.68698825785999,1.4474482840261866,0.0,zonia,0,False
2025-06-14 16:46:29.362186406+00:00,8,3,0,0,32.39201492413296,1.488334931232138,0.0,zonia,0,False
2025-06-14 16:47:09.961005406+00:00,8,3,0,0,32.287698686682624,1.5130002759875683,0.0,zonia,0,False
2025-06-14 17:04:17.663246406+00:00,8,3,0,0,31.977935341187543,1.5242040892006998,0.0,zonia,0,False
2025-06-14 17:28:44.729217406+00:00,8,3,0,0,30.997853719557938,1.5143894100063524,0.0,zonia,0,False
2025-06-14 17:30:46.294850406+00:00,8,3,0,0,30.590559818057496,1.5188843824335945,0.0,zonia,0,False
2025-06-14 17:39:27.428486406+00:00,8,3,0,0,30.192516917876326,1.516696845965622,0.0,zonia,0,False
2025-06-14 17:45:42.059878406+00:00,8,3,0,0,29.741812734326455,1.5231877111050782,0.0,zonia,0,False
2025-06-14 18:22:03.076308406+00:00,8,3,0,0,28.04154524835588,1.3483012151097298,0.0,zonia,0,False
2025-06-14 18:39:25.508901406+00:00,8,3,0,0,27.68350213104064,1.36873183518872,0.0,zonia,0,False
2025-06-14 19:05:53.347470406+00:00,8,3,0,0,26.62565910603264,1.3773691034839557,0.0,zonia,0,False
2025-06-14 19:36:44.051034406+00:00,8,3,0,0,25.464908699698732,1.3765447346335402,0.0,zonia,0,False
2025-06-14 19:38:23.643197406+00:00,8,3,0,0,25.596104928301607,1.3853621790239796,0.0,zonia,0,False
2025-06-14 19:39:12.439157406+00:00,8,3,0,0,25.547312814202414,1.3831734292100721,0.0,zonia,0,False
2025-06-14 20:09:30.670529406+00:00,8,3,0,0,25.24617352151302,1.3916719513098437,0.0,zonia,0,False
2025-06-14 20:29:18.821603406+00:00,8,3,0,0,24.572656779152346,1.3917292682943938,0.0,zonia,0,False
2025-06-14 20:38:44.461856406+00:00,8,3,0,0,24.06168413342447,1.3977801481340477,0.0,zonia,0,False
2025-06-14 21:13:25.672687406+00:00,8,3,0,0,23.915867464663698,1.3746824783300169,0.0,zonia,0,False
2025-06-14 21:47:28.029423406+00:00,8,3,0,0,24.735587529964093,1.3811592421123866,0.0,zonia,0,False
2025-06-14 21:48:13.563151406+00:00,8,3,0,0,24.813505024737157,1.3853312624068783,0.0,zonia,0,False
2025-06-14 22:03:00.829647406+00:00,8,3,0,0,24.277736526079757,1.3812922003685075,0.0,zonia,0,False
2025-06-14 22:21:00.981373406+00:00,8,3,0,0,23.964129070058217,1.4756327215479217,0.0,zonia,0,False
2025-06-14 22:27:22.551578406+00:00,8,3,0,0,24.10803361216824,1.4784415526249095,0.0,zonia,0,False
2025-06-14 22:39:31.884120406+00:00,8,3,0,0,23.537465805443265,1.5218696450136515,0.0,zonia,0,False
2025-06-14 22:40:22.544008406+00:00,8,3,0,0,23.364809209254755,1.5149058306922074,0.0,zonia,0,False
2025-06-14 22:59:19.008592406+00:00,8,3,0,0,23.522883265386064,1.5081487760555108,0.0,zonia,0,False
2025-06-14 23:00:27.189298406+00:00,8,3,0,0,23.534539535958803,1.5006880509873404,0.0,zonia,0,False
2025-06-14 23:03:52.265991406+00:00,8,3,0,0,23.33238119247138,1.5181045411502532,0.0,zonia,0,False
2025-06-14 23:04:35.839235406+00:00,8,3,0,0,22.95288347993625,1.5158934759581704,0.0,zonia,0,False
2025-06-14 23:12:15.850498406+00:00,8,3,0,0,23.279425620267386,1.523807158211135,0.0,zonia,0,False
2025-06-14 23:15:11.506661406+00:00,8,3,0,0,23.26020273504462,1.530217941104631,0.0,zonia,0,False
2025-06-14 23:49:07.267154406+00:00,8,3,0,0,22.734975092398347,1.5369885701455135,0.0,zonia,0,False
2025-06-15 00:09:38.866432406+00:00,8,3,0,0,22.569412224132932,1.5329570285332057,0.0,zonia,0,False
2025-06-15 00:12:39.775101406+00:00,8,3,0,0,23.12032775863574,1.5348533780648197,0.0,zonia,0,False
2025-06-15 00:19:26.116259406+00:00,8,3,0,0,22.91664895728522,1.5262327101851685,0.0,zonia,0,False
2025-06-15 00:20:36.389145406+00:00,8,3,0,0,23.479650373802418,1.532090695702293,0.0,zonia,0,False
2025-06-15 00:29:50.923569406+00:00,8,3,0,0,23.285919109274722,1.5361909963696208,0.0,zonia,0,False
2025-06-15 00:37:02.453410406+00:00,8,3,0,0,23.049507335409775,1.5467269866114424,0.0,zonia,0,False
2025-06-15 00:39:14.810847406+00:00,8,3,0,0,23.14347918806352,1.5535745214947014,0.0,zonia,0,False
2025-06-15 01:04:44.592395406+00:00,8,3,0,0,23.13635323191333,1.5586744177139107,0.0,zonia,0,False
2025-06-15 01:38:02.417012406+00:00,8,3,0,0,22.535405604070323,1.565891492450755,0.0,zonia,0,False
2025-06-15 01:43:46.215336406+00:00,8,3,0,0,22.793102894666994,1.5683781532956416,0.0,zonia,0,False
2025-06-15 02:15:31.398854406+00:00,8,3,0,0,22.2422841550757,1.5704428915008015,0.0,zonia,0,False
2025-06-15 02:18:50.282579406+00:00,8,3,0,0,21.740872449096887,1.574461089975549,0.0,zonia,0,False
2025-06-15 02:34:09.614063406+00:00,8,3,0,0,21.776963089435572,1.5712811309243513,0.0,zonia,0,False
2025-06-15 02:43:07.006545406+00:00,8,3,0,0,22.06430944734399,1.5493540932558605,0.0,zonia,0,False
2025-06-15 02:59:54.805963406+00:00,8,3,0,0,21.583376154143203,1.5408210617292863,0.0,zonia,0,False
2025-06-15 03:41:38.768567406+00:00,8,3,0,0,20.965866240267328,1.546064370674646,0.0,zonia,0,False
2025-06-15 03:43:53.063226406+00:00,8,3,0,0,20.96011693170074,1.5451746744144255,0.0,zonia,0,False
2025-06-15 03:56:19.907530406+00:00,8,3,0,0,20.699313988190863,1.551621404016471,0.0,zonia,0,False
2025-06-15 04:36:42.807709406+00:00,8,3,0,0,22.26070247657645,1.5629117469735916,0.0,zonia,0,False
2025-06-15 05:07:39.988889406+00:00,8,3,0,0,24.002257804561452,1.5365088150302084,0.0,zonia,0,False
2025-06-15 05:20:31.460818406+00:00,8,3,0,0,24.656647577796367,1.537984446099778,0.0,zonia,0,False
2025-06-15 06:02:31.662443406+00:00,8,3,0,0,24.211322719632786,1.546165694729061,0.0,zonia,0,False
2025-06-15 06:23:35.066139406+00:00,8,3,0,0,26.39269597543894,1.5414514765911485,0.0,zonia,0,False
2025-06-15 06:35:33.930735406+00:00,8,3,0,0,27.105316253296103,1.5364148278962735,0.0,zonia,0,False
2025-06-15 06:50:37.301625406+00:00,8,3,0,0,28.14602330815148,1.5289291073778217,0.0,zonia,0,False
2025-06-15 07:32:01.820451406+00:00,8,3,0,0,30.651554721802487,1.5390728251376085,0.0,zonia,0,False
2025-06-15 07:33:06.013367406+00:00,8,3,0,0,30.079397242352712,1.5492437828491508,0.0,zonia,0,False
2025-06-15 07:42:09.459722406+00:00,8,3,0,0,30.80793439599066,1.5360296645705662,0.0,zonia,0,False
2025-06-15 08:02:18.964993406+00:00,8,3,0,0,31.14783199299992,1.5453489580857938,0.0,zonia,0,False
2025-06-15 08:03:49.644468406+00:00,8,3,0,0,31.219689083556204,1.5317274788719988,0.0,zonia,0,False
2025-06-15 08:08:09.607332406+00:00,8,3,0,0,31.14821563792892,1.5483503473091782,0.0,zonia,0,False
2025-06-15 08:15:46.215782406+00:00,8,3,0,0,31.679154207152763,1.547195254205868,0.0,zonia,0,False
2025-06-15 08:31:40.807807406+00:00,8,3,0,0,31.90641575097366,1.5354696233275853,0.0,zonia,0,False
2025-06-15 08:51:52.479455406+00:00,8,3,0,0,32.2969336761457,1.5388549607965338,0.0,zonia,0,False
2025-06-15 09:11:34.886908406+00:00,8,3,0,0,32.9431668981824,1.5418435878550465,0.0,zonia,0,False
2025-06-15 09:16:40.130652406+00:00,8,3,0,0,32.554925974811255,1.546391299497784,0.0,zonia,0,False
2025-06-15 09:25:55.789091406+00:00,8,3,0,0,32.68979565636525,1.5405173686944251,0.0,zonia,0,False
2025-06-15 09:27:53.120949406+00:00,8,3,0,0,33.01220122207213,1.5360357692330289,0.0,zonia,0,False
2025-06-15 09:37:25.955805406+00:00,8,3,0,0,32.79657020610364,1.5413577988890652,0.0,zonia,0,False
2025-06-15 09:41:09.741723406+00:00,8,3,0,0,32.87165831819128,1.5448899916317689,0.0,zonia,0,False
2025-06-15 09:51:55.231795406+00:00,8,3,0,0,33.28371488215462,1.5166011771463055,0.0,zonia,0,False
2025-06-15 10:17:16.387874406+00:00,8,3,0,0,33.81277523578133,1.5423002900440068,0.0,zonia,0,False
2025-06-15 10:21:26.825190406+00:00,8,3,0,0,33.758418292440524,1.5618584373234499,0.0,zonia,0,False
2025-06-15 10:35:43.034781406+00:00,8,3,0,0,34.011941100045,1.5664059021956422,0.0,zonia,0,False
2025-06-15 10:45:50.821956406+00:00,8,3,0,0,34.15594068546652,1.5656152391557918,0.0,zonia,0,False
2025-06-15 10:51:09.615890406+00:00,8,3,0,0,33.966336711839645,1.5576506833897277,0.0,zonia,0,False
2025-06-15 10:51:43.326047406+00:00,8,3,0,0,34.4397507529849,1.5627541110634884,0.0,zonia,0,False
2025-06-15 11:34:04.400640406+00:00,8,3,0,0,35.20729105866693,1.5634339616216475,0.0,zonia,0,False
2025-06-15 11:46:37.950390406+00:00,8,3,0,0,35.0034374189298,1.5582777125001468,0.0,zonia,0,False
2025-06-15 12:07:10.760126406+00:00,8,3,0,0,35.45472754554106,1.5453054281618956,0.0,zonia,0,False
2025-06-15 12:17:13.177815406+00:00,8,3,0,0,35.411608313911664,1.5441864416213378,0.0,zonia,0,False
2025-06-15 12:24:18.271824406+00:00,8,3,0,0,35.15636866362772,1.5311362428873336,0.0,zonia,0,False
2025-06-15 12:49:55.468438406+00:00,8,3,0,0,35.77345380153178,1.5330389115629648,0.0,zonia,0,False
2025-06-15 12:59:00.234180406+00:00,8,3,0,0,35.75009396579692,1.5237191369132428,0.0,zonia,0,False
2025-06-15 13:03:56.327280406+00:00,8,3,0,0,36.42545644911199,1.524208274701343,0.0,zonia,0,False
2025-06-15 13:06:13.290114406+00:00,8,3,0,0,35.579606808135885,1.5029808509440676,0.0,zonia,0,False
2025-06-15 13:15:26.937468406+00:00,8,3,0,0,35.68323004963073,1.4973134351620865,0.0,zonia,0,False
2025-06-15 13:18:22.513249406+00:00,8,3,0,0,36.01002329601403,1.4956090125774872,0.0,zonia,0,False
2025-06-15 13:32:47.360111406+00:00,8,3,0,0,35.80882495124044,1.5214066190341147,0.0,zonia,0,False
2025-06-15 13:35:01.375953406+00:00,8,3,0,0,35.78333443508865,1.534909078192015,0.0,zonia,0,False
2025-06-15 13:39:26.356319406+00:00,8,3,0,0,35.98160089441065,1.5265510312466626,0.0,zonia,0,False
2025-06-15 13:47:21.360504406+00:00,8,3,0,0,36.347570143663056,1.5120321653384023,0.0,zonia,0,False
2025-06-15 13:50:03.730190406+00:00,8,3,0,0,36.192931860479625,1.5093090723890277,0.0,zonia,0,False
2025-06-15 13:56:02.119677406+00:00,8,3,0,0,35.99898846754775,1.5042093138266919,0.0,zonia,0,False
2025-06-15 14:21:43.319130406+00:00,8,3,0,0,36.618561258102645,1.5051829467496065,0.0,zonia,0,False
2025-06-15 14:31:18.254235406+00:00,8,3,0,0,36.044408122813834,1.4971477214179223,0.0,zonia,0,False
2025-06-15 15:01:56.363479406+00:00,8,3,0,0,35.702747705966225,1.4539728628231514,0.0,zonia,0,False
2025-06-15 15:24:26.725622406+00:00,8,3,0,0,35.28568196457942,1.4553312081741994,0.0,zonia,0,False
2025-06-15 15:35:50.308390406+00:00,8,3,0,0,34.597796613738424,1.4205670256936123,0.0,zonia,0,False
2025-06-15 15:51:04.478743406+00:00,8,3,0,0,33.69003269176291,1.439193917751275,0.0,zonia,0,False
2025-06-15 15:55:02.335366406+00:00,8,3,0,0,33.387442281470214,1.4325103661503698,0.0,zonia,0,False
2025-06-15 16:05:59.943401406+00:00,8,3,0,0,32.61249419194817,1.434798204476184,0.0,zonia,0,False
2025-06-15 16:45:07.111321406+00:00,8,3,0,0,31.53529434721602,1.4631007017722126,0.0,zonia,0,False
2025-06-15 16:49:04.622037406+00:00,8,3,0,0,31.408986089033476,1.4797246794454648,0.0,zonia,0,False
2025-06-15 16:53:00.623990406+00:00,8,3,0,0,31.362189048992562,1.4886032851938427,0.0,zonia,0,False
2025-06-15 16:57:51.341676406+00:00,8,3,0,0,30.963459879899702,1.5139851872258208,0.0,zonia,0,False
2025-06-15 16:59:29.290487406+00:00,8,3,0,0,31.191389381817594,1.5140719684576736,0.0,zonia,0,False
2025-06-15 17:03:19.308599406+00:00,8,3,0,0,31.124554496057957,1.5163808756418597,0.0,zonia,0,False
2025-06-15 17:20:53.590470406+00:00,8,3,0,0,30.323296346521186,1.5362173562739756,0.0,zonia,0,False
2025-06-15 17:59:21.361297406+00:00,8,3,0,0,29.289170283080665,1.552158150632528,0.0,zonia,0,False
2025-06-15 17:59:31.750924406+00:00,8,3,0,0,29.311292038381655,1.5620806057836107,0.0,zonia,0,False
2025-06-15 18:07:39.846152406+00:00,8,3,0,0,29.23564746724857,1.5720926582215542,0.0,zonia,0,False
2025-06-15 18:43:27.761095406+00:00,8,3,0,0,28.210213503769562,1.5753421624721982,0.0,zonia,0,False
2025-06-15 19:12:07.052059406+00:00,8,3,0,0,27.439253988147097,1.5758874738740583,0.0,zonia,0,False
2025-06-15 19:25:54.471088406+00:00,8,3,0,0,27.231393671639736,1.57768350803123,0.0,zonia,0,False
2025-06-15 19:40:48.486455406+00:00,8,3,0,0,27.127501434813585,1.578319311299793,0.0,zonia,0,False
2025-06-15 19:50:02.794811406+00:00,8,3,0,0,26.698448604723374,1.5739003930486892,0.0,zonia,0,False
2025-06-15 19:55:40.630272406+00:00,8,3,0,0,27.07453036930081,1.57640133565616,0.0,zonia,0,False
2025-06-15 20:40:22.693433406+00:00,8,3,0,0,26.00529010655369,1.570415221753324,0.0,zonia,0,False
2025-06-15 21:20:28.921225406+00:00,8,3,0,0,25.430225298061462,1.5663138698206578,0.0,zonia,0,False
2025-06-15 21:52:47.588208406+00:00,8,3,0,0,24.197106682083408,1.5655311835873946,0.0,zonia,0,False
2025-06-15 21:52:58.851753406+00:00,8,3,0,0,24.339130349530212,1.5665701497066276,0.0,zonia,0,False
2025-06-15 21:59:11.807816406+00:00,8,3,0,0,24.37320614124287,1.5680811004640594,0.0,zonia,0,False
2025-06-15 21:59:15.483847406+00:00,8,3,0,0,24.246699113096312,1.57459081905314,0.0,zonia,0,False
2025-06-15 22:27:38.252828406+00:00,8,3,0,0,23.713025256155852,1.5747780522198715,0.0,zonia,0,False
2025-06-15 22:35:14.255015406+00:00,8,3,0,0,23.8304156913079,1.578550192482286,0.0,zonia,0,False
2025-06-15 22:35:16.339705406+00:00,8,3,0,0,23.944357119204803,1.5793817183166887,0.0,zonia,0,False
2025-06-15 22:36:06.844021406+00:00,8,3,0,0,23.873311420687877,1.580167102414062,0.0,zonia,0,False
2025-06-15 22:42:23.797052406+00:00,8,3,0,0,23.781756137109756,1.578779138739473,0.0,zonia,0,False
2025-06-15 23:06:39.017326406+00:00,8,3,0,0,23.491069448121433,1.5768990569861914,0.0,zonia,0,False
2025-06-15 23:15:08.121894406+00:00,8,3,0,0,23.19173673187398,1.5793734680389633,0.0,zonia,0,False
2025-06-15 23:17:22.706396406+00:00,8,3,0,0,23.213472550825813,1.5803005376298345,0.0,zonia,0,False
2025-06-15 23:47:16.729540406+00:00,8,3,0,0,23.20513734419132,1.581055300175331,0.0,zonia,0,False
2025-06-15 23:48:51.740002406+00:00,8,3,0,0,23.183711638447452,1.5793492700447271,0.0,zonia,0,False
2025-06-15 23:56:45.680378406+00:00,8,3,0,0,23.300500351603556,1.576499879135822,0.0,zonia,0,False
2025-06-16 00:12:52.398082406+00:00,8,3,0,0,23.587515142596697,1.5798172866518652,0.0,zonia,0,False
2025-06-16 00:22:09.645388406+00:00,8,3,0,0,23.295038347620398,1.577646485496441,0.0,zonia,0,False
2025-06-16 00:42:13.204579406+00:00,8,3,0,0,23.244792776495864,1.569067917079256,0.0,zonia,0,False
2025-06-16 00:45:21.046454406+00:00,8,3,0,0,23.748100823013406,1.5594742544895834,0.0,zonia,0,False
2025-06-16 00:50:28.511169406+00:00,8,3,0,0,23.03377134071391,1.5578274178156604,0.0,zonia,0,False
2025-06-16 01:11:11.649928406+00:00,8,3,0,0,22.81816113451493,1.5476562340676974,0.0,zonia,0,False
2025-06-16 01:24:55.628290406+00:00,8,3,0,0,22.62041849149632,1.5408389698069809,0.0,zonia,0,False
2025-06-16 01:27:14.479869406+00:00,8,3,0,0,22.496980437878833,1.544576568198058,0.0,zonia,0,False
2025-06-16 01:33:08.517679406+00:00,8,3,0,0,22.343375853775182,1.548361467554487,0.0,zonia,0,False
2025-06-16 01:34:07.621141406+00:00,8,3,0,0,22.60159685922464,1.5466132223864408,0.0,zonia,0,False
2025-06-16 01:34:58.827205406+00:00,8,3,0,0,22.511830131922938,1.537314694579808,0.0,zonia,0,False
2025-06-16 02:01:17.943676406+00:00,8,3,0,0,22.14654770994434,1.5215527605281234,0.0,zonia,0,False
2025-06-16 03:23:38.574070406+00:00,8,3,0,0,21.378912331283807,1.5139944738944424,0.0,zonia,0,False
2025-06-16 03:27:57.036805406+00:00,8,3,0,0,21.945233400186495,1.5096183577702877,0.0,zonia,0,False
2025-06-16 03:37:28.173803406+00:00,8,3,0,0,21.824621428914657,1.5124034377683007,0.0,zonia,0,False
2025-06-16 03:53:36.657879406+00:00,8,3,0,0,21.77106625066498,1.5158026461815755,0.0,zonia,0,False
2025-06-16 03:54:47.296720406+00:00,8,3,0,0,21.58058574945221,1.5426747709283297,0.0,zonia,0,False
2025-06-16 04:24:04.574983406+00:00,8,3,0,0,21.910258336985024,1.5626017999417032,0.0,zonia,0,False
2025-06-16 04:49:15.818309406+00:00,8,3,0,0,23.399914510333915,1.5542843542108886,0.0,zonia,0,False
2025-06-16 04:53:54.203142406+00:00,8,3,0,0,23.938687710249248,1.5508914330313173,0.0,zonia,0,False
2025-06-16 04:58:21.343991406+00:00,8,3,0,0,23.969197259218006,1.5475195547974905,0.0,zonia,0,False
2025-06-16 06:08:16.911385406+00:00,8,3,0,0,27.159299589645567,1.5514186484622134,0.0,zonia,0,False
2025-06-16 06:21:29.865346406+00:00,8,3,0,0,27.73758255389959,1.557094107074225,0.0,zonia,0,False
2025-06-16 06:50:18.780666406+00:00,8,3,0,0,28.158342524759632,1.5577137660708138,0.0,zonia,0,False
2025-06-16 06:52:18.612119406+00:00,8,3,0,0,28.436624788669405,1.5609985416978907,0.0,zonia,0,False
2025-06-16 06:53:35.787823406+00:00,8,3,0,0,28.69035938103842,1.5616794759553254,0.0,zonia,0,False
2025-06-16 06:58:45.836936406+00:00,8,3,0,0,28.534673244736197,1.5644297995778556,0.0,zonia,0,False
2025-06-16 07:07:06.441876406+00:00,8,3,0,0,28.81414281221083,1.5603241359308662,0.0,zonia,0,False
2025-06-16 07:36:11.504238406+00:00,8,3,0,0,29.086565091177032,1.5546534838894124,0.0,zonia,0,False
2025-06-16 07:50:14.410778406+00:00,8,3,0,0,29.964625502719286,1.5624761842731827,0.0,zonia,0,False
2025-06-16 08:15:01.139765406+00:00,8,3,0,0,30.188635321446903,1.5586339463390568,0.0,zonia,0,False
2025-06-16 08:24:52.219649406+00:00,8,3,0,0,30.279762613076176,1.5567562673712712,0.0,zonia,0,False
2025-06-16 08:33:16.040554406+00:00,8,3,0,0,29.935991736252234,1.560011622045161,0.0,zonia,0,False
2025-06-16 09:20:24.960591406+00:00,8,3,0,0,30.956404571186912,1.5537016235950358,0.0,zonia,0,False
2025-06-16 10:28:56.155106406+00:00,8,3,0,0,31.296649138241126,1.5208885753004877,0.0,zonia,0,False
2025-06-16 10:31:47.326248406+00:00,8,3,0,0,31.08130402116412,1.5220969142812826,0.0,zonia,0,False
2025-06-16 10:32:54.981636406+00:00,8,3,0,0,30.957048135786888,1.4923233471799333,0.0,zonia,0,False
2025-06-16 10:58:43.580932406+00:00,8,3,0,0,31.307763794177617,1.5303123872485274,0.0,zonia,0,False
2025-06-16 11:10:56.525565406+00:00,8,3,0,0,31.589045798903133,1.5137213484033913,0.0,zonia,0,False
2025-06-16 11:22:57.899863406+00:00,8,3,0,0,31.076114047272988,1.4966020050528972,0.0,zonia,0,False
2025-06-16 11:23:33.803551406+00:00,8,3,0,0,30.92171764377313,1.4884070988128941,0.0,zonia,0,False
2025-06-16 11:33:26.344645406+00:00,8,3,0,0,31.52710067040196,1.5053172157329384,0.0,zonia,0,False
2025-06-16 12:23:49.346240406+00:00,8,3,0,0,29.750531421313294,1.5002090904060694,0.0,zonia,0,False
2025-06-16 12:24:57.019896406+00:00,8,3,0,0,29.81675815945422,1.500492072100601,0.0,zonia,0,False
2025-06-16 12:26:02.636521406+00:00,8,3,0,0,29.467124240019583,1.4973567967018422,0.0,zonia,0,False
2025-06-16 12:37:31.151273406+00:00,8,3,0,0,29.119770552741727,1.5085428690770881,0.0,zonia,0,False
2025-06-16 12:58:00.002322406+00:00,8,3,0,0,28.229017787502375,1.5149603043218574,0.0,zonia,0,False
2025-06-16 13:01:17.925464406+00:00,8,3,0,0,27.83496619381957,1.5161162671555228,0.0,zonia,0,False
2025-06-16 13:05:58.912218406+00:00,8,3,0,0,27.88224916367649,1.517990413825472,0.0,zonia,0,False
2025-06-16 13:14:48.916497406+00:00,8,3,0,0,27.50570900677094,1.4985489255687143,0.0,zonia,0,False
2025-06-16 13:25:25.168367406+00:00,8,3,0,0,27.194064201581636,1.4619812436056319,0.0,zonia,0,False
2025-06-16 13:35:02.410120406+00:00,8,3,0,0,26.914663848673854,1.4501224864276105,0.0,zonia,0,False
2025-06-16 13:41:50.725695406+00:00,8,3,0,0,26.750152160264612,1.4454421484976172,0.0,zonia,0,False
2025-06-16 14:03:23.103595406+00:00,8,3,0,0,26.501474763275976,1.4257587518319697,0.0,zonia,0,False
2025-06-16 14:20:18.805505406+00:00,8,3,0,0,20.222215715295476,1.4691700249124036,0.0,zonia,0,False
2025-06-16 15:01:18.600757406+00:00,8,3,0,0,18.195962974743132,1.5059863670039975,0.0,zonia,0,False
2025-06-16 15:22:51.535548406+00:00,8,3,0,0,18.424326923121583,1.5337096865145923,0.0,zonia,0,False
2025-06-16 15:38:44.468971406+00:00,8,3,0,0,18.37126190837933,1.5506587020334825,0.0,zonia,0,False
2025-06-16 16:32:39.511050406+00:00,8,3,0,0,18.277718178810176,1.5600424020654577,0.0,zonia,0,False
2025-06-16 17:05:00.621773406+00:00,8,3,0,0,18.508113364686178,1.575023872287199,0.0,zonia,0,False
2025-06-16 17:11:31.125153406+00:00,8,3,0,0,18.71297559136458,1.5798528045787033,0.0,zonia,0,False
2025-06-16 17:35:50.544308406+00:00,8,3,0,0,19.447300018091514,1.5836076828295362,0.0,zonia,0,False
2025-06-16 17:41:43.843478406+00:00,8,3,0,0,19.864878840592688,1.5821621408621676,0.0,zonia,0,False
2025-06-16 17:43:30.213222406+00:00,8,3,0,0,19.93217416568822,1.577488805824771,0.0,zonia,0,False
2025-06-16 17:45:53.647031406+00:00,8,3,0,0,19.70681915125748,1.5764009992693824,0.0,zonia,0,False
2025-06-16 17:46:02.255233406+00:00,8,3,0,0,19.982470652342023,1.5742840081282798,0.0,zonia,0,False
2025-06-16 18:00:14.579859406+00:00,8,3,0,0,20.276559294164745,1.569084043516273,0.0,zonia,0,False
2025-06-16 18:47:12.735363406+00:00,8,3,0,0,19.223906435983878,1.5798473117104141,0.0,zonia,0,False
2025-06-16 18:50:24.287235406+00:00,8,3,0,0,19.339064862813903,1.572739489021756,0.0,zonia,0,False
2025-06-16 19:13:35.928191406+00:00,8,3,0,0,19.11527560948376,1.5720751072223904,0.0,zonia,0,False
2025-06-16 19:20:12.281365406+00:00,8,3,0,0,19.203108837457957,1.5773380018771235,0.0,zonia,0,False
2025-06-16 19:27:44.713132406+00:00,8,3,0,0,18.911573748713028,1.5819825704133461,0.0,zonia,0,False
2025-06-16 19:28:51.739662406+00:00,8,3,0,0,18.964904903761838,1.5849036107301475,0.0,zonia,0,False
2025-06-16 19:35:41.167354406+00:00,8,3,0,0,18.9719492673653,1.5874530597879422,0.0,zonia,0,False
2025-06-16 19:53:07.535991406+00:00,8,3,0,0,18.391615527006326,1.5886867194773857,0.0,zonia,0,False
2025-06-16 20:03:20.526840406+00:00,8,3,0,0,17.95138148931532,1.5898996633504678,0.0,zonia,0,False
2025-06-16 20:05:26.785208406+00:00,8,3,0,0,18.17841880287956,1.5860229782541095,0.0,zonia,0,False
2025-06-16 20:22:24.154526406+00:00,8,3,0,0,17.846428986124767,1.5794298387264085,0.0,zonia,0,False
2025-06-16 20:38:38.806850406+00:00,8,3,0,0,17.828545523596,1.5777912318600553,0.0,zonia,0,False
2025-06-16 20:46:59.969561406+00:00,8,3,0,0,17.856145842982393,1.5703719302775139,0.0,zonia,0,False
2025-06-16 21:20:10.736099406+00:00,8,3,0,0,17.99452857207362,1.559892840065041,0.0,zonia,0,False
2025-06-16 21:42:26.195232406+00:00,8,3,0,0,18.307924447806286,1.570899825241331,0.0,zonia,0,False
2025-06-16 22:14:31.696050406+00:00,8,3,0,0,18.282669289857882,1.5751042635632908,0.0,zonia,0,False
2025-06-16 22:18:36.395682406+00:00,8,3,0,0,18.377713173280004,1.5785857040639697,0.0,zonia,0,False
2025-06-16 22:28:16.650757406+00:00,8,3,0,0,18.254268792662792,1.5842145159067678,0.0,zonia,0,False
2025-06-16 22:52:12.980132406+00:00,8,3,0,0,18.37572251801073,1.5841768012228754,0.0,zonia,0,False
2025-06-16 23:15:11.471319406+00:00,8,3,0,0,18.235830508656406,1.5844902077195495,0.0,zonia,0,False
2025-06-16 23:19:18.722470406+00:00,8,3,0,0,18.399129217861436,1.5874742649887117,0.0,zonia,0,False
2025-06-16 23:21:18.321681406+00:00,8,3,0,0,18.300546619233153,1.5903234022192745,0.0,zonia,0,False
2025-06-16 23:53:47.618125406+00:00,8,3,0,0,18.366710576596375,1.5898622813258894,0.0,zonia,0,False
2025-06-17 00:56:15.185780406+00:00,8,3,0,0,18.01401611479198,1.5862113546656715,0.0,zonia,0,False
2025-06-17 00:58:40.699271406+00:00,8,3,0,0,18.02929649399603,1.5853210835077722,0.0,zonia,0,False
2025-06-17 01:05:45.626527406+00:00,8,3,0,0,18.235252685445012,1.587572912283629,0.0,zonia,0,False
2025-06-17 01:09:43.678470406+00:00,8,3,0,0,18.286743483664882,1.5862331862351222,0.0,zonia,0,False
2025-06-17 02:08:47.664904406+00:00,8,3,0,0,17.88182161725215,1.589504005342381,0.0,zonia,0,False
2025-06-17 02:23:38.896718406+00:00,8,3,0,0,17.721679505225136,1.590612322060609,0.0,zonia,0,False
2025-06-17 03:08:46.936612406+00:00,8,3,0,0,17.528648545347288,1.5923858763713041,0.0,zonia,0,False
2025-06-17 03:12:59.318384406+00:00,8,3,0,0,17.450232693916554,1.5923723537803056,0.0,zonia,0,False
2025-06-17 03:25:23.877364406+00:00,8,3,0,0,17.450608266040103,1.5930827120829107,0.0,zonia,0,False
2025-06-17 03:31:44.103916406+00:00,8,3,0,0,17.674883041401973,1.5942315333935226,0.0,zonia,0,False
2025-06-17 03:33:08.427038406+00:00,8,3,0,0,17.494020577755755,1.5943162296915498,0.0,zonia,0,False
2025-06-17 03:37:21.910315406+00:00,8,3,0,0,17.609672128802536,1.594552224099961,0.0,zonia,0,False
2025-06-17 03:58:27.014827406+00:00,8,3,0,0,17.637222195634124,1.5952001845818717,0.0,zonia,0,False
2025-06-17 04:06:40.627091406+00:00,8,3,0,0,17.574449309680983,1.5956186444439064,0.0,zonia,0,False
2025-06-17 04:08:06.989088406+00:00,8,3,0,0,17.572268559475287,1.596002889847884,0.0,zonia,0,False
2025-06-17 04:18:25.379118406+00:00,8,3,0,0,17.54230551893681,1.5953509724796526,0.0,zonia,0,False
2025-06-17 04:49:49.521217406+00:00,8,3,0,0,17.835466180418866,1.5958623694032934,0.0,zonia,0,False
2025-06-17 04:57:54.070802406+00:00,8,3,0,0,17.858045243031686,1.5946969825360617,0.0,zonia,0,False
2025-06-17 05:12:14.178313406+00:00,8,3,0,0,17.79563721265547,1.5953279281306656,0.0,zonia,0,False
2025-06-17 05:26:12.353866406+00:00,8,3,0,0,17.732527124806982,1.5952044821177676,0.0,zonia,0,False
2025-06-17 05:29:20.239483406+00:00,8,3,0,0,17.750313739236635,1.5957923846357667,0.0,zonia,0,False
2025-06-17 06:04:28.898886406+00:00,8,3,0,0,18.06581282854696,1.5940557548312098,0.0,zonia,0,False
2025-06-17 06:21:18.312093406+00:00,8,3,0,0,18.285037653241304,1.593919874994149,0.0,zonia,0,False
2025-06-17 06:42:18.029608406+00:00,8,3,0,0,18.41440766098277,1.5942671445744367,0.0,zonia,0,False
2025-06-17 06:58:25.352237406+00:00,8,3,0,0,18.478983674765416,1.5938369383909565,0.0,zonia,0,False
2025-06-17 07:19:22.948979406+00:00,8,3,0,0,18.87415719073798,1.420812332097039,0.0,zonia,0,False
2025-06-17 08:13:00.912832406+00:00,8,3,0,0,19.67021913501734,1.503794629905213,0.0,zonia,0,False
2025-06-17 08:25:33.096139406+00:00,8,3,0,0,19.708759206103046,1.546169545430056,0.0,zonia,0,False
2025-06-17 08:39:46.367630406+00:00,8,3,0,0,19.51517722800311,1.5457752616390565,0.0,zonia,0,False
2025-06-17 08:54:46.650936406+00:00,8,3,0,0,19.77546447659091,1.5529073664223128,0.0,zonia,0,False
2025-06-17 08:58:32.513797406+00:00,8,3,0,0,20.14541019369886,1.5547770456507262,0.0,zonia,0,False
2025-06-17 09:08:21.832317406+00:00,8,3,0,0,20.57584598847359,1.5441984547272185,0.0,zonia,0,False
2025-06-17 09:19:47.944070406+00:00,8,3,0,0,21.093862254324854,1.549390075200393,0.0,zonia,0,False
2025-06-17 09:22:57.030876406+00:00,8,3,0,0,21.316954294121867,1.5520636621025654,0.0,zonia,0,False
2025-06-17 09:27:02.893106406+00:00,8,3,0,0,21.13297674437781,1.52426571371439,0.0,zonia,0,False
2025-06-17 10:07:44.048958406+00:00,8,3,0,0,21.933913161896967,1.5163698985790859,0.0,zonia,0,False
2025-06-17 10:10:18.165774406+00:00,8,3,0,0,21.915357239589333,1.5312139482633758,0.0,zonia,0,False
2025-06-17 10:16:12.659050406+00:00,8,3,0,0,22.221760168932843,1.5305397321194012,0.0,zonia,0,False
2025-06-17 10:18:04.774380406+00:00,8,3,0,0,21.669935482003076,1.5494870970385182,0.0,zonia,0,False
2025-06-17 10:32:49.043218406+00:00,8,3,0,0,22.33651517070023,1.5631055634643845,0.0,zonia,0,False
2025-06-17 10:38:16.779723406+00:00,8,3,0,0,22.993395547566273,1.5593229454890785,0.0,zonia,0,False
2025-06-17 10:39:32.033598406+00:00,8,3,0,0,22.860146606618017,1.5553839413467494,0.0,zonia,0,False
2025-06-17 10:52:27.934902406+00:00,8,3,0,0,23.568981779203252,1.5332929815318246,0.0,zonia,0,False
2025-06-17 10:55:59.446804406+00:00,8,3,0,0,23.822983977378275,1.5358604164900747,0.0,zonia,0,False
2025-06-17 10:56:47.839208406+00:00,8,3,0,0,23.414125187726096,1.5381321133125045,0.0,zonia,0,False
2025-06-17 11:01:26.813096406+00:00,8,3,0,0,23.828976209935515,1.5196502317528637,0.0,zonia,0,False
2025-06-17 11:37:17.274987406+00:00,8,3,0,0,23.626089456422275,1.5241505137760225,0.0,zonia,0,False
2025-06-17 11:44:07.841776406+00:00,8,3,0,0,23.820215478676985,1.5335265955467654,0.0,zonia,0,False
2025-06-17 12:01:21.688420406+00:00,8,3,0,0,24.820325839800024,1.5213799760179914,0.0,zonia,0,False
2025-06-17 12:07:04.971228406+00:00,8,3,0,0,25.069755172079432,1.5047955211434658,0.0,zonia,0,False
2025-06-17 12:08:54.177793406+00:00,8,3,0,0,25.12640775091221,1.501221235402999,0.0,zonia,0,False
2025-06-17 12:35:56.129384406+00:00,8,3,0,0,25.0190566299243,1.505606527675423,0.0,zonia,0,False
2025-06-17 12:40:31.043984406+00:00,8,3,0,0,25.686937225734656,1.479445290461441,0.0,zonia,0,False
2025-06-17 12:41:51.538404406+00:00,8,3,0,0,25.041214734494552,1.4914144379347323,0.0,zonia,0,False
2025-06-17 13:00:54.216758406+00:00,8,3,0,0,25.396209286513262,1.5097544292896832,0.0,zonia,0,False
2025-06-17 13:11:09.141822406+00:00,8,3,0,0,25.962166411059197,1.520953920390887,0.0,zonia,0,False
2025-06-17 13:17:53.686653406+00:00,8,3,0,0,25.744753558652047,1.5244335419121566,0.0,zonia,0,False
2025-06-17 13:19:47.299836406+00:00,8,3,0,0,26.107333710523147,1.5243790374104755,0.0,zonia,0,False
2025-06-17 13:20:22.920147406+00:00,8,3,0,0,26.106875165954857,1.5268499667535722,0.0,zonia,0,False
2025-06-17 13:30:28.195142406+00:00,8,3,0,0,26.155902102335695,1.5392655445818653,0.0,zonia,0,False
2025-06-17 13:41:48.358062406+00:00,8,3,0,0,26.26136478366841,1.5428263015702044,0.0,zonia,0,False
2025-06-17 13:44:17.722161406+00:00,8,3,0,0,26.290600950506974,1.5275344349290203,0.0,zonia,0,False
2025-06-17 14:07:40.568855406+00:00,8,3,0,0,27.390667838995387,1.5258590988623355,0.0,zonia,0,False
2025-06-17 14:40:29.339794406+00:00,8,3,0,0,26.716290764789512,1.515585733592722,0.0,zonia,0,False
2025-06-17 14:41:02.277669406+00:00,8,3,0,0,26.77044224680803,1.4967538634836246,0.0,zonia,0,False
2025-06-17 14:46:01.163166406+00:00,8,3,0,0,27.098244066951278,1.4956614872513465,0.0,zonia,0,False
2025-06-17 14:51:07.648625406+00:00,8,3,0,0,27.054476062228,1.4935607613115236,0.0,zonia,0,False
2025-06-17 15:51:19.392873406+00:00,8,3,0,0,27.756283331658416,1.4975430331680675,0.0,zonia,0,False
2025-06-17 15:51:32.291199406+00:00,8,3,0,0,26.792002302930687,1.499338554681944,0.0,zonia,0,False
2025-06-17 16:06:07.267416406+00:00,8,3,0,0,28.062148921168266,1.4931018233104296,0.0,zonia,0,False
2025-06-17 16:14:02.233965406+00:00,8,3,0,0,26.845065798658364,1.4599779942150657,0.0,zonia,0,False
2025-06-17 16:15:13.242698406+00:00,8,3,0,0,27.605718551910837,1.463740732613713,0.0,zonia,0,False
2025-06-17 16:20:01.284989406+00:00,8,3,0,0,27.644407700476457,1.4506507569272138,0.0,zonia,0,False
2025-06-17 16:22:01.672232406+00:00,8,3,0,0,27.82265961215856,1.4385712632025862,0.0,zonia,0,False
2025-06-17 16:29:03.408276406+00:00,8,3,0,0,27.361430376360286,1.4349124817960108,0.0,zonia,0,False
2025-06-17 16:29:03.527336406+00:00,8,3,0,0,26.65085575854397,1.4537084265196663,0.0,zonia,0,False
2025-06-17 17:09:21.010335406+00:00,8,3,0,0,26.303611615295416,1.4588571559108998,0.0,zonia,0,False
2025-06-17 17:13:59.255401406+00:00,8,3,0,0,25.934041048708025,1.4802595195605899,0.0,zonia,0,False
2025-06-17 17:18:29.112757406+00:00,8,3,0,0,25.74648962489536,1.4809700402337054,0.0,zonia,0,False
2025-06-17 17:27:52.355303406+00:00,8,3,0,0,25.565757859248382,1.486591308164634,0.0,zonia,0,False
2025-06-17 17:31:38.515259406+00:00,8,3,0,0,25.36393483754563,1.482631649186827,0.0,zonia,0,False
2025-06-17 17:36:54.803725406+00:00,8,3,0,0,24.803600088868397,1.4986729384304767,0.0,zonia,0,False
2025-06-17 17:57:42.323834406+00:00,8,3,0,0,23.49891784165667,1.5154124920549363,0.0,zonia,0,False
2025-06-17 18:12:55.140194406+00:00,8,3,0,0,22.71410879161902,1.534623946437096,0.0,zonia,0,False
2025-06-17 18:19:17.122279406+00:00,8,3,0,0,22.247080305163944,1.5348744203332765,0.0,zonia,0,False
2025-06-17 18:25:44.678724406+00:00,8,3,0,0,22.396932285844045,1.5383621542261996,0.0,zonia,0,False
2025-06-17 18:31:12.749309406+00:00,8,3,0,0,21.74343685130696,1.5356634151241622,0.0,zonia,0,False
2025-06-17 18:35:07.251592406+00:00,8,3,0,0,21.884276354789282,1.5323364653940774,0.0,zonia,0,False
2025-06-17 18:59:59.224213406+00:00,8,3,0,0,20.7001030966235,1.5351494516363147,0.0,zonia,0,False
2025-06-17 19:13:59.007332406+00:00,8,3,0,0,20.594749292289407,1.526964303026806,0.0,zonia,0,False
2025-06-17 19:48:38.087548406+00:00,8,3,0,0,19.248995779219573,1.4967923496490811,0.0,zonia,0,False
2025-06-17 19:51:09.382640406+00:00,8,3,0,0,18.890392875514863,1.483082963537395,0.0,zonia,0,False
2025-06-17 20:04:37.509299406+00:00,8,3,0,0,19.023219157166256,1.4798302524679203,0.0,zonia,0,False
2025-06-17 20:06:41.811320406+00:00,8,3,0,0,18.922857593869256,1.4795281820535884,0.0,zonia,0,False
2025-06-17 21:24:34.992800406+00:00,8,3,0,0,17.31794822389544,1.4890884341160138,0.0,zonia,0,False
2025-06-17 21:46:50.494870406+00:00,8,3,0,0,16.978614869946075,1.4931921493410283,0.0,zonia,0,False
2025-06-17 22:25:13.703660406+00:00,8,3,0,0,16.765216619307196,1.5001360650498783,0.0,zonia,0,False
2025-06-17 22:27:34.207953406+00:00,8,3,0,0,16.84712264143253,1.535967973217611,0.0,zonia,0,False
2025-06-17 22:35:13.728735406+00:00,8,3,0,0,16.682386471908686,1.5387126207215707,0.0,zonia,0,False
2025-06-17 22:58:26.358853406+00:00,8,3,0,0,16.565034955281877,1.5511303042826803,0.0,zonia,0,False
2025-06-17 23:00:41.624731406+00:00,8,3,0,0,16.576197145982242,1.5562274470433466,0.0,zonia,0,False
2025-06-17 23:04:35.884951406+00:00,8,3,0,0,16.486305126602215,1.557118538468504,0.0,zonia,0,False
2025-06-17 23:42:37.061806406+00:00,8,3,0,0,15.82573442317344,1.5634128863649734,0.0,zonia,0,False
2025-06-18 00:18:08.707171406+00:00,8,3,0,0,15.835119770194737,1.5704704526438615,0.0,zonia,0,False
2025-06-18 00:20:45.156942406+00:00,8,3,0,0,15.737148055037666,1.5696682306116974,0.0,zonia,0,False
2025-06-18 00:56:45.990429406+00:00,8,3,0,0,15.637193437611005,1.576651243548236,0.0,zonia,0,False
2025-06-18 01:04:39.428970406+00:00,8,3,0,0,15.319845848213156,1.579708440656318,0.0,zonia,0,False
2025-06-18 01:11:08.812899406+00:00,8,3,0,0,15.232595756126381,1.5798271647917306,0.0,zonia,0,False
2025-06-18 01:32:02.063058406+00:00,8,3,0,0,15.17260696840338,1.5828933185215175,0.0,zonia,0,False
2025-06-18 01:34:19.530768406+00:00,8,3,0,0,15.116979935910067,1.5864928297269003,0.0,zonia,0,False
2025-06-18 01:51:39.208175406+00:00,8,3,0,0,15.146245440346615,1.587738746876108,0.0,zonia,0,False
2025-06-18 02:23:43.362601406+00:00,8,3,0,0,14.77369213445226,1.5890515203812365,0.0,zonia,0,False
2025-06-18 03:32:22.382316406+00:00,8,3,0,0,14.355402836398596,1.589679919071984,0.0,zonia,0,False
2025-06-18 03:45:27.923934406+00:00,8,3,0,0,14.562718601440446,1.590475497153873,0.0,zonia,0,False
2025-06-18 03:50:19.244705406+00:00,8,3,0,0,14.53454277512684,1.5896991944615961,0.0,zonia,0,False
2025-06-18 03:56:47.394834406+00:00,8,3,0,0,14.393454198426253,1.4193254321974895,0.0,zonia,0,False
2025-06-18 04:07:47.466800406+00:00,8,3,0,0,14.949598395657747,1.4183102279083144,0.0,zonia,0,False
2025-06-18 04:26:21.042564406+00:00,8,3,0,0,15.604905879946056,1.4102954134040813,0.0,zonia,0,False
2025-06-18 04:30:32.112609406+00:00,8,3,0,0,15.697363183428745,1.4804889875176657,0.0,zonia,0,False
2025-06-18 04:34:54.795053406+00:00,8,3,0,0,16.219245858529682,1.471173031535139,0.0,zonia,0,False
2025-06-18 04:47:57.854644406+00:00,8,3,0,0,16.80364109739189,1.5126321156951388,0.0,zonia,0,False
2025-06-18 04:50:10.300397406+00:00,8,3,0,0,16.767868453752413,1.4904100172759998,0.0,zonia,0,False
2025-06-18 05:04:15.070322406+00:00,8,3,0,0,17.368028917677893,1.4761422863761307,0.0,zonia,0,False
2025-06-18 05:21:15.032866406+00:00,8,3,0,0,18.659859250992096,1.46463854265542,0.0,zonia,0,False
2025-06-18 06:03:09.781745406+00:00,8,3,0,0,20.254546936566552,1.4444808504938211,0.0,zonia,0,False
2025-06-18 06:25:07.503232406+00:00,8,3,0,0,21.073433156677027,1.4326205877588807,0.0,zonia,0,False
2025-06-18 06:27:07.224859406+00:00,8,3,0,0,21.097602390573982,1.4322990787160093,0.0,zonia,0,False
2025-06-18 06:36:55.571347406+00:00,8,3,0,0,22.08580811876721,1.4384790636655596,0.0,zonia,0,False
2025-06-18 07:19:29.859787406+00:00,8,3,0,0,23.08628457451543,1.41730614344883,0.0,zonia,0,False
2025-06-18 07:39:36.681553406+00:00,8,3,0,0,23.8366708783998,1.4189482775499487,0.0,zonia,0,False
2025-06-18 08:00:40.553056406+00:00,8,3,0,0,24.60511321688822,1.4162539517551749,0.0,zonia,0,False
2025-06-18 08:05:41.622620406+00:00,8,3,0,0,24.60033025983645,1.4154133259553294,0.0,zonia,0,False
2025-06-18 08:05:51.584946406+00:00,8,3,0,0,24.233062539451353,1.4095421594921445,0.0,zonia,0,False
2025-06-18 08:35:33.512666406+00:00,8,3,0,0,25.2065576642863,1.4065540472822313,0.0,zonia,0,False
2025-06-18 08:37:35.415140406+00:00,8,3,0,0,25.40153600114179,1.4012249334370899,0.0,zonia,0,False
2025-06-18 09:11:42.194567406+00:00,8,3,0,0,26.62711115302157,1.4420597125044359,0.0,zonia,0,False
2025-06-18 09:20:43.327869406+00:00,8,3,0,0,26.948360100435337,1.443738238044957,0.0,zonia,0,False
2025-06-18 09:30:03.029864406+00:00,8,3,0,0,26.83100382129768,1.4446047669435322,0.0,zonia,0,False
2025-06-18 10:29:12.126047406+00:00,8,3,0,0,27.968101147012764,1.438370296379365,0.0,zonia,0,False
2025-06-18 10:46:24.940824406+00:00,8,3,0,0,28.419183776170847,1.4973349526118425,0.0,zonia,0,False
2025-06-18 11:02:22.608567406+00:00,8,3,0,0,28.64088834840342,1.5238476447648088,0.0,zonia,0,False
2025-06-18 12:10:38.788154406+00:00,8,3,0,0,29.526300301660715,1.5346411076501982,0.0,zonia,0,False
2025-06-18 12:13:37.892365406+00:00,8,3,0,0,29.679320517138915,1.5435811030831479,0.0,zonia,0,False
2025-06-18 12:18:32.489847406+00:00,8,3,0,0,29.94938150961282,1.5402118910078546,0.0,zonia,0,False
2025-06-18 12:18:54.458686406+00:00,8,3,0,0,29.690832225954157,1.5393785174435117,0.0,zonia,0,False
2025-06-18 12:47:26.056218406+00:00,8,3,0,0,29.95522274989175,1.5344613593234002,0.0,zonia,0,False
2025-06-18 13:02:15.082044406+00:00,8,3,0,0,29.628846834232952,1.5389028324474958,0.0,zonia,0,False
2025-06-18 13:03:05.826424406+00:00,8,3,0,0,29.97501794610547,1.536209635753877,0.0,zonia,0,False
2025-06-18 13:06:00.785541406+00:00,8,3,0,0,30.122697530576286,1.5368655806323328,0.0,zonia,0,False
2025-06-18 13:21:43.125208406+00:00,8,3,0,0,29.54390430236123,1.4968341756136823,0.0,zonia,0,False
2025-06-18 13:22:20.951325406+00:00,8,3,0,0,30.42850050022316,1.4906701931434383,0.0,zonia,0,False
2025-06-18 13:31:40.762929406+00:00,8,3,0,0,30.257815301816805,1.43341543378108,0.0,zonia,0,False
2025-06-18 13:32:23.191981406+00:00,8,3,0,0,30.22105721284769,1.4035462585998681,0.0,zonia,0,False
2025-06-18 13:37:06.065678406+00:00,8,3,0,0,30.257573305735317,1.3956354688484414,0.0,zonia,0,False
2025-06-18 13:52:25.961471406+00:00,8,3,0,0,30.200500171311276,1.3649422126862554,0.0,zonia,0,False
2025-06-18 13:54:17.207982406+00:00,8,3,0,0,30.212393614576918,1.363034888909589,0.0,zonia,0,False
2025-06-18 14:12:10.799715406+00:00,8,3,0,0,30.888050061378355,1.3367358928358832,0.0,zonia,0,False
2025-06-18 14:28:02.921571406+00:00,8,3,0,0,30.86540430258539,1.3360251915236223,0.0,zonia,0,False
2025-06-18 14:43:26.496545406+00:00,8,3,0,0,30.88894490904107,1.3303595671561819,0.0,zonia,0,False
2025-06-18 14:49:47.836747406+00:00,8,3,0,0,31.33424265431721,1.3230020158330678,0.0,zonia,0,False
2025-06-18 15:00:32.703205406+00:00,8,3,0,0,30.59105919752479,1.33333754644427,0.0,zonia,0,False
2025-06-18 15:08:00.409815406+00:00,8,3,0,0,31.035766357446576,1.341670326009322,0.0,zonia,0,False
2025-06-18 15:15:25.460341406+00:00,8,3,0,0,30.909657090727222,1.3611037438282128,0.0,zonia,0,False
2025-06-18 15:32:10.868058406+00:00,8,3,0,0,31.223433577772184,1.3518520115032573,0.0,zonia,0,False
2025-06-18 15:45:39.807806406+00:00,8,3,0,0,30.592235637143467,1.333409985589507,0.0,zonia,0,False
2025-06-18 15:54:04.552897406+00:00,8,3,0,0,29.730321927210277,1.3445337918707714,0.0,zonia,0,False
2025-06-18 16:14:18.913217406+00:00,8,3,0,0,30.222789277006882,1.3550300396927115,0.0,zonia,0,False
2025-06-18 16:30:29.691401406+00:00,8,3,0,0,29.618827032310808,1.3533154510806562,0.0,zonia,0,False
2025-06-18 16:51:28.762950406+00:00,8,3,0,0,29.582695554438107,1.4435761892317294,0.0,zonia,0,False
2025-06-18 17:11:02.331327406+00:00,8,3,0,0,29.695274109033978,1.477694491646393,0.0,zonia,0,False
2025-06-18 17:11:54.091014406+00:00,8,3,0,0,29.71330865071579,1.4571317635008323,0.0,zonia,0,False
2025-06-18 17:23:48.675585406+00:00,8,3,0,0,29.726220442339592,1.5012090820894772,0.0,zonia,0,False
2025-06-18 18:07:33.308997406+00:00,8,3,0,0,28.63070398575419,1.4844479115373188,0.0,zonia,0,False
2025-06-18 18:34:01.472821406+00:00,8,3,0,0,26.514220867882603,1.5100731918646526,0.0,zonia,0,False
2025-06-18 18:43:59.898334406+00:00,8,3,0,0,25.784270800325952,1.5218427974012287,0.0,zonia,0,False
2025-06-18 19:17:59.981121406+00:00,8,3,0,0,23.994741962432432,1.5447732831175096,0.0,zonia,0,False
2025-06-18 19:54:21.312411406+00:00,8,3,0,0,22.554507250838746,1.549306946240499,0.0,zonia,0,False
2025-06-18 19:59:30.663782406+00:00,8,3,0,0,22.306603542504856,1.5422607749151416,0.0,zonia,0,False
2025-06-18 20:02:46.839337406+00:00,8,3,0,0,22.21449859092187,1.5441151406195512,0.0,zonia,0,False
2025-06-18 20:16:22.801766406+00:00,8,3,0,0,22.109924836923362,1.5470890642277708,0.0,zonia,0,False
2025-06-18 20:22:17.374019406+00:00,8,3,0,0,21.76790218166343,1.5489657898266824,0.0,zonia,0,False
2025-06-18 20:22:28.355433406+00:00,8,3,0,0,21.737532220987354,1.5386834869078096,0.0,zonia,0,False
2025-06-18 20:33:02.437466406+00:00,8,3,0,0,21.65316135267682,1.5344727644483007,0.0,zonia,0,False
2025-06-18 20:36:48.480033406+00:00,8,3,0,0,21.51618961501021,1.5251482708625557,0.0,zonia,0,False
2025-06-18 21:12:44.855334406+00:00,8,3,0,0,20.85588200732493,1.5153442639845907,0.0,zonia,0,False
2025-06-18 21:35:59.404555406+00:00,8,3,0,0,20.017392094195426,1.5058170320228816,0.0,zonia,0,False
2025-06-18 21:53:34.210066406+00:00,8,3,0,0,19.18099353129403,1.5135795006542174,0.0,zonia,0,False
2025-06-18 22:28:16.031652406+00:00,8,3,0,0,19.433569333299978,1.51293521284138,0.0,zonia,0,False
2025-06-18 22:36:34.090023406+00:00,8,3,0,0,19.050260603413918,1.510382331658908,0.0,zonia,0,False
2025-06-18 22:49:35.100496406+00:00,8,3,0,0,18.96435647507546,1.5289921566389844,0.0,zonia,0,False
2025-06-18 22:58:55.684275406+00:00,8,3,0,0,18.776190369050386,1.5420680673545777,0.0,zonia,0,False
2025-06-19 00:15:07.412696406+00:00,8,3,0,0,17.945553115919438,1.5555590202307177,0.0,zonia,0,False
2025-06-19 00:34:12.894085406+00:00,8,3,0,0,17.96986779506599,1.5658604950100805,0.0,zonia,0,False
2025-06-19 00:42:30.098394406+00:00,8,3,0,0,17.574146267931564,1.5717936459542297,0.0,zonia,0,False
2025-06-19 00:57:23.893293406+00:00,8,3,0,0,17.84103813819433,1.5789046489229794,0.0,zonia,0,False
2025-06-19 01:02:06.586927406+00:00,8,3,0,0,17.613381477486527,1.5767889845909544,0.0,zonia,0,False
2025-06-19 01:38:43.383344406+00:00,8,3,0,0,17.249829785272127,1.5786542456895842,0.0,zonia,0,False
2025-06-19 02:13:06.255465406+00:00,8,3,0,0,17.326369211850572,1.5700278788257425,0.0,zonia,0,False
2025-06-19 02:34:10.043116406+00:00,8,3,0,0,16.940204924132228,1.5690418746222217,0.0,zonia,0,False
2025-06-19 02:42:51.265149406+00:00,8,3,0,0,16.654835563743074,1.5742492160683974,0.0,zonia,0,False
2025-06-19 03:23:01.918844406+00:00,8,3,0,0,16.40947735546813,1.5748990805305358,0.0,zonia,0,False
2025-06-19 03:30:04.111293406+00:00,8,3,0,0,16.657561205095778,1.5786343871830142,0.0,zonia,0,False
2025-06-19 03:44:10.916381406+00:00,8,3,0,0,16.246861186098055,1.5810776504325936,0.0,zonia,0,False
2025-06-19 03:57:10.637999406+00:00,8,3,0,0,16.63016039803983,1.571317579007023,0.0,zonia,0,False
2025-06-19 03:58:47.434611406+00:00,8,3,0,0,16.851134871131553,1.5688370388889412,0.0,zonia,0,False
2025-06-19 04:13:30.948869406+00:00,8,3,0,0,17.020363898142755,1.5753223330683714,0.0,zonia,0,False
2025-06-19 04:41:33.159989406+00:00,8,3,0,0,18.800486098290722,1.5451058932909338,0.0,zonia,0,False
2025-06-19 04:57:36.339417406+00:00,8,3,0,0,20.061449508217954,1.5507549812069588,0.0,zonia,0,False
2025-06-19 05:01:13.345374406+00:00,8,3,0,0,20.19278826827075,1.524038949783741,0.0,zonia,0,False
2025-06-19 05:09:58.108774406+00:00,8,3,0,0,20.528086450152106,1.4732179931226321,0.0,zonia,0,False
2025-06-19 05:47:21.334752406+00:00,8,3,0,0,22.416353912558357,1.5011523835958673,0.0,zonia,0,False
2025-06-19 05:48:34.225176406+00:00,8,3,0,0,22.69952477569448,1.4998770514400674,0.0,zonia,0,False
2025-06-19 05:48:38.062106406+00:00,8,3,0,0,22.761512635218434,1.4762374382582615,0.0,zonia,0,False
2025-06-19 05:57:48.032082406+00:00,8,3,0,0,23.069996150254493,1.4535972571140285,0.0,zonia,0,False
2025-06-19 06:01:03.026600406+00:00,8,3,0,0,23.39012558804286,1.4355207740842475,0.0,zonia,0,False
2025-06-19 06:14:26.074034406+00:00,8,3,0,0,24.08987018504105,1.4156665895737106,0.0,zonia,0,False
2025-06-19 06:19:23.832353406+00:00,8,3,0,0,23.960995135141378,1.4070811123901963,0.0,zonia,0,False
2025-06-19 06:45:48.892233406+00:00,8,3,0,0,25.351383277311744,1.39928525548621,0.0,zonia,0,False
2025-06-19 06:57:05.316813406+00:00,8,3,0,0,26.203924192671558,1.4313216970770106,0.0,zonia,0,False
2025-06-19 07:02:36.493733406+00:00,8,3,0,0,26.204267792962177,1.440401208927343,0.0,zonia,0,False
2025-06-19 07:18:34.477452406+00:00,8,3,0,0,26.597783982416477,1.446104362926659,0.0,zonia,0,False
2025-06-19 07:36:14.237761406+00:00,8,3,0,0,27.487294200194956,1.4575431584448044,0.0,zonia,0,False
2025-06-19 07:36:16.393196406+00:00,8,3,0,0,27.291136969567997,1.4616748991670216,0.0,zonia,0,False
2025-06-19 07:54:53.771906406+00:00,8,3,0,0,28.217616849372753,1.4667955374612316,0.0,zonia,0,False
2025-06-19 08:16:51.421936406+00:00,8,3,0,0,29.054162361466144,1.471249902094524,0.0,zonia,0,False
2025-06-19 08:20:31.015180406+00:00,8,3,0,0,29.047641927219676,1.4713577616626825,0.0,zonia,0,False
2025-06-19 08:32:02.973165406+00:00,8,3,0,0,29.35365755669615,1.489978207688442,0.0,zonia,0,False
