current_time,indexers_created,indexers_malign,indexers_banned,indexers_banned_malign,inferred_truth,avg_rep_benign,avg_rep_malign,mode,fail_counter,consolidated_result
2025-06-05 01:51:20.019241804+00:00,14,0,0,0,18.95754342021679,0.17591780131898438,0.0,zonia,0,False
2025-06-05 02:25:06.205596804+00:00,14,0,0,0,18.354742331620244,0.30045132362607035,0.0,zonia,0,False
2025-06-05 02:28:21.181354804+00:00,14,0,0,0,18.29892772721263,0.376621292961127,0.0,zonia,0,False
2025-06-05 02:46:28.689102804+00:00,14,0,0,0,17.23602638875551,0.44500220717397987,0.0,zonia,0,False
2025-06-05 02:55:41.356471804+00:00,14,0,0,0,18.272090903459375,0.537893128721494,0.0,zonia,0,False
2025-06-05 03:03:16.496899804+00:00,14,0,0,0,17.21583201989181,0.5629419343109424,0.0,zonia,0,False
2025-06-05 03:19:08.896521804+00:00,14,0,0,0,17.769697068409453,0.5911684244145341,0.0,zonia,0,False
2025-06-05 03:19:48.909548804+00:00,14,0,0,0,17.827437152848628,0.6600814775805218,0.0,zonia,0,False
2025-06-05 03:22:37.539021804+00:00,14,0,0,0,17.975071149750264,0.6862358672039922,0.0,zonia,0,False
2025-06-05 03:29:06.174055804+00:00,14,0,0,0,18.23866953528842,0.7264169481725888,0.0,zonia,0,False
2025-06-05 03:31:06.482757804+00:00,14,0,0,0,17.51241965312836,0.7873114443425656,0.0,zonia,0,False
2025-06-05 03:37:41.980476804+00:00,14,0,0,0,18.326231230850315,0.7846006865006687,0.0,zonia,0,False
2025-06-05 03:49:49.053276804+00:00,14,0,0,0,17.05812248643258,0.8079740579010511,0.0,zonia,0,False
2025-06-05 03:54:18.062658804+00:00,14,0,0,0,18.3170207641945,0.8195995159191435,0.0,zonia,0,False
2025-06-05 04:16:03.832593804+00:00,14,0,0,0,17.162680669861786,0.8544592422779793,0.0,zonia,0,False
2025-06-05 04:29:25.364427804+00:00,14,0,0,0,17.003539166596845,0.8772540589827845,0.0,zonia,0,False
2025-06-05 04:31:26.437008804+00:00,14,0,0,0,16.527166693456063,0.8968772206704164,0.0,zonia,0,False
2025-06-05 04:41:25.571002804+00:00,14,0,0,0,17.204351196156082,0.9116319442969397,0.0,zonia,0,False
2025-06-05 04:58:15.329068804+00:00,14,0,0,0,18.041115393823514,0.9228861984517918,0.0,zonia,0,False
2025-06-05 05:38:47.688717804+00:00,14,0,0,0,20.138912448163396,0.9303062171834284,0.0,zonia,0,False
2025-06-05 05:46:59.390004804+00:00,14,0,0,0,20.525620694330872,0.9473851635570092,0.0,zonia,0,False
2025-06-05 05:51:41.656401804+00:00,14,0,0,0,20.515111240677086,0.9479015999168484,0.0,zonia,0,False
2025-06-05 06:03:07.697185804+00:00,14,0,0,0,21.978477569501994,0.9494119583642991,0.0,zonia,0,False
2025-06-05 06:27:22.596623804+00:00,14,0,0,0,22.015308276683832,0.950404986679305,0.0,zonia,0,False
2025-06-05 06:34:55.017865804+00:00,14,0,0,0,23.38577096360159,0.9489274018728134,0.0,zonia,0,False
2025-06-05 06:38:43.367112804+00:00,14,0,0,0,22.786474568900953,0.9531552506314503,0.0,zonia,0,False
2025-06-05 07:05:20.106184804+00:00,14,0,0,0,23.79585084015696,0.9512593068029,0.0,zonia,0,False
2025-06-05 07:25:35.574747804+00:00,14,0,0,0,24.997266289636478,0.9596099179067982,0.0,zonia,0,False
2025-06-05 07:26:11.498960804+00:00,14,0,0,0,25.197104118258352,0.9612724697893792,0.0,zonia,0,False
2025-06-05 07:42:18.562860804+00:00,14,0,0,0,25.33563550588663,0.9652673513364576,0.0,zonia,0,False
2025-06-05 07:51:55.758506804+00:00,14,0,0,0,26.118238384891292,0.9685197205781081,0.0,zonia,0,False
2025-06-05 07:59:40.819322804+00:00,14,0,0,0,26.04722530831322,0.9681444210363824,0.0,zonia,0,False
2025-06-05 08:08:49.829284804+00:00,14,0,0,0,25.746424225435675,0.9700156357642103,0.0,zonia,0,False
2025-06-05 08:13:03.367081804+00:00,14,0,0,0,25.676110471719646,0.9707916528002098,0.0,zonia,0,False
2025-06-05 08:15:26.826529804+00:00,14,0,0,0,25.84882776806238,0.9745091972646399,0.0,zonia,0,False
2025-06-05 08:29:47.847171804+00:00,14,0,0,0,26.050202934784483,0.9743433579024113,0.0,zonia,0,False
2025-06-05 08:33:00.250743804+00:00,14,0,0,0,25.593948322825028,0.9827864418555583,0.0,zonia,0,False
2025-06-05 08:44:10.078310804+00:00,14,0,0,0,26.014928285127677,0.9831997649673597,0.0,zonia,0,False
2025-06-05 09:12:09.615626804+00:00,14,0,0,0,26.138062972269573,0.9828373778038174,0.0,zonia,0,False
2025-06-05 09:13:29.028282804+00:00,14,0,0,0,25.40960887796396,0.921533690559144,0.0,zonia,0,False
2025-06-05 09:46:33.519360804+00:00,14,0,0,0,26.671885783403813,0.9198103822141361,0.0,zonia,0,False
2025-06-05 10:04:41.855149804+00:00,14,0,0,0,27.6251580113418,0.9209014425469156,0.0,zonia,0,False
2025-06-05 10:07:15.268602804+00:00,14,0,0,0,27.729400208434242,0.9192475085235297,0.0,zonia,0,False
2025-06-05 11:03:02.779095804+00:00,14,0,0,0,28.837249912106156,0.9094758392031996,0.0,zonia,0,False
2025-06-05 11:16:29.045058804+00:00,14,0,0,0,28.84054113644042,0.9412108083787397,0.0,zonia,0,False
2025-06-05 11:26:10.445109804+00:00,14,0,0,0,29.080483970742232,0.9413188023082733,0.0,zonia,0,False
2025-06-05 11:46:15.411135804+00:00,14,0,0,0,29.71676875445966,0.9403078993805736,0.0,zonia,0,False
2025-06-05 11:48:41.075190804+00:00,14,0,0,0,29.50265922248817,0.9362169363589617,0.0,zonia,0,False
2025-06-05 11:49:15.470709804+00:00,14,0,0,0,29.531843353685563,0.9365692315949731,0.0,zonia,0,False
2025-06-05 12:15:14.083452804+00:00,14,0,0,0,29.695548478778928,0.9370416938718672,0.0,zonia,0,False
2025-06-05 12:16:49.134697804+00:00,14,0,0,0,30.0513679169411,0.9422406634634898,0.0,zonia,0,False
2025-06-05 12:28:14.308138804+00:00,14,0,0,0,29.79359049445071,0.9592941920992467,0.0,zonia,0,False
2025-06-05 12:47:35.473699804+00:00,14,0,0,0,30.49745206776946,0.9342695326625885,0.0,zonia,0,False
2025-06-05 13:25:43.523144804+00:00,14,0,0,0,29.206978757340153,0.9323762782171914,0.0,zonia,0,False
2025-06-05 13:39:38.044132804+00:00,14,0,0,0,28.82658247663152,0.937870674657845,0.0,zonia,0,False
2025-06-05 13:48:17.506583804+00:00,14,0,0,0,28.999501435096793,0.9381113059990022,0.0,zonia,0,False
2025-06-05 13:55:26.059907804+00:00,14,0,0,0,28.723733827843454,0.9362551541904718,0.0,zonia,0,False
2025-06-05 14:10:39.600783804+00:00,14,0,0,0,28.7319172311229,0.9332966558292346,0.0,zonia,0,False
2025-06-05 14:11:41.537357804+00:00,14,0,0,0,29.228979356945665,0.9353892419862211,0.0,zonia,0,False
2025-06-05 14:35:34.258529804+00:00,14,0,0,0,29.899370748220772,0.9547023353404479,0.0,zonia,0,False
2025-06-05 15:22:36.116192804+00:00,14,0,0,0,29.564029808245376,0.9570384971358635,0.0,zonia,0,False
2025-06-05 15:22:52.598564804+00:00,14,0,0,0,29.62449924114148,0.9610067238275992,0.0,zonia,0,False
2025-06-05 16:07:06.210175804+00:00,14,0,0,0,29.00762953637624,0.9608027117250081,0.0,zonia,0,False
2025-06-05 16:40:41.279653804+00:00,14,0,0,0,28.38901381552661,0.9654061882686172,0.0,zonia,0,False
2025-06-05 17:05:03.060893804+00:00,14,0,0,0,27.37786424068839,0.9717158328174139,0.0,zonia,0,False
2025-06-05 17:28:53.636713804+00:00,14,0,0,0,27.03816605617025,0.9730292507979266,0.0,zonia,0,False
2025-06-05 17:51:49.681527804+00:00,14,0,0,0,26.44740220540935,0.9769720997266595,0.0,zonia,0,False
2025-06-05 17:58:42.417467804+00:00,14,0,0,0,26.237257288262423,0.9817414595836145,0.0,zonia,0,False
2025-06-05 17:59:19.873882804+00:00,14,0,0,0,26.05968015165759,0.9833873340259585,0.0,zonia,0,False
2025-06-05 17:59:55.544255804+00:00,14,0,0,0,26.189061932603813,0.9831807921833161,0.0,zonia,0,False
2025-06-05 18:11:28.625208804+00:00,14,0,0,0,25.721380694495828,0.9818481992301623,0.0,zonia,0,False
2025-06-05 18:11:40.804967804+00:00,14,0,0,0,25.931697483137956,0.9848240575248218,0.0,zonia,0,False
2025-06-05 18:36:24.482251804+00:00,14,0,0,0,24.664458165371602,0.9846046264767414,0.0,zonia,0,False
2025-06-05 19:01:15.853792804+00:00,14,0,0,0,23.767403935289355,0.9817545468142432,0.0,zonia,0,False
2025-06-05 19:01:34.871205804+00:00,14,0,0,0,23.616411205417336,0.9777902680580332,0.0,zonia,0,False
2025-06-05 19:05:04.443587804+00:00,14,0,0,0,23.309946520251092,0.9782286897116317,0.0,zonia,0,False
2025-06-05 19:08:55.598781804+00:00,14,0,0,0,23.307626176927126,0.9771502132644528,0.0,zonia,0,False
2025-06-05 19:11:19.842994804+00:00,14,0,0,0,23.294637380997838,0.980103698050639,0.0,zonia,0,False
2025-06-05 19:18:03.251225804+00:00,14,0,0,0,22.905350305600614,0.9746718628935911,0.0,zonia,0,False
2025-06-05 19:20:46.419132804+00:00,14,0,0,0,23.130942284928864,0.9729536022793088,0.0,zonia,0,False
2025-06-05 19:37:30.908761804+00:00,14,0,0,0,22.810083078992125,0.9645227766782051,0.0,zonia,0,False
2025-06-05 19:48:27.200719804+00:00,14,0,0,0,22.8104558442295,0.965972757948771,0.0,zonia,0,False
2025-06-05 20:20:08.913334804+00:00,14,0,0,0,22.133357324897997,0.9641935777232843,0.0,zonia,0,False
2025-06-05 21:09:22.152297804+00:00,14,0,0,0,20.547651519011684,0.9661570792826272,0.0,zonia,0,False
2025-06-05 21:19:26.445861804+00:00,14,0,0,0,20.27140657604852,0.9572164008775238,0.0,zonia,0,False
2025-06-05 21:43:53.743267804+00:00,14,0,0,0,20.0342936132875,0.95116840886961,0.0,zonia,0,False
2025-06-05 22:29:54.448047804+00:00,14,0,0,0,19.247142319860405,0.9477170010988171,0.0,zonia,0,False
2025-06-05 22:34:59.845754804+00:00,14,0,0,0,19.21976514481625,0.9469012622891945,0.0,zonia,0,False
2025-06-05 22:43:42.658710804+00:00,14,0,0,0,19.129665679330294,0.9517169312371505,0.0,zonia,0,False
2025-06-05 22:59:17.780888804+00:00,14,0,0,0,18.51475396093898,0.9583560876957036,0.0,zonia,0,False
2025-06-05 23:38:03.959474804+00:00,14,0,0,0,17.460049652994588,0.9595203308131506,0.0,zonia,0,False
2025-06-05 23:47:02.491109804+00:00,14,0,0,0,17.88059815856382,0.9598516475977724,0.0,zonia,0,False
2025-06-05 23:57:08.801376804+00:00,14,0,0,0,17.138338835937496,0.9606056789545151,0.0,zonia,0,False
2025-06-06 00:02:07.364911804+00:00,14,0,0,0,17.41564812478969,0.9632588217621391,0.0,zonia,0,False
2025-06-06 00:05:54.410251804+00:00,14,0,0,0,17.401103090057855,0.9649393453303382,0.0,zonia,0,False
2025-06-06 00:08:52.058594804+00:00,14,0,0,0,16.83478483287469,0.9665712129635279,0.0,zonia,0,False
2025-06-06 00:09:08.167730804+00:00,14,0,0,0,17.025573038795592,0.9643032990814853,0.0,zonia,0,False
2025-06-06 00:30:43.705128804+00:00,14,0,0,0,17.215187035136644,0.9610818769748194,0.0,zonia,0,False
2025-06-06 00:31:55.198591804+00:00,14,0,0,0,17.165710179159102,0.9637518339510315,0.0,zonia,0,False
2025-06-06 00:39:29.232022804+00:00,14,0,0,0,16.99842105221648,0.9647100409878318,0.0,zonia,0,False
2025-06-06 00:46:37.021118804+00:00,14,0,0,0,16.95441276182874,0.9687701312904415,0.0,zonia,0,False
2025-06-06 00:51:15.935929804+00:00,14,0,0,0,17.060930719180647,0.9698750557812659,0.0,zonia,0,False
2025-06-06 00:53:13.201901804+00:00,14,0,0,0,16.668606387977977,0.9723956981676288,0.0,zonia,0,False
2025-06-06 00:56:14.272718804+00:00,14,0,0,0,16.84499114749337,0.973158757805214,0.0,zonia,0,False
2025-06-06 01:20:17.819242804+00:00,14,0,0,0,16.61645020515174,0.961322174746978,0.0,zonia,0,False
2025-06-06 01:25:07.053572804+00:00,14,0,0,0,16.51056682133033,0.9549151003334329,0.0,zonia,0,False
2025-06-06 01:29:25.571164804+00:00,14,0,0,0,15.819161693416312,0.9593132974125413,0.0,zonia,0,False
2025-06-06 01:39:27.712296804+00:00,14,0,0,0,16.289532889458563,0.9541687025654422,0.0,zonia,0,False
2025-06-06 01:44:06.221599804+00:00,14,0,0,0,16.968026405589633,0.9541478951681074,0.0,zonia,0,False
2025-06-06 02:01:44.903521804+00:00,14,0,0,0,16.602411118998948,0.9399491720571574,0.0,zonia,0,False
2025-06-06 02:02:16.424752804+00:00,14,0,0,0,16.450838277259688,0.9389204692915009,0.0,zonia,0,False
2025-06-06 02:05:39.308710804+00:00,14,0,0,0,16.097120468101984,0.9279246939118053,0.0,zonia,0,False
2025-06-06 02:07:45.985031804+00:00,14,0,0,0,15.938987171367929,0.9223224361620719,0.0,zonia,0,False
2025-06-06 02:19:36.075821804+00:00,14,0,0,0,15.537067747511195,0.9268245026859708,0.0,zonia,0,False
2025-06-06 02:27:36.959512804+00:00,14,0,0,0,15.496850853925979,0.9262278893574567,0.0,zonia,0,False
2025-06-06 03:44:32.249256804+00:00,14,0,0,0,15.561123563077327,0.9416404641068585,0.0,zonia,0,False
2025-06-06 03:55:22.223647804+00:00,14,0,0,0,15.433501431338613,0.9408023630908824,0.0,zonia,0,False
2025-06-06 04:18:36.617218804+00:00,14,0,0,0,16.297332848679716,0.9511416244262045,0.0,zonia,0,False
2025-06-06 04:27:54.550492804+00:00,14,0,0,0,16.392017680888546,0.9592433275493454,0.0,zonia,0,False
2025-06-06 05:07:07.311991804+00:00,14,0,0,0,19.43028824356568,0.9665782449958399,0.0,zonia,0,False
2025-06-06 05:12:57.044416804+00:00,14,0,0,0,20.251520903512674,0.9603018333257908,0.0,zonia,0,False
2025-06-06 05:19:59.427499804+00:00,14,0,0,0,19.8903064481411,0.9616213115859166,0.0,zonia,0,False
2025-06-06 05:25:38.805382804+00:00,14,0,0,0,20.93118997548443,0.9576734615434036,0.0,zonia,0,False
2025-06-06 05:25:50.318729804+00:00,14,0,0,0,20.8260692755669,0.9588539308239518,0.0,zonia,0,False
2025-06-06 05:58:44.336376804+00:00,14,0,0,0,22.814087954009523,0.9533431077906399,0.0,zonia,0,False
2025-06-06 06:14:29.418323804+00:00,14,0,0,0,24.029564589355143,0.9521852873183505,0.0,zonia,0,False
2025-06-06 06:45:08.963159804+00:00,14,0,0,0,24.824225085700522,0.9480802209282366,0.0,zonia,0,False
2025-06-06 07:16:54.975560804+00:00,14,0,0,0,25.505971600306296,0.94684077210958,0.0,zonia,0,False
2025-06-06 07:17:31.772591804+00:00,14,0,0,0,25.597252409834184,0.9484895026288206,0.0,zonia,0,False
2025-06-06 07:21:45.669541804+00:00,14,0,0,0,25.582250923909992,0.9440112114960978,0.0,zonia,0,False
2025-06-06 07:27:01.843170804+00:00,14,0,0,0,25.783955553998673,0.9407704759995171,0.0,zonia,0,False
2025-06-06 07:29:49.819811804+00:00,14,0,0,0,26.285580793331828,0.94351866189844,0.0,zonia,0,False
2025-06-06 07:31:56.128772804+00:00,14,0,0,0,26.034652211532535,0.9182656094481462,0.0,zonia,0,False
2025-06-06 07:37:58.454329804+00:00,14,0,0,0,26.249975430534413,0.9190461443905544,0.0,zonia,0,False
2025-06-06 08:00:20.735535804+00:00,14,0,0,0,26.38082495713692,0.9148856683803009,0.0,zonia,0,False
2025-06-06 08:05:07.396064804+00:00,14,0,0,0,26.327226695167457,0.8984537480848573,0.0,zonia,0,False
2025-06-06 08:13:52.542983804+00:00,14,0,0,0,26.70742440257489,0.8959924415795496,0.0,zonia,0,False
2025-06-06 09:13:51.807186804+00:00,14,0,0,0,27.95666299523812,0.8910322377874362,0.0,zonia,0,False
2025-06-06 09:19:41.696026804+00:00,14,0,0,0,27.853789503788768,0.897110917189778,0.0,zonia,0,False
2025-06-06 09:27:17.163307804+00:00,14,0,0,0,28.10168846719754,0.9045320964952127,0.0,zonia,0,False
2025-06-06 09:43:18.797633804+00:00,14,0,0,0,28.660729600646043,0.9107259779017189,0.0,zonia,0,False
2025-06-06 10:20:57.280208804+00:00,14,0,0,0,29.525217162080903,0.9344530861334563,0.0,zonia,0,False
2025-06-06 10:51:12.246685804+00:00,14,0,0,0,28.731282118473928,0.9354838147499471,0.0,zonia,0,False
2025-06-06 11:07:50.774665804+00:00,14,0,0,0,28.683815235856585,0.9387004720512231,0.0,zonia,0,False
2025-06-06 11:14:09.290805804+00:00,14,0,0,0,28.712909933616796,0.9405671068987275,0.0,zonia,0,False
2025-06-06 12:11:50.136815804+00:00,14,0,0,0,30.39714771514897,0.9401561410935126,0.0,zonia,0,False
2025-06-06 12:38:37.121078804+00:00,14,0,0,0,30.106850703325318,0.9555216526469871,0.0,zonia,0,False
2025-06-06 12:38:53.598178804+00:00,14,0,0,0,30.27494131206758,0.9582340301515572,0.0,zonia,0,False
2025-06-06 12:42:55.490139804+00:00,14,0,0,0,29.991461810060365,0.9645655973839201,0.0,zonia,0,False
2025-06-06 12:54:07.004900804+00:00,14,0,0,0,30.21579654769278,0.963566065655569,0.0,zonia,0,False
2025-06-06 13:03:00.015696804+00:00,14,0,0,0,30.80236271588128,0.951597533798236,0.0,zonia,0,False
2025-06-06 13:08:37.010501804+00:00,14,0,0,0,30.929638353823872,0.9496826607123888,0.0,zonia,0,False
2025-06-06 13:11:32.106758804+00:00,14,0,0,0,30.287501363419867,0.9526805007325365,0.0,zonia,0,False
2025-06-06 13:17:57.277721804+00:00,14,0,0,0,30.25789753787311,0.9573893729896179,0.0,zonia,0,False
2025-06-06 13:52:39.942622804+00:00,14,0,0,0,29.7820886350017,0.9566857043691119,0.0,zonia,0,False
2025-06-06 13:57:29.382809804+00:00,14,0,0,0,30.074224575916162,0.9583738029702146,0.0,zonia,0,False
2025-06-06 13:59:52.083783804+00:00,14,0,0,0,29.76405138973413,0.960548176197592,0.0,zonia,0,False
2025-06-06 14:26:10.806737804+00:00,14,0,0,0,30.47832012772248,0.9525048205468716,0.0,zonia,0,False
2025-06-06 14:34:39.300185804+00:00,14,0,0,0,30.28163876429924,0.9551792278067818,0.0,zonia,0,False
2025-06-06 14:50:49.253750804+00:00,14,0,0,0,30.057277948370082,0.9571396343611819,0.0,zonia,0,False
2025-06-06 15:21:35.918699804+00:00,14,0,0,0,30.548762948128864,0.9512535894022325,0.0,zonia,0,False
2025-06-06 15:24:40.772573804+00:00,14,0,0,0,30.743052014264087,0.9470024782831574,0.0,zonia,0,False
2025-06-06 15:36:40.006322804+00:00,14,0,0,0,30.682935980509562,0.9478921480321848,0.0,zonia,0,False
2025-06-06 15:54:21.345959804+00:00,14,0,0,0,30.166186221016996,0.9460024014560968,0.0,zonia,0,False
2025-06-06 16:09:22.680675804+00:00,14,0,0,0,29.336146372325725,0.952272692376882,0.0,zonia,0,False
2025-06-06 16:47:39.685143804+00:00,14,0,0,0,29.22798152171029,0.9600707216305703,0.0,zonia,0,False
2025-06-06 17:01:51.041440804+00:00,14,0,0,0,28.89008686545994,0.9703208067133612,0.0,zonia,0,False
2025-06-06 17:30:36.850787804+00:00,14,0,0,0,28.397545249003983,0.9677118564252025,0.0,zonia,0,False
2025-06-06 17:43:13.201346804+00:00,14,0,0,0,27.978768416258536,0.9620704069966843,0.0,zonia,0,False
2025-06-06 17:45:49.714431804+00:00,14,0,0,0,27.697766717530424,0.944448696428016,0.0,zonia,0,False
2025-06-06 18:00:20.429632804+00:00,14,0,0,0,26.70853136896357,0.9410102960795835,0.0,zonia,0,False
2025-06-06 18:14:40.575752804+00:00,14,0,0,0,26.922289917375373,0.9460123831211636,0.0,zonia,0,False
2025-06-06 18:15:26.945786804+00:00,14,0,0,0,26.403207712209877,0.9500805735835416,0.0,zonia,0,False
2025-06-06 18:16:52.190082804+00:00,14,0,0,0,26.568475617800214,0.9519947231811818,0.0,zonia,0,False
2025-06-06 18:28:21.267025804+00:00,14,0,0,0,25.96372291854431,0.9607153731722416,0.0,zonia,0,False
2025-06-06 18:52:39.526952804+00:00,14,0,0,0,24.792356852520662,0.960040710393694,0.0,zonia,0,False
2025-06-06 18:58:35.620302804+00:00,14,0,0,0,24.388506394722732,0.9572292511961235,0.0,zonia,0,False
2025-06-06 19:00:46.970358804+00:00,14,0,0,0,24.597073262929605,0.9592836431599763,0.0,zonia,0,False
2025-06-06 19:12:44.761861804+00:00,14,0,0,0,23.709257406803783,0.9614104053127763,0.0,zonia,0,False
2025-06-06 19:42:09.204716804+00:00,14,0,0,0,23.35811674475705,0.9517601141076162,0.0,zonia,0,False
2025-06-06 19:55:35.368167804+00:00,14,0,0,0,22.55767888643611,0.9576244434822205,0.0,zonia,0,False
2025-06-06 20:01:21.993088804+00:00,14,0,0,0,22.755615034171655,0.9576123879749279,0.0,zonia,0,False
2025-06-06 20:19:25.544379804+00:00,14,0,0,0,22.565066725905517,0.9597542436149282,0.0,zonia,0,False
2025-06-06 20:28:31.370592804+00:00,14,0,0,0,22.00016313735561,0.9612246865063365,0.0,zonia,0,False
2025-06-06 20:28:39.289384804+00:00,14,0,0,0,21.88257657776113,0.9668274785518509,0.0,zonia,0,False
2025-06-06 20:29:17.182047804+00:00,14,0,0,0,22.21766880717158,0.9673467872855941,0.0,zonia,0,False
2025-06-06 20:42:53.019965804+00:00,14,0,0,0,22.20809266711781,0.9702904610727204,0.0,zonia,0,False
2025-06-06 20:45:24.203177804+00:00,14,0,0,0,21.7944831039267,0.9679910519538282,0.0,zonia,0,False
2025-06-06 20:45:27.291827804+00:00,14,0,0,0,22.131073347409618,0.9664973809424978,0.0,zonia,0,False
2025-06-06 20:54:38.081431804+00:00,14,0,0,0,21.197012399399945,0.960235947497733,0.0,zonia,0,False
2025-06-06 21:22:26.425146804+00:00,14,0,0,0,21.323205815001245,0.9617145088478977,0.0,zonia,0,False
2025-06-06 21:23:55.800222804+00:00,14,0,0,0,21.02311003987963,0.9564536042997276,0.0,zonia,0,False
2025-06-06 21:40:28.259802804+00:00,14,0,0,0,20.206173392865384,0.9577472966192591,0.0,zonia,0,False
2025-06-06 21:46:15.747416804+00:00,14,0,0,0,19.971372117961796,0.9582152034959844,0.0,zonia,0,False
2025-06-06 22:37:52.423656804+00:00,14,0,0,0,19.097247596097755,0.9627360831174371,0.0,zonia,0,False
2025-06-06 22:41:58.680691804+00:00,14,0,0,0,19.734038781129172,0.9648551670006326,0.0,zonia,0,False
2025-06-06 22:58:36.852774804+00:00,14,0,0,0,18.854025425149043,0.9610966047125439,0.0,zonia,0,False
2025-06-06 23:13:41.458662804+00:00,14,0,0,0,18.690711435195645,0.9634424415196935,0.0,zonia,0,False
2025-06-06 23:23:24.804750804+00:00,14,0,0,0,18.586687419363603,0.9659176969963641,0.0,zonia,0,False
2025-06-06 23:29:41.231370804+00:00,14,0,0,0,17.938220175394576,0.9645470017870111,0.0,zonia,0,False
2025-06-06 23:35:46.742220804+00:00,14,0,0,0,18.109747070982916,0.9632703539504905,0.0,zonia,0,False
2025-06-06 23:59:22.137064804+00:00,14,0,0,0,17.994976775246872,0.9649173757128819,0.0,zonia,0,False
2025-06-07 00:02:38.438998804+00:00,14,0,0,0,18.122486472419325,0.9624464530882433,0.0,zonia,0,False
2025-06-07 00:22:59.004865804+00:00,14,0,0,0,18.43050732774066,0.9530735838934523,0.0,zonia,0,False
2025-06-07 00:27:45.745177804+00:00,14,0,0,0,18.80979371219887,0.9412904601031885,0.0,zonia,0,False
2025-06-07 00:36:04.583482804+00:00,14,0,0,0,17.012323197321976,0.9414182414569113,0.0,zonia,0,False
2025-06-07 00:50:28.727181804+00:00,14,0,0,0,17.502007770100295,0.9474564724880843,0.0,zonia,0,False
2025-06-07 00:52:57.441244804+00:00,14,0,0,0,17.476406175720236,0.9513146664609199,0.0,zonia,0,False
2025-06-07 01:29:00.656989804+00:00,14,0,0,0,17.143959237412183,0.9502310707619389,0.0,zonia,0,False
2025-06-07 02:18:10.617898804+00:00,14,0,0,0,15.723364102442126,0.9394592599074114,0.0,zonia,0,False
2025-06-07 02:28:09.782485804+00:00,14,0,0,0,15.826191251622042,0.9445413646210988,0.0,zonia,0,False
2025-06-07 02:32:36.341535804+00:00,14,0,0,0,15.600694972228217,0.9404624827952898,0.0,zonia,0,False
2025-06-07 03:08:39.970245804+00:00,14,0,0,0,15.84386734639942,0.9511707703138333,0.0,zonia,0,False
2025-06-07 03:16:50.311006804+00:00,14,0,0,0,14.82491026182128,0.9487638506245253,0.0,zonia,0,False
2025-06-07 03:22:49.426973804+00:00,14,0,0,0,15.015238344475687,0.9414780198858113,0.0,zonia,0,False
2025-06-07 03:23:04.061482804+00:00,14,0,0,0,15.6823980970738,0.949116012006147,0.0,zonia,0,False
2025-06-07 03:38:03.933282804+00:00,14,0,0,0,15.423809926428392,0.9530726961351023,0.0,zonia,0,False
2025-06-07 04:12:11.252532804+00:00,14,0,0,0,15.389852888763912,0.9593881208983025,0.0,zonia,0,False
2025-06-07 04:36:19.819570804+00:00,14,0,0,0,17.425563384562974,0.9628000953523733,0.0,zonia,0,False
2025-06-07 04:45:20.715680804+00:00,14,0,0,0,18.20038255735094,0.9597727726226086,0.0,zonia,0,False
2025-06-07 04:52:24.696920804+00:00,14,0,0,0,18.72027711180469,0.9598445003962982,0.0,zonia,0,False
2025-06-07 05:24:50.344108804+00:00,14,0,0,0,22.11600475597189,0.9649794319257107,0.0,zonia,0,False
2025-06-07 05:25:28.144591804+00:00,14,0,0,0,21.717433258496538,0.9636432211199989,0.0,zonia,0,False
2025-06-07 05:43:40.236637804+00:00,14,0,0,0,22.91843960188394,0.9693573639849139,0.0,zonia,0,False
2025-06-07 05:43:45.932568804+00:00,14,0,0,0,23.18516715393445,0.9702189159053656,0.0,zonia,0,False
2025-06-07 05:52:17.994243804+00:00,14,0,0,0,22.961699371121753,0.9707920042880591,0.0,zonia,0,False
2025-06-07 05:57:07.650133804+00:00,14,0,0,0,24.159611222004553,0.9672649366627896,0.0,zonia,0,False
2025-06-07 06:02:34.808082804+00:00,14,0,0,0,23.476279370843447,0.9696335293969826,0.0,zonia,0,False
2025-06-07 06:18:52.436963804+00:00,14,0,0,0,24.247215758011144,0.9664171496189953,0.0,zonia,0,False
2025-06-07 06:28:35.480803804+00:00,14,0,0,0,24.43783474150217,0.9587940373278806,0.0,zonia,0,False
2025-06-07 07:33:39.404336804+00:00,14,0,0,0,27.51721346622291,0.9560390286273083,0.0,zonia,0,False
2025-06-07 07:36:47.060907804+00:00,14,0,0,0,27.330972487034202,0.953727733452825,0.0,zonia,0,False
2025-06-07 07:46:34.730546804+00:00,14,0,0,0,28.011599003825772,0.9506939802312476,0.0,zonia,0,False
2025-06-07 08:31:42.636360804+00:00,14,0,0,0,28.83838928136058,0.9574721909632846,0.0,zonia,0,False
2025-06-07 08:43:52.976587804+00:00,14,0,0,0,29.07464260638068,0.9610328550223545,0.0,zonia,0,False
2025-06-07 08:53:37.768004804+00:00,14,0,0,0,29.159679492722134,0.9677341038916047,0.0,zonia,0,False
2025-06-07 09:00:50.454910804+00:00,14,0,0,0,29.769710649739068,0.9694379680715904,0.0,zonia,0,False
2025-06-07 09:06:30.723570804+00:00,14,0,0,0,29.334679478306235,0.9654236389032432,0.0,zonia,0,False
2025-06-07 09:10:36.272212804+00:00,14,0,0,0,29.86636439217464,0.9620037081534724,0.0,zonia,0,False
2025-06-07 09:30:51.720508804+00:00,14,0,0,0,29.857469376309506,0.961469961168009,0.0,zonia,0,False
2025-06-07 09:33:38.047651804+00:00,14,0,0,0,30.062744575056033,0.962807477552977,0.0,zonia,0,False
2025-06-07 09:57:18.646322804+00:00,14,0,0,0,30.252690924468297,0.9609888919237527,0.0,zonia,0,False
2025-06-07 10:09:40.442580804+00:00,14,0,0,0,31.211948512024048,0.9577245526952981,0.0,zonia,0,False
2025-06-07 10:55:48.559867804+00:00,14,0,0,0,31.669958931485073,0.9547284911629381,0.0,zonia,0,False
2025-06-07 10:56:55.058200804+00:00,14,0,0,0,31.473800532215975,0.9616044703279486,0.0,zonia,0,False
2025-06-07 11:59:22.646550804+00:00,14,0,0,0,31.962012238334967,0.954794571535135,0.0,zonia,0,False
2025-06-07 12:02:00.050141804+00:00,14,0,0,0,32.38439918239038,0.9609916498622538,0.0,zonia,0,False
2025-06-07 12:29:04.351164804+00:00,14,0,0,0,32.614274099000426,0.9602674913433942,0.0,zonia,0,False
2025-06-07 12:34:53.851340804+00:00,14,0,0,0,31.980835423139375,0.9619112689458396,0.0,zonia,0,False
2025-06-07 12:46:53.723696804+00:00,14,0,0,0,32.88838613677207,0.9604185352276028,0.0,zonia,0,False
2025-06-07 12:58:05.677180804+00:00,14,0,0,0,32.52948473084327,0.9438639097930046,0.0,zonia,0,False
2025-06-07 13:21:27.395193804+00:00,14,0,0,0,33.28354353084082,0.9232541095475021,0.0,zonia,0,False
2025-06-07 13:21:44.186164804+00:00,14,0,0,0,33.1175852591244,0.921622263724596,0.0,zonia,0,False
2025-06-07 13:27:23.693974804+00:00,14,0,0,0,32.71528269222021,0.9225085165179133,0.0,zonia,0,False
2025-06-07 13:40:40.528118804+00:00,14,0,0,0,33.02177597096714,0.9249341447942037,0.0,zonia,0,False
2025-06-07 13:55:20.642704804+00:00,14,0,0,0,32.88080460216187,0.92522073439553,0.0,zonia,0,False
2025-06-07 14:06:19.160885804+00:00,14,0,0,0,32.47110456399117,0.9270232289389166,0.0,zonia,0,False
2025-06-07 14:54:04.249887804+00:00,14,0,0,0,32.5939074484265,0.8853754550755848,0.0,zonia,0,False
2025-06-07 14:54:21.672339804+00:00,14,0,0,0,32.18570045778849,0.8750869818484988,0.0,zonia,0,False
2025-06-07 15:01:51.663289804+00:00,14,0,0,0,32.02624333646916,0.8798401915373703,0.0,zonia,0,False
2025-06-07 15:02:24.223284804+00:00,14,0,0,0,32.40788976008218,0.8964234791069827,0.0,zonia,0,False
2025-06-07 15:14:05.071554804+00:00,14,0,0,0,32.16541534691598,0.8977392258857496,0.0,zonia,0,False
2025-06-07 15:47:19.111730804+00:00,14,0,0,0,31.89849964802427,0.9036388858179147,0.0,zonia,0,False
2025-06-07 15:51:42.301442804+00:00,14,0,0,0,31.5965385176721,0.908131572951007,0.0,zonia,0,False
2025-06-07 15:56:35.212490804+00:00,14,0,0,0,31.534111909832784,0.9107796013394294,0.0,zonia,0,False
2025-06-07 16:03:22.995259804+00:00,14,0,0,0,31.627711720350867,0.9124833707614185,0.0,zonia,0,False
2025-06-07 16:03:52.628842804+00:00,14,0,0,0,31.722340634588353,0.9154884857909406,0.0,zonia,0,False
2025-06-07 16:08:31.649252804+00:00,14,0,0,0,31.51945950659484,0.9254697823966944,0.0,zonia,0,False
2025-06-07 16:28:24.872517804+00:00,14,0,0,0,31.190910508887924,0.9258940713960201,0.0,zonia,0,False
2025-06-07 16:47:09.303929804+00:00,14,0,0,0,30.735445240060564,0.9248751912979767,0.0,zonia,0,False
2025-06-07 17:13:31.892139804+00:00,14,0,0,0,30.267053856309943,0.9302620005280374,0.0,zonia,0,False
2025-06-07 17:17:05.225882804+00:00,14,0,0,0,30.123022119999245,0.949753844132065,0.0,zonia,0,False
2025-06-07 17:29:19.037486804+00:00,14,0,0,0,29.833324526043544,0.950744918254431,0.0,zonia,0,False
2025-06-07 17:43:50.672312804+00:00,14,0,0,0,29.268967516802466,0.9511515450224511,0.0,zonia,0,False
2025-06-07 17:55:03.223179804+00:00,14,0,0,0,29.032034167037985,0.9597414493769313,0.0,zonia,0,False
2025-06-07 18:15:45.363302804+00:00,14,0,0,0,27.835731485085386,0.965133040175605,0.0,zonia,0,False
2025-06-07 18:31:25.774839804+00:00,14,0,0,0,27.372812007493966,0.9718314315146818,0.0,zonia,0,False
2025-06-07 18:43:33.443752804+00:00,14,0,0,0,27.150550281826593,0.9740088192429531,0.0,zonia,0,False
2025-06-07 18:45:13.836487804+00:00,14,0,0,0,26.748548833278402,0.970706657685776,0.0,zonia,0,False
2025-06-07 18:54:52.886340804+00:00,14,0,0,0,26.284571204420846,0.971625653856745,0.0,zonia,0,False
2025-06-07 18:58:34.273259804+00:00,14,0,0,0,26.352603856183983,0.9720089257792932,0.0,zonia,0,False
2025-06-07 19:34:08.848235804+00:00,14,0,0,0,25.35557718569234,0.9586216525931626,0.0,zonia,0,False
2025-06-07 19:38:30.810118804+00:00,14,0,0,0,25.403497777832996,0.9572644733519206,0.0,zonia,0,False
2025-06-07 19:54:55.692245804+00:00,14,0,0,0,25.54486503030136,0.9611662306871761,0.0,zonia,0,False
2025-06-07 20:03:55.878735804+00:00,14,0,0,0,25.33712323002357,0.9618851663164092,0.0,zonia,0,False
2025-06-07 20:28:12.764081804+00:00,14,0,0,0,24.0484134867618,0.9565278911509456,0.0,zonia,0,False
2025-06-07 20:32:46.935358804+00:00,14,0,0,0,23.112673479395546,0.9649814154372542,0.0,zonia,0,False
2025-06-07 21:09:20.115736804+00:00,14,0,0,0,23.118715870065046,0.9476885866073476,0.0,zonia,0,False
2025-06-07 21:24:20.426416804+00:00,14,0,0,0,23.472820712142255,0.9351196551656907,0.0,zonia,0,False
2025-06-07 21:59:46.482697804+00:00,14,0,0,0,20.91581364440308,0.9327660543899344,0.0,zonia,0,False
2025-06-07 22:23:50.648536804+00:00,14,0,0,0,20.87280763164043,0.9332052569088984,0.0,zonia,0,False
2025-06-07 22:54:56.870922804+00:00,14,0,0,0,20.083582514257948,0.9405137960401986,0.0,zonia,0,False
2025-06-07 23:03:13.619391804+00:00,14,0,0,0,19.723488542831426,0.9436448518857958,0.0,zonia,0,False
2025-06-07 23:18:57.227998804+00:00,14,0,0,0,19.912043348880026,0.950335162475388,0.0,zonia,0,False
2025-06-07 23:38:04.733857804+00:00,14,0,0,0,19.698514761985127,0.947624023925877,0.0,zonia,0,False
2025-06-07 23:39:25.482293804+00:00,14,0,0,0,19.736104495622797,0.9387038986042404,0.0,zonia,0,False
2025-06-07 23:45:39.171813804+00:00,14,0,0,0,19.85974753470535,0.9377455211735378,0.0,zonia,0,False
2025-06-07 23:47:59.044349804+00:00,14,0,0,0,19.79052557703455,0.9356707166477689,0.0,zonia,0,False
2025-06-08 00:10:12.740782804+00:00,14,0,0,0,19.94715117834039,0.9418645411899472,0.0,zonia,0,False
2025-06-08 00:15:50.742333804+00:00,14,0,0,0,20.107770587157997,0.9286524402395119,0.0,zonia,0,False
2025-06-08 00:30:40.150085804+00:00,14,0,0,0,20.431407105328105,0.9285556512905845,0.0,zonia,0,False
2025-06-08 00:40:44.129097804+00:00,14,0,0,0,19.639016784598663,0.9185300239114736,0.0,zonia,0,False
2025-06-08 00:50:29.952427804+00:00,14,0,0,0,18.988021479304752,0.9221308530228237,0.0,zonia,0,False
2025-06-08 01:06:49.640287804+00:00,14,0,0,0,18.753444860071507,0.9191341942292446,0.0,zonia,0,False
2025-06-08 01:13:13.552545804+00:00,14,0,0,0,18.390591002785992,0.8949032414273325,0.0,zonia,0,False
2025-06-08 01:33:34.169403804+00:00,14,0,0,0,19.077643712589744,0.87851325135861,0.0,zonia,0,False
2025-06-08 01:40:30.251840804+00:00,14,0,0,0,18.372969417585566,0.8863121322603421,0.0,zonia,0,False
2025-06-08 02:11:19.513248804+00:00,14,0,0,0,18.17522330606367,0.8936834845000946,0.0,zonia,0,False
2025-06-08 02:19:39.556699804+00:00,14,0,0,0,18.34880492314418,0.895075654407731,0.0,zonia,0,False
2025-06-08 02:46:03.734330804+00:00,14,0,0,0,17.663419791544943,0.9000429057314844,0.0,zonia,0,False
2025-06-08 02:55:53.322480804+00:00,14,0,0,0,18.968562617692648,0.8989891031549903,0.0,zonia,0,False
2025-06-08 04:05:19.911390804+00:00,14,0,0,0,19.96888639915987,0.886393986869348,0.0,zonia,0,False
2025-06-08 04:17:36.763011804+00:00,14,0,0,0,19.907600193503715,0.8853096727166975,0.0,zonia,0,False
2025-06-08 04:25:33.708069804+00:00,14,0,0,0,20.338079934060136,0.8900109594642123,0.0,zonia,0,False
2025-06-08 04:43:45.654431804+00:00,14,0,0,0,20.69709800168074,0.9111245637034486,0.0,zonia,0,False
2025-06-08 04:43:53.523110804+00:00,14,0,0,0,20.73336506011181,0.9142260077723222,0.0,zonia,0,False
2025-06-08 05:34:19.978643804+00:00,14,0,0,0,24.315578360033236,0.9175881552896812,0.0,zonia,0,False
2025-06-08 05:47:33.328748804+00:00,14,0,0,0,24.651792875125977,0.9408799227183938,0.0,zonia,0,False
2025-06-08 05:51:41.588402804+00:00,14,0,0,0,24.835777703896124,0.9492052812716602,0.0,zonia,0,False
2025-06-08 05:52:06.190359804+00:00,14,0,0,0,24.88895534021276,0.9539143727828127,0.0,zonia,0,False
2025-06-08 06:18:59.832295804+00:00,14,0,0,0,26.36972415050901,0.9549211128395656,0.0,zonia,0,False
2025-06-08 06:49:18.053634804+00:00,14,0,0,0,26.64272299865236,0.9259640387117232,0.0,zonia,0,False
2025-06-08 07:00:07.365520804+00:00,14,0,0,0,26.763918589876084,0.9351067043249763,0.0,zonia,0,False
2025-06-08 07:21:19.991827804+00:00,14,0,0,0,27.42236284363326,0.9302667736017572,0.0,zonia,0,False
2025-06-08 07:37:38.604631804+00:00,14,0,0,0,27.774678486942726,0.9360340209984057,0.0,zonia,0,False
2025-06-08 07:41:13.220218804+00:00,14,0,0,0,28.089652028953196,0.9311824709923548,0.0,zonia,0,False
2025-06-08 07:52:18.417651804+00:00,14,0,0,0,28.594208029065644,0.9312482058324804,0.0,zonia,0,False
2025-06-08 08:12:16.234422804+00:00,14,0,0,0,27.915454408943305,0.8291796731394594,0.0,zonia,0,False
2025-06-08 08:55:56.263569804+00:00,14,0,0,0,29.861330851570635,0.8480978756891604,0.0,zonia,0,False
2025-06-08 09:10:36.857607804+00:00,14,0,0,0,30.056161949347732,0.8504452159802206,0.0,zonia,0,False
2025-06-08 09:15:59.136573804+00:00,14,0,0,0,29.333849246834742,0.8436278412925661,0.0,zonia,0,False
2025-06-08 09:27:02.024990804+00:00,14,0,0,0,29.70136480994889,0.8604667697244212,0.0,zonia,0,False
2025-06-08 09:31:40.356637804+00:00,14,0,0,0,30.016287436510154,0.8879546939010762,0.0,zonia,0,False
2025-06-08 09:35:32.005718804+00:00,14,0,0,0,29.85706158475767,0.8884796374731676,0.0,zonia,0,False
2025-06-08 09:54:20.409787804+00:00,14,0,0,0,29.51609256254352,0.8974969604676728,0.0,zonia,0,False
2025-06-08 10:21:35.991243804+00:00,14,0,0,0,30.251417155351515,0.8927085335153506,0.0,zonia,0,False
2025-06-08 10:22:06.745208804+00:00,14,0,0,0,30.15381424618874,0.8910759119630083,0.0,zonia,0,False
2025-06-08 10:33:15.177657804+00:00,14,0,0,0,29.882362997402517,0.8977867080093338,0.0,zonia,0,False
2025-06-08 10:45:20.399602804+00:00,14,0,0,0,30.974638341505198,0.8959097456053806,0.0,zonia,0,False
2025-06-08 10:45:40.919428804+00:00,14,0,0,0,30.31071193252942,0.8953040226068036,0.0,zonia,0,False
2025-06-08 10:55:37.568447804+00:00,14,0,0,0,30.65518325767108,0.8893991073009179,0.0,zonia,0,False
2025-06-08 11:05:28.012443804+00:00,14,0,0,0,31.38744330931233,0.8865023569096026,0.0,zonia,0,False
2025-06-08 11:34:11.704423804+00:00,14,0,0,0,31.57867065652954,0.8840770794268967,0.0,zonia,0,False
2025-06-08 11:37:34.737079804+00:00,14,0,0,0,31.361805011567284,0.8789911839172392,0.0,zonia,0,False
2025-06-08 11:49:37.554359804+00:00,14,0,0,0,31.399046662431015,0.8796080666241257,0.0,zonia,0,False
2025-06-08 12:18:04.356599804+00:00,14,0,0,0,30.798720974607054,0.8952579488390773,0.0,zonia,0,False
2025-06-08 12:41:36.992292804+00:00,14,0,0,0,30.96963805855709,0.9018191288204253,0.0,zonia,0,False
2025-06-08 12:41:46.582925804+00:00,14,0,0,0,30.58309915231169,0.8982287652012284,0.0,zonia,0,False
2025-06-08 13:17:11.511899804+00:00,14,0,0,0,30.941719657368683,0.9000117589777533,0.0,zonia,0,False
2025-06-08 13:23:24.354570804+00:00,14,0,0,0,31.40911502428121,0.9053182053906016,0.0,zonia,0,False
2025-06-08 13:27:24.444154804+00:00,14,0,0,0,30.603973928734412,0.9092683813827261,0.0,zonia,0,False
2025-06-08 13:28:42.609821804+00:00,14,0,0,0,31.06350336338927,0.9088938695884323,0.0,zonia,0,False
2025-06-08 13:39:41.945842804+00:00,14,0,0,0,31.28747553114668,0.9069106618865236,0.0,zonia,0,False
2025-06-08 14:45:00.318264804+00:00,14,0,0,0,31.189015529088117,0.9271157376227445,0.0,zonia,0,False
2025-06-08 14:49:32.846172804+00:00,14,0,0,0,30.632114322550255,0.9324609968251212,0.0,zonia,0,False
2025-06-08 14:53:22.542590804+00:00,14,0,0,0,31.345225460812117,0.9429263408807518,0.0,zonia,0,False
2025-06-08 15:05:18.171192804+00:00,14,0,0,0,31.00039749955832,0.9456454639228282,0.0,zonia,0,False
2025-06-08 15:31:30.023860804+00:00,14,0,0,0,30.46180218353471,0.9525800275114044,0.0,zonia,0,False
2025-06-08 15:44:29.588036804+00:00,14,0,0,0,30.432692959627403,0.9552789269491614,0.0,zonia,0,False
2025-06-08 15:47:44.190390804+00:00,14,0,0,0,30.480244644425284,0.9570267595496557,0.0,zonia,0,False
2025-06-08 15:48:02.304757804+00:00,14,0,0,0,30.13149657610988,0.9576548518704053,0.0,zonia,0,False
2025-06-08 16:00:45.225969804+00:00,14,0,0,0,29.966451197283956,0.9678013817070775,0.0,zonia,0,False
2025-06-08 16:03:44.979037804+00:00,14,0,0,0,30.074411842144833,0.9677111102704582,0.0,zonia,0,False
2025-06-08 16:13:45.220080804+00:00,14,0,0,0,29.925594694025488,0.9697924123600518,0.0,zonia,0,False
2025-06-08 16:25:15.402136804+00:00,14,0,0,0,29.880693443136117,0.9709160921974496,0.0,zonia,0,False
2025-06-08 16:28:29.157938804+00:00,14,0,0,0,29.743298455279252,0.9711830466729273,0.0,zonia,0,False
2025-06-08 17:10:21.673525804+00:00,14,0,0,0,28.57149950878902,0.9731458370277055,0.0,zonia,0,False
2025-06-08 17:10:56.304436804+00:00,14,0,0,0,28.446797618053868,0.9760097187776331,0.0,zonia,0,False
2025-06-08 17:25:15.912163804+00:00,14,0,0,0,28.03479394703101,0.9783485440882315,0.0,zonia,0,False
2025-06-08 17:25:20.299248804+00:00,14,0,0,0,28.04470271091261,0.98000024656235,0.0,zonia,0,False
2025-06-08 18:06:32.698976804+00:00,14,0,0,0,26.260425652714016,0.9811890799891786,0.0,zonia,0,False
2025-06-08 18:07:49.825288804+00:00,14,0,0,0,26.395644292667747,0.981056028182741,0.0,zonia,0,False
2025-06-08 18:28:32.004566804+00:00,14,0,0,0,25.375827502066592,0.9823548981406073,0.0,zonia,0,False
2025-06-08 19:00:24.319173804+00:00,14,0,0,0,24.649240381032595,0.9850775346969699,0.0,zonia,0,False
2025-06-08 19:43:14.325737804+00:00,14,0,0,0,23.40710550786622,0.9812931866587221,0.0,zonia,0,False
2025-06-08 20:07:17.094510804+00:00,14,0,0,0,22.94450743995791,0.9776841589616655,0.0,zonia,0,False
2025-06-08 20:22:31.934983804+00:00,14,0,0,0,22.633136658457328,0.9782946108687931,0.0,zonia,0,False
2025-06-08 20:34:13.448962804+00:00,14,0,0,0,22.419114309149904,0.9698698369807446,0.0,zonia,0,False
2025-06-08 20:46:43.394964804+00:00,14,0,0,0,21.88339203654379,0.9678122143346867,0.0,zonia,0,False
2025-06-08 21:06:58.012864804+00:00,14,0,0,0,21.15345294862085,0.9678309434185276,0.0,zonia,0,False
2025-06-08 21:08:59.214164804+00:00,14,0,0,0,21.20073595370425,0.9676255466956849,0.0,zonia,0,False
2025-06-08 21:13:52.964551804+00:00,14,0,0,0,20.770163270696976,0.9661129376576828,0.0,zonia,0,False
2025-06-08 21:22:17.732189804+00:00,14,0,0,0,21.03439563968174,0.9560871427938137,0.0,zonia,0,False
2025-06-08 21:26:03.499849804+00:00,14,0,0,0,20.450632094524508,0.9499336767863295,0.0,zonia,0,False
2025-06-08 21:28:09.620090804+00:00,14,0,0,0,20.526171517449427,0.9544004075690479,0.0,zonia,0,False
2025-06-08 21:41:28.607156804+00:00,14,0,0,0,20.810729322490122,0.9512446183119463,0.0,zonia,0,False
2025-06-08 21:46:05.638074804+00:00,14,0,0,0,20.38166566284873,0.9580290495357929,0.0,zonia,0,False
2025-06-08 22:06:47.203434804+00:00,14,0,0,0,18.917161854878774,0.8624664404904427,0.0,zonia,0,False
2025-06-08 22:43:34.207447804+00:00,14,0,0,0,18.933429778002047,0.8740175783196923,0.0,zonia,0,False
2025-06-08 22:55:47.552291804+00:00,14,0,0,0,19.1461404586347,0.867424627438558,0.0,zonia,0,False
2025-06-08 23:22:39.558578804+00:00,14,0,0,0,17.617928538672537,0.8606587449739146,0.0,zonia,0,False
2025-06-08 23:47:12.977264804+00:00,14,0,0,0,17.57142353252497,0.8683890938941519,0.0,zonia,0,False
2025-06-08 23:53:44.164266804+00:00,14,0,0,0,18.26728902388284,0.8603216852355768,0.0,zonia,0,False
2025-06-09 00:05:46.364183804+00:00,14,0,0,0,17.309228312418576,0.8545166597019398,0.0,zonia,0,False
2025-06-09 00:08:35.023348804+00:00,14,0,0,0,17.368264580115483,0.853657184255196,0.0,zonia,0,False
2025-06-09 00:20:42.913204804+00:00,14,0,0,0,17.024707967374244,0.849822566945558,0.0,zonia,0,False
2025-06-09 00:23:41.309523804+00:00,14,0,0,0,17.52503740339238,0.8521306682624737,0.0,zonia,0,False
2025-06-09 00:24:57.822667804+00:00,14,0,0,0,18.18953348020367,0.8875190493971825,0.0,zonia,0,False
2025-06-09 00:34:14.648775804+00:00,14,0,0,0,17.494334886360804,0.8886577471855713,0.0,zonia,0,False
2025-06-09 01:13:03.909132804+00:00,14,0,0,0,17.2739829368786,0.8789602884975404,0.0,zonia,0,False
2025-06-09 01:23:09.009945804+00:00,14,0,0,0,17.49898198533111,0.8911940713533923,0.0,zonia,0,False
2025-06-09 01:24:48.628691804+00:00,14,0,0,0,17.401945259555653,0.8877529803560582,0.0,zonia,0,False
2025-06-09 01:42:46.612622804+00:00,14,0,0,0,17.228026597048363,0.8805907486234654,0.0,zonia,0,False
2025-06-09 02:13:20.480242804+00:00,14,0,0,0,17.033132697807517,0.8783390837787582,0.0,zonia,0,False
2025-06-09 03:14:38.639783804+00:00,14,0,0,0,16.420691040553976,0.8935282368890747,0.0,zonia,0,False
2025-06-09 04:00:24.260009804+00:00,14,0,0,0,17.143791522177004,0.9165669702459243,0.0,zonia,0,False
2025-06-09 04:05:50.249026804+00:00,14,0,0,0,17.150296492219656,0.9208334902848508,0.0,zonia,0,False
2025-06-09 04:06:44.902896804+00:00,14,0,0,0,16.96007374626568,0.9247018617191509,0.0,zonia,0,False
2025-06-09 04:19:20.995211804+00:00,14,0,0,0,17.51385332455546,0.9300244582767532,0.0,zonia,0,False
2025-06-09 04:33:42.321225804+00:00,14,0,0,0,17.76526327164699,0.9475916899460033,0.0,zonia,0,False
2025-06-09 04:36:33.685802804+00:00,14,0,0,0,17.875090020427244,0.9509906303885117,0.0,zonia,0,False
2025-06-09 05:02:54.436980804+00:00,14,0,0,0,18.781162734688223,0.9574834147147477,0.0,zonia,0,False
2025-06-09 05:04:35.754538804+00:00,14,0,0,0,19.66884279428728,0.952706423796802,0.0,zonia,0,False
2025-06-09 05:06:21.897610804+00:00,14,0,0,0,19.671942336768968,0.958547886948864,0.0,zonia,0,False
2025-06-09 05:19:45.643577804+00:00,14,0,0,0,20.169989851919865,0.95955958229297,0.0,zonia,0,False
2025-06-09 05:56:05.948697804+00:00,14,0,0,0,22.192618662488677,0.9595336259547718,0.0,zonia,0,False
2025-06-09 06:31:35.386882804+00:00,14,0,0,0,23.36806330505207,0.9617420768139554,0.0,zonia,0,False
2025-06-09 06:33:49.918821804+00:00,14,0,0,0,23.296466029620092,0.9655198478824921,0.0,zonia,0,False
2025-06-09 06:39:42.503033804+00:00,14,0,0,0,23.53096532598659,0.9660038743334859,0.0,zonia,0,False
2025-06-09 07:09:31.537290804+00:00,14,0,0,0,24.219114161819913,0.9593331624109102,0.0,zonia,0,False
2025-06-09 07:23:05.403962804+00:00,14,0,0,0,24.645144835728757,0.9392888967614051,0.0,zonia,0,False
2025-06-09 07:24:32.110758804+00:00,14,0,0,0,24.357607396520358,0.9401133138456486,0.0,zonia,0,False
2025-06-09 07:33:12.197095804+00:00,14,0,0,0,24.800774908095743,0.9399684165574055,0.0,zonia,0,False
2025-06-09 07:39:21.761685804+00:00,14,0,0,0,24.788557141562805,0.9415592262112727,0.0,zonia,0,False
2025-06-09 07:56:06.658892804+00:00,14,0,0,0,25.41989576997206,0.940720486121487,0.0,zonia,0,False
2025-06-09 08:20:09.280414804+00:00,14,0,0,0,25.958152766560687,0.9371544525572283,0.0,zonia,0,False
2025-06-09 08:21:01.709820804+00:00,14,0,0,0,26.141668040625877,0.9276097760062747,0.0,zonia,0,False
2025-06-09 08:26:51.428084804+00:00,14,0,0,0,25.708264676837175,0.9273353008284421,0.0,zonia,0,False
2025-06-09 08:53:57.530602804+00:00,14,0,0,0,26.895803318396403,0.9263581662872274,0.0,zonia,0,False
2025-06-09 09:08:06.438055804+00:00,14,0,0,0,27.13962850135905,0.9424192174787169,0.0,zonia,0,False
2025-06-09 09:08:36.741644804+00:00,14,0,0,0,27.41387690948991,0.9518007842182309,0.0,zonia,0,False
2025-06-09 09:40:51.464107804+00:00,14,0,0,0,27.833206428667225,0.9543204123458272,0.0,zonia,0,False
2025-06-09 09:41:47.780307804+00:00,14,0,0,0,27.55269817066487,0.9647414175688817,0.0,zonia,0,False
2025-06-09 09:52:27.663110804+00:00,14,0,0,0,28.31949151551054,0.9577347763760964,0.0,zonia,0,False
2025-06-09 09:54:02.062782804+00:00,14,0,0,0,28.031903534561764,0.954462862496859,0.0,zonia,0,False
2025-06-09 10:11:47.649609804+00:00,14,0,0,0,27.843419066150805,0.9573933656302056,0.0,zonia,0,False
2025-06-09 10:12:14.409926804+00:00,14,0,0,0,27.415350283532046,0.9664648132631549,0.0,zonia,0,False
2025-06-09 10:51:05.452859804+00:00,14,0,0,0,27.366953189301015,0.9666673563813059,0.0,zonia,0,False
2025-06-09 11:00:08.890654804+00:00,14,0,0,0,27.55515566383341,0.9666131573146224,0.0,zonia,0,False
2025-06-09 11:34:54.880362804+00:00,14,0,0,0,27.486027486579044,0.9719870248159171,0.0,zonia,0,False
2025-06-09 11:36:15.862751804+00:00,14,0,0,0,27.54041818691312,0.9741481640953372,0.0,zonia,0,False
2025-06-09 12:19:09.434538804+00:00,14,0,0,0,27.230334850934618,0.9752841663813729,0.0,zonia,0,False
2025-06-09 13:17:12.718031804+00:00,14,0,0,0,27.29325153690876,0.976767976544758,0.0,zonia,0,False
2025-06-09 13:31:17.152274804+00:00,14,0,0,0,27.628024492298053,0.97624918965361,0.0,zonia,0,False
2025-06-09 13:35:00.633153804+00:00,14,0,0,0,27.53635852437748,0.9739104459271399,0.0,zonia,0,False
2025-06-09 13:37:16.460375804+00:00,14,0,0,0,27.49517887418009,0.9655391448328452,0.0,zonia,0,False
2025-06-09 14:11:12.851419804+00:00,14,0,0,0,27.491392715247606,0.9676261015766549,0.0,zonia,0,False
2025-06-09 14:18:25.239522804+00:00,14,0,0,0,28.39572762438881,0.9654088437588478,0.0,zonia,0,False
2025-06-09 14:24:12.180418804+00:00,14,0,0,0,28.06182694807517,0.9654271922197657,0.0,zonia,0,False
2025-06-09 14:27:12.330624804+00:00,14,0,0,0,28.36638604272663,0.9575261682351358,0.0,zonia,0,False
2025-06-09 14:44:02.028366804+00:00,14,0,0,0,27.952037751117143,0.9545772944328238,0.0,zonia,0,False
2025-06-09 14:44:20.722008804+00:00,14,0,0,0,27.605759758347286,0.9479524591527805,0.0,zonia,0,False
2025-06-09 14:51:56.667891804+00:00,14,0,0,0,27.33549386712516,0.9539170866165094,0.0,zonia,0,False
2025-06-09 15:35:20.561519804+00:00,14,0,0,0,27.174051669122065,0.954002130233462,0.0,zonia,0,False
2025-06-09 15:36:42.534712804+00:00,14,0,0,0,27.536246086214465,0.9605887465301013,0.0,zonia,0,False
2025-06-09 16:03:09.598560804+00:00,14,0,0,0,26.87300323943663,0.9613201356739368,0.0,zonia,0,False
2025-06-09 16:08:31.939465804+00:00,14,0,0,0,26.850195470279083,0.9598462477730044,0.0,zonia,0,False
2025-06-09 16:10:02.725944804+00:00,14,0,0,0,26.59591752310933,0.96217066140332,0.0,zonia,0,False
2025-06-09 16:11:01.347931804+00:00,14,0,0,0,26.915151682601007,0.962410972611886,0.0,zonia,0,False
2025-06-09 16:29:48.654860804+00:00,14,0,0,0,26.492955273759755,0.9580132387114434,0.0,zonia,0,False
2025-06-09 16:35:25.226255804+00:00,14,0,0,0,26.43853028336565,0.9579568717060349,0.0,zonia,0,False
2025-06-09 16:49:40.604294804+00:00,14,0,0,0,26.459640819901892,0.9649228589644588,0.0,zonia,0,False
2025-06-09 16:52:35.310645804+00:00,14,0,0,0,26.420889731233274,0.9683850522211733,0.0,zonia,0,False
2025-06-09 17:37:24.673839804+00:00,14,0,0,0,25.33632538925696,0.9696604603139782,0.0,zonia,0,False
2025-06-09 18:07:54.212202804+00:00,14,0,0,0,24.122196985120834,0.9718310048924549,0.0,zonia,0,False
2025-06-09 18:08:40.799031804+00:00,14,0,0,0,23.935558588634006,0.9725609594364448,0.0,zonia,0,False
2025-06-09 18:12:21.405405804+00:00,14,0,0,0,24.17018134752334,0.9727226554416559,0.0,zonia,0,False
2025-06-09 18:15:42.268670804+00:00,14,0,0,0,23.954536024776665,0.9788745621551792,0.0,zonia,0,False
2025-06-09 19:13:51.093222804+00:00,14,0,0,0,20.947725141831295,0.9842776868618986,0.0,zonia,0,False
2025-06-09 20:03:35.319893804+00:00,14,0,0,0,19.626633318273903,0.9815792422720184,0.0,zonia,0,False
2025-06-09 20:16:33.715503804+00:00,14,0,0,0,19.35656476854647,0.9800370137838985,0.0,zonia,0,False
2025-06-09 20:33:10.967172804+00:00,14,0,0,0,18.873525962686625,0.9432953919191173,0.0,zonia,0,False
2025-06-09 20:45:51.351999804+00:00,14,0,0,0,18.72298468595213,0.9457967881436316,0.0,zonia,0,False
2025-06-09 20:51:41.830477804+00:00,14,0,0,0,18.825660715788814,0.9478112952601556,0.0,zonia,0,False
2025-06-09 21:43:32.533183804+00:00,14,0,0,0,18.11625701280242,0.9433357122285904,0.0,zonia,0,False
2025-06-09 21:43:56.592753804+00:00,14,0,0,0,18.225445323464157,0.9409473569687454,0.0,zonia,0,False
2025-06-09 22:11:20.787394804+00:00,14,0,0,0,17.34692621109927,0.9419538776078576,0.0,zonia,0,False
2025-06-09 22:13:17.330402804+00:00,14,0,0,0,17.333011162640346,0.9612275332755672,0.0,zonia,0,False
2025-06-09 22:53:49.343984804+00:00,14,0,0,0,16.52946351736969,0.9589657021064613,0.0,zonia,0,False
2025-06-09 23:07:35.049926804+00:00,14,0,0,0,15.86707371157564,0.9443901455431539,0.0,zonia,0,False
2025-06-09 23:26:32.272757804+00:00,14,0,0,0,15.975199885217688,0.9597695818786102,0.0,zonia,0,False
2025-06-09 23:41:01.344676804+00:00,14,0,0,0,15.978997287973558,0.9732757366388416,0.0,zonia,0,False
2025-06-10 00:00:45.566278804+00:00,14,0,0,0,15.599299045925363,0.97112563001309,0.0,zonia,0,False
2025-06-10 00:02:41.795361804+00:00,14,0,0,0,16.13292672971495,0.9734825338896085,0.0,zonia,0,False
2025-06-10 00:20:35.281395804+00:00,14,0,0,0,15.865889849127162,0.9711509925958207,0.0,zonia,0,False
2025-06-10 00:28:35.321178804+00:00,14,0,0,0,15.848253984194644,0.9694368331264951,0.0,zonia,0,False
2025-06-10 00:52:42.161854804+00:00,14,0,0,0,15.543241630869156,0.971818877311095,0.0,zonia,0,False
2025-06-10 00:53:10.776758804+00:00,14,0,0,0,15.237402697254554,0.9745458208918395,0.0,zonia,0,False
2025-06-10 00:53:22.801498804+00:00,14,0,0,0,15.575052377277409,0.9723004630321714,0.0,zonia,0,False
2025-06-10 00:57:09.150439804+00:00,14,0,0,0,15.267888449633972,0.9744751764231222,0.0,zonia,0,False
2025-06-10 01:28:04.471743804+00:00,14,0,0,0,15.030124566940223,0.9786346898091826,0.0,zonia,0,False
2025-06-10 01:38:19.532943804+00:00,14,0,0,0,14.925345396958024,0.9809499785176123,0.0,zonia,0,False
2025-06-10 01:46:13.483768804+00:00,14,0,0,0,14.957636300669428,0.9820061370922095,0.0,zonia,0,False
2025-06-10 02:11:44.762391804+00:00,14,0,0,0,14.882466449851977,0.9839696195134129,0.0,zonia,0,False
2025-06-10 02:39:08.625927804+00:00,14,0,0,0,14.517083401233867,0.9848541050191661,0.0,zonia,0,False
2025-06-10 02:40:10.961347804+00:00,14,0,0,0,14.874910856045497,0.9865324062809689,0.0,zonia,0,False
2025-06-10 02:42:14.634731804+00:00,14,0,0,0,14.55482042915335,0.9865403964003271,0.0,zonia,0,False
2025-06-10 02:57:49.444741804+00:00,14,0,0,0,14.881728385466412,0.9855020178038993,0.0,zonia,0,False
2025-06-10 03:04:58.774995804+00:00,14,0,0,0,14.576272652062526,0.986407702275517,0.0,zonia,0,False
2025-06-10 03:07:26.733251804+00:00,14,0,0,0,14.830704509064056,0.9870302242746251,0.0,zonia,0,False
2025-06-10 03:09:03.564594804+00:00,14,0,0,0,14.856859934394926,0.9873318404595891,0.0,zonia,0,False
2025-06-10 03:09:37.390942804+00:00,14,0,0,0,14.608055086775181,0.9876617549505834,0.0,zonia,0,False
2025-06-10 03:13:44.795680804+00:00,14,0,0,0,14.516627112186187,0.9877135573036702,0.0,zonia,0,False
2025-06-10 03:20:18.091271804+00:00,14,0,0,0,14.25352550868656,0.9879637960835731,0.0,zonia,0,False
2025-06-10 03:27:04.938114804+00:00,14,0,0,0,14.74601179877623,0.9870658245392362,0.0,zonia,0,False
2025-06-10 03:38:38.875273804+00:00,14,0,0,0,14.526053531002201,0.9871358741999657,0.0,zonia,0,False
2025-06-10 03:44:58.061680804+00:00,14,0,0,0,14.492603730378354,0.9874702504555181,0.0,zonia,0,False
2025-06-10 04:10:48.278106804+00:00,14,0,0,0,14.608397444711846,0.9868129821899665,0.0,zonia,0,False
2025-06-10 04:23:15.293217804+00:00,14,0,0,0,15.168462708333106,0.9844527969401013,0.0,zonia,0,False
2025-06-10 04:35:02.115636804+00:00,14,0,0,0,16.089144859308867,0.9829303407588134,0.0,zonia,0,False
2025-06-10 04:38:49.803397804+00:00,14,0,0,0,16.124431836273928,0.982155293688549,0.0,zonia,0,False
2025-06-10 04:47:46.278533804+00:00,14,0,0,0,16.49503626454017,0.979371097874394,0.0,zonia,0,False
2025-06-10 04:55:54.532288804+00:00,14,0,0,0,17.011030109230386,0.9812420645449463,0.0,zonia,0,False
2025-06-10 05:07:07.771851804+00:00,14,0,0,0,17.329586586007053,0.9824737058571895,0.0,zonia,0,False
2025-06-10 06:03:32.744179804+00:00,14,0,0,0,19.874508030890848,0.9824679560622237,0.0,zonia,0,False
2025-06-10 06:07:59.342030804+00:00,14,0,0,0,20.092791812034914,0.9818989117404068,0.0,zonia,0,False
2025-06-10 06:21:04.235770804+00:00,14,4,0,0,20.517876386213054,0.9829855119262187,0.5344985369619212,zonia,0,False
2025-06-10 06:42:40.345477804+00:00,14,4,0,0,21.79915032771927,0.9625766420684432,0.31143934273516494,zonia,0,False
2025-06-10 06:43:59.306326804+00:00,14,4,0,0,21.667783697247042,0.9645990918996425,0.19684976772506269,zonia,0,False
2025-06-10 07:33:51.313162804+00:00,14,4,0,0,23.683481862181843,0.9654334475641237,0.13760822900208425,zonia,0,False
2025-06-10 07:35:42.668904804+00:00,14,4,0,0,25.205027193517576,0.9597039926250247,-0.2047630448806177,zonia,0,False
2025-06-10 07:50:02.923506804+00:00,14,4,0,0,24.080837986321054,0.9618187720925689,-0.2047630448806177,zonia,0,False
2025-06-10 08:21:49.918118804+00:00,14,4,0,0,25.09075856942669,0.9541275281538943,-0.31660564077680087,zonia,0,False
2025-06-10 08:35:45.622426804+00:00,14,4,0,0,26.23318015732197,0.950623345643616,-0.42481151726353417,zonia,0,False
2025-06-10 08:39:00.039485804+00:00,14,4,0,0,25.700578857737298,0.9528615477806797,-0.48333406893951203,zonia,0,False
2025-06-10 08:51:04.757322804+00:00,14,4,0,0,25.68789751993139,0.9551489697696187,-0.48333406893951203,zonia,0,False
2025-06-10 08:56:11.612451804+00:00,14,4,0,0,26.159400297847704,0.9581601893766161,-0.48333406893951203,zonia,0,False
2025-06-10 09:21:39.796266804+00:00,14,4,0,0,26.551642690967846,0.9615383934933176,-0.5118399892734232,zonia,0,False
2025-06-10 09:24:10.010235804+00:00,14,4,0,0,26.535686165600932,0.9636177653209306,-0.5118399892734232,zonia,0,False
2025-06-10 09:25:20.861008804+00:00,14,4,0,0,26.51833131993551,0.9616426773555293,-0.5281986694919671,zonia,0,False
2025-06-10 09:27:24.020929804+00:00,14,4,0,0,26.63100854733956,0.961342272224486,-0.5281986694919671,zonia,0,False
2025-06-10 09:44:18.351571804+00:00,14,4,0,0,27.05216089004649,0.9698672288178283,-0.5834595672260847,zonia,0,False
2025-06-10 09:57:39.217044804+00:00,14,4,0,0,27.319879660817275,0.971046430397229,-0.64148004202074,zonia,0,False
2025-06-10 10:08:23.797184804+00:00,14,4,0,0,27.007972117206226,0.9767307797620504,-0.6499295441589192,zonia,0,False
2025-06-10 10:13:50.840650804+00:00,14,4,0,0,27.308477406643178,0.978547507685219,-0.6746643403902595,zonia,0,False
2025-06-10 10:17:50.624922804+00:00,14,4,0,0,27.562569210321,0.7898243002579817,0.0,zonia,0,False
2025-06-10 10:21:11.487018804+00:00,14,4,0,0,27.61854261718407,0.7906366206932824,0.0,zonia,0,False
2025-06-10 10:26:26.924157804+00:00,14,4,0,0,27.657937256666802,0.8294920615975799,0.0,zonia,0,False
2025-06-10 10:36:41.083258804+00:00,14,4,0,0,27.740256273054868,0.8532627025653807,0.0,zonia,0,False
2025-06-10 10:54:20.992905804+00:00,14,4,0,0,27.94396723882859,0.8533774829256584,0.0,zonia,0,False
2025-06-10 10:54:58.680621804+00:00,14,4,0,0,27.673033178482953,0.8137522748249341,0.0,zonia,0,False
2025-06-10 11:01:43.845095804+00:00,14,4,0,0,23.72068562534523,0.7347085432062938,0.0,zonia,0,False
2025-06-10 11:06:17.187261804+00:00,14,4,0,0,28.010096858764687,0.7321229724290813,0.0,zonia,0,False
2025-06-10 11:15:08.060245804+00:00,14,4,0,0,28.516539109513534,0.8107568974979434,0.0,zonia,0,False
2025-06-10 11:26:01.149141804+00:00,14,4,0,0,28.71951065300713,0.8652073561636655,0.0,zonia,0,False
2025-06-10 11:58:02.812066804+00:00,14,4,0,0,28.936673774275818,0.8830113705804994,0.0,zonia,0,False
2025-06-10 12:25:29.768042804+00:00,14,4,0,0,29.544201634941825,0.939103903356939,0.0,zonia,0,False
2025-06-10 12:39:02.151300804+00:00,14,4,0,0,29.489651155041262,0.9402168382260069,0.0,zonia,0,False
2025-06-10 12:53:48.045034804+00:00,14,4,0,0,29.724323498366346,0.9648891696565883,0.0,zonia,0,False
2025-06-10 13:47:07.102543804+00:00,14,4,0,0,30.395468079536546,1.0657969749252132,0.0,zonia,0,False
2025-06-10 13:58:19.835617804+00:00,14,4,0,0,30.688863874624133,1.0741322688397545,0.0,zonia,0,False
2025-06-10 14:07:04.222429804+00:00,14,4,0,0,30.985048909877875,1.0776667340789892,0.0,zonia,0,False
2025-06-10 14:28:27.752317804+00:00,14,4,0,0,30.618238364996262,1.0848006415639129,0.0,zonia,0,False
2025-06-10 15:24:31.487613804+00:00,14,4,0,0,30.898802097837354,1.0896196845591484,0.0,zonia,0,False
2025-06-10 15:48:15.023323804+00:00,14,4,0,0,30.8404508239344,1.0918307208045073,0.0,zonia,0,False
2025-06-10 15:48:26.841067804+00:00,14,4,0,0,30.788794800083142,1.0869500478848966,0.0,zonia,0,False
2025-06-10 15:58:23.310760804+00:00,14,4,0,0,30.731075023960447,1.084699709371159,0.0,zonia,0,False
2025-06-10 16:01:37.385921804+00:00,14,4,0,0,30.897289090000584,1.0891075852362206,0.0,zonia,0,False
2025-06-10 17:01:13.764812804+00:00,14,4,0,0,30.124256128134967,1.090507077703837,0.0,zonia,0,False
2025-06-10 17:44:43.735359804+00:00,14,4,0,0,28.219329592003234,1.1350929191754118,0.0,zonia,0,False
2025-06-10 18:00:24.136025804+00:00,14,4,0,0,27.63076095479891,1.1558277956669938,0.0,zonia,0,False
2025-06-10 18:18:43.078716804+00:00,14,4,0,0,25.75104656315082,1.1560595535425136,0.0,zonia,0,False
2025-06-10 18:48:03.511760804+00:00,14,4,0,0,24.787765899224055,1.1320459457850434,0.0,zonia,0,False
2025-06-10 18:48:21.320255804+00:00,14,4,0,0,24.486283869132734,1.230847628800566,0.0,zonia,0,False
2025-06-10 18:52:40.860945804+00:00,14,4,0,0,24.545714116050743,1.2375696628585553,0.0,zonia,0,False
2025-06-10 19:13:49.963432804+00:00,14,4,0,0,23.537473041193035,1.2393274391978135,0.0,zonia,0,False
2025-06-10 19:23:24.552414804+00:00,14,4,0,0,23.560161980657952,1.2743746939545921,0.0,zonia,0,False
2025-06-10 19:41:22.574006804+00:00,14,4,0,0,23.054574556618444,1.2936365395172926,0.0,zonia,0,False
2025-06-10 19:51:56.377933804+00:00,14,4,0,0,22.297151216360707,1.2923777326623078,0.0,zonia,0,False
2025-06-10 19:54:02.203698804+00:00,14,4,0,0,22.488654294430397,1.2984810093886616,0.0,zonia,0,False
2025-06-10 20:00:30.046618804+00:00,14,4,0,0,22.499723460834144,1.3202562875111497,0.0,zonia,0,False
2025-06-10 20:10:38.593194804+00:00,14,4,0,0,21.76629207776112,1.3150391981985965,0.0,zonia,0,False
2025-06-10 20:29:12.397792804+00:00,14,4,0,0,21.569300894906668,1.3282759445642331,0.0,zonia,0,False
2025-06-10 20:46:44.236640804+00:00,14,4,0,0,21.483459239236474,1.336557096886232,0.0,zonia,0,False
2025-06-10 20:57:26.199513804+00:00,14,4,0,0,21.065355466313186,1.3386322268506488,0.0,zonia,0,False
2025-06-10 21:01:51.077509804+00:00,14,4,0,0,20.8223780781924,1.345176919355182,0.0,zonia,0,False
2025-06-10 21:28:05.801714804+00:00,14,4,0,0,20.633844673602933,1.346603563482685,0.0,zonia,0,False
2025-06-10 21:34:47.735780804+00:00,14,4,0,0,19.77469195932465,1.348990148711578,0.0,zonia,0,False
2025-06-10 21:44:20.879021804+00:00,14,4,0,0,19.605071440960185,1.3496198575863696,0.0,zonia,0,False
2025-06-10 22:06:28.351393804+00:00,14,4,0,0,19.232437729920022,1.3459395353056203,0.0,zonia,0,False
2025-06-10 22:07:46.818768804+00:00,14,4,0,0,19.592056453696827,1.3427661810772713,0.0,zonia,0,False
2025-06-10 23:04:39.941925804+00:00,14,4,0,0,18.659766845707658,1.3468939835039448,0.0,zonia,0,False
2025-06-10 23:12:57.756236804+00:00,14,4,0,0,18.68402096214672,1.3494876637135786,0.0,zonia,0,False
2025-06-10 23:50:54.333735804+00:00,14,4,0,0,18.27590474963455,1.3528669173562773,0.0,zonia,0,False
2025-06-11 00:11:46.592245804+00:00,14,4,0,0,18.309583942083925,1.3533717282776867,0.0,zonia,0,False
2025-06-11 00:17:17.259869804+00:00,14,4,0,0,18.311786327193314,1.352722644954531,0.0,zonia,0,False
2025-06-11 00:27:41.195851804+00:00,14,4,0,0,18.423090731784974,1.3553915085469004,0.0,zonia,0,False
2025-06-11 00:32:44.207966804+00:00,14,4,0,0,18.32122205394207,1.3645333286474388,0.0,zonia,0,False
2025-06-11 01:09:56.546445804+00:00,14,4,0,0,18.066798052428872,1.3688685053937164,0.0,zonia,0,False
2025-06-11 01:22:05.332954804+00:00,14,4,0,0,17.85832777249919,1.3689872186322722,0.0,zonia,0,False
2025-06-11 01:48:02.185890804+00:00,14,4,0,0,17.683217977915604,1.365969042351805,0.0,zonia,0,False
2025-06-11 01:56:23.487327804+00:00,14,4,0,0,17.855479892979968,1.3718109232766746,0.0,zonia,0,False
2025-06-11 02:17:36.805732804+00:00,14,4,0,0,17.253124691712873,1.3671401263146037,0.0,zonia,0,False
2025-06-11 02:35:05.948534804+00:00,14,4,0,0,17.263029744896595,1.3699630333181185,0.0,zonia,0,False
2025-06-11 02:37:16.572466804+00:00,14,4,0,0,17.30913290113335,1.3686881664925754,0.0,zonia,0,False
2025-06-11 02:40:52.585339804+00:00,14,4,0,0,17.356340404712093,1.3689881310983096,0.0,zonia,0,False
2025-06-11 03:19:45.027846804+00:00,14,4,0,0,17.08670745983839,1.3733470434547321,0.0,zonia,0,False
2025-06-11 04:03:45.364011804+00:00,14,4,0,0,17.027312978268448,1.376436848822093,0.0,zonia,0,False
2025-06-11 04:09:40.993686804+00:00,14,4,0,0,17.45696073275205,1.3764014929974357,0.0,zonia,0,False
2025-06-11 04:14:55.286130804+00:00,14,4,0,0,17.68398467154469,1.3745829049494438,0.0,zonia,0,False
2025-06-11 04:15:42.319802804+00:00,14,4,0,0,17.817615860510344,1.3748368676718312,0.0,zonia,0,False
2025-06-11 04:31:48.845390804+00:00,14,4,0,0,18.476447290697504,1.3754610332561066,0.0,zonia,0,False
2025-06-11 04:47:48.181254804+00:00,14,4,0,0,19.56783833128256,1.3770695755787834,0.0,zonia,0,False
2025-06-11 04:48:25.550900804+00:00,14,4,0,0,19.550051357906483,1.3795333835059576,0.0,zonia,0,False
2025-06-11 05:27:41.955074804+00:00,14,4,0,0,21.676402170892622,1.377688142998632,0.0,zonia,0,False
2025-06-11 05:50:32.065027804+00:00,14,4,0,0,23.052913372250558,1.377535163326441,0.0,zonia,0,False
2025-06-11 06:06:02.740075804+00:00,14,4,0,0,24.251471511006123,1.3755603655064061,0.0,zonia,0,False
2025-06-11 06:25:05.093511804+00:00,14,4,0,0,25.08252079153879,1.3323667106522703,0.0,zonia,0,False
2025-06-11 06:38:46.100330804+00:00,14,4,0,0,25.928422336767053,1.3503366850580387,0.0,zonia,0,False
2025-06-11 06:52:02.004986804+00:00,14,4,0,0,27.460197683598558,1.3299456827614118,0.0,zonia,0,False
2025-06-11 07:32:31.419650804+00:00,14,4,0,0,27.96489630277371,1.336669825871999,0.0,zonia,0,False
2025-06-11 07:33:59.233439804+00:00,14,4,0,0,28.446367426046297,1.3461852911516892,0.0,zonia,0,False
2025-06-11 07:34:33.629256804+00:00,14,4,0,0,28.163773267418616,1.343893929799147,0.0,zonia,0,False
2025-06-11 07:38:18.204763804+00:00,14,4,0,0,28.2375296805355,1.3410363642639134,0.0,zonia,0,False
2025-06-11 08:21:46.607086804+00:00,14,4,0,0,30.136261110399484,1.346450658546806,0.0,zonia,0,False
2025-06-11 08:26:31.826409804+00:00,14,4,0,0,29.702938622100106,1.3521000443783786,0.0,zonia,0,False
2025-06-11 08:34:05.751706804+00:00,14,4,0,0,30.030467707298865,1.3609589447958235,0.0,zonia,0,False
2025-06-11 08:35:09.922030804+00:00,14,4,0,0,29.99755319836075,1.361437006786931,0.0,zonia,0,False
2025-06-11 08:42:47.258183804+00:00,14,4,0,0,29.712547665387227,1.3633324212651037,0.0,zonia,0,False
2025-06-11 08:56:27.622328804+00:00,14,4,0,0,30.330960302071244,1.3682393471566336,0.0,zonia,0,False
2025-06-11 08:56:48.603685804+00:00,14,4,0,0,30.50251473276576,1.372806925481766,0.0,zonia,0,False
2025-06-11 09:02:03.051307804+00:00,14,4,0,0,30.479528249407892,1.3789328562378347,0.0,zonia,0,False
2025-06-11 09:08:00.982189804+00:00,14,4,0,0,30.169819759200063,1.378612295062164,0.0,zonia,0,False
2025-06-11 09:22:42.525106804+00:00,14,4,0,0,30.54246008316109,1.3778936778696793,0.0,zonia,0,False
2025-06-11 09:25:00.212387804+00:00,14,4,0,0,30.878000194719057,1.3756016643535944,0.0,zonia,0,False
2025-06-11 09:34:42.868219804+00:00,14,4,0,0,30.65275776816121,1.3754716597492087,0.0,zonia,0,False
2025-06-11 09:40:27.684803804+00:00,14,4,0,0,30.737530427282586,1.376808482731119,0.0,zonia,0,False
2025-06-11 09:45:49.521337804+00:00,14,4,0,0,30.552297942959278,1.3194572176142567,0.0,zonia,0,False
2025-06-11 10:02:08.264934804+00:00,14,4,0,0,31.161027320183383,1.3179427094657234,0.0,zonia,0,False
2025-06-11 10:25:53.704259804+00:00,14,4,0,0,31.588991120548595,1.3468525245617182,0.0,zonia,0,False
2025-06-11 10:25:56.602071804+00:00,14,4,0,0,31.635405815082862,1.3578563287646066,0.0,zonia,0,False
2025-06-11 10:30:24.573507804+00:00,14,4,0,0,31.686377183145634,1.3559499797160934,0.0,zonia,0,False
2025-06-11 10:44:14.845402804+00:00,14,4,0,0,31.797891170142268,1.3564000207883213,0.0,zonia,0,False
2025-06-11 10:48:51.405698804+00:00,14,4,0,0,32.06432976699607,1.356279490486573,0.0,zonia,0,False
2025-06-11 11:03:49.878505804+00:00,14,4,0,0,31.653334571610323,1.3576815822252917,0.0,zonia,0,False
2025-06-11 11:06:46.724449804+00:00,14,4,0,0,31.7952233748848,1.3680724054921654,0.0,zonia,0,False
2025-06-11 11:26:28.903482804+00:00,14,4,0,0,32.19327807928833,1.3712238743746776,0.0,zonia,0,False
2025-06-11 11:40:20.243596804+00:00,14,4,0,0,32.09177223692481,1.375133359108323,0.0,zonia,0,False
2025-06-11 12:02:09.139315804+00:00,14,4,0,0,32.52379282304963,1.366658105197384,0.0,zonia,0,False
2025-06-11 12:09:33.913615804+00:00,14,4,0,0,32.356730212147326,1.3664215103465138,0.0,zonia,0,False
2025-06-11 12:20:09.852248804+00:00,14,4,0,0,32.260456476206194,1.355920793400958,0.0,zonia,0,False
2025-06-11 12:29:30.132283804+00:00,14,4,0,0,32.12314298138361,1.3587995776101802,0.0,zonia,0,False
2025-06-11 12:47:51.182317804+00:00,14,4,0,0,33.126405201574926,1.350262058529485,0.0,zonia,0,False
2025-06-11 13:09:04.961830804+00:00,14,4,0,0,32.65385195578415,1.351014144155437,0.0,zonia,0,False
2025-06-11 13:11:54.709675804+00:00,14,4,0,0,32.78443864187883,1.348738683103358,0.0,zonia,0,False
2025-06-11 13:24:43.794950804+00:00,14,4,0,0,33.10064499989253,1.3522587491145752,0.0,zonia,0,False
2025-06-11 13:27:54.553312804+00:00,14,4,0,0,32.789436341764436,1.3422828487495297,0.0,zonia,0,False
2025-06-11 13:29:34.760998804+00:00,14,4,0,0,32.62208592728966,1.3353424182532154,0.0,zonia,0,False
2025-06-11 13:38:16.481337804+00:00,14,4,0,0,32.62185151972669,1.3367369399173097,0.0,zonia,0,False
2025-06-11 13:41:09.974295804+00:00,14,4,0,0,32.417890785346685,1.3406585502657247,0.0,zonia,0,False
2025-06-11 13:43:37.404274804+00:00,14,4,0,0,33.04760541922646,1.3289272478120764,0.0,zonia,0,False
2025-06-11 14:08:06.713867804+00:00,14,4,0,0,32.71319383264752,1.2577288624276668,0.0,zonia,0,False
2025-06-11 14:19:31.246577804+00:00,14,4,0,0,33.676684668119016,1.2927857132120437,0.0,zonia,0,False
2025-06-11 14:30:49.203076804+00:00,14,4,0,0,32.942234303011986,1.2955806897150866,0.0,zonia,0,False
2025-06-11 14:46:37.266440804+00:00,14,4,0,0,33.10719857077286,1.3152410246661859,0.0,zonia,0,False
2025-06-11 14:54:51.352841804+00:00,14,4,0,0,32.417827394339916,1.3216032716125898,0.0,zonia,0,False
2025-06-11 14:55:43.537344804+00:00,14,4,0,0,32.80659984782122,1.3214628822478258,0.0,zonia,0,False
2025-06-11 14:57:07.663573804+00:00,14,4,0,0,33.44150902597103,1.3313227675008457,0.0,zonia,0,False
2025-06-11 14:58:05.908569804+00:00,14,4,0,0,32.98282024980246,1.3412004877431496,0.0,zonia,0,False
2025-06-11 15:24:08.236485804+00:00,14,4,0,0,31.940915944835496,1.3380430833629404,0.0,zonia,0,False
2025-06-11 15:37:34.503524804+00:00,14,4,0,0,32.92971396671958,1.3403924005382164,0.0,zonia,0,False
2025-06-11 15:51:30.173868804+00:00,14,4,0,0,32.60204641062216,1.3352611026667411,0.0,zonia,0,False
2025-06-11 16:40:46.961956804+00:00,14,4,0,0,30.271647698819006,1.3404025854723287,0.0,zonia,0,False
2025-06-11 16:55:09.242970804+00:00,14,4,0,0,30.626171850633362,1.3423481522679945,0.0,zonia,0,False
2025-06-11 16:55:16.881351804+00:00,14,4,0,0,30.226176613969592,1.3430004626394358,0.0,zonia,0,False
2025-06-11 17:09:46.950667804+00:00,14,4,0,0,29.923374543673123,1.344458054867253,0.0,zonia,0,False
2025-06-11 17:32:27.360575804+00:00,14,4,0,0,28.782659895804372,1.3438681279648892,0.0,zonia,0,False
2025-06-11 17:33:55.865055804+00:00,14,4,0,0,29.48447779608995,1.3418338445554823,0.0,zonia,0,False
2025-06-11 17:45:06.383036804+00:00,14,4,0,0,28.468845438596755,1.3469533380658645,0.0,zonia,0,False
2025-06-11 17:45:12.337688804+00:00,14,4,0,0,28.36152496398537,1.3491168818470405,0.0,zonia,0,False
2025-06-11 17:52:39.461647804+00:00,14,4,0,0,27.94419739296884,1.3601365759547062,0.0,zonia,0,False
2025-06-11 18:08:19.291629804+00:00,14,4,0,0,27.887122984332823,1.363379595561567,0.0,zonia,0,False
2025-06-11 18:15:38.330837804+00:00,14,4,0,0,27.126064111509603,1.3664356739886876,0.0,zonia,0,False
2025-06-11 18:37:57.741521804+00:00,14,4,0,0,26.36595648881096,1.3671708468259083,0.0,zonia,0,False
2025-06-11 18:43:32.239078804+00:00,14,4,0,0,26.36470780587029,1.3665331707764037,0.0,zonia,0,False
2025-06-11 18:47:53.882226804+00:00,14,4,0,0,25.92907696585839,1.3672290829485971,0.0,zonia,0,False
2025-06-11 18:56:58.744630804+00:00,14,4,0,0,25.06660659731314,1.3725714072108985,0.0,zonia,0,False
2025-06-11 19:11:51.715926804+00:00,14,4,0,0,24.76035459747376,1.3717544351198876,0.0,zonia,0,False
2025-06-11 19:59:00.138603804+00:00,14,4,0,0,22.93461753316665,1.3715394069381568,0.0,zonia,0,False
2025-06-11 20:04:23.771532804+00:00,14,4,0,0,22.74335179622713,1.3747793437283566,0.0,zonia,0,False
2025-06-11 20:22:23.457719804+00:00,14,4,0,0,21.940767754266616,1.380093433665215,0.0,zonia,0,False
2025-06-11 20:26:41.391243804+00:00,14,4,0,0,22.506178185668066,1.382602935093996,0.0,zonia,0,False
2025-06-11 20:45:01.859988804+00:00,14,4,0,0,21.96002091442605,1.3825640686601972,0.0,zonia,0,False
2025-06-11 20:47:39.608617804+00:00,14,4,0,0,22.071581472655293,1.3825886059301624,0.0,zonia,0,False
2025-06-11 21:00:05.122154804+00:00,14,4,0,0,21.76832317156894,1.3834079798870764,0.0,zonia,0,False
2025-06-11 21:28:43.365490804+00:00,14,4,0,0,21.09957137502354,1.3849703758109455,0.0,zonia,0,False
2025-06-11 21:41:42.638193804+00:00,14,4,0,0,20.056738071261837,1.328338139591753,0.0,zonia,0,False
2025-06-11 21:53:11.069743804+00:00,14,4,0,0,20.3077548432091,1.3384293915140006,0.0,zonia,0,False
2025-06-11 22:11:48.573738804+00:00,14,4,0,0,20.907591682276994,1.3310519196389448,0.0,zonia,0,False
2025-06-11 22:36:35.910944804+00:00,14,4,0,0,19.77075675774204,1.3325647330341037,0.0,zonia,0,False
2025-06-11 23:10:05.414624804+00:00,14,4,0,0,19.818707428346418,1.3497141593747437,0.0,zonia,0,False
2025-06-11 23:23:16.791633804+00:00,14,4,0,0,19.961794742680507,1.3506720789740316,0.0,zonia,0,False
2025-06-11 23:32:01.890969804+00:00,14,4,0,0,19.640682632630558,1.3474908652163615,0.0,zonia,0,False
2025-06-11 23:42:35.031661804+00:00,14,4,0,0,19.1842004635234,1.343413779155733,0.0,zonia,0,False
2025-06-11 23:53:13.109802804+00:00,14,4,0,0,19.39408847984886,1.3458085420214838,0.0,zonia,0,False
2025-06-11 23:54:05.400637804+00:00,14,4,0,0,18.96277505305284,1.356098698967301,0.0,zonia,0,False
2025-06-11 23:56:05.244265804+00:00,14,4,0,0,19.401049689528964,1.355298891619986,0.0,zonia,0,False
2025-06-12 00:10:41.514110804+00:00,14,4,0,0,19.375786508067833,1.3558730123531109,0.0,zonia,0,False
2025-06-12 00:27:29.771523804+00:00,14,4,0,0,19.02772329950773,1.3609750288621656,0.0,zonia,0,False
2025-06-12 01:06:19.661127804+00:00,14,4,0,0,18.285186087513953,1.3624553819517349,0.0,zonia,0,False
2025-06-12 01:07:02.918612804+00:00,14,4,0,0,18.53947940602225,1.3641679179584538,0.0,zonia,0,False
2025-06-12 01:17:45.681397804+00:00,14,4,0,0,18.26290960765074,1.3310235563288184,0.0,zonia,0,False
2025-06-12 01:48:26.622932804+00:00,14,4,0,0,18.09133501073165,1.3287115858744347,0.0,zonia,0,False
2025-06-12 01:49:13.829337804+00:00,14,4,0,0,18.17040262248528,1.3355223407442336,0.0,zonia,0,False
2025-06-12 02:24:16.736285804+00:00,14,4,0,0,18.31774724167862,1.3319557012262444,0.0,zonia,0,False
2025-06-12 02:39:19.994530804+00:00,14,4,0,0,17.337325836311347,1.3331751540228363,0.0,zonia,0,False
2025-06-12 03:04:49.851536804+00:00,14,4,0,0,17.399959510897546,1.3315056570458315,0.0,zonia,0,False
2025-06-12 03:24:07.196480804+00:00,14,4,0,0,16.702762284891392,1.3511852860701412,0.0,zonia,0,False
2025-06-12 03:36:18.476373804+00:00,14,4,0,0,16.952594465558203,1.3638554261192726,0.0,zonia,0,False
2025-06-12 03:50:59.509129804+00:00,14,4,0,0,16.6123022782854,1.367214327879833,0.0,zonia,0,False
2025-06-12 03:56:31.813128804+00:00,14,4,0,0,16.487688560424843,1.3699875184310542,0.0,zonia,0,False
2025-06-12 04:07:38.648495804+00:00,14,4,0,0,16.860444409682437,1.3706385515333346,0.0,zonia,0,False
2025-06-12 05:21:54.424348804+00:00,14,4,0,0,20.996730485430657,1.368250027154746,0.0,zonia,0,False
2025-06-12 05:25:56.788577804+00:00,14,4,0,0,21.2237565059708,1.3728056271880764,0.0,zonia,0,False
2025-06-12 05:27:50.888210804+00:00,14,4,0,0,21.53053382337777,1.370024953056941,0.0,zonia,0,False
2025-06-12 05:33:12.592247804+00:00,14,4,0,0,21.348177282074474,1.364175937661828,0.0,zonia,0,False
2025-06-12 05:38:35.521707804+00:00,14,4,0,0,21.876270265770486,1.366767616545773,0.0,zonia,0,False
2025-06-12 06:12:16.781334804+00:00,14,4,0,0,23.612538160500378,1.3678706440731472,0.0,zonia,0,False
2025-06-12 06:16:21.853890804+00:00,14,4,0,0,23.554502797769437,1.3691932446652932,0.0,zonia,0,False
2025-06-12 06:48:48.431710804+00:00,14,4,0,0,25.28482332361285,1.3754724034215324,0.0,zonia,0,False
2025-06-12 07:19:18.738659804+00:00,14,4,0,0,26.97676864824994,1.3791090635157572,0.0,zonia,0,False
2025-06-12 07:33:39.302181804+00:00,14,4,0,0,27.545186334748895,1.3771215745311327,0.0,zonia,0,False
2025-06-12 07:47:11.629322804+00:00,14,4,0,0,28.277533151583025,1.3783138339057788,0.0,zonia,0,False
2025-06-12 07:47:17.782928804+00:00,14,4,0,0,28.118530852600504,1.3788236503540663,0.0,zonia,0,False
2025-06-12 08:20:48.324983804+00:00,14,4,0,0,29.003500537602143,1.3816849929997783,0.0,zonia,0,False
2025-06-12 09:00:17.298220804+00:00,14,4,0,0,29.392308030362592,1.3839322647641468,0.0,zonia,0,False
2025-06-12 09:20:42.825342804+00:00,14,4,0,0,29.85746732936306,1.3856010468117788,0.0,zonia,0,False
2025-06-12 09:52:43.125963804+00:00,14,4,0,0,30.597348131964807,1.3836186450252896,0.0,zonia,0,False
2025-06-12 10:03:22.947097804+00:00,14,4,0,0,30.593396538931678,1.38431284321118,0.0,zonia,0,False
2025-06-12 10:18:51.545193804+00:00,14,4,0,0,30.657384846891023,1.3792227527299081,0.0,zonia,0,False
2025-06-12 10:20:28.954092804+00:00,14,4,0,0,30.587645011677942,1.376577503841824,0.0,zonia,0,False
2025-06-12 10:45:08.753445804+00:00,14,4,0,0,31.295453141980893,1.370516119260729,0.0,zonia,0,False
2025-06-12 11:23:45.783061804+00:00,14,4,0,0,31.696417111335762,1.3661651768809286,0.0,zonia,0,False
2025-06-12 11:29:38.780674804+00:00,14,4,0,0,31.99580677842555,1.3678539729334256,0.0,zonia,0,False
2025-06-12 11:35:33.296087804+00:00,14,4,0,0,31.833349428713362,1.3611911951162434,0.0,zonia,0,False
2025-06-12 11:46:02.487758804+00:00,14,4,0,0,32.30034514083932,1.3576754227938634,0.0,zonia,0,False
2025-06-12 11:58:57.358748804+00:00,14,4,0,0,32.792509769594226,1.355183830988269,0.0,zonia,0,False
2025-06-12 12:05:22.172871804+00:00,14,4,0,0,32.49866090536328,1.3535444069331217,0.0,zonia,0,False
2025-06-12 12:58:01.694034804+00:00,14,4,0,0,32.95709449774795,1.3472326206133396,0.0,zonia,0,False
2025-06-12 12:58:44.429651804+00:00,14,4,0,0,32.55937904926396,1.351379964602025,0.0,zonia,0,False
2025-06-12 13:01:07.968154804+00:00,14,4,0,0,32.97220987683676,1.3395041806668442,0.0,zonia,0,False
2025-06-12 13:10:00.042381804+00:00,14,4,0,0,33.21844505384196,1.343163765370058,0.0,zonia,0,False
2025-06-12 13:15:42.126319804+00:00,14,4,0,0,32.99376420222135,1.3391687650191717,0.0,zonia,0,False
2025-06-12 13:35:54.658166804+00:00,14,4,0,0,33.634863281251235,1.3384366471637665,0.0,zonia,0,False
2025-06-12 13:36:21.853072804+00:00,14,4,0,0,33.6769674639869,1.342843265187606,0.0,zonia,0,False
2025-06-12 13:37:56.871265804+00:00,14,4,0,0,33.435194522917214,1.3456055854847064,0.0,zonia,0,False
2025-06-12 13:53:52.556402804+00:00,14,4,0,0,33.27982331042561,1.3453895556659665,0.0,zonia,0,False
2025-06-12 14:05:50.596804804+00:00,14,4,0,0,32.69370934724935,1.3512570861579953,0.0,zonia,0,False
2025-06-12 14:11:39.516521804+00:00,14,4,0,0,33.38096692185673,1.3539469442639547,0.0,zonia,0,False
2025-06-12 14:20:18.743426804+00:00,14,4,0,0,33.48722536135298,1.3492160625726117,0.0,zonia,0,False
2025-06-12 14:27:37.931926804+00:00,14,4,0,0,33.88515836047768,1.3410174191076087,0.0,zonia,0,False
2025-06-12 14:27:44.092207804+00:00,14,4,0,0,34.022705161382206,1.3406172227427537,0.0,zonia,0,False
2025-06-12 14:35:44.121606804+00:00,14,4,0,0,33.52294372047799,1.3315361314259366,0.0,zonia,0,False
2025-06-12 14:46:32.114215804+00:00,14,4,0,0,33.08238890276705,1.327269469690577,0.0,zonia,0,False
2025-06-12 15:00:47.456107804+00:00,14,4,0,0,33.194578706106654,1.3240607700310743,0.0,zonia,0,False
2025-06-12 15:11:13.656665804+00:00,14,4,0,0,32.59595564366083,1.3189640435061047,0.0,zonia,0,False
2025-06-12 15:13:40.975670804+00:00,14,4,0,0,32.86641143720635,1.3227403134492783,0.0,zonia,0,False
2025-06-12 15:45:53.571047804+00:00,14,4,0,0,32.48794639717492,1.322271621495147,0.0,zonia,0,False
2025-06-12 16:03:36.720636804+00:00,14,4,0,0,31.85844087881536,1.3282899610061167,0.0,zonia,0,False
2025-06-12 16:15:19.231598804+00:00,14,4,0,0,31.99468378142793,1.3267888645808639,0.0,zonia,0,False
2025-06-12 16:32:00.806990804+00:00,14,4,0,0,31.278511454825647,1.3236682978328862,0.0,zonia,0,False
2025-06-12 16:32:05.374064804+00:00,14,4,0,0,30.88901851959185,1.325379957033284,0.0,zonia,0,False
2025-06-12 16:49:14.439250804+00:00,14,4,0,0,30.861074969715382,1.331715150649327,0.0,zonia,0,False
2025-06-12 16:54:10.803536804+00:00,14,4,0,0,30.901173607090698,1.335159532397564,0.0,zonia,0,False
2025-06-12 17:31:12.367820804+00:00,14,4,0,0,29.85294557855002,1.3420548411015625,0.0,zonia,0,False
2025-06-12 17:33:46.501237804+00:00,14,4,0,0,28.87337926927784,1.347844672033825,0.0,zonia,0,False
2025-06-12 17:39:03.119566804+00:00,14,4,0,0,29.069457006348227,1.3475313868546526,0.0,zonia,0,False
2025-06-12 17:44:41.712306804+00:00,14,4,0,0,28.73008550302808,1.3453467079064443,0.0,zonia,0,False
2025-06-12 17:51:50.303512804+00:00,14,4,0,0,28.84503248600752,1.3418356376671419,0.0,zonia,0,False
2025-06-12 17:54:39.984755804+00:00,14,4,0,0,28.472423132264872,1.341103657704526,0.0,zonia,0,False
2025-06-12 18:13:14.282910804+00:00,14,4,0,0,27.813631436230803,1.3445403513213408,0.0,zonia,0,False
2025-06-12 18:31:22.145388804+00:00,14,4,0,0,26.541352161187035,1.3501088120829077,0.0,zonia,0,False
2025-06-12 18:39:39.784499804+00:00,14,4,0,0,26.50292032652661,1.3528122116659609,0.0,zonia,0,False
2025-06-12 18:47:22.346211804+00:00,14,4,0,0,26.1888612553463,1.3561055030485019,0.0,zonia,0,False
2025-06-12 18:47:57.757346804+00:00,14,4,0,0,26.156519090433985,1.356895715094581,0.0,zonia,0,False
2025-06-12 19:03:40.578250804+00:00,14,4,0,0,25.752207465550708,1.3628592702472588,0.0,zonia,0,False
2025-06-12 19:21:46.745185804+00:00,14,4,0,0,24.328721364782936,1.349776554605063,0.0,zonia,0,False
2025-06-12 19:22:42.048696804+00:00,14,4,0,0,24.60094943160488,1.3414760855188608,0.0,zonia,0,False
2025-06-12 19:23:04.616697804+00:00,14,4,0,0,24.32266217736768,1.33970653540595,0.0,zonia,0,False
2025-06-12 19:24:10.575437804+00:00,14,4,0,0,24.356964251758953,1.3401182632706048,0.0,zonia,0,False
2025-06-12 19:32:56.404995804+00:00,14,4,0,0,23.500741983324993,1.342443969641747,0.0,zonia,0,False
2025-06-12 19:49:11.035472804+00:00,14,4,0,0,23.457730081125863,1.35395585810403,0.0,zonia,0,False
2025-06-12 19:50:43.384987804+00:00,14,4,0,0,23.41567946828255,1.356203656864617,0.0,zonia,0,False
2025-06-12 19:52:59.093688804+00:00,14,4,0,0,23.778648559449934,1.3640157685130228,0.0,zonia,0,False
2025-06-12 20:07:54.228895804+00:00,14,4,0,0,22.608986315785575,1.367665816923587,0.0,zonia,0,False
2025-06-12 20:12:16.917389804+00:00,14,4,0,0,22.768314577555795,1.369349752999418,0.0,zonia,0,False
2025-06-12 20:23:41.123422804+00:00,14,4,0,0,22.699645758911295,1.3699742583917751,0.0,zonia,0,False
2025-06-12 20:53:24.771029804+00:00,14,4,0,0,21.65031885021652,1.370534998426081,0.0,zonia,0,False
2025-06-12 21:05:15.895198804+00:00,14,4,0,0,21.64393859280698,1.3736257652607908,0.0,zonia,0,False
2025-06-12 21:47:06.608590804+00:00,14,4,0,0,21.15704142296483,1.36901432328568,0.0,zonia,0,False
2025-06-12 23:16:35.996074804+00:00,14,4,0,0,20.21132954167657,1.3538712240951265,0.0,zonia,0,False
2025-06-12 23:20:45.574317804+00:00,14,4,0,0,19.70954076974415,1.342786419678872,0.0,zonia,0,False
2025-06-12 23:41:19.997421804+00:00,14,4,0,0,20.584095178086496,1.344107959122869,0.0,zonia,0,False
2025-06-13 00:20:17.300849804+00:00,14,4,0,0,19.638017142881655,1.3500043491775666,0.0,zonia,0,False
2025-06-13 00:20:57.346924804+00:00,14,4,0,0,19.331319572483594,1.3515008661084074,0.0,zonia,0,False
2025-06-13 00:24:10.100057804+00:00,14,4,0,0,19.038332743344853,1.3536030216674866,0.0,zonia,0,False
2025-06-13 00:41:49.778218804+00:00,14,4,0,0,19.361472047810302,1.3505483993637735,0.0,zonia,0,False
2025-06-13 00:42:28.519146804+00:00,14,4,0,0,19.466462309489387,1.345445032646693,0.0,zonia,0,False
2025-06-13 00:51:56.855427804+00:00,14,4,0,0,19.079146833269366,1.3478760817171473,0.0,zonia,0,False
2025-06-13 01:15:59.856557804+00:00,14,4,0,0,18.954947855446736,1.3579713629916121,0.0,zonia,0,False
2025-06-13 02:01:02.627682804+00:00,14,4,0,0,18.1700019250805,1.3595400032792562,0.0,zonia,0,False
2025-06-13 02:37:16.433634804+00:00,14,4,0,0,18.398663034645747,1.3705750107793069,0.0,zonia,0,False
2025-06-13 02:46:33.532562804+00:00,14,4,0,0,18.118749998169076,1.3710485376920378,0.0,zonia,0,False
2025-06-13 03:07:22.147792804+00:00,14,4,0,0,18.19127951961448,1.3766108014325535,0.0,zonia,0,False
2025-06-13 03:10:50.112957804+00:00,14,4,0,0,18.174824946558182,1.3820683502239295,0.0,zonia,0,False
2025-06-13 03:17:35.123698804+00:00,14,4,0,0,17.95323298511924,1.3856230501154614,0.0,zonia,0,False
2025-06-13 03:31:58.794835804+00:00,14,4,0,0,17.8834926575363,1.3883259704960902,0.0,zonia,0,False
2025-06-13 04:44:07.103419804+00:00,14,4,0,0,19.705703908503565,1.3819893626663833,0.0,zonia,0,False
2025-06-13 05:05:19.694850804+00:00,14,4,0,0,20.912376821708932,1.3841655334447944,0.0,zonia,0,False
2025-06-13 05:18:19.500257804+00:00,14,4,0,0,21.434944044517305,1.3827082416306096,0.0,zonia,0,False
2025-06-13 05:33:33.719868804+00:00,14,4,0,0,22.660854541429128,1.371891122034284,0.0,zonia,0,False
2025-06-13 05:56:55.218368804+00:00,14,4,0,0,23.69508296759635,1.3693138182568176,0.0,zonia,0,False
2025-06-13 06:14:43.656066804+00:00,14,4,0,0,24.89156427331091,1.2779597078884881,0.0,zonia,0,False
2025-06-13 06:15:11.559979804+00:00,14,4,0,0,24.57195293695825,1.2520538429368175,0.0,zonia,0,False
2025-06-13 06:37:22.676806804+00:00,14,4,0,0,26.781760594647334,1.2768813786754163,0.0,zonia,0,False
2025-06-13 06:58:14.773540804+00:00,14,4,0,0,27.240113398709816,1.2753414965162218,0.0,zonia,0,False
2025-06-13 07:12:20.380569804+00:00,14,4,0,0,27.536206221010378,1.2759694200109204,0.0,zonia,0,False
2025-06-13 07:31:14.244909804+00:00,14,4,0,0,28.30231599176587,1.2750441636159004,0.0,zonia,0,False
2025-06-13 08:01:36.933079804+00:00,14,4,0,0,30.11546150496969,1.2786782895383775,0.0,zonia,0,False
2025-06-13 08:13:03.887222804+00:00,14,4,0,0,30.071730887112086,1.2923204996203799,0.0,zonia,0,False
2025-06-13 08:13:58.708838804+00:00,14,4,0,0,30.080979635036716,1.3302504336589533,0.0,zonia,0,False
2025-06-13 08:37:44.055630804+00:00,14,4,0,0,30.2101368618514,1.3489277155384567,0.0,zonia,0,False
2025-06-13 08:40:16.944709804+00:00,14,4,0,0,30.4824513507745,1.3509459365876664,0.0,zonia,0,False
2025-06-13 08:43:35.537155804+00:00,14,4,0,0,30.62918990457955,1.3531829056846616,0.0,zonia,0,False
2025-06-13 08:45:56.768283804+00:00,14,4,0,0,30.515785679352668,1.361323342966229,0.0,zonia,0,False
2025-06-13 08:47:55.986405804+00:00,14,4,0,0,30.570807610922774,1.362045461286988,0.0,zonia,0,False
2025-06-13 09:04:24.690269804+00:00,14,4,0,0,30.579149908180682,1.3634431599541101,0.0,zonia,0,False
2025-06-13 09:40:39.188820804+00:00,14,4,0,0,31.225546204819953,1.3604529965013952,0.0,zonia,0,False
2025-06-13 09:53:26.152686804+00:00,14,4,0,0,31.71671768999196,1.367956946982173,0.0,zonia,0,False
2025-06-13 10:11:16.150884804+00:00,14,4,0,0,31.903172582438877,1.3697145648635334,0.0,zonia,0,False
2025-06-13 10:27:05.098601804+00:00,14,4,0,0,32.57946727319528,1.37451722094792,0.0,zonia,0,False
2025-06-13 11:04:12.209240804+00:00,14,4,0,0,32.834200617047884,1.3732951526432142,0.0,zonia,0,False
2025-06-13 11:10:29.906026804+00:00,14,4,0,0,32.66863248149467,1.3670673119599646,0.0,zonia,0,False
2025-06-13 11:16:32.178717804+00:00,14,4,0,0,32.882852050690566,1.3654089923680863,0.0,zonia,0,False
2025-06-13 11:21:23.777895804+00:00,14,4,0,0,33.00061583287082,1.365619567361325,0.0,zonia,0,False
2025-06-13 11:35:55.942190804+00:00,14,4,0,0,33.00396716455854,1.364117748026399,0.0,zonia,0,False
2025-06-13 11:39:19.935740804+00:00,14,4,0,0,32.87341872174573,1.3605365168343089,0.0,zonia,0,False
2025-06-13 11:57:45.592462804+00:00,14,4,0,0,33.03205496440168,1.3573621797619568,0.0,zonia,0,False
2025-06-13 12:30:24.339440804+00:00,14,4,0,0,34.09337336510802,1.359653221911909,0.0,zonia,0,False
2025-06-13 12:34:46.995401804+00:00,14,4,0,0,34.09620644224865,1.3542971526197987,0.0,zonia,0,False
2025-06-13 12:40:56.810904804+00:00,14,4,0,0,33.520324675029315,1.3546392314862894,0.0,zonia,0,False
2025-06-13 12:49:27.062835804+00:00,14,4,0,0,33.66355560913686,1.3505091672606813,0.0,zonia,0,False
2025-06-13 13:19:45.424910804+00:00,14,4,0,0,34.37592731113893,1.350857944215763,0.0,zonia,0,False
2025-06-13 13:27:01.467716804+00:00,14,4,0,0,34.11219996381624,1.3520422738521485,0.0,zonia,0,False
2025-06-13 14:10:52.857526804+00:00,14,4,0,0,34.6686974953944,1.356082973933471,0.0,zonia,0,False
2025-06-13 14:25:16.336826804+00:00,14,4,0,0,33.68408893541913,1.3514556601218335,0.0,zonia,0,False
2025-06-13 14:32:11.137200804+00:00,14,4,0,0,33.81813030957521,1.3512157769608897,0.0,zonia,0,False
2025-06-13 15:03:04.300659804+00:00,14,4,0,0,33.17145248759255,1.3443013504389416,0.0,zonia,0,False
2025-06-13 15:09:53.152431804+00:00,14,4,0,0,32.82601577065638,1.3345765714501545,0.0,zonia,0,False
2025-06-13 15:27:02.003543804+00:00,14,4,0,0,33.12269725264701,1.335850512708774,0.0,zonia,0,False
2025-06-13 15:38:35.956344804+00:00,14,4,0,0,32.621482042230895,1.3273201025015378,0.0,zonia,0,False
2025-06-13 15:45:06.582788804+00:00,14,4,0,0,32.47802763671036,1.3296295406206027,0.0,zonia,0,False
2025-06-13 15:45:49.669556804+00:00,14,4,0,0,33.043474304647724,1.3332333455983676,0.0,zonia,0,False
2025-06-13 15:53:27.597656804+00:00,14,4,0,0,32.44060687149318,1.325382500321999,0.0,zonia,0,False
2025-06-13 15:56:01.248211804+00:00,14,4,0,0,32.39730815038128,1.327589839988263,0.0,zonia,0,False
2025-06-13 16:46:14.515938804+00:00,14,4,0,0,31.473285349433464,1.3351812727698535,0.0,zonia,0,False
2025-06-13 16:52:13.935604804+00:00,14,4,0,0,31.488825925562924,1.335060755361733,0.0,zonia,0,False
2025-06-13 17:14:46.295744804+00:00,14,4,0,0,30.906023535879196,1.3408764603398189,0.0,zonia,0,False
2025-06-13 17:15:26.294216804+00:00,14,4,0,0,30.948194090512633,1.340903102223216,0.0,zonia,0,False
2025-06-13 17:27:29.117466804+00:00,14,4,0,0,30.266770654003686,1.3427725559972299,0.0,zonia,0,False
2025-06-13 17:34:00.834382804+00:00,14,4,0,0,30.221365122922325,1.35159927688179,0.0,zonia,0,False
2025-06-13 18:01:05.413291804+00:00,14,4,0,0,29.27359481202778,1.3522653987407227,0.0,zonia,0,False
2025-06-13 18:55:46.162444804+00:00,14,4,0,0,26.010436155146678,1.3551683961674432,0.0,zonia,0,False
2025-06-13 19:13:52.811303804+00:00,14,4,0,0,25.456788603241097,1.3176591742737638,0.0,zonia,0,False
2025-06-13 19:25:40.946071804+00:00,14,4,0,0,24.997818666361933,1.3105239445960897,0.0,zonia,0,False
2025-06-13 19:35:49.905180804+00:00,14,4,0,0,24.48674348719205,1.3102687127516783,0.0,zonia,0,False
2025-06-13 19:44:33.527971804+00:00,14,4,0,0,24.253118712065902,1.3098127450841235,0.0,zonia,0,False
2025-06-13 20:24:22.160385804+00:00,14,4,0,0,23.535216934881706,1.3329347516639403,0.0,zonia,0,False
2025-06-13 20:26:56.540276804+00:00,14,4,0,0,23.617491493203286,1.3363772963185352,0.0,zonia,0,False
2025-06-13 20:28:32.683927804+00:00,14,4,0,0,23.110085238666265,1.3402931387474928,0.0,zonia,0,False
2025-06-13 20:45:20.910224804+00:00,14,4,0,0,22.789501930725265,1.3432679688087035,0.0,zonia,0,False
2025-06-13 20:45:41.145302804+00:00,14,4,0,0,23.019985402666677,1.346523116848433,0.0,zonia,0,False
2025-06-13 20:57:51.487495804+00:00,14,4,0,0,22.833135666539555,1.3575781438758643,0.0,zonia,0,False
2025-06-13 20:58:10.231705804+00:00,14,4,0,0,22.499294965342386,1.3600338164613313,0.0,zonia,0,False
2025-06-13 21:02:07.202298804+00:00,14,4,0,0,22.216010477448002,1.3590531691117858,0.0,zonia,0,False
2025-06-13 21:21:43.082070804+00:00,14,4,0,0,21.804037226619375,1.354822449111064,0.0,zonia,0,False
2025-06-13 21:23:20.584519804+00:00,14,4,0,0,22.05105060070301,1.3482919296509377,0.0,zonia,0,False
2025-06-13 21:39:09.231648804+00:00,14,4,0,0,21.655449149826637,1.3525071063205292,0.0,zonia,0,False
2025-06-13 21:43:04.771625804+00:00,14,4,0,0,21.585971087765476,1.3538796539547477,0.0,zonia,0,False
2025-06-13 21:45:50.066096804+00:00,14,4,0,0,21.417860771637557,1.3576343182927744,0.0,zonia,0,False
2025-06-13 21:52:03.735618804+00:00,14,4,0,0,22.08312306570678,1.358927978773235,0.0,zonia,0,False
2025-06-13 22:29:29.400194804+00:00,14,4,0,0,21.75372486775577,1.354288296211371,0.0,zonia,0,False
2025-06-13 22:54:06.051323804+00:00,14,4,0,0,21.385661084201104,1.3479089039316008,0.0,zonia,0,False
2025-06-13 23:08:24.922387804+00:00,14,4,0,0,20.524539498566007,1.3394942901110545,0.0,zonia,0,False
2025-06-13 23:17:06.575071804+00:00,14,4,0,0,19.7913946198081,1.3515757421855086,0.0,zonia,0,False
2025-06-14 00:07:53.901613804+00:00,14,4,0,0,18.899694433438366,1.3537045130936909,0.0,zonia,0,False
2025-06-14 00:14:16.239794804+00:00,14,4,0,0,18.9343606969887,1.35635688321977,0.0,zonia,0,False
2025-06-14 00:52:04.090714804+00:00,14,4,0,0,18.923782226763404,1.3565914590368364,0.0,zonia,0,False
2025-06-14 00:55:56.365150804+00:00,14,4,0,0,18.812179366333414,1.3531799609713415,0.0,zonia,0,False
2025-06-14 01:07:05.525922804+00:00,14,4,0,0,19.187383051043636,1.3568501074223325,0.0,zonia,0,False
2025-06-14 01:25:56.922626804+00:00,14,4,0,0,18.96447572000557,1.3598874300514434,0.0,zonia,0,False
2025-06-14 01:42:14.168067804+00:00,14,4,0,0,18.078445403690864,1.3583656577240544,0.0,zonia,0,False
2025-06-14 01:55:12.831083804+00:00,14,4,0,0,18.051980247934683,1.3563309165225317,0.0,zonia,0,False
2025-06-14 01:57:46.178136804+00:00,14,4,0,0,18.08259215614425,1.3582605757233468,0.0,zonia,0,False
2025-06-14 02:33:32.187460804+00:00,14,4,0,0,17.36683103170778,1.3636082226002237,0.0,zonia,0,False
2025-06-14 02:42:52.808982804+00:00,14,4,0,0,17.70120074578592,1.3615205304142681,0.0,zonia,0,False
2025-06-14 02:48:37.179799804+00:00,14,4,0,0,17.677127411662738,1.3624001196700044,0.0,zonia,0,False
2025-06-14 02:56:02.293860804+00:00,14,4,0,0,17.629284911244387,1.3598590325640945,0.0,zonia,0,False
2025-06-14 03:15:11.324497804+00:00,14,4,0,0,17.247170551635904,1.3627389725481884,0.0,zonia,0,False
2025-06-14 03:34:53.995329804+00:00,14,4,0,0,16.719152594138773,1.3672508004696322,0.0,zonia,0,False
2025-06-14 03:51:16.183761804+00:00,14,4,0,0,16.664057463526486,1.3715508019754652,0.0,zonia,0,False
2025-06-14 04:03:50.056547804+00:00,14,4,0,0,17.009302613290977,1.370727038022885,0.0,zonia,0,False
2025-06-14 04:04:03.462452804+00:00,14,4,0,0,17.06859066932898,1.3695431997469312,0.0,zonia,0,False
2025-06-14 04:06:35.749980804+00:00,14,4,0,0,17.407284727648204,1.3706078159103916,0.0,zonia,0,False
2025-06-14 04:07:48.553085804+00:00,14,4,0,0,17.074111583985864,1.3716226905778572,0.0,zonia,0,False
2025-06-14 04:13:18.142319804+00:00,14,4,0,0,17.128783548299,1.371123678468368,0.0,zonia,0,False
2025-06-14 04:32:56.886478804+00:00,14,4,0,0,18.171260425651816,1.362138093487401,0.0,zonia,0,False
2025-06-14 04:38:54.981005804+00:00,14,4,0,0,18.841215569299752,1.36254435759751,0.0,zonia,0,False
2025-06-14 04:43:33.120290804+00:00,14,4,0,0,19.010599897520777,1.367636153784186,0.0,zonia,0,False
2025-06-14 04:44:50.664231804+00:00,14,4,0,0,19.186834497997395,1.3666700484316645,0.0,zonia,0,False
2025-06-14 05:12:33.729675804+00:00,14,4,0,0,20.84800306373479,1.3521767761971675,0.0,zonia,0,False
2025-06-14 05:38:39.180742804+00:00,14,4,0,0,22.592246119257243,1.3487746574567419,0.0,zonia,0,False
2025-06-14 05:45:07.913241804+00:00,14,4,0,0,23.035866875371468,1.3451797525912448,0.0,zonia,0,False
2025-06-14 06:00:08.284852804+00:00,14,4,0,0,23.98026568481902,1.3431588483491677,0.0,zonia,0,False
2025-06-14 06:09:16.091070804+00:00,14,4,0,0,24.303974081377994,1.3353059178399327,0.0,zonia,0,False
2025-06-14 06:20:42.029050804+00:00,14,4,0,0,25.615584635795873,1.3295849986862014,0.0,zonia,0,False
2025-06-14 06:36:32.810172804+00:00,14,4,0,0,26.424136389168893,1.3352675921593846,0.0,zonia,0,False
2025-06-14 06:55:14.060501804+00:00,14,4,0,0,27.44725278200722,1.329958891405201,0.0,zonia,0,False
2025-06-14 06:56:56.495357804+00:00,14,4,0,0,26.893920233205307,1.3294238246566006,0.0,zonia,0,False
2025-06-14 07:07:29.137598804+00:00,14,4,0,0,28.044501108649598,1.3341958906804308,0.0,zonia,0,False
2025-06-14 07:36:00.811074804+00:00,14,4,0,0,28.555982094016947,1.335872140140976,0.0,zonia,0,False
2025-06-14 07:52:59.309636804+00:00,14,4,0,0,29.731875363612254,1.338825367525485,0.0,zonia,0,False
2025-06-14 08:07:36.627982804+00:00,14,4,0,0,29.806292015223228,1.3407599530344592,0.0,zonia,0,False
2025-06-14 08:09:26.988477804+00:00,14,4,0,0,29.844405808352942,1.342535936770195,0.0,zonia,0,False
2025-06-14 08:38:10.870058804+00:00,14,4,0,0,31.085358007879023,1.3605486553878077,0.0,zonia,0,False
2025-06-14 08:54:51.585892804+00:00,14,4,0,0,31.723997694564073,1.362482376508947,0.0,zonia,0,False
2025-06-14 08:58:04.566406804+00:00,14,4,0,0,31.378425585419166,1.3649273769115813,0.0,zonia,0,False
2025-06-14 08:59:12.675077804+00:00,14,4,0,0,31.43986297887662,1.3674485597462838,0.0,zonia,0,False
2025-06-14 09:02:24.555993804+00:00,14,4,0,0,31.302224059976556,1.3690791210342617,0.0,zonia,0,False
2025-06-14 09:08:37.438158804+00:00,14,4,0,0,31.72681784187127,1.3709332435036359,0.0,zonia,0,False
2025-06-14 09:20:57.365994804+00:00,14,4,0,0,31.447666629406083,1.3725704287574971,0.0,zonia,0,False
2025-06-14 10:08:45.949806804+00:00,14,4,0,0,33.041454823978114,1.371210115046895,0.0,zonia,0,False
2025-06-14 10:15:44.921351804+00:00,14,4,0,0,33.367221248842945,1.3672726640723643,0.0,zonia,0,False
2025-06-14 10:20:35.755676804+00:00,14,4,0,0,33.544393396635705,1.3681014398747382,0.0,zonia,0,False
2025-06-14 10:26:29.865422804+00:00,14,4,0,0,33.49532301909811,1.364492354929732,0.0,zonia,0,False
2025-06-14 10:34:37.381756804+00:00,14,4,0,0,33.42277867801071,1.367540706331327,0.0,zonia,0,False
2025-06-14 10:54:37.121004804+00:00,14,4,0,0,33.91552570194683,1.3656815316414588,0.0,zonia,0,False
2025-06-14 11:39:45.535024804+00:00,14,4,0,0,34.49354420697078,1.3637948941668285,0.0,zonia,0,False
2025-06-14 11:53:17.430683804+00:00,14,4,0,0,34.54666648340497,1.3638307024532772,0.0,zonia,0,False
2025-06-14 12:03:16.932132804+00:00,14,4,0,0,34.86929978471643,1.3655058201301125,0.0,zonia,0,False
2025-06-14 12:05:06.637872804+00:00,14,4,0,0,34.93910179762448,1.364019107946652,0.0,zonia,0,False
2025-06-14 12:08:01.559934804+00:00,14,4,0,0,35.48930586165725,1.368466256495107,0.0,zonia,0,False
2025-06-14 12:23:27.350743804+00:00,14,4,0,0,35.50603596191408,1.3723144037276787,0.0,zonia,0,False
2025-06-14 12:32:53.106083804+00:00,14,4,0,0,35.28912168774239,1.3737602475988602,0.0,zonia,0,False
2025-06-14 12:36:49.103895804+00:00,14,4,0,0,35.40734099708458,1.3730727934946174,0.0,zonia,0,False
2025-06-14 12:56:43.380733804+00:00,14,4,0,0,35.576091569025756,1.369492026153902,0.0,zonia,0,False
2025-06-14 13:03:43.049072804+00:00,14,4,0,0,35.8286306616059,1.3750400713933133,0.0,zonia,0,False
2025-06-14 13:08:47.852880804+00:00,14,4,0,0,35.601860726768244,1.3771860675903453,0.0,zonia,0,False
2025-06-14 13:12:43.105247804+00:00,14,4,0,0,35.46925074411889,1.3770374135949488,0.0,zonia,0,False
2025-06-14 13:13:28.389921804+00:00,14,4,0,0,35.390334745073886,1.3771393828511893,0.0,zonia,0,False
2025-06-14 13:45:12.543581804+00:00,14,4,0,0,36.570405520477756,1.372009620761434,0.0,zonia,0,False
2025-06-14 13:46:31.653275804+00:00,14,4,0,0,36.56216923979123,1.3702075770453301,0.0,zonia,0,False
2025-06-14 14:14:16.566292804+00:00,14,4,0,0,35.985708203074154,1.370819560563263,0.0,zonia,0,False
2025-06-14 14:52:14.735146804+00:00,14,4,0,0,36.88365670757772,1.3671620584706035,0.0,zonia,0,False
2025-06-14 14:59:22.647320804+00:00,14,4,0,0,37.08786727761358,1.3590716151617088,0.0,zonia,0,False
2025-06-14 15:08:21.077482804+00:00,14,4,0,0,36.52659896461224,1.3601959491544977,0.0,zonia,0,False
2025-06-14 15:25:02.614827804+00:00,14,4,0,0,35.811574298472756,1.3601619928956086,0.0,zonia,0,False
2025-06-14 15:35:45.364427804+00:00,14,4,0,0,36.477537250858646,1.356840984290479,0.0,zonia,0,False
2025-06-14 15:39:29.119932804+00:00,14,4,0,0,36.18030318334827,1.3616764855202166,0.0,zonia,0,False
2025-06-14 15:42:34.113605804+00:00,14,4,0,0,36.365573371495124,1.3629435892436041,0.0,zonia,0,False
2025-06-14 16:14:20.009497804+00:00,14,4,0,0,35.49953387081164,1.369434965034012,0.0,zonia,0,False
2025-06-14 16:14:30.487107804+00:00,14,4,0,0,35.24502674131235,1.3640021005681764,0.0,zonia,0,False
2025-06-14 17:04:16.223740804+00:00,14,4,0,0,32.25476916527043,1.3665768523517507,0.0,zonia,0,False
2025-06-14 17:32:07.519415804+00:00,14,4,0,0,30.869641165626156,1.3633585891827573,0.0,zonia,0,False
2025-06-14 17:47:50.235481804+00:00,14,4,0,0,29.984430418137,1.360207148199552,0.0,zonia,0,False
2025-06-14 18:17:46.285434804+00:00,14,4,0,0,28.43506471056833,1.3141535491825709,0.0,zonia,0,False
2025-06-14 18:31:24.750814804+00:00,14,4,0,0,27.92199052585284,1.3151592931249438,0.0,zonia,0,False
2025-06-14 18:35:22.054813804+00:00,14,4,0,0,27.96638858254818,1.3152060761867321,0.0,zonia,0,False
2025-06-14 18:37:37.092436804+00:00,14,4,0,0,28.161809789293237,1.3187787909388529,0.0,zonia,0,False
2025-06-14 19:05:26.049761804+00:00,14,4,0,0,26.762724541308422,1.322175335803889,0.0,zonia,0,False
2025-06-14 19:23:30.523583804+00:00,14,4,0,0,25.948586199833333,1.346862904206283,0.0,zonia,0,False
2025-06-14 19:29:04.502299804+00:00,14,4,0,0,25.897974215127327,1.3477680457316115,0.0,zonia,0,False
2025-06-14 19:35:06.835364804+00:00,14,4,0,0,26.008233421324448,1.365049855405265,0.0,zonia,0,False
2025-06-14 19:57:16.755993804+00:00,14,4,0,0,25.327867325682885,1.367945861941576,0.0,zonia,0,False
2025-06-14 20:25:13.072878804+00:00,14,4,0,0,24.843558506832757,1.3695013121110744,0.0,zonia,0,False
2025-06-14 20:35:44.948343804+00:00,14,4,0,0,24.55666795957199,1.3772396797640944,0.0,zonia,0,False
2025-06-14 20:43:46.596301804+00:00,14,4,0,0,24.49882323412998,1.375847023339377,0.0,zonia,0,False
2025-06-14 20:49:34.991673804+00:00,14,4,0,0,24.628355893351152,1.375545829431538,0.0,zonia,0,False
2025-06-14 20:55:09.063135804+00:00,14,4,0,0,24.368515046876105,1.377144746645815,0.0,zonia,0,False
2025-06-14 20:55:58.206071804+00:00,14,4,0,0,24.02670659073887,1.3803048524861303,0.0,zonia,0,False
2025-06-14 21:03:15.318063804+00:00,14,4,0,0,24.295306516117027,1.379988768924534,0.0,zonia,0,False
2025-06-14 21:32:59.791732804+00:00,14,4,0,0,25.233018493091624,1.3816069393963135,0.0,zonia,0,False
2025-06-14 21:34:12.169505804+00:00,14,4,0,0,25.18240667788131,1.3789082564493231,0.0,zonia,0,False
2025-06-14 21:35:04.097783804+00:00,14,4,0,0,25.245810804838527,1.377558218796193,0.0,zonia,0,False
2025-06-14 22:13:20.755120804+00:00,14,4,0,0,24.196907888976735,1.3782431114871594,0.0,zonia,0,False
2025-06-14 23:04:46.946457804+00:00,14,4,0,0,23.413962495520817,1.3759369252860554,0.0,zonia,0,False
2025-06-14 23:05:40.852589804+00:00,14,4,0,0,23.244375652852685,1.3753728090412822,0.0,zonia,0,False
2025-06-14 23:16:01.954752804+00:00,14,4,0,0,23.342553625163262,1.3747349778473936,0.0,zonia,0,False
2025-06-14 23:27:34.807403804+00:00,14,4,0,0,23.13340430317279,1.3752933529398186,0.0,zonia,0,False
2025-06-14 23:29:49.297179804+00:00,14,4,0,0,23.0472680839988,1.3761811164019147,0.0,zonia,0,False
2025-06-14 23:30:17.489455804+00:00,14,4,0,0,23.013519079037195,1.377217561049315,0.0,zonia,0,False
2025-06-15 00:01:28.706151804+00:00,14,4,0,0,22.471291995050834,1.3725459324292573,0.0,zonia,0,False
2025-06-15 00:11:14.877357804+00:00,14,4,0,0,22.83804226915718,1.3678204776983036,0.0,zonia,0,False
2025-06-15 00:18:00.468938804+00:00,14,4,0,0,23.449734247450813,1.3718315943694175,0.0,zonia,0,False
2025-06-15 00:30:35.304380804+00:00,14,4,0,0,22.862431115459913,1.3696286728255957,0.0,zonia,0,False
2025-06-15 00:33:30.278530804+00:00,14,4,0,0,23.289982144883425,1.3719571677559936,0.0,zonia,0,False
2025-06-15 00:54:59.959606804+00:00,14,4,0,0,22.97498395697138,1.3730545586308256,0.0,zonia,0,False
2025-06-15 01:16:02.364557804+00:00,14,4,0,0,22.927426289898115,1.3738059946492416,0.0,zonia,0,False
2025-06-15 01:25:50.794009804+00:00,14,4,0,0,23.1128992896131,1.378229082578565,0.0,zonia,0,False
2025-06-15 01:26:14.909875804+00:00,14,4,0,0,23.081541189787345,1.3799599918867789,0.0,zonia,0,False
2025-06-15 01:40:54.091198804+00:00,14,4,0,0,22.797503684104196,1.3820777186825945,0.0,zonia,0,False
2025-06-15 01:58:58.010561804+00:00,14,4,0,0,21.9455666847393,1.3786995721290916,0.0,zonia,0,False
2025-06-15 02:07:32.757549804+00:00,14,4,0,0,22.133739805684797,1.3793852514407912,0.0,zonia,0,False
2025-06-15 02:09:08.118950804+00:00,14,4,0,0,21.95385090005661,1.3791898123958366,0.0,zonia,0,False
2025-06-15 02:31:23.615222804+00:00,14,4,0,0,21.37863129751481,1.3748508102492902,0.0,zonia,0,False
2025-06-15 03:44:20.550955804+00:00,14,4,0,0,20.932740413423172,1.3723545030295283,0.0,zonia,0,False
2025-06-15 04:13:18.624485804+00:00,14,4,0,0,20.960902645110945,1.3733635820954035,0.0,zonia,0,False
2025-06-15 05:23:08.588390804+00:00,14,4,0,0,24.55459895605146,1.3732253847404596,0.0,zonia,0,False
2025-06-15 05:53:58.166177804+00:00,14,4,0,0,24.158868878354024,1.3741661397720208,0.0,zonia,0,False
2025-06-15 06:17:58.626478804+00:00,14,4,0,0,25.41328148968867,1.360677544990016,0.0,zonia,0,False
2025-06-15 06:49:08.434954804+00:00,14,4,0,0,27.995599806528055,1.3665641418053738,0.0,zonia,0,False
2025-06-15 07:02:21.020221804+00:00,14,4,0,0,28.78267698153721,1.3683711547010162,0.0,zonia,0,False
2025-06-15 07:07:53.029658804+00:00,14,4,0,0,29.120032404284636,1.3663105915006535,0.0,zonia,0,False
2025-06-15 07:08:42.734775804+00:00,14,4,0,0,29.549765540313697,1.3584460677554104,0.0,zonia,0,False
2025-06-15 07:12:23.391768804+00:00,14,4,0,0,29.359596382212224,1.3595129621466087,0.0,zonia,0,False
2025-06-15 07:17:35.631103804+00:00,14,4,0,0,29.98056075718731,1.359128060870802,0.0,zonia,0,False
2025-06-15 07:17:52.504093804+00:00,14,4,0,0,30.157438918047202,1.3649323055706382,0.0,zonia,0,False
2025-06-15 07:54:44.637744804+00:00,14,4,0,0,31.22628940008518,1.3666652496555622,0.0,zonia,0,False
2025-06-15 07:56:19.316064804+00:00,14,4,0,0,31.634616681167792,1.3672862067827922,0.0,zonia,0,False
2025-06-15 08:02:00.681219804+00:00,14,4,0,0,31.23155629959071,1.3582321967580373,0.0,zonia,0,False
2025-06-15 08:07:55.985364804+00:00,14,4,0,0,31.52108255256041,1.3626390445675836,0.0,zonia,0,False
2025-06-15 08:18:08.133573804+00:00,14,4,0,0,32.0501667642496,1.3635732678504038,0.0,zonia,0,False
2025-06-15 09:01:17.453929804+00:00,14,4,0,0,32.18503691101173,1.3640734526016738,0.0,zonia,0,False
2025-06-15 09:15:05.857488804+00:00,14,4,0,0,32.4791949205614,1.3642128744281825,0.0,zonia,0,False
2025-06-15 09:22:43.199619804+00:00,14,4,0,0,32.94593171181018,1.365982449100714,0.0,zonia,0,False
2025-06-15 10:11:54.694756804+00:00,14,4,0,0,33.8273239294992,1.3664163806889484,0.0,zonia,0,False
2025-06-15 10:12:09.682462804+00:00,14,4,0,0,34.0802613879539,1.3639692485506745,0.0,zonia,0,False
2025-06-15 10:32:27.720437804+00:00,14,4,0,0,33.91080533376429,1.3668691107631026,0.0,zonia,0,False
2025-06-15 10:45:58.896734804+00:00,14,4,0,0,34.28473735418561,1.3671792392583568,0.0,zonia,0,False
2025-06-15 11:19:44.540962804+00:00,14,4,0,0,34.74818903138739,1.3680792338831147,0.0,zonia,0,False
2025-06-15 11:21:22.024133804+00:00,14,4,0,0,34.91557948585909,1.3660502686072498,0.0,zonia,0,False
2025-06-15 11:29:07.570135804+00:00,14,4,0,0,34.86266439642297,1.3674290550578467,0.0,zonia,0,False
2025-06-15 11:48:59.006930804+00:00,14,4,0,0,35.627469795440135,1.369332606078519,0.0,zonia,0,False
2025-06-15 11:54:25.114103804+00:00,14,4,0,0,35.42865910152014,1.369647064815533,0.0,zonia,0,False
2025-06-15 12:06:58.813820804+00:00,14,4,0,0,35.18627798945356,1.36426001434099,0.0,zonia,0,False
2025-06-15 12:07:33.728647804+00:00,14,4,0,0,35.214364018825584,1.3651499011862722,0.0,zonia,0,False
2025-06-15 12:14:33.902574804+00:00,14,4,0,0,35.15473586319208,1.3664579662511018,0.0,zonia,0,False
2025-06-15 12:28:06.364252804+00:00,14,4,0,0,35.577978722039106,1.3712850428780246,0.0,zonia,0,False
2025-06-15 12:56:28.456227804+00:00,14,4,0,0,36.19677076415393,1.3599371618359262,0.0,zonia,0,False
2025-06-15 12:59:44.416287804+00:00,14,4,0,0,35.83497834043983,1.3620163709779824,0.0,zonia,0,False
2025-06-15 13:08:03.180674804+00:00,14,4,0,0,36.38261966680313,1.363176021557916,0.0,zonia,0,False
2025-06-15 13:39:12.535972804+00:00,14,4,0,0,35.93144007156942,1.3605130940619714,0.0,zonia,0,False
2025-06-15 13:41:15.753435804+00:00,14,4,0,0,36.13042375948055,1.350362671642698,0.0,zonia,0,False
2025-06-15 14:25:39.010515804+00:00,14,4,0,0,36.303410277470824,1.346717066105917,0.0,zonia,0,False
2025-06-15 14:43:11.135360804+00:00,14,4,0,0,35.84063579836687,1.3427049540517142,0.0,zonia,0,False
2025-06-15 15:09:36.506030804+00:00,14,4,0,0,35.41931619862073,1.3227687782190252,0.0,zonia,0,False
2025-06-15 15:25:54.352242804+00:00,14,4,0,0,35.533047934875675,1.3075087116828445,0.0,zonia,0,False
2025-06-15 15:32:02.568381804+00:00,14,4,0,0,34.9004821707918,1.3057653613752294,0.0,zonia,0,False
2025-06-15 15:53:54.374009804+00:00,14,4,0,0,34.070603241666475,1.3036290591821507,0.0,zonia,0,False
2025-06-15 15:54:36.369269804+00:00,14,4,0,0,33.82133156707746,1.2956793158593976,0.0,zonia,0,False
2025-06-15 16:25:12.939957804+00:00,14,4,0,0,32.030383225529285,1.3158048831503582,0.0,zonia,0,False
2025-06-15 16:27:35.329296804+00:00,14,4,0,0,31.972523477845865,1.328057674981817,0.0,zonia,0,False
2025-06-15 16:32:32.865179804+00:00,14,4,0,0,32.124414150300815,1.3395717855936389,0.0,zonia,0,False
2025-06-15 16:48:29.194361804+00:00,14,4,0,0,31.476303339755535,1.3432120696000103,0.0,zonia,0,False
2025-06-15 17:01:52.884125804+00:00,14,4,0,0,31.381815644538662,1.3529642478371184,0.0,zonia,0,False
2025-06-15 17:03:17.274679804+00:00,14,4,0,0,31.162394757166467,1.3546312527166438,0.0,zonia,0,False
2025-06-15 17:22:15.926954804+00:00,14,4,0,0,30.717215623505798,1.3620750037749072,0.0,zonia,0,False
2025-06-15 17:36:19.850689804+00:00,14,4,0,0,29.996065273554336,1.3678840824909289,0.0,zonia,0,False
2025-06-15 17:42:46.903874804+00:00,14,4,0,0,29.76333986393819,1.3696592678947739,0.0,zonia,0,False
2025-06-15 17:49:49.226454804+00:00,14,4,0,0,29.677994060035946,1.3722161438619822,0.0,zonia,0,False
2025-06-15 18:39:29.301176804+00:00,14,4,0,0,28.35753747296259,1.3735134710608266,0.0,zonia,0,False
2025-06-15 19:15:57.498225804+00:00,14,4,0,0,27.54770331275841,1.373916280705029,0.0,zonia,0,False
2025-06-15 19:25:45.335442804+00:00,14,4,0,0,27.157539030849968,1.3772229435571655,0.0,zonia,0,False
2025-06-15 19:39:37.483148804+00:00,14,4,0,0,27.048851863681836,1.3763618768914516,0.0,zonia,0,False
2025-06-15 20:06:14.488951804+00:00,14,4,0,0,26.638228141638585,1.3770912044928303,0.0,zonia,0,False
2025-06-15 20:08:26.279585804+00:00,14,4,0,0,26.46739752587385,1.3757346396385348,0.0,zonia,0,False
2025-06-15 20:16:07.328144804+00:00,14,4,0,0,26.182381543907532,1.3752952452117095,0.0,zonia,0,False
2025-06-15 20:30:52.565113804+00:00,14,4,0,0,26.257559354519856,1.3769048123367271,0.0,zonia,0,False
2025-06-15 21:02:00.585536804+00:00,14,4,0,0,25.77288273227515,1.3758109772201277,0.0,zonia,0,False
2025-06-15 21:22:43.949709804+00:00,14,4,0,0,25.446102887855858,1.3777339592802427,0.0,zonia,0,False
2025-06-15 21:22:54.025364804+00:00,14,4,0,0,25.032569782234823,1.375900621810355,0.0,zonia,0,False
2025-06-15 21:30:08.462434804+00:00,14,4,0,0,25.452721149324358,1.379632416434799,0.0,zonia,0,False
2025-06-15 21:58:02.904998804+00:00,14,4,0,0,24.53507751699475,1.3809963759679367,0.0,zonia,0,False
2025-06-15 22:23:27.122471804+00:00,14,4,0,0,24.11428432293489,1.3816581454840802,0.0,zonia,0,False
2025-06-15 22:33:09.036376804+00:00,14,4,0,0,23.68318271335916,1.3819042365071206,0.0,zonia,0,False
2025-06-15 22:35:47.727047804+00:00,14,4,0,0,23.930181871153003,1.3844924863702393,0.0,zonia,0,False
2025-06-15 22:56:35.949663804+00:00,14,4,0,0,23.61897460914364,1.384518722808998,0.0,zonia,0,False
2025-06-15 22:59:05.113914804+00:00,14,4,0,0,23.313660800695867,1.3845908543620702,0.0,zonia,0,False
2025-06-15 23:20:53.035104804+00:00,14,4,0,0,23.2793469198522,1.383941401270124,0.0,zonia,0,False
2025-06-15 23:23:20.793741804+00:00,14,4,0,0,23.192611221285148,1.3850032511554464,0.0,zonia,0,False
2025-06-15 23:41:36.166342804+00:00,14,4,0,0,23.153628433874026,1.3849857425021062,0.0,zonia,0,False
2025-06-15 23:49:24.735562804+00:00,14,4,0,0,23.096735959779945,1.3819344325697958,0.0,zonia,0,False
2025-06-15 23:54:05.941632804+00:00,14,4,0,0,23.242278620353545,1.3808785696760395,0.0,zonia,0,False
2025-06-16 00:19:47.248742804+00:00,14,4,0,0,23.38448127287081,1.3802883559290904,0.0,zonia,0,False
2025-06-16 00:23:32.631967804+00:00,14,4,0,0,23.465275183195658,1.3807540990358138,0.0,zonia,0,False
2025-06-16 00:25:39.260451804+00:00,14,4,0,0,23.491187195083075,1.3813586884599591,0.0,zonia,0,False
2025-06-16 00:29:40.155441804+00:00,14,4,0,0,23.50854212846114,1.3823459170581454,0.0,zonia,0,False
2025-06-16 00:31:16.515976804+00:00,14,4,0,0,23.309673019859336,1.3781366232669092,0.0,zonia,0,False
2025-06-16 01:15:22.896879804+00:00,14,4,0,0,22.674736337541546,1.374647476820853,0.0,zonia,0,False
2025-06-16 01:16:13.321235804+00:00,14,4,0,0,23.000768202574534,1.3744698312122432,0.0,zonia,0,False
2025-06-16 01:16:43.503145804+00:00,14,4,0,0,22.870258642921932,1.3737342492596119,0.0,zonia,0,False
2025-06-16 01:43:11.149727804+00:00,14,4,0,0,22.583045519341297,1.3666152378295535,0.0,zonia,0,False
2025-06-16 01:55:17.902941804+00:00,14,4,0,0,22.508291874321014,1.3712541169829113,0.0,zonia,0,False
2025-06-16 01:59:05.663001804+00:00,14,4,0,0,22.214428562644567,1.3656368434683899,0.0,zonia,0,False
2025-06-16 02:05:20.080301804+00:00,14,4,0,0,22.21034018312668,1.3666336993993462,0.0,zonia,0,False
2025-06-16 02:27:35.818053804+00:00,14,4,0,0,22.495745212549192,1.368730872971416,0.0,zonia,0,False
2025-06-16 02:31:58.571796804+00:00,14,4,0,0,22.488368627904688,1.3686643382824024,0.0,zonia,0,False
2025-06-16 02:35:12.579130804+00:00,14,4,0,0,22.697849108986794,1.370097122028024,0.0,zonia,0,False
2025-06-16 02:52:44.911084804+00:00,14,4,0,0,22.676136881315376,1.370130541986083,0.0,zonia,0,False
2025-06-16 03:17:39.010074804+00:00,14,4,0,0,22.14795040177662,1.3737484953199406,0.0,zonia,0,False
2025-06-16 03:46:27.376447804+00:00,14,4,0,0,21.9152440093941,1.3771341078553425,0.0,zonia,0,False
2025-06-16 04:00:04.184464804+00:00,14,4,0,0,21.773324777710883,1.3806775122098254,0.0,zonia,0,False
2025-06-16 04:02:31.146153804+00:00,14,4,0,0,21.66554449782856,1.3820942768816527,0.0,zonia,0,False
2025-06-16 04:04:42.226846804+00:00,14,4,0,0,21.60373892776027,1.385703984536258,0.0,zonia,0,False
2025-06-16 04:06:05.604046804+00:00,14,4,0,0,21.51762967669947,1.387082774971803,0.0,zonia,0,False
2025-06-16 04:06:09.053278804+00:00,14,4,0,0,21.84862138296165,1.3874436796290328,0.0,zonia,0,False
2025-06-16 04:54:13.887260804+00:00,14,4,0,0,24.047048501361886,1.3877693185107678,0.0,zonia,0,False
2025-06-16 04:56:34.032912804+00:00,14,4,0,0,23.87069195560564,1.3841179960228391,0.0,zonia,0,False
2025-06-16 04:56:50.623911804+00:00,14,4,0,0,23.991353764671715,1.378011697055993,0.0,zonia,0,False
2025-06-16 05:05:31.212326804+00:00,14,4,0,0,24.46043397829257,1.3768211983121046,0.0,zonia,0,False
2025-06-16 05:18:22.392739804+00:00,14,4,0,0,25.239413467822494,1.3772213393761557,0.0,zonia,0,False
2025-06-16 06:41:38.586882804+00:00,14,4,0,0,27.92765343852052,1.3779188184079034,0.0,zonia,0,False
2025-06-16 07:00:32.000676804+00:00,14,4,0,0,28.779481085387395,1.3797053846415666,0.0,zonia,0,False
2025-06-16 07:06:57.091076804+00:00,14,4,0,0,28.883641454219752,1.3744693747909156,0.0,zonia,0,False
2025-06-16 07:47:09.180343804+00:00,14,4,0,0,29.817300923053406,1.3758862807228827,0.0,zonia,0,False
2025-06-16 07:59:28.951697804+00:00,14,4,0,0,29.827917157524944,1.3729169550785372,0.0,zonia,0,False
2025-06-16 08:15:07.779446804+00:00,14,4,0,0,29.799127577465132,1.3676455189842494,0.0,zonia,0,False
2025-06-16 08:17:27.529022804+00:00,14,4,0,0,30.496223178729895,1.367032981894267,0.0,zonia,0,False
2025-06-16 08:25:58.236283804+00:00,14,4,0,0,30.22571674519537,1.3686564632247114,0.0,zonia,0,False
2025-06-16 08:29:15.455564804+00:00,14,4,0,0,30.261320869700718,1.366882968731534,0.0,zonia,0,False
2025-06-16 08:34:48.760415804+00:00,14,4,0,0,29.797229949168447,1.3693990769159692,0.0,zonia,0,False
2025-06-16 08:39:16.786703804+00:00,14,4,0,0,30.405892294608567,1.3687275272757253,0.0,zonia,0,False
2025-06-16 08:43:18.825430804+00:00,14,4,0,0,30.400628145543298,1.365255059766286,0.0,zonia,0,False
2025-06-16 08:54:55.995234804+00:00,14,4,0,0,30.577373034565433,1.3671578577313952,0.0,zonia,0,False
2025-06-16 09:09:58.121242804+00:00,14,4,0,0,30.893472240856784,1.3682915491704555,0.0,zonia,0,False
2025-06-16 09:12:27.236802804+00:00,14,4,0,0,30.96369292547251,1.3679149508178787,0.0,zonia,0,False
2025-06-16 09:58:42.469612804+00:00,14,4,0,0,31.284879152762624,1.3648943491395211,0.0,zonia,0,False
2025-06-16 09:59:47.904833804+00:00,14,4,0,0,31.617440698934324,1.3648409000607482,0.0,zonia,0,False
2025-06-16 10:02:38.712056804+00:00,14,4,0,0,31.302940988132928,1.3656759409885835,0.0,zonia,0,False
2025-06-16 10:07:55.438237804+00:00,14,4,0,0,31.211082037944635,1.3527413913419772,0.0,zonia,0,False
2025-06-16 10:18:14.305568804+00:00,14,4,0,0,31.867604809465956,1.349852140765743,0.0,zonia,0,False
2025-06-16 10:19:22.702178804+00:00,14,4,0,0,31.324493504334313,1.3429772659960464,0.0,zonia,0,False
2025-06-16 10:48:12.640286804+00:00,14,4,0,0,31.375872314194606,1.341410887662308,0.0,zonia,0,False
2025-06-16 10:48:16.568772804+00:00,14,4,0,0,31.331669249003607,1.344137587085375,0.0,zonia,0,False
2025-06-16 10:48:19.559573804+00:00,14,4,0,0,31.27901303035472,1.345169529016268,0.0,zonia,0,False
2025-06-16 10:52:58.106786804+00:00,14,4,0,0,31.36678120119111,1.3511895706180186,0.0,zonia,0,False
2025-06-16 11:13:43.230771804+00:00,14,4,0,0,31.23903406837182,1.3609147389861325,0.0,zonia,0,False
2025-06-16 11:24:02.820717804+00:00,14,4,0,0,31.89106606570737,1.3603274376663097,0.0,zonia,0,False
2025-06-16 11:27:13.553581804+00:00,14,4,0,0,31.34760989691918,1.3584780182998095,0.0,zonia,0,False
2025-06-16 11:47:04.689948804+00:00,14,4,0,0,31.350630568745007,1.3562138854071182,0.0,zonia,0,False
2025-06-16 12:12:34.304338804+00:00,14,4,0,0,30.61146742820869,1.3523536607375408,0.0,zonia,0,False
2025-06-16 12:23:45.655407804+00:00,14,4,0,0,29.600610920422184,1.3526078758293654,0.0,zonia,0,False
2025-06-16 12:33:55.643606804+00:00,14,4,0,0,29.158728644416705,1.3523156458796142,0.0,zonia,0,False
2025-06-16 12:45:38.975306804+00:00,14,4,0,0,28.823862624841134,1.3567508517168752,0.0,zonia,0,False
2025-06-16 13:18:48.375419804+00:00,14,4,0,0,27.568371796985012,1.3458126548355303,0.0,zonia,0,False
2025-06-16 13:25:18.212447804+00:00,14,4,0,0,27.730163959191717,1.3372399515576745,0.0,zonia,0,False
2025-06-16 14:00:32.152252804+00:00,14,4,0,0,26.007551310065786,1.3291725055881352,0.0,zonia,0,False
2025-06-16 14:40:33.547873804+00:00,14,4,0,0,18.163249841488085,1.3517115540016857,0.0,zonia,0,False
2025-06-16 14:43:28.762208804+00:00,14,4,0,0,18.36762360211926,1.3568701103578846,0.0,zonia,0,False
2025-06-16 14:52:58.833630804+00:00,14,4,0,0,18.179577159983243,1.3583851156852211,0.0,zonia,0,False
2025-06-16 15:07:15.611749804+00:00,14,4,0,0,18.487556613211275,1.361748541373536,0.0,zonia,0,False
2025-06-16 15:10:43.162216804+00:00,14,4,0,0,18.523292800165056,1.3638533967222928,0.0,zonia,0,False
2025-06-16 15:41:42.450305804+00:00,14,4,0,0,18.44241791988686,1.3761010693399667,0.0,zonia,0,False
2025-06-16 15:49:21.088927804+00:00,14,4,0,0,18.40759582859395,1.3775291901191538,0.0,zonia,0,False
2025-06-16 15:50:26.532489804+00:00,14,4,0,0,18.293803515866422,1.3840591443187458,0.0,zonia,0,False
2025-06-16 16:08:43.184216804+00:00,14,4,0,0,18.338732982686675,1.3843423072643506,0.0,zonia,0,False
2025-06-16 16:10:57.131486804+00:00,14,4,0,0,18.27659288785337,1.3891315283729653,0.0,zonia,0,False
2025-06-16 16:12:54.499622804+00:00,14,4,0,0,18.222242313965502,1.390929516050186,0.0,zonia,0,False
2025-06-16 16:53:29.685053804+00:00,14,4,0,0,18.35655245299534,1.3913108883760088,0.0,zonia,0,False
2025-06-16 17:02:27.165854804+00:00,14,4,0,0,18.610949512789517,1.3911416057027721,0.0,zonia,0,False
2025-06-16 17:17:46.512608804+00:00,14,4,0,0,19.06079785452967,1.391723994565976,0.0,zonia,0,False
2025-06-16 17:20:01.618694804+00:00,14,4,0,0,18.983362398225722,1.3886575947126452,0.0,zonia,0,False
2025-06-16 17:42:57.036432804+00:00,14,4,0,0,19.707601783936358,1.3842175602771043,0.0,zonia,0,False
2025-06-16 18:00:01.183856804+00:00,14,4,0,0,20.424381622260245,1.3846749052274379,0.0,zonia,0,False
2025-06-16 18:01:12.837345804+00:00,14,4,0,0,20.195718175741213,1.3855250131362218,0.0,zonia,0,False
2025-06-16 18:44:07.386127804+00:00,14,4,0,0,19.575620556139803,1.3864642344329805,0.0,zonia,0,False
2025-06-16 18:47:29.837542804+00:00,14,4,0,0,19.483638039082045,1.3871520986228476,0.0,zonia,0,False
2025-06-16 19:15:17.066958804+00:00,14,4,0,0,19.25956192477803,1.387864934334763,0.0,zonia,0,False
2025-06-16 19:17:15.529160804+00:00,14,4,0,0,19.33117081451469,1.38881735922017,0.0,zonia,0,False
2025-06-16 19:37:42.047489804+00:00,14,4,0,0,18.815089580181567,1.3896675834997816,0.0,zonia,0,False
2025-06-16 20:04:02.757967804+00:00,14,4,0,0,18.171775436733743,1.387187685870087,0.0,zonia,0,False
2025-06-16 20:19:18.326994804+00:00,14,4,0,0,17.819744337270105,1.3859688030727324,0.0,zonia,0,False
2025-06-16 20:31:46.066348804+00:00,14,4,0,0,17.800178442248438,1.3848610984292986,0.0,zonia,0,False
2025-06-16 20:47:24.453774804+00:00,14,4,0,0,17.896856551611457,1.383609934529257,0.0,zonia,0,False
2025-06-16 21:00:58.569105804+00:00,14,4,0,0,18.035771026093503,1.3832498520796834,0.0,zonia,0,False
2025-06-16 22:43:01.625280804+00:00,14,4,0,0,18.345898830043204,1.3866131798023227,0.0,zonia,0,False
2025-06-16 23:39:20.306220804+00:00,14,4,0,0,18.416191894740255,1.390877545651949,0.0,zonia,0,False
2025-06-16 23:51:27.393623804+00:00,14,4,0,0,18.319580032487885,1.3910944045881763,0.0,zonia,0,False
2025-06-17 00:26:04.430062804+00:00,14,4,0,0,18.032737482503418,1.3907215732540679,0.0,zonia,0,False
2025-06-17 00:44:52.114482804+00:00,14,4,0,0,18.34247351492638,1.3924821763707946,0.0,zonia,0,False
2025-06-17 00:56:02.908852804+00:00,14,4,0,0,18.12220086587821,1.3922526418347672,0.0,zonia,0,False
2025-06-17 01:45:23.524088804+00:00,14,4,0,0,18.14010294275877,1.392949127683913,0.0,zonia,0,False
2025-06-17 02:41:05.037040804+00:00,14,4,0,0,17.58148505217849,1.3939615782048629,0.0,zonia,0,False
2025-06-17 02:42:37.225820804+00:00,14,4,0,0,17.565152644046474,1.3944110591927967,0.0,zonia,0,False
2025-06-17 02:54:04.429221804+00:00,14,4,0,0,17.613237430358375,1.3945493180059438,0.0,zonia,0,False
2025-06-17 03:12:41.326299804+00:00,14,4,0,0,17.503187593424254,1.394731811735827,0.0,zonia,0,False
2025-06-17 03:17:30.978713804+00:00,14,4,0,0,17.56505946055147,1.3951308529116828,0.0,zonia,0,False
2025-06-17 03:31:55.630819804+00:00,14,4,0,0,17.57286932292093,1.3951394544948101,0.0,zonia,0,False
2025-06-17 03:45:48.291671804+00:00,14,4,0,0,17.63927079364047,1.395299295156264,0.0,zonia,0,False
2025-06-17 03:48:05.354786804+00:00,14,4,0,0,17.533379825527962,1.3952792149466315,0.0,zonia,0,False
2025-06-17 04:09:25.842270804+00:00,14,4,0,0,17.637630019545,1.395853192233593,0.0,zonia,0,False
2025-06-17 04:11:09.132245804+00:00,14,4,0,0,17.54453530381092,1.3963692345335645,0.0,zonia,0,False
2025-06-17 04:42:45.795091804+00:00,14,4,0,0,17.6474824138199,1.396850739234053,0.0,zonia,0,False
2025-06-17 05:00:57.343828804+00:00,14,4,0,0,17.868745979060765,1.3971554978075695,0.0,zonia,0,False
2025-06-17 05:05:52.868693804+00:00,14,4,0,0,17.853519421531345,1.3970166534360986,0.0,zonia,0,False
2025-06-17 05:17:26.508507804+00:00,14,4,0,0,17.784005241632176,1.3970166871481509,0.0,zonia,0,False
2025-06-17 05:19:40.356346804+00:00,14,4,0,0,17.796923800685896,1.396813636954693,0.0,zonia,0,False
2025-06-17 05:49:56.878245804+00:00,14,4,0,0,17.84092920934581,1.396688263601657,0.0,zonia,0,False
2025-06-17 06:12:25.367214804+00:00,14,4,0,0,18.179128416664224,1.3967336448818466,0.0,zonia,0,False
2025-06-17 06:34:35.662226804+00:00,14,4,0,0,18.29713908591647,1.3959561829165006,0.0,zonia,0,False
2025-06-17 06:40:39.078556804+00:00,14,4,0,0,18.253785065464005,1.394880101527487,0.0,zonia,0,False
2025-06-17 07:05:49.639552804+00:00,14,4,0,0,18.595541517614045,1.394528759923429,0.0,zonia,0,False
2025-06-17 07:09:17.921007804+00:00,14,4,0,0,18.689013542394445,1.394708972135899,0.0,zonia,0,False
2025-06-17 07:37:35.258199804+00:00,14,4,0,0,19.209362251179716,1.394992436445638,0.0,zonia,0,False
2025-06-17 07:56:49.948792804+00:00,14,4,0,0,19.47733195173122,1.3910693401413856,0.0,zonia,0,False
2025-06-17 07:58:10.412051804+00:00,14,4,0,0,19.52441696152526,1.3909942257092258,0.0,zonia,0,False
2025-06-17 08:12:49.249226804+00:00,14,4,0,0,19.771300305694794,1.3894446835946983,0.0,zonia,0,False
2025-06-17 08:19:47.598240804+00:00,14,4,0,0,19.524888857763937,1.389696056375366,0.0,zonia,0,False
2025-06-17 09:12:55.623514804+00:00,14,4,0,0,20.691039622345933,1.3876533608811177,0.0,zonia,0,False
2025-06-17 09:13:59.452695804+00:00,14,4,0,0,20.809648819802508,1.3811174057979343,0.0,zonia,0,False
2025-06-17 09:21:07.454289804+00:00,14,4,0,0,21.0563707915996,1.3817051214181777,0.0,zonia,0,False
2025-06-17 09:27:29.097951804+00:00,14,4,0,0,21.072345917726018,1.3653011538300857,0.0,zonia,0,False
2025-06-17 09:44:31.910505804+00:00,14,4,0,0,21.179143812313878,1.367444178440119,0.0,zonia,0,False
2025-06-17 09:50:18.111084804+00:00,14,4,0,0,21.291290542114822,1.3658480436526068,0.0,zonia,0,False
2025-06-17 09:51:25.708032804+00:00,14,4,0,0,21.443727912937664,1.364960526118531,0.0,zonia,0,False
2025-06-17 09:58:19.015039804+00:00,14,4,0,0,21.704304758373254,1.3633135098335674,0.0,zonia,0,False
2025-06-17 10:13:27.205750804+00:00,14,4,0,0,22.34446264467472,1.3612053251416658,0.0,zonia,0,False
2025-06-17 10:19:57.387062804+00:00,14,4,0,0,22.05717889037254,1.3668701978597144,0.0,zonia,0,False
2025-06-17 10:26:50.008648804+00:00,14,4,0,0,22.36134184235606,1.3692851730055011,0.0,zonia,0,False
2025-06-17 10:37:57.104163804+00:00,14,4,0,0,22.964314935429588,1.374936529996854,0.0,zonia,0,False
2025-06-17 10:53:54.033972804+00:00,14,4,0,0,23.171613435112025,1.3693657983023906,0.0,zonia,0,False
2025-06-17 11:05:05.645404804+00:00,14,4,0,0,23.688554482319965,1.369313749765491,0.0,zonia,0,False
2025-06-17 12:05:23.371135804+00:00,14,4,0,0,24.932485579870693,1.3669126519758454,0.0,zonia,0,False
2025-06-17 13:15:48.570891804+00:00,14,4,0,0,26.425396751361077,1.3602585996626817,0.0,zonia,0,False
2025-06-17 13:22:09.915899804+00:00,14,4,0,0,26.25025619181068,1.3621365097797384,0.0,zonia,0,False
2025-06-17 13:33:37.140635804+00:00,14,4,0,0,26.456176483626013,1.3651478557860341,0.0,zonia,0,False
2025-06-17 13:55:28.981041804+00:00,14,4,0,0,27.238758099081444,1.3473106881195638,0.0,zonia,0,False
2025-06-17 14:06:10.103490804+00:00,14,4,0,0,26.65201691978412,1.3438824711299706,0.0,zonia,0,False
2025-06-17 14:34:30.948337804+00:00,14,4,0,0,27.763750077656287,1.341763912000718,0.0,zonia,0,False
2025-06-17 14:40:59.933645804+00:00,14,4,0,0,27.471486050661042,1.3399733809102279,0.0,zonia,0,False
2025-06-17 14:49:16.028869804+00:00,14,4,0,0,27.22683221225207,1.35058305339744,0.0,zonia,0,False
2025-06-17 15:06:22.773104804+00:00,14,4,0,0,27.331317184410555,1.352089025182834,0.0,zonia,0,False
2025-06-17 15:10:16.818844804+00:00,14,4,0,0,27.81688588087245,1.3490469155069102,0.0,zonia,0,False
2025-06-17 15:18:27.597773804+00:00,14,4,0,0,27.5109829900809,1.348981384350696,0.0,zonia,0,False
2025-06-17 15:37:49.637558804+00:00,14,4,0,0,27.15907282635405,1.3535958832757082,0.0,zonia,0,False
2025-06-17 15:48:03.843951804+00:00,14,4,0,0,27.507958316907825,1.3515956295680756,0.0,zonia,0,False
2025-06-17 16:08:44.512885804+00:00,14,4,0,0,27.209592750673185,1.3522414517866603,0.0,zonia,0,False
2025-06-17 16:17:06.226381804+00:00,14,4,0,0,27.084636775590937,1.3435664695027631,0.0,zonia,0,False
2025-06-17 17:09:11.636662804+00:00,14,4,0,0,26.441364082897703,1.343839681562934,0.0,zonia,0,False
2025-06-17 17:27:07.512020804+00:00,14,4,0,0,25.896951381477162,1.340313666442176,0.0,zonia,0,False
2025-06-17 17:34:45.800389804+00:00,14,4,0,0,25.120888657668164,1.3404994032494009,0.0,zonia,0,False
2025-06-17 17:38:49.400210804+00:00,14,4,0,0,24.87900841984672,1.3430501188980328,0.0,zonia,0,False
2025-06-17 18:13:26.975770804+00:00,14,4,0,0,23.28151684314894,1.3468092774568006,0.0,zonia,0,False
2025-06-17 18:28:08.556128804+00:00,14,4,0,0,22.4881357906179,1.3520732764123509,0.0,zonia,0,False
2025-06-17 18:36:45.741017804+00:00,14,4,0,0,22.161718408486873,1.3603107415423152,0.0,zonia,0,False
2025-06-17 18:40:22.879446804+00:00,14,4,0,0,21.3133779927121,1.3552785040653936,0.0,zonia,0,False
2025-06-17 19:08:47.401039804+00:00,14,4,0,0,20.376983136353196,1.3576563408634972,0.0,zonia,0,False
2025-06-17 19:09:38.030721804+00:00,14,4,0,0,20.807181184681713,1.3613521285706145,0.0,zonia,0,False
2025-06-17 19:59:38.216605804+00:00,14,4,0,0,18.522458062663404,1.3522594248688042,0.0,zonia,0,False
2025-06-17 20:10:12.819138804+00:00,14,4,0,0,18.85284067764155,1.3515193255857798,0.0,zonia,0,False
2025-06-17 20:20:18.777497804+00:00,14,4,0,0,19.15611664828712,1.3450631724379267,0.0,zonia,0,False
2025-06-17 20:42:44.872992804+00:00,14,4,0,0,18.46472370032758,1.3528882269112168,0.0,zonia,0,False
2025-06-17 20:52:15.641097804+00:00,14,4,0,0,17.892490070232316,1.352986996560835,0.0,zonia,0,False
2025-06-17 21:15:23.388432804+00:00,14,4,0,0,17.716391580825903,1.3589160196759673,0.0,zonia,0,False
2025-06-17 21:17:02.223368804+00:00,14,4,0,0,17.492724736172963,1.3595106300669304,0.0,zonia,0,False
2025-06-17 21:17:56.151151804+00:00,14,4,0,0,17.608132473827194,1.3606936278406798,0.0,zonia,0,False
2025-06-17 21:19:39.443819804+00:00,14,4,0,0,17.603692088305436,1.3589401770818237,0.0,zonia,0,False
2025-06-17 21:19:58.165084804+00:00,14,4,0,0,17.666666504905344,1.3587091321074327,0.0,zonia,0,False
2025-06-17 21:46:28.119834804+00:00,14,4,0,0,17.204633566451083,1.3603959256236704,0.0,zonia,0,False
2025-06-17 21:58:47.173871804+00:00,14,4,0,0,16.985801511371804,1.3624679637236305,0.0,zonia,0,False
2025-06-17 22:19:16.873877804+00:00,14,4,0,0,16.836557078448845,1.3664555116584982,0.0,zonia,0,False
2025-06-17 22:52:55.272676804+00:00,14,4,0,0,16.64947013601845,1.3694912736872702,0.0,zonia,0,False
2025-06-17 23:04:45.853931804+00:00,14,4,0,0,16.559677024718763,1.370459622319429,0.0,zonia,0,False
2025-06-17 23:04:56.282407804+00:00,14,4,0,0,16.867499567051862,1.371465299526219,0.0,zonia,0,False
2025-06-17 23:20:24.474258804+00:00,14,4,0,0,16.60100515616887,1.3696094880949228,0.0,zonia,0,False
2025-06-17 23:51:08.609567804+00:00,14,4,0,0,15.964977411407911,1.3709343348457064,0.0,zonia,0,False
2025-06-18 00:07:24.712045804+00:00,14,4,0,0,15.742457332477287,1.3790970955638246,0.0,zonia,0,False
2025-06-18 00:45:13.642134804+00:00,14,4,0,0,15.495723447760046,1.3840548392842296,0.0,zonia,0,False
2025-06-18 00:56:28.548175804+00:00,14,4,0,0,15.400106283227313,1.3866766297448851,0.0,zonia,0,False
2025-06-18 01:11:09.553597804+00:00,14,4,0,0,15.453269869379136,1.3880684499622524,0.0,zonia,0,False
2025-06-18 01:11:21.533797804+00:00,14,4,0,0,15.290793843854381,1.386542693525357,0.0,zonia,0,False
2025-06-18 01:28:46.378436804+00:00,14,4,0,0,15.25107294018153,1.387426955153906,0.0,zonia,0,False
2025-06-18 01:30:31.184747804+00:00,14,4,0,0,15.19031027330679,1.388991706904085,0.0,zonia,0,False
2025-06-18 01:47:00.948356804+00:00,14,4,0,0,15.177799486641923,1.389727250042194,0.0,zonia,0,False
2025-06-18 01:54:42.339585804+00:00,14,4,0,0,15.101605963354313,1.3904912273880288,0.0,zonia,0,False
2025-06-18 02:01:41.766305804+00:00,14,4,0,0,14.932691345411943,1.3067523255829554,0.0,zonia,0,False
2025-06-18 02:04:42.824211804+00:00,14,4,0,0,14.736347048379526,1.2874134129609867,0.0,zonia,0,False
2025-06-18 02:13:14.353423804+00:00,14,4,0,0,15.029332209855275,1.297906666600622,0.0,zonia,0,False
2025-06-18 02:22:34.952499804+00:00,14,4,0,0,15.046900145397705,1.2978963482498207,0.0,zonia,0,False
2025-06-18 02:37:47.839576804+00:00,14,4,0,0,14.891410499205,1.3405336764989948,0.0,zonia,0,False
2025-06-18 02:40:49.127364804+00:00,14,4,0,0,14.948365899644887,1.3404646186056144,0.0,zonia,0,False
2025-06-18 03:17:32.883979804+00:00,14,4,0,0,14.688141951182201,1.3403705080108606,0.0,zonia,0,False
2025-06-18 03:50:18.046372804+00:00,14,4,0,0,14.559076640984225,1.3663381139199964,0.0,zonia,0,False
2025-06-18 03:56:14.934631804+00:00,14,4,0,0,14.482078172922376,1.3539323461453334,0.0,zonia,0,False
2025-06-18 04:11:17.982804804+00:00,14,4,0,0,15.130817229559275,1.3541202474995968,0.0,zonia,0,False
2025-06-18 04:26:01.139526804+00:00,14,4,0,0,15.760675775131421,1.3536567792143819,0.0,zonia,0,False
2025-06-18 04:26:03.282419804+00:00,14,4,0,0,15.543944179515448,1.3566648835554063,0.0,zonia,0,False
2025-06-18 04:55:57.035892804+00:00,14,4,0,0,17.034145145626134,1.3661795831940589,0.0,zonia,0,False
2025-06-18 05:13:48.930728804+00:00,14,4,0,0,18.096482132525924,1.3642157836372333,0.0,zonia,0,False
2025-06-18 05:38:28.268558804+00:00,14,4,0,0,19.21983444424862,1.367571473087098,0.0,zonia,0,False
2025-06-18 05:44:20.633903804+00:00,14,4,0,0,20.08095905285804,1.3668713890362307,0.0,zonia,0,False
2025-06-18 05:50:24.492960804+00:00,14,4,0,0,19.720276866311426,1.3665988496840507,0.0,zonia,0,False
2025-06-18 06:01:36.963694804+00:00,14,4,0,0,20.330458144253043,1.3680713465830636,0.0,zonia,0,False
2025-06-18 06:02:43.195247804+00:00,14,4,0,0,20.471754234350296,1.363411411847553,0.0,zonia,0,False
2025-06-18 06:11:51.053911804+00:00,14,4,0,0,20.725382246392385,1.3604767708125451,0.0,zonia,0,False
2025-06-18 06:25:11.696053804+00:00,14,4,0,0,21.023103180069896,1.3157253607153447,0.0,zonia,0,False
2025-06-18 06:45:18.461256804+00:00,14,4,0,0,21.994601502569697,1.3155511635342445,0.0,zonia,0,False
2025-06-18 07:19:39.064370804+00:00,14,4,0,0,23.175837776493772,1.3216231791506865,0.0,zonia,0,False
2025-06-18 07:22:08.440462804+00:00,14,4,0,0,23.032720442150815,1.324920822589541,0.0,zonia,0,False
2025-06-18 07:30:00.905056804+00:00,14,4,0,0,24.070845282117958,1.3158483378774448,0.0,zonia,0,False
2025-06-18 07:42:06.596255804+00:00,14,4,0,0,23.924441284746994,1.3132027624275802,0.0,zonia,0,False
2025-06-18 07:58:33.053324804+00:00,14,4,0,0,24.41358096042171,1.31436907912697,0.0,zonia,0,False
2025-06-18 08:23:29.459756804+00:00,14,4,0,0,24.957082962564797,1.3119936184498076,0.0,zonia,0,False
2025-06-18 09:07:12.671568804+00:00,14,4,0,0,26.541105447978357,1.3130644460571583,0.0,zonia,0,False
2025-06-18 09:07:20.128299804+00:00,14,4,0,0,26.42415870636815,1.3170728531224791,0.0,zonia,0,False
2025-06-18 09:30:30.946327804+00:00,14,4,0,0,26.928928714279273,1.3221610988690187,0.0,zonia,0,False
2025-06-18 09:35:59.122590804+00:00,14,4,0,0,27.217168912668004,1.3211955727712599,0.0,zonia,0,False
2025-06-18 09:49:04.451182804+00:00,14,4,0,0,27.393905878751642,1.3180742435324921,0.0,zonia,0,False
2025-06-18 11:07:15.856582804+00:00,14,4,0,0,28.64875166571359,1.318878497353667,0.0,zonia,0,False
2025-06-18 11:14:08.796103804+00:00,14,4,0,0,28.89942667565988,1.3212797466665251,0.0,zonia,0,False
2025-06-18 11:27:17.141935804+00:00,14,4,0,0,28.930341875651518,1.32397492215074,0.0,zonia,0,False
2025-06-18 11:29:40.631977804+00:00,14,4,0,0,28.828772794067344,1.319441583262615,0.0,zonia,0,False
2025-06-18 11:35:38.218527804+00:00,14,4,0,0,29.035985459776285,1.3203790698355538,0.0,zonia,0,False
2025-06-18 11:36:00.633320804+00:00,14,4,0,0,29.09993089933156,1.3404856185859537,0.0,zonia,0,False
2025-06-18 11:36:59.368722804+00:00,14,4,0,0,28.931673715477785,1.3560030331459125,0.0,zonia,0,False
2025-06-18 11:37:27.863484804+00:00,14,4,0,0,29.02195247963965,1.364582144211474,0.0,zonia,0,False
2025-06-18 11:59:47.163706804+00:00,14,4,0,0,29.3435441777088,1.3652431983793154,0.0,zonia,0,False
2025-06-18 12:28:19.444610804+00:00,14,4,0,0,29.768516590522786,1.362429425388044,0.0,zonia,0,False
2025-06-18 12:55:44.995134804+00:00,14,4,0,0,29.56904717908856,1.3664649840490042,0.0,zonia,0,False
2025-06-18 13:01:54.228866804+00:00,14,4,0,0,29.898812498289725,1.3591993399678006,0.0,zonia,0,False
2025-06-18 13:18:14.591714804+00:00,14,4,0,0,30.430747488495765,1.345312899062088,0.0,zonia,0,False
2025-06-18 13:24:29.111584804+00:00,14,4,0,0,30.470188266500585,1.344259681113767,0.0,zonia,0,False
2025-06-18 13:25:38.213694804+00:00,14,4,0,0,30.31204064263172,1.3460852182182668,0.0,zonia,0,False
2025-06-18 13:34:56.121959804+00:00,14,4,0,0,30.297306774297695,1.34092957406247,0.0,zonia,0,False
2025-06-18 13:44:11.039747804+00:00,14,4,0,0,30.46647018169769,1.3308149990233276,0.0,zonia,0,False
2025-06-18 14:23:03.903366804+00:00,14,4,0,0,31.116049516058258,1.3317919897518662,0.0,zonia,0,False
2025-06-18 14:42:24.378428804+00:00,14,4,0,0,30.798801958661077,1.3278948039325142,0.0,zonia,0,False
2025-06-18 15:09:46.015470804+00:00,14,4,0,0,30.878751989218213,1.337169683062036,0.0,zonia,0,False
2025-06-18 15:20:35.921731804+00:00,14,4,0,0,30.802907711539802,1.3399244715041376,0.0,zonia,0,False
2025-06-18 15:28:13.064614804+00:00,14,4,0,0,30.918346021211914,1.284717038010383,0.0,zonia,0,False
2025-06-18 15:34:46.103701804+00:00,14,4,0,0,31.209633769771127,1.2773629961144428,0.0,zonia,0,False
2025-06-18 16:01:46.031900804+00:00,14,4,0,0,30.350185928677607,1.2715957171760335,0.0,zonia,0,False
2025-06-18 16:23:52.604654804+00:00,14,4,0,0,30.343494009768083,1.2751118443495835,0.0,zonia,0,False
2025-06-18 16:44:54.929610804+00:00,14,4,0,0,29.67555563666867,1.2718744878594568,0.0,zonia,0,False
2025-06-18 16:47:55.100056804+00:00,14,4,0,0,29.992899148232677,1.3099493484225824,0.0,zonia,0,False
2025-06-18 16:55:22.177490804+00:00,14,4,0,0,30.105221393740543,1.3317105486687015,0.0,zonia,0,False
2025-06-18 17:09:15.276875804+00:00,14,4,0,0,30.014484375043693,1.3405999170620213,0.0,zonia,0,False
2025-06-18 17:12:13.410825804+00:00,14,4,0,0,29.73471770364018,1.3481872754333497,0.0,zonia,0,False
2025-06-18 17:21:19.308096804+00:00,14,4,0,0,29.631653567717965,1.3518160784709121,0.0,zonia,0,False
2025-06-18 17:23:43.764912804+00:00,14,4,0,0,29.87562096276035,1.347507820964919,0.0,zonia,0,False
2025-06-18 17:25:15.968617804+00:00,14,4,0,0,29.439923625364933,1.346584245509982,0.0,zonia,0,False
2025-06-18 17:44:14.380767804+00:00,14,4,0,0,29.253420826925158,1.3468949208117798,0.0,zonia,0,False
2025-06-18 18:25:06.585501804+00:00,14,4,0,0,27.08592305885309,1.3513937491295778,0.0,zonia,0,False
2025-06-18 18:27:49.677799804+00:00,14,4,0,0,27.464895067611852,1.3557976276864825,0.0,zonia,0,False
2025-06-18 19:17:59.965954804+00:00,14,4,0,0,23.553402385458874,1.3546014982439236,0.0,zonia,0,False
2025-06-18 19:18:14.813581804+00:00,14,4,0,0,23.56375729323682,1.3586771419814105,0.0,zonia,0,False
2025-06-18 19:48:47.016154804+00:00,14,4,0,0,22.708142888980163,1.3607659062783124,0.0,zonia,0,False
2025-06-18 20:24:16.721011804+00:00,14,4,0,0,22.24528284906583,1.342156614089387,0.0,zonia,0,False
2025-06-18 20:30:13.541759804+00:00,14,4,0,0,21.768349843414274,1.3413181602077056,0.0,zonia,0,False
2025-06-18 20:30:32.375566804+00:00,14,4,0,0,22.06665343972474,1.3497332888429052,0.0,zonia,0,False
2025-06-18 20:36:36.010940804+00:00,14,4,0,0,21.185900343918526,1.3401716691590082,0.0,zonia,0,False
2025-06-18 21:05:48.929514804+00:00,14,4,0,0,20.67024199487987,1.3355441552442204,0.0,zonia,0,False
2025-06-18 21:08:36.884304804+00:00,14,4,0,0,20.962969124025086,1.3370147837614126,0.0,zonia,0,False
2025-06-18 22:08:21.404977804+00:00,14,4,0,0,19.765333772025166,1.3428402138060382,0.0,zonia,0,False
2025-06-18 22:27:21.359867804+00:00,14,4,0,0,19.5789791588002,1.3487488401737564,0.0,zonia,0,False
2025-06-18 23:01:14.585097804+00:00,14,4,0,0,18.661867653675746,1.3535762793685384,0.0,zonia,0,False
2025-06-18 23:21:13.043091804+00:00,14,4,0,0,18.78935214555702,1.359009971709407,0.0,zonia,0,False
2025-06-18 23:30:40.106202804+00:00,14,4,0,0,18.624059692294082,1.3692908211362107,0.0,zonia,0,False
2025-06-18 23:34:51.044841804+00:00,14,4,0,0,18.33880693857323,1.3686899094803222,0.0,zonia,0,False
2025-06-19 00:49:01.459752804+00:00,14,4,0,0,17.662979562619746,1.3740546995388019,0.0,zonia,0,False
2025-06-19 00:51:28.182138804+00:00,14,4,0,0,17.712503289373505,1.3797930457483827,0.0,zonia,0,False
2025-06-19 00:59:58.255281804+00:00,14,4,0,0,17.531811245404754,1.381627383727706,0.0,zonia,0,False
2025-06-19 01:08:10.859398804+00:00,14,4,0,0,17.46681054060689,1.3844949014236505,0.0,zonia,0,False
2025-06-19 01:22:18.887385804+00:00,14,4,0,0,17.60103633018828,1.3855558185010906,0.0,zonia,0,False
2025-06-19 01:24:26.940813804+00:00,14,4,0,0,17.515430562548804,1.387285864402314,0.0,zonia,0,False
2025-06-19 01:27:53.964995804+00:00,14,4,0,0,17.54415342904806,1.387147393236553,0.0,zonia,0,False
2025-06-19 01:41:08.054752804+00:00,14,4,0,0,17.355093944804533,1.3868991655558103,0.0,zonia,0,False
2025-06-19 02:14:38.695078804+00:00,14,4,0,0,17.174298170296222,1.3865867002058396,0.0,zonia,0,False
2025-06-19 02:21:01.669977804+00:00,14,4,0,0,17.413992916768443,1.3867080070816478,0.0,zonia,0,False
2025-06-19 02:47:23.842186804+00:00,14,4,0,0,16.65222921269937,1.3867989117023096,0.0,zonia,0,False
2025-06-19 02:51:41.103321804+00:00,14,4,0,0,16.542475669816614,1.3891523754223214,0.0,zonia,0,False
2025-06-19 03:02:40.986364804+00:00,14,4,0,0,16.82578815236427,1.3898526485964036,0.0,zonia,0,False
2025-06-19 03:45:48.811007804+00:00,14,4,0,0,16.838810638988754,1.3866372720002444,0.0,zonia,0,False
2025-06-19 04:24:09.646517804+00:00,14,4,0,0,17.499306344755947,1.3834886202990904,0.0,zonia,0,False
2025-06-19 05:11:46.976465804+00:00,14,4,0,0,20.517396311797498,1.3833174624260185,0.0,zonia,0,False
2025-06-19 05:22:40.677352804+00:00,14,4,0,0,20.686751960932384,1.3545216460037817,0.0,zonia,0,False
2025-06-19 05:32:31.282710804+00:00,14,4,0,0,21.492454150755236,1.3518159880256446,0.0,zonia,0,False
2025-06-19 06:06:04.653767804+00:00,14,4,0,0,23.784969740340586,1.289179236344854,0.0,zonia,0,False
2025-06-19 06:10:48.210402804+00:00,14,4,0,0,23.70069517684425,1.276199317849587,0.0,zonia,0,False
2025-06-19 06:13:57.274671804+00:00,14,4,0,0,24.304679385040572,1.2741411861279446,0.0,zonia,0,False
2025-06-19 06:17:12.947683804+00:00,14,4,0,0,24.176070526817526,1.2682757760259258,0.0,zonia,0,False
2025-06-19 06:18:15.574428804+00:00,14,4,0,0,24.21773779517313,1.2635243806927756,0.0,zonia,0,False
2025-06-19 07:08:56.660187804+00:00,14,4,0,0,26.484518847119528,1.2608062485476323,0.0,zonia,0,False
2025-06-19 07:25:50.253615804+00:00,14,4,0,0,26.778632100260143,1.2568467161041808,0.0,zonia,0,False
2025-06-19 07:51:33.215945804+00:00,14,4,0,0,28.354035993226663,1.2592709858872668,0.0,zonia,0,False
2025-06-19 07:54:39.265401804+00:00,14,4,0,0,27.96865467341228,1.2556991488012277,0.0,zonia,0,False
2025-06-19 08:05:58.665524804+00:00,14,4,0,0,28.649625624428396,1.2782460234067647,0.0,zonia,0,False
2025-06-19 08:18:24.622325804+00:00,14,4,0,0,29.17396606780895,1.2846114274964078,0.0,zonia,0,False
2025-06-19 08:20:06.297176804+00:00,14,4,0,0,29.32200408590914,1.2914258207692957,0.0,zonia,0,False
2025-06-19 08:22:15.186811804+00:00,14,4,0,0,29.14774934296648,1.2913799979234353,0.0,zonia,0,False
2025-06-19 08:24:53.703336804+00:00,14,4,0,0,29.991473918390614,1.294638328667975,0.0,zonia,0,False
2025-06-19 08:43:38.923694804+00:00,14,4,0,0,29.687126120603462,1.2891445634016439,0.0,zonia,0,False
