current_time,indexers_created,indexers_malign,indexers_banned,indexers_banned_malign,inferred_truth,avg_rep_benign,avg_rep_malign,mode,fail_counter,consolidated_result
2025-06-07 10:32:48.109345019+00:00,12,0,0,0,31.06116539147784,0.20413349701900133,0.0,zonia,0,False
2025-06-07 10:54:30.413800019+00:00,12,0,0,0,31.52571252770091,0.37068127272532775,0.0,zonia,0,False
2025-06-07 10:56:01.123694019+00:00,12,0,0,0,31.3096209765493,0.48243015856453725,0.0,zonia,0,False
2025-06-07 10:57:48.745725019+00:00,12,0,0,0,31.824017872958347,0.5690132082309741,0.0,zonia,0,False
2025-06-07 11:27:33.973970019+00:00,12,0,0,0,31.825064249790703,0.6430100762232116,0.0,zonia,0,False
2025-06-07 11:41:26.615965019+00:00,12,0,0,0,32.22244780928617,0.6827168141560849,0.0,zonia,0,False
2025-06-07 11:54:24.934506019+00:00,12,0,0,0,32.34465423011399,0.714419344344282,0.0,zonia,0,False
2025-06-07 12:05:22.463723019+00:00,12,0,0,0,31.93842381798071,0.7920457759282833,0.0,zonia,0,False
2025-06-07 12:12:09.556224019+00:00,12,0,0,0,32.0012062043971,0.8306987731619718,0.0,zonia,0,False
2025-06-07 12:31:22.043756019+00:00,12,0,0,0,32.24829071176153,0.8655765122695692,0.0,zonia,0,False
2025-06-07 12:45:07.303628019+00:00,12,0,0,0,32.857820572431336,0.8935489484197965,0.0,zonia,0,False
2025-06-07 12:49:27.453320019+00:00,12,0,0,0,32.694884198416034,0.8858845522902968,0.0,zonia,0,False
2025-06-07 13:32:40.579264019+00:00,12,0,0,0,32.47328747605047,0.9048623327180914,0.0,zonia,0,False
2025-06-07 13:39:10.297697019+00:00,12,0,0,0,32.70955212695824,0.906497228592663,0.0,zonia,0,False
2025-06-07 13:52:09.965908019+00:00,12,0,0,0,33.06569517698713,0.9034701917382063,0.0,zonia,0,False
2025-06-07 14:03:21.788925019+00:00,12,0,0,0,32.82395284699842,0.9099156676485539,0.0,zonia,0,False
2025-06-07 14:08:05.982566019+00:00,12,0,0,0,32.493970466846804,0.9165837077792701,0.0,zonia,0,False
2025-06-07 14:10:40.629514019+00:00,12,0,0,0,32.863634258312224,0.9150210875763037,0.0,zonia,0,False
2025-06-07 15:11:39.412041019+00:00,12,0,0,0,32.383235708181125,0.9217584480642383,0.0,zonia,0,False
2025-06-07 15:16:14.241498019+00:00,12,0,0,0,32.559259005914406,0.9300811460099978,0.0,zonia,0,False
2025-06-07 15:28:06.847465019+00:00,12,0,0,0,31.871992691879843,0.9370336926468815,0.0,zonia,0,False
2025-06-07 16:04:58.044131019+00:00,12,0,0,0,31.565344540668484,0.9425344224527259,0.0,zonia,0,False
2025-06-07 16:16:48.377984019+00:00,12,0,0,0,31.29314808186502,0.951077696637172,0.0,zonia,0,False
2025-06-07 16:32:48.200121019+00:00,12,0,0,0,31.295903220813486,0.9593900828776832,0.0,zonia,0,False
2025-06-07 16:42:58.481612019+00:00,12,0,0,0,31.02018152033869,0.9591427240292002,0.0,zonia,0,False
2025-06-07 16:49:38.104582019+00:00,12,0,0,0,30.79643768432434,0.9638128343478222,0.0,zonia,0,False
2025-06-07 17:12:06.939157019+00:00,12,0,0,0,30.249856643383804,0.9694525380342777,0.0,zonia,0,False
2025-06-07 17:18:48.076536019+00:00,12,0,0,0,30.083476571281256,0.9696016504368971,0.0,zonia,0,False
2025-06-07 17:19:30.303251019+00:00,12,0,0,0,30.154231882546906,0.9699660954103755,0.0,zonia,0,False
2025-06-07 18:02:20.282462019+00:00,12,0,0,0,28.6710570979526,0.9687110157928268,0.0,zonia,0,False
2025-06-07 18:29:02.211169019+00:00,12,0,0,0,27.389949595872874,0.9686752462601751,0.0,zonia,0,False
2025-06-07 18:30:16.995290019+00:00,12,0,0,0,27.44891671940842,0.971427262817309,0.0,zonia,0,False
2025-06-07 18:49:57.564545019+00:00,12,0,0,0,26.758023500386745,0.9711385189135076,0.0,zonia,0,False
2025-06-07 18:56:10.116624019+00:00,12,0,0,0,26.55860760030333,0.9758187624363392,0.0,zonia,0,False
2025-06-07 20:12:06.105720019+00:00,12,0,0,0,24.922236662136516,0.9635781265648221,0.0,zonia,0,False
2025-06-07 20:52:37.445442019+00:00,12,0,0,0,23.5285639751725,0.9500065279549962,0.0,zonia,0,False
2025-06-07 21:10:30.139567019+00:00,12,0,0,0,22.548604650096767,0.9256913978211245,0.0,zonia,0,False
2025-06-07 21:43:08.210559019+00:00,12,0,0,0,21.68219840837296,0.9434066889397088,0.0,zonia,0,False
2025-06-07 21:48:13.666893019+00:00,12,0,0,0,21.28033269263552,0.9389785731815882,0.0,zonia,0,False
2025-06-07 21:57:09.983382019+00:00,12,0,0,0,21.22976176192265,0.9478793743665693,0.0,zonia,0,False
2025-06-07 22:05:30.472422019+00:00,12,0,0,0,20.96997975721183,0.9456925273525237,0.0,zonia,0,False
2025-06-07 22:06:03.556678019+00:00,12,0,0,0,21.455844402108713,0.9498827167980766,0.0,zonia,0,False
2025-06-07 22:06:18.202501019+00:00,12,0,0,0,21.408663088036946,0.9539452199020811,0.0,zonia,0,False
2025-06-07 22:07:54.229045019+00:00,12,0,0,0,20.974069956891586,0.9486602833505259,0.0,zonia,0,False
2025-06-07 22:47:30.675911019+00:00,12,0,0,0,19.322323829736774,0.9434079725022766,0.0,zonia,0,False
2025-06-07 22:52:25.655590019+00:00,12,0,0,0,20.81401638628306,0.9374894445443148,0.0,zonia,0,False
2025-06-07 22:52:44.009611019+00:00,12,0,0,0,20.048669015059268,0.9282867747604217,0.0,zonia,0,False
2025-06-07 23:10:19.608500019+00:00,12,0,0,0,20.180258237149655,0.9165888898311683,0.0,zonia,0,False
2025-06-07 23:10:59.165105019+00:00,12,0,0,0,19.445205671332452,0.9019563711092561,0.0,zonia,0,False
2025-06-07 23:16:04.889964019+00:00,12,0,0,0,20.126499691678752,0.8958402778124803,0.0,zonia,0,False
2025-06-07 23:17:48.962295019+00:00,12,0,0,0,20.053610254436485,0.8901631994871783,0.0,zonia,0,False
2025-06-07 23:33:34.609791019+00:00,12,0,0,0,19.628393913699895,0.8799473875898091,0.0,zonia,0,False
2025-06-07 23:48:01.069747019+00:00,12,0,0,0,19.778750429874904,0.895877337415405,0.0,zonia,0,False
2025-06-08 00:07:13.450405019+00:00,12,0,0,0,19.731468079067774,0.8967542816895966,0.0,zonia,0,False
2025-06-08 00:37:47.872537019+00:00,12,0,0,0,19.686069007016542,0.9108923819585802,0.0,zonia,0,False
2025-06-08 00:41:09.541585019+00:00,12,0,0,0,19.491600975793418,0.8992631222463889,0.0,zonia,0,False
2025-06-08 01:15:45.427829019+00:00,12,0,0,0,19.162978303094548,0.8975187742691708,0.0,zonia,0,False
2025-06-08 01:21:04.517427019+00:00,12,0,0,0,18.52151417247799,0.889417395361471,0.0,zonia,0,False
2025-06-08 01:29:11.475017019+00:00,12,0,0,0,18.110288052563885,0.8921453035003739,0.0,zonia,0,False
2025-06-08 02:14:14.559335019+00:00,12,0,0,0,17.83144914244235,0.8970481989810489,0.0,zonia,0,False
2025-06-08 02:52:15.832947019+00:00,12,0,0,0,18.03567760410804,0.8880361592249252,0.0,zonia,0,False
2025-06-08 02:54:13.412029019+00:00,12,0,0,0,18.07111374687926,0.8903187856442302,0.0,zonia,0,False
2025-06-08 02:58:08.447672019+00:00,12,0,0,0,18.553414133756537,0.899857494180419,0.0,zonia,0,False
2025-06-08 02:59:34.808454019+00:00,12,0,0,0,18.21596350181205,0.8916029539266859,0.0,zonia,0,False
2025-06-08 03:17:20.701451019+00:00,12,0,0,0,19.95409148016783,0.9159228550275115,0.0,zonia,0,False
2025-06-08 03:28:09.527591019+00:00,12,0,0,0,18.742264966478015,0.8912726332963096,0.0,zonia,0,False
2025-06-08 03:45:46.489234019+00:00,12,0,0,0,17.48436234520681,0.8701450333445501,0.0,zonia,0,False
2025-06-08 04:04:19.740061019+00:00,12,0,0,0,18.982700001386778,0.8708227684470421,0.0,zonia,0,False
2025-06-08 04:18:39.794979019+00:00,12,0,0,0,20.107865372938786,0.8622037715110538,0.0,zonia,0,False
2025-06-08 04:53:09.328464019+00:00,12,0,0,0,21.052579842343516,0.8729270799563128,0.0,zonia,0,False
2025-06-08 04:54:58.041871019+00:00,12,0,0,0,21.38228575410232,0.8826159650775364,0.0,zonia,0,False
2025-06-08 05:00:17.506243019+00:00,12,0,0,0,21.464860802610758,0.9189647038004015,0.0,zonia,0,False
2025-06-08 05:01:46.217209019+00:00,12,0,0,0,21.75795256324598,0.9267802522815006,0.0,zonia,0,False
2025-06-08 05:35:55.274052019+00:00,12,0,0,0,24.234809831754298,0.9390706773301555,0.0,zonia,0,False
2025-06-08 06:13:28.356454019+00:00,12,0,0,0,25.642046332720795,0.9465817076162107,0.0,zonia,0,False
2025-06-08 06:26:40.330110019+00:00,12,0,0,0,26.180757108006098,0.9469635661656554,0.0,zonia,0,False
2025-06-08 06:29:24.224549019+00:00,12,0,0,0,26.155549376441222,0.9527929605113487,0.0,zonia,0,False
2025-06-08 06:44:34.677181019+00:00,12,0,0,0,26.39372776203696,0.9623460364960718,0.0,zonia,0,False
2025-06-08 06:54:23.400182019+00:00,12,0,0,0,26.781969619777996,0.9659007099656011,0.0,zonia,0,False
2025-06-08 07:12:26.149556019+00:00,12,0,0,0,27.46749675044692,0.9391172103687068,0.0,zonia,0,False
2025-06-08 07:12:33.360306019+00:00,12,0,0,0,27.291762903278887,0.9231070779082442,0.0,zonia,0,False
2025-06-08 07:18:32.368694019+00:00,12,0,0,0,27.161295008095024,0.918925363955243,0.0,zonia,0,False
2025-06-08 07:43:06.389004019+00:00,12,0,0,0,27.8144586581138,0.920733135633549,0.0,zonia,0,False
2025-06-08 07:49:58.217800019+00:00,12,0,0,0,27.957982031604757,0.9227145160842599,0.0,zonia,0,False
2025-06-08 07:50:30.739391019+00:00,12,0,0,0,28.102621058266656,0.9256164302995437,0.0,zonia,0,False
2025-06-08 08:09:18.944585019+00:00,12,0,0,0,28.29906803803542,0.9189596145244057,0.0,zonia,0,False
2025-06-08 08:13:54.098839019+00:00,12,0,0,0,28.2166479408399,0.8864727751215145,0.0,zonia,0,False
2025-06-08 08:18:12.016058019+00:00,12,0,0,0,28.348068755834444,0.8580613602495504,0.0,zonia,0,False
2025-06-08 08:26:28.768332019+00:00,12,0,0,0,28.62042110254776,0.8633651149203271,0.0,zonia,0,False
2025-06-08 08:39:33.059095019+00:00,12,0,0,0,28.61990649757209,0.8811646718395232,0.0,zonia,0,False
2025-06-08 08:53:47.615815019+00:00,12,0,0,0,28.775742154313612,0.8786735611503261,0.0,zonia,0,False
2025-06-08 09:21:51.188688019+00:00,12,0,0,0,29.913903551630607,0.8723999324539381,0.0,zonia,0,False
2025-06-08 09:59:47.687712019+00:00,12,0,0,0,29.688794757186283,0.8808397543184597,0.0,zonia,0,False
2025-06-08 10:18:21.814590019+00:00,12,0,0,0,29.95101084652888,0.8798561604502058,0.0,zonia,0,False
2025-06-08 10:39:43.032820019+00:00,12,0,0,0,30.207670299604665,0.880176362011365,0.0,zonia,0,False
2025-06-08 10:49:10.827340019+00:00,12,0,0,0,30.352617441965112,0.8850951465544252,0.0,zonia,0,False
2025-06-08 11:28:23.435685019+00:00,12,0,0,0,30.839031763063627,0.8790211289164774,0.0,zonia,0,False
2025-06-08 11:39:48.666612019+00:00,12,0,0,0,30.831812211956585,0.8797212598555135,0.0,zonia,0,False
2025-06-08 11:41:50.782169019+00:00,12,0,0,0,31.039875662954604,0.8760901913793777,0.0,zonia,0,False
2025-06-08 11:44:24.256356019+00:00,12,0,0,0,30.892662974491582,0.878055748475882,0.0,zonia,0,False
2025-06-08 12:45:36.079844019+00:00,12,0,0,0,30.569084888120585,0.8855825360010453,0.0,zonia,0,False
2025-06-08 12:49:59.653776019+00:00,12,0,0,0,30.938277491482584,0.9111126394543844,0.0,zonia,0,False
2025-06-08 12:59:30.806791019+00:00,12,0,0,0,30.64847210032016,0.9129094898324107,0.0,zonia,0,False
2025-06-08 13:40:53.658160019+00:00,12,0,0,0,31.420266755812087,0.9132602687658751,0.0,zonia,0,False
2025-06-08 13:58:05.378499019+00:00,12,0,0,0,31.319370800693477,0.9113858042164845,0.0,zonia,0,False
2025-06-08 14:14:50.114412019+00:00,12,0,0,0,31.239440641028153,0.9111821354789792,0.0,zonia,0,False
2025-06-08 14:17:36.774251019+00:00,12,0,0,0,30.970103472255087,0.9272974582502834,0.0,zonia,0,False
2025-06-08 15:09:18.054883019+00:00,12,0,0,0,31.190442402419404,0.9376378492199878,0.0,zonia,0,False
2025-06-08 15:16:43.102786019+00:00,12,0,0,0,30.91493105121698,0.93541810377957,0.0,zonia,0,False
2025-06-08 15:20:55.680980019+00:00,12,0,0,0,31.23661522597052,0.942372223137011,0.0,zonia,0,False
2025-06-08 15:28:45.165368019+00:00,12,0,0,0,30.629414041778077,0.9474316870517558,0.0,zonia,0,False
2025-06-08 15:37:42.719529019+00:00,12,0,0,0,30.4164185830223,0.9474689536088169,0.0,zonia,0,False
2025-06-08 16:09:00.792777019+00:00,12,0,0,0,29.801985223748588,0.9565180314397758,0.0,zonia,0,False
2025-06-08 16:19:50.751327019+00:00,12,0,0,0,29.833226751322087,0.9562323805739914,0.0,zonia,0,False
2025-06-08 16:24:06.393661019+00:00,12,0,0,0,29.716792401728107,0.9562557979162322,0.0,zonia,0,False
2025-06-08 16:24:18.892584019+00:00,12,0,0,0,29.525702590965125,0.9596547180211825,0.0,zonia,0,False
2025-06-08 16:25:50.164297019+00:00,12,0,0,0,30.03845895848145,0.9592811162894453,0.0,zonia,0,False
2025-06-08 16:34:07.401658019+00:00,12,0,0,0,29.6489858901801,0.9648610815617507,0.0,zonia,0,False
2025-06-08 16:36:10.103824019+00:00,12,0,0,0,29.226157414222094,0.9713119098831454,0.0,zonia,0,False
2025-06-08 16:56:45.464434019+00:00,12,0,0,0,29.071147643753196,0.9702156578942124,0.0,zonia,0,False
2025-06-08 17:02:28.259419019+00:00,12,0,0,0,28.983677339714294,0.9692655493973484,0.0,zonia,0,False
2025-06-08 17:13:02.886809019+00:00,12,0,0,0,28.36823846336014,0.9750752882531842,0.0,zonia,0,False
2025-06-08 17:24:10.834609019+00:00,12,0,0,0,28.345080467655634,0.9772174960836519,0.0,zonia,0,False
2025-06-08 17:27:46.826185019+00:00,12,0,0,0,28.2229416095149,0.9772004941469016,0.0,zonia,0,False
2025-06-08 17:32:01.411342019+00:00,12,0,0,0,27.742080248092872,0.9797666219751343,0.0,zonia,0,False
2025-06-08 17:39:34.095033019+00:00,12,0,0,0,27.92560726646946,0.9807958596568876,0.0,zonia,0,False
2025-06-08 17:40:48.428857019+00:00,12,0,0,0,27.768501669314887,0.9814365027762628,0.0,zonia,0,False
2025-06-08 17:46:01.401991019+00:00,12,0,0,0,27.42809791076777,0.9806641071119332,0.0,zonia,0,False
2025-06-08 17:52:48.188827019+00:00,12,0,0,0,27.249462460131014,0.9813441724797376,0.0,zonia,0,False
2025-06-08 17:54:23.061899019+00:00,12,0,0,0,27.329328304842896,0.9806609977254296,0.0,zonia,0,False
2025-06-08 18:19:50.678544019+00:00,12,0,0,0,26.03549713991524,0.9809654967724043,0.0,zonia,0,False
2025-06-08 18:35:41.807546019+00:00,12,0,0,0,25.54749373705016,0.982864567363957,0.0,zonia,0,False
2025-06-08 18:36:15.583683019+00:00,12,0,0,0,25.30553971096087,0.9817327574896365,0.0,zonia,0,False
2025-06-08 19:14:37.211375019+00:00,12,0,0,0,24.298098589360123,0.9734390774437972,0.0,zonia,0,False
2025-06-08 19:26:05.281293019+00:00,12,0,0,0,24.109247714321928,0.9698897434376922,0.0,zonia,0,False
2025-06-08 19:38:33.059324019+00:00,12,0,0,0,23.717306953012503,0.9678810671742353,0.0,zonia,0,False
2025-06-08 19:40:51.174305019+00:00,12,0,0,0,23.451403862670706,0.9679176418090321,0.0,zonia,0,False
2025-06-08 20:10:28.249746019+00:00,12,0,0,0,22.907929170202436,0.9650002595590759,0.0,zonia,0,False
2025-06-08 20:14:05.369990019+00:00,12,0,0,0,22.859397348957163,0.9652794020206129,0.0,zonia,0,False
2025-06-08 20:21:49.332438019+00:00,12,0,0,0,22.695372096358327,0.9689262130314432,0.0,zonia,0,False
2025-06-08 20:24:51.542781019+00:00,12,0,0,0,22.884296093085023,0.9687948548178854,0.0,zonia,0,False
2025-06-08 20:29:52.301368019+00:00,12,0,0,0,22.89734464197797,0.9705560558993424,0.0,zonia,0,False
2025-06-08 20:40:53.564968019+00:00,12,0,0,0,22.14616301152324,0.9687499177126221,0.0,zonia,0,False
2025-06-08 21:17:16.387713019+00:00,12,0,0,0,21.49912096420223,0.9610585078032425,0.0,zonia,0,False
2025-06-08 21:28:13.293584019+00:00,12,0,0,0,20.673458081577902,0.9609028137935406,0.0,zonia,0,False
2025-06-08 21:41:00.437627019+00:00,12,0,0,0,20.768192234331938,0.9506683076890287,0.0,zonia,0,False
2025-06-08 21:59:02.422773019+00:00,12,0,0,0,17.72601766721662,0.9030767271595531,0.0,zonia,0,False
2025-06-08 22:02:28.847984019+00:00,12,0,0,0,19.88280130294188,0.900546957188156,0.0,zonia,0,False
2025-06-08 22:40:30.518634019+00:00,12,0,0,0,19.06627311277021,0.8963016898580293,0.0,zonia,0,False
2025-06-08 22:44:41.674734019+00:00,12,0,0,0,18.896475374028523,0.8994059100209556,0.0,zonia,0,False
2025-06-08 22:44:42.947863019+00:00,12,0,0,0,18.984575009928562,0.9008468291730146,0.0,zonia,0,False
2025-06-08 22:53:56.357540019+00:00,12,0,0,0,19.09126572361848,0.9007783755257471,0.0,zonia,0,False
2025-06-08 22:55:53.779493019+00:00,12,0,0,0,18.784728262606606,0.9083440577800012,0.0,zonia,0,False
2025-06-08 23:22:47.917053019+00:00,12,0,0,0,18.537845589342595,0.9025733619766919,0.0,zonia,0,False
2025-06-08 23:29:43.756463019+00:00,12,0,0,0,18.62997933786161,0.9189531130891805,0.0,zonia,0,False
2025-06-08 23:45:25.503950019+00:00,12,0,0,0,18.135417460993402,0.9205358788497265,0.0,zonia,0,False
2025-06-08 23:50:42.353834019+00:00,12,0,0,0,18.689365960037705,0.9264407526489977,0.0,zonia,0,False
2025-06-08 23:51:23.937298019+00:00,12,0,0,0,17.515855547764442,0.9294941927177279,0.0,zonia,0,False
2025-06-08 23:53:00.850755019+00:00,12,0,0,0,18.61267924699559,0.9375496274974279,0.0,zonia,0,False
2025-06-09 00:35:07.256405019+00:00,12,0,0,0,17.722580509593598,0.9429805703208819,0.0,zonia,0,False
2025-06-09 01:20:17.179774019+00:00,12,0,0,0,17.073989229527438,0.9384677174780682,0.0,zonia,0,False
2025-06-09 01:31:27.903375019+00:00,12,0,0,0,18.03160526965773,0.9455286258187133,0.0,zonia,0,False
2025-06-09 01:38:30.570181019+00:00,12,0,0,0,17.855356172158594,0.9394588262422666,0.0,zonia,0,False
2025-06-09 01:42:15.380747019+00:00,12,0,0,0,17.302207729224573,0.9282289467652078,0.0,zonia,0,False
2025-06-09 01:53:58.525632019+00:00,12,0,0,0,17.444166999180133,0.9333706763018955,0.0,zonia,0,False
2025-06-09 02:02:37.605572019+00:00,12,0,0,0,17.564742753083443,0.9330591756044527,0.0,zonia,0,False
2025-06-09 02:04:15.929942019+00:00,12,0,0,0,17.288005569037864,0.9306524714440734,0.0,zonia,0,False
2025-06-09 02:34:51.151399019+00:00,12,0,0,0,17.171520826688408,0.9194994020124855,0.0,zonia,0,False
2025-06-09 02:45:32.316818019+00:00,12,0,0,0,16.854287306142435,0.9194646596420403,0.0,zonia,0,False
2025-06-09 02:51:48.266512019+00:00,12,0,0,0,16.587789542274905,0.9151383469398207,0.0,zonia,0,False
2025-06-09 02:55:18.120540019+00:00,12,0,0,0,16.961813557732242,0.9174480331716635,0.0,zonia,0,False
2025-06-09 03:04:36.303010019+00:00,12,0,0,0,16.462279515016107,0.9228932989058589,0.0,zonia,0,False
2025-06-09 03:13:49.927411019+00:00,12,0,0,0,16.343812190589976,0.931305969347131,0.0,zonia,0,False
2025-06-09 03:21:56.614992019+00:00,12,0,0,0,16.541652016242672,0.9389961966697555,0.0,zonia,0,False
2025-06-09 03:29:06.749746019+00:00,12,0,0,0,16.546229484511883,0.9396361278538508,0.0,zonia,0,False
2025-06-09 03:49:01.474224019+00:00,12,0,0,0,16.7135953961309,0.9586891276225818,0.0,zonia,0,False
2025-06-09 04:16:30.614874019+00:00,12,0,0,0,17.141425815069486,0.9574323865207024,0.0,zonia,0,False
2025-06-09 04:32:48.306938019+00:00,12,0,0,0,17.832092693074213,0.9619760687960005,0.0,zonia,0,False
2025-06-09 04:34:04.090575019+00:00,12,0,0,0,17.815848933992783,0.9646520143274396,0.0,zonia,0,False
2025-06-09 04:40:53.405969019+00:00,12,0,0,0,17.72934761502953,0.9734878772312957,0.0,zonia,0,False
2025-06-09 04:42:15.383233019+00:00,12,0,0,0,18.363006902904488,0.9712002829528436,0.0,zonia,0,False
2025-06-09 04:47:25.827296019+00:00,12,0,0,0,18.43906701364357,0.9717995179854767,0.0,zonia,0,False
2025-06-09 05:20:01.026426019+00:00,12,0,0,0,20.342094701764232,0.9739245565880056,0.0,zonia,0,False
2025-06-09 05:26:25.954958019+00:00,12,0,0,0,20.602969188901834,0.9622072176099947,0.0,zonia,0,False
2025-06-09 05:28:04.666871019+00:00,12,0,0,0,20.943404943489234,0.9650020055563853,0.0,zonia,0,False
2025-06-09 05:58:49.289636019+00:00,12,0,0,0,22.17988752599739,0.9649041400437947,0.0,zonia,0,False
2025-06-09 06:07:17.736132019+00:00,12,0,0,0,23.015786947347088,0.946479436561769,0.0,zonia,0,False
2025-06-09 06:23:49.167571019+00:00,12,0,0,0,23.077906781179014,0.9459817547496437,0.0,zonia,0,False
2025-06-09 06:33:04.907078019+00:00,12,0,0,0,23.234674573631203,0.9460791654886619,0.0,zonia,0,False
2025-06-09 06:33:24.666931019+00:00,12,0,0,0,23.493418435641658,0.9325933096482936,0.0,zonia,0,False
2025-06-09 06:36:34.253876019+00:00,12,0,0,0,23.433784612371788,0.9339917866486642,0.0,zonia,0,False
2025-06-09 06:42:59.022048019+00:00,12,0,0,0,23.522360167704587,0.935842449932139,0.0,zonia,0,False
2025-06-09 06:56:29.757266019+00:00,12,0,0,0,23.77666158876068,0.9380649116692384,0.0,zonia,0,False
2025-06-09 07:15:57.488294019+00:00,12,0,0,0,24.301487717479002,0.9388166163206805,0.0,zonia,0,False
2025-06-09 08:10:28.761330019+00:00,12,0,0,0,25.566987196503323,0.9382258172829108,0.0,zonia,0,False
2025-06-09 08:57:02.860575019+00:00,12,0,0,0,27.044435339542407,0.9351309750756857,0.0,zonia,0,False
2025-06-09 09:00:06.178197019+00:00,12,0,0,0,26.940835709975374,0.9400703300674197,0.0,zonia,0,False
2025-06-09 09:05:29.518838019+00:00,12,0,0,0,27.31357843312038,0.957972668929501,0.0,zonia,0,False
2025-06-09 09:36:34.064424019+00:00,12,0,0,0,27.21866002454836,0.9535992883572068,0.0,zonia,0,False
2025-06-09 10:23:06.434312019+00:00,12,0,0,0,27.805077394788736,0.9581041437110693,0.0,zonia,0,False
2025-06-09 10:31:23.435557019+00:00,12,0,0,0,27.462135876321394,0.9627945527522673,0.0,zonia,0,False
2025-06-09 10:43:24.083705019+00:00,12,0,0,0,27.275216190153177,0.9656068473317059,0.0,zonia,0,False
2025-06-09 10:52:30.240970019+00:00,12,0,0,0,27.15649973182744,0.9697641179276594,0.0,zonia,0,False
2025-06-09 10:57:43.873764019+00:00,12,0,0,0,27.192302481241953,0.9694954359199451,0.0,zonia,0,False
2025-06-09 11:04:26.876604019+00:00,12,0,0,0,27.54607846480964,0.9731794214214791,0.0,zonia,0,False
2025-06-09 11:07:37.909983019+00:00,12,0,0,0,27.13015421754871,0.9722106163203472,0.0,zonia,0,False
2025-06-09 11:20:48.672551019+00:00,12,0,0,0,27.1596327423055,0.9732783112137923,0.0,zonia,0,False
2025-06-09 11:26:41.881796019+00:00,12,0,0,0,27.308451865247,0.9736680042499404,0.0,zonia,0,False
2025-06-09 12:11:41.925248019+00:00,12,0,0,0,27.216122881699008,0.9759798876196658,0.0,zonia,0,False
2025-06-09 12:15:24.862034019+00:00,12,0,0,0,27.910536388300045,0.965036039094865,0.0,zonia,0,False
2025-06-09 12:22:55.895563019+00:00,12,0,0,0,27.25233634620027,0.9618148713880946,0.0,zonia,0,False
2025-06-09 12:24:31.828043019+00:00,12,0,0,0,27.25011438299219,0.9610134815935584,0.0,zonia,0,False
2025-06-09 12:54:02.752281019+00:00,12,0,0,0,27.580897800404284,0.9626142528543404,0.0,zonia,0,False
2025-06-09 13:02:02.958433019+00:00,12,0,0,0,27.40749350331585,0.9649582190911529,0.0,zonia,0,False
2025-06-09 13:11:38.302021019+00:00,12,0,0,0,27.106123573477518,0.952618010427467,0.0,zonia,0,False
2025-06-09 13:18:32.679955019+00:00,12,0,0,0,27.45665505839128,0.9489735531735951,0.0,zonia,0,False
2025-06-09 13:51:55.110743019+00:00,12,0,0,0,28.17920116753036,0.9507601509805547,0.0,zonia,0,False
2025-06-09 14:37:37.392560019+00:00,12,0,0,0,27.532562517797086,0.9465755086309969,0.0,zonia,0,False
2025-06-09 14:39:57.941577019+00:00,12,0,0,0,28.019635325615834,0.9434986894348748,0.0,zonia,0,False
2025-06-09 14:47:31.098656019+00:00,12,0,0,0,27.592460086428968,0.9417740737767333,0.0,zonia,0,False
2025-06-09 14:54:09.826142019+00:00,12,0,0,0,27.412476431629,0.9432377422960903,0.0,zonia,0,False
2025-06-09 15:03:55.164375019+00:00,12,0,0,0,27.439788159838994,0.942427942527397,0.0,zonia,0,False
2025-06-09 15:17:51.337223019+00:00,12,0,0,0,27.401653434174897,0.9384339899129749,0.0,zonia,0,False
2025-06-09 15:40:39.737346019+00:00,12,0,0,0,26.959450468859185,0.9377153951605135,0.0,zonia,0,False
2025-06-09 15:52:10.796020019+00:00,12,0,0,0,27.01992579412293,0.9390253904828963,0.0,zonia,0,False
2025-06-09 15:54:14.935807019+00:00,12,0,0,0,27.014638928206775,0.9493033112823542,0.0,zonia,0,False
2025-06-09 15:56:05.122635019+00:00,12,0,0,0,26.93118042885007,0.9546560291267513,0.0,zonia,0,False
2025-06-09 15:56:47.514402019+00:00,12,0,0,0,26.748733167056937,0.8795129004468185,0.0,zonia,0,False
2025-06-09 15:57:51.994046019+00:00,12,0,0,0,27.69039510678228,0.8912227430209069,0.0,zonia,0,False
2025-06-09 15:59:59.754436019+00:00,12,0,0,0,27.019570818359135,0.8510198564215106,0.0,zonia,0,False
2025-06-09 16:08:57.754459019+00:00,12,0,0,0,26.826880461213268,0.8514886304533493,0.0,zonia,0,False
2025-06-09 16:13:37.399986019+00:00,12,0,0,0,27.504283422644438,0.8560825589257929,0.0,zonia,0,False
2025-06-09 17:15:57.423104019+00:00,12,0,0,0,26.04840465916618,0.9130458714253923,0.0,zonia,0,False
2025-06-09 17:17:02.406151019+00:00,12,0,0,0,26.17475854718872,0.9160462742843049,0.0,zonia,0,False
2025-06-09 17:27:13.710934019+00:00,12,0,0,0,25.516341892049486,0.94410827408048,0.0,zonia,0,False
2025-06-09 17:33:23.556588019+00:00,12,0,0,0,26.019608722029123,0.9388232688473114,0.0,zonia,0,False
2025-06-09 17:36:27.023515019+00:00,12,0,0,0,25.18329906686508,0.953806875663079,0.0,zonia,0,False
2025-06-09 17:43:56.211374019+00:00,12,0,0,0,24.81214247283562,0.9680930290961548,0.0,zonia,0,False
2025-06-09 19:09:22.721767019+00:00,12,0,0,0,21.291726778079497,0.9715789338459183,0.0,zonia,0,False
2025-06-09 19:22:32.901460019+00:00,12,0,0,0,20.532783353715697,0.9760016974781944,0.0,zonia,0,False
2025-06-09 19:41:11.087350019+00:00,12,0,0,0,20.33904034545789,0.9772623111053838,0.0,zonia,0,False
2025-06-09 19:59:49.360622019+00:00,12,0,0,0,19.727648720716747,0.9766299783460853,0.0,zonia,0,False
2025-06-09 20:04:42.443806019+00:00,12,0,0,0,19.528808525793476,0.9773994163850839,0.0,zonia,0,False
2025-06-09 20:07:31.223328019+00:00,12,0,0,0,19.17752229258915,0.9820264900114308,0.0,zonia,0,False
2025-06-09 20:13:01.195625019+00:00,12,0,0,0,19.306242943404307,0.9822743764332703,0.0,zonia,0,False
2025-06-09 20:24:52.496106019+00:00,12,0,0,0,19.25179736274827,0.9824720378573689,0.0,zonia,0,False
2025-06-09 20:31:14.651777019+00:00,12,0,0,0,18.935852454027824,0.9800325482979256,0.0,zonia,0,False
2025-06-09 20:45:36.784039019+00:00,12,0,0,0,18.545435841186194,0.9807439745599779,0.0,zonia,0,False
2025-06-09 21:14:52.341002019+00:00,12,0,0,0,18.773203416152324,0.9823147540248982,0.0,zonia,0,False
2025-06-09 21:21:06.325289019+00:00,12,0,0,0,18.5893056622944,0.9740537622793104,0.0,zonia,0,False
2025-06-09 21:52:53.522530019+00:00,12,0,0,0,18.055067057148364,0.9744773797966788,0.0,zonia,0,False
2025-06-09 21:55:26.860959019+00:00,12,0,0,0,17.00332807904278,0.9752630417155564,0.0,zonia,0,False
2025-06-09 22:12:13.243467019+00:00,12,0,0,0,17.231833369119347,0.9692298033860327,0.0,zonia,0,False
2025-06-09 22:24:24.155046019+00:00,12,0,0,0,17.1631467429158,0.9721881069753877,0.0,zonia,0,False
2025-06-09 22:42:38.616461019+00:00,12,0,0,0,16.394103992753298,0.9726351209070563,0.0,zonia,0,False
2025-06-09 22:45:59.481172019+00:00,12,0,0,0,16.530234850188503,0.9741523433536262,0.0,zonia,0,False
2025-06-09 22:57:29.598419019+00:00,12,0,0,0,16.113647541586943,0.971608425264927,0.0,zonia,0,False
2025-06-09 23:46:29.342075019+00:00,12,0,0,0,15.82049083124457,0.9720745633631683,0.0,zonia,0,False
2025-06-10 00:11:50.310386019+00:00,12,0,0,0,15.66454383762793,0.9732637619081009,0.0,zonia,0,False
2025-06-10 00:43:49.882582019+00:00,12,0,0,0,15.961945251363856,0.9687568887327472,0.0,zonia,0,False
2025-06-10 00:56:15.356060019+00:00,12,0,0,0,15.177652614573708,0.9728044768840954,0.0,zonia,0,False
2025-06-10 01:12:16.134917019+00:00,12,0,0,0,14.955779502698983,0.9776877490560141,0.0,zonia,0,False
2025-06-10 01:23:22.382186019+00:00,12,0,0,0,14.857039957722266,0.9822164473666134,0.0,zonia,0,False
2025-06-10 02:47:49.186641019+00:00,12,0,0,0,14.864164325428392,0.9810813584795114,0.0,zonia,0,False
2025-06-10 03:05:21.194505019+00:00,12,0,0,0,14.8228395339458,0.9779259750612882,0.0,zonia,0,False
2025-06-10 03:10:53.508754019+00:00,12,0,0,0,14.740639813034191,0.9789993034650286,0.0,zonia,0,False
2025-06-10 03:14:43.610977019+00:00,12,0,0,0,14.719765222706052,0.9806016654300237,0.0,zonia,0,False
2025-06-10 03:25:09.644645019+00:00,12,0,0,0,14.677227565674906,0.9829479138994456,0.0,zonia,0,False
2025-06-10 03:38:54.699442019+00:00,12,0,0,0,14.501041918446747,0.9842802447778021,0.0,zonia,0,False
2025-06-10 03:40:25.711400019+00:00,12,0,0,0,14.607446231021218,0.9844356521196126,0.0,zonia,0,False
2025-06-10 03:53:07.632080019+00:00,12,0,0,0,14.51270290344811,0.9850100698259515,0.0,zonia,0,False
2025-06-10 03:53:19.348626019+00:00,12,0,0,0,14.251469129173335,0.9856212394259704,0.0,zonia,0,False
2025-06-10 03:54:47.254215019+00:00,12,0,0,0,14.498694503857044,0.9848408888361607,0.0,zonia,0,False
2025-06-10 03:56:27.335963019+00:00,12,0,0,0,14.341950062241182,0.9861148734274483,0.0,zonia,0,False
2025-06-10 03:57:15.885214019+00:00,12,0,0,0,14.550755438649954,0.985799163763904,0.0,zonia,0,False
2025-06-10 04:08:20.805990019+00:00,12,0,0,0,14.81163402740704,0.9841907560390336,0.0,zonia,0,False
2025-06-10 04:42:15.370748019+00:00,12,0,0,0,16.114500503563377,0.9815018472710566,0.0,zonia,0,False
2025-06-10 04:46:36.422318019+00:00,12,0,0,0,16.47875388362903,0.9795083723095775,0.0,zonia,0,False
2025-06-10 05:08:45.483263019+00:00,12,0,0,0,17.442301149571207,0.978293065309516,0.0,zonia,0,False
2025-06-10 05:12:04.740498019+00:00,12,0,0,0,17.825983392316616,0.9798084910527471,0.0,zonia,0,False
2025-06-10 05:24:53.617016019+00:00,12,0,0,0,18.61335585741874,0.9681811005694785,0.0,zonia,0,False
2025-06-10 05:52:09.967410019+00:00,12,0,0,0,19.539573193680447,0.9698540993804925,0.0,zonia,0,False
2025-06-10 06:27:56.992015019+00:00,12,0,0,0,21.104761349465416,0.9677380629457124,0.0,zonia,0,False
2025-06-10 07:10:01.048486019+00:00,12,0,0,0,22.432333210745927,0.9657131285937215,0.0,zonia,0,False
2025-06-10 07:57:18.635886019+00:00,12,0,0,0,24.471752159566282,0.9625028012033123,0.0,zonia,0,False
2025-06-10 07:59:31.654353019+00:00,12,0,0,0,24.706943658177927,0.96511242416016,0.0,zonia,0,False
2025-06-10 08:17:26.198252019+00:00,12,0,0,0,24.87687466657024,0.9639020755840936,0.0,zonia,0,False
2025-06-10 08:20:54.970212019+00:00,12,0,0,0,25.262946193911166,0.96396539778514,0.0,zonia,0,False
2025-06-10 08:45:26.909363019+00:00,12,0,0,0,25.62065018877711,0.9656643720055219,0.0,zonia,0,False
2025-06-10 08:57:35.852626019+00:00,12,0,0,0,26.204121012288844,0.965767747153457,0.0,zonia,0,False
2025-06-10 09:00:37.310626019+00:00,12,0,0,0,26.153717395104852,0.9656662675865051,0.0,zonia,0,False
2025-06-10 09:01:40.977037019+00:00,12,0,0,0,26.05274945560872,0.9649096675959346,0.0,zonia,0,False
2025-06-10 09:06:57.810119019+00:00,12,0,0,0,26.142614457925873,0.9668018363026402,0.0,zonia,0,False
2025-06-10 09:15:56.961475019+00:00,12,0,0,0,26.203716064640535,0.9686412163992602,0.0,zonia,0,False
2025-06-10 09:46:55.475371019+00:00,12,0,0,0,26.92345107592046,0.9765486315335411,0.0,zonia,0,False
2025-06-10 09:49:59.385481019+00:00,12,0,0,0,26.93422581651645,0.9813342866463004,0.0,zonia,0,False
2025-06-10 10:04:46.119315019+00:00,12,0,0,0,27.146220660969735,0.9813600545994757,0.0,zonia,0,False
2025-06-10 10:07:16.730994019+00:00,12,0,0,0,27.28885521819893,0.9754705640568578,0.0,zonia,0,False
2025-06-10 10:49:00.160408019+00:00,12,0,0,0,28.07445586029459,0.977959875592437,0.0,zonia,0,False
2025-06-10 10:56:08.444341019+00:00,12,0,0,0,27.816753105774765,0.9374592755406511,0.0,zonia,0,False
2025-06-10 11:12:30.943831019+00:00,12,0,0,0,28.474097356911674,0.9360090386044689,0.0,zonia,0,False
2025-06-10 11:20:01.310405019+00:00,12,0,0,0,28.572336313397212,0.9353916833397428,0.0,zonia,0,False
2025-06-10 11:22:40.676116019+00:00,12,0,0,0,28.451380502253397,0.9365561290825825,0.0,zonia,0,False
2025-06-10 11:24:12.360874019+00:00,12,0,0,0,28.40091656182154,0.9354953031326092,0.0,zonia,0,False
2025-06-10 11:40:24.241280019+00:00,12,0,0,0,28.976302392313666,0.9310923491857216,0.0,zonia,0,False
2025-06-10 11:42:07.334196019+00:00,12,0,0,0,29.52162177518026,0.9449604024117054,0.0,zonia,0,False
2025-06-10 11:53:06.041412019+00:00,12,0,0,0,28.677200055886477,0.9485622789580991,0.0,zonia,0,False
2025-06-10 12:26:39.938069019+00:00,12,0,0,0,29.496745554877446,0.9513793550962127,0.0,zonia,0,False
2025-06-10 12:33:33.337260019+00:00,12,0,0,0,29.66551285478749,0.9514643829968829,0.0,zonia,0,False
2025-06-10 13:04:44.682749019+00:00,12,0,0,0,29.731857540538478,0.9529875434052643,0.0,zonia,0,False
2025-06-10 13:11:08.174957019+00:00,12,0,0,0,30.009273984690974,0.9537775549831616,0.0,zonia,0,False
2025-06-10 13:20:37.584696019+00:00,12,0,0,0,30.061123735162464,0.9546536312219454,0.0,zonia,0,False
2025-06-10 13:21:36.153914019+00:00,12,0,0,0,30.350901709312826,0.9507230713543864,0.0,zonia,0,False
2025-06-10 13:46:02.358598019+00:00,12,0,0,0,30.4346850635771,0.9519116743046735,0.0,zonia,0,False
2025-06-10 13:57:06.907915019+00:00,12,0,0,0,30.667487988719824,0.9485270328142295,0.0,zonia,0,False
2025-06-10 14:13:31.409464019+00:00,12,0,0,0,30.82092398808742,0.9529135540833291,0.0,zonia,0,False
2025-06-10 14:29:23.766502019+00:00,12,0,0,0,30.637783764388903,0.9574041879847539,0.0,zonia,0,False
2025-06-10 14:42:35.686538019+00:00,12,0,0,0,30.508750647630443,0.9575740192212824,0.0,zonia,0,False
2025-06-10 15:11:21.914646019+00:00,12,0,0,0,30.802186377416394,0.9578268837977157,0.0,zonia,0,False
2025-06-10 15:13:42.423620019+00:00,12,0,0,0,30.780001864560454,0.958276526616341,0.0,zonia,0,False
2025-06-10 15:24:47.102179019+00:00,12,0,0,0,30.90947168511689,0.9595036290994141,0.0,zonia,0,False
2025-06-10 15:34:08.214318019+00:00,12,0,0,0,30.698890844181008,0.9711350961047889,0.0,zonia,0,False
2025-06-10 15:42:32.133893019+00:00,12,0,0,0,30.723065495986855,0.9727114189316524,0.0,zonia,0,False
2025-06-10 16:14:35.485566019+00:00,12,0,0,0,30.576413943870822,0.9743878654473814,0.0,zonia,0,False
2025-06-10 16:31:37.623853019+00:00,12,0,0,0,30.300553913086915,0.9735442245972279,0.0,zonia,0,False
2025-06-10 16:35:50.979563019+00:00,12,0,0,0,30.060569853475958,0.9422289922887797,0.0,zonia,0,False
2025-06-10 16:52:31.098196019+00:00,12,0,0,0,30.048469863787407,0.9411479082177604,0.0,zonia,0,False
2025-06-10 16:54:20.471435019+00:00,12,0,0,0,30.08660913447459,0.9563226054881451,0.0,zonia,0,False
2025-06-10 17:21:55.201363019+00:00,12,0,0,0,29.54233868348025,0.9515601735057092,0.0,zonia,0,False
2025-06-10 17:26:40.332814019+00:00,12,0,0,0,29.449494846925916,0.9506614078947052,0.0,zonia,0,False
2025-06-10 17:45:05.931938019+00:00,12,0,0,0,28.396090975247123,0.9485737804284718,0.0,zonia,0,False
2025-06-10 18:21:46.550220019+00:00,12,0,0,0,25.642649262616978,0.9534793621555417,0.0,zonia,0,False
2025-06-10 18:48:02.985939019+00:00,12,0,0,0,24.53538995224057,0.9701561575112976,0.0,zonia,0,False
2025-06-10 19:11:12.034416019+00:00,12,0,0,0,23.400352370073026,0.972440484249038,0.0,zonia,0,False
2025-06-10 19:19:15.106934019+00:00,12,0,0,0,22.9842239320734,0.9712179392502822,0.0,zonia,0,False
2025-06-10 19:27:28.118579019+00:00,12,0,0,0,23.030533111409085,0.9666682366013476,0.0,zonia,0,False
2025-06-10 19:35:01.231037019+00:00,12,0,0,0,22.89828560778978,0.9671546155551276,0.0,zonia,0,False
2025-06-10 19:52:15.352636019+00:00,12,0,0,0,22.486365761826665,0.9704974942843752,0.0,zonia,0,False
2025-06-10 20:24:26.946638019+00:00,12,0,0,0,22.37509240346488,0.9643023663042157,0.0,zonia,0,False
2025-06-10 20:32:28.860072019+00:00,12,0,0,0,22.112192945158775,0.9654702315683968,0.0,zonia,0,False
2025-06-10 20:53:12.538690019+00:00,12,0,0,0,20.7483242581312,0.964081035159209,0.0,zonia,0,False
2025-06-10 20:57:35.222994019+00:00,12,0,0,0,21.26117106542538,0.967611659450662,0.0,zonia,0,False
2025-06-10 21:04:37.402394019+00:00,12,0,0,0,20.82359418054921,0.970726948946031,0.0,zonia,0,False
2025-06-10 21:36:45.140090019+00:00,12,0,0,0,19.680626925616977,0.9694088573477987,0.0,zonia,0,False
2025-06-10 21:43:15.096479019+00:00,12,0,0,0,20.258098845363634,0.9699057648649455,0.0,zonia,0,False
2025-06-10 21:48:39.669510019+00:00,12,0,0,0,19.96032802495767,0.9732110142538603,0.0,zonia,0,False
2025-06-10 22:11:22.350812019+00:00,12,0,0,0,18.999506478963028,0.9720697406742982,0.0,zonia,0,False
2025-06-10 22:12:29.943079019+00:00,12,0,0,0,19.420280803955578,0.9720944579747982,0.0,zonia,0,False
2025-06-10 22:23:05.838060019+00:00,12,0,0,0,19.495046109091646,0.9723967035592499,0.0,zonia,0,False
2025-06-10 22:30:25.613973019+00:00,12,0,0,0,19.141521438723352,0.9713639179638642,0.0,zonia,0,False
2025-06-10 22:35:58.065097019+00:00,12,0,0,0,19.146300842970675,0.9712040545145646,0.0,zonia,0,False
2025-06-10 22:36:19.065187019+00:00,12,0,0,0,18.989838776935443,0.9718920832858063,0.0,zonia,0,False
2025-06-10 22:57:55.812248019+00:00,12,0,0,0,18.842753415972428,0.9731410135735988,0.0,zonia,0,False
2025-06-10 22:58:22.150562019+00:00,12,0,0,0,19.10989800036227,0.9752511354894499,0.0,zonia,0,False
2025-06-10 23:08:32.974645019+00:00,12,0,0,0,18.834666018406104,0.9792654369808614,0.0,zonia,0,False
2025-06-10 23:23:10.162167019+00:00,12,0,0,0,18.50749954910916,0.979640414653059,0.0,zonia,0,False
2025-06-10 23:31:55.638178019+00:00,12,0,0,0,18.41138801216065,0.9809192496495576,0.0,zonia,0,False
2025-06-10 23:48:53.242860019+00:00,12,0,0,0,18.54902970199317,0.9820329547390726,0.0,zonia,0,False
2025-06-11 00:06:26.588663019+00:00,12,0,0,0,18.251345362830676,0.9797598906388539,0.0,zonia,0,False
2025-06-11 00:14:09.382860019+00:00,12,0,0,0,18.714240164987064,0.9801725380762575,0.0,zonia,0,False
2025-06-11 00:15:47.845578019+00:00,12,0,0,0,18.484335893794196,0.9815633175661679,0.0,zonia,0,False
2025-06-11 00:57:13.965471019+00:00,12,0,0,0,18.10337733961762,0.9820128679093033,0.0,zonia,0,False
2025-06-11 01:27:34.081062019+00:00,12,0,0,0,17.936149316209942,0.981843731286022,0.0,zonia,0,False
2025-06-11 01:28:01.445777019+00:00,12,0,0,0,18.042006458088142,0.9840192200974723,0.0,zonia,0,False
2025-06-11 01:31:47.206769019+00:00,12,0,0,0,18.220814341854542,0.9821682541590712,0.0,zonia,0,False
2025-06-11 01:32:37.199618019+00:00,12,0,0,0,17.830836601787468,0.9829524183635886,0.0,zonia,0,False
2025-06-11 01:37:38.518723019+00:00,12,0,0,0,18.13820182968451,0.9786601258818065,0.0,zonia,0,False
2025-06-11 01:52:46.340559019+00:00,12,0,0,0,18.027592274113893,0.9764657569755001,0.0,zonia,0,False
2025-06-11 01:54:15.883085019+00:00,12,0,0,0,18.10284101876687,0.9737401793026916,0.0,zonia,0,False
2025-06-11 01:59:51.439080019+00:00,12,0,0,0,17.776504202997913,0.9706641992661766,0.0,zonia,0,False
2025-06-11 02:19:49.195418019+00:00,12,0,0,0,17.159901895755084,0.9691819538468324,0.0,zonia,0,False
2025-06-11 02:21:14.720254019+00:00,12,0,0,0,17.780581537941863,0.9700093556450233,0.0,zonia,0,False
2025-06-11 02:23:39.112610019+00:00,12,0,0,0,17.01725900875726,0.9744891107710404,0.0,zonia,0,False
2025-06-11 02:29:27.320960019+00:00,12,0,0,0,17.055767688160252,0.9740796783553279,0.0,zonia,0,False
2025-06-11 02:42:52.495294019+00:00,12,0,0,0,16.807847006119275,0.9478631793148701,0.0,zonia,0,False
2025-06-11 02:45:22.508273019+00:00,12,0,0,0,17.362357644001452,0.9532168904601325,0.0,zonia,0,False
2025-06-11 02:57:21.899123019+00:00,12,0,0,0,17.131747795674602,0.9639670129991785,0.0,zonia,0,False
2025-06-11 03:01:32.950150019+00:00,12,0,0,0,16.989991384667398,0.9658580742388388,0.0,zonia,0,False
2025-06-11 03:27:23.235781019+00:00,12,0,0,0,16.66410450526433,0.9650517634835336,0.0,zonia,0,False
2025-06-11 03:45:33.288355019+00:00,12,0,0,0,16.72084918776183,0.9725490437389251,0.0,zonia,0,False
2025-06-11 03:48:56.317258019+00:00,12,0,0,0,16.78953581307014,0.9727239373163269,0.0,zonia,0,False
2025-06-11 04:06:10.343889019+00:00,12,0,0,0,16.858768637773384,0.9751233067461179,0.0,zonia,0,False
2025-06-11 04:26:13.758218019+00:00,12,0,0,0,17.88124147996388,0.9776133264044566,0.0,zonia,0,False
2025-06-11 04:28:37.832097019+00:00,12,0,0,0,18.45663912014044,0.9795081460317263,0.0,zonia,0,False
2025-06-11 04:30:36.545835019+00:00,12,0,0,0,18.219978407898775,0.9775572196765886,0.0,zonia,0,False
2025-06-11 04:47:15.289568019+00:00,12,0,0,0,19.388123521869982,0.979903039733239,0.0,zonia,0,False
2025-06-11 04:59:13.340985019+00:00,12,0,0,0,19.9792219880164,0.9522676669009512,0.0,zonia,0,False
2025-06-11 05:01:53.520007019+00:00,12,0,0,0,20.434588522367438,0.9355507424546238,0.0,zonia,0,False
2025-06-11 05:05:40.018434019+00:00,12,0,0,0,20.715840227875763,0.9371974556048746,0.0,zonia,0,False
2025-06-11 05:20:24.951919019+00:00,12,0,0,0,21.18536557368644,0.9271730200591355,0.0,zonia,0,False
2025-06-11 05:21:48.431935019+00:00,12,0,0,0,21.31781309884661,0.9538628033500429,0.0,zonia,0,False
2025-06-11 05:56:58.299055019+00:00,12,0,0,0,23.8651739494305,0.9552399512597867,0.0,zonia,0,False
2025-06-11 05:57:05.103425019+00:00,12,0,0,0,23.44739695144816,0.9429744230595607,0.0,zonia,0,False
2025-06-11 05:59:29.747853019+00:00,12,0,0,0,23.85936628671749,0.9394081851906427,0.0,zonia,0,False
2025-06-11 07:27:21.115299019+00:00,12,0,0,0,27.824278841073923,0.9401110613776312,0.0,zonia,0,False
2025-06-11 07:33:45.728866019+00:00,12,0,0,0,27.95280389896087,0.9401231414667391,0.0,zonia,0,False
2025-06-11 07:59:06.043884019+00:00,12,0,0,0,28.79037441588419,0.9440157526388736,0.0,zonia,0,False
2025-06-11 08:07:10.018067019+00:00,12,0,0,0,29.130339033723416,0.9322346758479693,0.0,zonia,0,False
2025-06-11 08:08:45.352535019+00:00,12,0,0,0,29.337688604036234,0.9400246787774934,0.0,zonia,0,False
2025-06-11 08:23:43.352131019+00:00,12,0,0,0,29.373659319638616,0.9408909086447217,0.0,zonia,0,False
2025-06-11 08:29:20.884736019+00:00,12,0,0,0,29.593416331995318,0.9414378857777871,0.0,zonia,0,False
2025-06-11 08:32:38.973976019+00:00,12,0,0,0,29.77554792294627,0.9485776831426498,0.0,zonia,0,False
2025-06-11 08:37:10.464170019+00:00,12,0,0,0,30.337491121729446,0.9629167776254287,0.0,zonia,0,False
2025-06-11 08:47:23.352314019+00:00,12,0,0,0,29.940015621711936,0.9665440323064889,0.0,zonia,0,False
2025-06-11 08:48:44.780982019+00:00,12,0,0,0,30.11345056285944,0.9738041045882939,0.0,zonia,0,False
2025-06-11 08:56:43.642057019+00:00,12,0,0,0,30.19117535903384,0.9766038938965513,0.0,zonia,0,False
2025-06-11 09:24:01.767723019+00:00,12,0,0,0,30.67614465583239,0.9771190367865635,0.0,zonia,0,False
2025-06-11 09:24:35.962442019+00:00,12,0,0,0,30.616646211153565,0.9797099060892668,0.0,zonia,0,False
2025-06-11 09:59:01.525054019+00:00,12,0,0,0,31.164267641416615,0.9786315685195143,0.0,zonia,0,False
2025-06-11 10:05:45.004781019+00:00,12,0,0,0,31.493664284306057,0.9820951595552613,0.0,zonia,0,False
2025-06-11 10:24:01.838119019+00:00,12,0,0,0,31.244785652916512,0.9819497803862333,0.0,zonia,0,False
2025-06-11 10:32:42.536578019+00:00,12,0,0,0,31.509363149936735,0.980053998625027,0.0,zonia,0,False
2025-06-11 10:38:21.450730019+00:00,12,0,0,0,31.60860182373828,0.980671488548028,0.0,zonia,0,False
2025-06-11 10:54:25.327469019+00:00,12,0,0,0,31.803356055120783,0.9812131530704846,0.0,zonia,0,False
2025-06-11 11:04:57.133274019+00:00,12,0,0,0,31.920899167715923,0.9819200297509424,0.0,zonia,0,False
2025-06-11 11:14:56.834976019+00:00,12,0,0,0,31.550951143141422,0.984115230826838,0.0,zonia,0,False
2025-06-11 11:17:29.139786019+00:00,12,0,0,0,31.654990206245333,0.9833118459978407,0.0,zonia,0,False
2025-06-11 11:25:23.387189019+00:00,12,0,0,0,32.077671168404386,0.9812896269343384,0.0,zonia,0,False
2025-06-11 11:46:13.862173019+00:00,12,0,0,0,32.33997521131261,0.978885380070737,0.0,zonia,0,False
2025-06-11 12:11:17.273444019+00:00,12,0,0,0,32.134499088220934,0.9789155471059562,0.0,zonia,0,False
2025-06-11 12:16:43.404720019+00:00,12,0,0,0,32.12535506262545,0.976879931844037,0.0,zonia,0,False
2025-06-11 12:25:18.742119019+00:00,12,0,0,0,32.50689826093211,0.9741881256415764,0.0,zonia,0,False
2025-06-11 12:51:23.368494019+00:00,12,0,0,0,32.6108786167703,0.9680064559603506,0.0,zonia,0,False
2025-06-11 13:07:02.480710019+00:00,12,0,0,0,32.49799201978488,0.9648398769485474,0.0,zonia,0,False
2025-06-11 13:27:05.220821019+00:00,12,0,0,0,32.90565721832389,0.9603844906362143,0.0,zonia,0,False
2025-06-11 13:39:14.491308019+00:00,12,0,0,0,33.10433641346155,0.9584679009721458,0.0,zonia,0,False
2025-06-11 13:59:49.479606019+00:00,12,0,0,0,33.050243390099396,0.9638154587036754,0.0,zonia,0,False
2025-06-11 14:12:14.849087019+00:00,12,0,0,0,33.33929389132343,0.9652165939372731,0.0,zonia,0,False
2025-06-11 14:24:17.141359019+00:00,12,0,0,0,33.28335903743726,0.9553132292483802,0.0,zonia,0,False
2025-06-11 14:30:01.984940019+00:00,12,0,0,0,32.642584216861884,0.9591018771123213,0.0,zonia,0,False
2025-06-11 14:44:03.849484019+00:00,12,0,0,0,32.649038062474006,0.9612722593955239,0.0,zonia,0,False
2025-06-11 14:46:24.151046019+00:00,12,0,0,0,32.73855593804433,0.963262556316827,0.0,zonia,0,False
2025-06-11 14:59:30.180718019+00:00,12,0,0,0,33.29515216367035,0.9651865235954428,0.0,zonia,0,False
2025-06-11 15:07:48.390967019+00:00,12,0,0,0,32.34718502717114,0.9612675331608087,0.0,zonia,0,False
2025-06-11 15:10:11.810187019+00:00,12,0,0,0,32.40935864821706,0.9614491579315855,0.0,zonia,0,False
2025-06-11 15:17:56.077188019+00:00,12,0,0,0,32.34013188025339,0.9573992265425962,0.0,zonia,0,False
2025-06-11 15:32:15.914190019+00:00,12,0,0,0,32.17979209245527,0.9482830980217788,0.0,zonia,0,False
2025-06-11 15:36:43.248165019+00:00,12,0,0,0,32.694037906217716,0.9510733505300614,0.0,zonia,0,False
2025-06-11 15:39:53.176114019+00:00,12,0,0,0,32.2693681522738,0.9502261494879146,0.0,zonia,0,False
2025-06-11 15:44:09.076900019+00:00,12,0,0,0,32.06044369904816,0.9407579061516635,0.0,zonia,0,False
2025-06-11 15:50:05.784364019+00:00,12,0,0,0,32.88979781203601,0.9474586256795708,0.0,zonia,0,False
2025-06-11 16:02:27.342436019+00:00,12,0,0,0,31.31901155494567,0.9422812303704667,0.0,zonia,0,False
2025-06-11 16:04:40.563258019+00:00,12,0,0,0,32.3005225985696,0.9353652104785931,0.0,zonia,0,False
2025-06-11 16:15:23.971100019+00:00,12,0,0,0,30.75159529722336,0.9381938250091122,0.0,zonia,0,False
2025-06-11 16:20:10.513954019+00:00,12,0,0,0,30.811532708258092,0.945635041395823,0.0,zonia,0,False
2025-06-11 16:54:57.168349019+00:00,12,0,0,0,29.99396184556653,0.9504221331325975,0.0,zonia,0,False
2025-06-11 16:59:53.561361019+00:00,12,0,0,0,29.783926226291303,0.9498420280597716,0.0,zonia,0,False
2025-06-11 17:05:10.065707019+00:00,12,0,0,0,29.933980563073302,0.9572683488401986,0.0,zonia,0,False
2025-06-11 17:18:59.708796019+00:00,12,0,0,0,29.30007112546407,0.9584868554033342,0.0,zonia,0,False
2025-06-11 17:25:46.949270019+00:00,12,0,0,0,29.087544312426477,0.9559876135093311,0.0,zonia,0,False
2025-06-11 17:49:14.256115019+00:00,12,0,0,0,28.6910648145815,0.9640738103978764,0.0,zonia,0,False
2025-06-11 18:10:47.105063019+00:00,12,0,0,0,27.566828298391027,0.9697695269902357,0.0,zonia,0,False
2025-06-11 18:51:22.239216019+00:00,12,0,0,0,25.541309914300975,0.9700622628619103,0.0,zonia,0,False
2025-06-11 19:09:23.790400019+00:00,12,0,0,0,24.270568859254677,0.9732510789319925,0.0,zonia,0,False
2025-06-11 19:13:37.129571019+00:00,12,0,0,0,24.251329711111254,0.9766929774256402,0.0,zonia,0,False
2025-06-11 19:31:38.276842019+00:00,12,0,0,0,23.770871655494894,0.9764241682098006,0.0,zonia,0,False
2025-06-11 19:41:09.658714019+00:00,12,0,0,0,23.415293185940936,0.9786510287579057,0.0,zonia,0,False
2025-06-11 19:43:58.690608019+00:00,12,0,0,0,23.502511209737328,0.9824327443857056,0.0,zonia,0,False
2025-06-11 19:47:47.990711019+00:00,12,0,0,0,23.16543311896893,0.9855167999506976,0.0,zonia,0,False
2025-06-11 19:56:49.811739019+00:00,12,0,0,0,23.14471159899927,0.9871083486388587,0.0,zonia,0,False
2025-06-11 19:57:19.415001019+00:00,12,0,0,0,22.758791747021945,0.9875316540534188,0.0,zonia,0,False
2025-06-11 20:04:29.947851019+00:00,12,0,0,0,22.758076187746312,0.9878412145550058,0.0,zonia,0,False
2025-06-11 20:19:56.779962019+00:00,12,0,0,0,22.322947458679536,0.9881103758463382,0.0,zonia,0,False
2025-06-11 20:22:14.066922019+00:00,12,0,0,0,22.557610305908167,0.9876478076290444,0.0,zonia,0,False
2025-06-11 20:23:43.534151019+00:00,12,0,0,0,22.217173761388427,0.987801942172316,0.0,zonia,0,False
2025-06-11 20:36:34.148065019+00:00,12,0,0,0,22.35163213763597,0.9894070236280209,0.0,zonia,0,False
2025-06-11 20:55:17.339025019+00:00,12,0,0,0,21.92697508845806,0.9896369582172189,0.0,zonia,0,False
2025-06-11 21:57:31.264157019+00:00,12,0,0,0,20.336834486209977,0.9876295310536651,0.0,zonia,0,False
2025-06-11 22:01:11.741010019+00:00,12,0,0,0,21.0742206944062,0.9859463654381506,0.0,zonia,0,False
2025-06-11 22:04:20.504435019+00:00,12,0,0,0,21.02870914875921,0.9793354598010869,0.0,zonia,0,False
2025-06-11 22:16:52.332019019+00:00,12,0,0,0,20.76702378642076,0.9778898543508147,0.0,zonia,0,False
2025-06-11 22:17:33.469002019+00:00,12,0,0,0,20.426249185895898,0.9742446004481273,0.0,zonia,0,False
2025-06-11 22:21:23.321895019+00:00,12,0,0,0,20.096322076687407,0.9762407264684655,0.0,zonia,0,False
2025-06-11 22:53:05.189650019+00:00,12,0,0,0,19.906376486736793,0.976637875577497,0.0,zonia,0,False
2025-06-11 23:05:03.877004019+00:00,12,0,0,0,19.91932889986804,0.9791203681748909,0.0,zonia,0,False
2025-06-11 23:56:34.567647019+00:00,12,0,0,0,19.519719581109225,0.9707052444933932,0.0,zonia,0,False
2025-06-12 00:05:25.196261019+00:00,12,0,0,0,19.33928696611771,0.9677515920794194,0.0,zonia,0,False
2025-06-12 00:12:02.207534019+00:00,12,0,0,0,19.15101756696081,0.9673569476430605,0.0,zonia,0,False
2025-06-12 00:38:29.669801019+00:00,12,0,0,0,18.927148319573774,0.9688016082778126,0.0,zonia,0,False
2025-06-12 00:48:18.482394019+00:00,12,0,0,0,18.67052274369206,0.9739108078651862,0.0,zonia,0,False
2025-06-12 00:54:28.786861019+00:00,12,0,0,0,18.871209030814416,0.9768571610860232,0.0,zonia,0,False
2025-06-12 00:57:39.339919019+00:00,12,0,0,0,18.486424539773132,0.9769655962967017,0.0,zonia,0,False
2025-06-12 01:04:44.419503019+00:00,12,0,0,0,18.328651357192033,0.9794237124423314,0.0,zonia,0,False
2025-06-12 01:05:10.580831019+00:00,12,0,0,0,18.713495814857634,0.9788156995714035,0.0,zonia,0,False
2025-06-12 01:06:42.194883019+00:00,12,0,0,0,18.33734982474978,0.9793084741829724,0.0,zonia,0,False
2025-06-12 01:42:47.869197019+00:00,12,0,0,0,18.32746797332332,0.9829601861140013,0.0,zonia,0,False
2025-06-12 01:43:44.540025019+00:00,12,0,0,0,17.89279704442483,0.981772202913592,0.0,zonia,0,False
2025-06-12 01:55:35.645783019+00:00,12,0,0,0,18.064025129202733,0.9844561521048791,0.0,zonia,0,False
2025-06-12 02:00:16.237540019+00:00,12,0,0,0,17.314069829508757,0.888204404515955,0.0,zonia,0,False
2025-06-12 02:03:01.037334019+00:00,12,0,0,0,17.741985829062802,0.8635048667199241,0.0,zonia,0,False
2025-06-12 02:17:02.244581019+00:00,12,0,0,0,18.05399423483093,0.8665287192133015,0.0,zonia,0,False
2025-06-12 03:19:04.494807019+00:00,12,0,0,0,16.740903843188153,0.868329398818621,0.0,zonia,0,False
2025-06-12 03:26:00.972903019+00:00,12,0,0,0,16.703850640230797,0.9049111058424723,0.0,zonia,0,False
2025-06-12 03:33:16.588981019+00:00,12,0,0,0,16.636319200533258,0.9232442077638322,0.0,zonia,0,False
2025-06-12 04:03:33.742834019+00:00,12,5,0,0,16.94382513755508,0.9219142780025793,0.7671360157401319,zonia,0,False
2025-06-12 04:14:46.325535019+00:00,12,5,0,0,17.81532714421154,0.908434757193368,0.40806734062336225,zonia,0,False
2025-06-12 04:17:05.129029019+00:00,12,5,0,0,17.36369318174106,0.9431328919686601,0.14093267198298237,zonia,0,False
2025-06-12 04:26:50.965635019+00:00,12,5,0,0,18.155902883607812,0.956083178543175,-0.13791234465246932,zonia,0,False
2025-06-12 04:37:32.830088019+00:00,12,5,0,0,18.27201396168231,0.9634904886260377,-0.22671439197746265,zonia,0,False
2025-06-12 04:49:50.340086019+00:00,12,5,0,0,19.06861651677012,0.9618213323932582,-0.32037429174268006,zonia,0,False
2025-06-12 05:10:45.404254019+00:00,12,5,0,0,20.93864986827022,0.9621468744846124,-0.3967900721633495,zonia,0,False
2025-06-12 05:14:02.443119019+00:00,12,5,0,0,20.467222019963152,0.9618639905641511,-0.3967900721633495,zonia,0,False
2025-06-12 05:18:47.142947019+00:00,12,5,0,0,20.936181094412387,0.9653686548406607,-0.3967900721633495,zonia,0,False
2025-06-12 05:22:11.703192019+00:00,12,5,0,0,20.79461975658385,0.9648906830363178,-0.4244219260759266,zonia,0,False
2025-06-12 05:57:38.101038019+00:00,12,5,0,0,23.16908717409392,0.9685762709802346,-0.5075832097370514,zonia,0,False
2025-06-12 06:07:49.770163019+00:00,12,5,0,0,23.59673762745404,0.9698207685652809,-0.5075832097370514,zonia,0,False
2025-06-12 06:10:16.365033019+00:00,12,5,0,0,23.671833284535005,0.9726978211267822,-0.5264791992203304,zonia,0,False
2025-06-12 06:14:50.321957019+00:00,12,5,0,0,23.993160995183484,0.973876056152133,-0.5805847648212376,zonia,0,False
2025-06-12 06:32:40.616452019+00:00,12,5,0,0,24.56355648644357,0.9777605607373826,-0.621912904577432,zonia,0,False
2025-06-12 06:42:28.168267019+00:00,12,5,0,0,24.835212495255547,0.9780219836669085,-0.666597634623675,zonia,0,False
2025-06-12 06:59:36.267521019+00:00,12,5,0,0,25.84265690556636,0.9789490598234988,-0.6876660786849611,zonia,0,False
2025-06-12 07:15:32.300373019+00:00,12,5,0,0,26.812545101337662,0.9771879847099474,-0.7062082367740545,zonia,0,False
2025-06-12 07:21:19.063030019+00:00,12,5,0,0,27.10448031147759,0.9799272510304243,-0.7082945707087801,zonia,0,False
2025-06-12 07:27:25.039175019+00:00,12,5,0,0,27.616640153627042,0.9806015545885792,-0.7088103980722175,zonia,0,False
2025-06-12 07:28:06.101514019+00:00,12,5,0,0,27.4781404151744,0.9812777031432739,-0.7205506849097282,zonia,0,False
2025-06-12 07:32:17.026499019+00:00,12,5,0,0,27.849472142869658,0.9788936545443294,-0.731578030091559,zonia,0,False
2025-06-12 08:11:58.135074019+00:00,12,5,0,0,28.930447731494244,0.5832818650905681,0.0,zonia,0,False
2025-06-12 08:22:46.483045019+00:00,12,5,0,0,28.932273759245327,0.5793350365033051,0.0,zonia,0,False
2025-06-12 08:48:37.964256019+00:00,12,5,0,0,29.622763815443303,0.6400547188652613,0.0,zonia,0,False
2025-06-12 08:49:04.476979019+00:00,12,5,0,0,29.487588965211454,0.7662318585186786,0.0,zonia,0,False
2025-06-12 09:15:45.120883019+00:00,12,5,0,0,30.027189200399572,0.7943241099812972,0.0,zonia,0,False
2025-06-12 09:16:50.217748019+00:00,12,5,0,0,29.88603224045724,0.9272180241879068,0.0,zonia,0,False
2025-06-12 09:46:26.537770019+00:00,12,5,0,0,30.363110621683152,0.989731658043261,0.0,zonia,0,False
2025-06-12 09:53:26.225131019+00:00,12,5,0,0,30.334069686369794,1.0509419647041809,0.0,zonia,0,False
2025-06-12 10:12:32.044297019+00:00,12,5,0,0,30.65213149758385,1.0867400367112856,0.0,zonia,0,False
2025-06-12 10:19:17.626111019+00:00,12,5,0,0,30.74396589638161,1.2165387948806021,0.0,zonia,0,False
2025-06-12 10:53:23.716864019+00:00,12,5,0,0,31.21283911141466,1.222041306821272,0.0,zonia,0,False
2025-06-12 11:11:11.110841019+00:00,12,5,0,0,31.542293711057244,1.2542470171246423,0.0,zonia,0,False
2025-06-12 11:16:27.612821019+00:00,12,5,0,0,31.92244887920136,1.2472017893354057,0.0,zonia,0,False
2025-06-12 11:21:20.452278019+00:00,12,5,0,0,31.61822065235101,1.250073410918424,0.0,zonia,0,False
2025-06-12 11:27:06.778548019+00:00,12,5,0,0,31.8504410571458,1.2617665641282279,0.0,zonia,0,False
2025-06-12 11:37:38.866072019+00:00,12,5,0,0,31.96604968629387,1.2697682704782332,0.0,zonia,0,False
2025-06-12 11:50:27.600065019+00:00,12,5,0,0,32.21186004389867,1.3191341769591767,0.0,zonia,0,False
2025-06-12 11:55:11.177640019+00:00,12,5,0,0,32.62080961997692,1.349398170044364,0.0,zonia,0,False
2025-06-12 12:14:41.320307019+00:00,12,5,0,0,32.52996464391193,1.3476768574612923,0.0,zonia,0,False
2025-06-12 12:26:58.818697019+00:00,12,5,0,0,32.8287485964592,1.3640688306102402,0.0,zonia,0,False
2025-06-12 12:46:17.987131019+00:00,12,5,0,0,32.729176717026036,1.4927958020469028,0.0,zonia,0,False
2025-06-12 12:49:00.937669019+00:00,12,5,0,0,33.10452609592819,1.5063135878179919,0.0,zonia,0,False
2025-06-12 12:49:30.998090019+00:00,12,5,0,0,32.63522325587719,1.4963593625967941,0.0,zonia,0,False
2025-06-12 13:09:49.898200019+00:00,12,5,0,0,33.12621571734568,1.5009748161437477,0.0,zonia,0,False
2025-06-12 13:21:23.319452019+00:00,12,5,0,0,33.263844330189464,1.5074506147193758,0.0,zonia,0,False
2025-06-12 13:31:56.860932019+00:00,12,5,0,0,33.45411739469558,1.5043067756561903,0.0,zonia,0,False
2025-06-12 13:54:12.367279019+00:00,12,5,0,0,33.15000695226987,1.5055563144249322,0.0,zonia,0,False
2025-06-12 14:02:33.194180019+00:00,12,5,0,0,33.83027731022506,1.5541836112215857,0.0,zonia,0,False
2025-06-12 14:41:04.372705019+00:00,12,5,0,0,32.82235668192793,1.5703595255907872,0.0,zonia,0,False
2025-06-12 14:49:43.698524019+00:00,12,5,0,0,33.13925723753426,1.5687816190318844,0.0,zonia,0,False
2025-06-12 14:53:07.228973019+00:00,12,5,0,0,33.67209062363139,1.585296592193708,0.0,zonia,0,False
2025-06-12 15:53:07.066549019+00:00,12,5,0,0,31.972019657013835,1.5849711677773837,0.0,zonia,0,False
2025-06-12 16:42:31.027014019+00:00,12,5,0,0,30.667906681866953,1.5908203178316462,0.0,zonia,0,False
2025-06-12 17:03:35.224397019+00:00,12,5,0,0,31.009497905255568,1.5938397031086722,0.0,zonia,0,False
2025-06-12 17:03:35.962136019+00:00,12,5,0,0,30.168219650129753,1.5938576501425856,0.0,zonia,0,False
2025-06-12 17:34:24.602684019+00:00,12,5,0,0,28.928200160999502,1.6105067777758648,0.0,zonia,0,False
2025-06-12 17:34:33.045859019+00:00,12,5,0,0,29.055963011763303,1.6178493835428764,0.0,zonia,0,False
2025-06-12 17:35:22.684183019+00:00,12,5,0,0,29.137161677602464,1.6186988585415265,0.0,zonia,0,False
2025-06-12 17:50:04.867283019+00:00,12,5,0,0,28.72855858650855,1.6263394310653958,0.0,zonia,0,False
2025-06-12 17:50:55.017430019+00:00,12,5,0,0,28.695623312987728,1.6330146711412021,0.0,zonia,0,False
2025-06-12 18:01:00.004026019+00:00,12,5,0,0,28.142046531504384,1.6387319249040158,0.0,zonia,0,False
2025-06-12 18:24:17.449322019+00:00,12,5,0,0,27.099311622325644,1.635837316483035,0.0,zonia,0,False
2025-06-12 18:27:34.954279019+00:00,12,5,0,0,27.48473699788004,1.6552102139144702,0.0,zonia,0,False
2025-06-12 18:35:09.172470019+00:00,12,5,0,0,26.37726281265458,1.6542846117746766,0.0,zonia,0,False
2025-06-12 19:33:51.041780019+00:00,12,5,0,0,24.27438818819624,1.6368911854481074,0.0,zonia,0,False
2025-06-12 19:41:20.503894019+00:00,12,5,0,0,24.19113027209355,1.6443332945253992,0.0,zonia,0,False
2025-06-12 20:06:45.210043019+00:00,12,5,0,0,22.54216242103487,1.6514343204300086,0.0,zonia,0,False
2025-06-12 20:19:41.962994019+00:00,12,5,0,0,22.495079767239357,1.6603707408962676,0.0,zonia,0,False
2025-06-12 20:24:55.355854019+00:00,12,5,0,0,22.4042475492523,1.6684555430161079,0.0,zonia,0,False
2025-06-12 20:26:23.424394019+00:00,12,5,0,0,22.493680249803102,1.6725629479116348,0.0,zonia,0,False
2025-06-12 20:56:22.452364019+00:00,12,5,0,0,21.809060515763985,1.6749277144880768,0.0,zonia,0,False
2025-06-12 21:02:35.476705019+00:00,12,5,0,0,21.90968010573899,1.67652658326387,0.0,zonia,0,False
2025-06-12 21:15:25.549374019+00:00,12,5,0,0,21.5892727495958,1.679278330518873,0.0,zonia,0,False
2025-06-12 21:52:50.241548019+00:00,12,5,0,0,21.300018037361042,1.6825905866587703,0.0,zonia,0,False
2025-06-12 21:53:38.681319019+00:00,12,5,0,0,21.095233482902785,1.6781979230324546,0.0,zonia,0,False
2025-06-12 22:47:11.102853019+00:00,12,5,0,0,20.487197759749108,1.6777261604453284,0.0,zonia,0,False
2025-06-12 22:48:49.081737019+00:00,12,5,0,0,21.416828750936844,1.6779350281776841,0.0,zonia,0,False
2025-06-12 22:49:15.993740019+00:00,12,5,0,0,21.32024184639905,1.6745827776435378,0.0,zonia,0,False
2025-06-12 22:59:13.430874019+00:00,12,5,0,0,20.569347167887628,1.6782076502982513,0.0,zonia,0,False
2025-06-12 23:13:13.032371019+00:00,12,5,0,0,21.006885899716995,1.645949259627074,0.0,zonia,0,False
2025-06-12 23:18:11.483205019+00:00,12,5,0,0,20.67861972212494,1.6441149773637538,0.0,zonia,0,False
2025-06-12 23:38:39.678347019+00:00,12,5,0,0,20.495296132302695,1.6445041840054027,0.0,zonia,0,False
2025-06-12 23:43:17.710552019+00:00,12,5,0,0,19.578698563044888,1.6500566275689805,0.0,zonia,0,False
2025-06-12 23:48:40.067047019+00:00,12,5,0,0,20.019774182538367,1.6520475230929328,0.0,zonia,0,False
2025-06-12 23:53:05.171032019+00:00,12,5,0,0,20.39630685225438,1.652265822135855,0.0,zonia,0,False
2025-06-13 00:18:36.616640019+00:00,12,5,0,0,19.82170407070112,1.6466697593641582,0.0,zonia,0,False
2025-06-13 00:21:24.988751019+00:00,12,5,0,0,19.300497924178718,1.6508578685358377,0.0,zonia,0,False
2025-06-13 00:25:33.913787019+00:00,12,5,0,0,19.69012974376555,1.645850500398098,0.0,zonia,0,False
2025-06-13 00:26:17.153958019+00:00,12,5,0,0,19.579433603149088,1.6427843592383111,0.0,zonia,0,False
2025-06-13 00:27:39.620085019+00:00,12,5,0,0,19.675951716938865,1.643533139994313,0.0,zonia,0,False
2025-06-13 00:34:41.026201019+00:00,12,5,0,0,19.35669795271152,1.6429191661720812,0.0,zonia,0,False
2025-06-13 00:57:23.102472019+00:00,12,5,0,0,19.221111450985155,1.6512483494313666,0.0,zonia,0,False
2025-06-13 01:09:09.732478019+00:00,12,5,0,0,18.80063354862777,1.662966574295464,0.0,zonia,0,False
2025-06-13 01:38:07.267009019+00:00,12,5,0,0,18.223775429186627,1.6635075757137734,0.0,zonia,0,False
2025-06-13 01:50:26.010355019+00:00,12,5,0,0,19.11404322917367,1.6671496075509589,0.0,zonia,0,False
2025-06-13 02:19:38.024451019+00:00,12,5,0,0,18.248240619623502,1.6731415201253501,0.0,zonia,0,False
2025-06-13 02:54:24.456217019+00:00,12,5,0,0,18.241893690354043,1.6816526190205228,0.0,zonia,0,False
2025-06-13 02:57:12.449796019+00:00,12,5,0,0,18.19487437625945,1.681183983879828,0.0,zonia,0,False
2025-06-13 03:05:33.659079019+00:00,12,5,0,0,18.157354623491173,1.6841556741293062,0.0,zonia,0,False
2025-06-13 03:15:26.200822019+00:00,12,5,0,0,17.88503905546943,1.6884194095906317,0.0,zonia,0,False
2025-06-13 03:48:02.202545019+00:00,12,5,0,0,17.64384545238339,1.6915002778511181,0.0,zonia,0,False
2025-06-13 03:57:26.093184019+00:00,12,5,0,0,17.81389846644551,1.6958095767012935,0.0,zonia,0,False
2025-06-13 04:45:42.729572019+00:00,12,5,0,0,19.485133757437843,1.692104531679799,0.0,zonia,0,False
2025-06-13 04:54:46.048174019+00:00,12,5,0,0,20.386300503901467,1.6797027729331124,0.0,zonia,0,False
2025-06-13 04:58:41.546279019+00:00,12,5,0,0,20.2669434109237,1.6808165700939617,0.0,zonia,0,False
2025-06-13 05:03:29.101290019+00:00,12,5,0,0,20.91859424990475,1.6674389543926325,0.0,zonia,0,False
2025-06-13 05:05:36.852219019+00:00,12,5,0,0,20.82965795034981,1.6685129647179748,0.0,zonia,0,False
2025-06-13 05:38:57.139993019+00:00,12,5,0,0,22.42196228432992,1.672266536822652,0.0,zonia,0,False
2025-06-13 05:38:59.096972019+00:00,12,5,0,0,22.460955850020824,1.6765308430119243,0.0,zonia,0,False
2025-06-13 06:07:00.366053019+00:00,12,5,0,0,24.58383904454552,1.6749815901754412,0.0,zonia,0,False
2025-06-13 07:03:12.537542019+00:00,12,5,0,0,27.819909972056298,1.6719298391023736,0.0,zonia,0,False
2025-06-13 07:11:21.978136019+00:00,12,5,0,0,27.544589003325367,1.6761246964414565,0.0,zonia,0,False
2025-06-13 07:43:07.948838019+00:00,12,5,0,0,29.147621723807163,1.6771904559777842,0.0,zonia,0,False
2025-06-13 07:59:40.608201019+00:00,12,5,0,0,29.421763883410165,1.6768322200691508,0.0,zonia,0,False
2025-06-13 08:03:30.949675019+00:00,12,5,0,0,29.644646324967102,1.6803254468899471,0.0,zonia,0,False
2025-06-13 08:18:16.770001019+00:00,12,5,0,0,30.09997902271926,1.684128517759235,0.0,zonia,0,False
2025-06-13 08:46:46.187661019+00:00,12,5,0,0,30.46572419110656,1.6906538884683417,0.0,zonia,0,False
2025-06-13 09:07:52.035551019+00:00,12,5,0,0,31.226779011530308,1.690263883257473,0.0,zonia,0,False
2025-06-13 09:34:58.988713019+00:00,12,5,0,0,31.667742430476164,1.687051156419598,0.0,zonia,0,False
2025-06-13 09:39:24.018092019+00:00,12,5,0,0,31.567999174294737,1.6879298353447663,0.0,zonia,0,False
2025-06-13 09:44:12.194402019+00:00,12,5,0,0,31.375247109479474,1.6870577482085332,0.0,zonia,0,False
2025-06-13 10:01:51.239537019+00:00,12,5,0,0,32.07964630251796,1.686307122535992,0.0,zonia,0,False
2025-06-13 10:11:48.654520019+00:00,12,5,0,0,32.23716708619081,1.6833971139046056,0.0,zonia,0,False
2025-06-13 10:12:07.177348019+00:00,12,5,0,0,32.26560909858644,1.6721890367062229,0.0,zonia,0,False
2025-06-13 10:23:30.166043019+00:00,12,5,0,0,32.39833628410757,1.6694256626358919,0.0,zonia,0,False
2025-06-13 10:24:58.663117019+00:00,12,5,0,0,32.22508122295216,1.6741568328305654,0.0,zonia,0,False
2025-06-13 10:44:12.180305019+00:00,12,5,0,0,32.664441919079216,1.6738045679592541,0.0,zonia,0,False
2025-06-13 10:54:54.544940019+00:00,12,5,0,0,32.684011371931405,1.6728678220300381,0.0,zonia,0,False
2025-06-13 11:01:32.214938019+00:00,12,5,0,0,33.06075561408507,1.6708120663556427,0.0,zonia,0,False
2025-06-13 11:35:26.761818019+00:00,12,5,0,0,33.069661268756086,1.6729415129155356,0.0,zonia,0,False
2025-06-13 11:42:18.972420019+00:00,12,5,0,0,33.01993184291985,1.6753197757066818,0.0,zonia,0,False
2025-06-13 11:42:50.020641019+00:00,12,5,0,0,33.223810444467986,1.677947219509181,0.0,zonia,0,False
2025-06-13 11:56:58.591907019+00:00,12,5,0,0,33.34082484593914,1.6691285137498795,0.0,zonia,0,False
2025-06-13 12:05:15.941367019+00:00,12,5,0,0,33.35896098655503,1.6668546871141232,0.0,zonia,0,False
2025-06-13 12:33:56.702145019+00:00,12,5,0,0,33.949686144566726,1.6571216885583167,0.0,zonia,0,False
2025-06-13 12:42:15.642751019+00:00,12,5,0,0,33.92517627757753,1.6558898396759254,0.0,zonia,0,False
2025-06-13 12:43:07.213515019+00:00,12,5,0,0,34.1645419123899,1.6448006109089843,0.0,zonia,0,False
2025-06-13 12:54:15.773717019+00:00,12,5,0,0,34.12300677087152,1.643424800380014,0.0,zonia,0,False
2025-06-13 12:58:16.016729019+00:00,12,5,0,0,34.06110947061911,1.6461210906138848,0.0,zonia,0,False
2025-06-13 13:00:12.084857019+00:00,12,5,0,0,33.7900891263273,1.6342719445242095,0.0,zonia,0,False
2025-06-13 13:06:04.496397019+00:00,12,5,0,0,33.99227203653276,1.6377077616440907,0.0,zonia,0,False
2025-06-13 13:22:19.354248019+00:00,12,5,0,0,34.016876730989445,1.6419765639578332,0.0,zonia,0,False
2025-06-13 13:25:11.890805019+00:00,12,5,0,0,34.29084296222004,1.637301705104674,0.0,zonia,0,False
2025-06-13 13:36:48.511622019+00:00,12,5,0,0,34.308759749246846,1.6356790607814915,0.0,zonia,0,False
2025-06-13 14:15:47.311447019+00:00,12,5,0,0,34.23560599004848,1.6326726401619138,0.0,zonia,0,False
2025-06-13 14:51:15.306694019+00:00,12,5,0,0,33.51002303646531,1.6177330609478273,0.0,zonia,0,False
2025-06-13 15:25:39.624531019+00:00,12,5,0,0,32.78243117386621,1.6123933329422298,0.0,zonia,0,False
2025-06-13 15:27:54.625911019+00:00,12,5,0,0,32.807511900483405,1.61430598885852,0.0,zonia,0,False
2025-06-13 16:20:43.450891019+00:00,12,5,0,0,31.983511237340807,1.6108112295808181,0.0,zonia,0,False
2025-06-13 16:22:38.542740019+00:00,12,5,0,0,31.983856365357102,1.6133821401555113,0.0,zonia,0,False
2025-06-13 17:50:13.979086019+00:00,12,5,0,0,29.552525015004697,1.6215631712417748,0.0,zonia,0,False
2025-06-13 18:00:48.422634019+00:00,12,5,0,0,28.94670395734415,1.6234322917943638,0.0,zonia,0,False
2025-06-13 19:17:22.556377019+00:00,12,5,0,0,25.151698129962266,1.6307496982498695,0.0,zonia,0,False
2025-06-13 19:26:41.424297019+00:00,12,5,0,0,24.94673296271338,1.6341340672734115,0.0,zonia,0,False
2025-06-13 19:30:08.485343019+00:00,12,5,0,0,25.09317501865928,1.6521565163733425,0.0,zonia,0,False
2025-06-13 19:54:31.488995019+00:00,12,5,0,0,23.768382125459016,1.662781448639463,0.0,zonia,0,False
2025-06-13 21:16:52.199623019+00:00,12,5,0,0,22.372351867269785,1.6670657907165423,0.0,zonia,0,False
2025-06-13 21:34:24.982981019+00:00,12,5,0,0,22.358206599711178,1.667942632547802,0.0,zonia,0,False
2025-06-13 22:29:46.984410019+00:00,12,5,0,0,21.802738086941147,1.660198540041327,0.0,zonia,0,False
2025-06-13 22:38:56.304744019+00:00,12,5,0,0,20.61926721107564,1.6513544553284007,0.0,zonia,0,False
2025-06-13 22:42:21.937482019+00:00,12,5,0,0,20.98345741967276,1.6460291102157285,0.0,zonia,0,False
2025-06-13 23:18:19.132448019+00:00,12,5,0,0,20.59561299122001,1.6542850298189222,0.0,zonia,0,False
2025-06-13 23:19:10.817948019+00:00,12,5,0,0,20.354109962155693,1.6516870052049772,0.0,zonia,0,False
2025-06-13 23:35:53.608650019+00:00,12,5,0,0,19.827380950875675,1.656895429085725,0.0,zonia,0,False
2025-06-14 00:01:24.684345019+00:00,12,5,0,0,19.43976917657181,1.6598346896600007,0.0,zonia,0,False
2025-06-14 00:06:51.871617019+00:00,12,5,0,0,19.303445763426602,1.6599000418291145,0.0,zonia,0,False
2025-06-14 00:23:10.999070019+00:00,12,5,0,0,19.20534376164945,1.657747107988348,0.0,zonia,0,False
2025-06-14 00:23:54.078573019+00:00,12,5,0,0,19.26890251904521,1.6593190172494083,0.0,zonia,0,False
2025-06-14 00:43:46.391395019+00:00,12,5,0,0,18.931484519492518,1.6510166598883431,0.0,zonia,0,False
2025-06-14 01:23:17.751660019+00:00,12,5,0,0,18.4469539724972,1.64612750322819,0.0,zonia,0,False
2025-06-14 01:37:35.833720019+00:00,12,5,0,0,18.241291221125717,1.6524632785773588,0.0,zonia,0,False
2025-06-14 01:38:24.198214019+00:00,12,5,0,0,18.275639138121765,1.657256503544,0.0,zonia,0,False
2025-06-14 01:40:24.046277019+00:00,12,5,0,0,18.476872107206965,1.6510878612373994,0.0,zonia,0,False
2025-06-14 02:40:57.961766019+00:00,12,5,0,0,17.57155501679839,1.6572662156774864,0.0,zonia,0,False
2025-06-14 02:57:19.589645019+00:00,12,5,0,0,17.364965698903127,1.6576465450564968,0.0,zonia,0,False
2025-06-14 03:09:17.793103019+00:00,12,5,0,0,17.072612311577135,1.6622384213758585,0.0,zonia,0,False
2025-06-14 03:11:25.324307019+00:00,12,5,0,0,16.917546199859125,1.6714763071431118,0.0,zonia,0,False
2025-06-14 03:24:12.591961019+00:00,12,5,0,0,16.828866638779573,1.675940171733538,0.0,zonia,0,False
2025-06-14 03:31:52.485947019+00:00,12,5,0,0,16.652647039253562,1.6820936871054173,0.0,zonia,0,False
2025-06-14 03:41:37.146618019+00:00,12,5,0,0,16.7837083678393,1.6787667573142713,0.0,zonia,0,False
2025-06-14 03:46:08.237396019+00:00,12,5,0,0,16.893254824093958,1.6766079025783944,0.0,zonia,0,False
2025-06-14 03:57:53.485221019+00:00,12,5,0,0,17.187984022258757,1.680090787192486,0.0,zonia,0,False
2025-06-14 04:06:29.245399019+00:00,12,5,0,0,16.88173848578921,1.6822791082961595,0.0,zonia,0,False
2025-06-14 04:06:37.221368019+00:00,12,5,0,0,16.835854547308326,1.679045766410497,0.0,zonia,0,False
2025-06-14 04:56:06.112318019+00:00,12,5,0,0,19.607822545453725,1.6682037026889422,0.0,zonia,0,False
2025-06-14 05:16:26.740902019+00:00,12,5,0,0,21.093907863674225,1.6575967755327243,0.0,zonia,0,False
2025-06-14 05:25:30.345977019+00:00,12,5,0,0,21.87344207020354,1.6399236804150406,0.0,zonia,0,False
2025-06-14 05:29:40.150626019+00:00,12,5,0,0,22.101268036519443,1.6294854891773531,0.0,zonia,0,False
2025-06-14 05:34:58.617407019+00:00,12,5,0,0,22.523200896321704,1.621321530182145,0.0,zonia,0,False
2025-06-14 05:45:28.323882019+00:00,12,5,0,0,23.310517106259063,1.619045632070131,0.0,zonia,0,False
2025-06-14 06:10:14.238232019+00:00,12,5,0,0,24.388233946087286,1.618988036512784,0.0,zonia,0,False
2025-06-14 06:10:34.021376019+00:00,12,5,0,0,24.131590655310685,1.6216889638782714,0.0,zonia,0,False
2025-06-14 06:19:40.950762019+00:00,12,5,0,0,25.023301178904774,1.618113334575894,0.0,zonia,0,False
2025-06-14 06:32:01.847947019+00:00,12,5,0,0,26.084330803430575,1.628373305677132,0.0,zonia,0,False
2025-06-14 06:51:03.211774019+00:00,12,5,0,0,26.6536410654493,1.6112163320597546,0.0,zonia,0,False
2025-06-14 07:08:23.846829019+00:00,12,5,0,0,27.820645472657926,1.5988188964847077,0.0,zonia,0,False
2025-06-14 07:11:59.415301019+00:00,12,5,0,0,27.718946180825036,1.6029520340074528,0.0,zonia,0,False
2025-06-14 07:29:56.287120019+00:00,12,5,0,0,28.35568346651511,1.629685107368002,0.0,zonia,0,False
2025-06-14 07:45:05.852266019+00:00,12,5,0,0,28.82409377344282,1.6273150063190067,0.0,zonia,0,False
2025-06-14 07:53:25.807316019+00:00,12,5,0,0,29.679517380920828,1.6222415316583376,0.0,zonia,0,False
2025-06-14 07:56:09.283855019+00:00,12,5,0,0,29.8074323956977,1.6283388056003056,0.0,zonia,0,False
2025-06-14 07:58:29.586427019+00:00,12,5,0,0,29.827790109425273,1.630122714838567,0.0,zonia,0,False
2025-06-14 08:07:23.850801019+00:00,12,5,0,0,29.75976880355156,1.6442246557195832,0.0,zonia,0,False
2025-06-14 08:41:51.425709019+00:00,12,5,0,0,30.86079035167533,1.6495842368012184,0.0,zonia,0,False
2025-06-14 08:54:27.227688019+00:00,12,5,0,0,31.035374217127263,1.651630172100966,0.0,zonia,0,False
2025-06-14 09:09:23.104448019+00:00,12,5,0,0,31.58074217761849,1.6654636332520563,0.0,zonia,0,False
2025-06-14 09:12:06.194929019+00:00,12,5,0,0,31.85170721541288,1.6664606265858668,0.0,zonia,0,False
2025-06-14 09:20:05.320764019+00:00,12,5,0,0,31.977857723118877,1.6671295711114624,0.0,zonia,0,False
2025-06-14 10:20:08.577287019+00:00,12,5,0,0,33.509639669824416,1.6659976828272482,0.0,zonia,0,False
2025-06-14 10:26:36.453329019+00:00,12,5,0,0,33.63883989345642,1.6692004382547942,0.0,zonia,0,False
2025-06-14 10:52:42.654737019+00:00,12,5,0,0,33.46225466979671,1.627503851648959,0.0,zonia,0,False
2025-06-14 10:57:56.806941019+00:00,12,5,0,0,33.77825852228209,1.624863389605327,0.0,zonia,0,False
2025-06-14 11:18:09.870665019+00:00,12,5,0,0,34.410536805010636,1.6512221498097526,0.0,zonia,0,False
2025-06-14 11:45:49.188791019+00:00,12,5,0,0,34.21621998142051,1.6585608691335438,0.0,zonia,0,False
2025-06-14 11:55:36.304562019+00:00,12,5,0,0,34.455643780259564,1.6605072581907403,0.0,zonia,0,False
2025-06-14 12:06:28.356393019+00:00,12,5,0,0,34.86353319249439,1.6602450353259204,0.0,zonia,0,False
2025-06-14 12:13:42.067777019+00:00,12,5,0,0,34.95510128869047,1.654131363063423,0.0,zonia,0,False
2025-06-14 12:19:57.362943019+00:00,12,5,0,0,35.50182680406742,1.6518706107780667,0.0,zonia,0,False
2025-06-14 12:29:57.390527019+00:00,12,5,0,0,35.060468289061866,1.6597900661421936,0.0,zonia,0,False
2025-06-14 12:33:20.053861019+00:00,12,5,0,0,35.26715139158579,1.6621348897970776,0.0,zonia,0,False
2025-06-14 12:52:33.501806019+00:00,12,5,0,0,35.87390924271699,1.6677685893754979,0.0,zonia,0,False
2025-06-14 13:09:55.617601019+00:00,12,5,0,0,35.72321570741989,1.675769002747346,0.0,zonia,0,False
2025-06-14 13:18:39.981009019+00:00,12,5,0,0,35.69108467034778,1.6750175302684096,0.0,zonia,0,False
2025-06-14 13:49:42.730083019+00:00,12,5,0,0,36.333082650425155,1.6800531480572685,0.0,zonia,0,False
2025-06-14 13:55:55.520278019+00:00,12,5,0,0,36.21779988057009,1.680115480801946,0.0,zonia,0,False
2025-06-14 13:58:01.727920019+00:00,12,5,0,0,36.601473480225636,1.6839245545819204,0.0,zonia,0,False
2025-06-14 13:58:41.105713019+00:00,12,5,0,0,36.24738999223071,1.6836920239210786,0.0,zonia,0,False
2025-06-14 14:04:24.430884019+00:00,12,5,0,0,36.40058036581961,1.6785669390067535,0.0,zonia,0,False
2025-06-14 14:30:00.780196019+00:00,12,5,0,0,36.29305284645239,1.6755158198538622,0.0,zonia,0,False
2025-06-14 15:14:24.381767019+00:00,12,5,0,0,36.65720792112194,1.6714124822503076,0.0,zonia,0,False
2025-06-14 15:21:35.533357019+00:00,12,5,0,0,36.14212910195388,1.6727847492311856,0.0,zonia,0,False
2025-06-14 15:34:25.368870019+00:00,12,5,0,0,36.75075827420409,1.667489160469941,0.0,zonia,0,False
2025-06-14 15:36:24.770738019+00:00,12,5,0,0,36.69123246154739,1.6577580717192288,0.0,zonia,0,False
2025-06-14 15:42:15.527154019+00:00,12,5,0,0,36.14501141649705,1.6665507376039919,0.0,zonia,0,False
2025-06-14 15:53:39.140453019+00:00,12,5,0,0,36.33506007678797,1.6607287799455897,0.0,zonia,0,False
2025-06-14 16:18:32.110504019+00:00,12,5,0,0,34.834210255066104,1.633562792006649,0.0,zonia,0,False
2025-06-14 16:46:41.917239019+00:00,12,5,0,0,32.513420945332996,1.6304885989053306,0.0,zonia,0,False
2025-06-14 17:19:53.269624019+00:00,12,5,0,0,31.495565656706454,1.6309315004124145,0.0,zonia,0,False
2025-06-14 17:55:52.997410019+00:00,12,5,0,0,29.69457792786753,1.623630911364937,0.0,zonia,0,False
2025-06-14 18:38:21.913387019+00:00,12,5,0,0,27.84199917695447,1.6308435552925264,0.0,zonia,0,False
2025-06-14 18:40:35.730492019+00:00,12,5,0,0,27.980166925169414,1.6397156513429738,0.0,zonia,0,False
2025-06-14 18:50:42.049128019+00:00,12,5,0,0,27.287431158619235,1.6433961694390338,0.0,zonia,0,False
2025-06-14 18:52:49.677077019+00:00,12,5,0,0,27.07902732428415,1.6464555711681357,0.0,zonia,0,False
2025-06-14 18:53:41.055292019+00:00,12,5,0,0,27.130685550560834,1.6464160294259869,0.0,zonia,0,False
2025-06-14 19:23:40.569595019+00:00,12,5,0,0,26.03550400566651,1.646639324194522,0.0,zonia,0,False
2025-06-14 19:32:24.996641019+00:00,12,5,0,0,25.86456394659246,1.65543085432117,0.0,zonia,0,False
2025-06-14 19:47:23.058891019+00:00,12,5,0,0,25.667816069226333,1.6589560833676888,0.0,zonia,0,False
2025-06-14 20:22:31.740704019+00:00,12,5,0,0,24.86699822201515,1.6583261823955249,0.0,zonia,0,False
2025-06-14 20:41:34.504449019+00:00,12,5,0,0,24.461871558665774,1.6725690686304713,0.0,zonia,0,False
2025-06-14 20:57:21.290551019+00:00,12,5,0,0,24.08592346340944,1.6725389504752097,0.0,zonia,0,False
2025-06-14 21:00:47.757960019+00:00,12,5,0,0,24.404270962647924,1.6719933363764348,0.0,zonia,0,False
2025-06-14 21:06:56.472279019+00:00,12,5,0,0,24.15621926064152,1.6739510922301168,0.0,zonia,0,False
2025-06-14 21:15:48.540288019+00:00,12,5,0,0,24.33817732718475,1.6742598280424341,0.0,zonia,0,False
2025-06-14 21:25:06.846982019+00:00,12,5,0,0,24.659465485634197,1.6711379380508247,0.0,zonia,0,False
2025-06-14 21:33:38.912187019+00:00,12,5,0,0,25.362846045728453,1.6728420767268368,0.0,zonia,0,False
2025-06-14 22:03:54.002985019+00:00,12,5,0,0,24.426743042825866,1.6720432109703245,0.0,zonia,0,False
2025-06-14 22:17:34.825455019+00:00,12,5,0,0,24.237573521515262,1.6683024129580677,0.0,zonia,0,False
2025-06-14 23:27:26.467773019+00:00,12,5,0,0,23.047346492693766,1.6691839668980346,0.0,zonia,0,False
2025-06-14 23:50:45.958798019+00:00,12,5,0,0,22.808214034839036,1.6685945577752004,0.0,zonia,0,False
2025-06-14 23:58:13.012603019+00:00,12,5,0,0,22.812589517279992,1.6712135217923538,0.0,zonia,0,False
2025-06-15 00:09:33.674242019+00:00,12,5,0,0,22.956255163710907,1.671549902563362,0.0,zonia,0,False
2025-06-15 00:16:16.017124019+00:00,12,5,0,0,23.147899712289387,1.6659479275232625,0.0,zonia,0,False
2025-06-15 00:31:12.649324019+00:00,12,5,0,0,23.0678362653899,1.67095729925399,0.0,zonia,0,False
2025-06-15 00:32:02.702707019+00:00,12,5,0,0,23.25251183188966,1.6738010017948317,0.0,zonia,0,False
2025-06-15 00:43:16.847515019+00:00,12,5,0,0,22.87014720723802,1.6787253741262507,0.0,zonia,0,False
2025-06-15 01:36:13.822802019+00:00,12,5,0,0,22.825762788321054,1.68541293049442,0.0,zonia,0,False
2025-06-15 01:53:37.188246019+00:00,12,5,0,0,22.074169949514246,1.6886635030179775,0.0,zonia,0,False
2025-06-15 01:54:59.529484019+00:00,12,5,0,0,22.134640937634547,1.6865815034838778,0.0,zonia,0,False
2025-06-15 02:06:08.145857019+00:00,12,5,0,0,21.96913834196355,1.684082450852836,0.0,zonia,0,False
2025-06-15 02:07:19.023981019+00:00,12,5,0,0,22.40016592278302,1.6839925978126153,0.0,zonia,0,False
2025-06-15 02:10:33.110107019+00:00,12,5,0,0,22.255901692409733,1.6830887457381842,0.0,zonia,0,False
2025-06-15 02:12:50.607647019+00:00,12,5,0,0,21.607268392641938,1.6867655578922123,0.0,zonia,0,False
2025-06-15 02:33:20.106319019+00:00,12,5,0,0,21.808578994541563,1.6860909105829929,0.0,zonia,0,False
2025-06-15 02:36:17.356676019+00:00,12,5,0,0,21.72582508522043,1.6845625187659905,0.0,zonia,0,False
2025-06-15 02:40:46.182042019+00:00,12,5,0,0,21.69927024174926,1.6783231185887302,0.0,zonia,0,False
2025-06-15 03:18:21.561713019+00:00,12,5,0,0,21.419675420640512,1.6747500419409498,0.0,zonia,0,False
2025-06-15 03:56:47.565911019+00:00,12,5,0,0,20.72587271940222,1.6783260998803933,0.0,zonia,0,False
2025-06-15 03:59:41.961992019+00:00,12,5,0,0,20.852386375645352,1.673706941405037,0.0,zonia,0,False
2025-06-15 04:03:45.400905019+00:00,12,5,0,0,20.992775543388884,1.6739280104288972,0.0,zonia,0,False
2025-06-15 04:12:53.809397019+00:00,12,5,0,0,20.962770987844593,1.6747375472312156,0.0,zonia,0,False
2025-06-15 04:30:38.470440019+00:00,12,5,0,0,21.758081039390753,1.6855498087629464,0.0,zonia,0,False
2025-06-15 04:35:57.090474019+00:00,12,5,0,0,22.031137175979932,1.6869843464581253,0.0,zonia,0,False
2025-06-15 04:56:10.393919019+00:00,12,5,0,0,23.450615157950097,1.6831411661364377,0.0,zonia,0,False
2025-06-15 05:13:42.458741019+00:00,12,5,0,0,23.90752582701527,1.6713611058766624,0.0,zonia,0,False
2025-06-15 05:18:04.691867019+00:00,12,5,0,0,24.763150855572654,1.6647745310006845,0.0,zonia,0,False
2025-06-15 05:19:36.144311019+00:00,12,5,0,0,24.659117189007624,1.6678220562603634,0.0,zonia,0,False
2025-06-15 05:19:36.713523019+00:00,12,5,0,0,24.550002846874328,1.6495772892282272,0.0,zonia,0,False
2025-06-15 05:37:15.642442019+00:00,12,5,0,0,24.537480474404937,1.6556073294779396,0.0,zonia,0,False
2025-06-15 05:46:39.990052019+00:00,12,5,0,0,24.248773749401245,1.6703471617912058,0.0,zonia,0,False
2025-06-15 06:07:25.932910019+00:00,12,5,0,0,24.34443799595258,1.6554697928626712,0.0,zonia,0,False
2025-06-15 06:17:01.747151019+00:00,12,5,0,0,25.273582504025097,1.6509914182626093,0.0,zonia,0,False
2025-06-15 06:41:10.115742019+00:00,12,5,0,0,27.47963204591098,1.6578515878470106,0.0,zonia,0,False
2025-06-15 06:50:18.847368019+00:00,12,5,0,0,28.06377065279122,1.662046189618074,0.0,zonia,0,False
2025-06-15 06:55:00.541296019+00:00,12,5,0,0,28.58740107359829,1.659241014140311,0.0,zonia,0,False
2025-06-15 07:04:40.244997019+00:00,12,5,0,0,29.01781364133597,1.6508424972057512,0.0,zonia,0,False
2025-06-15 07:05:10.199560019+00:00,12,5,0,0,29.681888649217026,1.6437728020700122,0.0,zonia,0,False
2025-06-15 07:06:19.320578019+00:00,12,5,0,0,29.131907472531044,1.6482436352202314,0.0,zonia,0,False
2025-06-15 07:08:38.783185019+00:00,12,5,0,0,29.375520403132146,1.6439686547537022,0.0,zonia,0,False
2025-06-15 07:44:59.910585019+00:00,12,5,0,0,30.7971836045799,1.6428375015486822,0.0,zonia,0,False
2025-06-15 07:52:07.377228019+00:00,12,5,0,0,31.292043681298043,1.653374109880883,0.0,zonia,0,False
2025-06-15 08:03:15.976893019+00:00,12,5,0,0,31.429986149098575,1.6576452138118045,0.0,zonia,0,False
2025-06-15 08:16:51.805607019+00:00,12,5,0,0,31.81547054315795,1.6700841593737619,0.0,zonia,0,False
2025-06-15 08:42:54.351787019+00:00,12,5,0,0,32.49685091133655,1.6642178730462938,0.0,zonia,0,False
2025-06-15 08:52:05.101777019+00:00,12,5,0,0,32.673417030237836,1.6711561692114656,0.0,zonia,0,False
2025-06-15 09:18:13.894386019+00:00,12,5,0,0,32.69759546036968,1.6731498260460567,0.0,zonia,0,False
2025-06-15 09:23:23.295488019+00:00,12,5,0,0,32.699556474725384,1.6736369597663043,0.0,zonia,0,False
2025-06-15 09:29:19.439516019+00:00,12,5,0,0,33.11607441031149,1.6724070517156355,0.0,zonia,0,False
2025-06-15 09:32:38.551291019+00:00,12,5,0,0,32.86838650444513,1.677256669592176,0.0,zonia,0,False
2025-06-15 10:23:25.938155019+00:00,12,5,0,0,33.852035940395254,1.6786333168303447,0.0,zonia,0,False
2025-06-15 10:26:06.410627019+00:00,12,5,0,0,33.811634536439406,1.6818873616140382,0.0,zonia,0,False
2025-06-15 10:52:46.698378019+00:00,12,5,0,0,34.22391472793773,1.6815274784706469,0.0,zonia,0,False
2025-06-15 11:03:05.992409019+00:00,12,5,0,0,34.28786645902073,1.6817704631181125,0.0,zonia,0,False
2025-06-15 11:18:04.557881019+00:00,12,5,0,0,34.65949227265629,1.6795174561627928,0.0,zonia,0,False
2025-06-15 11:25:59.380265019+00:00,12,5,0,0,35.25705110349821,1.6710858689633201,0.0,zonia,0,False
2025-06-15 11:34:08.462848019+00:00,12,5,0,0,34.702128618273875,1.6789514850749332,0.0,zonia,0,False
2025-06-15 11:58:39.983656019+00:00,12,5,0,0,35.471099132860914,1.6749716532479544,0.0,zonia,0,False
2025-06-15 12:27:20.317598019+00:00,12,5,0,0,35.867733592279365,1.6670059345535602,0.0,zonia,0,False
2025-06-15 12:52:13.635639019+00:00,12,5,0,0,35.82246321084737,1.6681364390063755,0.0,zonia,0,False
2025-06-15 12:53:06.938700019+00:00,12,5,0,0,36.1907006057639,1.66177438460619,0.0,zonia,0,False
2025-06-15 13:06:15.318024019+00:00,12,5,0,0,36.245676212589366,1.659311191661241,0.0,zonia,0,False
2025-06-15 13:12:41.312051019+00:00,12,5,0,0,36.172325224925025,1.645885575979878,0.0,zonia,0,False
2025-06-15 13:32:58.243182019+00:00,12,5,0,0,36.00255022102546,1.6406390197517238,0.0,zonia,0,False
2025-06-15 14:39:22.374993019+00:00,12,5,0,0,36.3325924468156,1.631441033341574,0.0,zonia,0,False
2025-06-15 14:44:06.052642019+00:00,12,5,0,0,36.588907973614965,1.6207296622294185,0.0,zonia,0,False
2025-06-15 14:54:18.748616019+00:00,12,5,0,0,35.79482039346441,1.608230510470298,0.0,zonia,0,False
2025-06-15 15:23:44.001375019+00:00,12,5,0,0,35.87612615422924,1.6134729148805291,0.0,zonia,0,False
2025-06-15 16:43:18.801797019+00:00,12,5,0,0,31.437686705648968,1.6214500671832244,0.0,zonia,0,False
2025-06-15 16:56:31.909929019+00:00,12,5,0,0,31.1957888735116,1.6306350312096254,0.0,zonia,0,False
2025-06-15 17:22:51.844207019+00:00,12,5,0,0,30.420367257866733,1.6339920595970057,0.0,zonia,0,False
2025-06-15 17:39:51.638871019+00:00,12,5,0,0,30.06412915861487,1.6403818659070322,0.0,zonia,0,False
2025-06-15 17:50:07.859476019+00:00,12,5,0,0,29.592428183312396,1.6599015564834319,0.0,zonia,0,False
2025-06-15 18:00:48.978778019+00:00,12,5,0,0,29.4442729141172,1.6678246209590963,0.0,zonia,0,False
2025-06-15 18:12:09.175126019+00:00,12,5,0,0,29.31663400843442,1.6693527784879205,0.0,zonia,0,False
2025-06-15 18:28:05.943839019+00:00,12,5,0,0,28.84786571642016,1.6729573634563408,0.0,zonia,0,False
2025-06-15 18:46:24.019328019+00:00,12,5,0,0,28.076352786355873,1.4842993889091354,0.0,zonia,0,False
2025-06-15 19:10:31.870908019+00:00,12,5,0,0,27.4976393544667,1.5227436244484218,0.0,zonia,0,False
2025-06-15 19:16:05.597310019+00:00,12,5,0,0,27.382604901153204,1.524471090994284,0.0,zonia,0,False
2025-06-15 19:33:43.273918019+00:00,12,5,0,0,27.20601946559789,1.5431758288188304,0.0,zonia,0,False
2025-06-15 19:36:58.573344019+00:00,12,5,0,0,26.929117755385544,1.5496163159814882,0.0,zonia,0,False
2025-06-15 19:40:18.852401019+00:00,12,5,0,0,26.988820225020078,1.5502629607107425,0.0,zonia,0,False
2025-06-15 19:49:24.942851019+00:00,12,5,0,0,27.031883948665232,1.554246068962198,0.0,zonia,0,False
2025-06-15 19:51:10.534026019+00:00,12,5,0,0,26.744782151869078,1.5518863504856135,0.0,zonia,0,False
2025-06-15 19:55:21.642445019+00:00,12,5,0,0,26.934023488587595,1.5503433102135933,0.0,zonia,0,False
2025-06-15 20:14:03.359391019+00:00,12,5,0,0,26.521609250623595,1.550297578486801,0.0,zonia,0,False
2025-06-15 20:15:01.985325019+00:00,12,5,0,0,26.354396912353042,1.5486123657149626,0.0,zonia,0,False
2025-06-15 20:16:56.701801019+00:00,12,5,0,0,26.48530723186253,1.5519867144346222,0.0,zonia,0,False
2025-06-15 20:26:10.559585019+00:00,12,5,0,0,26.415624290477297,1.554862793644267,0.0,zonia,0,False
2025-06-15 20:27:50.050055019+00:00,12,5,0,0,26.35720921690965,1.550597678502872,0.0,zonia,0,False
2025-06-15 20:53:49.798240019+00:00,12,5,0,0,25.991044951816086,1.5522134467254876,0.0,zonia,0,False
2025-06-15 21:13:30.434631019+00:00,12,5,0,0,25.632381400692736,1.6207507654065698,0.0,zonia,0,False
2025-06-15 21:23:29.718455019+00:00,12,5,0,0,25.385198641980868,1.6216552716210917,0.0,zonia,0,False
2025-06-15 21:30:52.107583019+00:00,12,5,0,0,25.38608843343241,1.6229851969299862,0.0,zonia,0,False
2025-06-15 21:46:24.551657019+00:00,12,5,0,0,24.63594344170221,1.6226318998208529,0.0,zonia,0,False
2025-06-15 21:51:43.317405019+00:00,12,5,0,0,24.768981477901242,1.6230973782756783,0.0,zonia,0,False
2025-06-15 22:04:39.958333019+00:00,12,5,0,0,24.521784270526982,1.658869460030019,0.0,zonia,0,False
2025-06-15 22:27:07.111221019+00:00,12,5,0,0,23.979490105507004,1.6763578980381895,0.0,zonia,0,False
2025-06-15 22:38:07.562747019+00:00,12,5,0,0,23.797540976488317,1.6861579949974146,0.0,zonia,0,False
2025-06-15 22:39:23.308388019+00:00,12,5,0,0,23.41032613557334,1.6831247449031779,0.0,zonia,0,False
2025-06-15 23:02:12.066392019+00:00,12,5,0,0,23.44711877449972,1.6872830710086426,0.0,zonia,0,False
2025-06-15 23:38:04.180994019+00:00,12,5,0,0,23.082670366448887,1.6856452445588135,0.0,zonia,0,False
2025-06-15 23:40:39.308400019+00:00,12,5,0,0,23.145011270970627,1.6843643284690002,0.0,zonia,0,False
2025-06-15 23:42:09.403412019+00:00,12,5,0,0,23.145598927565036,1.6867479533295886,0.0,zonia,0,False
2025-06-15 23:52:22.345825019+00:00,12,5,0,0,23.210777073266126,1.6807040961677653,0.0,zonia,0,False
2025-06-16 00:05:25.905238019+00:00,12,5,0,0,23.09988776927759,1.6835306434252852,0.0,zonia,0,False
2025-06-16 00:10:48.390892019+00:00,12,5,0,0,23.278576868863087,1.6861727387725007,0.0,zonia,0,False
2025-06-16 00:13:28.860109019+00:00,12,5,0,0,23.40725423337585,1.6908386217891995,0.0,zonia,0,False
2025-06-16 00:31:20.591967019+00:00,12,5,0,0,23.251730883549172,1.6856637055951402,0.0,zonia,0,False
2025-06-16 00:56:47.084813019+00:00,12,5,0,0,22.994175603103955,1.6831504381951723,0.0,zonia,0,False
2025-06-16 01:00:09.625323019+00:00,12,5,0,0,23.45728451511446,1.6766752657203772,0.0,zonia,0,False
2025-06-16 01:06:25.303214019+00:00,12,5,0,0,22.97878065828232,1.6776528940113065,0.0,zonia,0,False
2025-06-16 01:48:08.861929019+00:00,12,5,0,0,22.219691336967763,1.6752764990850133,0.0,zonia,0,False
2025-06-16 01:50:13.233154019+00:00,12,5,0,0,22.347997947835008,1.6659482751184846,0.0,zonia,0,False
2025-06-16 02:10:32.858668019+00:00,12,5,0,0,22.22822164852843,1.6759933775444584,0.0,zonia,0,False
2025-06-16 02:44:58.170417019+00:00,12,5,0,0,22.619928088628125,1.6854228845736714,0.0,zonia,0,False
2025-06-16 02:56:20.348556019+00:00,12,5,0,0,22.435434249977085,1.6839623217022923,0.0,zonia,0,False
2025-06-16 03:05:34.221126019+00:00,12,5,0,0,22.016471148205287,1.6857089371998468,0.0,zonia,0,False
2025-06-16 03:30:53.587478019+00:00,12,5,0,0,22.008203704371923,1.6763090781702508,0.0,zonia,0,False
2025-06-16 03:56:29.554450019+00:00,12,5,0,0,21.86153329152198,1.6785588319114797,0.0,zonia,0,False
2025-06-16 04:00:16.111626019+00:00,12,5,0,0,21.654701832458127,1.6806713545869318,0.0,zonia,0,False
2025-06-16 04:18:03.134231019+00:00,12,5,0,0,21.76616276719951,1.6901047026142935,0.0,zonia,0,False
2025-06-16 04:58:10.610529019+00:00,12,5,0,0,24.09280300872334,1.6931829552299809,0.0,zonia,0,False
2025-06-16 05:02:18.632348019+00:00,12,5,0,0,24.242549523277813,1.6853141643248455,0.0,zonia,0,False
2025-06-16 05:13:27.741378019+00:00,12,5,0,0,24.96800134087259,1.682914116389824,0.0,zonia,0,False
2025-06-16 05:15:54.969763019+00:00,12,5,0,0,24.994522151529505,1.6688649420005983,0.0,zonia,0,False
2025-06-16 05:17:04.718673019+00:00,12,5,0,0,24.85536842133363,1.6666723808721198,0.0,zonia,0,False
2025-06-16 05:30:23.811195019+00:00,12,5,0,0,25.607739096289855,1.6501832532281313,0.0,zonia,0,False
2025-06-16 05:36:23.030212019+00:00,12,5,0,0,26.277718787869407,1.6465278178757679,0.0,zonia,0,False
2025-06-16 06:10:58.181296019+00:00,12,5,0,0,27.2518064026622,1.666876089152877,0.0,zonia,0,False
2025-06-16 06:19:21.868699019+00:00,12,5,0,0,27.326176214352156,1.669024953719241,0.0,zonia,0,False
2025-06-16 06:29:09.598310019+00:00,12,5,0,0,27.88254106804904,1.6726299957102104,0.0,zonia,0,False
2025-06-16 06:36:05.212078019+00:00,12,5,0,0,28.036087827321168,1.6741741426353778,0.0,zonia,0,False
2025-06-16 07:01:04.342211019+00:00,12,5,0,0,28.783673305762267,1.6830840983175768,0.0,zonia,0,False
2025-06-16 07:13:03.804205019+00:00,12,5,0,0,28.70517207611481,1.6849257126763928,0.0,zonia,0,False
2025-06-16 07:17:40.081207019+00:00,12,5,0,0,28.750005523955533,1.6908846735766816,0.0,zonia,0,False
2025-06-16 07:26:59.914676019+00:00,12,5,0,0,28.961293013616302,1.6925585702741692,0.0,zonia,0,False
2025-06-16 07:34:31.046366019+00:00,12,5,0,0,29.270788496982494,1.6945432826857658,0.0,zonia,0,False
2025-06-16 07:36:44.604761019+00:00,12,5,0,0,29.54644880714226,1.6916370473400002,0.0,zonia,0,False
2025-06-16 08:21:24.599287019+00:00,12,5,0,0,30.35023439606046,1.6938492745361458,0.0,zonia,0,False
2025-06-16 08:38:50.641095019+00:00,12,5,0,0,30.414087329990235,1.6949862443140713,0.0,zonia,0,False
2025-06-16 09:02:36.330649019+00:00,12,5,0,0,30.828423348285785,1.6901854838575883,0.0,zonia,0,False
2025-06-16 09:26:50.104092019+00:00,12,5,0,0,31.025118206591596,1.686923380701958,0.0,zonia,0,False
2025-06-16 09:48:23.222216019+00:00,12,5,0,0,31.404854079890963,1.6699297339607866,0.0,zonia,0,False
2025-06-16 09:51:31.950887019+00:00,12,5,0,0,31.431192191875258,1.6533256946349002,0.0,zonia,0,False
2025-06-16 09:58:19.430344019+00:00,12,5,0,0,31.255695491966787,1.6443292997994645,0.0,zonia,0,False
2025-06-16 10:05:48.929039019+00:00,12,5,0,0,31.570007185816497,1.6456590926003198,0.0,zonia,0,False
2025-06-16 10:10:59.278725019+00:00,12,5,0,0,31.752654901972605,1.643804591103418,0.0,zonia,0,False
2025-06-16 10:12:11.646894019+00:00,12,5,0,0,31.865356178005122,1.639730572895102,0.0,zonia,0,False
2025-06-16 10:18:38.827010019+00:00,12,5,0,0,30.756769118760566,1.5658526437866054,0.0,zonia,0,False
2025-06-16 10:32:01.481759019+00:00,12,5,0,0,31.11738920001312,1.5718899420566341,0.0,zonia,0,False
2025-06-16 10:32:45.745665019+00:00,12,5,0,0,31.416831731670257,1.5107164187821105,0.0,zonia,0,False
2025-06-16 10:35:59.570030019+00:00,12,5,0,0,31.605711636420548,1.569190305368863,0.0,zonia,0,False
2025-06-16 10:43:33.478483019+00:00,12,5,0,0,31.511513405956794,1.5900747505974258,0.0,zonia,0,False
2025-06-16 10:58:53.342469019+00:00,12,5,0,0,31.086153344693123,1.5869320260194792,0.0,zonia,0,False
2025-06-16 11:02:11.233524019+00:00,12,5,0,0,31.211701506806723,1.6172152475728059,0.0,zonia,0,False
2025-06-16 11:34:14.240621019+00:00,12,5,0,0,31.637638145306372,1.6221203156957418,0.0,zonia,0,False
2025-06-16 11:43:34.651831019+00:00,12,5,0,0,31.90428667884811,1.620177681506648,0.0,zonia,0,False
2025-06-16 11:49:42.487109019+00:00,12,5,0,0,31.686035633240767,1.6211434176593758,0.0,zonia,0,False
2025-06-16 11:55:06.333617019+00:00,12,5,0,0,31.492229038250095,1.6326357216503007,0.0,zonia,0,False
2025-06-16 12:01:59.893826019+00:00,12,5,0,0,31.30871188937577,1.612931544879864,0.0,zonia,0,False
2025-06-16 12:17:43.046017019+00:00,12,5,0,0,29.94557323414574,1.62255620283425,0.0,zonia,0,False
2025-06-16 12:21:37.831637019+00:00,12,5,0,0,30.18059216013585,1.6336374981716097,0.0,zonia,0,False
2025-06-16 12:27:34.324873019+00:00,12,5,0,0,29.761457585917107,1.6437052205634897,0.0,zonia,0,False
2025-06-16 12:41:15.662371019+00:00,12,5,0,0,29.11567020980778,1.6488469371672483,0.0,zonia,0,False
2025-06-16 14:29:19.975883019+00:00,12,5,0,0,18.989290985353225,1.6519650841023328,0.0,zonia,0,False
2025-06-16 14:35:36.944708019+00:00,12,5,0,0,18.644812748582833,1.656682517202545,0.0,zonia,0,False
2025-06-16 15:13:49.853457019+00:00,12,5,0,0,18.330865103931437,1.6767912143144517,0.0,zonia,0,False
2025-06-16 15:40:46.836834019+00:00,12,5,0,0,18.48505802404852,1.6828267731472473,0.0,zonia,0,False
2025-06-16 15:58:21.634997019+00:00,12,5,0,0,18.379359315347713,1.688692445619936,0.0,zonia,0,False
2025-06-16 16:16:18.787549019+00:00,12,5,0,0,18.409103909543763,1.6923465601029428,0.0,zonia,0,False
2025-06-16 16:18:54.167436019+00:00,12,5,0,0,18.373105694417614,1.6977729718088315,0.0,zonia,0,False
2025-06-16 16:29:19.968737019+00:00,12,5,0,0,18.2714380073953,1.6983621340534387,0.0,zonia,0,False
2025-06-16 16:30:02.249933019+00:00,12,5,0,0,18.271699948598556,1.700064800173332,0.0,zonia,0,False
2025-06-16 16:33:11.918682019+00:00,12,5,0,0,18.346715442472387,1.700570329044362,0.0,zonia,0,False
2025-06-16 17:28:19.690467019+00:00,12,5,0,0,19.204013561171678,1.7010148845858026,0.0,zonia,0,False
2025-06-16 17:33:55.140012019+00:00,12,5,0,0,19.340970857414334,1.7001201340071197,0.0,zonia,0,False
2025-06-16 17:42:32.012835019+00:00,12,5,0,0,19.873015639559778,1.6999467704217623,0.0,zonia,0,False
2025-06-16 17:48:00.453397019+00:00,12,5,0,0,20.007928538631177,1.7000885315334817,0.0,zonia,0,False
2025-06-16 18:20:29.934945019+00:00,12,5,0,0,20.36654026847446,1.6965178792167388,0.0,zonia,0,False
2025-06-16 18:56:49.305591019+00:00,12,5,0,0,19.278258771638292,1.694468258799457,0.0,zonia,0,False
2025-06-16 19:03:51.830394019+00:00,12,5,0,0,19.451804859769254,1.69166182791967,0.0,zonia,0,False
2025-06-16 19:13:27.525036019+00:00,12,5,0,0,19.293582864424852,1.6880481876979339,0.0,zonia,0,False
2025-06-16 19:53:31.971665019+00:00,12,5,0,0,18.390625452487082,1.6875670791686943,0.0,zonia,0,False
2025-06-16 20:26:01.693415019+00:00,12,5,0,0,17.744708761435565,1.6956377242681586,0.0,zonia,0,False
2025-06-16 20:28:29.132557019+00:00,12,5,0,0,17.69948541129171,1.689642097990434,0.0,zonia,0,False
2025-06-16 20:37:15.384488019+00:00,12,5,0,0,17.800991006597076,1.6914570069032717,0.0,zonia,0,False
2025-06-16 20:40:51.136566019+00:00,12,5,0,0,17.80525840052981,1.6908184018067232,0.0,zonia,0,False
2025-06-16 20:48:28.857837019+00:00,12,5,0,0,18.077592758282634,1.6871597546770407,0.0,zonia,0,False
2025-06-16 20:55:53.104286019+00:00,12,5,0,0,18.072672505629754,1.6873459333906904,0.0,zonia,0,False
2025-06-16 21:18:11.762739019+00:00,12,5,0,0,18.313979536132702,1.674727192854037,0.0,zonia,0,False
2025-06-16 21:37:05.834411019+00:00,12,5,0,0,18.309683751105254,1.6794148682744476,0.0,zonia,0,False
2025-06-16 21:59:02.975290019+00:00,12,5,0,0,18.53543531534805,1.6786007491876542,0.0,zonia,0,False
2025-06-16 22:05:03.568736019+00:00,12,5,0,0,18.227335300327425,1.6847460230251152,0.0,zonia,0,False
2025-06-16 22:29:48.830072019+00:00,12,5,0,0,18.222992297501083,1.6906959995807564,0.0,zonia,0,False
2025-06-16 22:49:17.047848019+00:00,12,5,0,0,18.544265014822773,1.6910014339192139,0.0,zonia,0,False
2025-06-16 22:51:24.498280019+00:00,12,5,0,0,18.45195636049908,1.6926487247019317,0.0,zonia,0,False
2025-06-16 23:25:09.683075019+00:00,12,5,0,0,18.320442163785746,1.6982747720852487,0.0,zonia,0,False
2025-06-16 23:26:31.223679019+00:00,12,5,0,0,18.35187495903099,1.7017004561904685,0.0,zonia,0,False
2025-06-16 23:38:12.235811019+00:00,12,5,0,0,18.310598217974608,1.7017022816913092,0.0,zonia,0,False
2025-06-16 23:39:49.992510019+00:00,12,5,0,0,18.495159461282693,1.7043782733294368,0.0,zonia,0,False
2025-06-17 00:06:33.462195019+00:00,12,5,0,0,18.178407514039016,1.7028102809562757,0.0,zonia,0,False
2025-06-17 00:16:40.204464019+00:00,12,5,0,0,18.180638611538036,1.7029153272953301,0.0,zonia,0,False
2025-06-17 01:26:40.004346019+00:00,12,5,0,0,18.40023270878329,1.7030083459287932,0.0,zonia,0,False
2025-06-17 01:43:16.439501019+00:00,12,5,0,0,18.21691403984834,1.7027798011655884,0.0,zonia,0,False
2025-06-17 01:53:32.821184019+00:00,12,5,0,0,17.99725225103793,1.7048093058286327,0.0,zonia,0,False
2025-06-17 02:03:15.934607019+00:00,12,5,0,0,17.81842718193147,1.704862013321295,0.0,zonia,0,False
2025-06-17 02:04:21.819565019+00:00,12,5,0,0,18.0685980285515,1.7058460683986372,0.0,zonia,0,False
2025-06-17 02:40:34.255289019+00:00,12,5,0,0,17.605426025646093,1.7060340202521616,0.0,zonia,0,False
2025-06-17 03:07:05.808324019+00:00,12,5,0,0,17.51718444228102,1.7068209170030182,0.0,zonia,0,False
2025-06-17 03:19:35.756890019+00:00,12,5,0,0,17.486827758367518,1.707387068439578,0.0,zonia,0,False
2025-06-17 03:30:14.010598019+00:00,12,5,0,0,17.451061112131452,1.7065782841909072,0.0,zonia,0,False
2025-06-17 03:32:34.999135019+00:00,12,5,0,0,17.62336929567548,1.708095523199735,0.0,zonia,0,False
2025-06-17 03:53:43.428975019+00:00,12,5,0,0,17.53306002277977,1.7086126782818467,0.0,zonia,0,False
2025-06-17 04:05:41.710400019+00:00,12,5,0,0,17.603550118952864,1.709028222452171,0.0,zonia,0,False
2025-06-17 04:12:35.237347019+00:00,12,5,0,0,17.61239838325043,1.7093996487028058,0.0,zonia,0,False
2025-06-17 04:14:34.283342019+00:00,12,5,0,0,17.694318933078634,1.7098373453307225,0.0,zonia,0,False
2025-06-17 04:42:12.059928019+00:00,12,5,0,0,17.687715791186932,1.709581240423553,0.0,zonia,0,False
2025-06-17 04:57:30.757858019+00:00,12,5,0,0,17.80266609319424,1.7100425304367126,0.0,zonia,0,False
2025-06-17 05:02:16.409365019+00:00,12,5,0,0,17.88725666837394,1.7098083809944185,0.0,zonia,0,False
2025-06-17 05:22:24.725122019+00:00,12,5,0,0,17.799911373824102,1.7104370119953083,0.0,zonia,0,False
2025-06-17 05:31:05.616117019+00:00,12,5,0,0,17.764421300345255,1.710220015605131,0.0,zonia,0,False
2025-06-17 05:35:53.024936019+00:00,12,5,0,0,17.73584781895234,1.7103224624292666,0.0,zonia,0,False
2025-06-17 05:51:59.967608019+00:00,12,5,0,0,17.84816638942803,1.710236635998294,0.0,zonia,0,False
2025-06-17 06:01:16.390323019+00:00,12,5,0,0,17.97589174239622,1.7102640442276447,0.0,zonia,0,False
2025-06-17 06:32:24.898026019+00:00,12,5,0,0,18.13909193888129,1.7084310743004427,0.0,zonia,0,False
2025-06-17 06:35:51.924471019+00:00,12,5,0,0,18.133581740332005,1.707125755503143,0.0,zonia,0,False
2025-06-17 06:44:39.955543019+00:00,12,5,0,0,18.369637335182887,1.7068045857112826,0.0,zonia,0,False
2025-06-17 07:12:01.479040019+00:00,12,5,0,0,18.693989900392012,1.706633717543746,0.0,zonia,0,False
2025-06-17 07:48:21.249018019+00:00,12,5,0,0,19.24244879776058,1.7068928204537024,0.0,zonia,0,False
2025-06-17 09:08:34.899794019+00:00,12,5,0,0,20.652431291641207,1.6839416334292174,0.0,zonia,0,False
2025-06-17 09:15:21.411732019+00:00,12,5,0,0,20.843273820156913,1.682763348932879,0.0,zonia,0,False
2025-06-17 09:41:59.440977019+00:00,12,5,0,0,20.984753279577493,1.6804207171589964,0.0,zonia,0,False
2025-06-17 09:42:29.949551019+00:00,12,5,0,0,21.37411950870678,1.6735143063977567,0.0,zonia,0,False
2025-06-17 09:47:06.821104019+00:00,12,5,0,0,21.448182552107266,1.6672747455030825,0.0,zonia,0,False
2025-06-17 09:47:56.296439019+00:00,12,5,0,0,21.30535589318032,1.673435816566972,0.0,zonia,0,False
2025-06-17 09:56:50.671907019+00:00,12,5,0,0,21.807948675583646,1.6720218143770489,0.0,zonia,0,False
2025-06-17 10:30:57.683933019+00:00,12,5,0,0,22.418092444720678,1.6724967636577446,0.0,zonia,0,False
2025-06-17 10:38:12.406536019+00:00,12,5,0,0,22.79117260029544,1.6722718222832298,0.0,zonia,0,False
2025-06-17 10:56:58.394361019+00:00,12,5,0,0,23.265303228158892,1.662740926933614,0.0,zonia,0,False
2025-06-17 11:24:26.769221019+00:00,12,5,0,0,23.715834654561583,1.6653507567495427,0.0,zonia,0,False
2025-06-17 11:30:17.963886019+00:00,12,5,0,0,23.782802594566856,1.6678970377232947,0.0,zonia,0,False
2025-06-17 11:41:52.739020019+00:00,12,5,0,0,23.85877984397753,1.6744196908765794,0.0,zonia,0,False
2025-06-17 11:46:54.801503019+00:00,12,5,0,0,23.87426448266217,1.6802683618497336,0.0,zonia,0,False
2025-06-17 12:14:44.100885019+00:00,12,5,0,0,24.895110870910916,1.6807605314168,0.0,zonia,0,False
2025-06-17 12:28:53.042886019+00:00,12,5,0,0,25.50627181993442,1.6756461945774634,0.0,zonia,0,False
2025-06-17 13:08:19.820177019+00:00,12,5,0,0,25.83956483472757,1.6684900890720569,0.0,zonia,0,False
2025-06-17 13:18:14.521426019+00:00,12,5,0,0,26.053127409968805,1.6671593937627964,0.0,zonia,0,False
2025-06-17 13:20:59.074746019+00:00,12,5,0,0,25.916204779545016,1.6632786816642073,0.0,zonia,0,False
2025-06-17 13:31:34.065458019+00:00,12,5,0,0,26.168608157885696,1.6663305073704107,0.0,zonia,0,False
2025-06-17 13:42:24.424128019+00:00,12,5,0,0,26.54210731166372,1.6682730561276393,0.0,zonia,0,False
2025-06-17 13:45:49.434872019+00:00,12,5,0,0,26.317115252750998,1.669490803727051,0.0,zonia,0,False
2025-06-17 13:48:16.079333019+00:00,12,5,0,0,27.342335260273444,1.676423311353934,0.0,zonia,0,False
2025-06-17 14:12:16.405985019+00:00,12,5,0,0,26.612195708329057,1.679111173660014,0.0,zonia,0,False
2025-06-17 14:34:20.947359019+00:00,12,5,0,0,27.579617455056937,1.6713172130345448,0.0,zonia,0,False
2025-06-17 14:37:44.936961019+00:00,12,5,0,0,27.59619445253326,1.6588064408137941,0.0,zonia,0,False
2025-06-17 15:14:12.951907019+00:00,12,5,0,0,27.265506315738783,1.6554903927969302,0.0,zonia,0,False
2025-06-17 15:23:40.117447019+00:00,12,5,0,0,27.885892250370272,1.6494617730251,0.0,zonia,0,False
2025-06-17 15:28:30.851063019+00:00,12,5,0,0,27.501950782103922,1.6368135945677105,0.0,zonia,0,False
2025-06-17 15:31:33.880767019+00:00,12,5,0,0,27.25830550313518,1.623197487521838,0.0,zonia,0,False
2025-06-17 15:38:07.166522019+00:00,12,5,0,0,27.251862809189547,1.6269846439852984,0.0,zonia,0,False
2025-06-17 16:32:56.359024019+00:00,12,5,0,0,27.662034636903407,1.610175058831627,0.0,zonia,0,False
2025-06-17 16:41:25.918846019+00:00,12,5,0,0,27.577066748931514,1.6129040102721777,0.0,zonia,0,False
2025-06-17 16:52:49.171209019+00:00,12,5,0,0,27.227394340605898,1.6071993531045259,0.0,zonia,0,False
2025-06-17 17:09:44.877311019+00:00,12,5,0,0,26.389415527028817,1.6050311706396483,0.0,zonia,0,False
2025-06-17 17:25:16.313951019+00:00,12,5,0,0,25.681001151577693,1.6004687282140886,0.0,zonia,0,False
2025-06-17 17:28:59.008362019+00:00,12,5,0,0,25.638562452551476,1.595640277679694,0.0,zonia,0,False
2025-06-17 18:43:35.474731019+00:00,12,5,0,0,21.264856913534768,1.5959353739551432,0.0,zonia,0,False
2025-06-17 19:03:21.077206019+00:00,12,5,0,0,21.002892426273064,1.6162161271126299,0.0,zonia,0,False
2025-06-17 19:08:51.696140019+00:00,12,5,0,0,20.794262608457817,1.6123730646627294,0.0,zonia,0,False
2025-06-17 19:16:22.230052019+00:00,12,5,0,0,20.33605895340091,1.6228063238045107,0.0,zonia,0,False
2025-06-17 19:51:16.728536019+00:00,12,5,0,0,18.93363440029882,1.6196061551460994,0.0,zonia,0,False
2025-06-17 20:06:22.311705019+00:00,12,5,0,0,19.0508705347838,1.6255577078771657,0.0,zonia,0,False
2025-06-17 20:08:33.005000019+00:00,12,5,0,0,19.405996515027855,1.6237494616312904,0.0,zonia,0,False
2025-06-17 20:12:58.605036019+00:00,12,5,0,0,18.498462375021152,1.6144028753640811,0.0,zonia,0,False
2025-06-17 20:38:06.308400019+00:00,12,5,0,0,18.88440231505442,1.62233049460699,0.0,zonia,0,False
2025-06-17 20:39:10.564538019+00:00,12,5,0,0,18.070074375141864,1.6324704764879265,0.0,zonia,0,False
2025-06-17 21:26:17.366290019+00:00,12,5,0,0,17.742405517945087,1.6409547943503173,0.0,zonia,0,False
2025-06-17 21:34:36.652373019+00:00,12,5,0,0,17.46278312818443,1.6380400231094598,0.0,zonia,0,False
2025-06-17 21:40:21.796763019+00:00,12,5,0,0,17.16627875647789,1.6464154687768,0.0,zonia,0,False
2025-06-17 21:50:30.037999019+00:00,12,5,0,0,17.06343788064987,1.6506273634744437,0.0,zonia,0,False
2025-06-17 22:07:17.163254019+00:00,12,5,0,0,17.18965130774445,1.6622495180461356,0.0,zonia,0,False
2025-06-17 22:09:12.844357019+00:00,12,5,0,0,17.16581930780797,1.6686626156456812,0.0,zonia,0,False
2025-06-17 22:26:48.409493019+00:00,12,5,0,0,16.71539645791978,1.6754790147612262,0.0,zonia,0,False
2025-06-17 22:30:05.985171019+00:00,12,5,0,0,16.698449135246225,1.6798075749727155,0.0,zonia,0,False
2025-06-17 22:32:25.650468019+00:00,12,5,0,0,16.690871640732308,1.6803220237403587,0.0,zonia,0,False
2025-06-17 23:05:53.141212019+00:00,12,5,0,0,16.679798660013827,1.6780552360893857,0.0,zonia,0,False
2025-06-17 23:43:35.551308019+00:00,12,5,0,0,15.92849567669452,1.6800184688497366,0.0,zonia,0,False
2025-06-18 00:04:26.856159019+00:00,12,5,0,0,15.859307258205407,1.6822228589727932,0.0,zonia,0,False
2025-06-18 00:26:29.052436019+00:00,12,5,0,0,15.863712494891873,1.6854673249056755,0.0,zonia,0,False
2025-06-18 00:41:58.816173019+00:00,12,5,0,0,15.6566365316495,1.6869671404363586,0.0,zonia,0,False
2025-06-18 00:43:19.530655019+00:00,12,5,0,0,15.54956155050558,1.6876064018490822,0.0,zonia,0,False
2025-06-18 01:13:34.330185019+00:00,12,5,0,0,15.41672229064403,1.6943867518959095,0.0,zonia,0,False
2025-06-18 01:31:30.628854019+00:00,12,5,0,0,15.209483800561433,1.6953295043426615,0.0,zonia,0,False
2025-06-18 01:50:10.999138019+00:00,12,5,0,0,15.083361794577488,1.695957105802796,0.0,zonia,0,False
2025-06-18 02:06:13.754373019+00:00,12,5,0,0,14.799513710076988,1.6666397504128014,0.0,zonia,0,False
2025-06-18 02:10:44.122676019+00:00,12,5,0,0,14.92010899721984,1.665494546825824,0.0,zonia,0,False
2025-06-18 02:16:04.228806019+00:00,12,5,0,0,14.97679252920682,1.6660980242257764,0.0,zonia,0,False
2025-06-18 02:42:19.915174019+00:00,12,5,0,0,14.73350561059301,1.6661064733857367,0.0,zonia,0,False
2025-06-18 02:47:24.778089019+00:00,12,5,0,0,14.823170701488538,1.681332307596294,0.0,zonia,0,False
2025-06-18 02:58:27.168941019+00:00,12,5,0,0,14.481244769605697,1.6860406182227121,0.0,zonia,0,False
2025-06-18 03:06:18.552074019+00:00,12,5,0,0,14.836944563340905,1.6865311425242744,0.0,zonia,0,False
2025-06-18 03:25:26.182075019+00:00,12,5,0,0,14.708390614882857,1.6960872134458165,0.0,zonia,0,False
2025-06-18 03:29:22.321150019+00:00,12,5,0,0,14.624743590167126,1.6961888899109507,0.0,zonia,0,False
2025-06-18 03:42:43.923998019+00:00,12,5,0,0,14.731584047874637,1.6986861155328956,0.0,zonia,0,False
2025-06-18 05:04:06.227994019+00:00,12,5,0,0,17.502971708668845,1.6612481918378976,0.0,zonia,0,False
2025-06-18 05:21:48.134766019+00:00,12,5,0,0,18.564447313073014,1.6604582563625048,0.0,zonia,0,False
2025-06-18 05:35:43.137003019+00:00,12,5,0,0,19.218959199763983,1.6596655122460973,0.0,zonia,0,False
2025-06-18 05:47:09.429304019+00:00,12,5,0,0,19.627381400817722,1.6573946182431414,0.0,zonia,0,False
2025-06-18 06:15:35.567153019+00:00,12,5,0,0,20.84634238217713,1.6246134895385969,0.0,zonia,0,False
2025-06-18 06:16:12.331625019+00:00,12,5,0,0,20.795378614423022,1.6225535078461129,0.0,zonia,0,False
2025-06-18 06:17:23.337351019+00:00,12,5,0,0,20.998969210756634,1.6115421174061186,0.0,zonia,0,False
2025-06-18 06:23:21.602002019+00:00,12,5,0,0,21.006218418573855,1.6134426002260505,0.0,zonia,0,False
2025-06-18 06:49:44.123820019+00:00,12,5,0,0,22.33581607919674,1.593883195296806,0.0,zonia,0,False
2025-06-18 06:52:13.534251019+00:00,12,5,0,0,22.651004191901045,1.5913067087795885,0.0,zonia,0,False
2025-06-18 07:00:42.959469019+00:00,12,5,0,0,22.783002763994805,1.5923873711178176,0.0,zonia,0,False
2025-06-18 07:02:36.837784019+00:00,12,5,0,0,22.686485107144634,1.5786752111586497,0.0,zonia,0,False
2025-06-18 07:10:07.452219019+00:00,12,5,0,0,22.863313143851208,1.5795745938417396,0.0,zonia,0,False
2025-06-18 07:24:46.861211019+00:00,12,5,0,0,23.164204998110733,1.5809353896613947,0.0,zonia,0,False
2025-06-18 08:05:01.594599019+00:00,12,5,0,0,24.711884137174707,1.5750675616196173,0.0,zonia,0,False
2025-06-18 08:15:55.768099019+00:00,12,5,0,0,24.579928992640166,1.5722079381973129,0.0,zonia,0,False
2025-06-18 08:33:15.803592019+00:00,12,5,0,0,25.223250854463053,1.5707045155961683,0.0,zonia,0,False
2025-06-18 08:48:22.930690019+00:00,12,5,0,0,26.044907749481027,1.5845306877979362,0.0,zonia,0,False
2025-06-18 08:55:55.585677019+00:00,12,5,0,0,26.22483128657626,1.5900115771524839,0.0,zonia,0,False
2025-06-18 09:35:17.481726019+00:00,12,5,0,0,27.178061403429364,1.5950129059751184,0.0,zonia,0,False
2025-06-18 09:49:12.561372019+00:00,12,5,0,0,27.457861158139885,1.6168136328070777,0.0,zonia,0,False
2025-06-18 10:05:20.719186019+00:00,12,5,0,0,27.868527988876775,1.6096056817952997,0.0,zonia,0,False
2025-06-18 10:05:41.329362019+00:00,12,5,0,0,27.622819231274047,1.634395361581715,0.0,zonia,0,False
2025-06-18 10:07:01.898825019+00:00,12,5,0,0,28.041767876337545,1.6571086330564901,0.0,zonia,0,False
2025-06-18 10:14:41.347521019+00:00,12,5,0,0,27.94574651479746,1.6597988531917143,0.0,zonia,0,False
2025-06-18 10:44:31.918778019+00:00,12,5,0,0,28.339045129379876,1.657035474366331,0.0,zonia,0,False
2025-06-18 10:46:04.597112019+00:00,12,5,0,0,28.523133728082648,1.6688709220522813,0.0,zonia,0,False
2025-06-18 11:18:01.462810019+00:00,12,5,0,0,29.007643895009277,1.6672017147774134,0.0,zonia,0,False
2025-06-18 11:26:57.328950019+00:00,12,5,0,0,28.873086913330745,1.6725527071610082,0.0,zonia,0,False
2025-06-18 11:31:35.035002019+00:00,12,5,0,0,28.93665292234689,1.6736693784320382,0.0,zonia,0,False
2025-06-18 11:39:58.654938019+00:00,12,5,0,0,29.02337188633309,1.6787798853453393,0.0,zonia,0,False
2025-06-18 12:01:34.611717019+00:00,12,5,0,0,29.14169248624335,1.685623549595155,0.0,zonia,0,False
2025-06-18 12:13:16.064287019+00:00,12,5,0,0,29.697430305315397,1.6892674769780327,0.0,zonia,0,False
2025-06-18 12:30:12.180130019+00:00,12,5,0,0,29.6785760739416,1.68708023099915,0.0,zonia,0,False
2025-06-18 12:54:22.521898019+00:00,12,5,0,0,29.842180102630223,1.6866606873870604,0.0,zonia,0,False
2025-06-18 13:28:18.011014019+00:00,12,5,0,0,30.196986354292203,1.6738303714813425,0.0,zonia,0,False
2025-06-18 13:52:03.649152019+00:00,12,5,0,0,30.943335933988507,1.6684050455075454,0.0,zonia,0,False
2025-06-18 14:08:58.102568019+00:00,12,5,0,0,30.748826984360022,1.655313621184574,0.0,zonia,0,False
2025-06-18 14:15:13.843565019+00:00,12,5,0,0,30.54776048731245,1.6598368556198575,0.0,zonia,0,False
2025-06-18 14:17:23.975352019+00:00,12,5,0,0,30.801799461553912,1.6557468184844784,0.0,zonia,0,False
2025-06-18 14:18:38.918474019+00:00,12,5,0,0,30.563130376120572,1.5695573446350888,0.0,zonia,0,False
2025-06-18 14:53:19.126610019+00:00,12,5,0,0,31.074752919673774,1.5235147179769712,0.0,zonia,0,False
2025-06-18 14:55:34.234078019+00:00,12,5,0,0,30.764855781480996,1.5270723596731048,0.0,zonia,0,False
2025-06-18 14:59:02.705298019+00:00,12,5,0,0,30.59706769827754,1.5234145987012944,0.0,zonia,0,False
2025-06-18 15:02:20.144790019+00:00,12,5,0,0,30.98565478118232,1.5246521292052095,0.0,zonia,0,False
2025-06-18 15:06:04.846149019+00:00,12,5,0,0,31.225264044982882,1.5266897940417679,0.0,zonia,0,False
2025-06-18 15:11:26.077015019+00:00,12,5,0,0,31.057158882397268,1.5310989767401517,0.0,zonia,0,False
2025-06-18 15:24:15.762182019+00:00,12,5,0,0,31.01807091668907,1.519105642649665,0.0,zonia,0,False
2025-06-18 15:28:50.251826019+00:00,12,5,0,0,31.147709024644872,1.5183765450542939,0.0,zonia,0,False
2025-06-18 15:30:49.280027019+00:00,12,5,0,0,31.274337132000156,1.5153828464709567,0.0,zonia,0,False
2025-06-18 15:38:22.263638019+00:00,12,5,0,0,30.978112770380548,1.513756719305136,0.0,zonia,0,False
2025-06-18 15:47:55.900803019+00:00,12,5,0,0,30.229414469140938,1.5033801875451034,0.0,zonia,0,False
2025-06-18 16:01:18.021145019+00:00,12,5,0,0,30.22688672949665,1.5152371608594482,0.0,zonia,0,False
2025-06-18 16:38:21.380138019+00:00,12,5,0,0,30.215607226350986,1.4916993960974245,0.0,zonia,0,False
2025-06-18 16:40:55.703532019+00:00,12,5,0,0,29.46070558532778,1.4834143984690944,0.0,zonia,0,False
2025-06-18 16:52:59.133265019+00:00,12,5,0,0,29.58745362628357,1.5385946029094535,0.0,zonia,0,False
2025-06-18 17:29:38.120743019+00:00,12,5,0,0,29.04534641896931,1.5342694738019342,0.0,zonia,0,False
2025-06-18 17:37:09.389223019+00:00,12,5,0,0,28.84986517360241,1.5435147996130536,0.0,zonia,0,False
2025-06-18 17:52:16.033261019+00:00,12,5,0,0,29.275135241713546,1.5763031875980091,0.0,zonia,0,False
2025-06-18 17:58:47.947584019+00:00,12,5,0,0,28.832166892730495,1.6006376852216415,0.0,zonia,0,False
2025-06-18 18:21:18.998188019+00:00,12,5,0,0,27.921705290188886,1.6159316625370195,0.0,zonia,0,False
2025-06-18 18:22:23.390709019+00:00,12,5,0,0,28.010614434756764,1.6290213918369987,0.0,zonia,0,False
2025-06-18 18:45:40.619412019+00:00,12,5,0,0,25.830518962335866,1.6356893862833073,0.0,zonia,0,False
2025-06-18 18:46:44.216207019+00:00,12,5,0,0,25.89655100026034,1.6497264674349463,0.0,zonia,0,False
2025-06-18 18:56:13.675346019+00:00,12,5,0,0,25.096495887657767,1.6649477438550826,0.0,zonia,0,False
2025-06-18 19:01:10.311216019+00:00,12,5,0,0,24.646369043142176,1.6580196601909514,0.0,zonia,0,False
2025-06-18 19:02:49.969896019+00:00,12,5,0,0,25.25566985109672,1.6677194189819975,0.0,zonia,0,False
2025-06-18 19:12:40.526591019+00:00,12,5,0,0,24.294467812019775,1.6710590841654391,0.0,zonia,0,False
2025-06-18 20:05:23.098003019+00:00,12,5,0,0,22.133277920929917,1.6670563077910585,0.0,zonia,0,False
2025-06-18 20:07:42.572432019+00:00,12,5,0,0,22.293260220127447,1.6665151701964913,0.0,zonia,0,False
2025-06-18 20:09:55.514718019+00:00,12,5,0,0,22.27641363296479,1.6670837493081136,0.0,zonia,0,False
2025-06-18 20:17:16.738823019+00:00,12,5,0,0,22.140340140432556,1.6680819840865226,0.0,zonia,0,False
2025-06-18 21:02:41.940269019+00:00,12,5,0,0,20.39932143106403,1.6559429377058081,0.0,zonia,0,False
2025-06-18 21:39:32.275140019+00:00,12,5,0,0,20.09734136084515,1.6646628590742165,0.0,zonia,0,False
2025-06-18 21:42:01.883632019+00:00,12,5,0,0,19.62228317145408,1.6643600048930285,0.0,zonia,0,False
2025-06-18 21:45:36.816959019+00:00,12,5,0,0,20.271031160754028,1.6572022122621757,0.0,zonia,0,False
2025-06-18 21:47:16.843565019+00:00,12,5,0,0,19.9316096602786,1.6539982635416,0.0,zonia,0,False
2025-06-18 22:01:08.552537019+00:00,12,5,0,0,19.416461963001975,1.6523428022588802,0.0,zonia,0,False
2025-06-18 22:21:39.641551019+00:00,12,5,0,0,18.85186779720736,1.656279084777538,0.0,zonia,0,False
2025-06-18 22:46:05.468129019+00:00,12,5,0,0,18.638084482969205,1.6627612523168878,0.0,zonia,0,False
2025-06-18 22:46:52.794671019+00:00,12,5,0,0,18.901562725750363,1.6638845708677905,0.0,zonia,0,False
2025-06-18 22:52:15.926645019+00:00,12,5,0,0,18.59770880494348,1.6649934982478207,0.0,zonia,0,False
2025-06-18 22:59:10.705112019+00:00,12,5,0,0,18.907324018506692,1.6678876737653634,0.0,zonia,0,False
2025-06-18 23:13:43.702274019+00:00,12,5,0,0,18.59508592521419,1.67326958471214,0.0,zonia,0,False
2025-06-18 23:14:44.044256019+00:00,12,5,0,0,18.80134588156226,1.6759405149672073,0.0,zonia,0,False
2025-06-18 23:19:20.172507019+00:00,12,5,0,0,18.60910085838429,1.679721373147238,0.0,zonia,0,False
2025-06-18 23:20:44.341344019+00:00,12,5,0,0,18.773263375151917,1.6810973057326548,0.0,zonia,0,False
2025-06-18 23:33:27.411019019+00:00,12,5,0,0,18.56740683328046,1.6811491494655724,0.0,zonia,0,False
2025-06-18 23:34:28.451363019+00:00,12,5,0,0,18.317582855065435,1.6811070597421736,0.0,zonia,0,False
2025-06-18 23:52:10.069513019+00:00,12,5,0,0,18.10315233620832,1.682356093747997,0.0,zonia,0,False
2025-06-19 00:08:12.344539019+00:00,12,5,0,0,18.19275138747988,1.6819352486120303,0.0,zonia,0,False
2025-06-19 00:18:51.206762019+00:00,12,5,0,0,18.084772161423302,1.6808042821203235,0.0,zonia,0,False
2025-06-19 00:20:59.355859019+00:00,12,5,0,0,17.96135917541022,1.6884227819288777,0.0,zonia,0,False
2025-06-19 00:25:16.384440019+00:00,12,5,0,0,18.228171076155732,1.6921347991602151,0.0,zonia,0,False
2025-06-19 00:41:16.400855019+00:00,12,5,0,0,17.846168949370156,1.6955698016247311,0.0,zonia,0,False
2025-06-19 00:41:24.409610019+00:00,12,5,0,0,17.68027618751689,1.698029355794604,0.0,zonia,0,False
2025-06-19 00:47:30.600746019+00:00,12,5,0,0,17.646585547108405,1.6978174738146048,0.0,zonia,0,False
2025-06-19 00:48:05.720474019+00:00,12,5,0,0,17.73991154750049,1.6995847196803382,0.0,zonia,0,False
2025-06-19 01:13:12.151572019+00:00,12,5,0,0,17.322322677917256,1.7002977946124207,0.0,zonia,0,False
2025-06-19 01:19:05.761753019+00:00,12,5,0,0,17.242909125743246,1.7004933243859957,0.0,zonia,0,False
2025-06-19 01:38:25.103994019+00:00,12,5,0,0,17.33748190204069,1.695331393595912,0.0,zonia,0,False
2025-06-19 01:39:41.179798019+00:00,12,5,0,0,17.327578274675265,1.689073166001253,0.0,zonia,0,False
2025-06-19 01:51:05.075127019+00:00,12,5,0,0,16.96035801211653,1.689133936335654,0.0,zonia,0,False
2025-06-19 02:00:23.930510019+00:00,12,5,0,0,17.002029702214116,1.6889103735426285,0.0,zonia,0,False
2025-06-19 02:03:42.476337019+00:00,12,5,0,0,16.929450853759256,1.6891869036889144,0.0,zonia,0,False
2025-06-19 02:14:36.540662019+00:00,12,5,0,0,16.99694468208919,1.688355180482805,0.0,zonia,0,False
2025-06-19 02:35:28.490914019+00:00,12,5,0,0,17.134294512797148,1.691735027488848,0.0,zonia,0,False
2025-06-19 03:33:19.040631019+00:00,12,5,0,0,16.445862912107422,1.6897476236496172,0.0,zonia,0,False
2025-06-19 04:23:59.868765019+00:00,12,5,0,0,17.448360975203528,1.6927121867926676,0.0,zonia,0,False
2025-06-19 04:37:33.426702019+00:00,12,5,0,0,18.707121002484776,1.6925192891152048,0.0,zonia,0,False
2025-06-19 05:10:06.501858019+00:00,12,5,0,0,20.4771672171708,1.6819858672636971,0.0,zonia,0,False
2025-06-19 05:19:32.798538019+00:00,12,5,0,0,20.825418479974086,1.644045505171816,0.0,zonia,0,False
2025-06-19 05:27:16.717328019+00:00,12,5,0,0,21.099184883534598,1.6489185972378526,0.0,zonia,0,False
2025-06-19 05:40:14.676888019+00:00,12,5,0,0,21.920933286345708,1.6193230321399033,0.0,zonia,0,False
2025-06-19 05:52:31.043564019+00:00,12,5,0,0,22.672078968481628,1.621702735573109,0.0,zonia,0,False
2025-06-19 06:27:13.084229019+00:00,12,5,0,0,24.581999927254717,1.63301705296087,0.0,zonia,0,False
2025-06-19 06:27:35.836667019+00:00,12,5,0,0,24.66298650452987,1.6377758849254644,0.0,zonia,0,False
2025-06-19 06:32:40.980487019+00:00,12,5,0,0,24.4911332596853,1.6408866106528908,0.0,zonia,0,False
2025-06-19 06:32:50.769894019+00:00,12,5,0,0,24.709729265504034,1.6388337391815484,0.0,zonia,0,False
2025-06-19 06:36:34.019819019+00:00,12,5,0,0,25.37454850928499,1.6408967085114146,0.0,zonia,0,False
2025-06-19 07:13:41.965230019+00:00,12,5,0,0,26.526124027188015,1.6116227453987804,0.0,zonia,0,False
2025-06-19 07:25:06.215838019+00:00,12,5,0,0,27.05128709774761,1.603489479081787,0.0,zonia,0,False
2025-06-19 07:29:22.378783019+00:00,12,5,0,0,26.81724253284455,1.6069744040970646,0.0,zonia,0,False
2025-06-19 08:08:22.305144019+00:00,12,5,0,0,28.761263149747855,1.606307981611107,0.0,zonia,0,False
2025-06-19 08:25:19.438053019+00:00,12,5,0,0,29.173491408819896,1.6057914645416922,0.0,zonia,0,False
2025-06-19 08:30:28.871875019+00:00,12,5,0,0,29.44753613245973,1.6236265051232792,0.0,zonia,0,False
2025-06-19 08:50:53.892993019+00:00,12,5,0,0,29.751091945545117,1.6246737909085556,0.0,zonia,0,False
